# https://github.com/mikedh/trimesh
v -0.03935705 0.00143114 -0.01095540
v -0.03935705 -0.00049187 -0.01173972
v -0.03935705 0.00292521 -0.01193312
v -0.06474526 0.00445382 -0.01302901
v -0.06220212 0.00339156 -0.01233065
v -0.06220212 0.00227173 -0.01233065
v -0.04443469 -0.00031051 -0.01221246
v -0.04189155 -0.00043142 -0.01200833
v -0.04443469 -0.00089201 -0.01396374
v -0.04189155 -0.00101868 -0.01396374
v -0.03935705 -0.00103307 -0.01397449
v -0.06474526 0.00791408 -0.01746631
v -0.06474526 0.00731242 -0.01619851
v -0.06727976 0.00741030 -0.01599437
v -0.06474526 0.00604289 -0.01430756
v -0.06727976 0.00614077 -0.01429681
v -0.03935705 0.00582699 -0.02158129
v -0.05966762 0.00943694 -0.02412763
v -0.07490055 0.01067768 -0.02186063
v -0.06714135 0.00383489 -0.01310422
v -0.06474526 0.00318429 -0.01252404
v -0.06982291 0.00612350 -0.01449020
v -0.07235740 0.00606592 -0.01473732
v -0.06474526 0.00248764 -0.01252404
v -0.04696919 -0.00012915 -0.01238437
v -0.04896738 0.00003782 -0.01255627
v -0.04696919 -0.00059838 -0.01396374
v -0.06982291 0.00153189 -0.01651009
v -0.06727976 0.00123826 -0.01651009
v -0.06982291 0.00115478 -0.01904569
v -0.06727976 0.00089281 -0.01904569
v -0.06727976 0.00084963 -0.02158129
v -0.05458998 0.00040630 -0.03681637
v -0.04428764 0.00023070 -0.05458706
v -0.04296417 0.00017600 -0.05543584
v -0.04126008 0.00012706 -0.05713340
v -0.03935705 0.00002055 -0.05713340
v -0.07490055 0.01021996 -0.02059283
v -0.07235740 0.00930452 -0.01904569
v -0.07490055 0.00950891 -0.01904569
v -0.07235740 0.00733545 -0.01571503
v -0.07235740 0.00826817 -0.01698283
v -0.08251269 0.01641215 -0.03935197
v -0.03935705 0.00635380 -0.02412763
v -0.11804754 0.02642157 -0.05966901
v -0.07853362 0.01287993 -0.02784508
v -0.07759075 0.01249705 -0.02686737
v -0.07490055 0.01138298 -0.02412763
v -0.07743505 0.01163918 -0.02412763
v -0.06619849 0.00289930 -0.01266371
v -0.07490055 0.00567729 -0.01501666
v -0.07490055 0.00694682 -0.01575800
v -0.06619849 0.00265173 -0.01266371
v -0.07235740 0.00241279 -0.01485550
v -0.07235740 0.00188022 -0.01651009
v -0.07235740 0.00152614 -0.01904569
v -0.06982291 0.00115190 -0.02158129
v -0.04696919 0.00046388 -0.05458706
v -0.04696919 0.00034585 -0.05205146
v -0.04951234 0.00036600 -0.04696952
v -0.04443469 0.00036312 -0.05713340
v -0.04082758 0.00014721 -0.05847641
v -0.03935705 0.00010403 -0.05873427
v -0.07743505 0.01021996 -0.02053911
v -0.08251269 0.01262660 -0.02609380
v -0.07490055 0.00834014 -0.01702581
v -0.07925158 0.01787456 -0.04865634
v -0.03935705 0.01474536 -0.07489335
v -0.04468555 0.01750608 -0.08274726
v -0.04568897 0.01793501 -0.08375720
v -0.04634638 0.01779971 -0.08207039
v -0.04804181 0.01797531 -0.08108193
v -0.06982291 0.02476341 -0.09519964
v -0.11551305 0.02652520 -0.06220460
v -0.11804754 0.02690232 -0.06220460
v -0.12059068 0.02658566 -0.05966901
v -0.11804754 0.02585157 -0.05753094
v -0.12059068 0.02594945 -0.05734828
v -0.07624998 0.00531457 -0.01521006
v -0.07743505 0.00816453 -0.01733738
v -0.07894883 0.00792560 -0.01763821
v -0.07624998 0.00512745 -0.01521006
v -0.07485730 0.00415731 -0.01497369
v -0.07398363 0.00257400 -0.01508113
v -0.07485730 0.00235809 -0.01652083
v -0.07490055 0.00195219 -0.01904569
v -0.04696919 0.00062796 -0.05713340
v -0.07235740 0.00157795 -0.02158129
v -0.09520247 0.00931028 -0.08758209
v -0.09265932 0.00888422 -0.08758209
v -0.09012483 0.00866256 -0.09011769
v -0.03935705 0.00035736 -0.06001281
v -0.07997819 0.01005875 -0.02070027
v -0.07743505 0.00933043 -0.01904569
v -0.08504719 0.01260069 -0.02601859
v -0.08251269 0.01071511 -0.02227965
v -0.12059068 0.02545718 -0.05608049
v -0.03935705 0.01475687 -0.07497930
v -0.04189155 0.01659927 -0.08251089
v -0.04420979 0.01766153 -0.08504649
v -0.04710759 0.01807031 -0.08274726
v -0.04547271 0.01799546 -0.08504649
v -0.07235740 0.02685626 -0.10788838
v -0.07490055 0.02721322 -0.10535278
v -0.07108583 0.02554930 -0.09900303
v -0.07490055 0.02684474 -0.10281718
v -0.07743505 0.02727943 -0.10281718
v -0.11804754 0.02724201 -0.06474020
v -0.12059068 0.02698868 -0.06220460
v -0.07743505 0.02765655 -0.10535278
v -0.12312518 0.02634672 -0.05966901
v -0.12312518 0.02582854 -0.05771358
v -0.12312518 0.02676126 -0.06220460
v -0.07931213 0.00651213 -0.01730515
v -0.08436382 0.01055390 -0.02259123
v -0.09143965 0.01287705 -0.02790954
v -0.08919061 0.01064602 -0.02515906
v -0.07567907 0.00343475 -0.01569354
v -0.07927753 0.00473306 -0.01729441
v -0.07650948 0.00254809 -0.01738036
v -0.07702849 0.00243582 -0.01904569
v -0.07710634 0.00248188 -0.02158129
v -0.07490055 0.00203280 -0.02158129
v -0.09917289 0.01026314 -0.08663661
v -0.09785807 0.00997815 -0.08751763
v -0.09708821 0.01006451 -0.08940858
v -0.09265932 0.00920952 -0.09011769
v -0.09012483 0.00630486 -0.04189832
v -0.09034973 0.00955497 -0.09290040
v -0.08758169 0.00906846 -0.09266403
v -0.03935705 0.00084099 -0.06221535
v -0.08758169 0.01310159 -0.02741531
v -0.09012483 0.01298356 -0.02771615
v -0.12312518 0.02514916 -0.05644579
v -0.12059068 0.02455901 -0.05458706
v -0.11193188 0.02054316 -0.04558353
v -0.03935705 0.01504187 -0.07739672
v -0.04189155 0.01689578 -0.08504649
v -0.04397623 0.01768456 -0.08758209
v -0.05245339 0.02079361 -0.09773523
v -0.06982291 0.02640141 -0.11043472
v -0.07235740 0.02705201 -0.11043472
v -0.07490055 0.02744640 -0.10788838
v -0.07753020 0.02791276 -0.10782391
v -0.12059068 0.02729383 -0.06474020
v -0.07922563 0.02805957 -0.10694289
v -0.11804754 0.02750110 -0.06727580
v -0.12059068 0.02756155 -0.06727580
v -0.12312518 0.02708368 -0.06474020
v -0.07843846 0.02813730 -0.10862972
v -0.12498497 0.02581703 -0.05966901
v -0.12456111 0.02564430 -0.05820781
v -0.12578078 0.02601854 -0.06219386
v -0.12566833 0.02638126 -0.06474020
v -0.08058370 0.00651213 -0.01826137
v -0.09924209 0.01312174 -0.03285181
v -0.10067802 0.01159025 -0.03367911
v -0.10163819 0.01544489 -0.03549486
v -0.12214772 0.02322040 -0.05310438
v -0.11702682 0.02068710 -0.04804392
v -0.08176013 0.00486261 -0.01977628
v -0.09931129 0.01018254 -0.03286256
v -0.10178524 0.01014223 -0.03518328
v -0.07830006 0.00296263 -0.01904569
v -0.10212260 0.00998678 -0.03681637
v -0.10028011 0.00923543 -0.03681637
v -0.10028011 0.00901664 -0.03935197
v -0.07837791 0.00277839 -0.02158129
v -0.11551305 0.01429339 -0.07489335
v -0.11551305 0.01439415 -0.07742895
v -0.11551305 0.01460718 -0.07996454
v -0.11726903 0.01517141 -0.07996454
v -0.11698357 0.01530095 -0.08158690
v -0.09265932 0.00695834 -0.04189832
v -0.09773697 0.00829408 -0.04189832
v -0.10028011 0.00897058 -0.04189832
v -0.09878363 0.01042435 -0.08832343
v -0.10166413 0.01279932 -0.09150367
v -0.09602424 0.01047617 -0.09109540
v -0.09432880 0.01018254 -0.09165409
v -0.09265932 0.00990330 -0.09220204
v -0.09518517 0.00984572 -0.09020364
v -0.08149197 0.01529520 -0.11194963
v -0.07997819 0.01513399 -0.11239014
v -0.07748694 0.01494687 -0.11312073
v -0.07490055 0.01456112 -0.11297032
v -0.07490055 0.01369173 -0.11043472
v -0.07105123 0.01286265 -0.10914543
v -0.06935580 0.01276190 -0.10934957
v -0.07004781 0.01245963 -0.10813550
v -0.06727976 0.01156434 -0.10535278
v -0.03935705 0.00475609 -0.07997529
v -0.03935705 0.00418322 -0.07742895
v -0.12059068 0.02338161 -0.05272834
v -0.03935705 0.01560898 -0.08251089
v -0.03973766 0.01576155 -0.08251089
v -0.03935705 0.01577883 -0.08458450
v -0.03955600 0.01589686 -0.08504649
v -0.04189155 0.01688427 -0.08758209
v -0.05243609 0.02085694 -0.10028158
v -0.05458998 0.02154208 -0.10028158
v -0.06637149 0.02545143 -0.11043472
v -0.06764307 0.02580839 -0.11043472
v -0.06982291 0.02655975 -0.11297032
v -0.07235740 0.02716716 -0.11297032
v -0.07490055 0.02757882 -0.11043472
v -0.08003875 0.02817760 -0.10782391
v -0.11804754 0.02770261 -0.06981141
v -0.12059068 0.02777170 -0.06981141
v -0.12312518 0.02733701 -0.06727580
v -0.07803191 0.02820927 -0.11550592
v -0.07997819 0.02837624 -0.11550592
v -0.07997819 0.02825245 -0.11043472
v -0.12707831 0.02565870 -0.06303190
v -0.12708695 0.02322615 -0.05817558
v -0.12548667 0.02414735 -0.05734828
v -0.12472546 0.02337585 -0.05548956
v -0.12304733 0.02383357 -0.05461929
v -0.12670635 0.02539673 -0.06134508
v -0.12625654 0.02496204 -0.05966901
v -0.12710425 0.02569324 -0.06474020
v -0.12312518 0.02747519 -0.06981141
v -0.12312518 0.02742049 -0.07234700
v -0.12583268 0.02624884 -0.06720060
v -0.10471764 0.01582489 -0.03767590
v -0.10205340 0.01412642 -0.03518328
v -0.10332497 0.01412642 -0.03609652
v -0.10216585 0.01159025 -0.03494690
v -0.12490711 0.02174072 -0.05532840
v -0.12350579 0.02174072 -0.05406060
v -0.11963917 0.02105270 -0.05043985
v -0.11702682 0.02010271 -0.04804392
v -0.12475141 0.01995589 -0.05552179
v -0.12388640 0.01826319 -0.05642430
v -0.12454381 0.01784001 -0.05812186
v -0.10243400 0.00986875 -0.03935197
v -0.12312518 0.01695911 -0.05966901
v -0.12081559 0.01577307 -0.06220460
v -0.11955267 0.01531823 -0.06220460
v -0.11961322 0.01528080 -0.06474020
v -0.11804754 0.01484035 -0.06981141
v -0.11827244 0.01501308 -0.07248667
v -0.11757178 0.01505914 -0.07742895
v -0.11942291 0.01533550 -0.07172385
v -0.11854060 0.01580761 -0.07996454
v -0.11926722 0.01541610 -0.07342141
v -0.11884336 0.01563201 -0.07742895
v -0.11791778 0.01618185 -0.08245717
v -0.11605800 0.01557731 -0.08327372
v -0.11958727 0.01527505 -0.06727580
v -0.11951807 0.01528944 -0.06981141
v -0.10613627 0.01559459 -0.09331943
v -0.10444949 0.01524626 -0.09421118
v -0.10028011 0.01253160 -0.09201939
v -0.08240889 0.01612428 -0.11287362
v -0.07997819 0.01566368 -0.11365794
v -0.07836061 0.01547368 -0.11405548
v -0.07666518 0.01529232 -0.11439928
v -0.07235740 0.01343265 -0.11043472
v -0.07490055 0.01522899 -0.11448524
v -0.06775552 0.01276190 -0.10934957
v -0.06705486 0.01237039 -0.10813550
v -0.06474526 0.01152979 -0.10535278
v -0.03935705 0.00515048 -0.08155467
v -0.03935705 0.01580186 -0.08504649
v -0.03935705 0.01571837 -0.08692670
v -0.03973766 0.01586519 -0.08758209
v -0.04189155 0.01668851 -0.09011769
v -0.05116452 0.02023225 -0.10028158
v -0.06028178 0.02335282 -0.11043472
v -0.06618984 0.02546294 -0.11550592
v -0.06745276 0.02590915 -0.11550592
v -0.06620714 0.02548885 -0.11297032
v -0.06747872 0.02588900 -0.11297032
v -0.06982291 0.02660868 -0.11550592
v -0.07235740 0.02720171 -0.11550592
v -0.07490055 0.02767094 -0.11550592
v -0.08251269 0.02831290 -0.11043472
v -0.11804754 0.02780337 -0.07234700
v -0.12059068 0.02784079 -0.07234700
v -0.07812706 0.02818912 -0.11709605
v -0.07997819 0.02824669 -0.11716051
v -0.08256459 0.02828700 -0.11555964
v -0.08251269 0.02836472 -0.11297032
v -0.12751946 0.02444386 -0.06219386
v -0.12735511 0.02369251 -0.05966901
v -0.12764921 0.02427978 -0.06474020
v -0.12706965 0.02174072 -0.05819707
v -0.12617869 0.02174072 -0.05691852
v -0.12749351 0.02174072 -0.05966901
v -0.12538287 0.02639278 -0.06981141
v -0.12702640 0.02563567 -0.06630884
v -0.12518392 0.02631505 -0.07234700
v -0.12059068 0.02765367 -0.07489335
v -0.11804754 0.02744064 -0.07996454
v -0.12312518 0.02686777 -0.07489335
v -0.11963917 0.01999907 -0.05043985
v -0.12696585 0.02042225 -0.05834748
v -0.12548667 0.01934272 -0.05738052
v -0.12591053 0.01897136 -0.05966901
v -0.12464761 0.01778244 -0.05966901
v -0.12039174 0.01577019 -0.05965826
v -0.12312518 0.01693321 -0.06220460
v -0.12088479 0.01582489 -0.06474020
v -0.12303003 0.01718654 -0.06727580
v -0.12283973 0.01730169 -0.06981141
v -0.12081559 0.01701669 -0.07756862
v -0.12027928 0.01707426 -0.07996454
v -0.11972567 0.01750896 -0.08251089
v -0.11937101 0.01787168 -0.08384315
v -0.11194053 0.01778244 -0.09168632
v -0.10950118 0.01773638 -0.09417895
v -0.10531450 0.01615306 -0.09511368
v -0.08406107 0.01776516 -0.11451747
v -0.08251269 0.01738229 -0.11503318
v -0.08012524 0.01702245 -0.11572080
v -0.07938133 0.01774789 -0.11698861
v -0.07743505 0.01756077 -0.11720349
v -0.07490055 0.01618185 -0.11575303
v -0.07235740 0.01528656 -0.11439928
v -0.07235740 0.01450642 -0.11297032
v -0.07235740 0.01621352 -0.11566708
v -0.06606009 0.01286553 -0.10915618
v -0.06474526 0.01234736 -0.10759829
v -0.06990941 0.01477990 -0.11316371
v -0.06912225 0.01545353 -0.11414143
v -0.03935705 0.00628471 -0.08504649
v -0.03935705 0.00552760 -0.08283321
v -0.03935705 0.01565216 -0.08758209
v -0.04011826 0.01571549 -0.09011769
v -0.05285129 0.02072164 -0.10281718
v -0.06058454 0.02326070 -0.11217526
v -0.06782472 0.02578536 -0.11736465
v -0.07235740 0.02688217 -0.11805226
v -0.07490055 0.02744928 -0.11805226
v -0.11551305 0.02788685 -0.07996454
v -0.09272853 0.02819488 -0.10543873
v -0.07734854 0.02777170 -0.11798780
v -0.07743505 0.02645899 -0.11999695
v -0.08175148 0.02819775 -0.11696712
v -0.08455413 0.02819775 -0.11475384
v -0.09437205 0.02814882 -0.10464367
v -0.12772707 0.02174072 -0.06220460
v -0.12728591 0.02434023 -0.06720060
v -0.12712156 0.02353418 -0.06925271
v -0.12712156 0.02263889 -0.06925271
v -0.12731186 0.02225026 -0.06727580
v -0.12706965 0.02024089 -0.05966901
v -0.12618734 0.02427978 -0.07234700
v -0.12668904 0.02434023 -0.06998331
v -0.12474276 0.02591778 -0.07489335
v -0.11551305 0.02759610 -0.08251089
v -0.11827244 0.02651081 -0.08272577
v -0.11043540 0.02727368 -0.09011769
v -0.12303868 0.02602430 -0.07719258
v -0.12068583 0.02628051 -0.07997529
v -0.11989868 0.02594081 -0.08201667
v -0.12710425 0.02020634 -0.06220460
v -0.12584998 0.01893682 -0.06220460
v -0.12457840 0.01782562 -0.06220460
v -0.12336739 0.01723835 -0.06484764
v -0.12429295 0.01801562 -0.06727580
v -0.12437080 0.01794940 -0.06577164
v -0.12411130 0.01821137 -0.06981141
v -0.12201796 0.01778244 -0.07681653
v -0.12181035 0.01807895 -0.07851410
v -0.12453516 0.02274540 -0.07635454
v -0.11949211 0.01920166 -0.08404729
v -0.11182808 0.02022074 -0.09409300
v -0.11118796 0.01852803 -0.09337315
v -0.10694073 0.02021498 -0.09927164
v -0.10675908 0.01783138 -0.09659637
v -0.10771925 0.01736502 -0.09509219
v -0.08496933 0.01919590 -0.11549517
v -0.08251269 0.01834379 -0.11630098
v -0.08107676 0.01799834 -0.11670926
v -0.08012524 0.01898863 -0.11764399
v -0.07731394 0.01940605 -0.11856798
v -0.07490055 0.01903757 -0.11858946
v -0.07490055 0.01745138 -0.11732167
v -0.07235740 0.01748305 -0.11725721
v -0.07080903 0.01536429 -0.11428110
v -0.06727976 0.01568959 -0.11382984
v -0.06070564 0.01277629 -0.10673876
v -0.06220212 0.01258054 -0.10705033
v -0.04049022 0.00774424 -0.08891435
v -0.04189155 0.00762333 -0.08917222
v -0.04189155 0.00699864 -0.08758209
v -0.07025541 0.01766729 -0.11704233
v -0.03935705 0.00631925 -0.08513244
v -0.03935705 0.01544777 -0.08895733
v -0.04043832 0.01554277 -0.09165409
v -0.05018705 0.01853955 -0.10234444
v -0.05324055 0.01809046 -0.10670653
v -0.06292008 0.02346797 -0.11475384
v -0.04787746 0.01821713 -0.09950801
v -0.06549783 0.02377887 -0.11722498
v -0.06709810 0.02448705 -0.11790185
v -0.07058412 0.02575082 -0.11951346
v -0.06977100 0.02609339 -0.11814896
v -0.07235740 0.02605309 -0.11977131
v -0.07490055 0.02637263 -0.12001843
v -0.07490055 0.02427978 -0.12071679
v -0.07743505 0.02427978 -0.12053415
v -0.07997819 0.02599839 -0.11962090
v -0.07997819 0.02726792 -0.11842830
v -0.08344691 0.02798761 -0.11644065
v -0.08624956 0.02807973 -0.11407696
v -0.08235699 0.02677853 -0.11802003
v -0.09361084 0.02805382 -0.10634123
v -0.12740702 0.02160830 -0.06467574
v -0.12645549 0.02177238 -0.06998331
v -0.12664579 0.02098073 -0.06727580
v -0.12574618 0.02174072 -0.07234700
v -0.12700045 0.02037907 -0.06377324
v -0.12441405 0.02557521 -0.07619338
v -0.12524447 0.02427978 -0.07489335
v -0.10789226 0.02740034 -0.09266403
v -0.11052190 0.02636111 -0.09271775
v -0.11296989 0.02620854 -0.09007471
v -0.10535776 0.02675262 -0.09773523
v -0.10812581 0.02643596 -0.09542526
v -0.12213042 0.02577097 -0.07913725
v -0.11450962 0.02575370 -0.08920445
v -0.11926722 0.02537082 -0.08371423
v -0.12509742 0.01948090 -0.06981141
v -0.12474276 0.01992135 -0.07234700
v -0.12449191 0.02030134 -0.07384043
v -0.12485521 0.02183572 -0.07476442
v -0.12451786 0.02427978 -0.07633305
v -0.12060798 0.02174072 -0.08251089
v -0.11955267 0.02174072 -0.08413324
v -0.11868765 0.02174072 -0.08540104
v -0.11742472 0.02174072 -0.08717381
v -0.11646456 0.02174072 -0.08844161
v -0.11187998 0.02174072 -0.09416820
v -0.11085061 0.02174072 -0.09543600
v -0.10957904 0.02174072 -0.09697241
v -0.10846317 0.02174072 -0.09824020
v -0.10938873 0.02023225 -0.09674678
v -0.10720024 0.02174072 -0.09955098
v -0.08903491 0.02271661 -0.11437780
v -0.08595545 0.02174072 -0.11652661
v -0.08419082 0.02010559 -0.11699935
v -0.08687237 0.01997604 -0.11477533
v -0.08251269 0.01961332 -0.11732167
v -0.07807516 0.02071876 -0.11920188
v -0.07638838 0.02038771 -0.11936304
v -0.07490055 0.02030422 -0.11940602
v -0.07313591 0.02033301 -0.11939527
v -0.07231416 0.01937439 -0.11865393
v -0.06454631 0.01606382 -0.11295957
v -0.06016068 0.01509368 -0.10956445
v -0.06525563 0.01512535 -0.11210005
v -0.06727976 0.01695911 -0.11525881
v -0.06474526 0.01747729 -0.11468937
v -0.05958977 0.01409188 -0.10793135
v -0.05712448 0.01471945 -0.10751234
v -0.05901886 0.01309295 -0.10628751
v -0.04302472 0.01024011 -0.09402853
v -0.03935705 0.00751394 -0.08782921
v -0.03935705 0.00736424 -0.08757135
v -0.03935705 0.00730954 -0.08746391
v -0.03953005 0.00734985 -0.08762507
v -0.03935705 0.00884680 -0.08970942
v -0.06957205 0.01895409 -0.11776218
v -0.06856863 0.01794077 -0.11677372
v -0.03935705 0.01466187 -0.09070862
v -0.03999716 0.01412642 -0.09222353
v -0.04092273 0.01412642 -0.09349133
v -0.05324055 0.01767880 -0.10670653
v -0.05582695 0.01803289 -0.10918841
v -0.06130250 0.02174072 -0.11381910
v -0.06015203 0.02174072 -0.11255130
v -0.04218565 0.01412642 -0.09494177
v -0.06535942 0.02174072 -0.11725721
v -0.06882814 0.02427978 -0.11911592
v -0.06257407 0.02174072 -0.11503318
v -0.06408785 0.02174072 -0.11630098
v -0.07009971 0.02427978 -0.11968536
v -0.07235740 0.02427978 -0.12037299
v -0.07231416 0.02155936 -0.11984652
v -0.07490055 0.02174072 -0.12010439
v -0.07731394 0.02163420 -0.11978206
v -0.07938133 0.02241147 -0.11961015
v -0.08012524 0.02448129 -0.11972834
v -0.08127571 0.02556658 -0.11933081
v -0.08504719 0.02619702 -0.11726795
v -0.08738272 0.02639566 -0.11547369
v -0.08925116 0.02600703 -0.11460342
v -0.09521112 0.02782064 -0.10543873
v -0.09010753 0.02656263 -0.11295957
v -0.10235616 0.02607324 -0.10235519
v -0.12157680 0.02427978 -0.08081333
v -0.10974339 0.02593794 -0.09473764
v -0.10535776 0.02591778 -0.09961545
v -0.10723484 0.02588324 -0.09773523
v -0.10912923 0.02549461 -0.09642446
v -0.11944886 0.02367812 -0.08396134
v -0.12018413 0.02442659 -0.08272577
v -0.10950118 0.02380190 -0.09686497
v -0.11181077 0.02330676 -0.09408225
v -0.10696668 0.02427978 -0.09935759
v -0.10448409 0.02378751 -0.10182872
v -0.08928576 0.02427978 -0.11461417
v -0.08627551 0.02328373 -0.11675223
v -0.08469253 0.02174072 -0.11728944
v -0.08251269 0.02174072 -0.11825640
v -0.07144049 0.02059498 -0.11926635
v -0.05846525 0.01543050 -0.10912394
v -0.06727976 0.01831501 -0.11652661
v -0.06334394 0.01783425 -0.11432408
v -0.05531659 0.01510808 -0.10700736
v -0.04018746 0.01001557 -0.09172930
v -0.03935705 0.00903104 -0.08991355
v -0.06727976 0.01958453 -0.11736465
v -0.03935705 0.01417248 -0.09114912
v -0.03935705 0.01301811 -0.09167558
v -0.03935705 0.01159025 -0.09181525
v -0.05582695 0.01788031 -0.10918841
v -0.04338803 0.01412642 -0.09620957
v -0.03980686 0.01159025 -0.09227725
v -0.04115628 0.01159025 -0.09354505
v -0.06727976 0.02174072 -0.11832086
v -0.06288548 0.01920166 -0.11472161
v -0.06565353 0.02012862 -0.11696712
v -0.07027272 0.02228768 -0.11962090
v -0.08107676 0.02376736 -0.11924486
v -0.08227914 0.02448129 -0.11889030
v -0.08127571 0.02546006 -0.11933081
v -0.08640526 0.02566445 -0.11683818
v -0.10534046 0.02449280 -0.10078655
v -0.10404293 0.02548022 -0.10150640
v -0.10663798 0.02555794 -0.09901378
v -0.09981300 0.02602718 -0.10479408
v -0.10840261 0.02450144 -0.09772449
v -0.08640526 0.02497643 -0.11683818
v -0.08738272 0.02419054 -0.11604312
v -0.08527209 0.02419054 -0.11745060
v -0.06958071 0.02155936 -0.11912667
v -0.06040288 0.01748017 -0.11210005
v -0.05362981 0.01598610 -0.10641644
v -0.03935705 0.00907710 -0.08995653
v -0.04242785 0.01159025 -0.09460871
v -0.01719310 0.00629056 0.00163519
v -0.01839936 0.00470811 0.00060562
v -0.01719310 0.00446931 0.00112379
v -0.01719310 0.00651122 0.00161148
v -0.03935705 0.00142987 -0.01095675
v -0.01719310 0.00428643 0.00079866
v -0.03935054 -0.00048962 -0.01172554
v -0.03603332 0.00007867 -0.01006603
v -0.03427166 -0.00005585 -0.00987976
v -0.03173331 -0.00019187 -0.00959866
v -0.01719310 0.00821760 0.00044644
v -0.03630451 0.00303045 -0.00979510
v -0.03935054 0.00143289 -0.01095336
v -0.03935705 0.00292314 -0.01192536
v -0.03935705 -0.00049113 -0.01173232
v -0.01719310 0.00326472 -0.00186333
v -0.02919495 -0.00010723 -0.00953432
v -0.03427166 -0.00076318 -0.01142751
v -0.03173331 -0.00073598 -0.01142751
v -0.01719310 0.00976982 -0.00120968
v -0.01719310 0.00983481 -0.00128081
v -0.01719310 0.01066004 -0.00221216
v -0.01719310 0.01178604 -0.00353299
v -0.01719310 0.01289692 -0.00493511
v -0.01719310 0.01326722 -0.00570729
v -0.01719310 0.01370401 -0.00663187
v -0.03935705 0.00582807 -0.02157760
v -0.03935705 -0.00103221 -0.01397096
v -0.03935054 -0.00103373 -0.01396419
v -0.01719310 0.00265562 -0.00479964
v -0.01719310 -0.00014653 -0.01897658
v -0.03681218 -0.00098990 -0.01396419
v -0.01719310 -0.00090072 -0.02734524
v -0.01719310 -0.00074203 -0.02411766
v -0.01719310 -0.00054554 -0.02157760
v -0.01719310 -0.00026895 -0.01973182
v -0.01719310 0.01428591 -0.00888745
v -0.03935705 0.00635252 -0.02411766
v -0.03935705 -0.00054403 -0.03296386
v -0.03681218 -0.00068762 -0.03296386
v -0.03550179 -0.00076016 -0.03296386
v -0.03427166 -0.00082818 -0.03296386
v -0.03173331 -0.00099141 -0.03173446
v -0.03173331 -0.00105338 -0.02919440
v -0.02919495 -0.00108360 -0.03173446
v -0.02919495 -0.00110325 -0.02919440
v -0.02919495 -0.00109872 -0.02665434
v -0.01904154 -0.00095664 -0.03173446
v -0.01719310 -0.00088259 -0.02988530
v -0.01719310 0.01433427 -0.01151556
v -0.03935271 0.00698429 -0.03296386
v -0.03935705 0.00693593 -0.03173446
v -0.03935705 0.00680292 -0.02919440
v -0.03935705 0.00333878 -0.03296386
v -0.03296343 -0.00089619 -0.03296386
v -0.03173331 -0.00095967 -0.03296386
v -0.02919495 -0.00106698 -0.03296386
v -0.02665877 -0.00106547 -0.03296386
v -0.01904154 -0.00092642 -0.03296386
v -0.01775067 -0.00066797 -0.03296386
v -0.01719310 -0.00052136 -0.03296386
v -0.01719310 0.01393828 -0.01396419
v -0.02919495 0.00682106 -0.03296386
v -0.01719310 0.01319014 -0.01634846
v -0.01719310 0.01275334 -0.01756091
v -0.01719310 0.01274427 -0.01758462
v -0.01719310 0.00141778 -0.03296386
v -0.02665877 0.00657319 -0.03296386
v -0.01719310 0.01189637 -0.01887159
v -0.02121758 0.00479124 -0.03296386
v -0.02247808 0.00536255 -0.03296386
v -0.02407052 0.00591270 -0.03296386
v -0.01941687 0.00357456 -0.03296386
v -0.01719310 0.01062376 -0.02072075
v -0.02057540 0.00438014 -0.03296386
v -0.01719310 0.00141706 -0.03296386
v -0.01941687 0.00357602 -0.03296386
v -0.01719310 -0.00052055 -0.03296386
v -0.01719310 0.00083891 -0.03480759
v -0.01877252 0.00397246 -0.05966347
v -0.01977050 0.00631477 -0.06473375
v -0.02064700 0.00758174 -0.06473375
v -0.02057540 0.00438046 -0.03296386
v -0.01719310 -0.00040327 -0.03435818
v -0.01775067 -0.00066757 -0.03296386
v -0.01960128 -0.00028764 -0.05458744
v -0.01719310 -0.00035537 -0.03480759
v -0.01892873 0.00397246 -0.06220437
v -0.02002000 0.00608186 -0.06675034
v -0.02047343 0.00676077 -0.06746479
v -0.02213312 0.00847869 -0.06981555
v -0.02174912 0.00846878 -0.06727465
v -0.02121758 0.00479012 -0.03296386
v -0.01904154 -0.00092691 -0.03296386
v -0.01904154 -0.00089552 -0.03427752
v -0.02157989 -0.00080797 -0.05458744
v -0.02157989 -0.00059984 -0.05712833
v -0.01990068 -0.00010099 -0.05712833
v -0.01880723 0.00143358 -0.05712833
v -0.01857292 0.00143358 -0.05458744
v -0.01955789 0.00181846 -0.06220437
v -0.01941904 0.00397246 -0.06473375
v -0.02005471 0.00397246 -0.06664086
v -0.02130002 0.00651134 -0.06981555
v -0.02252147 0.00818136 -0.07177452
v -0.02543298 0.01029406 -0.07333018
v -0.02530715 0.01035188 -0.07163624
v -0.02432435 0.00985467 -0.06968880
v -0.02412042 0.00962011 -0.06727465
v -0.02247808 0.00536331 -0.03296386
v -0.02665877 -0.00106566 -0.03296386
v -0.02665877 -0.00107062 -0.03427752
v -0.02412042 -0.00103428 -0.04189446
v -0.02157989 -0.00098142 -0.03935356
v -0.02157989 -0.00095995 -0.04189446
v -0.02157989 -0.00086249 -0.05204653
v -0.02412042 -0.00080963 -0.05712833
v -0.02412042 -0.00068574 -0.05966347
v -0.02152132 -0.00019679 -0.05961738
v -0.02017837 0.00008237 -0.05873584
v -0.01995925 0.00230905 -0.06473375
v -0.02025865 0.00264603 -0.06611079
v -0.02076849 0.00397246 -0.06790844
v -0.02253883 0.00476865 -0.07151525
v -0.02236960 0.00651134 -0.07192432
v -0.02520952 0.00819127 -0.07642419
v -0.02779777 0.01042291 -0.07886138
v -0.02567380 0.00997526 -0.07489159
v -0.02744631 0.01059470 -0.07743249
v -0.03935705 0.01544947 -0.08896161
v -0.03935705 0.01565099 -0.08758457
v -0.03935705 0.01572037 -0.08693350
v -0.02530715 0.01035188 -0.07045509
v -0.03935705 0.01580461 -0.08504943
v -0.02542431 0.01030563 -0.06876116
v -0.02407052 0.00591338 -0.03296386
v -0.02919495 -0.00106566 -0.03296386
v -0.02665877 -0.00105575 -0.03681266
v -0.02665877 -0.00103263 -0.03935356
v -0.02412042 -0.00100289 -0.04442959
v -0.02919495 -0.00104749 -0.03427752
v -0.02665877 -0.00066592 -0.05966347
v -0.02665877 -0.00035867 -0.06220437
v -0.02401194 -0.00020010 -0.06235994
v -0.02232621 -0.00003161 -0.06161668
v -0.02063398 0.00030041 -0.06042978
v -0.02157989 0.00130473 -0.06473375
v -0.02166667 0.00222976 -0.06708452
v -0.02256920 0.00250893 -0.06892249
v -0.02344135 0.00307716 -0.07061642
v -0.02491447 0.00482316 -0.07413681
v -0.02752658 0.00736204 -0.07917251
v -0.02520952 0.00740829 -0.07642419
v -0.02318535 0.00651134 -0.07319765
v -0.02752875 0.00904857 -0.07917251
v -0.02854626 0.00904857 -0.08044585
v -0.03009531 0.01070372 -0.08173070
v -0.03522842 0.01313358 -0.08673760
v -0.03310445 0.01278009 -0.08340158
v -0.03935705 0.01466154 -0.09071316
v -0.02642663 0.01069381 -0.06968880
v -0.03935705 0.01577984 -0.08458849
v -0.02696901 0.01065086 -0.06727465
v -0.02665877 0.00657246 -0.03296386
v -0.02746150 0.01050550 -0.06473375
v -0.02919495 0.01127691 -0.06727465
v -0.03173331 -0.00095995 -0.03296386
v -0.03935705 0.00010384 -0.05873008
v -0.03935054 0.00010384 -0.05873584
v -0.03296343 -0.00089717 -0.03296386
v -0.03427166 -0.00082780 -0.03296386
v -0.03550179 -0.00076007 -0.03296386
v -0.03681218 -0.00068739 -0.03296386
v -0.03935705 -0.00054368 -0.03296386
v -0.03935705 -0.00051395 -0.03428328
v -0.03935054 -0.00039997 -0.03935356
v -0.03935705 -0.00034050 -0.04190022
v -0.03935705 -0.00028104 -0.04443536
v -0.03935054 0.00001795 -0.05712833
v -0.03173331 -0.00002996 -0.06176649
v -0.02926221 -0.00010925 -0.06238875
v -0.02846165 0.00011871 -0.06366208
v -0.03935705 0.00475543 -0.07997339
v -0.02665877 0.00004768 -0.06387526
v -0.02478429 0.00005429 -0.06381764
v -0.02309206 0.00021121 -0.06330486
v -0.02152132 0.00050028 -0.06235994
v -0.02422022 0.00227932 -0.06978674
v -0.02513576 0.00261134 -0.07126173
v -0.02412042 0.00131960 -0.06727465
v -0.03255556 0.00744463 -0.08418518
v -0.02996731 0.00737360 -0.08171918
v -0.03222579 0.00904857 -0.08458849
v -0.03095661 0.00904857 -0.08324026
v -0.02981544 0.00904857 -0.08196692
v -0.03479235 0.01158746 -0.08717549
v -0.03241454 0.01108695 -0.08445021
v -0.03755200 0.01342926 -0.08945711
v -0.03935705 0.01417424 -0.09115104
v -0.02919495 0.01155442 -0.06981555
v -0.03935705 0.01560970 -0.08250853
v -0.02919495 0.00682354 -0.03296386
v -0.03935054 0.01474413 -0.07489159
v -0.03935705 0.01504146 -0.07739792
v -0.03935705 0.00001960 -0.05712833
v -0.03935705 0.00035657 -0.06000917
v -0.03556037 0.00016166 -0.06094256
v -0.03427166 0.00009723 -0.06122489
v -0.03935705 0.00333815 -0.03296386
v -0.03935705 0.00418224 -0.07743825
v -0.03935705 0.00514857 -0.08156362
v -0.02919495 0.00172265 -0.06981555
v -0.02665877 0.00039622 -0.06514859
v -0.02665877 0.00100079 -0.06727465
v -0.02665877 0.00182176 -0.06981555
v -0.02401194 0.00047055 -0.06469342
v -0.02665877 0.00248745 -0.07158439
v -0.03381606 0.00536827 -0.08093559
v -0.03450597 0.00585226 -0.08226077
v -0.03681218 0.00753714 -0.08674336
v -0.03444739 0.00725963 -0.08503790
v -0.03540850 0.00771223 -0.08639766
v -0.03739579 0.00974070 -0.08939373
v -0.03365768 0.00904857 -0.08586183
v -0.03935705 0.01158746 -0.09182516
v -0.03717233 0.01158746 -0.08971063
v -0.03590098 0.01158746 -0.08844305
v -0.03935705 0.01301465 -0.09168112
v -0.03935271 0.00698542 -0.03296386
v -0.03935705 0.01003472 -0.04719520
v -0.03935705 0.01002481 -0.04714335
v -0.03935705 0.01475569 -0.07498378
v -0.03935705 0.01474413 -0.07489159
v -0.03935705 0.00703993 -0.03427752
v -0.03935705 0.00552684 -0.08283694
v -0.03173331 0.00276166 -0.07339355
v -0.02919495 0.00238834 -0.07201075
v -0.02919495 0.00285747 -0.07328408
v -0.03550829 0.00523612 -0.08125248
v -0.03935705 0.00730918 -0.08746357
v -0.03681218 0.00669965 -0.08504943
v -0.03935705 0.00736204 -0.08756728
v -0.03935705 0.00751071 -0.08782656
v -0.03879514 0.00804756 -0.08849491
v -0.03935705 0.00884540 -0.08971638
v -0.03935705 0.00907500 -0.08996414
v -0.03935054 0.00552519 -0.08283118
v -0.03935705 0.00628504 -0.08505519
v -0.03681218 0.00517996 -0.08143685
v -0.03935054 0.00628339 -0.08504943
v 0.02473983 0.00502324 0.02054375
v 0.02356463 0.00475035 0.01909708
v 0.10028084 0.00943508 0.07677313
v 0.10145370 0.00936263 0.07711484
v 0.10077439 0.00997595 0.07711484
v 0.10250979 0.00927501 0.07711484
v 0.02356463 0.00467000 0.01873453
v 0.02356463 0.00612847 0.01909708
v 0.02473983 0.00564484 0.02054375
v 0.07813341 0.01158855 0.06139964
v 0.07930413 0.02101595 0.06206636
v 0.07980910 0.01158846 0.06267165
v 0.08114912 0.01022533 0.06354066
v 0.09934416 0.01788007 0.07711484
v 0.08450310 0.02101595 0.06206636
v 0.06123609 0.02393900 0.04769816
v 0.03794145 0.02393900 0.02675619
v 0.06638895 0.02393900 0.04769816
v 0.10401698 0.01788007 0.07711484
v 0.10612120 0.01412600 0.07711484
v 0.10512879 0.01651273 0.07711484
v 0.10486344 0.01695756 0.07711484
v 0.10384980 0.01752455 0.07644173
v 0.10136348 0.01751697 0.07381408
v 0.10433805 0.01583201 0.07592621
v 0.10173496 0.01582443 0.07346501
v 0.10460339 0.01412600 0.07570086
v 0.05087106 0.02317644 0.03038477
v 0.05060719 0.02393900 0.03062477
v 0.10081420 0.01788007 0.07356369
v 0.10325807 0.01788007 0.07611621
v 0.06404081 0.02393900 0.04507911
v 0.04788844 0.02393900 0.02861092
v 0.04974443 0.02393900 0.02992827
v 0.02356463 0.01989002 0.01036097
v 0.04652166 0.02393900 0.02771355
v 0.03794145 0.02393900 0.02273109
v 0.02356463 0.01989002 0.01418783
v 0.02356463 0.01158791 0.00914898
v 0.02356463 0.01412585 0.00919452
v 0.02356463 0.01666530 0.00966916
v 0.05087106 0.02250783 0.03038477
v 0.10178273 0.01241745 0.07344586
v 0.10452379 0.01201475 0.07578481
v 0.10313336 0.01412600 0.07443123
v 0.10186233 0.01412600 0.07337074
v 0.10608935 0.01368875 0.07711484
v 0.10574175 0.01138963 0.07711484
v 0.10463258 0.00974006 0.07711484
v 0.10562499 0.01111751 0.07711484
v 0.10408596 0.01032221 0.07616629
v 0.02356463 0.00622399 0.01112109
v 0.02356463 0.00694413 0.01064820
v 0.02356463 0.00904998 0.00966215
v 0.02356463 0.00493076 0.01268686
v 0.02356463 0.00546746 0.01193550
v 0.03565861 0.00515514 0.02274354
v 0.03824386 0.00514594 0.02524580
v 0.03427371 0.00496260 0.02215681
v 0.04073432 0.00519014 0.02782833
v 0.02356463 0.00440165 0.01594802
v 0.02665815 0.00450019 0.01903928
v 0.04073432 0.00519014 0.02808658
v 0.04027180 0.00519014 0.02808658
v 0.09890899 0.00988581 0.07624435
v 0.02356463 0.00440316 0.01650322
v 0.02356463 0.00478522 0.01335416
v -0.01650127 -0.00091686 -0.02665636
v -0.01719178 -0.00089973 -0.02734664
v -0.01719178 -0.00088259 -0.02988245
v -0.01650127 -0.00085474 -0.02919217
v -0.01396281 -0.00074978 -0.02411576
v -0.01396281 -0.00074978 -0.02157516
v -0.01719178 -0.00074121 -0.02411576
v -0.01719178 -0.00040275 -0.03435007
v -0.01719178 -0.00035348 -0.03480547
v -0.01130266 -0.00037276 -0.02160871
v -0.01396281 -0.00030207 -0.01903935
v -0.01719178 -0.00014784 -0.01897703
v -0.01719178 -0.00026994 -0.01972963
v -0.01719178 -0.00054413 -0.02157516
v -0.01142435 -0.00032349 -0.01903935
v -0.00634744 0.00164085 -0.00635072
v -0.00986874 -0.00002359 -0.02078422
v -0.01719178 0.00083969 -0.03480547
v -0.00368066 0.00905049 -0.01447106
v -0.00368066 0.00407003 -0.01397732
v -0.00368066 0.00222136 -0.01362739
v -0.00368066 0.00216353 -0.01349796
v -0.00952878 -0.00004287 -0.01903935
v -0.00888589 0.00178009 -0.00635072
v -0.01719178 0.00265622 -0.00480239
v -0.00368066 0.00144805 -0.00875710
v -0.00368066 0.00171368 -0.00635072
v -0.00368066 0.00172867 -0.00622129
v -0.00380898 0.00170511 -0.00635072
v -0.00368066 0.00216567 -0.00370945
v -0.00368066 0.00486904 0.00907026
v -0.00634744 0.00218281 -0.00381012
v -0.00765040 0.00522250 0.01018237
v -0.00368066 0.00149732 -0.01141275
v -0.00368066 0.00147162 -0.01129291
v -0.01719178 0.01062282 -0.02072190
v -0.01547345 0.01287634 -0.01779302
v -0.01514408 0.01287634 -0.01779302
v -0.01142435 0.01575109 -0.01319117
v -0.00938459 0.01562684 -0.01297067
v -0.00380898 0.01819740 -0.00794699
v -0.00368066 0.01817813 -0.00792302
v -0.00380898 0.01718203 -0.00921729
v -0.00368066 0.01706636 -0.00930836
v -0.00380898 0.01591389 -0.01078000
v -0.00368066 0.01589247 -0.01075123
v -0.00368066 0.01414663 -0.01221807
v -0.00368066 0.01315696 -0.01296587
v -0.00368066 0.01173244 -0.01384789
v -0.00368066 0.01163176 -0.01389104
v -0.00368066 0.00927113 -0.01443750
v -0.00368066 0.00144377 -0.00888653
v -0.01719178 0.00326458 -0.00186392
v -0.00368066 0.00498686 0.00961193
v -0.00368066 0.00540672 0.01117944
v -0.00393597 0.00553096 0.01145746
v -0.00368066 0.00671128 0.01363375
v -0.00368066 0.00681624 0.01381591
v -0.00531565 0.00721040 0.01291471
v -0.01583458 0.00482620 0.00307827
v -0.01719178 0.00428638 0.00080131
v -0.01719178 0.01189739 -0.01887157
v -0.01716664 0.01274567 -0.01759648
v -0.01344560 0.01563755 -0.01308571
v -0.00634744 0.01840091 -0.00833527
v -0.00634744 0.01748836 -0.00960557
v -0.00380898 0.01912281 -0.00635072
v -0.00368066 0.01909496 -0.00635551
v -0.00368066 0.00565306 0.01170673
v -0.00368066 0.00902264 0.01416584
v -0.00531565 0.00827504 0.01291471
v -0.01575389 0.00651206 0.00302075
v -0.01719178 0.00628928 0.00163061
v -0.01719178 0.00447061 0.00112249
v -0.01719178 0.01274353 -0.01758210
v -0.01719178 0.01275424 -0.01755813
v -0.01513746 0.01531195 -0.01250089
v -0.01415991 0.01589247 -0.01156135
v -0.01032775 0.01800247 -0.00787508
v -0.00888589 0.01821668 -0.00823460
v -0.00634744 0.01923848 -0.00635072
v -0.00380898 0.02012747 -0.00421757
v -0.00368066 0.02012318 -0.00422237
v -0.00368066 0.00919615 0.01410352
v -0.00789776 0.00823862 0.01041725
v -0.01719178 0.00651206 0.00161143
v -0.01719178 0.01318909 -0.01634535
v -0.01719178 0.01393884 -0.01396294
v -0.01542054 0.01550260 -0.01080876
v -0.01054601 0.01813528 -0.00635072
v -0.00888589 0.01875222 -0.00635072
v -0.00513442 0.02049163 -0.00265486
v -0.00380898 0.02060731 -0.00294727
v -0.00368066 0.02061373 -0.00295207
v -0.00368066 0.01712634 0.00960235
v -0.00518205 0.01807316 0.00774243
v -0.00490426 0.00996947 0.01250726
v -0.01043357 0.00815722 0.00788624
v -0.01719178 0.00821934 0.00044659
v -0.01719178 0.01433514 -0.01151342
v -0.01543642 0.01552188 -0.00888653
v -0.01181458 0.01745623 -0.00635072
v -0.01049971 0.01813957 -0.00381012
v -0.00888589 0.01892359 -0.00381012
v -0.00516485 0.02051305 -0.00126952
v -0.00368066 0.02096718 0.00113207
v -0.00380898 0.02087721 -0.00126952
v -0.00368066 0.02090078 -0.00126952
v -0.00368066 0.01881434 0.00852858
v -0.00368066 0.01999680 0.00685082
v -0.01301965 0.01568254 -0.00197897
v -0.01252360 0.01513629 -0.00028683
v -0.01719178 0.01178600 -0.00353209
v -0.01719178 0.01065923 -0.00221385
v -0.01719178 0.00983665 -0.00127910
v -0.01719178 0.01428587 -0.00888653
v -0.01670631 0.01464146 -0.00888653
v -0.01531604 0.01545761 -0.00736696
v -0.01176828 0.01726129 -0.00381012
v -0.01026690 0.01800675 -0.00227617
v -0.00513707 0.02050663 0.00017335
v -0.00391877 0.02089221 0.00111769
v -0.00368066 0.02089649 0.00211955
v -0.00368066 0.02042737 0.00516827
v -0.00989387 0.01772828 -0.00058403
v -0.01342311 0.01599315 -0.00381012
v -0.01719178 0.01370321 -0.00663354
v -0.01719178 0.01326621 -0.00570838
v -0.01719178 0.01289776 -0.00493661
v -0.01503164 0.01520913 -0.00567482
v -0.00368066 0.02074226 0.00330357
v 0.06297600 0.01660368 0.07711849
v 0.06707384 0.01660368 0.07711849
v 0.06345207 0.01412586 0.07711849
v 0.06407828 0.01412586 0.07791807
v 0.06852401 0.01530138 0.08381452
v 0.06852401 0.01564537 0.08381452
v 0.06858626 0.01660368 0.08374880
v 0.06863021 0.01158838 0.07711849
v 0.09887877 0.01660368 0.10281095
v 0.06447012 0.01151380 0.07711849
v 0.07112041 0.01294382 0.08629358
v 0.06534901 0.01412586 0.07950992
v 0.07090801 0.01463671 0.08653820
v 0.07913298 0.01412586 0.09596522
v 0.07090801 0.01623546 0.08653820
v 0.07094829 0.01660368 0.08649074
v 0.06857162 0.01083888 0.07711849
v 0.10038387 0.01660368 0.10407787
v 0.06540394 0.00985819 0.07711849
v 0.06612170 0.01056201 0.07858621
v 0.07346412 0.01262127 0.08904283
v 0.07184549 0.01392450 0.08746557
v 0.07327736 0.01412586 0.08924729
v 0.07830170 0.01216822 0.09448290
v 0.08183191 0.01158838 0.09831651
v 0.08040005 0.01412586 0.09735262
v 0.08072598 0.01608630 0.09698387
v 0.08093838 0.01660368 0.09675385
v 0.06921248 0.00960836 0.07796918
v 0.06719103 0.00969133 0.07711849
v 0.10038387 0.01660368 0.11062056
v 0.10038387 0.00887005 0.11084692
v 0.09972104 0.00746241 0.11098566
v 0.09721620 0.00733190 0.10836420
v 0.08887404 0.00775140 0.09899195
v 0.08637286 0.00771597 0.09641430
v 0.08387168 0.00769546 0.09383666
v 0.06611438 0.00972209 0.07711849
v 0.07613376 0.00777377 0.08630819
v 0.07613376 0.00777377 0.08639216
v 0.07868255 0.00776351 0.09142697
v 0.08174036 0.00851208 0.09585570
v 0.08115810 0.01020404 0.09657860
v 0.08072598 0.01158838 0.09704959
v 0.08353477 0.01000828 0.09927673
v 0.08598102 0.00989082 0.10193835
v 0.08309898 0.01158838 0.09966739
v 0.08561481 0.01158838 0.10227060
v 0.08165980 0.01412586 0.09861954
v 0.08330406 0.01593528 0.09943372
v 0.08182093 0.01660368 0.09756073
v 0.07875213 0.00774860 0.08880550
v 0.07617770 0.00777377 0.08630819
v 0.06696764 0.00969506 0.07711849
v 0.10038387 0.01613105 0.11139092
v 0.10020443 0.01660368 0.11052198
v 0.10038387 0.00887005 0.11095280
v 0.09972104 0.00746241 0.11208462
v 0.09473333 0.00722936 0.10580116
v 0.09222116 0.00708113 0.10327463
v 0.08753373 0.00720885 0.10032458
v 0.08502889 0.00732817 0.09773233
v 0.08255334 0.00746707 0.09508897
v 0.08343223 0.00749224 0.09688164
v 0.08105190 0.00763114 0.09416525
v 0.08416831 0.00831538 0.09857208
v 0.08263756 0.00925971 0.09757534
v 0.08665118 0.00819792 0.10120083
v 0.09086254 0.00708113 0.10460362
v 0.08848220 0.00989828 0.10441742
v 0.08688555 0.01158838 0.10353751
v 0.08292320 0.01412586 0.09978788
v 0.08815262 0.01158838 0.10473505
v 0.08261925 0.01660368 0.09827999
v 0.08561115 0.01412586 0.10220852
v 0.08597004 0.01575537 0.10185437
v 0.10038387 0.01568359 0.11207732
v 0.10005429 0.01645453 0.11067167
v 0.08796585 0.01660368 0.10250061
v 0.10038387 0.00890454 0.11309597
v 0.10038387 0.00890827 0.11314708
v 0.10038387 0.00896700 0.11324931
v 0.09851989 0.00746241 0.11208462
v 0.09594913 0.00733190 0.10970779
v 0.08586017 0.00737851 0.09950675
v 0.08834304 0.00725732 0.10206979
v 0.09425726 0.00822496 0.10883154
v 0.09106395 0.00991413 0.10694394
v 0.09362372 0.00991692 0.10943761
v 0.08954054 0.01158838 0.10600562
v 0.08364830 0.01660368 0.09914529
v 0.09080761 0.01158838 0.10711189
v 0.09094676 0.01339967 0.10695855
v 0.08706865 0.01412586 0.10347544
v 0.08833572 0.01412586 0.10455981
v 0.08872390 0.01550647 0.10418374
v 0.08651934 0.01660368 0.10144910
v 0.08516072 0.01660368 0.10039030
v 0.09905455 0.01536384 0.11167571
v 0.10038387 0.01437383 0.11316169
v 0.08778641 0.01660368 0.10238013
v 0.10038387 0.01158838 0.11441399
v 0.09769959 0.00919632 0.11240227
v 0.09682436 0.00844776 0.11139823
v 0.09637759 0.01013972 0.11177794
v 0.09355048 0.01158838 0.10949603
v 0.09373359 0.01313306 0.10933538
v 0.09822327 0.01367187 0.11223797
v 0.10038387 0.01404103 0.11339536
v 0.10038387 0.01241991 0.11419128
v 0.09954160 0.01158838 0.11390650
v 0.09637759 0.01086312 0.11177794
v 0.09539982 0.01166109 0.11091629
v 0.09653140 0.01255508 0.11164285
v 0.09752382 0.01166109 0.11249719
v 0.02356323 0.01412695 0.03977254
v 0.02229650 0.01412695 0.03859855
v 0.00635628 0.00904969 0.02356695
v 0.00659042 0.00904969 0.02378316
v 0.00798012 0.00904969 0.02505415
v 0.01851316 0.01158832 0.03487854
v 0.01978326 0.01158832 0.03600606
v 0.02356323 0.01389482 0.03973011
v 0.02356323 0.01634271 0.03951996
v 0.02102640 0.01412695 0.03740030
v 0.00928896 0.01158832 0.02622006
v 0.00802055 0.01158832 0.02494705
v 0.00635628 0.01083496 0.02336084
v 0.00635628 0.00722221 0.02157661
v 0.00696438 0.00725175 0.02342146
v 0.01969398 0.01412695 0.03613134
v 0.00925021 0.00904969 0.02619379
v 0.01195380 0.00904969 0.02858826
v 0.01339235 0.00904969 0.02985521
v 0.01466076 0.00904969 0.03096656
v 0.02125381 0.01158832 0.03727704
v 0.02252390 0.01158832 0.03835809
v 0.02356323 0.01150813 0.03920878
v 0.02356323 0.01666558 0.03945733
v 0.01842557 0.01412695 0.03486843
v 0.00635628 0.01158832 0.02322748
v 0.01995844 0.01618444 0.03590705
v 0.00635628 0.00904969 0.01970347
v 0.00840798 0.00725175 0.02218685
v 0.01144509 0.00727708 0.02667673
v 0.01406614 0.00735305 0.02914394
v 0.01668719 0.00746067 0.03161115
v 0.00962922 0.00735305 0.02584220
v 0.01497913 0.00757040 0.03068165
v 0.01765745 0.00768647 0.03310037
v 0.01612962 0.00904969 0.03223553
v 0.01739803 0.00904969 0.03332062
v 0.02007467 0.00957725 0.03574135
v 0.02276141 0.01006261 0.03815400
v 0.02356323 0.01080964 0.03902491
v 0.02356323 0.02444185 0.03677390
v 0.02243463 0.02377923 0.03598383
v 0.01732392 0.02372225 0.03091605
v 0.00635628 0.01256325 0.02281123
v 0.00635628 0.01100167 0.01912961
v 0.02356323 0.02507281 0.01912961
v 0.01895955 0.00744168 0.03179503
v 0.01277583 0.00769069 0.02531683
v 0.01542551 0.00759995 0.02775575
v 0.01805835 0.00755141 0.03020680
v 0.02066761 0.00753875 0.03268209
v 0.02207920 0.00756829 0.03606668
v 0.01904040 0.00752820 0.03365604
v 0.01230586 0.00746067 0.02826294
v 0.02038630 0.00788483 0.03547059
v 0.02356323 0.00952027 0.03851974
v 0.02356323 0.02492509 0.03648899
v 0.02290628 0.02547165 0.03547665
v 0.01790001 0.02541467 0.03027146
v 0.01502124 0.02330653 0.02822656
v 0.00753036 0.02062018 0.02041070
v 0.00635628 0.01980985 0.01938825
v 0.00635628 0.02017070 0.01912961
v 0.02356323 0.02797440 0.01912961
v 0.02356323 0.00758306 0.03588280
v 0.02322128 0.00756829 0.03519982
v 0.02356323 0.00759573 0.03670520
v 0.02325496 0.00837019 0.03775998
v 0.02356323 0.00865085 0.03812370
v 0.02356323 0.00911088 0.03833384
v 0.02356323 0.02570589 0.03581409
v 0.01959291 0.02597600 0.03118479
v 0.01741656 0.02580296 0.02858220
v 0.01246420 0.02568267 0.02062691
v 0.00899081 0.02372436 0.01912961
v 0.00975556 0.02339938 0.02083099
v 0.00806266 0.02231261 0.01969943
v 0.00723895 0.02177027 0.01912961
v 0.00702670 0.02144529 0.01912961
v 0.00651125 0.02046825 0.01912961
v 0.02157891 0.02801661 0.01912961
v 0.02356323 0.02823607 0.01973580
v 0.02356323 0.00808741 0.03745082
v 0.02356323 0.02664073 0.03416323
v 0.02356323 0.02770007 0.03176876
v 0.01886353 0.02627354 0.02933590
v 0.01691796 0.02610472 0.02665854
v 0.01206161 0.02583250 0.01912961
v 0.01086226 0.02514034 0.01912961
v 0.02299724 0.02795752 0.03015830
v 0.02260813 0.02818332 0.02846702
v 0.00868086 0.02338250 0.01912961
v 0.02091017 0.02794064 0.01912961
v 0.02012857 0.02811579 0.01996211
v 0.02157891 0.02819176 0.01968731
v 0.02356323 0.02857371 0.02158065
v 0.02356323 0.02806937 0.03065538
v 0.01396338 0.02657742 0.01912961
v 0.02356323 0.02841334 0.02903482
v 0.02216342 0.02830360 0.02665854
v 0.02014710 0.02812845 0.02323354
v 0.01923243 0.02768108 0.01912961
v 0.02005109 0.02813900 0.02158065
v 0.02356323 0.02878052 0.02411455
v 0.01650189 0.02716618 0.01912961
v 0.02356323 0.02868978 0.02665854
v 0.03794145 0.02393900 0.02273154
v 0.03794145 0.02393900 0.02675699
v 0.03794145 0.02488499 0.02330591
v 0.04597576 0.02584038 0.02778108
v 0.04634057 0.02428228 0.02762466
v 0.04652158 0.02393900 0.02771264
v 0.03794145 0.02562798 0.04769816
v 0.06123675 0.02393900 0.04769816
v 0.03794145 0.02646033 0.02455241
v 0.04609551 0.02842755 0.03005411
v 0.04688083 0.02671270 0.02924266
v 0.04859352 0.02589132 0.03012254
v 0.05028392 0.02486931 0.03091932
v 0.05060697 0.02393900 0.03062603
v 0.04974366 0.02393900 0.02992946
v 0.04761046 0.02428228 0.02844832
v 0.04761882 0.02393900 0.02842388
v 0.03794145 0.02935002 0.04769816
v 0.06639152 0.02393900 0.04769816
v 0.03794145 0.02770414 0.02581846
v 0.04443016 0.02877475 0.02975348
v 0.04446358 0.03005932 0.03177721
v 0.04533245 0.03045903 0.03346609
v 0.04695324 0.02881942 0.03181876
v 0.04941227 0.02864621 0.03443885
v 0.05089659 0.02818380 0.03538960
v 0.06341451 0.02549710 0.04576731
v 0.05113330 0.02590857 0.03261309
v 0.06404110 0.02393900 0.04507807
v 0.05184901 0.02394370 0.03196051
v 0.05184344 0.02393900 0.03195318
v 0.04788895 0.02393900 0.02860963
v 0.03794145 0.02980538 0.04695026
v 0.03924476 0.02975601 0.04769816
v 0.06608240 0.02393900 0.04734377
v 0.06540847 0.02501117 0.04769816
v 0.03794145 0.02850592 0.02701118
v 0.04363926 0.03077331 0.03264975
v 0.04600360 0.03072159 0.03515742
v 0.04836794 0.03068475 0.03786549
v 0.04769679 0.03041357 0.03617417
v 0.04689754 0.03001151 0.03429709
v 0.04933150 0.02982654 0.03693673
v 0.06418035 0.02599791 0.04769816
v 0.06408566 0.02594383 0.04746108
v 0.06448111 0.02580511 0.04769816
v 0.03794145 0.03039711 0.04585775
v 0.03914451 0.03017610 0.04693071
v 0.03815867 0.03057738 0.04564511
v 0.04157012 0.03034147 0.04769816
v 0.03794145 0.03069729 0.03284773
v 0.03935337 0.03142461 0.03427509
v 0.03935337 0.03081564 0.03267908
v 0.04189037 0.03089323 0.03250311
v 0.04189037 0.03145675 0.03427509
v 0.04446358 0.03094574 0.03429709
v 0.04881909 0.03082426 0.03934907
v 0.05057633 0.03048881 0.04117971
v 0.06035117 0.02780133 0.04769816
v 0.06014231 0.02771590 0.04696737
v 0.04689754 0.03087207 0.03693673
v 0.04696995 0.03127100 0.03934907
v 0.03794145 0.03054681 0.04555223
v 0.03985186 0.03077488 0.04606305
v 0.03914451 0.03103117 0.04465035
v 0.03794145 0.03091204 0.04421041
v 0.04189037 0.03040730 0.04769816
v 0.03794145 0.03115265 0.03419688
v 0.03794145 0.03149358 0.03568290
v 0.03794145 0.03172557 0.03681208
v 0.03935337 0.03194502 0.03681208
v 0.04189037 0.03184784 0.03681208
v 0.04443016 0.03141207 0.03681208
v 0.04964062 0.03093555 0.04197161
v 0.05085203 0.03066202 0.04287104
v 0.05957420 0.02810542 0.04769816
v 0.04696995 0.03151474 0.04188851
v 0.04189037 0.03090812 0.04652987
v 0.04189037 0.03141521 0.04442794
v 0.03935337 0.03162369 0.04188851
v 0.03794145 0.03140424 0.04188851
v 0.04386484 0.03071610 0.04769816
v 0.03794145 0.03177181 0.03822234
v 0.03935337 0.03193797 0.03934907
v 0.04189037 0.03189722 0.03934907
v 0.04950695 0.03099277 0.04442794
v 0.05083532 0.03065418 0.04442794
v 0.05912027 0.02822690 0.04769816
v 0.05077963 0.03062910 0.04569888
v 0.04443016 0.03172165 0.04188851
v 0.04696995 0.03143010 0.04442794
v 0.04470586 0.03083601 0.04769816
v 0.04435776 0.03095123 0.04716046
v 0.04443016 0.03153277 0.04442794
v 0.04189037 0.03174830 0.04188851
v 0.03794145 0.03176868 0.03934907
v 0.05712074 0.02866737 0.04769816
v 0.04950695 0.03076234 0.04615348
v 0.04693932 0.03092223 0.04707736
v 0.04653273 0.03081093 0.04769816
v 0.05188243 0.02975287 0.04769816
v 0.07526860 0.02347352 0.06206923
v 0.07526860 0.02314003 0.07711484
v 0.07526860 0.02653125 0.06206923
v 0.08122883 0.01788092 0.06206923
v 0.07526860 0.02595942 0.07711484
v 0.09789667 0.01788092 0.07592032
v 0.09934593 0.01788092 0.07711484
v 0.07526860 0.02658021 0.06221799
v 0.07734821 0.02593171 0.06231373
v 0.07721314 0.02589383 0.06206923
v 0.08637298 0.01788092 0.06206923
v 0.07526860 0.02653494 0.07489371
v 0.07743545 0.02615342 0.07711484
v 0.10401731 0.01788092 0.07711484
v 0.07526860 0.02704764 0.06473959
v 0.07743545 0.02656450 0.06473959
v 0.08687390 0.02569337 0.07306733
v 0.07984712 0.02581624 0.06494579
v 0.09012698 0.02437513 0.07235445
v 0.07891284 0.02564811 0.06323577
v 0.07759867 0.02571647 0.06206923
v 0.08650806 0.01788092 0.06216497
v 0.08630545 0.01813496 0.06206923
v 0.07526860 0.02699222 0.07235445
v 0.07997375 0.02628182 0.07711484
v 0.10365429 0.01788092 0.07662289
v 0.10312525 0.01885089 0.07711484
v 0.07526860 0.02731831 0.06727885
v 0.08766746 0.02577467 0.07495557
v 0.08904355 0.02559730 0.07584373
v 0.09266528 0.02418021 0.07489371
v 0.09260900 0.02349569 0.07243988
v 0.09172256 0.02318437 0.07081822
v 0.07991185 0.02445827 0.06206923
v 0.09154528 0.01788092 0.06589581
v 0.08594524 0.01920470 0.06206923
v 0.09151432 0.01808784 0.06591791
v 0.07526860 0.02726750 0.06981665
v 0.08251206 0.02631323 0.07711484
v 0.10325750 0.01788092 0.07611621
v 0.10215719 0.01854512 0.07550644
v 0.10277348 0.01922318 0.07711484
v 0.08251206 0.02647767 0.07489371
v 0.08505037 0.02621254 0.07489371
v 0.08917863 0.02562686 0.07711484
v 0.09538932 0.02361485 0.07711484
v 0.09472520 0.02338760 0.07489371
v 0.09419896 0.02314834 0.07334276
v 0.09341665 0.02268091 0.07165040
v 0.08381779 0.02303564 0.06343902
v 0.08251206 0.02341809 0.06285281
v 0.08004130 0.02437790 0.06206923
v 0.09172819 0.01788092 0.06603426
v 0.08441438 0.02114280 0.06206923
v 0.08646022 0.02061255 0.06333739
v 0.09431152 0.01842595 0.06825244
v 0.09442690 0.01788092 0.06816996
v 0.08505037 0.02617189 0.07711484
v 0.10081487 0.01788092 0.07356369
v 0.10125387 0.02023842 0.07657429
v 0.09966955 0.01863934 0.07304082
v 0.09885064 0.02033172 0.07381261
v 0.10236825 0.01960655 0.07711484
v 0.08759993 0.02587166 0.07711484
v 0.08788134 0.02582825 0.07711484
v 0.09554691 0.02354188 0.07711484
v 0.09641927 0.02294049 0.07625761
v 0.10022674 0.02111601 0.07711484
v 0.09956261 0.02082964 0.07550496
v 0.09715657 0.02096544 0.07298043
v 0.09458449 0.02098946 0.07050302
v 0.08360111 0.02187721 0.06206923
v 0.08251206 0.02276590 0.06206923
v 0.09359674 0.02011833 0.06881214
v 0.09700179 0.01855990 0.07064147
v 0.09779817 0.01788092 0.07097435
v 0.09482087 0.01788092 0.06848516
v 0.10068543 0.02082964 0.07711484
v 0.09627576 0.02025227 0.07128660
v 0.09759837 0.02258114 0.07711484
v 0.02356323 0.02424651 0.03139682
v 0.02356323 0.00905014 0.03518531
v 0.02356323 0.00759510 0.03670613
v 0.02356323 0.00758205 0.03588587
v 0.02569648 0.00764241 0.03779288
v 0.04100004 0.00999698 0.05044803
v 0.04363418 0.00999143 0.05289547
v 0.05336470 0.01269719 0.06088624
v 0.06732921 0.02177239 0.07080349
v 0.03832221 0.01005384 0.04803152
v 0.03564229 0.01016426 0.04561083
v 0.02406038 0.02424651 0.03181014
v 0.02413621 0.02424651 0.03189312
v 0.05562253 0.02386556 0.06206636
v 0.06887938 0.02177239 0.07238390
v 0.06067075 0.01084648 0.06869725
v 0.05850711 0.01248081 0.06588992
v 0.06422649 0.00985192 0.07286407
v 0.06673698 0.00975259 0.07540333
v 0.06856793 0.01083820 0.07711484
v 0.06719000 0.00969109 0.07711484
v 0.07177918 0.02177239 0.07711484
v 0.07123178 0.02177239 0.07607645
v 0.06975947 0.02177239 0.07374338
v 0.04929575 0.02386556 0.06206636
v 0.06692101 0.02177239 0.07711484
v 0.06639485 0.02129344 0.07711484
v 0.05820274 0.02177239 0.07126303
v 0.06406369 0.01890462 0.07711484
v 0.06295709 0.01666480 0.07711484
v 0.06306091 0.01835235 0.07657576
v 0.05796679 0.02115390 0.07142210
v 0.05726603 0.02177239 0.07051038
v 0.03102750 0.02424651 0.04768061
v 0.04864510 0.02386556 0.06168236
v 0.03652003 0.02424651 0.04769816
v 0.02925939 0.02424651 0.03789502
v 0.02356323 0.02424651 0.03681305
v 0.02996439 0.02424651 0.04641193
v 0.03091264 0.02174228 0.04780929
v 0.02356323 0.01412811 0.03977170
v 0.06345022 0.01412697 0.07711484
v 0.06446479 0.01151346 0.07711484
v 0.02356323 0.01081022 0.03902646
v 0.02356323 0.01150675 0.03921157
v 0.02356323 0.01634166 0.03952116
v 0.02356323 0.01666464 0.03945892
v 0.02356323 0.00865213 0.03812481
v 0.02356323 0.00951993 0.03852058
v 0.06540151 0.00985784 0.07711484
v 0.06611171 0.00972302 0.07711484
v 0.02779181 0.00773539 0.04071643
v 0.02806286 0.00773539 0.04071643
v 0.02494794 0.00764241 0.03839291
v 0.06529534 0.00975259 0.07689243
v 0.02356323 0.00808610 0.03745297
v 0.02806286 0.00773539 0.04048664
v 0.05776614 0.02581809 0.04769816
v 0.05776614 0.02539600 0.05228080
v 0.05776614 0.02849966 0.04769816
v 0.06373370 0.02101595 0.04769816
v 0.05776614 0.02460766 0.06206636
v 0.05912192 0.02822731 0.04769816
v 0.05776614 0.02856096 0.04953516
v 0.06220255 0.02894271 0.05966111
v 0.06474138 0.02889615 0.05966111
v 0.06474138 0.02864321 0.05712224
v 0.06715982 0.02826533 0.05734729
v 0.06454770 0.02101595 0.04880796
v 0.06808113 0.02101595 0.04769816
v 0.05776614 0.02720776 0.06206636
v 0.06715720 0.02101595 0.05131166
v 0.06976671 0.02101595 0.05379568
v 0.07250184 0.02101595 0.05637394
v 0.07505900 0.02101595 0.05861743
v 0.07930435 0.02101595 0.06206636
v 0.05957735 0.02810550 0.04769816
v 0.06623328 0.02815593 0.05564252
v 0.05776614 0.02826999 0.05711661
v 0.05966372 0.02856639 0.05966111
v 0.06220255 0.02868821 0.06206636
v 0.06474138 0.02880615 0.06206636
v 0.06728022 0.02861062 0.06206636
v 0.06728022 0.02853613 0.05966111
v 0.06857843 0.02810084 0.05834315
v 0.06808113 0.02106173 0.04769816
v 0.06816227 0.02101595 0.04776006
v 0.05973700 0.02822887 0.06206636
v 0.05776614 0.02760193 0.06205933
v 0.08450503 0.02101595 0.06206636
v 0.06035470 0.02780056 0.04769816
v 0.06792409 0.02783470 0.05664963
v 0.05776614 0.02816834 0.05929118
v 0.05776614 0.02814972 0.05954014
v 0.05789439 0.02816757 0.05966111
v 0.05831840 0.02810860 0.06101564
v 0.05981029 0.02827309 0.06199743
v 0.06063476 0.02841121 0.06206636
v 0.06946310 0.02826844 0.06206636
v 0.06891083 0.02818386 0.05966111
v 0.07488887 0.02665841 0.06206636
v 0.07721046 0.02589336 0.06206636
v 0.06768067 0.02195248 0.04769816
v 0.08010264 0.02101595 0.05816451
v 0.05984955 0.02826689 0.06206636
v 0.05776614 0.02775788 0.06156421
v 0.08429303 0.02101595 0.06183849
v 0.08441081 0.02114242 0.06206636
v 0.06659709 0.02591896 0.05016952
v 0.06418127 0.02599733 0.04769816
v 0.07644096 0.02567533 0.06064571
v 0.06986616 0.02622545 0.05457493
v 0.06905217 0.02585611 0.05276325
v 0.05776614 0.02798290 0.06057539
v 0.07759522 0.02571722 0.06206636
v 0.08345023 0.02101595 0.06109441
v 0.06672272 0.02356328 0.04769816
v 0.07872591 0.02303255 0.05836847
v 0.06662588 0.02368976 0.04769816
v 0.08359681 0.02187721 0.06206636
v 0.07813177 0.02525866 0.06154170
v 0.07990896 0.02445946 0.06206636
v 0.07931744 0.02344301 0.05966111
v 0.06448227 0.02580413 0.04769816
v 0.08251061 0.02276641 0.06206636
v 0.06541143 0.02501036 0.04769816
v 0.08003721 0.02437877 0.06206636
v 0.01204488 0.00388076 0.00442950
v 0.01396385 0.00396287 0.00888643
v 0.01204488 0.00388428 0.00696841
v 0.01204488 0.00400509 0.00379334
v 0.02356210 0.00478630 0.01335100
v 0.02356210 0.00440274 0.01594531
v 0.01204488 0.00397694 0.00888643
v 0.02356210 0.00440274 0.01650123
v 0.02157886 0.00435933 0.01650123
v 0.01204488 0.00442737 0.00182565
v 0.02356210 0.00493058 0.01268428
v 0.01204488 0.00402386 0.00950540
v 0.02356210 0.00467018 0.01873447
v 0.01904090 0.00447781 0.01650123
v 0.01396385 0.00438279 0.01396233
v 0.01204488 0.00453763 0.00150661
v 0.02332645 0.00498336 0.01217421
v 0.02356210 0.00546663 0.01193350
v 0.01204488 0.00427371 0.01204430
v 0.02356210 0.00474994 0.01909744
v 0.01904090 0.00495169 0.01812888
v 0.01396385 0.00486372 0.01581731
v 0.01204488 0.00500213 0.01552311
v 0.01204488 0.00463968 0.01412089
v 0.01204488 0.00651059 0.00043107
v 0.01326481 0.00481211 0.00204916
v 0.02082683 0.00497632 0.00959901
v 0.02251918 0.00566487 0.01048160
v 0.02356210 0.00622438 0.01111967
v 0.02356210 0.00612820 0.01909744
v 0.01747370 0.00512647 0.01788053
v 0.01204488 0.00572234 0.01552311
v 0.01204488 0.00667598 0.00040241
v 0.01533712 0.01001546 0.00245416
v 0.01211027 0.00651059 0.00048456
v 0.01999588 0.00574932 0.00790831
v 0.01582871 0.00491768 0.00453839
v 0.01361997 0.00651059 0.00175496
v 0.02356210 0.00905010 0.00966014
v 0.02310434 0.00735748 0.00993332
v 0.02356210 0.00694342 0.01064590
v 0.02356210 0.01586397 0.01320390
v 0.01904090 0.00579624 0.01812888
v 0.01747370 0.00547836 0.01788053
v 0.02157660 0.01586397 0.01158008
v 0.01831367 0.01586397 0.00890172
v 0.01204488 0.01586397 0.00367299
v 0.01204488 0.01158726 -0.00041906
v 0.01804872 0.00953689 0.00484788
v 0.01547355 0.01158726 0.00233572
v 0.02356210 0.01158726 0.00915007
v 0.02074791 0.00905010 0.00725114
v 0.02201745 0.00905010 0.00833624
v 0.02349783 0.00905010 0.00960474
v 0.02356210 0.00958615 0.00955125
v 0.02356210 0.01586397 0.00951877
v 0.01204488 0.01586397 -0.00012486
v 0.01204488 0.01412560 -0.00041141
v 0.01548821 0.01412560 0.00232044
v 0.02356210 0.01199194 0.00915198
v 0.02356210 0.01412560 0.00919591
v 0.02229143 0.01412560 0.00809744
v 0.01535629 0.01568333 0.00243315
v 0.01531908 0.01586397 0.00246754
v 0.01510148 0.01586397 0.00228414
v 0.04783915 0.02177239 0.06206923
v 0.05051899 0.02327413 0.06367764
v 0.04952546 0.02421469 0.06206923
v 0.05272355 0.02177239 0.06206923
v 0.05545441 0.02177239 0.06893292
v 0.05581691 0.02304897 0.06858237
v 0.04958185 0.02426771 0.06206923
v 0.07526860 0.02347381 0.06206923
v 0.06732842 0.02177239 0.07080349
v 0.05576321 0.02177239 0.06920392
v 0.05712193 0.02189840 0.07032480
v 0.05860954 0.02284791 0.07098465
v 0.05712461 0.02351788 0.06913176
v 0.05152595 0.02496660 0.06289700
v 0.04963287 0.02430214 0.06206923
v 0.07526860 0.02653099 0.06206923
v 0.07526860 0.02314055 0.07711484
v 0.07177782 0.02177239 0.07711484
v 0.07123273 0.02177239 0.07607645
v 0.07044595 0.02177239 0.07482154
v 0.06975854 0.02177239 0.07374338
v 0.06888048 0.02177239 0.07238390
v 0.05726425 0.02177239 0.07051038
v 0.05900158 0.02534255 0.06823182
v 0.05820139 0.02177239 0.07126303
v 0.06692027 0.02177239 0.07711484
v 0.06783862 0.02261174 0.07711484
v 0.06891539 0.02348965 0.07711484
v 0.06965919 0.02399023 0.07711484
v 0.05695008 0.02489085 0.06734219
v 0.05598877 0.02546924 0.06590907
v 0.05322031 0.02560213 0.06354654
v 0.05215428 0.02596982 0.06206923
v 0.07526860 0.02658057 0.06221799
v 0.07488998 0.02665837 0.06206923
v 0.07526860 0.02595949 0.07711484
v 0.05768045 0.02584519 0.06653946
v 0.07205440 0.02522274 0.07711484
v 0.05458440 0.02589270 0.06408710
v 0.05695008 0.02632098 0.06493401
v 0.05224290 0.02598084 0.06211195
v 0.06075234 0.02813601 0.06359368
v 0.05224021 0.02599736 0.06206923
v 0.07526860 0.02704810 0.06473959
v 0.07489267 0.02669762 0.06220179
v 0.06946049 0.02826821 0.06206923
v 0.07526860 0.02653512 0.07489371
v 0.07489267 0.02653375 0.07489371
v 0.07481748 0.02595742 0.07711484
v 0.05980983 0.02742060 0.06455989
v 0.07286265 0.02553672 0.07711484
v 0.06219967 0.02826546 0.06401050
v 0.06219967 0.02867446 0.06220179
v 0.05985010 0.02826684 0.06206923
v 0.07312580 0.02570886 0.07688065
v 0.07366284 0.02574742 0.07711484
v 0.07526860 0.02731801 0.06727885
v 0.07104476 0.02804237 0.06360399
v 0.06727740 0.02861042 0.06206923
v 0.06949002 0.02827303 0.06220179
v 0.07137235 0.02812362 0.06529634
v 0.07526860 0.02699232 0.07235445
v 0.07489267 0.02702744 0.07235445
v 0.07235514 0.02755969 0.06981665
v 0.06727740 0.02815667 0.06624489
v 0.06577369 0.02811949 0.06608286
v 0.06485266 0.02834120 0.06484416
v 0.06219967 0.02868823 0.06206923
v 0.06063419 0.02841143 0.06206923
v 0.06473719 0.02880115 0.06220179
v 0.07526860 0.02726774 0.06981665
v 0.07137235 0.02812362 0.06664257
v 0.06727740 0.02861456 0.06220179
v 0.06473719 0.02880666 0.06206923
v 0.07489267 0.02733178 0.06981665
v 0.06981493 0.02815942 0.06666466
v 0.12380453 0.00697504 0.10103987
v 0.12311729 0.00699061 0.10103987
v 0.12509384 0.00725905 0.10103987
v 0.12538718 0.00719194 0.10282151
v 0.12700651 0.00773000 0.11440031
v 0.11733313 0.00775157 0.11938629
v 0.11663999 0.00775157 0.11938629
v 0.12192261 0.00733095 0.10103987
v 0.11663999 0.00775157 0.11928401
v 0.12594076 0.00897989 0.10103987
v 0.12691898 0.00782108 0.10419586
v 0.12700415 0.00770963 0.10588823
v 0.12704081 0.00768087 0.10790048
v 0.12703845 0.00770364 0.11297574
v 0.12770676 0.00904940 0.11043904
v 0.12756718 0.00904940 0.11297574
v 0.12719695 0.00904940 0.11474250
v 0.12500276 0.00963419 0.11735545
v 0.12225854 0.00997213 0.11950346
v 0.12059308 0.00945444 0.11972291
v 0.11812920 0.00882051 0.11984565
v 0.11568188 0.00892237 0.11991632
v 0.11567478 0.00892357 0.11991261
v 0.12156893 0.00750950 0.10103987
v 0.11567478 0.00892357 0.11863310
v 0.12578344 0.01162227 0.10103987
v 0.12710469 0.01092602 0.10362120
v 0.12710469 0.00951316 0.10362120
v 0.12731878 0.00882051 0.10517038
v 0.12768665 0.00904940 0.10790048
v 0.12771740 0.01158872 0.11043904
v 0.12775762 0.01158872 0.10790048
v 0.12721588 0.01081338 0.11475366
v 0.12500276 0.01105665 0.11735545
v 0.12225854 0.01061805 0.11950346
v 0.12059308 0.01102549 0.11972291
v 0.11567478 0.01159711 0.12003907
v 0.11567478 0.00903501 0.11992190
v 0.11567478 0.01640852 0.10103987
v 0.12530438 0.01290212 0.10103987
v 0.12653218 0.01169897 0.10279361
v 0.12682672 0.01261931 0.10444879
v 0.12733771 0.01169897 0.10532101
v 0.12705264 0.01300038 0.11043904
v 0.12695565 0.01287815 0.11176690
v 0.12737201 0.01163066 0.11275815
v 0.12711178 0.01308786 0.10790048
v 0.12703489 0.01299559 0.10614117
v 0.12666703 0.01250546 0.11345928
v 0.12583548 0.01178165 0.11570957
v 0.12426229 0.01274873 0.11666734
v 0.12326041 0.01168339 0.11812538
v 0.12256963 0.01325683 0.11720109
v 0.12059308 0.01229455 0.11889160
v 0.11791747 0.01172054 0.11982705
v 0.11867095 0.01265406 0.11917614
v 0.11697947 0.01290332 0.11935468
v 0.11567478 0.01173132 0.11997770
v 0.11567478 0.01921747 0.10103987
v 0.12488447 0.01367147 0.10103987
v 0.12456392 0.01416998 0.10103987
v 0.12426111 0.01524131 0.10212596
v 0.12586624 0.01435573 0.10790048
v 0.12459704 0.01553731 0.10790048
v 0.12448940 0.01545702 0.10956310
v 0.12425756 0.01527607 0.11125361
v 0.12576096 0.01359477 0.11275815
v 0.12457693 0.01552772 0.10536007
v 0.12446338 0.01544504 0.10381833
v 0.12497437 0.01333952 0.11497497
v 0.12314804 0.01414362 0.11552918
v 0.12203261 0.01547619 0.11439101
v 0.12059308 0.01495730 0.11611871
v 0.12059308 0.01368704 0.11762325
v 0.11782757 0.01408011 0.11800265
v 0.11567478 0.01290811 0.11935840
v 0.11698420 0.01542946 0.11682728
v 0.11567478 0.01547500 0.11688679
v 0.11567478 0.01431379 0.11801752
v 0.11943861 0.01798436 0.10204599
v 0.11824393 0.01839899 0.10103987
v 0.11567478 0.01897061 0.10282523
v 0.11820609 0.01828754 0.10286429
v 0.12403873 0.01491776 0.10103987
v 0.12329117 0.01566913 0.10103987
v 0.12330181 0.01604661 0.10291263
v 0.12313148 0.01628029 0.10536007
v 0.12313148 0.01618802 0.10790048
v 0.12329944 0.01585368 0.11042044
v 0.12251758 0.01569190 0.11297574
v 0.12378796 0.01503280 0.11297574
v 0.11943861 0.01798436 0.10109566
v 0.12059308 0.01615806 0.11297574
v 0.12059308 0.01571107 0.11484851
v 0.11867685 0.01525689 0.11659667
v 0.11791983 0.01585368 0.11565564
v 0.11567478 0.01612810 0.11552359
v 0.11936173 0.01801432 0.10103987
v 0.12281211 0.01599029 0.10103987
v 0.11950131 0.01794002 0.10103987
v 0.01204488 0.02582524 0.01912961
v 0.01204488 0.02583854 0.01907174
v 0.01203597 0.02584297 0.01904008
v 0.01035439 0.02541895 0.01710643
v 0.01086182 0.02514120 0.01912961
v 0.01204488 0.02204602 0.01912961
v 0.01204488 0.02584592 0.01902916
v 0.01204488 0.02609413 0.01639783
v 0.01129015 0.02587104 0.01635634
v 0.01010152 0.02557112 0.01541299
v 0.00635460 0.02390904 0.01416720
v 0.00635460 0.02369481 0.01494896
v 0.00635460 0.02335353 0.01612378
v 0.00743072 0.02316146 0.01800501
v 0.00899031 0.02372436 0.01912961
v 0.00635460 0.01100089 0.01912961
v 0.01204488 0.02147278 0.00797539
v 0.01204488 0.02602912 0.01396303
v 0.01000961 0.02559181 0.01231435
v 0.01000571 0.02559772 0.01396303
v 0.00635460 0.02425475 0.01141795
v 0.00635460 0.02250845 0.01731279
v 0.00867950 0.02338308 0.01912961
v 0.00723855 0.02176974 0.01912961
v 0.00635460 0.02017118 0.01912961
v 0.00635460 0.02146392 0.00797539
v 0.01204488 0.02453398 0.00797539
v 0.01204488 0.02561988 0.01059798
v 0.01149289 0.02568636 0.01145071
v 0.00635460 0.02423407 0.00887834
v 0.00635460 0.02412621 0.00797539
v 0.00635460 0.02122753 0.01856076
v 0.00702578 0.02144619 0.01912961
v 0.00651056 0.02046814 0.01912961
v 0.01171569 0.02459308 0.00797539
v 0.01204488 0.02537906 0.00969831
v 0.00888615 0.02443647 0.00797539
v 0.01146505 0.02463740 0.00797539
v 0.11567477 0.01159716 0.12003736
v 0.11567477 0.01173120 0.11997780
v 0.11551462 0.01158848 0.12005411
v 0.11567477 0.00903551 0.11992197
v 0.11567477 0.01290902 0.11935801
v 0.11551462 0.01290902 0.11935801
v 0.11416305 0.01288047 0.11933754
v 0.11317967 0.01169893 0.11981587
v 0.11043761 0.01097537 0.11967814
v 0.11297612 0.00950465 0.11992755
v 0.11567477 0.00892381 0.11991266
v 0.11567477 0.01431396 0.11801793
v 0.11551462 0.01417867 0.11816311
v 0.11297612 0.01547315 0.11688445
v 0.10789911 0.01368844 0.11736464
v 0.11043761 0.01224502 0.11892435
v 0.11154222 0.01541979 0.11681558
v 0.10984939 0.01526341 0.11663319
v 0.11043761 0.00983106 0.11967814
v 0.10883010 0.01058566 0.11946224
v 0.11567477 0.00892381 0.11863400
v 0.10038388 0.00890768 0.11314898
v 0.10038388 0.00890519 0.11309500
v 0.10038388 0.00886920 0.11095460
v 0.11567477 0.01547439 0.11688631
v 0.11551462 0.01548060 0.11689376
v 0.11297612 0.01621534 0.11551459
v 0.10614042 0.01325032 0.11703893
v 0.10789911 0.01495685 0.11637261
v 0.11059327 0.01596587 0.11567838
v 0.10789911 0.01596836 0.11510326
v 0.10536060 0.01571269 0.11466215
v 0.10883010 0.01011776 0.11946224
v 0.10536060 0.00977645 0.11724925
v 0.10119962 0.01322922 0.11446486
v 0.10532019 0.01142093 0.11730881
v 0.10403298 0.01046155 0.11682303
v 0.10038388 0.00886920 0.11084665
v 0.11567477 0.01640895 0.10103987
v 0.10038388 0.00896725 0.11324948
v 0.11567477 0.01612846 0.11552390
v 0.11551462 0.01614708 0.11551459
v 0.10789911 0.01830040 0.11021383
v 0.10536060 0.01825697 0.10994209
v 0.10388330 0.01549053 0.11435132
v 0.10219047 0.01492210 0.11388230
v 0.10536060 0.01760042 0.11121145
v 0.10536060 0.01664849 0.11297589
v 0.10256765 0.01749616 0.11041112
v 0.10403298 0.01022946 0.11682303
v 0.10092122 0.00962628 0.11459328
v 0.10038388 0.01437477 0.11316387
v 0.10038388 0.01404215 0.11339652
v 0.10038388 0.01242126 0.11419126
v 0.10081495 0.01158848 0.11467146
v 0.10038388 0.01158848 0.11441275
v 0.10038388 0.01804349 0.10103987
v 0.11567477 0.01921634 0.10103987
v 0.11567477 0.01897061 0.10282478
v 0.11178619 0.02049469 0.10164849
v 0.11043761 0.02062625 0.10219197
v 0.10796946 0.02081366 0.10302207
v 0.10717018 0.02051207 0.10421139
v 0.10536060 0.02107553 0.10282292
v 0.10536060 0.02054682 0.10428212
v 0.10378452 0.02053192 0.10422442
v 0.10324568 0.01810431 0.10954752
v 0.10295082 0.01602917 0.11301125
v 0.10075058 0.01577102 0.11218858
v 0.10038388 0.01568290 0.11207878
v 0.10155285 0.01793428 0.10916968
v 0.10038388 0.02112021 0.10103987
v 0.11193886 0.02053937 0.10103987
v 0.11043761 0.02085337 0.10103987
v 0.10791857 0.02132251 0.10103987
v 0.10536060 0.02154839 0.10103987
v 0.10284156 0.02145531 0.10103987
v 0.10289245 0.02088068 0.10292901
v 0.10038388 0.02072181 0.10212682
v 0.10038388 0.01613094 0.11139198
v 0.10038388 0.01772577 0.10870811
v 0.10038388 0.01678004 0.11034412
v 0.10038388 0.01660368 0.11062060
v 0.10038388 0.01678099 0.11034183
v 0.10020399 0.01660368 0.11052221
v 0.10038388 0.01660368 0.10407754
v 0.10038388 0.01772664 0.10870524
v 0.08875992 0.01797851 0.10161446
v 0.08753210 0.01690465 0.10190635
v 0.08796989 0.01660368 0.10249998
v 0.09886547 0.01660368 0.10279844
v 0.10038388 0.01661550 0.07711811
v 0.10038388 0.02072273 0.10212609
v 0.10028198 0.02071636 0.10209330
v 0.08884672 0.02301593 0.09140464
v 0.08869953 0.02050995 0.09655055
v 0.08774722 0.01974980 0.09753446
v 0.08778370 0.01839224 0.10023041
v 0.08753210 0.01836314 0.10011561
v 0.08753210 0.01759480 0.10120120
v 0.08753210 0.01660368 0.10219169
v 0.08779000 0.01660368 0.10238191
v 0.09767917 0.01660368 0.10188995
v 0.08753210 0.02319779 0.07711811
v 0.10038388 0.02101915 0.07711811
v 0.09520468 0.01660368 0.10027960
v 0.09277421 0.01660368 0.09911858
v 0.08753210 0.01660368 0.09703266
v 0.10038388 0.02140287 0.10027960
v 0.10028198 0.02139105 0.10027960
v 0.09012737 0.02372608 0.09012882
v 0.08753210 0.02068454 0.09548463
v 0.08753210 0.02032446 0.09623897
v 0.08783528 0.02334964 0.09005339
v 0.08753210 0.01989255 0.09711794
v 0.08753210 0.02566376 0.07711811
v 0.10022914 0.02111645 0.07711811
v 0.10038388 0.02116282 0.07744280
v 0.10038388 0.02197935 0.09774109
v 0.09266728 0.02438622 0.08759031
v 0.09012737 0.02441259 0.08759031
v 0.08758871 0.02418254 0.08759031
v 0.08753210 0.02331963 0.08990252
v 0.08759878 0.02587199 0.07711811
v 0.08753210 0.02587926 0.07712467
v 0.09759992 0.02258039 0.07711811
v 0.10035746 0.02117191 0.07742641
v 0.10038388 0.02216212 0.08010596
v 0.10038388 0.02312232 0.09259518
v 0.09520468 0.02428256 0.08759031
v 0.08758871 0.02563012 0.08173270
v 0.08753210 0.02563012 0.08172614
v 0.08753210 0.02416618 0.08758703
v 0.08753210 0.02414617 0.08764606
v 0.08758871 0.02588654 0.07743625
v 0.08788057 0.02582834 0.07711811
v 0.08753210 0.02589199 0.07743625
v 0.09554811 0.02354241 0.07711811
v 0.09693694 0.02321052 0.07795117
v 0.09914097 0.02306231 0.08104724
v 0.10038388 0.02276406 0.08210003
v 0.10038388 0.02323962 0.09156535
v 0.09774333 0.02401433 0.08759031
v 0.08907819 0.02559011 0.08155231
v 0.08758871 0.02579288 0.07997477
v 0.08753210 0.02579288 0.07997804
v 0.08923921 0.02562830 0.07997477
v 0.08921280 0.02563376 0.07743625
v 0.08917884 0.02562648 0.07711811
v 0.09538960 0.02361515 0.07711811
v 0.09960140 0.02321416 0.08251328
v 0.10038388 0.02304321 0.08323482
v 0.10038388 0.02338874 0.09013210
v 0.10028198 0.02356059 0.08759031
v 0.09774333 0.02410798 0.08505179
v 0.09542482 0.02362697 0.07723619
v 0.10038388 0.02338419 0.08501244
v 0.09774333 0.02381610 0.08251328
v 0.10038388 0.02336601 0.08489437
v 0.10038388 0.02353968 0.08759031
v 0.10077464 0.00997596 0.07711484
v 0.10088056 0.01575232 0.07711484
v 0.10145454 0.00936212 0.07711484
v 0.10369132 0.00772984 0.07901648
v 0.12156830 0.00750931 0.10103753
v 0.11744701 0.01575232 0.10103753
v 0.10543541 0.01575232 0.07711484
v 0.10251380 0.00927443 0.07711484
v 0.10369132 0.00772984 0.07862070
v 0.12313010 0.00688418 0.10028109
v 0.10608329 0.00762652 0.08169095
v 0.12192303 0.00733045 0.10103753
v 0.12316705 0.01575232 0.10103753
v 0.10696027 0.01575232 0.07840056
v 0.10612270 0.01412612 0.07711484
v 0.10463480 0.00973980 0.07711484
v 0.10420124 0.00772984 0.07862070
v 0.10697997 0.00762652 0.08097666
v 0.12007547 0.00729312 0.09266518
v 0.12319907 0.00715854 0.09772606
v 0.12496781 0.00728791 0.10028109
v 0.12380261 0.00697535 0.10103753
v 0.12311532 0.00699098 0.10103753
v 0.10976363 0.00754491 0.08333966
v 0.12329022 0.01566984 0.10103753
v 0.12310300 0.01575232 0.10082676
v 0.10703909 0.01575232 0.07847550
v 0.10721893 0.01412612 0.07815231
v 0.10609314 0.01368940 0.07711484
v 0.11112835 0.01158740 0.08176121
v 0.10562756 0.01111769 0.07711484
v 0.10683956 0.01009231 0.07853639
v 0.11428398 0.00775328 0.08629048
v 0.10589361 0.00840012 0.07928346
v 0.11700606 0.00760048 0.08865113
v 0.11793230 0.00740425 0.09023192
v 0.11952120 0.00755967 0.09114762
v 0.12239847 0.00739470 0.09567454
v 0.12466973 0.00753362 0.09856213
v 0.12594085 0.00898010 0.10103753
v 0.12509344 0.00725926 0.10103753
v 0.11528413 0.00748760 0.08771904
v 0.12403910 0.01491708 0.10103753
v 0.12215705 0.01564726 0.09844503
v 0.12230732 0.01575232 0.09904690
v 0.10848758 0.01412612 0.07936542
v 0.10954931 0.01575232 0.08097901
v 0.10980058 0.01412612 0.08063474
v 0.11246845 0.01158740 0.08303053
v 0.10714256 0.01158740 0.07824130
v 0.10574580 0.01138945 0.07711484
v 0.10985724 0.01158740 0.08062538
v 0.11221965 0.00966513 0.08331624
v 0.10954931 0.00988653 0.08092046
v 0.11844962 0.00904956 0.08975652
v 0.11963698 0.00904956 0.09102583
v 0.12181956 0.00805630 0.09398133
v 0.11373465 0.01158740 0.08432795
v 0.12479044 0.00904956 0.09835369
v 0.12565263 0.00904956 0.10028109
v 0.12578319 0.01162040 0.10103753
v 0.12456380 0.01417040 0.10103753
v 0.12388390 0.01469134 0.10028109
v 0.12171118 0.01520186 0.09675182
v 0.12042774 0.01575232 0.09561599
v 0.12194520 0.01575232 0.09832559
v 0.11170479 0.01575232 0.08345207
v 0.11188463 0.01564292 0.08356682
v 0.11221718 0.01412612 0.08321788
v 0.11106923 0.01412612 0.08194856
v 0.11725979 0.01158740 0.08832092
v 0.11852844 0.01158740 0.08981740
v 0.11958032 0.01158740 0.09108672
v 0.12191317 0.01055681 0.09386189
v 0.12191317 0.00974935 0.09386189
v 0.12107315 0.00896187 0.09287595
v 0.11487521 0.01158740 0.08559727
v 0.12395780 0.00904956 0.09708437
v 0.11711198 0.01351835 0.08848719
v 0.12461307 0.01158740 0.09864644
v 0.12545802 0.01158740 0.10028109
v 0.12443324 0.01291754 0.09895089
v 0.12530529 0.01290191 0.10103753
v 0.12477320 0.01342198 0.10028109
v 0.12488405 0.01367116 0.10103753
v 0.12226298 0.01350880 0.09584082
v 0.11897679 0.01478250 0.09198368
v 0.11947932 0.01556304 0.09367689
v 0.11919110 0.01575232 0.09352700
v 0.11373957 0.01575232 0.08597666
v 0.11667350 0.01521141 0.08899539
v 0.11944483 0.01309032 0.09122958
v 0.12168161 0.01224900 0.09414761
v 0.12247237 0.01147627 0.09507735
v 0.12385434 0.01158740 0.09737712
v 0.11753569 0.01575232 0.09087595
v 0.11533340 0.01575232 0.08798134
v 0.11634832 0.01575232 0.08927876
v 0.11735586 0.01575232 0.09063005
v 0.01146505 0.02463809 0.00797408
v 0.00888615 0.02443628 0.00797408
v 0.01204488 0.02453334 0.00797408
v 0.01204488 0.02391250 0.00633269
v 0.01142438 0.02402804 0.00634576
v 0.00888615 0.02337485 0.00424043
v 0.00888615 0.02410661 0.00634576
v 0.00635460 0.02393099 0.00634053
v 0.00635460 0.02412663 0.00797408
v 0.01204488 0.02147383 0.00797408
v 0.01204488 0.02316688 0.00479976
v 0.01142438 0.02323620 0.00467038
v 0.00635460 0.02335482 0.00409799
v 0.00635460 0.02110564 -0.00100654
v 0.00635460 0.02146459 0.00797408
v 0.01204488 0.00889998 0.00390719
v 0.01204488 0.02222099 0.00354127
v 0.00841549 0.02084067 -0.00050079
v 0.00635460 0.02002573 -0.00227679
v 0.00635460 0.00889998 -0.00088239
v 0.01204488 0.00889998 0.00003894
v 0.01204488 0.02097932 0.00194170
v 0.01142438 0.02112259 0.00173260
v 0.01010764 0.02042627 0.00003502
v 0.00635460 0.01875633 -0.00321118
v 0.00635460 0.00889998 -0.00468007
v 0.01115981 0.00889998 -0.00071119
v 0.00635460 0.01158821 -0.00537400
v 0.01204488 0.01158821 -0.00041846
v 0.01204488 0.01936330 0.00094458
v 0.01148120 0.01942954 0.00054207
v 0.01067244 0.01873322 -0.00040800
v 0.00780892 0.01820173 -0.00267799
v 0.00635460 0.01679676 -0.00430631
v 0.00635460 0.01022176 -0.00502638
v 0.00835589 0.00889998 -0.00302953
v 0.01108963 0.00889998 -0.00077000
v 0.00635460 0.01412702 -0.00520673
v 0.00706421 0.01412702 -0.00462126
v 0.01204488 0.01412702 -0.00041192
v 0.01204488 0.01707560 0.00014610
v 0.01204488 0.01666582 0.00000365
v 0.01111581 0.01666582 -0.00075824
v 0.03794145 0.02936473 0.02944167
v 0.03794145 0.02634716 0.02944167
v 0.03794145 0.02930214 0.02919512
v 0.03681129 0.02945577 0.02919512
v 0.03680848 0.02951836 0.02944167
v 0.02356463 0.02512857 0.02944167
v 0.03794145 0.01989097 0.02558288
v 0.03794145 0.02850555 0.02700798
v 0.03674514 0.02863736 0.02658960
v 0.03173472 0.02826562 0.02245998
v 0.03173472 0.02882134 0.02411855
v 0.03427371 0.02913903 0.02665684
v 0.02919714 0.02912101 0.02411855
v 0.03173472 0.02936473 0.02665684
v 0.02919714 0.02943775 0.02665684
v 0.03427371 0.02955724 0.02919512
v 0.03427371 0.02957810 0.02944167
v 0.02356463 0.02831493 0.02944167
v 0.02356463 0.01989097 0.01418767
v 0.02402204 0.01989097 0.01455562
v 0.03794145 0.01989097 0.02169607
v 0.03794145 0.02770327 0.02581448
v 0.03754878 0.02782181 0.02569868
v 0.03301688 0.02809587 0.02283727
v 0.02973055 0.02789008 0.02065012
v 0.02803742 0.02811294 0.02025789
v 0.02900995 0.02842304 0.02152984
v 0.02665815 0.02914567 0.02411855
v 0.02665815 0.02863831 0.02157840
v 0.02665815 0.02931257 0.02665684
v 0.02919714 0.02953922 0.02919512
v 0.03173472 0.02955724 0.02944167
v 0.02376730 0.02839933 0.02944167
v 0.02356463 0.02841356 0.02903263
v 0.02356463 0.01989097 0.01036063
v 0.03152642 0.02174305 0.01692394
v 0.03794145 0.02175822 0.02207709
v 0.03794145 0.02646001 0.02455187
v 0.03059048 0.02564445 0.01766544
v 0.02919714 0.02596214 0.01720411
v 0.02591081 0.02577437 0.01491610
v 0.02411916 0.02602189 0.01443982
v 0.02665815 0.02818501 0.02007112
v 0.02356463 0.02606172 0.01428853
v 0.02411916 0.02889152 0.02411855
v 0.02411916 0.02862883 0.02157840
v 0.02356463 0.02857383 0.02157840
v 0.02411916 0.02824950 0.01974986
v 0.02411916 0.02884505 0.02665684
v 0.02665815 0.02926231 0.02919512
v 0.02919714 0.02953543 0.02944167
v 0.02401501 0.02849417 0.02944167
v 0.02395589 0.02850744 0.02926423
v 0.02356463 0.02869142 0.02665684
v 0.02356463 0.02014228 0.01041106
v 0.02990929 0.02174305 0.01565387
v 0.02839772 0.02360461 0.01489182
v 0.03794145 0.02357995 0.02250668
v 0.03794145 0.02488485 0.02330421
v 0.03109012 0.02428266 0.01726201
v 0.02552517 0.02317881 0.01259261
v 0.02760393 0.02529547 0.01542973
v 0.02411916 0.02497399 0.01316975
v 0.02356463 0.02514943 0.01303713
v 0.02356463 0.02697685 0.01650370
v 0.02356463 0.02877961 0.02411295
v 0.02356463 0.02823717 0.01973492
v 0.02665815 0.02923386 0.02944167
v 0.02356463 0.02133906 0.01068936
v 0.02356463 0.02189952 0.01087800
v 0.02411916 0.02370608 0.01212380
v 0.02356463 0.02387488 0.01195757
v 0.12316818 0.01575319 0.10103753
v 0.12281133 0.01599177 0.10103753
v 0.11744757 0.01575319 0.10103753
v 0.12310350 0.01575319 0.10082676
v 0.12261507 0.01596890 0.10028109
v 0.12040712 0.01731733 0.10026001
v 0.11949941 0.01794161 0.10103753
v 0.10038388 0.01804451 0.10103753
v 0.10087900 0.01575319 0.07711484
v 0.12230730 0.01575319 0.09904690
v 0.11688555 0.01800564 0.09375183
v 0.11719109 0.01819010 0.09520381
v 0.11769067 0.01844393 0.09774246
v 0.11924293 0.01783489 0.09940053
v 0.11936113 0.01801479 0.10103753
v 0.10038388 0.02112020 0.10103753
v 0.10038388 0.01661529 0.07711484
v 0.10054223 0.01633402 0.07711484
v 0.10543541 0.01575319 0.07711484
v 0.12194377 0.01575319 0.09832559
v 0.11638820 0.01761460 0.09205862
v 0.11469543 0.01822212 0.09074949
v 0.10677133 0.02055689 0.08362069
v 0.10719285 0.02077185 0.08505160
v 0.11552955 0.01846146 0.09281037
v 0.11551394 0.01902096 0.09520381
v 0.11335282 0.02003551 0.09520381
v 0.11208381 0.02061101 0.09520381
v 0.11825938 0.01844774 0.10026001
v 0.11239381 0.02069486 0.09774246
v 0.11212841 0.02059424 0.10028109
v 0.11824377 0.01839972 0.10103753
v 0.10284162 0.02145635 0.10103753
v 0.10038388 0.02140299 0.10028109
v 0.10038388 0.02101882 0.07711484
v 0.10513210 0.01651391 0.07711484
v 0.10694306 0.01586219 0.07841695
v 0.10695868 0.01575319 0.07840056
v 0.12042719 0.01575319 0.09561599
v 0.11919163 0.01575319 0.09352700
v 0.11728476 0.01592164 0.09068391
v 0.11183402 0.01804146 0.08614762
v 0.10536182 0.02156992 0.08505160
v 0.10953685 0.01827395 0.08331624
v 0.10780394 0.01916274 0.08262304
v 0.10599297 0.02005152 0.08192748
v 0.10068719 0.02082902 0.07711484
v 0.10038388 0.02116212 0.07744037
v 0.10038388 0.02216219 0.08010547
v 0.10038388 0.02276437 0.08209844
v 0.10801136 0.02095479 0.08772842
v 0.11177603 0.02050125 0.09381506
v 0.10536182 0.02200136 0.08759024
v 0.10185808 0.02309366 0.08583380
v 0.10417086 0.02304031 0.09107501
v 0.11043788 0.02126883 0.09774246
v 0.11043788 0.02100357 0.10028109
v 0.11193884 0.02053936 0.10103753
v 0.10536182 0.02154782 0.10103753
v 0.10282155 0.02168655 0.10028109
v 0.10142318 0.02303040 0.09407033
v 0.10038388 0.02197925 0.09774246
v 0.10486670 0.01695831 0.07711484
v 0.10633867 0.01755439 0.07901179
v 0.10947440 0.01583322 0.08093217
v 0.10948779 0.01575319 0.08091811
v 0.10703896 0.01575319 0.07847550
v 0.11753455 0.01575319 0.09087595
v 0.11735613 0.01575319 0.09063005
v 0.11634805 0.01575319 0.08927876
v 0.10038388 0.02304335 0.08323427
v 0.10883655 0.01752618 0.08162537
v 0.10714379 0.01835932 0.08070266
v 0.11122961 0.01733562 0.08445441
v 0.10237104 0.01960637 0.07711484
v 0.10038388 0.02336579 0.08489235
v 0.10042403 0.02337341 0.08501179
v 0.10038388 0.02338408 0.08501413
v 0.10038388 0.02354034 0.08759024
v 0.10417086 0.02304031 0.09175183
v 0.10789985 0.02179631 0.09774246
v 0.10789985 0.02151657 0.10028109
v 0.11043788 0.02085417 0.10103753
v 0.10791992 0.02132219 0.10103753
v 0.10536182 0.02174829 0.10028109
v 0.10182685 0.02303040 0.09407033
v 0.10038388 0.02338865 0.09012888
v 0.10038388 0.02323925 0.09156213
v 0.10038388 0.02312263 0.09259258
v 0.10312932 0.01885021 0.07711484
v 0.10464590 0.01841116 0.07813592
v 0.11170466 0.01575319 0.08345207
v 0.10954800 0.01575319 0.08097901
v 0.11533329 0.01575319 0.08798134
v 0.11373866 0.01575319 0.08597666
v 0.10277694 0.01922295 0.07711484
v 0.10273234 0.02309747 0.09262536
v -0.00367934 0.00144274 -0.00888446
v -0.00126907 0.00176201 -0.00888446
v 0.00520054 0.00268478 -0.00240925
v -0.00367934 0.00144874 -0.00875413
v -0.00367934 0.00147176 -0.01129358
v 0.00506402 0.00274784 -0.00497103
v 0.00520054 0.00268478 -0.00328055
v -0.00367934 0.00172898 -0.00621469
v -0.00367934 0.00171297 -0.00634501
v 0.00635460 0.00316619 -0.00125868
v 0.00635460 0.00392383 0.00634475
v 0.00635460 0.00418705 0.00888420
v 0.00635460 0.00449330 0.01142364
v -0.00367934 0.00149679 -0.01141645
v 0.00266062 0.00260672 -0.00774134
v 0.00635460 0.01158727 -0.00537318
v 0.00635460 0.00651100 -0.00423750
v 0.00635460 0.00392883 -0.00364546
v 0.00635460 0.00380873 -0.00353003
v 0.00635460 0.00321323 -0.00142996
v -0.00367934 0.00214833 -0.00380557
v 0.00634674 0.00449330 0.01142364
v 0.00635460 0.00494268 0.01309922
v -0.00367934 0.00216235 -0.01349790
v -0.00141738 0.00221739 -0.01127868
v 0.00018357 0.00253266 -0.01033663
v 0.00633692 0.01166733 -0.00538435
v 0.00635460 0.01166733 -0.00536573
v -0.00236224 0.00249963 -0.01286118
v -0.00367934 0.00904813 -0.01446974
v -0.00367934 0.00216635 -0.00370504
v 0.00431756 0.00718957 0.02096330
v -0.00317352 0.00516387 0.01063797
v -0.00126907 0.00501474 0.01073479
v -0.00126907 0.00458838 0.00888420
v 0.00635460 0.00722160 0.02157396
v 0.00635362 0.00721960 0.02157396
v -0.00367934 0.00222139 -0.01362823
v 0.00588315 0.01166733 -0.00578276
v -0.00222081 0.01101579 -0.01298406
v 0.00635460 0.01166733 0.02318997
v -0.00367934 0.00406995 -0.01397451
v -0.00367934 0.00926932 -0.01443623
v -0.00367934 0.00486762 0.00907037
v 0.00635460 0.00904813 0.02356232
v -0.00004332 0.00769800 0.01780948
v -0.00270699 0.00744679 0.01538174
v -0.00367934 0.00681526 0.01381414
v -0.00367934 0.00671017 0.01363541
v -0.00367934 0.00565228 0.01170663
v -0.00367934 0.00540707 0.01118161
v -0.00367934 0.00498672 0.00961028
v 0.00317234 0.01158727 -0.00817326
v 0.00316743 0.01166733 -0.00816582
v -0.00367934 0.01163331 -0.01388887
v -0.00367934 0.01166733 -0.01387770
v -0.00238090 0.01166733 -0.01283511
v 0.00043893 0.01166733 -0.01053398
v 0.00044777 0.01158727 -0.01054515
v 0.00164701 0.01166733 -0.00948767
v 0.00558948 0.01166733 0.02240059
v -0.00240938 0.00996290 0.01509876
v 0.00635460 0.01158727 0.02322348
v 0.00635460 0.01083463 0.02335753
v -0.00270699 0.00827048 0.01538174
v -0.00004332 0.00807031 0.01780948
v -0.00367934 0.00902111 0.01416415
v -0.00367934 0.01166733 0.01264868
v 0.00431560 0.01166733 0.02107873
v -0.00367934 0.01106983 0.01303965
v -0.00367934 0.00919526 0.01410458
v 0.00009615 0.00976273 0.01767916
v 0.00185818 0.01166733 0.01852812
v 0.00061180 0.01166733 0.01722116
v -0.00367934 0.01158727 0.01270453
v 0.00055581 0.01166733 0.01716159
v 0.03101256 0.02391741 0.04769816
v 0.03101256 0.02386556 0.04770098
v 0.03207327 0.02386556 0.04861807
v 0.03230113 0.02428246 0.04877701
v 0.03105184 0.02428246 0.04769816
v 0.03114351 0.02386556 0.04769816
v 0.03228017 0.02386556 0.04879108
v 0.03267303 0.02589958 0.04850273
v 0.04743399 0.02386556 0.06075683
v 0.03106756 0.02431862 0.04769816
v 0.03640780 0.02386556 0.04769816
v 0.03372851 0.02756856 0.04769816
v 0.03226708 0.02631171 0.04769816
v 0.04796566 0.02386556 0.06116896
v 0.04860732 0.02386556 0.06165564
v 0.04952399 0.02421491 0.06206636
v 0.04957899 0.02426745 0.06206636
v 0.04868328 0.02521725 0.06062884
v 0.03648113 0.02386556 0.04774177
v 0.05776614 0.02581907 0.04769816
v 0.03377565 0.02760131 0.04769816
v 0.04864399 0.02386556 0.06168236
v 0.04929613 0.02386556 0.06206636
v 0.04962875 0.02430156 0.06206636
v 0.05037518 0.02574401 0.06120413
v 0.03543613 0.02814649 0.04830159
v 0.03654137 0.02386556 0.04777975
v 0.05776614 0.02849994 0.04769816
v 0.05776614 0.02539670 0.05228080
v 0.05562114 0.02386556 0.06206636
v 0.05470971 0.02386556 0.06130681
v 0.04420470 0.02386556 0.05315709
v 0.04207542 0.02386556 0.05161548
v 0.03924946 0.02386556 0.04958720
v 0.03501970 0.02833823 0.04769816
v 0.05215090 0.02597054 0.06206636
v 0.03605946 0.02873875 0.04769816
v 0.05776614 0.02856066 0.04953516
v 0.05712185 0.02866779 0.04769816
v 0.05776614 0.02460793 0.06206636
v 0.05223732 0.02599852 0.06206636
v 0.03681375 0.02901168 0.04769816
v 0.05776614 0.02826999 0.05711661
v 0.05188113 0.02975269 0.04769816
v 0.04653042 0.03081099 0.04769816
v 0.05776614 0.02720897 0.06206636
v 0.05458399 0.02668289 0.06206636
v 0.03924423 0.02975611 0.04769816
v 0.05776614 0.02816901 0.05929118
v 0.04470232 0.03083623 0.04769816
v 0.04607208 0.03068680 0.04839583
v 0.05776614 0.02798341 0.06057539
v 0.05776614 0.02814990 0.05954014
v 0.05776614 0.02760267 0.06205933
v 0.05749899 0.02751534 0.06206636
v 0.04156994 0.03034154 0.04769816
v 0.04386423 0.03071614 0.04769816
v 0.04346351 0.03052577 0.04813561
v 0.04515280 0.03068680 0.04839583
v 0.05776614 0.02775825 0.06156421
v 0.04189208 0.03040705 0.04769816
v 0.08752970 0.01660368 0.10219430
v 0.08752970 0.01690402 0.10190708
v 0.08651946 0.01660368 0.10144801
v 0.08752970 0.01660368 0.09703406
v 0.08752970 0.01759499 0.10120006
v 0.08706547 0.01744862 0.10104294
v 0.08418146 0.01762826 0.09870095
v 0.08516044 0.01660368 0.10039239
v 0.08184106 0.01660368 0.09007927
v 0.08752970 0.02319690 0.07711729
v 0.08752970 0.01836295 0.10011498
v 0.08587483 0.01816621 0.09935150
v 0.08142254 0.01778033 0.09622885
v 0.08236302 0.01685745 0.09784418
v 0.08262040 0.01660368 0.09828116
v 0.08364988 0.01660368 0.09914529
v 0.07101943 0.02305433 0.08130538
v 0.07977728 0.01660368 0.08786248
v 0.06707226 0.01660368 0.07711729
v 0.08752970 0.02566330 0.07711729
v 0.08752970 0.01989221 0.09711999
v 0.07389622 0.02546750 0.07857551
v 0.07235680 0.02430131 0.07997236
v 0.07235680 0.02335087 0.08171290
v 0.08093666 0.01660368 0.09675420
v 0.07085827 0.02067633 0.08399843
v 0.08182182 0.01660368 0.09755942
v 0.07048544 0.02342215 0.07997236
v 0.06866219 0.02290606 0.07844785
v 0.06921782 0.02244225 0.07997236
v 0.06839280 0.02066587 0.08144286
v 0.07009337 0.02151652 0.08221862
v 0.06297355 0.01660368 0.07711729
v 0.08752970 0.02588000 0.07712465
v 0.08538413 0.02611571 0.07711729
v 0.08752970 0.02032466 0.09624112
v 0.07558718 0.02561102 0.07884064
v 0.07480544 0.02582962 0.07761073
v 0.07481987 0.02595793 0.07711729
v 0.07366531 0.02574694 0.07711729
v 0.07286433 0.02553594 0.07711729
v 0.07231110 0.02517192 0.07761073
v 0.08752970 0.02068488 0.09548500
v 0.08752970 0.02331951 0.08990006
v 0.08752970 0.02414639 0.08764645
v 0.07108918 0.01792860 0.08631833
v 0.07094727 0.01660368 0.08649018
v 0.07205853 0.02522229 0.07711729
v 0.06966281 0.02398957 0.07711729
v 0.06793818 0.02117341 0.07997236
v 0.06891716 0.02348868 0.07711729
v 0.06784197 0.02261143 0.07711729
v 0.06639876 0.02129411 0.07711729
v 0.06458033 0.01944645 0.07711729
v 0.06406558 0.01890660 0.07711729
v 0.06799351 0.01920504 0.08196576
v 0.06907591 0.01920504 0.08323495
v 0.06295913 0.01666546 0.07711729
v 0.06858522 0.01660368 0.08375048
v 0.08504739 0.02617178 0.07711729
v 0.08752970 0.02589235 0.07743397
v 0.07743207 0.02569561 0.07902722
v 0.07743207 0.02609765 0.07743397
v 0.08752970 0.02416635 0.08758753
v 0.07743207 0.02615372 0.07711729
v 0.06863333 0.01733837 0.08370139
v 0.08250975 0.02631340 0.07711729
v 0.08504739 0.02616513 0.07743397
v 0.08752970 0.02579256 0.07997727
v 0.08580747 0.02561673 0.08158525
v 0.07996970 0.02624402 0.07743397
v 0.08752970 0.02563003 0.08172763
v 0.07996970 0.02628203 0.07711729
v 0.08250975 0.02628964 0.07743397
v 0.03794145 0.02934989 0.04769816
v 0.03794145 0.02562843 0.04769816
v 0.03794145 0.02957603 0.04732646
v 0.03681129 0.02945670 0.04696726
v 0.03681129 0.02901178 0.04769816
v 0.03651995 0.02424651 0.04769816
v 0.03794145 0.02634812 0.02944345
v 0.03794145 0.02980513 0.04694939
v 0.03794145 0.03039738 0.04585750
v 0.03681129 0.03038780 0.04506941
v 0.03446230 0.02859411 0.04689042
v 0.03605691 0.02873922 0.04769816
v 0.03104649 0.02424651 0.04769816
v 0.02925906 0.02424651 0.03789620
v 0.02641325 0.02424651 0.03453476
v 0.02413605 0.02424651 0.03189350
v 0.02409101 0.02424651 0.03184346
v 0.02406004 0.02424651 0.03180951
v 0.02356463 0.02424651 0.03139670
v 0.02356463 0.02512899 0.02944345
v 0.03794145 0.02936462 0.02944345
v 0.02839913 0.02424651 0.03684720
v 0.03794145 0.03054691 0.04555192
v 0.03449890 0.02988247 0.04421163
v 0.03549535 0.03064710 0.04322160
v 0.03501823 0.02833776 0.04769816
v 0.03270162 0.02829651 0.04599332
v 0.03105071 0.02428187 0.04769816
v 0.03102819 0.02428187 0.04767851
v 0.03102678 0.02424651 0.04768029
v 0.02356463 0.02424651 0.03681325
v 0.02356463 0.02831492 0.02944345
v 0.03680848 0.02951858 0.02944345
v 0.03794145 0.03069719 0.03284600
v 0.03794145 0.03091155 0.04421163
v 0.03681129 0.03079958 0.04380061
v 0.03221465 0.02862873 0.04442786
v 0.02356463 0.02807110 0.03065686
v 0.03681129 0.03122756 0.04188846
v 0.03517868 0.03078706 0.04188846
v 0.03377266 0.02760260 0.04769816
v 0.02356463 0.02664277 0.03416484
v 0.03094515 0.02764091 0.04442786
v 0.03023722 0.02589509 0.04602012
v 0.03183887 0.02674369 0.04685289
v 0.03372763 0.02756945 0.04769816
v 0.03374170 0.02759229 0.04768565
v 0.03106619 0.02431870 0.04769816
v 0.02996559 0.02428187 0.04640970
v 0.02996418 0.02424651 0.04641149
v 0.02356463 0.02444393 0.03677750
v 0.02376730 0.02839964 0.02944345
v 0.02356463 0.02828251 0.02963288
v 0.03427371 0.02957751 0.02944345
v 0.03794145 0.03115243 0.03419700
v 0.03794145 0.03140362 0.04188846
v 0.02356463 0.02770131 0.03177019
v 0.03681129 0.03163271 0.03935086
v 0.03484934 0.03099405 0.03935086
v 0.02401501 0.02849392 0.02944345
v 0.02356463 0.02570799 0.03581607
v 0.03226532 0.02631129 0.04769816
v 0.02356463 0.02492716 0.03648979
v 0.03173472 0.02955688 0.02944345
v 0.03794145 0.03149349 0.03568383
v 0.02919714 0.02953478 0.02944345
v 0.03794145 0.03176825 0.03935086
v 0.03794145 0.03177193 0.03822323
v 0.03794145 0.03172552 0.03681325
v 0.03681129 0.03154873 0.03681325
v 0.02665815 0.02923424 0.02944345
v 0.01204488 0.01586515 -0.00012651
v 0.01204488 0.01666577 0.00000355
v 0.01510148 0.01586515 0.00228428
v 0.01204488 0.01586515 0.00367156
v 0.01204488 0.01707739 0.00014680
v 0.01341251 0.01920444 0.00192238
v 0.02356210 0.02133863 0.01068715
v 0.01531908 0.01586515 0.00246711
v 0.01831367 0.01586515 0.00890027
v 0.01204488 0.02204646 0.01912961
v 0.01204488 0.01936504 0.00094600
v 0.01304044 0.02075096 0.00227862
v 0.02257330 0.02248186 0.01034033
v 0.02356210 0.02189895 0.01087564
v 0.02356210 0.02014187 0.01041007
v 0.02356210 0.01666577 0.00966742
v 0.02356210 0.01586515 0.00951852
v 0.02157660 0.01586515 0.01158059
v 0.02356210 0.01586515 0.01320538
v 0.02356210 0.02507287 0.01912961
v 0.01204488 0.02582472 0.01912961
v 0.01204488 0.02098055 0.00194311
v 0.02356210 0.02514901 0.01303573
v 0.02356210 0.02387373 0.01195569
v 0.02356210 0.02797556 0.01912961
v 0.01206066 0.02583304 0.01912961
v 0.01204488 0.02583899 0.01907118
v 0.01204488 0.02222133 0.00354339
v 0.01288260 0.02307549 0.00497591
v 0.02256766 0.02546188 0.01279824
v 0.02356210 0.02606145 0.01428731
v 0.02157886 0.02801720 0.01912961
v 0.02356210 0.02697628 0.01650206
v 0.01904090 0.02666578 0.01396310
v 0.01396385 0.02657775 0.01912961
v 0.01396385 0.02659560 0.01903913
v 0.01204488 0.02584613 0.01902971
v 0.01204488 0.02316709 0.00480062
v 0.02087531 0.02567125 0.01247403
v 0.02166455 0.02619826 0.01377273
v 0.01650294 0.02670861 0.01396310
v 0.01650294 0.02710119 0.01650206
v 0.02091026 0.02794106 0.01912961
v 0.01904090 0.02585803 0.01213664
v 0.01650294 0.02596866 0.01177285
v 0.01299422 0.02557965 0.01007079
v 0.01650294 0.02716662 0.01912961
v 0.01650294 0.02717375 0.01903913
v 0.01396385 0.02665865 0.01650206
v 0.01204488 0.02609357 0.01639651
v 0.01204488 0.02391299 0.00633304
v 0.01238538 0.02557965 0.01007079
v 0.01396385 0.02640882 0.01396310
v 0.01923257 0.02768054 0.01912961
v 0.01204488 0.02602933 0.01396310
v 0.01204488 0.02537980 0.00969570
v 0.01204488 0.02562010 0.01059668
v -0.00367934 0.01166733 0.00810672
v -0.00367934 0.01692733 0.00363442
v 0.00634674 0.02012842 0.00363442
v 0.00202123 0.01166733 0.01417763
v -0.00367934 0.01166733 0.01265368
v -0.00367934 0.02067672 0.00363442
v 0.00635460 0.02193474 0.00363442
v 0.00635460 0.02081842 0.00475824
v 0.00635460 0.01166733 0.01888733
v 0.00623575 0.01166733 0.01874757
v 0.00362512 0.01166733 0.01590644
v 0.00055581 0.01166733 0.01716236
v 0.00507777 0.02047096 0.01776926
v -0.00367934 0.01712817 0.00960770
v -0.00367934 0.02042660 0.00517369
v -0.00293387 0.02073340 0.00634728
v -0.00341514 0.02084922 0.00363442
v 0.00634674 0.02312991 0.00363442
v 0.00635460 0.02335416 0.00409965
v 0.00635460 0.01166733 0.02319115
v 0.00061180 0.01166733 0.01722171
v 0.00185818 0.01166733 0.01852932
v 0.00635460 0.01256310 0.02281016
v 0.00635460 0.01981176 0.01938702
v 0.00635460 0.02122749 0.01855995
v 0.00635460 0.02250891 0.01731169
v 0.00435586 0.02129649 0.01607683
v -0.00367934 0.01881496 0.00852983
v -0.00367934 0.01999658 0.00685463
v -0.00269029 0.02058062 0.00780806
v -0.00327567 0.02090590 0.00380864
v 0.00259973 0.02295371 0.00996380
v 0.00229427 0.02310404 0.00827137
v -0.00331692 0.02090467 0.00363442
v 0.00530170 0.02297959 0.00363442
v 0.00423702 0.02322232 0.00445192
v 0.00634674 0.02335662 0.00410348
v 0.00635460 0.02393080 0.00634154
v 0.00558948 0.01166733 0.02240237
v 0.00635460 0.02335416 0.01612278
v 0.00510036 0.02298945 0.01518467
v 0.00469668 0.02325436 0.01349224
v 0.00420363 0.02345273 0.01142457
v 0.00229427 0.02310404 0.00678571
v 0.00634674 0.02425362 0.01142457
v -0.00126907 0.02166120 0.00363442
v 0.00356325 0.02266293 0.00363442
v 0.00126986 0.02221074 0.00363442
v 0.00254473 0.02300670 0.00509328
v 0.00355735 0.02338127 0.00610223
v 0.00634674 0.02393203 0.00634728
v 0.00635460 0.02423391 0.00887827
v 0.00635460 0.02369423 0.01494918
v 0.00610709 0.02378910 0.01418721
v 0.00635460 0.02390985 0.01416615
v 0.00634674 0.02423391 0.00888593
v 0.00635460 0.02425485 0.01141882
v -0.00367934 0.01166733 -0.01387788
v -0.00367934 0.01173353 -0.01384874
v 0.00024741 0.01326288 -0.01034834
v -0.00238090 0.01166733 -0.01283736
v -0.00367934 0.01166733 -0.00988893
v -0.00367934 0.01315853 -0.01296593
v -0.00038904 0.01495493 -0.00992836
v 0.00487347 0.01774096 -0.00498974
v 0.00303090 0.01367804 -0.00800673
v 0.00628486 0.01680406 -0.00435720
v 0.00635460 0.01679844 -0.00430748
v 0.00579377 0.01412686 -0.00567028
v 0.00043893 0.01166733 -0.01053518
v 0.00230311 0.01166733 -0.00488688
v -0.00367934 0.01692748 0.00363442
v -0.00367934 0.01414930 -0.01222196
v -0.00208232 0.01562703 -0.01041862
v 0.00634674 0.02003442 -0.00227615
v 0.00635460 0.02002545 -0.00227958
v 0.00634674 0.01876539 -0.00321382
v 0.00635460 0.01412686 -0.00520744
v 0.00635460 0.01875641 -0.00321211
v 0.00316743 0.01166733 -0.00816787
v 0.00621120 0.01166733 -0.00167961
v 0.00635460 0.01166733 -0.00157161
v 0.00634674 0.02012867 0.00363442
v -0.00367934 0.02067623 0.00363442
v -0.00367934 0.01589408 -0.01075460
v 0.00503357 0.02046753 -0.00253328
v 0.00634674 0.02111158 -0.00100764
v 0.00635460 0.02110597 -0.00100764
v 0.00635460 0.01166733 -0.00536858
v 0.00588315 0.01166733 -0.00578341
v 0.00635460 0.02003667 0.00348700
v 0.00635460 0.02193517 0.00363442
v -0.00341514 0.02085015 0.00363442
v -0.00367934 0.02074355 0.00330701
v -0.00367934 0.01706886 -0.00930267
v 0.00126986 0.02066389 -0.00284012
v 0.00403567 0.02111720 -0.00152019
v -0.00367934 0.01817856 -0.00791760
v -0.00126907 0.02002993 -0.00435891
v 0.00634674 0.02210908 0.00126882
v 0.00635460 0.02210459 0.00126196
v 0.00634674 0.02313014 0.00363442
v 0.00635460 0.02273743 0.00282703
v -0.00331692 0.02090513 0.00363442
v -0.00367934 0.02089727 0.00212078
v -0.00126907 0.02072897 -0.00308868
v 0.00126986 0.02142015 -0.00126991
v -0.00367934 0.01909639 -0.00635253
v -0.00126907 0.02134273 -0.00126991
v -0.00126907 0.02171412 0.00126882
v 0.00530170 0.02297867 0.00363442
v -0.00126907 0.02166026 0.00363442
v -0.00367934 0.02096684 0.00113340
v -0.00367934 0.02012419 -0.00422177
v -0.00367934 0.02061340 -0.00295326
v -0.00367934 0.02090176 -0.00126991
v 0.00126986 0.02221119 0.00363442
v 0.00356325 0.02266337 0.00363442
v 0.00635460 0.00316567 -0.00125756
v 0.00635460 0.00321338 -0.00142963
v 0.01204488 0.00442749 0.00182580
v 0.01204488 0.00400482 0.00379172
v 0.01204488 0.00388077 0.00442857
v 0.01204488 0.00388470 0.00696607
v 0.01204488 0.00397676 0.00888452
v 0.01204488 0.00402391 0.00950554
v 0.01142438 0.00398125 0.00888452
v 0.00888615 0.00407386 0.00888452
v 0.00635460 0.00392343 0.00634504
v 0.00635460 0.00380780 -0.00353201
v 0.01204488 0.00453694 0.00150738
v 0.01204488 0.00427425 0.01204304
v 0.00888615 0.00433936 0.01142400
v 0.00635460 0.00418669 0.00888452
v 0.00635460 0.00392849 -0.00364673
v 0.01056884 0.00478392 -0.00033987
v 0.01204488 0.00650993 0.00043147
v 0.01204488 0.00463966 0.01412169
v 0.00635460 0.00449260 0.01142400
v 0.00785069 0.00474463 -0.00273101
v 0.00635460 0.00650993 -0.00423808
v 0.01204488 0.00667496 0.00040378
v 0.01084065 0.00650993 -0.00056732
v 0.01108963 0.00889942 -0.00076905
v 0.01204488 0.00500227 0.01552196
v 0.00635460 0.00494277 0.01309918
v 0.00635460 0.00681753 -0.00429742
v 0.00635460 0.00889942 -0.00467913
v 0.00835589 0.00889942 -0.00302966
v 0.01204488 0.00889942 0.00003986
v 0.01115981 0.00889942 -0.00070972
v 0.01204488 0.00572186 0.01552196
v 0.01189950 0.00501293 0.01550021
v 0.01189950 0.00570334 0.01550021
v 0.00635460 0.00587734 0.01309127
v 0.00635460 0.00889942 -0.00088178
v 0.01204488 0.00889942 0.00390841
v 0.01204488 0.00629327 0.01412169
v 0.00635460 0.00662163 0.01141608
f 1 2 11
f 1 11 37
f 1 37 63
f 1 63 92
f 1 92 131
f 1 131 193
f 1 193 192
f 1 192 264
f 1 264 328
f 1 328 327
f 1 327 390
f 1 390 463
f 1 463 462
f 1 462 461
f 1 461 465
f 1 465 515
f 1 515 543
f 1 543 519
f 1 519 518
f 1 518 517
f 1 517 468
f 1 468 391
f 1 391 329
f 1 329 266
f 1 266 265
f 1 265 197
f 1 197 195
f 1 195 137
f 1 137 98
f 1 98 68
f 1 68 44
f 1 44 17
f 1 17 3
f 1 3 4
f 1 4 5
f 1 5 6
f 1 6 2
f 2 6 7
f 2 7 8
f 2 8 9
f 2 9 10
f 2 10 11
f 3 12 13
f 3 13 14
f 3 14 15
f 3 15 16
f 3 16 4
f 3 17 18
f 3 18 19
f 3 19 12
f 4 20 21
f 4 21 5
f 4 16 22
f 4 22 23
f 4 23 20
f 5 21 24
f 5 24 6
f 6 24 25
f 6 25 7
f 7 25 9
f 7 9 8
f 9 25 26
f 9 26 27
f 9 27 28
f 9 28 29
f 9 29 30
f 9 30 31
f 9 31 32
f 9 32 33
f 9 33 34
f 9 34 35
f 9 35 36
f 9 36 37
f 9 37 10
f 10 37 11
f 12 38 39
f 12 39 13
f 12 19 38
f 13 39 40
f 13 40 14
f 14 41 16
f 14 16 15
f 14 40 42
f 14 42 41
f 16 41 22
f 17 43 18
f 17 44 45
f 17 45 43
f 18 46 47
f 18 47 48
f 18 48 19
f 18 43 45
f 18 45 46
f 19 48 49
f 19 49 38
f 20 50 21
f 20 23 51
f 20 51 50
f 21 50 53
f 21 53 24
f 22 41 23
f 23 41 52
f 23 52 51
f 24 26 25
f 24 53 54
f 24 54 26
f 26 54 28
f 26 28 27
f 28 54 55
f 28 55 30
f 28 30 29
f 30 55 56
f 30 56 57
f 30 57 32
f 30 32 31
f 32 57 58
f 32 58 59
f 32 59 60
f 32 60 33
f 33 60 34
f 34 60 59
f 34 59 58
f 34 58 61
f 34 61 62
f 34 62 36
f 34 36 35
f 36 62 37
f 37 62 63
f 38 64 40
f 38 40 39
f 38 49 65
f 38 65 64
f 40 64 66
f 40 66 42
f 41 42 66
f 41 66 52
f 44 67 45
f 44 68 69
f 44 69 70
f 44 70 71
f 44 71 72
f 44 72 73
f 44 73 67
f 45 67 74
f 45 74 75
f 45 75 76
f 45 76 77
f 45 77 46
f 46 77 47
f 47 49 48
f 47 77 49
f 49 77 78
f 49 78 65
f 50 51 79
f 50 79 82
f 50 82 53
f 51 52 79
f 52 66 80
f 52 80 81
f 52 81 79
f 53 82 83
f 53 83 84
f 53 84 54
f 54 84 55
f 55 85 86
f 55 86 56
f 55 84 85
f 56 86 57
f 57 87 58
f 57 86 88
f 57 88 89
f 57 89 90
f 57 90 91
f 57 91 87
f 58 87 61
f 61 87 91
f 61 91 62
f 62 91 63
f 63 91 92
f 64 93 94
f 64 94 66
f 64 65 95
f 64 95 96
f 64 96 93
f 65 78 97
f 65 97 95
f 66 94 80
f 67 73 74
f 68 98 99
f 68 99 69
f 69 99 100
f 69 100 70
f 70 101 71
f 70 100 102
f 70 102 103
f 70 103 104
f 70 104 105
f 70 105 73
f 70 73 101
f 71 101 72
f 72 101 73
f 73 105 104
f 73 104 106
f 73 106 107
f 73 107 74
f 74 107 75
f 75 108 109
f 75 109 76
f 75 107 110
f 75 110 108
f 76 111 112
f 76 112 78
f 76 78 77
f 76 109 113
f 76 113 111
f 78 112 97
f 79 81 114
f 79 114 82
f 80 94 93
f 80 93 96
f 80 96 115
f 80 115 81
f 81 115 116
f 81 116 117
f 81 117 114
f 82 118 84
f 82 84 83
f 82 114 119
f 82 119 118
f 84 118 119
f 84 119 120
f 84 120 85
f 85 120 86
f 86 120 121
f 86 121 122
f 86 122 123
f 86 123 88
f 88 123 89
f 89 124 125
f 89 125 126
f 89 126 127
f 89 127 91
f 89 91 90
f 89 123 122
f 89 122 128
f 89 128 124
f 91 127 129
f 91 129 130
f 91 130 92
f 92 130 131
f 95 132 133
f 95 133 96
f 95 97 132
f 96 133 116
f 96 116 115
f 97 112 134
f 97 134 135
f 97 135 136
f 97 136 133
f 97 133 132
f 98 137 99
f 99 138 100
f 99 137 138
f 100 138 139
f 100 139 140
f 100 140 141
f 100 141 102
f 102 141 103
f 103 141 142
f 103 142 143
f 103 143 104
f 104 143 144
f 104 144 110
f 104 110 106
f 106 110 107
f 108 145 109
f 108 110 146
f 108 146 147
f 108 147 148
f 108 148 145
f 109 145 149
f 109 149 113
f 110 144 150
f 110 150 146
f 111 151 152
f 111 152 112
f 111 113 153
f 111 153 151
f 112 152 134
f 113 149 154
f 113 154 153
f 114 155 119
f 114 117 156
f 114 156 157
f 114 157 155
f 116 158 117
f 116 133 136
f 116 136 159
f 116 159 160
f 116 160 158
f 117 158 156
f 119 161 120
f 119 155 157
f 119 157 162
f 119 162 163
f 119 163 161
f 120 161 163
f 120 163 164
f 120 164 121
f 121 164 165
f 121 165 166
f 121 166 167
f 121 167 168
f 121 168 122
f 122 168 128
f 124 169 170
f 124 170 171
f 124 171 172
f 124 172 173
f 124 173 125
f 124 128 174
f 124 174 175
f 124 175 176
f 124 176 169
f 125 173 177
f 125 177 126
f 126 177 173
f 126 173 178
f 126 178 179
f 126 179 180
f 126 180 181
f 126 181 182
f 126 182 127
f 127 182 129
f 128 168 174
f 129 182 181
f 129 181 183
f 129 183 184
f 129 184 185
f 129 185 130
f 130 185 186
f 130 186 187
f 130 187 188
f 130 188 189
f 130 189 190
f 130 190 191
f 130 191 192
f 130 192 193
f 130 193 131
f 134 152 159
f 134 159 194
f 134 194 135
f 135 194 136
f 136 194 159
f 137 195 196
f 137 196 138
f 138 196 195
f 138 195 197
f 138 197 198
f 138 198 199
f 138 199 139
f 139 199 200
f 139 200 140
f 140 200 201
f 140 201 202
f 140 202 203
f 140 203 141
f 141 203 204
f 141 204 142
f 142 204 205
f 142 205 206
f 142 206 143
f 143 206 150
f 143 150 144
f 145 148 149
f 146 150 207
f 146 207 208
f 146 208 147
f 147 208 209
f 147 209 148
f 148 210 149
f 148 209 210
f 149 210 154
f 150 206 211
f 150 211 212
f 150 212 213
f 150 213 207
f 151 153 214
f 151 214 152
f 152 215 216
f 152 216 217
f 152 217 218
f 152 218 159
f 152 214 219
f 152 219 220
f 152 220 215
f 153 154 214
f 154 221 214
f 154 210 222
f 154 222 223
f 154 223 224
f 154 224 221
f 156 158 225
f 156 225 160
f 156 160 226
f 156 226 227
f 156 227 157
f 157 228 162
f 157 227 160
f 157 160 228
f 158 160 225
f 159 218 217
f 159 217 229
f 159 229 230
f 159 230 231
f 159 231 160
f 160 227 226
f 160 231 297
f 160 297 232
f 160 232 228
f 162 228 163
f 163 165 164
f 163 228 233
f 163 233 234
f 163 234 235
f 163 235 165
f 165 236 166
f 165 235 237
f 165 237 236
f 166 236 167
f 167 176 168
f 167 236 238
f 167 238 239
f 167 239 240
f 167 240 176
f 168 176 175
f 168 175 174
f 169 241 242
f 169 242 170
f 169 176 241
f 170 243 172
f 170 172 171
f 170 242 244
f 170 244 243
f 172 245 173
f 172 243 246
f 172 246 247
f 172 247 245
f 173 245 248
f 173 248 249
f 173 249 178
f 176 240 250
f 176 250 251
f 176 251 241
f 178 252 253
f 178 253 183
f 178 183 254
f 178 254 179
f 178 249 252
f 179 254 183
f 179 183 180
f 180 183 181
f 183 255 256
f 183 256 184
f 183 253 255
f 184 256 257
f 184 257 185
f 185 257 258
f 185 258 186
f 186 189 259
f 186 259 187
f 186 258 260
f 186 260 189
f 187 259 188
f 188 259 189
f 189 260 261
f 189 261 262
f 189 262 191
f 189 191 190
f 191 262 263
f 191 263 264
f 191 264 192
f 197 265 198
f 198 265 266
f 198 266 199
f 199 266 267
f 199 267 268
f 199 268 200
f 200 268 269
f 200 269 270
f 200 270 271
f 200 271 272
f 200 272 273
f 200 273 201
f 201 273 274
f 201 274 202
f 202 274 204
f 202 204 203
f 204 274 275
f 204 275 205
f 205 275 276
f 205 276 277
f 205 277 206
f 206 277 211
f 207 213 278
f 207 278 279
f 207 279 208
f 208 279 209
f 209 222 210
f 209 279 280
f 209 280 222
f 211 277 281
f 211 281 212
f 212 281 282
f 212 282 283
f 212 283 284
f 212 284 278
f 212 278 213
f 214 285 286
f 214 286 219
f 214 221 287
f 214 287 285
f 215 288 289
f 215 289 229
f 215 229 217
f 215 217 216
f 215 220 219
f 215 219 286
f 215 286 290
f 215 290 288
f 221 224 291
f 221 291 292
f 221 292 287
f 222 280 223
f 223 293 291
f 223 291 224
f 223 280 294
f 223 294 295
f 223 295 296
f 223 296 293
f 228 232 297
f 228 297 233
f 229 289 233
f 229 233 297
f 229 297 231
f 229 231 230
f 233 289 298
f 233 298 299
f 233 299 234
f 234 299 235
f 235 299 298
f 235 298 300
f 235 300 301
f 235 301 237
f 236 237 302
f 236 302 238
f 237 301 303
f 237 303 238
f 237 238 302
f 238 303 304
f 238 304 250
f 238 250 240
f 238 240 239
f 241 251 242
f 242 251 244
f 243 244 246
f 244 305 306
f 244 306 246
f 244 251 303
f 244 303 305
f 245 247 307
f 245 307 308
f 245 308 309
f 245 309 248
f 246 306 247
f 247 306 307
f 248 309 310
f 248 310 311
f 248 311 312
f 248 312 249
f 249 312 252
f 250 304 251
f 251 304 303
f 252 312 313
f 252 313 253
f 253 313 314
f 253 314 255
f 255 314 315
f 255 315 256
f 256 315 316
f 256 316 257
f 257 316 258
f 258 316 317
f 258 317 318
f 258 318 319
f 258 319 260
f 260 320 321
f 260 321 261
f 260 319 322
f 260 322 320
f 261 323 324
f 261 324 262
f 261 321 320
f 261 320 325
f 261 325 326
f 261 326 323
f 262 324 263
f 263 324 327
f 263 327 328
f 263 328 264
f 266 329 267
f 267 329 330
f 267 330 268
f 268 330 269
f 269 330 331
f 269 331 270
f 270 331 332
f 270 332 271
f 271 332 333
f 271 333 272
f 272 333 275
f 272 275 274
f 272 274 273
f 275 333 334
f 275 334 276
f 276 334 335
f 276 335 281
f 276 281 277
f 278 284 280
f 278 280 279
f 280 336 294
f 280 284 337
f 280 337 336
f 281 335 338
f 281 338 282
f 282 338 339
f 282 339 340
f 282 340 283
f 283 340 341
f 283 341 342
f 283 342 337
f 283 337 284
f 285 287 343
f 285 343 286
f 286 343 290
f 287 292 344
f 287 344 345
f 287 345 346
f 287 346 347
f 287 347 343
f 288 290 298
f 288 298 289
f 290 348 298
f 290 343 348
f 291 293 292
f 292 293 349
f 292 349 350
f 292 350 344
f 293 296 351
f 293 351 349
f 294 336 352
f 294 352 295
f 295 353 296
f 295 352 354
f 295 354 353
f 296 355 351
f 296 353 356
f 296 356 357
f 296 357 355
f 298 348 300
f 300 348 358
f 300 358 359
f 300 359 301
f 301 359 360
f 301 360 303
f 303 360 361
f 303 361 305
f 305 362 306
f 305 361 360
f 305 360 363
f 305 363 362
f 306 362 364
f 306 364 307
f 307 364 365
f 307 365 308
f 308 365 366
f 308 366 309
f 309 366 310
f 310 366 367
f 310 367 368
f 310 368 369
f 310 369 370
f 310 370 311
f 311 370 312
f 312 370 371
f 312 371 372
f 312 372 373
f 312 373 313
f 313 373 372
f 313 372 314
f 314 374 375
f 314 375 315
f 314 372 374
f 315 375 376
f 315 376 316
f 316 376 317
f 317 376 377
f 317 377 378
f 317 378 318
f 318 378 379
f 318 379 380
f 318 380 319
f 319 380 381
f 319 381 322
f 320 322 382
f 320 382 325
f 322 381 326
f 322 326 382
f 323 326 383
f 323 383 384
f 323 384 385
f 323 385 386
f 323 386 324
f 324 386 387
f 324 387 388
f 324 388 327
f 325 382 326
f 326 381 389
f 326 389 383
f 327 388 387
f 327 387 390
f 329 391 330
f 330 392 331
f 330 391 392
f 331 392 332
f 332 393 394
f 332 394 395
f 332 395 333
f 332 392 396
f 332 396 393
f 333 397 398
f 333 398 399
f 333 399 400
f 333 400 334
f 333 395 397
f 334 400 399
f 334 399 401
f 334 401 335
f 335 401 402
f 335 402 338
f 336 337 342
f 336 342 352
f 338 402 339
f 339 402 403
f 339 403 404
f 339 404 405
f 339 405 406
f 339 406 340
f 340 407 408
f 340 408 341
f 340 406 405
f 340 405 409
f 340 409 407
f 341 408 342
f 342 408 410
f 342 410 352
f 343 347 411
f 343 411 358
f 343 358 348
f 344 350 345
f 345 350 349
f 345 349 346
f 346 412 413
f 346 413 347
f 346 349 367
f 346 367 414
f 346 414 412
f 347 413 415
f 347 415 411
f 349 351 416
f 349 416 417
f 349 417 367
f 351 355 416
f 352 410 418
f 352 418 354
f 353 357 356
f 353 354 419
f 353 419 420
f 353 420 357
f 354 418 421
f 354 421 422
f 354 422 419
f 355 357 423
f 355 423 416
f 357 420 424
f 357 424 425
f 357 425 423
f 358 411 415
f 358 415 364
f 358 364 362
f 358 362 359
f 359 362 363
f 359 363 360
f 364 426 365
f 364 415 426
f 365 426 366
f 366 426 427
f 366 427 428
f 366 428 414
f 366 414 429
f 366 429 367
f 367 429 414
f 367 417 430
f 367 430 431
f 367 431 368
f 368 431 432
f 368 432 433
f 368 433 434
f 368 434 435
f 368 435 369
f 369 436 437
f 369 437 438
f 369 438 439
f 369 439 440
f 369 440 370
f 369 435 436
f 370 440 371
f 371 440 441
f 371 441 442
f 371 442 443
f 371 443 444
f 371 444 445
f 371 445 374
f 371 374 372
f 374 445 444
f 374 444 375
f 375 444 376
f 376 444 446
f 376 446 377
f 377 446 447
f 377 447 378
f 378 447 448
f 378 448 379
f 379 448 449
f 379 449 450
f 379 450 451
f 379 451 381
f 379 381 380
f 381 451 389
f 383 452 453
f 383 453 454
f 383 454 384
f 383 389 455
f 383 455 456
f 383 456 452
f 384 454 453
f 384 453 457
f 384 457 458
f 384 458 459
f 384 459 460
f 384 460 386
f 384 386 385
f 386 461 462
f 386 462 463
f 386 463 464
f 386 464 387
f 386 460 465
f 386 465 461
f 387 464 390
f 389 451 466
f 389 466 467
f 389 467 455
f 390 464 463
f 391 468 392
f 392 468 469
f 392 469 470
f 392 470 396
f 393 396 470
f 393 470 394
f 394 471 520
f 394 520 472
f 394 472 473
f 394 473 474
f 394 474 395
f 394 470 475
f 394 475 471
f 395 474 473
f 395 473 397
f 397 476 477
f 397 477 398
f 397 473 478
f 397 478 479
f 397 479 476
f 398 477 399
f 399 477 480
f 399 480 481
f 399 481 401
f 401 481 402
f 402 481 403
f 403 481 482
f 403 482 483
f 403 483 404
f 404 483 484
f 404 484 485
f 404 485 486
f 404 486 487
f 404 487 405
f 405 487 488
f 405 488 409
f 407 409 488
f 407 488 489
f 407 489 490
f 407 490 408
f 408 491 410
f 408 490 492
f 408 492 493
f 408 493 421
f 408 421 491
f 410 491 418
f 412 414 427
f 412 427 413
f 413 427 426
f 413 426 415
f 414 428 427
f 416 430 417
f 416 423 425
f 416 425 494
f 416 494 430
f 418 491 421
f 419 495 420
f 419 422 495
f 420 495 424
f 421 496 497
f 421 497 422
f 421 493 496
f 422 497 495
f 424 495 498
f 424 498 425
f 425 435 499
f 425 499 500
f 425 500 494
f 425 498 501
f 425 501 502
f 425 502 435
f 430 494 432
f 430 432 431
f 432 494 433
f 433 494 499
f 433 499 434
f 434 499 435
f 435 502 436
f 436 502 437
f 437 502 501
f 437 501 438
f 438 501 439
f 439 501 441
f 439 441 440
f 441 501 503
f 441 503 504
f 441 504 505
f 441 505 506
f 441 506 442
f 442 506 443
f 443 506 507
f 443 507 444
f 444 507 508
f 444 508 485
f 444 485 446
f 446 485 447
f 447 485 484
f 447 484 448
f 448 484 483
f 448 483 449
f 449 483 450
f 450 509 451
f 450 483 482
f 450 482 509
f 451 509 466
f 452 456 510
f 452 510 453
f 453 510 458
f 453 458 457
f 455 467 456
f 456 467 511
f 456 511 512
f 456 512 510
f 458 510 513
f 458 513 460
f 458 460 459
f 460 513 514
f 460 514 465
f 465 514 515
f 466 509 516
f 466 516 467
f 467 516 511
f 468 517 469
f 469 517 518
f 469 518 470
f 470 518 519
f 470 519 475
f 471 475 521
f 471 521 519
f 471 519 522
f 471 522 523
f 471 523 520
f 472 520 478
f 472 478 473
f 475 519 521
f 476 524 477
f 476 479 520
f 476 520 525
f 476 525 526
f 476 526 524
f 477 524 480
f 478 520 479
f 480 527 481
f 480 524 527
f 481 527 482
f 482 527 509
f 485 528 486
f 485 508 528
f 486 528 529
f 486 529 530
f 486 530 487
f 487 530 529
f 487 529 531
f 487 531 488
f 488 531 490
f 488 490 489
f 490 531 505
f 490 505 504
f 490 504 532
f 490 532 533
f 490 533 534
f 490 534 535
f 490 535 492
f 492 535 493
f 493 535 534
f 493 534 496
f 494 500 499
f 495 497 498
f 496 534 497
f 497 534 498
f 498 534 503
f 498 503 536
f 498 536 501
f 501 536 503
f 503 534 532
f 503 532 504
f 505 531 537
f 505 537 538
f 505 538 506
f 506 538 537
f 506 537 539
f 506 539 507
f 507 539 529
f 507 529 508
f 508 529 528
f 509 527 540
f 509 540 516
f 510 512 513
f 511 516 526
f 511 526 512
f 512 526 525
f 512 525 520
f 512 520 541
f 512 541 513
f 513 541 542
f 513 542 514
f 514 522 519
f 514 519 543
f 514 543 515
f 514 542 544
f 514 544 523
f 514 523 522
f 516 540 524
f 516 524 526
f 520 523 542
f 520 542 541
f 523 544 542
f 524 540 527
f 529 539 531
f 531 539 537
f 532 534 533
f 545 546 547
f 545 547 550
f 545 550 560
f 545 560 574
f 545 574 575
f 545 575 580
f 545 580 579
f 545 579 578
f 545 578 577
f 545 577 593
f 545 593 605
f 545 605 611
f 545 611 618
f 545 618 613
f 545 613 610
f 545 610 609
f 545 609 608
f 545 608 606
f 545 606 594
f 545 594 581
f 545 581 570
f 545 570 569
f 545 569 568
f 545 568 567
f 545 567 566
f 545 566 565
f 545 565 564
f 545 564 555
f 545 555 548
f 545 548 549
f 545 549 546
f 546 549 547
f 547 549 551
f 547 551 552
f 547 552 553
f 547 553 554
f 547 554 550
f 548 555 556
f 548 556 557
f 548 557 549
f 549 557 558
f 549 558 571
f 549 571 582
f 549 582 597
f 549 597 596
f 549 596 598
f 549 598 583
f 549 583 572
f 549 572 559
f 549 559 551
f 550 554 561
f 550 561 560
f 551 559 562
f 551 562 554
f 551 554 553
f 551 553 552
f 554 562 563
f 554 563 561
f 555 564 558
f 555 558 556
f 556 558 557
f 558 564 565
f 558 565 566
f 558 566 567
f 558 567 568
f 558 568 569
f 558 569 570
f 558 570 571
f 559 572 573
f 559 573 562
f 560 561 574
f 561 563 575
f 561 575 574
f 562 573 563
f 563 573 576
f 563 576 577
f 563 577 578
f 563 578 579
f 563 579 580
f 563 580 575
f 570 581 571
f 571 581 582
f 572 583 573
f 573 583 584
f 573 584 585
f 573 585 586
f 573 586 587
f 573 587 588
f 573 588 589
f 573 589 590
f 573 590 591
f 573 591 576
f 576 591 577
f 577 591 592
f 577 592 593
f 581 594 595
f 581 595 596
f 581 596 597
f 581 597 582
f 583 598 595
f 583 595 607
f 583 607 612
f 583 612 616
f 583 616 615
f 583 615 614
f 583 614 619
f 583 619 617
f 583 617 611
f 583 611 605
f 583 605 604
f 583 604 603
f 583 603 602
f 583 602 601
f 583 601 600
f 583 600 599
f 583 599 586
f 583 586 585
f 583 585 584
f 586 599 587
f 587 599 600
f 587 600 601
f 587 601 588
f 588 601 589
f 589 601 602
f 589 602 590
f 590 602 592
f 590 592 591
f 592 602 603
f 592 603 593
f 593 603 604
f 593 604 605
f 594 606 595
f 595 598 596
f 595 606 608
f 595 608 609
f 595 609 610
f 595 610 607
f 607 610 612
f 610 613 614
f 610 614 615
f 610 615 616
f 610 616 612
f 611 617 618
f 613 618 619
f 613 619 614
f 617 619 618
f 620 621 627
f 620 627 637
f 620 637 654
f 620 654 680
f 620 680 708
f 620 708 746
f 620 746 773
f 620 773 753
f 620 753 718
f 620 718 717
f 620 717 716
f 620 716 715
f 620 715 714
f 620 714 711
f 620 711 681
f 620 681 655
f 620 655 638
f 620 638 629
f 620 629 622
f 620 622 628
f 620 628 631
f 620 631 623
f 620 623 624
f 620 624 625
f 620 625 626
f 620 626 621
f 621 626 627
f 622 629 630
f 622 630 628
f 623 631 632
f 623 632 624
f 624 632 625
f 625 632 633
f 625 633 634
f 625 634 626
f 626 634 635
f 626 635 636
f 626 636 637
f 626 637 627
f 628 630 631
f 629 638 639
f 629 639 640
f 629 640 630
f 630 640 641
f 630 641 642
f 630 642 643
f 630 643 631
f 631 643 644
f 631 644 632
f 632 645 646
f 632 646 633
f 632 644 643
f 632 643 645
f 633 647 648
f 633 648 634
f 633 646 647
f 634 648 649
f 634 649 635
f 635 649 650
f 635 650 636
f 636 650 651
f 636 651 652
f 636 652 653
f 636 653 637
f 637 653 654
f 638 655 656
f 638 656 657
f 638 657 658
f 638 658 659
f 638 659 660
f 638 660 640
f 638 640 639
f 640 660 661
f 640 661 662
f 640 662 641
f 641 662 663
f 641 663 642
f 642 663 664
f 642 664 645
f 642 645 643
f 645 664 665
f 645 665 646
f 646 665 666
f 646 666 647
f 647 666 667
f 647 667 668
f 647 668 669
f 647 669 648
f 648 669 649
f 649 669 670
f 649 670 671
f 649 671 672
f 649 672 650
f 650 672 671
f 650 671 673
f 650 673 674
f 650 674 675
f 650 675 676
f 650 676 651
f 651 677 652
f 651 676 678
f 651 678 677
f 652 677 653
f 653 677 679
f 653 679 654
f 654 679 680
f 655 681 656
f 656 681 682
f 656 682 657
f 657 659 658
f 657 682 683
f 657 683 684
f 657 684 660
f 657 660 659
f 660 684 661
f 661 684 683
f 661 683 685
f 661 685 686
f 661 686 662
f 662 686 687
f 662 687 688
f 662 688 689
f 662 689 663
f 663 689 690
f 663 690 664
f 664 690 665
f 665 691 666
f 665 690 691
f 666 692 693
f 666 693 668
f 666 668 667
f 666 691 692
f 668 693 694
f 668 694 695
f 668 695 696
f 668 696 697
f 668 697 698
f 668 698 669
f 669 698 697
f 669 697 670
f 670 699 671
f 670 697 700
f 670 700 699
f 671 699 701
f 671 701 702
f 671 702 703
f 671 703 673
f 673 703 674
f 674 703 702
f 674 702 704
f 674 704 743
f 674 743 772
f 674 772 769
f 674 769 790
f 674 790 789
f 674 789 787
f 674 787 786
f 674 786 784
f 674 784 792
f 674 792 779
f 674 779 755
f 674 755 727
f 674 727 754
f 674 754 750
f 674 750 712
f 674 712 749
f 674 749 722
f 674 722 721
f 674 721 719
f 674 719 718
f 674 718 753
f 674 753 778
f 674 778 775
f 674 775 774
f 674 774 777
f 674 777 776
f 674 776 748
f 674 748 745
f 674 745 706
f 674 706 678
f 674 678 676
f 674 676 675
f 677 705 679
f 677 678 705
f 678 706 705
f 679 705 707
f 679 707 680
f 680 707 709
f 680 709 710
f 680 710 708
f 681 711 685
f 681 685 683
f 681 683 682
f 685 711 686
f 686 712 713
f 686 713 687
f 686 711 714
f 686 714 715
f 686 715 716
f 686 716 717
f 686 717 718
f 686 718 719
f 686 719 720
f 686 720 721
f 686 721 722
f 686 722 723
f 686 723 712
f 687 724 725
f 687 725 726
f 687 726 727
f 687 727 728
f 687 728 729
f 687 729 688
f 687 713 724
f 688 729 730
f 688 730 689
f 689 730 731
f 689 731 690
f 690 731 691
f 691 731 730
f 691 730 693
f 691 693 692
f 693 732 733
f 693 733 694
f 693 730 734
f 693 734 732
f 694 733 735
f 694 735 695
f 695 735 736
f 695 736 696
f 696 736 737
f 696 737 738
f 696 738 739
f 696 739 697
f 697 739 700
f 699 700 701
f 700 739 740
f 700 740 741
f 700 741 701
f 701 741 740
f 701 740 702
f 702 740 742
f 702 742 743
f 702 743 704
f 705 706 744
f 705 744 707
f 706 745 744
f 707 710 709
f 707 744 710
f 708 710 747
f 708 747 746
f 710 744 745
f 710 745 748
f 710 748 747
f 712 723 749
f 712 750 713
f 713 750 751
f 713 751 752
f 713 752 724
f 719 721 720
f 722 749 723
f 724 752 754
f 724 754 725
f 725 754 727
f 725 727 726
f 727 755 728
f 728 756 757
f 728 757 729
f 728 755 756
f 729 757 758
f 729 758 759
f 729 759 734
f 729 734 760
f 729 760 730
f 730 760 734
f 732 734 733
f 733 734 759
f 733 759 761
f 733 761 762
f 733 762 763
f 733 763 764
f 733 764 765
f 733 765 735
f 735 765 766
f 735 766 767
f 735 767 768
f 735 768 737
f 735 737 736
f 737 768 769
f 737 769 770
f 737 770 771
f 737 771 738
f 738 771 739
f 739 771 740
f 740 771 742
f 742 771 743
f 743 771 772
f 746 747 774
f 746 774 775
f 746 775 773
f 747 748 776
f 747 776 777
f 747 777 774
f 750 754 751
f 751 754 752
f 753 773 778
f 755 779 780
f 755 780 756
f 756 758 757
f 756 780 781
f 756 781 758
f 758 781 759
f 759 781 782
f 759 782 761
f 761 782 783
f 761 783 762
f 762 783 784
f 762 784 763
f 763 784 785
f 763 785 764
f 764 784 786
f 764 786 787
f 764 787 788
f 764 788 766
f 764 766 765
f 764 785 784
f 766 788 789
f 766 789 790
f 766 790 767
f 767 790 769
f 767 769 768
f 769 772 770
f 770 772 771
f 773 775 778
f 779 791 780
f 779 792 794
f 779 794 791
f 780 791 781
f 781 791 793
f 781 793 794
f 781 794 782
f 782 794 783
f 783 794 784
f 784 794 792
f 787 789 788
f 791 794 793
f 796 797 795
f 798 797 796
f 798 799 797
f 798 800 799
f 798 801 800
f 798 796 801
f 796 802 801
f 796 803 802
f 796 795 803
f 804 803 795
f 804 805 803
f 804 806 805
f 804 795 806
f 806 795 807
f 806 807 808
f 805 806 808
f 805 808 809
f 805 809 810
f 805 810 803
f 810 811 803
f 810 812 811
f 809 812 810
f 809 813 812
f 809 808 813
f 813 808 814
f 815 813 814
f 816 813 815
f 816 817 813
f 816 818 817
f 816 815 818
f 819 818 815
f 819 820 818
f 819 814 820
f 819 815 814
f 820 814 821
f 820 821 822
f 820 822 818
f 823 818 822
f 823 824 818
f 823 825 824
f 826 825 823
f 826 812 825
f 826 823 812
f 823 827 812
f 828 827 823
f 828 822 827
f 828 823 822
f 829 827 822
f 830 827 829
f 830 831 827
f 830 829 831
f 829 832 831
f 829 833 832
f 834 833 829
f 834 822 833
f 835 822 834
f 835 829 822
f 835 834 829
f 836 833 822
f 837 833 836
f 837 838 833
f 837 839 838
f 837 840 839
f 837 836 840
f 839 840 836
f 839 836 822
f 839 822 821
f 838 839 821
f 841 838 821
f 841 842 838
f 841 814 842
f 841 821 814
f 842 814 843
f 844 842 843
f 844 838 842
f 844 845 838
f 844 843 845
f 845 843 846
f 847 845 846
f 847 848 845
f 847 846 848
f 846 849 848
f 850 849 846
f 850 851 849
f 850 843 851
f 850 846 843
f 852 851 843
f 852 853 851
f 854 853 852
f 854 855 853
f 854 856 855
f 857 856 854
f 857 858 856
f 857 800 858
f 857 854 800
f 854 843 800
f 854 852 843
f 800 843 799
f 843 814 799
f 799 814 808
f 859 799 808
f 859 797 799
f 859 795 797
f 859 807 795
f 859 808 807
f 856 858 800
f 856 800 801
f 860 856 801
f 860 855 856
f 860 801 855
f 855 801 849
f 861 855 849
f 861 853 855
f 861 849 853
f 853 849 851
f 801 802 849
f 849 802 833
f 848 849 833
f 838 848 833
f 845 848 838
f 802 832 833
f 803 832 802
f 803 811 832
f 831 832 811
f 812 831 811
f 827 831 812
f 812 813 825
f 817 825 813
f 817 818 825
f 824 825 818
f 862 863 864
f 862 864 865
f 862 865 866
f 862 866 867
f 862 867 868
f 862 868 863
f 863 868 875
f 863 875 874
f 863 874 873
f 863 873 886
f 863 886 914
f 863 914 922
f 863 922 935
f 863 935 934
f 863 934 947
f 863 947 960
f 863 960 976
f 863 976 975
f 863 975 974
f 863 974 990
f 863 990 989
f 863 989 988
f 863 988 977
f 863 977 961
f 863 961 949
f 863 949 948
f 863 948 937
f 863 937 936
f 863 936 923
f 863 923 897
f 863 897 879
f 863 879 870
f 863 870 869
f 863 869 864
f 864 869 865
f 865 869 870
f 865 870 871
f 865 871 866
f 866 871 867
f 867 872 873
f 867 873 874
f 867 874 875
f 867 875 868
f 867 871 876
f 867 876 877
f 867 877 872
f 870 878 871
f 870 879 880
f 870 880 881
f 870 881 882
f 870 882 883
f 870 883 878
f 871 878 884
f 871 884 876
f 872 877 873
f 873 877 885
f 873 885 886
f 876 884 887
f 876 887 888
f 876 888 889
f 876 889 890
f 876 890 877
f 877 890 889
f 877 889 891
f 877 891 892
f 877 892 893
f 877 893 894
f 877 894 885
f 878 883 895
f 878 895 896
f 878 896 884
f 879 897 898
f 879 898 899
f 879 899 900
f 879 900 901
f 879 901 902
f 879 902 903
f 879 903 904
f 879 904 905
f 879 905 906
f 879 906 907
f 879 907 908
f 879 908 909
f 879 909 910
f 879 910 911
f 879 911 912
f 879 912 880
f 880 912 911
f 880 911 910
f 880 910 909
f 880 909 908
f 880 908 907
f 880 907 905
f 880 905 903
f 880 903 929
f 880 929 944
f 880 944 955
f 880 955 969
f 880 969 967
f 880 967 984
f 880 984 992
f 880 992 985
f 880 985 971
f 880 971 970
f 880 970 956
f 880 956 945
f 880 945 931
f 880 931 919
f 880 919 918
f 880 918 930
f 880 930 916
f 880 916 915
f 880 915 892
f 880 892 891
f 880 891 889
f 880 889 888
f 880 888 887
f 880 887 913
f 880 913 896
f 880 896 895
f 880 895 883
f 880 883 882
f 880 882 881
f 884 896 913
f 884 913 887
f 885 894 914
f 885 914 886
f 892 915 894
f 892 894 893
f 894 915 916
f 894 916 917
f 894 917 918
f 894 918 919
f 894 919 920
f 894 920 921
f 894 921 922
f 894 922 914
f 897 923 898
f 898 923 924
f 898 924 925
f 898 925 900
f 898 900 899
f 900 925 926
f 900 926 901
f 901 926 927
f 901 927 902
f 902 927 926
f 902 926 928
f 902 928 929
f 902 929 903
f 903 905 904
f 905 907 906
f 916 930 917
f 917 930 918
f 919 931 920
f 920 931 932
f 920 932 921
f 921 932 933
f 921 933 934
f 921 934 935
f 921 935 922
f 923 936 924
f 924 936 937
f 924 937 925
f 925 938 939
f 925 939 940
f 925 940 941
f 925 941 926
f 925 937 938
f 926 941 942
f 926 942 943
f 926 943 944
f 926 944 928
f 928 944 929
f 931 945 932
f 932 945 946
f 932 946 933
f 933 947 934
f 933 946 947
f 937 948 938
f 938 949 950
f 938 950 939
f 938 948 949
f 939 950 940
f 940 950 951
f 940 951 952
f 940 952 941
f 941 952 942
f 942 952 953
f 942 953 954
f 942 954 955
f 942 955 943
f 943 955 944
f 945 956 957
f 945 957 958
f 945 958 946
f 946 958 959
f 946 959 947
f 947 959 957
f 947 957 960
f 949 961 950
f 950 961 962
f 950 962 951
f 951 963 964
f 951 964 965
f 951 965 953
f 951 953 952
f 951 962 963
f 953 966 967
f 953 967 968
f 953 968 969
f 953 969 954
f 953 965 966
f 954 969 955
f 956 970 957
f 957 959 958
f 957 970 971
f 957 971 972
f 957 972 973
f 957 973 974
f 957 974 975
f 957 975 976
f 957 976 960
f 961 977 978
f 961 978 962
f 962 978 979
f 962 979 964
f 962 964 963
f 964 980 981
f 964 981 982
f 964 982 965
f 964 979 980
f 965 982 966
f 966 982 983
f 966 983 967
f 967 969 968
f 967 983 984
f 971 985 981
f 971 981 986
f 971 986 972
f 972 986 987
f 972 987 988
f 972 988 989
f 972 989 990
f 972 990 973
f 973 990 974
f 977 979 978
f 977 988 979
f 979 988 991
f 979 991 987
f 979 987 980
f 980 987 981
f 981 987 986
f 981 985 982
f 982 985 992
f 982 992 984
f 982 984 983
f 987 991 988
f 993 994 1000
f 993 1000 1009
f 993 1009 1022
f 993 1022 1046
f 993 1046 1030
f 993 1030 1011
f 993 1011 1002
f 993 1002 995
f 993 995 996
f 993 996 997
f 993 997 998
f 993 998 999
f 993 999 1008
f 993 1008 1020
f 993 1020 1043
f 993 1043 1066
f 993 1066 1083
f 993 1083 1090
f 993 1090 1089
f 993 1089 1093
f 993 1093 1071
f 993 1071 1048
f 993 1048 1023
f 993 1023 1010
f 993 1010 1001
f 993 1001 994
f 994 1001 1000
f 995 1002 996
f 996 1002 1003
f 996 1003 1004
f 996 1004 997
f 997 1004 1003
f 997 1003 1005
f 997 1005 1006
f 997 1006 998
f 998 1007 999
f 998 1006 1007
f 999 1007 1008
f 1000 1001 1010
f 1000 1010 1009
f 1002 1011 1012
f 1002 1012 1013
f 1002 1013 1003
f 1003 1013 1014
f 1003 1014 1005
f 1005 1014 1015
f 1005 1015 1006
f 1006 1015 1016
f 1006 1016 1017
f 1006 1017 1018
f 1006 1018 1007
f 1007 1018 1008
f 1008 1018 1019
f 1008 1019 1020
f 1009 1021 1022
f 1009 1010 1021
f 1010 1023 1047
f 1010 1047 1069
f 1010 1069 1092
f 1010 1092 1101
f 1010 1101 1102
f 1010 1102 1094
f 1010 1094 1074
f 1010 1074 1073
f 1010 1073 1072
f 1010 1072 1049
f 1010 1049 1024
f 1010 1024 1025
f 1010 1025 1026
f 1010 1026 1027
f 1010 1027 1028
f 1010 1028 1029
f 1010 1029 1021
f 1011 1030 1031
f 1011 1031 1032
f 1011 1032 1033
f 1011 1033 1034
f 1011 1034 1035
f 1011 1035 1012
f 1012 1035 1013
f 1013 1015 1014
f 1013 1035 1036
f 1013 1036 1016
f 1013 1016 1015
f 1016 1036 1017
f 1017 1037 1038
f 1017 1038 1039
f 1017 1039 1018
f 1017 1036 1037
f 1018 1039 1040
f 1018 1040 1041
f 1018 1041 1019
f 1019 1041 1042
f 1019 1042 1043
f 1019 1043 1020
f 1021 1044 1045
f 1021 1045 1022
f 1021 1029 1044
f 1022 1045 1031
f 1022 1031 1046
f 1023 1048 1047
f 1024 1049 1050
f 1024 1050 1025
f 1025 1050 1026
f 1026 1051 1027
f 1026 1050 1052
f 1026 1052 1051
f 1027 1052 1028
f 1027 1051 1052
f 1028 1052 1029
f 1029 1052 1044
f 1030 1046 1031
f 1031 1045 1052
f 1031 1052 1053
f 1031 1053 1054
f 1031 1054 1032
f 1032 1054 1055
f 1032 1055 1033
f 1033 1055 1056
f 1033 1056 1057
f 1033 1057 1034
f 1034 1057 1056
f 1034 1056 1058
f 1034 1058 1059
f 1034 1059 1035
f 1035 1059 1037
f 1035 1037 1036
f 1037 1059 1058
f 1037 1058 1038
f 1038 1058 1060
f 1038 1060 1061
f 1038 1061 1062
f 1038 1062 1063
f 1038 1063 1040
f 1038 1040 1039
f 1040 1063 1041
f 1041 1064 1042
f 1041 1063 1065
f 1041 1065 1064
f 1042 1066 1043
f 1042 1064 1067
f 1042 1067 1068
f 1042 1068 1066
f 1044 1052 1045
f 1047 1048 1070
f 1047 1070 1071
f 1047 1071 1069
f 1048 1071 1070
f 1049 1072 1050
f 1050 1072 1073
f 1050 1073 1074
f 1050 1074 1075
f 1050 1075 1076
f 1050 1076 1061
f 1050 1061 1052
f 1052 1061 1053
f 1053 1061 1054
f 1054 1061 1056
f 1054 1056 1055
f 1056 1061 1077
f 1056 1077 1058
f 1058 1077 1060
f 1060 1077 1078
f 1060 1078 1061
f 1061 1078 1077
f 1061 1076 1079
f 1061 1079 1062
f 1062 1080 1063
f 1062 1079 1080
f 1063 1080 1081
f 1063 1081 1065
f 1064 1065 1082
f 1064 1082 1067
f 1065 1081 1082
f 1066 1068 1083
f 1067 1082 1084
f 1067 1084 1085
f 1067 1085 1086
f 1067 1086 1068
f 1068 1086 1087
f 1068 1087 1088
f 1068 1088 1089
f 1068 1089 1090
f 1068 1090 1083
f 1069 1071 1091
f 1069 1091 1092
f 1071 1093 1091
f 1074 1094 1075
f 1075 1095 1096
f 1075 1096 1076
f 1075 1094 1095
f 1076 1096 1079
f 1079 1096 1081
f 1079 1081 1080
f 1081 1096 1097
f 1081 1097 1098
f 1081 1098 1084
f 1081 1084 1082
f 1084 1098 1085
f 1085 1087 1086
f 1085 1098 1099
f 1085 1099 1087
f 1087 1099 1088
f 1088 1093 1089
f 1088 1099 1100
f 1088 1100 1091
f 1088 1091 1093
f 1091 1100 1101
f 1091 1101 1092
f 1094 1102 1103
f 1094 1103 1097
f 1094 1097 1095
f 1095 1097 1096
f 1097 1104 1098
f 1097 1103 1104
f 1098 1104 1105
f 1098 1105 1106
f 1098 1106 1099
f 1099 1106 1100
f 1100 1106 1102
f 1100 1102 1101
f 1102 1106 1103
f 1103 1106 1107
f 1103 1107 1104
f 1104 1107 1106
f 1104 1106 1105
f 1108 1109 1110
f 1108 1110 1111
f 1108 1111 1112
f 1108 1112 1113
f 1108 1113 1114
f 1108 1114 1115
f 1108 1115 1130
f 1108 1130 1147
f 1108 1147 1163
f 1108 1163 1177
f 1108 1177 1176
f 1108 1176 1190
f 1108 1190 1174
f 1108 1174 1172
f 1108 1172 1153
f 1108 1153 1171
f 1108 1171 1189
f 1108 1189 1203
f 1108 1203 1211
f 1108 1211 1213
f 1108 1213 1206
f 1108 1206 1204
f 1108 1204 1192
f 1108 1192 1191
f 1108 1191 1178
f 1108 1178 1164
f 1108 1164 1148
f 1108 1148 1131
f 1108 1131 1116
f 1108 1116 1109
f 1109 1116 1117
f 1109 1117 1110
f 1110 1118 1119
f 1110 1119 1120
f 1110 1120 1133
f 1110 1133 1151
f 1110 1151 1169
f 1110 1169 1170
f 1110 1170 1152
f 1110 1152 1135
f 1110 1135 1121
f 1110 1121 1122
f 1110 1122 1111
f 1110 1117 1123
f 1110 1123 1118
f 1111 1122 1112
f 1112 1122 1124
f 1112 1124 1113
f 1113 1124 1114
f 1114 1124 1125
f 1114 1125 1126
f 1114 1126 1127
f 1114 1127 1128
f 1114 1128 1115
f 1115 1128 1129
f 1115 1129 1130
f 1116 1131 1123
f 1116 1123 1117
f 1118 1123 1132
f 1118 1132 1119
f 1119 1133 1120
f 1119 1132 1131
f 1119 1131 1134
f 1119 1134 1133
f 1121 1135 1136
f 1121 1136 1137
f 1121 1137 1122
f 1122 1137 1138
f 1122 1138 1139
f 1122 1139 1140
f 1122 1140 1124
f 1123 1131 1132
f 1124 1140 1141
f 1124 1141 1142
f 1124 1142 1125
f 1125 1142 1126
f 1126 1142 1127
f 1127 1143 1128
f 1127 1142 1143
f 1128 1143 1144
f 1128 1144 1145
f 1128 1145 1129
f 1129 1145 1146
f 1129 1146 1147
f 1129 1147 1130
f 1131 1148 1149
f 1131 1149 1150
f 1131 1150 1134
f 1133 1134 1150
f 1133 1150 1151
f 1135 1152 1153
f 1135 1153 1136
f 1136 1154 1137
f 1136 1153 1155
f 1136 1155 1156
f 1136 1156 1157
f 1136 1157 1158
f 1136 1158 1154
f 1137 1154 1159
f 1137 1159 1138
f 1138 1159 1139
f 1139 1160 1140
f 1139 1159 1160
f 1140 1160 1161
f 1140 1161 1141
f 1141 1161 1160
f 1141 1160 1142
f 1142 1160 1159
f 1142 1159 1162
f 1142 1162 1144
f 1142 1144 1143
f 1144 1162 1145
f 1145 1162 1146
f 1146 1163 1147
f 1146 1162 1163
f 1148 1164 1150
f 1148 1150 1149
f 1150 1164 1165
f 1150 1165 1166
f 1150 1166 1167
f 1150 1167 1168
f 1150 1168 1169
f 1150 1169 1151
f 1152 1170 1187
f 1152 1187 1186
f 1152 1186 1185
f 1152 1185 1199
f 1152 1199 1182
f 1152 1182 1196
f 1152 1196 1195
f 1152 1195 1205
f 1152 1205 1212
f 1152 1212 1209
f 1152 1209 1200
f 1152 1200 1188
f 1152 1188 1171
f 1152 1171 1153
f 1153 1172 1173
f 1153 1173 1158
f 1153 1158 1157
f 1153 1157 1156
f 1153 1156 1155
f 1154 1158 1173
f 1154 1173 1172
f 1154 1172 1174
f 1154 1174 1159
f 1159 1174 1175
f 1159 1175 1162
f 1162 1175 1176
f 1162 1176 1177
f 1162 1177 1163
f 1164 1178 1165
f 1165 1178 1166
f 1166 1178 1179
f 1166 1179 1180
f 1166 1180 1181
f 1166 1181 1182
f 1166 1182 1183
f 1166 1183 1184
f 1166 1184 1185
f 1166 1185 1186
f 1166 1186 1167
f 1167 1186 1168
f 1168 1186 1187
f 1168 1187 1169
f 1169 1187 1170
f 1171 1188 1189
f 1174 1190 1175
f 1175 1190 1176
f 1178 1191 1179
f 1179 1191 1192
f 1179 1192 1193
f 1179 1193 1180
f 1180 1193 1194
f 1180 1194 1181
f 1181 1195 1196
f 1181 1196 1182
f 1181 1194 1197
f 1181 1197 1198
f 1181 1198 1195
f 1182 1199 1184
f 1182 1184 1183
f 1184 1199 1185
f 1188 1200 1201
f 1188 1201 1202
f 1188 1202 1189
f 1189 1202 1203
f 1192 1204 1193
f 1193 1204 1197
f 1193 1197 1194
f 1195 1198 1205
f 1197 1204 1198
f 1198 1204 1206
f 1198 1206 1207
f 1198 1207 1208
f 1198 1208 1205
f 1200 1209 1201
f 1201 1210 1211
f 1201 1211 1203
f 1201 1203 1202
f 1201 1209 1212
f 1201 1212 1205
f 1201 1205 1210
f 1205 1208 1210
f 1206 1213 1207
f 1207 1213 1208
f 1208 1213 1211
f 1208 1211 1210
f 1214 1215 1220
f 1214 1220 1231
f 1214 1231 1246
f 1214 1246 1260
f 1214 1260 1276
f 1214 1276 1279
f 1214 1279 1294
f 1214 1294 1309
f 1214 1309 1296
f 1214 1296 1283
f 1214 1283 1282
f 1214 1282 1281
f 1214 1281 1264
f 1214 1264 1250
f 1214 1250 1233
f 1214 1233 1222
f 1214 1222 1216
f 1214 1216 1217
f 1214 1217 1218
f 1214 1218 1219
f 1214 1219 1230
f 1214 1230 1245
f 1214 1245 1228
f 1214 1228 1227
f 1214 1227 1244
f 1214 1244 1242
f 1214 1242 1248
f 1214 1248 1232
f 1214 1232 1221
f 1214 1221 1215
f 1215 1221 1220
f 1216 1222 1217
f 1217 1222 1223
f 1217 1223 1224
f 1217 1224 1225
f 1217 1225 1226
f 1217 1226 1227
f 1217 1227 1228
f 1217 1228 1229
f 1217 1229 1218
f 1218 1229 1230
f 1218 1230 1219
f 1220 1221 1232
f 1220 1232 1249
f 1220 1249 1259
f 1220 1259 1257
f 1220 1257 1272
f 1220 1272 1289
f 1220 1289 1301
f 1220 1301 1310
f 1220 1310 1314
f 1220 1314 1313
f 1220 1313 1305
f 1220 1305 1295
f 1220 1295 1280
f 1220 1280 1263
f 1220 1263 1247
f 1220 1247 1231
f 1222 1233 1223
f 1223 1234 1235
f 1223 1235 1236
f 1223 1236 1237
f 1223 1237 1238
f 1223 1238 1239
f 1223 1239 1240
f 1223 1240 1241
f 1223 1241 1225
f 1223 1225 1224
f 1223 1233 1234
f 1225 1241 1226
f 1226 1241 1242
f 1226 1242 1243
f 1226 1243 1227
f 1227 1243 1244
f 1228 1245 1229
f 1229 1245 1230
f 1231 1247 1246
f 1232 1248 1240
f 1232 1240 1249
f 1233 1250 1234
f 1234 1250 1235
f 1235 1250 1251
f 1235 1251 1236
f 1236 1252 1253
f 1236 1253 1254
f 1236 1254 1255
f 1236 1255 1237
f 1236 1251 1252
f 1237 1255 1238
f 1238 1254 1256
f 1238 1256 1257
f 1238 1257 1258
f 1238 1258 1239
f 1238 1255 1254
f 1239 1258 1240
f 1240 1258 1259
f 1240 1259 1249
f 1240 1248 1242
f 1240 1242 1241
f 1242 1244 1243
f 1246 1247 1261
f 1246 1261 1262
f 1246 1262 1260
f 1247 1263 1261
f 1250 1264 1265
f 1250 1265 1266
f 1250 1266 1267
f 1250 1267 1251
f 1251 1267 1268
f 1251 1268 1269
f 1251 1269 1252
f 1252 1269 1253
f 1253 1270 1271
f 1253 1271 1272
f 1253 1272 1273
f 1253 1273 1257
f 1253 1257 1254
f 1253 1269 1274
f 1253 1274 1275
f 1253 1275 1270
f 1254 1257 1256
f 1257 1273 1272
f 1257 1259 1258
f 1260 1262 1276
f 1261 1263 1277
f 1261 1277 1262
f 1262 1277 1278
f 1262 1278 1279
f 1262 1279 1276
f 1263 1280 1277
f 1264 1281 1265
f 1265 1281 1282
f 1265 1282 1283
f 1265 1283 1284
f 1265 1284 1268
f 1265 1268 1267
f 1265 1267 1266
f 1268 1285 1286
f 1268 1286 1269
f 1268 1284 1285
f 1269 1286 1274
f 1270 1287 1288
f 1270 1288 1271
f 1270 1275 1287
f 1271 1288 1289
f 1271 1289 1272
f 1274 1286 1275
f 1275 1286 1285
f 1275 1285 1290
f 1275 1290 1287
f 1277 1280 1291
f 1277 1291 1278
f 1278 1291 1292
f 1278 1292 1293
f 1278 1293 1294
f 1278 1294 1279
f 1280 1295 1291
f 1283 1296 1284
f 1284 1296 1297
f 1284 1297 1298
f 1284 1298 1285
f 1285 1298 1290
f 1287 1290 1299
f 1287 1299 1288
f 1288 1299 1300
f 1288 1300 1289
f 1289 1300 1302
f 1289 1302 1301
f 1290 1303 1304
f 1290 1304 1299
f 1290 1298 1303
f 1291 1295 1305
f 1291 1305 1306
f 1291 1306 1292
f 1292 1306 1307
f 1292 1307 1308
f 1292 1308 1293
f 1293 1297 1309
f 1293 1309 1294
f 1293 1308 1297
f 1296 1309 1297
f 1297 1308 1303
f 1297 1303 1298
f 1299 1302 1300
f 1299 1304 1302
f 1301 1302 1310
f 1302 1304 1311
f 1302 1311 1310
f 1303 1307 1304
f 1303 1308 1307
f 1304 1307 1312
f 1304 1312 1311
f 1305 1313 1307
f 1305 1307 1306
f 1307 1313 1312
f 1310 1311 1314
f 1311 1312 1313
f 1311 1313 1314
f 1315 1316 1319
f 1315 1319 1326
f 1315 1326 1338
f 1315 1338 1352
f 1315 1352 1342
f 1315 1342 1329
f 1315 1329 1322
f 1315 1322 1317
f 1315 1317 1324
f 1315 1324 1335
f 1315 1335 1348
f 1315 1348 1366
f 1315 1366 1387
f 1315 1387 1386
f 1315 1386 1368
f 1315 1368 1350
f 1315 1350 1337
f 1315 1337 1325
f 1315 1325 1318
f 1315 1318 1316
f 1316 1318 1320
f 1316 1320 1321
f 1316 1321 1328
f 1316 1328 1341
f 1316 1341 1356
f 1316 1356 1377
f 1316 1377 1392
f 1316 1392 1382
f 1316 1382 1394
f 1316 1394 1380
f 1316 1380 1360
f 1316 1360 1359
f 1316 1359 1379
f 1316 1379 1378
f 1316 1378 1372
f 1316 1372 1353
f 1316 1353 1339
f 1316 1339 1327
f 1316 1327 1319
f 1317 1322 1323
f 1317 1323 1324
f 1318 1325 1336
f 1318 1336 1349
f 1318 1349 1367
f 1318 1367 1371
f 1318 1371 1391
f 1318 1391 1390
f 1318 1390 1373
f 1318 1373 1354
f 1318 1354 1340
f 1318 1340 1328
f 1318 1328 1321
f 1318 1321 1320
f 1319 1327 1326
f 1322 1329 1330
f 1322 1330 1323
f 1323 1330 1331
f 1323 1331 1332
f 1323 1332 1333
f 1323 1333 1334
f 1323 1334 1324
f 1324 1334 1335
f 1325 1337 1336
f 1326 1327 1339
f 1326 1339 1338
f 1328 1340 1341
f 1329 1342 1343
f 1329 1343 1331
f 1329 1331 1330
f 1331 1343 1344
f 1331 1344 1345
f 1331 1345 1333
f 1331 1333 1332
f 1333 1345 1346
f 1333 1346 1334
f 1334 1346 1347
f 1334 1347 1335
f 1335 1347 1348
f 1336 1337 1349
f 1337 1350 1351
f 1337 1351 1349
f 1338 1339 1353
f 1338 1353 1352
f 1340 1354 1355
f 1340 1355 1341
f 1341 1355 1356
f 1342 1352 1357
f 1342 1357 1358
f 1342 1358 1343
f 1343 1358 1344
f 1344 1359 1360
f 1344 1360 1345
f 1344 1358 1359
f 1345 1360 1361
f 1345 1361 1362
f 1345 1362 1346
f 1346 1362 1347
f 1347 1362 1363
f 1347 1363 1364
f 1347 1364 1348
f 1348 1364 1365
f 1348 1365 1366
f 1349 1351 1367
f 1350 1368 1369
f 1350 1369 1370
f 1350 1370 1351
f 1351 1370 1371
f 1351 1371 1367
f 1352 1353 1372
f 1352 1372 1357
f 1354 1373 1355
f 1355 1374 1356
f 1355 1373 1375
f 1355 1375 1376
f 1355 1376 1374
f 1356 1374 1377
f 1357 1372 1358
f 1358 1372 1378
f 1358 1378 1379
f 1358 1379 1359
f 1360 1380 1381
f 1360 1381 1361
f 1361 1381 1362
f 1362 1381 1382
f 1362 1382 1383
f 1362 1383 1376
f 1362 1376 1363
f 1363 1376 1384
f 1363 1384 1385
f 1363 1385 1364
f 1364 1386 1387
f 1364 1387 1365
f 1364 1385 1386
f 1365 1387 1366
f 1368 1386 1388
f 1368 1388 1369
f 1369 1388 1370
f 1370 1388 1389
f 1370 1389 1373
f 1370 1373 1390
f 1370 1390 1391
f 1370 1391 1371
f 1373 1389 1375
f 1374 1392 1377
f 1374 1376 1383
f 1374 1383 1392
f 1375 1389 1388
f 1375 1388 1393
f 1375 1393 1376
f 1376 1393 1385
f 1376 1385 1384
f 1380 1394 1381
f 1381 1394 1382
f 1382 1392 1383
f 1385 1393 1388
f 1385 1388 1386
f 1396 1397 1395
f 1398 1397 1396
f 1398 1399 1397
f 1400 1399 1398
f 1400 1401 1399
f 1400 1402 1401
f 1400 1403 1402
f 1400 1404 1403
f 1400 1396 1404
f 1400 1398 1396
f 1405 1404 1396
f 1405 1403 1404
f 1405 1406 1403
f 1405 1396 1406
f 1406 1396 1395
f 1406 1395 1407
f 1406 1407 1408
f 1406 1408 1403
f 1409 1403 1408
f 1410 1403 1409
f 1410 1411 1403
f 1410 1402 1411
f 1410 1401 1402
f 1412 1401 1410
f 1412 1399 1401
f 1412 1413 1399
f 1412 1410 1413
f 1410 1409 1413
f 1414 1413 1409
f 1414 1415 1413
f 1414 1416 1415
f 1414 1417 1416
f 1418 1417 1414
f 1418 1408 1417
f 1418 1409 1408
f 1418 1414 1409
f 1417 1408 1416
f 1419 1416 1408
f 1420 1416 1419
f 1420 1421 1416
f 1422 1421 1420
f 1423 1421 1422
f 1423 1424 1421
f 1425 1424 1423
f 1425 1426 1424
f 1425 1423 1426
f 1423 1422 1426
f 1427 1426 1422
f 1427 1428 1426
f 1427 1422 1428
f 1429 1428 1422
f 1429 1419 1428
f 1429 1420 1419
f 1429 1422 1420
f 1430 1428 1419
f 1430 1407 1428
f 1431 1407 1430
f 1431 1408 1407
f 1431 1430 1408
f 1430 1419 1408
f 1407 1395 1428
f 1432 1428 1395
f 1433 1428 1432
f 1434 1428 1433
f 1424 1428 1434
f 1426 1428 1424
f 1424 1434 1435
f 1424 1435 1436
f 1424 1436 1421
f 1421 1436 1416
f 1436 1437 1416
f 1436 1438 1437
f 1439 1438 1436
f 1439 1435 1438
f 1439 1436 1435
f 1435 1440 1438
f 1435 1433 1440
f 1435 1434 1433
f 1433 1441 1440
f 1433 1432 1441
f 1432 1395 1441
f 1441 1395 1397
f 1438 1441 1397
f 1440 1441 1438
f 1442 1438 1397
f 1443 1438 1442
f 1443 1437 1438
f 1443 1442 1437
f 1444 1437 1442
f 1444 1415 1437
f 1445 1415 1444
f 1446 1415 1445
f 1446 1447 1415
f 1446 1448 1447
f 1446 1449 1448
f 1446 1445 1449
f 1445 1444 1449
f 1448 1449 1444
f 1448 1444 1442
f 1450 1448 1442
f 1450 1397 1448
f 1450 1442 1397
f 1448 1397 1399
f 1448 1399 1447
f 1451 1447 1399
f 1451 1415 1447
f 1451 1399 1415
f 1399 1413 1415
f 1415 1416 1437
f 1402 1403 1411
f 1452 1453 1456
f 1452 1456 1465
f 1452 1465 1483
f 1452 1483 1500
f 1452 1500 1508
f 1452 1508 1488
f 1452 1488 1487
f 1452 1487 1473
f 1452 1473 1458
f 1452 1458 1454
f 1452 1454 1457
f 1452 1457 1471
f 1452 1471 1485
f 1452 1485 1504
f 1452 1504 1518
f 1452 1518 1520
f 1452 1520 1513
f 1452 1513 1511
f 1452 1511 1497
f 1452 1497 1480
f 1452 1480 1464
f 1452 1464 1455
f 1452 1455 1453
f 1453 1455 1456
f 1454 1458 1459
f 1454 1459 1460
f 1454 1460 1461
f 1454 1461 1462
f 1454 1462 1457
f 1455 1463 1456
f 1455 1464 1481
f 1455 1481 1498
f 1455 1498 1510
f 1455 1510 1501
f 1455 1501 1484
f 1455 1484 1470
f 1455 1470 1469
f 1455 1469 1468
f 1455 1468 1467
f 1455 1467 1466
f 1455 1466 1463
f 1456 1463 1466
f 1456 1466 1467
f 1456 1467 1468
f 1456 1468 1469
f 1456 1469 1470
f 1456 1470 1484
f 1456 1484 1502
f 1456 1502 1514
f 1456 1514 1519
f 1456 1519 1521
f 1456 1521 1516
f 1456 1516 1509
f 1456 1509 1496
f 1456 1496 1495
f 1456 1495 1493
f 1456 1493 1477
f 1456 1477 1476
f 1456 1476 1475
f 1456 1475 1492
f 1456 1492 1499
f 1456 1499 1482
f 1456 1482 1465
f 1457 1462 1472
f 1457 1472 1471
f 1458 1473 1474
f 1458 1474 1459
f 1459 1475 1476
f 1459 1476 1460
f 1459 1474 1475
f 1460 1476 1477
f 1460 1477 1478
f 1460 1478 1461
f 1461 1478 1462
f 1462 1478 1479
f 1462 1479 1472
f 1464 1480 1481
f 1465 1482 1483
f 1471 1472 1486
f 1471 1486 1485
f 1472 1479 1486
f 1473 1487 1474
f 1474 1487 1488
f 1474 1488 1489
f 1474 1489 1490
f 1474 1490 1491
f 1474 1491 1492
f 1474 1492 1475
f 1477 1493 1478
f 1478 1493 1494
f 1478 1494 1479
f 1479 1494 1495
f 1479 1495 1496
f 1479 1496 1486
f 1480 1497 1498
f 1480 1498 1481
f 1482 1499 1483
f 1483 1499 1490
f 1483 1490 1500
f 1484 1501 1502
f 1485 1503 1504
f 1485 1486 1496
f 1485 1496 1505
f 1485 1505 1506
f 1485 1506 1507
f 1485 1507 1503
f 1488 1508 1490
f 1488 1490 1489
f 1490 1499 1491
f 1490 1508 1500
f 1491 1499 1492
f 1493 1495 1494
f 1496 1509 1505
f 1497 1510 1498
f 1497 1511 1510
f 1501 1512 1502
f 1501 1510 1511
f 1501 1511 1513
f 1501 1513 1512
f 1502 1512 1514
f 1503 1507 1515
f 1503 1515 1516
f 1503 1516 1517
f 1503 1517 1504
f 1504 1517 1518
f 1505 1509 1515
f 1505 1515 1507
f 1505 1507 1506
f 1509 1516 1515
f 1512 1517 1519
f 1512 1519 1514
f 1512 1513 1520
f 1512 1520 1518
f 1512 1518 1517
f 1516 1521 1517
f 1517 1521 1519
f 1522 1523 1524
f 1522 1524 1528
f 1522 1528 1533
f 1522 1533 1540
f 1522 1540 1545
f 1522 1545 1544
f 1522 1544 1553
f 1522 1553 1568
f 1522 1568 1578
f 1522 1578 1579
f 1522 1579 1569
f 1522 1569 1554
f 1522 1554 1546
f 1522 1546 1537
f 1522 1537 1531
f 1522 1531 1525
f 1522 1525 1526
f 1522 1526 1527
f 1522 1527 1523
f 1523 1528 1524
f 1523 1527 1529
f 1523 1529 1530
f 1523 1530 1528
f 1525 1531 1526
f 1526 1532 1539
f 1526 1539 1550
f 1526 1550 1562
f 1526 1562 1560
f 1526 1560 1576
f 1526 1576 1572
f 1526 1572 1581
f 1526 1581 1582
f 1526 1582 1577
f 1526 1577 1563
f 1526 1563 1551
f 1526 1551 1541
f 1526 1541 1534
f 1526 1534 1529
f 1526 1529 1527
f 1526 1531 1532
f 1528 1530 1533
f 1529 1534 1530
f 1530 1534 1535
f 1530 1535 1536
f 1530 1536 1533
f 1531 1537 1538
f 1531 1538 1532
f 1532 1538 1539
f 1533 1536 1540
f 1534 1541 1535
f 1535 1541 1542
f 1535 1542 1543
f 1535 1543 1536
f 1536 1543 1544
f 1536 1544 1545
f 1536 1545 1540
f 1537 1546 1547
f 1537 1547 1538
f 1538 1548 1549
f 1538 1549 1539
f 1538 1547 1548
f 1539 1549 1550
f 1541 1551 1565
f 1541 1565 1552
f 1541 1552 1542
f 1542 1552 1544
f 1542 1544 1543
f 1544 1552 1565
f 1544 1565 1553
f 1546 1554 1555
f 1546 1555 1556
f 1546 1556 1547
f 1547 1557 1549
f 1547 1549 1558
f 1547 1558 1548
f 1547 1556 1559
f 1547 1559 1560
f 1547 1560 1561
f 1547 1561 1557
f 1548 1558 1549
f 1549 1557 1550
f 1550 1557 1562
f 1551 1563 1564
f 1551 1564 1565
f 1553 1565 1563
f 1553 1563 1566
f 1553 1566 1567
f 1553 1567 1568
f 1554 1569 1555
f 1555 1570 1559
f 1555 1559 1556
f 1555 1569 1571
f 1555 1571 1572
f 1555 1572 1570
f 1557 1561 1562
f 1559 1570 1573
f 1559 1573 1574
f 1559 1574 1575
f 1559 1575 1560
f 1560 1575 1576
f 1560 1562 1561
f 1563 1565 1564
f 1563 1577 1585
f 1563 1585 1586
f 1563 1586 1578
f 1563 1578 1568
f 1563 1568 1567
f 1563 1567 1566
f 1569 1579 1580
f 1569 1580 1571
f 1570 1572 1573
f 1571 1580 1572
f 1572 1576 1574
f 1572 1574 1573
f 1572 1580 1581
f 1574 1576 1575
f 1577 1582 1583
f 1577 1583 1584
f 1577 1584 1585
f 1578 1586 1584
f 1578 1584 1579
f 1579 1584 1580
f 1580 1584 1583
f 1580 1583 1581
f 1581 1583 1582
f 1584 1586 1585
f 1587 1588 1589
f 1587 1589 1593
f 1587 1593 1601
f 1587 1601 1619
f 1587 1619 1629
f 1587 1629 1640
f 1587 1640 1655
f 1587 1655 1654
f 1587 1654 1660
f 1587 1660 1645
f 1587 1645 1632
f 1587 1632 1621
f 1587 1621 1602
f 1587 1602 1594
f 1587 1594 1590
f 1587 1590 1595
f 1587 1595 1608
f 1587 1608 1607
f 1587 1607 1606
f 1587 1606 1605
f 1587 1605 1604
f 1587 1604 1612
f 1587 1612 1611
f 1587 1611 1609
f 1587 1609 1596
f 1587 1596 1591
f 1587 1591 1592
f 1587 1592 1588
f 1588 1592 1589
f 1589 1592 1593
f 1590 1594 1595
f 1591 1596 1592
f 1592 1596 1597
f 1592 1597 1598
f 1592 1598 1599
f 1592 1599 1600
f 1592 1600 1593
f 1593 1600 1601
f 1594 1602 1620
f 1594 1620 1630
f 1594 1630 1643
f 1594 1643 1657
f 1594 1657 1648
f 1594 1648 1633
f 1594 1633 1622
f 1594 1622 1603
f 1594 1603 1604
f 1594 1604 1605
f 1594 1605 1606
f 1594 1606 1607
f 1594 1607 1608
f 1594 1608 1595
f 1596 1609 1597
f 1597 1609 1598
f 1598 1610 1599
f 1598 1609 1611
f 1598 1611 1612
f 1598 1612 1613
f 1598 1613 1614
f 1598 1614 1615
f 1598 1615 1610
f 1599 1610 1616
f 1599 1616 1617
f 1599 1617 1618
f 1599 1618 1600
f 1600 1618 1619
f 1600 1619 1601
f 1602 1621 1620
f 1603 1622 1635
f 1603 1635 1642
f 1603 1642 1637
f 1603 1637 1624
f 1603 1624 1615
f 1603 1615 1614
f 1603 1614 1613
f 1603 1613 1612
f 1603 1612 1604
f 1610 1623 1617
f 1610 1617 1616
f 1610 1615 1624
f 1610 1624 1623
f 1617 1623 1625
f 1617 1625 1618
f 1618 1625 1619
f 1619 1625 1626
f 1619 1626 1627
f 1619 1627 1628
f 1619 1628 1629
f 1620 1621 1631
f 1620 1631 1630
f 1621 1632 1631
f 1622 1633 1634
f 1622 1634 1635
f 1623 1636 1626
f 1623 1626 1625
f 1623 1624 1637
f 1623 1637 1636
f 1626 1636 1627
f 1627 1636 1628
f 1628 1638 1639
f 1628 1639 1640
f 1628 1640 1629
f 1628 1636 1637
f 1628 1637 1641
f 1628 1641 1642
f 1628 1642 1638
f 1630 1631 1632
f 1630 1632 1644
f 1630 1644 1643
f 1632 1645 1646
f 1632 1646 1647
f 1632 1647 1644
f 1633 1648 1649
f 1633 1649 1650
f 1633 1650 1634
f 1634 1650 1651
f 1634 1651 1652
f 1634 1652 1635
f 1635 1652 1638
f 1635 1638 1642
f 1637 1642 1641
f 1638 1652 1653
f 1638 1653 1639
f 1639 1654 1655
f 1639 1655 1640
f 1639 1653 1656
f 1639 1656 1654
f 1643 1644 1647
f 1643 1647 1658
f 1643 1658 1657
f 1645 1659 1647
f 1645 1647 1646
f 1645 1660 1659
f 1647 1659 1658
f 1648 1657 1661
f 1648 1661 1658
f 1648 1658 1649
f 1649 1658 1650
f 1650 1658 1662
f 1650 1662 1651
f 1651 1662 1653
f 1651 1653 1652
f 1653 1662 1656
f 1654 1656 1660
f 1656 1662 1658
f 1656 1658 1659
f 1656 1659 1660
f 1657 1658 1661
f 1663 1664 1670
f 1663 1670 1686
f 1663 1686 1701
f 1663 1701 1721
f 1663 1721 1743
f 1663 1743 1760
f 1663 1760 1762
f 1663 1762 1761
f 1663 1761 1747
f 1663 1747 1746
f 1663 1746 1723
f 1663 1723 1722
f 1663 1722 1702
f 1663 1702 1688
f 1663 1688 1672
f 1663 1672 1665
f 1663 1665 1666
f 1663 1666 1667
f 1663 1667 1668
f 1663 1668 1669
f 1663 1669 1664
f 1664 1669 1671
f 1664 1671 1670
f 1665 1672 1673
f 1665 1673 1666
f 1666 1673 1674
f 1666 1674 1675
f 1666 1675 1676
f 1666 1676 1667
f 1667 1676 1677
f 1667 1677 1678
f 1667 1678 1679
f 1667 1679 1680
f 1667 1680 1681
f 1667 1681 1668
f 1668 1681 1682
f 1668 1682 1683
f 1668 1683 1684
f 1668 1684 1669
f 1669 1684 1685
f 1669 1685 1687
f 1669 1687 1671
f 1670 1671 1686
f 1671 1687 1686
f 1672 1688 1689
f 1672 1689 1690
f 1672 1690 1673
f 1673 1690 1691
f 1673 1691 1692
f 1673 1692 1674
f 1674 1692 1675
f 1675 1692 1677
f 1675 1677 1676
f 1677 1693 1678
f 1677 1692 1694
f 1677 1694 1693
f 1678 1695 1679
f 1678 1693 1695
f 1679 1695 1680
f 1680 1696 1697
f 1680 1697 1681
f 1680 1695 1696
f 1681 1697 1698
f 1681 1698 1682
f 1682 1698 1699
f 1682 1699 1683
f 1683 1699 1700
f 1683 1700 1684
f 1684 1700 1685
f 1685 1700 1699
f 1685 1699 1720
f 1685 1720 1738
f 1685 1738 1741
f 1685 1741 1740
f 1685 1740 1759
f 1685 1759 1744
f 1685 1744 1721
f 1685 1721 1701
f 1685 1701 1687
f 1686 1687 1701
f 1688 1702 1703
f 1688 1703 1689
f 1689 1704 1705
f 1689 1705 1694
f 1689 1694 1690
f 1689 1703 1704
f 1690 1694 1691
f 1691 1694 1692
f 1693 1706 1707
f 1693 1707 1708
f 1693 1708 1695
f 1693 1694 1709
f 1693 1709 1706
f 1694 1710 1709
f 1694 1705 1710
f 1695 1708 1711
f 1695 1711 1712
f 1695 1712 1696
f 1696 1712 1713
f 1696 1713 1714
f 1696 1714 1697
f 1697 1714 1715
f 1697 1715 1716
f 1697 1716 1698
f 1698 1717 1699
f 1698 1716 1718
f 1698 1718 1719
f 1698 1719 1717
f 1699 1717 1719
f 1699 1719 1720
f 1702 1722 1704
f 1702 1704 1703
f 1704 1710 1705
f 1704 1722 1723
f 1704 1723 1724
f 1704 1724 1710
f 1706 1709 1725
f 1706 1725 1726
f 1706 1726 1727
f 1706 1727 1707
f 1707 1727 1728
f 1707 1728 1729
f 1707 1729 1711
f 1707 1711 1708
f 1709 1710 1730
f 1709 1730 1725
f 1710 1731 1730
f 1710 1724 1731
f 1711 1729 1732
f 1711 1732 1712
f 1712 1732 1713
f 1713 1715 1714
f 1713 1732 1733
f 1713 1733 1715
f 1715 1733 1734
f 1715 1734 1735
f 1715 1735 1736
f 1715 1736 1716
f 1716 1736 1718
f 1718 1736 1737
f 1718 1737 1719
f 1719 1738 1720
f 1719 1737 1739
f 1719 1739 1740
f 1719 1740 1741
f 1719 1741 1738
f 1721 1742 1743
f 1721 1744 1745
f 1721 1745 1742
f 1723 1746 1724
f 1724 1746 1747
f 1724 1747 1748
f 1724 1748 1731
f 1725 1730 1726
f 1726 1730 1749
f 1726 1749 1750
f 1726 1750 1727
f 1727 1750 1751
f 1727 1751 1728
f 1728 1751 1752
f 1728 1752 1753
f 1728 1753 1729
f 1729 1753 1732
f 1730 1731 1748
f 1730 1748 1754
f 1730 1754 1749
f 1732 1753 1734
f 1732 1734 1733
f 1734 1753 1752
f 1734 1752 1755
f 1734 1755 1756
f 1734 1756 1735
f 1735 1756 1757
f 1735 1757 1736
f 1736 1757 1737
f 1737 1757 1739
f 1739 1757 1758
f 1739 1758 1759
f 1739 1759 1740
f 1742 1754 1760
f 1742 1760 1743
f 1742 1745 1750
f 1742 1750 1749
f 1742 1749 1754
f 1744 1759 1758
f 1744 1758 1755
f 1744 1755 1752
f 1744 1752 1751
f 1744 1751 1745
f 1745 1751 1750
f 1747 1761 1748
f 1748 1761 1762
f 1748 1762 1754
f 1754 1762 1760
f 1755 1758 1756
f 1756 1758 1757
f 1763 1764 1765
f 1763 1765 1766
f 1763 1766 1767
f 1763 1767 1777
f 1763 1777 1785
f 1763 1785 1786
f 1763 1786 1795
f 1763 1795 1796
f 1763 1796 1787
f 1763 1787 1778
f 1763 1778 1768
f 1763 1768 1779
f 1763 1779 1789
f 1763 1789 1798
f 1763 1798 1790
f 1763 1790 1780
f 1763 1780 1770
f 1763 1770 1769
f 1763 1769 1764
f 1764 1769 1765
f 1765 1769 1770
f 1765 1770 1771
f 1765 1771 1772
f 1765 1772 1766
f 1766 1772 1773
f 1766 1773 1774
f 1766 1774 1767
f 1767 1774 1775
f 1767 1775 1776
f 1767 1776 1777
f 1768 1778 1779
f 1770 1780 1781
f 1770 1781 1782
f 1770 1782 1772
f 1770 1772 1771
f 1772 1782 1783
f 1772 1783 1773
f 1773 1783 1792
f 1773 1792 1793
f 1773 1793 1788
f 1773 1788 1778
f 1773 1778 1787
f 1773 1787 1794
f 1773 1794 1784
f 1773 1784 1775
f 1773 1775 1774
f 1775 1784 1776
f 1776 1785 1777
f 1776 1784 1786
f 1776 1786 1785
f 1778 1788 1779
f 1779 1788 1793
f 1779 1793 1799
f 1779 1799 1800
f 1779 1800 1797
f 1779 1797 1789
f 1780 1790 1791
f 1780 1791 1781
f 1781 1792 1783
f 1781 1783 1782
f 1781 1791 1793
f 1781 1793 1792
f 1784 1794 1786
f 1786 1794 1795
f 1787 1796 1794
f 1789 1797 1798
f 1790 1798 1793
f 1790 1793 1791
f 1793 1798 1799
f 1794 1796 1795
f 1797 1800 1798
f 1798 1800 1799
f 1801 1802 1803
f 1801 1803 1804
f 1801 1804 1811
f 1801 1811 1821
f 1801 1821 1839
f 1801 1839 1858
f 1801 1858 1859
f 1801 1859 1841
f 1801 1841 1825
f 1801 1825 1812
f 1801 1812 1805
f 1801 1805 1802
f 1802 1805 1803
f 1803 1805 1806
f 1803 1806 1807
f 1803 1807 1808
f 1803 1808 1809
f 1803 1809 1810
f 1803 1810 1804
f 1804 1810 1811
f 1805 1812 1813
f 1805 1813 1806
f 1806 1813 1814
f 1806 1814 1807
f 1807 1815 1816
f 1807 1816 1809
f 1807 1809 1808
f 1807 1814 1817
f 1807 1817 1818
f 1807 1818 1815
f 1809 1819 1810
f 1809 1816 1815
f 1809 1815 1820
f 1809 1820 1833
f 1809 1833 1819
f 1810 1819 1811
f 1811 1819 1822
f 1811 1822 1823
f 1811 1823 1824
f 1811 1824 1838
f 1811 1838 1821
f 1812 1825 1826
f 1812 1826 1813
f 1813 1826 1814
f 1814 1826 1827
f 1814 1827 1817
f 1815 1828 1820
f 1815 1818 1829
f 1815 1829 1828
f 1817 1827 1830
f 1817 1830 1831
f 1817 1831 1818
f 1818 1831 1832
f 1818 1832 1829
f 1819 1833 1834
f 1819 1834 1822
f 1820 1828 1835
f 1820 1835 1836
f 1820 1836 1837
f 1820 1837 1850
f 1820 1850 1833
f 1821 1838 1839
f 1822 1840 1856
f 1822 1856 1854
f 1822 1854 1853
f 1822 1853 1852
f 1822 1852 1870
f 1822 1870 1880
f 1822 1880 1882
f 1822 1882 1881
f 1822 1881 1879
f 1822 1879 1872
f 1822 1872 1857
f 1822 1857 1838
f 1822 1838 1824
f 1822 1824 1823
f 1822 1834 1840
f 1825 1841 1842
f 1825 1842 1826
f 1826 1842 1827
f 1827 1842 1843
f 1827 1843 1844
f 1827 1844 1830
f 1828 1829 1845
f 1828 1845 1846
f 1828 1846 1835
f 1829 1832 1845
f 1830 1844 1831
f 1831 1847 1848
f 1831 1848 1832
f 1831 1844 1847
f 1832 1848 1849
f 1832 1849 1845
f 1833 1850 1834
f 1834 1850 1851
f 1834 1851 1840
f 1835 1846 1852
f 1835 1852 1853
f 1835 1853 1854
f 1835 1854 1855
f 1835 1855 1837
f 1835 1837 1836
f 1837 1855 1856
f 1837 1856 1850
f 1838 1857 1839
f 1839 1857 1872
f 1839 1872 1877
f 1839 1877 1876
f 1839 1876 1875
f 1839 1875 1874
f 1839 1874 1873
f 1839 1873 1858
f 1840 1851 1856
f 1841 1859 1860
f 1841 1860 1861
f 1841 1861 1862
f 1841 1862 1842
f 1842 1862 1863
f 1842 1863 1864
f 1842 1864 1865
f 1842 1865 1843
f 1843 1865 1866
f 1843 1866 1844
f 1844 1866 1867
f 1844 1867 1847
f 1845 1849 1868
f 1845 1868 1869
f 1845 1869 1870
f 1845 1870 1846
f 1846 1870 1852
f 1847 1867 1848
f 1848 1867 1849
f 1849 1867 1871
f 1849 1871 1868
f 1850 1856 1851
f 1854 1856 1855
f 1858 1873 1859
f 1859 1873 1860
f 1860 1873 1874
f 1860 1874 1875
f 1860 1875 1861
f 1861 1875 1862
f 1862 1875 1876
f 1862 1876 1864
f 1862 1864 1863
f 1864 1876 1877
f 1864 1877 1878
f 1864 1878 1866
f 1864 1866 1865
f 1866 1871 1867
f 1866 1878 1879
f 1866 1879 1871
f 1868 1871 1869
f 1869 1880 1870
f 1869 1871 1880
f 1871 1879 1881
f 1871 1881 1882
f 1871 1882 1880
f 1872 1879 1878
f 1872 1878 1877
f 1883 1884 1885
f 1883 1885 1890
f 1883 1890 1902
f 1883 1902 1901
f 1883 1901 1908
f 1883 1908 1907
f 1883 1907 1906
f 1883 1906 1903
f 1883 1903 1891
f 1883 1891 1886
f 1883 1886 1892
f 1883 1892 1905
f 1883 1905 1918
f 1883 1918 1928
f 1883 1928 1941
f 1883 1941 1952
f 1883 1952 1959
f 1883 1959 1957
f 1883 1957 1960
f 1883 1960 1953
f 1883 1953 1942
f 1883 1942 1929
f 1883 1929 1919
f 1883 1919 1909
f 1883 1909 1893
f 1883 1893 1887
f 1883 1887 1884
f 1884 1887 1888
f 1884 1888 1885
f 1885 1888 1889
f 1885 1889 1890
f 1886 1891 1892
f 1887 1893 1894
f 1887 1894 1895
f 1887 1895 1896
f 1887 1896 1897
f 1887 1897 1888
f 1888 1898 1899
f 1888 1899 1900
f 1888 1900 1889
f 1888 1897 1898
f 1889 1901 1902
f 1889 1902 1890
f 1889 1900 1899
f 1889 1899 1915
f 1889 1915 1913
f 1889 1913 1912
f 1889 1912 1923
f 1889 1923 1934
f 1889 1934 1933
f 1889 1933 1932
f 1889 1932 1946
f 1889 1946 1937
f 1889 1937 1925
f 1889 1925 1916
f 1889 1916 1904
f 1889 1904 1908
f 1889 1908 1901
f 1891 1903 1892
f 1892 1904 1916
f 1892 1916 1924
f 1892 1924 1936
f 1892 1936 1949
f 1892 1949 1950
f 1892 1950 1938
f 1892 1938 1926
f 1892 1926 1917
f 1892 1917 1905
f 1892 1903 1906
f 1892 1906 1907
f 1892 1907 1908
f 1892 1908 1904
f 1893 1909 1910
f 1893 1910 1911
f 1893 1911 1895
f 1893 1895 1894
f 1895 1912 1913
f 1895 1913 1896
f 1895 1911 1914
f 1895 1914 1912
f 1896 1913 1915
f 1896 1915 1897
f 1897 1915 1898
f 1898 1915 1899
f 1905 1917 1918
f 1909 1919 1920
f 1909 1920 1921
f 1909 1921 1911
f 1909 1911 1910
f 1911 1921 1922
f 1911 1922 1914
f 1912 1914 1923
f 1914 1922 1923
f 1916 1925 1924
f 1917 1926 1927
f 1917 1927 1918
f 1918 1927 1928
f 1919 1929 1920
f 1920 1930 1931
f 1920 1931 1921
f 1920 1929 1930
f 1921 1931 1932
f 1921 1932 1922
f 1922 1933 1934
f 1922 1934 1923
f 1922 1932 1933
f 1924 1925 1935
f 1924 1935 1936
f 1925 1937 1935
f 1926 1938 1939
f 1926 1939 1928
f 1926 1928 1927
f 1928 1940 1941
f 1928 1939 1940
f 1929 1942 1943
f 1929 1943 1930
f 1930 1943 1944
f 1930 1944 1931
f 1931 1944 1945
f 1931 1945 1946
f 1931 1946 1932
f 1935 1937 1945
f 1935 1945 1944
f 1935 1944 1947
f 1935 1947 1948
f 1935 1948 1949
f 1935 1949 1936
f 1937 1946 1945
f 1938 1950 1939
f 1939 1950 1940
f 1940 1951 1952
f 1940 1952 1941
f 1940 1950 1951
f 1942 1953 1943
f 1943 1954 1955
f 1943 1955 1947
f 1943 1947 1944
f 1943 1953 1954
f 1947 1955 1948
f 1948 1955 1949
f 1949 1956 1950
f 1949 1955 1957
f 1949 1957 1958
f 1949 1958 1956
f 1950 1956 1951
f 1951 1958 1959
f 1951 1959 1952
f 1951 1956 1958
f 1953 1960 1954
f 1954 1960 1955
f 1955 1960 1957
f 1957 1959 1958
f 1961 1962 1967
f 1961 1967 1975
f 1961 1975 1989
f 1961 1989 2011
f 1961 2011 1991
f 1961 1991 1976
f 1961 1976 1968
f 1961 1968 1963
f 1961 1963 1964
f 1961 1964 1965
f 1961 1965 1966
f 1961 1966 1962
f 1962 1966 1973
f 1962 1973 1986
f 1962 1986 2005
f 1962 2005 2026
f 1962 2026 2025
f 1962 2025 2049
f 1962 2049 2056
f 1962 2056 2059
f 1962 2059 2058
f 1962 2058 2057
f 1962 2057 2050
f 1962 2050 2027
f 1962 2027 2007
f 1962 2007 1987
f 1962 1987 1974
f 1962 1974 1967
f 1963 1968 1969
f 1963 1969 1964
f 1964 1969 1970
f 1964 1970 1971
f 1964 1971 1972
f 1964 1972 1965
f 1965 1972 1983
f 1965 1983 1982
f 1965 1982 2001
f 1965 2001 2000
f 1965 2000 2021
f 1965 2021 2043
f 1965 2043 2045
f 1965 2045 2022
f 1965 2022 2003
f 1965 2003 1985
f 1965 1985 1973
f 1965 1973 1966
f 1967 1974 1975
f 1968 1976 1977
f 1968 1977 1969
f 1969 1977 1978
f 1969 1978 1970
f 1970 1979 1980
f 1970 1980 1981
f 1970 1981 1982
f 1970 1982 1983
f 1970 1983 1971
f 1970 1978 1984
f 1970 1984 1979
f 1971 1983 1972
f 1973 1985 1986
f 1974 1987 1988
f 1974 1988 1975
f 1975 1988 1990
f 1975 1990 1989
f 1976 1991 1992
f 1976 1992 1993
f 1976 1993 1994
f 1976 1994 1977
f 1977 1994 1993
f 1977 1993 1995
f 1977 1995 1978
f 1978 1995 1984
f 1979 1996 1997
f 1979 1997 1998
f 1979 1998 1980
f 1979 1984 1996
f 1980 1998 1999
f 1980 1999 1981
f 1981 1999 2000
f 1981 2000 2001
f 1981 2001 1982
f 1984 1995 2002
f 1984 2002 1996
f 1985 2003 2004
f 1985 2004 1986
f 1986 2004 2005
f 1987 2006 1988
f 1987 2007 2008
f 1987 2008 2006
f 1988 2006 2009
f 1988 2009 1990
f 1989 2010 2011
f 1989 1990 2012
f 1989 2012 2010
f 1990 2009 2013
f 1990 2013 2012
f 1991 2011 2014
f 1991 2014 1992
f 1992 2014 1993
f 1993 2014 1995
f 1995 1997 1996
f 1995 1996 2002
f 1995 2014 2013
f 1995 2013 1997
f 1997 2015 2016
f 1997 2016 2017
f 1997 2017 1999
f 1997 1999 1998
f 1997 2013 2009
f 1997 2009 2018
f 1997 2018 2015
f 1999 2019 2020
f 1999 2020 2000
f 1999 2017 2019
f 2000 2020 2021
f 2003 2022 2023
f 2003 2023 2004
f 2004 2024 2025
f 2004 2025 2026
f 2004 2026 2005
f 2004 2023 2024
f 2006 2008 2009
f 2007 2027 2028
f 2007 2028 2029
f 2007 2029 2030
f 2007 2030 2008
f 2008 2030 2018
f 2008 2018 2009
f 2010 2012 2013
f 2010 2013 2014
f 2010 2014 2011
f 2015 2018 2016
f 2016 2031 2032
f 2016 2032 2033
f 2016 2033 2034
f 2016 2034 2035
f 2016 2035 2036
f 2016 2036 2017
f 2016 2018 2037
f 2016 2037 2031
f 2017 2036 2035
f 2017 2035 2038
f 2017 2038 2019
f 2018 2030 2039
f 2018 2039 2037
f 2019 2040 2041
f 2019 2041 2020
f 2019 2038 2035
f 2019 2035 2034
f 2019 2034 2040
f 2020 2041 2021
f 2021 2041 2042
f 2021 2042 2043
f 2022 2044 2023
f 2022 2045 2044
f 2023 2044 2024
f 2024 2044 2042
f 2024 2042 2046
f 2024 2046 2047
f 2024 2047 2048
f 2024 2048 2049
f 2024 2049 2025
f 2027 2050 2051
f 2027 2051 2028
f 2028 2051 2039
f 2028 2039 2029
f 2029 2039 2030
f 2031 2039 2032
f 2031 2037 2039
f 2032 2039 2033
f 2033 2039 2052
f 2033 2052 2034
f 2034 2053 2054
f 2034 2054 2055
f 2034 2055 2040
f 2034 2052 2053
f 2039 2051 2052
f 2040 2042 2041
f 2040 2055 2042
f 2042 2044 2043
f 2042 2055 2053
f 2042 2053 2046
f 2043 2044 2045
f 2046 2053 2052
f 2046 2052 2047
f 2047 2052 2051
f 2047 2051 2056
f 2047 2056 2048
f 2048 2056 2049
f 2050 2057 2051
f 2051 2057 2058
f 2051 2058 2059
f 2051 2059 2056
f 2053 2055 2054
f 2060 2061 2068
f 2060 2068 2074
f 2060 2074 2069
f 2060 2069 2062
f 2060 2062 2063
f 2060 2063 2064
f 2060 2064 2065
f 2060 2065 2066
f 2060 2066 2067
f 2060 2067 2061
f 2061 2067 2068
f 2062 2069 2075
f 2062 2075 2080
f 2062 2080 2088
f 2062 2088 2099
f 2062 2099 2101
f 2062 2101 2100
f 2062 2100 2089
f 2062 2089 2081
f 2062 2081 2076
f 2062 2076 2070
f 2062 2070 2063
f 2063 2070 2071
f 2063 2071 2064
f 2064 2071 2065
f 2065 2072 2066
f 2065 2071 2073
f 2065 2073 2072
f 2066 2072 2067
f 2067 2072 2073
f 2067 2073 2078
f 2067 2078 2084
f 2067 2084 2093
f 2067 2093 2097
f 2067 2097 2087
f 2067 2087 2094
f 2067 2094 2085
f 2067 2085 2079
f 2067 2079 2074
f 2067 2074 2068
f 2069 2074 2075
f 2070 2073 2071
f 2070 2076 2077
f 2070 2077 2073
f 2073 2077 2078
f 2074 2079 2075
f 2075 2079 2085
f 2075 2085 2095
f 2075 2095 2096
f 2075 2096 2086
f 2075 2086 2080
f 2076 2081 2082
f 2076 2082 2077
f 2077 2083 2078
f 2077 2082 2083
f 2078 2083 2084
f 2080 2086 2087
f 2080 2087 2088
f 2081 2089 2083
f 2081 2083 2082
f 2083 2089 2090
f 2083 2090 2091
f 2083 2091 2092
f 2083 2092 2084
f 2084 2092 2093
f 2085 2094 2095
f 2086 2096 2087
f 2087 2096 2094
f 2087 2097 2098
f 2087 2098 2099
f 2087 2099 2088
f 2089 2100 2091
f 2089 2091 2090
f 2091 2093 2092
f 2091 2100 2101
f 2091 2101 2102
f 2091 2102 2097
f 2091 2097 2093
f 2094 2096 2095
f 2097 2102 2101
f 2097 2101 2098
f 2098 2101 2099
f 2103 2104 2109
f 2103 2109 2123
f 2103 2123 2139
f 2103 2139 2160
f 2103 2160 2161
f 2103 2161 2140
f 2103 2140 2124
f 2103 2124 2110
f 2103 2110 2105
f 2103 2105 2106
f 2103 2106 2107
f 2103 2107 2119
f 2103 2119 2134
f 2103 2134 2153
f 2103 2153 2170
f 2103 2170 2154
f 2103 2154 2135
f 2103 2135 2120
f 2103 2120 2108
f 2103 2108 2104
f 2104 2108 2109
f 2105 2110 2111
f 2105 2111 2112
f 2105 2112 2113
f 2105 2113 2114
f 2105 2114 2106
f 2106 2114 2107
f 2107 2114 2113
f 2107 2113 2115
f 2107 2115 2116
f 2107 2116 2117
f 2107 2117 2118
f 2107 2118 2119
f 2108 2120 2136
f 2108 2136 2156
f 2108 2156 2168
f 2108 2168 2149
f 2108 2149 2169
f 2108 2169 2167
f 2108 2167 2146
f 2108 2146 2166
f 2108 2166 2174
f 2108 2174 2172
f 2108 2172 2171
f 2108 2171 2157
f 2108 2157 2137
f 2108 2137 2121
f 2108 2121 2122
f 2108 2122 2109
f 2109 2122 2121
f 2109 2121 2137
f 2109 2137 2123
f 2110 2124 2125
f 2110 2125 2126
f 2110 2126 2112
f 2110 2112 2111
f 2112 2126 2127
f 2112 2127 2128
f 2112 2128 2129
f 2112 2129 2113
f 2113 2129 2115
f 2115 2130 2117
f 2115 2117 2116
f 2115 2129 2131
f 2115 2131 2130
f 2117 2130 2132
f 2117 2132 2133
f 2117 2133 2119
f 2117 2119 2118
f 2119 2133 2134
f 2120 2135 2136
f 2123 2137 2138
f 2123 2138 2139
f 2124 2140 2141
f 2124 2141 2125
f 2125 2141 2126
f 2126 2141 2142
f 2126 2142 2143
f 2126 2143 2127
f 2127 2143 2144
f 2127 2144 2128
f 2128 2145 2129
f 2128 2144 2146
f 2128 2146 2145
f 2129 2145 2131
f 2130 2147 2132
f 2130 2131 2148
f 2130 2148 2149
f 2130 2149 2147
f 2131 2145 2150
f 2131 2150 2148
f 2132 2151 2152
f 2132 2152 2153
f 2132 2153 2133
f 2132 2147 2151
f 2133 2153 2134
f 2135 2154 2136
f 2136 2154 2155
f 2136 2155 2156
f 2137 2157 2158
f 2137 2158 2138
f 2138 2158 2159
f 2138 2159 2160
f 2138 2160 2139
f 2140 2161 2141
f 2141 2162 2159
f 2141 2159 2163
f 2141 2163 2164
f 2141 2164 2143
f 2141 2143 2142
f 2141 2161 2160
f 2141 2160 2162
f 2143 2164 2165
f 2143 2165 2166
f 2143 2166 2144
f 2144 2166 2146
f 2145 2146 2167
f 2145 2167 2150
f 2147 2168 2151
f 2147 2149 2168
f 2148 2150 2169
f 2148 2169 2149
f 2150 2167 2169
f 2151 2156 2155
f 2151 2155 2152
f 2151 2168 2156
f 2152 2155 2170
f 2152 2170 2153
f 2154 2170 2155
f 2157 2171 2163
f 2157 2163 2159
f 2157 2159 2158
f 2159 2162 2160
f 2163 2171 2172
f 2163 2172 2173
f 2163 2173 2164
f 2164 2173 2165
f 2165 2173 2174
f 2165 2174 2166
f 2172 2174 2173
f 2175 2176 2181
f 2175 2181 2189
f 2175 2189 2206
f 2175 2206 2232
f 2175 2232 2257
f 2175 2257 2258
f 2175 2258 2233
f 2175 2233 2207
f 2175 2207 2190
f 2175 2190 2182
f 2175 2182 2177
f 2175 2177 2183
f 2175 2183 2193
f 2175 2193 2212
f 2175 2212 2241
f 2175 2241 2240
f 2175 2240 2267
f 2175 2267 2266
f 2175 2266 2269
f 2175 2269 2268
f 2175 2268 2244
f 2175 2244 2243
f 2175 2243 2242
f 2175 2242 2214
f 2175 2214 2213
f 2175 2213 2194
f 2175 2194 2184
f 2175 2184 2178
f 2175 2178 2179
f 2175 2179 2176
f 2176 2179 2180
f 2176 2180 2181
f 2177 2182 2183
f 2178 2184 2179
f 2179 2184 2185
f 2179 2185 2186
f 2179 2186 2187
f 2179 2187 2180
f 2180 2187 2188
f 2180 2188 2181
f 2181 2188 2187
f 2181 2187 2189
f 2182 2190 2208
f 2182 2208 2236
f 2182 2236 2263
f 2182 2263 2262
f 2182 2262 2261
f 2182 2261 2253
f 2182 2253 2252
f 2182 2252 2250
f 2182 2250 2245
f 2182 2245 2224
f 2182 2224 2223
f 2182 2223 2222
f 2182 2222 2209
f 2182 2209 2191
f 2182 2191 2192
f 2182 2192 2183
f 2183 2192 2191
f 2183 2191 2209
f 2183 2209 2221
f 2183 2221 2249
f 2183 2249 2270
f 2183 2270 2264
f 2183 2264 2237
f 2183 2237 2210
f 2183 2210 2193
f 2184 2194 2185
f 2185 2195 2196
f 2185 2196 2197
f 2185 2197 2198
f 2185 2198 2199
f 2185 2199 2186
f 2185 2194 2195
f 2186 2199 2200
f 2186 2200 2187
f 2187 2200 2201
f 2187 2201 2202
f 2187 2202 2203
f 2187 2203 2189
f 2189 2203 2204
f 2189 2204 2205
f 2189 2205 2206
f 2190 2207 2208
f 2193 2210 2211
f 2193 2211 2212
f 2194 2213 2195
f 2195 2213 2214
f 2195 2214 2215
f 2195 2215 2216
f 2195 2216 2196
f 2196 2216 2197
f 2197 2217 2198
f 2197 2216 2218
f 2197 2218 2219
f 2197 2219 2220
f 2197 2220 2221
f 2197 2221 2209
f 2197 2209 2222
f 2197 2222 2223
f 2197 2223 2224
f 2197 2224 2217
f 2198 2217 2225
f 2198 2225 2226
f 2198 2226 2200
f 2198 2200 2199
f 2200 2226 2201
f 2201 2226 2202
f 2202 2204 2203
f 2202 2226 2227
f 2202 2227 2228
f 2202 2228 2229
f 2202 2229 2204
f 2204 2230 2205
f 2204 2229 2230
f 2205 2231 2232
f 2205 2232 2206
f 2205 2230 2231
f 2207 2233 2234
f 2207 2234 2208
f 2208 2234 2235
f 2208 2235 2236
f 2210 2237 2211
f 2211 2238 2239
f 2211 2239 2240
f 2211 2240 2241
f 2211 2241 2212
f 2211 2237 2238
f 2214 2242 2215
f 2215 2242 2243
f 2215 2243 2244
f 2215 2244 2218
f 2215 2218 2216
f 2217 2228 2227
f 2217 2227 2226
f 2217 2226 2225
f 2217 2224 2245
f 2217 2245 2228
f 2218 2246 2247
f 2218 2247 2219
f 2218 2244 2248
f 2218 2248 2246
f 2219 2247 2249
f 2219 2249 2220
f 2220 2249 2221
f 2228 2250 2251
f 2228 2251 2252
f 2228 2252 2229
f 2228 2245 2250
f 2229 2252 2253
f 2229 2253 2254
f 2229 2254 2230
f 2230 2254 2255
f 2230 2255 2231
f 2231 2256 2257
f 2231 2257 2232
f 2231 2255 2256
f 2233 2258 2259
f 2233 2259 2234
f 2234 2259 2235
f 2235 2260 2261
f 2235 2261 2262
f 2235 2262 2263
f 2235 2263 2236
f 2235 2259 2260
f 2237 2264 2265
f 2237 2265 2238
f 2238 2265 2247
f 2238 2247 2246
f 2238 2246 2239
f 2239 2246 2266
f 2239 2266 2267
f 2239 2267 2240
f 2244 2268 2248
f 2246 2248 2268
f 2246 2268 2269
f 2246 2269 2266
f 2247 2265 2249
f 2249 2265 2270
f 2250 2252 2251
f 2253 2261 2271
f 2253 2271 2254
f 2254 2271 2260
f 2254 2260 2256
f 2254 2256 2255
f 2256 2259 2258
f 2256 2258 2257
f 2256 2260 2259
f 2260 2271 2261
f 2264 2270 2265
f 2272 2273 2274
f 2272 2274 2275
f 2272 2275 2280
f 2272 2280 2279
f 2272 2279 2292
f 2272 2292 2302
f 2272 2302 2315
f 2272 2315 2323
f 2272 2323 2322
f 2272 2322 2321
f 2272 2321 2320
f 2272 2320 2319
f 2272 2319 2338
f 2272 2338 2342
f 2272 2342 2341
f 2272 2341 2346
f 2272 2346 2339
f 2272 2339 2327
f 2272 2327 2326
f 2272 2326 2314
f 2272 2314 2301
f 2272 2301 2313
f 2272 2313 2309
f 2272 2309 2295
f 2272 2295 2285
f 2272 2285 2276
f 2272 2276 2273
f 2273 2276 2277
f 2273 2277 2278
f 2273 2278 2274
f 2274 2279 2280
f 2274 2280 2275
f 2274 2278 2281
f 2274 2281 2282
f 2274 2282 2283
f 2274 2283 2284
f 2274 2284 2279
f 2276 2285 2286
f 2276 2286 2277
f 2277 2287 2288
f 2277 2288 2289
f 2277 2289 2290
f 2277 2290 2291
f 2277 2291 2281
f 2277 2281 2278
f 2277 2286 2287
f 2279 2284 2293
f 2279 2293 2292
f 2281 2291 2290
f 2281 2290 2289
f 2281 2289 2288
f 2281 2288 2287
f 2281 2287 2299
f 2281 2299 2312
f 2281 2312 2334
f 2281 2334 2335
f 2281 2335 2316
f 2281 2316 2307
f 2281 2307 2294
f 2281 2294 2284
f 2281 2284 2283
f 2281 2283 2282
f 2284 2294 2293
f 2285 2295 2296
f 2285 2296 2286
f 2286 2296 2297
f 2286 2297 2287
f 2287 2298 2299
f 2287 2297 2300
f 2287 2300 2301
f 2287 2301 2298
f 2292 2293 2302
f 2293 2294 2303
f 2293 2303 2304
f 2293 2304 2305
f 2293 2305 2306
f 2293 2306 2302
f 2294 2307 2308
f 2294 2308 2303
f 2295 2309 2297
f 2295 2297 2296
f 2297 2309 2300
f 2298 2310 2325
f 2298 2325 2331
f 2298 2331 2329
f 2298 2329 2328
f 2298 2328 2327
f 2298 2327 2339
f 2298 2339 2347
f 2298 2347 2345
f 2298 2345 2344
f 2298 2344 2340
f 2298 2340 2332
f 2298 2332 2312
f 2298 2312 2299
f 2298 2301 2311
f 2298 2311 2310
f 2300 2309 2313
f 2300 2313 2301
f 2301 2314 2311
f 2302 2306 2315
f 2303 2308 2316
f 2303 2316 2317
f 2303 2317 2318
f 2303 2318 2319
f 2303 2319 2320
f 2303 2320 2321
f 2303 2321 2322
f 2303 2322 2304
f 2304 2322 2323
f 2304 2323 2306
f 2304 2306 2305
f 2306 2323 2315
f 2307 2316 2308
f 2310 2311 2324
f 2310 2324 2325
f 2311 2314 2326
f 2311 2326 2327
f 2311 2327 2328
f 2311 2328 2329
f 2311 2329 2330
f 2311 2330 2331
f 2311 2331 2325
f 2311 2325 2324
f 2312 2332 2333
f 2312 2333 2334
f 2316 2335 2336
f 2316 2336 2337
f 2316 2337 2317
f 2317 2337 2336
f 2317 2336 2318
f 2318 2336 2338
f 2318 2338 2319
f 2329 2331 2330
f 2332 2340 2333
f 2333 2341 2342
f 2333 2342 2343
f 2333 2343 2334
f 2333 2340 2344
f 2333 2344 2345
f 2333 2345 2341
f 2334 2343 2336
f 2334 2336 2335
f 2336 2343 2338
f 2338 2343 2342
f 2339 2346 2347
f 2341 2345 2347
f 2341 2347 2346
f 2348 2349 2350
f 2348 2350 2351
f 2348 2351 2352
f 2348 2352 2357
f 2348 2357 2360
f 2348 2360 2359
f 2348 2359 2368
f 2348 2368 2382
f 2348 2382 2384
f 2348 2384 2389
f 2348 2389 2395
f 2348 2395 2403
f 2348 2403 2408
f 2348 2408 2404
f 2348 2404 2397
f 2348 2397 2392
f 2348 2392 2391
f 2348 2391 2386
f 2348 2386 2375
f 2348 2375 2367
f 2348 2367 2358
f 2348 2358 2353
f 2348 2353 2349
f 2349 2353 2358
f 2349 2358 2366
f 2349 2366 2374
f 2349 2374 2381
f 2349 2381 2380
f 2349 2380 2379
f 2349 2379 2378
f 2349 2378 2377
f 2349 2377 2370
f 2349 2370 2369
f 2349 2369 2362
f 2349 2362 2361
f 2349 2361 2356
f 2349 2356 2354
f 2349 2354 2350
f 2350 2354 2351
f 2351 2355 2352
f 2351 2354 2356
f 2351 2356 2355
f 2352 2355 2357
f 2355 2359 2360
f 2355 2360 2357
f 2355 2356 2361
f 2355 2361 2362
f 2355 2362 2363
f 2355 2363 2364
f 2355 2364 2365
f 2355 2365 2359
f 2358 2367 2366
f 2359 2365 2368
f 2362 2369 2363
f 2363 2369 2370
f 2363 2370 2377
f 2363 2377 2387
f 2363 2387 2393
f 2363 2393 2402
f 2363 2402 2394
f 2363 2394 2388
f 2363 2388 2383
f 2363 2383 2371
f 2363 2371 2364
f 2364 2371 2365
f 2365 2371 2372
f 2365 2372 2373
f 2365 2373 2368
f 2366 2367 2374
f 2367 2375 2385
f 2367 2385 2390
f 2367 2390 2396
f 2367 2396 2400
f 2367 2400 2399
f 2367 2399 2407
f 2367 2407 2401
f 2367 2401 2393
f 2367 2393 2387
f 2367 2387 2376
f 2367 2376 2377
f 2367 2377 2378
f 2367 2378 2379
f 2367 2379 2380
f 2367 2380 2381
f 2367 2381 2374
f 2368 2373 2382
f 2371 2383 2372
f 2372 2383 2373
f 2373 2384 2382
f 2373 2383 2384
f 2375 2386 2385
f 2376 2387 2377
f 2383 2388 2389
f 2383 2389 2384
f 2385 2386 2391
f 2385 2391 2392
f 2385 2392 2390
f 2388 2394 2395
f 2388 2395 2389
f 2390 2392 2396
f 2392 2397 2398
f 2392 2398 2399
f 2392 2399 2400
f 2392 2400 2396
f 2393 2401 2402
f 2394 2402 2401
f 2394 2401 2395
f 2395 2401 2403
f 2397 2404 2405
f 2397 2405 2406
f 2397 2406 2398
f 2398 2406 2399
f 2399 2406 2407
f 2401 2407 2406
f 2401 2406 2405
f 2401 2405 2408
f 2401 2408 2403
f 2404 2408 2405
f 2409 2410 2411
f 2409 2411 2416
f 2409 2416 2424
f 2409 2424 2423
f 2409 2423 2435
f 2409 2435 2433
f 2409 2433 2455
f 2409 2455 2467
f 2409 2467 2441
f 2409 2441 2427
f 2409 2427 2426
f 2409 2426 2417
f 2409 2417 2412
f 2409 2412 2418
f 2409 2418 2428
f 2409 2428 2442
f 2409 2442 2469
f 2409 2469 2477
f 2409 2477 2480
f 2409 2480 2472
f 2409 2472 2453
f 2409 2453 2452
f 2409 2452 2451
f 2409 2451 2444
f 2409 2444 2429
f 2409 2429 2419
f 2409 2419 2413
f 2409 2413 2410
f 2410 2413 2414
f 2410 2414 2411
f 2411 2414 2415
f 2411 2415 2416
f 2412 2417 2418
f 2413 2419 2420
f 2413 2420 2414
f 2414 2420 2415
f 2415 2421 2422
f 2415 2422 2423
f 2415 2423 2424
f 2415 2424 2416
f 2415 2420 2425
f 2415 2425 2421
f 2417 2426 2418
f 2418 2427 2441
f 2418 2441 2466
f 2418 2466 2463
f 2418 2463 2462
f 2418 2462 2461
f 2418 2461 2460
f 2418 2460 2459
f 2418 2459 2457
f 2418 2457 2456
f 2418 2456 2449
f 2418 2449 2448
f 2418 2448 2447
f 2418 2447 2473
f 2418 2473 2481
f 2418 2481 2475
f 2418 2475 2468
f 2418 2468 2443
f 2418 2443 2428
f 2418 2426 2427
f 2419 2429 2430
f 2419 2430 2431
f 2419 2431 2432
f 2419 2432 2420
f 2420 2432 2425
f 2421 2433 2422
f 2421 2425 2434
f 2421 2434 2433
f 2422 2433 2435
f 2422 2435 2423
f 2425 2432 2431
f 2425 2431 2436
f 2425 2436 2437
f 2425 2437 2438
f 2425 2438 2439
f 2425 2439 2440
f 2425 2440 2434
f 2428 2443 2442
f 2429 2444 2430
f 2430 2445 2446
f 2430 2446 2447
f 2430 2447 2448
f 2430 2448 2449
f 2430 2449 2450
f 2430 2450 2431
f 2430 2444 2451
f 2430 2451 2452
f 2430 2452 2453
f 2430 2453 2445
f 2431 2450 2436
f 2433 2434 2454
f 2433 2454 2455
f 2434 2440 2439
f 2434 2439 2454
f 2436 2450 2456
f 2436 2456 2457
f 2436 2457 2437
f 2437 2458 2439
f 2437 2439 2438
f 2437 2457 2459
f 2437 2459 2460
f 2437 2460 2461
f 2437 2461 2462
f 2437 2462 2463
f 2437 2463 2458
f 2439 2464 2465
f 2439 2465 2454
f 2439 2458 2463
f 2439 2463 2464
f 2441 2467 2466
f 2442 2443 2468
f 2442 2468 2469
f 2445 2470 2471
f 2445 2471 2447
f 2445 2447 2446
f 2445 2453 2472
f 2445 2472 2470
f 2447 2471 2473
f 2449 2456 2450
f 2454 2474 2455
f 2454 2465 2464
f 2454 2464 2474
f 2455 2474 2467
f 2463 2466 2464
f 2464 2466 2474
f 2466 2467 2474
f 2468 2475 2476
f 2468 2476 2469
f 2469 2476 2477
f 2470 2472 2478
f 2470 2478 2471
f 2471 2479 2473
f 2471 2478 2479
f 2472 2480 2478
f 2473 2479 2481
f 2475 2482 2476
f 2475 2481 2482
f 2476 2482 2480
f 2476 2480 2477
f 2478 2480 2479
f 2479 2482 2481
f 2479 2480 2482
f 2483 2484 2489
f 2483 2489 2503
f 2483 2503 2516
f 2483 2516 2537
f 2483 2537 2547
f 2483 2547 2551
f 2483 2551 2550
f 2483 2550 2549
f 2483 2549 2538
f 2483 2538 2517
f 2483 2517 2505
f 2483 2505 2491
f 2483 2491 2490
f 2483 2490 2485
f 2483 2485 2486
f 2483 2486 2487
f 2483 2487 2494
f 2483 2494 2508
f 2483 2508 2523
f 2483 2523 2528
f 2483 2528 2544
f 2483 2544 2530
f 2483 2530 2510
f 2483 2510 2495
f 2483 2495 2488
f 2483 2488 2484
f 2484 2488 2489
f 2485 2490 2486
f 2486 2490 2491
f 2486 2491 2492
f 2486 2492 2493
f 2486 2493 2494
f 2486 2494 2487
f 2488 2495 2512
f 2488 2512 2532
f 2488 2532 2513
f 2488 2513 2501
f 2488 2501 2500
f 2488 2500 2499
f 2488 2499 2498
f 2488 2498 2497
f 2488 2497 2504
f 2488 2504 2496
f 2488 2496 2489
f 2489 2497 2498
f 2489 2498 2499
f 2489 2499 2500
f 2489 2500 2501
f 2489 2501 2502
f 2489 2502 2514
f 2489 2514 2534
f 2489 2534 2542
f 2489 2542 2553
f 2489 2553 2548
f 2489 2548 2546
f 2489 2546 2536
f 2489 2536 2515
f 2489 2515 2503
f 2489 2496 2504
f 2489 2504 2497
f 2491 2505 2492
f 2492 2506 2493
f 2492 2505 2507
f 2492 2507 2506
f 2493 2508 2494
f 2493 2506 2509
f 2493 2509 2508
f 2495 2510 2511
f 2495 2511 2512
f 2501 2513 2533
f 2501 2533 2545
f 2501 2545 2543
f 2501 2543 2524
f 2501 2524 2539
f 2501 2539 2520
f 2501 2520 2535
f 2501 2535 2514
f 2501 2514 2502
f 2503 2515 2516
f 2505 2517 2518
f 2505 2518 2507
f 2506 2519 2509
f 2506 2507 2520
f 2506 2520 2519
f 2507 2518 2521
f 2507 2521 2522
f 2507 2522 2520
f 2508 2509 2523
f 2509 2519 2524
f 2509 2524 2525
f 2509 2525 2526
f 2509 2526 2527
f 2509 2527 2528
f 2509 2528 2529
f 2509 2529 2523
f 2510 2530 2511
f 2511 2530 2526
f 2511 2526 2531
f 2511 2531 2532
f 2511 2532 2512
f 2513 2532 2531
f 2513 2531 2533
f 2514 2535 2534
f 2515 2536 2516
f 2516 2536 2537
f 2517 2538 2521
f 2517 2521 2518
f 2519 2520 2539
f 2519 2539 2524
f 2520 2522 2535
f 2521 2538 2540
f 2521 2540 2522
f 2522 2540 2541
f 2522 2541 2542
f 2522 2542 2534
f 2522 2534 2535
f 2523 2529 2528
f 2524 2543 2525
f 2525 2543 2526
f 2526 2530 2544
f 2526 2544 2527
f 2526 2543 2545
f 2526 2545 2533
f 2526 2533 2531
f 2527 2544 2528
f 2536 2546 2537
f 2537 2546 2548
f 2537 2548 2547
f 2538 2549 2540
f 2540 2549 2550
f 2540 2550 2551
f 2540 2551 2552
f 2540 2552 2553
f 2540 2553 2542
f 2540 2542 2541
f 2547 2548 2551
f 2548 2553 2551
f 2551 2553 2552
f 2554 2555 2556
f 2554 2556 2561
f 2554 2561 2570
f 2554 2570 2572
f 2554 2572 2571
f 2554 2571 2562
f 2554 2562 2557
f 2554 2557 2563
f 2554 2563 2574
f 2554 2574 2580
f 2554 2580 2590
f 2554 2590 2603
f 2554 2603 2608
f 2554 2608 2610
f 2554 2610 2609
f 2554 2609 2604
f 2554 2604 2591
f 2554 2591 2581
f 2554 2581 2575
f 2554 2575 2564
f 2554 2564 2558
f 2554 2558 2555
f 2555 2558 2559
f 2555 2559 2560
f 2555 2560 2556
f 2556 2560 2561
f 2557 2562 2563
f 2558 2564 2559
f 2559 2564 2565
f 2559 2565 2566
f 2559 2566 2567
f 2559 2567 2560
f 2560 2568 2561
f 2560 2567 2577
f 2560 2577 2576
f 2560 2576 2584
f 2560 2584 2586
f 2560 2586 2578
f 2560 2578 2573
f 2560 2573 2572
f 2560 2572 2570
f 2560 2570 2569
f 2560 2569 2568
f 2561 2568 2569
f 2561 2569 2570
f 2562 2571 2563
f 2563 2571 2572
f 2563 2572 2573
f 2563 2573 2578
f 2563 2578 2585
f 2563 2585 2596
f 2563 2596 2607
f 2563 2607 2600
f 2563 2600 2588
f 2563 2588 2579
f 2563 2579 2574
f 2564 2575 2565
f 2565 2575 2576
f 2565 2576 2577
f 2565 2577 2566
f 2566 2577 2567
f 2574 2579 2580
f 2575 2581 2582
f 2575 2582 2583
f 2575 2583 2576
f 2576 2583 2584
f 2578 2586 2587
f 2578 2587 2585
f 2579 2588 2580
f 2580 2589 2590
f 2580 2588 2589
f 2581 2591 2582
f 2582 2591 2592
f 2582 2592 2583
f 2583 2592 2584
f 2584 2592 2593
f 2584 2593 2586
f 2585 2594 2595
f 2585 2595 2596
f 2585 2587 2594
f 2586 2593 2587
f 2587 2593 2597
f 2587 2597 2598
f 2587 2598 2599
f 2587 2599 2594
f 2588 2600 2589
f 2589 2601 2602
f 2589 2602 2603
f 2589 2603 2590
f 2589 2600 2601
f 2591 2604 2597
f 2591 2597 2592
f 2592 2597 2593
f 2594 2605 2606
f 2594 2606 2595
f 2594 2599 2605
f 2595 2602 2607
f 2595 2607 2596
f 2595 2606 2602
f 2597 2604 2599
f 2597 2599 2598
f 2599 2604 2605
f 2600 2607 2601
f 2601 2607 2602
f 2602 2606 2608
f 2602 2608 2603
f 2604 2609 2605
f 2605 2609 2610
f 2605 2610 2606
f 2606 2610 2608
f 2611 2612 2613
f 2611 2613 2614
f 2611 2614 2621
f 2611 2621 2620
f 2611 2620 2619
f 2611 2619 2630
f 2611 2630 2649
f 2611 2649 2632
f 2611 2632 2631
f 2611 2631 2622
f 2611 2622 2615
f 2611 2615 2624
f 2611 2624 2638
f 2611 2638 2639
f 2611 2639 2625
f 2611 2625 2616
f 2611 2616 2612
f 2612 2616 2627
f 2612 2627 2644
f 2612 2644 2656
f 2612 2656 2658
f 2612 2658 2657
f 2612 2657 2645
f 2612 2645 2628
f 2612 2628 2617
f 2612 2617 2613
f 2613 2617 2618
f 2613 2618 2619
f 2613 2619 2620
f 2613 2620 2621
f 2613 2621 2614
f 2615 2622 2623
f 2615 2623 2624
f 2616 2625 2626
f 2616 2626 2627
f 2617 2628 2629
f 2617 2629 2648
f 2617 2648 2662
f 2617 2662 2667
f 2617 2667 2665
f 2617 2665 2663
f 2617 2663 2650
f 2617 2650 2636
f 2617 2636 2635
f 2617 2635 2634
f 2617 2634 2633
f 2617 2633 2630
f 2617 2630 2619
f 2617 2619 2618
f 2622 2631 2623
f 2623 2631 2632
f 2623 2632 2633
f 2623 2633 2634
f 2623 2634 2635
f 2623 2635 2636
f 2623 2636 2637
f 2623 2637 2638
f 2623 2638 2624
f 2625 2639 2640
f 2625 2640 2626
f 2626 2641 2627
f 2626 2640 2642
f 2626 2642 2643
f 2626 2643 2641
f 2627 2641 2644
f 2628 2645 2646
f 2628 2646 2647
f 2628 2647 2629
f 2629 2647 2648
f 2630 2633 2649
f 2632 2649 2633
f 2636 2650 2651
f 2636 2651 2638
f 2636 2638 2637
f 2638 2640 2639
f 2638 2651 2640
f 2640 2651 2652
f 2640 2652 2642
f 2641 2643 2644
f 2642 2652 2653
f 2642 2653 2643
f 2643 2654 2644
f 2643 2653 2655
f 2643 2655 2654
f 2644 2654 2656
f 2645 2657 2646
f 2646 2657 2658
f 2646 2658 2656
f 2646 2656 2659
f 2646 2659 2660
f 2646 2660 2661
f 2646 2661 2647
f 2647 2661 2648
f 2648 2661 2662
f 2650 2663 2651
f 2651 2663 2664
f 2651 2664 2652
f 2652 2664 2653
f 2653 2664 2665
f 2653 2665 2655
f 2654 2655 2666
f 2654 2666 2660
f 2654 2660 2659
f 2654 2659 2656
f 2655 2667 2666
f 2655 2665 2667
f 2660 2666 2661
f 2661 2666 2662
f 2662 2666 2667
f 2663 2665 2664
f 2668 2669 2670
f 2668 2670 2671
f 2668 2671 2680
f 2668 2680 2690
f 2668 2690 2700
f 2668 2700 2699
f 2668 2699 2692
f 2668 2692 2691
f 2668 2691 2681
f 2668 2681 2672
f 2668 2672 2682
f 2668 2682 2694
f 2668 2694 2704
f 2668 2704 2715
f 2668 2715 2723
f 2668 2723 2726
f 2668 2726 2725
f 2668 2725 2724
f 2668 2724 2718
f 2668 2718 2708
f 2668 2708 2705
f 2668 2705 2695
f 2668 2695 2683
f 2668 2683 2673
f 2668 2673 2669
f 2669 2673 2674
f 2669 2674 2675
f 2669 2675 2670
f 2670 2676 2671
f 2670 2675 2677
f 2670 2677 2678
f 2670 2678 2679
f 2670 2679 2676
f 2671 2676 2679
f 2671 2679 2680
f 2672 2681 2682
f 2673 2683 2684
f 2673 2684 2674
f 2674 2684 2675
f 2675 2678 2677
f 2675 2684 2685
f 2675 2685 2686
f 2675 2686 2687
f 2675 2687 2678
f 2678 2688 2679
f 2678 2687 2689
f 2678 2689 2686
f 2678 2686 2698
f 2678 2698 2711
f 2678 2711 2713
f 2678 2713 2702
f 2678 2702 2701
f 2678 2701 2692
f 2678 2692 2699
f 2678 2699 2688
f 2679 2688 2680
f 2680 2688 2690
f 2681 2691 2682
f 2682 2691 2692
f 2682 2692 2693
f 2682 2693 2702
f 2682 2702 2712
f 2682 2712 2721
f 2682 2721 2728
f 2682 2728 2727
f 2682 2727 2722
f 2682 2722 2714
f 2682 2714 2703
f 2682 2703 2694
f 2683 2695 2684
f 2684 2695 2696
f 2684 2696 2685
f 2685 2696 2697
f 2685 2697 2698
f 2685 2698 2686
f 2686 2689 2687
f 2688 2699 2700
f 2688 2700 2690
f 2692 2701 2693
f 2693 2701 2702
f 2694 2703 2704
f 2695 2705 2696
f 2696 2706 2707
f 2696 2707 2697
f 2696 2705 2708
f 2696 2708 2709
f 2696 2709 2706
f 2697 2707 2710
f 2697 2710 2711
f 2697 2711 2698
f 2702 2713 2712
f 2703 2714 2715
f 2703 2715 2704
f 2706 2709 2716
f 2706 2716 2707
f 2707 2717 2712
f 2707 2712 2710
f 2707 2716 2717
f 2708 2718 2709
f 2709 2718 2716
f 2710 2712 2711
f 2711 2712 2713
f 2712 2717 2719
f 2712 2719 2720
f 2712 2720 2721
f 2714 2722 2715
f 2715 2722 2723
f 2716 2718 2724
f 2716 2724 2725
f 2716 2725 2719
f 2716 2719 2717
f 2719 2725 2726
f 2719 2726 2720
f 2720 2723 2722
f 2720 2722 2727
f 2720 2727 2728
f 2720 2728 2721
f 2720 2726 2723
f 2729 2730 2731
f 2729 2731 2732
f 2729 2732 2733
f 2729 2733 2734
f 2729 2734 2735
f 2729 2735 2736
f 2729 2736 2737
f 2729 2737 2738
f 2729 2738 2739
f 2729 2739 2744
f 2729 2744 2749
f 2729 2749 2756
f 2729 2756 2765
f 2729 2765 2769
f 2729 2769 2766
f 2729 2766 2758
f 2729 2758 2757
f 2729 2757 2751
f 2729 2751 2745
f 2729 2745 2740
f 2729 2740 2730
f 2730 2740 2731
f 2731 2740 2741
f 2731 2741 2747
f 2731 2747 2752
f 2731 2752 2760
f 2731 2760 2767
f 2731 2767 2768
f 2731 2768 2762
f 2731 2762 2755
f 2731 2755 2748
f 2731 2748 2742
f 2731 2742 2736
f 2731 2736 2735
f 2731 2735 2734
f 2731 2734 2733
f 2731 2733 2732
f 2736 2742 2737
f 2737 2742 2738
f 2738 2742 2743
f 2738 2743 2744
f 2738 2744 2739
f 2740 2745 2746
f 2740 2746 2741
f 2741 2746 2747
f 2742 2748 2743
f 2743 2748 2749
f 2743 2749 2744
f 2745 2750 2746
f 2745 2751 2750
f 2746 2750 2747
f 2747 2750 2753
f 2747 2753 2754
f 2747 2754 2752
f 2748 2755 2749
f 2749 2755 2756
f 2750 2751 2757
f 2750 2757 2758
f 2750 2758 2759
f 2750 2759 2753
f 2752 2754 2761
f 2752 2761 2760
f 2753 2759 2754
f 2754 2759 2758
f 2754 2758 2766
f 2754 2766 2767
f 2754 2767 2760
f 2754 2760 2761
f 2755 2762 2764
f 2755 2764 2763
f 2755 2763 2756
f 2756 2763 2764
f 2756 2764 2765
f 2762 2768 2769
f 2762 2769 2765
f 2762 2765 2764
f 2766 2769 2767
f 2767 2769 2768

