# https://github.com/mikedh/trimesh
v 0.03255111 0.00517565 0.00653554
v 0.03238137 0.00369927 0.00653554
v 0.03248540 0.00517565 0.00506144
v 0.03246897 0.00665203 0.00506144
v 0.03241422 0.01404407 0.00653554
v 0.03240327 0.01552552 0.00801526
v 0.03251278 0.00517565 0.00801526
v 0.03238684 0.00369927 0.00801526
v 0.03172431 0.00221782 0.00801526
v 0.03159837 0.00209606 0.00650741
v 0.03163670 0.00230914 0.00506144
v 0.03228828 0.00369927 0.00506144
v 0.03236494 0.00517565 0.00358734
v 0.03237589 0.00665203 0.00358734
v 0.03234851 0.01404407 0.00506144
v 0.03238137 0.01552552 0.00653554
v 0.03219520 0.01700190 0.00949499
v 0.03234304 0.01552552 0.00949499
v 0.03113295 0.02636244 0.00506144
v 0.03215139 0.01552552 0.01096909
v 0.03231566 0.00517565 0.00949499
v 0.03226638 0.00369927 0.00949499
v 0.03120414 0.00142636 0.00801526
v 0.03119318 0.00143651 0.00698565
v 0.03156552 0.00213665 0.00940497
v 0.03118223 0.00145173 0.00885359
v 0.03097964 0.00167496 0.00358734
v 0.03153814 0.00241568 0.00358734
v 0.03212402 0.00369927 0.00358734
v 0.03216782 0.00517565 0.00210762
v 0.03220068 0.00665203 0.00210762
v 0.03215687 0.01109132 0.00210762
v 0.03227733 0.01256769 0.00358734
v 0.03224996 0.01404407 0.00358734
v 0.03229923 0.01552552 0.00506144
v 0.03111105 0.02592613 0.00346356
v 0.03096869 0.02734670 0.00653554
v 0.03083728 0.02734670 0.00801526
v 0.03205284 0.01700190 0.01096909
v 0.03094679 0.02734670 0.00358734
v 0.03100154 0.02734670 0.00506144
v 0.03198713 0.00369927 0.01096909
v 0.03177906 0.01552552 0.01244881
v 0.03154361 0.00246642 0.01096909
v 0.03041567 0.00090887 0.00801526
v 0.03054160 0.00103570 0.00650741
v 0.03024045 0.00104585 0.00358734
v 0.03049232 0.00111688 0.00940497
v 0.03089203 0.00172570 0.01096909
v 0.02994477 0.00129952 0.01244881
v 0.03015284 0.00115239 0.01096909
v 0.03009261 0.00115239 0.00210762
v 0.02966552 0.00148724 -0.00154950
v 0.03083180 0.00185253 0.00210762
v 0.03139578 0.00259326 0.00210762
v 0.03188310 0.00369927 0.00210762
v 0.03189953 0.00517565 0.00062789
v 0.03198165 0.00665203 0.00062789
v 0.03199261 0.00813348 0.00062789
v 0.03199261 0.00960986 0.00062789
v 0.03212950 0.01256769 0.00210762
v 0.03197618 0.01109132 0.00062789
v 0.03209116 0.01404407 0.00210762
v 0.03217877 0.01552552 0.00358734
v 0.03114938 0.02503320 0.00288968
v 0.03076062 0.02734670 0.00210762
v 0.03070039 0.02882308 0.00653554
v 0.03073872 0.02882308 0.00506144
v 0.03056898 0.02882308 0.00801526
v 0.03031163 0.02882308 0.00949499
v 0.03056898 0.02734670 0.00949499
v 0.03165313 0.01700190 0.01244881
v 0.02968743 0.03111121 0.01027705
v 0.03068944 0.02882308 0.00358734
v 0.03157099 0.00369927 0.01244881
v 0.03119866 0.00288244 0.01332089
v 0.03134102 0.00269473 0.01244881
v 0.03135198 0.01552552 0.01373724
v 0.03124246 0.00369927 0.01346718
v 0.02906322 0.00022395 0.00801526
v 0.02915083 0.00021888 0.00653554
v 0.02910702 0.00025946 0.00506144
v 0.02883325 0.00025946 0.00354796
v 0.02893728 0.00047255 0.00210762
v 0.03068396 0.00195400 0.01244881
v 0.02977503 0.00141621 0.01343905
v 0.02893728 0.00059939 0.01096909
v 0.02881134 0.00027976 0.00939934
v 0.02684564 0.00137563 0.02088268
v 0.02702086 0.00126401 0.01984181
v 0.02893728 0.00068563 0.00062789
v 0.03115486 0.00295855 -0.00010916
v 0.03123699 0.00282664 0.00062789
v 0.02907965 0.00104077 -0.00097561
v 0.02873469 0.00114225 -0.00232593
v 0.02840068 0.00132489 -0.00380566
v 0.02824190 0.00144665 -0.00464398
v 0.02975313 0.00287230 -0.00472275
v 0.03157099 0.00369927 0.00062789
v 0.03120414 0.00427765 -0.00179706
v 0.03158195 0.00517565 -0.00084621
v 0.03171336 0.00665203 -0.00084621
v 0.03176264 0.00813348 -0.00084621
v 0.03176811 0.00960986 -0.00084621
v 0.03172978 0.01109132 -0.00084621
v 0.03192690 0.01256769 0.00062789
v 0.03200356 0.01552552 0.00210762
v 0.03185572 0.01404407 0.00062789
v 0.03093584 0.02586524 0.00210762
v 0.03049780 0.02882308 0.00210762
v 0.03046494 0.02734670 0.00062789
v 0.03020759 0.02882308 0.00062789
v 0.02966005 0.03391176 0.00653554
v 0.02959982 0.03364287 0.00801526
v 0.02946293 0.03473366 0.00506144
v 0.02968743 0.03257237 0.00883108
v 0.02961077 0.03209546 0.00982132
v 0.03128079 0.01700190 0.01350656
v 0.03077705 0.01552552 0.01540826
v 0.02941912 0.03167436 0.01085093
v 0.02891538 0.03621512 0.00210762
v 0.02906869 0.03621512 0.00358734
v 0.03099059 0.00369927 0.01420985
v 0.03056898 0.00369927 0.01540826
v 0.02967100 0.00302450 0.01761378
v 0.02987359 0.00270995 0.01662918
v 0.03009261 0.00246135 0.01540826
v 0.02832403 -0.00003987 0.00801526
v 0.02841164 -0.00007539 0.00653554
v 0.02823094 -0.00000943 0.00884233
v 0.02836783 -0.00006524 0.00506144
v 0.02827475 -0.00002972 0.00401494
v 0.02813238 0.00002101 0.00302471
v 0.02796264 0.00006160 0.00210762
v 0.02768887 0.00013770 0.00062789
v 0.02598052 0.00086828 0.01984181
v 0.02840068 0.00272010 0.01984181
v 0.02820904 0.00294333 0.02059574
v 0.02736582 0.00228378 0.02123151
v 0.02650616 0.00162930 0.02186729
v 0.02526322 0.00146695 0.02356081
v 0.02745890 0.00055372 -0.00232593
v 0.03102344 0.00329339 -0.00109939
v 0.03128627 0.00375001 -0.00069992
v 0.02745890 0.00086321 -0.00380566
v 0.02749175 0.00118283 -0.00519536
v 0.02695516 0.00132997 -0.00675948
v 0.02800645 0.00164452 -0.00562859
v 0.02852114 0.00262877 -0.00643878
v 0.02813786 0.00305494 -0.00742338
v 0.02879492 0.00360795 -0.00686638
v 0.02953411 0.00369927 -0.00575799
v 0.02989002 0.00369927 -0.00501532
v 0.03036091 0.00369927 -0.00380566
v 0.03086466 0.00375001 -0.00230343
v 0.03109463 0.00517565 -0.00283230
v 0.03128627 0.00517565 -0.00209525
v 0.03133555 0.00657086 -0.00246096
v 0.03144506 0.00813348 -0.00232593
v 0.03145601 0.00960986 -0.00232593
v 0.03140673 0.01109132 -0.00232593
v 0.03114938 0.01317143 -0.00304610
v 0.03165860 0.01256769 -0.00084621
v 0.03173526 0.01552552 0.00062789
v 0.03155457 0.01404407 -0.00084621
v 0.03063468 0.02586524 0.00062789
v 0.02865803 0.03621512 0.00062789
v 0.03112748 0.01404407 -0.00291669
v 0.03069491 0.01552552 -0.00380566
v 0.03027330 0.01552552 -0.00528538
v 0.03022950 0.02586524 -0.00084621
v 0.03003786 0.02734670 -0.00084621
v 0.02962172 0.02908182 -0.00138633
v 0.02975313 0.02993924 -0.00039610
v 0.02964909 0.03092349 0.00004275
v 0.02947388 0.03473366 0.00653554
v 0.02931509 0.03473366 0.00801526
v 0.02947388 0.03314567 0.00939371
v 0.02911797 0.03621512 0.00506144
v 0.02905774 0.03325729 0.01096909
v 0.03060731 0.01700190 0.01540826
v 0.03024045 0.01552552 0.01688236
v 0.02976955 0.01658588 0.01782196
v 0.02857042 0.03769149 0.00210762
v 0.02834045 0.03767120 0.00068416
v 0.02867446 0.03769149 0.00358734
v 0.02970385 0.00401383 0.01767567
v 0.02994477 0.00359273 0.01702302
v 0.02940270 0.00359273 0.01824393
v 0.02745890 -0.00017178 0.00801526
v 0.02745890 -0.00022251 0.00653554
v 0.02745890 -0.00022251 0.00506144
v 0.02745342 -0.00008553 0.00939934
v 0.02450213 0.00051821 0.01984181
v 0.02380674 -0.00000943 0.01624096
v 0.02598052 -0.00037472 0.00210762
v 0.02756841 -0.00014641 0.00354796
v 0.02598052 -0.00029355 0.00062789
v 0.02722345 -0.00012612 0.00210762
v 0.02695516 -0.00006017 0.00062789
v 0.02678541 -0.00001451 -0.00022731
v 0.02400386 -0.00008046 -0.00650067
v 0.02734939 0.00023410 -0.00077306
v 0.02450213 0.00077695 0.02131591
v 0.02450213 0.00108644 0.02279563
v 0.02689492 0.00261355 0.02233427
v 0.02890991 0.01552552 0.01984181
v 0.02834593 0.01404407 0.02082642
v 0.02836236 0.01552552 0.02086018
v 0.02789694 0.01552552 0.02159722
v 0.02524133 0.00439941 0.02501803
v 0.02563556 0.00382104 0.02439351
v 0.02519752 0.00341008 0.02496740
v 0.02551510 0.00221782 0.02388714
v 0.02382865 0.00289767 0.02655402
v 0.02081165 0.00147709 0.02797185
v 0.02006698 0.00104585 0.02722918
v 0.01858860 0.00066534 0.02722918
v 0.02598052 0.00050299 -0.00528538
v 0.02598052 0.00083277 -0.00675948
v 0.02672518 0.00147202 -0.00751341
v 0.02595314 0.00221782 -0.00968517
v 0.02554795 0.00260848 -0.01081606
v 0.02683469 0.00282156 -0.00916755
v 0.02840068 0.00403919 -0.00776096
v 0.02965457 0.00460742 -0.00598304
v 0.03071682 0.00517565 -0.00380566
v 0.03114391 0.00602292 -0.00304047
v 0.03118223 0.00700717 -0.00314175
v 0.03120961 0.00813348 -0.00322052
v 0.03122056 0.00960986 -0.00324865
v 0.03119318 0.01109132 -0.00318113
v 0.03097417 0.01263365 -0.00368188
v 0.03087013 0.01404407 -0.00380566
v 0.02925486 0.03178091 -0.00084621
v 0.02824190 0.03716893 -0.00025544
v 0.02813238 0.03815318 0.00022280
v 0.02986264 0.01552552 -0.00655693
v 0.02979693 0.01667213 -0.00637126
v 0.02908512 0.03029945 -0.00232593
v 0.02953958 0.03038063 -0.00087434
v 0.02904679 0.03621512 0.00653554
v 0.02903584 0.03473366 0.00949499
v 0.02436525 0.05110067 0.00801526
v 0.02358225 0.05110067 0.01235879
v 0.02452951 0.05110067 0.00506144
v 0.02450213 0.05110067 0.00653554
v 0.02856495 0.03486557 0.01110412
v 0.02319349 0.05110067 0.01381601
v 0.02315516 0.05110067 0.01392854
v 0.02264594 0.05110067 0.01530136
v 0.02231194 0.05110067 0.01620157
v 0.02834045 0.03445970 0.01191431
v 0.02812144 0.02183692 0.01894160
v 0.02845544 0.02138030 0.01841272
v 0.02980789 0.01552552 0.01792886
v 0.02823094 0.02084759 0.01916102
v 0.02830760 0.01653514 0.02075327
v 0.02947935 0.01552552 0.01867153
v 0.02828570 0.03869604 0.00210762
v 0.02822547 0.03852354 0.00121303
v 0.02446928 0.05110067 0.00358734
v 0.02598052 -0.00028847 0.00949499
v 0.02598052 -0.00032906 0.00801526
v 0.02598052 -0.00037979 0.00506144
v 0.02598052 -0.00039501 0.00358734
v 0.02450213 -0.00055229 0.00062789
v 0.02302375 0.00071100 0.02279563
v 0.02302375 0.00045733 0.02131591
v 0.02302375 0.00026454 0.01984181
v 0.02341251 0.00004130 0.01722557
v 0.02302375 -0.00018193 0.01540826
v 0.02302375 -0.00032399 0.01392854
v 0.02450213 -0.00050156 -0.00084621
v 0.02450213 -0.00036964 -0.00232593
v 0.02421193 -0.00015656 -0.00528538
v 0.02302375 -0.00040009 -0.00528538
v 0.02316611 -0.00019208 -0.00690014
v 0.02272260 -0.00010075 -0.00823920
v 0.02375199 0.00000579 -0.00748528
v 0.02449666 0.00019858 -0.00690014
v 0.02699896 0.01700190 0.02242992
v 0.02715775 0.01552552 0.02260434
v 0.02524133 0.00444507 0.02501803
v 0.02386150 0.00369927 0.02658778
v 0.02470473 0.00382104 0.02560880
v 0.02229003 0.00294840 0.02797748
v 0.02140300 0.00235988 0.02818003
v 0.02007794 0.00218230 0.02895647
v 0.01907044 0.00166989 0.02926591
v 0.01808486 0.00139592 0.02956973
v 0.01858313 0.00116761 0.02874829
v 0.01711022 0.00075159 0.02870891
v 0.01711022 0.00038630 0.02722918
v 0.02450213 0.00061461 -0.00823920
v 0.02591481 0.00126401 -0.00809854
v 0.02537821 0.00139084 -0.00921256
v 0.02503873 0.00161915 -0.01019717
v 0.02369724 0.00152783 -0.01185131
v 0.02235574 0.00144665 -0.01349982
v 0.02244335 0.00275054 -0.01504706
v 0.02376842 0.00294840 -0.01342105
v 0.02853210 0.00517565 -0.00792413
v 0.02934247 0.00512999 -0.00665258
v 0.02970932 0.00559675 -0.00608432
v 0.03021307 0.00665203 -0.00528538
v 0.02998858 0.00512999 -0.00540916
v 0.03092489 0.00657086 -0.00370438
v 0.03093584 0.00813348 -0.00396319
v 0.03095226 0.00960986 -0.00398570
v 0.03095226 0.01109132 -0.00391818
v 0.03037186 0.01404407 -0.00528538
v 0.02893181 0.03325729 -0.00084621
v 0.02879492 0.03178091 -0.00232593
v 0.02829665 0.03473366 -0.00187020
v 0.02794074 0.03767120 -0.00078994
v 0.02820357 0.03549976 -0.00161139
v 0.02808310 0.03648908 -0.00124005
v 0.02746985 0.03916787 -0.00084621
v 0.02391626 0.05110067 0.00067853
v 0.02794074 0.03907655 0.00068416
v 0.02960529 0.01552552 -0.00729961
v 0.02900299 0.01700190 -0.00823920
v 0.02836236 0.03178091 -0.00340056
v 0.02437620 0.05110067 0.00791399
v 0.02356582 0.05110067 0.01244319
v 0.02198341 0.05110067 0.01683735
v 0.02371366 0.03968537 0.01899786
v 0.02778195 0.02138030 0.01972928
v 0.02699896 0.02143611 0.02100083
v 0.02650069 0.02143611 0.02173788
v 0.02427216 0.05110067 0.00210762
v 0.02450213 -0.00042039 0.00949499
v 0.02302375 -0.00042546 0.01244881
v 0.02450213 -0.00047619 0.00653554
v 0.02450213 -0.00052692 0.00358734
v 0.02450213 -0.00055229 0.00210762
v 0.02302375 -0.00065376 -0.00084621
v 0.02302375 -0.00061825 -0.00232593
v 0.02151799 0.00008696 0.01982493
v 0.02242692 -0.00001451 0.01778257
v 0.02007246 -0.00007539 0.01982493
v 0.02006698 -0.00036458 0.01688236
v 0.02154537 -0.00034428 0.01540826
v 0.02154537 -0.00045589 0.01392854
v 0.01563184 -0.00055229 0.01984181
v 0.01858860 -0.00050662 0.01688236
v 0.02006698 -0.00048127 0.01540826
v 0.02302375 -0.00051170 -0.00380566
v 0.02154537 -0.00037472 -0.00675948
v 0.02154537 -0.00025295 -0.00823920
v 0.02150156 -0.00011090 -0.00964579
v 0.02098139 -0.00006017 -0.01066978
v 0.02238312 -0.00003987 -0.00911128
v 0.02567389 0.02134986 0.02288003
v 0.02645141 0.01700190 0.02316697
v 0.02571222 0.01700190 0.02412907
v 0.02512086 0.01700190 0.02487175
v 0.02656092 0.01552552 0.02334139
v 0.02582173 0.01552552 0.02423035
v 0.02520299 0.01552552 0.02497302
v 0.02288139 0.00368406 0.02745424
v 0.02229003 0.00317671 0.02797748
v 0.02446381 0.01552552 0.02573820
v 0.02374651 0.01552552 0.02647525
v 0.02300732 0.01552552 0.02717292
v 0.02147966 0.01552552 0.02860200
v 0.02066929 0.01552552 0.02933906
v 0.01993010 0.01552552 0.02985668
v 0.02046669 0.00369927 0.02922653
v 0.01972750 0.00369927 0.02968789
v 0.01959062 0.00265414 0.02959787
v 0.01858313 0.00218230 0.02986793
v 0.01717045 0.00213665 0.03061623
v 0.01606987 0.00158871 0.03085254
v 0.01711022 0.00124371 0.02985105
v 0.01563184 0.00048270 0.02870891
v 0.01559898 0.00112702 0.03028990
v 0.01415345 0.00080739 0.03018863
v 0.01267507 0.00052836 0.03018863
v 0.00943358 -0.00005509 0.02973852
v 0.00823992 -0.00036964 0.02870891
v 0.01563184 0.00021888 0.02722918
v 0.01520475 -0.00003987 0.02534436
v 0.02452951 0.00115239 -0.00971330
v 0.02154537 0.00083277 -0.01267275
v 0.02146871 0.00128938 -0.01405683
v 0.02092116 0.00142636 -0.01499643
v 0.02190675 0.00176628 -0.01448443
v 0.02536179 0.01552552 -0.01352796
v 0.02610098 0.01552552 -0.01276277
v 0.02679636 0.01552552 -0.01202010
v 0.02673613 0.01470362 -0.01195258
v 0.02142491 0.00227870 -0.01551405
v 0.02094306 0.00279112 -0.01648178
v 0.02743152 0.01552552 -0.01119865
v 0.02809953 0.01552552 -0.01029844
v 0.02853757 0.01552552 -0.00956139
v 0.02975313 0.00665203 -0.00614621
v 0.03032258 0.00813348 -0.00528538
v 0.02920558 0.01552552 -0.00823920
v 0.02844996 0.03326236 -0.00239345
v 0.02825284 0.03277530 -0.00318676
v 0.02814881 0.03375956 -0.00292795
v 0.02803383 0.03473366 -0.00260725
v 0.02784218 0.03608321 -0.00219090
v 0.02733296 0.03769149 -0.00232593
v 0.02370271 0.05110067 0.00005963
v 0.02691682 0.03905118 -0.00226967
v 0.02678541 0.04008617 -0.00173517
v 0.02425574 0.05110067 0.00203448
v 0.02843353 0.01700190 -0.00939260
v 0.02799002 0.03178091 -0.00413761
v 0.02788051 0.03326236 -0.00373251
v 0.02124969 0.05110067 0.01805826
v 0.02118946 0.05110067 0.01815391
v 0.02280473 0.04077109 0.01997684
v 0.02335228 0.03918309 0.01975179
v 0.02227361 0.04134439 0.02056198
v 0.01415345 -0.00066898 0.01984181
v -0.00209781 -0.00072986 -0.01119865
v 0.01267507 -0.00071971 0.01984181
v 0.02154537 -0.00047112 -0.00528538
v -0.00209781 -0.00064869 -0.01267275
v 0.01858860 -0.00023774 0.01984181
v 0.01711022 -0.00040009 0.01984181
v 0.01415345 -0.00056751 0.02131591
v 0.01267507 -0.00069435 0.02131591
v 0.02006698 -0.00021744 -0.00971893
v 0.01998485 -0.00008553 -0.01117615
v 0.01943730 -0.00001957 -0.01200884
v 0.02042289 0.00009204 -0.01165439
v 0.02150156 0.00031020 -0.01117615
v 0.02196698 0.00012756 -0.01009589
v 0.02514824 0.02178110 0.02342578
v 0.02374651 0.02211088 0.02499553
v 0.02230098 0.02221235 0.02650901
v 0.02438167 0.01700190 0.02563130
v 0.02363153 0.01700190 0.02636835
v 0.02046669 0.01700190 0.02920402
v 0.02132087 0.01700190 0.02846134
v 0.02077880 0.02203985 0.02794935
v 0.01874192 0.01552552 0.03059935
v 0.01879119 0.01404407 0.03058247
v 0.01910877 0.02143611 0.02930530
v 0.01805200 0.01404407 0.03104383
v 0.01858860 0.00369927 0.03032929
v 0.01765229 0.00369927 0.03083003
v 0.01671598 0.00257297 0.03108884
v 0.01364423 0.00278605 0.03249543
v 0.01187565 0.00148724 0.03239978
v 0.01119669 0.00029498 0.03018863
v 0.00823992 0.00003623 0.03077377
v 0.00984424 0.00010726 0.03021676
v 0.00823992 -0.00013626 0.03003672
v 0.01267507 0.00114732 0.03144893
v 0.01130620 0.00107122 0.03180901
v 0.00690938 -0.00019715 0.03033491
v 0.00676154 -0.00048633 0.02870891
v 0.00823992 -0.00051677 0.02722918
v 0.01267507 -0.00057766 0.02279563
v 0.02006698 0.00084291 -0.01415248
v 0.01996295 0.00130459 -0.01554780
v 0.01939897 0.00144665 -0.01643114
v 0.02038456 0.00180179 -0.01598103
v 0.02382865 0.01591111 -0.01494579
v 0.02536726 0.01669242 -0.01353358
v 0.02679636 0.01700190 -0.01202572
v 0.01996295 0.00226348 -0.01676309
v 0.01778370 0.00155320 -0.01777020
v 0.01872549 0.00211635 -0.01753390
v 0.01832030 0.00254252 -0.01804027
v 0.02123874 0.01552552 -0.01663369
v 0.02197793 0.01552552 -0.01617233
v 0.02674161 0.01775785 -0.01195821
v 0.02732749 0.01700190 -0.01119865
v 0.02799002 0.01700190 -0.01012965
v 0.02750270 0.03473366 -0.00380566
v 0.02706466 0.03621004 -0.00386192
v 0.02686207 0.03769149 -0.00334992
v 0.02673613 0.03847788 -0.00310236
v 0.02336870 0.05110067 -0.00073931
v 0.02692230 0.03473366 -0.00486341
v 0.02064191 0.05110067 0.01884032
v 0.02059263 0.05110067 0.01889096
v 0.02138110 0.03325729 0.02412907
v 0.02212029 0.03325729 0.02335264
v 0.02225171 0.03236436 0.02349892
v -0.00357619 -0.00069435 -0.01119865
v -0.00357619 -0.00063346 -0.01267275
v 0.01119669 -0.00071465 0.02131591
v -0.01688164 -0.00036458 0.01096909
v -0.00209781 -0.00032906 -0.01563220
v 0.01662290 -0.00001957 -0.01357296
v 0.01119669 -0.00067406 0.02279563
v 0.01760849 0.00002608 -0.01324664
v 0.01711569 0.00015292 -0.01410184
v 0.01563184 0.00065519 -0.01711193
v 0.01721973 0.00107122 -0.01720757
v 0.02238859 0.02143611 0.02659341
v 0.02058168 0.03325729 0.02486612
v 0.01880762 0.02291249 0.02910838
v 0.01790417 0.01634742 0.03095381
v 0.01800272 0.01552552 0.03101007
v 0.01836958 0.02143611 0.02976103
v 0.01806843 0.02291249 0.02957536
v 0.01711022 0.01404407 0.03152770
v 0.01579062 0.01256769 0.03213534
v 0.01691310 0.00369927 0.03119012
v 0.01563184 0.00369927 0.03178088
v 0.01453674 0.00369927 0.03225912
v 0.01379755 0.00369927 0.03255731
v 0.01267507 0.00369927 0.03290615
v 0.01119669 0.00369927 0.03327748
v 0.01267507 0.00246642 0.03263608
v 0.01130620 0.00207577 0.03273736
v 0.00823992 0.00221782 0.03331124
v 0.00676154 0.00102048 0.03281613
v 0.00690938 0.00022395 0.03158959
v 0.00750073 0.00000072 0.03092568
v 0.00528315 -0.00029862 0.03018863
v 0.00651514 -0.00003987 0.03104383
v 0.00528315 -0.00006524 0.03114511
v 0.00528315 -0.00048127 0.02870891
v 0.00676154 -0.00054215 0.02722918
v 0.00823992 -0.00058781 0.02575508
v 0.00971830 -0.00063346 0.02427536
v 0.01679811 0.00127923 -0.01807966
v 0.02382865 0.01672793 -0.01494579
v 0.02375747 0.01771219 -0.01488953
v 0.01721973 0.00211635 -0.01833284
v 0.02006698 0.01552552 -0.01729760
v 0.01563731 0.00217216 -0.01904176
v 0.01514452 0.00263385 -0.01943560
v 0.01040822 0.01212630 -0.02226564
v 0.01047940 0.01311055 -0.02229378
v 0.01352377 0.01429267 -0.02087031
v 0.01641483 0.01598213 -0.01935120
v 0.02117303 0.01700190 -0.01658305
v 0.02191223 0.01700190 -0.01614420
v 0.01641483 0.01643875 -0.01935120
v 0.02385603 0.03719937 -0.00758655
v 0.02477591 0.03621512 -0.00704080
v 0.02532345 0.03716893 -0.00611808
v 0.02547677 0.03621512 -0.00630375
v 0.02642403 0.03473366 -0.00560608
v 0.02679636 0.03571792 -0.00466648
v 0.02663758 0.03670217 -0.00439642
v 0.02646784 0.03769149 -0.00408697
v 0.02259119 0.05110067 -0.00232593
v 0.01985344 0.05110067 0.01947047
v -0.00505458 -0.00057258 -0.01119865
v -0.01688164 -0.00034428 0.00949499
v -0.01836002 -0.00024789 0.00949499
v -0.00505458 -0.00050156 -0.01267275
v -0.00505458 -0.00036964 -0.01415248
v -0.00357619 -0.00047112 -0.01415248
v 0.00971830 -0.00066898 0.02279563
v -0.01688164 -0.00030877 0.01244881
v -0.01836002 -0.00027325 0.01096909
v -0.00357619 -0.00028847 -0.01563220
v -0.00209781 -0.00012105 -0.01684186
v -0.00061943 -0.00008553 -0.01674059
v 0.01563184 0.00031020 -0.01563220
v -0.00061943 0.00009711 -0.01748326
v -0.00061943 0.00053343 -0.01858602
v 0.01402204 0.00122850 -0.01867604
v 0.01563184 0.00115746 -0.01831596
v 0.01957967 0.03431764 0.02513056
v 0.01946468 0.02986821 0.02658778
v 0.01639840 0.02076641 0.03094256
v 0.01711022 0.01552552 0.03145455
v 0.01697881 0.02132957 0.03053183
v 0.01711022 0.02291249 0.03007610
v 0.01786584 0.02367858 0.02945721
v 0.01579062 0.01404407 0.03215222
v 0.01505143 0.01256769 0.03247292
v 0.01498025 0.01109132 0.03244479
v 0.01415345 0.01109132 0.03282175
v 0.01267507 0.00960986 0.03335063
v 0.01133905 0.00960986 0.03375572
v 0.01107623 0.00820451 0.03372196
v 0.00965260 0.00508433 0.03376697
v 0.00890793 0.00453132 0.03387387
v 0.00971830 0.00369927 0.03359256
v 0.00709554 0.00315641 0.03385137
v 0.00666845 0.00235988 0.03360381
v 0.00528315 0.00216201 0.03359819
v 0.00528315 0.00094438 0.03286114
v 0.00528315 0.00020365 0.03188778
v 0.00381025 -0.00024789 0.03018863
v 0.00381025 -0.00005002 0.03112823
v 0.00381025 0.00016814 0.03186528
v 0.00381025 -0.00042546 0.02870891
v 0.01443270 0.00164452 -0.01922743
v 0.02316611 0.01713381 -0.01533401
v 0.01625604 0.01742300 -0.01927243
v 0.01403299 0.05110067 -0.00996649
v 0.01527045 0.05110067 -0.00922381
v 0.01596036 0.05110067 -0.00876808
v 0.01600964 0.05110067 -0.00873432
v 0.01701714 0.05110067 -0.00800852
v 0.01714855 0.05110067 -0.00790725
v 0.02064739 0.04102984 -0.00885247
v 0.02230098 0.03699643 -0.00899313
v 0.02271165 0.03916787 -0.00786224
v 0.02366438 0.03818362 -0.00740651
v 0.01402204 0.00217216 -0.01952562
v 0.00823992 0.00517565 -0.02175365
v 0.00971830 0.00517565 -0.02140482
v 0.00971830 0.00665203 -0.02173677
v 0.00943905 0.01109132 -0.02242318
v 0.00983329 0.01259813 -0.02245694
v 0.01047940 0.01347584 -0.02229378
v 0.01354567 0.01552552 -0.02087594
v 0.01428486 0.01552552 -0.02048210
v 0.01347997 0.01636772 -0.02083656
v 0.02449118 0.03767627 -0.00676510
v 0.02087188 0.05110067 -0.00461022
v 0.02512634 0.03815825 -0.00587614
v 0.02567937 0.03767627 -0.00534727
v 0.02627072 0.03621004 -0.00520661
v 0.02544939 0.03916787 -0.00484653
v 0.02221885 0.05110067 -0.00296171
v 0.01849004 0.05110067 0.02023003
v -0.01940584 -0.00009568 0.00949499
v -0.00934736 -0.00010075 -0.01119865
v -0.00801134 -0.00027832 -0.01119865
v -0.00653296 -0.00034935 -0.01267275
v -0.00653296 -0.00021237 -0.01415248
v -0.00511481 -0.00014641 -0.01571660
v -0.01701853 -0.00015149 0.01406357
v -0.01839287 -0.00014134 0.01243756
v 0.00085348 -0.00036964 0.02722918
v -0.00061943 -0.00029862 0.02722918
v 0.00085348 -0.00028847 0.02870891
v -0.00061943 -0.00018193 0.02870891
v -0.01924157 -0.00004494 0.01193682
v -0.01940584 -0.00010075 0.01096909
v -0.00466581 -0.00004494 -0.01649866
v -0.00357619 -0.00009568 -0.01666745
v -0.00209781 0.00008696 -0.01757891
v -0.00209781 0.00054358 -0.01858602
v -0.00061943 0.00117776 -0.01979568
v 0.00085348 0.00122342 -0.01979568
v 0.01344711 0.00147709 -0.01932870
v 0.01708832 0.02425696 0.02968789
v 0.01420821 0.05110067 0.02250306
v 0.01614653 0.02175066 0.03083566
v 0.01564826 0.02132957 0.03113948
v 0.01415345 0.01995973 0.03200031
v 0.01553875 0.01552552 0.03215222
v 0.01498025 0.01503847 0.03244479
v 0.01563184 0.02439394 0.03034617
v 0.01564826 0.02301396 0.03072313
v 0.01505143 0.01404407 0.03247292
v 0.01415345 0.01256769 0.03286677
v 0.01267507 0.01109132 0.03342377
v 0.01148141 0.01109132 0.03378948
v 0.01059986 0.00960986 0.03391326
v 0.01049582 0.00874230 0.03389076
v 0.01032061 0.00775805 0.03385700
v 0.00912147 0.00551557 0.03391326
v 0.00834943 0.00508433 0.03396952
v 0.00792234 0.00414574 0.03392451
v 0.00834943 0.00366883 0.03380636
v 0.00666845 0.00366883 0.03395827
v 0.00610995 0.00294333 0.03389076
v 0.00381025 0.00211128 0.03361506
v 0.00528315 0.00289767 0.03390763
v 0.00381025 0.00090887 0.03287802
v 0.00280823 -0.00001451 0.03102132
v 0.00232639 -0.00013120 0.03028990
v 0.00085348 -0.00010075 0.02989606
v 0.00233186 -0.00035950 0.02870891
v 0.00232639 0.00017321 0.03157271
v 0.00085348 0.00039645 0.03166836
v 0.00233186 0.00094438 0.03287239
v 0.00085348 0.00105600 0.03280487
v 0.00676154 0.00369927 -0.02147233
v 0.01264222 0.05110067 -0.01067540
v 0.01324452 0.05110067 -0.01037721
v 0.01776728 0.05110067 -0.00742901
v 0.02245977 0.04028404 -0.00765406
v 0.01939897 0.05110067 -0.00608432
v 0.02021482 0.05110067 -0.00527413
v 0.00676154 0.00517565 -0.02197307
v 0.00810303 0.00679409 -0.02210811
v 0.00892983 0.00892494 -0.02227690
v 0.00823992 0.01109132 -0.02267637
v 0.00823992 0.01256769 -0.02281702
v 0.00982234 0.01399841 -0.02244569
v 0.01038631 0.01446517 -0.02226564
v 0.01267507 0.01552552 -0.02126978
v 0.01119669 0.01552552 -0.02184930
v 0.01260389 0.01691565 -0.02098284
v 0.00979496 0.05110067 -0.01180067
v 0.01109265 0.05110067 -0.01133931
v 0.01119669 0.05110067 -0.01129993
v 0.02151799 0.05110067 -0.00385067
v 0.02155084 0.05110067 -0.00381128
v -0.02014503 0.00014277 0.00949499
v -0.01924157 -0.00003987 0.00844287
v -0.00905716 -0.00006017 -0.01234642
v -0.00811538 -0.00014641 -0.01277403
v -0.00761711 -0.00005509 -0.01415248
v -0.00731048 -0.00000436 -0.01491765
v -0.00653296 -0.00006524 -0.01520460
v -0.00565140 0.00002608 -0.01627360
v -0.01759893 0.00000579 0.01464871
v -0.01792198 -0.00008553 0.01366410
v -0.00137504 0.00000072 0.02945721
v -0.01977818 0.00024425 0.01243756
v -0.02014503 0.00016307 0.01096909
v -0.01836002 0.00033557 0.01540826
v -0.01983841 0.00072622 0.01540826
v -0.00511481 0.00025439 -0.01703878
v -0.00357619 0.00017321 -0.01740450
v -0.00357619 0.00070593 -0.01858602
v -0.00357619 0.00127415 -0.01957063
v -0.00209781 0.00119805 -0.01969441
v -0.00061943 0.00171047 -0.02053274
v 0.00085348 0.00166989 -0.02053274
v 0.00233186 0.00169018 -0.02047647
v 0.00233186 0.00243091 -0.02123040
v 0.00381025 0.00249686 -0.02116851
v 0.00528315 0.00259833 -0.02107849
v 0.00676154 0.00273024 -0.02097722
v 0.01658457 0.02541371 0.02956973
v 0.01415345 0.05110067 0.02253119
v 0.01516094 0.02258779 0.03103258
v 0.01415345 0.02143611 0.03171337
v 0.01059438 0.01638294 0.03393014
v 0.01267507 0.01552552 0.03327186
v 0.01479409 0.01602272 0.03236602
v 0.01267507 0.01404407 0.03340689
v 0.01415345 0.01404407 0.03284426
v 0.01429581 0.02748368 0.02995232
v 0.01403299 0.02576377 0.03059373
v 0.01483789 0.02357711 0.03090880
v 0.01267507 0.05110067 0.02321761
v 0.01267507 0.01256769 0.03344628
v 0.01155259 0.01256769 0.03379511
v 0.01081340 0.01256769 0.03396390
v 0.01074222 0.01109132 0.03394139
v 0.00971830 0.00960986 0.03405954
v 0.00978401 0.00820451 0.03397515
v 0.00935145 0.00665203 0.03394702
v 0.00823992 0.00813348 0.03416082
v 0.00823992 0.00665203 0.03407643
v 0.00676154 0.00517565 0.03409330
v 0.00528315 0.00369927 0.03403704
v 0.00528315 0.00517565 0.03417770
v 0.00381025 0.00369927 0.03408768
v 0.00233186 0.00211635 0.03361506
v 0.00381025 0.00285200 0.03392451
v 0.00233186 0.00285200 0.03392451
v 0.00182264 0.00002101 0.03084691
v -0.00061943 0.00123357 0.03266421
v -0.00214709 0.00104585 0.03177526
v -0.00357619 0.00114225 0.03137016
v -0.00357619 0.00064505 0.03018863
v -0.00196092 0.00027468 0.03004234
v 0.00089181 0.00233451 0.03358693
v -0.00061943 0.00221782 0.03327186
v 0.00528315 0.00369927 -0.02164112
v 0.01851742 0.05110067 -0.00681574
v 0.00528315 0.00517565 -0.02206309
v 0.00676154 0.00639329 -0.02222063
v 0.00381025 0.00369927 -0.02175365
v 0.00751716 0.00737754 -0.02228252
v 0.00858488 0.00813348 -0.02222063
v 0.00676154 0.01109132 -0.02280577
v 0.00676154 0.01256769 -0.02293518
v 0.00823992 0.01404407 -0.02277764
v 0.00929669 0.01552552 -0.02236692
v 0.01003588 0.01552552 -0.02219250
v 0.01119669 0.01700190 -0.02141607
v 0.00917623 0.05110067 -0.01199759
v -0.02209978 0.00142128 0.00851601
v -0.02142630 0.00102556 0.00802089
v -0.01977818 0.00018843 0.00797588
v -0.02145915 0.00096975 0.00959064
v -0.01617530 0.00146188 -0.01050099
v -0.01244649 0.00057402 -0.01119865
v -0.01096811 0.00022395 -0.01119865
v -0.01008655 0.00003116 -0.01119865
v -0.00952805 0.00010726 -0.01277403
v -0.00867935 0.00001594 -0.01333103
v -0.00788540 0.00032542 -0.01549717
v -0.00653296 0.00013263 -0.01594165
v -0.00835630 0.00008189 -0.01415248
v -0.00948972 0.00034064 -0.01415248
v -0.00948972 0.00080739 -0.01563220
v -0.00653296 0.00060446 -0.01711193
v -0.01688164 0.00032542 0.01688236
v -0.01688164 0.00063490 0.01836208
v -0.01836002 0.00062983 0.01688236
v -0.01688164 0.00097482 0.01984181
v -0.02102659 0.00109659 0.01392854
v -0.02114705 0.00100019 0.01244881
v -0.02125656 0.00090379 0.01096909
v -0.02089517 0.00119298 0.01540826
v -0.02073639 0.00132997 0.01634223
v -0.01774677 0.00142128 0.02078703
v -0.00517504 0.00106107 -0.01872106
v -0.00476437 0.00137055 -0.01945248
v -0.00209781 0.00186268 -0.02043709
v -0.00061943 0.00244613 -0.02119101
v 0.00085348 0.00241061 -0.02123040
v 0.00233186 0.00369927 -0.02180429
v 0.01426844 0.02301396 0.03126326
v 0.01267507 0.02291249 0.03183152
v 0.01264769 0.02144625 0.03220848
v 0.00971830 0.01657573 0.03399203
v 0.00823992 0.01552552 0.03431273
v 0.00971830 0.01552552 0.03413831
v 0.01072579 0.01552552 0.03396390
v 0.01146499 0.01552552 0.03372196
v 0.01172781 0.02194346 0.03235477
v 0.00676154 0.03029945 0.03162334
v 0.00676154 0.02882308 0.03196655
v 0.00528315 0.03029945 0.03197780
v 0.00532696 0.02885859 0.03229288
v 0.00486154 0.02839183 0.03245041
v 0.01154164 0.01404407 0.03377260
v 0.01267507 0.02882308 0.03020551
v 0.01121311 0.05110067 0.02384213
v 0.00982234 0.05110067 0.02443289
v 0.01308026 0.02618487 0.03083003
v 0.01080245 0.01404407 0.03397515
v 0.00971830 0.01404407 0.03416645
v 0.00971830 0.01256769 0.03414394
v 0.00971830 0.01109132 0.03411018
v 0.00823992 0.00960986 0.03423396
v 0.00676154 0.00813348 0.03425646
v 0.00676154 0.00960986 0.03432398
v 0.00381025 0.00517565 0.03422834
v 0.00233186 0.00369927 0.03408205
v 0.00141198 0.00290274 0.03390763
v -0.00168715 0.00138577 0.03251230
v -0.00267274 0.00156842 0.03234352
v -0.00801134 0.00270487 0.03117324
v -0.00801134 0.00206562 0.03018863
v -0.01540325 0.00195400 0.02427536
v -0.01723754 0.00157349 0.02177164
v -0.01679950 0.00133504 0.02129340
v -0.00209781 0.00369927 0.03342377
v -0.00475890 0.00282156 0.03248417
v -0.00214709 0.00212142 0.03282175
v 0.00042639 0.00320207 0.03384012
v 0.00381025 0.00517565 -0.02205747
v 0.00528315 0.00630704 -0.02223751
v 0.00676154 0.00713401 -0.02231628
v 0.00528315 0.01109132 -0.02276076
v 0.00528315 0.00704776 -0.02232753
v 0.00676154 0.01404407 -0.02288454
v 0.00528315 0.01256769 -0.02287891
v 0.00528315 0.01404407 -0.02287329
v 0.00676154 0.01552552 -0.02266511
v 0.00823992 0.01552552 -0.02254133
v 0.00897911 0.01626117 -0.02228252
v 0.00849179 0.05110067 -0.01217201
v -0.02209978 0.00142128 0.00916304
v -0.02248854 0.00211128 0.00802089
v -0.02259258 0.00251208 0.00506144
v -0.02254877 0.00257297 0.00358734
v -0.02245022 0.00265414 0.00210762
v -0.02228595 0.00278098 0.00062789
v -0.02131679 0.00219245 0.00062789
v -0.02110872 0.00109659 0.00653554
v -0.01983841 0.00045733 0.00653554
v -0.01983841 0.00222290 -0.00380566
v -0.02076924 0.00277590 -0.00380566
v -0.02062140 0.00291288 -0.00463273
v -0.01919777 0.00287230 -0.00771033
v -0.01796031 0.00264906 -0.00939823
v -0.01649835 0.00225841 -0.01107487
v -0.01626291 0.00278098 -0.01209887
v -0.01491594 0.00269980 -0.01368549
v -0.01182228 0.00143143 -0.01499643
v -0.01096811 0.00078710 -0.01415248
v -0.01096811 0.00043196 -0.01267275
v -0.01028367 0.00145680 -0.01640863
v -0.00948972 0.00130967 -0.01665057
v -0.00802777 0.00108644 -0.01716256
v -0.01085312 0.00127415 -0.01554780
v -0.00754592 0.00136548 -0.01801776
v -0.00653296 0.00121328 -0.01832721
v -0.00574996 0.00149739 -0.01930619
v -0.02204503 0.00149739 0.01014764
v -0.02166722 0.00232944 0.01533512
v -0.02176578 0.00200981 0.01392854
v -0.02188624 0.00177643 0.01244881
v -0.02199575 0.00158364 0.01096909
v -0.01840383 0.00213665 0.02138905
v -0.01935109 0.00269980 0.02100646
v -0.02059402 0.00293825 0.01913852
v -0.00209781 0.00259833 -0.02106724
v -0.00061943 0.00369927 -0.02159611
v 0.00085348 0.00369927 -0.02175365
v 0.01262579 0.02730104 0.03067249
v 0.01164020 0.02776272 0.03084691
v 0.00676154 0.01552552 0.03440838
v 0.00823992 0.01404407 0.03432398
v 0.00676154 0.01700190 0.03418895
v 0.00779093 0.03133952 0.03103258
v 0.00526125 0.05110067 0.02630646
v 0.00381025 0.03029945 0.03210721
v 0.00381025 0.02925432 0.03235477
v 0.00474656 0.05051214 0.02652589
v 0.00381025 0.02851360 0.03247855
v 0.00823992 0.01109132 0.03427897
v 0.00676154 0.01109132 0.03436899
v 0.00528315 0.01256769 0.03447027
v 0.00528315 0.01109132 0.03442526
v 0.00528315 0.00960986 0.03436899
v 0.00233186 0.00517565 0.03422271
v 0.00381025 0.01256769 0.03450403
v 0.00089181 0.00369927 0.03398078
v -0.00574449 0.00332891 0.03238853
v -0.00880529 0.00290781 0.03095944
v -0.00937474 0.00260341 0.03013799
v -0.01531565 0.00259833 0.02571007
v -0.01630671 0.00278605 0.02518682
v -0.01802602 0.00258311 0.02279563
v -0.00062490 0.00369927 0.03375572
v -0.00104104 0.00517565 0.03382887
v -0.00209781 0.00517565 0.03358693
v -0.00013758 0.00418633 0.03391888
v 0.00233186 0.00517565 -0.02198995
v 0.00528315 0.01552552 -0.02269887
v 0.00381025 0.01256769 -0.02266511
v 0.00381025 0.01404407 -0.02269887
v 0.00381025 0.01552552 -0.02255821
v 0.00528315 0.01656558 -0.02241756
v 0.00676154 0.01651485 -0.02239505
v 0.00823992 0.01636772 -0.02232753
v 0.00528315 0.05110067 -0.01276277
v 0.00666298 0.05110067 -0.01257710
v 0.00676154 0.05110067 -0.01256022
v -0.02244474 0.00208084 0.00959064
v -0.02312370 0.00369927 0.00653554
v -0.02312918 0.00369927 0.00506144
v -0.02258163 0.00240047 0.00653554
v -0.02306347 0.00369927 0.00358734
v -0.02291563 0.00369927 0.00210762
v -0.02267471 0.00369927 0.00062789
v -0.02213811 0.00289259 -0.00032296
v -0.02136059 0.00369927 -0.00380566
v -0.02085137 0.00373479 -0.00518973
v -0.02068711 0.00425228 -0.00620247
v -0.01939489 0.00369927 -0.00798602
v -0.01895137 0.00369927 -0.00872307
v -0.01573179 0.00369927 -0.01288655
v -0.01499259 0.00369927 -0.01378676
v -0.01960296 0.00517565 -0.00816606
v -0.01903898 0.00517565 -0.00890874
v -0.01429173 0.00369927 -0.01452381
v -0.01355254 0.00369927 -0.01524398
v -0.01339923 0.00273531 -0.01505831
v -0.01085312 0.00231422 -0.01667870
v -0.00751855 0.00274039 -0.01952000
v -0.00853151 0.00160393 -0.01769144
v -0.00653296 0.00170033 -0.01906989
v -0.00653296 0.00243598 -0.01973379
v -0.00517504 0.00208084 -0.01989133
v -0.02208336 0.00289767 0.01479499
v -0.02215454 0.00275054 0.01392854
v -0.02227500 0.00251716 0.01244881
v -0.02239546 0.00231929 0.01096909
v -0.01770844 0.00285708 0.02364521
v -0.01906088 0.00324266 0.02199107
v -0.01912659 0.00422691 0.02209234
v -0.02062688 0.00369927 0.01918916
v -0.02099921 0.00369927 0.01836208
v -0.02158509 0.00369927 0.01688236
v -0.00325314 0.00279619 -0.02091532
v -0.00209781 0.00369927 -0.02130354
v -0.00357619 0.01256769 -0.02125853
v 0.00528315 0.01552552 0.03441401
v 0.00381025 0.01404407 0.03454341
v 0.00676154 0.01404407 0.03441963
v 0.00451659 0.05110067 0.02637398
v 0.00233186 0.03029945 0.03200594
v 0.00233186 0.02908182 0.03230976
v 0.00381025 0.05110067 0.02643587
v 0.00345434 0.05110067 0.02641899
v 0.00085348 0.05099412 0.02627833
v 0.00233186 0.02834110 0.03245041
v 0.00233186 0.01552552 0.03438587
v 0.00381025 0.01552552 0.03441401
v 0.00676154 0.01256769 0.03439712
v 0.00085348 0.00517565 0.03411018
v 0.00233186 0.01404407 0.03450965
v -0.00580472 0.00431316 0.03240540
v -0.00639060 0.00377030 0.03216910
v -0.00801134 0.00369927 0.03147143
v -0.00357619 0.00517565 0.03315371
v -0.01046436 0.00279112 0.02961474
v -0.00892027 0.00369927 0.03101570
v -0.00965946 0.00369927 0.03054872
v -0.01169087 0.00478500 0.02943470
v -0.01076004 0.00369927 0.02980604
v -0.01149923 0.00369927 0.02929405
v -0.01309807 0.00314119 0.02789871
v -0.01476810 0.00287737 0.02655965
v -0.01565513 0.00369927 0.02607578
v -0.01643812 0.00369927 0.02533311
v -0.00030185 0.00517565 0.03395264
v 0.00085348 0.01404407 0.03432961
v -0.00052087 0.01404407 0.03404267
v -0.00209781 0.01404407 0.03366570
v -0.00357619 0.01256769 0.03328311
v -0.00357619 0.01109132 0.03326061
v -0.00357619 0.00665203 0.03318184
v 0.00381025 0.01642860 -0.02235566
v -0.00036755 0.03266876 -0.01788836
v 0.00085348 0.03279053 -0.01792212
v -0.00357619 0.01404407 -0.02127541
v -0.00209781 0.01552552 -0.02151734
v 0.00304915 0.01627640 -0.02228815
v -0.00061943 0.01700190 -0.02158486
v 0.00233186 0.03281589 -0.01793337
v 0.00381025 0.05110067 -0.01281341
v 0.00518460 0.05110067 -0.01276840
v -0.02299229 0.00369927 0.00949499
v -0.02309085 0.00369927 0.00801526
v -0.02338105 0.01552552 0.00653554
v -0.02338652 0.01552552 0.00506144
v -0.02335915 0.01552552 0.00358734
v -0.02321678 0.01552552 0.00210762
v -0.02299776 0.01552552 0.00062789
v -0.02211073 0.00546484 -0.00328803
v -0.02230785 0.00366883 -0.00082933
v -0.02205050 0.00448059 -0.00304047
v -0.02135512 0.00517565 -0.00528538
v -0.02081304 0.00517565 -0.00639939
v -0.02034215 0.00517565 -0.00713644
v -0.01926895 0.01404407 -0.00918443
v -0.01792746 0.01552552 -0.01078793
v -0.01724302 0.01552552 -0.01153061
v -0.01581939 0.01552552 -0.01306659
v -0.01508020 0.01552552 -0.01385990
v -0.01438481 0.01552552 -0.01459696
v -0.01863927 0.01404407 -0.00992710
v -0.01866665 0.01552552 -0.00994961
v -0.02040238 0.00665203 -0.00725459
v -0.01294476 0.01552552 -0.01611044
v -0.01220557 0.01552552 -0.01686437
v -0.01138424 0.01552552 -0.01760142
v -0.01270384 0.00369927 -0.01598666
v -0.01177300 0.00287230 -0.01641988
v -0.00948972 0.01404407 -0.01873793
v -0.00860817 0.01404407 -0.01924430
v -0.00786898 0.01404407 -0.01964940
v -0.00653296 0.01404407 -0.02030768
v -0.00653296 0.00369927 -0.01997010
v -0.00505458 0.00369927 -0.02046522
v -0.01014678 0.00328832 -0.01778709
v -0.01027272 0.00427257 -0.01787711
v -0.01064505 0.01552552 -0.01811904
v -0.02195195 0.00369927 0.01572896
v -0.02213264 0.00369927 0.01499191
v -0.02234618 0.00369927 0.01392854
v -0.02258710 0.00369927 0.01244881
v -0.02280612 0.00369927 0.01096909
v -0.01717731 0.00369927 0.02449478
v -0.01780152 0.00369927 0.02375774
v -0.01862832 0.00371957 0.02267185
v -0.01912659 0.00456176 0.02209234
v -0.02062688 0.00485602 0.01918353
v -0.02087327 0.01552552 0.01829457
v -0.02160699 0.00517565 0.01688236
v -0.00415112 0.00369927 -0.02075216
v -0.00341193 0.00369927 -0.02096033
v -0.00472605 0.01256769 -0.02095471
v -0.00481365 0.01404407 -0.02096033
v 0.00085348 0.03029945 0.03177526
v 0.00095204 0.02871653 0.03220286
v 0.00150506 0.02815845 0.03242228
v 0.00095752 0.05110067 0.02625583
v 0.00085348 0.05110067 0.02624458
v -0.00061943 0.05099412 0.02593512
v -0.00061943 0.02882308 0.03183152
v 0.00085348 0.01552552 0.03422834
v -0.00600183 0.01109132 0.03249543
v -0.00505458 0.01109132 0.03282738
v -0.00801134 0.00517565 0.03151082
v -0.00900240 0.00517565 0.03105508
v -0.00974160 0.00517565 0.03064999
v -0.01171277 0.00577432 0.02945158
v -0.01230413 0.00523653 0.02897897
v -0.01338280 0.00517565 0.02812940
v -0.01331162 0.00412544 0.02806750
v -0.01110499 0.00523653 0.02981729
v -0.01254505 0.00365868 0.02849510
v -0.01491594 0.00369927 0.02669468
v -0.01412199 0.00517565 0.02752175
v -0.01498164 0.00517565 0.02677908
v -0.01644360 0.00517565 0.02533873
v -0.01572083 0.00517565 0.02607578
v -0.00035660 0.01552552 0.03399766
v -0.00209781 0.01552552 0.03359256
v -0.00357619 0.01552552 0.03322122
v -0.00357619 0.01404407 0.03328874
v -0.00505458 0.01256769 0.03283863
v -0.00135314 0.03251656 -0.01784897
v 0.00085348 0.03353125 -0.01771394
v -0.00076726 0.03320148 -0.01770832
v 0.00233186 0.05110067 -0.01275152
v -0.00357619 0.01552552 -0.02123040
v -0.00209781 0.01700190 -0.02130354
v -0.00300674 0.03120760 -0.01788273
v -0.00209781 0.03227303 -0.01779271
v -0.02326606 0.01700190 0.00949499
v -0.02334272 0.01552552 0.00801526
v -0.02335915 0.01700190 0.00801526
v -0.02334820 0.01700190 0.00653554
v -0.02332629 0.01700190 0.00506144
v -0.02328796 0.01700190 0.00358734
v -0.02311823 0.01700190 0.00210762
v -0.02288278 0.01700190 0.00062789
v -0.02275684 0.01552552 -0.00084621
v -0.02189719 0.00505389 -0.00378878
v -0.02243926 0.01552552 -0.00232593
v -0.02215454 0.01552552 -0.00338368
v -0.02148653 0.00665203 -0.00528538
v -0.02088970 0.00665203 -0.00651755
v -0.01927991 0.01552552 -0.00921256
v -0.01995339 0.01552552 -0.00823920
v -0.01784532 0.01700190 -0.01070354
v -0.01643812 0.01700190 -0.01225640
v -0.01574821 0.01700190 -0.01299345
v -0.01500902 0.01700190 -0.01377551
v -0.01920872 0.01665183 -0.00912816
v -0.01428078 0.01700190 -0.01451256
v -0.01354159 0.01700190 -0.01524961
v -0.01279145 0.01700190 -0.01599229
v -0.01205225 0.01700190 -0.01670120
v -0.01050817 0.01666198 -0.01802339
v -0.01217271 0.02291249 -0.01527774
v -0.01196465 0.00369927 -0.01654367
v -0.00948972 0.01552552 -0.01877732
v -0.00859722 0.01552552 -0.01924993
v -0.00786350 0.01552552 -0.01962690
v -0.00653296 0.01552552 -0.02026830
v -0.00555284 0.01404407 -0.02072403
v -0.02195742 0.00517565 0.01575147
v -0.02213811 0.00517565 0.01500879
v -0.02236261 0.00517565 0.01392854
v -0.02300872 0.01552552 0.01096909
v -0.01718279 0.00517565 0.02450041
v -0.01780152 0.00517565 0.02375774
v -0.01765916 0.01404407 0.02357769
v -0.01825599 0.01404407 0.02279563
v -0.01895685 0.01404407 0.02185041
v -0.01942774 0.01404407 0.02110773
v -0.02010670 0.01552552 0.01984181
v -0.02014503 0.01404407 0.01984181
v -0.02055022 0.01552552 0.01903162
v -0.02075281 0.01700190 0.01804701
v -0.02125656 0.01700190 0.01688236
v -0.02147010 0.01552552 0.01688236
v -0.02191361 0.01552552 0.01568395
v -0.00548166 0.01552552 -0.02070152
v -0.00474247 0.01552552 -0.02093220
v 0.00054138 0.02734670 0.03233226
v -0.00008830 0.01638801 0.03392451
v -0.00061943 0.05110067 0.02590137
v -0.00209781 0.05110067 0.02538937
v -0.00291913 0.02967034 0.03096506
v -0.00201020 0.03021828 0.03107759
v -0.00209781 0.02882308 0.03139266
v -0.00602374 0.01256769 0.03250105
v -0.00676293 0.01256769 0.03217472
v -0.00801134 0.01404407 0.03156146
v -0.00896955 0.01404407 0.03104946
v -0.00970874 0.01404407 0.03061623
v -0.01171277 0.00606351 0.02945158
v -0.01338280 0.00665203 0.02814065
v -0.01331709 0.01404407 0.02807313
v -0.01405628 0.01404407 0.02743173
v -0.01486666 0.01404407 0.02668905
v -0.01560585 0.01404407 0.02592950
v -0.01630124 0.01404407 0.02519245
v -0.00505458 0.01552552 0.03274861
v -0.00505458 0.01404407 0.03282738
v -0.00580472 0.01627132 0.03241103
v -0.00209781 0.03325729 -0.01752827
v -0.00061943 0.04064932 -0.01557031
v 0.00223331 0.05110067 -0.01274027
v -0.00452893 0.01649455 -0.02087031
v -0.00353239 0.03173017 -0.01765205
v -0.00357619 0.03325729 -0.01725259
v -0.02244474 0.02143611 0.00949499
v -0.02259258 0.02143611 0.00801526
v -0.02300872 0.01700190 0.01096909
v -0.02204503 0.02206522 0.01163862
v -0.02263638 0.02143611 0.00653554
v -0.02258710 0.02143611 0.00506144
v -0.02151390 0.02734670 0.00358734
v -0.02238999 0.02143611 0.00210762
v -0.02261448 0.01700190 -0.00084621
v -0.02212168 0.01653007 -0.00327678
v -0.02191909 0.01552552 -0.00412073
v -0.02148653 0.01552552 -0.00528538
v -0.02087875 0.01552552 -0.00663570
v -0.02050642 0.01552552 -0.00737275
v -0.01771939 0.01795064 -0.01057413
v -0.01323496 0.03122283 -0.01198634
v -0.01418770 0.02439394 -0.01284717
v -0.01436839 0.02291249 -0.01306097
v -0.01362920 0.02291249 -0.01389366
v -0.01291191 0.02291249 -0.01463071
v -0.01958653 0.01708815 -0.00835736
v -0.01355254 0.05110067 -0.00398007
v -0.01595080 0.03029945 -0.00866118
v -0.01451623 0.03178091 -0.01023092
v -0.01463121 0.03087783 -0.01041097
v -0.01120903 0.02291249 -0.01602042
v -0.01087502 0.02441931 -0.01591914
v -0.01016321 0.02493173 -0.01632987
v -0.00924333 0.02586524 -0.01665619
v -0.00801134 0.02734670 -0.01698252
v -0.01195370 0.02439394 -0.01509770
v -0.00738166 0.03126849 -0.01643114
v -0.00653296 0.03029945 -0.01703316
v -0.02213811 0.01552552 0.01494690
v -0.02240093 0.01552552 0.01392854
v -0.02272946 0.01552552 0.01244881
v -0.01704043 0.01404407 0.02432037
v -0.01763726 0.01493700 0.02355519
v -0.01887472 0.01552552 0.02174914
v -0.01939489 0.01552552 0.02101209
v -0.01758797 0.01592125 0.02349330
v -0.01983841 0.01700190 0.01984181
v -0.02042976 0.01700190 0.01878406
v -0.02058307 0.02219206 0.01615656
v -0.02184244 0.01701205 0.01537450
v -0.02210526 0.01652500 0.01486251
v -0.00365832 0.05110067 0.02484362
v -0.00573354 0.03094378 0.02942345
v -0.00516956 0.03039078 0.02981166
v -0.00602374 0.02995446 0.02955285
v -0.00629204 0.02882308 0.02968226
v -0.00505458 0.02882308 0.03021676
v -0.00600183 0.01404407 0.03248980
v -0.00674103 0.01404407 0.03217472
v -0.00801134 0.01552552 0.03149394
v -0.00893122 0.01552552 0.03102695
v -0.00967042 0.01552552 0.03059373
v -0.01083669 0.01552552 0.02985668
v -0.01085860 0.01404407 0.02987918
v -0.01159779 0.01404407 0.02937281
v -0.01244649 0.01552552 0.02870891
v -0.01330067 0.01552552 0.02806188
v -0.01230413 0.00659622 0.02898459
v -0.01403986 0.01552552 0.02738672
v -0.01482285 0.01552552 0.02664967
v -0.01556205 0.01552552 0.02587886
v -0.01625743 0.01552552 0.02514181
v -0.00588685 0.01552552 0.03244479
v -0.00662604 0.01552552 0.03213534
v -0.00884362 0.01643367 0.03098194
v -0.00209781 0.04064932 -0.01535651
v -0.00209781 0.04175027 -0.01501893
v 0.00085348 0.05110067 -0.01254335
v -0.00505458 0.03178091 -0.01724696
v -0.00443584 0.02972615 -0.01788273
v -0.00399233 0.03071040 -0.01777583
v -0.00505458 0.03325729 -0.01685311
v -0.00434824 0.03550990 -0.01638050
v -0.00299579 0.04150674 -0.01493454
v -0.02087875 0.03029945 0.00653554
v -0.02119633 0.02882308 0.00653554
v -0.02130583 0.02882308 0.00506144
v -0.02267471 0.01700190 0.01244881
v -0.02226405 0.01701205 0.01397355
v -0.02193552 0.02151729 0.01238692
v -0.02151938 0.02143611 0.01392854
v -0.01532660 0.05110067 0.00949499
v -0.01567156 0.05110067 0.00811654
v -0.01569346 0.05110067 0.00801526
v -0.01918682 0.03578895 0.00915178
v -0.01963034 0.03473366 0.00801526
v -0.02059402 0.03110106 0.00736261
v -0.02125656 0.02882308 0.00358734
v -0.02108682 0.02882308 0.00210762
v -0.02075829 0.02883829 0.00057726
v -0.02181506 0.01701712 -0.00378315
v -0.02121823 0.01700190 -0.00528538
v -0.02053379 0.02933549 0.00005401
v -0.02035310 0.02883829 -0.00080119
v -0.02073639 0.01700190 -0.00634876
v -0.02036405 0.01700190 -0.00708581
v -0.01368943 0.03174032 -0.01128867
v -0.01309260 0.03220708 -0.01184005
v -0.01158136 0.03206502 -0.01330290
v -0.01269289 0.02439394 -0.01443942
v -0.01344851 0.02439394 -0.01369674
v -0.01359087 0.05105500 -0.00393506
v -0.01358539 0.05110067 -0.00392381
v -0.01266551 0.05110067 -0.00512222
v -0.01323496 0.05060347 -0.00461022
v -0.00994966 0.03178091 -0.01468698
v -0.00969232 0.03325729 -0.01449006
v -0.00879981 0.03409948 -0.01492328
v -0.00893122 0.02734670 -0.01648178
v -0.01063958 0.03325729 -0.01375301
v -0.00712431 0.03225274 -0.01630173
v -0.00659319 0.03176569 -0.01666745
v -0.01710066 0.01546971 0.02414033
v -0.01758250 0.02192316 0.02199107
v -0.01619720 0.01644889 0.02506867
v -0.01634504 0.02143611 0.02376899
v -0.01748942 0.01700190 0.02335827
v -0.01881996 0.02143611 0.02006124
v -0.01938394 0.02286175 0.01841835
v -0.01913754 0.02233411 0.01916665
v -0.02016146 0.02277550 0.01674170
v -0.01703495 0.03621512 0.01540826
v -0.01422055 0.05110067 0.01244881
v -0.01459836 0.05110067 0.01153172
v -0.01488308 0.05110067 0.01079467
v -0.01529922 0.05110067 0.00957938
v -0.00493411 0.05110067 0.02429224
v -0.00505458 0.05099412 0.02426973
v -0.00652748 0.03039078 0.02919277
v -0.00703123 0.02882308 0.02932780
v -0.01136782 0.01700190 0.02922653
v -0.01157589 0.01552552 0.02935593
v -0.01324591 0.01641338 0.02802249
v -0.01474072 0.01672286 0.02657090
v -0.00801134 0.02882308 0.02877080
v -0.00902431 0.02882308 0.02815190
v -0.01062863 0.01700190 0.02970476
v 0.00076040 0.05110067 -0.01252084
v -0.00606754 0.03325729 -0.01649866
v -0.00581567 0.03402338 -0.01638050
v -0.00492864 0.03460175 -0.01648178
v -0.00398138 0.04106028 -0.01479950
v -0.00352691 0.04204960 -0.01459133
v -0.00075084 0.05110067 -0.01214388
v -0.02096636 0.03029945 0.00506144
v -0.01587415 0.05110067 0.00663681
v -0.01588510 0.05110067 0.00653554
v -0.02092255 0.03029945 0.00358734
v -0.02062140 0.03120253 0.00259148
v -0.02074734 0.03035019 0.00210199
v -0.02065973 0.02989358 0.00103862
v -0.01973984 0.02882308 -0.00232593
v -0.01938394 0.03025887 -0.00238219
v -0.02042428 0.03035019 0.00057726
v -0.01486118 0.05110067 -0.00097561
v -0.02000267 0.03029945 -0.00084621
v -0.01443957 0.05110067 -0.00225841
v -0.01440672 0.05110067 -0.00232593
v -0.01360729 0.05110067 -0.00388442
v -0.01215629 0.03325729 -0.01237456
v -0.01137877 0.03325729 -0.01311160
v -0.01175110 0.05110067 -0.00606181
v -0.01040961 0.03443940 -0.01356734
v -0.00950615 0.03475903 -0.01416373
v -0.00893122 0.04212570 -0.01208761
v -0.00876696 0.04289687 -0.01194695
v -0.00801682 0.04347525 -0.01225640
v -0.00726667 0.04137990 -0.01340980
v -0.00851509 0.03508373 -0.01476012
v -0.00752950 0.03588534 -0.01501893
v -0.00801682 0.03464741 -0.01515396
v -0.00680673 0.03325729 -0.01615545
v -0.01745657 0.02291249 0.02179415
v -0.01791103 0.02291249 0.02105710
v -0.01716636 0.02143611 0.02268873
v -0.01623006 0.02247617 0.02363958
v -0.01665714 0.02294800 0.02290253
v -0.01465859 0.01771219 0.02648651
v -0.01566608 0.02143611 0.02451166
v -0.01901708 0.02331837 0.01894722
v -0.01868855 0.02286175 0.01973491
v -0.01417674 0.05110067 0.01254446
v -0.00506005 0.05110067 0.02423597
v -0.00595803 0.05110067 0.02370710
v -0.00807705 0.03027409 0.02836007
v -0.00976350 0.02882308 0.02761177
v -0.01305974 0.02326256 0.02639649
v -0.00884909 0.02976674 0.02803375
v -0.00721192 0.03686959 -0.01486702
v -0.00646178 0.04356150 -0.01307785
v -0.00591970 0.04303893 -0.01346606
v -0.00545976 0.04402825 -0.01332540
v -0.00498887 0.04059859 -0.01459696
v -0.00505458 0.04212570 -0.01408496
v -0.00201020 0.05110067 -0.01172190
v -0.01587963 0.05110067 0.00506144
v -0.02066520 0.03135981 0.00358734
v -0.01569893 0.05110067 0.00358734
v -0.02053927 0.03087783 0.00160687
v -0.01520614 0.05110067 0.00073479
v -0.01020701 0.03542366 -0.01339292
v -0.01097906 0.05110067 -0.00665820
v -0.00851509 0.04388112 -0.01172190
v -0.00752950 0.04461678 -0.01213262
v -0.01189894 0.05110067 0.01641537
v -0.01255052 0.05110067 0.01547578
v -0.01310902 0.05110067 0.01465996
v -0.01615887 0.03551498 0.01764754
v -0.01608222 0.02346550 0.02346517
v -0.01478452 0.02254720 0.02511931
v -0.01543611 0.02300381 0.02430912
v -0.01355254 0.05110067 0.01386102
v -0.01447242 0.02439394 0.02482111
v -0.01462574 0.02353145 0.02497302
v -0.01346493 0.02586524 0.02527122
v -0.01160326 0.02773735 0.02639086
v -0.01066148 0.02882308 0.02686910
v -0.01132401 0.05110067 0.01715242
v -0.01175658 0.02675310 0.02653152
v -0.01287905 0.02439394 0.02623894
v -0.00463844 0.05110067 -0.01062477
v -0.00357619 0.05110067 -0.01110300
v -0.01546348 0.05110067 0.00220889
v -0.01004275 0.05110067 -0.00736712
v -0.00930356 0.05110067 -0.00786786
v -0.00817561 0.05110067 -0.00861054
v -0.00749117 0.05110067 -0.00904939
v -0.00743641 0.05110067 -0.00908315
v -0.00659319 0.05110067 -0.00956139
v -0.00653296 0.05110067 -0.00959515
v -0.00545976 0.05110067 -0.01018591
v -0.00537763 0.05110067 -0.01023092
v -0.00469319 0.05110067 -0.01059664
v -0.01314735 0.05110067 0.01459807
v -0.01352516 0.05110067 0.01391166
v -0.01373323 0.02439394 0.02550190
v -0.00209970 0.13821124 -0.01524308
v -0.00209970 0.13673006 -0.01521446
v -0.00323153 0.13673006 -0.01503048
v -0.00424443 0.14264407 -0.01488329
v -0.00350628 0.14264407 -0.01495688
v -0.00315361 0.14412168 -0.01492826
v -0.00223093 0.14416808 -0.01494053
v -0.00062340 0.13821124 -0.01520628
v -0.00087355 0.13425667 -0.01495280
v -0.00209970 0.13525245 -0.01509589
v -0.00310440 0.13525245 -0.01498141
v -0.00397378 0.13673006 -0.01475655
v -0.00389586 0.14412168 -0.01479334
v -0.00505640 0.14116646 -0.01444174
v -0.00505640 0.14264407 -0.01449489
v -0.00505640 0.14412168 -0.01427002
v -0.00284605 0.14486406 -0.01489556
v -0.00280914 0.14486406 -0.01489556
v -0.00182495 0.14469274 -0.01487512
v -0.00115651 0.14370767 -0.01492417
v -0.00066851 0.13525245 -0.01500595
v 0.00030748 0.13968885 -0.01494462
v 0.00824258 0.13821124 -0.01364449
v 0.00676218 0.13673006 -0.01386935
v 0.00676218 0.11603993 -0.01265508
v 0.00528588 0.11603993 -0.01285132
v 0.00381369 0.11603993 -0.01292492
v -0.00209970 0.13421026 -0.01496097
v -0.00292807 0.13436374 -0.01492009
v -0.00384255 0.13525245 -0.01470340
v -0.00612261 0.14116646 -0.01373034
v -0.00343657 0.14545653 -0.01436814
v -0.00615542 0.14264407 -0.01376305
v -0.00601599 0.14412168 -0.01363222
v -0.00585606 0.14493187 -0.01347277
v -0.00491697 0.14549579 -0.01367720
v -0.00209970 0.14660221 -0.01373034
v -0.00223093 0.14545653 -0.01453986
v -0.00358010 0.14649514 -0.01359134
v -0.00064801 0.14416808 -0.01479334
v -0.00062340 0.14559929 -0.01424958
v 0.00528588 0.14501753 -0.01351366
v 0.00611015 0.14488547 -0.01342780
v 0.00085699 0.14412168 -0.01452351
v 0.00899713 0.13897503 -0.01341962
v 0.00911605 0.13821124 -0.01345233
v 0.00914476 0.13720118 -0.01345642
v 0.00830819 0.13671578 -0.01359134
v 0.00824258 0.11899515 -0.01256513
v 0.00824258 0.11603993 -0.01238933
v 0.00941541 0.11499775 -0.01204590
v 0.00676218 0.11456232 -0.01234844
v 0.00528588 0.11456232 -0.01247928
v 0.00381369 0.11456232 -0.01248745
v 0.00233329 0.11603993 -0.01280635
v -0.00503179 0.11197115 -0.01004255
v -0.00653679 0.11197115 -0.00949061
v 0.00085699 0.11603993 -0.01253242
v -0.00066031 0.11601138 -0.01215220
v -0.00155019 0.11648250 -0.01200910
v -0.00492107 0.13525245 -0.01396339
v -0.00740207 0.11197115 -0.00906132
v -0.00686486 0.14116646 -0.01291265
v -0.00990357 0.11197115 -0.00723786
v -0.01101079 0.11197115 -0.00635067
v -0.01156440 0.11197115 -0.00589685
v -0.01174484 0.11197115 -0.00571287
v -0.01226565 0.11197115 -0.00515684
v -0.00433055 0.14634881 -0.01342371
v -0.00689357 0.14264407 -0.01293309
v -0.00737746 0.14363629 -0.01209087
v -0.00538036 0.14597762 -0.01267552
v -0.01153160 0.14440007 -0.00575784
v -0.01050639 0.14559929 -0.00639973
v -0.01028085 0.14638807 -0.00609718
v -0.00358010 0.14689488 -0.01267552
v -0.00209970 0.14690916 -0.01267552
v 0.01858896 0.14646302 -0.00922077
v 0.01495563 0.14635237 -0.01047593
v -0.00062340 0.14648443 -0.01359951
v 0.00381369 0.14523168 -0.01365266
v 0.01119927 0.14519598 -0.01215629
v 0.01232290 0.14502824 -0.01202545
v 0.01942143 0.14494258 -0.01050046
v 0.01711266 0.14412168 -0.01119550
v 0.01858896 0.14412168 -0.01086024
v 0.01041191 0.11603993 -0.01192324
v 0.00966967 0.11603993 -0.01209087
v 0.01858896 0.14264407 -0.01086433
v 0.01869968 0.13519534 -0.01072532
v 0.00859115 0.11401268 -0.01185783
v 0.00815646 0.11453020 -0.01213176
v 0.01119927 0.11603993 -0.01168202
v 0.01119927 0.11456232 -0.01140401
v 0.00983370 0.11453020 -0.01176788
v 0.00760695 0.11379139 -0.01195595
v 0.00676218 0.11372001 -0.01200092
v 0.00528588 0.11363435 -0.01204999
v 0.00381369 0.11361651 -0.01204999
v 0.00258754 0.11369503 -0.01200092
v 0.00218976 0.11441599 -0.01225850
v 0.00085699 0.11475862 -0.01214402
v -0.00368262 0.11197115 -0.01034101
v -0.00019282 0.11506556 -0.01201728
v -0.00814022 0.11197115 -0.00855435
v -0.00916542 0.11197115 -0.00781434
v -0.01245018 0.11197115 -0.00495241
v -0.01300789 0.11197115 -0.00429008
v -0.01302020 0.11308471 -0.00432279
v -0.00463811 0.14653440 -0.01267552
v -0.00572073 0.14627743 -0.01184556
v -0.00745948 0.14264407 -0.01219717
v -0.01318833 0.13158340 -0.00454357
v -0.01319653 0.13256848 -0.00455583
v -0.01172024 0.14341500 -0.00603994
v -0.01198679 0.14399319 -0.00527131
v -0.01185556 0.14514602 -0.00477252
v -0.01156440 0.14613109 -0.00431870
v -0.01183916 0.14645945 -0.00333338
v -0.01053100 0.14654867 -0.00528358
v -0.00942377 0.14658437 -0.00665730
v -0.00505640 0.14699482 -0.00971956
v -0.00358010 0.14700552 -0.01119550
v -0.00515892 0.14678067 -0.01128953
v -0.00949349 0.14691629 -0.00528358
v -0.00801309 0.14696269 -0.00676360
v 0.00381369 0.14842960 0.01097215
v 0.00528588 0.14839390 0.01097215
v 0.02006936 0.14674855 -0.00676360
v 0.02007346 0.14655582 -0.00830495
v 0.01958136 0.14640235 -0.00908994
v 0.01858896 0.14586341 -0.00996078
v 0.01858896 0.14512460 -0.01061902
v 0.01711266 0.14533518 -0.01077847
v 0.01952395 0.14412168 -0.01055770
v 0.02056966 0.14621318 -0.00884054
v 0.02099204 0.14522454 -0.00921259
v 0.02026620 0.14412168 -0.01010797
v 0.01953215 0.14264407 -0.01055361
v 0.01944603 0.13673006 -0.01052908
v 0.01942553 0.13564505 -0.01052499
v 0.01270428 0.11197115 -0.00992398
v 0.01222858 0.11197115 -0.01003437
v 0.01267557 0.11603993 -0.01113826
v 0.01366387 0.11489068 -0.01056996
v 0.01278629 0.11446238 -0.01081527
v 0.01335221 0.11390204 -0.01043504
v 0.01424209 0.11197115 -0.00947017
v 0.01381560 0.11197115 -0.00961326
v 0.00676218 0.11197115 -0.01093384
v 0.00535560 0.11197115 -0.01110146
v 0.01112136 0.11197115 -0.01026333
v 0.00823848 0.11197115 -0.01070897
v 0.00381369 0.11197115 -0.01120776
v 0.00230048 0.11197115 -0.01118323
v 0.00085699 0.11197115 -0.01106875
v -0.00062340 0.11197115 -0.01087251
v -0.00202179 0.11197115 -0.01063947
v -0.00319462 0.11197115 -0.01043095
v -0.01312682 0.11197115 -0.00410610
v -0.01349999 0.11308471 -0.00358278
v -0.01449239 0.13525245 -0.00271193
v -0.01374194 0.13377484 -0.00380764
v -0.01319653 0.13377484 -0.00455583
v -0.01364352 0.13512039 -0.00393030
v -0.01176534 0.14264407 -0.00610127
v -0.01228205 0.14264407 -0.00528358
v -0.01296689 0.14264407 -0.00416334
v -0.01328265 0.14366484 -0.00323935
v -0.01281926 0.14414310 -0.00376267
v -0.01310631 0.14464991 -0.00288774
v -0.01212212 0.14562428 -0.00381991
v -0.01201139 0.14655582 -0.00232762
v -0.01103130 0.14670572 -0.00381991
v -0.01332366 0.14508891 -0.00190242
v -0.01347539 0.14558859 -0.00072085
v -0.01320063 0.14635237 -0.00014029
v -0.01334006 0.14645588 0.00062834
v -0.01359021 0.14660578 0.00210836
v -0.01096978 0.14686276 -0.00232762
v -0.01245018 0.14684848 0.00210836
v -0.01245018 0.14684848 0.00358430
v -0.01245018 0.14667359 0.01097215
v -0.01096978 0.14671999 0.01392811
v 0.00381369 0.14834037 0.01244809
v 0.00528588 0.14828683 0.01244809
v 0.01858896 0.14666646 0.01688407
v 0.02154565 0.14664147 0.01244809
v 0.02154565 0.14669144 0.01097215
v 0.02302605 0.14659150 0.00801620
v 0.02302605 0.14661649 0.00653617
v 0.02118068 0.14657723 -0.00676360
v 0.02100024 0.14648800 -0.00785522
v 0.02027030 0.14264407 -0.01015294
v 0.02128730 0.14567067 -0.00830495
v 0.02179990 0.14412168 -0.00823954
v 0.02113967 0.14412168 -0.00937204
v 0.02119708 0.14264407 -0.00941701
v 0.02118478 0.13968885 -0.00941293
v 0.02107816 0.13821124 -0.00932707
v 0.01799024 0.11456232 -0.00764671
v 0.01701424 0.11450879 -0.00848484
v 0.01646063 0.11496563 -0.00904496
v 0.01563227 0.11603993 -0.00971547
v 0.01456605 0.11603993 -0.01030830
v 0.01382790 0.11603993 -0.01063947
v 0.01415597 0.11446238 -0.01023062
v 0.01504995 0.11197115 -0.00913900
v -0.01347949 0.11197115 -0.00355007
v -0.01363942 0.11197115 -0.00323935
v -0.01410692 0.11197115 -0.00232762
v -0.01413562 0.11308471 -0.00232762
v -0.01482866 0.13525245 -0.00197192
v -0.01446779 0.13673006 -0.00258110
v -0.01303250 0.14116646 -0.00430235
v -0.01347949 0.14116646 -0.00356233
v -0.01338517 0.14264407 -0.00342333
v -0.01389777 0.14264407 -0.00232762
v -0.01412742 0.14412168 -0.00085168
v -0.01351230 0.14414310 -0.00236850
v -0.01467283 0.14488190 0.00133973
v -0.01409871 0.14546367 0.00075917
v -0.01432836 0.14583842 0.00210836
v -0.01448419 0.14610968 0.00358430
v -0.01374604 0.14667002 0.00358430
v -0.01375834 0.14666646 0.00506432
v -0.01351640 0.14653440 0.00949213
v -0.01256911 0.14656652 0.01252986
v -0.01218363 0.14654867 0.01392811
v -0.00949349 0.14665218 0.01688407
v -0.00801309 0.14667716 0.01836410
v -0.00653679 0.14665932 0.01984003
v -0.00358010 0.14653440 0.02257113
v -0.00224733 0.14657009 0.02294318
v -0.00062340 0.14651299 0.02386308
v 0.00085699 0.14654867 0.02402253
v 0.00233329 0.14655225 0.02417789
v 0.00824258 0.14656652 0.02416154
v 0.00971888 0.14654867 0.02395303
v 0.01119927 0.14662363 0.02279599
v 0.01415597 0.14663433 0.02132006
v 0.01713317 0.14659150 0.01987274
v 0.01860126 0.14655225 0.01831912
v 0.02019238 0.14657723 0.01552262
v 0.02154565 0.14651299 0.01382590
v 0.02266518 0.14657009 0.01097215
v 0.02382571 0.14639877 0.00801620
v 0.02385852 0.14642733 0.00653617
v 0.02235352 0.14639164 -0.00201281
v 0.02224689 0.14632382 -0.00299813
v 0.02201315 0.14599903 -0.00528358
v 0.02381341 0.14638450 0.00549361
v 0.02194753 0.14556003 -0.00675542
v 0.02120529 0.14116646 -0.00941701
v 0.02234531 0.14503894 -0.00625663
v 0.02220589 0.14412168 -0.00721333
v 0.02189832 0.14264407 -0.00823954
v 0.02188192 0.14116646 -0.00823954
v 0.02179580 0.13968885 -0.00823954
v 0.02367398 0.11197115 0.00125796
v 0.02334591 0.11197115 0.00066105
v 0.02314908 0.11197115 0.00030535
v 0.02260367 0.11197115 -0.00063499
v 0.02249294 0.11197115 -0.00081898
v 0.02215668 0.11197115 -0.00137501
v 0.02201725 0.11197115 -0.00160396
v 0.02140212 0.11197115 -0.00258519
v 0.02083621 0.11197115 -0.00347239
v 0.02027030 0.11197115 -0.00429008
v 0.01971258 0.11197115 -0.00506280
v 0.01957726 0.11197115 -0.00524678
v 0.01913437 0.11197115 -0.00580281
v 0.01893343 0.11197115 -0.00602768
v 0.01789182 0.11366290 -0.00754041
v 0.01720698 0.11313825 -0.00800241
v 0.01632120 0.11398056 -0.00895093
v 0.01575119 0.11450879 -0.00939657
v 0.01538621 0.11308471 -0.00925348
v 0.01512376 0.11197115 -0.00910220
v -0.01455391 0.11197115 -0.00125235
v -0.01516903 0.13377484 -0.00085168
v -0.01519773 0.13525245 -0.00085168
v -0.01476715 0.13673006 -0.00184109
v -0.01447189 0.14266905 -0.00074947
v -0.01464822 0.14317587 -0.00005034
v -0.01453340 0.14412168 0.00028082
v -0.01475895 0.14412168 0.00102083
v -0.01504190 0.14412168 0.00210836
v -0.01478355 0.14509962 0.00210836
v -0.01449649 0.14616678 0.00506432
v -0.01492708 0.14537087 0.00358430
v -0.01500500 0.14542798 0.00506432
v -0.01338927 0.14647373 0.01097215
v -0.01440627 0.14612752 0.00653617
v -0.01432836 0.14604186 0.00801620
v -0.01327445 0.14640591 0.01209239
v -0.01189657 0.14644874 0.01502791
v -0.01056380 0.14646302 0.01688407
v -0.01104770 0.14656295 0.01547355
v -0.01314322 0.14630598 0.01307771
v -0.00941147 0.14648086 0.01827006
v -0.00791467 0.14648443 0.01975826
v -0.00653679 0.14646302 0.02092348
v -0.00467502 0.14643803 0.02225223
v -0.00283785 0.14633810 0.02353600
v -0.00184955 0.14643446 0.02369546
v 0.00085699 0.14616321 0.02476254
v 0.00233329 0.14628456 0.02491382
v 0.00335850 0.14633453 0.02499968
v 0.00383419 0.14650585 0.02441502
v 0.00470767 0.14634167 0.02502012
v 0.00676218 0.14632382 0.02497514
v 0.00824258 0.14625601 0.02489746
v 0.01119927 0.14644160 0.02370363
v 0.01258535 0.14652726 0.02282870
v 0.01553384 0.14652726 0.02130779
v 0.01665337 0.14647373 0.02080491
v 0.01811736 0.14648086 0.01939848
v 0.01975359 0.14652012 0.01688407
v 0.02105356 0.14645945 0.01510559
v 0.02244373 0.14646302 0.01244809
v 0.02377240 0.14634881 0.00879300
v 0.02420709 0.14559929 0.00801620
v 0.02427680 0.14559929 0.00653617
v 0.02361657 0.14624530 0.00358430
v 0.02346484 0.14602759 0.00210836
v 0.02393643 0.14528878 0.00210836
v 0.02245194 0.14526023 -0.00528358
v 0.02410047 0.14572064 0.00502753
v 0.02406356 0.14550650 0.00358430
v 0.02240683 0.14412168 -0.00647332
v 0.02382571 0.14501753 0.00112304
v 0.02415378 0.14412168 0.00210836
v 0.02266928 0.14412168 -0.00528358
v 0.02224279 0.14264407 -0.00733190
v 0.02466638 0.11197115 0.00358430
v 0.02452285 0.11197115 0.00322043
v 0.02407996 0.11197115 0.00210428
v 0.02374780 0.11197115 0.00140515
v 0.01837162 0.11197115 -0.00662051
v 0.01815837 0.11197115 -0.00684128
v 0.01776469 0.11267783 -0.00741776
v 0.01751454 0.11197115 -0.00745864
v 0.01695273 0.11197115 -0.00793290
v 0.01668618 0.11197115 -0.00814141
v 0.01612436 0.11308471 -0.00883645
v 0.01554615 0.11197115 -0.00887325
v -0.01479585 0.11197115 -0.00051643
v -0.01487787 0.11197115 -0.00023024
v -0.01511982 0.11197115 0.00062834
v -0.01546839 0.13673006 0.00062834
v -0.01508291 0.13673006 -0.00085168
v -0.01554220 0.13377484 0.00062834
v -0.01555861 0.13525245 0.00062834
v -0.01483276 0.14266905 0.00051386
v -0.01519773 0.14264407 0.00210836
v -0.01531666 0.14412168 0.00358430
v -0.01502140 0.14538872 0.00653617
v -0.01546019 0.14412168 0.00506432
v -0.01547659 0.14412168 0.00653617
v -0.01425454 0.14588839 0.00949213
v -0.01494758 0.14530306 0.00801620
v -0.01158901 0.14627385 0.01601323
v -0.01030135 0.14638093 0.01771403
v -0.01482866 0.14514959 0.00949213
v -0.01420533 0.14552791 0.01099260
v -0.01473024 0.14498541 0.01051425
v -0.01366403 0.14572778 0.01252986
v -0.01343028 0.14529235 0.01392811
v -0.01324984 0.14497470 0.01480305
v -0.01292588 0.14603116 0.01392811
v -0.00886196 0.14638807 0.01921041
v -0.00735286 0.14637379 0.02064955
v -0.00566332 0.14629527 0.02195377
v -0.00653679 0.14534232 0.02251798
v -0.00473243 0.14510676 0.02371590
v -0.00358010 0.14541370 0.02396529
v -0.00157890 0.14499254 0.02508962
v -0.00062340 0.14519955 0.02523680
v -0.00062340 0.14593836 0.02460309
v 0.00085699 0.14542441 0.02541670
v 0.00233329 0.14554575 0.02551891
v 0.00383419 0.14574563 0.02546167
v 0.00434269 0.14634167 0.02502012
v 0.00523257 0.14574563 0.02547394
v 0.00676218 0.14558501 0.02554753
v 0.00824258 0.14551720 0.02544123
v 0.00971888 0.14527451 0.02525316
v 0.00971888 0.14601331 0.02469304
v 0.01203584 0.14636665 0.02357280
v 0.01415597 0.14647016 0.02231764
v 0.01596033 0.14609540 0.02179023
v 0.01763757 0.14617392 0.02038380
v 0.01497613 0.14637379 0.02210504
v 0.01910156 0.14612752 0.01878521
v 0.01944193 0.14641305 0.01779989
v 0.02076650 0.14631311 0.01609091
v 0.02231661 0.14636665 0.01326578
v 0.02359196 0.14608112 0.00977832
v 0.02395694 0.14559216 0.00936948
v 0.02462537 0.14412168 0.00801620
v 0.02469919 0.14412168 0.00653617
v 0.02461307 0.14412168 0.00506432
v 0.02443263 0.14412168 0.00358430
v 0.02538813 0.13525245 0.00517471
v 0.02542913 0.13377484 0.00511747
v 0.02525690 0.13179041 0.00428343
v 0.02526100 0.13081961 0.00425890
v 0.02525280 0.12934557 0.00428343
v 0.02524460 0.12856394 0.00431205
v 0.02496164 0.11197115 0.00469636
v 0.01766627 0.11197115 -0.00732781
v 0.01576759 0.11197115 -0.00874651
v -0.01548479 0.11197115 0.00210836
v -0.01577595 0.13673006 0.00210836
v -0.01584977 0.13377484 0.00210836
v -0.01585387 0.13525245 0.00210836
v -0.01601380 0.13673006 0.00358430
v -0.01614092 0.13594485 0.00442244
v -0.01610402 0.13661941 0.00497438
v -0.01534126 0.14412168 0.00801620
v -0.01614913 0.13604836 0.00584522
v -0.01245428 0.14562428 0.01540814
v -0.01197039 0.14521740 0.01688407
v -0.01174074 0.14491045 0.01766906
v -0.01130195 0.14595620 0.01688407
v -0.00984616 0.14606685 0.01869935
v -0.01084676 0.14548865 0.01818421
v -0.01040797 0.14508177 0.01931671
v -0.01461542 0.14457139 0.01149957
v -0.01511162 0.14412168 0.00949213
v -0.01388137 0.14412168 0.01392811
v -0.01339337 0.14412168 0.01511786
v -0.01304890 0.14412168 0.01585787
v -0.00834116 0.14610254 0.02019573
v -0.00653679 0.14608112 0.02166349
v -0.00790647 0.14557788 0.02123420
v -0.00747588 0.14505322 0.02221543
v -0.00572073 0.14477126 0.02349921
v -0.00208330 0.14402175 0.02517139
v -0.00062340 0.14412168 0.02558842
v 0.00085699 0.14412168 0.02592367
v -0.00256309 0.14444647 0.02491382
v 0.00233329 0.14412168 0.02611583
v 0.00381369 0.14412168 0.02621804
v 0.00528588 0.14412168 0.02623030
v 0.00676218 0.14412168 0.02612809
v 0.00824258 0.14412168 0.02589096
v 0.01077279 0.14501753 0.02509780
v 0.01124028 0.14554575 0.02452541
v 0.01258535 0.14564926 0.02394894
v 0.01302004 0.14617392 0.02333976
v 0.01662056 0.14511033 0.02224405
v 0.01712907 0.14564212 0.02132415
v 0.01553384 0.14560286 0.02248118
v 0.01812557 0.14518885 0.02085806
v 0.01861356 0.14565997 0.01986865
v 0.01427489 0.14564926 0.02313942
v 0.01953625 0.14514245 0.01935759
v 0.01998324 0.14552078 0.01822918
v 0.02083621 0.14491402 0.01767724
v 0.02203775 0.14603116 0.01425110
v 0.02236172 0.14504608 0.01481940
v 0.02250935 0.14556360 0.01382590
v 0.02384622 0.14509605 0.01046519
v 0.02431371 0.14412168 0.00949213
v 0.02524870 0.13750456 0.00877665
v 0.02540453 0.13673006 0.00801620
v 0.02544554 0.13673006 0.00653617
v 0.02475660 0.14264407 0.00506432
v 0.02532661 0.13673006 0.00543229
v 0.02558907 0.13525245 0.00653617
v 0.02565878 0.13377484 0.00653617
v 0.02567108 0.13229722 0.00653617
v 0.02542913 0.13081961 0.00506432
v 0.02540043 0.13228652 0.00494985
v 0.02540043 0.12934557 0.00506432
v 0.02505596 0.11197115 0.00506432
v -0.01575545 0.11197115 0.00358430
v -0.01606711 0.13377484 0.00342076
v -0.01607941 0.13537380 0.00366607
v -0.01615733 0.13495978 0.00420984
v -0.01622294 0.13377484 0.00506432
v -0.01617373 0.13537380 0.00497438
v -0.01614913 0.13604836 0.00540776
v -0.01544378 0.14264407 0.00801620
v -0.01523464 0.14264407 0.00949213
v -0.01616963 0.13525245 0.00601694
v -0.01612042 0.13377484 0.00706358
v -0.01607531 0.13525245 0.00675695
v -0.01248299 0.14412168 0.01688407
v -0.01188427 0.14412168 0.01788575
v -0.01137167 0.14412168 0.01862576
v -0.01063352 0.14412168 0.01959881
v -0.00900139 0.14511746 0.02082944
v -0.01001839 0.14412168 0.02033883
v -0.01481226 0.14409670 0.01099260
v -0.01469744 0.14358632 0.01183073
v -0.01443498 0.14409670 0.01237450
v -0.01317603 0.14326867 0.01611953
v -0.01414792 0.14264407 0.01392811
v -0.00653269 0.14421805 0.02322119
v -0.00849699 0.14412168 0.02184338
v -0.00775474 0.14412168 0.02242803
v -0.00603649 0.14378618 0.02366684
v -0.00515892 0.14421805 0.02390805
v -0.00288296 0.14346140 0.02503238
v -0.00062340 0.14264407 0.02572742
v 0.00085699 0.14264407 0.02604632
v 0.00292791 0.14056328 0.02651241
v 0.00381369 0.14068820 0.02652467
v 0.00528588 0.14064537 0.02652059
v 0.00609375 0.14050261 0.02650423
v 0.00824258 0.14116646 0.02603406
v 0.00971888 0.14116646 0.02568245
v 0.00971888 0.14412168 0.02553526
v 0.01101064 0.14412168 0.02517139
v 0.01174878 0.14412168 0.02495879
v 0.01386481 0.14518885 0.02375269
v 0.01682150 0.14412168 0.02237897
v 0.01755965 0.14412168 0.02180658
v 0.01484901 0.14441078 0.02351147
v 0.01835931 0.14412168 0.02106657
v 0.01909746 0.14412168 0.02032247
v 0.01967978 0.14412168 0.01958246
v 0.02041793 0.14412168 0.01847449
v 0.02246014 0.13525245 0.01638528
v 0.02302605 0.13525245 0.01540814
v 0.02352635 0.13673006 0.01405486
v 0.02377650 0.13755452 0.01322081
v 0.02278000 0.14412168 0.01392811
v 0.02392413 0.14412168 0.01062464
v 0.02528150 0.13673006 0.00886660
v 0.02553166 0.13525245 0.00801620
v 0.02557676 0.13377484 0.00801620
v 0.02558497 0.13229722 0.00801620
v 0.02556446 0.13081961 0.00801620
v 0.02526100 0.11197115 0.00741110
v 0.02526100 0.11197115 0.00690004
v 0.02522409 0.11197115 0.00616003
v 0.02517898 0.11197115 0.00584522
v -0.01592358 0.11197115 0.00506432
v -0.01615733 0.13257919 0.00421801
v -0.01616553 0.13377484 0.00415669
v -0.01619834 0.13217230 0.00492532
v -0.01619424 0.13234005 0.00666291
v -0.01619834 0.13377484 0.00632357
v -0.01494348 0.14264407 0.01097215
v -0.01614092 0.13286114 0.00723939
v -0.01204420 0.14264407 0.01812697
v -0.01153980 0.14264407 0.01886698
v -0.01019063 0.14290105 0.02053507
v -0.00928025 0.14412168 0.02110337
v -0.01472204 0.14264407 0.01192886
v -0.01452520 0.14264407 0.01266478
v -0.01349999 0.14272259 0.01553897
v -0.01322524 0.14228002 0.01621357
v -0.01285616 0.14272259 0.01677777
v -0.01422174 0.14116646 0.01392811
v -0.01363122 0.14116646 0.01540814
v -0.00870203 0.14295102 0.02201101
v -0.00694277 0.14264407 0.02333158
v -0.00620053 0.14264407 0.02375678
v -0.00505640 0.14264407 0.02424331
v -0.00505640 0.14116646 0.02432917
v -0.00300188 0.14089164 0.02507327
v -0.00062340 0.14116646 0.02583372
v 0.00085699 0.14116646 0.02615262
v 0.00292791 0.14032772 0.02651241
v 0.00381369 0.14026347 0.02652467
v 0.00528588 0.14029203 0.02652059
v 0.00609375 0.14036698 0.02650423
v 0.00824258 0.13968885 0.02600544
v 0.00971888 0.13968885 0.02566610
v 0.01197023 0.14029560 0.02502829
v 0.01133870 0.14123784 0.02521228
v 0.01113366 0.14264407 0.02521228
v 0.01187181 0.14264407 0.02499559
v 0.01267557 0.14412168 0.02457039
v 0.01496383 0.13968885 0.02358507
v 0.01678460 0.14264407 0.02235853
v 0.01548874 0.14400033 0.02318849
v 0.01495563 0.14116646 0.02357689
v 0.01752274 0.14264407 0.02178614
v 0.02113967 0.11197115 0.01787348
v 0.02197624 0.11603993 0.01732972
v 0.01835931 0.14264407 0.02104613
v 0.01489822 0.14342570 0.02354009
v 0.01427489 0.14400033 0.02381811
v 0.02193933 0.12343156 0.01731336
v 0.02259546 0.12343156 0.01657335
v 0.02248474 0.13377484 0.01642617
v 0.02314498 0.12343156 0.01540814
v 0.02358786 0.13525245 0.01414071
v 0.02380521 0.13673006 0.01331484
v 0.02532661 0.13525245 0.00898925
v 0.02534712 0.13377484 0.00904649
v 0.02534712 0.13229722 0.00904240
v 0.02534302 0.13081961 0.00901787
v 0.02532661 0.12934557 0.00898107
v 0.02487962 0.11197115 0.00949213
v 0.02495344 0.11197115 0.00914870
v 0.02515438 0.11197115 0.00814703
v 0.02518308 0.11197115 0.00796713
v -0.01591948 0.11197115 0.00542820
v -0.01614913 0.13146562 0.00730480
v -0.01614913 0.13187607 0.00730480
v -0.01590308 0.11197115 0.00653617
v -0.01600150 0.13234005 0.00788536
v -0.01277005 0.14116646 0.01694131
v -0.01203190 0.14116646 0.01809426
v -0.01068683 0.14250488 0.01996269
v -0.01151519 0.14116646 0.01883427
v -0.01023164 0.14189813 0.02058005
v -0.01023164 0.14191597 0.02058005
v -0.00875944 0.14196594 0.02206416
v -0.01322114 0.14116646 0.01620539
v -0.01555040 0.13229722 0.00949213
v -0.01453340 0.13525245 0.01277517
v -0.01485737 0.11197115 0.01067779
v -0.01413152 0.11308471 0.01244809
v -0.01350409 0.11593286 0.01407121
v -0.01321704 0.11635401 0.01471310
v -0.01478355 0.11197115 0.01086177
v -0.00813201 0.14253343 0.02248936
v -0.00697558 0.14116646 0.02332749
v -0.00623333 0.14116646 0.02379767
v -0.00505640 0.13968885 0.02424740
v -0.00374823 0.13968885 0.02479525
v -0.00301008 0.13968885 0.02507736
v -0.00209970 0.13968885 0.02539217
v -0.00062340 0.13968885 0.02583372
v 0.00085699 0.13968885 0.02614036
v 0.00233329 0.12195394 0.02612809
v 0.00381369 0.12195394 0.02616080
v 0.00528588 0.12934557 0.02632843
v 0.00676218 0.12934557 0.02604223
v 0.01267557 0.11197115 0.02324981
v 0.01415597 0.11197115 0.02266925
v 0.01415597 0.13968885 0.02400618
v 0.01254844 0.14123784 0.02476254
v 0.01197023 0.14079171 0.02502829
v 0.01005514 0.11197115 0.02409612
v 0.01108445 0.11197115 0.02376496
v 0.01192102 0.14178035 0.02501194
v 0.01267557 0.14264407 0.02464807
v 0.01507865 0.11197115 0.02217863
v 0.01582090 0.11197115 0.02168802
v 0.01609156 0.11197115 0.02150404
v 0.01708396 0.11197115 0.02082127
v 0.01764167 0.11197115 0.02043286
v 0.02038512 0.11197115 0.01842951
v 0.01415597 0.14116646 0.02400618
v 0.02187782 0.11197115 0.01720297
v 0.02249294 0.11197115 0.01646296
v 0.02256266 0.11603993 0.01658970
v 0.02311217 0.11603993 0.01540814
v 0.02356736 0.11456232 0.01405077
v 0.02446544 0.11197115 0.01097215
v 0.02378881 0.11197115 0.01326578
v -0.01585387 0.11197115 0.00690413
v -0.01567343 0.11197115 0.00801620
v -0.01528795 0.11197115 0.00949213
v -0.01277415 0.11593286 0.01528548
v -0.01189247 0.11456232 0.01636484
v -0.01180635 0.11197115 0.01626263
v -0.01117893 0.11197115 0.01699855
v -0.01043668 0.11197115 0.01783260
v -0.00875944 0.14184459 0.02206416
v -0.01518133 0.11197115 0.00979059
v -0.01443088 0.11197115 0.01167128
v -0.01409051 0.11197115 0.01244809
v -0.01393468 0.11197115 0.01279152
v -0.01353690 0.11456232 0.01388314
v -0.01350819 0.11308471 0.01381773
v -0.01312682 0.11308471 0.01455774
v -0.01251990 0.11308471 0.01540814
v -0.01260601 0.11456232 0.01540814
v -0.00812791 0.14127710 0.02248527
v -0.00545418 0.11197115 0.02183929
v -0.00526964 0.11197115 0.02195377
v -0.00471193 0.11197115 0.02228902
v -0.00448228 0.11197115 0.02241577
v -0.00358010 0.11197115 0.02289412
v -0.00328484 0.11197115 0.02304539
v -0.00237446 0.11197115 0.02349103
v 0.00085699 0.12047634 0.02559659
v 0.00233329 0.12047634 0.02605859
v 0.00381369 0.12047634 0.02607085
v 0.00971888 0.11197115 0.02419425
v 0.02262417 0.11197115 0.01620130
v 0.02301375 0.11197115 0.01540814
v 0.02354686 0.11197115 0.01400580
v -0.01244198 0.11197115 0.01540814
v -0.00718062 0.11197115 0.02050645
v -0.00654500 0.11197115 0.02101751
v -0.01347949 0.11197115 0.01374822
v -0.01338517 0.11197115 0.01393220
v -0.01308581 0.11197115 0.01448823
v -0.00181674 0.11197115 0.02372407
v 0.00085699 0.11899515 0.02544941
v -0.00156249 0.11197115 0.02382220
v 0.00233329 0.11899515 0.02586234
v 0.00381369 0.11899515 0.02588278
v -0.00025433 0.11197115 0.02425558
v 0.00824258 0.11197115 0.02449679
v 0.00860755 0.11197115 0.02442729
v -0.00062340 0.11197115 0.02414519
v 0.00085699 0.11197115 0.02454177
v 0.00233329 0.11197115 0.02479525
v 0.00381369 0.11197115 0.02485249
v 0.00417866 0.11197115 0.02483205
v 0.00528588 0.11197115 0.02475846
v 0.00676218 0.11197115 0.02464807
v 0.00713126 0.11197115 0.02461127
v -0.01655384 0.08056469 0.00506338
v -0.01646788 0.07908702 0.00358417
v -0.01654975 0.07908702 0.00506338
v -0.01645151 0.07908702 0.00654260
v -0.01591117 0.11160173 0.00654260
v -0.01591936 0.11197115 0.00542838
v -0.01593164 0.11160173 0.00506338
v -0.01626321 0.07908702 0.00230474
v -0.01617724 0.07317634 0.00122895
v -0.01630823 0.07317634 0.00210495
v -0.01631233 0.07169867 0.00210495
v -0.01643104 0.07169867 0.00358417
v -0.01575562 0.11197115 0.00358417
v -0.01646788 0.07169867 0.00506338
v -0.01639010 0.07169867 0.00654260
v -0.01621818 0.07169867 0.00766450
v -0.01625093 0.07760935 0.00774134
v -0.01624683 0.07908702 0.00768371
v -0.01567375 0.11197115 0.00801413
v -0.01585386 0.11197115 0.00690376
v -0.01590298 0.11197115 0.00654260
v -0.01592345 0.11197115 0.00506338
v -0.01616496 0.07432630 0.00129427
v -0.01548545 0.11197115 0.00210495
v -0.01512113 0.11197115 0.00062958
v -0.01598076 0.07317634 0.00048742
v -0.01600532 0.07169867 0.00046821
v -0.01618134 0.07169867 0.00120590
v -0.01616087 0.06578203 0.00127506
v -0.01615678 0.06481678 0.00129811
v -0.01623455 0.06578203 0.00210495
v -0.01620999 0.06431628 0.00203964
v -0.01632461 0.06430436 0.00358417
v -0.01632870 0.06430436 0.00506338
v -0.01620999 0.06417328 0.00668476
v -0.01614449 0.06359532 0.00727260
v -0.01607491 0.07169867 0.00840218
v -0.01607900 0.07760935 0.00847902
v -0.01607900 0.07317634 0.00842908
v -0.01528897 0.11197115 0.00949334
v -0.01479775 0.11197115 -0.00051537
v -0.01568194 0.06725970 -0.00084963
v -0.01602579 0.06578203 0.00053353
v -0.01600941 0.06431628 0.00073332
v -0.01486734 0.05110067 -0.00094953
v -0.01520710 0.05110067 0.00072948
v -0.01544451 0.05110067 0.00210495
v -0.01569831 0.05110067 0.00358417
v -0.01587842 0.05110067 0.00506338
v -0.01618543 0.06282669 0.00253143
v -0.01626730 0.06282669 0.00358417
v -0.01588661 0.05110067 0.00654260
v -0.01587433 0.05110067 0.00664249
v -0.01569422 0.05110067 0.00801413
v -0.01602579 0.06417328 0.00789118
v -0.01606263 0.07021504 0.00832150
v -0.01568603 0.07169867 0.00949334
v -0.01573515 0.07613168 0.00949334
v -0.01546908 0.05691601 0.00949334
v -0.01518254 0.11197115 0.00978919
v -0.01455624 0.11197115 -0.00125306
v -0.01496968 0.06874333 -0.00245948
v -0.01499014 0.06723587 -0.00246716
v -0.01566147 0.06578203 -0.00084963
v -0.01411005 0.11197115 -0.00232885
v -0.01485915 0.05110067 -0.00097642
v -0.01566966 0.05110067 0.00811787
v -0.01495739 0.05691601 0.01087266
v -0.01422058 0.05110067 0.01245177
v -0.01374164 0.07169867 0.01392715
v -0.01408959 0.11197115 0.01245177
v -0.01443344 0.11197115 0.01167182
v -0.01478547 0.11197115 0.01086114
v -0.01485915 0.11197115 0.01068056
v -0.01532581 0.05110067 0.00949334
v -0.01529715 0.05110067 0.00958171
v -0.01488371 0.05110067 0.01079582
v -0.01467904 0.06824879 -0.00308574
v -0.01467904 0.06771254 -0.00308574
v -0.01504336 0.06578203 -0.00227506
v -0.01444162 0.05110067 -0.00225969
v -0.01347966 0.11197115 -0.00355064
v -0.01459717 0.05110067 0.01153351
v -0.01355334 0.05110067 0.01386183
v -0.01328318 0.07169867 0.01481083
v -0.01338551 0.11197115 0.01393099
v -0.01347966 0.11197115 0.01374657
v -0.01393403 0.11197115 0.01278988
v -0.01420829 0.06874333 -0.00366975
v -0.01336504 0.06873737 -0.00472633
v -0.01312353 0.11197115 -0.00410775
v -0.01300482 0.11197115 -0.00428833
v -0.01266506 0.05110067 -0.00512207
v -0.01316447 0.05159521 -0.00451117
v -0.01355334 0.05110067 -0.00398096
v -0.01358609 0.05110067 -0.00392333
v -0.01360656 0.05110067 -0.00388490
v -0.01440888 0.05110067 -0.00232501
v -0.01314809 0.05110067 0.01459952
v -0.01310716 0.05110067 0.01466099
v -0.01259957 0.05110067 0.01540636
v -0.01189959 0.05110067 0.01641299
v -0.01273056 0.07169867 0.01554852
v -0.01180544 0.11197115 0.01626315
v -0.01244402 0.11197115 0.01540636
v -0.01308669 0.11197115 0.01448809
v -0.01175223 0.05110067 -0.00606338
v -0.01260776 0.05110067 -0.00518354
v -0.01245221 0.11197115 -0.00495301
v -0.01226800 0.11197115 -0.00515664
v -0.01174813 0.11197115 -0.00571375
v -0.01156802 0.11197115 -0.00589817
v -0.00848156 0.09534140 -0.00876823
v -0.00848156 0.09386373 -0.00877208
v -0.01185866 0.05110067 0.01646678
v -0.01199374 0.07021504 0.01649368
v -0.01199374 0.07169867 0.01647831
v -0.01117914 0.11197115 0.01700084
v -0.01097856 0.05110067 -0.00665891
v -0.01082711 0.11197115 -0.00649754
v -0.00846928 0.09681907 -0.00875287
v -0.00773246 0.09681907 -0.00931766
v -0.00774474 0.09534140 -0.00932150
v -0.00774474 0.09386373 -0.00931766
v -0.01004116 0.05110067 -0.00736586
v -0.01132651 0.05110067 0.01715452
v -0.00595999 0.05110067 0.02370917
v -0.01043823 0.11197115 0.01783074
v -0.00990199 0.11197115 -0.00723907
v -0.00916516 0.11197115 -0.00781539
v -0.00639390 0.09671777 -0.01012450
v -0.00654126 0.09534140 -0.01006303
v -0.00813771 0.11197115 -0.00855308
v -0.00740089 0.11197115 -0.00906023
v -0.00749094 0.05110067 -0.00904871
v -0.00817864 0.05110067 -0.00861071
v -0.00935346 0.05110067 -0.00783460
v -0.00505943 0.05110067 0.02423554
v -0.00591497 0.10864639 0.02213775
v -0.00665179 0.10864639 0.02151917
v -0.00745820 0.10864639 0.02078148
v -0.00585766 0.10964739 0.02209933
v -0.00573076 0.11063052 0.02201480
v -0.00717984 0.11197115 0.02050485
v -0.00580444 0.09615769 -0.01046261
v -0.00580444 0.09534140 -0.01046261
v -0.00638981 0.09399481 -0.01013219
v -0.00539919 0.05543834 -0.01027050
v -0.00653717 0.05110067 -0.00959429
v -0.00743773 0.05110067 -0.00907945
v -0.00653717 0.11197115 -0.00949055
v -0.00365947 0.05110067 0.02484644
v -0.00289400 0.10666822 0.02355933
v -0.00505534 0.10716872 0.02258728
v -0.00505534 0.10864639 0.02253733
v -0.00357761 0.11012406 0.02313670
v -0.00516586 0.11013002 0.02237980
v -0.00357761 0.11160173 0.02295996
v -0.00328288 0.11197115 0.02304833
v -0.00357761 0.11197115 0.02289464
v -0.00448226 0.11197115 0.02241822
v -0.00471149 0.11197115 0.02228759
v -0.00526820 0.11197115 0.02195333
v -0.00545241 0.11197115 0.02183806
v -0.00654536 0.11197115 0.02101585
v -0.00516996 0.09671777 -0.01066240
v -0.00357761 0.09534140 -0.01126561
v -0.00505534 0.09534140 -0.01074692
v -0.00503078 0.11197115 -0.01004382
v -0.00518633 0.09399481 -0.01069313
v -0.00202209 0.05110067 -0.01171898
v -0.00357761 0.05110067 -0.01110040
v -0.00365129 0.05110067 -0.01106966
v -0.00464190 0.05110067 -0.01062398
v -0.00546059 0.05110067 -0.01018982
v -0.00209987 0.05110067 0.02539202
v -0.00202209 0.11012406 0.02378986
v -0.00275892 0.11012406 0.02350554
v -0.00261155 0.11160173 0.02343254
v -0.00237413 0.11197115 0.02349017
v -0.00147767 0.09386373 -0.01197256
v -0.00221449 0.09386373 -0.01174587
v -0.00357761 0.09386373 -0.01129635
v -0.00368404 0.11197115 -0.01033966
v -0.00140398 0.09478131 -0.01194951
v -0.00198935 0.05110067 -0.01173050
v -0.00062213 0.05110067 0.02590302
v -0.00062213 0.11012406 0.02425475
v -0.00062213 0.11160173 0.02417407
v -0.00187064 0.11160173 0.02373991
v -0.00181742 0.11197115 0.02372454
v -0.00062213 0.09386373 -0.01216082
v -0.00151041 0.09238606 -0.01198024
v -0.00224723 0.09238606 -0.01174587
v -0.00319691 0.11197115 -0.01043187
v -0.00070810 0.09529969 -0.01205708
v -0.00075312 0.05110067 -0.01214545
v 0.00085560 0.05110067 0.02624497
v 0.00085560 0.11012406 0.02462360
v 0.00085560 0.11160173 0.02456212
v -0.00025372 0.11197115 0.02425475
v -0.00062213 0.11197115 0.02414717
v -0.00156363 0.11197115 0.02382059
v 0.00085560 0.09534140 -0.01234140
v 0.00085560 0.09386373 -0.01242593
v 0.00085560 0.05110067 -0.01254503
v -0.00062213 0.09238606 -0.01216466
v 0.00075736 0.05110067 -0.01252198
v -0.00202209 0.11197115 -0.01063934
v 0.00095794 0.05110067 0.02625650
v 0.00233334 0.11012406 0.02485797
v 0.00233334 0.11160173 0.02481570
v 0.00085560 0.11197115 0.02454291
v 0.00233334 0.09534140 -0.01255656
v -0.00062213 0.11197115 -0.01087371
v 0.00233334 0.09386373 -0.01263340
v 0.00233334 0.05110067 -0.01275251
v 0.00345494 0.05110067 0.02642171
v 0.00303332 0.10648351 0.02501933
v 0.00381107 0.11160173 0.02487718
v 0.00233334 0.11197115 0.02479265
v 0.00381107 0.11012406 0.02493481
v 0.00381107 0.09534140 -0.01268335
v 0.00085560 0.11197115 -0.01106582
v 0.00381107 0.09386373 -0.01273330
v 0.00381107 0.06873737 -0.01279093
v 0.00370874 0.05110067 -0.01281014
v 0.00381107 0.05110067 0.02643323
v 0.00381107 0.10665034 0.02503854
v 0.00528471 0.11160173 0.02478497
v 0.00417948 0.11197115 0.02483107
v 0.00381107 0.11197115 0.02485028
v 0.00468707 0.10666822 0.02504239
v 0.00528471 0.11012406 0.02485797
v 0.00528471 0.09534140 -0.01271025
v 0.00230059 0.11197115 -0.01118492
v 0.00528471 0.06873737 -0.01275251
v 0.00381107 0.05110067 -0.01281014
v 0.00451105 0.05110067 0.02637560
v 0.00734781 0.09977441 0.02500397
v 0.00635720 0.10125208 0.02505007
v 0.00676245 0.11160173 0.02467354
v 0.00528471 0.11197115 0.02476191
v 0.00676245 0.11012406 0.02473118
v 0.00381107 0.11197115 -0.01120798
v 0.00535430 0.11197115 -0.01110424
v 0.00676245 0.09534140 -0.01255656
v 0.00528471 0.05110067 -0.01276404
v 0.00518238 0.05110067 -0.01276788
v 0.00526015 0.05110067 0.02630644
v 0.00747880 0.09829674 0.02501165
v 0.00972201 0.11160173 0.02421633
v 0.00824428 0.11160173 0.02452370
v 0.00676245 0.11197115 0.02465049
v 0.00676245 0.11197115 -0.01093519
v 0.00824018 0.11197115 -0.01070850
v 0.01112197 0.11197115 -0.01026282
v 0.01223130 0.11197115 -0.01003229
v 0.00906706 0.09625302 -0.01197256
v 0.00824428 0.09534140 -0.01221461
v 0.00824428 0.06873737 -0.01223382
v 0.00676245 0.06873737 -0.01256425
v 0.00666011 0.05110067 -0.01257577
v 0.00982026 0.05110067 0.02443533
v 0.01415522 0.08351408 0.02274864
v 0.01415522 0.08499175 0.02274864
v 0.01415522 0.10864639 0.02271791
v 0.01267748 0.10864639 0.02327117
v 0.01267748 0.11012406 0.02326349
v 0.01267748 0.11197115 0.02324812
v 0.00972201 0.09977441 0.02435849
v 0.00824428 0.09977441 0.02480802
v 0.01108923 0.11160173 0.02377449
v 0.01108513 0.11197115 0.02376681
v 0.01005358 0.11197115 0.02409723
v 0.00972201 0.11197115 0.02419712
v 0.00860859 0.11197115 0.02442765
v 0.00824428 0.11197115 0.02449681
v 0.01270614 0.11197115 -0.00992471
v 0.00982026 0.09534140 -0.01169977
v 0.00908344 0.09534140 -0.01197256
v 0.01381546 0.11197115 -0.00961350
v 0.01424528 0.11197115 -0.00946750
v 0.00913665 0.07021504 -0.01199177
v 0.00917758 0.05110067 -0.01199945
v 0.00838755 0.05110067 -0.01219924
v 0.00676245 0.05110067 -0.01256040
v 0.01116291 0.05110067 0.02386670
v 0.01519905 0.08351408 0.02221459
v 0.01267748 0.05110067 0.02321738
v 0.01415522 0.05110067 0.02253349
v 0.01509262 0.06282669 0.02216080
v 0.01512127 0.10864639 0.02220306
v 0.01510899 0.11012406 0.02219922
v 0.01415522 0.11012406 0.02269870
v 0.01415522 0.11197115 0.02267180
v 0.01505169 0.11197115 -0.00913708
v 0.01119975 0.09534140 -0.01113114
v 0.01119975 0.07317634 -0.01123871
v 0.01119975 0.05110067 -0.01130019
v 0.01109741 0.05110067 -0.01133861
v 0.00986938 0.07169867 -0.01174203
v 0.00979160 0.05110067 -0.01180351
v 0.01593996 0.08351408 0.02181885
v 0.01582944 0.06430436 0.02177659
v 0.01849018 0.05110067 0.02023206
v 0.01583353 0.06282669 0.02176506
v 0.01776974 0.10272975 0.02052790
v 0.01776155 0.10420742 0.02052022
v 0.01585809 0.10864639 0.02172280
v 0.01584991 0.11012406 0.02170743
v 0.01508034 0.11197115 0.02218001
v 0.01512537 0.11197115 -0.00910250
v 0.01225586 0.09534140 -0.01062782
v 0.01321373 0.07317634 -0.01036271
v 0.01247281 0.07317634 -0.01069313
v 0.01264474 0.05110067 -0.01067777
v 0.01985330 0.05110067 0.01947132
v 0.02116321 0.11012406 0.01788068
v 0.02113865 0.11197115 0.01787300
v 0.02038545 0.11197115 0.01843011
v 0.01858843 0.11197115 0.01974027
v 0.01763875 0.11197115 0.02043185
v 0.01708613 0.11197115 0.02081990
v 0.01695105 0.10864639 0.02098511
v 0.01609142 0.11197115 0.02150380
v 0.01582125 0.11197115 0.02168822
v 0.01554290 0.11197115 -0.00887581
v 0.01415522 0.07317634 -0.00984403
v 0.01403242 0.05110067 -0.00996697
v 0.01324647 0.05110067 -0.01037808
v 0.02059422 0.05110067 0.01889116
v 0.02190003 0.11012406 0.01722368
v 0.02132285 0.11197115 0.01770779
v 0.01690192 0.11197115 0.02094669
v 0.01576804 0.11197115 -0.00874902
v 0.01524817 0.07169867 -0.00920623
v 0.01527273 0.05110067 -0.00922545
v 0.02064334 0.05110067 0.01884121
v 0.02250176 0.11012406 0.01648599
v 0.02249358 0.11197115 0.01646294
v 0.02187956 0.11197115 0.01720063
v 0.01668907 0.11197115 -0.00814197
v 0.01598909 0.07169867 -0.00871829
v 0.01601365 0.05110067 -0.00873366
v 0.02118777 0.05110067 0.01815347
v 0.02304619 0.09977441 0.01540636
v 0.02302982 0.11012406 0.01540636
v 0.02262457 0.11197115 0.01620168
v 0.02250586 0.07317634 0.01644757
v 0.02308303 0.07317634 0.01540636
v 0.01695514 0.11197115 -0.00793450
v 0.01774517 0.07169867 -0.00741197
v 0.01700426 0.07169867 -0.00798060
v 0.01702064 0.05110067 -0.00800750
v 0.02124917 0.05110067 0.01805742
v 0.02359881 0.07465401 0.01421530
v 0.02355378 0.11012406 0.01402320
v 0.02354559 0.11197115 0.01400399
v 0.02301345 0.11197115 0.01540636
v 0.02524847 0.06063402 0.01025408
v 0.02192868 0.05110067 0.01693168
v 0.02198190 0.05110067 0.01683947
v 0.02230937 0.05110067 0.01620168
v 0.02524847 0.06057444 0.01025408
v 0.01751594 0.11197115 -0.00745807
v 0.01939893 0.05110067 -0.00608260
v 0.01851474 0.05110067 -0.00681644
v 0.01776564 0.05110067 -0.00743118
v 0.01715162 0.05110067 -0.00790760
v 0.02360700 0.11197115 0.01381957
v 0.02526484 0.11160173 0.00742629
v 0.02515841 0.11160173 0.00816397
v 0.02489234 0.11160173 0.00949334
v 0.02449527 0.11012406 0.01097256
v 0.02378711 0.11197115 0.01326630
v 0.02264913 0.05110067 0.01530262
v 0.02315672 0.05110067 0.01392715
v 0.02319356 0.05110067 0.01381572
v 0.02357015 0.05110067 0.01244409
v 0.02436838 0.05110067 0.00801413
v 0.02450346 0.05110067 0.00654260
v 0.02452802 0.05110067 0.00506338
v 0.02524847 0.06057444 0.01020798
v 0.02526075 0.08152995 0.00740707
v 0.01766331 0.11197115 -0.00733128
v 0.02013166 0.05110067 -0.00536028
v 0.01815861 0.11197115 -0.00684333
v 0.02526484 0.11160173 0.00684228
v 0.02526075 0.11197115 0.00741092
v 0.02518297 0.11197115 0.00796418
v 0.02515432 0.11197115 0.00814860
v 0.02495374 0.11197115 0.00914755
v 0.02488006 0.11197115 0.00949334
v 0.02446662 0.11197115 0.01097256
v 0.02447481 0.11160173 0.01097256
v 0.02447071 0.05110067 0.00358417
v 0.02480638 0.05839368 0.00506338
v 0.02484322 0.05987135 0.00506338
v 0.02512976 0.07908702 0.00506338
v 0.02522391 0.08056469 0.00630055
v 0.02525666 0.08056469 0.00703823
v 0.02526075 0.08152995 0.00701134
v 0.02087257 0.05110067 -0.00460722
v 0.01837147 0.11197115 -0.00662049
v 0.02525256 0.10716872 0.00575112
v 0.02524847 0.10808034 0.00577418
v 0.02522391 0.11197115 0.00616607
v 0.02526075 0.11197115 0.00689992
v 0.02427423 0.05110067 0.00210495
v 0.02476135 0.06430436 0.00358417
v 0.02485959 0.07760935 0.00358417
v 0.02486778 0.07908702 0.00358417
v 0.02151934 0.05110067 -0.00385032
v 0.01893228 0.11197115 -0.00602881
v 0.01913695 0.11197115 -0.00580212
v 0.02510520 0.10716872 0.00501344
v 0.02512976 0.10859872 0.00519402
v 0.02508882 0.11012406 0.00506338
v 0.02505607 0.11197115 0.00506338
v 0.02517888 0.11197115 0.00584718
v 0.02522391 0.11160173 0.00610844
v 0.02391810 0.05110067 0.00067569
v 0.02441750 0.06430436 0.00210495
v 0.02438884 0.07613168 0.00210495
v 0.02429879 0.10420742 0.00210495
v 0.02477363 0.10569105 0.00358417
v 0.02155208 0.05110067 -0.00381190
v 0.01957904 0.11197115 -0.00524501
v 0.02470404 0.11012406 0.00358417
v 0.02496193 0.11197115 0.00469454
v 0.02370524 0.05110067 0.00006095
v 0.02388126 0.10420742 0.00115979
v 0.02407774 0.11197115 0.00210495
v 0.02452393 0.11197115 0.00321917
v 0.02466720 0.11197115 0.00358417
v 0.02336958 0.05110067 -0.00073821
v 0.02221932 0.05110067 -0.00296280
v 0.01971412 0.11197115 -0.00506059
v 0.02344326 0.10420742 0.00042211
v 0.02260410 0.11197115 -0.00063832
v 0.02314853 0.11197115 0.00030300
v 0.02367658 0.11197115 0.00125969
v 0.02374617 0.11197115 0.00140185
v 0.02258773 0.05110067 -0.00232501
v 0.02254270 0.05110067 -0.00240569
v 0.02026674 0.11197115 -0.00429217
v 0.02045095 0.11197115 -0.00402706
v 0.02083573 0.11197115 -0.00346996
v 0.02140472 0.11197115 -0.00258627
v 0.02201874 0.11197115 -0.00160269
f 1 2 3
f 1 3 4
f 1 4 5
f 1 5 6
f 1 6 7
f 1 7 8
f 1 8 2
f 2 8 9
f 2 9 10
f 2 10 11
f 2 11 12
f 2 12 3
f 3 12 13
f 3 13 14
f 3 14 4
f 4 14 15
f 4 15 5
f 5 15 16
f 5 16 6
f 6 17 18
f 6 18 7
f 6 16 19
f 6 19 17
f 7 18 20
f 7 20 21
f 7 21 22
f 7 22 8
f 8 22 9
f 9 23 24
f 9 24 10
f 9 22 25
f 9 25 26
f 9 26 23
f 10 24 11
f 11 27 28
f 11 28 12
f 11 24 27
f 12 28 29
f 12 29 13
f 13 29 30
f 13 30 31
f 13 31 14
f 14 31 32
f 14 32 33
f 14 33 15
f 15 33 34
f 15 34 35
f 15 35 16
f 16 35 36
f 16 36 19
f 17 19 37
f 17 37 38
f 17 38 39
f 17 39 18
f 18 39 20
f 19 36 40
f 19 40 41
f 19 41 37
f 20 42 21
f 20 39 43
f 20 43 42
f 21 42 22
f 22 42 44
f 22 44 25
f 23 45 24
f 23 26 45
f 24 45 46
f 24 46 47
f 24 47 27
f 25 44 26
f 26 48 45
f 26 44 49
f 26 49 50
f 26 50 51
f 26 51 48
f 27 47 52
f 27 52 53
f 27 53 54
f 27 54 55
f 27 55 28
f 28 55 29
f 29 55 56
f 29 56 30
f 30 56 57
f 30 57 58
f 30 58 31
f 31 58 59
f 31 59 60
f 31 60 32
f 32 61 34
f 32 34 33
f 32 60 62
f 32 62 61
f 34 61 63
f 34 63 64
f 34 64 35
f 35 64 36
f 36 65 66
f 36 66 40
f 36 64 65
f 37 67 69
f 37 69 38
f 37 41 68
f 37 68 67
f 38 69 70
f 38 70 71
f 38 71 39
f 39 72 43
f 39 71 70
f 39 70 73
f 39 73 72
f 40 74 41
f 40 66 74
f 41 74 68
f 42 43 75
f 42 75 76
f 42 76 77
f 42 77 44
f 43 72 78
f 43 78 79
f 43 79 75
f 44 77 49
f 45 80 81
f 45 81 46
f 45 48 80
f 46 82 47
f 46 81 82
f 47 82 83
f 47 83 84
f 47 84 52
f 48 51 80
f 49 77 85
f 49 85 86
f 49 86 50
f 50 87 88
f 50 88 51
f 50 86 89
f 50 89 90
f 50 90 87
f 51 88 80
f 52 84 91
f 52 91 53
f 53 92 93
f 53 93 54
f 53 91 94
f 53 94 95
f 53 95 96
f 53 96 97
f 53 97 98
f 53 98 92
f 54 93 55
f 55 93 56
f 56 93 92
f 56 92 99
f 56 99 100
f 56 100 57
f 57 100 101
f 57 101 102
f 57 102 58
f 58 102 103
f 58 103 59
f 59 103 104
f 59 104 60
f 60 104 62
f 61 62 63
f 62 104 105
f 62 105 106
f 62 106 63
f 63 107 64
f 63 106 108
f 63 108 107
f 64 107 65
f 65 107 109
f 65 109 66
f 66 110 74
f 66 109 111
f 66 111 112
f 66 112 110
f 67 68 113
f 67 113 114
f 67 114 69
f 68 74 115
f 68 115 113
f 69 114 116
f 69 116 117
f 69 117 70
f 70 117 73
f 72 118 119
f 72 119 78
f 72 73 120
f 72 120 118
f 73 117 120
f 74 110 121
f 74 121 122
f 74 122 115
f 75 79 76
f 76 79 123
f 76 123 124
f 76 124 125
f 76 125 126
f 76 126 127
f 76 127 77
f 77 127 85
f 78 123 79
f 78 119 123
f 80 128 129
f 80 129 81
f 80 88 130
f 80 130 128
f 81 129 131
f 81 131 82
f 82 131 132
f 82 132 83
f 83 133 84
f 83 132 133
f 84 133 134
f 84 134 135
f 84 135 91
f 85 127 86
f 86 127 89
f 87 90 88
f 88 90 136
f 88 136 130
f 89 136 90
f 89 127 126
f 89 126 137
f 89 137 138
f 89 138 139
f 89 139 140
f 89 140 141
f 89 141 136
f 91 135 142
f 91 142 94
f 92 143 100
f 92 100 144
f 92 144 99
f 92 98 143
f 94 142 95
f 95 142 145
f 95 145 146
f 95 146 96
f 96 146 97
f 97 146 147
f 97 147 148
f 97 148 98
f 98 148 149
f 98 149 150
f 98 150 151
f 98 151 152
f 98 152 153
f 98 153 154
f 98 154 155
f 98 155 143
f 99 144 100
f 100 143 155
f 100 155 154
f 100 154 156
f 100 156 157
f 100 157 101
f 101 157 158
f 101 158 102
f 102 158 159
f 102 159 103
f 103 159 160
f 103 160 104
f 104 160 105
f 105 160 161
f 105 161 162
f 105 162 163
f 105 163 108
f 105 108 106
f 107 108 164
f 107 164 109
f 108 163 165
f 108 165 164
f 109 164 166
f 109 166 111
f 110 112 167
f 110 167 121
f 111 166 168
f 111 168 169
f 111 169 170
f 111 170 171
f 111 171 172
f 111 172 173
f 111 173 174
f 111 174 112
f 112 174 175
f 112 175 167
f 113 115 176
f 113 176 114
f 114 176 177
f 114 177 178
f 114 178 116
f 115 122 179
f 115 179 176
f 116 178 117
f 117 178 180
f 117 180 120
f 118 120 181
f 118 181 119
f 119 124 123
f 119 181 182
f 119 182 124
f 120 180 183
f 120 183 181
f 121 184 122
f 121 167 185
f 121 185 184
f 122 184 186
f 122 186 179
f 124 182 187
f 124 187 188
f 124 188 125
f 125 188 187
f 125 187 189
f 125 189 138
f 125 138 137
f 125 137 126
f 128 190 191
f 128 191 129
f 128 130 190
f 129 191 192
f 129 192 131
f 130 193 190
f 130 136 194
f 130 194 195
f 130 195 193
f 131 192 196
f 131 196 197
f 131 197 132
f 132 197 198
f 132 198 199
f 132 199 133
f 133 199 200
f 133 200 134
f 134 200 135
f 135 200 201
f 135 201 202
f 135 202 203
f 135 203 142
f 136 204 194
f 136 141 205
f 136 205 204
f 138 206 139
f 138 189 187
f 138 187 207
f 138 207 208
f 138 208 209
f 138 209 210
f 138 210 211
f 138 211 212
f 138 212 213
f 138 213 206
f 139 206 140
f 140 206 141
f 141 214 215
f 141 215 216
f 141 216 217
f 141 217 218
f 141 218 205
f 141 206 214
f 142 203 202
f 142 202 219
f 142 219 145
f 145 219 146
f 146 219 220
f 146 220 147
f 147 220 221
f 147 221 148
f 148 221 149
f 149 221 222
f 149 222 223
f 149 223 224
f 149 224 150
f 150 224 151
f 151 224 225
f 151 225 152
f 152 226 153
f 152 225 226
f 153 227 154
f 153 226 227
f 154 227 156
f 156 227 228
f 156 228 157
f 157 228 158
f 158 228 229
f 158 229 159
f 159 229 230
f 159 230 231
f 159 231 160
f 160 231 232
f 160 232 161
f 161 232 162
f 162 232 233
f 162 233 234
f 162 234 168
f 162 168 163
f 163 168 165
f 164 165 168
f 164 168 166
f 167 175 235
f 167 235 236
f 167 236 237
f 167 237 185
f 168 234 170
f 168 170 169
f 170 238 239
f 170 239 172
f 170 172 171
f 170 234 238
f 172 239 173
f 173 240 241
f 173 241 174
f 173 239 240
f 174 235 175
f 174 241 235
f 176 179 242
f 176 242 177
f 177 243 178
f 177 242 244
f 177 244 245
f 177 245 243
f 178 243 180
f 179 186 246
f 179 246 247
f 179 247 242
f 180 243 248
f 180 248 249
f 180 249 250
f 180 250 251
f 180 251 252
f 180 252 253
f 180 253 254
f 180 254 255
f 180 255 183
f 181 183 182
f 182 183 256
f 182 256 187
f 183 255 254
f 183 254 257
f 183 257 258
f 183 258 207
f 183 207 259
f 183 259 256
f 184 260 186
f 184 185 261
f 184 261 260
f 185 237 261
f 186 260 262
f 186 262 246
f 187 256 259
f 187 259 207
f 190 193 263
f 190 263 191
f 191 263 264
f 191 264 265
f 191 265 266
f 191 266 192
f 192 266 267
f 192 267 196
f 193 195 263
f 194 204 268
f 194 268 269
f 194 269 270
f 194 270 195
f 195 270 271
f 195 271 272
f 195 272 273
f 195 273 263
f 196 267 274
f 196 274 197
f 197 274 198
f 198 274 275
f 198 275 200
f 198 200 199
f 200 275 276
f 200 276 201
f 201 276 202
f 202 276 277
f 202 277 278
f 202 278 279
f 202 279 280
f 202 280 281
f 202 281 219
f 204 205 268
f 205 218 268
f 206 213 215
f 206 215 214
f 207 258 209
f 207 209 208
f 209 258 210
f 210 258 282
f 210 282 283
f 210 283 211
f 211 283 284
f 211 284 285
f 211 285 286
f 211 286 213
f 211 213 212
f 213 286 215
f 215 286 285
f 215 285 287
f 215 287 216
f 216 287 288
f 216 288 289
f 216 289 290
f 216 290 291
f 216 291 292
f 216 292 293
f 216 293 217
f 217 293 218
f 218 294 268
f 218 293 294
f 219 281 220
f 220 281 280
f 220 280 295
f 220 295 296
f 220 296 221
f 221 296 297
f 221 297 298
f 221 298 222
f 222 298 223
f 223 298 299
f 223 299 300
f 223 300 301
f 223 301 302
f 223 302 225
f 223 225 224
f 225 303 304
f 225 304 226
f 225 302 303
f 226 304 305
f 226 305 306
f 226 306 307
f 226 307 227
f 227 308 228
f 227 307 308
f 228 308 229
f 229 308 309
f 229 309 230
f 230 309 310
f 230 310 231
f 231 310 311
f 231 311 232
f 232 311 233
f 233 311 312
f 233 312 234
f 234 312 238
f 235 313 236
f 235 241 314
f 235 314 315
f 235 315 313
f 236 316 237
f 236 313 315
f 236 315 317
f 236 317 318
f 236 318 316
f 237 316 319
f 237 319 320
f 237 320 321
f 237 321 261
f 238 312 322
f 238 322 239
f 239 322 323
f 239 323 240
f 240 314 241
f 240 323 324
f 240 324 314
f 242 247 325
f 242 325 244
f 243 245 326
f 243 326 248
f 244 325 247
f 244 247 246
f 244 246 262
f 244 262 332
f 244 332 411
f 244 411 320
f 244 320 408
f 244 408 482
f 244 482 550
f 244 550 624
f 244 624 701
f 244 701 700
f 244 700 619
f 244 619 686
f 244 686 685
f 244 685 767
f 244 767 683
f 244 683 603
f 244 603 602
f 244 602 601
f 244 601 600
f 244 600 599
f 244 599 598
f 244 598 682
f 244 682 681
f 244 681 699
f 244 699 698
f 244 698 697
f 244 697 779
f 244 779 863
f 244 863 941
f 244 941 940
f 244 940 939
f 244 939 1026
f 244 1026 1025
f 244 1025 1111
f 244 1111 1192
f 244 1192 1268
f 244 1268 1338
f 244 1338 1344
f 244 1344 1395
f 244 1395 1422
f 244 1422 1421
f 244 1421 1433
f 244 1433 1432
f 244 1432 1431
f 244 1431 1430
f 244 1430 1429
f 244 1429 1428
f 244 1428 1427
f 244 1427 1426
f 244 1426 1425
f 244 1425 1424
f 244 1424 1402
f 244 1402 1362
f 244 1362 1304
f 244 1304 1217
f 244 1217 1303
f 244 1303 1359
f 244 1359 1358
f 244 1358 1357
f 244 1357 1355
f 244 1355 1400
f 244 1400 1423
f 244 1423 1398
f 244 1398 1396
f 244 1396 1347
f 244 1347 1346
f 244 1346 1284
f 244 1284 1283
f 244 1283 1282
f 244 1282 1326
f 244 1326 1325
f 244 1325 1324
f 244 1324 1323
f 244 1323 1382
f 244 1382 1412
f 244 1412 1435
f 244 1435 1434
f 244 1434 1407
f 244 1407 1406
f 244 1406 1405
f 244 1405 1418
f 244 1418 1384
f 244 1384 1383
f 244 1383 1327
f 244 1327 1242
f 244 1242 1171
f 244 1171 1170
f 244 1170 1083
f 244 1083 1082
f 244 1082 988
f 244 988 987
f 244 987 984
f 244 984 908
f 244 908 829
f 244 829 828
f 244 828 741
f 244 741 730
f 244 730 648
f 244 648 625
f 244 625 551
f 244 551 485
f 244 485 484
f 244 484 416
f 244 416 415
f 244 415 327
f 244 327 252
f 244 252 251
f 244 251 250
f 244 250 249
f 244 249 326
f 244 326 245
f 248 326 249
f 252 327 328
f 252 328 254
f 252 254 253
f 254 328 329
f 254 329 257
f 257 329 258
f 258 329 330
f 258 330 331
f 258 331 282
f 260 261 262
f 261 321 332
f 261 332 262
f 263 333 264
f 263 273 334
f 263 334 333
f 264 333 335
f 264 335 336
f 264 336 265
f 265 336 337
f 265 337 266
f 266 337 267
f 267 338 339
f 267 339 274
f 267 337 338
f 268 294 269
f 269 294 270
f 270 340 271
f 270 294 340
f 271 341 272
f 271 340 341
f 272 341 342
f 272 342 343
f 272 343 344
f 272 344 273
f 273 345 334
f 273 344 346
f 273 346 347
f 273 347 348
f 273 348 345
f 274 339 349
f 274 349 277
f 274 277 275
f 275 277 276
f 277 350 351
f 277 351 352
f 277 352 279
f 277 279 278
f 277 349 350
f 279 352 353
f 279 353 354
f 279 354 280
f 280 354 300
f 280 300 295
f 282 331 355
f 282 355 356
f 282 356 283
f 283 356 357
f 283 357 358
f 283 358 359
f 283 359 284
f 284 359 360
f 284 360 361
f 284 361 285
f 285 362 363
f 285 363 287
f 285 361 364
f 285 364 365
f 285 365 366
f 285 366 367
f 285 367 368
f 285 368 362
f 287 363 368
f 287 368 369
f 287 369 370
f 287 370 371
f 287 371 372
f 287 372 289
f 287 289 288
f 289 372 290
f 290 372 373
f 290 373 374
f 290 374 375
f 290 375 291
f 291 375 376
f 291 376 292
f 292 376 293
f 293 377 294
f 293 376 378
f 293 378 379
f 293 379 380
f 293 380 377
f 294 377 381
f 294 381 382
f 294 382 383
f 294 383 384
f 294 384 340
f 295 385 297
f 295 297 296
f 295 300 385
f 297 385 300
f 297 300 299
f 297 299 298
f 300 386 387
f 300 387 388
f 300 388 389
f 300 389 301
f 300 354 386
f 301 390 391
f 301 391 392
f 301 392 393
f 301 393 303
f 301 303 302
f 301 389 394
f 301 394 395
f 301 395 390
f 303 393 396
f 303 396 397
f 303 397 304
f 304 397 398
f 304 398 305
f 305 399 400
f 305 400 306
f 305 398 399
f 306 400 309
f 306 309 308
f 306 308 307
f 309 400 401
f 309 401 310
f 310 401 322
f 310 322 311
f 311 322 312
f 314 402 315
f 314 324 403
f 314 403 404
f 314 404 402
f 315 402 404
f 315 404 405
f 315 405 317
f 316 318 406
f 316 406 407
f 316 407 319
f 317 405 406
f 317 406 318
f 319 408 320
f 319 407 409
f 319 409 410
f 319 410 408
f 320 411 321
f 321 411 332
f 322 401 323
f 323 401 412
f 323 412 324
f 324 412 413
f 324 413 414
f 324 414 403
f 327 415 328
f 328 415 416
f 328 416 417
f 328 417 418
f 328 418 330
f 328 330 329
f 330 418 417
f 330 417 419
f 330 419 331
f 331 419 355
f 333 334 420
f 333 420 335
f 334 345 420
f 335 420 336
f 336 420 337
f 337 420 338
f 338 421 339
f 338 420 422
f 338 422 421
f 339 423 350
f 339 350 349
f 339 421 424
f 339 424 423
f 340 342 341
f 340 384 342
f 342 425 343
f 342 384 425
f 343 425 426
f 343 426 346
f 343 346 344
f 345 348 420
f 346 426 427
f 346 427 428
f 346 428 347
f 347 428 420
f 347 420 348
f 350 423 424
f 350 424 429
f 350 429 351
f 351 429 430
f 351 430 353
f 351 353 352
f 353 430 431
f 353 431 432
f 353 432 388
f 353 388 386
f 353 386 433
f 353 433 434
f 353 434 354
f 354 434 386
f 355 435 357
f 355 357 356
f 355 419 435
f 357 435 358
f 358 361 360
f 358 360 359
f 358 435 436
f 358 436 437
f 358 437 438
f 358 438 365
f 358 365 364
f 358 364 361
f 362 368 363
f 365 438 439
f 365 439 366
f 366 439 367
f 367 439 368
f 368 440 369
f 368 439 441
f 368 441 442
f 368 442 440
f 369 443 444
f 369 444 370
f 369 440 445
f 369 445 443
f 370 444 446
f 370 446 371
f 371 446 447
f 371 447 372
f 372 447 448
f 372 448 449
f 372 449 374
f 372 374 373
f 374 449 375
f 375 378 376
f 375 449 450
f 375 450 451
f 375 451 378
f 377 380 452
f 377 452 453
f 377 453 454
f 377 454 455
f 377 455 381
f 378 380 379
f 378 451 456
f 378 456 380
f 380 456 457
f 380 457 453
f 380 453 452
f 381 455 382
f 382 455 458
f 382 458 459
f 382 459 460
f 382 460 461
f 382 461 384
f 382 384 383
f 384 461 426
f 384 426 425
f 386 388 387
f 386 434 433
f 388 432 462
f 388 462 463
f 388 463 464
f 388 464 465
f 388 465 389
f 389 465 394
f 390 395 466
f 390 466 467
f 390 467 391
f 391 468 392
f 391 467 468
f 392 468 396
f 392 396 393
f 394 465 395
f 395 465 469
f 395 469 470
f 395 470 471
f 395 471 472
f 395 472 473
f 395 473 474
f 395 474 466
f 396 468 397
f 397 468 475
f 397 475 476
f 397 476 477
f 397 477 412
f 397 412 398
f 398 412 401
f 398 401 400
f 398 400 399
f 403 414 404
f 404 414 478
f 404 478 405
f 405 478 406
f 406 478 407
f 407 478 479
f 407 479 480
f 407 480 481
f 407 481 409
f 408 410 482
f 409 482 410
f 409 481 482
f 412 477 475
f 412 475 483
f 412 483 414
f 412 414 413
f 414 483 478
f 416 484 419
f 416 419 417
f 419 484 485
f 419 485 486
f 419 486 487
f 419 487 488
f 419 488 435
f 420 428 422
f 421 489 490
f 421 490 424
f 421 422 491
f 421 491 492
f 421 492 489
f 422 428 491
f 424 490 493
f 424 493 494
f 424 494 429
f 426 461 427
f 427 461 428
f 428 461 495
f 428 495 491
f 429 494 430
f 430 494 431
f 431 494 496
f 431 496 497
f 431 497 498
f 431 498 432
f 432 498 499
f 432 499 462
f 435 488 436
f 436 488 437
f 437 442 500
f 437 500 439
f 437 439 438
f 437 488 486
f 437 486 501
f 437 501 442
f 439 500 442
f 439 442 441
f 440 442 445
f 442 501 502
f 442 502 445
f 443 503 504
f 443 504 446
f 443 446 444
f 443 445 505
f 443 505 503
f 445 502 506
f 445 506 505
f 446 448 447
f 446 504 507
f 446 507 448
f 448 507 508
f 448 508 509
f 448 509 449
f 449 509 510
f 449 510 450
f 450 510 511
f 450 511 512
f 450 512 513
f 450 513 514
f 450 514 515
f 450 515 451
f 451 515 516
f 451 516 517
f 451 517 518
f 451 518 519
f 451 519 457
f 451 457 456
f 453 520 458
f 453 458 455
f 453 455 454
f 453 457 519
f 453 519 520
f 458 521 459
f 458 520 522
f 458 522 523
f 458 523 521
f 459 521 524
f 459 524 525
f 459 525 526
f 459 526 527
f 459 527 495
f 459 495 460
f 460 495 461
f 462 499 464
f 462 464 463
f 464 499 528
f 464 528 470
f 464 470 469
f 464 469 465
f 466 529 467
f 466 474 529
f 467 529 530
f 467 530 475
f 467 475 468
f 470 528 531
f 470 531 472
f 470 472 471
f 472 532 473
f 472 531 533
f 472 533 534
f 472 534 535
f 472 535 536
f 472 536 537
f 472 537 538
f 472 538 532
f 473 539 540
f 473 540 474
f 473 532 541
f 473 541 539
f 474 540 529
f 475 530 542
f 475 542 543
f 475 543 544
f 475 544 545
f 475 545 546
f 475 546 547
f 475 547 483
f 475 477 476
f 478 483 547
f 478 547 479
f 479 547 548
f 479 548 480
f 480 548 481
f 481 548 549
f 481 549 550
f 481 550 482
f 485 551 501
f 485 501 486
f 486 488 487
f 489 552 490
f 489 492 553
f 489 553 554
f 489 554 552
f 490 552 555
f 490 555 556
f 490 556 557
f 490 557 493
f 491 495 527
f 491 527 526
f 491 526 558
f 491 558 492
f 492 558 525
f 492 525 524
f 492 524 559
f 492 559 560
f 492 560 553
f 493 561 562
f 493 562 494
f 493 557 561
f 494 562 563
f 494 563 564
f 494 564 497
f 494 497 496
f 497 564 498
f 498 564 563
f 498 563 562
f 498 562 565
f 498 565 566
f 498 566 567
f 498 567 568
f 498 568 528
f 498 528 499
f 501 569 570
f 501 570 506
f 501 506 502
f 501 551 569
f 503 571 572
f 503 572 504
f 503 505 573
f 503 573 571
f 504 572 507
f 505 506 573
f 506 574 573
f 506 570 575
f 506 575 574
f 507 572 576
f 507 576 508
f 508 576 577
f 508 577 578
f 508 578 509
f 509 578 510
f 510 578 579
f 510 579 511
f 511 579 580
f 511 580 512
f 512 580 513
f 513 580 581
f 513 581 582
f 513 582 514
f 514 582 583
f 514 583 584
f 514 584 585
f 514 585 515
f 515 585 516
f 516 585 586
f 516 586 517
f 517 587 518
f 517 586 587
f 518 587 588
f 518 588 589
f 518 589 590
f 518 590 519
f 519 590 522
f 519 522 520
f 521 591 524
f 521 523 592
f 521 592 591
f 522 590 523
f 523 590 593
f 523 593 592
f 524 591 594
f 524 594 559
f 525 558 526
f 528 568 595
f 528 595 533
f 528 533 531
f 529 596 530
f 529 540 596
f 530 596 540
f 530 540 539
f 530 539 597
f 530 597 598
f 530 598 599
f 530 599 600
f 530 600 601
f 530 601 602
f 530 602 603
f 530 603 604
f 530 604 605
f 530 605 606
f 530 606 607
f 530 607 542
f 532 538 541
f 533 595 534
f 534 595 608
f 534 608 609
f 534 609 610
f 534 610 611
f 534 611 535
f 535 611 612
f 535 612 613
f 535 613 536
f 536 613 614
f 536 614 615
f 536 615 537
f 537 615 616
f 537 616 538
f 538 616 615
f 538 615 541
f 539 541 597
f 541 615 617
f 541 617 597
f 542 607 543
f 543 607 618
f 543 618 544
f 544 619 620
f 544 620 621
f 544 621 622
f 544 622 545
f 544 618 607
f 544 607 619
f 545 622 546
f 546 622 547
f 547 622 621
f 547 621 548
f 548 621 623
f 548 623 549
f 549 623 624
f 549 624 550
f 551 625 569
f 552 554 555
f 553 560 554
f 554 560 626
f 554 626 627
f 554 627 628
f 554 628 555
f 555 628 629
f 555 629 556
f 556 629 630
f 556 630 631
f 556 631 561
f 556 561 557
f 559 632 633
f 559 633 560
f 559 594 634
f 559 634 635
f 559 635 636
f 559 636 637
f 559 637 632
f 560 633 638
f 560 638 639
f 560 639 626
f 561 631 640
f 561 640 641
f 561 641 562
f 562 641 642
f 562 642 565
f 565 642 566
f 566 642 643
f 566 643 644
f 566 644 645
f 566 645 646
f 566 646 567
f 567 646 568
f 568 646 595
f 569 647 575
f 569 575 570
f 569 625 648
f 569 648 647
f 571 573 649
f 571 649 650
f 571 650 651
f 571 651 652
f 571 652 572
f 572 652 653
f 572 653 576
f 573 574 649
f 574 575 647
f 574 647 654
f 574 654 655
f 574 655 649
f 576 653 656
f 576 656 657
f 576 657 577
f 577 657 579
f 577 579 578
f 579 657 658
f 579 658 580
f 580 658 659
f 580 659 581
f 581 659 660
f 581 660 661
f 581 661 582
f 582 661 662
f 582 662 583
f 583 662 584
f 584 662 663
f 584 663 664
f 584 664 665
f 584 665 666
f 584 666 585
f 585 666 586
f 586 665 667
f 586 667 668
f 586 668 587
f 586 666 665
f 587 668 588
f 588 669 589
f 588 668 670
f 588 670 669
f 589 671 590
f 589 669 671
f 590 671 593
f 591 592 672
f 591 672 673
f 591 673 674
f 591 674 636
f 591 636 675
f 591 675 594
f 592 593 676
f 592 676 672
f 593 677 676
f 593 671 678
f 593 678 679
f 593 679 677
f 594 675 634
f 595 646 680
f 595 680 608
f 597 617 681
f 597 681 682
f 597 682 598
f 603 683 604
f 604 683 684
f 604 684 606
f 604 606 605
f 606 684 607
f 607 684 685
f 607 685 686
f 607 686 619
f 608 680 609
f 609 680 687
f 609 687 688
f 609 688 611
f 609 611 610
f 611 688 689
f 611 689 612
f 612 690 691
f 612 691 613
f 612 689 690
f 613 692 614
f 613 691 692
f 614 692 693
f 614 693 694
f 614 694 615
f 615 694 617
f 617 694 695
f 617 695 696
f 617 696 697
f 617 697 698
f 617 698 699
f 617 699 681
f 619 700 620
f 620 700 701
f 620 701 624
f 620 624 621
f 621 624 623
f 626 702 703
f 626 703 704
f 626 704 627
f 626 639 702
f 627 704 628
f 628 704 705
f 628 705 629
f 629 705 630
f 630 706 707
f 630 707 708
f 630 708 631
f 630 705 706
f 631 709 640
f 631 708 709
f 632 710 711
f 632 711 633
f 632 637 712
f 632 712 710
f 633 711 638
f 634 675 636
f 634 636 635
f 636 674 637
f 637 674 712
f 638 713 714
f 638 714 639
f 638 711 715
f 638 715 716
f 638 716 713
f 639 714 702
f 640 717 718
f 640 718 641
f 640 709 717
f 641 718 642
f 642 718 719
f 642 719 643
f 643 719 720
f 643 720 721
f 643 721 644
f 644 721 722
f 644 722 723
f 644 723 645
f 645 723 724
f 645 724 646
f 646 724 725
f 646 725 726
f 646 726 727
f 646 727 728
f 646 728 680
f 647 729 654
f 647 648 730
f 647 730 729
f 649 731 650
f 649 655 731
f 650 732 651
f 650 731 732
f 651 732 733
f 651 733 734
f 651 734 735
f 651 735 652
f 652 735 734
f 652 734 653
f 653 734 736
f 653 736 737
f 653 737 656
f 654 738 739
f 654 739 740
f 654 740 655
f 654 729 730
f 654 730 741
f 654 741 738
f 655 740 731
f 656 737 657
f 657 737 742
f 657 742 658
f 658 742 743
f 658 743 659
f 659 743 744
f 659 744 745
f 659 745 660
f 660 745 746
f 660 746 661
f 661 746 747
f 661 747 662
f 662 747 663
f 663 747 748
f 663 748 749
f 663 749 750
f 663 750 664
f 664 750 751
f 664 751 665
f 665 751 667
f 667 752 668
f 667 751 753
f 667 753 752
f 668 752 754
f 668 754 670
f 669 755 671
f 669 670 756
f 669 756 757
f 669 757 755
f 670 754 756
f 671 755 678
f 672 758 673
f 672 676 758
f 673 758 674
f 674 758 712
f 676 677 712
f 676 712 758
f 677 679 759
f 677 759 760
f 677 760 761
f 677 761 762
f 677 762 763
f 677 763 712
f 678 755 679
f 679 755 764
f 679 764 765
f 679 765 759
f 680 728 766
f 680 766 687
f 683 767 684
f 684 767 685
f 687 768 769
f 687 769 688
f 687 766 770
f 687 770 768
f 688 769 771
f 688 771 772
f 688 772 689
f 689 772 771
f 689 771 690
f 690 773 691
f 690 771 773
f 691 773 774
f 691 774 775
f 691 775 692
f 692 775 776
f 692 776 693
f 693 776 777
f 693 777 695
f 693 695 694
f 695 777 778
f 695 778 696
f 696 778 697
f 697 778 779
f 702 780 781
f 702 781 782
f 702 782 703
f 702 714 783
f 702 783 780
f 703 782 784
f 703 784 785
f 703 785 786
f 703 786 787
f 703 787 704
f 704 788 789
f 704 789 707
f 704 707 706
f 704 706 705
f 704 787 786
f 704 786 788
f 707 790 791
f 707 791 709
f 707 709 708
f 707 789 792
f 707 792 793
f 707 793 790
f 709 791 794
f 709 794 795
f 709 795 717
f 710 796 797
f 710 797 798
f 710 798 715
f 710 715 711
f 710 712 796
f 712 763 762
f 712 762 799
f 712 799 797
f 712 797 796
f 713 716 714
f 714 800 801
f 714 801 802
f 714 802 783
f 714 716 803
f 714 803 800
f 715 798 716
f 716 804 803
f 716 798 805
f 716 805 804
f 717 719 718
f 717 795 806
f 717 806 719
f 719 806 807
f 719 807 720
f 720 807 808
f 720 808 722
f 720 722 721
f 722 809 810
f 722 810 723
f 722 808 809
f 723 810 725
f 723 725 724
f 725 810 811
f 725 811 770
f 725 770 726
f 726 770 766
f 726 766 727
f 727 766 728
f 731 740 732
f 732 740 812
f 732 812 813
f 732 813 814
f 732 814 733
f 733 815 816
f 733 816 817
f 733 817 818
f 733 818 819
f 733 819 734
f 733 814 820
f 733 820 821
f 733 821 822
f 733 822 823
f 733 823 824
f 733 824 825
f 733 825 815
f 734 819 736
f 736 742 737
f 736 819 818
f 736 818 826
f 736 826 742
f 738 827 739
f 738 741 828
f 738 828 829
f 738 829 827
f 739 830 740
f 739 827 830
f 740 830 812
f 742 826 743
f 743 826 831
f 743 831 744
f 744 831 832
f 744 832 833
f 744 833 834
f 744 834 745
f 745 834 746
f 746 748 747
f 746 834 835
f 746 835 749
f 746 749 748
f 749 835 836
f 749 836 751
f 749 751 750
f 751 836 753
f 752 753 838
f 752 838 754
f 753 836 837
f 753 837 838
f 754 838 918
f 754 918 839
f 754 839 757
f 754 757 756
f 755 757 840
f 755 840 764
f 757 839 840
f 759 841 760
f 759 765 841
f 760 841 761
f 761 841 842
f 761 842 843
f 761 843 844
f 761 844 762
f 762 844 845
f 762 845 846
f 762 846 847
f 762 847 799
f 764 840 765
f 765 848 849
f 765 849 850
f 765 850 841
f 765 840 851
f 765 851 848
f 768 770 811
f 768 811 852
f 768 852 853
f 768 853 769
f 769 853 854
f 769 854 771
f 771 854 773
f 773 855 774
f 773 854 853
f 773 853 856
f 773 856 855
f 774 857 775
f 774 855 858
f 774 858 859
f 774 859 857
f 775 857 860
f 775 860 861
f 775 861 776
f 776 862 777
f 776 861 862
f 777 862 779
f 777 779 778
f 779 862 863
f 780 783 864
f 780 864 865
f 780 865 866
f 780 866 867
f 780 867 868
f 780 868 781
f 781 868 869
f 781 869 870
f 781 870 871
f 781 871 782
f 782 871 872
f 782 872 784
f 783 802 864
f 784 872 871
f 784 871 870
f 784 870 873
f 784 873 874
f 784 874 875
f 784 875 876
f 784 876 877
f 784 877 878
f 784 878 879
f 784 879 880
f 784 880 881
f 784 881 882
f 784 882 793
f 784 793 883
f 784 883 785
f 785 883 786
f 786 883 788
f 788 883 793
f 788 793 792
f 788 792 789
f 790 793 794
f 790 794 791
f 793 882 794
f 794 884 885
f 794 885 886
f 794 886 795
f 794 882 887
f 794 887 884
f 795 886 888
f 795 888 889
f 795 889 890
f 795 890 806
f 797 799 798
f 798 799 805
f 799 847 805
f 800 891 801
f 800 803 891
f 801 891 802
f 802 891 864
f 803 804 892
f 803 892 893
f 803 893 894
f 803 894 895
f 803 895 891
f 804 805 896
f 804 896 897
f 804 897 898
f 804 898 892
f 805 847 846
f 805 846 896
f 806 890 807
f 807 890 899
f 807 899 808
f 808 899 809
f 809 899 900
f 809 900 901
f 809 901 810
f 810 901 811
f 811 901 852
f 812 830 813
f 813 821 820
f 813 820 814
f 813 830 902
f 813 902 903
f 813 903 821
f 815 825 816
f 816 904 983
f 816 983 905
f 816 905 832
f 816 832 817
f 816 825 906
f 816 906 904
f 817 832 818
f 818 832 831
f 818 831 826
f 821 823 822
f 821 903 907
f 821 907 908
f 821 908 823
f 823 909 910
f 823 910 825
f 823 825 824
f 823 908 911
f 823 911 909
f 825 910 912
f 825 912 906
f 827 902 830
f 827 829 908
f 827 908 902
f 832 905 913
f 832 913 833
f 833 913 834
f 834 913 835
f 835 913 914
f 835 914 837
f 835 837 836
f 837 914 915
f 837 915 916
f 837 916 917
f 837 917 838
f 838 917 916
f 838 916 919
f 838 919 918
f 839 918 920
f 839 920 840
f 840 920 851
f 841 850 842
f 842 850 849
f 842 849 843
f 843 849 921
f 843 921 922
f 843 922 923
f 843 923 844
f 844 923 924
f 844 924 845
f 845 924 925
f 845 925 846
f 846 925 926
f 846 926 896
f 848 851 927
f 848 927 928
f 848 928 929
f 848 929 921
f 848 921 849
f 851 920 930
f 851 930 927
f 852 901 931
f 852 931 856
f 852 856 853
f 855 856 931
f 855 931 901
f 855 901 858
f 857 859 932
f 857 932 860
f 858 933 934
f 858 934 859
f 858 901 900
f 858 900 933
f 859 934 935
f 859 935 932
f 860 932 936
f 860 936 937
f 860 937 938
f 860 938 861
f 861 938 862
f 862 938 939
f 862 939 940
f 862 940 941
f 862 941 863
f 864 891 942
f 864 942 865
f 865 942 943
f 865 943 944
f 865 944 945
f 865 945 866
f 866 945 944
f 866 944 946
f 866 946 867
f 867 946 868
f 868 946 947
f 868 947 869
f 869 947 948
f 869 948 949
f 869 949 874
f 869 874 870
f 870 874 873
f 874 949 875
f 875 949 950
f 875 950 951
f 875 951 876
f 876 951 952
f 876 952 953
f 876 953 954
f 876 954 879
f 876 879 877
f 877 879 878
f 879 955 956
f 879 956 880
f 879 954 957
f 879 957 958
f 879 958 955
f 880 956 959
f 880 959 960
f 880 960 961
f 880 961 884
f 880 884 881
f 881 887 882
f 881 884 887
f 884 962 963
f 884 963 964
f 884 964 965
f 884 965 888
f 884 888 885
f 884 961 962
f 885 888 886
f 888 965 890
f 888 890 889
f 890 965 963
f 890 963 966
f 890 966 967
f 890 967 899
f 891 895 942
f 892 968 893
f 892 898 968
f 893 968 969
f 893 969 970
f 893 970 894
f 894 970 971
f 894 971 895
f 895 971 942
f 896 926 897
f 897 926 972
f 897 972 973
f 897 973 898
f 898 973 974
f 898 974 975
f 898 975 976
f 898 976 977
f 898 977 968
f 899 978 900
f 899 967 978
f 900 978 979
f 900 979 980
f 900 980 933
f 902 908 903
f 903 908 907
f 904 981 982
f 904 982 983
f 904 906 981
f 905 983 993
f 905 993 913
f 906 912 981
f 908 984 911
f 909 985 986
f 909 986 910
f 909 911 987
f 909 987 988
f 909 988 989
f 909 989 985
f 910 986 990
f 910 990 912
f 911 984 987
f 912 990 991
f 912 991 992
f 912 992 981
f 913 993 914
f 914 993 915
f 915 982 919
f 915 919 916
f 915 993 983
f 915 983 982
f 918 994 920
f 918 919 995
f 918 995 994
f 919 982 995
f 920 994 930
f 921 996 997
f 921 997 998
f 921 998 922
f 921 929 999
f 921 999 996
f 922 1000 923
f 922 998 1001
f 922 1001 1002
f 922 1002 1003
f 922 1003 1004
f 922 1004 1005
f 922 1005 1006
f 922 1006 1007
f 922 1007 1000
f 923 1000 1007
f 923 1007 924
f 924 1007 925
f 925 1007 1008
f 925 1008 1009
f 925 1009 972
f 925 972 926
f 927 930 928
f 928 930 1010
f 928 1010 1011
f 928 1011 1012
f 928 1012 929
f 929 1012 1013
f 929 1013 1014
f 929 1014 1015
f 929 1015 1016
f 929 1016 999
f 930 994 1010
f 932 935 1017
f 932 1017 1018
f 932 1018 1019
f 932 1019 936
f 933 980 934
f 934 1020 1021
f 934 1021 935
f 934 980 1020
f 935 1022 1017
f 935 1021 1023
f 935 1023 1022
f 936 1019 1024
f 936 1024 1025
f 936 1025 937
f 937 1025 1026
f 937 1026 939
f 937 939 938
f 942 971 1027
f 942 1027 1028
f 942 1028 943
f 943 1029 1030
f 943 1030 944
f 943 1028 1029
f 944 1030 1031
f 944 1031 946
f 946 1031 1032
f 946 1032 947
f 947 1032 1033
f 947 1033 1034
f 947 1034 948
f 948 1035 949
f 948 1034 1036
f 948 1036 1035
f 949 1035 1036
f 949 1036 950
f 950 1036 951
f 951 1036 952
f 952 1036 1037
f 952 1037 1038
f 952 1038 954
f 952 954 953
f 954 1038 1039
f 954 1039 957
f 955 958 1040
f 955 1040 956
f 956 1041 1042
f 956 1042 1043
f 956 1043 1044
f 956 1044 1045
f 956 1045 959
f 956 1040 1046
f 956 1046 1047
f 956 1047 1041
f 957 1039 1048
f 957 1048 958
f 958 1048 1040
f 959 1045 1049
f 959 1049 1050
f 959 1050 960
f 960 1050 1051
f 960 1051 1052
f 960 1052 961
f 961 1052 1053
f 961 1053 962
f 962 1053 963
f 963 1054 1055
f 963 1055 1056
f 963 1056 1057
f 963 1057 1058
f 963 1058 1059
f 963 1059 978
f 963 978 966
f 963 965 964
f 963 1053 1060
f 963 1060 1061
f 963 1061 1062
f 963 1062 1054
f 966 978 967
f 968 977 1063
f 968 1063 1064
f 968 1064 1065
f 968 1065 1066
f 968 1066 1067
f 968 1067 969
f 969 1067 970
f 970 1067 1027
f 970 1027 971
f 972 1009 1068
f 972 1068 1069
f 972 1069 973
f 973 1069 1070
f 973 1070 974
f 974 1071 975
f 974 1070 1069
f 974 1069 1154
f 974 1154 1071
f 975 1071 1072
f 975 1072 976
f 976 1072 1073
f 976 1073 1074
f 976 1074 977
f 977 1074 1063
f 978 1075 1076
f 978 1076 979
f 978 1059 1075
f 979 1076 980
f 980 1076 1077
f 980 1077 1078
f 980 1078 1020
f 981 992 982
f 982 992 991
f 982 991 995
f 985 1079 1080
f 985 1080 1081
f 985 1081 986
f 985 989 1079
f 986 1081 990
f 988 1082 989
f 989 1082 1083
f 989 1083 1170
f 989 1170 1084
f 989 1084 1085
f 989 1085 1079
f 990 1081 991
f 991 1086 995
f 991 1081 1086
f 994 995 1011
f 994 1011 1010
f 995 1086 1011
f 996 1087 997
f 996 999 1088
f 996 1088 1087
f 997 1087 1089
f 997 1089 998
f 998 1089 1090
f 998 1090 1001
f 999 1016 1088
f 1001 1090 1091
f 1001 1091 1003
f 1001 1003 1002
f 1003 1092 1093
f 1003 1093 1094
f 1003 1094 1095
f 1003 1095 1005
f 1003 1005 1004
f 1003 1091 1096
f 1003 1096 1092
f 1005 1095 1097
f 1005 1097 1007
f 1005 1007 1006
f 1007 1098 1008
f 1007 1097 1095
f 1007 1095 1098
f 1008 1098 1099
f 1008 1099 1100
f 1008 1100 1009
f 1009 1101 1153
f 1009 1153 1068
f 1009 1100 1102
f 1009 1102 1101
f 1011 1086 1103
f 1011 1103 1012
f 1012 1103 1104
f 1012 1104 1013
f 1013 1104 1105
f 1013 1105 1106
f 1013 1106 1014
f 1014 1106 1107
f 1014 1107 1088
f 1014 1088 1015
f 1015 1088 1016
f 1017 1022 1108
f 1017 1108 1018
f 1018 1109 1019
f 1018 1108 1110
f 1018 1110 1111
f 1018 1111 1109
f 1019 1109 1025
f 1019 1025 1024
f 1020 1078 1112
f 1020 1112 1021
f 1021 1112 1113
f 1021 1113 1023
f 1022 1023 1108
f 1023 1113 1114
f 1023 1114 1115
f 1023 1115 1108
f 1025 1109 1111
f 1027 1067 1116
f 1027 1116 1117
f 1027 1117 1028
f 1028 1117 1029
f 1029 1118 1030
f 1029 1117 1118
f 1030 1118 1119
f 1030 1119 1120
f 1030 1120 1031
f 1031 1120 1121
f 1031 1121 1032
f 1032 1121 1122
f 1032 1122 1033
f 1033 1122 1123
f 1033 1123 1124
f 1033 1124 1034
f 1034 1125 1036
f 1034 1124 1126
f 1034 1126 1127
f 1034 1127 1128
f 1034 1128 1125
f 1036 1125 1037
f 1037 1128 1129
f 1037 1129 1038
f 1037 1125 1128
f 1038 1129 1039
f 1039 1129 1048
f 1040 1130 1047
f 1040 1047 1046
f 1040 1048 1131
f 1040 1131 1130
f 1041 1047 1132
f 1041 1132 1133
f 1041 1133 1042
f 1042 1133 1043
f 1043 1133 1044
f 1044 1133 1134
f 1044 1134 1045
f 1045 1134 1135
f 1045 1135 1049
f 1047 1130 1136
f 1047 1136 1132
f 1048 1129 1131
f 1049 1135 1050
f 1050 1135 1137
f 1050 1137 1138
f 1050 1138 1139
f 1050 1139 1140
f 1050 1140 1051
f 1051 1141 1062
f 1051 1062 1061
f 1051 1061 1052
f 1051 1140 1142
f 1051 1142 1141
f 1052 1061 1143
f 1052 1143 1060
f 1052 1060 1053
f 1054 1062 1055
f 1055 1062 1144
f 1055 1144 1056
f 1056 1144 1145
f 1056 1145 1146
f 1056 1146 1057
f 1057 1146 1147
f 1057 1147 1148
f 1057 1148 1058
f 1058 1148 1077
f 1058 1077 1059
f 1059 1077 1075
f 1060 1143 1061
f 1062 1141 1144
f 1063 1074 1149
f 1063 1149 1064
f 1064 1150 1151
f 1064 1151 1065
f 1064 1149 1150
f 1065 1151 1152
f 1065 1152 1066
f 1066 1152 1116
f 1066 1116 1067
f 1068 1153 1069
f 1069 1153 1154
f 1071 1154 1155
f 1071 1155 1156
f 1071 1156 1157
f 1071 1157 1158
f 1071 1158 1159
f 1071 1159 1160
f 1071 1160 1161
f 1071 1161 1072
f 1072 1161 1073
f 1073 1161 1238
f 1073 1238 1162
f 1073 1162 1163
f 1073 1163 1164
f 1073 1164 1074
f 1074 1164 1165
f 1074 1165 1149
f 1075 1077 1076
f 1077 1148 1078
f 1078 1148 1166
f 1078 1166 1167
f 1078 1167 1112
f 1079 1085 1080
f 1080 1085 1081
f 1081 1085 1168
f 1081 1168 1169
f 1081 1169 1086
f 1084 1170 1171
f 1084 1171 1172
f 1084 1172 1173
f 1084 1173 1085
f 1085 1173 1172
f 1085 1172 1174
f 1085 1174 1105
f 1085 1105 1104
f 1085 1104 1169
f 1085 1169 1168
f 1086 1169 1103
f 1087 1175 1176
f 1087 1176 1089
f 1087 1088 1175
f 1088 1107 1175
f 1089 1176 1090
f 1090 1177 1178
f 1090 1178 1091
f 1090 1176 1177
f 1091 1178 1179
f 1091 1179 1180
f 1091 1180 1092
f 1091 1092 1096
f 1092 1180 1181
f 1092 1181 1094
f 1092 1094 1093
f 1094 1181 1099
f 1094 1099 1095
f 1095 1099 1098
f 1099 1181 1100
f 1100 1181 1182
f 1100 1182 1183
f 1100 1183 1184
f 1100 1184 1102
f 1101 1102 1184
f 1101 1184 1185
f 1101 1185 1186
f 1101 1186 1153
f 1103 1169 1104
f 1105 1187 1188
f 1105 1188 1106
f 1105 1174 1189
f 1105 1189 1187
f 1106 1188 1107
f 1107 1188 1175
f 1108 1115 1190
f 1108 1190 1191
f 1108 1191 1110
f 1110 1191 1111
f 1111 1191 1192
f 1112 1167 1193
f 1112 1193 1113
f 1113 1193 1194
f 1113 1194 1114
f 1114 1194 1115
f 1115 1194 1195
f 1115 1195 1190
f 1116 1196 1197
f 1116 1197 1118
f 1116 1118 1117
f 1116 1152 1198
f 1116 1198 1199
f 1116 1199 1196
f 1118 1197 1200
f 1118 1200 1119
f 1119 1200 1120
f 1120 1200 1121
f 1121 1200 1201
f 1121 1201 1202
f 1121 1202 1203
f 1121 1203 1122
f 1122 1203 1123
f 1123 1204 1124
f 1123 1203 1204
f 1124 1204 1126
f 1126 1204 1205
f 1126 1205 1127
f 1127 1205 1206
f 1127 1206 1128
f 1128 1207 1208
f 1128 1208 1129
f 1128 1206 1207
f 1129 1208 1209
f 1129 1209 1131
f 1130 1131 1136
f 1131 1209 1136
f 1132 1210 1211
f 1132 1211 1212
f 1132 1212 1213
f 1132 1213 1214
f 1132 1214 1133
f 1132 1136 1210
f 1133 1214 1134
f 1134 1214 1135
f 1135 1214 1215
f 1135 1215 1137
f 1136 1209 1216
f 1136 1216 1217
f 1136 1217 1218
f 1136 1218 1219
f 1136 1219 1220
f 1136 1220 1210
f 1137 1215 1138
f 1138 1215 1139
f 1139 1215 1140
f 1140 1215 1142
f 1141 1142 1221
f 1141 1221 1222
f 1141 1222 1223
f 1141 1223 1224
f 1141 1224 1225
f 1141 1225 1146
f 1141 1146 1145
f 1141 1145 1144
f 1142 1215 1226
f 1142 1226 1221
f 1146 1225 1147
f 1147 1166 1148
f 1147 1225 1227
f 1147 1227 1228
f 1147 1228 1166
f 1149 1165 1229
f 1149 1229 1230
f 1149 1230 1150
f 1150 1230 1231
f 1150 1231 1151
f 1151 1231 1152
f 1152 1231 1198
f 1153 1186 1232
f 1153 1232 1155
f 1153 1155 1154
f 1155 1233 1156
f 1155 1232 1233
f 1156 1233 1157
f 1157 1234 1235
f 1157 1235 1158
f 1157 1233 1236
f 1157 1236 1234
f 1158 1235 1159
f 1159 1235 1237
f 1159 1237 1238
f 1159 1238 1161
f 1159 1161 1160
f 1162 1238 1239
f 1162 1239 1163
f 1163 1239 1240
f 1163 1240 1164
f 1164 1240 1241
f 1164 1241 1165
f 1165 1241 1229
f 1166 1193 1167
f 1166 1228 1193
f 1171 1242 1172
f 1172 1243 1244
f 1172 1244 1245
f 1172 1245 1246
f 1172 1246 1247
f 1172 1247 1189
f 1172 1189 1174
f 1172 1242 1243
f 1175 1188 1248
f 1175 1248 1249
f 1175 1249 1176
f 1176 1249 1177
f 1177 1249 1250
f 1177 1250 1251
f 1177 1251 1178
f 1178 1251 1252
f 1178 1252 1179
f 1179 1252 1253
f 1179 1253 1254
f 1179 1254 1180
f 1180 1254 1255
f 1180 1255 1256
f 1180 1256 1257
f 1180 1257 1258
f 1180 1258 1181
f 1181 1258 1182
f 1182 1258 1257
f 1182 1257 1183
f 1183 1259 1184
f 1183 1257 1259
f 1184 1259 1260
f 1184 1260 1185
f 1185 1260 1261
f 1185 1261 1262
f 1185 1262 1186
f 1186 1262 1233
f 1186 1233 1232
f 1187 1189 1263
f 1187 1263 1248
f 1187 1248 1188
f 1189 1264 1263
f 1189 1247 1246
f 1189 1246 1265
f 1189 1265 1264
f 1190 1195 1266
f 1190 1266 1191
f 1191 1266 1267
f 1191 1267 1192
f 1192 1267 1268
f 1193 1228 1269
f 1193 1269 1270
f 1193 1270 1271
f 1193 1271 1194
f 1194 1271 1269
f 1194 1269 1195
f 1195 1269 1272
f 1195 1272 1273
f 1195 1273 1274
f 1195 1274 1266
f 1196 1199 1275
f 1196 1275 1276
f 1196 1276 1197
f 1197 1276 1277
f 1197 1277 1200
f 1198 1231 1230
f 1198 1230 1278
f 1198 1278 1199
f 1199 1278 1279
f 1199 1279 1280
f 1199 1280 1281
f 1199 1281 1282
f 1199 1282 1283
f 1199 1283 1284
f 1199 1284 1285
f 1199 1285 1286
f 1199 1286 1287
f 1199 1287 1275
f 1200 1277 1202
f 1200 1202 1201
f 1202 1277 1288
f 1202 1288 1203
f 1203 1288 1289
f 1203 1289 1204
f 1204 1289 1290
f 1204 1290 1205
f 1205 1291 1292
f 1205 1292 1207
f 1205 1207 1206
f 1205 1290 1293
f 1205 1293 1294
f 1205 1294 1291
f 1207 1292 1208
f 1208 1292 1295
f 1208 1295 1296
f 1208 1296 1209
f 1209 1296 1216
f 1210 1220 1297
f 1210 1297 1211
f 1211 1297 1298
f 1211 1298 1299
f 1211 1299 1300
f 1211 1300 1301
f 1211 1301 1212
f 1212 1301 1213
f 1213 1301 1214
f 1214 1301 1215
f 1215 1301 1300
f 1215 1300 1226
f 1216 1296 1217
f 1217 1296 1302
f 1217 1302 1303
f 1217 1304 1305
f 1217 1305 1219
f 1217 1219 1218
f 1219 1297 1220
f 1219 1305 1297
f 1221 1226 1222
f 1222 1226 1306
f 1222 1306 1223
f 1223 1306 1307
f 1223 1307 1308
f 1223 1308 1224
f 1224 1308 1309
f 1224 1309 1227
f 1224 1227 1225
f 1226 1300 1299
f 1226 1299 1310
f 1226 1310 1306
f 1227 1311 1312
f 1227 1312 1228
f 1227 1309 1308
f 1227 1308 1311
f 1228 1312 1269
f 1229 1241 1230
f 1230 1241 1278
f 1233 1262 1313
f 1233 1313 1236
f 1234 1236 1235
f 1235 1236 1314
f 1235 1314 1237
f 1236 1313 1262
f 1236 1262 1315
f 1236 1315 1316
f 1236 1316 1317
f 1236 1317 1314
f 1237 1314 1318
f 1237 1318 1238
f 1238 1319 1239
f 1238 1318 1320
f 1238 1320 1319
f 1239 1319 1321
f 1239 1321 1322
f 1239 1322 1323
f 1239 1323 1324
f 1239 1324 1325
f 1239 1325 1326
f 1239 1326 1281
f 1239 1281 1240
f 1240 1281 1241
f 1241 1279 1278
f 1241 1281 1280
f 1241 1280 1279
f 1242 1327 1328
f 1242 1328 1243
f 1243 1329 1245
f 1243 1245 1244
f 1243 1328 1329
f 1245 1329 1330
f 1245 1330 1246
f 1246 1330 1265
f 1248 1263 1264
f 1248 1264 1249
f 1249 1264 1250
f 1250 1264 1265
f 1250 1265 1251
f 1251 1265 1252
f 1252 1265 1253
f 1253 1265 1331
f 1253 1331 1332
f 1253 1332 1254
f 1254 1332 1255
f 1255 1332 1256
f 1256 1333 1257
f 1256 1332 1333
f 1257 1333 1259
f 1259 1333 1260
f 1260 1333 1334
f 1260 1334 1261
f 1261 1334 1315
f 1261 1315 1262
f 1265 1330 1335
f 1265 1335 1336
f 1265 1336 1337
f 1265 1337 1331
f 1266 1274 1267
f 1267 1274 1268
f 1268 1274 1338
f 1269 1312 1339
f 1269 1339 1272
f 1269 1271 1270
f 1272 1339 1340
f 1272 1340 1341
f 1272 1341 1273
f 1273 1341 1342
f 1273 1342 1274
f 1274 1342 1343
f 1274 1343 1344
f 1274 1344 1338
f 1275 1345 1277
f 1275 1277 1276
f 1275 1287 1346
f 1275 1346 1347
f 1275 1347 1345
f 1277 1345 1348
f 1277 1348 1288
f 1281 1326 1282
f 1284 1346 1287
f 1284 1287 1286
f 1284 1286 1285
f 1288 1348 1349
f 1288 1349 1289
f 1289 1349 1350
f 1289 1350 1351
f 1289 1351 1290
f 1290 1351 1293
f 1291 1294 1292
f 1292 1294 1352
f 1292 1352 1353
f 1292 1353 1295
f 1293 1351 1354
f 1293 1354 1355
f 1293 1355 1356
f 1293 1356 1294
f 1294 1356 1352
f 1295 1353 1357
f 1295 1357 1358
f 1295 1358 1296
f 1296 1358 1359
f 1296 1359 1302
f 1297 1305 1304
f 1297 1304 1298
f 1298 1360 1361
f 1298 1361 1299
f 1298 1304 1362
f 1298 1362 1360
f 1299 1361 1310
f 1302 1359 1303
f 1306 1310 1307
f 1307 1310 1363
f 1307 1363 1308
f 1308 1363 1364
f 1308 1364 1365
f 1308 1365 1366
f 1308 1366 1367
f 1308 1367 1368
f 1308 1368 1369
f 1308 1369 1370
f 1308 1370 1371
f 1308 1371 1311
f 1310 1361 1363
f 1311 1372 1339
f 1311 1339 1312
f 1311 1371 1372
f 1314 1373 1374
f 1314 1374 1318
f 1314 1317 1375
f 1314 1375 1376
f 1314 1376 1377
f 1314 1377 1373
f 1315 1334 1378
f 1315 1378 1316
f 1316 1376 1375
f 1316 1375 1317
f 1316 1378 1379
f 1316 1379 1376
f 1318 1374 1320
f 1319 1320 1380
f 1319 1380 1322
f 1319 1322 1321
f 1320 1374 1381
f 1320 1381 1380
f 1322 1380 1382
f 1322 1382 1323
f 1327 1383 1328
f 1328 1383 1384
f 1328 1384 1385
f 1328 1385 1329
f 1329 1385 1330
f 1330 1385 1335
f 1331 1336 1333
f 1331 1333 1332
f 1331 1337 1336
f 1333 1336 1386
f 1333 1386 1387
f 1333 1387 1378
f 1333 1378 1334
f 1335 1385 1388
f 1335 1388 1336
f 1336 1388 1386
f 1339 1372 1389
f 1339 1389 1340
f 1340 1389 1390
f 1340 1390 1391
f 1340 1391 1392
f 1340 1392 1393
f 1340 1393 1342
f 1340 1342 1341
f 1342 1393 1394
f 1342 1394 1392
f 1342 1392 1343
f 1343 1392 1344
f 1344 1392 1395
f 1345 1396 1397
f 1345 1397 1348
f 1345 1347 1396
f 1348 1397 1349
f 1349 1397 1396
f 1349 1396 1398
f 1349 1398 1399
f 1349 1399 1350
f 1350 1399 1351
f 1351 1355 1354
f 1351 1399 1355
f 1352 1356 1353
f 1353 1356 1357
f 1355 1357 1356
f 1355 1399 1400
f 1360 1362 1361
f 1361 1401 1363
f 1361 1362 1365
f 1361 1365 1401
f 1362 1402 1403
f 1362 1403 1366
f 1362 1366 1365
f 1363 1401 1364
f 1364 1401 1365
f 1366 1403 1367
f 1367 1403 1404
f 1367 1404 1368
f 1368 1390 1389
f 1368 1389 1370
f 1368 1370 1369
f 1368 1404 1390
f 1370 1389 1372
f 1370 1372 1371
f 1373 1405 1406
f 1373 1406 1407
f 1373 1407 1408
f 1373 1408 1374
f 1373 1377 1405
f 1374 1408 1380
f 1374 1380 1381
f 1376 1409 1377
f 1376 1379 1410
f 1376 1410 1411
f 1376 1411 1409
f 1377 1409 1405
f 1378 1387 1410
f 1378 1410 1379
f 1380 1408 1412
f 1380 1412 1382
f 1384 1409 1413
f 1384 1413 1414
f 1384 1414 1415
f 1384 1415 1416
f 1384 1416 1417
f 1384 1417 1386
f 1384 1386 1388
f 1384 1388 1385
f 1384 1418 1409
f 1386 1417 1416
f 1386 1416 1419
f 1386 1419 1387
f 1387 1419 1420
f 1387 1420 1410
f 1390 1392 1391
f 1390 1404 1421
f 1390 1421 1422
f 1390 1422 1392
f 1392 1394 1393
f 1392 1422 1395
f 1398 1423 1399
f 1399 1423 1400
f 1402 1424 1403
f 1403 1424 1404
f 1404 1424 1425
f 1404 1425 1426
f 1404 1426 1427
f 1404 1427 1428
f 1404 1428 1429
f 1404 1429 1430
f 1404 1430 1431
f 1404 1431 1432
f 1404 1432 1433
f 1404 1433 1421
f 1405 1409 1418
f 1407 1434 1408
f 1408 1434 1435
f 1408 1435 1412
f 1409 1411 1414
f 1409 1414 1413
f 1410 1414 1411
f 1410 1420 1416
f 1410 1416 1436
f 1410 1436 1414
f 1414 1436 1416
f 1414 1416 1415
f 1416 1420 1419
f 1437 1438 1439
f 1437 1439 1440
f 1437 1440 1441
f 1437 1441 1442
f 1437 1442 1443
f 1437 1443 1444
f 1437 1444 1438
f 1438 1444 1445
f 1438 1445 1446
f 1438 1446 1447
f 1438 1447 1439
f 1439 1447 1448
f 1439 1448 1440
f 1440 1449 1442
f 1440 1442 1441
f 1440 1448 1450
f 1440 1450 1451
f 1440 1451 1452
f 1440 1452 1449
f 1442 1453 1443
f 1442 1449 1453
f 1443 1453 1454
f 1443 1454 1455
f 1443 1455 1456
f 1443 1456 1444
f 1444 1457 1445
f 1444 1456 1458
f 1444 1458 1459
f 1444 1459 1460
f 1444 1460 1461
f 1444 1461 1457
f 1445 1457 1462
f 1445 1462 1463
f 1445 1463 1446
f 1446 1463 1464
f 1446 1464 1465
f 1446 1465 1447
f 1447 1465 1466
f 1447 1466 1448
f 1448 1466 1467
f 1448 1467 1450
f 1449 1468 1453
f 1449 1452 1468
f 1450 1467 1469
f 1450 1469 1451
f 1451 1469 1470
f 1451 1470 1452
f 1452 1470 1471
f 1452 1471 1472
f 1452 1472 1468
f 1453 1473 1474
f 1453 1474 1454
f 1453 1468 1475
f 1453 1475 1473
f 1454 1474 1455
f 1455 1476 1456
f 1455 1474 1477
f 1455 1477 1478
f 1455 1478 1479
f 1455 1479 1476
f 1456 1476 1480
f 1456 1480 1459
f 1456 1459 1458
f 1457 1461 1462
f 1459 1479 1481
f 1459 1481 1482
f 1459 1482 1483
f 1459 1483 1460
f 1459 1480 1479
f 1460 1483 1484
f 1460 1484 1485
f 1460 1485 1461
f 1461 1485 1486
f 1461 1486 1487
f 1461 1487 1488
f 1461 1488 1462
f 1462 1488 1489
f 1462 1489 1463
f 1463 1490 1491
f 1463 1491 1465
f 1463 1465 1464
f 1463 1489 1490
f 1465 1492 1493
f 1465 1493 1466
f 1465 1491 1494
f 1465 1494 1495
f 1465 1495 1496
f 1465 1496 1492
f 1466 1497 1467
f 1466 1493 1498
f 1466 1498 1497
f 1467 1499 1469
f 1467 1497 1500
f 1467 1500 1501
f 1467 1501 1502
f 1467 1502 1503
f 1467 1503 1504
f 1467 1504 1499
f 1468 1472 1505
f 1468 1505 1475
f 1469 1499 1506
f 1469 1506 1470
f 1470 1506 1507
f 1470 1507 1471
f 1471 1508 1505
f 1471 1505 1472
f 1471 1507 1509
f 1471 1509 1510
f 1471 1510 1511
f 1471 1511 1508
f 1473 1475 1512
f 1473 1512 1513
f 1473 1513 1514
f 1473 1514 1515
f 1473 1515 1516
f 1473 1516 1477
f 1473 1477 1474
f 1475 1505 1512
f 1476 1479 1480
f 1477 1516 1517
f 1477 1517 1478
f 1478 1518 1479
f 1478 1517 1518
f 1479 1518 1519
f 1479 1519 1520
f 1479 1520 1521
f 1479 1521 1481
f 1481 1521 1482
f 1482 1521 1522
f 1482 1522 1483
f 1483 1523 1524
f 1483 1524 1485
f 1483 1485 1484
f 1483 1522 1525
f 1483 1525 1526
f 1483 1526 1523
f 1485 1524 1486
f 1486 1524 1487
f 1487 1527 1528
f 1487 1528 1488
f 1487 1524 1523
f 1487 1523 1529
f 1487 1529 1530
f 1487 1530 1531
f 1487 1531 1527
f 1488 1528 1532
f 1488 1532 1489
f 1489 1532 1533
f 1489 1533 1534
f 1489 1534 1535
f 1489 1535 1490
f 1490 1535 1536
f 1490 1536 1537
f 1490 1537 1491
f 1491 1537 1538
f 1491 1538 1494
f 1492 1539 1595
f 1492 1595 1594
f 1492 1594 1593
f 1492 1593 1592
f 1492 1592 1591
f 1492 1591 1590
f 1492 1590 1587
f 1492 1587 1586
f 1492 1586 1589
f 1492 1589 1588
f 1492 1588 1579
f 1492 1579 1578
f 1492 1578 1585
f 1492 1585 1584
f 1492 1584 1644
f 1492 1644 1715
f 1492 1715 1783
f 1492 1783 1849
f 1492 1849 1781
f 1492 1781 1780
f 1492 1780 1779
f 1492 1779 1848
f 1492 1848 1777
f 1492 1777 1776
f 1492 1776 1709
f 1492 1709 1708
f 1492 1708 1707
f 1492 1707 1706
f 1492 1706 1705
f 1492 1705 1704
f 1492 1704 1703
f 1492 1703 1702
f 1492 1702 1701
f 1492 1701 1700
f 1492 1700 1699
f 1492 1699 1698
f 1492 1698 1697
f 1492 1697 1696
f 1492 1696 1775
f 1492 1775 1774
f 1492 1774 1773
f 1492 1773 1772
f 1492 1772 1847
f 1492 1847 1914
f 1492 1914 1977
f 1492 1977 1976
f 1492 1976 1975
f 1492 1975 1974
f 1492 1974 2040
f 1492 2040 2039
f 1492 2039 2038
f 1492 2038 2037
f 1492 2037 2095
f 1492 2095 2096
f 1492 2096 2129
f 1492 2129 2128
f 1492 2128 2127
f 1492 2127 2091
f 1492 2091 2090
f 1492 2090 2021
f 1492 2021 2088
f 1492 2088 2087
f 1492 2087 2086
f 1492 2086 2085
f 1492 2085 2084
f 1492 2084 2083
f 1492 2083 2075
f 1492 2075 2074
f 1492 2074 2080
f 1492 2080 2079
f 1492 2079 2126
f 1492 2126 2143
f 1492 2143 2142
f 1492 2142 2151
f 1492 2151 2150
f 1492 2150 2149
f 1492 2149 2148
f 1492 2148 2147
f 1492 2147 2146
f 1492 2146 2145
f 1492 2145 2141
f 1492 2141 2144
f 1492 2144 2138
f 1492 2138 2136
f 1492 2136 2122
f 1492 2122 2121
f 1492 2121 2120
f 1492 2120 2119
f 1492 2119 2118
f 1492 2118 2117
f 1492 2117 2116
f 1492 2116 2132
f 1492 2132 2131
f 1492 2131 2104
f 1492 2104 2103
f 1492 2103 2102
f 1492 2102 2130
f 1492 2130 2135
f 1492 2135 2134
f 1492 2134 2133
f 1492 2133 2109
f 1492 2109 2108
f 1492 2108 2107
f 1492 2107 2060
f 1492 2060 2056
f 1492 2056 2106
f 1492 2106 2099
f 1492 2099 2098
f 1492 2098 2097
f 1492 2097 2044
f 1492 2044 2041
f 1492 2041 1978
f 1492 1978 1915
f 1492 1915 1850
f 1492 1850 1786
f 1492 1786 1785
f 1492 1785 1784
f 1492 1784 1716
f 1492 1716 1647
f 1492 1647 1646
f 1492 1646 1645
f 1492 1645 1596
f 1492 1596 1544
f 1492 1544 1543
f 1492 1543 1504
f 1492 1504 1503
f 1492 1503 1502
f 1492 1502 1501
f 1492 1501 1500
f 1492 1500 1542
f 1492 1542 1541
f 1492 1541 1498
f 1492 1498 1493
f 1492 1496 1495
f 1492 1495 1494
f 1492 1494 1540
f 1492 1540 1539
f 1494 1538 1540
f 1497 1498 1541
f 1497 1541 1542
f 1497 1542 1500
f 1499 1504 1543
f 1499 1543 1544
f 1499 1544 1545
f 1499 1545 1506
f 1505 1546 1512
f 1505 1508 1547
f 1505 1547 1511
f 1505 1511 1546
f 1506 1548 1507
f 1506 1545 1549
f 1506 1549 1550
f 1506 1550 1548
f 1507 1548 1551
f 1507 1551 1509
f 1508 1511 1547
f 1509 1551 1552
f 1509 1552 1553
f 1509 1553 1510
f 1510 1553 1511
f 1511 1553 1554
f 1511 1554 1555
f 1511 1555 1556
f 1511 1556 1557
f 1511 1557 1546
f 1512 1558 1559
f 1512 1559 1513
f 1512 1546 1560
f 1512 1560 1561
f 1512 1561 1562
f 1512 1562 1558
f 1513 1559 1563
f 1513 1563 1564
f 1513 1564 1565
f 1513 1565 1566
f 1513 1566 1514
f 1514 1566 1567
f 1514 1567 1515
f 1515 1567 1568
f 1515 1568 1569
f 1515 1569 1570
f 1515 1570 1518
f 1515 1518 1516
f 1516 1518 1517
f 1518 1570 1569
f 1518 1569 1519
f 1519 1569 1520
f 1520 1571 1522
f 1520 1522 1521
f 1520 1569 1568
f 1520 1568 1567
f 1520 1567 1572
f 1520 1572 1573
f 1520 1573 1574
f 1520 1574 1571
f 1522 1571 1525
f 1523 1526 1529
f 1525 1571 1575
f 1525 1575 1576
f 1525 1576 1577
f 1525 1577 1526
f 1526 1577 1529
f 1527 1532 1528
f 1527 1531 1578
f 1527 1578 1579
f 1527 1579 1532
f 1529 1580 1581
f 1529 1581 1582
f 1529 1582 1530
f 1529 1577 1580
f 1530 1582 1583
f 1530 1583 1584
f 1530 1584 1585
f 1530 1585 1578
f 1530 1578 1531
f 1532 1586 1587
f 1532 1587 1533
f 1532 1579 1588
f 1532 1588 1589
f 1532 1589 1586
f 1533 1587 1590
f 1533 1590 1534
f 1534 1590 1535
f 1535 1590 1591
f 1535 1591 1536
f 1536 1591 1592
f 1536 1592 1537
f 1537 1592 1593
f 1537 1593 1594
f 1537 1594 1538
f 1538 1594 1595
f 1538 1595 1539
f 1538 1539 1540
f 1544 1596 1597
f 1544 1597 1545
f 1545 1597 1598
f 1545 1598 1599
f 1545 1599 1549
f 1546 1557 1560
f 1548 1550 1600
f 1548 1600 1601
f 1548 1601 1602
f 1548 1602 1551
f 1549 1599 1550
f 1550 1599 1600
f 1551 1602 1603
f 1551 1603 1604
f 1551 1604 1605
f 1551 1605 1552
f 1552 1605 1606
f 1552 1606 1553
f 1553 1606 1607
f 1553 1607 1608
f 1553 1608 1554
f 1554 1608 1555
f 1555 1609 1610
f 1555 1610 1556
f 1555 1608 1611
f 1555 1611 1612
f 1555 1612 1613
f 1555 1613 1614
f 1555 1614 1615
f 1555 1615 1609
f 1556 1610 1561
f 1556 1561 1557
f 1557 1561 1560
f 1558 1563 1559
f 1558 1562 1563
f 1561 1610 1616
f 1561 1616 1617
f 1561 1617 1563
f 1561 1563 1562
f 1563 1617 1618
f 1563 1618 1619
f 1563 1619 1620
f 1563 1620 1621
f 1563 1621 1564
f 1564 1622 1623
f 1564 1623 1624
f 1564 1624 1625
f 1564 1625 1626
f 1564 1626 1627
f 1564 1627 1565
f 1564 1621 1622
f 1565 1627 1628
f 1565 1628 1629
f 1565 1629 1566
f 1566 1629 1567
f 1567 1629 1572
f 1571 1574 1630
f 1571 1630 1575
f 1572 1629 1631
f 1572 1631 1573
f 1573 1631 1632
f 1573 1632 1633
f 1573 1633 1574
f 1574 1633 1634
f 1574 1634 1630
f 1575 1630 1576
f 1576 1630 1577
f 1577 1630 1635
f 1577 1635 1636
f 1577 1636 1637
f 1577 1637 1638
f 1577 1638 1639
f 1577 1639 1640
f 1577 1640 1641
f 1577 1641 1642
f 1577 1642 1580
f 1580 1642 1581
f 1581 1583 1582
f 1581 1642 1641
f 1581 1641 1643
f 1581 1643 1644
f 1581 1644 1583
f 1583 1644 1584
f 1596 1645 1597
f 1597 1645 1646
f 1597 1646 1647
f 1597 1647 1648
f 1597 1648 1598
f 1598 1601 1599
f 1598 1648 1649
f 1598 1649 1650
f 1598 1650 1602
f 1598 1602 1601
f 1599 1601 1600
f 1602 1650 1651
f 1602 1651 1603
f 1603 1651 1604
f 1604 1651 1652
f 1604 1652 1653
f 1604 1653 1605
f 1605 1653 1654
f 1605 1654 1655
f 1605 1655 1656
f 1605 1656 1607
f 1605 1607 1606
f 1607 1656 1655
f 1607 1655 1611
f 1607 1611 1608
f 1609 1615 1610
f 1610 1615 1616
f 1611 1655 1657
f 1611 1657 1612
f 1612 1657 1658
f 1612 1658 1613
f 1613 1658 1659
f 1613 1659 1614
f 1614 1659 1660
f 1614 1660 1615
f 1615 1660 1661
f 1615 1661 1617
f 1615 1617 1616
f 1617 1661 1618
f 1618 1661 1662
f 1618 1662 1619
f 1619 1662 1663
f 1619 1663 1664
f 1619 1664 1665
f 1619 1665 1620
f 1620 1665 1666
f 1620 1666 1621
f 1621 1666 1667
f 1621 1667 1668
f 1621 1668 1669
f 1621 1669 1670
f 1621 1670 1671
f 1621 1671 1672
f 1621 1672 1673
f 1621 1673 1674
f 1621 1674 1675
f 1621 1675 1622
f 1622 1675 1676
f 1622 1676 1677
f 1622 1677 1678
f 1622 1678 1623
f 1623 1679 1680
f 1623 1680 1624
f 1623 1678 1679
f 1624 1680 1681
f 1624 1681 1682
f 1624 1682 1625
f 1625 1682 1626
f 1626 1682 1683
f 1626 1683 1684
f 1626 1684 1627
f 1627 1684 1628
f 1628 1685 1686
f 1628 1686 1687
f 1628 1687 1629
f 1628 1684 1688
f 1628 1688 1685
f 1629 1687 1689
f 1629 1689 1631
f 1630 1634 1690
f 1630 1690 1635
f 1631 1689 1691
f 1631 1691 1632
f 1632 1691 1692
f 1632 1692 1693
f 1632 1693 1633
f 1633 1693 1634
f 1634 1693 1690
f 1635 1690 1694
f 1635 1694 1695
f 1635 1695 1636
f 1636 1695 1696
f 1636 1696 1697
f 1636 1697 1698
f 1636 1698 1699
f 1636 1699 1700
f 1636 1700 1701
f 1636 1701 1702
f 1636 1702 1703
f 1636 1703 1704
f 1636 1704 1705
f 1636 1705 1706
f 1636 1706 1707
f 1636 1707 1708
f 1636 1708 1637
f 1637 1708 1709
f 1637 1709 1710
f 1637 1710 1638
f 1638 1711 1712
f 1638 1712 1639
f 1638 1710 1711
f 1639 1712 1713
f 1639 1713 1640
f 1640 1713 1641
f 1641 1713 1643
f 1643 1713 1714
f 1643 1714 1715
f 1643 1715 1644
f 1647 1716 1648
f 1648 1716 1649
f 1649 1717 1718
f 1649 1718 1719
f 1649 1719 1650
f 1649 1716 1717
f 1650 1719 1654
f 1650 1654 1653
f 1650 1653 1652
f 1650 1652 1651
f 1654 1719 1720
f 1654 1720 1721
f 1654 1721 1655
f 1655 1721 1722
f 1655 1722 1657
f 1657 1659 1658
f 1657 1722 1723
f 1657 1723 1724
f 1657 1724 1725
f 1657 1725 1659
f 1659 1725 1660
f 1660 1726 1661
f 1660 1725 1727
f 1660 1727 1728
f 1660 1728 1726
f 1661 1726 1662
f 1662 1726 1663
f 1663 1729 1664
f 1663 1726 1730
f 1663 1730 1731
f 1663 1731 1729
f 1664 1729 1732
f 1664 1732 1665
f 1665 1733 1734
f 1665 1734 1735
f 1665 1735 1666
f 1665 1732 1736
f 1665 1736 1733
f 1666 1737 1667
f 1666 1735 1734
f 1666 1734 1737
f 1667 1737 1738
f 1667 1738 1668
f 1668 1739 1669
f 1668 1738 1739
f 1669 1740 1741
f 1669 1741 1742
f 1669 1742 1671
f 1669 1671 1670
f 1669 1739 1740
f 1671 1742 1743
f 1671 1743 1744
f 1671 1744 1745
f 1671 1745 1672
f 1672 1745 1673
f 1673 1745 1746
f 1673 1746 1674
f 1674 1747 1748
f 1674 1748 1749
f 1674 1749 1675
f 1674 1746 1747
f 1675 1749 1750
f 1675 1750 1751
f 1675 1751 1676
f 1676 1751 1677
f 1677 1751 1752
f 1677 1752 1678
f 1678 1752 1753
f 1678 1753 1754
f 1678 1754 1679
f 1679 1754 1755
f 1679 1755 1680
f 1680 1755 1681
f 1681 1755 1756
f 1681 1756 1757
f 1681 1757 1682
f 1682 1757 1758
f 1682 1758 1683
f 1683 1758 1759
f 1683 1759 1760
f 1683 1760 1684
f 1684 1760 1688
f 1685 1688 1761
f 1685 1761 1686
f 1686 1761 1687
f 1687 1761 1762
f 1687 1762 1763
f 1687 1763 1764
f 1687 1764 1689
f 1688 1760 1765
f 1688 1765 1766
f 1688 1766 1761
f 1689 1764 1691
f 1690 1693 1694
f 1691 1767 1692
f 1691 1764 1763
f 1691 1763 1768
f 1691 1768 1769
f 1691 1769 1770
f 1691 1770 1767
f 1692 1767 1771
f 1692 1771 1693
f 1693 1771 1694
f 1694 1771 1772
f 1694 1772 1695
f 1695 1772 1773
f 1695 1773 1774
f 1695 1774 1775
f 1695 1775 1696
f 1709 1776 1710
f 1710 1776 1777
f 1710 1777 1778
f 1710 1778 1711
f 1711 1779 1780
f 1711 1780 1712
f 1711 1778 1779
f 1712 1780 1781
f 1712 1781 1782
f 1712 1782 1714
f 1712 1714 1713
f 1714 1782 1783
f 1714 1783 1715
f 1716 1784 1717
f 1717 1784 1785
f 1717 1785 1786
f 1717 1786 1718
f 1718 1787 1788
f 1718 1788 1719
f 1718 1786 1789
f 1718 1789 1790
f 1718 1790 1787
f 1719 1721 1720
f 1719 1788 1721
f 1721 1723 1722
f 1721 1788 1787
f 1721 1787 1791
f 1721 1791 1724
f 1721 1724 1723
f 1724 1791 1792
f 1724 1792 1793
f 1724 1793 1725
f 1725 1793 1727
f 1726 1728 1794
f 1726 1794 1730
f 1727 1793 1795
f 1727 1795 1728
f 1728 1795 1796
f 1728 1796 1794
f 1729 1731 1797
f 1729 1797 1732
f 1730 1794 1798
f 1730 1798 1731
f 1731 1798 1797
f 1732 1797 1736
f 1733 1799 1800
f 1733 1800 1734
f 1733 1736 1799
f 1734 1800 1737
f 1736 1797 1801
f 1736 1801 1802
f 1736 1802 1803
f 1736 1803 1804
f 1736 1804 1805
f 1736 1805 1806
f 1736 1806 1807
f 1736 1807 1799
f 1737 1800 1808
f 1737 1808 1738
f 1738 1808 1809
f 1738 1809 1739
f 1739 1809 1740
f 1740 1809 1810
f 1740 1810 1741
f 1741 1810 1811
f 1741 1811 1812
f 1741 1812 1813
f 1741 1813 1814
f 1741 1814 1815
f 1741 1815 1816
f 1741 1816 1743
f 1741 1743 1742
f 1743 1817 1744
f 1743 1816 1817
f 1744 1817 1818
f 1744 1818 1745
f 1745 1819 1820
f 1745 1820 1746
f 1745 1818 1819
f 1746 1820 1747
f 1747 1820 1821
f 1747 1821 1748
f 1748 1821 1822
f 1748 1822 1749
f 1749 1823 1824
f 1749 1824 1825
f 1749 1825 1826
f 1749 1826 1750
f 1749 1822 1823
f 1750 1826 1751
f 1751 1826 1827
f 1751 1827 1752
f 1752 1827 1753
f 1753 1828 1829
f 1753 1829 1754
f 1753 1827 1830
f 1753 1830 1828
f 1754 1831 1832
f 1754 1832 1755
f 1754 1829 1831
f 1755 1832 1756
f 1756 1833 1834
f 1756 1834 1757
f 1756 1832 1833
f 1757 1834 1758
f 1758 1835 1836
f 1758 1836 1759
f 1758 1834 1835
f 1759 1837 1838
f 1759 1838 1760
f 1759 1836 1837
f 1760 1766 1765
f 1760 1838 1839
f 1760 1839 1766
f 1761 1766 1763
f 1761 1763 1762
f 1763 1766 1840
f 1763 1840 1768
f 1766 1839 1840
f 1767 1770 1841
f 1767 1841 1842
f 1767 1842 1771
f 1768 1840 1769
f 1769 1840 1841
f 1769 1841 1770
f 1771 1842 1843
f 1771 1843 1844
f 1771 1844 1845
f 1771 1845 1846
f 1771 1846 1772
f 1772 1846 1847
f 1777 1848 1778
f 1778 1848 1779
f 1781 1849 1782
f 1782 1849 1783
f 1786 1850 1789
f 1787 1792 1791
f 1787 1790 1851
f 1787 1851 1792
f 1789 1852 1790
f 1789 1850 1852
f 1790 1852 1853
f 1790 1853 1851
f 1792 1851 1793
f 1793 1851 1854
f 1793 1854 1795
f 1794 1796 1798
f 1795 1854 1855
f 1795 1855 1856
f 1795 1856 1796
f 1796 1857 1798
f 1796 1856 1858
f 1796 1858 1857
f 1797 1798 1801
f 1798 1857 1801
f 1799 1807 1859
f 1799 1859 1860
f 1799 1860 1861
f 1799 1861 1862
f 1799 1862 1800
f 1800 1863 1808
f 1800 1862 1864
f 1800 1864 1865
f 1800 1865 1863
f 1801 1857 1803
f 1801 1803 1802
f 1803 1866 1805
f 1803 1805 1804
f 1803 1857 1867
f 1803 1867 1866
f 1805 1866 1806
f 1806 1866 1868
f 1806 1868 1869
f 1806 1869 1870
f 1806 1870 1861
f 1806 1861 1860
f 1806 1860 1859
f 1806 1859 1807
f 1808 1871 1809
f 1808 1863 1871
f 1809 1872 1810
f 1809 1871 1873
f 1809 1873 1872
f 1810 1872 1811
f 1811 1872 1874
f 1811 1874 1875
f 1811 1875 1812
f 1812 1875 1814
f 1812 1814 1813
f 1814 1876 1877
f 1814 1877 1878
f 1814 1878 1815
f 1814 1875 1879
f 1814 1879 1876
f 1815 1878 1817
f 1815 1817 1816
f 1817 1878 1880
f 1817 1880 1818
f 1818 1880 1881
f 1818 1881 1819
f 1819 1881 1821
f 1819 1821 1820
f 1821 1881 1882
f 1821 1882 1822
f 1822 1882 1883
f 1822 1883 1823
f 1823 1884 1824
f 1823 1883 1884
f 1824 1885 1825
f 1824 1884 1885
f 1825 1885 1886
f 1825 1886 1826
f 1826 1886 1887
f 1826 1887 1888
f 1826 1888 1830
f 1826 1830 1827
f 1828 1889 1890
f 1828 1890 1829
f 1828 1830 1891
f 1828 1891 1889
f 1829 1890 1892
f 1829 1892 1893
f 1829 1893 1831
f 1830 1888 1894
f 1830 1894 1891
f 1831 1895 1896
f 1831 1896 1833
f 1831 1833 1832
f 1831 1893 1895
f 1833 1897 1898
f 1833 1898 1834
f 1833 1896 1897
f 1834 1898 1899
f 1834 1899 1900
f 1834 1900 1901
f 1834 1901 1835
f 1835 1901 1836
f 1836 1901 1902
f 1836 1902 1837
f 1837 1902 1903
f 1837 1903 1904
f 1837 1904 1838
f 1838 1904 1905
f 1838 1905 1839
f 1839 1905 1908
f 1839 1908 1906
f 1839 1906 1840
f 1840 1906 1907
f 1840 1907 1841
f 1841 1907 1908
f 1841 1908 1909
f 1841 1909 1842
f 1842 1909 1910
f 1842 1910 1911
f 1842 1911 1912
f 1842 1912 1844
f 1842 1844 1843
f 1844 1912 1911
f 1844 1911 1845
f 1845 1911 1846
f 1846 1911 1913
f 1846 1913 1914
f 1846 1914 1847
f 1850 1915 1852
f 1851 1853 1854
f 1852 1915 1916
f 1852 1916 1853
f 1853 1916 1917
f 1853 1917 1854
f 1854 1917 1855
f 1855 1917 1918
f 1855 1918 1919
f 1855 1919 1920
f 1855 1920 1921
f 1855 1921 1856
f 1856 1921 1858
f 1857 1858 1922
f 1857 1922 1923
f 1857 1923 1867
f 1858 1921 1920
f 1858 1920 1919
f 1858 1919 1924
f 1858 1924 1925
f 1858 1925 1926
f 1858 1926 1922
f 1861 1870 1927
f 1861 1927 1928
f 1861 1928 1929
f 1861 1929 1930
f 1861 1930 1865
f 1861 1865 1864
f 1861 1864 1862
f 1863 1931 1871
f 1863 1865 1931
f 1865 1930 1932
f 1865 1932 1931
f 1866 1867 1933
f 1866 1933 1934
f 1866 1934 1935
f 1866 1935 1868
f 1867 1923 1934
f 1867 1934 1933
f 1868 1936 1869
f 1868 1935 1937
f 1868 1937 1936
f 1869 1936 1870
f 1870 1936 1927
f 1871 1931 1873
f 1872 1873 1874
f 1873 1931 1874
f 1874 1938 1875
f 1874 1931 1939
f 1874 1939 1940
f 1874 1940 1938
f 1875 1938 1941
f 1875 1941 1942
f 1875 1942 1879
f 1876 1879 1943
f 1876 1943 1877
f 1877 1943 1944
f 1877 1944 1878
f 1878 1944 1945
f 1878 1945 1946
f 1878 1946 1880
f 1879 1942 1941
f 1879 1941 1943
f 1880 1946 1881
f 1881 1947 1882
f 1881 1946 1947
f 1882 1948 1949
f 1882 1949 1883
f 1882 1947 1948
f 1883 1949 1884
f 1884 1950 1951
f 1884 1951 1952
f 1884 1952 1885
f 1884 1949 1950
f 1885 1952 1953
f 1885 1953 1954
f 1885 1954 1955
f 1885 1955 1887
f 1885 1887 1886
f 1887 1955 1888
f 1888 1955 1894
f 1889 1956 1957
f 1889 1957 1892
f 1889 1892 1890
f 1889 1891 1955
f 1889 1955 1958
f 1889 1958 1956
f 1891 1894 1955
f 1892 1959 1960
f 1892 1960 1895
f 1892 1895 1893
f 1892 1957 1959
f 1895 1960 1961
f 1895 1961 1897
f 1895 1897 1896
f 1897 1899 1898
f 1897 1961 1962
f 1897 1962 1963
f 1897 1963 1964
f 1897 1964 1899
f 1899 1964 1965
f 1899 1965 1966
f 1899 1966 1967
f 1899 1967 1968
f 1899 1968 1902
f 1899 1902 1901
f 1899 1901 1900
f 1902 1968 1966
f 1902 1966 1903
f 1903 1969 1970
f 1903 1970 1904
f 1903 1966 1969
f 1904 1970 1908
f 1904 1908 1905
f 1906 1908 1907
f 1908 1970 1909
f 1909 1970 1971
f 1909 1971 1910
f 1910 1971 1972
f 1910 1972 1973
f 1910 1973 1974
f 1910 1974 1975
f 1910 1975 1976
f 1910 1976 1977
f 1910 1977 1911
f 1911 1977 1913
f 1913 1977 1914
f 1915 1978 1979
f 1915 1979 1916
f 1916 1979 1980
f 1916 1980 1917
f 1917 1980 1918
f 1918 1980 1919
f 1919 1981 1978
f 1919 1978 1982
f 1919 1982 1983
f 1919 1983 1924
f 1919 1980 1981
f 1922 1926 1923
f 1923 1984 1934
f 1923 1926 1925
f 1923 1925 1985
f 1923 1985 1984
f 1924 1983 1985
f 1924 1985 1925
f 1927 1936 1928
f 1928 1986 1987
f 1928 1987 1929
f 1928 1936 1986
f 1929 1987 1930
f 1930 1987 1988
f 1930 1988 1932
f 1931 1932 1989
f 1931 1989 1939
f 1932 1988 1989
f 1934 1990 1991
f 1934 1991 1937
f 1934 1937 1935
f 1934 1984 1990
f 1936 1937 1992
f 1936 1992 1993
f 1936 1993 1994
f 1936 1994 1986
f 1937 1991 1995
f 1937 1995 1996
f 1937 1996 1992
f 1938 1940 1941
f 1939 1997 1940
f 1939 1989 1997
f 1940 1997 1998
f 1940 1998 1941
f 1941 1998 1999
f 1941 1999 2000
f 1941 2000 1943
f 1943 2000 2001
f 1943 2001 2002
f 1943 2002 2003
f 1943 2003 1944
f 1944 2003 2004
f 1944 2004 1945
f 1945 2004 1946
f 1946 2005 2006
f 1946 2006 1947
f 1946 2004 2005
f 1947 2006 2007
f 1947 2007 1948
f 1948 2007 2008
f 1948 2008 1949
f 1949 2008 1950
f 1950 2008 2009
f 1950 2009 2010
f 1950 2010 1951
f 1951 2010 2011
f 1951 2011 2012
f 1951 2012 2013
f 1951 2013 1952
f 1952 2013 1953
f 1953 2013 1954
f 1954 2014 2015
f 1954 2015 1955
f 1954 2013 2014
f 1955 2015 1958
f 1956 2016 2017
f 1956 2017 2020
f 1956 2020 1957
f 1956 1958 2018
f 1956 2018 2019
f 1956 2019 2016
f 1957 2020 2021
f 1957 2021 2022
f 1957 2022 2023
f 1957 2023 1959
f 1958 2024 2018
f 1958 2015 2025
f 1958 2025 2024
f 1959 2023 2022
f 1959 2022 1960
f 1960 2022 2026
f 1960 2026 2027
f 1960 2027 2028
f 1960 2028 1961
f 1961 2028 1963
f 1961 1963 1962
f 1963 2028 1964
f 1964 2028 2027
f 1964 2027 2029
f 1964 2029 2030
f 1964 2030 1965
f 1965 2030 2031
f 1965 2031 1966
f 1966 1968 1967
f 1966 2031 1969
f 1969 2032 1970
f 1969 2031 2032
f 1970 2032 1971
f 1971 2032 2033
f 1971 2033 1972
f 1972 2033 2034
f 1972 2034 2035
f 1972 2035 1973
f 1973 2035 2036
f 1973 2036 2037
f 1973 2037 2038
f 1973 2038 2039
f 1973 2039 2040
f 1973 2040 1974
f 1978 2041 1982
f 1978 1981 1979
f 1979 1981 1980
f 1982 2042 2043
f 1982 2043 1985
f 1982 1985 1983
f 1982 2041 2044
f 1982 2044 2042
f 1984 1985 1990
f 1985 2043 2045
f 1985 2045 1990
f 1986 1994 1993
f 1986 1993 2046
f 1986 2046 2047
f 1986 2047 1987
f 1987 2048 1988
f 1987 2047 2049
f 1987 2049 2050
f 1987 2050 2051
f 1987 2051 2048
f 1988 2051 2052
f 1988 2052 1997
f 1988 1997 1989
f 1988 2048 2051
f 1990 1995 1991
f 1990 2045 1995
f 1992 1996 1993
f 1993 1996 2053
f 1993 2053 2046
f 1995 2054 2055
f 1995 2055 2056
f 1995 2056 1996
f 1995 2045 2054
f 1996 2057 2058
f 1996 2058 2059
f 1996 2059 2053
f 1996 2056 2060
f 1996 2060 2057
f 1997 2052 2061
f 1997 2061 1998
f 1998 2062 2063
f 1998 2063 1999
f 1998 2061 2052
f 1998 2052 2062
f 1999 2063 2001
f 1999 2001 2000
f 2001 2063 2064
f 2001 2064 2065
f 2001 2065 2066
f 2001 2066 2002
f 2002 2066 2067
f 2002 2067 2003
f 2003 2067 2068
f 2003 2068 2004
f 2004 2068 2069
f 2004 2069 2005
f 2005 2069 2070
f 2005 2070 2071
f 2005 2071 2006
f 2006 2071 2072
f 2006 2072 2007
f 2007 2072 2008
f 2008 2072 2073
f 2008 2073 2009
f 2009 2073 2010
f 2010 2073 2011
f 2011 2074 2075
f 2011 2075 2076
f 2011 2076 2077
f 2011 2077 2078
f 2011 2078 2012
f 2011 2073 2079
f 2011 2079 2080
f 2011 2080 2074
f 2012 2078 2081
f 2012 2081 2014
f 2012 2014 2013
f 2014 2081 2082
f 2014 2082 2015
f 2015 2082 2025
f 2016 2076 2075
f 2016 2075 2083
f 2016 2083 2084
f 2016 2084 2085
f 2016 2085 2086
f 2016 2086 2087
f 2016 2087 2088
f 2016 2088 2021
f 2016 2021 2017
f 2016 2019 2089
f 2016 2089 2076
f 2017 2021 2020
f 2018 2024 2019
f 2019 2024 2089
f 2021 2090 2022
f 2022 2090 2091
f 2022 2091 2092
f 2022 2092 2027
f 2022 2027 2026
f 2024 2025 2089
f 2025 2082 2089
f 2027 2092 2029
f 2029 2092 2093
f 2029 2093 2094
f 2029 2094 2034
f 2029 2034 2033
f 2029 2033 2030
f 2030 2033 2032
f 2030 2032 2031
f 2034 2094 2035
f 2035 2095 2037
f 2035 2037 2036
f 2035 2094 2096
f 2035 2096 2095
f 2042 2045 2043
f 2042 2044 2097
f 2042 2097 2098
f 2042 2098 2099
f 2042 2099 2045
f 2045 2099 2054
f 2046 2053 2059
f 2046 2059 2047
f 2047 2059 2049
f 2049 2059 2100
f 2049 2100 2101
f 2049 2101 2050
f 2050 2101 2102
f 2050 2102 2103
f 2050 2103 2104
f 2050 2104 2105
f 2050 2105 2052
f 2050 2052 2051
f 2052 2105 2062
f 2054 2099 2055
f 2055 2099 2106
f 2055 2106 2056
f 2057 2107 2108
f 2057 2108 2058
f 2057 2060 2107
f 2058 2109 2110
f 2058 2110 2111
f 2058 2111 2059
f 2058 2108 2109
f 2059 2112 2113
f 2059 2113 2114
f 2059 2114 2100
f 2059 2111 2112
f 2062 2105 2115
f 2062 2115 2116
f 2062 2116 2063
f 2063 2116 2117
f 2063 2117 2118
f 2063 2118 2119
f 2063 2119 2120
f 2063 2120 2121
f 2063 2121 2122
f 2063 2122 2064
f 2064 2122 2123
f 2064 2123 2065
f 2065 2123 2066
f 2066 2123 2067
f 2067 2123 2070
f 2067 2070 2068
f 2068 2070 2069
f 2070 2124 2071
f 2070 2123 2124
f 2071 2124 2125
f 2071 2125 2072
f 2072 2125 2073
f 2073 2126 2079
f 2073 2125 2126
f 2076 2089 2077
f 2077 2081 2078
f 2077 2089 2082
f 2077 2082 2081
f 2091 2127 2092
f 2092 2127 2128
f 2092 2128 2093
f 2093 2128 2129
f 2093 2129 2094
f 2094 2129 2096
f 2100 2114 2101
f 2101 2114 2113
f 2101 2113 2102
f 2102 2113 2130
f 2104 2131 2105
f 2105 2131 2132
f 2105 2132 2116
f 2105 2116 2115
f 2109 2133 2111
f 2109 2111 2110
f 2111 2133 2134
f 2111 2134 2112
f 2112 2134 2135
f 2112 2135 2130
f 2112 2130 2113
f 2122 2136 2123
f 2123 2137 2124
f 2123 2136 2138
f 2123 2138 2137
f 2124 2139 2140
f 2124 2140 2125
f 2124 2137 2141
f 2124 2141 2139
f 2125 2140 2142
f 2125 2142 2143
f 2125 2143 2126
f 2137 2138 2144
f 2137 2144 2141
f 2139 2145 2146
f 2139 2146 2147
f 2139 2147 2140
f 2139 2141 2145
f 2140 2147 2148
f 2140 2148 2149
f 2140 2149 2150
f 2140 2150 2151
f 2140 2151 2142
f 2152 2153 2154
f 2152 2154 2155
f 2152 2155 2156
f 2152 2156 2157
f 2152 2157 2158
f 2152 2158 2153
f 2153 2159 2160
f 2153 2160 2161
f 2153 2161 2162
f 2153 2162 2163
f 2153 2163 2154
f 2153 2158 2164
f 2153 2164 2159
f 2154 2163 2165
f 2154 2165 2166
f 2154 2166 2155
f 2155 2166 2167
f 2155 2167 2168
f 2155 2168 2169
f 2155 2169 2170
f 2155 2170 2171
f 2155 2171 2156
f 2156 2171 2172
f 2156 2172 2157
f 2157 2172 2171
f 2157 2171 2170
f 2157 2170 2191
f 2157 2191 2211
f 2157 2211 2225
f 2157 2225 2224
f 2157 2224 2223
f 2157 2223 2222
f 2157 2222 2239
f 2157 2239 2238
f 2157 2238 2237
f 2157 2237 2257
f 2157 2257 2256
f 2157 2256 2255
f 2157 2255 2269
f 2157 2269 2279
f 2157 2279 2295
f 2157 2295 2316
f 2157 2316 2315
f 2157 2315 2314
f 2157 2314 2313
f 2157 2313 2312
f 2157 2312 2311
f 2157 2311 2310
f 2157 2310 2331
f 2157 2331 2342
f 2157 2342 2354
f 2157 2354 2353
f 2157 2353 2352
f 2157 2352 2364
f 2157 2364 2372
f 2157 2372 2383
f 2157 2383 2382
f 2157 2382 2394
f 2157 2394 2405
f 2157 2405 2429
f 2157 2429 2428
f 2157 2428 2427
f 2157 2427 2426
f 2157 2426 2425
f 2157 2425 2421
f 2157 2421 2447
f 2157 2447 2463
f 2157 2463 2478
f 2157 2478 2477
f 2157 2477 2486
f 2157 2486 2475
f 2157 2475 2474
f 2157 2474 2473
f 2157 2473 2472
f 2157 2472 2471
f 2157 2471 2485
f 2157 2485 2493
f 2157 2493 2492
f 2157 2492 2500
f 2157 2500 2511
f 2157 2511 2510
f 2157 2510 2522
f 2157 2522 2527
f 2157 2527 2546
f 2157 2546 2545
f 2157 2545 2544
f 2157 2544 2543
f 2157 2543 2542
f 2157 2542 2541
f 2157 2541 2560
f 2157 2560 2559
f 2157 2559 2572
f 2157 2572 2571
f 2157 2571 2582
f 2157 2582 2587
f 2157 2587 2586
f 2157 2586 2585
f 2157 2585 2595
f 2157 2595 2594
f 2157 2594 2593
f 2157 2593 2592
f 2157 2592 2602
f 2157 2602 2601
f 2157 2601 2600
f 2157 2600 2599
f 2157 2599 2598
f 2157 2598 2590
f 2157 2590 2580
f 2157 2580 2567
f 2157 2567 2566
f 2157 2566 2556
f 2157 2556 2539
f 2157 2539 2537
f 2157 2537 2517
f 2157 2517 2503
f 2157 2503 2494
f 2157 2494 2487
f 2157 2487 2479
f 2157 2479 2464
f 2157 2464 2448
f 2157 2448 2434
f 2157 2434 2433
f 2157 2433 2430
f 2157 2430 2409
f 2157 2409 2408
f 2157 2408 2407
f 2157 2407 2406
f 2157 2406 2397
f 2157 2397 2396
f 2157 2396 2387
f 2157 2387 2375
f 2157 2375 2366
f 2157 2366 2360
f 2157 2360 2346
f 2157 2346 2335
f 2157 2335 2320
f 2157 2320 2302
f 2157 2302 2285
f 2157 2285 2284
f 2157 2284 2281
f 2157 2281 2280
f 2157 2280 2271
f 2157 2271 2263
f 2157 2263 2262
f 2157 2262 2261
f 2157 2261 2260
f 2157 2260 2243
f 2157 2243 2242
f 2157 2242 2233
f 2157 2233 2216
f 2157 2216 2212
f 2157 2212 2192
f 2157 2192 2176
f 2157 2176 2175
f 2157 2175 2164
f 2157 2164 2173
f 2157 2173 2158
f 2158 2173 2164
f 2159 2174 2160
f 2159 2164 2175
f 2159 2175 2174
f 2160 2174 2175
f 2160 2175 2176
f 2160 2176 2177
f 2160 2177 2178
f 2160 2178 2179
f 2160 2179 2161
f 2161 2179 2162
f 2162 2179 2180
f 2162 2180 2181
f 2162 2181 2182
f 2162 2182 2163
f 2163 2182 2183
f 2163 2183 2184
f 2163 2184 2165
f 2165 2184 2185
f 2165 2185 2166
f 2166 2185 2186
f 2166 2186 2187
f 2166 2187 2167
f 2167 2188 2168
f 2167 2187 2188
f 2168 2189 2169
f 2168 2188 2190
f 2168 2190 2189
f 2169 2189 2170
f 2170 2189 2191
f 2176 2192 2177
f 2177 2193 2178
f 2177 2192 2193
f 2178 2193 2194
f 2178 2194 2179
f 2179 2194 2180
f 2180 2194 2181
f 2181 2183 2182
f 2181 2194 2195
f 2181 2195 2196
f 2181 2196 2197
f 2181 2197 2198
f 2181 2198 2199
f 2181 2199 2200
f 2181 2200 2183
f 2183 2201 2202
f 2183 2202 2184
f 2183 2200 2201
f 2184 2202 2200
f 2184 2200 2203
f 2184 2203 2185
f 2185 2203 2186
f 2186 2203 2187
f 2187 2203 2204
f 2187 2204 2205
f 2187 2205 2206
f 2187 2206 2207
f 2187 2207 2188
f 2188 2208 2209
f 2188 2209 2190
f 2188 2207 2210
f 2188 2210 2208
f 2189 2190 2209
f 2189 2209 2191
f 2191 2209 2211
f 2192 2212 2193
f 2193 2213 2214
f 2193 2214 2215
f 2193 2215 2194
f 2193 2212 2216
f 2193 2216 2213
f 2194 2215 2195
f 2195 2215 2196
f 2196 2217 2232
f 2196 2232 2249
f 2196 2249 2248
f 2196 2248 2247
f 2196 2247 2246
f 2196 2246 2244
f 2196 2244 2259
f 2196 2259 2258
f 2196 2258 2270
f 2196 2270 2276
f 2196 2276 2288
f 2196 2288 2287
f 2196 2287 2286
f 2196 2286 2301
f 2196 2301 2300
f 2196 2300 2326
f 2196 2326 2325
f 2196 2325 2324
f 2196 2324 2323
f 2196 2323 2322
f 2196 2322 2337
f 2196 2337 2348
f 2196 2348 2359
f 2196 2359 2357
f 2196 2357 2368
f 2196 2368 2378
f 2196 2378 2389
f 2196 2389 2400
f 2196 2400 2399
f 2196 2399 2414
f 2196 2414 2438
f 2196 2438 2437
f 2196 2437 2436
f 2196 2436 2454
f 2196 2454 2452
f 2196 2452 2451
f 2196 2451 2468
f 2196 2468 2482
f 2196 2482 2481
f 2196 2481 2489
f 2196 2489 2496
f 2196 2496 2506
f 2196 2506 2521
f 2196 2521 2520
f 2196 2520 2519
f 2196 2519 2518
f 2196 2518 2538
f 2196 2538 2555
f 2196 2555 2565
f 2196 2565 2579
f 2196 2579 2589
f 2196 2589 2597
f 2196 2597 2596
f 2196 2596 2588
f 2196 2588 2583
f 2196 2583 2574
f 2196 2574 2561
f 2196 2561 2548
f 2196 2548 2534
f 2196 2534 2533
f 2196 2533 2532
f 2196 2532 2531
f 2196 2531 2530
f 2196 2530 2529
f 2196 2529 2528
f 2196 2528 2515
f 2196 2515 2514
f 2196 2514 2513
f 2196 2513 2507
f 2196 2507 2497
f 2196 2497 2490
f 2196 2490 2483
f 2196 2483 2469
f 2196 2469 2457
f 2196 2457 2442
f 2196 2442 2441
f 2196 2441 2439
f 2196 2439 2415
f 2196 2415 2401
f 2196 2401 2390
f 2196 2390 2379
f 2196 2379 2369
f 2196 2369 2361
f 2196 2361 2349
f 2196 2349 2338
f 2196 2338 2327
f 2196 2327 2303
f 2196 2303 2289
f 2196 2289 2278
f 2196 2278 2277
f 2196 2277 2266
f 2196 2266 2253
f 2196 2253 2252
f 2196 2252 2251
f 2196 2251 2250
f 2196 2250 2235
f 2196 2235 2220
f 2196 2220 2234
f 2196 2234 2228
f 2196 2228 2227
f 2196 2227 2226
f 2196 2226 2218
f 2196 2218 2205
f 2196 2205 2204
f 2196 2204 2203
f 2196 2203 2200
f 2196 2200 2199
f 2196 2199 2198
f 2196 2198 2197
f 2196 2215 2217
f 2200 2202 2201
f 2205 2218 2206
f 2206 2218 2207
f 2207 2218 2210
f 2208 2210 2219
f 2208 2219 2209
f 2209 2219 2220
f 2209 2220 2221
f 2209 2221 2222
f 2209 2222 2223
f 2209 2223 2224
f 2209 2224 2225
f 2209 2225 2211
f 2210 2218 2226
f 2210 2226 2227
f 2210 2227 2228
f 2210 2228 2219
f 2213 2229 2214
f 2213 2216 2229
f 2214 2229 2230
f 2214 2230 2231
f 2214 2231 2215
f 2215 2231 2232
f 2215 2232 2217
f 2216 2233 2229
f 2219 2228 2234
f 2219 2234 2220
f 2220 2235 2221
f 2221 2235 2236
f 2221 2236 2237
f 2221 2237 2238
f 2221 2238 2239
f 2221 2239 2222
f 2229 2240 2241
f 2229 2241 2230
f 2229 2233 2242
f 2229 2242 2243
f 2229 2243 2240
f 2230 2241 2244
f 2230 2244 2245
f 2230 2245 2246
f 2230 2246 2247
f 2230 2247 2231
f 2231 2247 2248
f 2231 2248 2249
f 2231 2249 2232
f 2235 2250 2236
f 2236 2250 2251
f 2236 2251 2252
f 2236 2252 2253
f 2236 2253 2254
f 2236 2254 2255
f 2236 2255 2256
f 2236 2256 2257
f 2236 2257 2237
f 2240 2243 2241
f 2241 2258 2259
f 2241 2259 2244
f 2241 2243 2260
f 2241 2260 2261
f 2241 2261 2262
f 2241 2262 2263
f 2241 2263 2264
f 2241 2264 2265
f 2241 2265 2258
f 2244 2246 2245
f 2253 2266 2254
f 2254 2266 2267
f 2254 2267 2268
f 2254 2268 2255
f 2255 2268 2269
f 2258 2265 2270
f 2263 2271 2272
f 2263 2272 2264
f 2264 2272 2273
f 2264 2273 2274
f 2264 2274 2265
f 2265 2274 2275
f 2265 2275 2276
f 2265 2276 2270
f 2266 2277 2267
f 2267 2277 2278
f 2267 2278 2268
f 2268 2278 2269
f 2269 2278 2279
f 2271 2280 2272
f 2272 2280 2281
f 2272 2281 2273
f 2273 2282 2283
f 2273 2283 2274
f 2273 2281 2284
f 2273 2284 2285
f 2273 2285 2282
f 2274 2283 2275
f 2275 2283 2286
f 2275 2286 2287
f 2275 2287 2288
f 2275 2288 2276
f 2278 2289 2290
f 2278 2290 2291
f 2278 2291 2292
f 2278 2292 2279
f 2279 2292 2291
f 2279 2291 2293
f 2279 2293 2294
f 2279 2294 2295
f 2282 2296 2283
f 2282 2285 2296
f 2283 2296 2297
f 2283 2297 2298
f 2283 2298 2299
f 2283 2299 2300
f 2283 2300 2301
f 2283 2301 2286
f 2285 2302 2296
f 2289 2303 2304
f 2289 2304 2305
f 2289 2305 2290
f 2290 2305 2306
f 2290 2306 2307
f 2290 2307 2293
f 2290 2293 2291
f 2293 2307 2308
f 2293 2308 2294
f 2294 2308 2309
f 2294 2309 2310
f 2294 2310 2311
f 2294 2311 2312
f 2294 2312 2313
f 2294 2313 2314
f 2294 2314 2315
f 2294 2315 2316
f 2294 2316 2295
f 2296 2317 2318
f 2296 2318 2319
f 2296 2319 2297
f 2296 2302 2320
f 2296 2320 2317
f 2297 2319 2321
f 2297 2321 2322
f 2297 2322 2323
f 2297 2323 2324
f 2297 2324 2325
f 2297 2325 2299
f 2297 2299 2298
f 2299 2325 2326
f 2299 2326 2300
f 2303 2327 2328
f 2303 2328 2304
f 2304 2328 2329
f 2304 2329 2305
f 2305 2329 2306
f 2306 2329 2307
f 2307 2329 2330
f 2307 2330 2308
f 2308 2330 2309
f 2309 2330 2310
f 2310 2330 2331
f 2317 2320 2318
f 2318 2332 2333
f 2318 2333 2334
f 2318 2334 2319
f 2318 2320 2332
f 2319 2334 2321
f 2320 2335 2336
f 2320 2336 2332
f 2321 2334 2322
f 2322 2334 2337
f 2327 2338 2328
f 2328 2339 2340
f 2328 2340 2341
f 2328 2341 2329
f 2328 2338 2339
f 2329 2341 2330
f 2330 2341 2342
f 2330 2342 2331
f 2332 2336 2343
f 2332 2343 2344
f 2332 2344 2333
f 2333 2344 2345
f 2333 2345 2334
f 2334 2345 2337
f 2335 2346 2347
f 2335 2347 2336
f 2336 2347 2343
f 2337 2345 2348
f 2338 2349 2350
f 2338 2350 2339
f 2339 2350 2351
f 2339 2351 2352
f 2339 2352 2340
f 2340 2352 2353
f 2340 2353 2354
f 2340 2354 2341
f 2341 2354 2342
f 2343 2347 2355
f 2343 2355 2356
f 2343 2356 2357
f 2343 2357 2358
f 2343 2358 2344
f 2344 2358 2357
f 2344 2357 2359
f 2344 2359 2348
f 2344 2348 2345
f 2346 2360 2355
f 2346 2355 2347
f 2349 2361 2362
f 2349 2362 2350
f 2350 2362 2363
f 2350 2363 2351
f 2351 2363 2364
f 2351 2364 2352
f 2355 2365 2356
f 2355 2360 2366
f 2355 2366 2365
f 2356 2365 2367
f 2356 2367 2368
f 2356 2368 2357
f 2361 2369 2370
f 2361 2370 2362
f 2362 2370 2363
f 2363 2371 2372
f 2363 2372 2364
f 2363 2370 2373
f 2363 2373 2371
f 2365 2374 2367
f 2365 2366 2375
f 2365 2375 2374
f 2367 2374 2376
f 2367 2376 2368
f 2368 2377 2378
f 2368 2376 2377
f 2369 2379 2370
f 2370 2380 2373
f 2370 2379 2380
f 2371 2381 2394
f 2371 2394 2382
f 2371 2382 2383
f 2371 2383 2372
f 2371 2373 2384
f 2371 2384 2385
f 2371 2385 2381
f 2373 2380 2384
f 2374 2386 2376
f 2374 2375 2387
f 2374 2387 2386
f 2376 2386 2377
f 2377 2388 2389
f 2377 2389 2378
f 2377 2386 2388
f 2379 2390 2391
f 2379 2391 2392
f 2379 2392 2384
f 2379 2384 2380
f 2381 2393 2405
f 2381 2405 2394
f 2381 2385 2393
f 2384 2392 2391
f 2384 2391 2395
f 2384 2395 2385
f 2385 2395 2393
f 2386 2387 2396
f 2386 2396 2397
f 2386 2397 2398
f 2386 2398 2388
f 2388 2399 2400
f 2388 2400 2389
f 2388 2398 2399
f 2390 2401 2391
f 2391 2402 2403
f 2391 2403 2404
f 2391 2404 2395
f 2391 2401 2402
f 2393 2404 2405
f 2393 2395 2404
f 2397 2406 2398
f 2398 2406 2407
f 2398 2407 2408
f 2398 2408 2409
f 2398 2409 2410
f 2398 2410 2411
f 2398 2411 2412
f 2398 2412 2413
f 2398 2413 2399
f 2399 2413 2414
f 2401 2415 2416
f 2401 2416 2417
f 2401 2417 2418
f 2401 2418 2419
f 2401 2419 2420
f 2401 2420 2421
f 2401 2421 2422
f 2401 2422 2403
f 2401 2403 2423
f 2401 2423 2402
f 2402 2423 2403
f 2403 2424 2425
f 2403 2425 2426
f 2403 2426 2427
f 2403 2427 2404
f 2403 2422 2424
f 2404 2427 2428
f 2404 2428 2429
f 2404 2429 2405
f 2409 2430 2410
f 2410 2431 2432
f 2410 2432 2411
f 2410 2430 2433
f 2410 2433 2434
f 2410 2434 2431
f 2411 2432 2435
f 2411 2435 2436
f 2411 2436 2412
f 2412 2436 2437
f 2412 2437 2413
f 2413 2437 2438
f 2413 2438 2414
f 2415 2439 2416
f 2416 2440 2417
f 2416 2439 2441
f 2416 2441 2442
f 2416 2442 2443
f 2416 2443 2440
f 2417 2440 2418
f 2418 2444 2445
f 2418 2445 2446
f 2418 2446 2421
f 2418 2421 2420
f 2418 2420 2419
f 2418 2440 2444
f 2421 2446 2447
f 2421 2425 2424
f 2421 2424 2422
f 2431 2434 2448
f 2431 2448 2449
f 2431 2449 2450
f 2431 2450 2451
f 2431 2451 2452
f 2431 2452 2453
f 2431 2453 2432
f 2432 2453 2454
f 2432 2454 2435
f 2435 2454 2436
f 2440 2455 2444
f 2440 2443 2456
f 2440 2456 2455
f 2442 2457 2443
f 2443 2457 2458
f 2443 2458 2456
f 2444 2459 2445
f 2444 2455 2459
f 2445 2459 2460
f 2445 2460 2461
f 2445 2461 2462
f 2445 2462 2478
f 2445 2478 2463
f 2445 2463 2447
f 2445 2447 2446
f 2448 2464 2449
f 2449 2464 2465
f 2449 2465 2466
f 2449 2466 2467
f 2449 2467 2450
f 2450 2467 2451
f 2451 2467 2468
f 2452 2454 2453
f 2455 2456 2457
f 2455 2457 2469
f 2455 2469 2459
f 2456 2458 2457
f 2459 2469 2460
f 2460 2469 2470
f 2460 2470 2471
f 2460 2471 2472
f 2460 2472 2473
f 2460 2473 2474
f 2460 2474 2475
f 2460 2475 2476
f 2460 2476 2462
f 2460 2462 2461
f 2462 2476 2477
f 2462 2477 2478
f 2464 2479 2466
f 2464 2466 2465
f 2466 2480 2481
f 2466 2481 2482
f 2466 2482 2468
f 2466 2468 2467
f 2466 2479 2480
f 2469 2483 2470
f 2470 2484 2471
f 2470 2483 2484
f 2471 2484 2485
f 2475 2486 2476
f 2476 2486 2477
f 2479 2487 2480
f 2480 2488 2481
f 2480 2487 2488
f 2481 2488 2489
f 2483 2490 2484
f 2484 2491 2492
f 2484 2492 2493
f 2484 2493 2485
f 2484 2490 2491
f 2487 2494 2495
f 2487 2495 2488
f 2488 2495 2489
f 2489 2495 2496
f 2490 2497 2491
f 2491 2498 2499
f 2491 2499 2500
f 2491 2500 2492
f 2491 2497 2501
f 2491 2501 2502
f 2491 2502 2498
f 2494 2503 2504
f 2494 2504 2505
f 2494 2505 2506
f 2494 2506 2495
f 2495 2506 2496
f 2497 2507 2501
f 2498 2502 2508
f 2498 2508 2499
f 2499 2509 2510
f 2499 2510 2511
f 2499 2511 2500
f 2499 2508 2512
f 2499 2512 2509
f 2501 2507 2513
f 2501 2513 2514
f 2501 2514 2502
f 2502 2514 2515
f 2502 2515 2516
f 2502 2516 2508
f 2503 2517 2504
f 2504 2518 2519
f 2504 2519 2520
f 2504 2520 2521
f 2504 2521 2505
f 2504 2517 2518
f 2505 2521 2506
f 2508 2516 2512
f 2509 2512 2510
f 2510 2512 2522
f 2512 2516 2523
f 2512 2523 2524
f 2512 2524 2525
f 2512 2525 2526
f 2512 2526 2527
f 2512 2527 2522
f 2515 2528 2516
f 2516 2528 2529
f 2516 2529 2530
f 2516 2530 2531
f 2516 2531 2532
f 2516 2532 2533
f 2516 2533 2534
f 2516 2534 2535
f 2516 2535 2554
f 2516 2554 2536
f 2516 2536 2523
f 2517 2537 2518
f 2518 2537 2539
f 2518 2539 2538
f 2523 2540 2560
f 2523 2560 2541
f 2523 2541 2542
f 2523 2542 2524
f 2523 2536 2554
f 2523 2554 2540
f 2524 2542 2543
f 2524 2543 2525
f 2525 2543 2544
f 2525 2544 2545
f 2525 2545 2546
f 2525 2546 2547
f 2525 2547 2526
f 2526 2547 2527
f 2527 2547 2546
f 2534 2548 2535
f 2535 2548 2549
f 2535 2549 2550
f 2535 2550 2551
f 2535 2551 2552
f 2535 2552 2553
f 2535 2553 2554
f 2538 2539 2555
f 2539 2556 2555
f 2540 2554 2557
f 2540 2557 2558
f 2540 2558 2559
f 2540 2559 2560
f 2548 2561 2562
f 2548 2562 2550
f 2548 2550 2549
f 2550 2562 2551
f 2551 2562 2563
f 2551 2563 2564
f 2551 2564 2557
f 2551 2557 2552
f 2552 2554 2553
f 2552 2557 2554
f 2555 2556 2566
f 2555 2566 2567
f 2555 2567 2565
f 2557 2568 2569
f 2557 2569 2558
f 2557 2564 2568
f 2558 2569 2570
f 2558 2570 2571
f 2558 2571 2572
f 2558 2572 2573
f 2558 2573 2559
f 2559 2573 2572
f 2561 2574 2575
f 2561 2575 2562
f 2562 2575 2563
f 2563 2575 2564
f 2564 2575 2576
f 2564 2576 2577
f 2564 2577 2578
f 2564 2578 2568
f 2565 2567 2579
f 2567 2580 2579
f 2568 2578 2570
f 2568 2570 2569
f 2570 2581 2582
f 2570 2582 2571
f 2570 2578 2581
f 2574 2583 2575
f 2575 2583 2576
f 2576 2583 2577
f 2577 2584 2585
f 2577 2585 2586
f 2577 2586 2587
f 2577 2587 2581
f 2577 2581 2578
f 2577 2583 2588
f 2577 2588 2584
f 2579 2580 2589
f 2580 2590 2589
f 2581 2587 2582
f 2584 2591 2592
f 2584 2592 2593
f 2584 2593 2594
f 2584 2594 2595
f 2584 2595 2585
f 2584 2588 2596
f 2584 2596 2597
f 2584 2597 2589
f 2584 2589 2591
f 2589 2590 2598
f 2589 2598 2599
f 2589 2599 2600
f 2589 2600 2601
f 2589 2601 2591
f 2591 2601 2602
f 2591 2602 2592

