# https://github.com/mikedh/trimesh
v -0.04206820 0.00973456 -0.02007621
v -0.04206820 0.00973456 -0.00939669
v -0.04206820 0.00903467 -0.01992027
v -0.07335034 0.00973456 -0.01902007
v -0.04206820 0.00568449 0.00406140
v -0.12395088 0.00973456 0.00115288
v -0.04206820 0.00731793 -0.01929179
v -0.04401406 0.00903467 -0.01984939
v -0.07335034 0.00967398 -0.01899644
v -0.07602176 0.00851110 -0.01835142
v -0.07602176 0.00973456 -0.01881215
v -0.04206820 -0.00111322 0.00406140
v -0.12402508 0.00815953 0.00406140
v -0.12574832 0.00973456 0.00089062
v -0.04206820 0.00676191 -0.01906496
v -0.04206820 0.00579050 -0.01863967
v -0.04206820 0.00542812 -0.01845065
v -0.07068715 0.00329166 -0.01553269
v -0.07617018 0.00611395 -0.01684636
v -0.08934594 0.00408783 -0.01407725
v -0.09201738 0.00636707 -0.01512630
v -0.09468056 0.00816062 -0.01577132
v -0.09468056 0.00949441 -0.01635255
v -0.09468056 0.00973456 -0.01644470
v -0.07068715 -0.00056911 0.00406140
v -0.07335034 -0.00093257 0.00133245
v -0.07068715 -0.00097909 0.00133245
v -0.06801571 -0.00102560 0.00133245
v -0.06535253 -0.00106779 0.00133245
v -0.06268109 -0.00110133 0.00133245
v -0.04206820 -0.00111863 0.00399997
v -0.12588024 0.00814655 0.00346599
v -0.12622654 0.00691444 0.00406140
v -0.12573183 0.00973456 -0.00125001
v -0.12630075 0.00659100 0.00406140
v -0.04206820 0.00401319 -0.01711808
v -0.06801571 0.00150245 -0.01425918
v -0.07068715 0.00155545 -0.01420011
v -0.06801571 0.00315320 -0.01559412
v -0.07335034 0.00167228 -0.01406071
v -0.07335034 0.00345825 -0.01539565
v -0.09201738 0.00294550 -0.01276830
v -0.09201738 0.00427822 -0.01386224
v -0.09468056 0.00636707 -0.01466320
v -0.09735199 0.00864740 -0.01546653
v -0.09846509 0.00973456 -0.01586583
v -0.09698921 0.00973456 -0.01612809
v -0.09599978 0.00973456 -0.01626986
v -0.09496914 0.00973456 -0.01640690
v -0.07356471 -0.00051393 0.00406140
v -0.07374610 -0.00050853 0.00406140
v -0.07602176 -0.00084711 0.00133245
v -0.07602176 -0.00109592 -0.00133507
v -0.07335034 -0.00113161 -0.00133507
v -0.07068715 -0.00116082 -0.00133507
v -0.06001791 -0.00112945 0.00133245
v -0.04206820 -0.00118138 0.00327461
v -0.12600392 0.00644388 0.00135608
v -0.12555869 0.00973456 -0.00214784
v -0.12616882 0.00412461 0.00406140
v -0.04206820 0.00267939 -0.01551851
v -0.06001791 0.00147757 -0.01429226
v -0.06268109 0.00145810 -0.01428281
v -0.06535253 0.00147216 -0.01427572
v -0.06535253 0.00013944 -0.01239971
v -0.06801571 0.00016865 -0.01238081
v -0.07068715 0.00022165 -0.01236664
v -0.07335034 0.00033848 -0.01234064
v -0.07602176 0.00053212 -0.01226740
v -0.09201738 0.00187132 -0.01143336
v -0.09468056 0.00205089 -0.01119236
v -0.09468056 0.00331330 -0.01252730
v -0.07810779 -0.00039386 -0.01080960
v -0.09468056 0.00464601 -0.01356217
v -0.09722832 0.00624051 -0.01400637
v -0.09994097 0.00923479 -0.01521608
v -0.09948749 0.00973456 -0.01562720
v -0.07566722 -0.00041982 0.00406140
v -0.12135365 0.00198166 0.00406140
v -0.10268661 0.00031360 -0.00133507
v -0.09378184 -0.00031381 -0.00257313
v -0.07602176 -0.00105048 -0.00400258
v -0.09378184 -0.00031381 -0.00273616
v -0.06801571 -0.00118678 -0.00133507
v -0.04206820 -0.00131551 0.00133245
v -0.12571535 0.00467305 0.00226100
v -0.12616058 0.00413110 0.00399997
v -0.12529484 0.00973456 -0.00266528
v -0.12555869 0.00738284 -0.00026475
v -0.12613584 0.00409432 0.00406140
v -0.04206820 0.00188647 -0.01418593
v -0.05734648 0.00020002 -0.01233356
v -0.06001791 0.00014377 -0.01238554
v -0.05734648 0.00153273 -0.01430171
v -0.06268109 0.00012538 -0.01240916
v -0.07335034 -0.00047283 -0.01100570
v -0.07602176 -0.00045768 -0.01093246
v -0.09468056 0.00119847 -0.00933526
v -0.09740970 0.00169608 -0.00950774
v -0.09656046 0.00221640 -0.01092065
v -0.07988050 -0.00027703 -0.01054261
v -0.09625538 0.00493267 -0.01338733
v -0.10687515 0.00497486 -0.01072454
v -0.07602176 -0.00073353 -0.00933526
v -0.07887459 -0.00052475 -0.00952427
v -0.10268661 0.00032334 -0.00400258
v -0.09803634 0.00526585 -0.01319359
v -0.10001518 0.00566718 -0.01297149
v -0.10022956 0.00973456 -0.01544290
v -0.12401684 0.00255932 0.00406140
v -0.10802123 0.00123201 -0.00400258
v -0.10534979 0.00066193 -0.00400258
v -0.07602176 -0.00091851 -0.00667010
v -0.07335034 -0.00093690 -0.00667010
v -0.07335034 -0.00106563 -0.00400258
v -0.06535253 -0.00120950 -0.00133507
v -0.10001518 0.00016324 -0.00400258
v -0.07868495 -0.00078870 -0.00667010
v -0.04206820 -0.00131227 0.00060709
v -0.06268109 -0.00122356 -0.00133507
v -0.12389316 0.00424144 0.00135608
v -0.12423121 0.00275403 0.00382985
v -0.12470119 0.00560552 0.00048187
v -0.12001794 0.00503652 -0.00266528
v -0.12391789 0.00973456 -0.00394115
v -0.12429718 0.00273672 0.00406140
v -0.04206820 0.00069979 -0.01200041
v -0.05201186 -0.00039278 -0.01084740
v -0.05468329 0.00027466 -0.01227685
v -0.05468329 -0.00042956 -0.01094427
v -0.05734648 -0.00043713 -0.01100098
v -0.06001791 -0.00044254 -0.01105296
v -0.06268109 -0.00044903 -0.01107422
v -0.06535253 -0.00045552 -0.01106713
v -0.07068715 -0.00046742 -0.01103169
v -0.07335034 -0.00075949 -0.00933526
v -0.06268109 -0.00075733 -0.00933526
v -0.07068715 -0.00075949 -0.00933526
v -0.10268661 0.00120713 -0.00667010
v -0.10471492 0.00223695 -0.00817280
v -0.10649587 0.00241003 -0.00792943
v -0.10001518 0.00086421 -0.00667010
v -0.10786457 0.00414624 -0.00945103
v -0.11068441 0.00446644 -0.00860990
v -0.10864786 0.00543569 -0.01041739
v -0.10786457 0.00634219 -0.01114983
v -0.10998358 0.00721408 -0.01090174
v -0.10518489 0.00973456 -0.01372756
v -0.11166559 0.00245979 -0.00505400
v -0.10988463 0.00224236 -0.00563523
v -0.10802123 0.00200005 -0.00617157
v -0.10550645 0.00176748 -0.00689220
v -0.07068715 -0.00094772 -0.00667010
v -0.07068715 -0.00107644 -0.00400258
v -0.04401406 -0.00128090 -0.00133507
v -0.04206820 -0.00128631 -0.00133507
v -0.06001791 -0.00123222 -0.00133507
v -0.05734648 -0.00124087 -0.00133507
v -0.06535253 -0.00109592 -0.00400258
v -0.06268109 -0.00110565 -0.00400258
v -0.11823699 0.00446969 -0.00328668
v -0.12332424 0.00973456 -0.00445386
v -0.11960568 0.00973456 -0.00756557
v -0.11704968 0.00792263 -0.00775932
v -0.11408967 0.00545624 -0.00750414
v -0.11230871 0.00485371 -0.00817516
v -0.04206820 -0.00015263 -0.01028035
v -0.04206820 -0.00061670 -0.00894541
v -0.05201186 -0.00072163 -0.00933526
v -0.05468329 -0.00075408 -0.00933526
v -0.05734648 -0.00075517 -0.00933526
v -0.04401406 -0.00104075 -0.00667010
v -0.04667724 -0.00103858 -0.00667010
v -0.05201186 -0.00102019 -0.00667010
v -0.05468329 -0.00101046 -0.00667010
v -0.06001791 -0.00099099 -0.00667010
v -0.10802123 0.00263504 -0.00750414
v -0.11074213 0.00303529 -0.00658268
v -0.11079985 0.00634219 -0.01002990
v -0.11176453 0.00792371 -0.01056860
v -0.10735337 0.00973456 -0.01297622
v -0.11326515 0.00428687 -0.00663702
v -0.04401406 -0.00116407 -0.00400258
v -0.04206820 -0.00125493 -0.00206042
v -0.06001791 -0.00111431 -0.00400258
v -0.05468329 -0.00113161 -0.00400258
v -0.11828645 0.00973456 -0.00849885
v -0.11527697 0.00723464 -0.00838071
v -0.11326515 0.00635409 -0.00880601
v -0.04206820 -0.00090661 -0.00730095
v -0.04206820 -0.00101587 -0.00667010
v -0.04206820 -0.00112945 -0.00472794
v -0.11610973 0.00890161 -0.00906118
v -0.11357847 0.00890161 -0.01028744
v -0.11408142 0.00973456 -0.01045991
v -0.11283641 0.00970211 -0.01093482
v -0.11290237 0.00973456 -0.01092301
v -0.11822049 0.00973456 -0.00853429
v -0.11820400 0.00970103 -0.00852484
v -0.12629447 0.00659073 0.00406301
v -0.12631097 0.00659891 0.00421401
v -0.12622022 0.00691490 0.00406301
v -0.12620372 0.00483181 0.00406301
v -0.12635222 0.00387464 0.00666867
v -0.12628622 0.00659891 0.00655462
v -0.12612121 0.00933342 0.00984303
v -0.12402567 0.00815944 0.00406301
v -0.12616247 0.00412416 0.00406301
v -0.12596445 0.00433175 0.00889040
v -0.12609646 0.00610192 0.00960206
v -0.12601396 0.00933342 0.01198925
v -0.12613771 0.00409450 0.00406301
v -0.12503219 0.00254113 0.00666867
v -0.12593971 0.00933342 0.00959242
v -0.12402567 0.00933342 0.00886791
v -0.04207644 0.00933342 0.00894181
v -0.04207644 0.00568468 0.00406301
v -0.12535394 0.00503532 0.01066874
v -0.12576646 0.00681366 0.01109606
v -0.12598921 0.00933342 0.01210813
v -0.12323364 0.00218730 0.00831690
v -0.12429792 0.00273748 0.00406301
v -0.12348940 0.00209526 0.00460920
v -0.12369566 0.00202879 0.00666867
v -0.04207644 0.00933342 0.01778212
v -0.04207644 -0.00111374 0.00406301
v -0.12402567 0.00830670 0.01293384
v -0.12402567 0.00933342 0.01354269
v -0.12589021 0.00933342 0.01223182
v -0.12357191 0.00472648 0.01086473
v -0.12135260 0.00781686 0.01326799
v -0.12135260 0.00163713 0.00666867
v -0.12135260 0.00205641 0.00849843
v -0.12135260 0.00322629 0.00983339
v -0.12400917 0.00255954 0.00406301
v -0.12135260 0.00198175 0.00406301
v -0.12135260 0.00194801 0.00415297
v -0.07335294 0.00933342 0.02030104
v -0.04207644 0.00903481 0.01765521
v -0.04207644 -0.00062083 0.00933699
v -0.07356745 -0.00051448 0.00406301
v -0.12235087 0.00933342 0.01392021
v -0.10535546 0.00474182 0.01359410
v -0.08402045 0.00725646 0.01901106
v -0.12135260 0.00915037 0.01403587
v -0.07567125 -0.00041937 0.00406301
v -0.07374895 -0.00050834 0.00406301
v -0.07462347 -0.00029768 0.00532568
v -0.07068813 0.00022693 0.00933699
v -0.07068813 0.00086300 0.01200371
v -0.07068813 0.00183245 0.01408567
v -0.07335294 0.00194698 0.01397322
v -0.07335294 0.00284792 0.01530658
v -0.07869082 0.00442174 0.01685198
v -0.07869082 0.00555686 0.01818534
v -0.08135563 0.00568775 0.01798293
v -0.07562175 0.00933342 0.02044562
v -0.07335294 0.00903481 0.02016449
v -0.04207644 0.00370181 0.01506721
v -0.04207644 -0.00039585 0.01086313
v -0.04401524 -0.00038665 0.01085670
v -0.04668005 -0.00034268 0.01077156
v -0.04401524 -0.00057788 0.00933699
v -0.04832184 -0.00031098 0.01070087
v -0.12112985 0.00933342 0.01416599
v -0.08402045 0.00903481 0.01999421
v -0.08135563 0.00702126 0.01915724
v -0.07068813 0.00279372 0.01541903
v -0.04668005 0.00034044 0.01210491
v -0.04401524 0.00037214 0.01219006
v -0.05734756 0.00169849 0.01405836
v -0.07601776 0.00427960 0.01694194
v -0.07869082 0.00689036 0.01920222
v -0.07601776 0.00552822 0.01827530
v -0.07601776 0.00933342 0.02046490
v -0.07601776 0.00903481 0.02033317
v -0.07335294 0.00696604 0.01908335
v -0.04207644 0.00174962 0.01392663
v -0.04207644 0.00041611 0.01219809
v -0.08920982 0.00933342 0.01930986
v -0.08402045 0.00933342 0.02011790
v -0.08135563 0.00903481 0.02023678
v -0.07068813 0.00412620 0.01688411
v -0.07335294 0.00418040 0.01693873
v -0.05468274 0.00168008 0.01405675
v -0.05201793 0.00166781 0.01403748
v -0.04934487 0.00166576 0.01402784
v -0.04668005 0.00167394 0.01401499
v -0.07869082 0.00903481 0.02033959
v -0.07601776 0.00686173 0.01918295
v -0.04401524 0.00170564 0.01398125
v -0.07335294 0.00563253 0.01827209
v -0.07825356 0.00933342 0.02047293
v -0.08135563 0.00933342 0.02035887
v -0.07869082 0.00933342 0.02046811
v -0.08093487 0.00933342 0.02038136
v -0.04206819 0.02930363 -0.01466814
v -0.04206819 0.02925893 -0.01582790
v -0.04206819 0.02915762 -0.01313291
v 0.02266873 0.02654440 -0.01295349
v 0.02000018 0.02677980 -0.01466814
v -0.04206819 0.02916358 -0.01651413
v 0.02000018 0.02656526 -0.01643274
v -0.04206819 0.02801341 -0.01179928
v 0.02524503 0.02442582 -0.01008278
v 0.02266873 0.02574286 -0.01161986
v 0.02524503 0.02586205 -0.01208229
v 0.02524503 0.02613320 -0.01256690
v 0.02482333 0.02646693 -0.01311996
v 0.02266873 0.02662784 -0.01466814
v 0.02266873 0.02645501 -0.01617009
v -0.04206819 0.02879111 -0.01751111
v 0.02000018 0.02582331 -0.01776637
v 0.00274359 0.02638052 -0.01868011
v -0.04206819 0.02868980 -0.01777007
v -0.04206819 0.02667849 -0.01048416
v -0.04133682 0.02668743 -0.01046751
v 0.01200114 0.00683951 -0.00457257
v 0.02524503 0.00602903 -0.00457257
v 0.02524503 0.02639244 -0.01466814
v 0.02471132 0.02645203 -0.01466814
v 0.02412490 0.02638350 -0.01603136
v 0.02513960 0.02565943 -0.01708568
v 0.02524503 0.02560281 -0.01716152
v 0.02524503 0.02425896 -0.01924611
v 0.02524503 0.02421128 -0.01931455
v 0.02000018 0.02449138 -0.01959200
v 0.01733164 0.02456587 -0.01973443
v 0.01466968 0.02356170 -0.02118828
v 0.01200114 0.02363918 -0.02125857
v -0.02000163 0.02691687 -0.01938484
v -0.03333777 0.02725060 -0.01973628
v -0.04206819 0.02781079 -0.01907964
v -0.04206819 0.00572212 -0.00457257
v 0.01005080 0.00680375 -0.00457257
v 0.02524503 0.00110653 -0.00457257
v 0.02524503 0.02633880 -0.01523785
v 0.02524503 0.02564155 -0.01709493
v 0.02524503 0.02308793 -0.02060193
v 0.01466968 0.02222679 -0.02209463
v 0.01200114 0.02230426 -0.02219636
v 0.02524503 0.02304323 -0.02064817
v 0.02524503 0.02175897 -0.02174134
v 0.02524503 0.02171130 -0.02177833
v -0.01200259 0.02406230 -0.02164700
v -0.01466454 0.02409805 -0.02167475
v -0.01733309 0.02416361 -0.02166920
v -0.04206819 0.02536145 -0.02105695
v -0.04206819 0.02742342 -0.01959015
v -0.04206819 -0.00113720 -0.00457257
v 0.02524503 0.00124955 -0.00666826
v -0.03657956 -0.00101801 -0.00457257
v 0.01200114 0.01970296 -0.02328952
v -0.01200259 0.02236982 -0.02259034
v 0.02524503 0.01977746 -0.02245902
v -0.01466454 0.02236982 -0.02262734
v -0.04206819 0.02437517 -0.02145279
v -0.04206819 -0.00112826 -0.00472794
v -0.04149495 -0.00113124 -0.00457257
v 0.02000018 0.00137172 -0.00933551
v 0.02266873 0.00146707 -0.00933551
v 0.02524503 0.00156243 -0.00933551
v -0.03867486 -0.00092862 -0.00666826
v -0.02395503 -0.00029990 -0.00800928
v -0.03924151 -0.00109847 -0.00457257
v 0.02524503 0.01970296 -0.02248306
v 0.02524503 0.01712849 -0.02278826
v 0.02524503 0.01703611 -0.02279751
v 0.01466968 0.01703611 -0.02336536
v 0.01200114 0.01703611 -0.02346894
v -0.01466454 0.01970296 -0.02337646
v -0.04206819 0.02421426 -0.02150643
v -0.04206819 -0.00101503 -0.00666826
v -0.04133682 -0.00100609 -0.00666826
v 0.01733164 0.00128233 -0.00933551
v 0.02524503 0.00207494 -0.01171420
v -0.02533872 -0.00032374 -0.00811471
v 0.00399550 0.00084729 -0.00933551
v 0.00666405 0.00093370 -0.00933551
v 0.02524503 0.01436927 -0.02268283
v 0.01466968 0.01436927 -0.02309716
v -0.01200259 0.01703611 -0.02328952
v -0.01466454 0.01703611 -0.02326733
v -0.01733309 0.01970296 -0.02322478
v -0.04206819 0.02252774 -0.02167290
v -0.04206819 -0.00090478 -0.00730085
v -0.04133682 -0.00060979 -0.00893227
v -0.03867486 -0.00056212 -0.00886014
v -0.03600631 -0.00051444 -0.00875285
v -0.03333777 -0.00046677 -0.00862153
v -0.03066922 -0.00041909 -0.00847170
v -0.02800068 -0.00037141 -0.00830523
v 0.01466968 0.00183358 -0.01191026
v 0.02524503 0.00247720 -0.01304782
v 0.00133355 0.00076386 -0.00933551
v -0.00133500 0.00068043 -0.00933551
v 0.02524503 0.01186928 -0.02192815
v 0.01466968 0.01170539 -0.02210018
v 0.01200114 0.01436927 -0.02306386
v -0.01466454 0.01436927 -0.02250156
v -0.01733309 0.01436927 -0.02239982
v -0.04206819 0.00903557 -0.01991940
v -0.04206819 0.00976262 -0.02008032
v -0.04206819 0.01170539 -0.02042806
v -0.01733309 0.01703611 -0.02308236
v -0.04206819 0.01971190 -0.02158411
v -0.04206819 0.02049855 -0.02162851
v -0.04206819 -0.00061575 -0.00894707
v -0.03867486 -0.00013602 -0.01019376
v -0.03600631 -0.00011516 -0.01008648
v -0.03333777 -0.00008536 -0.00995515
v 0.01466968 0.00307314 -0.01466814
v 0.01466968 0.00436336 -0.01697100
v 0.02524503 0.00251296 -0.01311071
v -0.02267018 0.00098436 -0.01200275
v -0.02533872 0.00092774 -0.01200275
v -0.01466454 0.00207494 -0.01393752
v 0.02524503 0.01058502 -0.02127337
v 0.01466968 0.00895511 -0.02074066
v -0.03867486 0.00529602 -0.01852844
v -0.04133682 0.00667861 -0.01908334
v -0.02000163 0.01091279 -0.02115314
v -0.04133682 0.00903557 -0.01994714
v -0.04206819 0.00731925 -0.01929236
v -0.04206819 0.01782872 -0.02141579
v -0.04206819 0.01789725 -0.02142504
v -0.04206819 -0.00015091 -0.01028069
v -0.04133682 -0.00014794 -0.01026590
v -0.02800068 0.00087709 -0.01200275
v -0.01733309 0.00204514 -0.01398746
v 0.01200114 0.00433357 -0.01698210
v 0.01466968 0.00538541 -0.01830462
v 0.01733164 0.00546288 -0.01821029
v 0.01733164 0.00444680 -0.01687667
v -0.02000163 0.00201534 -0.01402815
v -0.02267018 0.00198555 -0.01406515
v -0.02533872 0.00275431 -0.01542651
v -0.02800068 0.00273048 -0.01544686
v 0.02524503 0.00357970 -0.01473658
v 0.02524503 0.01053734 -0.02124747
v 0.02524503 0.00903557 -0.02040587
v 0.01466968 0.00672032 -0.01940704
v -0.03867486 0.00402069 -0.01719481
v -0.04133682 0.00401176 -0.01716707
v -0.04133682 0.00534667 -0.01850069
v -0.04206819 0.00676502 -0.01906484
v -0.04206819 0.00070129 -0.01200275
v -0.03867486 0.00072810 -0.01200275
v -0.03600631 0.00075790 -0.01200275
v -0.03333777 0.00079366 -0.01200275
v -0.03066922 0.00083239 -0.01200275
v -0.03066922 0.00271260 -0.01545981
v 0.01733164 0.00679481 -0.01935339
v 0.02000018 0.00688719 -0.01929420
v 0.02266873 0.00698552 -0.01923317
v 0.02524503 0.00708087 -0.01916288
v 0.02000018 0.00555227 -0.01807711
v 0.02524503 0.00574893 -0.01779041
v 0.02524503 0.00476265 -0.01645679
v -0.02533872 0.00195873 -0.01409289
v -0.02800068 0.00193787 -0.01411324
v -0.04133682 0.00267982 -0.01551530
v -0.04206819 0.00267982 -0.01551900
v -0.04206819 0.00401474 -0.01711898
v -0.04206819 0.00543010 -0.01845260
v -0.04206819 0.00579363 -0.01863942
v -0.04206819 0.00188721 -0.01418538
v -0.03333777 0.00191701 -0.01414098
v -0.03066922 0.00192595 -0.01412619
v -0.03867486 0.00189913 -0.01416873
v 0.02524503 0.00579363 -0.01783665
v 0.02525570 0.02639476 -0.01466848
v 0.02525570 0.02633782 -0.01523828
v 0.02525570 0.02613484 -0.01256780
v 0.08134639 0.02509269 -0.00666965
v 0.08401381 0.02509022 -0.00933653
v 0.03601077 0.02536994 -0.01733536
v 0.02525570 0.02564223 -0.01709554
v 0.06535248 0.02504071 -0.01466848
v 0.04401305 0.02514963 -0.01733536
v 0.02525570 0.02586254 -0.01208275
v 0.06268505 0.02482782 -0.00457437
v 0.06592865 0.02486990 -0.00457437
v 0.06859608 0.02487238 -0.00457437
v 0.08134639 0.02480802 -0.00457437
v 0.08192255 0.02479812 -0.00457437
v 0.08401381 0.02503576 -0.00666965
v 0.08668124 0.02498130 -0.00933653
v 0.08668124 0.02462732 -0.01200341
v 0.06801991 0.02494417 -0.01466848
v 0.02525570 0.02560263 -0.01716046
v 0.04401305 0.02417184 -0.01910787
v 0.04134563 0.02418669 -0.01913672
v 0.06001762 0.02384261 -0.01883199
v 0.05468277 0.02394410 -0.01894919
v 0.07068734 0.02418422 -0.01717668
v 0.07068734 0.02360250 -0.01850922
v 0.02525570 0.02442433 -0.01008304
v 0.05201534 0.02308266 -0.00457437
v 0.08401381 0.02466445 -0.00457437
v 0.09217614 0.02385251 -0.00457437
v 0.08668124 0.02475851 -0.00666965
v 0.09338182 0.02371389 -0.00457437
v 0.08934867 0.02462236 -0.00933653
v 0.08934867 0.02437235 -0.01200341
v 0.08934867 0.02393420 -0.01427179
v 0.08668124 0.02402827 -0.01448636
v 0.07335477 0.02409758 -0.01704686
v 0.02525570 0.02425848 -0.01924672
v 0.06001762 0.02255045 -0.02016633
v 0.06268505 0.02116917 -0.02145920
v 0.06001762 0.02121620 -0.02149526
v 0.02525570 0.02304553 -0.02064958
v 0.02525570 0.02308761 -0.02060270
v 0.02525570 0.02421145 -0.01931524
v 0.07335477 0.02354804 -0.01838120
v 0.09201610 0.02155781 -0.01919082
v 0.02525570 0.00602709 -0.00457437
v 0.04737402 0.02166673 -0.00457437
v 0.04911318 0.02236974 -0.00457437
v 0.04914519 0.02237964 -0.00457437
v 0.12733285 0.01895615 -0.00457437
v 0.13096055 0.01846850 -0.00933653
v 0.13092855 0.01846107 -0.01132001
v 0.09113051 0.02380548 -0.01383722
v 0.13042707 0.01833482 -0.01309793
v 0.12785567 0.01834720 -0.01582792
v 0.12523092 0.01835463 -0.01855069
v 0.08934867 0.02361240 -0.01560433
v 0.06268505 0.01970373 -0.02220030
v 0.08134639 0.02048843 -0.02088399
v 0.12402524 0.01633469 -0.02190999
v 0.12135781 0.01646094 -0.02195146
v 0.03334334 0.02160979 -0.02177475
v 0.03067591 0.02166177 -0.02179459
v 0.02525570 0.02175832 -0.02174230
v 0.09201610 0.02267174 -0.01733536
v 0.12135781 0.01779518 -0.02038271
v 0.02525570 0.00110597 -0.00457437
v 0.12907202 0.01859474 -0.00457437
v 0.13061913 0.01835215 -0.00560758
v 0.13080051 0.01840909 -0.00738550
v 0.13229427 0.01787935 -0.00933653
v 0.13189949 0.01788182 -0.01212602
v 0.13226226 0.01679264 -0.01488847
v 0.12946679 0.01813184 -0.01483077
v 0.12686338 0.01814917 -0.01753191
v 0.12959483 0.01688671 -0.01758059
v 0.12886929 0.01625796 -0.01938195
v 0.12677802 0.01674809 -0.02016453
v 0.12421730 0.01780014 -0.01985619
v 0.12345974 0.01846107 -0.01886985
v 0.06268505 0.01703523 -0.02287649
v 0.04668048 0.01970373 -0.02243471
v 0.12594579 0.01601289 -0.02161608
v 0.12402524 0.01436922 -0.02241488
v 0.03067591 0.01970373 -0.02260240
v 0.02525570 0.02171128 -0.02177836
v 0.02744299 0.00115053 -0.00457437
v 0.02525570 0.00124955 -0.00666965
v 0.13039506 0.01822343 -0.00457437
v 0.13182481 0.01771845 -0.00656506
v 0.13401210 0.01654510 -0.00933653
v 0.13394807 0.01645351 -0.01200341
v 0.13367067 0.01611686 -0.01414737
v 0.13152605 0.01625053 -0.01685392
v 0.13065113 0.01554999 -0.01863184
v 0.04668048 0.01703523 -0.02299369
v 0.12770630 0.01436922 -0.02116889
v 0.12637257 0.01436922 -0.02176033
v 0.12612717 0.01267604 -0.02162148
v 0.12402524 0.01241364 -0.02184147
v 0.06535248 0.01170320 -0.02239504
v 0.06268505 0.01170320 -0.02241668
v 0.06268505 0.01436922 -0.02285305
v 0.03067591 0.01703523 -0.02298107
v 0.02800848 0.01970373 -0.02256634
v 0.02525570 0.01977799 -0.02245996
v 0.03011042 0.00120994 -0.00457437
v 0.02525570 0.00125945 -0.00676341
v 0.02534106 0.00125202 -0.00666965
v 0.03277784 0.00127183 -0.00457437
v 0.13060846 0.01805758 -0.00457437
v 0.13374534 0.01623568 -0.00666965
v 0.13419348 0.01436922 -0.00933653
v 0.13424683 0.01436922 -0.01200341
v 0.13371334 0.01436922 -0.01427359
v 0.13317985 0.01436922 -0.01560613
v 0.12959483 0.01454250 -0.01968489
v 0.13169676 0.01454250 -0.01758059
v 0.13083252 0.01377017 -0.01880855
v 0.04934791 0.01436922 -0.02293238
v 0.13083252 0.01286664 -0.01880855
v 0.12669267 0.01018330 -0.01892395
v 0.12402524 0.01107940 -0.02055581
v 0.12909336 0.01186658 -0.01926475
v 0.12803706 0.01036401 -0.01868052
v 0.05945213 0.00496266 -0.01874363
v 0.06801991 0.00835645 -0.02095972
v 0.06535248 0.00829951 -0.02101201
v 0.06535248 0.00963376 -0.02168279
v 0.06268505 0.00961148 -0.02170082
v 0.04934791 0.01170320 -0.02236619
v 0.02800848 0.01436922 -0.02276469
v 0.02800848 0.01703523 -0.02293960
v 0.02525570 0.01970373 -0.02248339
v 0.02525570 0.00156392 -0.00933653
v 0.02534106 0.00156640 -0.00933653
v 0.02800848 0.00133124 -0.00666965
v 0.03544527 0.00136094 -0.00457437
v 0.13263570 0.01634460 -0.00457437
v 0.13346794 0.01587674 -0.00513335
v 0.13346794 0.01547325 -0.00513335
v 0.13367067 0.01449794 -0.00691307
v 0.13337191 0.01301764 -0.00796432
v 0.13354263 0.01281714 -0.00933653
v 0.13364932 0.01267851 -0.01200341
v 0.13352129 0.01283446 -0.01377592
v 0.12988292 0.01100761 -0.01733536
v 0.13132332 0.01233938 -0.01733536
v 0.12669267 0.00947286 -0.01733536
v 0.12402524 0.00898025 -0.01733536
v 0.12402524 0.00998279 -0.01922147
v 0.13050176 0.01050263 -0.01559351
v 0.12854920 0.01009666 -0.01733536
v 0.06020968 0.00447253 -0.01759141
v 0.05735020 0.00422251 -0.01733536
v 0.05735020 0.00494286 -0.01876527
v 0.05735020 0.00636869 -0.01982012
v 0.06020968 0.00611125 -0.01956768
v 0.11602296 0.00756927 -0.01617593
v 0.11335553 0.00665337 -0.01466848
v 0.06268505 0.00827971 -0.02104988
v 0.06001762 0.00828466 -0.02107152
v 0.06001762 0.00961891 -0.02168279
v 0.04934791 0.00991101 -0.02161788
v 0.02525570 0.01186905 -0.02192802
v 0.02525570 0.01436922 -0.02268174
v 0.02525570 0.01703523 -0.02279895
v 0.02525570 0.01712930 -0.02278813
v 0.02525570 0.00207633 -0.01171490
v 0.02886206 0.00233873 -0.01337742
v 0.03067591 0.00231645 -0.01341168
v 0.03334334 0.00233625 -0.01338643
v 0.03476241 0.00236348 -0.01334496
v 0.03067591 0.00142283 -0.00666965
v 0.03601077 0.00162086 -0.00666965
v 0.03601077 0.00138322 -0.00457437
v 0.03334334 0.00151689 -0.00666965
v 0.13267837 0.01509699 -0.00457437
v 0.13267837 0.01491133 -0.00457437
v 0.13288111 0.01369591 -0.00618640
v 0.13110993 0.01271317 -0.00483403
v 0.13200619 0.01239137 -0.00691307
v 0.13042707 0.01052491 -0.00861526
v 0.13181414 0.01135417 -0.00943750
v 0.13223025 0.01134674 -0.01200341
v 0.13078984 0.01030460 -0.01039318
v 0.13086453 0.01024271 -0.01381559
v 0.13201685 0.01166855 -0.01468471
v 0.12669267 0.00873024 -0.01466848
v 0.12315032 0.00756184 -0.01379395
v 0.12135781 0.00735143 -0.01423572
v 0.12135781 0.00786384 -0.01557006
v 0.11768743 0.00765838 -0.01607856
v 0.12950947 0.00978971 -0.01469012
v 0.06268505 0.00447253 -0.01720193
v 0.05735020 0.00356901 -0.01466848
v 0.05201534 0.00331652 -0.01466848
v 0.04934791 0.00321997 -0.01466848
v 0.11068810 0.00544042 -0.01200341
v 0.05558970 0.00498247 -0.01872200
v 0.02525570 0.00708161 -0.01916197
v 0.05735020 0.00836387 -0.02106070
v 0.02525570 0.00903719 -0.02040615
v 0.11602296 0.00684150 -0.01466848
v 0.02525570 0.01058432 -0.02127347
v 0.02525570 0.00247735 -0.01304924
v 0.02534106 0.00247240 -0.01305465
v 0.02708022 0.00240061 -0.01322775
v 0.02525570 0.00357891 -0.01473700
v 0.02525570 0.00476463 -0.01645722
v 0.11335553 0.00557904 -0.00933653
v 0.03867820 0.00153670 -0.00457437
v 0.13219824 0.01426278 -0.00457437
v 0.13141936 0.01331964 -0.00457437
v 0.13057644 0.01256217 -0.00457437
v 0.12937076 0.01189133 -0.00457437
v 0.12946679 0.01085909 -0.00651097
v 0.12864523 0.01004468 -0.00729535
v 0.12946679 0.00986892 -0.00943750
v 0.13089653 0.01022538 -0.01200341
v 0.12936009 0.00952979 -0.01200341
v 0.12669267 0.00857924 -0.01200341
v 0.12135781 0.00709894 -0.01200341
v 0.11869038 0.00646524 -0.01200341
v 0.11602296 0.00601719 -0.01200341
v 0.11335553 0.00566073 -0.01200341
v 0.11862636 0.00722024 -0.01484700
v 0.02525570 0.00574737 -0.01779156
v 0.02525570 0.01053728 -0.02124823
v 0.02525570 0.00251201 -0.01311055
v 0.11602296 0.00587856 -0.00933653
v 0.11602296 0.00663356 -0.00666965
v 0.11335553 0.00638602 -0.00666965
v 0.04881443 0.00221496 -0.00457437
v 0.12871991 0.01152992 -0.00457437
v 0.12772763 0.01046550 -0.00551743
v 0.12677802 0.00976248 -0.00651097
v 0.12055758 0.00748510 -0.00747746
v 0.12669267 0.00888124 -0.00933653
v 0.11869038 0.00647019 -0.00933653
v 0.11859436 0.00720291 -0.00662096
v 0.11764475 0.00762125 -0.00521449
v 0.11602296 0.00749996 -0.00503598
v 0.11335553 0.00734648 -0.00480337
v 0.11068810 0.00721033 -0.00459601
v 0.11030399 0.00719548 -0.00457437
v 0.12713013 0.01078235 -0.00457437
v 0.12595646 0.01019320 -0.00494582
v 0.11942659 0.00786879 -0.00569954
v 0.11824226 0.00820545 -0.00457437
v 0.11602296 0.00782424 -0.00457437
v 0.12066428 0.00885401 -0.00457437
v 0.11335553 0.00750491 -0.00457437
v 0.11074145 0.00723261 -0.00457437
v 0.11068810 0.00722766 -0.00457437
v 0.12628722 0.01051006 -0.00457437
v 0.12461208 0.01000507 -0.00457437
v 0.03119458 0.00685344 -0.00457257
v 0.04735926 0.02166707 -0.00457257
v 0.10406394 0.00685344 -0.00457257
v -0.04205110 0.00685344 0.00840185
v -0.04205110 0.02503662 0.00785270
v -0.04205110 0.02573756 0.00786702
v -0.04205110 0.02646599 0.00794820
v -0.02186663 0.02648889 0.00525495
v 0.04912113 0.02237946 -0.00457257
v 0.10515869 0.00690154 -0.00457257
v 0.07854256 0.00685344 0.00133445
v -0.04205110 0.00685344 0.01651982
v -0.04205110 0.02681187 0.00814160
v -0.04205110 0.02835806 0.00917067
v -0.02000213 0.02663778 0.00515706
v 0.06266867 0.02482817 -0.00457257
v 0.05199485 0.02308269 -0.00457257
v 0.10801531 0.00704585 -0.00457257
v 0.11029034 0.00719474 -0.00457257
v 0.08933612 0.00741236 0.00062054
v 0.08134786 0.00761851 0.00276226
v 0.06764637 0.00685344 0.00327082
v -0.04205110 0.00840192 0.01732446
v -0.03618391 0.00685344 0.01635985
v -0.04205110 0.02951255 0.01014244
v 0.06325026 0.02483733 -0.00457257
v -0.01733367 0.02910710 0.00786464
v 0.11068376 0.00722681 -0.00457257
v 0.09200458 0.00752689 0.00032209
v 0.08269919 0.00770098 0.00267152
v 0.06354105 0.00776512 0.00526450
v 0.06176208 0.00765975 0.00538388
v 0.02821823 0.00685344 0.00868121
v 0.02953535 0.00685344 0.00850691
v 0.06198445 0.00685344 0.00416857
v 0.06533713 0.00690612 0.00378894
v 0.06533713 0.00685344 0.00367911
v -0.04205110 0.00903643 0.01765395
v -0.03599576 0.00685344 0.01635030
v -0.03599576 0.00695652 0.01640522
v -0.04205110 0.02976681 0.01065340
v 0.06591871 0.02486940 -0.00457257
v -0.04205110 0.03025472 0.01200241
v -0.01466522 0.02911627 0.00782882
v 0.11073508 0.00723139 -0.00457257
v 0.11335222 0.00750398 -0.00457257
v 0.11602067 0.00782467 -0.00457257
v 0.11602067 0.00843399 -0.00370108
v 0.12081021 0.01016801 -0.00244518
v 0.12308524 0.01293282 0.00009049
v 0.08271630 0.01036042 0.00534568
v -0.03065885 0.00685344 0.01589665
v 0.01696282 0.00685344 0.01008514
v 0.02596030 0.00685344 0.00896295
v -0.04133267 0.00903643 0.01762530
v -0.04205110 0.01100639 0.01851350
v -0.03378915 0.00685344 0.01622853
v -0.03332730 0.00710541 0.01633836
v -0.03866421 0.00903643 0.01750353
v 0.06857006 0.02487398 -0.00457257
v -0.01199676 0.02906587 0.00792671
v -0.04205110 0.03025014 0.01272825
v -0.03065885 0.02985615 0.01200241
v -0.01466522 0.02922851 0.00933303
v -0.01066254 0.02903839 0.00799834
v 0.08191233 0.02479610 -0.00457257
v 0.08134786 0.02480984 -0.00457257
v 0.11824439 0.00820492 -0.00457257
v 0.12258918 0.01039478 -0.00270782
v 0.12399183 0.01207841 -0.00115108
v 0.12486421 0.01320083 -0.00013872
v 0.12399183 0.01420184 0.00068979
v 0.08134786 0.01170274 0.00605481
v 0.07867940 0.01170274 0.00640818
v -0.01466522 0.01193868 0.01660817
v -0.03065885 0.00737112 0.01618555
v -0.03332730 0.00685344 0.01619510
v -0.04133267 0.01109114 0.01850156
v -0.04205110 0.01233954 0.01884538
v -0.03599576 0.00903643 0.01731968
v -0.04205110 0.03017226 0.01466940
v -0.01743631 0.02921935 0.01211702
v -0.01466522 0.02915292 0.01123120
v 0.01467069 0.02790451 0.00666843
v 0.02534451 0.02744867 0.00400144
v 0.04561450 0.02640872 0.00282195
v 0.08401632 0.02466553 -0.00457257
v 0.12065626 0.00885317 -0.00457257
v 0.12402604 0.01058491 -0.00307313
v 0.12669449 0.01237390 -0.00186737
v 0.12669449 0.01369561 -0.00053268
v 0.12669449 0.01502877 0.00040088
v 0.12402604 0.01703767 0.00112672
v 0.07867940 0.01437135 0.00703374
v 0.01201933 0.01703767 0.01526154
v -0.01466522 0.01437135 0.01743429
v -0.01733367 0.01437135 0.01768976
v -0.03866421 0.01137976 0.01841799
v -0.03702208 0.01286410 0.01871645
v -0.04205110 0.01437135 0.01917249
v -0.04205110 0.02939573 0.01676336
v -0.03332730 0.02922851 0.01622137
v -0.03115491 0.02916208 0.01614735
v -0.03041937 0.02953087 0.01492488
v -0.01839421 0.02906129 0.01337053
v 0.02267605 0.02739828 0.00666843
v 0.09222695 0.02354999 -0.00135881
v 0.09149141 0.02375156 -0.00226611
v 0.09327039 0.02369888 -0.00292510
v 0.09217563 0.02385235 -0.00457257
v 0.12460763 0.01000537 -0.00457257
v 0.12628397 0.01050931 -0.00457257
v 0.12678003 0.01096515 -0.00403296
v 0.12845636 0.01278164 -0.00234729
v 0.12922611 0.01446069 -0.00139701
v 0.12821689 0.01553042 0.00009288
v 0.07867940 0.01703767 0.00695256
v 0.12821689 0.01615577 0.00009288
v 0.12671160 0.01704225 0.00041521
v 0.12585632 0.01847849 0.00015734
v 0.08049259 0.02114480 0.00542925
v 0.01201933 0.02237030 0.01465269
v 0.00935088 0.02237030 0.01502039
v 0.01201933 0.01970399 0.01540957
v 0.00935088 0.01970399 0.01572951
v 0.00935088 0.01703767 0.01554089
v -0.01466522 0.01703767 0.01790465
v -0.04205110 0.01703767 0.01944468
v -0.04205110 0.02913230 0.01714777
v -0.04205110 0.02835577 0.01803597
v -0.04205110 0.02707988 0.01899580
v -0.01199676 0.02468844 0.01661055
v -0.01199676 0.02602160 0.01569847
v 0.01201933 0.02405851 0.01366898
v -0.02937593 0.02902693 0.01598499
v 0.07867940 0.02240237 0.00400144
v 0.07334249 0.02385464 0.00292700
v 0.02534451 0.02717380 0.00666843
v 0.08401632 0.02380883 0.00023613
v 0.07495041 0.02374698 0.00274554
v 0.12402604 0.01911071 -0.00133254
v 0.09337302 0.02371491 -0.00457257
v 0.12669449 0.01905802 -0.00399953
v 0.12712213 0.01078419 -0.00457257
v 0.12871294 0.01153094 -0.00457257
v 0.12934584 0.01221356 -0.00396611
v 0.13057744 0.01256174 -0.00457257
v 0.13021823 0.01339324 -0.00305403
v 0.13110771 0.01517079 -0.00222313
v 0.13110771 0.01632528 -0.00222313
v 0.12763530 0.01793331 -0.00038704
v 0.12840504 0.01847849 -0.00216583
v 0.12671160 0.01867548 -0.00129912
v 0.01405489 0.02388671 0.01349469
v -0.00269138 0.02368743 0.01599693
v -0.01199676 0.02237030 0.01752979
v 0.00334686 0.02120665 0.01605423
v -0.01466522 0.01970399 0.01815058
v -0.01466522 0.02237030 0.01782825
v -0.04205110 0.01970399 0.01968822
v -0.04205110 0.02635832 0.01925128
v 0.12732740 0.01895723 -0.00457257
v 0.12891821 0.01859302 -0.00399953
v 0.12907216 0.01859531 -0.00457257
v 0.12938005 0.01189058 -0.00457257
v 0.13141560 0.01331994 -0.00457257
v 0.13199720 0.01443320 -0.00409265
v 0.13266431 0.01491423 -0.00457257
v 0.13266431 0.01509978 -0.00457257
v 0.13263010 0.01634818 -0.00457257
v 0.13199720 0.01670323 -0.00414518
v 0.13025244 0.01815551 -0.00399953
v 0.13038928 0.01822652 -0.00457257
v -0.04205110 0.02503662 0.01960943
v -0.04205110 0.02237030 0.01981954
v 0.13220246 0.01426369 -0.00457257
v 0.13061165 0.01805930 -0.00457257
v -0.04206819 -0.00113687 -0.00457050
v -0.04206819 0.00572197 -0.00457050
v -0.04191084 -0.00113687 -0.00457050
v -0.04206819 -0.00125517 -0.00205780
v -0.04206819 0.00685263 0.00840182
v 0.01005866 0.00680113 -0.00457050
v -0.04133864 -0.00128897 -0.00133310
v -0.04133864 -0.00112963 -0.00457050
v -0.03866364 -0.00128494 -0.00133310
v -0.04206819 -0.00128655 -0.00133310
v -0.04206819 0.00685263 0.01651804
v 0.03117260 0.00685263 -0.00457050
v 0.01200411 0.00683895 -0.00457050
v -0.03600294 -0.00136703 0.00133445
v -0.03923583 -0.00109985 -0.00457050
v -0.03866364 -0.00112480 -0.00400065
v -0.03600294 -0.00124149 -0.00133310
v -0.03332793 -0.00132759 0.00133445
v -0.04206819 -0.00131230 0.00060975
v -0.03866364 -0.00135254 0.00133445
v -0.04206819 0.00370045 0.01506658
v -0.04203958 0.00685263 0.01651804
v 0.10407009 0.00685263 -0.00457050
v -0.03600294 -0.00125597 0.00400201
v -0.03332793 -0.00123907 0.00400201
v -0.03866364 -0.00108295 -0.00457050
v -0.03600294 -0.00104432 -0.00400065
v -0.03332793 -0.00115860 -0.00133310
v 0.03600764 0.00131680 -0.00400065
v -0.03066723 -0.00123746 0.00133445
v -0.02799223 -0.00110387 0.00400201
v -0.03066723 -0.00118354 0.00400201
v -0.04133864 -0.00132438 0.00133445
v -0.04206819 -0.00131633 0.00133445
v -0.04206819 0.00174975 0.01392688
v -0.04133864 0.00176584 0.01390623
v -0.04133864 0.00370045 0.01503354
v -0.03600294 0.00685263 0.01635080
v -0.03618890 0.00685263 0.01635906
v 0.02535053 0.00136428 0.00133445
v 0.03600764 0.00164996 -0.00133310
v 0.04881048 0.00221409 -0.00457050
v 0.07853594 0.00685263 0.00133445
v -0.01596185 -0.00030396 0.00800747
v -0.03600294 -0.00094614 0.00666750
v -0.04133864 -0.00063712 0.00933505
v -0.03866364 -0.00121332 0.00400201
v -0.02799223 -0.00085521 0.00666750
v -0.03066723 -0.00089625 0.00666750
v -0.03332793 -0.00092120 0.00666750
v -0.03657513 -0.00101938 -0.00457050
v 0.03333264 0.00122827 -0.00400065
v 0.03276044 0.00127012 -0.00457050
v 0.03543545 0.00135945 -0.00457050
v 0.03600764 0.00138198 -0.00457050
v 0.03866834 0.00153569 -0.00457050
v 0.03866834 0.00147775 -0.00400065
v 0.02801123 0.00110676 -0.00133310
v 0.02535053 0.00095144 -0.00133310
v -0.00398870 -0.00015589 0.00400201
v -0.00712146 -0.00033534 0.00323602
v -0.02533152 -0.00103628 0.00133445
v -0.02799223 -0.00113767 0.00133445
v -0.02533152 -0.00100489 0.00400201
v -0.02267082 -0.00071277 0.00666750
v -0.02533152 -0.00079566 0.00666750
v -0.04206819 -0.00118193 0.00327524
v -0.04206819 0.00041629 0.01219462
v -0.04133864 0.00043238 0.01219875
v -0.03866364 0.00050883 0.01214920
v -0.03600294 0.00059575 0.01207074
v -0.03866364 0.00184229 0.01381332
v -0.03866364 0.00370045 0.01489728
v -0.03378569 0.00685263 0.01622899
v 0.02267553 0.00113975 0.00133445
v 0.03333264 0.00145280 -0.00133310
v 0.04132904 0.00168537 -0.00400065
v 0.06764995 0.00685263 0.00327111
v -0.01490330 0.00065691 0.00907284
v -0.01733512 0.00062391 0.00942177
v -0.02533152 0.00138601 0.01167639
v -0.02267082 0.00022959 0.00973560
v -0.02533152 0.00005254 0.00989664
v -0.03452954 -0.00030718 0.01068122
v -0.01733512 -0.00034420 0.00808799
v -0.01999582 -0.00061137 0.00666750
v -0.00852333 -0.00027901 0.00501370
v -0.00132800 -0.00001666 0.00400201
v 0.02001483 0.00095868 0.00133445
v 0.06534688 0.00685263 0.00367992
v -0.03866364 -0.00063229 0.00933505
v -0.04133864 -0.00039892 0.01086497
v -0.04206819 -0.00039570 0.01086291
v -0.04206819 -0.00062103 0.00933505
v -0.04206819 -0.00111916 0.00400201
v -0.02267082 -0.00045847 0.00840182
v -0.02533152 -0.00048905 0.00856287
v -0.03600294 -0.00057918 0.00933505
v 0.03068624 0.00127897 -0.00133310
v 0.01733982 0.00078486 0.00133445
v 0.01467912 0.00061667 0.00133445
v -0.00640622 -0.00025406 0.00407634
v -0.01199941 -0.00048342 0.00400201
v -0.01466011 -0.00058884 0.00400201
v -0.01733512 -0.00069346 0.00400201
v -0.01999582 -0.00079727 0.00400201
v -0.01999582 -0.00040858 0.00823458
v -0.03866364 -0.00037960 0.01081749
v -0.03600294 -0.00033937 0.01073696
v -0.03600294 0.00193001 0.01372248
v -0.03351389 0.00054344 0.01174246
v -0.03332793 0.00204831 0.01360892
v -0.03600294 0.00370045 0.01473830
v -0.03332793 0.00685263 0.01619595
v 0.02443502 0.00497275 0.00805702
v -0.03066723 0.00223099 0.01344994
v -0.03066723 0.00102226 0.01200261
v 0.06198523 0.00685263 0.00416925
v -0.03332793 0.00370045 0.01451738
v -0.03066723 0.00685263 0.01589864
v 0.02622313 0.00512967 0.00791456
v 0.02954185 0.00685263 0.00850712
v 0.02801123 0.00667237 0.00860003
v 0.02533623 0.00615814 0.00864339
v -0.02923675 0.00235089 0.01334877
v 0.01695359 0.00685263 0.01008659
v 0.02821150 0.00685263 0.00868055
v -0.10001695 0.04199613 0.01200318
v -0.10001695 0.04091228 0.00967101
v -0.10268363 0.04089949 0.00946272
v -0.10268363 0.04187464 0.01200318
v -0.10001695 0.04139825 0.01466993
v -0.08402582 0.04073963 0.01466993
v -0.08402582 0.04132791 0.01200318
v -0.08669251 0.04050303 0.00980386
v -0.10268363 0.03908027 0.00812935
v -0.11753446 0.03709481 0.00797846
v -0.11601705 0.03985720 0.01040412
v -0.10268363 0.04108492 0.01466993
v -0.11736386 0.03971012 0.01066325
v -0.11736386 0.03971012 0.01068129
v -0.11601705 0.03985720 0.01125695
v -0.10001695 0.04031760 0.01728747
v -0.08402582 0.03986359 0.01618863
v -0.08236475 0.03978046 0.01609022
v -0.07120419 0.03984121 0.01359076
v -0.10001695 0.03967815 0.01862084
v -0.07045895 0.03997549 0.01223279
v -0.06895053 0.03985720 0.01149804
v -0.06895053 0.03985720 0.01047792
v -0.07068342 0.03994032 0.01039592
v -0.08402582 0.04045188 0.00996294
v -0.05735000 0.03751684 0.00940204
v -0.05735000 0.03570722 0.00816051
v -0.10268363 0.03774704 0.00787022
v -0.11601705 0.03303754 0.00712727
v -0.11853110 0.03573919 0.00778002
v -0.12935945 0.02951741 0.00777182
v -0.13089482 0.02920409 0.00791450
v -0.11931224 0.03665359 0.00814739
v -0.11834254 0.03824580 0.00940532
v -0.10268363 0.04010978 0.01688237
v -0.11601705 0.03946074 0.01259033
v -0.12086557 0.03762235 0.00992522
v -0.13084992 0.03178104 0.01052876
v -0.13084992 0.03178104 0.01089450
v -0.12080271 0.03757119 0.01200318
v -0.11842335 0.03889164 0.01174241
v -0.07335011 0.03665039 0.01821083
v -0.07335011 0.03777901 0.01687745
v -0.07068342 0.03759677 0.01661996
v -0.07045895 0.03907708 0.01455512
v -0.10001695 0.03849838 0.02000342
v -0.09841873 0.03710440 0.02139091
v -0.06942640 0.03969414 0.01327587
v -0.10268363 0.03946074 0.01821575
v -0.10267466 0.03799003 0.02016906
v -0.10177678 0.03717793 0.02145979
v -0.05514123 0.03733779 0.01141604
v -0.05514123 0.03733779 0.00980222
v -0.05442294 0.03596939 0.00916915
v -0.04206819 0.02646408 0.00795058
v -0.04206819 0.02573831 0.00787022
v -0.11335037 0.03037107 0.00688290
v -0.11601705 0.03037107 0.00684026
v -0.12669276 0.02770459 0.00724372
v -0.11869271 0.03303754 0.00730932
v -0.12935945 0.02770459 0.00742576
v -0.13117316 0.02770459 0.00780626
v -0.13251098 0.02770459 0.00863285
v -0.13354355 0.02936075 0.01031884
v -0.13176575 0.03017284 0.00953489
v -0.11847722 0.03750725 0.01451412
v -0.11601705 0.03841206 0.01466993
v -0.13354355 0.02936075 0.01106343
v -0.13192736 0.03036787 0.01186706
v -0.13013163 0.03137499 0.01267233
v -0.12021910 0.03716834 0.01352024
v -0.07335011 0.03531716 0.01956880
v -0.05468332 0.03230858 0.01926867
v -0.05449476 0.03376331 0.01727435
v -0.05526694 0.03461377 0.01634443
v -0.10001695 0.03719072 0.02146963
v -0.10001695 0.03570722 0.02222078
v -0.07335011 0.03231817 0.02166316
v -0.07335011 0.03365141 0.02090217
v -0.05663170 0.03697651 0.01319387
v -0.11601705 0.03732181 0.01629195
v -0.11744467 0.03709481 0.01605742
v -0.10355457 0.03682944 0.02116786
v -0.10267466 0.03584470 0.02194033
v -0.05442294 0.03677828 0.01218359
v -0.04206819 0.03016964 0.01466993
v -0.04206819 0.03024958 0.01272973
v -0.04206819 0.03025277 0.01200318
v -0.04206819 0.02976680 0.01065669
v -0.04206819 0.02951102 0.01014335
v -0.04206819 0.02835683 0.00917243
v -0.04206819 0.02681257 0.00814411
v -0.04206819 0.02504132 0.00785546
v -0.11601705 0.02770459 0.00689930
v -0.12669276 0.02504132 0.00727652
v -0.12935945 0.02504132 0.00749465
v -0.13108337 0.02504132 0.00784890
v -0.13241222 0.02504132 0.00861973
v -0.13376801 0.02504132 0.00995310
v -0.13375005 0.02770459 0.00996622
v -0.13367822 0.02747440 0.01197202
v -0.13338193 0.02642891 0.01335952
v -0.13300482 0.02820975 0.01284126
v -0.13122703 0.02959734 0.01378593
v -0.12835383 0.03186417 0.01352680
v -0.05735000 0.03082507 0.02082181
v -0.05466536 0.03023039 0.02069716
v -0.05267208 0.03200165 0.01895870
v -0.05449476 0.03532675 0.01489790
v -0.05348915 0.03432922 0.01593606
v -0.10268363 0.03303754 0.02295717
v -0.10001695 0.03303754 0.02313758
v -0.07335011 0.03037107 0.02245531
v -0.05735000 0.02949184 0.02155984
v -0.12033582 0.03465853 0.01621815
v -0.11847722 0.03561130 0.01655436
v -0.11601705 0.03570722 0.01743180
v -0.10535032 0.03493349 0.02164348
v -0.04206819 0.02939592 0.01676429
v -0.04206819 0.02348747 0.00790630
v -0.12402608 0.00933342 0.00886902
v -0.04206819 0.01170575 0.00861809
v -0.13076911 0.02358019 0.00797190
v -0.13348069 0.02075386 0.01049596
v -0.13360639 0.02237165 0.01026471
v -0.13181064 0.02256348 0.00885754
v -0.13379494 0.02504132 0.01200318
v -0.13202614 0.02504132 0.01446164
v -0.13021243 0.02504132 0.01576549
v -0.13208001 0.02747440 0.01404670
v -0.13338193 0.02504132 0.01336608
v -0.12940435 0.02796037 0.01563101
v -0.12801264 0.02902185 0.01599838
v -0.05553630 0.02924565 0.02143519
v -0.05375851 0.02875967 0.02124987
v -0.04206819 0.02708114 0.01899642
v -0.04934995 0.02991387 0.01939823
v -0.05187297 0.03056930 0.01968196
v -0.04668326 0.02934476 0.01896198
v -0.04351377 0.02869253 0.01833875
v -0.04206819 0.02835363 0.01803698
v -0.04206819 0.02913055 0.01714806
v -0.10535032 0.03303754 0.02230443
v -0.10535032 0.03037107 0.02277185
v -0.10268363 0.03037107 0.02332291
v -0.10001695 0.03037107 0.02351972
v -0.09735026 0.03037107 0.02346395
v -0.07335011 0.02770459 0.02313430
v -0.06001669 0.02770459 0.02237331
v -0.05735000 0.02770459 0.02211746
v -0.11857599 0.03291925 0.01799270
v -0.11601705 0.03384964 0.01847652
v -0.10677794 0.03444432 0.02138107
v -0.12593856 0.00933342 0.00959229
v -0.04206819 0.00933342 0.00894282
v -0.12831792 0.01270008 0.01280845
v -0.13348069 0.02075386 0.01106671
v -0.12611813 0.00933342 0.00984322
v -0.13356150 0.02260504 0.01197530
v -0.13337294 0.02364733 0.01335296
v -0.12999694 0.02237165 0.01564249
v -0.12865911 0.02237165 0.01629687
v -0.12887460 0.02504132 0.01639036
v -0.12855137 0.02724420 0.01623455
v -0.13215184 0.02260504 0.01412379
v -0.12695315 0.02796037 0.01662160
v -0.11761527 0.03195049 0.01875205
v -0.05466536 0.02780371 0.02168612
v -0.05201663 0.02686053 0.02147784
v -0.05062493 0.02641612 0.02134991
v -0.05201663 0.02819377 0.02105142
v -0.04958340 0.02746480 0.02074309
v -0.04206819 0.02635857 0.01925227
v -0.11818990 0.03037107 0.01891933
v -0.11999463 0.02893552 0.01866020
v -0.10801700 0.02770459 0.02215846
v -0.10535032 0.02770459 0.02284565
v -0.12669276 0.02504132 0.01715626
v -0.10268363 0.02770459 0.02333111
v -0.10001695 0.02770459 0.02357220
v -0.09735026 0.02770459 0.02359516
v -0.07601679 0.02504132 0.02344263
v -0.07335011 0.02504132 0.02339015
v -0.07601679 0.02770459 0.02321630
v -0.06268337 0.02504132 0.02297685
v -0.06001669 0.02504132 0.02280957
v -0.05735000 0.02504132 0.02252420
v -0.04206819 0.00933342 0.01778277
v -0.12831792 0.01270008 0.01358420
v -0.13101154 0.01754386 0.01358256
v -0.13313052 0.02186968 0.01284454
v -0.12601038 0.00933342 0.01199006
v -0.13142456 0.01970517 0.01393190
v -0.12889256 0.01437222 0.01383677
v -0.12825507 0.02077304 0.01610990
v -0.12669276 0.02237165 0.01697914
v -0.12402608 0.02770459 0.01760072
v -0.11952774 0.03037107 0.01850112
v -0.05026578 0.02504132 0.02140075
v -0.04893693 0.02504132 0.02115802
v -0.04668326 0.02504132 0.02069552
v -0.04401658 0.02504132 0.02009034
v -0.04206819 0.02504132 0.01960980
v -0.05468332 0.02504132 0.02213878
v -0.05201663 0.02504132 0.02169596
v -0.10801700 0.02504132 0.02206498
v -0.10535032 0.02504132 0.02268328
v -0.10268363 0.02504132 0.02311954
v -0.10001695 0.02504132 0.02335243
v -0.09735026 0.02504132 0.02343279
v -0.07601679 0.02237165 0.02341967
v -0.07335011 0.02237165 0.02337703
v -0.06535006 0.02237165 0.02307690
v -0.06268337 0.02237165 0.02295553
v -0.06001669 0.02237165 0.02277677
v -0.05735000 0.02237165 0.02248319
v -0.05468332 0.02237165 0.02210434
v -0.04206819 0.01100875 0.01851424
v -0.07335011 0.01102794 0.02108422
v -0.07335011 0.00933342 0.02030191
v -0.12599243 0.00933342 0.01210815
v -0.12589366 0.00933342 0.01223279
v -0.12557042 0.01015830 0.01347268
v -0.12654911 0.01176649 0.01387286
v -0.12669276 0.01437222 0.01471257
v -0.12654012 0.01981388 0.01633787
v -0.12402608 0.01970517 0.01703654
v -0.11068368 0.01970517 0.02043968
v -0.12402608 0.02237165 0.01765813
v -0.10971398 0.02320612 0.02143355
v -0.05018497 0.02298871 0.02140895
v -0.04401658 0.02237165 0.02023959
v -0.04206819 0.02237165 0.01981809
v -0.10535032 0.02237165 0.02226343
v -0.10808883 0.02233967 0.02165660
v -0.10268363 0.02237165 0.02267508
v -0.10001695 0.02237165 0.02292929
v -0.09735026 0.02237165 0.02304738
v -0.07869246 0.01970517 0.02318350
v -0.07601679 0.01970517 0.02322450
v -0.07335011 0.01970517 0.02316546
v -0.07068342 0.01970517 0.02304902
v -0.06268337 0.01970517 0.02263080
v -0.06801674 0.01970517 0.02292273
v -0.06535006 0.01970517 0.02278661
v -0.06001669 0.01970517 0.02242251
v -0.05735000 0.01970517 0.02213714
v -0.04206819 0.01437222 0.01917354
v -0.05180114 0.02220859 0.02160740
v -0.04206819 0.01234199 0.01884553
v -0.05735000 0.01733923 0.02162052
v -0.06268337 0.01703870 0.02205022
v -0.06557452 0.01430508 0.02159920
v -0.06661606 0.01301660 0.02134663
v -0.06801674 0.01286953 0.02140567
v -0.07068342 0.01259777 0.02150408
v -0.07335011 0.01236118 0.02157952
v -0.07601679 0.01087447 0.02115310
v -0.07601679 0.00933342 0.02046591
v -0.07562173 0.00933342 0.02044459
v -0.12402608 0.00933342 0.01354484
v -0.12402608 0.00964355 0.01372689
v -0.12402608 0.01170575 0.01460924
v -0.12013829 0.01295266 0.01603774
v -0.11329650 0.01704509 0.01901938
v -0.11515510 0.01794031 0.01879961
v -0.11068368 0.01703870 0.01966064
v -0.10808883 0.01967320 0.02104814
v -0.10902262 0.02142847 0.02125971
v -0.04668326 0.02237165 0.02073817
v -0.04206819 0.01703870 0.01944416
v -0.04206819 0.01970517 0.01968852
v -0.10724483 0.02054284 0.02146307
v -0.10523360 0.01967320 0.02161232
v -0.10268363 0.01970517 0.02198461
v -0.10001695 0.01970517 0.02226014
v -0.08135914 0.01437222 0.02207810
v -0.07869246 0.01437222 0.02223554
v -0.07869246 0.01703870 0.02279809
v -0.07601679 0.01703870 0.02284237
v -0.07335011 0.01703870 0.02276364
v -0.07068342 0.01703870 0.02261932
v -0.06801674 0.01703870 0.02245531
v -0.06535006 0.01703870 0.02228147
v -0.06801674 0.01437222 0.02182881
v -0.07068342 0.01437222 0.02201906
v -0.07335011 0.01437222 0.02216994
v -0.07601679 0.01220771 0.02163528
v -0.07869246 0.01091284 0.02114162
v -0.07825249 0.00933342 0.02047247
v -0.12234706 0.00933342 0.01392206
v -0.12115288 0.01191996 0.01536039
v -0.10898670 0.01320524 0.01859952
v -0.11068368 0.01499248 0.01894558
v -0.11236271 0.01547846 0.01875697
v -0.10801700 0.01703870 0.02025763
v -0.10604168 0.01876199 0.02123511
v -0.10426389 0.01826962 0.02137615
v -0.10268363 0.01801704 0.02146143
v -0.08402582 0.01275763 0.02142863
v -0.08135914 0.01243471 0.02154508
v -0.07869246 0.01224608 0.02162216
v -0.07601679 0.01437222 0.02226671
v -0.08135914 0.01110147 0.02108258
v -0.08135914 0.00933342 0.02035931
v -0.08092816 0.00933342 0.02038063
v -0.07869246 0.00933342 0.02046756
v -0.12112595 0.00933342 0.01416807
v -0.10720892 0.01286634 0.01876353
v -0.10807087 0.01420597 0.01917354
v -0.10523360 0.01724332 0.02084149
v -0.10268363 0.01668381 0.02097434
v -0.10535032 0.01437222 0.01970656
v -0.08402582 0.01142439 0.02098746
v -0.08402582 0.00933342 0.02011822
v -0.08920655 0.00933342 0.01930967
v -0.10268363 0.01089366 0.01832235
v -0.10535032 0.01124215 0.01809766
v -0.10535032 0.01257539 0.01891605
v -0.10268363 0.01437222 0.02007230
v -0.10268363 0.01222689 0.01910138
v -0.10002223 0.04278024 -0.00933491
v -0.10002223 0.04256998 -0.01108592
v -0.10269105 0.04250853 -0.01095123
v -0.10269105 0.04266703 -0.00933491
v -0.10269105 0.04253440 -0.00784307
v -0.10002223 0.04258292 -0.00778593
v -0.09847247 0.04244383 -0.00792471
v -0.09809176 0.04251176 -0.00933491
v -0.09811099 0.04248912 -0.01091858
v -0.10002223 0.04098822 -0.01466959
v -0.09735726 0.04092352 -0.01466959
v -0.10269105 0.04187776 -0.01228388
v -0.10410622 0.04240825 -0.01073694
v -0.11602362 0.04111437 -0.00666961
v -0.11602362 0.04072621 -0.00400227
v -0.11602362 0.03983020 -0.00255738
v -0.11465846 0.03972022 -0.00265737
v -0.09749185 0.04111437 -0.00741246
v -0.09468843 0.04021836 -0.00766552
v -0.09462690 0.04020219 -0.00767369
v -0.09462690 0.04022483 -0.00770022
v -0.09462690 0.04128904 -0.00933083
v -0.09462690 0.04130845 -0.00939409
v -0.09675734 0.04208155 -0.00933491
v -0.09462690 0.04142814 -0.01200225
v -0.09462690 0.04058711 -0.01466959
v -0.09462690 0.03995311 -0.01634101
v -0.10002223 0.04006309 -0.01628591
v -0.10262952 0.04045773 -0.01479816
v -0.09735726 0.04012132 -0.01641448
v -0.11812331 0.03994341 -0.00840430
v -0.11990380 0.03966846 -0.00783899
v -0.11888473 0.04028952 -0.00683696
v -0.12029220 0.03986901 -0.00489206
v -0.11866553 0.04023777 -0.00400227
v -0.11776182 0.03985607 -0.00253084
v -0.11602362 0.03837458 -0.00208595
v -0.11360861 0.03818373 -0.00248595
v -0.09468843 0.03837458 -0.00687981
v -0.09462690 0.03842634 -0.00691655
v -0.09462690 0.03992400 -0.01637162
v -0.10002223 0.03837458 -0.01702876
v -0.10169890 0.03983990 -0.01610428
v -0.09462690 0.03821285 -0.01775121
v -0.09462690 0.03814168 -0.01779407
v -0.09735726 0.03837458 -0.01744509
v -0.09528834 0.03662138 -0.01855733
v -0.11602362 0.03938057 -0.01019409
v -0.11888473 0.03902152 -0.00930838
v -0.12119976 0.03783762 -0.00931858
v -0.12308793 0.03739447 -0.00842062
v -0.12125360 0.03911856 -0.00683696
v -0.12029220 0.03986901 -0.00605941
v -0.11953847 0.03944203 -0.00311452
v -0.13138666 0.03230629 -0.00400227
v -0.13126745 0.03212191 -0.00224105
v -0.11866553 0.03848133 -0.00216146
v -0.13210578 0.03045280 -0.00172472
v -0.11869245 0.03570596 -0.00170432
v -0.12395703 0.00973456 0.00115486
v -0.11602362 0.03570596 -0.00187983
v -0.11190503 0.03716480 -0.00262676
v -0.09462690 0.03570596 -0.00633900
v -0.09462690 0.03837458 -0.00689614
v -0.10002223 0.03570596 -0.01783897
v -0.10269105 0.03570596 -0.01721448
v -0.10262952 0.03838105 -0.01640223
v -0.09744185 0.03572213 -0.01838998
v -0.10463691 0.03749798 -0.01617570
v -0.11278181 0.03741387 -0.01362265
v -0.11869245 0.03754650 -0.01109000
v -0.09462690 0.03790878 -0.01791856
v -0.09660737 0.03484229 -0.01879202
v -0.09462690 0.03585475 -0.01887978
v -0.09462690 0.03567361 -0.01892876
v -0.12020375 0.03716480 -0.01075939
v -0.12198041 0.03620410 -0.01019817
v -0.12576444 0.03472584 -0.00831654
v -0.13104441 0.03209280 -0.00569614
v -0.12821407 0.03446707 -0.00554920
v -0.12343019 0.03766618 -0.00666961
v -0.13281721 0.03045280 -0.00421860
v -0.13371323 0.02961825 -0.00347370
v -0.13371323 0.02961825 -0.00223085
v -0.12936005 0.03037194 -0.00111860
v -0.13202887 0.02770331 -0.00094105
v -0.09462690 0.00973456 -0.00852266
v -0.09462690 0.01167862 -0.00821042
v -0.09462690 0.01313100 -0.00800430
v -0.09462690 0.01442164 -0.00784307
v -0.09462690 0.01450574 -0.00783287
v -0.09462690 0.01703851 -0.00760226
v -0.09462690 0.01710967 -0.00759614
v -0.09462690 0.03037194 -0.00646349
v -0.09462690 0.03043340 -0.00645941
v -0.09462690 0.03304056 -0.00629002
v -0.12574906 0.00973456 0.00088955
v -0.09838402 0.03391393 -0.01860631
v -0.10269105 0.03304056 -0.01774101
v -0.10734034 0.03499109 -0.01617775
v -0.10545986 0.03580946 -0.01646142
v -0.10641356 0.03677017 -0.01592060
v -0.11455462 0.03686721 -0.01327571
v -0.11069367 0.03570596 -0.01500020
v -0.09462690 0.03304056 -0.01948998
v -0.12119976 0.03546982 -0.01098184
v -0.12273029 0.03442501 -0.01069001
v -0.12827560 0.03201193 -0.00817369
v -0.13158663 0.03037194 -0.00610022
v -0.13390935 0.02770331 -0.00389411
v -0.13329406 0.02770331 -0.00522676
v -0.13390935 0.02770331 -0.00193901
v -0.09462690 0.00973456 -0.01644917
v -0.13367862 0.02504115 -0.00221656
v -0.13340558 0.02363406 -0.00260227
v -0.13082521 0.01816742 -0.00245942
v -0.13082521 0.01816742 -0.00293901
v -0.12572983 0.00973456 -0.00124922
v -0.09744185 0.03303086 -0.01892468
v -0.09894931 0.03213808 -0.01872876
v -0.09991071 0.03303086 -0.01838998
v -0.09468843 0.03304056 -0.01947774
v -0.10269105 0.03037194 -0.01794305
v -0.10535987 0.03304056 -0.01705733
v -0.10911699 0.03377484 -0.01593489
v -0.11354708 0.03586769 -0.01396959
v -0.11335865 0.03304056 -0.01462061
v -0.09462690 0.03037194 -0.01969406
v -0.11516222 0.03508813 -0.01353490
v -0.12135743 0.03304056 -0.01153490
v -0.12303794 0.03304056 -0.01083082
v -0.12669123 0.03037194 -0.00945940
v -0.12862939 0.03037194 -0.00838797
v -0.12996380 0.03037194 -0.00743491
v -0.13195965 0.02770331 -0.00635941
v -0.13312486 0.02504115 -0.00473288
v -0.13367862 0.02504115 -0.00339819
v -0.13179429 0.02504115 -0.00627573
v -0.09462690 0.01170449 -0.01719815
v -0.09468843 0.00973456 -0.01644305
v -0.13340558 0.02363406 -0.00281248
v -0.13082905 0.02081340 -0.00548594
v -0.13022530 0.01903755 -0.00471655
v -0.12792181 0.01586755 -0.00513900
v -0.12550679 0.01016478 -0.00286146
v -0.12556448 0.00973456 -0.00214921
v -0.09735726 0.03037194 -0.01916549
v -0.09918774 0.03037194 -0.01878386
v -0.10051830 0.03037194 -0.01847570
v -0.10269105 0.02770331 -0.01793080
v -0.10535987 0.03037194 -0.01724101
v -0.10054138 0.02770331 -0.01847774
v -0.10945925 0.03199576 -0.01603489
v -0.10814790 0.03294676 -0.01630019
v -0.11048601 0.03294676 -0.01562060
v -0.11086288 0.03037194 -0.01561652
v -0.11335865 0.03037194 -0.01473285
v -0.12135743 0.03037194 -0.01182674
v -0.09462690 0.02770331 -0.01964508
v -0.09468843 0.02770331 -0.01963692
v -0.09735726 0.02770331 -0.01916958
v -0.12345711 0.03037194 -0.01099817
v -0.12478767 0.03037194 -0.01040837
v -0.12669123 0.02770331 -0.00964511
v -0.12889089 0.02770331 -0.00851858
v -0.13022530 0.02770331 -0.00769205
v -0.13010609 0.02504115 -0.00760838
v -0.13125591 0.02237253 -0.00585941
v -0.12967923 0.02237253 -0.00719206
v -0.09462690 0.01436988 -0.01800019
v -0.09468843 0.01170449 -0.01719203
v -0.09497685 0.00973456 -0.01640632
v -0.12805640 0.02099778 -0.00802267
v -0.12551448 0.01285928 -0.00546349
v -0.12529913 0.00973456 -0.00266350
v -0.09920697 0.02770331 -0.01878998
v -0.10269105 0.02504115 -0.01777162
v -0.10535987 0.02770331 -0.01719815
v -0.10032987 0.02504115 -0.01840631
v -0.10802485 0.03037194 -0.01649611
v -0.09899546 0.02504115 -0.01874508
v -0.10952847 0.03037194 -0.01605734
v -0.12135743 0.02770331 -0.01182266
v -0.10948617 0.02846023 -0.01604305
v -0.12351863 0.02770331 -0.01100225
v -0.09462690 0.02504115 -0.01945325
v -0.09468843 0.02504115 -0.01944508
v -0.09735726 0.02504115 -0.01904712
v -0.09881087 0.02334294 -0.01870223
v -0.12485304 0.02770331 -0.01046143
v -0.12669123 0.02504115 -0.00947368
v -0.12877167 0.02504115 -0.00843899
v -0.12834482 0.02237253 -0.00819205
v -0.09462690 0.01736845 -0.01862059
v -0.09468843 0.01436988 -0.01799407
v -0.09492685 0.01701263 -0.01852060
v -0.09735726 0.01436988 -0.01766345
v -0.09735726 0.01170449 -0.01684917
v -0.09600361 0.00973456 -0.01626958
v -0.12669123 0.02237253 -0.00901654
v -0.12402625 0.01970714 -0.00953287
v -0.12144587 0.01433430 -0.00897981
v -0.12559909 0.01805097 -0.00816144
v -0.12494149 0.01627189 -0.00769410
v -0.12457232 0.01108020 -0.00464104
v -0.12061524 0.01218970 -0.00849409
v -0.11998841 0.01041385 -0.00796961
v -0.12391473 0.00973456 -0.00393900
v -0.10269105 0.02237253 -0.01755121
v -0.10535987 0.02504115 -0.01700223
v -0.09982995 0.02242105 -0.01834917
v -0.10824790 0.02762568 -0.01635326
v -0.12135743 0.02504115 -0.01162062
v -0.12329944 0.02504115 -0.01091245
v -0.11050139 0.02762568 -0.01562877
v -0.10928620 0.02668438 -0.01597979
v -0.09462690 0.02237253 -0.01920223
v -0.09468843 0.02237253 -0.01919611
v -0.09597285 0.01843590 -0.01866345
v -0.09658045 0.02021175 -0.01874508
v -0.09742263 0.02242105 -0.01883284
v -0.09835710 0.02156385 -0.01862468
v -0.10002223 0.01970714 -0.01802672
v -0.12463385 0.02504115 -0.01037164
v -0.12299564 0.02308740 -0.01079001
v -0.09462690 0.01801862 -0.01874305
v -0.09735726 0.01703851 -0.01821244
v -0.09994916 0.01164303 -0.01635530
v -0.10002223 0.01436988 -0.01713693
v -0.09735726 0.00998363 -0.01618387
v -0.09900700 0.01025858 -0.01605938
v -0.10078750 0.01071144 -0.01588795
v -0.09699577 0.00973456 -0.01612877
v -0.12394165 0.02226902 -0.01022674
v -0.12251878 0.02130831 -0.01061041
v -0.12111131 0.01723583 -0.01011042
v -0.11461615 0.01061116 -0.01064307
v -0.11893472 0.01146189 -0.00906756
v -0.12279567 0.01027799 -0.00542267
v -0.12332251 0.00973456 -0.00445329
v -0.11822329 0.00973456 -0.00853695
v -0.11829251 0.00973456 -0.00850022
v -0.11960769 0.00973456 -0.00756552
v -0.10269105 0.01970714 -0.01729611
v -0.10546370 0.01984299 -0.01638591
v -0.09462690 0.02231107 -0.01919611
v -0.09492685 0.01947747 -0.01888590
v -0.09742263 0.01947747 -0.01854713
v -0.10002223 0.01703851 -0.01767774
v -0.10466767 0.01703851 -0.01626754
v -0.10426004 0.01527237 -0.01610019
v -0.09462690 0.01882730 -0.01883692
v -0.10189502 0.01249052 -0.01616142
v -0.10274489 0.01437959 -0.01638591
v -0.09847247 0.00973456 -0.01586550
v -0.09949154 0.00973456 -0.01562673
v -0.10274489 0.01164303 -0.01558591
v -0.10022989 0.00973456 -0.01544305
v -0.10535987 0.00973456 -0.01366755
v -0.10735572 0.00973456 -0.01297571
v -0.11290487 0.00973456 -0.01092470
v -0.10367167 0.01349652 -0.01588999
v -0.11408930 0.00973456 -0.01046143
v -0.10269105 0.01703851 -0.01693897
v -0.09462690 0.01950012 -0.01891243
v -0.08934839 0.04161929 -0.01200380
v -0.08668341 0.04160680 -0.01200380
v -0.08934839 0.04070170 -0.01466971
v -0.09462690 0.04058622 -0.01466971
v -0.09462690 0.04141018 -0.01206338
v -0.09462690 0.04142890 -0.01200380
v -0.09462690 0.04130718 -0.00939746
v -0.08655479 0.04045513 -0.01490193
v -0.09462690 0.04129158 -0.00933177
v -0.07167105 0.03975290 -0.01061660
v -0.07133664 0.03983404 -0.01200380
v -0.07145497 0.03983092 -0.01356668
v -0.07334824 0.03990895 -0.01374084
v -0.08735737 0.03981220 -0.01612566
v -0.09462690 0.03995264 -0.01634107
v -0.09462690 0.04057373 -0.01470485
v -0.07334824 0.03914741 -0.01507304
v -0.09462690 0.04022417 -0.00769861
v -0.08668341 0.04075164 -0.00976412
v -0.09462690 0.04020233 -0.00767416
v -0.05839761 0.03711560 -0.01059369
v -0.05819182 0.03719051 -0.01200380
v -0.05831015 0.03716554 -0.01358807
v -0.06001821 0.03522112 -0.01718286
v -0.07061123 0.03901321 -0.01453986
v -0.08934839 0.03853256 -0.01750980
v -0.07334824 0.03781472 -0.01696133
v -0.07601321 0.03684407 -0.01846616
v -0.09462690 0.03992143 -0.01637162
v -0.07067811 0.03756816 -0.01666037
v -0.09462690 0.03842645 -0.00691640
v -0.07818944 0.03694082 -0.00805152
v -0.05744583 0.03582973 -0.01019494
v -0.05519243 0.03502137 -0.01030800
v -0.04207334 0.02915690 -0.01313280
v -0.05685418 0.03671923 -0.01200380
v -0.07601321 0.03527106 -0.00763139
v -0.04207334 0.02916315 -0.01651370
v -0.04207334 0.02879174 -0.01751132
v -0.04207334 0.02868875 -0.01776951
v -0.05739439 0.03629476 -0.01455361
v -0.05734808 0.03491526 -0.01670926
v -0.06001821 0.03424111 -0.01851658
v -0.08934839 0.03719987 -0.01879005
v -0.07334824 0.03668802 -0.01829506
v -0.07334824 0.03535220 -0.01945614
v -0.07601321 0.03550826 -0.01951573
v -0.09201851 0.03718426 -0.01877171
v -0.09462690 0.03821421 -0.01775271
v -0.09462690 0.03837651 -0.00689654
v -0.05734808 0.03303950 -0.00955787
v -0.04207334 0.02667879 -0.01048522
v -0.04207334 0.02801148 -0.01179908
v -0.04207334 0.02930359 -0.01466971
v -0.04207334 0.02925990 -0.01582775
v -0.07601321 0.03303950 -0.00712417
v -0.04207334 0.02780861 -0.01908032
v -0.05734808 0.03383225 -0.01804298
v -0.04207334 0.02742472 -0.01959059
v -0.05734808 0.03249956 -0.01932781
v -0.06001821 0.03290842 -0.01956614
v -0.08934839 0.03570488 -0.01953864
v -0.07340483 0.03277733 -0.02089681
v -0.07578170 0.03277733 -0.02092125
v -0.07067811 0.03303950 -0.02057140
v -0.09350534 0.03708439 -0.01869380
v -0.09462690 0.03814243 -0.01779396
v -0.09462690 0.03570488 -0.00634044
v -0.07868333 0.03303950 -0.00692251
v -0.04207334 0.02504023 -0.01014606
v -0.04207334 0.00973456 -0.00939899
v -0.04207334 0.02536482 -0.02105722
v -0.04401291 0.02599839 -0.02117791
v -0.04559234 0.02631362 -0.02131847
v -0.05733779 0.03016189 -0.02077459
v -0.06001821 0.03053017 -0.02089986
v -0.08668341 0.03303950 -0.02054237
v -0.08934839 0.03303950 -0.02033765
v -0.09201851 0.03570488 -0.01932934
v -0.07473217 0.03171305 -0.02133986
v -0.07433602 0.03171305 -0.02133986
v -0.07067811 0.03151642 -0.02128791
v -0.07255594 0.03168184 -0.02133375
v -0.09462690 0.03790835 -0.01791923
v -0.09462690 0.03585469 -0.01888018
v -0.09462690 0.03303950 -0.00628850
v -0.07601321 0.03037100 -0.00709209
v -0.04207334 0.00973456 -0.02007488
v -0.07868333 0.03037100 -0.00698973
v -0.09462690 0.03037100 -0.00646266
v -0.09462690 0.01703784 -0.00760083
v -0.09462690 0.01450666 -0.00783305
v -0.09462690 0.01442239 -0.00784221
v -0.09462690 0.01313027 -0.00800416
v -0.09462690 0.01167898 -0.00821040
v -0.09462690 0.00977826 -0.00851595
v -0.09462690 0.00973456 -0.00852359
v -0.04207334 0.02437857 -0.02145291
v -0.04207334 0.02421627 -0.02150638
v -0.04401291 0.02466882 -0.02162249
v -0.05821754 0.02913506 -0.02137347
v -0.05644261 0.02890410 -0.02130013
v -0.08668341 0.03037100 -0.02070431
v -0.07578170 0.03032418 -0.02143457
v -0.08934839 0.03037100 -0.02049196
v -0.09201851 0.03037100 -0.02013446
v -0.09201851 0.03303950 -0.01995572
v -0.09450857 0.03572049 -0.01893671
v -0.07340483 0.03062380 -0.02150943
v -0.07067811 0.03018373 -0.02157207
v -0.09462690 0.03567367 -0.01892907
v -0.04207334 0.00976265 -0.02008099
v -0.07334824 0.00973456 -0.01901921
v -0.07067811 0.01170395 -0.02002752
v -0.07067811 0.01437245 -0.02085403
v -0.09462690 0.00973456 -0.01644954
v -0.04207334 0.02253090 -0.02167290
v -0.04401291 0.02237173 -0.02189595
v -0.04655955 0.02527431 -0.02161943
v -0.05733779 0.02788976 -0.02156749
v -0.07759779 0.02940347 -0.02136430
v -0.07334824 0.02770561 -0.02174012
v -0.07067811 0.02770561 -0.02185318
v -0.08934839 0.02770561 -0.02033002
v -0.09201851 0.02770561 -0.02002599
v -0.07620872 0.02761822 -0.02148499
v -0.09462690 0.02770561 -0.01964558
v -0.09462690 0.03037100 -0.01969294
v -0.09462690 0.03303950 -0.01948975
v -0.06001821 0.02770561 -0.02167290
v -0.06801828 0.02770561 -0.02184707
v -0.04401291 0.01170395 -0.02044307
v -0.04207334 0.01170395 -0.02042932
v -0.07601321 0.00973456 -0.01881296
v -0.07334824 0.01170395 -0.01979225
v -0.07544729 0.02580177 -0.02142541
v -0.07337910 0.02496532 -0.02152777
v -0.07067811 0.02504023 -0.02173707
v -0.06801828 0.02504023 -0.02180887
v -0.04401291 0.01970634 -0.02174012
v -0.04401291 0.01756530 -0.02146666
v -0.04401291 0.01623260 -0.02125125
v -0.09462690 0.01437245 -0.01800020
v -0.09462690 0.01736867 -0.01862199
v -0.09462690 0.01801785 -0.01874269
v -0.09462690 0.01882620 -0.01883741
v -0.09462690 0.01950035 -0.01891227
v -0.09462690 0.01170395 -0.01719813
v -0.04207334 0.02050221 -0.02163013
v -0.04207334 0.01971570 -0.02158429
v -0.04667788 0.02237173 -0.02189443
v -0.06534816 0.02504023 -0.02184707
v -0.09201851 0.02504023 -0.01976780
v -0.09462690 0.02237173 -0.01920254
v -0.09462690 0.02504023 -0.01945309
v -0.04209391 0.01785243 -0.02142235
v -0.04207334 0.01783371 -0.02141624
v -0.07601321 0.00984692 -0.01885421
v -0.09462690 0.01431003 -0.01798187
v -0.04207334 0.01789925 -0.02142541
f 1 2 5
f 1 5 12
f 1 12 31
f 1 31 57
f 1 57 85
f 1 85 119
f 1 119 156
f 1 156 184
f 1 184 192
f 1 192 191
f 1 191 190
f 1 190 168
f 1 168 167
f 1 167 127
f 1 127 91
f 1 91 61
f 1 61 36
f 1 36 17
f 1 17 16
f 1 16 15
f 1 15 7
f 1 7 3
f 1 3 4
f 1 4 11
f 1 11 24
f 1 24 49
f 1 49 48
f 1 48 47
f 1 47 46
f 1 46 77
f 1 77 109
f 1 109 148
f 1 148 181
f 1 181 197
f 1 197 195
f 1 195 198
f 1 198 187
f 1 187 163
f 1 163 162
f 1 162 125
f 1 125 88
f 1 88 59
f 1 59 34
f 1 34 14
f 1 14 6
f 1 6 2
f 2 6 5
f 3 7 8
f 3 8 4
f 4 9 10
f 4 10 11
f 4 8 7
f 4 7 9
f 5 6 13
f 5 13 33
f 5 33 35
f 5 35 60
f 5 60 90
f 5 90 126
f 5 126 110
f 5 110 79
f 5 79 78
f 5 78 51
f 5 51 50
f 5 50 25
f 5 25 12
f 6 14 13
f 7 15 9
f 9 15 16
f 9 16 10
f 10 16 17
f 10 17 18
f 10 18 19
f 10 19 20
f 10 20 21
f 10 21 22
f 10 22 23
f 10 23 24
f 10 24 11
f 12 25 26
f 12 26 27
f 12 27 28
f 12 28 29
f 12 29 30
f 12 30 31
f 13 14 32
f 13 32 33
f 14 34 35
f 14 35 33
f 14 33 32
f 17 36 37
f 17 37 38
f 17 38 39
f 17 39 18
f 18 39 38
f 18 38 40
f 18 40 41
f 18 41 19
f 19 41 20
f 20 42 43
f 20 43 21
f 20 41 40
f 20 40 42
f 21 43 22
f 22 43 44
f 22 44 45
f 22 45 46
f 22 46 47
f 22 47 48
f 22 48 23
f 23 48 49
f 23 49 24
f 25 50 26
f 26 50 51
f 26 51 52
f 26 52 53
f 26 53 27
f 27 53 28
f 28 53 29
f 29 53 54
f 29 54 30
f 30 54 55
f 30 55 56
f 30 56 57
f 30 57 31
f 34 58 35
f 34 59 58
f 35 58 60
f 36 61 62
f 36 62 63
f 36 63 64
f 36 64 37
f 37 64 65
f 37 65 66
f 37 66 67
f 37 67 38
f 38 67 68
f 38 68 40
f 40 68 69
f 40 69 42
f 42 70 71
f 42 71 72
f 42 72 43
f 42 69 73
f 42 73 70
f 43 72 74
f 43 74 44
f 44 74 75
f 44 75 45
f 45 76 77
f 45 77 46
f 45 75 76
f 51 78 52
f 52 78 79
f 52 79 80
f 52 80 81
f 52 81 53
f 53 82 54
f 53 81 83
f 53 83 82
f 54 82 55
f 55 84 85
f 55 85 56
f 55 82 84
f 56 85 57
f 58 86 87
f 58 87 60
f 58 59 88
f 58 88 89
f 58 89 86
f 60 87 90
f 61 91 92
f 61 92 93
f 61 93 94
f 61 94 62
f 62 93 95
f 62 95 63
f 62 94 93
f 63 95 64
f 64 95 65
f 65 95 96
f 65 96 66
f 66 96 97
f 66 97 67
f 67 97 68
f 68 97 73
f 68 73 69
f 70 73 71
f 71 98 99
f 71 99 100
f 71 100 72
f 71 73 101
f 71 101 98
f 72 102 74
f 72 100 103
f 72 103 102
f 73 97 104
f 73 104 105
f 73 105 106
f 73 106 101
f 74 102 75
f 75 102 107
f 75 107 108
f 75 108 76
f 76 108 103
f 76 103 109
f 76 109 77
f 79 110 111
f 79 111 112
f 79 112 106
f 79 106 80
f 80 106 83
f 80 83 81
f 82 113 114
f 82 114 115
f 82 115 116
f 82 116 84
f 82 83 113
f 83 106 117
f 83 117 104
f 83 104 118
f 83 118 113
f 84 116 85
f 85 116 120
f 85 120 119
f 86 121 122
f 86 122 87
f 86 89 88
f 86 88 123
f 86 123 124
f 86 124 121
f 87 122 90
f 88 125 123
f 90 122 126
f 91 127 128
f 91 128 129
f 91 129 92
f 92 129 128
f 92 128 130
f 92 130 93
f 93 130 131
f 93 131 95
f 95 131 132
f 95 132 133
f 95 133 134
f 95 134 135
f 95 135 96
f 96 136 104
f 96 104 97
f 96 135 137
f 96 137 138
f 96 138 136
f 98 139 99
f 98 101 139
f 99 139 100
f 100 139 140
f 100 140 141
f 100 141 103
f 101 106 142
f 101 142 139
f 102 103 107
f 103 141 143
f 103 143 144
f 103 144 145
f 103 145 109
f 103 108 107
f 104 113 118
f 104 117 106
f 104 106 105
f 104 136 113
f 106 112 142
f 109 145 146
f 109 146 147
f 109 147 148
f 110 126 122
f 110 122 149
f 110 149 111
f 111 149 150
f 111 150 151
f 111 151 112
f 112 151 152
f 112 152 139
f 112 139 142
f 113 136 114
f 114 136 153
f 114 153 154
f 114 154 115
f 115 154 120
f 115 120 116
f 119 155 156
f 119 120 157
f 119 157 158
f 119 158 155
f 120 154 159
f 120 159 160
f 120 160 185
f 120 185 157
f 121 124 161
f 121 161 122
f 122 161 149
f 123 125 162
f 123 162 163
f 123 163 124
f 124 163 164
f 124 164 165
f 124 165 166
f 124 166 161
f 127 167 128
f 128 167 168
f 128 168 130
f 130 168 169
f 130 169 170
f 130 170 131
f 131 170 132
f 132 170 133
f 133 170 134
f 134 170 135
f 135 170 171
f 135 171 137
f 136 138 172
f 136 172 173
f 136 173 174
f 136 174 175
f 136 175 176
f 136 176 153
f 137 171 172
f 137 172 138
f 139 152 141
f 139 141 140
f 141 152 151
f 141 151 150
f 141 150 149
f 141 149 177
f 141 177 144
f 141 144 143
f 144 177 178
f 144 178 166
f 144 166 145
f 145 166 179
f 145 179 180
f 145 180 147
f 145 147 146
f 147 180 181
f 147 181 148
f 149 182 178
f 149 178 177
f 149 161 182
f 153 176 154
f 154 176 175
f 154 175 159
f 155 183 184
f 155 184 156
f 155 158 183
f 157 185 186
f 157 186 158
f 158 186 183
f 159 175 174
f 159 174 160
f 160 174 173
f 160 173 185
f 161 166 182
f 163 187 164
f 164 187 188
f 164 188 165
f 165 188 166
f 166 188 189
f 166 189 179
f 166 178 182
f 168 190 169
f 169 190 191
f 169 191 172
f 169 172 170
f 170 172 171
f 172 191 192
f 172 192 184
f 172 184 183
f 172 183 173
f 173 183 186
f 173 186 185
f 179 189 188
f 179 188 193
f 179 193 180
f 180 194 195
f 180 195 196
f 180 196 181
f 180 193 194
f 181 196 197
f 187 198 199
f 187 199 188
f 188 199 193
f 193 199 194
f 194 199 198
f 194 198 195
f 195 197 196
f 200 201 202
f 200 202 207
f 200 207 217
f 200 217 226
f 200 226 241
f 200 241 247
f 200 247 246
f 200 246 236
f 200 236 235
f 200 235 222
f 200 222 212
f 200 212 208
f 200 208 203
f 200 203 201
f 201 204 205
f 201 205 206
f 201 206 202
f 201 203 204
f 202 206 207
f 203 208 204
f 204 209 210
f 204 210 211
f 204 211 206
f 204 206 205
f 204 208 212
f 204 212 213
f 204 213 209
f 206 211 220
f 206 220 229
f 206 229 228
f 206 228 242
f 206 242 265
f 206 265 280
f 206 280 281
f 206 281 294
f 206 294 296
f 206 296 295
f 206 295 293
f 206 293 275
f 206 275 257
f 206 257 238
f 206 238 225
f 206 225 216
f 206 216 215
f 206 215 214
f 206 214 207
f 207 214 215
f 207 215 216
f 207 216 217
f 209 218 219
f 209 219 220
f 209 220 210
f 209 213 221
f 209 221 218
f 210 220 211
f 212 222 213
f 213 222 223
f 213 223 224
f 213 224 221
f 216 225 239
f 216 239 259
f 216 259 278
f 216 278 279
f 216 279 260
f 216 260 240
f 216 240 226
f 216 226 217
f 218 227 228
f 218 228 229
f 218 229 219
f 218 221 230
f 218 230 231
f 218 231 227
f 219 229 220
f 221 224 232
f 221 232 233
f 221 233 234
f 221 234 230
f 222 235 223
f 223 235 236
f 223 236 237
f 223 237 232
f 223 232 224
f 225 238 239
f 226 240 241
f 227 231 228
f 228 231 242
f 230 234 243
f 230 243 244
f 230 244 231
f 231 245 242
f 231 244 245
f 232 237 246
f 232 246 247
f 232 247 248
f 232 248 249
f 232 249 233
f 233 249 250
f 233 250 251
f 233 251 252
f 233 252 253
f 233 253 254
f 233 254 255
f 233 255 256
f 233 256 234
f 234 256 243
f 236 246 237
f 238 257 258
f 238 258 239
f 239 258 259
f 240 260 261
f 240 261 262
f 240 262 263
f 240 263 241
f 241 248 247
f 241 263 262
f 241 262 264
f 241 264 248
f 242 245 265
f 243 256 244
f 244 266 245
f 244 256 267
f 244 267 266
f 245 266 265
f 248 264 249
f 249 264 250
f 250 264 262
f 250 262 261
f 250 261 251
f 251 268 253
f 251 253 252
f 251 261 269
f 251 269 270
f 251 270 271
f 251 271 268
f 253 272 254
f 253 268 272
f 254 272 255
f 255 273 267
f 255 267 256
f 255 272 274
f 255 274 273
f 257 275 276
f 257 276 258
f 258 276 277
f 258 277 259
f 259 277 278
f 260 279 270
f 260 270 269
f 260 269 261
f 265 266 280
f 266 281 280
f 266 267 282
f 266 282 281
f 267 273 282
f 268 283 284
f 268 284 272
f 268 271 285
f 268 285 286
f 268 286 287
f 268 287 283
f 270 279 288
f 270 288 287
f 270 287 286
f 270 286 285
f 270 285 271
f 272 284 274
f 273 289 282
f 273 274 290
f 273 290 289
f 274 284 283
f 274 283 291
f 274 291 292
f 274 292 290
f 275 293 276
f 276 290 277
f 276 293 289
f 276 289 290
f 277 290 292
f 277 292 278
f 278 291 279
f 278 292 291
f 279 291 288
f 281 282 294
f 282 289 295
f 282 295 296
f 282 296 294
f 283 287 288
f 283 288 291
f 289 293 295
f 297 298 302
f 297 302 312
f 297 312 315
f 297 315 333
f 297 333 349
f 297 349 348
f 297 348 357
f 297 357 372
f 297 372 385
f 297 385 407
f 297 407 406
f 297 406 426
f 297 426 425
f 297 425 404
f 297 404 403
f 297 403 402
f 297 402 424
f 297 424 446
f 297 446 466
f 297 466 465
f 297 465 464
f 297 464 463
f 297 463 467
f 297 467 447
f 297 447 427
f 297 427 408
f 297 408 386
f 297 386 373
f 297 373 358
f 297 358 350
f 297 350 334
f 297 334 316
f 297 316 304
f 297 304 299
f 297 299 300
f 297 300 301
f 297 301 298
f 298 301 303
f 298 303 302
f 299 304 305
f 299 305 306
f 299 306 300
f 300 306 307
f 300 307 308
f 300 308 309
f 300 309 301
f 301 309 310
f 301 310 311
f 301 311 303
f 302 303 312
f 303 311 313
f 303 313 314
f 303 314 315
f 303 315 312
f 304 316 317
f 304 317 305
f 305 318 319
f 305 319 336
f 305 336 351
f 305 351 362
f 305 362 376
f 305 376 394
f 305 394 414
f 305 414 439
f 305 439 459
f 305 459 458
f 305 458 471
f 305 471 456
f 305 456 441
f 305 441 440
f 305 440 418
f 305 418 397
f 305 397 380
f 305 380 368
f 305 368 367
f 305 367 366
f 305 366 355
f 305 355 344
f 305 344 343
f 305 343 342
f 305 342 339
f 305 339 326
f 305 326 325
f 305 325 324
f 305 324 338
f 305 338 337
f 305 337 320
f 305 320 308
f 305 308 307
f 305 307 306
f 305 317 318
f 308 320 309
f 309 321 310
f 309 320 321
f 310 321 322
f 310 322 311
f 311 322 313
f 313 322 323
f 313 323 324
f 313 324 325
f 313 325 326
f 313 326 327
f 313 327 314
f 314 327 328
f 314 328 329
f 314 329 330
f 314 330 331
f 314 331 315
f 315 331 332
f 315 332 333
f 316 334 317
f 317 334 335
f 317 335 318
f 318 335 334
f 318 334 350
f 318 350 359
f 318 359 365
f 318 365 352
f 318 352 336
f 318 336 319
f 320 337 321
f 321 337 322
f 322 337 338
f 322 338 323
f 323 338 324
f 326 339 327
f 327 339 329
f 327 329 328
f 329 340 341
f 329 341 330
f 329 339 342
f 329 342 343
f 329 343 344
f 329 344 340
f 330 341 345
f 330 345 332
f 330 332 331
f 332 345 346
f 332 346 347
f 332 347 348
f 332 348 349
f 332 349 333
f 336 352 351
f 340 353 341
f 340 344 353
f 341 353 354
f 341 354 345
f 344 355 353
f 345 354 346
f 346 354 356
f 346 356 347
f 347 356 348
f 348 356 357
f 350 358 359
f 351 360 361
f 351 361 362
f 351 352 363
f 351 363 364
f 351 364 360
f 352 365 363
f 353 355 366
f 353 366 367
f 353 367 368
f 353 368 369
f 353 369 370
f 353 370 371
f 353 371 356
f 353 356 354
f 356 371 372
f 356 372 357
f 358 373 359
f 359 374 365
f 359 373 374
f 360 375 376
f 360 376 361
f 360 364 375
f 361 376 362
f 363 365 374
f 363 374 364
f 364 374 377
f 364 377 378
f 364 378 379
f 364 379 375
f 368 380 369
f 369 381 370
f 369 380 381
f 370 381 382
f 370 382 371
f 371 382 383
f 371 383 384
f 371 384 385
f 371 385 372
f 373 386 374
f 374 387 388
f 374 388 389
f 374 389 390
f 374 390 391
f 374 391 392
f 374 392 377
f 374 386 387
f 375 379 376
f 376 393 394
f 376 379 378
f 376 378 395
f 376 395 396
f 376 396 390
f 376 390 389
f 376 389 388
f 376 388 393
f 377 392 378
f 378 392 395
f 380 397 381
f 381 398 399
f 381 399 383
f 381 383 382
f 381 397 398
f 383 400 401
f 383 401 402
f 383 402 403
f 383 403 404
f 383 404 405
f 383 405 406
f 383 406 407
f 383 407 384
f 383 399 400
f 384 407 385
f 386 408 387
f 387 409 410
f 387 410 388
f 387 408 409
f 388 410 411
f 388 411 393
f 390 396 391
f 391 396 392
f 392 396 395
f 393 411 394
f 394 412 413
f 394 413 414
f 394 411 410
f 394 410 409
f 394 409 415
f 394 415 416
f 394 416 417
f 394 417 412
f 397 418 419
f 397 419 398
f 398 419 420
f 398 420 421
f 398 421 422
f 398 422 399
f 399 422 400
f 400 422 423
f 400 423 402
f 400 402 401
f 402 423 424
f 404 425 405
f 405 425 426
f 405 426 406
f 408 427 428
f 408 428 409
f 409 428 429
f 409 429 416
f 409 416 415
f 412 417 430
f 412 430 413
f 413 431 432
f 413 432 433
f 413 433 434
f 413 434 414
f 413 430 435
f 413 435 436
f 413 436 437
f 413 437 438
f 413 438 431
f 414 434 439
f 416 430 417
f 416 429 430
f 418 440 419
f 419 440 441
f 419 441 442
f 419 442 420
f 420 443 444
f 420 444 445
f 420 445 421
f 420 442 432
f 420 432 443
f 421 445 446
f 421 446 424
f 421 424 423
f 421 423 422
f 427 447 448
f 427 448 449
f 427 449 450
f 427 450 428
f 428 450 451
f 428 451 429
f 429 451 436
f 429 436 435
f 429 435 430
f 431 438 452
f 431 452 432
f 432 442 453
f 432 453 454
f 432 454 455
f 432 455 456
f 432 456 433
f 432 452 443
f 433 457 434
f 433 456 457
f 434 457 458
f 434 458 459
f 434 459 439
f 436 451 460
f 436 460 437
f 437 460 438
f 438 460 461
f 438 461 452
f 441 456 455
f 441 455 454
f 441 454 453
f 441 453 442
f 443 452 462
f 443 462 463
f 443 463 444
f 444 463 464
f 444 464 445
f 445 464 465
f 445 465 466
f 445 466 446
f 447 467 468
f 447 468 469
f 447 469 461
f 447 461 448
f 448 461 449
f 449 461 460
f 449 460 450
f 450 460 451
f 452 461 469
f 452 469 468
f 452 468 470
f 452 470 467
f 452 467 462
f 456 471 457
f 457 471 458
f 462 467 463
f 467 470 468
f 472 473 478
f 472 478 491
f 472 491 509
f 472 509 515
f 472 515 514
f 472 514 513
f 472 513 536
f 472 536 558
f 472 558 578
f 472 578 606
f 472 606 640
f 472 640 639
f 472 639 638
f 472 638 637
f 472 637 677
f 472 677 701
f 472 701 675
f 472 675 673
f 472 673 700
f 472 700 682
f 472 682 681
f 472 681 702
f 472 702 678
f 472 678 641
f 472 641 607
f 472 607 580
f 472 580 560
f 472 560 539
f 472 539 518
f 472 518 498
f 472 498 481
f 472 481 474
f 472 474 475
f 472 475 476
f 472 476 473
f 473 477 478
f 473 476 479
f 473 479 480
f 473 480 477
f 474 481 482
f 474 482 483
f 474 483 484
f 474 484 475
f 475 485 486
f 475 486 487
f 475 487 476
f 475 484 485
f 476 487 488
f 476 488 489
f 476 489 490
f 476 490 479
f 477 491 478
f 477 480 492
f 477 492 493
f 477 493 491
f 479 490 480
f 480 494 495
f 480 495 492
f 480 490 496
f 480 496 497
f 480 497 494
f 481 498 482
f 482 499 521
f 482 521 520
f 482 520 519
f 482 519 518
f 482 518 539
f 482 539 559
f 482 559 579
f 482 579 582
f 482 582 610
f 482 610 648
f 482 648 684
f 482 684 706
f 482 706 718
f 482 718 727
f 482 727 726
f 482 726 725
f 482 725 723
f 482 723 722
f 482 722 724
f 482 724 729
f 482 729 728
f 482 728 719
f 482 719 707
f 482 707 688
f 482 688 687
f 482 687 686
f 482 686 685
f 482 685 651
f 482 651 650
f 482 650 611
f 482 611 583
f 482 583 561
f 482 561 540
f 482 540 522
f 482 522 503
f 482 503 501
f 482 501 500
f 482 500 486
f 482 486 485
f 482 485 484
f 482 484 483
f 482 498 499
f 486 500 487
f 487 500 501
f 487 501 502
f 487 502 488
f 488 502 503
f 488 503 504
f 488 504 505
f 488 505 489
f 489 505 506
f 489 506 507
f 489 507 508
f 489 508 490
f 490 508 496
f 491 493 509
f 492 495 510
f 492 510 511
f 492 511 512
f 492 512 513
f 492 513 493
f 493 513 514
f 493 514 515
f 493 515 509
f 494 511 510
f 494 510 495
f 494 497 511
f 496 508 516
f 496 516 497
f 497 516 517
f 497 517 511
f 498 518 519
f 498 519 520
f 498 520 521
f 498 521 499
f 501 503 502
f 503 522 504
f 504 522 523
f 504 523 524
f 504 524 505
f 505 525 506
f 505 524 526
f 505 526 527
f 505 527 528
f 505 528 525
f 506 525 528
f 506 528 529
f 506 529 507
f 507 529 508
f 508 529 516
f 511 530 512
f 511 517 531
f 511 531 532
f 511 532 533
f 511 533 530
f 512 530 534
f 512 534 535
f 512 535 513
f 513 535 536
f 516 529 537
f 516 537 517
f 517 537 538
f 517 538 532
f 517 532 531
f 522 540 541
f 522 541 542
f 522 542 523
f 523 543 524
f 523 542 543
f 524 543 544
f 524 544 526
f 526 544 545
f 526 545 546
f 526 546 527
f 527 546 547
f 527 547 528
f 528 547 548
f 528 548 549
f 528 549 550
f 528 550 551
f 528 551 552
f 528 552 529
f 529 552 537
f 530 553 554
f 530 554 535
f 530 535 534
f 530 533 553
f 532 551 555
f 532 555 556
f 532 556 533
f 532 538 551
f 533 556 553
f 535 554 557
f 535 557 558
f 535 558 536
f 537 552 538
f 538 552 551
f 539 560 559
f 540 561 541
f 541 561 562
f 541 562 543
f 541 543 542
f 543 563 564
f 543 564 544
f 543 562 563
f 544 564 565
f 544 565 545
f 545 565 566
f 545 566 548
f 545 548 546
f 546 548 547
f 548 566 549
f 549 566 567
f 549 567 555
f 549 555 550
f 550 555 551
f 553 568 557
f 553 557 554
f 553 556 568
f 555 567 569
f 555 569 570
f 555 570 556
f 556 570 571
f 556 571 572
f 556 572 573
f 556 573 574
f 556 574 575
f 556 575 568
f 557 576 577
f 557 577 558
f 557 568 576
f 558 577 578
f 559 560 579
f 560 580 581
f 560 581 582
f 560 582 579
f 561 583 562
f 562 584 563
f 562 583 584
f 563 584 585
f 563 585 586
f 563 586 564
f 564 586 565
f 565 586 587
f 565 587 588
f 565 588 567
f 565 567 566
f 567 589 569
f 567 588 590
f 567 590 591
f 567 591 589
f 568 575 592
f 568 592 576
f 569 589 591
f 569 591 593
f 569 593 571
f 569 571 570
f 571 594 595
f 571 595 572
f 571 593 596
f 571 596 597
f 571 597 594
f 572 595 598
f 572 598 599
f 572 599 600
f 572 600 601
f 572 601 573
f 573 601 602
f 573 602 574
f 574 602 603
f 574 603 592
f 574 592 575
f 576 604 605
f 576 605 577
f 576 592 604
f 577 605 606
f 577 606 578
f 580 607 608
f 580 608 609
f 580 609 581
f 581 609 582
f 582 609 610
f 583 611 612
f 583 612 584
f 584 612 613
f 584 613 585
f 585 613 614
f 585 614 615
f 585 615 616
f 585 616 617
f 585 617 586
f 586 617 618
f 586 618 587
f 587 618 588
f 588 591 590
f 588 618 593
f 588 593 591
f 592 603 604
f 593 619 597
f 593 597 596
f 593 618 620
f 593 620 619
f 594 621 622
f 594 622 623
f 594 623 595
f 594 597 621
f 595 623 598
f 597 619 624
f 597 624 625
f 597 625 621
f 598 626 627
f 598 627 628
f 598 628 629
f 598 629 630
f 598 630 600
f 598 600 599
f 598 623 631
f 598 631 632
f 598 632 626
f 600 630 629
f 600 629 633
f 600 633 601
f 601 633 602
f 602 633 634
f 602 634 635
f 602 635 603
f 603 635 636
f 603 636 637
f 603 637 604
f 604 637 638
f 604 638 605
f 605 638 639
f 605 639 640
f 605 640 606
f 607 641 642
f 607 642 643
f 607 643 644
f 607 644 645
f 607 645 608
f 608 645 609
f 609 645 646
f 609 646 610
f 610 647 648
f 610 646 649
f 610 649 647
f 611 650 612
f 612 650 651
f 612 651 613
f 613 651 652
f 613 652 615
f 613 615 614
f 615 652 653
f 615 653 654
f 615 654 655
f 615 655 656
f 615 656 616
f 616 657 617
f 616 656 658
f 616 658 657
f 617 657 659
f 617 659 618
f 618 659 660
f 618 660 620
f 619 620 624
f 620 660 624
f 621 661 662
f 621 662 663
f 621 663 622
f 621 625 661
f 622 663 664
f 622 664 665
f 622 665 623
f 623 665 631
f 624 666 625
f 624 660 659
f 624 659 666
f 625 666 661
f 626 667 627
f 626 632 667
f 627 668 669
f 627 669 670
f 627 670 645
f 627 645 644
f 627 644 643
f 627 643 628
f 627 667 671
f 627 671 668
f 628 672 673
f 628 673 629
f 628 643 642
f 628 642 672
f 629 674 634
f 629 634 633
f 629 673 675
f 629 675 674
f 631 665 676
f 631 676 632
f 632 676 671
f 632 671 667
f 634 674 635
f 635 674 636
f 636 674 637
f 637 674 677
f 641 678 679
f 641 679 680
f 641 680 642
f 642 680 681
f 642 681 682
f 642 682 672
f 645 647 649
f 645 649 646
f 645 670 669
f 645 669 671
f 645 671 647
f 647 671 648
f 648 683 684
f 648 671 683
f 651 685 652
f 652 685 653
f 653 685 686
f 653 686 687
f 653 687 688
f 653 688 689
f 653 689 655
f 653 655 654
f 655 689 690
f 655 690 691
f 655 691 658
f 655 658 656
f 657 658 692
f 657 692 659
f 658 691 693
f 658 693 692
f 659 692 693
f 659 693 666
f 661 694 662
f 661 666 693
f 661 693 694
f 662 694 695
f 662 695 696
f 662 696 697
f 662 697 663
f 663 697 698
f 663 698 676
f 663 676 699
f 663 699 664
f 664 699 665
f 665 699 676
f 668 671 669
f 671 676 698
f 671 698 683
f 672 682 700
f 672 700 673
f 674 675 701
f 674 701 677
f 678 702 680
f 678 680 679
f 680 702 681
f 683 698 703
f 683 703 704
f 683 704 705
f 683 705 706
f 683 706 684
f 688 707 689
f 689 707 708
f 689 708 690
f 690 708 709
f 690 709 710
f 690 710 711
f 690 711 691
f 691 711 693
f 693 711 694
f 694 711 712
f 694 712 695
f 695 712 696
f 696 712 703
f 696 703 697
f 697 703 698
f 703 712 713
f 703 713 704
f 704 713 714
f 704 714 715
f 704 715 716
f 704 716 705
f 705 716 717
f 705 717 706
f 706 717 718
f 707 719 708
f 708 719 720
f 708 720 721
f 708 721 713
f 708 713 709
f 709 713 710
f 710 713 712
f 710 712 711
f 713 721 714
f 714 722 723
f 714 723 715
f 714 721 724
f 714 724 722
f 715 725 716
f 715 723 725
f 716 725 717
f 717 725 726
f 717 726 727
f 717 727 718
f 719 728 720
f 720 728 729
f 720 729 721
f 721 729 724
f 730 731 738
f 730 738 746
f 730 746 745
f 730 745 755
f 730 755 771
f 730 771 789
f 730 789 796
f 730 796 795
f 730 795 816
f 730 816 839
f 730 839 871
f 730 871 891
f 730 891 893
f 730 893 902
f 730 902 906
f 730 906 899
f 730 899 898
f 730 898 897
f 730 897 905
f 730 905 895
f 730 895 876
f 730 876 894
f 730 894 874
f 730 874 873
f 730 873 841
f 730 841 840
f 730 840 817
f 730 817 797
f 730 797 776
f 730 776 775
f 730 775 774
f 730 774 757
f 730 757 748
f 730 748 747
f 730 747 739
f 730 739 732
f 730 732 740
f 730 740 751
f 730 751 766
f 730 766 764
f 730 764 763
f 730 763 762
f 730 762 783
f 730 783 782
f 730 782 781
f 730 781 806
f 730 806 786
f 730 786 768
f 730 768 753
f 730 753 741
f 730 741 733
f 730 733 734
f 730 734 735
f 730 735 736
f 730 736 737
f 730 737 731
f 731 737 738
f 732 739 740
f 733 741 752
f 733 752 767
f 733 767 785
f 733 785 808
f 733 808 829
f 733 829 857
f 733 857 889
f 733 889 904
f 733 904 903
f 733 903 890
f 733 890 860
f 733 860 859
f 733 859 858
f 733 858 830
f 733 830 810
f 733 810 791
f 733 791 772
f 733 772 770
f 733 770 754
f 733 754 743
f 733 743 742
f 733 742 736
f 733 736 735
f 733 735 734
f 736 742 737
f 737 742 743
f 737 743 744
f 737 744 745
f 737 745 746
f 737 746 738
f 739 747 740
f 740 747 748
f 740 748 749
f 740 749 750
f 740 750 751
f 741 753 752
f 743 754 744
f 744 754 745
f 745 754 756
f 745 756 755
f 748 757 749
f 749 758 759
f 749 759 750
f 749 757 758
f 750 759 760
f 750 760 761
f 750 761 762
f 750 762 763
f 750 763 764
f 750 764 765
f 750 765 766
f 750 766 751
f 752 753 767
f 753 768 769
f 753 769 767
f 754 770 756
f 755 756 771
f 756 770 772
f 756 772 773
f 756 773 771
f 757 774 758
f 758 774 775
f 758 775 776
f 758 776 759
f 759 776 777
f 759 777 778
f 759 778 779
f 759 779 780
f 759 780 760
f 760 780 761
f 761 780 781
f 761 781 782
f 761 782 783
f 761 783 762
f 764 766 765
f 767 784 785
f 767 769 784
f 768 786 787
f 768 787 769
f 769 788 784
f 769 787 788
f 771 773 789
f 772 790 773
f 772 791 792
f 772 792 793
f 772 793 794
f 772 794 790
f 773 790 795
f 773 795 796
f 773 796 789
f 776 797 777
f 777 797 778
f 778 797 798
f 778 798 799
f 778 799 779
f 779 799 800
f 779 800 801
f 779 801 780
f 780 801 802
f 780 802 803
f 780 803 804
f 780 804 805
f 780 805 787
f 780 787 806
f 780 806 781
f 784 788 785
f 785 788 807
f 785 807 808
f 786 806 787
f 787 805 804
f 787 804 809
f 787 809 788
f 788 809 807
f 790 794 795
f 791 810 792
f 792 810 811
f 792 811 812
f 792 812 793
f 793 812 813
f 793 813 814
f 793 814 794
f 794 814 795
f 795 815 816
f 795 814 813
f 795 813 815
f 797 817 798
f 798 817 818
f 798 818 819
f 798 819 799
f 799 819 800
f 800 819 820
f 800 820 821
f 800 821 801
f 801 821 822
f 801 822 823
f 801 823 802
f 802 823 803
f 803 823 824
f 803 824 825
f 803 825 804
f 804 825 826
f 804 826 827
f 804 827 809
f 807 809 827
f 807 827 828
f 807 828 808
f 808 828 829
f 810 830 831
f 810 831 832
f 810 832 833
f 810 833 811
f 811 833 834
f 811 834 835
f 811 835 813
f 811 813 812
f 813 835 815
f 815 836 837
f 815 837 816
f 815 835 836
f 816 837 838
f 816 838 839
f 817 840 818
f 818 840 841
f 818 841 842
f 818 842 819
f 819 842 843
f 819 843 820
f 820 843 844
f 820 844 845
f 820 845 821
f 821 845 822
f 822 846 823
f 822 845 847
f 822 847 848
f 822 848 849
f 822 849 850
f 822 850 851
f 822 851 852
f 822 852 853
f 822 853 846
f 823 853 824
f 823 846 853
f 824 853 854
f 824 854 855
f 824 855 825
f 825 855 856
f 825 856 826
f 826 856 828
f 826 828 827
f 828 856 829
f 829 856 857
f 830 858 832
f 830 832 831
f 832 834 833
f 832 858 859
f 832 859 860
f 832 860 861
f 832 861 862
f 832 862 863
f 832 863 864
f 832 864 850
f 832 850 865
f 832 865 866
f 832 866 834
f 834 867 835
f 834 866 868
f 834 868 867
f 835 867 836
f 836 868 869
f 836 869 849
f 836 849 870
f 836 870 838
f 836 838 837
f 836 867 868
f 838 871 839
f 838 870 872
f 838 872 871
f 841 873 842
f 842 873 843
f 843 874 875
f 843 875 876
f 843 876 877
f 843 877 844
f 843 873 874
f 844 877 878
f 844 878 845
f 845 878 879
f 845 879 847
f 847 879 880
f 847 880 848
f 848 880 849
f 849 880 881
f 849 881 882
f 849 882 870
f 849 869 866
f 849 866 865
f 849 865 850
f 850 864 863
f 850 863 883
f 850 883 851
f 851 883 884
f 851 884 852
f 852 884 885
f 852 885 886
f 852 886 853
f 853 886 854
f 854 887 855
f 854 886 885
f 854 885 888
f 854 888 887
f 855 887 856
f 856 887 857
f 857 887 889
f 860 890 888
f 860 888 884
f 860 884 861
f 861 884 862
f 862 884 863
f 863 884 883
f 866 869 868
f 870 882 872
f 871 872 891
f 872 882 881
f 872 881 892
f 872 892 893
f 872 893 891
f 874 894 875
f 875 894 876
f 876 895 877
f 877 895 878
f 878 895 896
f 878 896 897
f 878 897 898
f 878 898 879
f 879 898 899
f 879 899 900
f 879 900 901
f 879 901 881
f 879 881 880
f 881 901 902
f 881 902 892
f 884 888 885
f 887 888 903
f 887 903 904
f 887 904 889
f 888 890 903
f 892 902 893
f 895 905 896
f 896 905 897
f 899 906 901
f 899 901 900
f 901 906 902
f 907 908 912
f 907 912 919
f 907 919 918
f 907 918 929
f 907 929 948
f 907 948 962
f 907 962 961
f 907 961 960
f 907 960 959
f 907 959 957
f 907 957 932
f 907 932 921
f 907 921 914
f 907 914 909
f 907 909 910
f 907 910 916
f 907 916 925
f 907 925 940
f 907 940 973
f 907 973 1001
f 907 1001 1000
f 907 1000 999
f 907 999 974
f 907 974 941
f 907 941 927
f 907 927 917
f 907 917 911
f 907 911 908
f 908 911 912
f 909 913 910
f 909 914 915
f 909 915 913
f 910 913 916
f 911 917 928
f 911 928 945
f 911 945 944
f 911 944 980
f 911 980 1020
f 911 1020 1026
f 911 1026 1032
f 911 1032 1033
f 911 1033 1028
f 911 1028 1024
f 911 1024 996
f 911 996 984
f 911 984 949
f 911 949 929
f 911 929 918
f 911 918 919
f 911 919 912
f 913 915 920
f 913 920 916
f 914 921 915
f 915 921 922
f 915 922 923
f 915 923 924
f 915 924 920
f 916 920 926
f 916 926 925
f 917 927 928
f 920 930 926
f 920 924 931
f 920 931 930
f 921 932 922
f 922 932 923
f 923 932 933
f 923 933 934
f 923 934 924
f 924 934 935
f 924 935 936
f 924 936 937
f 924 937 938
f 924 938 931
f 925 926 939
f 925 939 940
f 926 930 939
f 927 941 942
f 927 942 943
f 927 943 944
f 927 944 945
f 927 945 928
f 929 946 947
f 929 947 948
f 929 949 950
f 929 950 946
f 930 951 952
f 930 952 953
f 930 953 940
f 930 940 939
f 930 931 951
f 931 938 954
f 931 954 955
f 931 955 956
f 931 956 951
f 932 957 933
f 933 957 958
f 933 958 934
f 934 958 935
f 935 958 959
f 935 959 960
f 935 960 961
f 935 961 962
f 935 962 963
f 935 963 964
f 935 964 965
f 935 965 966
f 935 966 967
f 935 967 968
f 935 968 969
f 935 969 936
f 936 969 967
f 936 967 970
f 936 970 937
f 937 970 971
f 937 971 972
f 937 972 938
f 938 972 954
f 940 953 973
f 941 974 975
f 941 975 976
f 941 976 942
f 942 976 977
f 942 977 978
f 942 978 979
f 942 979 943
f 943 979 944
f 944 979 980
f 946 981 947
f 946 950 981
f 947 981 982
f 947 982 963
f 947 963 983
f 947 983 948
f 948 983 963
f 948 963 962
f 949 984 950
f 950 985 986
f 950 986 987
f 950 987 988
f 950 988 989
f 950 989 990
f 950 990 991
f 950 991 971
f 950 971 992
f 950 992 993
f 950 993 994
f 950 994 995
f 950 995 981
f 950 984 996
f 950 996 985
f 951 997 952
f 951 956 997
f 952 997 998
f 952 998 999
f 952 999 1000
f 952 1000 953
f 953 1000 1001
f 953 1001 973
f 954 972 1002
f 954 1002 1003
f 954 1003 1004
f 954 1004 997
f 954 997 955
f 955 997 956
f 957 959 958
f 963 982 1005
f 963 1005 964
f 964 1005 1006
f 964 1006 1007
f 964 1007 965
f 965 1007 994
f 965 994 966
f 966 994 993
f 966 993 1008
f 966 1008 967
f 967 1008 1009
f 967 1009 1010
f 967 1010 1011
f 967 1011 1012
f 967 1012 970
f 967 969 968
f 970 1012 992
f 970 992 971
f 971 991 1013
f 971 1013 972
f 972 1013 1002
f 974 999 998
f 974 998 1014
f 974 1014 975
f 975 1014 1015
f 975 1015 976
f 976 1015 990
f 976 990 977
f 977 1016 978
f 977 990 1017
f 977 1017 1018
f 977 1018 1016
f 978 1016 979
f 979 1016 1019
f 979 1019 980
f 980 1019 1020
f 981 995 982
f 982 995 1005
f 985 987 986
f 985 996 1021
f 985 1021 987
f 987 1022 1023
f 987 1023 988
f 987 1021 1022
f 988 1023 989
f 989 1023 1017
f 989 1017 990
f 990 1002 1013
f 990 1013 991
f 990 1015 1002
f 992 1012 1011
f 992 1011 993
f 993 1011 1010
f 993 1010 1009
f 993 1009 1008
f 994 1007 1006
f 994 1006 995
f 995 1006 1005
f 996 1024 1021
f 997 1004 1014
f 997 1014 998
f 1002 1015 1003
f 1003 1015 1004
f 1004 1015 1014
f 1016 1018 1019
f 1017 1023 1018
f 1018 1023 1022
f 1018 1022 1025
f 1018 1025 1019
f 1019 1025 1020
f 1020 1025 1022
f 1020 1022 1026
f 1021 1024 1027
f 1021 1027 1028
f 1021 1028 1029
f 1021 1029 1030
f 1021 1030 1031
f 1021 1031 1022
f 1022 1031 1026
f 1024 1028 1027
f 1026 1031 1032
f 1028 1033 1029
f 1029 1033 1030
f 1030 1033 1031
f 1031 1033 1032
f 1034 1035 1036
f 1034 1036 1037
f 1034 1037 1038
f 1034 1038 1039
f 1034 1039 1040
f 1034 1040 1041
f 1034 1041 1035
f 1035 1041 1036
f 1036 1042 1043
f 1036 1043 1044
f 1036 1044 1037
f 1036 1041 1042
f 1037 1045 1038
f 1037 1044 1046
f 1037 1046 1047
f 1037 1047 1048
f 1037 1048 1045
f 1038 1045 1049
f 1038 1049 1039
f 1039 1050 1051
f 1039 1051 1052
f 1039 1052 1040
f 1039 1049 1053
f 1039 1053 1050
f 1040 1052 1054
f 1040 1054 1055
f 1040 1055 1056
f 1040 1056 1057
f 1040 1057 1058
f 1040 1058 1041
f 1041 1058 1057
f 1041 1057 1059
f 1041 1059 1060
f 1041 1060 1042
f 1042 1061 1062
f 1042 1062 1043
f 1042 1060 1061
f 1043 1062 1063
f 1043 1063 1064
f 1043 1064 1065
f 1043 1065 1066
f 1043 1066 1067
f 1043 1067 1044
f 1044 1067 1046
f 1045 1068 1049
f 1045 1048 1069
f 1045 1069 1068
f 1046 1067 1070
f 1046 1070 1071
f 1046 1071 1072
f 1046 1072 1047
f 1047 1069 1048
f 1047 1072 1073
f 1047 1073 1074
f 1047 1074 1069
f 1049 1068 1053
f 1050 1053 1051
f 1051 1075 1076
f 1051 1076 1077
f 1051 1077 1078
f 1051 1078 1052
f 1051 1053 1079
f 1051 1079 1080
f 1051 1080 1075
f 1052 1078 1081
f 1052 1081 1054
f 1053 1068 1082
f 1053 1082 1083
f 1053 1083 1084
f 1053 1084 1079
f 1054 1081 1055
f 1055 1081 1085
f 1055 1085 1086
f 1055 1086 1056
f 1056 1086 1059
f 1056 1059 1057
f 1059 1086 1060
f 1060 1086 1087
f 1060 1087 1088
f 1060 1088 1089
f 1060 1089 1090
f 1060 1090 1091
f 1060 1091 1062
f 1060 1062 1061
f 1062 1091 1092
f 1062 1092 1093
f 1062 1093 1063
f 1063 1093 1094
f 1063 1094 1064
f 1064 1094 1065
f 1065 1094 1095
f 1065 1095 1096
f 1065 1096 1097
f 1065 1097 1098
f 1065 1098 1071
f 1065 1071 1070
f 1065 1070 1066
f 1066 1070 1067
f 1068 1069 1082
f 1069 1074 1099
f 1069 1099 1100
f 1069 1100 1082
f 1071 1098 1097
f 1071 1097 1101
f 1071 1101 1072
f 1072 1101 1102
f 1072 1102 1103
f 1072 1103 1073
f 1073 1104 1074
f 1073 1103 1104
f 1074 1104 1099
f 1075 1105 1106
f 1075 1106 1077
f 1075 1077 1076
f 1075 1080 1105
f 1077 1106 1107
f 1077 1107 1108
f 1077 1108 1078
f 1078 1108 1081
f 1079 1084 1109
f 1079 1109 1080
f 1080 1109 1110
f 1080 1110 1111
f 1080 1111 1112
f 1080 1112 1105
f 1081 1108 1113
f 1081 1113 1085
f 1082 1100 1114
f 1082 1114 1083
f 1083 1114 1084
f 1084 1114 1115
f 1084 1115 1116
f 1084 1116 1117
f 1084 1117 1110
f 1084 1110 1109
f 1085 1113 1118
f 1085 1118 1119
f 1085 1119 1120
f 1085 1120 1121
f 1085 1121 1086
f 1086 1121 1122
f 1086 1122 1123
f 1086 1123 1124
f 1086 1124 1087
f 1087 1124 1125
f 1087 1125 1088
f 1088 1125 1124
f 1088 1124 1123
f 1088 1123 1122
f 1088 1122 1121
f 1088 1121 1120
f 1088 1120 1119
f 1088 1119 1152
f 1088 1152 1175
f 1088 1175 1174
f 1088 1174 1169
f 1088 1169 1206
f 1088 1206 1236
f 1088 1236 1266
f 1088 1266 1305
f 1088 1305 1304
f 1088 1304 1281
f 1088 1281 1283
f 1088 1283 1251
f 1088 1251 1221
f 1088 1221 1188
f 1088 1188 1155
f 1088 1155 1153
f 1088 1153 1126
f 1088 1126 1089
f 1089 1126 1091
f 1089 1091 1090
f 1091 1127 1128
f 1091 1128 1092
f 1091 1126 1127
f 1092 1128 1094
f 1092 1094 1093
f 1094 1128 1129
f 1094 1129 1130
f 1094 1130 1095
f 1095 1130 1131
f 1095 1131 1096
f 1096 1131 1132
f 1096 1132 1133
f 1096 1133 1097
f 1097 1133 1101
f 1099 1104 1115
f 1099 1115 1100
f 1100 1115 1114
f 1101 1133 1134
f 1101 1134 1135
f 1101 1135 1136
f 1101 1136 1137
f 1101 1137 1102
f 1102 1137 1103
f 1103 1137 1138
f 1103 1138 1115
f 1103 1115 1104
f 1105 1112 1106
f 1106 1139 1140
f 1106 1140 1141
f 1106 1141 1107
f 1106 1112 1139
f 1107 1142 1108
f 1107 1141 1143
f 1107 1143 1142
f 1108 1142 1113
f 1110 1117 1144
f 1110 1144 1145
f 1110 1145 1146
f 1110 1146 1111
f 1111 1146 1147
f 1111 1147 1139
f 1111 1139 1112
f 1113 1142 1118
f 1115 1148 1149
f 1115 1149 1150
f 1115 1150 1116
f 1115 1138 1137
f 1115 1137 1148
f 1116 1151 1117
f 1116 1150 1151
f 1117 1151 1144
f 1118 1142 1152
f 1118 1152 1119
f 1126 1153 1127
f 1127 1154 1128
f 1127 1153 1155
f 1127 1155 1154
f 1128 1154 1129
f 1129 1156 1130
f 1129 1154 1156
f 1130 1156 1131
f 1131 1157 1158
f 1131 1158 1132
f 1131 1156 1159
f 1131 1159 1157
f 1132 1158 1160
f 1132 1160 1133
f 1133 1160 1134
f 1134 1160 1135
f 1135 1161 1162
f 1135 1162 1163
f 1135 1163 1136
f 1135 1160 1164
f 1135 1164 1161
f 1136 1163 1137
f 1137 1163 1165
f 1137 1165 1166
f 1137 1166 1148
f 1139 1147 1167
f 1139 1167 1140
f 1140 1167 1168
f 1140 1168 1169
f 1140 1169 1170
f 1140 1170 1171
f 1140 1171 1141
f 1141 1171 1170
f 1141 1170 1172
f 1141 1172 1173
f 1141 1173 1174
f 1141 1174 1175
f 1141 1175 1152
f 1141 1152 1143
f 1142 1143 1152
f 1144 1151 1176
f 1144 1176 1177
f 1144 1177 1178
f 1144 1178 1179
f 1144 1179 1145
f 1145 1179 1180
f 1145 1180 1217
f 1145 1217 1181
f 1145 1181 1146
f 1146 1181 1182
f 1146 1182 1147
f 1147 1182 1183
f 1147 1183 1167
f 1148 1166 1149
f 1149 1166 1184
f 1149 1184 1185
f 1149 1185 1150
f 1150 1185 1151
f 1151 1185 1186
f 1151 1186 1176
f 1154 1187 1156
f 1154 1155 1188
f 1154 1188 1221
f 1154 1221 1253
f 1154 1253 1293
f 1154 1293 1292
f 1154 1292 1323
f 1154 1323 1340
f 1154 1340 1339
f 1154 1339 1338
f 1154 1338 1348
f 1154 1348 1349
f 1154 1349 1341
f 1154 1341 1324
f 1154 1324 1294
f 1154 1294 1255
f 1154 1255 1254
f 1154 1254 1225
f 1154 1225 1191
f 1154 1191 1187
f 1156 1187 1159
f 1157 1189 1222
f 1157 1222 1190
f 1157 1190 1158
f 1157 1159 1187
f 1157 1187 1191
f 1157 1191 1189
f 1158 1190 1160
f 1160 1190 1192
f 1160 1192 1193
f 1160 1193 1164
f 1161 1164 1193
f 1161 1193 1162
f 1162 1194 1195
f 1162 1195 1196
f 1162 1196 1197
f 1162 1197 1165
f 1162 1165 1163
f 1162 1193 1198
f 1162 1198 1194
f 1165 1197 1166
f 1166 1197 1199
f 1166 1199 1200
f 1166 1200 1184
f 1167 1183 1201
f 1167 1201 1202
f 1167 1202 1168
f 1168 1202 1203
f 1168 1203 1204
f 1168 1204 1169
f 1169 1205 1206
f 1169 1174 1173
f 1169 1173 1172
f 1169 1172 1170
f 1169 1204 1205
f 1176 1186 1200
f 1176 1200 1207
f 1176 1207 1208
f 1176 1208 1177
f 1177 1209 1210
f 1177 1210 1178
f 1177 1208 1211
f 1177 1211 1209
f 1178 1212 1213
f 1178 1213 1179
f 1178 1210 1212
f 1179 1214 1215
f 1179 1215 1216
f 1179 1216 1180
f 1179 1213 1214
f 1180 1216 1217
f 1181 1217 1216
f 1181 1216 1218
f 1181 1218 1182
f 1182 1218 1219
f 1182 1219 1183
f 1183 1219 1220
f 1183 1220 1203
f 1183 1203 1202
f 1183 1202 1201
f 1184 1200 1185
f 1185 1200 1186
f 1189 1191 1222
f 1190 1222 1223
f 1190 1223 1224
f 1190 1224 1193
f 1190 1193 1192
f 1191 1225 1222
f 1193 1224 1223
f 1193 1223 1226
f 1193 1226 1198
f 1194 1198 1226
f 1194 1226 1223
f 1194 1223 1227
f 1194 1227 1228
f 1194 1228 1195
f 1195 1228 1229
f 1195 1229 1211
f 1195 1211 1196
f 1196 1211 1197
f 1197 1211 1230
f 1197 1230 1199
f 1199 1230 1208
f 1199 1208 1231
f 1199 1231 1200
f 1200 1231 1207
f 1203 1232 1233
f 1203 1233 1234
f 1203 1234 1235
f 1203 1235 1236
f 1203 1236 1206
f 1203 1206 1205
f 1203 1205 1204
f 1203 1220 1237
f 1203 1237 1238
f 1203 1238 1232
f 1207 1231 1208
f 1208 1230 1211
f 1209 1239 1210
f 1209 1211 1239
f 1210 1240 1212
f 1210 1239 1240
f 1211 1229 1239
f 1212 1241 1213
f 1212 1240 1241
f 1213 1241 1242
f 1213 1242 1243
f 1213 1243 1214
f 1214 1243 1244
f 1214 1244 1215
f 1215 1244 1245
f 1215 1245 1216
f 1216 1245 1246
f 1216 1246 1218
f 1218 1247 1219
f 1218 1246 1247
f 1219 1247 1248
f 1219 1248 1220
f 1220 1248 1249
f 1220 1249 1250
f 1220 1250 1237
f 1221 1251 1252
f 1221 1252 1253
f 1222 1225 1254
f 1222 1254 1255
f 1222 1255 1256
f 1222 1256 1257
f 1222 1257 1258
f 1222 1258 1228
f 1222 1228 1227
f 1222 1227 1223
f 1228 1258 1259
f 1228 1259 1260
f 1228 1260 1229
f 1229 1260 1261
f 1229 1261 1262
f 1229 1262 1263
f 1229 1263 1239
f 1232 1264 1233
f 1232 1238 1264
f 1233 1264 1265
f 1233 1265 1234
f 1234 1265 1266
f 1234 1266 1235
f 1235 1266 1236
f 1237 1250 1264
f 1237 1264 1238
f 1239 1263 1240
f 1240 1267 1241
f 1240 1263 1268
f 1240 1268 1267
f 1241 1269 1270
f 1241 1270 1242
f 1241 1267 1269
f 1242 1270 1271
f 1242 1271 1243
f 1243 1271 1272
f 1243 1272 1273
f 1243 1273 1244
f 1244 1273 1245
f 1245 1273 1274
f 1245 1274 1246
f 1246 1274 1275
f 1246 1275 1247
f 1247 1276 1248
f 1247 1275 1277
f 1247 1277 1278
f 1247 1278 1276
f 1248 1276 1279
f 1248 1279 1280
f 1248 1280 1249
f 1249 1280 1250
f 1250 1280 1281
f 1250 1281 1282
f 1250 1282 1264
f 1251 1283 1284
f 1251 1284 1285
f 1251 1285 1286
f 1251 1286 1287
f 1251 1287 1288
f 1251 1288 1252
f 1252 1288 1289
f 1252 1289 1290
f 1252 1290 1291
f 1252 1291 1292
f 1252 1292 1293
f 1252 1293 1253
f 1255 1294 1256
f 1256 1294 1295
f 1256 1295 1257
f 1257 1295 1296
f 1257 1296 1258
f 1258 1296 1297
f 1258 1297 1260
f 1258 1260 1259
f 1260 1297 1298
f 1260 1298 1299
f 1260 1299 1261
f 1261 1299 1298
f 1261 1298 1300
f 1261 1300 1301
f 1261 1301 1302
f 1261 1302 1262
f 1262 1302 1263
f 1263 1302 1268
f 1264 1303 1265
f 1264 1282 1304
f 1264 1304 1305
f 1264 1305 1303
f 1265 1305 1266
f 1265 1303 1305
f 1267 1268 1306
f 1267 1306 1307
f 1267 1307 1269
f 1268 1302 1306
f 1269 1308 1309
f 1269 1309 1270
f 1269 1307 1308
f 1270 1309 1310
f 1270 1310 1311
f 1270 1311 1312
f 1270 1312 1271
f 1271 1312 1272
f 1272 1312 1313
f 1272 1313 1273
f 1273 1313 1274
f 1274 1313 1314
f 1274 1314 1275
f 1275 1314 1277
f 1276 1278 1315
f 1276 1315 1316
f 1276 1316 1317
f 1276 1317 1279
f 1277 1314 1278
f 1278 1314 1315
f 1279 1317 1285
f 1279 1285 1284
f 1279 1284 1280
f 1280 1284 1283
f 1280 1283 1281
f 1281 1304 1282
f 1285 1317 1318
f 1285 1318 1286
f 1286 1318 1287
f 1287 1318 1288
f 1288 1318 1319
f 1288 1319 1289
f 1289 1319 1320
f 1289 1320 1290
f 1290 1320 1321
f 1290 1321 1291
f 1291 1321 1322
f 1291 1322 1323
f 1291 1323 1292
f 1294 1324 1295
f 1295 1325 1297
f 1295 1297 1296
f 1295 1324 1326
f 1295 1326 1325
f 1297 1327 1328
f 1297 1328 1298
f 1297 1325 1326
f 1297 1326 1327
f 1298 1328 1300
f 1300 1328 1329
f 1300 1329 1330
f 1300 1330 1301
f 1301 1330 1306
f 1301 1306 1302
f 1306 1330 1307
f 1307 1331 1308
f 1307 1330 1331
f 1308 1332 1309
f 1308 1331 1332
f 1309 1332 1333
f 1309 1333 1334
f 1309 1334 1310
f 1310 1334 1311
f 1311 1334 1335
f 1311 1335 1336
f 1311 1336 1313
f 1311 1313 1312
f 1313 1336 1314
f 1314 1336 1320
f 1314 1320 1315
f 1315 1320 1319
f 1315 1319 1316
f 1316 1319 1317
f 1317 1319 1318
f 1320 1336 1321
f 1321 1336 1335
f 1321 1335 1322
f 1322 1335 1337
f 1322 1337 1338
f 1322 1338 1339
f 1322 1339 1340
f 1322 1340 1323
f 1324 1341 1326
f 1326 1342 1343
f 1326 1343 1327
f 1326 1341 1342
f 1327 1343 1329
f 1327 1329 1328
f 1329 1343 1344
f 1329 1344 1330
f 1330 1344 1331
f 1331 1345 1332
f 1331 1344 1346
f 1331 1346 1345
f 1332 1345 1347
f 1332 1347 1333
f 1333 1347 1334
f 1334 1337 1335
f 1334 1347 1337
f 1337 1347 1338
f 1338 1347 1348
f 1341 1349 1350
f 1341 1350 1351
f 1341 1351 1352
f 1341 1352 1342
f 1342 1352 1346
f 1342 1346 1343
f 1343 1346 1344
f 1345 1346 1353
f 1345 1353 1347
f 1346 1352 1353
f 1347 1353 1348
f 1348 1353 1354
f 1348 1354 1350
f 1348 1350 1349
f 1350 1354 1352
f 1350 1352 1351
f 1352 1354 1353
f 1355 1356 1357
f 1355 1357 1358
f 1355 1358 1359
f 1355 1359 1360
f 1355 1360 1361
f 1355 1361 1362
f 1355 1362 1363
f 1355 1363 1356
f 1356 1364 1357
f 1356 1363 1365
f 1356 1365 1364
f 1357 1366 1367
f 1357 1367 1358
f 1357 1364 1366
f 1358 1367 1368
f 1358 1368 1359
f 1359 1368 1369
f 1359 1369 1360
f 1360 1369 1370
f 1360 1370 1371
f 1360 1371 1361
f 1361 1372 1373
f 1361 1373 1374
f 1361 1374 1375
f 1361 1375 1376
f 1361 1376 1377
f 1361 1377 1378
f 1361 1378 1362
f 1361 1371 1372
f 1362 1378 1379
f 1362 1379 1363
f 1363 1379 1380
f 1363 1380 1381
f 1363 1381 1365
f 1364 1382 1383
f 1364 1383 1366
f 1364 1365 1384
f 1364 1384 1382
f 1365 1381 1384
f 1366 1383 1367
f 1367 1383 1385
f 1367 1385 1368
f 1368 1385 1386
f 1368 1386 1387
f 1368 1387 1388
f 1368 1388 1389
f 1368 1389 1369
f 1369 1389 1390
f 1369 1390 1370
f 1370 1390 1391
f 1370 1391 1371
f 1371 1391 1392
f 1371 1392 1393
f 1371 1393 1394
f 1371 1394 1373
f 1371 1373 1372
f 1373 1394 1374
f 1374 1394 1418
f 1374 1418 1417
f 1374 1417 1450
f 1374 1450 1449
f 1374 1449 1448
f 1374 1448 1447
f 1374 1447 1446
f 1374 1446 1445
f 1374 1445 1444
f 1374 1444 1443
f 1374 1443 1442
f 1374 1442 1441
f 1374 1441 1467
f 1374 1467 1493
f 1374 1493 1524
f 1374 1524 1548
f 1374 1548 1580
f 1374 1580 1606
f 1374 1606 1619
f 1374 1619 1600
f 1374 1600 1571
f 1374 1571 1540
f 1374 1540 1513
f 1374 1513 1482
f 1374 1482 1459
f 1374 1459 1429
f 1374 1429 1428
f 1374 1428 1426
f 1374 1426 1399
f 1374 1399 1398
f 1374 1398 1395
f 1374 1395 1381
f 1374 1381 1380
f 1374 1380 1379
f 1374 1379 1377
f 1374 1377 1376
f 1374 1376 1375
f 1377 1379 1378
f 1381 1395 1384
f 1382 1396 1397
f 1382 1397 1383
f 1382 1384 1398
f 1382 1398 1399
f 1382 1399 1400
f 1382 1400 1401
f 1382 1401 1396
f 1383 1397 1402
f 1383 1402 1385
f 1384 1395 1398
f 1385 1402 1403
f 1385 1403 1386
f 1386 1403 1404
f 1386 1404 1405
f 1386 1405 1406
f 1386 1406 1407
f 1386 1407 1387
f 1387 1407 1388
f 1388 1408 1389
f 1388 1407 1409
f 1388 1409 1410
f 1388 1410 1408
f 1389 1408 1390
f 1390 1411 1391
f 1390 1408 1410
f 1390 1410 1412
f 1390 1412 1411
f 1391 1411 1413
f 1391 1413 1414
f 1391 1414 1415
f 1391 1415 1416
f 1391 1416 1392
f 1392 1416 1393
f 1393 1417 1418
f 1393 1418 1394
f 1393 1416 1417
f 1396 1419 1420
f 1396 1420 1421
f 1396 1421 1397
f 1396 1401 1422
f 1396 1422 1419
f 1397 1421 1423
f 1397 1423 1424
f 1397 1424 1425
f 1397 1425 1402
f 1399 1426 1401
f 1399 1401 1400
f 1401 1427 1422
f 1401 1426 1428
f 1401 1428 1429
f 1401 1429 1427
f 1402 1425 1403
f 1403 1430 1404
f 1403 1425 1430
f 1404 1430 1405
f 1405 1431 1432
f 1405 1432 1433
f 1405 1433 1434
f 1405 1434 1435
f 1405 1435 1406
f 1405 1430 1431
f 1406 1435 1407
f 1407 1435 1434
f 1407 1434 1409
f 1409 1434 1433
f 1409 1433 1436
f 1409 1436 1437
f 1409 1437 1438
f 1409 1438 1410
f 1410 1438 1412
f 1411 1412 1439
f 1411 1439 1413
f 1412 1440 1439
f 1412 1438 1440
f 1413 1439 1414
f 1414 1441 1442
f 1414 1442 1443
f 1414 1443 1444
f 1414 1444 1445
f 1414 1445 1446
f 1414 1446 1447
f 1414 1447 1448
f 1414 1448 1449
f 1414 1449 1450
f 1414 1450 1417
f 1414 1417 1416
f 1414 1416 1415
f 1414 1439 1440
f 1414 1440 1451
f 1414 1451 1472
f 1414 1472 1500
f 1414 1500 1529
f 1414 1529 1562
f 1414 1562 1594
f 1414 1594 1597
f 1414 1597 1596
f 1414 1596 1595
f 1414 1595 1617
f 1414 1617 1615
f 1414 1615 1614
f 1414 1614 1613
f 1414 1613 1612
f 1414 1612 1610
f 1414 1610 1609
f 1414 1609 1587
f 1414 1587 1553
f 1414 1553 1526
f 1414 1526 1494
f 1414 1494 1467
f 1414 1467 1441
f 1419 1422 1427
f 1419 1427 1452
f 1419 1452 1420
f 1420 1453 1454
f 1420 1454 1455
f 1420 1455 1423
f 1420 1423 1421
f 1420 1452 1453
f 1423 1455 1456
f 1423 1456 1424
f 1424 1457 1430
f 1424 1430 1425
f 1424 1456 1458
f 1424 1458 1457
f 1427 1429 1459
f 1427 1459 1452
f 1430 1460 1461
f 1430 1461 1431
f 1430 1457 1460
f 1431 1461 1462
f 1431 1462 1432
f 1432 1462 1433
f 1433 1463 1436
f 1433 1462 1463
f 1436 1463 1437
f 1437 1464 1466
f 1437 1466 1438
f 1437 1463 1465
f 1437 1465 1464
f 1438 1466 1440
f 1440 1466 1451
f 1451 1466 1468
f 1451 1468 1469
f 1451 1469 1470
f 1451 1470 1471
f 1451 1471 1472
f 1452 1473 1474
f 1452 1474 1475
f 1452 1475 1453
f 1452 1459 1476
f 1452 1476 1473
f 1453 1477 1478
f 1453 1478 1454
f 1453 1475 1474
f 1453 1474 1477
f 1454 1479 1458
f 1454 1458 1456
f 1454 1456 1455
f 1454 1478 1479
f 1457 1458 1480
f 1457 1480 1461
f 1457 1461 1460
f 1458 1479 1481
f 1458 1481 1480
f 1459 1482 1474
f 1459 1474 1476
f 1461 1480 1483
f 1461 1483 1484
f 1461 1484 1485
f 1461 1485 1486
f 1461 1486 1487
f 1461 1487 1462
f 1462 1487 1488
f 1462 1488 1463
f 1463 1489 1465
f 1463 1488 1489
f 1464 1465 1490
f 1464 1490 1491
f 1464 1491 1468
f 1464 1468 1466
f 1465 1489 1492
f 1465 1492 1490
f 1467 1494 1525
f 1467 1525 1493
f 1468 1491 1495
f 1468 1495 1469
f 1469 1495 1471
f 1469 1471 1470
f 1471 1495 1496
f 1471 1496 1497
f 1471 1497 1498
f 1471 1498 1499
f 1471 1499 1500
f 1471 1500 1472
f 1473 1476 1474
f 1474 1482 1501
f 1474 1501 1502
f 1474 1502 1503
f 1474 1503 1477
f 1477 1504 1505
f 1477 1505 1478
f 1477 1503 1506
f 1477 1506 1504
f 1478 1505 1507
f 1478 1507 1508
f 1478 1508 1479
f 1479 1508 1507
f 1479 1507 1509
f 1479 1509 1481
f 1480 1481 1483
f 1481 1509 1507
f 1481 1507 1510
f 1481 1510 1511
f 1481 1511 1512
f 1481 1512 1484
f 1481 1484 1483
f 1482 1513 1514
f 1482 1514 1515
f 1482 1515 1501
f 1484 1512 1516
f 1484 1516 1485
f 1485 1516 1517
f 1485 1517 1486
f 1486 1518 1519
f 1486 1519 1487
f 1486 1517 1518
f 1487 1519 1520
f 1487 1520 1488
f 1488 1520 1489
f 1489 1520 1521
f 1489 1521 1492
f 1490 1495 1491
f 1490 1492 1522
f 1490 1522 1496
f 1490 1496 1495
f 1492 1521 1523
f 1492 1523 1522
f 1493 1525 1549
f 1493 1549 1524
f 1494 1526 1525
f 1496 1522 1527
f 1496 1527 1498
f 1496 1498 1497
f 1498 1527 1528
f 1498 1528 1499
f 1499 1528 1529
f 1499 1529 1500
f 1501 1515 1530
f 1501 1530 1502
f 1502 1530 1503
f 1503 1530 1506
f 1504 1531 1532
f 1504 1532 1505
f 1504 1506 1533
f 1504 1533 1531
f 1505 1532 1534
f 1505 1534 1507
f 1506 1530 1535
f 1506 1535 1533
f 1507 1534 1536
f 1507 1536 1510
f 1510 1537 1511
f 1510 1536 1538
f 1510 1538 1537
f 1511 1537 1512
f 1512 1537 1539
f 1512 1539 1516
f 1513 1540 1541
f 1513 1541 1514
f 1514 1541 1542
f 1514 1542 1515
f 1515 1542 1543
f 1515 1543 1535
f 1515 1535 1530
f 1516 1539 1544
f 1516 1544 1517
f 1517 1544 1518
f 1518 1545 1546
f 1518 1546 1519
f 1518 1544 1545
f 1519 1546 1520
f 1520 1546 1521
f 1521 1546 1547
f 1521 1547 1523
f 1522 1523 1527
f 1523 1547 1527
f 1524 1549 1550
f 1524 1550 1548
f 1525 1551 1549
f 1525 1526 1552
f 1525 1552 1551
f 1526 1553 1552
f 1527 1547 1554
f 1527 1554 1555
f 1527 1555 1556
f 1527 1556 1557
f 1527 1557 1558
f 1527 1558 1528
f 1528 1559 1529
f 1528 1558 1560
f 1528 1560 1561
f 1528 1561 1559
f 1529 1559 1562
f 1531 1563 1564
f 1531 1564 1532
f 1531 1533 1543
f 1531 1543 1565
f 1531 1565 1563
f 1532 1564 1566
f 1532 1566 1538
f 1532 1538 1534
f 1533 1535 1543
f 1534 1538 1536
f 1537 1567 1568
f 1537 1568 1539
f 1537 1538 1569
f 1537 1569 1567
f 1538 1566 1570
f 1538 1570 1569
f 1539 1568 1578
f 1539 1578 1544
f 1540 1571 1572
f 1540 1572 1573
f 1540 1573 1541
f 1541 1573 1574
f 1541 1574 1575
f 1541 1575 1543
f 1541 1543 1542
f 1543 1575 1576
f 1543 1576 1577
f 1543 1577 1565
f 1544 1578 1545
f 1545 1554 1546
f 1545 1578 1579
f 1545 1579 1554
f 1546 1554 1547
f 1548 1550 1580
f 1549 1551 1550
f 1550 1551 1581
f 1550 1581 1573
f 1550 1573 1580
f 1551 1552 1582
f 1551 1582 1583
f 1551 1583 1581
f 1552 1584 1585
f 1552 1585 1586
f 1552 1586 1582
f 1552 1553 1584
f 1553 1587 1584
f 1554 1579 1588
f 1554 1588 1555
f 1555 1588 1589
f 1555 1589 1590
f 1555 1590 1556
f 1556 1590 1591
f 1556 1591 1592
f 1556 1592 1560
f 1556 1560 1557
f 1557 1560 1558
f 1559 1561 1593
f 1559 1593 1594
f 1559 1594 1562
f 1560 1592 1561
f 1561 1592 1595
f 1561 1595 1596
f 1561 1596 1597
f 1561 1597 1594
f 1561 1594 1593
f 1563 1598 1570
f 1563 1570 1564
f 1563 1565 1598
f 1564 1570 1566
f 1565 1577 1598
f 1567 1579 1568
f 1567 1569 1570
f 1567 1570 1599
f 1567 1599 1579
f 1568 1579 1578
f 1570 1598 1599
f 1571 1600 1601
f 1571 1601 1572
f 1572 1601 1573
f 1573 1601 1580
f 1573 1581 1602
f 1573 1602 1576
f 1573 1576 1574
f 1574 1576 1575
f 1576 1602 1603
f 1576 1603 1577
f 1577 1603 1598
f 1579 1589 1588
f 1579 1599 1604
f 1579 1604 1605
f 1579 1605 1589
f 1580 1601 1606
f 1581 1583 1603
f 1581 1603 1602
f 1582 1586 1607
f 1582 1607 1583
f 1583 1607 1608
f 1583 1608 1603
f 1584 1587 1585
f 1585 1587 1609
f 1585 1609 1610
f 1585 1610 1586
f 1586 1611 1607
f 1586 1610 1612
f 1586 1612 1613
f 1586 1613 1614
f 1586 1614 1615
f 1586 1615 1611
f 1589 1605 1616
f 1589 1616 1590
f 1590 1616 1591
f 1591 1615 1617
f 1591 1617 1592
f 1591 1616 1611
f 1591 1611 1615
f 1592 1617 1595
f 1598 1603 1618
f 1598 1618 1599
f 1599 1618 1604
f 1600 1619 1601
f 1601 1619 1606
f 1603 1608 1618
f 1604 1618 1605
f 1605 1618 1608
f 1605 1608 1616
f 1607 1611 1616
f 1607 1616 1608
f 1620 1621 1622
f 1620 1622 1623
f 1620 1623 1624
f 1620 1624 1625
f 1620 1625 1626
f 1620 1626 1621
f 1621 1627 1622
f 1621 1626 1628
f 1621 1628 1629
f 1621 1629 1630
f 1621 1630 1631
f 1621 1631 1632
f 1621 1632 1627
f 1622 1627 1633
f 1622 1633 1634
f 1622 1634 1635
f 1622 1635 1623
f 1623 1635 1634
f 1623 1634 1648
f 1623 1648 1668
f 1623 1668 1686
f 1623 1686 1703
f 1623 1703 1704
f 1623 1704 1730
f 1623 1730 1748
f 1623 1748 1747
f 1623 1747 1746
f 1623 1746 1774
f 1623 1774 1773
f 1623 1773 1766
f 1623 1766 1765
f 1623 1765 1764
f 1623 1764 1763
f 1623 1763 1762
f 1623 1762 1778
f 1623 1778 1767
f 1623 1767 1735
f 1623 1735 1716
f 1623 1716 1715
f 1623 1715 1714
f 1623 1714 1713
f 1623 1713 1712
f 1623 1712 1711
f 1623 1711 1710
f 1623 1710 1709
f 1623 1709 1705
f 1623 1705 1687
f 1623 1687 1669
f 1623 1669 1650
f 1623 1650 1639
f 1623 1639 1637
f 1623 1637 1628
f 1623 1628 1626
f 1623 1626 1625
f 1623 1625 1624
f 1627 1632 1636
f 1627 1636 1633
f 1628 1637 1638
f 1628 1638 1629
f 1629 1638 1637
f 1629 1637 1639
f 1629 1639 1640
f 1629 1640 1630
f 1630 1640 1641
f 1630 1641 1631
f 1631 1636 1632
f 1631 1641 1642
f 1631 1642 1643
f 1631 1643 1644
f 1631 1644 1636
f 1633 1645 1634
f 1633 1636 1646
f 1633 1646 1647
f 1633 1647 1645
f 1634 1645 1648
f 1636 1644 1649
f 1636 1649 1646
f 1639 1650 1651
f 1639 1651 1640
f 1640 1652 1653
f 1640 1653 1654
f 1640 1654 1655
f 1640 1655 1641
f 1640 1651 1656
f 1640 1656 1652
f 1641 1655 1642
f 1642 1655 1657
f 1642 1657 1658
f 1642 1658 1659
f 1642 1659 1660
f 1642 1660 1661
f 1642 1661 1643
f 1643 1661 1662
f 1643 1662 1649
f 1643 1649 1644
f 1645 1647 1663
f 1645 1663 1648
f 1646 1664 1647
f 1646 1649 1662
f 1646 1662 1664
f 1647 1664 1665
f 1647 1665 1666
f 1647 1666 1663
f 1648 1667 1668
f 1648 1663 1667
f 1650 1669 1651
f 1651 1669 1656
f 1652 1670 1653
f 1652 1656 1670
f 1653 1670 1671
f 1653 1671 1672
f 1653 1672 1654
f 1654 1672 1671
f 1654 1671 1689
f 1654 1689 1690
f 1654 1690 1707
f 1654 1707 1731
f 1654 1731 1752
f 1654 1752 1776
f 1654 1776 1779
f 1654 1779 1769
f 1654 1769 1768
f 1654 1768 1736
f 1654 1736 1718
f 1654 1718 1717
f 1654 1717 1691
f 1654 1691 1678
f 1654 1678 1676
f 1654 1676 1659
f 1654 1659 1658
f 1654 1658 1657
f 1654 1657 1674
f 1654 1674 1673
f 1654 1673 1655
f 1655 1673 1674
f 1655 1674 1657
f 1656 1669 1675
f 1656 1675 1670
f 1659 1676 1661
f 1659 1661 1660
f 1661 1677 1662
f 1661 1676 1678
f 1661 1678 1677
f 1662 1677 1678
f 1662 1678 1679
f 1662 1679 1680
f 1662 1680 1665
f 1662 1665 1664
f 1663 1681 1667
f 1663 1666 1682
f 1663 1682 1683
f 1663 1683 1681
f 1665 1684 1682
f 1665 1682 1666
f 1665 1680 1684
f 1667 1685 1668
f 1667 1681 1685
f 1668 1685 1686
f 1669 1687 1688
f 1669 1688 1675
f 1670 1689 1671
f 1670 1675 1689
f 1675 1688 1690
f 1675 1690 1689
f 1678 1691 1692
f 1678 1692 1693
f 1678 1693 1679
f 1679 1693 1680
f 1680 1693 1694
f 1680 1694 1695
f 1680 1695 1684
f 1681 1696 1697
f 1681 1697 1698
f 1681 1698 1685
f 1681 1683 1699
f 1681 1699 1696
f 1682 1700 1683
f 1682 1684 1701
f 1682 1701 1702
f 1682 1702 1700
f 1683 1700 1699
f 1684 1695 1701
f 1685 1703 1686
f 1685 1698 1704
f 1685 1704 1703
f 1687 1705 1688
f 1688 1706 1690
f 1688 1705 1706
f 1690 1706 1708
f 1690 1708 1705
f 1690 1705 1709
f 1690 1709 1710
f 1690 1710 1711
f 1690 1711 1712
f 1690 1712 1713
f 1690 1713 1714
f 1690 1714 1715
f 1690 1715 1716
f 1690 1716 1735
f 1690 1735 1753
f 1690 1753 1732
f 1690 1732 1707
f 1691 1717 1692
f 1692 1717 1693
f 1693 1717 1718
f 1693 1718 1719
f 1693 1719 1720
f 1693 1720 1721
f 1693 1721 1694
f 1694 1721 1695
f 1695 1721 1720
f 1695 1720 1701
f 1696 1722 1697
f 1696 1699 1723
f 1696 1723 1722
f 1697 1722 1724
f 1697 1724 1725
f 1697 1725 1726
f 1697 1726 1698
f 1698 1726 1727
f 1698 1727 1704
f 1699 1700 1728
f 1699 1728 1723
f 1700 1702 1729
f 1700 1729 1728
f 1701 1720 1702
f 1702 1720 1729
f 1704 1727 1730
f 1705 1708 1706
f 1707 1732 1733
f 1707 1733 1734
f 1707 1734 1731
f 1718 1736 1737
f 1718 1737 1719
f 1719 1737 1738
f 1719 1738 1720
f 1720 1738 1739
f 1720 1739 1729
f 1722 1723 1740
f 1722 1740 1741
f 1722 1741 1724
f 1723 1728 1742
f 1723 1742 1741
f 1723 1741 1740
f 1724 1743 1744
f 1724 1744 1725
f 1724 1741 1745
f 1724 1745 1743
f 1725 1744 1746
f 1725 1746 1747
f 1725 1747 1726
f 1726 1747 1748
f 1726 1748 1730
f 1726 1730 1727
f 1728 1729 1742
f 1729 1739 1749
f 1729 1749 1750
f 1729 1750 1742
f 1731 1751 1752
f 1731 1734 1751
f 1732 1753 1733
f 1733 1753 1754
f 1733 1754 1734
f 1734 1755 1756
f 1734 1756 1757
f 1734 1757 1758
f 1734 1758 1759
f 1734 1759 1760
f 1734 1760 1761
f 1734 1761 1751
f 1734 1754 1762
f 1734 1762 1763
f 1734 1763 1764
f 1734 1764 1765
f 1734 1765 1766
f 1734 1766 1743
f 1734 1743 1755
f 1735 1767 1753
f 1736 1768 1737
f 1737 1768 1769
f 1737 1769 1759
f 1737 1759 1770
f 1737 1770 1742
f 1737 1742 1750
f 1737 1750 1749
f 1737 1749 1738
f 1738 1749 1739
f 1741 1742 1757
f 1741 1757 1756
f 1741 1756 1755
f 1741 1755 1745
f 1742 1770 1771
f 1742 1771 1758
f 1742 1758 1757
f 1743 1766 1772
f 1743 1772 1744
f 1743 1745 1755
f 1744 1772 1773
f 1744 1773 1774
f 1744 1774 1746
f 1751 1761 1752
f 1752 1761 1760
f 1752 1760 1775
f 1752 1775 1776
f 1753 1777 1754
f 1753 1767 1777
f 1754 1777 1767
f 1754 1767 1778
f 1754 1778 1762
f 1758 1771 1759
f 1759 1771 1770
f 1759 1769 1779
f 1759 1779 1775
f 1759 1775 1760
f 1766 1773 1772
f 1775 1779 1776

