# https://github.com/mikedh/trimesh
v 0.01908013 0.01689751 -0.00534801
v 0.01411379 0.02127411 -0.00334100
v 0.01904304 0.01689751 -0.00434295
v 0.01898432 0.01689751 -0.00694556
v 0.01404580 0.02127411 -0.00437708
v 0.01403653 0.02127411 -0.00232663
v 0.01890088 0.01689751 -0.00331928
v 0.01895342 0.01689751 -0.00735193
v 0.01388201 0.02127411 -0.00529838
v 0.01891015 0.01689751 -0.00785756
v 0.01882053 0.01689751 -0.00838801
v 0.01390673 0.02127411 -0.00163488
v 0.01871855 0.01689751 -0.00229561
v 0.01361005 0.02127411 -0.00634377
v 0.01872163 0.01689751 -0.00875405
v 0.01843732 0.01689751 -0.00133088
v 0.01371203 0.02127411 -0.00110132
v 0.01773888 0.01689751 0.00071337
v 0.01333191 0.02127411 -0.00735193
v 0.01847749 0.01689751 -0.00961021
v 0.01341226 0.02127411 -0.00033822
v 0.01734021 0.01689751 0.00168120
v 0.01295797 0.02127411 -0.00841593
v 0.01800156 0.01689751 -0.01095650
v 0.01187631 0.02127411 0.00238226
v 0.01683338 0.01689751 0.00267075
v 0.01729694 0.01689751 0.00176806
v 0.01252839 0.02127411 -0.00936205
v 0.01679011 0.01689751 -0.01392825
v 0.01165380 0.02127411 0.00266765
v 0.01490803 0.01689751 0.00570455
v 0.01569300 0.01689751 0.00466226
v 0.01199684 0.02127411 -0.01044776
v 0.01656142 0.01689751 -0.01439045
v 0.01148383 0.02127411 0.00287859
v 0.01428376 0.01689751 0.00643042
v 0.01076684 0.02127411 -0.01229348
v 0.01645325 0.01689751 -0.01454556
v 0.01101099 0.02127411 0.00334700
v 0.01400872 0.01689751 0.00669410
v 0.01607931 0.01689751 -0.01505119
v 0.01556012 0.01689751 -0.01575225
v 0.01472879 0.01689751 -0.01681625
v 0.00988916 0.02127411 -0.01337919
v 0.01063086 0.02127411 0.00362308
v 0.01327937 0.01689751 0.00735793
v 0.00894039 0.02127411 -0.01441527
v 0.01375530 0.01689751 -0.01786163
v 0.01032491 0.02127411 0.00383712
v 0.00932361 0.02127411 0.00451647
v 0.01281272 0.01689751 0.00766503
v 0.00860354 0.02127411 -0.01472858
v 0.01263347 0.01689751 -0.01875502
v 0.00807198 0.02127411 -0.01518147
v 0.00857263 0.02127411 -0.01475650
v 0.00848301 0.02127411 0.00502210
v 0.01219463 0.01689751 0.00801556
v 0.01062159 0.01689751 -0.01978800
v 0.00726229 0.02127411 -0.01564678
v 0.00786801 0.02127411 -0.01531176
v 0.00823886 0.02127411 0.00515549
v 0.01127059 0.01689751 0.00851499
v 0.00982735 0.01689751 -0.02003616
v 0.00614973 0.02127411 -0.01608107
v 0.00672764 0.02127411 -0.01587943
v 0.00711394 0.02127411 -0.01571813
v 0.00796072 0.02127411 0.00529508
v 0.01026928 0.01689751 0.00905164
v 0.00926180 0.01689751 -0.02019747
v 0.00524732 0.02127411 -0.01626098
v 0.00904856 0.01689751 -0.02025641
v 0.00825741 0.01689751 -0.02045804
v 0.00669674 0.01689751 -0.02083649
v 0.00725611 0.02127411 0.00554944
v 0.00720666 0.01689751 0.01011254
v 0.00424293 0.02127411 -0.01632923
v 0.00578815 0.01689751 -0.02101020
v 0.00524732 0.01689751 -0.02111257
v 0.00492591 0.01689751 -0.02114979
v 0.00424293 0.01689751 -0.02121184
v 0.00634133 0.02127411 0.00582553
v 0.00625171 0.01689751 0.01026454
v 0.00524732 0.02127411 0.00601475
v 0.00324162 0.02127411 -0.01632302
v 0.00400496 0.01689751 -0.02122735
v 0.00324162 0.01689751 -0.02125837
v 0.00424293 0.01689751 0.01041964
v 0.00424293 0.02127411 0.00608300
v 0.00223723 0.02127411 -0.01626409
v 0.00303765 0.01689751 -0.02125216
v 0.00223723 0.01689751 -0.02122735
v 0.00357230 0.01689751 0.01042895
v 0.00324162 0.02127411 0.00609230
v 0.00324162 0.01689751 0.01043205
v 0.00114631 0.02127411 -0.01609968
v 0.00198072 0.01689751 -0.02119943
v 0.00123284 0.01689751 -0.02110947
v 0.00237012 0.02127411 0.00606128
v 0.00076000 0.01689751 0.01022111
v 0.00223723 0.02127411 0.00605508
v 0.00022845 0.02127411 -0.01582049
v 0.00081872 0.01689751 -0.02103812
v 0.00022845 0.01689751 -0.02092955
v -0.00074813 0.01689751 -0.02068449
v -0.00021349 0.01689751 0.01011875
v 0.00147698 0.02127411 0.00598063
v -0.00075122 0.02127411 -0.01544515
v -0.00178034 0.01689751 -0.02032465
v -0.00280946 0.01689751 -0.01994000
v -0.00097065 0.01689751 0.00992952
v 0.00123284 0.02127411 0.00595271
v 0.00066729 0.02127411 0.00581622
v -0.00171853 0.02127411 -0.01493331
v -0.00369641 0.01689751 -0.01940025
v -0.00178034 0.01689751 0.00964413
v 0.00023463 0.02127411 0.00569524
v -0.00378604 0.01689751 -0.01934441
v -0.00285890 0.02127411 -0.01419813
v -0.00238298 0.01689751 0.00940217
v -0.00041437 0.02127411 0.00541606
v -0.00474716 0.01689751 -0.01868367
v -0.00377985 0.02127411 -0.01355911
v -0.00311541 0.01689751 0.00903924
v -0.00140022 0.02127411 0.00491973
v -0.00513656 0.01689751 -0.01837968
v -0.00446902 0.02127411 -0.01305037
v -0.00508093 0.01689751 0.00796283
v -0.00227790 0.02127411 0.00437998
v -0.00634183 0.01689751 0.00722454
v -0.00581027 0.01689751 -0.01783061
v -0.00471008 0.02127411 -0.01283633
v -0.00680230 0.01689751 -0.01701478
v -0.00327611 0.02127411 0.00364790
v -0.00743275 0.01689751 0.00632185
v -0.00353880 0.02127411 0.00343385
v -0.00572992 0.02127411 -0.01186229
v -0.00751002 0.01689751 -0.01638506
v -0.00780979 0.01689751 -0.01610898
v -0.00839697 0.01689751 0.00528887
v -0.00396219 0.02127411 0.00307712
v -0.00406727 0.02127411 0.00298716
v -0.00441030 0.02127411 0.00269247
v -0.00460500 0.02127411 0.00250014
v -0.00647781 0.02127411 -0.01104646
v -0.00850205 0.01689751 -0.01539241
v -0.00881109 0.01689751 -0.01506980
v -0.00944772 0.01689751 -0.01438735
v -0.00928084 0.01689751 0.00416904
v -0.00503766 0.02127411 0.00202553
v -0.00510256 0.02127411 0.00195108
v -0.00536216 0.02127411 0.00164708
v -0.00664160 0.02127411 -0.01084172
v -0.00980003 0.01689751 -0.01398099
v -0.00551977 0.02127411 0.00142063
v -0.00602351 0.02127411 0.00067304
v -0.00630474 0.02127411 0.00019843
v -0.00657052 0.02127411 -0.00027618
v -0.00997001 0.01689751 0.00292512
v -0.01027287 0.01689751 -0.01338539
v -0.00697846 0.02127411 -0.01035781
v -0.01010908 0.01689751 0.00263973
v -0.00663542 0.02127411 -0.00041267
v -0.01077970 0.01689751 -0.01265642
v -0.00718861 0.02127411 -0.00999177
v -0.01097440 0.01689751 -0.01232140
v -0.01034086 0.01689751 0.00211859
v -0.00705263 0.02127411 -0.00133088
v -0.00734931 0.02127411 -0.00968156
v -0.01142869 0.01689751 -0.01135356
v -0.01122163 0.01689751 0.00013329
v -0.00744821 0.02127411 -0.00230492
v -0.00751002 0.02127411 -0.00922556
v -0.01182118 0.01689751 -0.01037952
v -0.01182736 0.01689751 -0.01036401
v -0.00750692 0.02127411 -0.00247243
v -0.01150286 0.01689751 -0.00074149
v -0.01215495 0.01689751 -0.00941789
v -0.00774798 0.02127411 -0.00839732
v -0.00763363 0.02127411 -0.00288189
v -0.00776961 0.02127411 -0.00332549
v -0.01166975 0.01689751 -0.00133088
v -0.01224766 0.01689751 -0.00898360
v -0.00784378 0.02127411 -0.00801266
v -0.01212404 0.01689751 -0.00303700
v -0.01194171 0.01689751 -0.00232353
v -0.01191698 0.01689751 -0.00223047
v -0.00799212 0.02127411 -0.00433675
v -0.01235583 0.01689751 -0.00835079
v -0.00795195 0.02127411 -0.00734573
v -0.01225693 0.01689751 -0.00383732
v -0.00806629 0.02127411 -0.00519912
v -0.01246399 0.01689751 -0.00578850
v -0.01237746 0.01689751 -0.00486099
v -0.01246090 0.01689751 -0.00735193
v -0.00797976 0.02127411 -0.00710377
v -0.00807866 0.02127411 -0.00534801
v -0.01248562 0.01689751 -0.00634997
v -0.01248253 0.01689751 -0.00677185
v -0.00805084 0.02127411 -0.00634997
v -0.00805702 0.02127411 -0.00616695
v 0.01333388 0.05713073 -0.00936141
v 0.01329959 0.05713073 -0.01036628
v 0.01332102 0.05713073 -0.00849603
v 0.00940785 0.04996526 -0.00133186
v 0.00939070 0.04996526 -0.00227762
v 0.00914640 0.04996526 -0.01237367
v 0.01323959 0.05713073 -0.01136879
v 0.01331888 0.05713073 -0.00835653
v 0.01257525 0.05713073 -0.00208138
v 0.01243381 0.05713073 -0.00129639
v 0.00919569 0.04996526 -0.00032698
v 0.01326745 0.05713073 -0.00732328
v 0.01318601 0.05713073 -0.00639407
v 0.01318173 0.05713073 -0.00635151
v 0.01314529 0.05713073 -0.00599448
v 0.01308315 0.05713073 -0.00542229
v 0.01307457 0.05713073 -0.00534663
v 0.01293956 0.05713073 -0.00434412
v 0.01269954 0.05713073 -0.00284981
v 0.00906710 0.04996526 -0.01337855
v 0.01312601 0.05713073 -0.01230037
v 0.01243166 0.05713073 -0.00128693
v 0.01190448 0.05713073 0.00046746
v 0.01181447 0.05713073 0.00067790
v 0.00889352 0.04996526 0.00036343
v 0.01224308 0.05713073 -0.00051613
v 0.01220665 0.05713073 -0.00038136
v 0.00887423 0.04996526 -0.01402403
v 0.01289456 0.05713073 -0.01337855
v 0.01167517 0.05713073 0.00094744
v 0.00848206 0.04996526 0.00086469
v 0.00821846 0.04996526 -0.01460331
v 0.01150587 0.05713073 -0.01562474
v 0.01178447 0.05713073 -0.01529845
v 0.01215307 0.05713073 -0.01482320
v 0.01238666 0.05713073 -0.01449928
v 0.01249810 0.05713073 -0.01431958
v 0.01125943 0.05713073 0.00143687
v 0.00798059 0.04996526 0.00138249
v 0.00818632 0.04996526 -0.01462696
v 0.01076867 0.05713073 -0.01623476
v 0.01116728 0.05713073 -0.01591083
v 0.01124228 0.05713073 0.00145342
v 0.00794416 0.04996526 0.00141086
v 0.00738482 0.04996526 -0.01512585
v 0.01017719 0.05713073 -0.01665326
v 0.01032721 0.05713073 -0.01655395
v 0.01039150 0.05713073 -0.01650903
v 0.01122085 0.05713073 0.00146998
v 0.01053722 0.05713073 0.00198305
v 0.00729696 0.04996526 0.00188611
v 0.00734625 0.04996526 -0.01514476
v 0.00925783 0.05713073 -0.01721126
v 0.00941642 0.05713073 -0.01712378
v 0.01022648 0.05713073 0.00220767
v 0.00726910 0.04996526 0.00190503
v 0.00921283 0.05713073 0.00293591
v 0.00821632 0.05713073 0.00364760
v 0.00754555 0.05713073 0.00411339
v 0.00625116 0.04996526 -0.01563656
v 0.00830204 0.05713073 -0.01766050
v 0.00916140 0.05713073 -0.01725855
v 0.00679549 0.04996526 0.00220767
v 0.00714266 0.05713073 0.00435692
v 0.00566611 0.04996526 -0.01586118
v 0.00732053 0.05713073 -0.01804117
v 0.00826990 0.05713073 -0.01767469
v 0.00625116 0.04996526 0.00247485
v 0.00638403 0.05713073 0.00473996
v 0.00516464 0.04996526 -0.01601723
v 0.00720481 0.05713073 -0.01808137
v 0.00524179 0.04996526 0.00293118
v 0.00630688 0.05713073 0.00477306
v 0.00519465 0.04996526 0.00295246
v 0.00424314 0.04996526 -0.01622767
v 0.00625759 0.05713073 -0.01831544
v 0.00618687 0.05713073 0.00482035
v 0.00464603 0.04996526 0.00316526
v 0.00329592 0.04996526 -0.01634825
v 0.00614830 0.05713073 -0.01832963
v 0.00547967 0.05713073 0.00509226
v 0.00495034 0.05713073 0.00521757
v 0.00414670 0.04996526 0.00325984
v 0.00323806 0.04996526 -0.01635534
v 0.00524608 0.05713073 -0.01843603
v 0.00426457 0.05713073 0.00534289
v 0.00331949 0.05713073 0.00550603
v 0.00323806 0.04996526 0.00339697
v 0.00223726 0.04996526 -0.01626786
v 0.00223726 0.05713073 -0.01845021
v 0.00312876 0.05713073 -0.01851642
v 0.00323806 0.05713073 -0.01852351
v 0.00412099 0.05713073 -0.01849514
v 0.00424314 0.05713073 -0.01849041
v 0.00513250 0.05713073 -0.01844549
v 0.00324020 0.05713073 0.00551785
v 0.00223726 0.04996526 0.00348446
v 0.00223726 0.05713073 0.00563134
v -0.00018222 0.05713073 -0.01789694
v 0.00022924 0.05713073 -0.01801753
v 0.00031496 0.05713073 -0.01803881
v 0.00106288 0.05713073 -0.01821850
v 0.00118932 0.05713073 -0.01824687
v 0.00214726 0.05713073 -0.01843366
v 0.00142720 0.04996526 -0.01602433
v 0.00123218 0.04996526 0.00343244
v 0.00121289 0.05713073 0.00552022
v -0.00074155 0.05713073 -0.01771725
v 0.00138219 0.04996526 -0.01601014
v 0.00049926 0.04996526 0.00326929
v -0.00077584 0.05713073 0.00529796
v -0.00177878 0.05713073 0.00512063
v -0.00083156 0.05713073 -0.01768414
v 0.00088072 0.04996526 -0.01583517
v -0.00287387 0.05713073 0.00479198
v 0.00046926 0.04996526 0.00325984
v -0.00182593 0.05713073 -0.01727510
v 0.00022924 0.04996526 -0.01558691
v -0.00322961 0.05713073 0.00466193
v -0.00000221 0.04996526 0.00308960
v -0.00243240 0.05713073 -0.01697718
v -0.00088299 0.04996526 -0.01509984
v -0.00378680 0.05713073 0.00445387
v -0.00006650 0.04996526 0.00306123
v -0.00295959 0.05713073 -0.01668163
v -0.00129231 0.04996526 -0.01489650
v -0.00479402 0.05713073 0.00397862
v -0.00077798 0.04996526 0.00273730
v -0.00382537 0.05713073 -0.01615437
v -0.00161805 0.04996526 -0.01451346
v -0.00584411 0.05713073 -0.01436924
v -0.00534907 0.05713073 -0.01493433
v -0.00485832 0.05713073 -0.01540012
v -0.00427112 0.05713073 -0.01586827
v -0.00489903 0.05713073 0.00391478
v -0.00152376 0.04996526 0.00233771
v -0.00082084 0.04996526 0.00271602
v -0.00165020 0.04996526 -0.01447563
v -0.00627057 0.05713073 -0.01383488
v -0.00221381 0.04996526 -0.01377340
v -0.00498904 0.05713073 0.00385330
v -0.00202308 0.04996526 0.00200670
v -0.00670989 0.05713073 -0.01327688
v -0.00251598 0.04996526 -0.01326978
v -0.00712993 0.05713073 -0.01257701
v -0.00671418 0.05713073 -0.01326978
v -0.00523335 0.05713073 0.00362632
v -0.00343963 0.04996526 0.00086941
v -0.00296173 0.04996526 0.00130447
v -0.00278172 0.04996526 0.00144633
v -0.00206594 0.04996526 0.00197596
v -0.00308603 0.04996526 -0.01229328
v -0.00720708 0.05713073 -0.01237367
v -0.00355964 0.04996526 -0.01146337
v -0.00357678 0.04996526 -0.01143027
v -0.00405896 0.04996526 -0.01049396
v -0.00408897 0.04996526 -0.01043249
v -0.00430970 0.04996526 -0.00995960
v -0.00456686 0.04996526 -0.00936614
v -0.00495475 0.04996526 -0.00842273
v -0.00498047 0.04996526 -0.00835653
v -0.00570910 0.05713073 0.00317945
v -0.00361750 0.04996526 0.00068972
v -0.00733352 0.05713073 -0.01198354
v -0.00521835 0.04996526 -0.00770632
v -0.00523549 0.04996526 -0.00765430
v -0.00589554 0.05713073 0.00297611
v -0.00367536 0.04996526 0.00062588
v -0.00751996 0.05713073 -0.01136879
v -0.00537479 0.04996526 -0.00718142
v -0.00598126 0.05713073 0.00287444
v -0.00418755 0.04996526 0.00004423
v -0.00777927 0.05713073 -0.01037101
v -0.00800643 0.05713073 -0.00940160
v -0.00781570 0.05713073 -0.01021969
v -0.00555909 0.04996526 -0.00638697
v -0.00618914 0.05713073 0.00262144
v -0.00420898 0.04996526 0.00001586
v -0.00831288 0.05713073 -0.00793330
v -0.00556552 0.04996526 -0.00635151
v -0.00843075 0.05713073 -0.00735402
v -0.00674418 0.05713073 0.00184355
v -0.00455401 0.04996526 -0.00045702
v -0.00573696 0.04996526 -0.00540338
v -0.00846932 0.05713073 -0.00713176
v -0.00681919 0.05713073 0.00173006
v -0.00507262 0.04996526 -0.00137205
v -0.00684705 0.05713073 0.00168514
v -0.00574553 0.04996526 -0.00534663
v -0.00855933 0.05713073 -0.00635151
v -0.00509191 0.04996526 -0.00141225
v -0.00729923 0.05713073 0.00067790
v -0.00582911 0.04996526 -0.00439850
v -0.00583340 0.04996526 -0.00434412
v -0.00855504 0.05713073 -0.00628767
v -0.00511334 0.04996526 -0.00146190
v -0.00760354 0.05713073 -0.00022531
v -0.00544765 0.04996526 -0.00231309
v -0.00542193 0.04996526 -0.00223979
v -0.00573267 0.04996526 -0.00339599
v -0.00848004 0.05713073 -0.00534663
v -0.00763354 0.05713073 -0.00033171
v -0.00572624 0.04996526 -0.00333924
v -0.00845432 0.05713073 -0.00515984
v -0.00785856 0.05713073 -0.00123255
v -0.00805786 0.05712793 -0.00236274
v -0.00806000 0.05713073 -0.00236983
v -0.00819930 0.05713073 -0.00333924
v -0.00787999 0.05713073 -0.00133186
v 0.00323876 0.02690184 0.00484445
v 0.00321494 0.02690184 0.00484445
v 0.00421873 0.02690184 0.00481124
v 0.00223667 0.04996456 0.00348505
v 0.00223667 0.02690184 0.00475105
v 0.00123289 0.04996456 0.00343109
v 0.00424254 0.02690184 0.00480917
v 0.00625182 0.03897500 0.00394372
v 0.00323876 0.04996456 0.00339789
v 0.00221115 0.02690184 0.00474690
v 0.00049961 0.04996456 0.00326921
v 0.00522251 0.02690184 0.00466389
v 0.00725560 0.03797267 0.00384825
v 0.00725560 0.03897500 0.00377769
v 0.00625182 0.03997960 0.00386070
v 0.00414727 0.04996456 0.00326091
v 0.00115292 0.02690184 0.00446672
v 0.00046899 0.04996456 0.00325884
v 0.00524803 0.02690184 0.00465974
v 0.00825939 0.03797267 0.00353279
v 0.00725560 0.03696808 0.00388146
v 0.00825939 0.03696808 0.00358260
v 0.00835296 0.03905176 0.00339166
v 0.00725560 0.03997960 0.00367184
v 0.00464746 0.04996456 0.00316752
v 0.00090283 0.02690184 0.00437748
v -0.00000228 0.04996456 0.00308865
v 0.00059659 0.02690184 0.00426748
v 0.00632157 0.02690184 0.00433597
v 0.00632157 0.02690410 0.00433597
v 0.00890590 0.03797267 0.00325884
v 0.00883274 0.03876957 0.00322355
v 0.00896885 0.03696808 0.00328997
v 0.00825939 0.03596574 0.00359505
v 0.00898586 0.03596574 0.00330034
v 0.00875108 0.03943779 0.00318204
v 0.00815221 0.03997960 0.00335223
v 0.00725560 0.04098193 0.00353694
v 0.00524293 0.04996456 0.00293300
v 0.00796336 0.04098193 0.00327959
v -0.00006693 0.04996456 0.00305960
v 0.00017296 0.02690184 0.00401013
v -0.00077979 0.04996456 0.00273791
v -0.00082232 0.04996456 0.00271508
v -0.00152498 0.04996456 0.00233735
v 0.00716884 0.02690184 0.00399145
v 0.00940779 0.03797267 0.00299941
v 0.00920533 0.03905176 0.00299111
v 0.00947074 0.03696808 0.00302639
v 0.00896715 0.03496115 0.00329619
v 0.00948775 0.03596574 0.00303262
v 0.00926318 0.03997960 0.00282092
v 0.00865410 0.03997960 0.00313846
v 0.00625182 0.04996456 0.00247433
v -0.00060285 0.02690184 0.00345807
v -0.00202176 0.04996456 0.00200736
v -0.00206600 0.04996456 0.00197623
v 0.00823727 0.02690184 0.00349751
v 0.01022273 0.03797267 0.00249716
v 0.01016659 0.03897500 0.00244320
v 0.01004579 0.03997960 0.00236641
v 0.01022613 0.03696808 0.00252414
v 0.00888038 0.02994045 0.00325053
v 0.01019551 0.03596574 0.00253037
v 0.00935845 0.02893586 0.00295998
v 0.01012235 0.02893586 0.00245980
v 0.00679454 0.04996456 0.00220868
v 0.00676222 0.04996456 0.00222528
v -0.00062497 0.02690184 0.00343940
v -0.00278226 0.04996456 0.00144700
v -0.00296090 0.04996456 0.00130380
v 0.00825939 0.02690184 0.00348713
v 0.01072462 0.03797267 0.00213811
v 0.01066848 0.03897500 0.00209038
v 0.01054768 0.03997960 0.00197416
v 0.00989948 0.04079230 0.00227717
v 0.00726922 0.04996456 0.00190359
v 0.01072803 0.03696808 0.00213604
v 0.00881913 0.02690184 0.00322148
v 0.00930741 0.02690184 0.00293092
v 0.00932102 0.02690184 0.00292262
v 0.01010364 0.02793127 0.00244320
v 0.01064126 0.02994045 0.00204680
v -0.00110645 0.02690184 0.00302016
v -0.00344068 0.04996456 0.00086796
v 0.01105128 0.03797267 0.00163587
v 0.01101895 0.03897500 0.00158813
v 0.01095260 0.03997960 0.00147191
v 0.01086243 0.04098193 0.00131833
v 0.01079948 0.04156211 0.00122286
v 0.00798037 0.04996456 0.00138474
v 0.00729644 0.04996456 0.00188491
v 0.01099684 0.02994045 0.00154455
v 0.01105468 0.03696808 0.00163379
v 0.01006791 0.02690184 0.00243282
v 0.01008662 0.02690184 0.00242037
v 0.01058852 0.02690184 0.00197831
v 0.01094750 0.02690184 0.00148851
v -0.00159133 0.02690184 0.00251791
v -0.00361761 0.04996456 0.00068948
v 0.01143068 0.03797267 0.00067703
v 0.01138134 0.03897500 0.00067703
v 0.01125544 0.03997960 0.00067703
v 0.01105468 0.04098193 0.00067703
v 0.00919512 0.04996456 -0.00032747
v 0.00889229 0.04996456 0.00036364
v 0.00848227 0.04996456 0.00086589
v 0.01095600 0.02690184 0.00147606
v 0.01143068 0.03395656 0.00067703
v -0.00209322 0.02690184 0.00196378
v -0.00367376 0.04996456 0.00062722
v 0.01145279 0.03395656 -0.00032747
v 0.01144259 0.03696808 -0.00032747
v 0.01143238 0.03797267 -0.00032747
v 0.01136773 0.03897500 -0.00032747
v 0.01123843 0.03997960 -0.00032747
v 0.00940779 0.04996456 -0.00132989
v 0.01125033 0.02690184 0.00067703
v 0.01133880 0.02690184 -0.00032747
v -0.00210343 0.02690184 0.00195133
v -0.00418926 0.04996456 0.00004610
v 0.01128606 0.02690184 -0.00132989
v 0.01117718 0.02690184 -0.00233439
v 0.01102916 0.02690184 -0.00333889
v 0.00906752 0.04996456 -0.01337764
v 0.00907263 0.04996456 -0.01331746
v 0.00914749 0.04996456 -0.01237314
v 0.00939078 0.04996456 -0.00227836
v -0.00251855 0.02690184 0.00144078
v -0.00455335 0.04996456 -0.00045615
v -0.00306128 0.02690184 0.00071023
v 0.01085733 0.02690184 -0.00430603
v 0.00887527 0.04996456 -0.01402517
v 0.01085563 0.02690184 -0.00431433
v 0.01074674 0.02690184 -0.00476470
v 0.01059362 0.02690184 -0.00530638
v 0.01029759 0.02690184 -0.00635238
v -0.00507396 0.04996456 -0.00137348
v -0.00415524 0.02690184 -0.00106632
v -0.00368227 0.02690184 -0.00024861
v -0.00335901 0.02690184 0.00028477
v 0.00839550 0.04996456 -0.01444855
v 0.00999986 0.02690184 -0.00732990
v 0.00998284 0.02690184 -0.00738179
v 0.00979570 0.02690184 -0.00792347
v 0.00963237 0.02690184 -0.00836761
v 0.00926148 0.02690184 -0.00933682
v 0.00925127 0.02690184 -0.00936173
v 0.00892121 0.02690184 -0.01014831
v 0.00890930 0.02690184 -0.01017529
v 0.00868302 0.02690184 -0.01066508
v 0.00836487 0.02690184 -0.01134582
v 0.00795145 0.02690184 -0.01214900
v 0.00793614 0.02690184 -0.01217806
v 0.00764181 0.02690184 -0.01266785
v 0.00719776 0.02690184 -0.01335689
v 0.00681666 0.02690184 -0.01391102
v 0.00680305 0.02690184 -0.01392763
v -0.00509267 0.04996456 -0.00141291
v -0.00443596 0.02690184 -0.00156857
v 0.00821856 0.04996456 -0.01460421
v 0.00625012 0.02690184 -0.01432195
v -0.00511309 0.04996456 -0.00146272
v -0.00512670 0.03897500 -0.00224307
v -0.00477963 0.02690184 -0.00233439
v 0.00818623 0.04996456 -0.01462704
v 0.00555257 0.02690184 -0.01477439
v -0.00542103 0.04996456 -0.00224100
v -0.00532745 0.03897500 -0.00274532
v -0.00531725 0.03826840 -0.00277438
v -0.00515222 0.02690184 -0.00337210
v 0.00774389 0.04955595 -0.01487609
v 0.00738491 0.04996456 -0.01512514
v 0.00505238 0.02690184 -0.01502344
v 0.00488395 0.04198652 -0.01596153
v 0.00734578 0.04996456 -0.01514589
v -0.00544825 0.04996456 -0.00231156
v -0.00551800 0.03897500 -0.00333889
v -0.00529683 0.02690184 -0.00388265
v 0.00426806 0.02690184 -0.01519570
v 0.00424254 0.04198652 -0.01611718
v 0.00482950 0.04125509 -0.01593662
v 0.00516467 0.04996456 -0.01601756
v 0.00519359 0.04996456 -0.01600926
v 0.00566656 0.04996456 -0.01586191
v 0.00625182 0.04996456 -0.01563776
v -0.00572727 0.04996456 -0.00333889
v -0.00577491 0.03897500 -0.00434339
v -0.00538530 0.02690184 -0.00437659
v 0.00424254 0.02690184 -0.01519985
v 0.00323876 0.04198652 -0.01619190
v 0.00323876 0.04299112 -0.01622510
v 0.00329490 0.04996456 -0.01634963
v 0.00424254 0.04299112 -0.01613171
v 0.00429188 0.04996456 -0.01621680
v -0.00583275 0.04996456 -0.00434339
v -0.00592802 0.03897500 -0.00534789
v -0.00538870 0.02690184 -0.00440150
v 0.00323876 0.02690184 -0.01518325
v 0.00223667 0.04198652 -0.01609643
v 0.00323876 0.04996456 -0.01635378
v 0.00223667 0.04299112 -0.01612963
v 0.00223667 0.04996456 -0.01626869
v 0.00424254 0.04996456 -0.01622718
v -0.00582935 0.04996456 -0.00439942
v -0.00589740 0.04299112 -0.00634823
v -0.00591271 0.04299112 -0.00534789
v -0.00592632 0.03897500 -0.00634823
v -0.00590080 0.03797267 -0.00634823
v -0.00557925 0.02690184 -0.00634823
v -0.00550780 0.02690184 -0.00534789
v 0.00232174 0.02690184 -0.01501099
v 0.00165482 0.04128218 -0.01592002
v 0.00156124 0.04198652 -0.01594700
v 0.00146086 0.04299112 -0.01596360
v 0.00138090 0.04996456 -0.01601134
v 0.00093515 0.04399571 -0.01583493
v -0.00574598 0.04996456 -0.00534789
v -0.00585487 0.04399571 -0.00634823
v -0.00571706 0.04299112 -0.00735273
v -0.00576129 0.03897500 -0.00735273
v -0.00575279 0.03797267 -0.00735273
v -0.00540061 0.02690184 -0.00840289
v -0.00555713 0.02690184 -0.00737764
v -0.00556054 0.02690184 -0.00735273
v 0.00229452 0.02690184 -0.01500476
v 0.00180624 0.02690184 -0.01486986
v 0.00095897 0.04299112 -0.01582040
v 0.00090793 0.04996456 -0.01584530
v 0.00022910 0.04399571 -0.01552362
v 0.00022910 0.04500030 -0.01553607
v 0.00022910 0.04996456 -0.01558795
v 0.00026653 0.04996456 -0.01560248
v 0.00087901 0.04996456 -0.01583493
v -0.00573748 0.04996456 -0.00540392
v -0.00556734 0.04996456 -0.00634823
v -0.00538190 0.04996456 -0.00715349
v -0.00566092 0.04399571 -0.00735273
v -0.00523558 0.04996456 -0.00765574
v -0.00544315 0.04299112 -0.00817667
v -0.00544995 0.04198652 -0.00822648
v -0.00545846 0.03997960 -0.00831572
v -0.00547037 0.03897500 -0.00833232
v -0.00546867 0.03797267 -0.00834270
v -0.00538700 0.02690184 -0.00845270
v 0.00179433 0.02690184 -0.01486571
v 0.00022910 0.04299112 -0.01544890
v 0.00125670 0.02690184 -0.01462704
v 0.00015254 0.02690184 -0.01411026
v -0.00069643 0.02690184 -0.01370141
v -0.00047866 0.04399571 -0.01507533
v -0.00053480 0.04500030 -0.01510231
v -0.00129359 0.04996456 -0.01489684
v -0.00087336 0.04993973 -0.01510231
v -0.00086996 0.04996456 -0.01510438
v -0.00168660 0.02690184 -0.01314520
v -0.00055522 0.04996456 -0.01524344
v -0.00521857 0.04996456 -0.00770555
v -0.00526110 0.04098193 -0.00877854
v -0.00527812 0.03997960 -0.00881797
v -0.00498208 0.04996456 -0.00835723
v -0.00495486 0.04996456 -0.00842364
v -0.00456696 0.04996456 -0.00936588
v -0.00432026 0.04996456 -0.00993246
v -0.00430836 0.04996456 -0.00995944
v -0.00528322 0.03897500 -0.00883457
v -0.00528832 0.03797267 -0.00884495
v -0.00512500 0.02690184 -0.00925173
v -0.00166448 0.02690184 -0.01315765
v -0.00218679 0.02690184 -0.01280483
v -0.00161685 0.04996456 -0.01451497
v -0.00286392 0.02690184 -0.01223409
v -0.00288944 0.02690184 -0.01221126
v -0.00364313 0.02690184 -0.01147657
v -0.00423009 0.02690184 -0.01081244
v -0.00498379 0.04098193 -0.00936173
v -0.00502632 0.03997960 -0.00936173
v -0.00409058 0.04996456 -0.01043264
v -0.00503653 0.03897500 -0.00936173
v -0.00510628 0.02690184 -0.00929531
v -0.00165938 0.04996456 -0.01446308
v -0.00424030 0.02690184 -0.01079998
v -0.00405996 0.04996456 -0.01049282
v -0.00355977 0.04996456 -0.01146412
v -0.00453974 0.03997960 -0.01025415
v -0.00454484 0.03897500 -0.01027076
v -0.00457036 0.02690184 -0.01029981
v -0.00218679 0.04996456 -0.01380725
v -0.00423690 0.03696808 -0.01078546
v -0.00221401 0.04996456 -0.01377197
v -0.00308510 0.04996456 -0.01229220
v -0.00307319 0.04996456 -0.01231296
v -0.00251515 0.04996456 -0.01326972
v -0.00249814 0.04996456 -0.01329878
v -0.00423520 0.03797267 -0.01078546
v 0.01411297 0.02127411 -0.00333983
v 0.01128631 0.02690184 -0.00133143
v 0.01133846 0.02690184 -0.00032614
v 0.01403475 0.02127411 -0.00232575
v 0.01404562 0.02127411 -0.00437585
v 0.01117550 0.02690184 -0.00233453
v 0.01124938 0.02690184 0.00067696
v 0.01390657 0.02127411 -0.00163434
v 0.01388267 0.02127411 -0.00529555
v 0.01102993 0.02690184 -0.00333983
v 0.01095606 0.02690184 0.00147593
v 0.01371320 0.02127411 -0.00109877
v 0.01074531 0.02690184 -0.00476436
v 0.01085612 0.02690184 -0.00430561
v 0.01361108 0.02127411 -0.00634474
v 0.01341119 0.02127411 -0.00033931
v 0.01094737 0.02690184 0.00148910
v 0.01187728 0.02127411 0.00238465
v 0.01333298 0.02127411 -0.00735223
v 0.01058888 0.02690184 -0.00532189
v 0.01058671 0.02690184 0.00197858
v 0.01165567 0.02127411 0.00266780
v 0.01295928 0.02127411 -0.00841679
v 0.00979585 0.02690184 -0.00792512
v 0.00998270 0.02690184 -0.00738077
v 0.01029774 0.02690184 -0.00635133
v 0.01057584 0.02690184 0.00198955
v 0.01148403 0.02127411 0.00287852
v 0.00963290 0.02690184 -0.00836850
v 0.01252909 0.02127411 -0.00936063
v 0.00892243 0.02690184 -0.01014862
v 0.00926137 0.02690184 -0.00933648
v 0.01008482 0.02690184 0.00241977
v 0.01101255 0.02127411 0.00334824
v 0.01199678 0.02127411 -0.01044714
v 0.00835319 0.02690184 -0.01136902
v 0.00868344 0.02690184 -0.01066444
v 0.01006744 0.02690184 0.00243294
v 0.01063016 0.02127411 0.00362261
v 0.01076704 0.02127411 -0.01229530
v 0.00718429 0.02690184 -0.01337742
v 0.00763621 0.02690184 -0.01267723
v 0.00793604 0.02690184 -0.01217677
v 0.00795124 0.02690184 -0.01215043
v 0.00930700 0.02690184 0.00293120
v 0.00932438 0.02127411 0.00451596
v 0.01032381 0.02127411 0.00383772
v 0.00988928 0.02127411 -0.01337962
v 0.00681710 0.02690184 -0.01391080
v 0.00881814 0.02690184 0.00322093
v 0.00848572 0.02127411 0.00502081
v 0.00920488 0.02127411 0.00458840
v 0.00894199 0.02127411 -0.01441564
v 0.00680190 0.02690184 -0.01392836
v 0.00880294 0.02690184 0.00322971
v 0.00823804 0.02127411 0.00515470
v 0.00860305 0.02127411 -0.01472952
v 0.00857263 0.02127411 -0.01475586
v 0.00807291 0.02127411 -0.01518168
v 0.00625003 0.02690184 -0.01432126
v 0.00823804 0.02690184 0.00349750
v 0.00795993 0.02127411 0.00529518
v 0.00556347 0.02690184 -0.01476683
v 0.00786868 0.02127411 -0.01531338
v 0.00716908 0.02690184 0.00399137
v 0.00725599 0.02127411 0.00554979
v 0.00632173 0.02690184 0.00433598
v 0.00555260 0.02690184 -0.01477342
v 0.00726033 0.02127411 -0.01564702
v 0.00634129 0.02127411 0.00582636
v 0.00524625 0.02690184 0.00465864
v 0.00506809 0.02690184 -0.01501487
v 0.00711259 0.02127411 -0.01571726
v 0.00524625 0.02127411 0.00601732
v 0.00522236 0.02690184 0.00466303
v 0.00505289 0.02690184 -0.01502145
v 0.00672802 0.02127411 -0.01587749
v 0.00424248 0.02127411 0.00608317
v 0.00424248 0.02690184 0.00480790
v 0.00421858 0.02690184 0.00481009
v 0.00424248 0.02690184 -0.01520144
v 0.00614792 0.02127411 -0.01608382
v 0.00323870 0.02127411 0.00609415
v 0.00323870 0.02690184 0.00484521
v 0.00323870 0.02690184 -0.01518388
v 0.00524625 0.02127411 -0.01626380
v 0.00424248 0.02127411 -0.01632965
v 0.00323870 0.02127411 -0.01632307
v 0.00236962 0.02127411 0.00606342
v 0.00321480 0.02690184 0.00484521
v 0.00229358 0.02690184 -0.01500609
v 0.00223709 0.02127411 -0.01626380
v 0.00114640 0.02127411 -0.01610138
v 0.00223709 0.02127411 0.00605683
v 0.00223709 0.02690184 0.00475083
v 0.00180690 0.02690184 -0.01487000
v 0.00022953 0.02127411 -0.01582042
v 0.00147665 0.02127411 0.00598220
v 0.00221102 0.02690184 0.00474644
v 0.00123331 0.02127411 0.00595147
v 0.00179386 0.02690184 -0.01486561
v -0.00075035 0.02127411 -0.01544508
v 0.00115292 0.02690184 0.00446767
v 0.00123331 0.02592239 0.00475522
v 0.00066624 0.02127411 0.00581758
v 0.00123331 0.02690184 -0.01461758
v -0.00171936 0.02127411 -0.01493365
v -0.00072645 0.02690184 -0.01368472
v -0.00063954 0.02690184 -0.01372862
v 0.00015132 0.02690184 -0.01411054
v 0.00059672 0.02690184 0.00426793
v 0.00023605 0.02127411 0.00569466
v -0.00285785 0.02127411 -0.01419834
v -0.00168677 0.02690184 -0.01314475
v 0.00054674 0.02673658 0.00429427
v 0.00017304 0.02690184 0.00400893
v -0.00032885 0.02552025 0.00423062
v -0.00041358 0.02127411 0.00541810
v 0.00022953 0.02491814 0.00467181
v -0.00377907 0.02127411 -0.01355960
v -0.00218649 0.02690184 -0.01280453
v 0.00021867 0.02588217 0.00439085
v -0.00060261 0.02690184 0.00345799
v -0.00012244 0.02618956 0.00409892
v -0.00327718 0.02127411 0.00364676
v -0.00227774 0.02127411 0.00438207
v -0.00140215 0.02127411 0.00492203
v -0.00446781 0.02127411 -0.01305256
v -0.00284916 0.02690184 -0.01224701
v -0.00354007 0.02127411 0.00343384
v -0.00110667 0.02690184 0.00302119
v -0.00441132 0.02127411 0.00269195
v -0.00406586 0.02127411 0.00298827
v -0.00471115 0.02127411 -0.01283746
v -0.00288827 0.02690184 -0.01221189
v -0.00159118 0.02690184 0.00251854
v -0.00460686 0.02127411 0.00250098
v -0.00573014 0.02127411 -0.01186289
v -0.00364219 0.02690184 -0.01147658
v -0.00209307 0.02690184 0.00196322
v -0.00503705 0.02127411 0.00202687
v -0.00647754 0.02127411 -0.01104856
v -0.00366609 0.02690184 -0.01145024
v -0.00510223 0.02127411 0.00195224
v -0.00210393 0.02690184 0.00195005
v -0.00536078 0.02127411 0.00164714
v -0.00664049 0.02127411 -0.01084443
v -0.00423098 0.02690184 -0.01081150
v -0.00250370 0.02690184 0.00146057
v -0.00251891 0.02690184 0.00144081
v -0.00305991 0.02690184 0.00070989
v -0.00552156 0.02127411 0.00142106
v -0.00697943 0.02127411 -0.01035714
v -0.00423968 0.02690184 -0.01080053
v -0.00335974 0.02690184 0.00028406
v -0.00602562 0.02127411 0.00067257
v -0.00719018 0.02127411 -0.00999058
v -0.00456992 0.02690184 -0.01030007
v -0.00368347 0.02690184 -0.00024931
v -0.00630590 0.02127411 0.00020066
v -0.00734878 0.02127411 -0.00968109
v -0.00510657 0.02690184 -0.00929697
v -0.00416146 0.02690184 -0.00107901
v -0.00443522 0.02690184 -0.00156849
v -0.00656879 0.02127411 -0.00027565
v -0.00750956 0.02127411 -0.00922673
v -0.00512396 0.02690184 -0.00925088
v -0.00444825 0.02690184 -0.00159483
v -0.00663614 0.02127411 -0.00041394
v -0.00774856 0.02127411 -0.00839923
v -0.00538685 0.02690184 -0.00845191
v -0.00478067 0.02690184 -0.00233453
v -0.00705113 0.02127411 -0.00132924
v -0.00784415 0.02127411 -0.00801072
v -0.00539989 0.02690184 -0.00840362
v -0.00515220 0.02690184 -0.00337056
v -0.00744873 0.02127411 -0.00230380
v -0.00727926 0.02127411 -0.00188676
v -0.00795062 0.02127411 -0.00734565
v -0.00556067 0.02690184 -0.00735223
v -0.00529777 0.02690184 -0.00388199
v -0.00776811 0.02127411 -0.00332446
v -0.00763558 0.02127411 -0.00288328
v -0.00750739 0.02127411 -0.00247282
v -0.00797886 0.02127411 -0.00710420
v -0.00805273 0.02127411 -0.00634913
v -0.00807880 0.02127411 -0.00534603
v -0.00557805 0.02690184 -0.00637328
v -0.00538468 0.02690184 -0.00437585
v -0.00799190 0.02127411 -0.00433854
v -0.00550852 0.02690184 -0.00534603
v -0.00557805 0.02690184 -0.00634913
v -0.00538902 0.02690184 -0.00440219
v 0.02338260 0.07010168 -0.00434529
v 0.02289698 0.06829301 -0.00133332
v 0.02276274 0.06779123 -0.00133332
v 0.02337865 0.07010168 -0.00534795
v 0.02311413 0.07082151 -0.00534795
v 0.02306675 0.07078517 -0.00434529
v 0.02299174 0.07071947 -0.00333865
v 0.02323652 0.07010168 -0.00333865
v 0.02283776 0.06964602 0.00029004
v 0.02294436 0.06909811 -0.00032668
v 0.02284171 0.06847891 0.00029401
v 0.02288513 0.06834333 -0.00032668
v 0.02234029 0.06708957 -0.00133332
v 0.02215078 0.06700151 -0.00237577
v 0.02270747 0.06792401 -0.00233599
v 0.02292857 0.06950205 -0.00735328
v 0.02300753 0.06941679 -0.00634664
v 0.02308649 0.06933712 -0.00534795
v 0.02313387 0.06924347 -0.00434529
v 0.02275090 0.06784155 -0.00032668
v 0.02234424 0.06708957 -0.00032668
v 0.02328390 0.07010168 -0.00634664
v 0.02309439 0.07081592 -0.00634664
v 0.02231660 0.07117374 -0.00735328
v 0.02231660 0.07118072 -0.00634664
v 0.02231660 0.07116675 -0.00534795
v 0.02231660 0.07107729 -0.00434529
v 0.02288513 0.07065518 -0.00261450
v 0.02200470 0.06980676 0.00268528
v 0.02188231 0.06967257 0.00331792
v 0.02230871 0.06909811 0.00268528
v 0.02260482 0.06909811 0.00167864
v 0.02284960 0.06909811 0.00034972
v 0.02272326 0.06812389 0.00064813
v 0.02257718 0.06809454 0.00167864
v 0.02190995 0.06647177 -0.00032668
v 0.02189810 0.06649274 -0.00133332
v 0.01899623 0.06333946 -0.00835594
v 0.01894886 0.06338978 -0.00935860
v 0.01941473 0.06407886 -0.00935860
v 0.01977006 0.06463935 -0.00935860
v 0.01958845 0.06496082 -0.01237455
v 0.02285750 0.06956495 -0.00800182
v 0.01982929 0.06554228 -0.01297137
v 0.02230081 0.06708957 0.00067598
v 0.02188626 0.06649972 0.00067598
v 0.02310623 0.07010168 -0.00735328
v 0.02283776 0.07050143 -0.00893287
v 0.02283776 0.07062722 -0.00893287
v 0.02290488 0.07071249 -0.00835594
v 0.02299568 0.07079216 -0.00735328
v 0.02231660 0.07108568 -0.00835594
v 0.02130983 0.07135544 -0.00835594
v 0.02130983 0.07139877 -0.00735328
v 0.02130983 0.07138339 -0.00634664
v 0.02130983 0.07133727 -0.00534795
v 0.01930419 0.07075442 0.00368795
v 0.01994378 0.07065099 0.00368795
v 0.01983323 0.07061465 0.00422111
v 0.02044519 0.07043993 0.00368795
v 0.02130983 0.07024704 0.00268528
v 0.02132957 0.06991298 0.00366805
v 0.02100583 0.06978160 0.00447177
v 0.02077289 0.06949646 0.00514022
v 0.02167701 0.06909811 0.00397044
v 0.02195733 0.06909811 0.00346911
v 0.02227712 0.06809454 0.00268528
v 0.02210341 0.06701549 0.00169456
v 0.02197312 0.06731181 0.00268528
v 0.02148355 0.06596998 -0.00032668
v 0.02146381 0.06599794 0.00067598
v 0.02096240 0.06540670 0.00067598
v 0.01901992 0.06331709 -0.00735328
v 0.01855009 0.06283627 -0.00835594
v 0.01852246 0.06288659 -0.00935860
v 0.01790260 0.06245888 -0.01136791
v 0.01847113 0.06297884 -0.01036524
v 0.01873171 0.06366513 -0.01237455
v 0.01908704 0.06416691 -0.01237455
v 0.01900018 0.06429271 -0.01337721
v 0.02276274 0.06983192 -0.00867027
v 0.02290882 0.07014081 -0.00834400
v 0.01998326 0.06605944 -0.01333344
v 0.02185467 0.06953420 -0.01217959
v 0.01952528 0.06515650 -0.01333344
v 0.01974638 0.06570721 -0.01363981
v 0.02185073 0.06654166 0.00137227
v 0.02092292 0.06544863 0.00167864
v 0.02211525 0.07083549 -0.01036524
v 0.02185467 0.07010168 -0.01212388
v 0.02182704 0.07061604 -0.01190107
v 0.02193364 0.07070410 -0.01136791
v 0.02130983 0.07124222 -0.00935860
v 0.01495335 0.07066496 -0.02104440
v 0.01227652 0.07073205 -0.02141045
v -0.00177880 0.07081732 -0.02241311
v 0.02030701 0.07139737 -0.00735328
v 0.02030701 0.07140995 -0.00634664
v 0.02030701 0.07137501 -0.00534795
v 0.01528894 0.07082850 0.00770656
v 0.01629177 0.07084108 0.00669991
v 0.01734197 0.07071388 0.00674368
v 0.02030306 0.07014081 0.00468265
v 0.01797762 0.07065099 0.00643333
v 0.01770520 0.07058249 0.00710575
v 0.01830531 0.07045530 0.00674368
v 0.01930024 0.06988643 0.00662829
v 0.01896070 0.06975225 0.00736438
v 0.01957661 0.06909811 0.00686702
v 0.02087554 0.06882695 0.00528345
v 0.02114006 0.06913584 0.00476223
v 0.02170070 0.06809454 0.00394259
v 0.02125851 0.06809454 0.00469459
v 0.02193364 0.06809454 0.00344126
v 0.02185467 0.06751028 0.00327813
v 0.02169675 0.06680862 0.00268528
v 0.02178756 0.06662971 0.00204072
v 0.02098214 0.06538713 -0.00032668
v 0.02052416 0.06490352 0.00067598
v 0.02048862 0.06494685 0.00167864
v 0.01903571 0.06330731 -0.00634664
v 0.01856589 0.06281531 -0.00735328
v 0.01329909 0.05713074 -0.01036524
v 0.01323987 0.05713074 -0.01136791
v 0.01796972 0.06239179 -0.01036524
v 0.01312537 0.05713074 -0.01229895
v 0.01784733 0.06252038 -0.01208011
v 0.01847113 0.06315915 -0.01135995
v 0.01817502 0.06299422 -0.01239842
v 0.01863300 0.06379232 -0.01337721
v 0.01889358 0.06444646 -0.01415308
v 0.01990430 0.06637672 -0.01420878
v 0.01980560 0.06659058 -0.01487722
v 0.02129009 0.06909811 -0.01337721
v 0.02096635 0.06909811 -0.01415706
v 0.02099004 0.06982912 -0.01416899
v 0.01912257 0.06500415 -0.01444353
v 0.01966741 0.06605944 -0.01447934
v 0.02086764 0.06551153 0.00238289
v 0.01991615 0.06445764 0.00268528
v 0.02130983 0.07107310 -0.01036524
v 0.01990430 0.06974665 -0.01607087
v 0.01883436 0.06964462 -0.01795285
v 0.01731828 0.07004996 -0.01940910
v 0.01600750 0.07062583 -0.01999399
v 0.01562453 0.07050282 -0.02066243
v 0.01527710 0.07013802 -0.02139851
v 0.01447168 0.07044272 -0.02171284
v 0.01380050 0.07061045 -0.02192371
v 0.01182249 0.07061744 -0.02299004
v -0.00278162 0.07081312 -0.02241311
v -0.00278162 0.07085226 -0.02141045
v -0.00177880 0.07072786 -0.02341975
v -0.00880646 0.07100181 -0.01237455
v -0.01181888 0.07091376 -0.00233599
v -0.00378839 0.07084527 0.01071852
v 0.00524491 0.07089559 0.00870922
v 0.00926411 0.07071668 0.01172118
v 0.01528894 0.07087881 0.00669991
v 0.01534027 0.07069711 0.00876890
v 0.01637468 0.07070969 0.00779011
v 0.00926411 0.07066357 0.01237769
v 0.01001030 0.07063142 0.01226230
v 0.01504021 0.07063980 0.00942540
v 0.01703796 0.07065658 0.00751159
v 0.01676159 0.07059927 0.00818401
v 0.01734197 0.07049024 0.00779011
v 0.01830136 0.06998147 0.00770258
v 0.01732223 0.07002620 0.00872911
v 0.01700243 0.06980955 0.00940949
v 0.01796972 0.06977042 0.00840683
v 0.01860932 0.06909811 0.00800497
v 0.01907519 0.06909811 0.00750363
v 0.01999116 0.06809454 0.00642538
v 0.02049257 0.06809454 0.00578081
v 0.02087159 0.06809454 0.00527948
v 0.02082816 0.06753684 0.00521979
v 0.02099793 0.06715806 0.00467867
v 0.02071761 0.06686733 0.00500494
v 0.02087554 0.06647457 0.00433650
v 0.02151119 0.06714128 0.00364418
v 0.02101372 0.06629146 0.00368795
v 0.02067813 0.06578968 0.00368795
v 0.02115191 0.06601751 0.00270518
v 0.02053995 0.06488535 -0.00032668
v 0.02003064 0.06432626 -0.00133332
v 0.01998721 0.06438077 0.00167864
v 0.02002275 0.06434303 0.00067598
v 0.02003854 0.06432346 -0.00032668
v 0.01333067 0.05713074 -0.00935860
v 0.01957661 0.06382587 -0.00133332
v 0.01332673 0.05713074 -0.00949388
v 0.01289638 0.05713074 -0.01337721
v 0.01813159 0.06319130 -0.01337721
v 0.01796972 0.06337161 -0.01437987
v 0.01852246 0.06409982 -0.01444353
v 0.01877909 0.06461698 -0.01482152
v 0.01894491 0.06532703 -0.01538651
v 0.01934367 0.06608600 -0.01538651
v 0.01897254 0.06611675 -0.01632154
v 0.01886200 0.06647317 -0.01700987
v 0.01972269 0.06699172 -0.01547803
v 0.01993983 0.06726009 -0.01520747
v 0.02009776 0.06800229 -0.01547803
v 0.01990035 0.06827624 -0.01605496
v 0.02036623 0.06909811 -0.01538651
v 0.01995168 0.06909811 -0.01615045
v 0.02076894 0.06563732 0.00305134
v 0.02012540 0.06502512 0.00367203
v 0.01984508 0.06453312 0.00332190
v 0.01941473 0.06395725 0.00268528
v 0.01950159 0.06388038 0.00167864
v 0.01965952 0.06909811 -0.01665576
v 0.01886200 0.06909811 -0.01798866
v 0.01849482 0.06909811 -0.01849397
v 0.01799341 0.06909811 -0.01914650
v 0.01792234 0.06974526 -0.01907886
v 0.01699848 0.06990599 -0.02007356
v 0.01632335 0.07020511 -0.02036800
v 0.01492966 0.06977321 -0.02202716
v 0.01596802 0.06983331 -0.02108418
v 0.01198436 0.06984449 -0.02405636
v 0.01126975 0.06998566 -0.02423939
v 0.01003399 0.06976902 -0.02507096
v 0.00926411 0.06987944 -0.02518237
v 0.00825733 0.06996610 -0.02528980
v 0.00424209 0.07028338 -0.02542508
v 0.00323927 0.07031972 -0.02542508
v 0.00323927 0.07051261 -0.02442241
v -0.00177880 0.07063561 -0.02408421
v -0.00378839 0.07077818 -0.02241311
v -0.00378839 0.07083409 -0.02141045
v -0.00880646 0.07097386 -0.01337721
v -0.00277373 0.07068453 -0.02345954
v -0.00980928 0.07092354 -0.01337721
v -0.00980928 0.07094591 -0.01237455
v -0.01282170 0.07087602 -0.00434529
v -0.01181888 0.07091516 -0.00333865
v -0.01282170 0.07087183 -0.00333865
v -0.01282170 0.07086624 -0.00233599
v -0.01282170 0.07084247 -0.00133332
v -0.00579404 0.07079635 0.01071852
v -0.00479122 0.07079216 0.01172118
v -0.00378839 0.07079914 0.01172118
v 0.00424209 0.07085505 0.00971188
v 0.00725451 0.07063421 0.01328486
v 0.01609436 0.07064679 0.00847049
v 0.00784278 0.07062303 0.01325701
v 0.01067753 0.07058949 0.01213896
v 0.01428217 0.07040079 0.01071852
v 0.01534027 0.07049304 0.00973973
v 0.01570744 0.07059228 0.00913893
v 0.01637468 0.07051960 0.00876890
v 0.01631546 0.07002899 0.00973177
v 0.01599566 0.06978300 0.01042011
v 0.01763018 0.06909811 0.00903548
v 0.01810790 0.06909811 0.00853415
v 0.01861721 0.06809454 0.00802088
v 0.01907519 0.06809454 0.00751557
v 0.01958055 0.06809454 0.00692671
v 0.01988456 0.06708957 0.00629407
v 0.01980560 0.06658778 0.00619858
v 0.01997537 0.06618524 0.00563757
v 0.01984508 0.06552970 0.00526356
v 0.02049652 0.06611815 0.00467867
v 0.01998326 0.06534800 0.00469459
v 0.01974243 0.06465332 0.00399432
v 0.01954502 0.06384124 0.00067598
v 0.01956476 0.06382307 -0.00032668
v 0.01331883 0.05713074 -0.00835594
v 0.01249762 0.05713074 -0.01432019
v 0.01287664 0.05741308 -0.01404565
v 0.01784733 0.06351557 -0.01497670
v 0.01810396 0.06407187 -0.01534275
v 0.01794998 0.06440173 -0.01614647
v 0.01864485 0.06482524 -0.01538651
v 0.01882646 0.06553948 -0.01594355
v 0.01867643 0.06580366 -0.01661199
v 0.01847113 0.06611675 -0.01736399
v 0.01868038 0.06684916 -0.01767831
v 0.01883041 0.06751867 -0.01793694
v 0.01896465 0.06714548 -0.01736399
v 0.01937920 0.06708957 -0.01638918
v 0.01980165 0.06760673 -0.01587591
v 0.01885805 0.06809454 -0.01798070
v 0.01929234 0.06409144 0.00364816
v 0.01884620 0.06354073 0.00330598
v 0.01891332 0.06348063 0.00268528
v 0.01900018 0.06339956 0.00167864
v 0.01904361 0.06334225 0.00067598
v 0.01847903 0.06809454 -0.01848203
v 0.01797762 0.06809454 -0.01909875
v 0.01756701 0.06909811 -0.01964783
v 0.01706560 0.06909811 -0.02014518
v 0.01602724 0.06909811 -0.02113591
v 0.01545477 0.06909811 -0.02163724
v 0.01495335 0.06909811 -0.02204308
v 0.01381234 0.06963064 -0.02293831
v 0.01201595 0.06909811 -0.02407626
v 0.01126975 0.06909811 -0.02447812
v 0.01007347 0.06909811 -0.02507892
v 0.00926411 0.06909811 -0.02534550
v 0.00683206 0.06962924 -0.02594232
v 0.00625169 0.06970612 -0.02600598
v 0.00524491 0.06979977 -0.02608556
v 0.00424209 0.06985009 -0.02606567
v 0.00223644 0.06989342 -0.02609750
v 0.00123362 0.06988782 -0.02609352
v 0.00223644 0.07030714 -0.02542508
v -0.00077598 0.07053218 -0.02455769
v -0.00177880 0.07050143 -0.02458555
v -0.00243024 0.07062163 -0.02399270
v -0.00378839 0.07066916 -0.02318898
v -0.00451880 0.07063561 -0.02303778
v -0.00482675 0.07068174 -0.02244892
v -0.00479122 0.07077538 -0.02141045
v -0.00980928 0.07085785 -0.01437987
v -0.01081606 0.07084387 -0.01337721
v -0.01382847 0.07075022 -0.00434529
v -0.01382847 0.07075582 -0.00233599
v -0.01382847 0.07074044 -0.00534795
v -0.01382847 0.07074463 -0.00133332
v -0.01382847 0.07072087 -0.00032668
v -0.01382847 0.07069571 0.00067598
v -0.01387190 0.07065518 0.00169854
v -0.00880646 0.07068034 0.00870922
v -0.00870776 0.07063561 0.00961639
v -0.00576246 0.07071808 0.01169731
v -0.00469646 0.07067475 0.01268008
v -0.00378839 0.07070969 0.01272385
v 0.00625169 0.07063421 0.01330078
v 0.00123362 0.07042036 0.01373049
v 0.00123362 0.06992277 0.01441087
v 0.00223644 0.06990320 0.01437108
v 0.00323927 0.06981934 0.01434323
v 0.00424209 0.06969773 0.01428354
v 0.00725451 0.07010168 0.01364295
v 0.00820996 0.07013383 0.01341218
v 0.00926411 0.06978579 0.01332067
v 0.01304641 0.06974246 0.01234984
v 0.01428217 0.06992417 0.01153418
v 0.01529289 0.06999824 0.01074240
v 0.01496520 0.06976622 0.01134718
v 0.01608252 0.06909811 0.01047581
v 0.01658393 0.06909811 0.01002621
v 0.01712877 0.06909811 0.00952488
v 0.01811580 0.06809454 0.00852221
v 0.01799736 0.06708957 0.00840285
v 0.01849877 0.06708957 0.00788958
v 0.01896465 0.06708957 0.00738825
v 0.01947001 0.06708957 0.00679540
v 0.01965162 0.06591827 0.00593200
v 0.01885805 0.06643962 0.00726888
v 0.01871592 0.06577011 0.00710575
v 0.01898044 0.06536058 0.00643731
v 0.01927655 0.06511038 0.00564951
v 0.01890543 0.06447302 0.00536701
v 0.01958450 0.06484481 0.00469459
v 0.01871986 0.06364835 0.00397442
v 0.01907914 0.06430249 0.00469459
v 0.01326750 0.05713074 -0.00732145
v 0.01238707 0.05713074 -0.01449924
v 0.01679318 0.06357847 -0.01689051
v 0.01765782 0.06373362 -0.01564514
v 0.01775257 0.06463096 -0.01681889
v 0.01797762 0.06534520 -0.01739184
v 0.01782759 0.06554787 -0.01793296
v 0.01797762 0.06608600 -0.01813190
v 0.01828952 0.06710355 -0.01839052
v 0.01790260 0.06735653 -0.01901520
v 0.01190540 0.05713074 0.00046510
v 0.01220546 0.05713074 -0.00038239
v 0.01224494 0.05713074 -0.00051766
v 0.01243445 0.05713074 -0.00130547
v 0.01257263 0.05713074 -0.00208134
v 0.01261606 0.05713074 -0.00233599
v 0.01269897 0.05713074 -0.00284925
v 0.01283321 0.05713074 -0.00369674
v 0.01293586 0.05713074 -0.00434529
v 0.01307405 0.05713074 -0.00534795
v 0.01314511 0.05713074 -0.00599252
v 0.01318064 0.05713074 -0.00634664
v 0.01318459 0.05713074 -0.00639040
v 0.01749989 0.06809454 -0.01960008
v 0.01699848 0.06809454 -0.02010142
v 0.01645364 0.06809454 -0.02060275
v 0.01594828 0.06809454 -0.02104837
v 0.01523367 0.06802745 -0.02161735
v 0.01486255 0.06831817 -0.02197146
v 0.01373733 0.06878641 -0.02288659
v 0.01420321 0.06911208 -0.02260011
v 0.01381234 0.06945453 -0.02293831
v 0.01252131 0.06909811 -0.02375397
v 0.01361494 0.06809454 -0.02281497
v 0.01188566 0.06841182 -0.02399270
v 0.00990765 0.06844816 -0.02498741
v 0.00926411 0.06823710 -0.02509086
v 0.00825733 0.06909811 -0.02558025
v 0.00683206 0.06952721 -0.02594232
v 0.00524491 0.06909811 -0.02610545
v 0.00223644 0.06924627 -0.02609750
v 0.00123362 0.07028198 -0.02542508
v 0.00123362 0.06928820 -0.02609352
v 0.00023080 0.06976063 -0.02600200
v -0.00278162 0.06990599 -0.02517043
v -0.00277373 0.07043434 -0.02436671
v -0.00378839 0.07053917 -0.02369031
v -0.00518603 0.07058949 -0.02280701
v -0.00553741 0.07063421 -0.02213857
v -0.00584142 0.07067055 -0.02144228
v -0.01081606 0.07076560 -0.01437987
v -0.01190574 0.07069991 -0.01345679
v -0.01181888 0.07075302 -0.01237455
v -0.01451940 0.07064400 -0.00233599
v -0.01444043 0.07063142 -0.00534795
v -0.01450755 0.07064120 -0.00133332
v -0.01446017 0.07063980 -0.00032668
v -0.01245058 0.07063282 -0.01317031
v -0.01439700 0.07062024 -0.00603629
v -0.01440885 0.07063421 0.00067598
v -0.01436937 0.07062163 0.00137625
v -0.01423908 0.07059088 0.00204469
v -0.01356790 0.07063561 0.00244656
v -0.00931182 0.07060766 0.00921453
v -0.00830900 0.07060626 0.01022117
v -0.00540713 0.07066077 0.01231403
v -0.00655603 0.07066916 0.01134718
v -0.00429770 0.07060905 0.01323314
v -0.00378839 0.07062583 0.01325701
v -0.00278162 0.07062862 0.01326497
v 0.00023080 0.06980955 0.01437904
v 0.00023080 0.06909811 0.01449442
v 0.00123362 0.06909811 0.01454217
v 0.00223644 0.06909811 0.01446657
v 0.00481062 0.06961107 0.01423978
v 0.00982869 0.06962785 0.01324507
v 0.01227652 0.06909811 0.01259255
v 0.01302272 0.06909811 0.01233392
v 0.01352413 0.06909811 0.01210315
v 0.01428217 0.06909811 0.01172118
v 0.01495730 0.06909811 0.01133922
v 0.01545871 0.06909811 0.01097714
v 0.01646548 0.06809454 0.00997448
v 0.01708929 0.06809454 0.00946917
v 0.01759070 0.06809454 0.00902354
v 0.01788286 0.06641586 0.00828746
v 0.01742488 0.06708957 0.00890418
v 0.01768940 0.06574635 0.00811637
v 0.01804473 0.06529768 0.00744793
v 0.01869223 0.06469106 0.00603545
v 0.01836848 0.06499437 0.00679540
v 0.01787102 0.06352256 0.00529937
v 0.01854220 0.06380210 0.00469459
v 0.01828162 0.06409283 0.00566542
v 0.01181459 0.05713074 0.00067598
v 0.01804079 0.06339257 0.00469459
v 0.01215018 0.05713074 -0.01482152
v 0.01684845 0.06452333 -0.01796081
v 0.01178301 0.05713074 -0.01529500
v 0.01719589 0.06518166 -0.01828309
v 0.01687609 0.06548637 -0.01898735
v 0.01757096 0.06608600 -0.01863323
v 0.01774468 0.06668702 -0.01884411
v 0.01733012 0.06701968 -0.01943695
v 0.01691162 0.06735094 -0.02001388
v 0.01586537 0.06737331 -0.02096880
v 0.01476779 0.06764866 -0.02189984
v 0.01437298 0.06802745 -0.02226987
v 0.01335436 0.06911208 -0.02319694
v 0.01293191 0.06739008 -0.02300595
v 0.01311353 0.06809454 -0.02312930
v 0.01463355 0.06708957 -0.02182424
v 0.01412819 0.06708957 -0.02214653
v 0.01130529 0.06808335 -0.02417970
v 0.01166457 0.06774231 -0.02386140
v 0.01025114 0.06810572 -0.02468899
v 0.01025114 0.06705742 -0.02416777
v 0.00926411 0.06773532 -0.02486008
v 0.00835209 0.06799530 -0.02519033
v 0.00578581 0.06858514 -0.02593436
v 0.00875085 0.06759555 -0.02492374
v 0.00720318 0.06915541 -0.02580704
v 0.00617272 0.06915541 -0.02599405
v 0.00524491 0.06857256 -0.02594630
v 0.00424209 0.06857955 -0.02593834
v 0.00023080 0.06945453 -0.02600200
v 0.00373278 0.06859492 -0.02593039
v 0.00123362 0.06878502 -0.02581102
v 0.00023080 0.06895274 -0.02573542
v -0.00031799 0.06963204 -0.02593834
v -0.00353571 0.06976203 -0.02506300
v -0.00383577 0.07004716 -0.02449005
v -0.00579404 0.07014780 -0.02341975
v -0.00482675 0.07042875 -0.02339190
v -0.00680081 0.07032671 -0.02241311
v -0.00780364 0.07038542 -0.02141045
v -0.00620465 0.07059228 -0.02180037
v -0.01141617 0.07062024 -0.01498863
v -0.01162542 0.07065518 -0.01437987
v -0.01230055 0.07060066 -0.01384273
v -0.01502476 0.07053777 -0.00233599
v -0.01583412 0.07033230 -0.00634664
v -0.01583412 0.07030714 -0.00735328
v -0.01500896 0.07053218 -0.00133332
v -0.01382847 0.07024844 -0.01437987
v -0.01382847 0.07034069 -0.01337721
v -0.01483130 0.07023167 -0.01237455
v -0.01496159 0.07048046 -0.00032668
v -0.01491026 0.07039660 0.00067598
v -0.01475628 0.07031413 0.00169854
v -0.01483130 0.06994513 0.00260173
v -0.01449571 0.06982213 0.00346513
v -0.01390744 0.07009329 0.00375559
v -0.01340208 0.06970053 0.00530335
v -0.01247032 0.06974386 0.00634978
v -0.00950528 0.07010168 0.00942143
v -0.00901571 0.07010168 0.00992276
v -0.01360738 0.06988084 0.00469459
v -0.00851430 0.07010168 0.01039624
v -0.00751937 0.06989481 0.01139492
v -0.00722721 0.07056432 0.01108059
v -0.00635862 0.06966838 0.01225832
v -0.00440825 0.07010168 0.01328884
v -0.00121027 0.06951323 0.01421988
v -0.00053909 0.06967817 0.01428752
v -0.00083520 0.06914563 0.01432731
v -0.00139188 0.06884372 0.01426763
v -0.00139188 0.06837268 0.01426763
v -0.00077598 0.06819098 0.01430742
v 0.00023080 0.06817281 0.01434721
v 0.00123362 0.06825667 0.01435914
v 0.00223644 0.06835032 0.01433129
v 0.00328664 0.06903800 0.01435118
v 0.00424209 0.06937625 0.01428354
v 0.00481062 0.06956914 0.01423978
v 0.00298659 0.06847332 0.01427956
v 0.00625169 0.06909811 0.01399707
v 0.00725451 0.06909811 0.01379415
v 0.00982869 0.06935948 0.01324507
v 0.01227652 0.06831119 0.01235382
v 0.01283321 0.06853622 0.01224639
v 0.01126975 0.06909811 0.01285515
v 0.00971814 0.06868997 0.01322120
v 0.01426638 0.06814625 0.01140686
v 0.01483491 0.06851525 0.01125168
v 0.01596012 0.06809454 0.01034451
v 0.01692347 0.06708957 0.00931400
v 0.01680502 0.06656682 0.00922249
v 0.01702217 0.06535638 0.00837898
v 0.01738540 0.06499297 0.00778215
v 0.01655234 0.06589730 0.00904742
v 0.01774863 0.06462816 0.00714952
v 0.01802499 0.06437937 0.00648108
v 0.01760649 0.06371125 0.00596781
v 0.01727880 0.06332548 0.00565746
v 0.01167641 0.05713074 0.00094654
v 0.01655629 0.06481686 -0.01863323
v 0.01150664 0.05713074 -0.01562524
v 0.01588906 0.06448979 -0.01899530
v 0.01621280 0.06515650 -0.01932554
v 0.01586537 0.06549755 -0.01997807
v 0.01606278 0.06608600 -0.02018099
v 0.01706560 0.06608600 -0.01917833
v 0.01674580 0.06668283 -0.01985473
v 0.01575087 0.06670379 -0.02086933
v 0.01536396 0.06705882 -0.02127517
v 0.01327145 0.06707000 -0.02266775
v 0.01267528 0.06672057 -0.02285476
v 0.01231206 0.06707000 -0.02321683
v 0.01392684 0.06642285 -0.02199533
v 0.01099338 0.06737191 -0.02404045
v 0.00926411 0.06708957 -0.02449403
v 0.01057093 0.06670240 -0.02385742
v 0.00990370 0.06651789 -0.02396485
v 0.00807967 0.06749211 -0.02497945
v 0.00725451 0.06688690 -0.02474470
v 0.00625169 0.06679744 -0.02479642
v 0.00524491 0.06675271 -0.02482030
v 0.00926411 0.06638930 -0.02405636
v 0.00835209 0.06713010 -0.02472083
v 0.00424209 0.06677228 -0.02480438
v -0.00031799 0.06957333 -0.02593834
v 0.00323927 0.06734256 -0.02508290
v 0.00223644 0.05713074 -0.01845020
v 0.00214959 0.05713074 -0.01843429
v -0.00077598 0.06833355 -0.02513462
v -0.00177880 0.06850267 -0.02499934
v -0.00268292 0.06907574 -0.02512269
v 0.00119019 0.05713074 -0.01824729
v -0.00635073 0.06964322 -0.02394893
v -0.00353571 0.06939443 -0.02506300
v -0.00672975 0.06985428 -0.02340384
v -0.00782733 0.06995911 -0.02245688
v -0.00880646 0.07011146 -0.02141045
v -0.01181888 0.07025123 -0.01739184
v -0.01181888 0.07039800 -0.01638918
v -0.01212683 0.07057271 -0.01437987
v -0.01659216 0.06991159 -0.00634664
v -0.01663954 0.06990739 -0.00534795
v -0.01583412 0.07030015 -0.00434529
v -0.01583412 0.07022188 -0.00835594
v -0.01656847 0.06985847 -0.00835594
v -0.01656847 0.06989621 -0.00735328
v -0.01583412 0.07025962 -0.00333865
v -0.01483130 0.07012264 -0.01337721
v -0.01282170 0.07032531 -0.01538651
v -0.01282170 0.07018834 -0.01638918
v -0.01382847 0.07006254 -0.01538651
v -0.01587360 0.06984729 -0.01231089
v -0.01583412 0.07017156 -0.00233599
v -0.01559723 0.06989481 0.00067598
v -0.01654479 0.06983052 -0.00333865
v -0.01571963 0.06997868 -0.00032668
v -0.01544326 0.06974945 0.00167864
v -0.01534850 0.06963064 0.00221181
v -0.01340603 0.06909811 0.00530733
v -0.01302701 0.06909811 0.00580866
v -0.01252559 0.06909811 0.00642935
v -0.01020410 0.06909811 0.00908721
v -0.01380084 0.06909811 0.00469459
v -0.01049231 0.06986686 0.00845457
v -0.00969874 0.06909811 0.00962037
v -0.00921707 0.06909811 0.01012170
v -0.00871565 0.06909811 0.01058324
v -0.00814318 0.06909811 0.01108457
v -0.00764176 0.06909811 0.01149439
v -0.00691926 0.06909811 0.01199572
v -0.00641785 0.06909811 0.01229016
v -0.00579404 0.06909811 0.01262438
v -0.00495309 0.06909811 0.01306205
v -0.00444773 0.06909811 0.01330475
v -0.00378839 0.06909811 0.01355542
v -0.00278162 0.06909811 0.01387373
v -0.00174721 0.06914563 0.01413633
v -0.00278162 0.06608600 0.01373447
v -0.00278162 0.06508103 0.01361908
v -0.00439641 0.06543885 0.01328486
v -0.00077598 0.06768919 0.01421590
v -0.00177880 0.06508103 0.01361510
v -0.00177880 0.06433883 0.01336444
v -0.00077598 0.06447581 0.01328486
v 0.00625169 0.06809454 0.01358327
v 0.00904696 0.06850547 0.01326895
v 0.01135266 0.06800229 0.01250501
v 0.01174353 0.06760533 0.01221854
v 0.01227652 0.06780940 0.01213100
v 0.01321223 0.06815883 0.01192012
v 0.01026693 0.06809454 0.01281138
v 0.01391894 0.06745298 0.01128749
v 0.01459013 0.06784574 0.01112038
v 0.01559690 0.06684636 0.01010976
v 0.01583378 0.06751448 0.01024504
v 0.01624834 0.06617405 0.00938960
v 0.01664710 0.06468687 0.00811637
v 0.01588116 0.06551013 0.00926625
v 0.01734197 0.06403832 0.00674766
v 0.01708139 0.06436399 0.00744793
v 0.01693531 0.06348482 0.00634580
v 0.01125791 0.05713074 0.00143594
v 0.01116710 0.05713074 -0.01591172
v 0.01485465 0.06452054 -0.01995818
v 0.01552188 0.06482804 -0.01966374
v 0.01515866 0.06520263 -0.02030434
v 0.01479148 0.06557722 -0.02091309
v 0.01551399 0.06608600 -0.02068232
v 0.01501257 0.06608600 -0.02108418
v 0.01200410 0.06636554 -0.02304972
v 0.01328724 0.06608740 -0.02219427
v 0.01427033 0.06608740 -0.02158949
v 0.01363073 0.06575334 -0.02181231
v 0.01127765 0.06605245 -0.02320489
v 0.01094601 0.06547379 -0.02299004
v 0.01026693 0.06531725 -0.02309349
v 0.00825733 0.06624115 -0.02416777
v 0.00725451 0.06613911 -0.02424337
v 0.00524491 0.05713074 -0.01843429
v 0.00513042 0.05713074 -0.01844225
v 0.00424209 0.05713074 -0.01848999
v 0.00411970 0.05713074 -0.01849397
v 0.00323927 0.05713074 -0.01852182
v 0.00926411 0.06588752 -0.02372214
v 0.00106385 0.05713074 -0.01821943
v 0.00031766 0.05713074 -0.01804039
v -0.00228416 0.06859492 -0.02492374
v -0.00295534 0.06872491 -0.02482030
v -0.00934735 0.06909811 -0.02193565
v -0.00933156 0.06962365 -0.02192769
v -0.00750753 0.06973407 -0.02306166
v -0.00635073 0.06952581 -0.02394893
v -0.00537554 0.06854460 -0.02395689
v -0.00880646 0.06976762 -0.02210276
v -0.01136090 0.06962924 -0.01995022
v -0.01174781 0.06972429 -0.01931361
v -0.01181888 0.07000803 -0.01839848
v -0.01688432 0.06909811 -0.00835594
v -0.01695144 0.06909811 -0.00534795
v -0.01662375 0.06988363 -0.00434529
v -0.01635922 0.06962924 -0.01193290
v -0.01651715 0.06978579 -0.00935860
v -0.01453914 0.06975644 -0.01538651
v -0.01486683 0.06986406 -0.01435600
v -0.01554986 0.06979557 -0.01337721
v -0.01287303 0.06989481 -0.01742367
v -0.01644213 0.06973547 -0.00233599
v -0.01637107 0.06965300 -0.00167948
v -0.01688038 0.06909811 -0.00434529
v -0.01534850 0.06954817 0.00221181
v -0.01606706 0.06909811 -0.00032668
v -0.01335470 0.06848730 0.00523571
v -0.01245453 0.06809454 0.00636967
v -0.01060681 0.06708957 0.00857394
v -0.01156225 0.06809454 0.00751159
v -0.01116349 0.06809454 0.00801293
v -0.01066208 0.06809454 0.00858985
v -0.01020015 0.06809454 0.00909516
v -0.01422329 0.06909811 0.00401421
v -0.00969874 0.06809454 0.00961241
v -0.00920917 0.06809454 0.01011374
v -0.00870381 0.06809454 0.01058324
v -0.00814712 0.06809454 0.01108457
v -0.00764571 0.06809454 0.01149041
v -0.00688372 0.06708957 0.01198777
v -0.00639021 0.06629845 0.01227424
v -0.00763782 0.06708957 0.01148643
v -0.00377655 0.06509501 0.01340423
v -0.00343701 0.06447581 0.01329680
v -0.00278162 0.06436539 0.01335648
v -0.00410819 0.06476934 0.01313764
v -0.00627966 0.06562894 0.01221456
v -0.00746805 0.06532144 0.01135513
v -0.00723116 0.06465192 0.01118006
v -0.00278162 0.06386361 0.01299043
v -0.00177880 0.06383844 0.01299839
v 0.00393019 0.06450796 0.01227424
v 0.00569895 0.06358825 0.01121189
v 0.01135266 0.06711473 0.01203551
v 0.01125396 0.06602869 0.01145460
v 0.01157771 0.06565549 0.01117211
v 0.01227652 0.06634458 0.01135513
v 0.01227652 0.06708957 0.01176495
v 0.01107235 0.06746696 0.01229413
v 0.01323197 0.06710634 0.01141481
v 0.01353992 0.06678346 0.01112038
v 0.01426638 0.06710634 0.01094531
v 0.01492966 0.06645639 0.01029279
v 0.01597592 0.06447162 0.00831134
v 0.01627203 0.06408445 0.00769860
v 0.01451906 0.06578688 0.01008987
v 0.01385183 0.06554368 0.01024504
v 0.01528894 0.06532983 0.00940949
v 0.01528894 0.06482804 0.00899569
v 0.01657208 0.06369588 0.00701822
v 0.01124212 0.05713074 0.00145185
v 0.01076834 0.05713074 -0.01623400
v 0.01428217 0.06429411 -0.02016905
v 0.01372154 0.06462397 -0.02087331
v 0.01428217 0.06485879 -0.02067039
v 0.01428217 0.06536058 -0.02108816
v 0.01295955 0.06544025 -0.02202318
v 0.01161324 0.06569603 -0.02284680
v 0.01127765 0.06511597 -0.02258420
v 0.01126975 0.06441152 -0.02205104
v 0.00830076 0.05713074 -0.01766240
v 0.00731768 0.05713074 -0.01804039
v 0.01026693 0.06481546 -0.02274335
v 0.00946546 0.06467009 -0.02285078
v 0.00918119 0.06503490 -0.02316113
v 0.00879428 0.06456946 -0.02292240
v 0.00625563 0.05713074 -0.01831492
v 0.00023080 0.05713074 -0.01801651
v -0.00017981 0.05713074 -0.01789715
v -0.00933551 0.06856138 -0.02192769
v -0.01048441 0.06828742 -0.02103644
v -0.01095424 0.06909811 -0.02059479
v -0.01150303 0.06909811 -0.02008948
v -0.00604277 0.06885630 -0.02379376
v -0.00838401 0.06751028 -0.02195554
v -0.00875514 0.06817281 -0.02206297
v -0.00818266 0.06564012 -0.02086535
v -0.00780364 0.06679884 -0.02179639
v -0.00880646 0.06634737 -0.02107623
v -0.00074044 0.05713074 -0.01771412
v -0.00083125 0.05713074 -0.01768229
v -0.01233608 0.06961247 -0.01891971
v -0.01251770 0.06972429 -0.01839848
v -0.01680931 0.06809454 -0.00835594
v -0.01684089 0.06809454 -0.00735328
v -0.01678957 0.06909811 -0.00935860
v -0.01673035 0.06809454 -0.00935860
v -0.01684879 0.06809454 -0.00634664
v -0.01680931 0.06809454 -0.00534795
v -0.01539193 0.06966419 -0.01400188
v -0.01586571 0.06909811 -0.01337721
v -0.01621709 0.06909811 -0.01252972
v -0.01638291 0.06909811 -0.01202441
v -0.01438121 0.06964881 -0.01595946
v -0.01670666 0.06909811 -0.00333865
v -0.01638686 0.06909811 -0.00160786
v -0.01627236 0.06909811 -0.00110653
v -0.01669876 0.06809454 -0.00434529
v -0.01637107 0.06850687 -0.00168744
v -0.01575911 0.06909811 0.00067598
v -0.01544721 0.06916799 0.00165079
v -0.01538009 0.06845795 0.00129668
v -0.01524980 0.06888006 0.00196910
v -0.01461415 0.06803304 0.00275292
v -0.01442464 0.06832656 0.00334577
v -0.01452729 0.06909811 0.00351288
v -0.01356000 0.06812948 0.00473040
v -0.01325994 0.06781778 0.00508849
v -0.01237557 0.06747255 0.00627020
v -0.01110822 0.06708957 0.00787764
v -0.01008960 0.06608600 0.00889224
v -0.00958819 0.06608600 0.00951692
v -0.01019225 0.06708957 0.00907527
v -0.00969084 0.06708957 0.00959649
v -0.00918943 0.06708957 0.01009783
v -0.00868802 0.06708957 0.01057528
v -0.00813923 0.06708957 0.01107661
v -0.00759439 0.06608600 0.01145858
v -0.00675344 0.06601331 0.01200766
v -0.00431744 0.06355890 0.01223843
v -0.00378839 0.06346386 0.01235382
v -0.00622834 0.06364696 0.01116415
v -0.00809580 0.06608600 0.01103285
v -0.00848271 0.06508103 0.01039226
v -0.00834848 0.06453172 0.01026494
v -0.00278162 0.06336182 0.01248910
v -0.00177880 0.06336322 0.01249705
v 0.00223644 0.05713074 0.00562961
v 0.00323927 0.05713074 0.00551820
v 0.00331823 0.05713074 0.00550627
v 0.00426183 0.05713074 0.00534314
v 0.00494881 0.05713074 0.00521581
v 0.00725451 0.06330731 0.01048775
v 0.00625169 0.06368470 0.01114028
v 0.00547785 0.05713074 0.00509247
v 0.01108419 0.06446044 0.01031666
v 0.01175142 0.06458763 0.01020923
v 0.01227652 0.06519564 0.01054743
v 0.01327935 0.06541089 0.01035645
v 0.01227652 0.06584279 0.01104876
v 0.01286874 0.06652768 0.01125566
v 0.01422295 0.06610696 0.01042011
v 0.01528894 0.06429411 0.00849038
v 0.01528894 0.06379372 0.00795722
v 0.01590090 0.06351837 0.00728082
v 0.01327935 0.06490911 0.00992674
v 0.01397027 0.06449398 0.00929012
v 0.01463750 0.06464913 0.00915087
v 0.01053540 0.05713074 0.00198501
v 0.01038932 0.05713074 -0.01650854
v 0.01305431 0.06438496 -0.02107623
v 0.01032615 0.05713074 -0.01655231
v 0.01017612 0.05713074 -0.01665178
v 0.00941413 0.05713074 -0.01712128
v 0.01247393 0.06477073 -0.02174467
v 0.01180670 0.06455828 -0.02192769
v 0.01219361 0.06509640 -0.02214653
v 0.00925621 0.05713074 -0.01721279
v 0.00720318 0.05713074 -0.01808017
v -0.00905519 0.06789187 -0.02177252
v -0.00958029 0.06708957 -0.02107225
v -0.01029490 0.06761791 -0.02089718
v -0.01081606 0.06800927 -0.02063855
v -0.01149118 0.06809454 -0.02008152
v -0.01242294 0.06828882 -0.01905499
v -0.01200444 0.06909811 -0.01953244
v -0.00935130 0.06654585 -0.02093299
v -0.00879067 0.06504469 -0.02020884
v -0.00880646 0.06584559 -0.02074598
v -0.00086283 0.05713074 -0.01767036
v -0.00957240 0.06535638 -0.02006561
v -0.01240715 0.06909811 -0.01903111
v -0.01412458 0.06909811 -0.01661597
v -0.01447992 0.06909811 -0.01611464
v -0.01649346 0.06718601 -0.00835594
v -0.01648162 0.06701409 -0.00728166
v -0.01645793 0.06727826 -0.00935860
v -0.01659611 0.06809454 -0.01036524
v -0.01637896 0.06843698 -0.01201247
v -0.01639476 0.06743760 -0.01036524
v -0.01648556 0.06701130 -0.00641428
v -0.01633948 0.06658219 -0.00690367
v -0.01650135 0.06720698 -0.00534795
v -0.01524190 0.06909811 -0.01471011
v -0.01548274 0.06909811 -0.01420480
v -0.01551433 0.06809454 -0.01426449
v -0.01586965 0.06809454 -0.01337721
v -0.01489052 0.06909811 -0.01538651
v -0.01644213 0.06736352 -0.00434529
v -0.01637896 0.06750050 -0.00361319
v -0.01631579 0.06765984 -0.00294474
v -0.01624473 0.06782757 -0.00233599
v -0.01613813 0.06814066 -0.00134526
v -0.01583807 0.06809454 -0.00032668
v -0.01549853 0.06811131 0.00066802
v -0.01526559 0.06778843 0.00099827
v -0.01511951 0.06811131 0.00165079
v -0.01430620 0.06765705 0.00313489
v -0.01345735 0.06728245 0.00442005
v -0.01413248 0.06803304 0.00368397
v -0.01258876 0.06711892 0.00570521
v -0.01134905 0.06651370 0.00725695
v -0.01044493 0.06608600 0.00838693
v -0.00943026 0.06532563 0.00936970
v -0.00913810 0.06608600 0.01002223
v -0.00863274 0.06608600 0.01053152
v -0.00470831 0.06327376 0.01171323
v -0.00479122 0.06271048 0.01104478
v -0.00556110 0.06338698 0.01137503
v -0.00322776 0.05713074 0.00466276
v -0.00287243 0.05713074 0.00479008
v -0.00282110 0.05713074 0.00480600
v -0.00177880 0.05713074 0.00512032
v -0.00726669 0.06360083 0.01018536
v -0.00659946 0.06335344 0.01049571
v -0.00584537 0.06303475 0.01076627
v -0.00902361 0.06502791 0.00970790
v -0.00926839 0.06465612 0.00915485
v -0.00855773 0.06432346 0.00971188
v -0.00825767 0.06361900 0.00915087
v -0.00758649 0.06333526 0.00951692
v -0.00077598 0.05713074 0.00529539
v 0.00121388 0.05713074 0.00551820
v 0.01026693 0.06382027 0.00998244
v 0.00630696 0.05713074 0.00477417
v 0.01247393 0.06368330 0.00909516
v 0.01180670 0.06356589 0.00922249
v 0.01136056 0.06410681 0.00989093
v 0.01219361 0.06404251 0.00954079
v 0.01327935 0.06434443 0.00942540
v 0.01227652 0.06469386 0.01011374
v 0.01461776 0.06363857 0.00813229
v 0.00714001 0.05713074 0.00435639
v 0.00754667 0.05713074 0.00410970
v 0.00821390 0.05713074 0.00364816
v 0.00921278 0.05713074 0.00293595
v 0.00950099 0.05713074 0.00272905
v 0.01327935 0.06384404 0.00892805
v 0.01429402 0.06406767 0.00871718
v -0.01008170 0.06708957 -0.02075394
v -0.01024358 0.06566668 -0.01985075
v -0.01047652 0.06633619 -0.02004571
v -0.01081211 0.06715666 -0.02020089
v -0.01134905 0.06753684 -0.01993430
v -0.01162937 0.06715666 -0.01940910
v -0.01231240 0.06761931 -0.01888788
v -0.01205182 0.06801067 -0.01939319
v -0.01416012 0.06809454 -0.01665576
v -0.01441280 0.06735793 -0.01601119
v -0.00979744 0.06610557 -0.02039187
v -0.00911441 0.06468687 -0.01982688
v -0.00182618 0.05713074 -0.01727645
v -0.00931577 0.06357148 -0.01890379
v -0.01494580 0.06809454 -0.01538651
v -0.01450360 0.06809454 -0.01615443
v -0.01629605 0.06668423 -0.00835594
v -0.01631974 0.06662971 -0.00757211
v -0.01626052 0.06677648 -0.00935860
v -0.01620130 0.06693582 -0.01036524
v -0.01635133 0.06755641 -0.01094217
v -0.01643424 0.06809873 -0.01131220
v -0.01619340 0.06809873 -0.01235863
v -0.01629210 0.06776747 -0.01161061
v -0.01631974 0.06662412 -0.00612382
v -0.01633948 0.06658219 -0.00679226
v -0.01549458 0.06534240 -0.00735328
v -0.01588150 0.06608600 -0.00935860
v -0.01545510 0.06538154 -0.00935860
v -0.01513925 0.06487976 -0.00935860
v -0.01628421 0.06670519 -0.00534795
v -0.01527349 0.06809454 -0.01476582
v -0.01543141 0.06738589 -0.01408146
v -0.01620919 0.06686034 -0.00434529
v -0.01613813 0.06713569 -0.00330284
v -0.01589334 0.06708957 -0.00233599
v -0.01549064 0.06729364 -0.00032668
v -0.01539588 0.06748373 0.00032982
v -0.01462600 0.06702388 0.00173833
v -0.01445623 0.06731460 0.00246645
v -0.01418381 0.06702388 0.00275292
v -0.01331522 0.06661434 0.00416541
v -0.01314940 0.06700431 0.00473040
v -0.01095029 0.06614191 0.00763494
v -0.01031859 0.06557443 0.00821186
v -0.00979349 0.06511597 0.00868534
v -0.00546635 0.06246308 0.01036838
v -0.00479122 0.05713074 0.00397840
v -0.00378839 0.05713074 0.00445188
v -0.00716799 0.06266575 0.00908323
v -0.00688372 0.06300959 0.00979146
v -0.00613358 0.06268392 0.01006997
v -0.01120297 0.06584419 0.00700628
v -0.01139643 0.06547100 0.00633784
v -0.01015672 0.06490631 0.00788958
v -0.00948949 0.06437238 0.00848640
v -0.00888542 0.06399639 0.00881665
v -0.00650470 0.05731384 0.00244656
v -0.00618885 0.05713074 0.00262162
v -0.00597960 0.05713074 0.00287229
v -0.00589274 0.05713074 0.00297574
v 0.00638197 0.05713074 0.00473836
v -0.01087528 0.06598955 -0.01946480
v -0.01033439 0.06455967 -0.01891573
v -0.01054758 0.06508103 -0.01912660
v -0.01127799 0.06564292 -0.01885207
v -0.01114375 0.06686733 -0.01974730
v -0.01147934 0.06631243 -0.01907488
v -0.01218606 0.06708957 -0.01871679
v -0.01428646 0.06668842 -0.01580429
v -0.01401799 0.06705043 -0.01636530
v -0.01461020 0.06705043 -0.01543426
v -0.00243024 0.05713074 -0.01697804
v -0.01032254 0.06356729 -0.01790511
v -0.00998695 0.06389156 -0.01857753
v -0.00295929 0.05713074 -0.01667963
v -0.00382393 0.05713074 -0.01615443
v -0.00427007 0.05713074 -0.01586795
v -0.00481886 0.05713074 -0.01543028
v -0.00485834 0.05713074 -0.01539845
v -0.00534790 0.05713074 -0.01493293
v -0.01578675 0.06608600 -0.01036524
v -0.01613813 0.06716924 -0.01131220
v -0.01558539 0.06600213 -0.01141167
v -0.01586965 0.06708957 -0.01237455
v -0.01554986 0.06706720 -0.01338119
v -0.01592098 0.06608600 -0.00534795
v -0.01605917 0.06618244 -0.00641428
v -0.01549853 0.06535638 -0.00634664
v -0.01514715 0.06484062 -0.00735328
v -0.01514715 0.06486019 -0.00835594
v -0.01541957 0.06543885 -0.01036524
v -0.01509977 0.06493706 -0.01036524
v -0.01459836 0.06427174 -0.01036524
v -0.01463784 0.06422562 -0.00935860
v -0.01578675 0.06608600 -0.00434529
v -0.01526559 0.06671637 -0.01371541
v -0.01556170 0.06603987 -0.00338639
v -0.01548274 0.06632361 -0.00233599
v -0.01539193 0.06647876 -0.00159592
v -0.01530902 0.06663251 -0.00092350
v -0.01559723 0.06701689 -0.00128956
v -0.01522216 0.06679185 -0.00032668
v -0.01443254 0.06644661 0.00144389
v -0.01429830 0.06664509 0.00211233
v -0.01346920 0.06639070 0.00349696
v -0.01310202 0.06606783 0.00377548
v -0.01239925 0.06548777 0.00435639
v -0.01224133 0.06571420 0.00502483
v -0.01032254 0.06456946 0.00722114
v -0.00498862 0.05713074 0.00385108
v -0.00489782 0.05713074 0.00391474
v -0.00570718 0.05713074 0.00317866
v -0.00523341 0.05713074 0.00362429
v -0.00976191 0.06413756 0.00759913
v -0.00684424 0.05713074 0.00168660
v -0.00917364 0.06370426 0.00797711
v -0.00674159 0.05713074 0.00184178
v -0.01052389 0.06416691 -0.01830299
v -0.01130168 0.06460161 -0.01787328
v -0.01109242 0.06499437 -0.01847010
v -0.01184652 0.06604546 -0.01842633
v -0.01154251 0.06526972 -0.01818362
v -0.01247427 0.06539412 -0.01708547
v -0.01221369 0.06577850 -0.01775391
v -0.01336654 0.06553529 -0.01594753
v -0.01407326 0.06606783 -0.01543426
v -0.01424303 0.06572119 -0.01470216
v -0.01444438 0.06639070 -0.01513187
v -0.01051600 0.06338698 -0.01739184
v -0.01124245 0.06366093 -0.01675921
v -0.01106874 0.06402994 -0.01747937
v -0.00584142 0.05713074 -0.01436794
v -0.00827346 0.05958935 -0.01483346
v -0.01537219 0.06551992 -0.01110132
v -0.01550643 0.06626491 -0.01237455
v -0.01531692 0.06561217 -0.01177375
v -0.01539983 0.06646478 -0.01304697
v -0.01547484 0.06540670 -0.00534795
v -0.01541167 0.06548917 -0.00434529
v -0.01510767 0.06485460 -0.00634664
v -0.01464179 0.06423959 -0.00735328
v -0.01464574 0.06422142 -0.00835594
v -0.01504845 0.06514393 -0.01141167
v -0.01414038 0.06377135 -0.01036524
v -0.00846692 0.05713074 -0.00713046
v -0.00855773 0.05713074 -0.00634664
v -0.01448781 0.06439474 -0.01136791
v -0.01404562 0.06389436 -0.01136791
v -0.01535640 0.06555765 -0.00375245
v -0.01459836 0.06606783 -0.01437191
v -0.01505239 0.06611255 -0.01338119
v -0.01526954 0.06567367 -0.00308400
v -0.01517479 0.06582183 -0.00233599
v -0.01508398 0.06612094 -0.00128956
v -0.01456283 0.06626351 0.00067598
v -0.01429435 0.06562614 0.00007916
v -0.01418381 0.06576033 0.00067598
v -0.00729828 0.05713074 0.00067598
v -0.01404167 0.06610137 0.00173833
v -0.01337049 0.06552970 0.00228342
v -0.01322441 0.06572119 0.00295187
v -0.01255323 0.06530047 0.00368795
v -0.00687978 0.05713074 0.00161100
v -0.01153461 0.06432905 -0.01720483
v -0.01220580 0.06472461 -0.01669555
v -0.01354026 0.06532563 -0.01538651
v -0.01328758 0.06461978 -0.01481754
v -0.01385216 0.06505447 -0.01442364
v -0.01439700 0.06548777 -0.01403371
v -0.00929998 0.06057474 -0.01486927
v -0.01031859 0.06156294 -0.01489314
v -0.01132536 0.06256232 -0.01489712
v -0.01230845 0.06359245 -0.01485733
v -0.01310992 0.06482385 -0.01538651
v -0.00626782 0.05713074 -0.01383477
v -0.00671001 0.05713074 -0.01327774
v -0.01521822 0.06576312 -0.01237455
v -0.01467337 0.06502512 -0.01237057
v -0.01438516 0.06450796 -0.01203635
v -0.00847877 0.05713074 -0.00534795
v -0.00845508 0.05713074 -0.00516095
v -0.00819845 0.05713074 -0.00333865
v -0.00805632 0.05713074 -0.00235986
v -0.00787865 0.05713074 -0.00133332
v -0.00855378 0.05713074 -0.00628695
v -0.00831295 0.05713074 -0.00793418
v -0.00843139 0.05713074 -0.00735328
v -0.01354421 0.06336322 -0.01136791
v -0.01343366 0.06347084 -0.01217959
v -0.00785891 0.05713074 -0.00123385
v -0.00763387 0.05713074 -0.00033066
v -0.01453519 0.06535638 -0.00133332
v -0.01441675 0.06548357 -0.00058928
v -0.01469311 0.06601052 -0.00028291
v -0.00760228 0.05713074 -0.00022721
v -0.01288882 0.06401037 -0.01450322
v -0.01346525 0.06442689 -0.01414910
v -0.01414038 0.06481406 -0.01337721
v -0.01453124 0.06531585 -0.01337721
v -0.00712851 0.05713074 -0.01257747
v -0.01145960 0.06243792 -0.01437987
v -0.01319283 0.06371964 -0.01337721
v -0.01248611 0.06340236 -0.01418889
v -0.01427066 0.06465332 -0.01270479
v -0.01385216 0.06404811 -0.01244219
v -0.00800894 0.05713074 -0.00938645
v -0.00751937 0.05713074 -0.01136791
v -0.00777995 0.05713074 -0.01036922
v -0.00781548 0.05713074 -0.01021803
v -0.00733381 0.05713074 -0.01198462
v -0.01331522 0.06358685 -0.01285201
v -0.00720352 0.05713074 -0.01237455
v -0.01363897 0.06422142 -0.01337721
v -0.04608588 0.01381247 -0.01243519
v -0.04548419 0.00628399 -0.01117499
v -0.04617465 0.00584122 -0.00534560
v -0.04647057 0.01430825 -0.00900629
v -0.04609574 0.01387265 -0.01237391
v -0.04608588 0.01387265 -0.01243519
v -0.04533623 0.00684568 -0.01243519
v -0.04604642 0.00584122 -0.00635002
v -0.04511923 0.00584122 -0.01243519
v -0.04512909 0.00584122 -0.01237391
v -0.04617465 0.00584122 -0.00434117
v -0.04657907 0.01387265 -0.00333675
v -0.04572092 0.00513766 -0.00635002
v -0.04578010 0.00514483 -0.00534560
v -0.04647057 0.01444295 -0.00900629
v -0.04590833 0.01487712 -0.01237391
v -0.04589847 0.01487998 -0.01243519
v -0.04509950 0.00580396 -0.01243519
v -0.04613520 0.00584122 -0.00333675
v -0.04614506 0.00684568 -0.00132790
v -0.04646070 0.01437417 -0.00082435
v -0.04646070 0.01437560 -0.00082435
v -0.04652975 0.01461633 -0.00233232
v -0.04656921 0.01470517 -0.00333675
v -0.04465563 0.00511760 -0.01243519
v -0.04397503 0.00462182 -0.01243519
v -0.04386653 0.00455017 -0.01243519
v -0.04420190 0.00440258 -0.00835621
v -0.04495155 0.00470779 -0.00635002
v -0.04394544 0.00456163 0.00569775
v -0.04559269 0.00522937 -0.00132790
v -0.04571105 0.00521217 -0.00333675
v -0.04608588 0.00584122 -0.00233232
v -0.04632261 0.01520668 -0.00333675
v -0.04556310 0.01546747 -0.01243519
v -0.04601683 0.01487712 -0.01136949
v -0.04607601 0.00684568 -0.00032347
v -0.04593792 0.00684568 0.00068095
v -0.04548419 0.00627825 0.00329193
v -0.04581956 0.01387265 0.00268448
v -0.04624370 0.01495449 -0.00132790
v -0.04629302 0.01511928 -0.00233232
v -0.04549405 0.01448450 0.00437628
v -0.04557296 0.01465358 0.00368890
v -0.04581956 0.01487712 0.00168005
v -0.04303797 0.00426216 -0.01243519
v -0.04350157 0.00431231 -0.01215278
v -0.04356075 0.00427935 -0.01136949
v -0.04361007 0.00425356 -0.01036506
v -0.04365939 0.00426359 -0.00936064
v -0.04394544 0.00474361 0.00670218
v -0.04461618 0.00502876 0.00569775
v -0.04293934 0.00413319 -0.01036506
v -0.04293934 0.00442694 0.00569775
v -0.04293934 0.00445273 0.00670218
v -0.04293934 0.00452438 0.00770660
v -0.04293934 0.00468057 0.00871103
v -0.04553351 0.00526232 -0.00032347
v -0.04546446 0.00533397 0.00121114
v -0.04601683 0.00584122 -0.00132790
v -0.04552364 0.01544168 0.00168005
v -0.04558283 0.01549470 0.00068095
v -0.04574065 0.01553339 -0.00132790
v -0.04582942 0.01554485 -0.00333675
v -0.04573078 0.01556634 -0.00635002
v -0.04560255 0.01549326 -0.01136949
v -0.04556310 0.01547177 -0.01237391
v -0.04553351 0.01547894 -0.01243519
v -0.04590833 0.00584122 -0.00032347
v -0.04555323 0.00612350 0.00268448
v -0.04549405 0.01408615 0.00437628
v -0.04453727 0.00519928 0.00670218
v -0.04445836 0.00532107 0.00724302
v -0.04465563 0.00584122 0.00670218
v -0.04516855 0.01387265 0.00569775
v -0.04491209 0.01387265 0.00670218
v -0.04446822 0.01449883 0.00828475
v -0.04455699 0.01485132 0.00769328
v -0.04438931 0.01516800 0.00801832
v -0.04448795 0.01541159 0.00734693
v -0.04563214 0.01493300 0.00259123
v -0.04531651 0.01515510 0.00368890
v -0.04539542 0.01530556 0.00286565
v -0.04301825 0.00425929 -0.01243519
v -0.04293934 0.00417045 -0.01136949
v -0.04373830 0.00508178 0.00871103
v -0.04399476 0.00500870 0.00762934
v -0.04194309 0.00408018 -0.01136949
v -0.04194309 0.00406728 -0.01036506
v -0.03993088 0.00397271 -0.00936064
v -0.03892478 0.00392113 -0.00936064
v -0.00273460 0.00279056 0.01478021
v -0.02783790 0.00404435 0.01478021
v -0.02883414 0.00410024 0.01478021
v -0.02888346 0.00410310 0.01478021
v -0.04194309 0.00459746 0.00971279
v -0.00378016 0.00283928 0.01478021
v -0.00473694 0.00288657 0.01478021
v -0.01477826 0.00338665 0.01478021
v -0.01880268 0.00358726 0.01478021
v -0.02382334 0.00383802 0.01478021
v -0.02481959 0.00388817 0.01478021
v -0.02683180 0.00399134 0.01478021
v -0.04194309 0.00473358 0.01071721
v -0.04168664 0.00511760 0.01272606
v -0.04300838 0.00498721 0.00975542
v -0.04561242 0.00580540 0.00160012
v -0.04577024 0.00584122 0.00068095
v -0.04401449 0.01563082 0.00769328
v -0.04495155 0.01570390 0.00168005
v -0.04495155 0.01576982 0.00068095
v -0.04495155 0.01579131 -0.00032347
v -0.04495155 0.01579561 -0.00132790
v -0.04495155 0.01581137 -0.00635002
v -0.04495155 0.01568098 -0.01237391
v -0.04495155 0.01567524 -0.01243519
v -0.04413285 0.00584122 0.00871103
v -0.04448795 0.00584122 0.00737357
v -0.04359034 0.00522937 0.00944903
v -0.04372844 0.00579680 0.00975542
v -0.04446822 0.01411911 0.00828475
v -0.04425122 0.01485132 0.00865508
v -0.04399476 0.01387265 0.00971279
v -0.04345225 0.01439423 0.01122875
v -0.04247574 0.01544168 0.01331220
v -0.04258424 0.01556205 0.01272606
v -0.04274206 0.01567238 0.01172164
v -0.04374817 0.01562079 0.00871103
v -0.04199241 0.00413893 -0.01243519
v -0.04194309 0.00413319 -0.01243519
v -0.04194309 0.00412890 -0.01237391
v -0.04093699 0.00403432 -0.01243519
v -0.04093699 0.00403146 -0.01237391
v -0.04152882 0.00525373 0.01345074
v -0.03993088 0.00396411 -0.01237391
v -0.03597551 0.00375777 -0.01243519
v -0.03692243 0.00380793 -0.01136949
v -0.03892478 0.00391253 -0.01036506
v -0.03791868 0.00386381 -0.01036506
v -0.03591633 0.00376064 -0.01136949
v -0.00378016 0.00280059 0.01272606
v -0.00880082 0.00283069 0.00168005
v -0.00780458 0.00282209 0.00368890
v -0.00278392 0.00277910 0.01373049
v -0.00177781 0.00276334 0.01478021
v -0.04159786 0.00678980 0.01478287
v -0.02984025 0.00417475 0.01478021
v -0.04093699 0.00468486 0.01172164
v -0.04093699 0.00481955 0.01272606
v -0.04097644 0.00511187 0.01376246
v -0.04194309 0.01613521 0.01172164
v -0.04293934 0.01603490 0.00871103
v -0.04198255 0.01629426 0.00971279
v -0.04394544 0.01600481 0.00068095
v -0.04394544 0.01600051 -0.00032347
v -0.04394544 0.01595036 -0.00534560
v -0.04394544 0.01585149 -0.01243519
v -0.04489236 0.01569244 -0.01243519
v -0.04355089 0.00610057 0.01048009
v -0.04134140 0.00541565 0.01411947
v -0.04153868 0.00614929 0.01478021
v -0.04338321 0.00543141 0.01011776
v -0.04345225 0.01433978 0.01122875
v -0.04190364 0.01487712 0.01478021
v -0.04192337 0.01487712 0.01473491
v -0.04228833 0.01487712 0.01388235
v -0.04189378 0.01491867 0.01478021
v -0.04164718 0.01562079 0.01478021
v -0.04165704 0.01562939 0.01473491
v -0.04194309 0.01597759 0.01272606
v -0.03993088 0.00396555 -0.01243519
v -0.04067067 0.00523940 0.01452710
v -0.03791868 0.00385951 -0.01243519
v -0.03496941 0.00370762 -0.01243519
v -0.03591633 0.00375491 -0.01237391
v -0.03491022 0.00370476 -0.01237391
v -0.03390412 0.00366034 -0.01237391
v -0.01583369 0.00289517 -0.01243519
v -0.01382148 0.00287654 -0.00835621
v -0.00780458 0.00283785 0.00469333
v -0.00579237 0.00281922 0.00871103
v -0.01482758 0.00287080 -0.01136949
v -0.01282524 0.00285361 -0.00735178
v -0.00780458 0.00281062 0.00268448
v -0.00278392 0.00276763 0.01172164
v -0.00177781 0.00276047 0.01373049
v -0.00072239 0.00275044 0.01478021
v -0.01181913 0.00283498 -0.00635002
v -0.00780458 0.00280346 0.00168005
v -0.01282524 0.00283642 -0.00936064
v -0.02090367 0.01666395 0.01478021
v -0.02186045 0.01666538 0.01478021
v -0.02189991 0.01666538 0.01478021
v -0.02391212 0.01664819 0.01478021
v -0.02491822 0.01663529 0.01478021
v -0.03794827 0.01640459 0.01478021
v -0.03892478 0.01636447 0.01478021
v -0.03917138 0.01635158 0.01478021
v -0.03993088 0.01630859 0.01478021
v -0.04093699 0.01606929 0.01478021
v -0.04189378 0.01387265 0.01478021
v -0.04259410 0.00610774 0.01252624
v -0.04151895 0.00612637 0.01478021
v -0.04099617 0.00557326 0.01478021
v -0.04056217 0.00528238 0.01478021
v -0.04006898 0.00515056 0.01478021
v -0.04002952 0.00514053 0.01478021
v -0.03999993 0.00513480 0.01478021
v -0.03887546 0.00501873 0.01478021
v 0.00329217 0.00270602 0.01478021
v 0.00925975 0.00264011 0.01478021
v 0.01031517 0.00262865 0.01478021
v 0.01131141 0.00261861 0.01478021
v 0.01226820 0.00261145 0.01478021
v 0.01332362 0.00260715 0.01478021
v 0.02331563 0.00257563 0.01478021
v 0.02833629 0.00255986 0.01478021
v 0.03034850 0.00255413 0.01478021
v 0.03135460 0.00256703 0.01478021
v 0.03139406 0.00256846 0.01478021
v 0.03235084 0.00261002 0.01478021
v 0.03240016 0.00261288 0.01478021
v 0.03536916 0.00278770 0.01478021
v 0.03842693 0.00296824 0.01478021
v 0.04143538 0.00314592 0.01478021
v 0.04239216 0.00320324 0.01478021
v 0.04295440 0.00324336 0.01478021
v 0.04348704 0.00328205 0.01478021
v 0.04357581 0.00328922 0.01478021
v 0.04428601 0.00341101 0.01478021
v 0.04435505 0.00342964 0.01478021
v 0.04486797 0.00357866 0.01478021
v 0.04541048 0.00374058 0.01478021
v 0.04662372 0.00412746 0.01478021
v 0.04741282 0.00443697 0.01478021
v 0.04749173 0.00446850 0.01478021
v 0.04815261 0.00502160 0.01478021
v 0.04861620 0.00582259 0.01478021
v 0.04863593 0.00587274 0.01478021
v 0.04886280 0.00684568 0.01478021
v 0.04974067 0.01487712 0.01478021
v 0.04974067 0.01490148 0.01478021
v 0.04942503 0.01562796 0.01478021
v 0.04935599 0.01565662 0.01478021
v 0.04841893 0.01596756 0.01478021
v 0.04836961 0.01597615 0.01478021
v 0.04741282 0.01603634 0.01478021
v 0.04736350 0.01603920 0.01478021
v 0.04640672 0.01607646 0.01478021
v 0.02432173 0.01630142 0.01478021
v -0.03993088 0.00489407 0.01373049
v -0.04093699 0.01608362 0.01473491
v -0.04093699 0.01620685 0.01373049
v -0.04118358 0.01634584 0.01172164
v -0.04184446 0.01626273 0.01064262
v -0.04134140 0.01637163 0.01092769
v -0.04144991 0.01638453 0.01025896
v -0.04147950 0.01639170 0.00971279
v -0.04148936 0.01639170 0.00903607
v -0.04194309 0.01608076 -0.01243519
v -0.04191350 0.01387265 0.01473491
v -0.03491022 0.00370476 -0.01243519
v -0.03390412 0.00366034 -0.01243519
v -0.01488676 0.00286077 -0.01243519
v -0.01482758 0.00285934 -0.01237391
v -0.01382148 0.00285075 -0.01036506
v -0.01181913 0.00282925 -0.00735178
v -0.00980692 0.00281492 -0.00333675
v 0.03436305 0.00225895 -0.01243519
v 0.00223674 0.00271748 0.01473491
v -0.01382148 0.00284501 -0.01136949
v -0.01388066 0.00284215 -0.01243519
v 0.00625130 0.01689751 0.01026429
v 0.00423909 0.01689751 0.01041882
v 0.00357822 0.01689751 0.01042947
v 0.00076704 0.01689751 0.01022166
v -0.00020947 0.01689751 0.01011776
v -0.00096898 0.01689751 0.00992859
v -0.00177781 0.01689751 0.00964352
v -0.00237950 0.01689751 0.00940374
v -0.00310942 0.01689751 0.00903873
v -0.00507231 0.01689751 0.00796237
v -0.00633487 0.01689751 0.00722437
v 0.00324285 0.01689751 0.01042947
v -0.00742975 0.01689751 0.00632119
v -0.03892478 0.01652782 0.01172164
v -0.03892478 0.01649487 0.01272606
v -0.03993088 0.01631145 0.01473491
v -0.04052271 0.01639743 0.01238237
v 0.01127196 0.00261861 0.01473491
v 0.03135460 0.00252691 0.01172164
v 0.03135460 0.00256560 0.01473491
v 0.03235084 0.00255843 0.01172164
v 0.03516202 0.00228332 -0.01243519
v 0.04239216 0.00320181 0.01473491
v 0.04339827 0.00324623 0.01373049
v 0.04397037 0.00331644 0.01455375
v 0.04541048 0.00357579 0.01373049
v 0.04640672 0.00384805 0.01373049
v 0.04541048 0.00373055 0.01473491
v 0.04746214 0.00416615 0.01376246
v 0.04716623 0.00424926 0.01455641
v 0.04783697 0.00437966 0.01411947
v 0.04816247 0.00501013 0.01473491
v 0.04882334 0.00552455 0.01373049
v 0.04907980 0.00602606 0.01373049
v 0.04897130 0.00624100 0.01436192
v 0.04992808 0.01435411 0.01424203
v 0.04995768 0.01487712 0.01430064
v 0.04995768 0.01543022 0.01431396
v 0.05003659 0.01551333 0.01373049
v 0.04942503 0.01579704 0.01373049
v 0.04841893 0.01597186 0.01473491
v 0.05043114 0.01612948 0.00670218
v 0.04942503 0.01618536 0.00770660
v 0.01327431 0.01689751 0.00735758
v 0.01281071 0.01689751 0.00766397
v 0.01218929 0.01689751 0.00801566
v 0.01127196 0.01689751 0.00851387
v 0.01026586 0.01689751 0.00905205
v 0.00719822 0.01689751 0.01011243
v -0.04068053 0.01641462 0.01172164
v -0.04097644 0.01642322 0.01064262
v -0.04093699 0.01644185 0.00971279
v -0.04093699 0.01618966 -0.01243519
v -0.01482758 0.00285934 -0.01243519
v -0.00839640 0.01689751 0.00529012
v -0.03892478 0.01653212 0.01071721
v -0.03993088 0.01651206 0.01071721
v -0.03993088 0.01648913 0.01172164
v -0.00927428 0.01689751 0.00416847
v -0.00996474 0.01689751 0.00292692
v -0.01010284 0.01689751 0.00263918
v -0.01033957 0.01689751 0.00211965
v -0.01121744 0.01689751 0.00013478
v -0.03995061 0.01643039 0.01272074
v 0.03566507 0.00234923 -0.01243519
v 0.04734378 0.00339812 -0.00629141
v 0.04695909 0.00332647 -0.00591841
v 0.04750160 0.00337089 -0.00534560
v 0.04699854 0.00332360 -0.00534560
v 0.04753119 0.00336516 -0.00434117
v 0.04541048 0.00316885 -0.00032347
v 0.04541048 0.00317028 0.00068095
v 0.04541048 0.00318175 0.00168005
v 0.04440437 0.00309864 0.00068095
v 0.04440437 0.00316168 0.00469333
v 0.04339827 0.00321184 0.01172164
v 0.04440437 0.00319464 0.00670218
v 0.04440437 0.00321327 0.00770660
v 0.04406901 0.00330498 0.01373049
v 0.04541048 0.00349269 0.01272606
v 0.04640672 0.00363454 0.01172164
v 0.04841893 0.00351418 0.00168005
v 0.04942503 0.00362165 0.00068095
v 0.04741282 0.00365174 0.00871103
v 0.04741282 0.00370189 0.00971279
v 0.04741282 0.00378213 0.01071721
v 0.04640672 0.00372482 0.01272606
v 0.04741282 0.00398704 0.01272606
v 0.04799479 0.00428078 0.01345074
v 0.04829070 0.00476367 0.01376246
v 0.04903048 0.00519068 0.01253424
v 0.04891212 0.00535403 0.01320563
v 0.04924749 0.00574951 0.01281132
v 0.04968149 0.00589137 0.01168967
v 0.04995768 0.00625962 0.01133266
v 0.04985904 0.00684568 0.01200139
v 0.04961245 0.00684568 0.01272606
v 0.05295626 0.01427386 0.00523683
v 0.05295626 0.01446301 0.00523683
v 0.05288722 0.01513217 0.00503435
v 0.05297599 0.01543738 0.00436296
v 0.05226580 0.01566092 0.00569775
v 0.05142738 0.01601484 0.00569775
v 0.05043114 0.01607073 0.00770660
v 0.05043114 0.01599192 -0.01243519
v 0.04942503 0.01619825 0.00670218
v 0.05243348 0.01587442 -0.00032347
v 0.01569093 0.01689751 0.00466402
v 0.01490183 0.01689751 0.00570574
v 0.01428041 0.01689751 0.00643042
v 0.01400423 0.01689751 0.00669418
v -0.03993088 0.01626417 -0.01136949
v -0.03993088 0.01624267 -0.01237391
v -0.03993088 0.01624124 -0.01243519
v -0.03190177 0.01655791 -0.00936064
v -0.01150349 0.01689751 -0.00073910
v -0.01167118 0.01689751 -0.00132790
v -0.01191777 0.01689751 -0.00222575
v -0.01211504 0.01689751 -0.00303302
v -0.01225314 0.01689751 -0.00383496
v -0.01237150 0.01689751 -0.00485804
v -0.01242082 0.01689751 -0.00534560
v -0.01246028 0.01689751 -0.00579053
v -0.01248000 0.01689751 -0.00635002
v -0.01248000 0.01689751 -0.00677364
v -0.01246028 0.01689751 -0.00735178
v -0.01235178 0.01689751 -0.00835088
v -0.01224327 0.01689751 -0.00898497
v -0.01215450 0.01689751 -0.00941658
v -0.03289802 0.01652352 -0.01036506
v -0.03758331 0.01639313 -0.00912884
v 0.04736350 0.00415039 -0.01243519
v 0.04741282 0.00396698 -0.01136949
v 0.04741282 0.00382369 -0.01036506
v 0.04741282 0.00371335 -0.00936064
v 0.04741282 0.00350558 -0.00735178
v 0.04841893 0.00354857 -0.00635002
v 0.04841893 0.00348409 -0.00534560
v 0.04841893 0.00346403 -0.00434117
v 0.04841893 0.00346116 -0.00333675
v 0.04754105 0.00336659 -0.00333675
v 0.04703800 0.00331787 -0.00132790
v 0.04703800 0.00331787 -0.00233232
v 0.04640672 0.00326056 -0.00032347
v 0.04640672 0.00326199 0.00068095
v 0.04647576 0.00328348 0.00164542
v 0.04541048 0.00320181 0.00268448
v 0.04694923 0.00332790 0.00128574
v 0.04841893 0.00348695 0.00068095
v 0.04942503 0.00360875 -0.00032347
v 0.05043114 0.00380936 -0.00132790
v 0.05043114 0.00384088 -0.00032347
v 0.04942503 0.00367180 0.00168005
v 0.04841893 0.00373914 0.00670218
v 0.04841893 0.00380793 0.00770660
v 0.04741282 0.00388100 0.01172164
v 0.04841893 0.00390536 0.00871103
v 0.04808356 0.00422633 0.01272606
v 0.04883321 0.00440545 0.01071721
v 0.04932640 0.00490696 0.01071721
v 0.04916858 0.00503879 0.01172164
v 0.05196989 0.00430371 -0.00168757
v 0.04990836 0.00536836 0.01013374
v 0.04982945 0.00554891 0.01071721
v 0.05005632 0.00605042 0.01071721
v 0.05056923 0.00684568 0.00971279
v 0.05027332 0.00684568 0.01071721
v 0.05290694 0.01360470 0.00509030
v 0.05300558 0.01305303 0.00442157
v 0.05303517 0.01391277 0.00473063
v 0.05327190 0.01387265 0.00368890
v 0.05369605 0.01387265 0.00168005
v 0.05397223 0.01424950 0.00040920
v 0.05397223 0.01454468 0.00040920
v 0.05302531 0.01482983 0.00469599
v 0.05364673 0.01487712 0.00168005
v 0.05383414 0.01487855 0.00071825
v 0.05389332 0.01521385 -0.00011566
v 0.05394264 0.01538436 -0.00078439
v 0.05304504 0.01549900 0.00368890
v 0.05313381 0.01556205 0.00268448
v 0.05323245 0.01560360 0.00168005
v 0.05332122 0.01562366 0.00068095
v 0.05243348 0.01586152 0.00068095
v 0.04942503 0.01606069 -0.01243519
v 0.05243348 0.01581424 -0.00534560
v 0.05243348 0.01578701 -0.00635002
v 0.05142738 0.01573256 -0.01243519
v 0.01871911 0.01689751 -0.00875585
v 0.01881775 0.01689751 -0.00838818
v 0.01890652 0.01689751 -0.00785799
v 0.01898543 0.01689751 -0.00694682
v 0.01907420 0.01689751 -0.00534560
v 0.01906434 0.01689751 -0.00503921
v 0.01903475 0.01689751 -0.00434117
v 0.01898543 0.01689751 -0.00396285
v 0.01889666 0.01689751 -0.00331543
v 0.01871911 0.01689751 -0.00229236
v 0.01843306 0.01689751 -0.00132790
v 0.01773273 0.01689751 0.00071559
v 0.01733818 0.01689751 0.00168005
v 0.01683513 0.01689751 0.00267115
v 0.05343959 0.01561076 -0.00132790
v -0.03390412 0.01647910 -0.01136949
v -0.03390412 0.01645331 -0.01237391
v -0.03384494 0.01645188 -0.01243519
v -0.03190177 0.01654502 -0.01036506
v -0.01182900 0.01689751 -0.01035440
v -0.01142458 0.01689751 -0.01135616
v -0.01097085 0.01689751 -0.01232329
v -0.01090180 0.01689751 -0.01243519
v -0.03289802 0.01651063 -0.01136949
v 0.04741282 0.00415899 -0.01243519
v 0.04741282 0.00414752 -0.01237391
v 0.04810329 0.00428365 -0.01243519
v 0.05043114 0.00422490 -0.00936064
v 0.04942503 0.00403289 -0.00936064
v 0.04841893 0.00386094 -0.00936064
v 0.04841893 0.00365031 -0.00735178
v 0.04942503 0.00391396 -0.00835621
v 0.04942503 0.00381939 -0.00735178
v 0.05043114 0.00409594 -0.00835621
v 0.04942503 0.00366320 -0.00434117
v 0.04942503 0.00362451 -0.00333675
v 0.04942503 0.00361878 -0.00233232
v 0.04841893 0.00346546 -0.00233232
v 0.04751146 0.00337662 -0.00032347
v 0.04697882 0.00332360 0.00068095
v 0.05043114 0.00382369 -0.00233232
v 0.05142738 0.00408877 -0.00233232
v 0.05148656 0.00415039 -0.00134122
v 0.04917844 0.00412890 0.00770660
v 0.05198961 0.00428938 -0.00233232
v 0.05294640 0.00533110 -0.00379766
v 0.05218689 0.00477800 -0.00134122
v 0.05202907 0.00518925 0.00068095
v 0.05196002 0.00529242 0.00130705
v 0.05018454 0.00575811 0.00976341
v 0.05089473 0.00651038 0.00798368
v 0.05082569 0.00684568 0.00869771
v 0.05293654 0.01238386 0.00417113
v 0.05309436 0.01277934 0.00377682
v 0.05339027 0.00785015 -0.00233232
v 0.05353823 0.00785015 -0.00333675
v 0.05367632 0.00785015 -0.00434117
v 0.05384400 0.00893629 -0.00442110
v 0.05395250 0.01030758 -0.00378168
v 0.05402155 0.01406609 -0.00032347
v 0.05409060 0.01487712 -0.00132790
v 0.05401169 0.01487855 -0.00040074
v 0.05396237 0.01540013 -0.00132790
v 0.05350864 0.01557781 -0.00040074
v 0.01724941 0.01689751 -0.01243519
v 0.01762423 0.01689751 -0.01177179
v 0.01799905 0.01689751 -0.01095653
v 0.01847251 0.01689751 -0.00961108
v 0.05323245 0.01555488 -0.00534560
v 0.05314368 0.01552765 -0.00635002
v 0.05146684 0.01571537 -0.01243519
v 0.05396237 0.01540299 -0.00201794
v -0.03289802 0.01648340 -0.01237391
v -0.03289802 0.01648054 -0.01243519
v 0.04813288 0.00429081 -0.01243519
v 0.05102297 0.00429225 -0.00902760
v 0.05108215 0.00426646 -0.00835621
v 0.05043114 0.00386381 -0.00333675
v 0.05196989 0.00430657 -0.00302236
v 0.05296613 0.00530961 -0.00606228
v 0.05296613 0.00530101 -0.00534560
v 0.05295626 0.00531677 -0.00434117
v 0.05319299 0.00584122 -0.00534560
v 0.05316340 0.00584122 -0.00434117
v 0.05348891 0.00684568 -0.00434117
v 0.05306477 0.00581399 -0.00341401
v 0.05289708 0.00546007 -0.00312894
v 0.05282803 0.00565208 -0.00233232
v 0.05273926 0.00591860 -0.00138917
v 0.05249267 0.00584122 -0.00032347
v 0.05227566 0.00584122 0.00068095
v 0.05288722 0.00658203 -0.00109611
v 0.05279844 0.00688867 -0.00037143
v 0.05295626 0.00725263 -0.00073910
v 0.05319299 0.00785015 -0.00132790
v 0.05301545 0.00688867 -0.00138917
v 0.05318313 0.00684568 -0.00233232
v 0.05335081 0.00684568 -0.00333675
v 0.05375523 0.00785015 -0.00534560
v 0.05389332 0.00871419 -0.00534560
v 0.05394264 0.00932461 -0.00481008
v 0.05414978 0.01286818 -0.00333675
v 0.05413991 0.01387265 -0.00233232
v 0.05417937 0.01387265 -0.00434117
v 0.05403142 0.01458624 -0.00534560
v 0.05405114 0.01493730 -0.00234564
v 0.05373550 0.01508919 -0.00534560
v 0.05202907 0.01545888 -0.01243519
v 0.05203893 0.01546031 -0.01237391
v 0.04860634 0.00441978 -0.01243519
v 0.04942503 0.00465764 -0.01243519
v 0.05076651 0.00438109 -0.00969633
v 0.05043114 0.00499724 -0.01243519
v 0.05103283 0.00524656 -0.01243519
v 0.05106242 0.00526089 -0.01243519
v 0.05126956 0.00512047 -0.01136949
v 0.05138793 0.00467053 -0.00936064
v 0.05158520 0.00457310 -0.00835621
v 0.05291681 0.00537409 -0.00673101
v 0.05311408 0.00576098 -0.00637667
v 0.05349877 0.00684568 -0.00635002
v 0.05352836 0.00684568 -0.00534560
v 0.05299572 0.00615502 -0.00233232
v 0.05294640 0.00630548 -0.00176484
v 0.05374537 0.00785015 -0.00635002
v 0.05396237 0.00919995 -0.00611024
v 0.05396237 0.00921571 -0.00534560
v 0.05418924 0.01286818 -0.00434117
v 0.05401169 0.00985622 -0.00534560
v 0.05413991 0.01387265 -0.00534560
v 0.05398209 0.01446014 -0.00599568
v 0.05246307 0.01487712 -0.01243519
v 0.05244335 0.01491007 -0.01243519
v 0.05036209 0.00497288 -0.01243519
v 0.05144711 0.00565637 -0.01243519
v 0.05177261 0.00556180 -0.01136949
v 0.05188111 0.00541708 -0.01063149
v 0.05215730 0.00507605 -0.00835621
v 0.05306477 0.00604469 -0.00735178
v 0.05336068 0.00684568 -0.00735178
v 0.05196989 0.00627109 -0.01243519
v 0.05364673 0.00785015 -0.00735178
v 0.05381441 0.00885318 -0.00735178
v 0.05389332 0.00886035 -0.00640597
v 0.05393278 0.00946360 -0.00677897
v 0.05398209 0.00982040 -0.00640597
v 0.05414978 0.01286818 -0.00534560
v 0.05403142 0.01086068 -0.00635002
v 0.05400182 0.01380244 -0.00633670
v 0.05394264 0.01137366 -0.00786066
v 0.05395250 0.01341985 -0.00689886
v 0.05327190 0.01186515 -0.01237391
v 0.05315354 0.01286818 -0.01237391
v 0.05314368 0.01286532 -0.01243519
v 0.05313381 0.01292693 -0.01243519
v 0.05300558 0.01362476 -0.01243519
v 0.05288722 0.01407612 -0.01243519
v 0.05287735 0.01414490 -0.01237391
v 0.05283790 0.01418789 -0.01243519
v 0.05163452 0.00584981 -0.01243519
v 0.05290694 0.00642728 -0.00872388
v 0.05312395 0.00679553 -0.00837486
v 0.05346918 0.00785015 -0.00835621
v 0.05216716 0.00675111 -0.01243519
v 0.05368618 0.00885318 -0.00835621
v 0.05379468 0.00985622 -0.00835621
v 0.05390319 0.00982040 -0.00734646
v 0.05395250 0.01013134 -0.00700543
v 0.05394264 0.01134501 -0.00786066
v 0.05327190 0.01086068 -0.01237391
v 0.05326204 0.01092087 -0.01243519
v 0.05325218 0.01192390 -0.01243519
v 0.05286749 0.01412484 -0.01243519
v 0.05231512 0.00713226 -0.01243519
v 0.05260117 0.00785015 -0.01237391
v 0.05261103 0.00792036 -0.01243519
v 0.05284776 0.00865974 -0.01243519
v 0.05300558 0.00914263 -0.01237391
v 0.05350864 0.00885318 -0.00936064
v 0.05315354 0.00990780 -0.01243519
v 0.05332122 0.00985622 -0.01136949
v 0.05364673 0.00985622 -0.00936064
v 0.05392291 0.01067584 -0.00767682
v 0.05326204 0.01085638 -0.01243519
v 0.05299572 0.00916126 -0.01243519
v 0.05300558 0.00919708 -0.01243519
v 0.05314368 0.00985622 -0.01243519
v -0.04189787 0.01387309 0.01478284
v -0.04157491 0.01487680 0.01557381
v -0.04189787 0.01491856 0.01478284
v -0.04153902 0.00614869 0.01478284
v -0.04160182 0.00678951 0.01478578
v -0.04144931 0.00632005 0.01526507
v -0.04045350 0.01423454 0.01828780
v -0.04045350 0.01451391 0.01828780
v -0.03952050 0.01549314 0.02048428
v -0.04164668 0.01561987 0.01478284
v -0.04151211 0.01549170 0.01542679
v -0.04152108 0.00612565 0.01478284
v -0.04044453 0.00633157 0.01726160
v -0.03927827 0.01487680 0.02098415
v -0.03952947 0.01487680 0.02048134
v -0.03847983 0.01546722 0.02234555
v -0.03866823 0.01560691 0.02176629
v -0.03898222 0.01570771 0.02079596
v -0.04093795 0.01606916 0.01478284
v -0.04119811 0.00578868 0.01478284
v -0.04057910 0.00618757 0.01674409
v -0.03833629 0.01286938 0.02212796
v -0.03882074 0.01487680 0.02176629
v -0.03992420 0.00607957 0.01765561
v -0.03957432 0.00616885 0.01841424
v -0.03342903 0.00730649 0.02832632
v -0.03657793 0.00715816 0.02354229
v -0.03637159 0.00784938 0.02422153
v -0.03756477 0.01552482 0.02342762
v -0.03847086 0.01487680 0.02233085
v -0.03811201 0.01487680 0.02283072
v -0.03636262 0.01387309 0.02520656
v -0.03592303 0.01387309 0.02578288
v -0.03544756 0.01452975 0.02633273
v -0.03358154 0.01487680 0.02849393
v -0.03790567 0.01563283 0.02271604
v -0.03792362 0.01588339 0.02176629
v -0.03993317 0.01608212 0.01674409
v -0.03892839 0.01590932 0.01975800
v -0.03993317 0.01625781 0.01574141
v -0.03993317 0.01630821 0.01478284
v -0.04099178 0.00557411 0.01478284
v -0.04098281 0.00557987 0.01481225
v -0.03839012 0.01366860 0.02221029
v -0.04098281 0.00556691 0.01478284
v -0.04056116 0.00528322 0.01478284
v -0.03892839 0.00556115 0.01774971
v -0.03031601 0.00538546 0.02916728
v -0.03753785 0.00625957 0.02143403
v -0.03221791 0.00652022 0.02909083
v -0.03249602 0.00718984 0.02940545
v -0.03256779 0.00784938 0.02949660
v -0.03307018 0.00784938 0.02888206
v -0.03347388 0.00784938 0.02838219
v -0.03440689 0.00839948 0.02727954
v -0.03560904 0.00885454 0.02558293
v -0.03751991 0.01286938 0.02342468
v -0.03346491 0.01544850 0.02836455
v -0.03251396 0.01550322 0.02942897
v -0.03158096 0.01553778 0.03048752
v -0.03190392 0.01568467 0.02977888
v -0.03289973 0.01600004 0.02779117
v -0.03718798 0.01286938 0.02392749
v -0.03668559 0.01286938 0.02465671
v -0.03672147 0.01387309 0.02470375
v -0.03632674 0.01286938 0.02515951
v -0.03587818 0.01286938 0.02578288
v -0.03545653 0.01286938 0.02634450
v -0.03329446 0.01186423 0.02914964
v -0.03547447 0.01387309 0.02635626
v -0.03240631 0.01213640 0.03030815
v -0.03240631 0.01246905 0.03030815
v -0.03237940 0.01313867 0.03027287
v -0.03324961 0.01387309 0.02910553
v -0.03274722 0.01387309 0.02971125
v -0.03232557 0.01387309 0.03020818
v -0.03142845 0.01353180 0.03134317
v -0.03176038 0.01386877 0.03087271
v -0.03222689 0.01487680 0.03007880
v -0.03691884 0.01594532 0.02276897
v -0.03289973 0.01616132 0.02678556
v -0.02696974 0.01647237 0.03188127
v -0.02386570 0.01675750 0.03280749
v -0.03917062 0.01635141 0.01478284
v -0.02286092 0.01683670 0.03280749
v -0.04003185 0.00514066 0.01478284
v -0.02788481 0.00464672 0.02979946
v -0.02888959 0.00473312 0.02879385
v -0.02994819 0.00511186 0.02881737
v -0.03154507 0.00625381 0.02941721
v -0.03247808 0.00628693 0.02842042
v -0.02964317 0.00520690 0.02952013
v -0.02532801 0.00536243 0.03427475
v -0.03054927 0.00720136 0.03144021
v -0.03153610 0.00718696 0.03045812
v -0.02749008 0.00627109 0.03339263
v -0.03119519 0.00784938 0.03108736
v -0.03164375 0.00784938 0.03058455
v -0.03214614 0.00784938 0.02999647
v -0.03141050 0.01028162 0.03131671
v -0.03191289 0.01086052 0.03079920
v -0.03236145 0.01086052 0.03024935
v -0.03353668 0.00885454 0.02845570
v -0.03443381 0.00906910 0.02732659
v -0.03239734 0.01146678 0.03029345
v -0.03172450 0.01487680 0.03065806
v -0.03120416 0.01487680 0.03116087
v -0.02915872 0.01487680 0.03308977
v -0.02849485 0.01549602 0.03341028
v -0.02885370 0.01565443 0.03277809
v -0.02788481 0.01607924 0.03280749
v -0.02735551 0.01637877 0.03226646
v -0.03543858 0.01219688 0.02631509
v -0.03455043 0.01186423 0.02747655
v -0.03417364 0.01186423 0.02797936
v -0.03272030 0.01182679 0.02989356
v -0.03451455 0.01086052 0.02742950
v -0.03206540 0.01182679 0.03070511
v -0.03148227 0.01186423 0.03139316
v -0.03146433 0.01286938 0.03137552
v -0.03203849 0.01283050 0.03070511
v -0.03097091 0.01286938 0.03187833
v -0.03046852 0.01286938 0.03238114
v -0.03043264 0.01351020 0.03233997
v -0.03089017 0.01385581 0.03179894
v -0.03134770 0.01420142 0.03125496
v -0.02669164 0.01644501 0.03249581
v -0.02386570 0.01666246 0.03381311
v -0.02286092 0.01678054 0.03381311
v -0.03891942 0.01636437 0.01478284
v -0.02185614 0.01681366 0.03381311
v -0.02185614 0.01686262 0.03280749
v -0.02185614 0.01686551 0.03180482
v -0.02788481 0.01669558 0.01774971
v -0.03794156 0.01640469 0.01479755
v -0.04000494 0.00513490 0.01478284
v -0.02636867 0.00433711 0.03021994
v -0.02891650 0.00503409 0.02982887
v -0.02611748 0.00440767 0.03079920
v -0.02688003 0.00461648 0.03079920
v -0.02792967 0.00502402 0.03084037
v -0.02693386 0.00503841 0.03185775
v -0.02494224 0.00509314 0.03388956
v -0.02465517 0.00524722 0.03450704
v -0.02349788 0.00529186 0.03539211
v -0.02231368 0.00536243 0.03628893
v -0.02417072 0.00545747 0.03517452
v -0.02457442 0.00612565 0.03547738
v -0.02639559 0.00632870 0.03432474
v -0.02950860 0.00722008 0.03241054
v -0.03015453 0.00784938 0.03209592
v -0.03069281 0.00784938 0.03159311
v -0.02845000 0.00725609 0.03336617
v -0.03040572 0.00931535 0.03231939
v -0.03144639 0.01086052 0.03136082
v -0.03446969 0.00985680 0.02737363
v -0.03034293 0.01417982 0.03225470
v -0.02865634 0.01487680 0.03354847
v -0.02804629 0.01487680 0.03404834
v -0.02740933 0.01540098 0.03433356
v -0.02563303 0.01554930 0.03552148
v -0.02779510 0.01560835 0.03377194
v -0.02128198 0.01634997 0.03721515
v -0.02060914 0.01646517 0.03745921
v -0.02286092 0.01663654 0.03481579
v -0.03097988 0.01086052 0.03186363
v -0.03047749 0.01086052 0.03238996
v -0.03099783 0.01186423 0.03189597
v -0.03049544 0.01186423 0.03240760
v -0.02996613 0.01186423 0.03291041
v -0.02946375 0.01186423 0.03337499
v -0.02992128 0.01286938 0.03288394
v -0.02939198 0.01338924 0.03331324
v -0.02986745 0.01378525 0.03278691
v -0.01977482 0.01649253 0.03780911
v -0.01984659 0.01662646 0.03682408
v -0.03797744 0.01640325 0.01478284
v 0.00123580 0.01666678 0.04084067
v 0.00123580 0.01672870 0.03983799
v 0.00224058 0.01673734 0.03983799
v 0.00324536 0.01676326 0.03883237
v -0.02587525 0.01673158 0.01674409
v -0.02688003 0.01671574 0.01674409
v -0.02688003 0.01672006 0.01774971
v 0.03636714 0.01647093 0.02578288
v -0.03794156 0.01640469 0.01478284
v -0.03960123 0.00509314 0.01478284
v -0.02185614 0.00374093 0.03180482
v -0.02286092 0.00390366 0.03180482
v -0.02487048 0.00426943 0.03151960
v -0.02537286 0.00433423 0.03130495
v -0.02577657 0.00458480 0.03170484
v -0.02487048 0.00469424 0.03280749
v -0.02386570 0.00475617 0.03381311
v -0.02384776 0.00515074 0.03483049
v -0.01423060 0.00436015 0.03924991
v -0.01684123 0.00490737 0.03883237
v -0.01778320 0.00517090 0.03882355
v -0.01740641 0.00531202 0.03937341
v -0.02286092 0.00605077 0.03657709
v -0.02345302 0.00626533 0.03638890
v -0.02412586 0.00666855 0.03614779
v -0.02965214 0.00784938 0.03254286
v -0.03029807 0.00864573 0.03221941
v -0.02784893 0.00781338 0.03402188
v -0.02858457 0.00784938 0.03347791
v -0.02908696 0.00784938 0.03304273
v -0.02437706 0.00733817 0.03632715
v -0.02731962 0.00745337 0.03427475
v -0.02926638 0.00885454 0.03320151
v -0.02936506 0.00949536 0.03328678
v -0.02838720 0.01033490 0.03431886
v -0.02941889 0.01016353 0.03334265
v -0.03043264 0.00985680 0.03234585
v -0.02930226 0.01405886 0.03323385
v -0.02825263 0.01387309 0.03420124
v -0.02775024 0.01387309 0.03461584
v -0.02650324 0.01458879 0.03541563
v -0.02629690 0.01525842 0.03525391
v -0.02449369 0.01544994 0.03638890
v -0.01939803 0.01640325 0.03836191
v -0.02945478 0.01086052 0.03337499
v -0.02890753 0.01086052 0.03387780
v -0.02840514 0.01167990 0.03433062
v -0.02879987 0.01195495 0.03396601
v -0.02838720 0.01234952 0.03431298
v -0.02941889 0.01286938 0.03333971
v -0.02888959 0.01286938 0.03381605
v -0.02835131 0.01286938 0.03428946
v -0.02893444 0.01378381 0.03362492
v -0.01745127 0.01641045 0.03939105
v -0.01359364 0.01640469 0.04041431
v 0.00071547 0.01638597 0.04335765
v 0.00224058 0.01667398 0.04084067
v 0.00324536 0.01667110 0.04084067
v 0.00324536 0.01673158 0.03983799
v 0.00424116 0.01671286 0.03983799
v 0.02230922 0.01644789 0.03682408
v 0.03636714 0.01645077 0.02678556
v -0.02090519 0.01666390 0.01478284
v -0.02185614 0.01666534 0.01478284
v -0.02190100 0.01666534 0.01478284
v -0.02487048 0.01669702 0.01574141
v -0.02587525 0.01668118 0.01574141
v 0.03737192 0.01643637 0.02578288
v 0.04340058 0.01627653 0.02076068
v 0.04239581 0.01630821 0.02076068
v -0.02491533 0.01663510 0.01478284
v -0.03892839 0.00502402 0.01478284
v -0.02085137 0.00363725 0.03180482
v -0.01728979 0.00333772 0.03313682
v -0.02085137 0.00374526 0.03280749
v -0.02185614 0.00390366 0.03280749
v -0.02288784 0.00415279 0.03285160
v -0.02364142 0.00425503 0.03254580
v -0.02393747 0.00444080 0.03285160
v -0.02323771 0.00436735 0.03321621
v -0.02257384 0.00428239 0.03344850
v -0.02288784 0.00449552 0.03379547
v -0.02286092 0.00488001 0.03481579
v -0.01355776 0.00427951 0.03948514
v -0.01234664 0.00432847 0.04034962
v -0.01684123 0.00521986 0.03953219
v -0.01848296 0.00621925 0.03939693
v -0.02040280 0.00630998 0.03835897
v -0.01545069 0.00529762 0.04037608
v -0.01611456 0.00559859 0.04023200
v -0.02382084 0.00694071 0.03650064
v -0.02225985 0.00647846 0.03726220
v -0.02814497 0.00885454 0.03413655
v -0.02749008 0.00812299 0.03439237
v -0.02876399 0.00885454 0.03363375
v -0.02284298 0.00682551 0.03706225
v -0.02250207 0.00714808 0.03740040
v -0.02311211 0.00784938 0.03719457
v -0.02386570 0.00784938 0.03674175
v -0.02647633 0.00910798 0.03538623
v -0.02634176 0.00843836 0.03529213
v -0.02828852 0.00966528 0.03424241
v -0.02792967 0.00994177 0.03456291
v -0.02709534 0.00985680 0.03512453
v -0.02722094 0.01086052 0.03521568
v -0.02788481 0.01086052 0.03473052
v -0.02728374 0.01186423 0.03525097
v -0.02840514 0.01086052 0.03433062
v -0.02784893 0.01286938 0.03470699
v -0.02723888 0.01286938 0.03520980
v -0.02713123 0.01387309 0.03511865
v -0.02662884 0.01387309 0.03552148
v -0.02536389 0.01434111 0.03631833
v -0.02521138 0.01487680 0.03622130
v -0.02592908 0.01490560 0.03569791
v -0.02470899 0.01487680 0.03651240
v -0.02130890 0.01526850 0.03830898
v -0.02064503 0.01552626 0.03845894
v -0.01781012 0.01590787 0.03963804
v -0.02798349 0.01195495 0.03467171
v -0.01664386 0.01557522 0.04050252
v -0.01583645 0.01573219 0.04063484
v -0.01282211 0.01574515 0.04159635
v -0.01171865 0.01576819 0.04189039
v -0.00578867 0.01570339 0.04360758
v -0.00679345 0.01603172 0.04284896
v -0.00578867 0.01618868 0.04284896
v -0.01081256 0.01637589 0.04118469
v 0.00032074 0.01613396 0.04375754
v 0.00324536 0.01566307 0.04457792
v 0.00076930 0.01638597 0.04335765
v -0.00378809 0.01632261 0.04284896
v -0.00478389 0.01627365 0.04284896
v -0.00378809 0.01584019 0.04376342
v 0.00424116 0.01665238 0.04084067
v 0.01528475 0.01651846 0.03883237
v 0.02230922 0.01642053 0.03761505
v 0.02313458 0.01640181 0.03745333
v 0.03709381 0.01639605 0.02749419
v 0.03740780 0.01640901 0.02676203
v 0.02431878 0.01630101 0.01478284
v -0.02391055 0.01664806 0.01478284
v 0.04340058 0.01619300 0.02176629
v 0.04440536 0.01616276 0.02076068
v 0.04741970 0.01603172 0.01674409
v 0.04641492 0.01611812 0.01674409
v 0.04641492 0.01612388 0.01574141
v 0.04541014 0.01617428 0.01674409
v 0.03776665 0.01637589 0.02708254
v 0.04440536 0.01621316 0.01774971
v -0.03888354 0.00501969 0.01478284
v -0.01690402 0.00328444 0.03280455
v -0.01583645 0.00317788 0.03280749
v -0.01661694 0.00329596 0.03344850
v -0.01234664 0.00332620 0.03634480
v -0.01282211 0.00396414 0.03883237
v -0.02177540 0.00421759 0.03379547
v -0.01274137 0.00422767 0.03982623
v -0.01248121 0.00526018 0.04143757
v -0.01580056 0.00510322 0.03987328
v -0.01181734 0.00383886 0.03883237
v -0.01181734 0.00412975 0.03983799
v 0.01227042 0.00282507 0.04084067
v 0.01227042 0.00311740 0.04172573
v -0.00278331 0.00456320 0.04284896
v -0.00278331 0.00498225 0.04368109
v -0.00378809 0.00508162 0.04354289
v -0.01938008 0.01429359 0.03934694
v -0.02286092 0.01286938 0.03768856
v -0.02344405 0.01186423 0.03736511
v -0.02394644 0.01186423 0.03712988
v -0.02494224 0.01087492 0.03654768
v -0.02052840 0.00684567 0.03842072
v -0.01637472 0.00626821 0.04035844
v -0.01281314 0.00583620 0.04155224
v -0.01353084 0.00616741 0.04142581
v -0.02764259 0.00885454 0.03450116
v -0.02260973 0.00784938 0.03745333
v -0.02475385 0.00985680 0.03653886
v -0.02525624 0.00985680 0.03625364
v -0.02587525 0.00985680 0.03589197
v -0.02659295 0.00985680 0.03545679
v -0.02683517 0.00880557 0.03505102
v -0.02671855 0.01086052 0.03552442
v -0.02678135 0.01186423 0.03556853
v -0.02596497 0.01286938 0.03608016
v -0.02673649 0.01286938 0.03557735
v -0.02581246 0.01395373 0.03608016
v -0.02543566 0.01367148 0.03635656
v -0.02343508 0.01446063 0.03736511
v -0.02141655 0.01459887 0.03836191
v -0.01670666 0.01487680 0.04051722
v -0.01435620 0.01539522 0.04135229
v -0.01132392 0.01538370 0.04234909
v -0.01938008 0.01445343 0.03934694
v -0.00478389 0.01487680 0.04402806
v -0.00150042 0.01544994 0.04439267
v -0.00077375 0.01555794 0.04446618
v -0.00478389 0.01579267 0.04371343
v -0.00743041 0.01540386 0.04336059
v 0.00023103 0.01560691 0.04449264
v 0.00324536 0.01487680 0.04482197
v 0.00424116 0.01565155 0.04457497
v 0.00324536 0.01606916 0.04385164
v 0.00625072 0.01598420 0.04385164
v 0.00925608 0.01587763 0.04385164
v 0.01327519 0.01603892 0.04284896
v 0.00594570 0.01639461 0.04238438
v 0.00524594 0.01649109 0.04184334
v 0.01497076 0.01639461 0.04039667
v 0.01529372 0.01643925 0.03989680
v 0.01628953 0.01649397 0.03883237
v 0.01873867 0.01638021 0.03929107
v 0.02159152 0.01637301 0.03825017
v 0.02230922 0.01635285 0.03811492
v 0.02431878 0.01627941 0.03782970
v 0.02379845 0.01638165 0.03730337
v 0.03660039 0.01637445 0.02816460
v 0.04541014 0.01614548 0.01574141
v 0.04641492 0.01607636 0.01478284
v 0.04440536 0.01607348 0.02176629
v 0.04541014 0.01599284 0.02076068
v 0.04741970 0.01590932 0.01774971
v 0.04841550 0.01588627 0.01574141
v 0.04841550 0.01596836 0.01478284
v 0.04837065 0.01597556 0.01478284
v 0.04741970 0.01605476 0.01574141
v 0.04741970 0.01603604 0.01478284
v 0.04736587 0.01603892 0.01478284
v 0.03740780 0.01633125 0.02781469
v -0.02989437 0.00418015 0.01478284
v -0.01483167 0.00309148 0.03280749
v -0.01382689 0.00306987 0.03381311
v -0.01181734 0.00359981 0.03782970
v 0.01327519 0.00263498 0.03983799
v -0.00453270 0.00523138 0.04342822
v 0.01327519 0.00278186 0.04084067
v 0.01327519 0.00310443 0.04167574
v 0.01227042 0.00340684 0.04222853
v 0.01126564 0.00377694 0.04284896
v 0.01126564 0.00340252 0.04219325
v 0.00224058 0.00560291 0.04420154
v 0.00224058 0.00610405 0.04445736
v 0.00123580 0.00615733 0.04442795
v -0.00177853 0.00584196 0.04408099
v -0.00278331 0.00584196 0.04397219
v 0.01026086 0.00382302 0.04284896
v 0.01026086 0.00422479 0.04348703
v 0.01126564 0.00420751 0.04350467
v 0.01026086 0.00483681 0.04394279
v -0.00378809 0.00584196 0.04377812
v -0.02144347 0.01387309 0.03837661
v -0.02085137 0.01387309 0.03865301
v -0.02348891 0.01286938 0.03738864
v -0.02399130 0.01286938 0.03713870
v -0.02487048 0.01186423 0.03666530
v -0.02539978 0.01121909 0.03633891
v -0.01031017 0.00634310 0.04234615
v -0.01435620 0.01525553 0.04135229
v -0.01583645 0.01487680 0.04083478
v -0.01132392 0.01530594 0.04234909
v -0.01171865 0.01493440 0.04221383
v -0.02532801 0.01054947 0.03630069
v -0.02579451 0.01087492 0.03607134
v -0.02593805 0.01186423 0.03606840
v -0.02546258 0.01286938 0.03637126
v -0.02399130 0.01387309 0.03712400
v -0.02348891 0.01387309 0.03738864
v -0.00793279 0.01487680 0.04327826
v -0.00578867 0.01487680 0.04381341
v -0.00077375 0.01487680 0.04458674
v 0.00023103 0.01487680 0.04465142
v 0.00224058 0.01387309 0.04478668
v 0.00324536 0.01387309 0.04479256
v 0.00424116 0.01487680 0.04479845
v 0.00524594 0.01563571 0.04454557
v 0.00625072 0.01560403 0.04451911
v 0.00925608 0.01549170 0.04442207
v 0.01327519 0.01569619 0.04361934
v 0.01427997 0.01598708 0.04284896
v 0.01628953 0.01609796 0.04184334
v 0.01528475 0.01614836 0.04184334
v 0.02431878 0.01608932 0.03883237
v 0.02532355 0.01619444 0.03782970
v 0.03135222 0.01601876 0.03481579
v 0.04239581 0.01587619 0.02477726
v 0.04340058 0.01585459 0.02377459
v 0.04440536 0.01583155 0.02276897
v 0.03737192 0.01616564 0.02879385
v 0.03837670 0.01595252 0.02879385
v 0.04543705 0.01571779 0.02177805
v 0.04812842 0.01558819 0.01774971
v 0.04844242 0.01567027 0.01672645
v 0.04913320 0.01556802 0.01574141
v 0.04935748 0.01565731 0.01478284
v 0.03636714 0.01614836 0.02979946
v -0.02984054 0.00417583 0.01478284
v -0.01382689 0.00302955 0.03280749
v -0.02888959 0.00410383 0.01478284
v -0.01282211 0.00302955 0.03381311
v 0.01465676 0.00231961 0.03740040
v 0.01427997 0.00248809 0.03883237
v 0.01427997 0.00259754 0.03983799
v -0.00483772 0.00579444 0.04351937
v 0.01528475 0.00257594 0.03983799
v 0.01628953 0.00256154 0.03983799
v 0.01427997 0.00279338 0.04084067
v 0.01528475 0.00281787 0.04084067
v 0.01628953 0.00284666 0.04084067
v 0.01427997 0.00313180 0.04161105
v 0.01528475 0.00316636 0.04155812
v 0.01227042 0.00382302 0.04284896
v 0.00324536 0.00557555 0.04420742
v 0.00324536 0.00607813 0.04447500
v 0.00324536 0.00684567 0.04455145
v 0.00224058 0.00684567 0.04450734
v 0.00044633 0.00624373 0.04439267
v 0.01227042 0.00424927 0.04345174
v 0.01126564 0.00483681 0.04394867
v 0.01026086 0.00559571 0.04430740
v -0.00551953 0.00609829 0.04341940
v -0.02487048 0.01286938 0.03668588
v -0.02543566 0.01186423 0.03635950
v 0.01026086 0.00609829 0.04439267
v 0.00625072 0.01387309 0.04471317
v 0.00625072 0.01487680 0.04471905
v 0.01090679 0.00615733 0.04437797
v 0.01000069 0.01545282 0.04438678
v 0.01427997 0.01563139 0.04350761
v 0.01628953 0.01575667 0.04274310
v 0.02532355 0.01593956 0.03883237
v 0.02632833 0.01605332 0.03782970
v 0.03034745 0.01592659 0.03582140
v 0.03240185 0.01575235 0.03487754
v 0.03336178 0.01585747 0.03381311
v 0.04303276 0.01548738 0.02545355
v 0.03737192 0.01594676 0.02979946
v 0.03838567 0.01562707 0.02981123
v 0.03940839 0.01561411 0.02880561
v 0.04604710 0.01551906 0.02145461
v 0.04622652 0.01563427 0.02076068
v 0.04506923 0.01552338 0.02276897
v 0.04799385 0.01546434 0.01835837
v 0.04899863 0.01546146 0.01638242
v 0.04942028 0.01562707 0.01478284
v 0.03536236 0.01590500 0.03180482
v 0.03636714 0.01592804 0.03079920
v -0.01477784 0.00338668 0.01478284
v -0.01177248 0.00323692 0.01478284
v -0.00373426 0.00283659 0.01478284
v -0.00272948 0.00279050 0.01478284
v -0.01282211 0.00299787 0.03280749
v 0.01528475 0.00215976 0.03582140
v -0.02788481 0.00404622 0.01478284
v -0.02783098 0.00404334 0.01478284
v -0.02683517 0.00399150 0.01478284
v -0.02482562 0.00388782 0.01478284
v -0.02382084 0.00383742 0.01478284
v 0.01528475 0.00224185 0.03682408
v 0.01528475 0.00230953 0.03747979
v 0.01528475 0.00246217 0.03883237
v 0.01628953 0.00231241 0.03745921
v 0.01729430 0.00247802 0.03883237
v 0.01729430 0.00259754 0.03983799
v 0.01729430 0.00293883 0.04084067
v 0.01628953 0.00320524 0.04150814
v 0.01628953 0.00358973 0.04200800
v 0.01729430 0.00364013 0.04192567
v 0.01729430 0.00414271 0.04253140
v 0.01296120 0.00430543 0.04338705
v 0.01227042 0.00483681 0.04383399
v 0.01124770 0.00583044 0.04428976
v 0.00725550 0.01387309 0.04465437
v 0.00925608 0.01487680 0.04449558
v 0.01227042 0.00584196 0.04413391
v 0.01090679 0.00647702 0.04437797
v 0.01009041 0.01487680 0.04439855
v 0.01059280 0.01487680 0.04432504
v 0.01227042 0.01487680 0.04404864
v 0.01327519 0.01487680 0.04387222
v 0.01504253 0.01549890 0.04341058
v 0.01729430 0.01562707 0.04257844
v 0.02532355 0.01556947 0.03951160
v 0.02596051 0.01545138 0.03939399
v 0.02631039 0.01563859 0.03885590
v 0.03133428 0.01568035 0.03584199
v 0.03209683 0.01555939 0.03551854
v 0.03336178 0.01556658 0.03453645
v 0.03634920 0.01559251 0.03177835
v 0.04272774 0.01487680 0.02615631
v 0.04319424 0.01487680 0.02565350
v 0.04490775 0.01538082 0.02327472
v 0.03909439 0.01549602 0.02948778
v 0.03978518 0.01487680 0.02917610
v 0.04612784 0.01487680 0.02158105
v 0.04801180 0.01487680 0.01840836
v 0.04901657 0.01487680 0.01642653
v 0.04932160 0.01487680 0.01574141
v 0.04973427 0.01490128 0.01478284
v -0.00177853 0.00276458 0.01478284
v 0.01427997 0.00218136 0.03481579
v 0.01528475 0.00215400 0.03481579
v 0.01628953 0.00216120 0.03481579
v 0.01628953 0.00216984 0.03582140
v 0.01628953 0.00224905 0.03682408
v 0.01690854 0.00232249 0.03737100
v 0.01829908 0.00234841 0.03710342
v 0.01911546 0.00231529 0.03644477
v 0.01939357 0.00235993 0.03679762
v 0.02030864 0.00241033 0.03682408
v 0.01930386 0.00247226 0.03782970
v 0.02131342 0.00250826 0.03682408
v 0.02030864 0.00257306 0.03782970
v 0.01930386 0.00264218 0.03883237
v 0.01829908 0.00271274 0.03983799
v 0.01930386 0.00316780 0.04061425
v 0.01822731 0.00312171 0.04088477
v 0.01784155 0.00332188 0.04135818
v 0.01729430 0.00327004 0.04142287
v 0.01822731 0.00370637 0.04175219
v 0.01829908 0.00425215 0.04241966
v 0.01528475 0.00459344 0.04320769
v 0.01427997 0.00444224 0.04327237
v 0.01427997 0.00494481 0.04355171
v 0.01528475 0.00509602 0.04344586
v 0.01591274 0.00524146 0.04338117
v 0.01327519 0.00584196 0.04392809
v 0.01591274 0.00556691 0.04338117
v 0.01427997 0.01487680 0.04365169
v 0.01565257 0.01487680 0.04331648
v 0.01628953 0.01487680 0.04313712
v 0.01729430 0.01487680 0.04283426
v 0.01805686 0.01547730 0.04244612
v 0.02030864 0.01554354 0.04149932
v 0.02395993 0.01451823 0.04039961
v 0.02532355 0.01487680 0.03977036
v 0.02607714 0.01487680 0.03944986
v 0.02657953 0.01487680 0.03919110
v 0.03188153 0.01442607 0.03634185
v 0.03133428 0.01480768 0.03651534
v 0.02975534 0.01522817 0.03726808
v 0.03098440 0.01546290 0.03640360
v 0.03034745 0.01558243 0.03659179
v 0.02088280 0.01542402 0.04137876
v 0.01872073 0.01513889 0.04230499
v 0.02030864 0.01487680 0.04176101
v 0.03390005 0.01541106 0.03434238
v 0.03599932 0.01546002 0.03241348
v 0.04190239 0.01439439 0.02729718
v 0.04285334 0.01387309 0.02623570
v 0.04325704 0.01387309 0.02573289
v 0.04375943 0.01387309 0.02510365
v 0.04369663 0.01487680 0.02501249
v 0.04408240 0.01487680 0.02450969
v 0.04458479 0.01487680 0.02384810
v 0.04495261 0.01487680 0.02334529
v 0.03928279 0.01487680 0.02967009
v 0.04611887 0.01387309 0.02160163
v 0.04692628 0.01447071 0.02028727
v 0.04498849 0.01387309 0.02340116
v 0.04539220 0.01387309 0.02276897
v 0.04692628 0.01416110 0.02028727
v 0.04715953 0.01384573 0.01984915
v 0.04770677 0.01387309 0.01886412
v 0.04797591 0.01387309 0.01836131
v 0.04828093 0.01387309 0.01774971
v 0.04790414 0.00764202 0.01721161
v 0.04897172 0.01408190 0.01635008
v 0.04810151 0.00684567 0.01660589
v 0.04847830 0.00684567 0.01574141
v 0.04972530 0.01475728 0.01478284
v 0.04972530 0.01487680 0.01480637
v 0.04973427 0.01487680 0.01478284
v -0.00172470 0.00276314 0.01478284
v 0.00424116 0.00269546 0.01478284
v 0.01026086 0.00262922 0.01478284
v 0.01126564 0.00261914 0.01478284
v 0.01227042 0.00261194 0.01478284
v 0.01327519 0.00260762 0.01478284
v 0.01729430 0.00259466 0.01478284
v 0.02230922 0.00257882 0.01478284
v 0.02733311 0.00256298 0.01478284
v 0.03034745 0.00255434 0.01478284
v 0.03039230 0.00255434 0.01478284
v -0.00077375 0.00275162 0.01478284
v 0.00023103 0.00274010 0.01478284
v 0.00228544 0.00271706 0.01478284
v 0.01729430 0.00218856 0.03481579
v 0.03135222 0.00256730 0.01478284
v 0.01829908 0.00222889 0.03481579
v 0.01729430 0.00221161 0.03582140
v 0.01978831 0.00232825 0.03629775
v 0.01725842 0.00228793 0.03687407
v 0.02131342 0.00239737 0.03582140
v 0.02230922 0.00250105 0.03582140
v 0.03938147 0.00302235 0.02377459
v 0.04045802 0.00319228 0.02385104
v 0.02230922 0.00265802 0.03682408
v 0.02131342 0.00272426 0.03782970
v 0.02584389 0.00332764 0.03734159
v 0.01930386 0.00287691 0.03983799
v 0.02030864 0.00327004 0.04043783
v 0.01850542 0.00339820 0.04124644
v 0.01930386 0.00349613 0.04111706
v 0.01881044 0.00433135 0.04235203
v 0.01626261 0.00487857 0.04314300
v 0.01729430 0.00584196 0.04298422
v 0.01829908 0.00483681 0.04263137
v 0.01882839 0.01446927 0.04235791
v 0.01835291 0.01483360 0.04248435
v 0.02331400 0.01387309 0.04069071
v 0.02401376 0.01387309 0.04042019
v 0.02451614 0.01387309 0.04020848
v 0.02532355 0.01387309 0.03985269
v 0.02613994 0.01387309 0.03948220
v 0.02664233 0.01387309 0.03924109
v 0.02733311 0.01387309 0.03887648
v 0.03054481 0.01387309 0.03716811
v 0.03135222 0.01387309 0.03671234
v 0.03191741 0.01387309 0.03636832
v 0.03241980 0.01387309 0.03598019
v 0.03304779 0.01387309 0.03547738
v 0.03355017 0.01387309 0.03506278
v 0.03415125 0.01387309 0.03456291
v 0.03401668 0.01487680 0.03444236
v 0.03165724 0.01509569 0.03618895
v 0.03451907 0.01487680 0.03401012
v 0.03616080 0.01487680 0.03256344
v 0.04190239 0.01431951 0.02729718
v 0.03677982 0.01387309 0.03221353
v 0.03679776 0.01286938 0.03223118
v 0.04208181 0.00684567 0.02648858
v 0.04411828 0.01286938 0.02454497
v 0.04414520 0.01387309 0.02460084
v 0.04464759 0.01387309 0.02390102
v 0.04578693 0.01286938 0.02205739
v 0.04667508 0.01384573 0.02067835
v 0.04462067 0.01286938 0.02385986
v 0.04496158 0.01286938 0.02335705
v 0.04533837 0.01286938 0.02276897
v 0.04690834 0.01349292 0.02024317
v 0.04716850 0.01286938 0.01969625
v 0.04712364 0.01186423 0.01962568
v 0.04794003 0.01316315 0.01829956
v 0.04706982 0.01086052 0.01954629
v 0.04701599 0.00985680 0.01944926
v 0.04696216 0.00885454 0.01934340
v 0.04653154 0.00684567 0.01975800
v 0.04804768 0.00603349 0.01642947
v 0.04880126 0.00684567 0.01493280
v 0.04885509 0.00684567 0.01478284
v 0.03139708 0.00256874 0.01478284
v 0.03938147 0.00292875 0.02276897
v 0.02029069 0.00234121 0.03590667
v 0.04038625 0.00302523 0.02276897
v 0.04139103 0.00316636 0.02276897
v 0.04139103 0.00328156 0.02350113
v 0.04190239 0.00332764 0.02328060
v 0.04084378 0.00333916 0.02423917
v 0.02733311 0.00364301 0.03682408
v 0.02803287 0.00422911 0.03743274
v 0.02733311 0.00406351 0.03762093
v 0.02532355 0.00348317 0.03794437
v 0.02082000 0.00332764 0.04034374
v 0.02030864 0.00306699 0.03983799
v 0.02030864 0.00363869 0.04094064
v 0.01920518 0.00406206 0.04187275
v 0.02030864 0.00413983 0.04155812
v 0.02095457 0.00425791 0.04141404
v 0.02030864 0.00483681 0.04188745
v 0.01947431 0.00483681 0.04222265
v 0.01897192 0.00483681 0.04241672
v 0.01901678 0.00564899 0.04243436
v 0.02532355 0.01286938 0.03983799
v 0.02169918 0.00584196 0.04129937
v 0.02613097 0.01286938 0.03947632
v 0.02663336 0.01286938 0.03924109
v 0.02865188 0.01086052 0.03823841
v 0.02934267 0.01086052 0.03789733
v 0.03014111 0.01086052 0.03748861
v 0.03013213 0.01186423 0.03747979
v 0.03010522 0.01286938 0.03746509
v 0.03060761 0.01286938 0.03719457
v 0.03135222 0.01286938 0.03676233
v 0.03194432 0.01286938 0.03639184
v 0.03244671 0.01286938 0.03601841
v 0.03311058 0.01286938 0.03551854
v 0.03361297 0.01286938 0.03510983
v 0.03465364 0.01387309 0.03413361
v 0.03522779 0.01387309 0.03363375
v 0.03573018 0.01387309 0.03318093
v 0.03627743 0.01387309 0.03267812
v 0.03576607 0.01186423 0.03321621
v 0.03627743 0.01186423 0.03271340
v 0.03573915 0.01086052 0.03318386
v 0.03624154 0.01086052 0.03268106
v 0.03576607 0.01286938 0.03321327
v 0.03629537 0.01286938 0.03271046
v 0.04157943 0.00684567 0.02698844
v 0.04201901 0.00611557 0.02642389
v 0.04258420 0.00684567 0.02585051
v 0.04388503 0.00757721 0.02425093
v 0.04575105 0.01186423 0.02199564
v 0.04493466 0.01209032 0.02331294
v 0.04688142 0.01286938 0.02019906
v 0.04600224 0.01086052 0.02141932
v 0.04683656 0.01186423 0.02012555
v 0.04679171 0.01086052 0.02004910
v 0.04610092 0.00684567 0.02059895
v 0.04602018 0.00606805 0.02044899
v 0.04790414 0.00536387 0.01621188
v 0.04820916 0.00575556 0.01582374
v 0.04863978 0.00587220 0.01478284
v 0.04871155 0.00618901 0.01478284
v 0.04691731 0.00533218 0.01826428
v 0.03235700 0.00261050 0.01478284
v 0.03436655 0.00272858 0.01478284
v 0.03541619 0.00279050 0.01478284
v 0.04239581 0.00320236 0.01478284
v 0.04038625 0.00300075 0.02176629
v 0.04139103 0.00309723 0.02176629
v 0.04243169 0.00325564 0.02170160
v 0.04207284 0.00328444 0.02276897
v 0.04279054 0.00337228 0.02199270
v 0.04257523 0.00356669 0.02276897
v 0.04230609 0.00389790 0.02365109
v 0.04203696 0.00419023 0.02446558
v 0.04110395 0.00414847 0.02549472
v 0.04041317 0.00397134 0.02580934
v 0.04048493 0.00477201 0.02688259
v 0.04087967 0.00536243 0.02727660
v 0.02869674 0.00454304 0.03717987
v 0.02835583 0.00486129 0.03755918
v 0.02295515 0.00424351 0.04041725
v 0.02629245 0.00377838 0.03781206
v 0.02230922 0.00409950 0.04057603
v 0.02122370 0.00385038 0.04079362
v 0.02166329 0.00483681 0.04126408
v 0.02116090 0.00483681 0.04150814
v 0.02230922 0.00584196 0.04103179
v 0.02384330 0.00620053 0.04035256
v 0.02660644 0.01186423 0.03923521
v 0.02814949 0.01086052 0.03848247
v 0.02862497 0.00985680 0.03822665
v 0.02934267 0.00985680 0.03787380
v 0.03011419 0.00985680 0.03747685
v 0.03064350 0.01086052 0.03721221
v 0.03063452 0.01186423 0.03721221
v 0.03135222 0.01186423 0.03677703
v 0.03194432 0.01186423 0.03638596
v 0.03244671 0.01186423 0.03601253
v 0.03311058 0.01186423 0.03551266
v 0.03360400 0.01186423 0.03511277
v 0.03419610 0.01186423 0.03460996
v 0.03419610 0.01286938 0.03460996
v 0.03469849 0.01286938 0.03416596
v 0.03526368 0.01286938 0.03366609
v 0.03526368 0.01186423 0.03366609
v 0.03523676 0.01086052 0.03364551
v 0.03517397 0.00985680 0.03359846
v 0.03567636 0.00985680 0.03312212
v 0.04107704 0.00684567 0.02747067
v 0.04100527 0.00603204 0.02739422
v 0.04290717 0.00631861 0.02529477
v 0.04181268 0.00544595 0.02619159
v 0.04392989 0.00530914 0.02330706
v 0.04404651 0.00584196 0.02347172
v 0.04383120 0.00684567 0.02418036
v 0.04418108 0.00684567 0.02367755
v 0.04468347 0.00684567 0.02292481
v 0.04570619 0.01086052 0.02192213
v 0.04519483 0.01179943 0.02286600
v 0.04520380 0.01086052 0.02271898
v 0.04586767 0.00784938 0.02118997
v 0.04581385 0.00684567 0.02110176
v 0.04588562 0.00539843 0.02021670
v 0.04495261 0.00618901 0.02234555
v 0.04483598 0.00551939 0.02213678
v 0.04802974 0.00519250 0.01554147
v 0.04861287 0.00582180 0.01478284
v 0.04568825 0.00477633 0.01983445
v 0.04514997 0.00420175 0.01975800
v 0.04608298 0.00507010 0.01954923
v 0.04345441 0.00327868 0.01478284
v 0.04139103 0.00308859 0.02076068
v 0.04358001 0.00328876 0.01478284
v 0.04239581 0.00318940 0.01975800
v 0.04239581 0.00321244 0.02076068
v 0.04293408 0.00330748 0.02076068
v 0.04290717 0.00332476 0.02132229
v 0.04496158 0.00429967 0.02034902
v 0.04749146 0.00446960 0.01478284
v 0.04316733 0.00406782 0.02276897
v 0.04176782 0.00445376 0.02513599
v 0.04295202 0.00427375 0.02335411
v 0.04270980 0.00454880 0.02402158
v 0.04208181 0.00512338 0.02552412
v 0.03788328 0.00633590 0.03030521
v 0.03095749 0.00613861 0.03643007
v 0.03076909 0.00546899 0.03621542
v 0.03010522 0.00512194 0.03650946
v 0.03031156 0.00590532 0.03680644
v 0.02959386 0.00567203 0.03717987
v 0.02984506 0.00634166 0.03732689
v 0.02314355 0.00483681 0.04051722
v 0.02230922 0.00483681 0.04094064
v 0.02378947 0.00553091 0.04032022
v 0.02591566 0.00684567 0.03937929
v 0.02857114 0.00885454 0.03820019
v 0.02806875 0.00885454 0.03844424
v 0.02812258 0.00985680 0.03846776
v 0.02733311 0.01086052 0.03886766
v 0.02934267 0.00885454 0.03780911
v 0.03004242 0.00885454 0.03743862
v 0.03061658 0.00985680 0.03718281
v 0.03135222 0.01086052 0.03675351
v 0.03191741 0.01086052 0.03636832
v 0.03241980 0.01086052 0.03599195
v 0.03307470 0.01086052 0.03548914
v 0.03357709 0.01086052 0.03508042
v 0.03416919 0.01086052 0.03457761
v 0.03467158 0.01086052 0.03414832
v 0.03469849 0.01186423 0.03416890
v 0.03461775 0.00985680 0.03410127
v 0.03453701 0.00885454 0.03400718
v 0.03393594 0.00813451 0.03438355
v 0.04366972 0.00458768 0.02276897
v 0.04411828 0.00509026 0.02276897
v 0.04457582 0.00584916 0.02271604
v 0.04500643 0.00684567 0.02242200
v 0.04541014 0.00684567 0.02176629
v 0.04499746 0.00518674 0.02146637
v 0.04815534 0.00502113 0.01478284
v 0.04444125 0.00477777 0.02183392
v 0.04386709 0.00436735 0.02219853
v 0.04239581 0.00318220 0.01875238
v 0.04427977 0.00341116 0.01478284
v 0.04389400 0.00333196 0.01522684
v 0.04297894 0.00328732 0.01975800
v 0.04436050 0.00342988 0.01478284
v 0.04487187 0.00357821 0.01478284
v 0.04541014 0.00374093 0.01478284
v 0.04650463 0.00409087 0.01478284
v 0.04662126 0.00412831 0.01478284
v 0.04741073 0.00443648 0.01478284
v 0.03106514 0.00684567 0.03652122
v 0.03119074 0.00784938 0.03658591
v 0.03128942 0.00885454 0.03663883
v 0.03054481 0.00885454 0.03714164
v 0.02849040 0.00784938 0.03815608
v 0.03184564 0.00941327 0.03631833
v 0.03144193 0.00979056 0.03662119
v 0.03188153 0.01008145 0.03634480
v 0.03227626 0.00979056 0.03602135
v 0.03301190 0.00985680 0.03544797
v 0.03351429 0.00985680 0.03503044
v 0.03411536 0.00985680 0.03452763
v 0.03403462 0.00885454 0.03445706
v 0.03294013 0.00903166 0.03538623
v 0.03179181 0.00885454 0.03627717
v 0.00925662 0.00282964 -0.05631739
v 0.01032763 0.00290016 -0.05626428
v 0.01026717 0.00209926 -0.05624303
v 0.00725279 0.00313522 -0.05618726
v -0.00177307 0.00985635 -0.05590312
v -0.00177307 0.01086041 -0.05594826
v -0.00077115 0.01086041 -0.05599872
v 0.00060216 0.01127009 -0.05605714
v 0.00060216 0.01148165 -0.05605714
v 0.00129313 0.01183592 -0.05606511
v 0.00166453 0.01243365 -0.05605448
v 0.00191501 0.01243365 -0.05605448
v 0.00224322 0.01280807 -0.05603059
v 0.00324514 0.01286852 -0.05599872
v 0.00423842 0.01286852 -0.05596154
v 0.01100133 0.00261304 -0.05616867
v 0.01100133 0.00218321 -0.05616867
v 0.00524033 0.01286852 -0.05590843
v 0.00625088 0.01186446 -0.05590843
v 0.01300516 0.01452403 -0.05512505
v 0.01528538 0.01387257 -0.05488871
v 0.01026717 0.00179368 -0.05554994
v 0.00925662 0.00193136 -0.05554994
v 0.00925662 0.00220168 -0.05616071
v 0.01887845 0.00030271 -0.05106740
v -0.00130666 0.00432229 -0.05505601
v 0.00659637 0.00324436 -0.05610760
v -0.00330185 0.00533474 -0.05505069
v -0.00458879 0.00619104 -0.05508522
v -0.00525386 0.00643618 -0.05504273
v -0.00278362 0.00784992 -0.05554994
v -0.00278362 0.00885229 -0.05567474
v -0.00278362 0.00985635 -0.05579424
v -0.00177307 0.01186446 -0.05590047
v -0.00077115 0.01186446 -0.05598013
v -0.00278362 0.01086041 -0.05583142
v 0.00024803 0.01183592 -0.05602528
v 0.00129313 0.01280807 -0.05602262
v 0.00123267 0.01387257 -0.05592437
v 0.00324514 0.01387257 -0.05585001
v 0.00423842 0.01387257 -0.05581018
v 0.01628729 0.01286852 -0.05459660
v 0.01791972 0.01387257 -0.05410001
v 0.02083909 0.01020391 -0.05304842
v 0.02381892 0.01034831 -0.05203666
v 0.02422487 0.00995037 -0.05184015
v 0.02532179 0.00985635 -0.05139934
v 0.01894755 0.00299922 -0.05309622
v 0.01928440 0.00273058 -0.05291299
v 0.01880072 0.00232929 -0.05303780
v 0.01930167 0.00182558 -0.05255449
v 0.01982854 0.00130676 -0.05204994
v 0.01930167 0.00118084 -0.05215616
v 0.01924985 0.00064187 -0.05145510
v 0.01829976 0.00054113 -0.05159585
v 0.01227100 0.01460295 -0.05514098
v 0.01227100 0.01510498 -0.05471610
v 0.01528538 0.01480107 -0.05446382
v 0.01628729 0.01472048 -0.05429652
v 0.01788517 0.01445519 -0.05408408
v 0.01628729 0.01387257 -0.05459394
v 0.01829976 0.00029095 -0.05109395
v 0.01728921 0.00028256 -0.05111254
v 0.01628729 0.00027584 -0.05112582
v 0.01528538 0.00028592 -0.05110988
v 0.01464623 0.00030439 -0.05106740
v -0.01382195 0.00250727 -0.04852074
v -0.01081621 0.00281117 -0.05052832
v -0.00973656 0.00312179 -0.05159319
v -0.01002158 0.00338204 -0.05197028
v -0.00880374 0.00407883 -0.05327945
v -0.00959836 0.00418965 -0.05317058
v 0.01924985 0.00018350 -0.05055488
v 0.01829976 0.00011970 -0.05052832
v 0.01954351 0.00037994 -0.05090541
v 0.03636876 -0.00039409 -0.04149420
v -0.00880374 0.00483775 -0.05365123
v -0.00396691 0.00552111 -0.05498962
v -0.00486518 0.00585020 -0.05492588
v -0.00846689 0.00612724 -0.05411329
v -0.00679991 0.00684586 -0.05473203
v -0.00626441 0.00840400 -0.05504273
v -0.00478745 0.00985635 -0.05545965
v -0.00378553 0.00985635 -0.05563226
v -0.00378553 0.00885229 -0.05553135
v -0.00378553 0.01086041 -0.05567209
v -0.00177307 0.01286852 -0.05580487
v -0.00077115 0.01286852 -0.05591109
v -0.00278362 0.01186446 -0.05576238
v 0.00023076 0.01286852 -0.05596951
v -0.00478745 0.01186446 -0.05546230
v -0.00378553 0.01186446 -0.05561367
v 0.00023076 0.01387257 -0.05588719
v 0.00123267 0.01487663 -0.05546230
v 0.02383620 0.01141280 -0.05203932
v 0.02383620 0.01086041 -0.05203932
v 0.02433715 0.01086041 -0.05186140
v 0.02532179 0.01086041 -0.05146307
v 0.02598686 0.00985635 -0.05110988
v 0.02590049 0.00921328 -0.05107005
v 0.02030359 0.00282964 -0.05249873
v 0.02088228 0.00225205 -0.05207384
v 0.02022585 0.00188099 -0.05218538
v 0.02050224 0.00158380 -0.05188264
v 0.02186692 0.00129501 -0.05105943
v 0.02130550 0.00117748 -0.05118955
v 0.02022585 0.00104987 -0.05154273
v 0.03636876 0.00001056 -0.04227492
v 0.01126909 0.01513352 -0.05479045
v 0.00187183 0.01538705 -0.05506132
v 0.01227100 0.01543239 -0.05421420
v 0.01310017 0.01540720 -0.05412126
v 0.01628729 0.01522251 -0.05369637
v 0.01728921 0.01457609 -0.05414781
v 0.02423351 0.01179394 -0.05186405
v 0.01824794 0.01478932 -0.05355828
v 0.01930167 0.01513184 -0.05276959
v 0.02066635 0.01535515 -0.05197028
v 0.02130550 0.01520908 -0.05182422
v 0.02481220 0.01436789 -0.05102756
v 0.02506268 0.01369795 -0.05115503
v 0.02537362 0.01286684 -0.05124532
v 0.02532179 0.01186446 -0.05143120
v 0.01728921 0.00013649 -0.05052832
v 0.01628729 0.00015831 -0.05052832
v 0.01528538 0.00019861 -0.05052832
v -0.01683633 0.00203042 -0.04349912
v -0.01551484 0.00229235 -0.04623963
v -0.01483250 0.00244682 -0.04751694
v -0.01483250 0.00267517 -0.04852074
v -0.01282003 0.00274065 -0.04952453
v -0.01081621 0.00316544 -0.05128515
v -0.01583441 0.00322925 -0.04917931
v -0.01583441 0.00359527 -0.04968386
v -0.01026343 0.00443311 -0.05301124
v -0.00988339 0.00479577 -0.05326883
v -0.01680178 0.00381690 -0.04950859
v -0.01653402 0.00422658 -0.05010344
v -0.02265779 0.00519202 -0.04817286
v -0.02123266 0.00557316 -0.04898014
v 0.01930167 -0.00002470 -0.04952453
v 0.01829976 -0.00002134 -0.04952453
v 0.03737067 -0.00005493 -0.04152606
v 0.03938314 -0.00032861 -0.03848282
v 0.03938314 -0.00043942 -0.03747903
v 0.03636876 -0.00044782 -0.04049040
v 0.03536685 -0.00043606 -0.04149420
v -0.00863100 0.00684586 -0.05416906
v -0.00780183 0.00684586 -0.05444523
v -0.02138813 0.00624309 -0.04903591
v -0.00679991 0.00784992 -0.05484888
v -0.00639396 0.00907393 -0.05507459
v -0.00578936 0.00985635 -0.05526579
v -0.00478745 0.01086041 -0.05550479
v -0.00578936 0.01086041 -0.05531625
v -0.00578936 0.01186446 -0.05530031
v -0.00177307 0.01387257 -0.05564819
v -0.00077115 0.01387257 -0.05578097
v -0.00478745 0.01286852 -0.05536405
v -0.00671354 0.01379198 -0.05493916
v -0.00578936 0.01286852 -0.05521003
v -0.00077115 0.01482122 -0.05537201
v 0.00026531 0.01497401 -0.05536405
v 0.00123267 0.01538705 -0.05506132
v 0.02601277 0.01186446 -0.05112050
v 0.02604732 0.01086041 -0.05113644
v 0.02655691 0.01086041 -0.05088947
v 0.02648781 0.00985635 -0.05085761
v 0.02737745 0.00892617 -0.05023356
v 0.02706651 0.00301433 -0.04914479
v 0.02355981 0.00282964 -0.05089744
v 0.02305885 0.00282964 -0.05115237
v 0.02155598 0.00282964 -0.05190654
v 0.02105502 0.00282964 -0.05215616
v 0.02288611 0.00225373 -0.05106740
v 0.02224695 0.00188099 -0.05119220
v 0.02387075 0.00130173 -0.05005298
v 0.03507318 0.00018014 -0.04312204
v 0.03703382 0.00016167 -0.04209700
v 0.01126909 0.01545757 -0.05428856
v -0.00880374 0.01610567 -0.05253591
v -0.00980565 0.01633402 -0.05163568
v 0.02231605 0.01579338 -0.04952453
v 0.01694372 0.01540384 -0.05312543
v 0.01829976 0.01533500 -0.05287050
v 0.01728057 0.01512009 -0.05349455
v 0.02331797 0.01523762 -0.05083636
v 0.01930167 0.01542903 -0.05226770
v 0.02204830 0.01543407 -0.05114706
v 0.02408668 0.01544078 -0.05015920
v 0.02475174 0.01536019 -0.04997863
v 0.02532179 0.01475070 -0.05039554
v 0.02606459 0.01455929 -0.05018841
v 0.02673829 0.01424028 -0.04995738
v 0.02637553 0.01389272 -0.05034774
v 0.02537362 0.01396828 -0.05089478
v 0.02573638 0.01319929 -0.05098242
v 0.02590912 0.01252935 -0.05107536
v 0.01728921 0.00002399 -0.04952453
v 0.01628729 0.00007436 -0.04952453
v 0.01528538 0.00013816 -0.04952453
v -0.01783824 0.00201195 -0.04249799
v -0.01783824 0.00213452 -0.04349912
v -0.01835647 0.00232425 -0.04401695
v -0.01993708 0.00317048 -0.04659813
v -0.01483250 0.00307142 -0.04936254
v -0.02032575 0.00333838 -0.04698849
v -0.01884879 0.00339211 -0.04790731
v -0.01638719 0.00331823 -0.04904919
v -0.01783824 0.00406876 -0.04928288
v -0.02257142 0.00425345 -0.04711596
v -0.02294282 0.00478906 -0.04755678
v -0.02386700 0.00503923 -0.04732575
v -0.02451479 0.00522392 -0.04711596
v -0.02332286 0.00551272 -0.04799760
v -0.02177680 0.00588210 -0.04881019
v 0.02331797 -0.00029670 -0.04349912
v 0.02331797 -0.00030846 -0.04249799
v 0.03819984 0.00012473 -0.04121271
v 0.03944360 0.00005589 -0.03953972
v 0.04002229 0.00019021 -0.03924230
v 0.04022958 0.00002399 -0.03848282
v 0.04048006 -0.00007675 -0.03756401
v 0.04038505 -0.00022451 -0.03647524
v 0.04083419 0.00032286 -0.03100484
v 0.04045415 0.00034636 -0.03041531
v 0.04038505 0.00043871 -0.02944604
v 0.03971135 0.00032957 -0.03005947
v 0.03838122 0.00021036 -0.03044983
v 0.03737067 0.00014992 -0.03044983
v 0.03636876 0.00009115 -0.03044983
v 0.03636876 -0.00000959 -0.03145362
v 0.03536685 0.00003574 -0.03044983
v 0.03536685 -0.00005493 -0.03145362
v 0.03536685 -0.00011705 -0.03245742
v 0.03838122 -0.00042935 -0.03747903
v 0.03536685 -0.00042935 -0.03848282
v 0.03536685 -0.00045789 -0.03948661
v 0.03536685 -0.00046293 -0.04049040
v -0.01483250 0.01186446 -0.05235267
v -0.01382195 0.01186446 -0.05274569
v -0.01319143 0.01186446 -0.05299000
v -0.01031525 0.01135908 -0.05404425
v -0.00780183 0.00784992 -0.05454349
v -0.01598988 0.01186446 -0.05189857
v -0.02294282 0.00584516 -0.04824191
v -0.02034303 0.01246723 -0.05002111
v -0.01835647 0.01330338 -0.05103818
v -0.01790734 0.01292896 -0.05121610
v -0.01683633 0.01286852 -0.05168348
v -0.01683633 0.01186446 -0.05156132
v -0.00675673 0.00878345 -0.05494447
v -0.00648897 0.00985635 -0.05510381
v -0.00780183 0.00985635 -0.05471875
v -0.00698993 0.00985635 -0.05495775
v -0.00658398 0.01086041 -0.05513036
v -0.00662717 0.01186446 -0.05513036
v -0.00698129 0.01286852 -0.05498962
v -0.00648034 0.01286852 -0.05508787
v -0.00524522 0.01434942 -0.05504007
v -0.00578936 0.01412946 -0.05501086
v -0.00458016 0.01444680 -0.05508522
v -0.00177307 0.01473895 -0.05529766
v -0.00780183 0.01387257 -0.05471344
v -0.00005427 0.01537362 -0.05501617
v -0.00736133 0.01538873 -0.05405221
v 0.00061943 0.01538034 -0.05505069
v 0.02651373 0.01186446 -0.05084167
v 0.02742927 0.01092085 -0.05033978
v 0.02788704 0.01062534 -0.05006626
v 0.02788704 0.00985635 -0.05006360
v 0.02733426 0.00985635 -0.05039023
v 0.02785249 0.00931067 -0.05003439
v 0.02774021 0.00864074 -0.04997066
v 0.02898396 0.00308317 -0.04811975
v 0.02839663 0.00278095 -0.04833750
v 0.02737745 0.00273897 -0.04887392
v 0.02425078 0.00190617 -0.05016717
v 0.02454445 0.00162578 -0.04986709
v 0.02681603 0.00234440 -0.04901467
v 0.03294843 0.00127486 -0.04505527
v 0.03485725 0.00134202 -0.04399571
v 0.03770752 0.00062172 -0.04188190
v 0.03886491 0.00035308 -0.04097106
v -0.00980565 0.01606706 -0.05253591
v -0.01081621 0.01631723 -0.05166489
v -0.01181812 0.01640622 -0.05112050
v -0.01081621 0.01640454 -0.05116299
v -0.00980565 0.01639615 -0.05113378
v -0.00882101 0.01633234 -0.05145510
v 0.02331797 0.01585046 -0.04852074
v 0.02431988 0.01579841 -0.04852074
v 0.02331797 0.01572622 -0.04952453
v -0.00915787 0.01638775 -0.05106740
v 0.02235924 0.01554992 -0.05059737
v 0.02130550 0.01546933 -0.05131967
v 0.02331797 0.01550626 -0.05033447
v 0.02438034 0.01555495 -0.04959623
v 0.02532179 0.01548276 -0.04931209
v 0.02596958 0.01542399 -0.04912354
v 0.02532179 0.01525273 -0.04981398
v 0.02969221 0.01534843 -0.04687165
v 0.03034864 0.01463149 -0.04724343
v 0.03088414 0.01441154 -0.04704426
v 0.02695422 0.01357035 -0.05011671
v 0.02973540 0.01417312 -0.04795777
v 0.02628052 0.01286684 -0.05075935
v -0.01783824 0.00202203 -0.04149420
v -0.03364430 0.00330312 -0.02919111
v -0.03346291 0.00331823 -0.03022942
v -0.03334200 0.00333334 -0.03090127
v -0.02034303 0.00232929 -0.04195626
v -0.01884879 0.00215803 -0.04249799
v -0.01959159 0.00228060 -0.04249799
v -0.01875378 0.00228396 -0.04340087
v -0.01903017 0.00239309 -0.04367173
v -0.01985071 0.00272386 -0.04450557
v -0.01985071 0.00292198 -0.04550936
v -0.02060214 0.00326282 -0.04631930
v -0.03184776 0.00345424 -0.03441454
v -0.03547538 0.00431725 -0.03399762
v -0.02493801 0.00408219 -0.04457196
v -0.02393609 0.00406876 -0.04557575
v -0.02364243 0.00421483 -0.04626088
v -0.02323648 0.00438609 -0.04693007
v -0.01993708 0.00353315 -0.04752757
v -0.02462707 0.00584180 -0.04718235
v -0.02393609 0.00451202 -0.04656361
v -0.02485164 0.00501069 -0.04650253
v -0.02553398 0.00521721 -0.04615997
v -0.02620768 0.00565208 -0.04580944
v -0.02847062 0.00625652 -0.04408334
v -0.02638906 0.00632033 -0.04601923
v -0.02339195 0.00618265 -0.04803478
v 0.03436493 -0.00041591 -0.03848282
v 0.03436493 -0.00037058 -0.03747903
v 0.03436493 -0.00026480 -0.03547145
v 0.03436493 -0.00010529 -0.03245742
v 0.03436493 -0.00004821 -0.03145362
v 0.02331797 -0.00024130 -0.04149420
v 0.00224322 0.00150825 -0.02944604
v 0.00123267 0.00157205 -0.02919111
v 0.00123267 0.00155694 -0.02944604
v -0.03290150 0.00326450 -0.02919111
v -0.03339382 0.00328969 -0.02919111
v 0.03981500 0.00045214 -0.03991150
v 0.04310577 0.00112375 -0.03521386
v 0.04195702 0.00026409 -0.03608487
v 0.04140424 0.00010626 -0.03644071
v 0.04203476 0.00023555 -0.03547145
v 0.04138697 0.00005589 -0.03547145
v 0.04202612 0.00025737 -0.03446500
v 0.04138697 0.00012809 -0.03446500
v 0.04193975 0.00029431 -0.03375066
v 0.04138697 0.00059486 -0.02944604
v 0.04038505 0.00046893 -0.02919111
v 0.03903765 0.00030942 -0.02986561
v 0.03636876 0.00020868 -0.02944604
v 0.03838122 0.00028928 -0.02970894
v 0.03536685 0.00015328 -0.02944604
v 0.03436493 0.00003910 -0.03044983
v -0.01613671 0.01286852 -0.05195965
v -0.01329508 0.01255454 -0.05302718
v -0.01269048 0.01186446 -0.05318385
v -0.01034116 0.01186446 -0.05405487
v -0.00980565 0.01186446 -0.05422748
v -0.00880374 0.01086041 -0.05448241
v -0.00780183 0.00885229 -0.05463112
v -0.01290641 0.01288027 -0.05319182
v -0.01181812 0.01286852 -0.05358218
v -0.02037757 0.01313716 -0.05003705
v -0.01835647 0.01347464 -0.05103818
v -0.01792461 0.01383563 -0.05122142
v -0.01683633 0.01387257 -0.05168082
v -0.00780183 0.01086041 -0.05477983
v -0.00712813 0.01186446 -0.05500290
v -0.00880374 0.01186446 -0.05453287
v -0.00780183 0.01186446 -0.05481701
v -0.00780183 0.01286852 -0.05481435
v -0.00880374 0.01467179 -0.05419561
v -0.00773273 0.01493707 -0.05428590
v -0.00679991 0.01487663 -0.05447975
v -0.00880374 0.01387257 -0.05444523
v -0.00951199 0.01450221 -0.05410001
v -0.00880374 0.01566409 -0.05341223
v -0.00802639 0.01531318 -0.05399114
v -0.00980565 0.01561372 -0.05329539
v 0.02710105 0.01286852 -0.05022559
v 0.02724789 0.01186446 -0.05033978
v 0.02782658 0.01129527 -0.05001580
v 0.02902715 0.01086041 -0.04916338
v 0.02907033 0.00985635 -0.04920852
v 0.02838800 0.00985635 -0.04971307
v 0.02901851 0.00885229 -0.04916072
v 0.03737067 0.00182558 -0.04245019
v 0.03672289 0.00182558 -0.04290428
v 0.03389852 0.00321078 -0.04503402
v 0.03255976 0.00282964 -0.04583068
v 0.02877667 0.00241492 -0.04798166
v 0.03499545 0.00201195 -0.04408069
v 0.03534093 0.00173659 -0.04379123
v 0.03788891 0.00129165 -0.04200937
v 0.03737067 0.00090212 -0.04221384
v 0.03898583 0.00102301 -0.04107728
v 0.03993592 0.00112207 -0.04006286
v -0.01081621 0.01592266 -0.05253591
v -0.01284595 0.01619298 -0.05145776
v -0.01181812 0.01624839 -0.05162505
v -0.01253501 0.01639782 -0.05107271
v -0.01284595 0.01643644 -0.05059471
v -0.01181812 0.01645155 -0.05052832
v -0.01081621 0.01644987 -0.05052832
v -0.00980565 0.01643812 -0.05052832
v 0.00825471 0.01665136 -0.04049040
v 0.00925662 0.01662953 -0.04049040
v 0.03536685 0.01589412 -0.04149420
v 0.02532179 0.01568424 -0.04852074
v 0.03607509 0.01556839 -0.04214480
v 0.03097052 0.01387257 -0.04712658
v 0.03027090 0.01385242 -0.04767097
v 0.04115376 0.01487663 -0.03824648
v 0.02989087 0.01350319 -0.04805336
v -0.03379113 0.00332327 -0.02919111
v -0.03411934 0.00338539 -0.02919111
v -0.03468076 0.00352979 -0.02919111
v -0.03488805 0.00358352 -0.02919111
v -0.03390341 0.00354322 -0.03145362
v -0.03390341 0.00365572 -0.03245742
v -0.03290150 0.00352476 -0.03346121
v -0.03209824 0.00336189 -0.03346121
v -0.02185454 0.00256267 -0.04149420
v -0.02085262 0.00253581 -0.04249799
v -0.02009255 0.00237966 -0.04249799
v -0.03148500 0.00331991 -0.03404543
v -0.03056082 0.00329808 -0.03512888
v -0.02085262 0.00273561 -0.04349912
v -0.02085262 0.00294381 -0.04450557
v -0.02185454 0.00276248 -0.04249799
v -0.02286508 0.00279270 -0.04149420
v -0.03122588 0.00336860 -0.03471462
v -0.03390341 0.00379508 -0.03346121
v -0.03491396 0.00407883 -0.03346121
v -0.03560494 0.00427863 -0.03346121
v -0.03610590 0.00443646 -0.03346121
v -0.03661549 0.00512990 -0.03446500
v -0.03584678 0.00467992 -0.03438533
v -0.03362702 0.00519706 -0.03824382
v -0.03294469 0.00502244 -0.03853859
v -0.03187367 0.00454224 -0.03847220
v -0.02562035 0.00422658 -0.04427985
v -0.02465298 0.00421819 -0.04528630
v -0.02431613 0.00436091 -0.04595549
v -0.02493801 0.00449355 -0.04557575
v -0.03331609 0.00546235 -0.03891302
v -0.02908386 0.00684586 -0.04368501
v -0.02857427 0.00684586 -0.04416566
v -0.03253010 0.00616586 -0.04012925
v -0.03215870 0.00684586 -0.04076392
v -0.02918751 0.00784992 -0.04382310
v -0.02927388 0.00885229 -0.04390808
v -0.02934298 0.00985635 -0.04396650
v -0.02823742 0.01086041 -0.04489593
v -0.02828060 0.01186446 -0.04492780
v -0.02777964 0.01186446 -0.04530223
v -0.02713186 0.01286852 -0.04582803
v -0.02663090 0.01286852 -0.04618387
v -0.02537851 0.01331010 -0.04701771
v -0.02170770 0.01286852 -0.04924039
v -0.02076625 0.01282822 -0.04979805
v 0.00224322 0.00152672 -0.02919111
v 0.04018640 0.00080138 -0.03953972
v 0.04110194 0.00100622 -0.03827569
v 0.04375356 0.00182558 -0.03468806
v 0.04392630 0.00129669 -0.03403215
v 0.04398676 0.00126479 -0.03346121
v 0.04407313 0.00124296 -0.03245742
v 0.04409041 0.00124800 -0.03145362
v 0.04399540 0.00127990 -0.03064369
v 0.04349444 0.00114558 -0.03036485
v 0.04239752 0.00088869 -0.02944604
v 0.04138697 0.00062676 -0.02919111
v 0.03938314 0.00041016 -0.02919111
v 0.03534957 0.00018350 -0.02919111
v 0.03753478 0.00030439 -0.02919111
v 0.03458950 0.00018853 -0.02919111
v 0.03438220 0.00019021 -0.02919111
v 0.03436493 0.00015999 -0.02944604
v -0.01334690 0.01344778 -0.05304842
v -0.01334690 0.01322279 -0.05304842
v -0.01374421 0.01288027 -0.05287581
v -0.01036707 0.01286852 -0.05406018
v -0.01086803 0.01286852 -0.05389819
v -0.00980565 0.01286852 -0.05423545
v -0.00880374 0.01286852 -0.05454349
v -0.01034116 0.01343267 -0.05405221
v -0.02037757 0.01344274 -0.05003705
v -0.01831329 0.01414458 -0.05101694
v -0.01763958 0.01464157 -0.05117096
v -0.01542846 0.01448542 -0.05206853
v -0.01324326 0.01411771 -0.05300593
v -0.01287186 0.01381885 -0.05318385
v -0.00983157 0.01485312 -0.05382384
v -0.00880374 0.01517382 -0.05391412
v -0.00983157 0.01381045 -0.05415047
v -0.01017705 0.01410260 -0.05400442
v -0.01256956 0.01456265 -0.05313871
v -0.01081621 0.01548612 -0.05314137
v -0.01282003 0.01564898 -0.05231549
v -0.01382195 0.01597807 -0.05153211
v 0.02996860 0.01286852 -0.04811975
v 0.02942446 0.01186446 -0.04871194
v 0.02952811 0.01086041 -0.04877036
v 0.02957993 0.00985635 -0.04878364
v 0.03908084 0.00182558 -0.04116491
v 0.03844168 0.00182558 -0.04166680
v 0.03794073 0.00182558 -0.04204389
v 0.03622193 0.00182558 -0.04323888
v 0.03341484 0.00285650 -0.04528099
v 0.03958179 0.00182558 -0.04063912
v 0.03999638 0.00182558 -0.04013722
v 0.04086874 0.00182558 -0.03895551
v 0.04121422 0.00182558 -0.03845361
v -0.01320007 0.01637432 -0.05097445
v -0.01382195 0.01643141 -0.05031588
v -0.01985071 0.01658420 -0.04651315
v -0.01382195 0.01649856 -0.04952453
v -0.01282003 0.01649856 -0.04952453
v 0.00825471 0.01668998 -0.03948661
v 0.00925662 0.01667151 -0.03948661
v 0.03838122 0.01603348 -0.02919111
v 0.03938314 0.01599654 -0.02919111
v 0.04540326 0.01573965 -0.02919111
v 0.04342534 0.01559021 -0.03548738
v 0.04311440 0.01550458 -0.03622030
v 0.04276892 0.01487663 -0.03688154
v 0.03046956 0.01286852 -0.04770549
v 0.04067872 0.01387257 -0.03884397
v -0.03591588 0.00388910 -0.02919111
v -0.03491396 0.00361878 -0.02944604
v -0.03491396 0.00384041 -0.03145362
v -0.03491396 0.00395458 -0.03245742
v -0.03580359 0.00421987 -0.03245742
v -0.03630455 0.00436930 -0.03245742
v -0.03689188 0.00444989 -0.03153860
v -0.03791971 0.00472022 -0.03044983
v -0.03895617 0.00505266 -0.02940090
v -0.03861932 0.00515173 -0.03044983
v -0.03696098 0.00497879 -0.03341872
v -0.03847248 0.00527933 -0.03102874
v -0.03746194 0.00527094 -0.03305491
v -0.03645138 0.00530116 -0.03500938
v -0.02531805 0.00436259 -0.04495170
v -0.03348883 0.00613060 -0.03908297
v -0.03129498 0.00784992 -0.04189784
v -0.03079402 0.00784992 -0.04235990
v -0.02974029 0.00784992 -0.04332120
v -0.03265966 0.00684586 -0.04026203
v -0.03143318 0.00918138 -0.04203061
v -0.03038808 0.00936776 -0.04299723
v -0.03043990 0.01003769 -0.04303706
v -0.02937753 0.01086041 -0.04399305
v -0.03046581 0.01086041 -0.04306362
v -0.02898885 0.01179226 -0.04434624
v -0.02829788 0.01286852 -0.04493311
v -0.02778828 0.01286852 -0.04532613
v -0.02771919 0.01387257 -0.04526771
v -0.02704549 0.01387257 -0.04576960
v -0.02654453 0.01387257 -0.04612810
v -0.02537851 0.01341084 -0.04701771
v -0.02169906 0.01387257 -0.04923507
v 0.04380538 0.00282964 -0.03483146
v 0.04412496 0.00282964 -0.03432957
v 0.04401267 0.00182558 -0.03418617
v 0.04590422 0.00338707 -0.03094110
v 0.04602514 0.00312011 -0.03027191
v 0.04511823 0.00206904 -0.03145362
v 0.04459136 0.00156701 -0.03145362
v 0.04523915 0.00206568 -0.03044983
v 0.04435816 0.00151664 -0.03036485
v 0.04389175 0.00132691 -0.02997449
v 0.04327851 0.00118923 -0.02944604
v 0.04239752 0.00092395 -0.02919111
v -0.01181812 0.01387257 -0.05353439
v -0.02076625 0.01381549 -0.04976884
v -0.01991117 0.01381549 -0.05023356
v -0.02028256 0.01411267 -0.04998394
v -0.01960886 0.01463317 -0.05018310
v -0.01792461 0.01493707 -0.05084964
v -0.01721636 0.01531150 -0.05097180
v -0.01509161 0.01515535 -0.05193841
v -0.01173175 0.01488838 -0.05321838
v -0.01200814 0.01523090 -0.05293954
v -0.01134307 0.01538873 -0.05304842
v -0.01441791 0.01541727 -0.05206853
v -0.01382195 0.01551970 -0.05216413
v -0.01382195 0.01633906 -0.05081778
v -0.01478068 0.01569263 -0.05157460
v -0.01583441 0.01558182 -0.05127452
v -0.01583441 0.01599654 -0.05052832
v 0.03005497 0.01186446 -0.04821004
v 0.03010680 0.01086041 -0.04826846
v 0.03904629 0.00282964 -0.04114101
v 0.03845896 0.00282964 -0.04164290
v 0.04329579 0.01487663 -0.03637964
v 0.04382265 0.01387257 -0.03589102
v 0.04533416 0.01487663 -0.03431895
v 0.04583512 0.01487663 -0.03375066
v -0.02055896 0.01643141 -0.04712924
v -0.02087853 0.01650696 -0.04655299
v -0.02085262 0.01658923 -0.04550936
v 0.00825471 0.01666815 -0.03848282
v -0.03491396 0.01628869 -0.03145362
v -0.03491396 0.01625007 -0.02919111
v 0.03737067 0.01604523 -0.02919111
v 0.04593013 0.01559525 -0.02919111
v 0.04599922 0.01546429 -0.03245742
v 0.04550691 0.01549787 -0.03355415
v 0.04523052 0.01547436 -0.03414368
v 0.04125741 0.01387257 -0.03834208
v -0.03718554 0.00427528 -0.02919111
v -0.03696098 0.00422491 -0.02937169
v -0.03718554 0.00440624 -0.03044983
v -0.03668459 0.00425513 -0.03044983
v -0.03653775 0.00430046 -0.03126243
v -0.03640820 0.00433908 -0.03193162
v -0.03783333 0.00449859 -0.02937169
v -0.03894753 0.00499558 -0.02919111
v -0.03924983 0.00518699 -0.02919111
v -0.03955213 0.00553119 -0.02919111
v -0.03931029 0.00553790 -0.02970363
v -0.03965578 0.00586027 -0.02940090
v -0.03988898 0.00608359 -0.02919111
v -0.03950895 0.00620783 -0.03007009
v -0.03537173 0.00667628 -0.03692402
v -0.03442164 0.00630690 -0.03799420
v -0.04021720 0.00675352 -0.02919111
v -0.04034676 0.00706245 -0.02919111
v -0.03693506 0.00584180 -0.03446500
v -0.03652048 0.00584180 -0.03511560
v -0.03358384 0.00684586 -0.03920778
v -0.03316061 0.00684586 -0.03970968
v -0.03178730 0.00784992 -0.04139594
v -0.03243509 0.00921160 -0.04102682
v -0.03136408 0.00851145 -0.04196423
v -0.03276330 0.00784992 -0.04037356
v -0.03228826 0.00784992 -0.04087546
v -0.03326426 0.00784992 -0.03983449
v -0.03198596 0.00985635 -0.04158183
v -0.03148500 0.00985635 -0.04207841
v -0.03081994 0.00976400 -0.04266263
v -0.03154546 0.01086041 -0.04212621
v -0.02940344 0.01207938 -0.04401164
v -0.02980075 0.01179226 -0.04366377
v -0.03048308 0.01186446 -0.04307955
v -0.02822014 0.01387257 -0.04488000
v -0.02940344 0.01286852 -0.04401164
v -0.02939480 0.01339741 -0.04400633
v -0.02756372 0.01456433 -0.04513759
v -0.02642361 0.01443672 -0.04604843
v -0.02530077 0.01408077 -0.04698053
v -0.02577582 0.01379702 -0.04668577
v -0.02156087 0.01457273 -0.04914744
v 0.04587831 0.01086041 -0.03289558
v 0.04612014 0.01086041 -0.03239368
v 0.04653473 0.01086041 -0.03145362
v 0.04733799 0.00960786 -0.02919111
v 0.04720843 0.00862731 -0.02919111
v 0.04637926 0.00383369 -0.02944604
v 0.04616333 0.00300090 -0.02944604
v 0.04580921 0.00263487 -0.02919111
v 0.04567101 0.00249887 -0.02944604
v 0.04563646 0.00250559 -0.02919111
v 0.04618061 0.00300929 -0.02919111
v 0.04456545 0.00184573 -0.02919111
v 0.04440134 0.00175003 -0.02919111
v 0.04513551 0.00218825 -0.02919111
v 0.04394358 0.00149649 -0.02919111
v 0.04372764 0.00138736 -0.02919111
v 0.04360672 0.00134034 -0.02919111
v 0.04322669 0.00120770 -0.02919111
v -0.01921155 0.01530310 -0.04994410
v -0.01886607 0.01493204 -0.05037696
v -0.01854649 0.01545086 -0.05013530
v -0.01655130 0.01545086 -0.05111785
v -0.01481522 0.01625343 -0.05049380
v -0.01783824 0.01555663 -0.05031588
v -0.02087853 0.01618291 -0.04748508
v 0.04595604 0.01542567 -0.03328063
v 0.04745891 0.01186446 -0.02919111
v 0.04687158 0.01186446 -0.03082426
v 0.04662110 0.01186446 -0.03145362
v -0.02123266 0.01635081 -0.04691680
v -0.02346969 0.01640622 -0.04508448
v -0.02163860 0.01645155 -0.04624760
v -0.02286508 0.01645659 -0.04528099
v -0.02193227 0.01650360 -0.04558106
v -0.02449751 0.01642133 -0.04414707
v -0.03040535 0.01638439 -0.03800217
v -0.03491396 0.01630212 -0.03245742
v -0.01683633 0.01630548 -0.02919111
v -0.03591588 0.01623496 -0.03145362
v -0.03591588 0.01620138 -0.02919111
v 0.04618061 0.01552641 -0.02919111
v 0.04629289 0.01540216 -0.02919111
v 0.04668156 0.01493540 -0.02919111
v -0.03764332 0.00441799 -0.02919111
v -0.03732374 0.00436594 -0.02965848
v -0.03786788 0.00449019 -0.02919111
v -0.03975943 0.00586196 -0.02919111
v -0.03626136 0.00684586 -0.03575028
v -0.03429209 0.00885229 -0.03882538
v -0.03419708 0.00784992 -0.03871120
v -0.03409343 0.00684586 -0.03857842
v -0.04049359 0.00769713 -0.02919111
v -0.03942258 0.00738315 -0.03094376
v -0.03741011 0.00641939 -0.03393920
v -0.03660685 0.00684586 -0.03524838
v -0.03369612 0.00784992 -0.03933259
v -0.03247828 0.00985635 -0.04107993
v -0.03334200 0.00867936 -0.03991946
v -0.03340246 0.00934929 -0.03998851
v -0.03371340 0.00894968 -0.03954504
v -0.03204642 0.01086041 -0.04164556
v -0.03206369 0.01186446 -0.04166946
v -0.03156273 0.01186446 -0.04214215
v -0.02894566 0.01378862 -0.04430640
v -0.02932570 0.01406566 -0.04394791
v -0.03097540 0.01286852 -0.04262811
v -0.03153682 0.01286852 -0.04212621
v -0.03147636 0.01387257 -0.04206514
v -0.02865200 0.01466003 -0.04422143
v -0.02793512 0.01494715 -0.04453744
v -0.02718368 0.01523426 -0.04485610
v -0.02606948 0.01510665 -0.04578023
v -0.02579309 0.01481451 -0.04622636
v -0.02492937 0.01490853 -0.04674684
v -0.02463571 0.01459623 -0.04714251
v -0.02421249 0.01526448 -0.04691680
v -0.02111174 0.01524098 -0.04888986
v 0.04740709 0.01058840 -0.02919111
v 0.04639654 0.00383369 -0.02919111
v -0.02044667 0.01541727 -0.04907575
v -0.02080943 0.01562379 -0.04854198
v -0.02193227 0.01575980 -0.04759661
v -0.02386700 0.01566409 -0.04655299
v -0.02486891 0.01585718 -0.04550936
v 0.04696659 0.01447366 -0.02919111
v 0.04698386 0.01442833 -0.02919111
v 0.04690613 0.01433430 -0.02990014
v 0.04716524 0.01392630 -0.02919111
v 0.04724298 0.01362408 -0.02919111
v 0.04738981 0.01285005 -0.02919111
v 0.04741573 0.01259652 -0.02919111
v 0.04745027 0.01158574 -0.02919111
v -0.02383245 0.01619131 -0.04545360
v -0.02414339 0.01633066 -0.04481627
v -0.03089767 0.01609224 -0.03948661
v -0.03080266 0.01630044 -0.03839519
v -0.03491396 0.01625511 -0.03346121
v -0.03591588 0.01620138 -0.03245742
v -0.03691779 0.01606706 -0.03145362
v -0.03691779 0.01608553 -0.03044983
v -0.03691779 0.01609392 -0.02944604
v -0.03691779 0.01609392 -0.02919111
v -0.03617499 0.01617619 -0.02919111
v -0.03641684 0.00940469 -0.03596537
v -0.03465485 0.00885229 -0.03832349
v -0.03667595 0.00784992 -0.03533070
v -0.03435255 0.00985635 -0.03890505
v -0.03387750 0.00985635 -0.03948661
v -0.04052814 0.00784992 -0.02919111
v -0.04026038 0.00784992 -0.02965317
v -0.03972488 0.00777100 -0.03054543
v -0.03947440 0.00805140 -0.03102874
v -0.03833429 0.00784992 -0.03281326
v -0.03746194 0.00708932 -0.03402418
v -0.03717691 0.00784992 -0.03460043
v -0.03253874 0.01086041 -0.04114367
v -0.03342837 0.00985635 -0.04002037
v -0.03255601 0.01186446 -0.04116757
v -0.03254738 0.01286852 -0.04114898
v -0.03204642 0.01286852 -0.04165087
v -0.03037080 0.01425539 -0.04297864
v -0.03197732 0.01387257 -0.04158714
v -0.03140727 0.01439475 -0.04200937
v -0.02830652 0.01532829 -0.04392667
v -0.02970574 0.01467515 -0.04327872
v -0.03148500 0.01542735 -0.04107197
v -0.02539578 0.01539377 -0.04603250
v -0.02163860 0.01551634 -0.04822066
v -0.02486891 0.01550458 -0.04620511
v -0.02579309 0.01554152 -0.04547219
v -0.02764145 0.01548612 -0.04418691
v -0.02686410 0.01560868 -0.04451619
v -0.02587083 0.01593106 -0.04450557
v -0.02688138 0.01597807 -0.04349912
v -0.03189958 0.01584039 -0.03948661
v -0.03189958 0.01608720 -0.03848282
v -0.03189958 0.01623664 -0.03747903
v -0.03591588 0.01609392 -0.03346121
v -0.03691779 0.01600325 -0.03245742
v -0.03791971 0.01586893 -0.03044983
v -0.03791971 0.01591594 -0.02944604
v -0.03791971 0.01592098 -0.02919111
v -0.03717691 0.01605362 -0.02919111
v -0.03612317 0.01086041 -0.03656021
v -0.03562221 0.01086041 -0.03726659
v -0.03521627 0.00985635 -0.03770475
v -0.03471531 0.00985635 -0.03840316
v -0.03673641 0.00885229 -0.03541303
v -0.03723737 0.00885229 -0.03468806
v -0.03728919 0.00985635 -0.03476773
v -0.03689188 0.01086041 -0.03547145
v -0.03437846 0.01086041 -0.03894754
v -0.03394660 0.01086041 -0.03948661
v -0.03525945 0.01086041 -0.03776848
v -0.03566540 0.01186446 -0.03731439
v -0.03529400 0.01186446 -0.03781628
v -0.03347155 0.01086041 -0.04006552
v -0.04064906 0.00885229 -0.02919111
v -0.04061451 0.00885229 -0.02925750
v -0.04032948 0.00885229 -0.02975939
v -0.03992353 0.00885229 -0.03044983
v -0.03952622 0.00885229 -0.03111371
v -0.03921528 0.00885229 -0.03161561
v -0.03792834 0.00784992 -0.03346121
v -0.03751376 0.00784992 -0.03409854
v -0.03303969 0.01086041 -0.04056741
v -0.03349747 0.01186446 -0.04009473
v -0.03350610 0.01286852 -0.04010270
v -0.03305697 0.01286852 -0.04060459
v -0.03249555 0.01387257 -0.04108524
v -0.03348019 0.01387257 -0.04007349
v -0.03299651 0.01387257 -0.04057804
v -0.03344564 0.01444848 -0.04003100
v -0.03178730 0.01474231 -0.04138001
v -0.02651862 0.01544750 -0.04511103
v -0.03215870 0.01508986 -0.04075065
v -0.03316925 0.01511841 -0.03974420
v -0.03250419 0.01542903 -0.04008145
v -0.03185640 0.01553145 -0.04044526
v -0.02793512 0.01563051 -0.04355489
v -0.03286695 0.01552977 -0.03943881
v -0.03546674 0.01542567 -0.03703556
v -0.03290150 0.01581017 -0.03848282
v -0.03591588 0.01590755 -0.03446500
v -0.03702144 0.01571782 -0.03356212
v -0.03768650 0.01552305 -0.03329391
v -0.03798017 0.01558853 -0.03242820
v -0.03894753 0.01552137 -0.03035689
v -0.03893026 0.01563219 -0.02944604
v -0.03817882 0.01586054 -0.02919111
v -0.03893026 0.01565066 -0.02919111
v -0.03616635 0.01186446 -0.03662129
v -0.03697825 0.01186446 -0.03547145
v -0.03756558 0.00885229 -0.03418617
v -0.03761740 0.00985635 -0.03426583
v -0.03766923 0.01086041 -0.03433488
v -0.03772105 0.01186446 -0.03439861
v -0.03733238 0.01086041 -0.03483677
v -0.03737556 0.01186446 -0.03490051
v -0.03443028 0.01286852 -0.03900862
v -0.03407616 0.01189972 -0.03939101
v -0.03619227 0.01286852 -0.03666378
v -0.03569131 0.01286852 -0.03734891
v -0.03531127 0.01286852 -0.03785080
v -0.04071816 0.00985635 -0.02919111
v -0.04036403 0.00985635 -0.02982844
v -0.04001854 0.00985635 -0.03044983
v -0.03958668 0.00985635 -0.03120135
v -0.03871433 0.00885229 -0.03240696
v -0.03839475 0.00885229 -0.03290886
v -0.03400706 0.01286852 -0.03951051
v -0.03443028 0.01350823 -0.03901127
v -0.03531991 0.01387257 -0.03786674
v -0.03559630 0.01487663 -0.03721613
v -0.03612317 0.01491693 -0.03645134
v -0.03633910 0.01527959 -0.03587774
v -0.03835156 0.01525273 -0.03274156
v -0.03845521 0.01540216 -0.03207236
v -0.03943121 0.01538201 -0.02995856
v -0.03950895 0.01542399 -0.02944604
v -0.03910300 0.01559189 -0.02919111
v -0.03655503 0.01286852 -0.03616188
v -0.03741011 0.01286852 -0.03494565
v -0.03817882 0.00978583 -0.03338951
v -0.03849840 0.01086041 -0.03306553
v -0.03822201 0.01186446 -0.03363647
v -0.03569995 0.01387257 -0.03736484
v -0.04072679 0.01001082 -0.02919111
v -0.04007037 0.01086041 -0.03044983
v -0.03961259 0.01086041 -0.03126243
v -0.03926711 0.00985635 -0.03170324
v -0.03931029 0.01086041 -0.03176432
v -0.03650321 0.01460966 -0.03610081
v -0.03849840 0.01458448 -0.03307615
v -0.03953486 0.01456265 -0.03114824
v -0.04051086 0.01445855 -0.02919111
v -0.04045040 0.01455090 -0.02919111
v -0.03929302 0.01523258 -0.03062775
v -0.04007900 0.01493204 -0.02919111
v -0.03953486 0.01543574 -0.02919111
v -0.03655503 0.01387257 -0.03616719
v -0.03620091 0.01387257 -0.03666909
v -0.03740147 0.01387257 -0.03493768
v -0.03703871 0.01387257 -0.03547145
v -0.03773833 0.01286852 -0.03444375
v -0.03853295 0.01186446 -0.03313458
v -0.03823928 0.01286852 -0.03367100
v -0.04076134 0.01086041 -0.02919111
v -0.04066633 0.01086041 -0.02936637
v -0.04040722 0.01186446 -0.02989217
v -0.03962987 0.01186446 -0.03129429
v -0.03933620 0.01186446 -0.03179619
v -0.03772969 0.01387257 -0.03443579
v -0.03823065 0.01387257 -0.03365771
v -0.03854158 0.01387257 -0.03315582
v -0.03895617 0.01387257 -0.03245742
v -0.03933620 0.01387257 -0.03178291
v -0.03961259 0.01387257 -0.03128101
v -0.04005309 0.01387257 -0.03044983
v -0.04037267 0.01387257 -0.02982047
v -0.04059723 0.01387257 -0.02931857
v -0.04064906 0.01387257 -0.02919111
v -0.03855022 0.01286852 -0.03316910
v -0.04077861 0.01186446 -0.02919111
v -0.04067497 0.01186446 -0.02939027
v -0.04011355 0.01286852 -0.03044983
v -0.03962987 0.01286852 -0.03131022
v -0.03934484 0.01286852 -0.03181212
v -0.03897344 0.01286852 -0.03245742
v -0.04040722 0.01286852 -0.02989748
v -0.04064906 0.01286852 -0.02939558
v -0.04074407 0.01286852 -0.02919111
v -0.04077060 0.01186480 -0.02918845
v -0.04074142 0.01286938 -0.02918845
v -0.04076087 0.01086023 -0.02918845
v -0.04115964 0.01086023 -0.02843902
v -0.04143197 0.01086023 -0.02791589
v -0.04114992 0.01186480 -0.02843902
v -0.04064416 0.01387232 -0.02918845
v -0.04141252 0.01186480 -0.02788145
v -0.04108183 0.01286938 -0.02843902
v -0.04072197 0.00985565 -0.02918845
v -0.04112074 0.00985565 -0.02843902
v -0.04141252 0.00985565 -0.02788965
v -0.04212252 0.00985565 -0.02643177
v -0.04240458 0.00985565 -0.02584469
v -0.04263800 0.00985565 -0.02534288
v -0.04239485 0.01086023 -0.02582337
v -0.04053718 0.01433535 -0.02918845
v -0.04294923 0.01186480 -0.02442289
v -0.04327992 0.01291192 -0.02337007
v -0.04343553 0.01327350 -0.02288466
v -0.04163622 0.01186480 -0.02737964
v -0.04065389 0.00893615 -0.02918845
v -0.04106238 0.00885271 -0.02843902
v -0.04138334 0.00885271 -0.02783225
v -0.04163622 0.00885271 -0.02733044
v -0.04207389 0.00885271 -0.02643177
v -0.04261855 0.00885271 -0.02529696
v -0.04301732 0.00885271 -0.02442289
v -0.04303677 0.00985565 -0.02442289
v -0.04300759 0.01086023 -0.02442289
v -0.04261855 0.01086023 -0.02531992
v -0.04050800 0.01445805 -0.02918845
v -0.04330910 0.01186480 -0.02357998
v -0.04347444 0.01260433 -0.02300109
v -0.04363006 0.01291192 -0.02249600
v -0.04403855 0.01286938 -0.02141039
v -0.04447622 0.01345511 -0.01998203
v -0.04356198 0.01364327 -0.02221558
v -0.04051773 0.01450060 -0.02914090
v -0.04057608 0.00821298 -0.02918845
v -0.04093594 0.00784977 -0.02843902
v -0.04132499 0.00784977 -0.02769942
v -0.04233649 0.00784977 -0.02572662
v -0.04258937 0.00784977 -0.02522480
v -0.04295896 0.00784977 -0.02442289
v -0.04333827 0.00885271 -0.02365214
v -0.04354253 0.00885271 -0.02315033
v -0.04354253 0.00985565 -0.02316016
v -0.04353280 0.01086023 -0.02312737
v -0.04044964 0.01455131 -0.02918845
v -0.04376622 0.01186480 -0.02241565
v -0.04434006 0.01286938 -0.02059043
v -0.04451513 0.01286938 -0.02008862
v -0.04473883 0.01286938 -0.01940478
v -0.04521540 0.01387232 -0.01739590
v -0.04489444 0.01387232 -0.01839952
v -0.04457348 0.01382324 -0.01935887
v -0.04435951 0.01412429 -0.01966225
v -0.04448595 0.01443515 -0.01899317
v -0.04461239 0.01462821 -0.01839952
v -0.04437896 0.01532029 -0.01776816
v -0.04052745 0.00784977 -0.02918845
v -0.04048854 0.00720677 -0.02903594
v -0.04253101 0.00713314 -0.02509525
v -0.04347444 0.00723458 -0.02299453
v -0.04330910 0.00784977 -0.02358162
v -0.04351334 0.00784977 -0.02307981
v -0.04374677 0.00784977 -0.02241565
v -0.04379540 0.00885271 -0.02241565
v -0.04381485 0.00985565 -0.02241565
v -0.04380513 0.01086023 -0.02241565
v -0.04008005 0.01493253 -0.02918845
v -0.04412608 0.01186480 -0.02141039
v -0.04437896 0.01186480 -0.02068719
v -0.04477773 0.01186480 -0.01940478
v -0.04504034 0.01286938 -0.01839952
v -0.04540020 0.01387232 -0.01670714
v -0.04549746 0.01448750 -0.01603314
v -0.04476800 0.01494235 -0.01741886
v -0.04453458 0.01543973 -0.01709908
v -0.04034266 0.00706279 -0.02918845
v -0.04021621 0.00675356 -0.02918845
v -0.04245320 0.00532523 -0.02394568
v -0.04255047 0.00584225 -0.02412443
v -0.04271581 0.00681737 -0.02447045
v -0.04322156 0.00687791 -0.02336515
v -0.04352307 0.00607948 -0.02210243
v -0.04360088 0.00687791 -0.02242877
v -0.04394129 0.00684519 -0.02141039
v -0.04407746 0.00784977 -0.02141039
v -0.04338691 0.00656378 -0.02277151
v -0.04411636 0.00885271 -0.02141039
v -0.04414554 0.00985565 -0.02141039
v -0.04415527 0.01086023 -0.02141039
v -0.03953540 0.01543646 -0.02918845
v -0.04437896 0.01086023 -0.02069211
v -0.04507924 0.01186480 -0.01839952
v -0.04453458 0.01086023 -0.02019030
v -0.04530294 0.01286938 -0.01739590
v -0.04551691 0.01387232 -0.01620533
v -0.04568226 0.01387232 -0.01538866
v -0.04584760 0.01387232 -0.01438339
v -0.04556554 0.01462167 -0.01538866
v -0.04526403 0.01512396 -0.01538866
v -0.04517650 0.01484418 -0.01637752
v -0.04465129 0.01550026 -0.01639228
v -0.04400937 0.01559679 -0.01741886
v -0.04035238 0.00653760 -0.02876372
v -0.03988553 0.00608439 -0.02918845
v -0.04255047 0.00525488 -0.02341927
v -0.04339663 0.00541031 -0.02172853
v -0.03975909 0.00586188 -0.02918845
v -0.03955485 0.00553138 -0.02918845
v -0.03947704 0.00528760 -0.02903266
v -0.03925334 0.00518780 -0.02918845
v -0.03895183 0.00499473 -0.02918845
v -0.03892265 0.00479349 -0.02843902
v -0.03787224 0.00449081 -0.02918845
v -0.04191827 0.00517634 -0.02433762
v -0.04193773 0.00498819 -0.02341927
v -0.04361060 0.00578334 -0.02140055
v -0.04427198 0.00692863 -0.02032149
v -0.04445677 0.00731966 -0.01992955
v -0.04434006 0.00784977 -0.02049040
v -0.04435951 0.00885271 -0.02056748
v -0.04476800 0.01086023 -0.01940478
v -0.03910745 0.01559189 -0.02918845
v -0.04504034 0.01086023 -0.01839952
v -0.04530294 0.01186480 -0.01739590
v -0.04543910 0.01286938 -0.01677766
v -0.04577952 0.01286938 -0.01438339
v -0.04608102 0.01381179 -0.01243683
v -0.04608102 0.01387232 -0.01243683
v -0.04591568 0.01481637 -0.01243683
v -0.04541965 0.01186480 -0.01657759
v -0.04550719 0.01542664 -0.01304359
v -0.04589623 0.01488017 -0.01243683
v -0.04553636 0.01547899 -0.01243683
v -0.04475828 0.01555589 -0.01538866
v -0.04395102 0.01574732 -0.01639228
v -0.03892265 0.01564915 -0.02918845
v -0.04275472 0.00516653 -0.02241565
v -0.04346472 0.00532360 -0.02105945
v -0.04443732 0.00640180 -0.01873734
v -0.04439841 0.00661777 -0.01940478
v -0.03719141 0.00427484 -0.02918845
v -0.04093594 0.00465933 -0.02341927
v -0.04193773 0.00484421 -0.02241565
v -0.04485554 0.00784977 -0.01739590
v -0.04498198 0.00885271 -0.01739590
v -0.04522513 0.01086023 -0.01739590
v -0.04523486 0.00684519 -0.01337977
v -0.04545855 0.01135270 -0.01590031
v -0.04588650 0.01286938 -0.01337977
v -0.04533212 0.00684519 -0.01243683
v -0.04557527 0.01543973 -0.01243683
v -0.04555581 0.01546754 -0.01243683
v -0.04495280 0.01567533 -0.01243683
v -0.04395102 0.01582258 -0.01538866
v -0.04293951 0.01589784 -0.01739590
v -0.03818347 0.01586185 -0.02918845
v -0.04206416 0.00442046 -0.01839952
v -0.04293951 0.00477222 -0.01839952
v -0.04340636 0.00434029 -0.01282384
v -0.04387321 0.00454971 -0.01243683
v -0.04388294 0.00455625 -0.01244339
v -0.04465129 0.00511744 -0.01243683
v -0.04512787 0.00584225 -0.01243683
v -0.03565470 0.00381018 -0.02918845
v -0.04151951 0.00431411 -0.01907024
v -0.03983690 0.00421103 -0.02241565
v -0.04532239 0.00678465 -0.01243683
v -0.04489444 0.01569333 -0.01243683
v -0.04395102 0.01587657 -0.01438339
v -0.04093594 0.01615962 -0.01438339
v -0.03591730 0.01620052 -0.02918845
v -0.03617018 0.01617598 -0.02918845
v -0.03691909 0.01609418 -0.02918845
v -0.03717196 0.01605327 -0.02918845
v -0.03792087 0.01592075 -0.02918845
v -0.04293951 0.00465606 -0.01739590
v -0.04302704 0.00426175 -0.01244339
v -0.04303677 0.00426339 -0.01243683
v -0.03443894 0.00332099 -0.02802576
v -0.03488634 0.00358440 -0.02918845
v -0.04395102 0.01585203 -0.01243683
v -0.04395102 0.01587657 -0.01337977
v -0.04093594 0.01618907 -0.01243683
v -0.04093594 0.01618089 -0.01337977
v -0.03490580 0.01630687 -0.02643177
v -0.03490580 0.01624961 -0.02918845
v -0.04301732 0.00426012 -0.01243683
v -0.03449730 0.00331117 -0.02743540
v -0.03467237 0.00352877 -0.02918845
v -0.03411799 0.00338643 -0.02918845
v -0.03378730 0.00332262 -0.02918845
v -0.03364141 0.00330299 -0.02918845
v -0.03390401 0.00326372 -0.02743540
v -0.04193773 0.01607945 -0.01243683
v -0.04187937 0.01608600 -0.01243683
v -0.03993416 0.01624143 -0.01243683
v -0.03390401 0.01644921 -0.01243683
v -0.03290223 0.01648030 -0.01243683
v -0.01090192 0.01689751 -0.01243683
v -0.01077548 0.01689751 -0.01265821
v -0.01026972 0.01689751 -0.01338797
v -0.00980287 0.01689751 -0.01398326
v -0.00944301 0.01689751 -0.01438831
v -0.00881082 0.01689751 -0.01507215
v -0.00849958 0.01689751 -0.01539521
v -0.00780903 0.01689751 -0.01611021
v -0.00750753 0.01689751 -0.01638736
v -0.00679752 0.01689751 -0.01701544
v -0.00580547 0.01689751 -0.01783211
v -0.00513437 0.01689751 -0.01838148
v -0.00474533 0.01689751 -0.01868650
v -0.00378245 0.01689751 -0.01934575
v -0.00369492 0.01689751 -0.01940314
v -0.00280985 0.01689751 -0.01994267
v -0.00177889 0.01689751 -0.02032641
v -0.00074793 0.01689751 -0.02068719
v -0.00034916 0.01689751 -0.02078722
v 0.00023441 0.01689751 -0.02092989
v 0.00082769 0.01689751 -0.02103813
v 0.00123619 0.01689751 -0.02110864
v 0.00198509 0.01689751 -0.02120048
v 0.00223797 0.01689751 -0.02122836
v -0.01683480 0.01630524 -0.02918845
v -0.04193773 0.00413250 -0.01243683
v -0.03449730 0.00331444 -0.02667776
v -0.03339826 0.00328990 -0.02918845
v -0.03394292 0.00329317 -0.02637930
v -0.03497388 0.00370711 -0.01243683
v -0.03591730 0.00375456 -0.01243683
v -0.03691909 0.00380691 -0.01243683
v -0.03993416 0.00396562 -0.01243683
v 0.00123619 0.00157197 -0.02918845
v 0.01725498 0.01689751 -0.01243683
v 0.00304523 0.01689751 -0.02125296
v 0.00324948 0.01689751 -0.02125788
v 0.04038352 0.01684679 -0.02040840
v 0.03737817 0.01604509 -0.02918845
v -0.04093594 0.00403433 -0.01243683
v -0.03490580 0.00370384 -0.01243683
v 0.00223797 0.00152780 -0.02918845
v 0.04941902 0.01605982 -0.01243683
v 0.04941902 0.01618580 -0.01337977
v 0.04933148 0.01632814 -0.01448343
v 0.04893271 0.01638377 -0.01488520
v 0.04841723 0.01645085 -0.01538866
v 0.04741545 0.01656374 -0.01639228
v 0.04641367 0.01664718 -0.01739590
v 0.04038352 0.01688933 -0.01940478
v 0.01706046 0.01689751 -0.01307475
v 0.00399838 0.01689751 -0.02122836
v 0.04841723 0.01665209 -0.02141039
v 0.04741545 0.01661282 -0.02241565
v 0.03837996 0.01603364 -0.02918845
v -0.03390401 0.00365966 -0.01243683
v -0.01583302 0.00289559 -0.01243683
v 0.03438255 0.00019109 -0.02918845
v 0.05043052 0.01599110 -0.01243683
v 0.04960381 0.01637886 -0.01500164
v 0.04841723 0.01653266 -0.01639228
v 0.04741545 0.01662755 -0.01739590
v 0.00669250 0.01689751 -0.02083642
v 0.00825839 0.01689751 -0.02046088
v 0.00904620 0.01689751 -0.02025917
v 0.00926018 0.01689751 -0.02019850
v 0.00982429 0.01689751 -0.02003779
v 0.01062182 0.01689751 -0.01978852
v 0.01263511 0.01689751 -0.01875538
v 0.01375361 0.01689751 -0.01786491
v 0.01472621 0.01689751 -0.01681865
v 0.01555293 0.01689751 -0.01575599
v 0.01607813 0.01689751 -0.01505248
v 0.01644772 0.01689751 -0.01454738
v 0.01655471 0.01689751 -0.01439323
v 0.01678813 0.01689751 -0.01393078
v 0.04641367 0.01668481 -0.01839952
v 0.00424154 0.01689751 -0.02121196
v 0.00492236 0.01689751 -0.02115128
v 0.00524332 0.01689751 -0.02111356
v 0.00578798 0.01689751 -0.02101189
v 0.04741545 0.01665209 -0.01839952
v 0.04841723 0.01657847 -0.01739590
v 0.04941902 0.01646394 -0.01639228
v 0.04996368 0.01639195 -0.01567072
v 0.04997340 0.01639686 -0.01639228
v 0.04995395 0.01639359 -0.01716795
v 0.04915641 0.01648521 -0.02141039
v 0.04841723 0.01654247 -0.02238285
v 0.04805737 0.01646067 -0.02341927
v 0.04794066 0.01639849 -0.02396372
v 0.03912886 0.01600583 -0.02918845
v -0.01488959 0.00286124 -0.01243683
v 0.03459652 0.00018945 -0.02918845
v 0.03482995 0.00031707 -0.02792081
v -0.01483124 0.00285960 -0.01243683
v 0.05143231 0.01573259 -0.01243683
v 0.05034299 0.01625779 -0.01535750
v 0.05047915 0.01620380 -0.01639228
v 0.04991504 0.01638050 -0.01783703
v 0.04970107 0.01629051 -0.02040840
v 0.04966217 0.01614326 -0.02141039
v 0.04901052 0.01643940 -0.02202699
v 0.04618024 0.01552644 -0.02918845
v 0.04593709 0.01559516 -0.02918845
v 0.04541189 0.01573914 -0.02918845
v 0.03938174 0.01599601 -0.02918845
v 0.03534543 0.00018454 -0.02918845
v 0.03490776 0.00031707 -0.02792081
v 0.03482995 0.00132165 -0.01989020
v 0.03436310 0.00225914 -0.01243683
v -0.01382946 0.00284160 -0.01243683
v 0.05203532 0.01545772 -0.01243683
v 0.05043052 0.01603037 -0.01839952
v 0.05122806 0.01570151 -0.01639228
v 0.05104327 0.01554280 -0.01839952
v 0.05009984 0.01564261 -0.02141039
v 0.04901052 0.01548717 -0.02414083
v 0.05097518 0.01546100 -0.01905384
v 0.04799902 0.01545282 -0.02612511
v 0.04629695 0.01540210 -0.02918845
v 0.03636666 0.00024017 -0.02918845
v 0.03528707 0.00027616 -0.02841770
v 0.03636666 0.00135764 -0.02018866
v 0.03636666 0.00158015 -0.01839952
v 0.03536488 0.00190410 -0.01538866
v 0.03490776 0.00132165 -0.01989020
v 0.03536488 0.00203172 -0.01438339
v 0.03516063 0.00228368 -0.01243683
v 0.05244382 0.01490962 -0.01243683
v 0.05197696 0.01542009 -0.01337977
v 0.05113080 0.01563115 -0.01739590
v 0.05193806 0.01538573 -0.01391766
v 0.04997340 0.01545936 -0.02200567
v 0.04716257 0.01392632 -0.02918845
v 0.04698750 0.01442860 -0.02918845
v 0.04696805 0.01447442 -0.02918845
v 0.05231738 0.01487690 -0.01337977
v 0.05284258 0.01418810 -0.01243683
v 0.05287176 0.01412429 -0.01243683
v 0.05278423 0.01382651 -0.01334533
v 0.05253135 0.01387232 -0.01438339
v 0.05228820 0.01387232 -0.01538866
v 0.05253135 0.01286938 -0.01538866
v 0.05224929 0.01286938 -0.01639228
v 0.05164628 0.01286938 -0.01839952
v 0.05133505 0.01286938 -0.01940478
v 0.04667627 0.01493580 -0.02918845
v 0.03720310 0.00028598 -0.02918845
v 0.03636666 0.00058212 -0.02643177
v 0.03737817 0.00051340 -0.02743540
v 0.03737817 0.00101242 -0.02341927
v 0.03837996 0.00094370 -0.02442289
v 0.03769913 0.00133310 -0.02098729
v 0.03636666 0.00170613 -0.01739590
v 0.03636666 0.00183539 -0.01639228
v 0.03566639 0.00234913 -0.01243683
v 0.03963462 0.00135110 -0.02209259
v 0.05246327 0.01487690 -0.01243683
v 0.05105299 0.01286938 -0.02020506
v 0.05112108 0.01188607 -0.02047728
v 0.04985668 0.01186480 -0.02372921
v 0.04958436 0.01186480 -0.02442289
v 0.04891326 0.01228529 -0.02591684
v 0.04724038 0.01362363 -0.02918845
v 0.05299820 0.01362363 -0.01243683
v 0.05295929 0.01346002 -0.01298784
v 0.05289122 0.01310335 -0.01365692
v 0.05279395 0.01280885 -0.01432108
v 0.05294957 0.01243417 -0.01394390
v 0.05262861 0.01186480 -0.01538866
v 0.05236601 0.01186480 -0.01639228
v 0.05206450 0.01184681 -0.01746805
v 0.05191861 0.01217076 -0.01785015
v 0.05150039 0.01186480 -0.01940478
v 0.03837996 0.00035306 -0.02918845
v 0.03837996 0.00044468 -0.02843902
v 0.03938174 0.00075064 -0.02643177
v 0.03938174 0.00100915 -0.02442289
v 0.03837996 0.00135928 -0.02117424
v 0.03737817 0.00151635 -0.01940478
v 0.04038352 0.00055921 -0.02843902
v 0.04038352 0.00069010 -0.02743540
v 0.03896352 0.00131510 -0.02185316
v 0.04736682 0.00415050 -0.01243683
v 0.03933311 0.00127256 -0.02242221
v 0.04038352 0.00082590 -0.02643177
v 0.04038352 0.00096824 -0.02542651
v 0.04038352 0.00111549 -0.02442289
v 0.03997502 0.00130201 -0.02276167
v 0.05096546 0.01156539 -0.02099057
v 0.04965244 0.01086023 -0.02442289
v 0.04911751 0.01191552 -0.02551999
v 0.04894244 0.01161448 -0.02596604
v 0.04741545 0.01259615 -0.02918845
v 0.04738627 0.01285138 -0.02918845
v 0.05313436 0.01292665 -0.01243683
v 0.05314409 0.01286447 -0.01243683
v 0.05299820 0.01280885 -0.01334533
v 0.05284258 0.01186480 -0.01448179
v 0.05326081 0.01186480 -0.01243683
v 0.05309546 0.01186480 -0.01337977
v 0.05295929 0.01186480 -0.01397998
v 0.05295929 0.01107129 -0.01395210
v 0.05236601 0.01086023 -0.01639228
v 0.05211313 0.01086023 -0.01739590
v 0.05194779 0.01150159 -0.01793707
v 0.05153929 0.01086023 -0.01940478
v 0.03938174 0.00041033 -0.02918845
v 0.04038352 0.00046923 -0.02918845
v 0.04139503 0.00062793 -0.02918845
v 0.04139503 0.00072282 -0.02843902
v 0.04741545 0.00415868 -0.01243683
v 0.04809628 0.00428302 -0.01243683
v 0.05117943 0.01086023 -0.02040840
v 0.04962326 0.00985565 -0.02442289
v 0.04922449 0.00985565 -0.02542651
v 0.04922449 0.01086023 -0.02542651
v 0.04896189 0.01086023 -0.02600376
v 0.04745435 0.01186480 -0.02918845
v 0.05326081 0.01085695 -0.01243683
v 0.05305655 0.01078660 -0.01347325
v 0.05228820 0.00985565 -0.01639228
v 0.05194779 0.01024341 -0.01794527
v 0.05181162 0.01086023 -0.01846512
v 0.05180189 0.00988837 -0.01832900
v 0.05145176 0.00985565 -0.01940478
v 0.04239681 0.00092407 -0.02918845
v 0.04941902 0.00465769 -0.01243683
v 0.04860203 0.00442046 -0.01243683
v 0.04813518 0.00429120 -0.01243683
v 0.04892299 0.00831606 -0.02593816
v 0.04894244 0.00885271 -0.02597260
v 0.04896189 0.00985565 -0.02601524
v 0.04872847 0.00985565 -0.02651705
v 0.04745435 0.01158666 -0.02918845
v 0.05315382 0.00990801 -0.01243683
v 0.05300793 0.00985565 -0.01315675
v 0.05293012 0.01040211 -0.01387010
v 0.05199642 0.00910794 -0.01713188
v 0.05190889 0.00957424 -0.01780096
v 0.05203532 0.00988837 -0.01743854
v 0.05160738 0.00885271 -0.01839952
v 0.05127669 0.00885271 -0.01940478
v 0.04883545 0.00684519 -0.02562986
v 0.04940929 0.00784977 -0.02442289
v 0.04888409 0.00764689 -0.02583813
v 0.04904942 0.00792830 -0.02547243
v 0.04257188 0.00098297 -0.02918845
v 0.05036244 0.00497347 -0.01243683
v 0.04869929 0.00792830 -0.02633666
v 0.04870902 0.00885271 -0.02647605
v 0.04740572 0.01058699 -0.02918845
v 0.05314409 0.00985565 -0.01243683
v 0.05294957 0.00931573 -0.01292716
v 0.05208395 0.00880526 -0.01642672
v 0.05190889 0.00844040 -0.01678585
v 0.05184080 0.00880526 -0.01743854
v 0.05131560 0.00784977 -0.01839952
v 0.04893271 0.00632654 -0.02495094
v 0.04868956 0.00593223 -0.02534124
v 0.04821299 0.00578825 -0.02650393
v 0.04850477 0.00684519 -0.02643177
v 0.04323325 0.00120875 -0.02918845
v 0.05043052 0.00499637 -0.01243683
v 0.04816435 0.00784977 -0.02737308
v 0.04815463 0.00880199 -0.02752887
v 0.04733764 0.00960696 -0.02918845
v 0.05299820 0.00916030 -0.01243683
v 0.05298848 0.00912757 -0.01243683
v 0.05198669 0.00823425 -0.01611513
v 0.05155875 0.00784977 -0.01739590
v 0.05103354 0.00714951 -0.01839952
v 0.05094601 0.00729839 -0.01896365
v 0.04807682 0.00517798 -0.02621695
v 0.04618024 0.00300849 -0.02918845
v 0.04800874 0.00608603 -0.02705822
v 0.04639422 0.00383309 -0.02918845
v 0.04809628 0.00684519 -0.02722385
v 0.04360284 0.00133964 -0.02918845
v 0.05103354 0.00524670 -0.01243683
v 0.04372928 0.00138709 -0.02918845
v 0.04788230 0.00784977 -0.02787489
v 0.04724038 0.00889034 -0.02918845
v 0.05284258 0.00865801 -0.01243683
v 0.05260916 0.00792012 -0.01243683
v 0.05231738 0.00713314 -0.01243683
v 0.05217148 0.00675193 -0.01243683
v 0.05192834 0.00634944 -0.01286484
v 0.05076121 0.00664722 -0.01839952
v 0.04580093 0.00263381 -0.02918845
v 0.05196724 0.00627091 -0.01243683
v 0.05163655 0.00585043 -0.01243683
v 0.05106272 0.00525979 -0.01243683
v 0.04720148 0.00862692 -0.02918845
v 0.04394325 0.00149507 -0.02918845
v 0.04563558 0.00250620 -0.02918845
v 0.04440038 0.00175031 -0.02918845
v 0.04456572 0.00184684 -0.02918845
v 0.04512983 0.00218715 -0.02918845
f 1 2 3
f 1 3 7
f 1 7 13
f 1 13 16
f 1 16 18
f 1 18 22
f 1 22 27
f 1 27 26
f 1 26 32
f 1 32 31
f 1 31 36
f 1 36 40
f 1 40 46
f 1 46 51
f 1 51 57
f 1 57 62
f 1 62 68
f 1 68 75
f 1 75 82
f 1 82 87
f 1 87 92
f 1 92 94
f 1 94 99
f 1 99 105
f 1 105 110
f 1 110 115
f 1 115 119
f 1 119 123
f 1 123 127
f 1 127 129
f 1 129 134
f 1 134 139
f 1 139 148
f 1 148 158
f 1 158 161
f 1 161 166
f 1 166 170
f 1 170 176
f 1 176 181
f 1 181 186
f 1 186 185
f 1 185 184
f 1 184 190
f 1 190 193
f 1 193 192
f 1 192 197
f 1 197 198
f 1 198 194
f 1 194 188
f 1 188 182
f 1 182 177
f 1 177 174
f 1 174 173
f 1 173 169
f 1 169 165
f 1 165 163
f 1 163 159
f 1 159 153
f 1 153 147
f 1 147 146
f 1 146 145
f 1 145 138
f 1 138 137
f 1 137 132
f 1 132 130
f 1 130 125
f 1 125 121
f 1 121 117
f 1 117 114
f 1 114 109
f 1 109 108
f 1 108 104
f 1 104 103
f 1 103 102
f 1 102 97
f 1 97 96
f 1 96 91
f 1 91 90
f 1 90 86
f 1 86 85
f 1 85 80
f 1 80 79
f 1 79 78
f 1 78 77
f 1 77 73
f 1 73 72
f 1 72 71
f 1 71 69
f 1 69 63
f 1 63 58
f 1 58 53
f 1 53 48
f 1 48 43
f 1 43 42
f 1 42 41
f 1 41 38
f 1 38 34
f 1 34 29
f 1 29 24
f 1 24 20
f 1 20 15
f 1 15 11
f 1 11 10
f 1 10 8
f 1 8 4
f 1 4 2
f 2 4 5
f 2 5 9
f 2 9 14
f 2 14 19
f 2 19 23
f 2 23 28
f 2 28 33
f 2 33 37
f 2 37 44
f 2 44 47
f 2 47 52
f 2 52 55
f 2 55 54
f 2 54 60
f 2 60 59
f 2 59 66
f 2 66 65
f 2 65 64
f 2 64 70
f 2 70 76
f 2 76 84
f 2 84 89
f 2 89 95
f 2 95 101
f 2 101 107
f 2 107 113
f 2 113 118
f 2 118 122
f 2 122 126
f 2 126 131
f 2 131 136
f 2 136 144
f 2 144 152
f 2 152 160
f 2 160 164
f 2 164 168
f 2 168 172
f 2 172 178
f 2 178 183
f 2 183 189
f 2 189 195
f 2 195 199
f 2 199 200
f 2 200 196
f 2 196 191
f 2 191 187
f 2 187 180
f 2 180 179
f 2 179 175
f 2 175 171
f 2 171 167
f 2 167 162
f 2 162 157
f 2 157 156
f 2 156 155
f 2 155 154
f 2 154 151
f 2 151 150
f 2 150 149
f 2 149 143
f 2 143 142
f 2 142 141
f 2 141 140
f 2 140 135
f 2 135 133
f 2 133 128
f 2 128 124
f 2 124 120
f 2 120 116
f 2 116 112
f 2 112 111
f 2 111 106
f 2 106 100
f 2 100 98
f 2 98 93
f 2 93 88
f 2 88 83
f 2 83 81
f 2 81 74
f 2 74 67
f 2 67 61
f 2 61 56
f 2 56 50
f 2 50 49
f 2 49 45
f 2 45 39
f 2 39 35
f 2 35 30
f 2 30 25
f 2 25 21
f 2 21 17
f 2 17 12
f 2 12 6
f 2 6 3
f 3 6 7
f 4 8 5
f 5 8 10
f 5 10 11
f 5 11 9
f 6 12 13
f 6 13 7
f 9 11 14
f 11 15 14
f 12 16 13
f 12 17 18
f 12 18 16
f 14 15 19
f 15 20 19
f 17 21 18
f 18 21 22
f 19 20 23
f 20 24 23
f 21 25 26
f 21 26 27
f 21 27 22
f 23 24 29
f 23 29 28
f 25 30 31
f 25 31 32
f 25 32 26
f 28 29 33
f 29 34 33
f 30 35 31
f 31 35 36
f 33 34 37
f 34 38 37
f 35 39 36
f 36 39 40
f 37 38 41
f 37 41 42
f 37 42 43
f 37 43 44
f 39 45 46
f 39 46 40
f 43 47 44
f 43 48 47
f 45 49 46
f 46 50 51
f 46 49 50
f 47 48 52
f 48 53 54
f 48 54 55
f 48 55 52
f 50 56 51
f 51 56 57
f 53 58 59
f 53 59 60
f 53 60 54
f 56 61 57
f 57 61 62
f 58 63 64
f 58 64 65
f 58 65 66
f 58 66 59
f 61 67 68
f 61 68 62
f 63 69 64
f 64 69 71
f 64 71 72
f 64 72 73
f 64 73 70
f 67 74 68
f 68 74 75
f 70 73 77
f 70 77 78
f 70 78 79
f 70 79 80
f 70 80 76
f 74 81 75
f 75 81 83
f 75 83 82
f 76 80 85
f 76 85 86
f 76 86 84
f 82 83 87
f 83 88 87
f 84 86 90
f 84 90 91
f 84 91 89
f 87 88 92
f 88 93 94
f 88 94 92
f 89 91 96
f 89 96 97
f 89 97 95
f 93 98 94
f 94 98 100
f 94 100 99
f 95 97 102
f 95 102 103
f 95 103 104
f 95 104 101
f 99 100 106
f 99 106 105
f 101 104 108
f 101 108 109
f 101 109 107
f 105 106 111
f 105 111 112
f 105 112 110
f 107 109 113
f 109 114 113
f 110 112 116
f 110 116 115
f 113 114 117
f 113 117 118
f 115 116 119
f 116 120 119
f 117 121 118
f 118 121 122
f 119 120 123
f 120 124 123
f 121 125 126
f 121 126 122
f 123 124 127
f 124 128 129
f 124 129 127
f 125 130 126
f 126 130 132
f 126 132 131
f 128 133 129
f 129 133 135
f 129 135 134
f 131 132 137
f 131 137 138
f 131 138 136
f 134 135 140
f 134 140 141
f 134 141 142
f 134 142 143
f 134 143 139
f 136 138 145
f 136 145 146
f 136 146 147
f 136 147 144
f 139 143 149
f 139 149 150
f 139 150 151
f 139 151 148
f 144 147 153
f 144 153 152
f 148 151 154
f 148 154 155
f 148 155 156
f 148 156 157
f 148 157 158
f 152 153 159
f 152 159 160
f 157 161 158
f 157 162 161
f 159 163 160
f 160 163 165
f 160 165 164
f 161 162 167
f 161 167 166
f 164 165 168
f 165 169 168
f 166 167 170
f 167 171 170
f 168 169 173
f 168 173 174
f 168 174 172
f 170 171 175
f 170 175 176
f 172 177 178
f 172 174 177
f 175 179 176
f 176 179 180
f 176 180 181
f 177 182 183
f 177 183 178
f 180 184 185
f 180 185 186
f 180 186 181
f 180 187 184
f 182 188 183
f 183 188 189
f 184 187 190
f 187 191 192
f 187 192 193
f 187 193 190
f 188 194 195
f 188 195 189
f 191 196 192
f 192 196 197
f 194 198 199
f 194 199 195
f 196 200 198
f 196 198 197
f 198 200 199
f 201 202 207
f 201 207 221
f 201 221 229
f 201 229 237
f 201 237 236
f 201 236 235
f 201 235 234
f 201 234 233
f 201 233 242
f 201 242 241
f 201 241 248
f 201 248 247
f 201 247 246
f 201 246 254
f 201 254 253
f 201 253 262
f 201 262 261
f 201 261 267
f 201 267 266
f 201 266 271
f 201 271 276
f 201 276 280
f 201 280 285
f 201 285 295
f 201 295 294
f 201 294 293
f 201 293 292
f 201 292 291
f 201 291 290
f 201 290 304
f 201 304 303
f 201 303 302
f 201 302 301
f 201 301 300
f 201 300 299
f 201 299 308
f 201 308 313
f 201 313 317
f 201 317 321
f 201 321 325
f 201 325 329
f 201 329 334
f 201 334 333
f 201 333 332
f 201 332 331
f 201 331 339
f 201 339 343
f 201 343 346
f 201 346 345
f 201 345 353
f 201 353 364
f 201 364 369
f 201 369 373
f 201 373 375
f 201 375 374
f 201 374 379
f 201 379 381
f 201 381 385
f 201 385 390
f 201 390 395
f 201 395 401
f 201 401 404
f 201 404 408
f 201 408 407
f 201 407 409
f 201 409 405
f 201 405 402
f 201 402 397
f 201 397 392
f 201 392 388
f 201 388 386
f 201 386 382
f 201 382 377
f 201 377 371
f 201 371 367
f 201 367 362
f 201 362 347
f 201 347 341
f 201 341 335
f 201 335 327
f 201 327 323
f 201 323 319
f 201 319 315
f 201 315 312
f 201 312 311
f 201 311 307
f 201 307 298
f 201 298 296
f 201 296 287
f 201 287 286
f 201 286 282
f 201 282 281
f 201 281 277
f 201 277 273
f 201 273 269
f 201 269 264
f 201 264 259
f 201 259 258
f 201 258 257
f 201 257 255
f 201 255 250
f 201 250 249
f 201 249 243
f 201 243 238
f 201 238 230
f 201 230 224
f 201 224 223
f 201 223 227
f 201 227 226
f 201 226 222
f 201 222 210
f 201 210 209
f 201 209 219
f 201 219 218
f 201 218 217
f 201 217 216
f 201 216 215
f 201 215 214
f 201 214 213
f 201 213 212
f 201 212 208
f 201 208 203
f 201 203 204
f 201 204 205
f 201 205 206
f 201 206 202
f 202 206 207
f 203 208 204
f 204 209 210
f 204 210 211
f 204 211 225
f 204 225 231
f 204 231 239
f 204 239 244
f 204 244 251
f 204 251 256
f 204 256 263
f 204 263 268
f 204 268 272
f 204 272 274
f 204 274 278
f 204 278 283
f 204 283 288
f 204 288 297
f 204 297 306
f 204 306 310
f 204 310 316
f 204 316 320
f 204 320 324
f 204 324 328
f 204 328 337
f 204 337 336
f 204 336 342
f 204 342 351
f 204 351 350
f 204 350 349
f 204 349 348
f 204 348 363
f 204 363 368
f 204 368 372
f 204 372 378
f 204 378 383
f 204 383 387
f 204 387 391
f 204 391 396
f 204 396 399
f 204 399 398
f 204 398 403
f 204 403 400
f 204 400 394
f 204 394 393
f 204 393 389
f 204 389 384
f 204 384 380
f 204 380 376
f 204 376 370
f 204 370 366
f 204 366 365
f 204 365 361
f 204 361 360
f 204 360 359
f 204 359 358
f 204 358 357
f 204 357 356
f 204 356 355
f 204 355 354
f 204 354 352
f 204 352 344
f 204 344 340
f 204 340 338
f 204 338 330
f 204 330 326
f 204 326 322
f 204 322 318
f 204 318 314
f 204 314 309
f 204 309 305
f 204 305 289
f 204 289 284
f 204 284 279
f 204 279 275
f 204 275 270
f 204 270 265
f 204 265 260
f 204 260 252
f 204 252 245
f 204 245 240
f 204 240 232
f 204 232 228
f 204 228 220
f 204 220 206
f 204 206 205
f 204 208 212
f 204 212 213
f 204 213 214
f 204 214 215
f 204 215 216
f 204 216 217
f 204 217 218
f 204 218 219
f 204 219 209
f 206 220 207
f 207 220 221
f 210 222 211
f 211 223 224
f 211 224 225
f 211 222 226
f 211 226 227
f 211 227 223
f 220 228 229
f 220 229 221
f 224 230 225
f 225 230 231
f 228 232 233
f 228 233 234
f 228 234 235
f 228 235 236
f 228 236 237
f 228 237 229
f 230 238 231
f 231 238 239
f 232 240 241
f 232 241 242
f 232 242 233
f 238 243 239
f 239 243 244
f 240 245 246
f 240 246 247
f 240 247 248
f 240 248 241
f 243 249 244
f 244 249 250
f 244 250 251
f 245 252 262
f 245 262 253
f 245 253 254
f 245 254 246
f 250 255 251
f 251 255 257
f 251 257 258
f 251 258 259
f 251 259 256
f 252 260 261
f 252 261 262
f 256 259 263
f 259 264 263
f 260 265 266
f 260 266 267
f 260 267 261
f 263 264 269
f 263 269 268
f 265 270 271
f 265 271 266
f 268 269 272
f 269 273 274
f 269 274 272
f 270 275 276
f 270 276 271
f 273 277 274
f 274 277 278
f 275 279 280
f 275 280 276
f 277 281 278
f 278 281 282
f 278 282 283
f 279 284 280
f 280 284 285
f 282 286 283
f 283 286 287
f 283 287 288
f 284 289 290
f 284 290 291
f 284 291 292
f 284 292 293
f 284 293 294
f 284 294 295
f 284 295 285
f 287 296 288
f 288 296 298
f 288 298 297
f 289 299 300
f 289 300 301
f 289 301 302
f 289 302 303
f 289 303 304
f 289 304 290
f 289 305 299
f 297 298 306
f 298 307 306
f 299 305 309
f 299 309 308
f 306 307 311
f 306 311 312
f 306 312 310
f 308 309 314
f 308 314 313
f 310 312 315
f 310 315 316
f 313 314 318
f 313 318 317
f 315 319 320
f 315 320 316
f 317 318 322
f 317 322 321
f 319 323 320
f 320 323 324
f 321 322 326
f 321 326 325
f 323 327 328
f 323 328 324
f 325 326 329
f 326 330 331
f 326 331 332
f 326 332 333
f 326 333 334
f 326 334 329
f 327 335 336
f 327 336 337
f 327 337 328
f 330 338 331
f 331 338 340
f 331 340 339
f 335 341 342
f 335 342 336
f 339 340 343
f 340 344 345
f 340 345 346
f 340 346 343
f 341 347 348
f 341 348 349
f 341 349 350
f 341 350 351
f 341 351 342
f 344 352 345
f 345 352 354
f 345 354 355
f 345 355 356
f 345 356 357
f 345 357 358
f 345 358 359
f 345 359 360
f 345 360 361
f 345 361 353
f 347 362 348
f 348 362 363
f 353 361 365
f 353 365 366
f 353 366 364
f 362 367 363
f 363 367 368
f 364 366 369
f 366 370 369
f 367 371 372
f 367 372 368
f 369 370 373
f 370 374 375
f 370 375 373
f 370 376 374
f 371 377 372
f 372 377 378
f 374 376 379
f 376 380 381
f 376 381 379
f 377 382 383
f 377 383 378
f 380 384 381
f 381 384 385
f 382 386 383
f 383 386 388
f 383 388 387
f 384 389 385
f 385 389 390
f 387 388 391
f 388 392 391
f 389 393 390
f 390 393 394
f 390 394 395
f 391 392 396
f 392 397 398
f 392 398 399
f 392 399 396
f 394 400 401
f 394 401 395
f 397 402 398
f 398 402 403
f 400 403 401
f 401 403 404
f 402 405 403
f 403 406 407
f 403 407 408
f 403 408 404
f 403 405 409
f 403 409 406
f 406 409 407
f 410 411 414
f 410 414 419
f 410 419 426
f 410 426 435
f 410 435 437
f 410 437 451
f 410 451 464
f 410 464 478
f 410 478 493
f 410 493 508
f 410 508 519
f 410 519 529
f 410 529 538
f 410 538 540
f 410 540 550
f 410 550 549
f 410 549 548
f 410 548 569
f 410 569 574
f 410 574 580
f 410 580 588
f 410 588 598
f 410 598 607
f 410 607 620
f 410 620 619
f 410 619 634
f 410 634 633
f 410 633 632
f 410 632 654
f 410 654 677
f 410 677 689
f 410 689 696
f 410 696 691
f 410 691 684
f 410 684 683
f 410 683 682
f 410 682 681
f 410 681 679
f 410 679 665
f 410 665 678
f 410 678 659
f 410 659 658
f 410 658 657
f 410 657 655
f 410 655 636
f 410 636 635
f 410 635 621
f 410 621 608
f 410 608 599
f 410 599 589
f 410 589 583
f 410 583 576
f 410 576 571
f 410 571 567
f 410 567 566
f 410 566 565
f 410 565 564
f 410 564 563
f 410 563 562
f 410 562 561
f 410 561 560
f 410 560 559
f 410 559 558
f 410 558 557
f 410 557 556
f 410 556 555
f 410 555 554
f 410 554 553
f 410 553 552
f 410 552 546
f 410 546 545
f 410 545 544
f 410 544 543
f 410 543 541
f 410 541 533
f 410 533 532
f 410 532 531
f 410 531 528
f 410 528 527
f 410 527 517
f 410 517 507
f 410 507 506
f 410 506 505
f 410 505 504
f 410 504 490
f 410 490 489
f 410 489 488
f 410 488 481
f 410 481 467
f 410 467 455
f 410 455 438
f 410 438 428
f 410 428 421
f 410 421 416
f 410 416 412
f 410 412 413
f 410 413 411
f 411 413 415
f 411 415 414
f 412 416 417
f 412 417 413
f 413 417 418
f 413 418 425
f 413 425 434
f 413 434 448
f 413 448 463
f 413 463 477
f 413 477 476
f 413 476 486
f 413 486 501
f 413 501 500
f 413 500 516
f 413 516 515
f 413 515 514
f 413 514 526
f 413 526 537
f 413 537 536
f 413 536 535
f 413 535 534
f 413 534 542
f 413 542 551
f 413 551 570
f 413 570 575
f 413 575 582
f 413 582 585
f 413 585 595
f 413 595 594
f 413 594 593
f 413 593 592
f 413 592 604
f 413 604 613
f 413 613 602
f 413 602 610
f 413 610 612
f 413 612 625
f 413 625 638
f 413 638 643
f 413 643 642
f 413 642 641
f 413 641 666
f 413 666 664
f 413 664 662
f 413 662 680
f 413 680 690
f 413 690 697
f 413 697 699
f 413 699 703
f 413 703 702
f 413 702 701
f 413 701 700
f 413 700 693
f 413 693 692
f 413 692 687
f 413 687 674
f 413 674 673
f 413 673 672
f 413 672 671
f 413 671 670
f 413 670 667
f 413 667 648
f 413 648 646
f 413 646 645
f 413 645 644
f 413 644 627
f 413 627 614
f 413 614 605
f 413 605 596
f 413 596 586
f 413 586 577
f 413 577 572
f 413 572 568
f 413 568 547
f 413 547 539
f 413 539 530
f 413 530 520
f 413 520 509
f 413 509 494
f 413 494 480
f 413 480 479
f 413 479 466
f 413 466 465
f 413 465 454
f 413 454 453
f 413 453 452
f 413 452 450
f 413 450 436
f 413 436 427
f 413 427 420
f 413 420 415
f 414 415 419
f 415 420 419
f 416 421 422
f 416 422 417
f 417 422 423
f 417 423 424
f 417 424 418
f 418 424 425
f 419 420 426
f 420 427 426
f 421 428 422
f 422 429 423
f 422 428 430
f 422 430 431
f 422 431 429
f 423 429 432
f 423 432 433
f 423 433 434
f 423 434 425
f 423 425 424
f 426 427 435
f 427 436 437
f 427 437 435
f 428 438 439
f 428 439 431
f 428 431 430
f 429 440 441
f 429 441 432
f 429 431 442
f 429 442 440
f 431 439 443
f 431 443 444
f 431 444 442
f 432 445 446
f 432 446 433
f 432 441 445
f 433 446 447
f 433 447 434
f 434 447 449
f 434 449 448
f 436 450 437
f 437 450 452
f 437 452 453
f 437 453 454
f 437 454 451
f 438 455 444
f 438 444 443
f 438 443 439
f 440 442 456
f 440 456 441
f 441 456 457
f 441 457 445
f 442 444 458
f 442 458 456
f 444 459 460
f 444 460 458
f 444 455 459
f 445 457 461
f 445 461 462
f 445 462 449
f 445 449 446
f 446 449 447
f 448 449 463
f 449 462 463
f 451 454 465
f 451 465 466
f 451 466 464
f 455 467 459
f 456 458 468
f 456 468 469
f 456 469 457
f 457 469 470
f 457 470 461
f 458 460 471
f 458 471 468
f 459 467 472
f 459 472 460
f 460 473 471
f 460 472 474
f 460 474 475
f 460 475 473
f 461 470 476
f 461 476 462
f 462 476 477
f 462 477 463
f 464 466 479
f 464 479 480
f 464 480 478
f 467 481 472
f 468 471 482
f 468 482 483
f 468 483 469
f 469 483 470
f 470 483 484
f 470 484 485
f 470 485 486
f 470 486 476
f 471 473 487
f 471 487 482
f 472 481 488
f 472 488 474
f 473 475 487
f 474 488 489
f 474 489 490
f 474 490 491
f 474 491 475
f 475 491 492
f 475 492 487
f 478 480 493
f 480 494 493
f 482 487 503
f 482 503 495
f 482 495 496
f 482 496 483
f 483 496 497
f 483 497 498
f 483 498 484
f 484 498 499
f 484 499 500
f 484 500 485
f 485 500 501
f 485 501 486
f 487 492 502
f 487 502 503
f 490 504 491
f 491 504 505
f 491 505 492
f 492 505 506
f 492 506 507
f 492 507 502
f 493 494 509
f 493 509 508
f 495 503 510
f 495 510 511
f 495 511 496
f 496 511 497
f 497 512 498
f 497 511 512
f 498 512 499
f 499 512 513
f 499 513 514
f 499 514 515
f 499 515 516
f 499 516 500
f 502 507 517
f 502 517 518
f 502 518 503
f 503 518 510
f 508 509 519
f 509 520 519
f 510 518 521
f 510 521 522
f 510 522 523
f 510 523 511
f 511 523 524
f 511 524 512
f 512 524 525
f 512 525 526
f 512 526 513
f 513 526 514
f 517 527 518
f 518 527 528
f 518 528 521
f 519 520 530
f 519 530 529
f 521 528 531
f 521 531 532
f 521 532 533
f 521 533 522
f 522 533 523
f 523 533 534
f 523 534 524
f 524 534 535
f 524 535 536
f 524 536 525
f 525 536 537
f 525 537 526
f 529 530 538
f 530 539 540
f 530 540 538
f 533 541 534
f 534 541 543
f 534 543 544
f 534 544 545
f 534 545 546
f 534 546 542
f 539 547 548
f 539 548 549
f 539 549 550
f 539 550 540
f 542 546 552
f 542 552 553
f 542 553 554
f 542 554 555
f 542 555 556
f 542 556 557
f 542 557 558
f 542 558 559
f 542 559 560
f 542 560 561
f 542 561 562
f 542 562 563
f 542 563 564
f 542 564 565
f 542 565 566
f 542 566 567
f 542 567 551
f 547 568 569
f 547 569 548
f 551 567 570
f 567 571 570
f 568 572 573
f 568 573 569
f 569 573 574
f 570 571 575
f 571 576 575
f 572 577 578
f 572 578 573
f 573 578 579
f 573 579 574
f 574 579 580
f 575 581 582
f 575 576 581
f 576 583 584
f 576 584 585
f 576 585 582
f 576 582 581
f 577 586 578
f 578 587 579
f 578 586 587
f 579 587 580
f 580 587 588
f 583 589 590
f 583 590 591
f 583 591 584
f 584 591 590
f 584 590 592
f 584 592 593
f 584 593 594
f 584 594 595
f 584 595 585
f 586 596 587
f 587 597 588
f 587 596 597
f 588 597 598
f 589 599 590
f 590 600 601
f 590 601 602
f 590 602 603
f 590 603 592
f 590 599 600
f 592 603 604
f 596 605 606
f 596 606 597
f 597 606 598
f 598 606 607
f 599 608 600
f 600 609 611
f 600 611 601
f 600 608 609
f 601 610 602
f 601 611 612
f 601 612 610
f 602 613 603
f 603 613 604
f 605 614 615
f 605 615 616
f 605 616 606
f 606 616 617
f 606 617 618
f 606 618 619
f 606 619 620
f 606 620 607
f 608 621 609
f 609 622 623
f 609 623 624
f 609 624 611
f 609 621 622
f 611 624 612
f 612 624 626
f 612 626 625
f 614 627 615
f 615 628 629
f 615 629 630
f 615 630 617
f 615 617 616
f 615 627 628
f 617 630 631
f 617 631 632
f 617 632 633
f 617 633 634
f 617 634 618
f 618 634 619
f 621 635 622
f 622 635 636
f 622 636 623
f 623 637 624
f 623 636 637
f 624 637 626
f 625 626 638
f 626 637 639
f 626 639 640
f 626 640 641
f 626 641 642
f 626 642 643
f 626 643 638
f 627 644 628
f 628 644 645
f 628 645 629
f 629 645 646
f 629 646 647
f 629 647 648
f 629 648 649
f 629 649 650
f 629 650 651
f 629 651 652
f 629 652 630
f 630 652 653
f 630 653 654
f 630 654 632
f 630 632 631
f 636 655 637
f 637 656 639
f 637 655 657
f 637 657 658
f 637 658 659
f 637 659 656
f 639 660 661
f 639 661 662
f 639 662 663
f 639 663 664
f 639 664 640
f 639 656 665
f 639 665 660
f 640 664 666
f 640 666 641
f 646 648 647
f 648 667 649
f 649 668 669
f 649 669 650
f 649 667 670
f 649 670 671
f 649 671 672
f 649 672 673
f 649 673 674
f 649 674 668
f 650 669 651
f 651 669 652
f 652 669 675
f 652 675 676
f 652 676 653
f 653 676 677
f 653 677 654
f 656 659 678
f 656 678 665
f 660 665 661
f 661 665 679
f 661 679 662
f 662 664 663
f 662 679 681
f 662 681 682
f 662 682 683
f 662 683 684
f 662 684 680
f 668 685 686
f 668 686 669
f 668 674 687
f 668 687 685
f 669 686 675
f 675 686 688
f 675 688 676
f 676 689 677
f 676 688 689
f 680 684 691
f 680 691 690
f 685 687 686
f 686 687 692
f 686 692 693
f 686 693 694
f 686 694 695
f 686 695 688
f 688 695 696
f 688 696 689
f 690 691 697
f 691 696 698
f 691 698 699
f 691 699 697
f 693 700 694
f 694 700 701
f 694 701 702
f 694 702 703
f 694 703 699
f 694 699 695
f 695 699 704
f 695 704 696
f 696 704 698
f 698 704 699
f 705 706 707
f 705 707 708
f 705 708 712
f 705 712 716
f 705 716 720
f 705 720 722
f 705 722 726
f 705 726 732
f 705 732 738
f 705 738 743
f 705 743 751
f 705 751 750
f 705 750 756
f 705 756 755
f 705 755 760
f 705 760 766
f 705 766 770
f 705 770 774
f 705 774 778
f 705 778 782
f 705 782 787
f 705 787 793
f 705 793 798
f 705 798 802
f 705 802 804
f 705 804 809
f 705 809 816
f 705 816 822
f 705 822 831
f 705 831 830
f 705 830 829
f 705 829 834
f 705 834 837
f 705 837 836
f 705 836 841
f 705 841 845
f 705 845 848
f 705 848 850
f 705 850 856
f 705 856 860
f 705 860 864
f 705 864 869
f 705 869 873
f 705 873 877
f 705 877 882
f 705 882 881
f 705 881 888
f 705 888 887
f 705 887 886
f 705 886 894
f 705 894 891
f 705 891 890
f 705 890 889
f 705 889 883
f 705 883 878
f 705 878 874
f 705 874 870
f 705 870 865
f 705 865 861
f 705 861 857
f 705 857 851
f 705 851 846
f 705 846 842
f 705 842 838
f 705 838 832
f 705 832 824
f 705 824 817
f 705 817 811
f 705 811 806
f 705 806 801
f 705 801 797
f 705 797 796
f 705 796 792
f 705 792 791
f 705 791 790
f 705 790 786
f 705 786 781
f 705 781 777
f 705 777 773
f 705 773 768
f 705 768 763
f 705 763 762
f 705 762 761
f 705 761 757
f 705 757 752
f 705 752 744
f 705 744 739
f 705 739 734
f 705 734 727
f 705 727 723
f 705 723 719
f 705 719 713
f 705 713 709
f 705 709 706
f 706 709 710
f 706 710 714
f 706 714 718
f 706 718 717
f 706 717 724
f 706 724 730
f 706 730 729
f 706 729 728
f 706 728 733
f 706 733 736
f 706 736 735
f 706 735 741
f 706 741 740
f 706 740 748
f 706 748 747
f 706 747 746
f 706 746 745
f 706 745 753
f 706 753 758
f 706 758 764
f 706 764 767
f 706 767 772
f 706 772 776
f 706 776 780
f 706 780 785
f 706 785 789
f 706 789 795
f 706 795 800
f 706 800 805
f 706 805 810
f 706 810 814
f 706 814 813
f 706 813 812
f 706 812 818
f 706 818 825
f 706 825 833
f 706 833 839
f 706 839 843
f 706 843 847
f 706 847 852
f 706 852 858
f 706 858 862
f 706 862 866
f 706 866 871
f 706 871 875
f 706 875 879
f 706 879 884
f 706 884 892
f 706 892 896
f 706 896 895
f 706 895 897
f 706 897 893
f 706 893 885
f 706 885 880
f 706 880 876
f 706 876 872
f 706 872 868
f 706 868 867
f 706 867 863
f 706 863 859
f 706 859 855
f 706 855 854
f 706 854 853
f 706 853 849
f 706 849 844
f 706 844 840
f 706 840 835
f 706 835 827
f 706 827 820
f 706 820 815
f 706 815 807
f 706 807 803
f 706 803 799
f 706 799 794
f 706 794 788
f 706 788 784
f 706 784 783
f 706 783 779
f 706 779 775
f 706 775 771
f 706 771 769
f 706 769 765
f 706 765 759
f 706 759 754
f 706 754 749
f 706 749 742
f 706 742 737
f 706 737 731
f 706 731 725
f 706 725 721
f 706 721 715
f 706 715 711
f 706 711 707
f 707 711 708
f 708 711 712
f 709 713 714
f 709 714 710
f 711 715 716
f 711 716 712
f 713 717 718
f 713 718 714
f 713 719 717
f 715 720 716
f 715 721 722
f 715 722 720
f 717 719 723
f 717 723 724
f 721 725 722
f 722 725 726
f 723 727 728
f 723 728 729
f 723 729 730
f 723 730 724
f 725 731 732
f 725 732 726
f 727 733 728
f 727 734 735
f 727 735 736
f 727 736 733
f 731 737 738
f 731 738 732
f 734 739 740
f 734 740 741
f 734 741 735
f 737 742 738
f 738 742 743
f 739 744 745
f 739 745 746
f 739 746 747
f 739 747 748
f 739 748 740
f 742 749 750
f 742 750 751
f 742 751 743
f 744 752 753
f 744 753 745
f 749 754 755
f 749 755 756
f 749 756 750
f 752 757 758
f 752 758 753
f 754 759 755
f 755 759 760
f 757 761 758
f 758 761 762
f 758 762 763
f 758 763 764
f 759 765 766
f 759 766 760
f 763 767 764
f 763 768 767
f 765 769 766
f 766 769 771
f 766 771 770
f 767 768 772
f 768 773 772
f 770 771 774
f 771 775 774
f 772 773 776
f 773 777 776
f 774 775 779
f 774 779 778
f 776 777 780
f 777 781 780
f 778 779 783
f 778 783 784
f 778 784 782
f 780 781 786
f 780 786 785
f 782 784 788
f 782 788 787
f 785 786 790
f 785 790 791
f 785 791 792
f 785 792 789
f 787 788 794
f 787 794 793
f 789 792 796
f 789 796 797
f 789 797 795
f 793 794 798
f 794 799 798
f 795 797 800
f 797 801 800
f 798 799 802
f 799 803 804
f 799 804 802
f 800 801 805
f 801 806 805
f 803 807 808
f 803 808 809
f 803 809 804
f 805 806 810
f 806 811 812
f 806 812 813
f 806 813 814
f 806 814 810
f 807 815 816
f 807 816 808
f 808 816 809
f 811 817 818
f 811 818 812
f 815 819 816
f 815 820 821
f 815 821 819
f 816 819 823
f 816 823 822
f 817 824 825
f 817 825 818
f 819 826 823
f 819 821 826
f 820 827 828
f 820 828 821
f 821 828 827
f 821 827 829
f 821 829 830
f 821 830 831
f 821 831 822
f 821 822 826
f 822 823 826
f 824 832 825
f 825 832 833
f 827 834 829
f 827 835 836
f 827 836 837
f 827 837 834
f 832 838 833
f 833 838 839
f 835 840 841
f 835 841 836
f 838 842 839
f 839 842 843
f 840 844 845
f 840 845 841
f 842 846 843
f 843 846 847
f 844 848 845
f 844 849 850
f 844 850 848
f 846 851 852
f 846 852 847
f 849 853 850
f 850 853 854
f 850 854 855
f 850 855 856
f 851 857 858
f 851 858 852
f 855 859 856
f 856 859 860
f 857 861 862
f 857 862 858
f 859 863 860
f 860 863 864
f 861 865 866
f 861 866 862
f 863 867 864
f 864 867 868
f 864 868 869
f 865 870 871
f 865 871 866
f 868 872 869
f 869 872 873
f 870 874 875
f 870 875 871
f 872 876 877
f 872 877 873
f 874 878 879
f 874 879 875
f 876 880 881
f 876 881 882
f 876 882 877
f 878 883 879
f 879 883 884
f 880 885 886
f 880 886 887
f 880 887 888
f 880 888 881
f 883 889 884
f 884 889 890
f 884 890 891
f 884 891 892
f 885 893 894
f 885 894 886
f 891 894 895
f 891 895 896
f 891 896 892
f 893 897 894
f 894 897 895
f 898 899 900
f 898 900 901
f 898 901 902
f 898 902 903
f 898 903 904
f 898 904 905
f 898 905 906
f 898 906 907
f 898 907 908
f 898 908 909
f 898 909 899
f 899 909 917
f 899 917 900
f 900 910 911
f 900 911 912
f 900 912 913
f 900 913 914
f 900 914 915
f 900 915 916
f 900 916 901
f 900 917 918
f 900 918 910
f 901 915 919
f 901 919 920
f 901 920 902
f 901 916 915
f 902 920 921
f 902 921 922
f 902 922 923
f 902 923 903
f 903 923 924
f 903 924 904
f 904 924 925
f 904 925 906
f 904 906 905
f 906 926 927
f 906 927 928
f 906 928 929
f 906 929 930
f 906 930 907
f 906 925 926
f 907 930 908
f 908 931 909
f 908 930 932
f 908 932 931
f 909 931 917
f 910 918 933
f 910 933 934
f 910 934 935
f 910 935 936
f 910 936 937
f 910 937 938
f 910 938 939
f 910 939 911
f 911 939 912
f 912 939 913
f 913 940 919
f 913 919 914
f 913 939 941
f 913 941 940
f 914 919 915
f 917 931 932
f 917 932 942
f 917 942 918
f 918 942 943
f 918 943 933
f 919 940 944
f 919 944 945
f 919 945 946
f 919 946 947
f 919 947 948
f 919 948 920
f 920 948 921
f 921 948 949
f 921 949 950
f 921 950 951
f 921 951 922
f 922 951 923
f 923 951 952
f 923 952 953
f 923 953 924
f 924 953 954
f 924 954 955
f 924 955 956
f 924 956 925
f 925 956 957
f 925 957 958
f 925 958 926
f 926 958 959
f 926 959 927
f 927 959 960
f 927 960 961
f 927 961 962
f 927 962 963
f 927 963 928
f 928 963 964
f 928 964 932
f 928 932 929
f 929 932 930
f 932 965 942
f 932 964 966
f 932 966 965
f 933 967 934
f 933 943 968
f 933 968 969
f 933 969 967
f 934 967 970
f 934 970 935
f 935 970 971
f 935 971 972
f 935 972 936
f 936 972 973
f 936 973 974
f 936 974 975
f 936 975 976
f 936 976 937
f 937 976 938
f 938 976 939
f 939 976 977
f 939 977 941
f 940 978 979
f 940 979 944
f 940 941 980
f 940 980 981
f 940 981 978
f 941 977 982
f 941 982 983
f 941 983 980
f 942 984 943
f 942 965 984
f 943 984 985
f 943 985 968
f 944 979 945
f 945 979 981
f 945 981 946
f 946 986 947
f 946 981 987
f 946 987 988
f 946 988 989
f 946 989 986
f 947 949 948
f 947 986 949
f 949 986 990
f 949 990 950
f 950 990 991
f 950 991 992
f 950 992 993
f 950 993 951
f 951 993 994
f 951 994 995
f 951 995 952
f 952 995 996
f 952 996 953
f 953 996 997
f 953 997 998
f 953 998 999
f 953 999 954
f 954 956 955
f 954 999 956
f 956 1000 959
f 956 959 957
f 956 999 1001
f 956 1001 1002
f 956 1002 1003
f 956 1003 1000
f 957 959 958
f 959 1000 960
f 960 1000 1004
f 960 1004 1005
f 960 1005 961
f 961 1005 1006
f 961 1006 1007
f 961 1007 1008
f 961 1008 962
f 962 1009 963
f 962 1008 1007
f 962 1007 1010
f 962 1010 1009
f 963 1011 964
f 963 1009 1011
f 964 1011 1012
f 964 1012 966
f 965 966 1013
f 965 1013 1014
f 965 1014 984
f 966 1012 1013
f 967 969 1015
f 967 1015 970
f 968 985 969
f 969 1016 1015
f 969 985 1017
f 969 1017 1016
f 970 1018 1019
f 970 1019 971
f 970 1015 1018
f 971 1019 1020
f 971 1020 1021
f 971 1021 972
f 972 1022 973
f 972 1021 1022
f 973 1023 1024
f 973 1024 975
f 973 975 1025
f 973 1025 974
f 973 1022 1023
f 974 1025 975
f 975 1024 1026
f 975 1026 1027
f 975 1027 977
f 975 977 976
f 977 1027 1028
f 977 1028 982
f 978 981 979
f 980 983 981
f 981 983 1029
f 981 1029 1030
f 981 1030 1031
f 981 1031 1032
f 981 1032 1033
f 981 1033 987
f 982 1028 983
f 983 1028 1034
f 983 1034 1035
f 983 1035 1029
f 984 1014 1036
f 984 1036 985
f 985 1036 1037
f 985 1037 1017
f 986 1038 990
f 986 989 1038
f 987 1033 988
f 988 1033 1039
f 988 1039 1040
f 988 1040 1041
f 988 1041 1042
f 988 1042 989
f 989 1042 1038
f 990 1038 1042
f 990 1042 991
f 991 1042 1043
f 991 1043 1044
f 991 1044 1045
f 991 1045 1046
f 991 1046 1047
f 991 1047 992
f 992 1047 993
f 993 1048 1049
f 993 1049 994
f 993 1047 1050
f 993 1050 1048
f 994 1051 995
f 994 1049 1051
f 995 1051 1052
f 995 1052 1053
f 995 1053 996
f 996 1053 1054
f 996 1054 1055
f 996 1055 1056
f 996 1056 997
f 997 1057 1058
f 997 1058 998
f 997 1056 1055
f 997 1055 1059
f 997 1059 1060
f 997 1060 1061
f 997 1061 1057
f 998 1058 999
f 999 1058 1062
f 999 1062 1001
f 1000 1003 1004
f 1001 1062 1063
f 1001 1063 1002
f 1002 1063 1003
f 1003 1063 1064
f 1003 1064 1065
f 1003 1065 1005
f 1003 1005 1004
f 1005 1065 1066
f 1005 1066 1067
f 1005 1067 1068
f 1005 1068 1069
f 1005 1069 1070
f 1005 1070 1006
f 1006 1070 1007
f 1007 1071 1072
f 1007 1072 1073
f 1007 1073 1010
f 1007 1070 1071
f 1009 1010 1074
f 1009 1074 1075
f 1009 1075 1012
f 1009 1012 1011
f 1010 1073 1074
f 1012 1075 1076
f 1012 1076 1077
f 1012 1077 1078
f 1012 1078 1013
f 1013 1078 1077
f 1013 1077 1079
f 1013 1079 1080
f 1013 1080 1014
f 1014 1080 1081
f 1014 1081 1036
f 1015 1016 1082
f 1015 1082 1083
f 1015 1083 1018
f 1016 1017 1084
f 1016 1084 1085
f 1016 1085 1086
f 1016 1086 1082
f 1017 1037 1084
f 1018 1087 1019
f 1018 1083 1088
f 1018 1088 1087
f 1019 1087 1089
f 1019 1089 1020
f 1020 1089 1087
f 1020 1087 1167
f 1020 1167 1258
f 1020 1258 1280
f 1020 1280 1279
f 1020 1279 1278
f 1020 1278 1277
f 1020 1277 1276
f 1020 1276 1275
f 1020 1275 1274
f 1020 1274 1273
f 1020 1273 1272
f 1020 1272 1271
f 1020 1271 1270
f 1020 1270 1269
f 1020 1269 1268
f 1020 1268 1352
f 1020 1352 1453
f 1020 1453 1556
f 1020 1556 1650
f 1020 1650 1748
f 1020 1748 1836
f 1020 1836 1835
f 1020 1835 1834
f 1020 1834 1833
f 1020 1833 1832
f 1020 1832 1900
f 1020 1900 1824
f 1020 1824 1734
f 1020 1734 1731
f 1020 1731 1730
f 1020 1730 1729
f 1020 1729 1728
f 1020 1728 1727
f 1020 1727 1822
f 1020 1822 1821
f 1020 1821 1812
f 1020 1812 1811
f 1020 1811 1810
f 1020 1810 1809
f 1020 1809 1887
f 1020 1887 1886
f 1020 1886 1950
f 1020 1950 1949
f 1020 1949 1952
f 1020 1952 1951
f 1020 1951 1899
f 1020 1899 1898
f 1020 1898 1897
f 1020 1897 1956
f 1020 1956 1954
f 1020 1954 2002
f 1020 2002 1997
f 1020 1997 2034
f 1020 2034 2030
f 1020 2030 2029
f 1020 2029 2023
f 1020 2023 2022
f 1020 2022 2021
f 1020 2021 2020
f 1020 2020 2019
f 1020 2019 2024
f 1020 2024 1985
f 1020 1985 1984
f 1020 1984 2026
f 1020 2026 2025
f 1020 2025 2045
f 1020 2045 2048
f 1020 2048 2047
f 1020 2047 2046
f 1020 2046 2049
f 1020 2049 2051
f 1020 2051 2039
f 1020 2039 2015
f 1020 2015 2014
f 1020 2014 1971
f 1020 1971 1919
f 1020 1919 1918
f 1020 1918 1917
f 1020 1917 1916
f 1020 1916 1915
f 1020 1915 1914
f 1020 1914 1911
f 1020 1911 1851
f 1020 1851 1769
f 1020 1769 1680
f 1020 1680 1679
f 1020 1679 1668
f 1020 1668 1667
f 1020 1667 1580
f 1020 1580 1579
f 1020 1579 1486
f 1020 1486 1482
f 1020 1482 1481
f 1020 1481 1577
f 1020 1577 1576
f 1020 1576 1575
f 1020 1575 1574
f 1020 1574 1573
f 1020 1573 1666
f 1020 1666 1758
f 1020 1758 1661
f 1020 1661 1660
f 1020 1660 1757
f 1020 1757 1753
f 1020 1753 1752
f 1020 1752 1751
f 1020 1751 1749
f 1020 1749 1651
f 1020 1651 1557
f 1020 1557 1455
f 1020 1455 1356
f 1020 1356 1354
f 1020 1354 1259
f 1020 1259 1168
f 1020 1168 1090
f 1020 1090 1023
f 1020 1023 1021
f 1021 1023 1022
f 1023 1090 1024
f 1024 1090 1091
f 1024 1091 1027
f 1024 1027 1026
f 1027 1091 1092
f 1027 1092 1028
f 1028 1092 1093
f 1028 1093 1094
f 1028 1094 1034
f 1029 1035 1030
f 1030 1035 1034
f 1030 1034 1094
f 1030 1094 1095
f 1030 1095 1096
f 1030 1096 1097
f 1030 1097 1098
f 1030 1098 1099
f 1030 1099 1100
f 1030 1100 1031
f 1031 1100 1101
f 1031 1101 1032
f 1032 1101 1102
f 1032 1102 1103
f 1032 1103 1033
f 1033 1103 1104
f 1033 1104 1040
f 1033 1040 1039
f 1036 1081 1105
f 1036 1105 1106
f 1036 1106 1107
f 1036 1107 1037
f 1037 1107 1108
f 1037 1108 1109
f 1037 1109 1084
f 1040 1104 1110
f 1040 1110 1111
f 1040 1111 1112
f 1040 1112 1113
f 1040 1113 1114
f 1040 1114 1041
f 1041 1114 1115
f 1041 1115 1042
f 1042 1115 1116
f 1042 1116 1043
f 1043 1116 1044
f 1044 1117 1045
f 1044 1116 1115
f 1044 1115 1118
f 1044 1118 1117
f 1045 1117 1119
f 1045 1119 1046
f 1046 1119 1120
f 1046 1120 1047
f 1047 1120 1121
f 1047 1121 1122
f 1047 1122 1123
f 1047 1123 1124
f 1047 1124 1125
f 1047 1125 1126
f 1047 1126 1127
f 1047 1127 1050
f 1048 1128 1129
f 1048 1129 1049
f 1048 1050 1128
f 1049 1129 1130
f 1049 1130 1051
f 1050 1127 1131
f 1050 1131 1128
f 1051 1130 1132
f 1051 1132 1133
f 1051 1133 1134
f 1051 1134 1135
f 1051 1135 1052
f 1052 1135 1134
f 1052 1134 1136
f 1052 1136 1137
f 1052 1137 1138
f 1052 1138 1139
f 1052 1139 1053
f 1053 1139 1140
f 1053 1140 1141
f 1053 1141 1142
f 1053 1142 1054
f 1054 1142 1055
f 1055 1142 1141
f 1055 1141 1143
f 1055 1143 1059
f 1057 1144 1058
f 1057 1061 1144
f 1058 1144 1063
f 1058 1063 1062
f 1059 1143 1145
f 1059 1145 1060
f 1060 1145 1146
f 1060 1146 1061
f 1061 1146 1147
f 1061 1147 1148
f 1061 1148 1149
f 1061 1149 1063
f 1061 1063 1144
f 1063 1149 1150
f 1063 1150 1064
f 1064 1150 1066
f 1064 1066 1065
f 1066 1150 1151
f 1066 1151 1067
f 1067 1151 1152
f 1067 1152 1153
f 1067 1153 1154
f 1067 1154 1068
f 1068 1154 1069
f 1069 1154 1155
f 1069 1155 1070
f 1070 1156 1157
f 1070 1157 1071
f 1070 1155 1156
f 1071 1158 1074
f 1071 1074 1072
f 1071 1157 1158
f 1072 1074 1073
f 1074 1076 1075
f 1074 1158 1159
f 1074 1159 1076
f 1076 1159 1160
f 1076 1160 1161
f 1076 1161 1162
f 1076 1162 1077
f 1077 1162 1163
f 1077 1163 1079
f 1079 1163 1080
f 1080 1164 1106
f 1080 1106 1105
f 1080 1105 1081
f 1080 1163 1164
f 1082 1086 1083
f 1083 1086 1088
f 1084 1109 1165
f 1084 1165 1085
f 1085 1165 1166
f 1085 1166 1086
f 1086 1166 1087
f 1086 1087 1088
f 1087 1166 1167
f 1090 1168 1169
f 1090 1169 1092
f 1090 1092 1091
f 1092 1169 1170
f 1092 1170 1093
f 1093 1170 1094
f 1094 1170 1171
f 1094 1171 1172
f 1094 1172 1173
f 1094 1173 1174
f 1094 1174 1095
f 1095 1174 1096
f 1096 1174 1097
f 1097 1175 1098
f 1097 1174 1175
f 1098 1176 1177
f 1098 1177 1178
f 1098 1178 1179
f 1098 1179 1180
f 1098 1180 1099
f 1098 1175 1176
f 1099 1181 1100
f 1099 1180 1181
f 1100 1181 1101
f 1101 1181 1178
f 1101 1178 1102
f 1102 1178 1103
f 1103 1178 1104
f 1104 1178 1182
f 1104 1182 1110
f 1106 1164 1107
f 1107 1164 1183
f 1107 1183 1184
f 1107 1184 1108
f 1108 1184 1185
f 1108 1185 1186
f 1108 1186 1109
f 1109 1186 1187
f 1109 1187 1165
f 1110 1182 1111
f 1111 1182 1112
f 1112 1188 1113
f 1112 1182 1188
f 1113 1188 1189
f 1113 1189 1190
f 1113 1190 1114
f 1114 1190 1115
f 1115 1190 1191
f 1115 1191 1118
f 1117 1118 1192
f 1117 1192 1193
f 1117 1193 1194
f 1117 1194 1195
f 1117 1195 1119
f 1118 1191 1192
f 1119 1195 1196
f 1119 1196 1197
f 1119 1197 1121
f 1119 1121 1120
f 1121 1198 1199
f 1121 1199 1200
f 1121 1200 1122
f 1121 1197 1198
f 1122 1200 1201
f 1122 1201 1123
f 1123 1201 1202
f 1123 1202 1124
f 1124 1202 1203
f 1124 1203 1125
f 1125 1203 1204
f 1125 1204 1205
f 1125 1205 1206
f 1125 1206 1207
f 1125 1207 1127
f 1125 1127 1126
f 1127 1207 1208
f 1127 1208 1209
f 1127 1209 1131
f 1128 1131 1210
f 1128 1210 1211
f 1128 1211 1212
f 1128 1212 1213
f 1128 1213 1129
f 1129 1213 1132
f 1129 1132 1130
f 1131 1209 1210
f 1132 1214 1215
f 1132 1215 1133
f 1132 1213 1214
f 1133 1215 1134
f 1134 1216 1217
f 1134 1217 1136
f 1134 1215 1218
f 1134 1218 1216
f 1136 1217 1137
f 1137 1217 1219
f 1137 1219 1220
f 1137 1220 1138
f 1138 1220 1221
f 1138 1221 1222
f 1138 1222 1139
f 1139 1223 1224
f 1139 1224 1225
f 1139 1225 1140
f 1139 1222 1223
f 1140 1225 1226
f 1140 1226 1227
f 1140 1227 1141
f 1141 1227 1143
f 1143 1228 1229
f 1143 1229 1230
f 1143 1230 1231
f 1143 1231 1145
f 1143 1227 1228
f 1145 1231 1232
f 1145 1232 1233
f 1145 1233 1234
f 1145 1234 1235
f 1145 1235 1236
f 1145 1236 1237
f 1145 1237 1146
f 1146 1237 1238
f 1146 1238 1147
f 1147 1238 1239
f 1147 1239 1148
f 1148 1239 1150
f 1148 1150 1149
f 1150 1239 1151
f 1151 1239 1152
f 1152 1239 1240
f 1152 1240 1241
f 1152 1241 1242
f 1152 1242 1243
f 1152 1243 1153
f 1153 1243 1244
f 1153 1244 1155
f 1153 1155 1154
f 1155 1245 1246
f 1155 1246 1247
f 1155 1247 1156
f 1155 1244 1245
f 1156 1247 1157
f 1157 1247 1248
f 1157 1248 1158
f 1158 1248 1159
f 1159 1249 1160
f 1159 1248 1250
f 1159 1250 1251
f 1159 1251 1249
f 1160 1249 1161
f 1161 1249 1252
f 1161 1252 1253
f 1161 1253 1254
f 1161 1254 1255
f 1161 1255 1163
f 1161 1163 1162
f 1163 1255 1164
f 1164 1256 1183
f 1164 1255 1257
f 1164 1257 1256
f 1165 1187 1258
f 1165 1258 1167
f 1165 1167 1166
f 1168 1259 1260
f 1168 1260 1261
f 1168 1261 1170
f 1168 1170 1169
f 1170 1261 1172
f 1170 1172 1171
f 1172 1261 1260
f 1172 1260 1262
f 1172 1262 1263
f 1172 1263 1173
f 1173 1263 1175
f 1173 1175 1174
f 1175 1263 1264
f 1175 1264 1176
f 1176 1264 1177
f 1177 1264 1265
f 1177 1265 1178
f 1178 1265 1266
f 1178 1266 1267
f 1178 1267 1189
f 1178 1189 1188
f 1178 1188 1182
f 1178 1181 1179
f 1179 1181 1180
f 1183 1256 1184
f 1184 1256 1268
f 1184 1268 1269
f 1184 1269 1270
f 1184 1270 1271
f 1184 1271 1185
f 1185 1271 1272
f 1185 1272 1186
f 1186 1272 1273
f 1186 1273 1274
f 1186 1274 1275
f 1186 1275 1276
f 1186 1276 1277
f 1186 1277 1278
f 1186 1278 1187
f 1187 1278 1279
f 1187 1279 1280
f 1187 1280 1258
f 1189 1267 1281
f 1189 1281 1190
f 1190 1281 1282
f 1190 1282 1191
f 1191 1282 1192
f 1192 1283 1284
f 1192 1284 1193
f 1192 1282 1283
f 1193 1285 1194
f 1193 1284 1285
f 1194 1285 1286
f 1194 1286 1287
f 1194 1287 1288
f 1194 1288 1289
f 1194 1289 1195
f 1195 1289 1196
f 1196 1289 1290
f 1196 1290 1291
f 1196 1291 1292
f 1196 1292 1197
f 1197 1292 1198
f 1198 1292 1293
f 1198 1293 1199
f 1199 1293 1294
f 1199 1294 1295
f 1199 1295 1296
f 1199 1296 1200
f 1200 1296 1201
f 1201 1296 1297
f 1201 1297 1202
f 1202 1297 1204
f 1202 1204 1203
f 1204 1297 1298
f 1204 1298 1300
f 1204 1300 1205
f 1205 1299 1206
f 1205 1300 1383
f 1205 1383 1301
f 1205 1301 1302
f 1205 1302 1208
f 1205 1208 1299
f 1206 1299 1208
f 1206 1208 1207
f 1208 1303 1304
f 1208 1304 1209
f 1208 1302 1303
f 1209 1304 1211
f 1209 1211 1210
f 1211 1304 1305
f 1211 1305 1212
f 1212 1306 1307
f 1212 1307 1213
f 1212 1305 1306
f 1213 1307 1308
f 1213 1308 1215
f 1213 1215 1214
f 1215 1308 1309
f 1215 1309 1310
f 1215 1310 1218
f 1216 1311 1217
f 1216 1218 1312
f 1216 1312 1311
f 1217 1311 1313
f 1217 1313 1314
f 1217 1314 1219
f 1218 1310 1309
f 1218 1309 1315
f 1218 1315 1316
f 1218 1316 1312
f 1219 1314 1317
f 1219 1317 1220
f 1220 1317 1318
f 1220 1318 1221
f 1221 1318 1222
f 1222 1318 1319
f 1222 1319 1320
f 1222 1320 1321
f 1222 1321 1223
f 1223 1321 1224
f 1224 1321 1322
f 1224 1322 1225
f 1225 1323 1226
f 1225 1322 1324
f 1225 1324 1323
f 1226 1323 1325
f 1226 1325 1227
f 1227 1325 1326
f 1227 1326 1327
f 1227 1327 1228
f 1228 1327 1229
f 1229 1327 1326
f 1229 1326 1230
f 1230 1326 1325
f 1230 1325 1328
f 1230 1328 1329
f 1230 1329 1330
f 1230 1330 1232
f 1230 1232 1231
f 1232 1330 1233
f 1233 1330 1331
f 1233 1331 1332
f 1233 1332 1234
f 1234 1332 1236
f 1234 1236 1235
f 1236 1333 1237
f 1236 1332 1333
f 1237 1333 1334
f 1237 1334 1335
f 1237 1335 1336
f 1237 1336 1337
f 1237 1337 1240
f 1237 1240 1238
f 1238 1240 1239
f 1240 1337 1338
f 1240 1338 1339
f 1240 1339 1241
f 1241 1339 1340
f 1241 1340 1341
f 1241 1341 1342
f 1241 1342 1242
f 1242 1342 1243
f 1243 1342 1244
f 1244 1342 1245
f 1245 1343 1246
f 1245 1342 1341
f 1245 1341 1344
f 1245 1344 1343
f 1246 1343 1250
f 1246 1250 1247
f 1247 1250 1248
f 1249 1251 1252
f 1250 1343 1251
f 1251 1343 1345
f 1251 1345 1346
f 1251 1346 1252
f 1252 1347 1253
f 1252 1346 1348
f 1252 1348 1347
f 1253 1347 1254
f 1254 1349 1350
f 1254 1350 1257
f 1254 1257 1255
f 1254 1347 1351
f 1254 1351 1349
f 1256 1352 1268
f 1256 1257 1350
f 1256 1350 1353
f 1256 1353 1352
f 1259 1354 1260
f 1260 1355 1264
f 1260 1264 1262
f 1260 1354 1356
f 1260 1356 1355
f 1262 1264 1263
f 1264 1355 1357
f 1264 1357 1358
f 1264 1358 1359
f 1264 1359 1265
f 1265 1359 1360
f 1265 1360 1266
f 1266 1360 1267
f 1267 1360 1361
f 1267 1361 1362
f 1267 1362 1281
f 1281 1362 1282
f 1282 1362 1283
f 1283 1363 1284
f 1283 1362 1363
f 1284 1363 1285
f 1285 1364 1286
f 1285 1363 1364
f 1286 1365 1287
f 1286 1364 1365
f 1287 1289 1288
f 1287 1365 1291
f 1287 1291 1290
f 1287 1290 1366
f 1287 1366 1289
f 1289 1366 1290
f 1291 1367 1368
f 1291 1368 1292
f 1291 1365 1364
f 1291 1364 1369
f 1291 1369 1370
f 1291 1370 1367
f 1292 1371 1293
f 1292 1368 1367
f 1292 1367 1372
f 1292 1372 1371
f 1293 1371 1373
f 1293 1373 1374
f 1293 1374 1375
f 1293 1375 1294
f 1294 1376 1377
f 1294 1377 1295
f 1294 1375 1378
f 1294 1378 1376
f 1295 1377 1379
f 1295 1379 1296
f 1296 1380 1297
f 1296 1379 1380
f 1297 1300 1298
f 1297 1380 1377
f 1297 1377 1381
f 1297 1381 1382
f 1297 1382 1300
f 1300 1382 1384
f 1300 1384 1385
f 1300 1385 1386
f 1300 1386 1383
f 1301 1383 1479
f 1301 1479 1387
f 1301 1387 1302
f 1302 1387 1388
f 1302 1388 1303
f 1303 1388 1389
f 1303 1389 1390
f 1303 1390 1391
f 1303 1391 1304
f 1304 1391 1305
f 1305 1391 1392
f 1305 1392 1393
f 1305 1393 1394
f 1305 1394 1306
f 1306 1394 1307
f 1307 1394 1308
f 1308 1395 1396
f 1308 1396 1309
f 1308 1394 1395
f 1309 1396 1397
f 1309 1397 1315
f 1311 1398 1313
f 1311 1312 1399
f 1311 1399 1398
f 1312 1316 1400
f 1312 1400 1399
f 1313 1398 1401
f 1313 1401 1314
f 1314 1401 1317
f 1315 1397 1402
f 1315 1402 1403
f 1315 1403 1404
f 1315 1404 1400
f 1315 1400 1316
f 1317 1401 1318
f 1318 1401 1405
f 1318 1405 1406
f 1318 1406 1319
f 1319 1406 1407
f 1319 1407 1408
f 1319 1408 1409
f 1319 1409 1410
f 1319 1410 1321
f 1319 1321 1320
f 1321 1411 1412
f 1321 1412 1413
f 1321 1413 1414
f 1321 1414 1322
f 1321 1410 1415
f 1321 1415 1411
f 1322 1414 1416
f 1322 1416 1417
f 1322 1417 1418
f 1322 1418 1325
f 1322 1325 1323
f 1322 1323 1324
f 1325 1419 1420
f 1325 1420 1421
f 1325 1421 1422
f 1325 1422 1328
f 1325 1418 1417
f 1325 1417 1419
f 1328 1422 1421
f 1328 1421 1329
f 1329 1423 1424
f 1329 1424 1425
f 1329 1425 1426
f 1329 1426 1330
f 1329 1421 1423
f 1330 1426 1427
f 1330 1427 1428
f 1330 1428 1429
f 1330 1429 1331
f 1331 1430 1431
f 1331 1431 1432
f 1331 1432 1332
f 1331 1429 1433
f 1331 1433 1430
f 1332 1432 1434
f 1332 1434 1333
f 1333 1434 1435
f 1333 1435 1436
f 1333 1436 1334
f 1334 1437 1438
f 1334 1438 1335
f 1334 1436 1439
f 1334 1439 1440
f 1334 1440 1437
f 1335 1438 1336
f 1336 1438 1441
f 1336 1441 1442
f 1336 1442 1337
f 1337 1442 1338
f 1338 1442 1443
f 1338 1443 1339
f 1339 1443 1340
f 1340 1444 1341
f 1340 1443 1444
f 1341 1444 1344
f 1343 1344 1444
f 1343 1444 1445
f 1343 1445 1345
f 1345 1446 1447
f 1345 1447 1346
f 1345 1445 1448
f 1345 1448 1446
f 1346 1449 1348
f 1346 1447 1449
f 1347 1348 1449
f 1347 1449 1450
f 1347 1450 1351
f 1349 1353 1350
f 1349 1351 1451
f 1349 1451 1452
f 1349 1452 1453
f 1349 1453 1353
f 1351 1450 1451
f 1352 1353 1453
f 1355 1454 1357
f 1355 1356 1455
f 1355 1455 1454
f 1357 1454 1358
f 1358 1456 1457
f 1358 1457 1458
f 1358 1458 1459
f 1358 1459 1460
f 1358 1460 1360
f 1358 1360 1359
f 1358 1454 1456
f 1360 1460 1461
f 1360 1461 1361
f 1361 1461 1462
f 1361 1462 1362
f 1362 1462 1363
f 1363 1462 1463
f 1363 1463 1364
f 1364 1463 1369
f 1367 1370 1464
f 1367 1464 1465
f 1367 1465 1466
f 1367 1466 1372
f 1369 1463 1462
f 1369 1462 1467
f 1369 1467 1370
f 1370 1467 1464
f 1371 1372 1468
f 1371 1468 1373
f 1372 1466 1468
f 1373 1468 1374
f 1374 1469 1375
f 1374 1468 1470
f 1374 1470 1471
f 1374 1471 1469
f 1375 1469 1378
f 1376 1378 1377
f 1377 1380 1379
f 1377 1378 1472
f 1377 1472 1473
f 1377 1473 1474
f 1377 1474 1475
f 1377 1475 1381
f 1378 1469 1476
f 1378 1476 1477
f 1378 1477 1472
f 1381 1475 1382
f 1382 1475 1478
f 1382 1478 1384
f 1383 1386 1479
f 1384 1480 1385
f 1384 1478 1481
f 1384 1481 1480
f 1385 1480 1481
f 1385 1481 1482
f 1385 1482 1386
f 1386 1483 1484
f 1386 1484 1485
f 1386 1485 1479
f 1386 1482 1486
f 1386 1486 1483
f 1387 1479 1488
f 1387 1488 1388
f 1388 1487 1389
f 1388 1488 1586
f 1388 1586 1487
f 1389 1487 1390
f 1390 1487 1489
f 1390 1489 1392
f 1390 1392 1391
f 1392 1490 1491
f 1392 1491 1393
f 1392 1489 1490
f 1393 1491 1492
f 1393 1492 1493
f 1393 1493 1394
f 1394 1493 1395
f 1395 1493 1396
f 1396 1494 1397
f 1396 1493 1494
f 1397 1494 1402
f 1398 1399 1401
f 1399 1400 1495
f 1399 1495 1496
f 1399 1496 1497
f 1399 1497 1401
f 1400 1498 1499
f 1400 1499 1500
f 1400 1500 1495
f 1400 1404 1498
f 1401 1497 1501
f 1401 1501 1405
f 1402 1502 1404
f 1402 1404 1403
f 1402 1494 1503
f 1402 1503 1504
f 1402 1504 1505
f 1402 1505 1502
f 1404 1502 1506
f 1404 1506 1498
f 1405 1501 1507
f 1405 1507 1406
f 1406 1508 1407
f 1406 1507 1509
f 1406 1509 1510
f 1406 1510 1508
f 1407 1511 1408
f 1407 1508 1511
f 1408 1511 1512
f 1408 1512 1409
f 1409 1415 1410
f 1409 1512 1411
f 1409 1411 1415
f 1411 1513 1514
f 1411 1514 1515
f 1411 1515 1516
f 1411 1516 1412
f 1411 1512 1517
f 1411 1517 1513
f 1412 1516 1518
f 1412 1518 1413
f 1413 1518 1516
f 1413 1516 1519
f 1413 1519 1520
f 1413 1520 1414
f 1414 1520 1416
f 1416 1520 1417
f 1417 1520 1521
f 1417 1521 1522
f 1417 1522 1523
f 1417 1523 1419
f 1419 1524 1525
f 1419 1525 1420
f 1419 1523 1524
f 1420 1525 1526
f 1420 1526 1527
f 1420 1527 1528
f 1420 1528 1529
f 1420 1529 1530
f 1420 1530 1421
f 1421 1530 1531
f 1421 1531 1424
f 1421 1424 1423
f 1424 1531 1530
f 1424 1530 1425
f 1425 1532 1533
f 1425 1533 1426
f 1425 1530 1534
f 1425 1534 1532
f 1426 1533 1535
f 1426 1535 1427
f 1427 1535 1533
f 1427 1533 1536
f 1427 1536 1428
f 1428 1536 1429
f 1429 1536 1537
f 1429 1537 1433
f 1430 1433 1434
f 1430 1434 1431
f 1431 1434 1432
f 1433 1537 1538
f 1433 1538 1434
f 1434 1538 1539
f 1434 1539 1540
f 1434 1540 1440
f 1434 1440 1435
f 1435 1440 1436
f 1436 1440 1439
f 1437 1440 1541
f 1437 1541 1542
f 1437 1542 1543
f 1437 1543 1438
f 1438 1543 1544
f 1438 1544 1441
f 1440 1540 1545
f 1440 1545 1541
f 1441 1546 1547
f 1441 1547 1442
f 1441 1544 1546
f 1442 1547 1548
f 1442 1548 1549
f 1442 1549 1443
f 1443 1549 1444
f 1444 1549 1445
f 1445 1549 1548
f 1445 1548 1550
f 1445 1550 1448
f 1446 1551 1447
f 1446 1448 1552
f 1446 1552 1551
f 1447 1551 1449
f 1448 1550 1552
f 1449 1553 1450
f 1449 1551 1554
f 1449 1554 1553
f 1450 1553 1451
f 1451 1553 1555
f 1451 1555 1452
f 1452 1555 1556
f 1452 1556 1453
f 1454 1455 1456
f 1455 1557 1558
f 1455 1558 1559
f 1455 1559 1456
f 1456 1559 1458
f 1456 1458 1457
f 1458 1559 1558
f 1458 1558 1560
f 1458 1560 1561
f 1458 1561 1562
f 1458 1562 1462
f 1458 1462 1459
f 1459 1462 1460
f 1460 1462 1461
f 1462 1562 1563
f 1462 1563 1467
f 1464 1467 1465
f 1465 1564 1466
f 1465 1467 1565
f 1465 1565 1564
f 1466 1564 1468
f 1467 1563 1566
f 1467 1566 1567
f 1467 1567 1565
f 1468 1564 1568
f 1468 1568 1470
f 1469 1471 1476
f 1470 1568 1569
f 1470 1569 1471
f 1471 1569 1570
f 1471 1570 1476
f 1472 1477 1473
f 1473 1477 1571
f 1473 1571 1572
f 1473 1572 1573
f 1473 1573 1474
f 1474 1573 1574
f 1474 1574 1575
f 1474 1575 1475
f 1475 1575 1576
f 1475 1576 1577
f 1475 1577 1478
f 1476 1571 1477
f 1476 1570 1578
f 1476 1578 1571
f 1478 1577 1481
f 1479 1485 1488
f 1483 1486 1579
f 1483 1579 1580
f 1483 1580 1484
f 1484 1581 1485
f 1484 1580 1581
f 1485 1581 1582
f 1485 1582 1488
f 1487 1583 1584
f 1487 1584 1585
f 1487 1585 1489
f 1487 1586 1583
f 1488 1582 1587
f 1488 1587 1586
f 1489 1585 1588
f 1489 1588 1490
f 1490 1588 1491
f 1491 1588 1584
f 1491 1584 1589
f 1491 1589 1590
f 1491 1590 1591
f 1491 1591 1492
f 1492 1591 1504
f 1492 1504 1493
f 1493 1504 1503
f 1493 1503 1494
f 1495 1500 1496
f 1496 1500 1499
f 1496 1499 1592
f 1496 1592 1593
f 1496 1593 1594
f 1496 1594 1497
f 1497 1594 1501
f 1498 1506 1499
f 1499 1506 1595
f 1499 1595 1596
f 1499 1596 1592
f 1501 1594 1507
f 1502 1505 1597
f 1502 1597 1598
f 1502 1598 1599
f 1502 1599 1506
f 1504 1591 1600
f 1504 1600 1505
f 1505 1600 1597
f 1506 1599 1595
f 1507 1594 1509
f 1508 1510 1601
f 1508 1601 1602
f 1508 1602 1511
f 1509 1594 1603
f 1509 1603 1601
f 1509 1601 1510
f 1511 1602 1512
f 1512 1604 1517
f 1512 1602 1605
f 1512 1605 1604
f 1513 1606 1607
f 1513 1607 1514
f 1513 1517 1606
f 1514 1607 1608
f 1514 1608 1609
f 1514 1609 1610
f 1514 1610 1515
f 1515 1610 1611
f 1515 1611 1516
f 1516 1612 1519
f 1516 1611 1612
f 1517 1604 1613
f 1517 1613 1606
f 1519 1612 1520
f 1520 1612 1614
f 1520 1614 1615
f 1520 1615 1616
f 1520 1616 1521
f 1521 1616 1617
f 1521 1617 1522
f 1522 1617 1523
f 1523 1617 1618
f 1523 1618 1524
f 1524 1619 1620
f 1524 1620 1525
f 1524 1618 1621
f 1524 1621 1619
f 1525 1620 1526
f 1526 1620 1527
f 1527 1534 1528
f 1527 1620 1534
f 1528 1534 1529
f 1529 1534 1530
f 1532 1534 1622
f 1532 1622 1533
f 1533 1622 1623
f 1533 1623 1624
f 1533 1624 1537
f 1533 1537 1536
f 1534 1625 1622
f 1534 1620 1626
f 1534 1626 1627
f 1534 1627 1628
f 1534 1628 1625
f 1537 1624 1629
f 1537 1629 1630
f 1537 1630 1538
f 1538 1631 1545
f 1538 1545 1540
f 1538 1540 1539
f 1538 1630 1632
f 1538 1632 1631
f 1541 1545 1542
f 1542 1633 1634
f 1542 1634 1635
f 1542 1635 1636
f 1542 1636 1637
f 1542 1637 1543
f 1542 1545 1638
f 1542 1638 1633
f 1543 1637 1639
f 1543 1639 1544
f 1544 1639 1546
f 1545 1631 1638
f 1546 1639 1640
f 1546 1640 1641
f 1546 1641 1547
f 1547 1641 1642
f 1547 1642 1548
f 1548 1552 1550
f 1548 1642 1552
f 1551 1643 1644
f 1551 1644 1554
f 1551 1552 1643
f 1552 1645 1646
f 1552 1646 1647
f 1552 1647 1648
f 1552 1648 1643
f 1552 1642 1645
f 1553 1554 1649
f 1553 1649 1555
f 1554 1644 1649
f 1555 1649 1650
f 1555 1650 1556
f 1557 1651 1558
f 1558 1651 1652
f 1558 1652 1653
f 1558 1653 1654
f 1558 1654 1561
f 1558 1561 1560
f 1561 1653 1655
f 1561 1655 1656
f 1561 1656 1567
f 1561 1567 1566
f 1561 1566 1563
f 1561 1563 1562
f 1561 1654 1653
f 1564 1657 1568
f 1564 1565 1656
f 1564 1656 1657
f 1565 1567 1656
f 1568 1657 1569
f 1569 1657 1658
f 1569 1658 1659
f 1569 1659 1660
f 1569 1660 1661
f 1569 1661 1662
f 1569 1662 1570
f 1570 1662 1663
f 1570 1663 1578
f 1571 1578 1664
f 1571 1664 1665
f 1571 1665 1666
f 1571 1666 1572
f 1572 1666 1573
f 1578 1663 1664
f 1580 1667 1581
f 1581 1667 1582
f 1582 1667 1668
f 1582 1668 1587
f 1583 1669 1670
f 1583 1670 1584
f 1583 1586 1669
f 1584 1588 1585
f 1584 1670 1671
f 1584 1671 1672
f 1584 1672 1589
f 1586 1587 1673
f 1586 1673 1674
f 1586 1674 1675
f 1586 1675 1669
f 1587 1676 1677
f 1587 1677 1678
f 1587 1678 1674
f 1587 1674 1673
f 1587 1668 1679
f 1587 1679 1680
f 1587 1680 1676
f 1589 1672 1681
f 1589 1681 1590
f 1590 1681 1682
f 1590 1682 1591
f 1591 1682 1600
f 1592 1683 1684
f 1592 1684 1593
f 1592 1596 1595
f 1592 1595 1685
f 1592 1685 1686
f 1592 1686 1683
f 1593 1684 1687
f 1593 1687 1688
f 1593 1688 1603
f 1593 1603 1594
f 1595 1599 1689
f 1595 1689 1690
f 1595 1690 1691
f 1595 1691 1692
f 1595 1692 1685
f 1597 1600 1693
f 1597 1693 1599
f 1597 1599 1598
f 1599 1693 1689
f 1600 1682 1693
f 1601 1603 1602
f 1602 1603 1694
f 1602 1694 1695
f 1602 1695 1696
f 1602 1696 1605
f 1603 1697 1698
f 1603 1698 1694
f 1603 1688 1697
f 1604 1605 1699
f 1604 1699 1700
f 1604 1700 1701
f 1604 1701 1702
f 1604 1702 1703
f 1604 1703 1704
f 1604 1704 1705
f 1604 1705 1613
f 1605 1696 1698
f 1605 1698 1699
f 1606 1613 1705
f 1606 1705 1706
f 1606 1706 1707
f 1606 1707 1708
f 1606 1708 1607
f 1607 1708 1608
f 1608 1610 1609
f 1608 1708 1709
f 1608 1709 1710
f 1608 1710 1711
f 1608 1711 1712
f 1608 1712 1610
f 1610 1712 1611
f 1611 1712 1612
f 1612 1712 1713
f 1612 1713 1614
f 1614 1713 1615
f 1615 1713 1714
f 1615 1714 1715
f 1615 1715 1616
f 1616 1715 1716
f 1616 1716 1617
f 1617 1716 1621
f 1617 1621 1618
f 1619 1621 1620
f 1620 1621 1717
f 1620 1717 1718
f 1620 1718 1626
f 1621 1716 1717
f 1622 1625 1623
f 1623 1625 1719
f 1623 1719 1720
f 1623 1720 1629
f 1623 1629 1624
f 1625 1628 1721
f 1625 1721 1719
f 1626 1718 1627
f 1627 1717 1722
f 1627 1722 1723
f 1627 1723 1724
f 1627 1724 1628
f 1627 1718 1717
f 1628 1724 1721
f 1629 1720 1725
f 1629 1725 1630
f 1630 1725 1726
f 1630 1726 1727
f 1630 1727 1728
f 1630 1728 1729
f 1630 1729 1730
f 1630 1730 1731
f 1630 1731 1632
f 1631 1633 1638
f 1631 1632 1635
f 1631 1635 1634
f 1631 1634 1633
f 1632 1732 1733
f 1632 1733 1635
f 1632 1731 1734
f 1632 1734 1732
f 1635 1733 1735
f 1635 1735 1736
f 1635 1736 1737
f 1635 1737 1738
f 1635 1738 1646
f 1635 1646 1739
f 1635 1739 1636
f 1636 1739 1740
f 1636 1740 1637
f 1637 1740 1639
f 1639 1740 1640
f 1640 1740 1646
f 1640 1646 1741
f 1640 1741 1642
f 1640 1642 1641
f 1642 1741 1645
f 1643 1742 1743
f 1643 1743 1644
f 1643 1648 1742
f 1644 1744 1649
f 1644 1743 1744
f 1645 1741 1646
f 1646 1745 1746
f 1646 1746 1747
f 1646 1747 1647
f 1646 1740 1739
f 1646 1738 1745
f 1647 1747 1648
f 1648 1747 1742
f 1649 1744 1650
f 1650 1744 1748
f 1651 1749 1652
f 1652 1749 1653
f 1653 1750 1656
f 1653 1656 1655
f 1653 1749 1751
f 1653 1751 1752
f 1653 1752 1753
f 1653 1753 1750
f 1656 1750 1753
f 1656 1753 1754
f 1656 1754 1755
f 1656 1755 1756
f 1656 1756 1657
f 1657 1756 1658
f 1658 1756 1755
f 1658 1755 1659
f 1659 1755 1660
f 1660 1755 1757
f 1661 1758 1662
f 1662 1758 1663
f 1663 1665 1664
f 1663 1758 1666
f 1663 1666 1665
f 1669 1675 1759
f 1669 1759 1760
f 1669 1760 1761
f 1669 1761 1670
f 1670 1761 1762
f 1670 1762 1763
f 1670 1763 1672
f 1670 1672 1671
f 1672 1763 1764
f 1672 1764 1765
f 1672 1765 1681
f 1674 1678 1766
f 1674 1766 1759
f 1674 1759 1675
f 1676 1767 1768
f 1676 1768 1677
f 1676 1680 1769
f 1676 1769 1767
f 1677 1768 1678
f 1678 1768 1770
f 1678 1770 1766
f 1681 1765 1771
f 1681 1771 1772
f 1681 1772 1773
f 1681 1773 1693
f 1681 1693 1682
f 1683 1774 1775
f 1683 1775 1684
f 1683 1686 1776
f 1683 1776 1774
f 1684 1775 1687
f 1685 1777 1686
f 1685 1692 1778
f 1685 1778 1777
f 1686 1777 1779
f 1686 1779 1776
f 1687 1780 1688
f 1687 1775 1781
f 1687 1781 1780
f 1688 1782 1697
f 1688 1780 1782
f 1689 1783 1784
f 1689 1784 1690
f 1689 1693 1783
f 1690 1784 1785
f 1690 1785 1691
f 1691 1778 1692
f 1691 1785 1786
f 1691 1786 1778
f 1693 1773 1787
f 1693 1787 1783
f 1694 1698 1695
f 1695 1698 1696
f 1697 1788 1789
f 1697 1789 1790
f 1697 1790 1698
f 1697 1782 1788
f 1698 1791 1792
f 1698 1792 1793
f 1698 1793 1699
f 1698 1790 1791
f 1699 1793 1700
f 1700 1793 1701
f 1701 1794 1795
f 1701 1795 1796
f 1701 1796 1702
f 1701 1793 1794
f 1702 1796 1703
f 1703 1797 1704
f 1703 1796 1797
f 1704 1797 1798
f 1704 1798 1799
f 1704 1799 1707
f 1704 1707 1706
f 1704 1706 1705
f 1707 1800 1708
f 1707 1799 1798
f 1707 1798 1800
f 1708 1800 1801
f 1708 1801 1802
f 1708 1802 1710
f 1708 1710 1709
f 1710 1802 1803
f 1710 1803 1711
f 1711 1804 1712
f 1711 1803 1723
f 1711 1723 1804
f 1712 1804 1713
f 1713 1804 1805
f 1713 1805 1714
f 1714 1805 1715
f 1715 1805 1722
f 1715 1722 1716
f 1716 1722 1717
f 1719 1806 1807
f 1719 1807 1720
f 1719 1721 1808
f 1719 1808 1806
f 1720 1807 1809
f 1720 1809 1810
f 1720 1810 1811
f 1720 1811 1812
f 1720 1812 1725
f 1721 1724 1813
f 1721 1813 1814
f 1721 1814 1815
f 1721 1815 1808
f 1722 1805 1723
f 1723 1805 1804
f 1723 1803 1816
f 1723 1816 1724
f 1724 1816 1817
f 1724 1817 1818
f 1724 1818 1819
f 1724 1819 1820
f 1724 1820 1813
f 1725 1812 1821
f 1725 1821 1822
f 1725 1822 1727
f 1725 1727 1726
f 1732 1823 1735
f 1732 1735 1733
f 1732 1734 1823
f 1734 1824 1825
f 1734 1825 1826
f 1734 1826 1823
f 1735 1823 1827
f 1735 1827 1736
f 1736 1827 1828
f 1736 1828 1829
f 1736 1829 1830
f 1736 1830 1737
f 1737 1830 1745
f 1737 1745 1738
f 1742 1831 1743
f 1742 1747 1831
f 1743 1831 1832
f 1743 1832 1744
f 1744 1832 1833
f 1744 1833 1834
f 1744 1834 1835
f 1744 1835 1836
f 1744 1836 1748
f 1745 1830 1829
f 1745 1829 1746
f 1746 1829 1837
f 1746 1837 1838
f 1746 1838 1747
f 1747 1838 1831
f 1753 1757 1754
f 1754 1757 1755
f 1759 1766 1760
f 1760 1766 1761
f 1761 1766 1839
f 1761 1839 1840
f 1761 1840 1841
f 1761 1841 1842
f 1761 1842 1843
f 1761 1843 1762
f 1762 1843 1763
f 1763 1843 1844
f 1763 1844 1845
f 1763 1845 1846
f 1763 1846 1764
f 1764 1847 1771
f 1764 1771 1765
f 1764 1846 1845
f 1764 1845 1848
f 1764 1848 1847
f 1766 1849 1839
f 1766 1770 1849
f 1767 1769 1850
f 1767 1850 1768
f 1768 1850 1770
f 1769 1851 1850
f 1770 1850 1852
f 1770 1852 1840
f 1770 1840 1849
f 1771 1847 1772
f 1772 1847 1773
f 1773 1853 1787
f 1773 1847 1854
f 1773 1854 1853
f 1774 1855 1856
f 1774 1856 1781
f 1774 1781 1775
f 1774 1776 1857
f 1774 1857 1855
f 1776 1779 1858
f 1776 1858 1857
f 1777 1859 1779
f 1777 1778 1860
f 1777 1860 1859
f 1778 1786 1861
f 1778 1861 1862
f 1778 1862 1860
f 1779 1859 1858
f 1780 1863 1782
f 1780 1781 1864
f 1780 1864 1863
f 1781 1865 1864
f 1781 1856 1855
f 1781 1855 1866
f 1781 1866 1867
f 1781 1867 1868
f 1781 1868 1865
f 1782 1869 1788
f 1782 1863 1869
f 1783 1870 1785
f 1783 1785 1784
f 1783 1787 1870
f 1785 1871 1786
f 1785 1870 1871
f 1786 1871 1861
f 1787 1853 1870
f 1788 1872 1789
f 1788 1869 1872
f 1789 1873 1790
f 1789 1872 1873
f 1790 1873 1874
f 1790 1874 1791
f 1791 1874 1875
f 1791 1875 1792
f 1792 1875 1876
f 1792 1876 1793
f 1793 1876 1794
f 1794 1876 1795
f 1795 1876 1877
f 1795 1877 1878
f 1795 1878 1796
f 1796 1878 1797
f 1797 1878 1879
f 1797 1879 1880
f 1797 1880 1798
f 1798 1880 1881
f 1798 1881 1800
f 1800 1881 1882
f 1800 1882 1801
f 1801 1882 1802
f 1802 1882 1883
f 1802 1883 1884
f 1802 1884 1817
f 1802 1817 1803
f 1803 1817 1816
f 1806 1808 1807
f 1807 1808 1885
f 1807 1885 1886
f 1807 1886 1887
f 1807 1887 1809
f 1808 1815 1885
f 1813 1820 1888
f 1813 1888 1889
f 1813 1889 1814
f 1814 1889 1890
f 1814 1890 1815
f 1815 1890 1885
f 1817 1884 1891
f 1817 1891 1892
f 1817 1892 1893
f 1817 1893 1894
f 1817 1894 1818
f 1818 1894 1895
f 1818 1895 1819
f 1819 1888 1820
f 1819 1895 1896
f 1819 1896 1897
f 1819 1897 1898
f 1819 1898 1899
f 1819 1899 1888
f 1823 1826 1827
f 1824 1900 1831
f 1824 1831 1837
f 1824 1837 1825
f 1825 1837 1829
f 1825 1829 1828
f 1825 1828 1826
f 1826 1828 1827
f 1831 1838 1837
f 1831 1900 1832
f 1839 1849 1840
f 1840 1901 1841
f 1840 1852 1902
f 1840 1902 1903
f 1840 1903 1904
f 1840 1904 1901
f 1841 1901 1905
f 1841 1905 1842
f 1842 1905 1843
f 1843 1905 1906
f 1843 1906 1844
f 1844 1906 1907
f 1844 1907 1845
f 1845 1907 1908
f 1845 1908 1909
f 1845 1909 1848
f 1847 1848 1854
f 1848 1908 1910
f 1848 1910 1871
f 1848 1871 1870
f 1848 1870 1853
f 1848 1853 1854
f 1848 1909 1908
f 1850 1851 1852
f 1851 1911 1852
f 1852 1912 1913
f 1852 1913 1902
f 1852 1911 1914
f 1852 1914 1915
f 1852 1915 1916
f 1852 1916 1917
f 1852 1917 1918
f 1852 1918 1919
f 1852 1919 1912
f 1855 1857 1866
f 1857 1858 1920
f 1857 1920 1866
f 1858 1859 1921
f 1858 1921 1922
f 1858 1922 1920
f 1859 1860 1862
f 1859 1862 1921
f 1861 1923 1862
f 1861 1871 1924
f 1861 1924 1923
f 1862 1923 1921
f 1863 1925 1869
f 1863 1864 1926
f 1863 1926 1925
f 1864 1865 1927
f 1864 1927 1926
f 1865 1928 1927
f 1865 1868 1929
f 1865 1929 1928
f 1866 1920 1930
f 1866 1930 1867
f 1867 1930 1868
f 1868 1930 1931
f 1868 1931 1932
f 1868 1932 1933
f 1868 1933 1929
f 1869 1925 1934
f 1869 1934 1872
f 1871 1935 1924
f 1871 1910 1908
f 1871 1908 1935
f 1872 1934 1936
f 1872 1936 1873
f 1873 1936 1937
f 1873 1937 1874
f 1874 1937 1938
f 1874 1938 1939
f 1874 1939 1940
f 1874 1940 1875
f 1875 1940 1939
f 1875 1939 1941
f 1875 1941 1876
f 1876 1942 1943
f 1876 1943 1877
f 1876 1941 1942
f 1877 1943 1878
f 1878 1943 1879
f 1879 1943 1880
f 1880 1943 1944
f 1880 1944 1945
f 1880 1945 1946
f 1880 1946 1947
f 1880 1947 1948
f 1880 1948 1892
f 1880 1892 1891
f 1880 1891 1881
f 1881 1891 1882
f 1882 1891 1883
f 1883 1891 1884
f 1885 1890 1949
f 1885 1949 1950
f 1885 1950 1886
f 1888 1890 1889
f 1888 1899 1951
f 1888 1951 1952
f 1888 1952 1890
f 1890 1952 1949
f 1892 1948 1894
f 1892 1894 1893
f 1894 1948 1953
f 1894 1953 1954
f 1894 1954 1955
f 1894 1955 1895
f 1895 1955 1956
f 1895 1956 1896
f 1896 1956 1897
f 1901 1904 1906
f 1901 1906 1905
f 1902 1913 1912
f 1902 1912 1957
f 1902 1957 1958
f 1902 1958 1959
f 1902 1959 1904
f 1902 1904 1903
f 1904 1960 1906
f 1904 1959 1958
f 1904 1958 1961
f 1904 1961 1962
f 1904 1962 1963
f 1904 1963 1908
f 1904 1908 1960
f 1906 1960 1908
f 1906 1908 1907
f 1908 1963 1962
f 1908 1962 1964
f 1908 1964 1965
f 1908 1965 1966
f 1908 1966 1967
f 1908 1967 1935
f 1912 1968 1969
f 1912 1969 1970
f 1912 1970 1958
f 1912 1958 1957
f 1912 1919 1971
f 1912 1971 1972
f 1912 1972 1968
f 1920 1922 1973
f 1920 1973 1930
f 1921 1923 1974
f 1921 1974 1922
f 1922 1975 1973
f 1922 1974 1975
f 1923 1976 1974
f 1923 1924 1976
f 1924 1935 1976
f 1925 1977 1978
f 1925 1978 1934
f 1925 1926 1977
f 1926 1927 1977
f 1927 1928 1979
f 1927 1979 1977
f 1928 1980 1979
f 1928 1929 1933
f 1928 1933 1981
f 1928 1981 1980
f 1930 1973 1931
f 1931 1973 1975
f 1931 1975 1982
f 1931 1982 1932
f 1932 1983 1984
f 1932 1984 1985
f 1932 1985 1933
f 1932 1982 1986
f 1932 1986 1987
f 1932 1987 1983
f 1933 1985 1981
f 1934 1978 1988
f 1934 1988 1936
f 1935 1989 1990
f 1935 1990 1976
f 1935 1967 1989
f 1936 1988 1991
f 1936 1991 1937
f 1937 1992 1938
f 1937 1991 1992
f 1938 1992 1993
f 1938 1993 1939
f 1939 1993 1994
f 1939 1994 1941
f 1941 1994 1942
f 1942 1994 1995
f 1942 1995 1996
f 1942 1996 1997
f 1942 1997 1998
f 1942 1998 1999
f 1942 1999 1943
f 1943 1999 2000
f 1943 2000 1945
f 1943 1945 1944
f 1945 2000 1946
f 1946 2000 2001
f 1946 2001 2002
f 1946 2002 1948
f 1946 1948 1947
f 1948 2002 1954
f 1948 1954 1953
f 1954 1956 1955
f 1958 1970 2003
f 1958 2003 2004
f 1958 2004 1964
f 1958 1964 1962
f 1958 1962 1961
f 1964 2005 1965
f 1964 2004 2005
f 1965 2005 1966
f 1966 2006 2007
f 1966 2007 2008
f 1966 2008 1989
f 1966 1989 1967
f 1966 2005 2006
f 1968 1972 2009
f 1968 2009 1969
f 1969 2004 2003
f 1969 2003 1970
f 1969 2009 2010
f 1969 2010 2011
f 1969 2011 2012
f 1969 2012 2006
f 1969 2006 2013
f 1969 2013 2004
f 1971 2014 1972
f 1972 2014 2015
f 1972 2015 2009
f 1974 2016 1975
f 1974 1976 2016
f 1975 2017 2018
f 1975 2018 1986
f 1975 1986 1982
f 1975 2016 2017
f 1976 1990 2016
f 1977 1979 2019
f 1977 2019 2020
f 1977 2020 1978
f 1978 2020 2021
f 1978 2021 2022
f 1978 2022 2023
f 1978 2023 1988
f 1979 1985 2024
f 1979 2024 2019
f 1979 1980 1985
f 1980 1981 1985
f 1983 2025 2026
f 1983 2026 1984
f 1983 1987 2027
f 1983 2027 2025
f 1986 2018 2028
f 1986 2028 1987
f 1987 2028 2027
f 1988 2023 2029
f 1988 2029 2030
f 1988 2030 1991
f 1989 2008 1990
f 1990 2008 2016
f 1991 2030 2031
f 1991 2031 1992
f 1992 2031 2032
f 1992 2032 1993
f 1993 2032 2033
f 1993 2033 1994
f 1994 2033 2032
f 1994 2032 1995
f 1995 1997 1996
f 1995 2032 1997
f 1997 2032 2034
f 1997 2002 1999
f 1997 1999 1998
f 1999 2002 2001
f 1999 2001 2000
f 2004 2013 2005
f 2005 2013 2006
f 2006 2012 2035
f 2006 2035 2036
f 2006 2036 2007
f 2007 2036 2008
f 2008 2036 2037
f 2008 2037 2038
f 2008 2038 2016
f 2009 2015 2010
f 2010 2015 2039
f 2010 2039 2011
f 2011 2039 2040
f 2011 2040 2041
f 2011 2041 2042
f 2011 2042 2035
f 2011 2035 2012
f 2016 2038 2017
f 2017 2038 2043
f 2017 2043 2018
f 2018 2043 2044
f 2018 2044 2028
f 2025 2027 2045
f 2027 2028 2046
f 2027 2046 2047
f 2027 2047 2048
f 2027 2048 2045
f 2028 2049 2046
f 2028 2044 2050
f 2028 2050 2051
f 2028 2051 2049
f 2030 2032 2031
f 2030 2034 2032
f 2035 2042 2036
f 2036 2042 2041
f 2036 2041 2052
f 2036 2052 2037
f 2037 2052 2050
f 2037 2050 2043
f 2037 2043 2038
f 2039 2051 2050
f 2039 2050 2040
f 2040 2050 2041
f 2041 2050 2052
f 2043 2050 2044
f 2053 2054 2055
f 2053 2055 2056
f 2053 2056 2057
f 2053 2057 2058
f 2053 2058 2069
f 2053 2069 2087
f 2053 2087 2120
f 2053 2120 2168
f 2053 2168 2210
f 2053 2210 2209
f 2053 2209 2312
f 2053 2312 2377
f 2053 2377 2438
f 2053 2438 2530
f 2053 2530 2586
f 2053 2586 2535
f 2053 2535 2577
f 2053 2577 2509
f 2053 2509 2429
f 2053 2429 2512
f 2053 2512 2583
f 2053 2583 2620
f 2053 2620 2645
f 2053 2645 2644
f 2053 2644 2671
f 2053 2671 2685
f 2053 2685 2669
f 2053 2669 2668
f 2053 2668 2667
f 2053 2667 2666
f 2053 2666 2684
f 2053 2684 2683
f 2053 2683 2696
f 2053 2696 2692
f 2053 2692 2699
f 2053 2699 2698
f 2053 2698 2697
f 2053 2697 2689
f 2053 2689 2688
f 2053 2688 2686
f 2053 2686 2676
f 2053 2676 2653
f 2053 2653 2672
f 2053 2672 2647
f 2053 2647 2627
f 2053 2627 2626
f 2053 2626 2625
f 2053 2625 2646
f 2053 2646 2623
f 2053 2623 2622
f 2053 2622 2587
f 2053 2587 2539
f 2053 2539 2537
f 2053 2537 2456
f 2053 2456 2389
f 2053 2389 2346
f 2053 2346 2321
f 2053 2321 2324
f 2053 2324 2378
f 2053 2378 2316
f 2053 2316 2230
f 2053 2230 2315
f 2053 2315 2314
f 2053 2314 2226
f 2053 2226 2188
f 2053 2188 2225
f 2053 2225 2223
f 2053 2223 2184
f 2053 2184 2182
f 2053 2182 2181
f 2053 2181 2136
f 2053 2136 2098
f 2053 2098 2079
f 2053 2079 2078
f 2053 2078 2077
f 2053 2077 2070
f 2053 2070 2061
f 2053 2061 2059
f 2053 2059 2054
f 2054 2060 2055
f 2054 2059 2061
f 2054 2061 2062
f 2054 2062 2060
f 2055 2063 2064
f 2055 2064 2056
f 2055 2060 2065
f 2055 2065 2066
f 2055 2066 2063
f 2056 2064 2067
f 2056 2067 2057
f 2057 2068 2069
f 2057 2069 2058
f 2057 2067 2068
f 2060 2062 2065
f 2061 2070 2062
f 2062 2070 2065
f 2063 2066 2071
f 2063 2071 2072
f 2063 2072 2064
f 2064 2073 2074
f 2064 2074 2075
f 2064 2075 2076
f 2064 2076 2067
f 2064 2072 2073
f 2065 2070 2077
f 2065 2077 2078
f 2065 2078 2079
f 2065 2079 2080
f 2065 2080 2081
f 2065 2081 2066
f 2066 2081 2082
f 2066 2082 2083
f 2066 2083 2084
f 2066 2084 2085
f 2066 2085 2071
f 2067 2076 2086
f 2067 2086 2087
f 2067 2087 2088
f 2067 2088 2068
f 2068 2088 2087
f 2068 2087 2069
f 2071 2085 2072
f 2072 2085 2112
f 2072 2112 2089
f 2072 2089 2073
f 2073 2089 2090
f 2073 2090 2091
f 2073 2091 2092
f 2073 2092 2074
f 2074 2093 2094
f 2074 2094 2075
f 2074 2092 2095
f 2074 2095 2096
f 2074 2096 2097
f 2074 2097 2093
f 2075 2094 2076
f 2076 2094 2086
f 2079 2098 2099
f 2079 2099 2100
f 2079 2100 2080
f 2080 2082 2081
f 2080 2100 2101
f 2080 2101 2102
f 2080 2102 2082
f 2082 2103 2104
f 2082 2104 2083
f 2082 2102 2105
f 2082 2105 2106
f 2082 2106 2107
f 2082 2107 2108
f 2082 2108 2109
f 2082 2109 2103
f 2083 2110 2111
f 2083 2111 2112
f 2083 2112 2085
f 2083 2085 2084
f 2083 2104 2110
f 2086 2094 2113
f 2086 2113 2114
f 2086 2114 2115
f 2086 2115 2116
f 2086 2116 2117
f 2086 2117 2118
f 2086 2118 2119
f 2086 2119 2087
f 2087 2119 2120
f 2089 2112 2121
f 2089 2121 2122
f 2089 2122 2090
f 2090 2122 2091
f 2091 2123 2092
f 2091 2122 2124
f 2091 2124 2125
f 2091 2125 2126
f 2091 2126 2123
f 2092 2123 2095
f 2093 2097 2113
f 2093 2113 2094
f 2095 2123 2127
f 2095 2127 2128
f 2095 2128 2129
f 2095 2129 2130
f 2095 2130 2131
f 2095 2131 2132
f 2095 2132 2096
f 2096 2133 2097
f 2096 2132 2134
f 2096 2134 2135
f 2096 2135 2133
f 2097 2133 2135
f 2097 2135 2113
f 2098 2136 2137
f 2098 2137 2099
f 2099 2137 2100
f 2100 2137 2105
f 2100 2105 2101
f 2101 2105 2102
f 2103 2109 2138
f 2103 2138 2139
f 2103 2139 2124
f 2103 2124 2104
f 2104 2124 2111
f 2104 2111 2110
f 2105 2137 2140
f 2105 2140 2141
f 2105 2141 2106
f 2106 2141 2142
f 2106 2142 2143
f 2106 2143 2144
f 2106 2144 2107
f 2107 2145 2146
f 2107 2146 2147
f 2107 2147 2148
f 2107 2148 2108
f 2107 2144 2149
f 2107 2149 2150
f 2107 2150 2151
f 2107 2151 2152
f 2107 2152 2153
f 2107 2153 2154
f 2107 2154 2155
f 2107 2155 2145
f 2108 2148 2156
f 2108 2156 2109
f 2109 2156 2157
f 2109 2157 2158
f 2109 2158 2138
f 2111 2124 2159
f 2111 2159 2160
f 2111 2160 2121
f 2111 2121 2112
f 2113 2135 2132
f 2113 2132 2161
f 2113 2161 2162
f 2113 2162 2114
f 2114 2162 2163
f 2114 2163 2115
f 2115 2163 2164
f 2115 2164 2116
f 2116 2164 2165
f 2116 2165 2166
f 2116 2166 2117
f 2117 2166 2167
f 2117 2167 2118
f 2118 2167 2119
f 2119 2167 2120
f 2120 2167 2168
f 2121 2160 2122
f 2122 2160 2159
f 2122 2159 2124
f 2123 2126 2127
f 2124 2139 2138
f 2124 2138 2125
f 2125 2169 2170
f 2125 2170 2126
f 2125 2138 2171
f 2125 2171 2172
f 2125 2172 2169
f 2126 2170 2127
f 2127 2170 2128
f 2128 2170 2169
f 2128 2169 2173
f 2128 2173 2129
f 2129 2174 2131
f 2129 2131 2130
f 2129 2173 2175
f 2129 2175 2176
f 2129 2176 2177
f 2129 2177 2174
f 2131 2174 2177
f 2131 2177 2132
f 2132 2177 2178
f 2132 2178 2179
f 2132 2179 2180
f 2132 2180 2161
f 2132 2135 2134
f 2136 2181 2137
f 2137 2181 2182
f 2137 2182 2183
f 2137 2183 2184
f 2137 2184 2185
f 2137 2185 2140
f 2138 2158 2157
f 2138 2157 2186
f 2138 2186 2171
f 2140 2185 2187
f 2140 2187 2141
f 2141 2187 2188
f 2141 2188 2189
f 2141 2189 2190
f 2141 2190 2143
f 2141 2143 2142
f 2143 2190 2191
f 2143 2191 2192
f 2143 2192 2193
f 2143 2193 2144
f 2144 2193 2194
f 2144 2194 2195
f 2144 2195 2196
f 2144 2196 2197
f 2144 2197 2198
f 2144 2198 2149
f 2145 2198 2146
f 2145 2155 2198
f 2146 2198 2147
f 2147 2198 2199
f 2147 2199 2200
f 2147 2200 2148
f 2148 2200 2201
f 2148 2201 2156
f 2149 2198 2150
f 2150 2198 2151
f 2151 2198 2152
f 2152 2198 2153
f 2153 2198 2154
f 2154 2198 2155
f 2156 2201 2157
f 2157 2201 2202
f 2157 2202 2186
f 2161 2180 2203
f 2161 2203 2204
f 2161 2204 2162
f 2162 2204 2163
f 2163 2204 2205
f 2163 2205 2164
f 2164 2206 2165
f 2164 2205 2206
f 2165 2206 2166
f 2166 2206 2207
f 2166 2207 2208
f 2166 2208 2209
f 2166 2209 2210
f 2166 2210 2167
f 2167 2210 2168
f 2169 2172 2211
f 2169 2211 2175
f 2169 2175 2173
f 2171 2186 2212
f 2171 2212 2213
f 2171 2213 2214
f 2171 2214 2211
f 2171 2211 2172
f 2175 2211 2215
f 2175 2215 2176
f 2176 2215 2216
f 2176 2216 2217
f 2176 2217 2218
f 2176 2218 2177
f 2177 2218 2217
f 2177 2217 2216
f 2177 2216 2219
f 2177 2219 2220
f 2177 2220 2221
f 2177 2221 2178
f 2178 2221 2222
f 2178 2222 2179
f 2179 2222 2180
f 2180 2222 2203
f 2182 2184 2183
f 2184 2223 2185
f 2185 2223 2187
f 2186 2202 2224
f 2186 2224 2212
f 2187 2223 2225
f 2187 2225 2188
f 2188 2226 2228
f 2188 2228 2227
f 2188 2227 2189
f 2189 2227 2228
f 2189 2228 2192
f 2189 2192 2191
f 2189 2191 2190
f 2192 2228 2229
f 2192 2229 2230
f 2192 2230 2231
f 2192 2231 2232
f 2192 2232 2233
f 2192 2233 2193
f 2193 2233 2231
f 2193 2231 2194
f 2194 2231 2234
f 2194 2234 2195
f 2195 2234 2235
f 2195 2235 2196
f 2196 2235 2236
f 2196 2236 2197
f 2197 2237 2238
f 2197 2238 2239
f 2197 2239 2198
f 2197 2236 2240
f 2197 2240 2241
f 2197 2241 2242
f 2197 2242 2237
f 2198 2243 2244
f 2198 2244 2245
f 2198 2245 2246
f 2198 2246 2247
f 2198 2247 2248
f 2198 2248 2249
f 2198 2249 2250
f 2198 2250 2251
f 2198 2251 2252
f 2198 2252 2220
f 2198 2220 2219
f 2198 2219 2216
f 2198 2216 2253
f 2198 2253 2211
f 2198 2211 2254
f 2198 2254 2213
f 2198 2213 2255
f 2198 2255 2256
f 2198 2256 2257
f 2198 2257 2258
f 2198 2258 2259
f 2198 2259 2260
f 2198 2260 2261
f 2198 2261 2199
f 2198 2239 2262
f 2198 2262 2263
f 2198 2263 2264
f 2198 2264 2265
f 2198 2265 2266
f 2198 2266 2267
f 2198 2267 2268
f 2198 2268 2269
f 2198 2269 2270
f 2198 2270 2271
f 2198 2271 2272
f 2198 2272 2273
f 2198 2273 2274
f 2198 2274 2275
f 2198 2275 2276
f 2198 2276 2277
f 2198 2277 2278
f 2198 2278 2279
f 2198 2279 2280
f 2198 2280 2281
f 2198 2281 2282
f 2198 2282 2283
f 2198 2283 2284
f 2198 2284 2285
f 2198 2285 2286
f 2198 2286 2287
f 2198 2287 2288
f 2198 2288 2289
f 2198 2289 2290
f 2198 2290 2291
f 2198 2291 2292
f 2198 2292 2293
f 2198 2293 2294
f 2198 2294 2295
f 2198 2295 2296
f 2198 2296 2297
f 2198 2297 2298
f 2198 2298 2299
f 2198 2299 2300
f 2198 2300 2301
f 2198 2301 2302
f 2198 2302 2243
f 2199 2261 2303
f 2199 2303 2201
f 2199 2201 2200
f 2201 2303 2260
f 2201 2260 2259
f 2201 2259 2258
f 2201 2258 2224
f 2201 2224 2202
f 2203 2222 2304
f 2203 2304 2305
f 2203 2305 2306
f 2203 2306 2307
f 2203 2307 2205
f 2203 2205 2204
f 2205 2307 2308
f 2205 2308 2309
f 2205 2309 2310
f 2205 2310 2206
f 2206 2310 2311
f 2206 2311 2207
f 2207 2311 2208
f 2208 2311 2312
f 2208 2312 2209
f 2211 2214 2254
f 2211 2253 2313
f 2211 2313 2215
f 2212 2224 2257
f 2212 2257 2256
f 2212 2256 2255
f 2212 2255 2213
f 2213 2254 2214
f 2215 2313 2253
f 2215 2253 2216
f 2220 2252 2221
f 2221 2252 2304
f 2221 2304 2222
f 2224 2258 2257
f 2226 2314 2228
f 2228 2314 2315
f 2228 2315 2229
f 2229 2315 2230
f 2230 2316 2234
f 2230 2234 2231
f 2231 2233 2232
f 2234 2316 2317
f 2234 2317 2235
f 2235 2317 2236
f 2236 2317 2318
f 2236 2318 2240
f 2237 2242 2319
f 2237 2319 2238
f 2238 2319 2320
f 2238 2320 2321
f 2238 2321 2239
f 2239 2321 2322
f 2239 2322 2262
f 2240 2242 2241
f 2240 2318 2242
f 2242 2318 2317
f 2242 2317 2323
f 2242 2323 2324
f 2242 2324 2321
f 2242 2321 2319
f 2243 2302 2325
f 2243 2325 2326
f 2243 2326 2244
f 2244 2326 2327
f 2244 2327 2336
f 2244 2336 2245
f 2245 2328 2329
f 2245 2329 2330
f 2245 2330 2331
f 2245 2331 2332
f 2245 2332 2333
f 2245 2333 2334
f 2245 2334 2335
f 2245 2335 2246
f 2245 2336 2328
f 2246 2335 2337
f 2246 2337 2338
f 2246 2338 2247
f 2247 2338 2339
f 2247 2339 2248
f 2248 2339 2249
f 2249 2339 2250
f 2250 2340 2251
f 2250 2339 2340
f 2251 2340 2341
f 2251 2341 2306
f 2251 2306 2305
f 2251 2305 2304
f 2251 2304 2252
f 2260 2303 2261
f 2262 2322 2263
f 2263 2322 2321
f 2263 2321 2264
f 2264 2342 2265
f 2264 2321 2342
f 2265 2342 2321
f 2265 2321 2266
f 2266 2321 2267
f 2267 2321 2268
f 2268 2321 2269
f 2269 2321 2270
f 2270 2343 2344
f 2270 2344 2271
f 2270 2321 2343
f 2271 2344 2272
f 2272 2344 2273
f 2273 2344 2345
f 2273 2345 2346
f 2273 2346 2274
f 2274 2346 2275
f 2275 2346 2276
f 2276 2346 2277
f 2277 2346 2347
f 2277 2347 2278
f 2278 2347 2279
f 2279 2347 2348
f 2279 2348 2280
f 2280 2348 2281
f 2281 2349 2282
f 2281 2348 2349
f 2282 2349 2350
f 2282 2350 2283
f 2283 2350 2351
f 2283 2351 2284
f 2284 2352 2285
f 2284 2351 2352
f 2285 2352 2353
f 2285 2353 2354
f 2285 2354 2286
f 2286 2354 2287
f 2287 2354 2288
f 2288 2354 2355
f 2288 2355 2289
f 2289 2355 2356
f 2289 2356 2290
f 2290 2356 2357
f 2290 2357 2358
f 2290 2358 2359
f 2290 2359 2291
f 2291 2359 2292
f 2292 2359 2360
f 2292 2360 2293
f 2293 2360 2361
f 2293 2361 2362
f 2293 2362 2294
f 2294 2362 2295
f 2295 2362 2363
f 2295 2363 2364
f 2295 2364 2296
f 2296 2364 2297
f 2297 2364 2365
f 2297 2365 2298
f 2298 2365 2366
f 2298 2366 2367
f 2298 2367 2299
f 2299 2367 2300
f 2300 2367 2301
f 2301 2367 2368
f 2301 2368 2369
f 2301 2369 2370
f 2301 2370 2371
f 2301 2371 2372
f 2301 2372 2373
f 2301 2373 2325
f 2301 2325 2302
f 2306 2341 2308
f 2306 2308 2307
f 2308 2341 2374
f 2308 2374 2375
f 2308 2375 2309
f 2309 2375 2310
f 2310 2375 2376
f 2310 2376 2311
f 2311 2376 2377
f 2311 2377 2312
f 2316 2378 2317
f 2317 2378 2324
f 2317 2324 2323
f 2319 2321 2320
f 2321 2346 2344
f 2321 2344 2343
f 2325 2373 2372
f 2325 2372 2371
f 2325 2371 2370
f 2325 2370 2369
f 2325 2369 2368
f 2325 2368 2435
f 2325 2435 2434
f 2325 2434 2433
f 2325 2433 2432
f 2325 2432 2526
f 2325 2526 2525
f 2325 2525 2524
f 2325 2524 2523
f 2325 2523 2522
f 2325 2522 2521
f 2325 2521 2520
f 2325 2520 2519
f 2325 2519 2518
f 2325 2518 2517
f 2325 2517 2516
f 2325 2516 2515
f 2325 2515 2514
f 2325 2514 2513
f 2325 2513 2580
f 2325 2580 2579
f 2325 2579 2578
f 2325 2578 2577
f 2325 2577 2535
f 2325 2535 2534
f 2325 2534 2533
f 2325 2533 2532
f 2325 2532 2453
f 2325 2453 2452
f 2325 2452 2451
f 2325 2451 2450
f 2325 2450 2449
f 2325 2449 2448
f 2325 2448 2447
f 2325 2447 2446
f 2325 2446 2445
f 2325 2445 2444
f 2325 2444 2443
f 2325 2443 2442
f 2325 2442 2441
f 2325 2441 2440
f 2325 2440 2387
f 2325 2387 2386
f 2325 2386 2385
f 2325 2385 2384
f 2325 2384 2383
f 2325 2383 2379
f 2325 2379 2337
f 2325 2337 2335
f 2325 2335 2334
f 2325 2334 2333
f 2325 2333 2332
f 2325 2332 2331
f 2325 2331 2330
f 2325 2330 2329
f 2325 2329 2328
f 2325 2328 2336
f 2325 2336 2327
f 2325 2327 2326
f 2337 2379 2338
f 2338 2380 2381
f 2338 2381 2382
f 2338 2382 2339
f 2338 2379 2383
f 2338 2383 2384
f 2338 2384 2385
f 2338 2385 2386
f 2338 2386 2387
f 2338 2387 2380
f 2339 2382 2388
f 2339 2388 2340
f 2340 2388 2341
f 2341 2388 2382
f 2341 2382 2374
f 2344 2346 2345
f 2346 2389 2390
f 2346 2390 2391
f 2346 2391 2392
f 2346 2392 2393
f 2346 2393 2394
f 2346 2394 2395
f 2346 2395 2396
f 2346 2396 2397
f 2346 2397 2398
f 2346 2398 2399
f 2346 2399 2400
f 2346 2400 2348
f 2346 2348 2347
f 2348 2400 2401
f 2348 2401 2402
f 2348 2402 2403
f 2348 2403 2349
f 2349 2404 2405
f 2349 2405 2350
f 2349 2403 2406
f 2349 2406 2407
f 2349 2407 2408
f 2349 2408 2409
f 2349 2409 2404
f 2350 2405 2410
f 2350 2410 2411
f 2350 2411 2412
f 2350 2412 2351
f 2351 2412 2353
f 2351 2353 2352
f 2353 2412 2413
f 2353 2413 2355
f 2353 2355 2354
f 2355 2413 2356
f 2356 2414 2415
f 2356 2415 2416
f 2356 2416 2357
f 2356 2413 2414
f 2357 2416 2417
f 2357 2417 2358
f 2358 2417 2418
f 2358 2418 2359
f 2359 2418 2419
f 2359 2419 2420
f 2359 2420 2421
f 2359 2421 2360
f 2360 2421 2420
f 2360 2420 2422
f 2360 2422 2361
f 2361 2422 2362
f 2362 2422 2423
f 2362 2423 2424
f 2362 2424 2425
f 2362 2425 2363
f 2363 2425 2426
f 2363 2426 2364
f 2364 2426 2427
f 2364 2427 2365
f 2365 2427 2428
f 2365 2428 2366
f 2366 2429 2509
f 2366 2509 2430
f 2366 2430 2367
f 2366 2428 2427
f 2366 2427 2431
f 2366 2431 2429
f 2367 2430 2432
f 2367 2432 2433
f 2367 2433 2434
f 2367 2434 2435
f 2367 2435 2368
f 2374 2382 2375
f 2375 2382 2381
f 2375 2381 2376
f 2376 2381 2436
f 2376 2436 2377
f 2377 2436 2437
f 2377 2437 2438
f 2380 2439 2381
f 2380 2387 2440
f 2380 2440 2441
f 2380 2441 2442
f 2380 2442 2443
f 2380 2443 2444
f 2380 2444 2445
f 2380 2445 2446
f 2380 2446 2447
f 2380 2447 2448
f 2380 2448 2449
f 2380 2449 2450
f 2380 2450 2451
f 2380 2451 2452
f 2380 2452 2453
f 2380 2453 2439
f 2381 2439 2454
f 2381 2454 2455
f 2381 2455 2436
f 2389 2456 2457
f 2389 2457 2458
f 2389 2458 2459
f 2389 2459 2460
f 2389 2460 2461
f 2389 2461 2390
f 2390 2461 2462
f 2390 2462 2391
f 2391 2462 2392
f 2392 2394 2393
f 2392 2462 2463
f 2392 2463 2394
f 2394 2463 2464
f 2394 2464 2465
f 2394 2465 2466
f 2394 2466 2467
f 2394 2467 2395
f 2395 2468 2469
f 2395 2469 2396
f 2395 2467 2466
f 2395 2466 2468
f 2396 2469 2397
f 2397 2469 2470
f 2397 2470 2471
f 2397 2471 2402
f 2397 2402 2401
f 2397 2401 2399
f 2397 2399 2398
f 2399 2401 2400
f 2402 2471 2403
f 2403 2471 2470
f 2403 2470 2472
f 2403 2472 2473
f 2403 2473 2406
f 2404 2409 2405
f 2405 2409 2410
f 2406 2473 2407
f 2407 2473 2474
f 2407 2474 2475
f 2407 2475 2476
f 2407 2476 2477
f 2407 2477 2409
f 2407 2409 2408
f 2409 2477 2478
f 2409 2478 2479
f 2409 2479 2410
f 2410 2480 2411
f 2410 2479 2481
f 2410 2481 2480
f 2411 2480 2412
f 2412 2480 2481
f 2412 2481 2482
f 2412 2482 2413
f 2413 2483 2484
f 2413 2484 2485
f 2413 2485 2414
f 2413 2482 2486
f 2413 2486 2483
f 2414 2485 2415
f 2415 2485 2487
f 2415 2487 2488
f 2415 2488 2416
f 2416 2488 2417
f 2417 2488 2418
f 2418 2488 2489
f 2418 2489 2419
f 2419 2489 2490
f 2419 2490 2491
f 2419 2491 2420
f 2420 2491 2422
f 2422 2491 2492
f 2422 2492 2493
f 2422 2493 2494
f 2422 2494 2495
f 2422 2495 2496
f 2422 2496 2497
f 2422 2497 2498
f 2422 2498 2423
f 2423 2498 2499
f 2423 2499 2424
f 2424 2499 2425
f 2425 2499 2500
f 2425 2500 2501
f 2425 2501 2502
f 2425 2502 2503
f 2425 2503 2504
f 2425 2504 2426
f 2426 2504 2505
f 2426 2505 2427
f 2427 2505 2506
f 2427 2506 2507
f 2427 2507 2508
f 2427 2508 2431
f 2429 2431 2510
f 2429 2510 2511
f 2429 2511 2512
f 2430 2509 2513
f 2430 2513 2514
f 2430 2514 2515
f 2430 2515 2516
f 2430 2516 2517
f 2430 2517 2518
f 2430 2518 2519
f 2430 2519 2520
f 2430 2520 2521
f 2430 2521 2522
f 2430 2522 2523
f 2430 2523 2524
f 2430 2524 2525
f 2430 2525 2526
f 2430 2526 2432
f 2431 2508 2507
f 2431 2507 2527
f 2431 2527 2510
f 2436 2455 2528
f 2436 2528 2437
f 2437 2528 2438
f 2438 2528 2529
f 2438 2529 2530
f 2439 2531 2536
f 2439 2536 2454
f 2439 2453 2532
f 2439 2532 2533
f 2439 2533 2534
f 2439 2534 2535
f 2439 2535 2531
f 2454 2536 2455
f 2455 2536 2528
f 2456 2537 2538
f 2456 2538 2457
f 2457 2538 2539
f 2457 2539 2540
f 2457 2540 2541
f 2457 2541 2458
f 2458 2541 2542
f 2458 2542 2459
f 2459 2542 2543
f 2459 2543 2460
f 2460 2543 2461
f 2461 2543 2544
f 2461 2544 2545
f 2461 2545 2462
f 2462 2545 2546
f 2462 2546 2547
f 2462 2547 2548
f 2462 2548 2463
f 2463 2548 2549
f 2463 2549 2474
f 2463 2474 2464
f 2464 2550 2466
f 2464 2466 2465
f 2464 2474 2550
f 2466 2550 2551
f 2466 2551 2552
f 2466 2552 2469
f 2466 2469 2468
f 2469 2552 2472
f 2469 2472 2470
f 2472 2552 2473
f 2473 2552 2551
f 2473 2551 2550
f 2473 2550 2474
f 2474 2549 2475
f 2475 2549 2548
f 2475 2548 2553
f 2475 2553 2554
f 2475 2554 2476
f 2476 2479 2477
f 2476 2554 2555
f 2476 2555 2479
f 2477 2479 2478
f 2479 2555 2486
f 2479 2486 2481
f 2481 2556 2482
f 2481 2486 2556
f 2482 2556 2486
f 2483 2486 2484
f 2484 2487 2485
f 2484 2486 2487
f 2486 2555 2554
f 2486 2554 2557
f 2486 2557 2558
f 2486 2558 2559
f 2486 2559 2560
f 2486 2560 2561
f 2486 2561 2487
f 2487 2562 2489
f 2487 2489 2488
f 2487 2561 2562
f 2489 2562 2563
f 2489 2563 2564
f 2489 2564 2490
f 2490 2564 2493
f 2490 2493 2492
f 2490 2492 2491
f 2493 2565 2566
f 2493 2566 2496
f 2493 2496 2495
f 2493 2495 2494
f 2493 2564 2565
f 2496 2566 2567
f 2496 2567 2497
f 2497 2567 2568
f 2497 2568 2569
f 2497 2569 2570
f 2497 2570 2571
f 2497 2571 2572
f 2497 2572 2573
f 2497 2573 2498
f 2498 2573 2574
f 2498 2574 2502
f 2498 2502 2501
f 2498 2501 2500
f 2498 2500 2499
f 2502 2574 2503
f 2503 2574 2573
f 2503 2573 2575
f 2503 2575 2507
f 2503 2507 2506
f 2503 2506 2505
f 2503 2505 2504
f 2507 2575 2576
f 2507 2576 2527
f 2509 2577 2578
f 2509 2578 2579
f 2509 2579 2580
f 2509 2580 2513
f 2510 2527 2511
f 2511 2527 2581
f 2511 2581 2582
f 2511 2582 2512
f 2512 2582 2583
f 2527 2576 2575
f 2527 2575 2584
f 2527 2584 2581
f 2528 2536 2529
f 2529 2536 2585
f 2529 2585 2586
f 2529 2586 2530
f 2531 2535 2536
f 2535 2586 2585
f 2535 2585 2536
f 2537 2539 2538
f 2539 2587 2588
f 2539 2588 2540
f 2540 2588 2541
f 2541 2588 2546
f 2541 2546 2544
f 2541 2544 2542
f 2542 2544 2543
f 2544 2546 2545
f 2546 2588 2589
f 2546 2589 2590
f 2546 2590 2547
f 2547 2590 2553
f 2547 2553 2548
f 2553 2590 2554
f 2554 2589 2591
f 2554 2591 2557
f 2554 2590 2589
f 2557 2591 2592
f 2557 2592 2593
f 2557 2593 2594
f 2557 2594 2558
f 2558 2594 2595
f 2558 2595 2596
f 2558 2596 2597
f 2558 2597 2598
f 2558 2598 2599
f 2558 2599 2559
f 2559 2599 2560
f 2560 2599 2561
f 2561 2599 2600
f 2561 2600 2601
f 2561 2601 2602
f 2561 2602 2603
f 2561 2603 2563
f 2561 2563 2562
f 2563 2603 2604
f 2563 2604 2564
f 2564 2604 2605
f 2564 2605 2606
f 2564 2606 2565
f 2565 2606 2566
f 2566 2606 2607
f 2566 2607 2567
f 2567 2607 2608
f 2567 2608 2609
f 2567 2609 2610
f 2567 2610 2568
f 2568 2610 2597
f 2568 2597 2569
f 2569 2597 2611
f 2569 2611 2612
f 2569 2612 2613
f 2569 2613 2570
f 2570 2613 2571
f 2571 2613 2614
f 2571 2614 2572
f 2572 2614 2615
f 2572 2615 2573
f 2573 2615 2616
f 2573 2616 2617
f 2573 2617 2618
f 2573 2618 2584
f 2573 2584 2575
f 2581 2584 2582
f 2582 2584 2619
f 2582 2619 2620
f 2582 2620 2621
f 2582 2621 2583
f 2583 2621 2620
f 2584 2618 2617
f 2584 2617 2619
f 2587 2622 2588
f 2588 2622 2623
f 2588 2623 2624
f 2588 2624 2625
f 2588 2625 2626
f 2588 2626 2627
f 2588 2627 2628
f 2588 2628 2629
f 2588 2629 2630
f 2588 2630 2591
f 2588 2591 2589
f 2591 2630 2592
f 2592 2630 2631
f 2592 2631 2632
f 2592 2632 2595
f 2592 2595 2593
f 2593 2595 2594
f 2595 2632 2633
f 2595 2633 2634
f 2595 2634 2596
f 2596 2634 2597
f 2597 2634 2611
f 2597 2610 2598
f 2598 2610 2635
f 2598 2635 2600
f 2598 2600 2599
f 2600 2635 2636
f 2600 2636 2601
f 2601 2636 2602
f 2602 2636 2604
f 2602 2604 2603
f 2604 2636 2609
f 2604 2609 2608
f 2604 2608 2606
f 2604 2606 2605
f 2606 2608 2607
f 2609 2636 2610
f 2610 2636 2635
f 2611 2637 2612
f 2611 2634 2637
f 2612 2637 2638
f 2612 2638 2639
f 2612 2639 2613
f 2613 2639 2614
f 2614 2640 2615
f 2614 2639 2641
f 2614 2641 2640
f 2615 2640 2616
f 2616 2640 2659
f 2616 2659 2642
f 2616 2642 2617
f 2617 2642 2643
f 2617 2643 2619
f 2619 2643 2644
f 2619 2644 2645
f 2619 2645 2620
f 2623 2646 2624
f 2624 2646 2625
f 2627 2647 2648
f 2627 2648 2649
f 2627 2649 2628
f 2628 2649 2629
f 2629 2649 2630
f 2630 2649 2650
f 2630 2650 2631
f 2631 2651 2652
f 2631 2652 2632
f 2631 2650 2649
f 2631 2649 2653
f 2631 2653 2651
f 2632 2652 2633
f 2633 2654 2637
f 2633 2637 2634
f 2633 2652 2654
f 2637 2655 2656
f 2637 2656 2638
f 2637 2654 2655
f 2638 2657 2658
f 2638 2658 2640
f 2638 2640 2641
f 2638 2641 2639
f 2638 2656 2655
f 2638 2655 2657
f 2640 2658 2660
f 2640 2660 2659
f 2642 2661 2643
f 2642 2659 2662
f 2642 2662 2663
f 2642 2663 2661
f 2643 2661 2664
f 2643 2664 2665
f 2643 2665 2666
f 2643 2666 2667
f 2643 2667 2668
f 2643 2668 2669
f 2643 2669 2670
f 2643 2670 2644
f 2644 2670 2671
f 2647 2672 2648
f 2648 2672 2653
f 2648 2653 2649
f 2651 2653 2673
f 2651 2673 2674
f 2651 2674 2652
f 2652 2674 2675
f 2652 2675 2654
f 2653 2676 2673
f 2654 2677 2655
f 2654 2675 2691
f 2654 2691 2677
f 2655 2677 2678
f 2655 2678 2679
f 2655 2679 2657
f 2657 2680 2658
f 2657 2679 2680
f 2658 2680 2660
f 2659 2660 2681
f 2659 2681 2662
f 2660 2680 2681
f 2661 2663 2664
f 2662 2681 2682
f 2662 2682 2664
f 2662 2664 2663
f 2664 2682 2696
f 2664 2696 2683
f 2664 2683 2684
f 2664 2684 2666
f 2664 2666 2665
f 2669 2685 2670
f 2670 2685 2671
f 2673 2676 2686
f 2673 2686 2687
f 2673 2687 2674
f 2674 2687 2688
f 2674 2688 2675
f 2675 2688 2689
f 2675 2689 2690
f 2675 2690 2691
f 2677 2691 2692
f 2677 2692 2693
f 2677 2693 2694
f 2677 2694 2678
f 2678 2694 2682
f 2678 2682 2681
f 2678 2681 2695
f 2678 2695 2679
f 2679 2695 2680
f 2680 2695 2681
f 2682 2694 2696
f 2686 2688 2687
f 2689 2697 2690
f 2690 2697 2698
f 2690 2698 2691
f 2691 2698 2699
f 2691 2699 2692
f 2692 2696 2693
f 2693 2696 2694
f 2700 2701 2702
f 2700 2702 2709
f 2700 2709 2718
f 2700 2718 2740
f 2700 2740 2783
f 2700 2783 2829
f 2700 2829 2876
f 2700 2876 2885
f 2700 2885 2947
f 2700 2947 3018
f 2700 3018 2941
f 2700 2941 2940
f 2700 2940 2939
f 2700 2939 3017
f 2700 3017 3096
f 2700 3096 3105
f 2700 3105 3104
f 2700 3104 3102
f 2700 3102 3101
f 2700 3101 3171
f 2700 3171 3221
f 2700 3221 3275
f 2700 3275 3349
f 2700 3349 3347
f 2700 3347 3427
f 2700 3427 3490
f 2700 3490 3489
f 2700 3489 3556
f 2700 3556 3609
f 2700 3609 3568
f 2700 3568 3621
f 2700 3621 3620
f 2700 3620 3619
f 2700 3619 3618
f 2700 3618 3617
f 2700 3617 3616
f 2700 3616 3613
f 2700 3613 3562
f 2700 3562 3560
f 2700 3560 3495
f 2700 3495 3494
f 2700 3494 3493
f 2700 3493 3492
f 2700 3492 3428
f 2700 3428 3365
f 2700 3365 3360
f 2700 3360 3359
f 2700 3359 3358
f 2700 3358 3357
f 2700 3357 3356
f 2700 3356 3355
f 2700 3355 3354
f 2700 3354 3353
f 2700 3353 3352
f 2700 3352 3351
f 2700 3351 3363
f 2700 3363 3362
f 2700 3362 3361
f 2700 3361 3350
f 2700 3350 3276
f 2700 3276 3227
f 2700 3227 3226
f 2700 3226 3225
f 2700 3225 3224
f 2700 3224 3234
f 2700 3234 3233
f 2700 3233 3232
f 2700 3232 3231
f 2700 3231 3230
f 2700 3230 3175
f 2700 3175 3173
f 2700 3173 3107
f 2700 3107 3027
f 2700 3027 2948
f 2700 2948 2886
f 2700 2886 2835
f 2700 2835 2785
f 2700 2785 2745
f 2700 2745 2744
f 2700 2744 2741
f 2700 2741 2719
f 2700 2719 2711
f 2700 2711 2703
f 2700 2703 2704
f 2700 2704 2705
f 2700 2705 2706
f 2700 2706 2701
f 2701 2706 2707
f 2701 2707 2708
f 2701 2708 2702
f 2702 2708 2710
f 2702 2710 2709
f 2703 2711 2705
f 2703 2705 2704
f 2705 2711 2712
f 2705 2712 2713
f 2705 2713 2714
f 2705 2714 2706
f 2706 2714 2707
f 2707 2714 2708
f 2708 2714 2713
f 2708 2713 2715
f 2708 2715 2716
f 2708 2716 2717
f 2708 2717 2718
f 2708 2718 2709
f 2708 2709 2710
f 2711 2719 2720
f 2711 2720 2712
f 2712 2721 2722
f 2712 2722 2713
f 2712 2720 2723
f 2712 2723 2724
f 2712 2724 2725
f 2712 2725 2726
f 2712 2726 2727
f 2712 2727 2721
f 2713 2722 2715
f 2715 2728 2716
f 2715 2722 2729
f 2715 2729 2730
f 2715 2730 2731
f 2715 2731 2732
f 2715 2732 2733
f 2715 2733 2734
f 2715 2734 2728
f 2716 2728 2735
f 2716 2735 2736
f 2716 2736 2717
f 2717 2737 2718
f 2717 2736 2738
f 2717 2738 2737
f 2718 2737 2739
f 2718 2739 2740
f 2719 2741 2742
f 2719 2742 2720
f 2720 2742 2723
f 2721 2743 2722
f 2721 2727 2743
f 2722 2743 2729
f 2723 2742 2744
f 2723 2744 2745
f 2723 2745 2724
f 2724 2745 2746
f 2724 2746 2747
f 2724 2747 2748
f 2724 2748 2725
f 2725 2749 2750
f 2725 2750 2751
f 2725 2751 2752
f 2725 2752 2753
f 2725 2753 2754
f 2725 2754 2727
f 2725 2727 2726
f 2725 2748 2749
f 2727 2754 2755
f 2727 2755 2756
f 2727 2756 2729
f 2727 2729 2743
f 2728 2734 2757
f 2728 2757 2758
f 2728 2758 2759
f 2728 2759 2760
f 2728 2760 2761
f 2728 2761 2735
f 2729 2756 2762
f 2729 2762 2763
f 2729 2763 2764
f 2729 2764 2731
f 2729 2731 2730
f 2731 2764 2763
f 2731 2763 2765
f 2731 2765 2766
f 2731 2766 2767
f 2731 2767 2768
f 2731 2768 2732
f 2732 2769 2733
f 2732 2768 2770
f 2732 2770 2771
f 2732 2771 2769
f 2733 2769 2771
f 2733 2771 2772
f 2733 2772 2773
f 2733 2773 2774
f 2733 2774 2734
f 2734 2774 2775
f 2734 2775 2776
f 2734 2776 2777
f 2734 2777 2778
f 2734 2778 2757
f 2735 2761 2736
f 2736 2761 2779
f 2736 2779 2739
f 2736 2739 2738
f 2737 2738 2739
f 2739 2779 2780
f 2739 2780 2781
f 2739 2781 2782
f 2739 2782 2740
f 2740 2782 2784
f 2740 2784 2783
f 2741 2744 2742
f 2745 2785 2786
f 2745 2786 2787
f 2745 2787 2788
f 2745 2788 2747
f 2745 2747 2746
f 2747 2789 2790
f 2747 2790 2748
f 2747 2788 2791
f 2747 2791 2792
f 2747 2792 2789
f 2748 2790 2749
f 2749 2793 2794
f 2749 2794 2750
f 2749 2790 2789
f 2749 2789 2795
f 2749 2795 2793
f 2750 2794 2796
f 2750 2796 2797
f 2750 2797 2798
f 2750 2798 2751
f 2751 2798 2799
f 2751 2799 2800
f 2751 2800 2752
f 2752 2800 2801
f 2752 2801 2753
f 2753 2801 2802
f 2753 2802 2754
f 2754 2803 2765
f 2754 2765 2763
f 2754 2763 2762
f 2754 2762 2755
f 2754 2802 2804
f 2754 2804 2803
f 2755 2762 2756
f 2757 2778 2805
f 2757 2805 2759
f 2757 2759 2758
f 2759 2805 2806
f 2759 2806 2807
f 2759 2807 2808
f 2759 2808 2809
f 2759 2809 2810
f 2759 2810 2760
f 2760 2810 2761
f 2761 2780 2779
f 2761 2810 2811
f 2761 2811 2780
f 2765 2803 2812
f 2765 2812 2766
f 2766 2812 2813
f 2766 2813 2814
f 2766 2814 2767
f 2767 2814 2768
f 2768 2804 2815
f 2768 2815 2770
f 2768 2814 2816
f 2768 2816 2804
f 2770 2815 2804
f 2770 2804 2817
f 2770 2817 2818
f 2770 2818 2771
f 2771 2818 2819
f 2771 2819 2820
f 2771 2820 2772
f 2772 2820 2819
f 2772 2819 2776
f 2772 2776 2774
f 2772 2774 2773
f 2774 2776 2775
f 2776 2805 2778
f 2776 2778 2777
f 2776 2819 2821
f 2776 2821 2822
f 2776 2822 2823
f 2776 2823 2824
f 2776 2824 2825
f 2776 2825 2805
f 2780 2811 2781
f 2781 2811 2826
f 2781 2826 2827
f 2781 2827 2782
f 2782 2827 2828
f 2782 2828 2784
f 2783 2784 2829
f 2784 2828 2830
f 2784 2830 2831
f 2784 2831 2832
f 2784 2832 2833
f 2784 2833 2834
f 2784 2834 2829
f 2785 2835 2836
f 2785 2836 2786
f 2786 2837 2791
f 2786 2791 2788
f 2786 2788 2787
f 2786 2836 2838
f 2786 2838 2839
f 2786 2839 2837
f 2789 2792 2795
f 2791 2837 2840
f 2791 2840 2792
f 2792 2841 2839
f 2792 2839 2842
f 2792 2842 2843
f 2792 2843 2844
f 2792 2844 2845
f 2792 2845 2846
f 2792 2846 2847
f 2792 2847 2848
f 2792 2848 2795
f 2792 2840 2841
f 2793 2849 2850
f 2793 2850 2851
f 2793 2851 2794
f 2793 2795 2849
f 2794 2851 2796
f 2795 2848 2852
f 2795 2852 2849
f 2796 2851 2853
f 2796 2853 2797
f 2797 2853 2798
f 2798 2853 2799
f 2799 2854 2800
f 2799 2853 2854
f 2800 2854 2804
f 2800 2804 2801
f 2801 2804 2802
f 2803 2855 2812
f 2803 2804 2855
f 2804 2854 2818
f 2804 2818 2817
f 2804 2816 2855
f 2805 2825 2856
f 2805 2856 2806
f 2806 2856 2807
f 2807 2856 2857
f 2807 2857 2808
f 2808 2857 2858
f 2808 2858 2859
f 2808 2859 2860
f 2808 2860 2861
f 2808 2861 2810
f 2808 2810 2809
f 2810 2861 2860
f 2810 2860 2862
f 2810 2862 2863
f 2810 2863 2811
f 2811 2863 2864
f 2811 2864 2827
f 2811 2827 2826
f 2812 2855 2816
f 2812 2816 2813
f 2813 2816 2814
f 2818 2854 2865
f 2818 2865 2866
f 2818 2866 2867
f 2818 2867 2819
f 2819 2867 2821
f 2821 2867 2868
f 2821 2868 2822
f 2822 2868 2869
f 2822 2869 2870
f 2822 2870 2871
f 2822 2871 2872
f 2822 2872 2823
f 2823 2872 2873
f 2823 2873 2856
f 2823 2856 2824
f 2824 2856 2825
f 2827 2864 2828
f 2828 2864 2874
f 2828 2874 2875
f 2828 2875 2830
f 2829 2834 2876
f 2830 2875 2877
f 2830 2877 2878
f 2830 2878 2831
f 2831 2878 2879
f 2831 2879 2880
f 2831 2880 2832
f 2832 2881 2882
f 2832 2882 2883
f 2832 2883 2833
f 2832 2880 2884
f 2832 2884 2881
f 2833 2885 2834
f 2833 2883 2882
f 2833 2882 2885
f 2834 2885 2876
f 2835 2886 2887
f 2835 2887 2888
f 2835 2888 2836
f 2836 2888 2889
f 2836 2889 2890
f 2836 2890 2838
f 2837 2839 2840
f 2838 2890 2839
f 2839 2890 2891
f 2839 2891 2842
f 2839 2841 2840
f 2842 2891 2892
f 2842 2892 2893
f 2842 2893 2843
f 2843 2893 2894
f 2843 2894 2844
f 2844 2894 2895
f 2844 2895 2896
f 2844 2896 2897
f 2844 2897 2898
f 2844 2898 2845
f 2845 2899 2846
f 2845 2898 2899
f 2846 2899 2900
f 2846 2900 2847
f 2847 2900 2848
f 2848 2900 2901
f 2848 2901 2852
f 2849 2852 2902
f 2849 2902 2850
f 2850 2903 2851
f 2850 2902 2903
f 2851 2903 2853
f 2852 2904 2905
f 2852 2905 2906
f 2852 2906 2902
f 2852 2901 2907
f 2852 2907 2908
f 2852 2908 2904
f 2853 2903 2909
f 2853 2909 2910
f 2853 2910 2911
f 2853 2911 2912
f 2853 2912 2913
f 2853 2913 2865
f 2853 2865 2854
f 2856 2873 2914
f 2856 2914 2857
f 2857 2915 2916
f 2857 2916 2917
f 2857 2917 2858
f 2857 2914 2915
f 2858 2917 2859
f 2859 2917 2918
f 2859 2918 2860
f 2860 2918 2919
f 2860 2919 2920
f 2860 2920 2862
f 2862 2920 2863
f 2863 2920 2874
f 2863 2874 2864
f 2865 2913 2866
f 2866 2913 2921
f 2866 2921 2868
f 2866 2868 2867
f 2868 2921 2869
f 2869 2921 2870
f 2870 2921 2922
f 2870 2922 2923
f 2870 2923 2924
f 2870 2924 2925
f 2870 2925 2926
f 2870 2926 2871
f 2871 2926 2872
f 2872 2926 2927
f 2872 2927 2928
f 2872 2928 2915
f 2872 2915 2929
f 2872 2929 2914
f 2872 2914 2873
f 2874 2920 2930
f 2874 2930 2875
f 2875 2930 2931
f 2875 2931 2877
f 2877 2931 2932
f 2877 2932 2933
f 2877 2933 2879
f 2877 2879 2878
f 2879 2933 2934
f 2879 2934 2935
f 2879 2935 2880
f 2880 2935 2936
f 2880 2936 2937
f 2880 2937 2938
f 2880 2938 2884
f 2881 2939 2940
f 2881 2940 2941
f 2881 2941 2942
f 2881 2942 2943
f 2881 2943 2882
f 2881 2884 2939
f 2882 2943 2885
f 2884 2938 2944
f 2884 2944 2945
f 2884 2945 2946
f 2884 2946 2939
f 2885 2943 2947
f 2886 2948 2949
f 2886 2949 2887
f 2887 2949 2950
f 2887 2950 2951
f 2887 2951 2952
f 2887 2952 2888
f 2888 2952 2889
f 2889 2953 2890
f 2889 2952 2953
f 2890 2953 2954
f 2890 2954 2955
f 2890 2955 2892
f 2890 2892 2891
f 2892 2955 2893
f 2893 2956 2957
f 2893 2957 2958
f 2893 2958 2959
f 2893 2959 2894
f 2893 2955 2956
f 2894 2959 2895
f 2895 2960 2961
f 2895 2961 2962
f 2895 2962 2896
f 2895 2959 2958
f 2895 2958 2957
f 2895 2957 2960
f 2896 2962 2897
f 2897 2962 2898
f 2898 2963 2964
f 2898 2964 2899
f 2898 2962 2965
f 2898 2965 2966
f 2898 2966 2963
f 2899 2964 2900
f 2900 2967 2901
f 2900 2964 2968
f 2900 2968 2967
f 2901 2967 2907
f 2902 2906 2909
f 2902 2909 2903
f 2904 2969 2905
f 2904 2908 2970
f 2904 2970 2969
f 2905 2969 2971
f 2905 2971 2909
f 2905 2909 2906
f 2907 2967 2972
f 2907 2972 2964
f 2907 2964 2973
f 2907 2973 2974
f 2907 2974 2975
f 2907 2975 2976
f 2907 2976 2977
f 2907 2977 2970
f 2907 2970 2908
f 2909 2971 2910
f 2910 2971 2978
f 2910 2978 2911
f 2911 2978 2979
f 2911 2979 2980
f 2911 2980 2981
f 2911 2981 2982
f 2911 2982 2983
f 2911 2983 2984
f 2911 2984 2922
f 2911 2922 2921
f 2911 2921 2912
f 2912 2921 2913
f 2914 2929 2915
f 2915 2928 2985
f 2915 2985 2916
f 2916 2985 2986
f 2916 2986 2987
f 2916 2987 2917
f 2917 2987 2988
f 2917 2988 2989
f 2917 2989 2990
f 2917 2990 2991
f 2917 2991 2918
f 2918 2991 2990
f 2918 2990 2919
f 2919 2990 2992
f 2919 2992 2993
f 2919 2993 2994
f 2919 2994 2920
f 2920 2994 2995
f 2920 2995 2930
f 2922 2984 2923
f 2923 2925 2924
f 2923 2984 2983
f 2923 2983 2996
f 2923 2996 2925
f 2925 2996 2983
f 2925 2983 2986
f 2925 2986 2985
f 2925 2985 2928
f 2925 2928 2927
f 2925 2927 2926
f 2930 2995 2997
f 2930 2997 2998
f 2930 2998 2999
f 2930 2999 3000
f 2930 3000 3001
f 2930 3001 3002
f 2930 3002 3003
f 2930 3003 2931
f 2931 3003 3004
f 2931 3004 2932
f 2932 3005 3006
f 2932 3006 3007
f 2932 3007 2933
f 2932 3004 3008
f 2932 3008 3009
f 2932 3009 3010
f 2932 3010 3005
f 2933 3007 2934
f 2934 3011 2936
f 2934 2936 2935
f 2934 3007 3011
f 2936 3011 3012
f 2936 3012 3013
f 2936 3013 2937
f 2937 3013 2938
f 2938 3013 3014
f 2938 3014 3015
f 2938 3015 3016
f 2938 3016 2944
f 2939 2946 3017
f 2941 3018 2942
f 2942 2947 2943
f 2942 3018 2947
f 2944 3016 2945
f 2945 3019 3020
f 2945 3020 3021
f 2945 3021 3022
f 2945 3022 3023
f 2945 3023 3024
f 2945 3024 2946
f 2945 3016 3025
f 2945 3025 3019
f 2946 3024 3026
f 2946 3026 3017
f 2948 3027 2949
f 2949 3028 2950
f 2949 3027 3029
f 2949 3029 3028
f 2950 3028 3029
f 2950 3029 3030
f 2950 3030 2951
f 2951 3030 3031
f 2951 3031 3032
f 2951 3032 2952
f 2952 3033 2953
f 2952 3032 3034
f 2952 3034 2960
f 2952 2960 3033
f 2953 2957 2956
f 2953 2956 2954
f 2953 3033 2957
f 2954 2956 2955
f 2957 3033 2960
f 2960 3034 2961
f 2961 3035 2965
f 2961 2965 3036
f 2961 3036 2962
f 2961 3034 3037
f 2961 3037 3038
f 2961 3038 3039
f 2961 3039 3040
f 2961 3040 3041
f 2961 3041 3042
f 2961 3042 3043
f 2961 3043 3035
f 2962 3036 2965
f 2963 3044 3045
f 2963 3045 3046
f 2963 3046 3047
f 2963 3047 3048
f 2963 3048 3049
f 2963 3049 2964
f 2963 2966 3050
f 2963 3050 3044
f 2964 3049 2973
f 2964 2972 2967
f 2964 2967 2968
f 2965 3035 3051
f 2965 3051 3052
f 2965 3052 2966
f 2966 3052 3050
f 2969 2970 3053
f 2969 3053 2978
f 2969 2978 2971
f 2970 2977 3053
f 2973 3049 2974
f 2974 3049 3054
f 2974 3054 3048
f 2974 3048 3055
f 2974 3055 3056
f 2974 3056 3057
f 2974 3057 2975
f 2975 3057 3058
f 2975 3058 2976
f 2976 3058 2980
f 2976 2980 2979
f 2976 2979 2978
f 2976 2978 3053
f 2976 3053 3059
f 2976 3059 2977
f 2977 3059 3053
f 2980 3058 2981
f 2981 3058 3060
f 2981 3060 3061
f 2981 3061 2983
f 2981 2983 2982
f 2983 3061 3062
f 2983 3062 3063
f 2983 3063 2986
f 2986 3063 2988
f 2986 2988 2987
f 2988 3063 3064
f 2988 3064 2989
f 2989 3064 3065
f 2989 3065 3066
f 2989 3066 2993
f 2989 2993 2992
f 2989 2992 2990
f 2993 3066 3067
f 2993 3067 2997
f 2993 2997 2994
f 2994 2997 2995
f 2997 3068 3069
f 2997 3069 3070
f 2997 3070 2999
f 2997 2999 2998
f 2997 3067 3071
f 2997 3071 3068
f 2999 3070 3000
f 3000 3070 3001
f 3001 3072 3073
f 3001 3073 3074
f 3001 3074 3075
f 3001 3075 3002
f 3001 3070 3076
f 3001 3076 3072
f 3002 3075 3003
f 3003 3075 3009
f 3003 3009 3004
f 3004 3009 3008
f 3005 3010 3074
f 3005 3074 3077
f 3005 3077 3006
f 3006 3078 3079
f 3006 3079 3007
f 3006 3077 3078
f 3007 3079 3080
f 3007 3080 3081
f 3007 3081 3082
f 3007 3082 3083
f 3007 3083 3084
f 3007 3084 3085
f 3007 3085 3011
f 3009 3075 3010
f 3010 3075 3074
f 3011 3085 3086
f 3011 3086 3087
f 3011 3087 3088
f 3011 3088 3012
f 3012 3088 3013
f 3013 3089 3014
f 3013 3088 3087
f 3013 3087 3089
f 3014 3089 3090
f 3014 3090 3091
f 3014 3091 3092
f 3014 3092 3093
f 3014 3093 3015
f 3015 3093 3094
f 3015 3094 3025
f 3015 3025 3016
f 3017 3026 3095
f 3017 3095 3096
f 3019 3097 3020
f 3019 3025 3097
f 3020 3097 3021
f 3021 3098 3099
f 3021 3099 3100
f 3021 3100 3101
f 3021 3101 3102
f 3021 3102 3103
f 3021 3103 3022
f 3021 3097 3098
f 3022 3103 3023
f 3023 3103 3102
f 3023 3102 3104
f 3023 3104 3105
f 3023 3105 3096
f 3023 3096 3095
f 3023 3095 3024
f 3024 3095 3026
f 3025 3094 3106
f 3025 3106 3097
f 3027 3107 3029
f 3029 3108 3109
f 3029 3109 3030
f 3029 3107 3108
f 3030 3109 3031
f 3031 3110 3032
f 3031 3109 3111
f 3031 3111 3039
f 3031 3039 3110
f 3032 3110 3037
f 3032 3037 3034
f 3035 3043 3112
f 3035 3112 3051
f 3037 3110 3039
f 3037 3039 3038
f 3039 3111 3113
f 3039 3113 3040
f 3040 3113 3114
f 3040 3114 3115
f 3040 3115 3116
f 3040 3116 3117
f 3040 3117 3041
f 3041 3117 3042
f 3042 3118 3119
f 3042 3119 3120
f 3042 3120 3121
f 3042 3121 3122
f 3042 3122 3043
f 3042 3117 3123
f 3042 3123 3124
f 3042 3124 3125
f 3042 3125 3126
f 3042 3126 3118
f 3043 3122 3127
f 3043 3127 3112
f 3044 3071 3128
f 3044 3128 3129
f 3044 3129 3045
f 3044 3050 3068
f 3044 3068 3071
f 3045 3130 3047
f 3045 3047 3046
f 3045 3129 3128
f 3045 3128 3130
f 3047 3130 3131
f 3047 3131 3132
f 3047 3132 3048
f 3048 3133 3055
f 3048 3054 3049
f 3048 3132 3133
f 3050 3052 3068
f 3051 3112 3134
f 3051 3134 3052
f 3052 3135 3136
f 3052 3136 3068
f 3052 3134 3137
f 3052 3137 3138
f 3052 3138 3135
f 3055 3133 3139
f 3055 3139 3056
f 3056 3139 3140
f 3056 3140 3057
f 3057 3140 3060
f 3057 3060 3058
f 3060 3140 3133
f 3060 3133 3061
f 3061 3133 3141
f 3061 3141 3062
f 3062 3141 3199
f 3062 3199 3142
f 3062 3142 3065
f 3062 3065 3063
f 3063 3065 3064
f 3065 3142 3143
f 3065 3143 3066
f 3066 3143 3144
f 3066 3144 3067
f 3067 3144 3128
f 3067 3128 3071
f 3068 3136 3069
f 3069 3136 3135
f 3069 3135 3137
f 3069 3137 3070
f 3070 3137 3145
f 3070 3145 3076
f 3072 3146 3127
f 3072 3127 3122
f 3072 3122 3147
f 3072 3147 3073
f 3072 3076 3146
f 3073 3147 3074
f 3074 3147 3148
f 3074 3148 3078
f 3074 3078 3077
f 3076 3145 3146
f 3078 3148 3149
f 3078 3149 3150
f 3078 3150 3151
f 3078 3151 3079
f 3079 3151 3152
f 3079 3152 3081
f 3079 3081 3080
f 3081 3152 3082
f 3082 3152 3153
f 3082 3153 3154
f 3082 3154 3155
f 3082 3155 3156
f 3082 3156 3083
f 3083 3156 3157
f 3083 3157 3158
f 3083 3158 3084
f 3084 3158 3086
f 3084 3086 3085
f 3086 3158 3157
f 3086 3157 3089
f 3086 3089 3087
f 3089 3091 3090
f 3089 3157 3092
f 3089 3092 3091
f 3092 3159 3160
f 3092 3160 3094
f 3092 3094 3093
f 3092 3157 3159
f 3094 3160 3161
f 3094 3161 3106
f 3097 3162 3163
f 3097 3163 3164
f 3097 3164 3098
f 3097 3106 3165
f 3097 3165 3166
f 3097 3166 3162
f 3098 3167 3099
f 3098 3164 3167
f 3099 3168 3169
f 3099 3169 3100
f 3099 3167 3168
f 3100 3169 3170
f 3100 3170 3171
f 3100 3171 3101
f 3106 3172 3165
f 3106 3161 3172
f 3107 3173 3108
f 3108 3174 3109
f 3108 3173 3175
f 3108 3175 3174
f 3109 3174 3176
f 3109 3176 3111
f 3111 3177 3178
f 3111 3178 3179
f 3111 3179 3113
f 3111 3176 3177
f 3112 3127 3180
f 3112 3180 3134
f 3113 3179 3181
f 3113 3181 3182
f 3113 3182 3183
f 3113 3183 3114
f 3114 3183 3184
f 3114 3184 3185
f 3114 3185 3186
f 3114 3186 3187
f 3114 3187 3188
f 3114 3188 3115
f 3115 3188 3125
f 3115 3125 3116
f 3116 3125 3124
f 3116 3124 3123
f 3116 3123 3117
f 3118 3126 3189
f 3118 3189 3190
f 3118 3190 3119
f 3119 3190 3191
f 3119 3191 3120
f 3120 3191 3192
f 3120 3192 3193
f 3120 3193 3121
f 3121 3193 3122
f 3122 3193 3147
f 3125 3188 3194
f 3125 3194 3195
f 3125 3195 3126
f 3126 3195 3196
f 3126 3196 3190
f 3126 3190 3189
f 3127 3146 3197
f 3127 3197 3134
f 3127 3134 3180
f 3128 3144 3130
f 3130 3144 3131
f 3131 3198 3132
f 3131 3144 3198
f 3132 3198 3142
f 3132 3142 3199
f 3132 3199 3133
f 3133 3199 3141
f 3133 3140 3139
f 3134 3145 3137
f 3134 3197 3146
f 3134 3146 3145
f 3135 3138 3137
f 3142 3198 3143
f 3143 3198 3144
f 3147 3193 3149
f 3147 3149 3148
f 3149 3193 3192
f 3149 3192 3191
f 3149 3191 3150
f 3150 3191 3200
f 3150 3200 3151
f 3151 3201 3202
f 3151 3202 3153
f 3151 3153 3152
f 3151 3200 3203
f 3151 3203 3201
f 3153 3202 3154
f 3154 3204 3155
f 3154 3202 3204
f 3155 3205 3156
f 3155 3204 3205
f 3156 3205 3206
f 3156 3206 3157
f 3157 3206 3159
f 3159 3207 3208
f 3159 3208 3160
f 3159 3206 3207
f 3160 3208 3161
f 3161 3208 3209
f 3161 3209 3210
f 3161 3210 3211
f 3161 3211 3172
f 3162 3212 3163
f 3162 3166 3212
f 3163 3212 3164
f 3164 3212 3167
f 3165 3172 3213
f 3165 3213 3166
f 3166 3213 3214
f 3166 3214 3215
f 3166 3215 3212
f 3167 3216 3217
f 3167 3217 3168
f 3167 3212 3218
f 3167 3218 3216
f 3168 3219 3220
f 3168 3220 3170
f 3168 3170 3169
f 3168 3217 3216
f 3168 3216 3219
f 3170 3220 3221
f 3170 3221 3171
f 3172 3222 3223
f 3172 3223 3213
f 3172 3211 3222
f 3174 3224 3225
f 3174 3225 3226
f 3174 3226 3227
f 3174 3227 3228
f 3174 3228 3229
f 3174 3229 3176
f 3174 3175 3230
f 3174 3230 3231
f 3174 3231 3232
f 3174 3232 3233
f 3174 3233 3234
f 3174 3234 3224
f 3176 3229 3235
f 3176 3235 3177
f 3177 3235 3236
f 3177 3236 3179
f 3177 3179 3178
f 3179 3236 3237
f 3179 3237 3181
f 3181 3237 3182
f 3182 3238 3239
f 3182 3239 3240
f 3182 3240 3185
f 3182 3185 3184
f 3182 3184 3183
f 3182 3237 3236
f 3182 3236 3238
f 3185 3240 3241
f 3185 3241 3242
f 3185 3242 3187
f 3185 3187 3186
f 3187 3242 3188
f 3188 3242 3194
f 3190 3196 3200
f 3190 3200 3191
f 3194 3242 3243
f 3194 3243 3244
f 3194 3244 3245
f 3194 3245 3246
f 3194 3246 3247
f 3194 3247 3195
f 3195 3247 3248
f 3195 3248 3196
f 3196 3248 3203
f 3196 3203 3200
f 3201 3249 3202
f 3201 3203 3249
f 3202 3249 3250
f 3202 3250 3204
f 3203 3248 3251
f 3203 3251 3252
f 3203 3252 3249
f 3204 3250 3253
f 3204 3253 3254
f 3204 3254 3255
f 3204 3255 3256
f 3204 3256 3257
f 3204 3257 3205
f 3205 3257 3258
f 3205 3258 3206
f 3206 3258 3259
f 3206 3259 3207
f 3207 3259 3260
f 3207 3260 3261
f 3207 3261 3262
f 3207 3262 3209
f 3207 3209 3208
f 3209 3262 3210
f 3210 3263 3264
f 3210 3264 3211
f 3210 3262 3263
f 3211 3264 3265
f 3211 3265 3214
f 3211 3214 3223
f 3211 3223 3222
f 3212 3266 3267
f 3212 3267 3268
f 3212 3268 3218
f 3212 3215 3269
f 3212 3269 3270
f 3212 3270 3266
f 3213 3223 3214
f 3214 3265 3269
f 3214 3269 3215
f 3216 3271 3219
f 3216 3218 3268
f 3216 3268 3271
f 3219 3272 3220
f 3219 3271 3272
f 3220 3273 3274
f 3220 3274 3275
f 3220 3275 3221
f 3220 3272 3273
f 3227 3276 3277
f 3227 3277 3228
f 3228 3277 3229
f 3229 3277 3278
f 3229 3278 3279
f 3229 3279 3280
f 3229 3280 3281
f 3229 3281 3235
f 3235 3281 3238
f 3235 3238 3236
f 3238 3281 3239
f 3239 3281 3282
f 3239 3282 3283
f 3239 3283 3284
f 3239 3284 3285
f 3239 3285 3286
f 3239 3286 3287
f 3239 3287 3240
f 3240 3287 3288
f 3240 3288 3289
f 3240 3289 3290
f 3240 3290 3291
f 3240 3291 3241
f 3241 3291 3292
f 3241 3292 3293
f 3241 3293 3294
f 3241 3294 3295
f 3241 3295 3242
f 3242 3295 3244
f 3242 3244 3243
f 3244 3295 3294
f 3244 3294 3296
f 3244 3296 3297
f 3244 3297 3245
f 3245 3297 3298
f 3245 3298 3299
f 3245 3299 3246
f 3246 3299 3247
f 3247 3299 3298
f 3247 3298 3300
f 3247 3300 3301
f 3247 3301 3248
f 3248 3301 3251
f 3249 3252 3250
f 3250 3252 3253
f 3251 3301 3302
f 3251 3302 3303
f 3251 3303 3256
f 3251 3256 3252
f 3252 3256 3255
f 3252 3255 3254
f 3252 3254 3253
f 3256 3303 3304
f 3256 3304 3305
f 3256 3305 3257
f 3257 3305 3306
f 3257 3306 3307
f 3257 3307 3308
f 3257 3308 3309
f 3257 3309 3258
f 3258 3309 3310
f 3258 3310 3259
f 3259 3310 3260
f 3260 3311 3312
f 3260 3312 3313
f 3260 3313 3314
f 3260 3314 3315
f 3260 3315 3316
f 3260 3316 3317
f 3260 3317 3318
f 3260 3318 3319
f 3260 3319 3262
f 3260 3262 3261
f 3260 3310 3309
f 3260 3309 3320
f 3260 3320 3321
f 3260 3321 3322
f 3260 3322 3311
f 3262 3319 3318
f 3262 3318 3263
f 3263 3323 3264
f 3263 3318 3323
f 3264 3323 3324
f 3264 3324 3265
f 3265 3324 3269
f 3266 3270 3325
f 3266 3325 3267
f 3267 3325 3326
f 3267 3326 3327
f 3267 3327 3328
f 3267 3328 3329
f 3267 3329 3268
f 3268 3329 3330
f 3268 3330 3331
f 3268 3331 3332
f 3268 3332 3271
f 3269 3324 3333
f 3269 3333 3270
f 3270 3333 3325
f 3271 3334 3335
f 3271 3335 3272
f 3271 3332 3336
f 3271 3336 3337
f 3271 3337 3334
f 3272 3338 3339
f 3272 3339 3340
f 3272 3340 3341
f 3272 3341 3273
f 3272 3335 3338
f 3273 3341 3342
f 3273 3342 3343
f 3273 3343 3344
f 3273 3344 3274
f 3274 3344 3345
f 3274 3345 3346
f 3274 3346 3347
f 3274 3347 3348
f 3274 3348 3275
f 3275 3348 3349
f 3276 3350 3278
f 3276 3278 3277
f 3278 3351 3352
f 3278 3352 3353
f 3278 3353 3354
f 3278 3354 3355
f 3278 3355 3356
f 3278 3356 3357
f 3278 3357 3358
f 3278 3358 3359
f 3278 3359 3360
f 3278 3360 3279
f 3278 3350 3361
f 3278 3361 3362
f 3278 3362 3363
f 3278 3363 3351
f 3279 3364 3280
f 3279 3360 3365
f 3279 3365 3364
f 3280 3364 3366
f 3280 3366 3367
f 3280 3367 3368
f 3280 3368 3284
f 3280 3284 3281
f 3281 3284 3369
f 3281 3369 3282
f 3282 3369 3284
f 3282 3284 3283
f 3284 3368 3285
f 3285 3368 3286
f 3286 3368 3370
f 3286 3370 3288
f 3286 3288 3287
f 3288 3370 3371
f 3288 3371 3372
f 3288 3372 3373
f 3288 3373 3374
f 3288 3374 3289
f 3289 3374 3375
f 3289 3375 3290
f 3290 3375 3291
f 3291 3375 3376
f 3291 3376 3377
f 3291 3377 3292
f 3292 3377 3378
f 3292 3378 3294
f 3292 3294 3293
f 3294 3378 3379
f 3294 3379 3296
f 3296 3379 3380
f 3296 3380 3381
f 3296 3381 3297
f 3297 3381 3382
f 3297 3382 3298
f 3298 3382 3301
f 3298 3301 3300
f 3301 3382 3302
f 3302 3383 3304
f 3302 3304 3303
f 3302 3382 3381
f 3302 3381 3384
f 3302 3384 3383
f 3304 3383 3307
f 3304 3307 3306
f 3304 3306 3305
f 3307 3383 3308
f 3308 3383 3385
f 3308 3385 3386
f 3308 3386 3321
f 3308 3321 3309
f 3309 3321 3320
f 3311 3387 3388
f 3311 3388 3389
f 3311 3389 3313
f 3311 3313 3312
f 3311 3322 3385
f 3311 3385 3387
f 3313 3389 3390
f 3313 3390 3391
f 3313 3391 3392
f 3313 3392 3314
f 3314 3392 3393
f 3314 3393 3394
f 3314 3394 3315
f 3315 3394 3395
f 3315 3395 3396
f 3315 3396 3397
f 3315 3397 3398
f 3315 3398 3399
f 3315 3399 3400
f 3315 3400 3401
f 3315 3401 3323
f 3315 3323 3402
f 3315 3402 3316
f 3316 3402 3317
f 3317 3402 3318
f 3318 3402 3323
f 3321 3386 3322
f 3322 3386 3385
f 3323 3401 3403
f 3323 3403 3404
f 3323 3404 3324
f 3324 3404 3333
f 3325 3405 3326
f 3325 3333 3406
f 3325 3406 3407
f 3325 3407 3405
f 3326 3405 3408
f 3326 3408 3327
f 3327 3408 3328
f 3328 3408 3409
f 3328 3409 3410
f 3328 3410 3330
f 3328 3330 3329
f 3330 3410 3331
f 3331 3410 3332
f 3332 3410 3411
f 3332 3411 3336
f 3333 3404 3406
f 3334 3337 3412
f 3334 3412 3413
f 3334 3413 3338
f 3334 3338 3335
f 3336 3411 3414
f 3336 3414 3415
f 3336 3415 3416
f 3336 3416 3337
f 3337 3416 3412
f 3338 3413 3417
f 3338 3417 3339
f 3339 3417 3418
f 3339 3418 3340
f 3340 3418 3419
f 3340 3419 3341
f 3341 3420 3342
f 3341 3419 3421
f 3341 3421 3420
f 3342 3420 3343
f 3343 3345 3344
f 3343 3420 3422
f 3343 3422 3423
f 3343 3423 3424
f 3343 3424 3345
f 3345 3425 3346
f 3345 3424 3425
f 3346 3425 3426
f 3346 3426 3347
f 3347 3426 3427
f 3347 3349 3348
f 3364 3365 3428
f 3364 3428 3429
f 3364 3429 3366
f 3366 3430 3368
f 3366 3368 3367
f 3366 3429 3430
f 3368 3430 3370
f 3370 3430 3429
f 3370 3429 3431
f 3370 3431 3372
f 3370 3372 3371
f 3372 3431 3432
f 3372 3432 3373
f 3373 3432 3433
f 3373 3433 3376
f 3373 3376 3374
f 3374 3376 3375
f 3376 3433 3434
f 3376 3434 3435
f 3376 3435 3436
f 3376 3436 3437
f 3376 3437 3438
f 3376 3438 3439
f 3376 3439 3440
f 3376 3440 3441
f 3376 3441 3377
f 3377 3441 3440
f 3377 3440 3378
f 3378 3440 3380
f 3378 3380 3379
f 3380 3440 3442
f 3380 3442 3443
f 3380 3443 3381
f 3381 3443 3442
f 3381 3442 3444
f 3381 3444 3445
f 3381 3445 3446
f 3381 3446 3447
f 3381 3447 3448
f 3381 3448 3384
f 3383 3384 3449
f 3383 3449 3385
f 3384 3448 3449
f 3385 3449 3387
f 3387 3449 3388
f 3388 3449 3446
f 3388 3446 3389
f 3389 3450 3390
f 3389 3446 3451
f 3389 3451 3450
f 3390 3450 3452
f 3390 3452 3391
f 3391 3452 3453
f 3391 3453 3392
f 3392 3453 3454
f 3392 3454 3455
f 3392 3455 3456
f 3392 3456 3457
f 3392 3457 3458
f 3392 3458 3393
f 3393 3458 3394
f 3394 3458 3459
f 3394 3459 3395
f 3395 3459 3460
f 3395 3460 3396
f 3396 3460 3461
f 3396 3461 3462
f 3396 3462 3463
f 3396 3463 3397
f 3397 3463 3398
f 3398 3463 3464
f 3398 3464 3399
f 3399 3464 3400
f 3400 3464 3465
f 3400 3465 3401
f 3401 3465 3403
f 3403 3465 3466
f 3403 3466 3404
f 3404 3466 3467
f 3404 3467 3468
f 3404 3468 3406
f 3405 3407 3469
f 3405 3469 3470
f 3405 3470 3471
f 3405 3471 3472
f 3405 3472 3408
f 3406 3468 3473
f 3406 3473 3474
f 3406 3474 3407
f 3407 3474 3469
f 3408 3472 3471
f 3408 3471 3475
f 3408 3475 3476
f 3408 3476 3477
f 3408 3477 3409
f 3409 3478 3414
f 3409 3414 3410
f 3409 3477 3478
f 3410 3414 3411
f 3412 3479 3417
f 3412 3417 3413
f 3412 3416 3479
f 3414 3480 3415
f 3414 3478 3480
f 3415 3480 3416
f 3416 3480 3479
f 3417 3481 3418
f 3417 3479 3482
f 3417 3482 3481
f 3418 3481 3419
f 3419 3481 3483
f 3419 3483 3484
f 3419 3484 3485
f 3419 3485 3421
f 3420 3421 3422
f 3421 3485 3422
f 3422 3485 3423
f 3423 3485 3424
f 3424 3485 3486
f 3424 3486 3425
f 3425 3487 3488
f 3425 3488 3489
f 3425 3489 3490
f 3425 3490 3426
f 3425 3486 3491
f 3425 3491 3487
f 3426 3490 3427
f 3428 3492 3429
f 3429 3492 3493
f 3429 3493 3494
f 3429 3494 3495
f 3429 3495 3496
f 3429 3496 3497
f 3429 3497 3431
f 3431 3497 3432
f 3432 3497 3498
f 3432 3498 3499
f 3432 3499 3434
f 3432 3434 3433
f 3434 3499 3500
f 3434 3500 3501
f 3434 3501 3502
f 3434 3502 3503
f 3434 3503 3504
f 3434 3504 3505
f 3434 3505 3437
f 3434 3437 3436
f 3434 3436 3435
f 3437 3505 3504
f 3437 3504 3506
f 3437 3506 3507
f 3437 3507 3508
f 3437 3508 3509
f 3437 3509 3510
f 3437 3510 3438
f 3438 3511 3439
f 3438 3510 3440
f 3438 3440 3511
f 3439 3511 3440
f 3440 3510 3512
f 3440 3512 3513
f 3440 3513 3445
f 3440 3445 3444
f 3440 3444 3442
f 3445 3513 3512
f 3445 3512 3510
f 3445 3510 3514
f 3445 3514 3515
f 3445 3515 3446
f 3446 3449 3447
f 3446 3515 3516
f 3446 3516 3451
f 3447 3449 3448
f 3450 3451 3516
f 3450 3516 3452
f 3452 3516 3517
f 3452 3517 3518
f 3452 3518 3453
f 3453 3518 3519
f 3453 3519 3454
f 3454 3519 3520
f 3454 3520 3521
f 3454 3521 3455
f 3455 3521 3456
f 3456 3521 3522
f 3456 3522 3523
f 3456 3523 3524
f 3456 3524 3457
f 3457 3524 3458
f 3458 3524 3459
f 3459 3524 3460
f 3460 3524 3525
f 3460 3525 3461
f 3461 3525 3526
f 3461 3526 3527
f 3461 3527 3462
f 3462 3527 3528
f 3462 3528 3463
f 3463 3528 3529
f 3463 3529 3464
f 3464 3529 3530
f 3464 3530 3531
f 3464 3531 3465
f 3465 3531 3466
f 3466 3531 3532
f 3466 3532 3533
f 3466 3533 3473
f 3466 3473 3467
f 3467 3473 3468
f 3469 3534 3535
f 3469 3535 3471
f 3469 3471 3470
f 3469 3474 3473
f 3469 3473 3533
f 3469 3533 3534
f 3471 3535 3536
f 3471 3536 3537
f 3471 3537 3475
f 3475 3537 3538
f 3475 3538 3539
f 3475 3539 3476
f 3476 3540 3477
f 3476 3539 3507
f 3476 3507 3541
f 3476 3541 3542
f 3476 3542 3543
f 3476 3543 3540
f 3477 3540 3544
f 3477 3544 3478
f 3478 3544 3545
f 3478 3545 3546
f 3478 3546 3480
f 3479 3547 3482
f 3479 3480 3548
f 3479 3548 3549
f 3479 3549 3547
f 3480 3546 3549
f 3480 3549 3548
f 3481 3482 3483
f 3482 3547 3550
f 3482 3550 3484
f 3482 3484 3483
f 3484 3550 3485
f 3485 3550 3551
f 3485 3551 3486
f 3486 3552 3491
f 3486 3551 3553
f 3486 3553 3554
f 3486 3554 3552
f 3487 3555 3556
f 3487 3556 3489
f 3487 3489 3488
f 3487 3491 3557
f 3487 3557 3558
f 3487 3558 3555
f 3491 3552 3559
f 3491 3559 3557
f 3495 3560 3496
f 3496 3561 3497
f 3496 3560 3562
f 3496 3562 3561
f 3497 3561 3563
f 3497 3563 3564
f 3497 3564 3498
f 3498 3565 3566
f 3498 3566 3499
f 3498 3564 3565
f 3499 3566 3500
f 3500 3558 3567
f 3500 3567 3501
f 3500 3566 3568
f 3500 3568 3558
f 3501 3567 3569
f 3501 3569 3502
f 3502 3569 3503
f 3503 3570 3504
f 3503 3569 3571
f 3503 3571 3572
f 3503 3572 3570
f 3504 3570 3507
f 3504 3507 3506
f 3507 3570 3573
f 3507 3573 3541
f 3507 3539 3574
f 3507 3574 3575
f 3507 3575 3576
f 3507 3576 3577
f 3507 3577 3508
f 3508 3577 3578
f 3508 3578 3579
f 3508 3579 3509
f 3509 3579 3580
f 3509 3580 3510
f 3510 3581 3582
f 3510 3582 3514
f 3510 3580 3581
f 3514 3582 3583
f 3514 3583 3515
f 3515 3583 3517
f 3515 3517 3516
f 3517 3583 3584
f 3517 3584 3585
f 3517 3585 3586
f 3517 3586 3520
f 3517 3520 3587
f 3517 3587 3588
f 3517 3588 3518
f 3518 3588 3519
f 3519 3588 3587
f 3519 3587 3520
f 3520 3586 3585
f 3520 3585 3521
f 3521 3589 3522
f 3521 3585 3589
f 3522 3589 3590
f 3522 3590 3591
f 3522 3591 3523
f 3523 3591 3592
f 3523 3592 3525
f 3523 3525 3524
f 3525 3592 3526
f 3526 3592 3593
f 3526 3593 3527
f 3527 3593 3594
f 3527 3594 3528
f 3528 3594 3595
f 3528 3595 3529
f 3529 3596 3597
f 3529 3597 3530
f 3529 3595 3596
f 3530 3597 3598
f 3530 3598 3599
f 3530 3599 3531
f 3531 3599 3532
f 3532 3599 3533
f 3533 3599 3534
f 3534 3599 3598
f 3534 3598 3535
f 3535 3598 3600
f 3535 3600 3536
f 3536 3600 3601
f 3536 3601 3539
f 3536 3539 3538
f 3536 3538 3537
f 3539 3601 3602
f 3539 3602 3574
f 3540 3543 3553
f 3540 3553 3544
f 3541 3573 3542
f 3542 3603 3604
f 3542 3604 3554
f 3542 3554 3605
f 3542 3605 3543
f 3542 3573 3572
f 3542 3572 3571
f 3542 3571 3603
f 3543 3605 3553
f 3544 3553 3545
f 3545 3553 3546
f 3546 3553 3606
f 3546 3606 3549
f 3547 3549 3606
f 3547 3606 3550
f 3550 3607 3551
f 3550 3606 3607
f 3551 3607 3553
f 3552 3554 3559
f 3553 3605 3554
f 3553 3607 3606
f 3554 3604 3608
f 3554 3608 3559
f 3555 3609 3556
f 3555 3558 3609
f 3557 3559 3608
f 3557 3608 3604
f 3557 3604 3610
f 3557 3610 3611
f 3557 3611 3567
f 3557 3567 3558
f 3558 3568 3609
f 3561 3562 3612
f 3561 3612 3563
f 3562 3613 3614
f 3562 3614 3563
f 3562 3563 3612
f 3563 3614 3564
f 3564 3614 3615
f 3564 3615 3565
f 3565 3615 3614
f 3565 3614 3616
f 3565 3616 3566
f 3566 3616 3617
f 3566 3617 3618
f 3566 3618 3619
f 3566 3619 3620
f 3566 3620 3621
f 3566 3621 3568
f 3567 3611 3569
f 3569 3611 3571
f 3570 3572 3573
f 3571 3611 3603
f 3574 3602 3575
f 3575 3602 3622
f 3575 3622 3580
f 3575 3580 3578
f 3575 3578 3576
f 3576 3578 3577
f 3578 3580 3579
f 3580 3622 3623
f 3580 3623 3624
f 3580 3624 3625
f 3580 3625 3590
f 3580 3590 3589
f 3580 3589 3626
f 3580 3626 3584
f 3580 3584 3583
f 3580 3583 3581
f 3581 3583 3582
f 3584 3626 3589
f 3584 3589 3585
f 3590 3625 3591
f 3591 3625 3627
f 3591 3627 3628
f 3591 3628 3629
f 3591 3629 3592
f 3592 3629 3593
f 3593 3629 3594
f 3594 3629 3630
f 3594 3630 3595
f 3595 3630 3631
f 3595 3631 3596
f 3596 3631 3632
f 3596 3632 3633
f 3596 3633 3600
f 3596 3600 3597
f 3597 3600 3598
f 3600 3633 3634
f 3600 3634 3601
f 3601 3634 3602
f 3602 3634 3622
f 3603 3611 3604
f 3604 3611 3610
f 3613 3616 3614
f 3622 3634 3635
f 3622 3635 3636
f 3622 3636 3623
f 3623 3636 3627
f 3623 3627 3624
f 3624 3627 3625
f 3627 3636 3635
f 3627 3635 3631
f 3627 3631 3630
f 3627 3630 3629
f 3627 3629 3628
f 3631 3635 3634
f 3631 3634 3632
f 3632 3634 3633
f 3637 3638 3639
f 3637 3639 3640
f 3637 3640 3641
f 3637 3641 3642
f 3637 3642 3643
f 3637 3643 3644
f 3637 3644 3645
f 3637 3645 3646
f 3637 3646 3647
f 3637 3647 3648
f 3637 3648 3649
f 3637 3649 3650
f 3637 3650 3651
f 3637 3651 3638
f 3638 3652 3653
f 3638 3653 3639
f 3638 3651 3654
f 3638 3654 3655
f 3638 3655 3656
f 3638 3656 3657
f 3638 3657 3652
f 3639 3658 3659
f 3639 3659 3660
f 3639 3660 3640
f 3639 3653 3661
f 3639 3661 3658
f 3640 3660 3662
f 3640 3662 3663
f 3640 3663 3664
f 3640 3664 3665
f 3640 3665 3666
f 3640 3666 3667
f 3640 3667 3668
f 3640 3668 3669
f 3640 3669 3641
f 3641 3669 3642
f 3642 3670 3671
f 3642 3671 3645
f 3642 3645 3643
f 3642 3669 3672
f 3642 3672 3670
f 3643 3645 3644
f 3645 3671 3673
f 3645 3673 3674
f 3645 3674 3647
f 3645 3647 3646
f 3647 3674 3649
f 3647 3649 3648
f 3649 3674 3675
f 3649 3675 3650
f 3650 3675 3676
f 3650 3676 3651
f 3651 3676 3677
f 3651 3677 3654
f 3652 3657 3678
f 3652 3678 3653
f 3653 3678 3679
f 3653 3679 3680
f 3653 3680 3681
f 3653 3681 3682
f 3653 3682 3683
f 3653 3683 3684
f 3653 3684 3685
f 3653 3685 3686
f 3653 3686 3687
f 3653 3687 3688
f 3653 3688 3689
f 3653 3689 3690
f 3653 3690 3691
f 3653 3691 3661
f 3654 3656 3655
f 3654 3677 3656
f 3656 3692 3693
f 3656 3693 3694
f 3656 3694 3695
f 3656 3695 3696
f 3656 3696 3657
f 3656 3677 3692
f 3657 3696 3697
f 3657 3697 3678
f 3658 3661 3698
f 3658 3698 3699
f 3658 3699 3700
f 3658 3700 3701
f 3658 3701 3702
f 3658 3702 3703
f 3658 3703 3704
f 3658 3704 3659
f 3659 3704 3660
f 3660 3704 3705
f 3660 3705 3706
f 3660 3706 3707
f 3660 3707 3708
f 3660 3708 3662
f 3661 3709 3710
f 3661 3710 3698
f 3661 3691 3690
f 3661 3690 3711
f 3661 3711 3712
f 3661 3712 3709
f 3662 3708 3713
f 3662 3713 3714
f 3662 3714 3664
f 3662 3664 3663
f 3664 3714 3666
f 3664 3666 3665
f 3666 3714 3715
f 3666 3715 3713
f 3666 3713 3716
f 3666 3716 3717
f 3666 3717 3718
f 3666 3718 3719
f 3666 3719 3720
f 3666 3720 3721
f 3666 3721 3669
f 3666 3669 3668
f 3666 3668 3667
f 3669 3721 3720
f 3669 3720 3722
f 3669 3722 3672
f 3670 3723 3724
f 3670 3724 3671
f 3670 3672 3725
f 3670 3725 3723
f 3671 3724 3726
f 3671 3726 3674
f 3671 3674 3673
f 3672 3722 3727
f 3672 3727 3728
f 3672 3728 3725
f 3674 3726 3729
f 3674 3729 3675
f 3675 3730 3676
f 3675 3729 3730
f 3676 3730 3677
f 3677 3730 3692
f 3678 3697 3679
f 3679 3697 3696
f 3679 3696 3731
f 3679 3731 3732
f 3679 3732 3680
f 3680 3732 3681
f 3681 3732 3733
f 3681 3733 3683
f 3681 3683 3682
f 3683 3733 3734
f 3683 3734 3735
f 3683 3735 3736
f 3683 3736 3684
f 3684 3737 3685
f 3684 3736 3737
f 3685 3737 3686
f 3686 3737 3738
f 3686 3738 3739
f 3686 3739 3687
f 3687 3739 3688
f 3688 3739 3740
f 3688 3740 3741
f 3688 3741 3689
f 3689 3741 3742
f 3689 3742 3743
f 3689 3743 3690
f 3690 3743 3744
f 3690 3744 3711
f 3692 3745 3693
f 3692 3730 3746
f 3692 3746 3745
f 3693 3745 3747
f 3693 3747 3748
f 3693 3748 3749
f 3693 3749 3694
f 3694 3749 3695
f 3695 3749 3750
f 3695 3750 3696
f 3696 3751 3731
f 3696 3750 3752
f 3696 3752 3753
f 3696 3753 3754
f 3696 3754 3755
f 3696 3755 3756
f 3696 3756 3757
f 3696 3757 3758
f 3696 3758 3759
f 3696 3759 3751
f 3698 3710 3699
f 3699 3710 3700
f 3700 3710 3701
f 3701 3710 3760
f 3701 3760 3761
f 3701 3761 3702
f 3702 3761 3762
f 3702 3762 3763
f 3702 3763 3764
f 3702 3764 3703
f 3703 3764 3765
f 3703 3765 3766
f 3703 3766 3767
f 3703 3767 3704
f 3704 3767 3768
f 3704 3768 3705
f 3705 3768 3706
f 3706 3768 3769
f 3706 3769 3770
f 3706 3770 3708
f 3706 3708 3707
f 3708 3771 3772
f 3708 3772 3713
f 3708 3770 3773
f 3708 3773 3774
f 3708 3774 3775
f 3708 3775 3776
f 3708 3776 3771
f 3709 3777 3710
f 3709 3712 3777
f 3710 3778 3760
f 3710 3777 3778
f 3711 3744 3712
f 3712 3744 3779
f 3712 3779 3780
f 3712 3780 3781
f 3712 3781 3782
f 3712 3782 3783
f 3712 3783 3777
f 3713 3772 3716
f 3713 3715 3714
f 3716 3784 3785
f 3716 3785 3717
f 3716 3772 3776
f 3716 3776 3786
f 3716 3786 3784
f 3717 3785 3787
f 3717 3787 3718
f 3718 3787 3788
f 3718 3788 3789
f 3718 3789 3719
f 3719 3790 3720
f 3719 3789 3791
f 3719 3791 3790
f 3720 3790 3722
f 3722 3790 3792
f 3722 3792 3727
f 3723 3793 3794
f 3723 3794 3729
f 3723 3729 3724
f 3723 3725 3795
f 3723 3795 3796
f 3723 3796 3793
f 3724 3729 3726
f 3725 3728 3795
f 3727 3795 3728
f 3727 3792 3797
f 3727 3797 3795
f 3729 3794 3798
f 3729 3798 3799
f 3729 3799 3730
f 3730 3799 3800
f 3730 3800 3746
f 3731 3751 3759
f 3731 3759 3733
f 3731 3733 3732
f 3733 3759 3734
f 3734 3759 3801
f 3734 3801 3802
f 3734 3802 3735
f 3735 3802 3803
f 3735 3803 3804
f 3735 3804 3736
f 3736 3804 3805
f 3736 3805 3806
f 3736 3806 3807
f 3736 3807 3808
f 3736 3808 3809
f 3736 3809 3810
f 3736 3810 3737
f 3737 3810 3738
f 3738 3810 3809
f 3738 3809 3808
f 3738 3808 3811
f 3738 3811 3812
f 3738 3812 3741
f 3738 3741 3739
f 3739 3741 3740
f 3741 3812 3813
f 3741 3813 3814
f 3741 3814 3744
f 3741 3744 3742
f 3742 3744 3743
f 3744 3814 3815
f 3744 3815 3779
f 3745 3816 3747
f 3745 3746 3816
f 3746 3800 3817
f 3746 3817 3818
f 3746 3818 3816
f 3747 3816 3819
f 3747 3819 3820
f 3747 3820 3748
f 3748 3820 3749
f 3749 3820 3821
f 3749 3821 3822
f 3749 3822 3750
f 3750 3822 3752
f 3752 3822 3753
f 3753 3822 3821
f 3753 3821 3754
f 3754 3823 3755
f 3754 3821 3824
f 3754 3824 3825
f 3754 3825 3826
f 3754 3826 3827
f 3754 3827 3823
f 3755 3823 3828
f 3755 3828 3756
f 3756 3828 3829
f 3756 3829 3830
f 3756 3830 3831
f 3756 3831 3832
f 3756 3832 3757
f 3757 3832 3833
f 3757 3833 3758
f 3758 3833 3834
f 3758 3834 3759
f 3759 3834 3801
f 3760 3778 3761
f 3761 3778 3762
f 3762 3778 3835
f 3762 3835 3836
f 3762 3836 3837
f 3762 3837 3838
f 3762 3838 3763
f 3763 3838 3839
f 3763 3839 3764
f 3764 3839 3840
f 3764 3840 3841
f 3764 3841 3765
f 3765 3841 3766
f 3766 3842 3767
f 3766 3841 3843
f 3766 3843 3844
f 3766 3844 3769
f 3766 3769 3842
f 3767 3842 3768
f 3768 3842 3769
f 3769 3844 3845
f 3769 3845 3770
f 3770 3845 3773
f 3771 3776 3772
f 3773 3846 3774
f 3773 3845 3844
f 3773 3844 3847
f 3773 3847 3846
f 3774 3846 3775
f 3775 3846 3847
f 3775 3847 3848
f 3775 3848 3849
f 3775 3849 3850
f 3775 3850 3851
f 3775 3851 3776
f 3776 3851 3852
f 3776 3852 3786
f 3777 3783 3778
f 3778 3783 3853
f 3778 3853 3854
f 3778 3854 3835
f 3779 3815 3855
f 3779 3855 3780
f 3780 3855 3856
f 3780 3856 3857
f 3780 3857 3858
f 3780 3858 3859
f 3780 3859 3781
f 3781 3859 3860
f 3781 3860 3861
f 3781 3861 3862
f 3781 3862 3863
f 3781 3863 3864
f 3781 3864 3865
f 3781 3865 3866
f 3781 3866 3867
f 3781 3867 3868
f 3781 3868 3869
f 3781 3869 3870
f 3781 3870 3871
f 3781 3871 3872
f 3781 3872 3873
f 3781 3873 3874
f 3781 3874 3875
f 3781 3875 3782
f 3782 3875 3783
f 3783 3875 3853
f 3784 3876 3877
f 3784 3877 3878
f 3784 3878 3879
f 3784 3879 3880
f 3784 3880 3785
f 3784 3786 3881
f 3784 3881 3876
f 3785 3880 3787
f 3786 3852 3882
f 3786 3882 3883
f 3786 3883 3884
f 3786 3884 3885
f 3786 3885 3886
f 3786 3886 3887
f 3786 3887 3881
f 3787 3888 3788
f 3787 3880 3888
f 3788 3889 3789
f 3788 3888 3890
f 3788 3890 3891
f 3788 3891 3889
f 3789 3889 3791
f 3790 3791 3792
f 3791 3889 3892
f 3791 3892 3893
f 3791 3893 3792
f 3792 3893 3894
f 3792 3894 3895
f 3792 3895 3797
f 3793 3896 3794
f 3793 3796 3897
f 3793 3897 3896
f 3794 3896 3898
f 3794 3898 3899
f 3794 3899 3798
f 3795 3797 3796
f 3796 3797 3895
f 3796 3895 3894
f 3796 3894 3900
f 3796 3900 3897
f 3798 3901 3799
f 3798 3899 3902
f 3798 3902 3901
f 3799 3903 3800
f 3799 3901 3903
f 3800 3903 3817
f 3801 3834 3904
f 3801 3904 3803
f 3801 3803 3802
f 3803 3904 3905
f 3803 3905 3906
f 3803 3906 3907
f 3803 3907 3908
f 3803 3908 3804
f 3804 3908 3909
f 3804 3909 3805
f 3805 3909 3910
f 3805 3910 3911
f 3805 3911 3806
f 3806 3911 3912
f 3806 3912 3913
f 3806 3913 3811
f 3806 3811 3807
f 3807 3811 3808
f 3811 3914 3915
f 3811 3915 3813
f 3811 3813 3812
f 3811 3913 3916
f 3811 3916 3914
f 3813 3915 3917
f 3813 3917 3815
f 3813 3815 3814
f 3815 3917 3918
f 3815 3918 3919
f 3815 3919 3920
f 3815 3920 3855
f 3816 3818 3819
f 3817 3921 3922
f 3817 3922 3818
f 3817 3903 3901
f 3817 3901 3921
f 3818 3922 3923
f 3818 3923 3924
f 3818 3924 3925
f 3818 3925 3926
f 3818 3926 3819
f 3819 3927 3928
f 3819 3928 3929
f 3819 3929 3824
f 3819 3824 3820
f 3819 3926 3925
f 3819 3925 3930
f 3819 3930 3927
f 3820 3824 3821
f 3823 3827 3828
f 3824 3929 3931
f 3824 3931 3932
f 3824 3932 3825
f 3825 3932 3931
f 3825 3931 3933
f 3825 3933 3826
f 3826 3933 3934
f 3826 3934 3935
f 3826 3935 3936
f 3826 3936 3827
f 3827 3936 3937
f 3827 3937 3828
f 3828 3937 3829
f 3829 3937 3938
f 3829 3938 3939
f 3829 3939 3940
f 3829 3940 3830
f 3830 3941 3831
f 3830 3940 3942
f 3830 3942 3941
f 3831 3941 3833
f 3831 3833 3832
f 3833 3943 3834
f 3833 3941 3943
f 3834 3943 3904
f 3835 3854 3836
f 3836 3854 3838
f 3836 3838 3837
f 3838 3944 3945
f 3838 3945 3946
f 3838 3946 3947
f 3838 3947 3948
f 3838 3948 3949
f 3838 3949 3839
f 3838 3854 3944
f 3839 3949 3950
f 3839 3950 3951
f 3839 3951 3840
f 3840 3951 3952
f 3840 3952 3953
f 3840 3953 3954
f 3840 3954 3841
f 3841 3954 3843
f 3843 3954 3955
f 3843 3955 3956
f 3843 3956 3957
f 3843 3957 3958
f 3843 3958 3959
f 3843 3959 3960
f 3843 3960 3961
f 3843 3961 3847
f 3843 3847 3962
f 3843 3962 3844
f 3844 3962 3847
f 3847 3961 3848
f 3848 3961 3849
f 3849 3961 3850
f 3850 3963 3851
f 3850 3961 3964
f 3850 3964 3965
f 3850 3965 3966
f 3850 3966 3967
f 3850 3967 3968
f 3850 3968 3969
f 3850 3969 3963
f 3851 3963 3970
f 3851 3970 3882
f 3851 3882 3852
f 3853 3875 3854
f 3854 3875 3874
f 3854 3874 3971
f 3854 3971 3972
f 3854 3972 3973
f 3854 3973 3974
f 3854 3974 3975
f 3854 3975 3976
f 3854 3976 3977
f 3854 3977 3978
f 3854 3978 3979
f 3854 3979 3980
f 3854 3980 3981
f 3854 3981 3945
f 3854 3945 3944
f 3855 3920 3857
f 3855 3857 3856
f 3857 3920 3982
f 3857 3982 3983
f 3857 3983 3984
f 3857 3984 3858
f 3858 3984 3859
f 3859 3984 3985
f 3859 3985 3860
f 3860 3985 3986
f 3860 3986 3987
f 3860 3987 3988
f 3860 3988 3989
f 3860 3989 3861
f 3861 3989 3990
f 3861 3990 3991
f 3861 3991 3992
f 3861 3992 3863
f 3861 3863 3862
f 3863 3992 3993
f 3863 3993 3864
f 3864 3993 3866
f 3864 3866 3865
f 3866 3993 3867
f 3867 3994 3996
f 3867 3996 3869
f 3867 3869 3868
f 3867 3993 3995
f 3867 3995 3994
f 3869 3996 3997
f 3869 3997 3870
f 3870 3997 3975
f 3870 3975 3871
f 3871 3975 3974
f 3871 3974 3872
f 3872 3974 3973
f 3872 3973 3972
f 3872 3972 3971
f 3872 3971 3873
f 3873 3971 3874
f 3876 3881 3998
f 3876 3998 3877
f 3877 3998 3999
f 3877 3999 3878
f 3878 3999 4000
f 3878 4000 3879
f 3879 4001 4002
f 3879 4002 4003
f 3879 4003 3890
f 3879 3890 4004
f 3879 4004 3880
f 3879 4000 3999
f 3879 3999 4005
f 3879 4005 4006
f 3879 4006 4001
f 3880 4004 3888
f 3881 3887 3886
f 3881 3886 3998
f 3882 3970 3883
f 3883 4007 3884
f 3883 3970 4007
f 3884 4007 4132
f 3884 4132 4008
f 3884 4008 3886
f 3884 3886 3885
f 3886 4008 4009
f 3886 4009 4010
f 3886 4010 3998
f 3888 4004 3890
f 3889 3891 4011
f 3889 4011 3892
f 3890 4011 3891
f 3890 4003 4011
f 3892 4012 3893
f 3892 4011 4013
f 3892 4013 4014
f 3892 4014 4012
f 3893 4012 4015
f 3893 4015 3894
f 3894 4015 3900
f 3896 3897 3900
f 3896 3900 4016
f 3896 4016 4017
f 3896 4017 4018
f 3896 4018 3898
f 3898 4018 3899
f 3899 4018 3902
f 3900 4015 4019
f 3900 4019 4020
f 3900 4020 4016
f 3901 3902 4021
f 3901 4021 3921
f 3902 4018 4017
f 3902 4017 4022
f 3902 4022 4023
f 3902 4023 4021
f 3904 3943 4024
f 3904 4024 4025
f 3904 4025 3906
f 3904 3906 3905
f 3906 4025 4026
f 3906 4026 4027
f 3906 4027 4028
f 3906 4028 4029
f 3906 4029 3907
f 3907 4029 3909
f 3907 3909 3908
f 3909 3911 3910
f 3909 4029 4030
f 3909 4030 4031
f 3909 4031 4032
f 3909 4032 4033
f 3909 4033 4034
f 3909 4034 3911
f 3911 4035 3912
f 3911 4034 3918
f 3911 3918 4035
f 3912 4035 3913
f 3913 4035 3916
f 3914 3916 3915
f 3915 3916 4035
f 3915 4035 3917
f 3917 4035 3918
f 3918 4036 4037
f 3918 4037 4038
f 3918 4038 4039
f 3918 4039 3919
f 3918 4034 4036
f 3919 4038 3920
f 3919 4039 4038
f 3920 4038 4040
f 3920 4040 4041
f 3920 4041 3982
f 3921 4021 4023
f 3921 4023 4042
f 3921 4042 4043
f 3921 4043 4044
f 3921 4044 3922
f 3922 4044 4045
f 3922 4045 3923
f 3923 4045 4046
f 3923 4046 4047
f 3923 4047 3924
f 3924 4047 4048
f 3924 4048 3925
f 3925 4049 3930
f 3925 4048 4049
f 3927 3930 4049
f 3927 4049 4050
f 3927 4050 4051
f 3927 4051 4052
f 3927 4052 3928
f 3928 4052 3929
f 3929 3933 3931
f 3929 4052 4053
f 3929 4053 3934
f 3929 3934 3933
f 3934 4053 3935
f 3935 4053 4052
f 3935 4052 3936
f 3936 3938 3937
f 3936 4052 4054
f 3936 4054 3938
f 3938 4054 3939
f 3939 4054 3940
f 3940 4055 4056
f 3940 4056 3942
f 3940 4054 4057
f 3940 4057 4055
f 3941 4024 3943
f 3941 3942 4058
f 3941 4058 4024
f 3942 4056 4058
f 3945 3981 3980
f 3945 3980 3978
f 3945 3978 4106
f 3945 4106 4122
f 3945 4122 4121
f 3945 4121 4119
f 3945 4119 4120
f 3945 4120 4118
f 3945 4118 3992
f 3945 3992 4117
f 3945 4117 4218
f 3945 4218 4316
f 3945 4316 4315
f 3945 4315 4314
f 3945 4314 4313
f 3945 4313 4311
f 3945 4311 4310
f 3945 4310 4312
f 3945 4312 4308
f 3945 4308 4306
f 3945 4306 4309
f 3945 4309 4377
f 3945 4377 4303
f 3945 4303 4302
f 3945 4302 4376
f 3945 4376 4390
f 3945 4390 4325
f 3945 4325 4389
f 3945 4389 4388
f 3945 4388 4387
f 3945 4387 4386
f 3945 4386 4384
f 3945 4384 4383
f 3945 4383 4341
f 3945 4341 4340
f 3945 4340 4339
f 3945 4339 4251
f 3945 4251 4168
f 3945 4168 4167
f 3945 4167 4166
f 3945 4166 4250
f 3945 4250 4336
f 3945 4336 4249
f 3945 4249 4338
f 3945 4338 4401
f 3945 4401 4400
f 3945 4400 4441
f 3945 4441 4440
f 3945 4440 4488
f 3945 4488 4489
f 3945 4489 4519
f 3945 4519 4538
f 3945 4538 4537
f 3945 4537 4535
f 3945 4535 4534
f 3945 4534 4560
f 3945 4560 4570
f 3945 4570 4562
f 3945 4562 4546
f 3945 4546 4526
f 3945 4526 4503
f 3945 4503 4456
f 3945 4456 4407
f 3945 4407 4350
f 3945 4350 4273
f 3945 4273 4272
f 3945 4272 4268
f 3945 4268 4345
f 3945 4345 4265
f 3945 4265 4264
f 3945 4264 4263
f 3945 4263 4344
f 3945 4344 4342
f 3945 4342 4256
f 3945 4256 4174
f 3945 4174 4062
f 3945 4062 4061
f 3945 4061 4060
f 3945 4060 4059
f 3945 4059 3946
f 3946 4059 4060
f 3946 4060 3947
f 3947 4060 4061
f 3947 4061 4062
f 3947 4062 4063
f 3947 4063 4064
f 3947 4064 4065
f 3947 4065 4066
f 3947 4066 3948
f 3948 4067 4068
f 3948 4068 4069
f 3948 4069 3950
f 3948 3950 3949
f 3948 4066 4070
f 3948 4070 4071
f 3948 4071 4067
f 3950 4069 3951
f 3951 4069 3952
f 3952 4069 3953
f 3953 4069 4068
f 3953 4068 3954
f 3954 4068 4072
f 3954 4072 4073
f 3954 4073 3955
f 3955 4073 4074
f 3955 4074 4075
f 3955 4075 4076
f 3955 4076 3956
f 3956 4076 4065
f 3956 4065 3957
f 3957 4065 4077
f 3957 4077 4078
f 3957 4078 4079
f 3957 4079 4080
f 3957 4080 4081
f 3957 4081 4082
f 3957 4082 4083
f 3957 4083 4084
f 3957 4084 4085
f 3957 4085 4086
f 3957 4086 3958
f 3958 4086 4087
f 3958 4087 3959
f 3959 4087 3960
f 3960 4087 4088
f 3960 4088 3961
f 3961 4088 3964
f 3963 3969 3970
f 3964 4088 3965
f 3965 4088 4089
f 3965 4089 4083
f 3965 4083 3966
f 3966 4083 4090
f 3966 4090 3968
f 3966 3968 3967
f 3968 4091 4092
f 3968 4092 3969
f 3968 4090 4093
f 3968 4093 4094
f 3968 4094 4091
f 3969 4092 4095
f 3969 4095 4096
f 3969 4096 4097
f 3969 4097 4098
f 3969 4098 4099
f 3969 4099 4100
f 3969 4100 4101
f 3969 4101 4102
f 3969 4102 3970
f 3970 4103 4104
f 3970 4104 4105
f 3970 4105 4007
f 3970 4102 4103
f 3975 3997 4106
f 3975 4106 3977
f 3975 3977 3976
f 3977 4106 3978
f 3978 3980 3979
f 3982 4041 4107
f 3982 4107 4108
f 3982 4108 4109
f 3982 4109 3983
f 3983 4109 4110
f 3983 4110 3984
f 3984 4110 3986
f 3984 3986 3985
f 3986 3988 3987
f 3986 4110 4111
f 3986 4111 4112
f 3986 4112 4113
f 3986 4113 3988
f 3988 4114 3990
f 3988 3990 3989
f 3988 4113 4114
f 3990 4114 4115
f 3990 4115 4116
f 3990 4116 3991
f 3991 4117 3992
f 3991 4116 4117
f 3992 4118 3995
f 3992 3995 3993
f 3994 4119 3996
f 3994 3995 4120
f 3994 4120 4119
f 3995 4118 4120
f 3996 4119 3997
f 3997 4119 4121
f 3997 4121 4122
f 3997 4122 4123
f 3997 4123 4106
f 3998 4010 4124
f 3998 4124 4125
f 3998 4125 4126
f 3998 4126 3999
f 3999 4126 4125
f 3999 4125 4005
f 4001 4127 4002
f 4001 4006 4128
f 4001 4128 4127
f 4002 4127 4129
f 4002 4129 4130
f 4002 4130 4013
f 4002 4013 4003
f 4003 4013 4011
f 4005 4125 4006
f 4006 4125 4124
f 4006 4124 4131
f 4006 4131 4128
f 4007 4105 4104
f 4007 4104 4132
f 4008 4133 4009
f 4008 4132 4133
f 4009 4133 4010
f 4010 4133 4134
f 4010 4134 4135
f 4010 4135 4136
f 4010 4136 4137
f 4010 4137 4124
f 4012 4014 4130
f 4012 4130 4015
f 4013 4130 4014
f 4015 4130 4019
f 4016 4020 4138
f 4016 4138 4139
f 4016 4139 4017
f 4017 4139 4022
f 4019 4130 4131
f 4019 4131 4140
f 4019 4140 4141
f 4019 4141 4020
f 4020 4141 4142
f 4020 4142 4138
f 4022 4139 4023
f 4023 4139 4143
f 4023 4143 4144
f 4023 4144 4145
f 4023 4145 4042
f 4024 4058 4025
f 4025 4058 4146
f 4025 4146 4026
f 4026 4146 4147
f 4026 4147 4027
f 4027 4147 4148
f 4027 4148 4028
f 4028 4148 4149
f 4028 4149 4150
f 4028 4150 4151
f 4028 4151 4152
f 4028 4152 4029
f 4029 4152 4030
f 4030 4152 4031
f 4031 4152 4038
f 4031 4038 4032
f 4032 4038 4153
f 4032 4153 4033
f 4033 4154 4034
f 4033 4153 4036
f 4033 4036 4154
f 4034 4154 4036
f 4036 4153 4037
f 4037 4153 4038
f 4038 4152 4151
f 4038 4151 4150
f 4038 4150 4040
f 4040 4150 4155
f 4040 4155 4041
f 4041 4155 4156
f 4041 4156 4157
f 4041 4157 4158
f 4041 4158 4109
f 4041 4109 4108
f 4041 4108 4107
f 4042 4145 4043
f 4043 4145 4159
f 4043 4159 4044
f 4044 4159 4045
f 4045 4159 4160
f 4045 4160 4046
f 4046 4160 4161
f 4046 4161 4162
f 4046 4162 4047
f 4047 4162 4163
f 4047 4163 4048
f 4048 4163 4164
f 4048 4164 4050
f 4048 4050 4049
f 4050 4164 4165
f 4050 4165 4051
f 4051 4165 4052
f 4052 4166 4167
f 4052 4167 4168
f 4052 4168 4169
f 4052 4169 4170
f 4052 4170 4054
f 4052 4165 4166
f 4054 4170 4171
f 4054 4171 4057
f 4055 4172 4146
f 4055 4146 4058
f 4055 4058 4056
f 4055 4057 4171
f 4055 4171 4173
f 4055 4173 4172
f 4062 4174 4175
f 4062 4175 4063
f 4063 4175 4176
f 4063 4176 4064
f 4064 4077 4065
f 4064 4176 4177
f 4064 4177 4079
f 4064 4079 4078
f 4064 4078 4077
f 4065 4076 4070
f 4065 4070 4066
f 4067 4075 4074
f 4067 4074 4068
f 4067 4071 4075
f 4068 4074 4072
f 4070 4076 4071
f 4071 4076 4075
f 4072 4074 4073
f 4079 4178 4179
f 4079 4179 4080
f 4079 4177 4178
f 4080 4179 4180
f 4080 4180 4181
f 4080 4181 4182
f 4080 4182 4183
f 4080 4183 4184
f 4080 4184 4081
f 4081 4184 4183
f 4081 4183 4185
f 4081 4185 4186
f 4081 4186 4187
f 4081 4187 4083
f 4081 4083 4082
f 4083 4187 4090
f 4083 4089 4088
f 4083 4088 4188
f 4083 4188 4084
f 4084 4188 4085
f 4085 4188 4087
f 4085 4087 4086
f 4087 4188 4088
f 4090 4187 4189
f 4090 4189 4093
f 4091 4094 4190
f 4091 4190 4092
f 4092 4190 4191
f 4092 4191 4192
f 4092 4192 4095
f 4093 4193 4094
f 4093 4189 4193
f 4094 4193 4190
f 4095 4192 4194
f 4095 4194 4195
f 4095 4195 4096
f 4096 4195 4196
f 4096 4196 4097
f 4097 4197 4099
f 4097 4099 4098
f 4097 4196 4198
f 4097 4198 4197
f 4099 4197 4199
f 4099 4199 4200
f 4099 4200 4201
f 4099 4201 4101
f 4099 4101 4100
f 4101 4201 4202
f 4101 4202 4203
f 4101 4203 4204
f 4101 4204 4205
f 4101 4205 4102
f 4102 4205 4103
f 4103 4205 4104
f 4104 4206 4132
f 4104 4205 4206
f 4106 4123 4122
f 4109 4207 4208
f 4109 4208 4209
f 4109 4209 4110
f 4109 4158 4207
f 4110 4209 4210
f 4110 4210 4211
f 4110 4211 4212
f 4110 4212 4111
f 4111 4212 4213
f 4111 4213 4112
f 4112 4213 4113
f 4113 4213 4214
f 4113 4214 4215
f 4113 4215 4114
f 4114 4216 4116
f 4114 4116 4115
f 4114 4215 4216
f 4116 4216 4217
f 4116 4217 4218
f 4116 4218 4117
f 4124 4137 4219
f 4124 4219 4131
f 4127 4131 4129
f 4127 4128 4131
f 4129 4131 4130
f 4131 4141 4140
f 4131 4219 4141
f 4132 4206 4220
f 4132 4220 4221
f 4132 4221 4133
f 4133 4221 4222
f 4133 4222 4223
f 4133 4223 4134
f 4134 4223 4224
f 4134 4224 4225
f 4134 4225 4226
f 4134 4226 4142
f 4134 4142 4135
f 4135 4142 4136
f 4136 4142 4219
f 4136 4219 4137
f 4138 4142 4227
f 4138 4227 4228
f 4138 4228 4229
f 4138 4229 4143
f 4138 4143 4139
f 4141 4219 4142
f 4142 4226 4230
f 4142 4230 4228
f 4142 4228 4227
f 4143 4229 4230
f 4143 4230 4231
f 4143 4231 4144
f 4144 4231 4145
f 4145 4232 4159
f 4145 4231 4233
f 4145 4233 4234
f 4145 4234 4235
f 4145 4235 4232
f 4146 4172 4236
f 4146 4236 4147
f 4147 4236 4148
f 4148 4236 4173
f 4148 4173 4255
f 4148 4255 4237
f 4148 4237 4238
f 4148 4238 4239
f 4148 4239 4149
f 4149 4239 4150
f 4150 4239 4238
f 4150 4238 4240
f 4150 4240 4241
f 4150 4241 4242
f 4150 4242 4155
f 4155 4242 4243
f 4155 4243 4156
f 4156 4243 4157
f 4157 4243 4158
f 4158 4243 4207
f 4159 4232 4244
f 4159 4244 4245
f 4159 4245 4160
f 4160 4245 4161
f 4161 4163 4162
f 4161 4245 4246
f 4161 4246 4164
f 4161 4164 4163
f 4164 4247 4166
f 4164 4166 4165
f 4164 4246 4248
f 4164 4248 4249
f 4164 4249 4247
f 4166 4247 4250
f 4168 4251 4252
f 4168 4252 4253
f 4168 4253 4169
f 4169 4253 4254
f 4169 4254 4170
f 4170 4254 4240
f 4170 4240 4171
f 4171 4255 4173
f 4171 4240 4238
f 4171 4238 4255
f 4172 4173 4236
f 4174 4256 4257
f 4174 4257 4258
f 4174 4258 4259
f 4174 4259 4175
f 4175 4259 4260
f 4175 4260 4176
f 4176 4260 4177
f 4177 4261 4178
f 4177 4260 4261
f 4178 4261 4179
f 4179 4261 4258
f 4179 4258 4180
f 4180 4258 4262
f 4180 4262 4181
f 4181 4262 4263
f 4181 4263 4182
f 4182 4263 4264
f 4182 4264 4183
f 4183 4264 4185
f 4185 4264 4265
f 4185 4265 4266
f 4185 4266 4186
f 4186 4266 4267
f 4186 4267 4268
f 4186 4268 4269
f 4186 4269 4187
f 4187 4270 4271
f 4187 4271 4189
f 4187 4269 4272
f 4187 4272 4273
f 4187 4273 4274
f 4187 4274 4275
f 4187 4275 4270
f 4189 4271 4276
f 4189 4276 4277
f 4189 4277 4193
f 4190 4193 4278
f 4190 4278 4279
f 4190 4279 4280
f 4190 4280 4191
f 4191 4280 4194
f 4191 4194 4192
f 4193 4281 4279
f 4193 4279 4282
f 4193 4282 4278
f 4193 4277 4283
f 4193 4283 4281
f 4194 4280 4279
f 4194 4279 4284
f 4194 4284 4285
f 4194 4285 4195
f 4195 4285 4286
f 4195 4286 4196
f 4196 4286 4285
f 4196 4285 4287
f 4196 4287 4198
f 4197 4288 4199
f 4197 4198 4289
f 4197 4289 4288
f 4198 4287 4361
f 4198 4361 4290
f 4198 4290 4289
f 4199 4288 4200
f 4200 4291 4202
f 4200 4202 4201
f 4200 4288 4292
f 4200 4292 4293
f 4200 4293 4291
f 4202 4294 4295
f 4202 4295 4203
f 4202 4291 4294
f 4203 4295 4296
f 4203 4296 4204
f 4204 4296 4297
f 4204 4297 4205
f 4205 4297 4296
f 4205 4296 4206
f 4206 4296 4298
f 4206 4298 4222
f 4206 4222 4220
f 4207 4243 4208
f 4208 4243 4299
f 4208 4299 4210
f 4208 4210 4209
f 4210 4299 4300
f 4210 4300 4301
f 4210 4301 4302
f 4210 4302 4303
f 4210 4303 4304
f 4210 4304 4211
f 4211 4304 4305
f 4211 4305 4212
f 4212 4305 4214
f 4212 4214 4213
f 4214 4306 4307
f 4214 4307 4308
f 4214 4308 4215
f 4214 4305 4309
f 4214 4309 4306
f 4215 4310 4311
f 4215 4311 4216
f 4215 4308 4312
f 4215 4312 4310
f 4216 4311 4313
f 4216 4313 4314
f 4216 4314 4315
f 4216 4315 4316
f 4216 4316 4217
f 4217 4316 4218
f 4220 4222 4221
f 4222 4298 4223
f 4223 4317 4318
f 4223 4318 4224
f 4223 4298 4317
f 4224 4318 4225
f 4225 4318 4317
f 4225 4317 4319
f 4225 4319 4320
f 4225 4320 4230
f 4225 4230 4226
f 4228 4230 4229
f 4230 4320 4234
f 4230 4234 4233
f 4230 4233 4231
f 4232 4235 4321
f 4232 4321 4244
f 4234 4320 4319
f 4234 4319 4322
f 4234 4322 4235
f 4235 4322 4323
f 4235 4323 4244
f 4235 4244 4321
f 4237 4255 4238
f 4240 4254 4242
f 4240 4242 4241
f 4242 4254 4243
f 4243 4254 4324
f 4243 4324 4325
f 4243 4325 4326
f 4243 4326 4327
f 4243 4327 4300
f 4243 4300 4299
f 4244 4323 4328
f 4244 4328 4329
f 4244 4329 4330
f 4244 4330 4245
f 4245 4330 4329
f 4245 4329 4331
f 4245 4331 4332
f 4245 4332 4246
f 4246 4332 4333
f 4246 4333 4334
f 4246 4334 4335
f 4246 4335 4248
f 4247 4249 4336
f 4247 4336 4250
f 4248 4335 4337
f 4248 4337 4338
f 4248 4338 4249
f 4251 4339 4252
f 4252 4324 4253
f 4252 4339 4340
f 4252 4340 4341
f 4252 4341 4324
f 4253 4324 4254
f 4256 4342 4343
f 4256 4343 4257
f 4257 4343 4258
f 4258 4261 4260
f 4258 4260 4259
f 4258 4343 4342
f 4258 4342 4344
f 4258 4344 4262
f 4262 4344 4263
f 4265 4345 4266
f 4266 4345 4267
f 4267 4345 4268
f 4268 4272 4269
f 4270 4275 4346
f 4270 4346 4347
f 4270 4347 4348
f 4270 4348 4349
f 4270 4349 4271
f 4271 4349 4276
f 4273 4350 4351
f 4273 4351 4352
f 4273 4352 4274
f 4274 4352 4275
f 4275 4352 4353
f 4275 4353 4346
f 4276 4349 4354
f 4276 4354 4277
f 4277 4354 4283
f 4278 4282 4279
f 4279 4355 4284
f 4279 4281 4283
f 4279 4283 4356
f 4279 4356 4357
f 4279 4357 4355
f 4283 4354 4358
f 4283 4358 4356
f 4284 4355 4414
f 4284 4414 4359
f 4284 4359 4285
f 4285 4359 4287
f 4287 4359 4360
f 4287 4360 4361
f 4288 4289 4290
f 4288 4290 4292
f 4290 4361 4292
f 4291 4293 4362
f 4291 4362 4363
f 4291 4363 4294
f 4292 4361 4293
f 4293 4363 4362
f 4293 4361 4364
f 4293 4364 4365
f 4293 4365 4366
f 4293 4366 4363
f 4294 4363 4367
f 4294 4367 4368
f 4294 4368 4369
f 4294 4369 4370
f 4294 4370 4371
f 4294 4371 4295
f 4295 4371 4372
f 4295 4372 4373
f 4295 4373 4296
f 4296 4373 4298
f 4298 4373 4372
f 4298 4372 4374
f 4298 4374 4375
f 4298 4375 4317
f 4300 4327 4301
f 4301 4327 4302
f 4302 4326 4376
f 4302 4327 4326
f 4303 4377 4304
f 4304 4377 4305
f 4305 4377 4309
f 4306 4308 4307
f 4317 4378 4319
f 4317 4375 4378
f 4319 4378 4379
f 4319 4379 4323
f 4319 4323 4322
f 4323 4379 4380
f 4323 4380 4381
f 4323 4381 4382
f 4323 4382 4328
f 4324 4341 4383
f 4324 4383 4384
f 4324 4384 4385
f 4324 4385 4386
f 4324 4386 4387
f 4324 4387 4388
f 4324 4388 4389
f 4324 4389 4325
f 4325 4390 4326
f 4326 4390 4376
f 4328 4382 4391
f 4328 4391 4392
f 4328 4392 4329
f 4329 4392 4333
f 4329 4333 4331
f 4331 4333 4332
f 4333 4392 4393
f 4333 4393 4394
f 4333 4394 4334
f 4334 4394 4395
f 4334 4395 4335
f 4335 4395 4396
f 4335 4396 4337
f 4337 4396 4397
f 4337 4397 4398
f 4337 4398 4399
f 4337 4399 4400
f 4337 4400 4401
f 4337 4401 4338
f 4346 4402 4403
f 4346 4403 4347
f 4346 4353 4404
f 4346 4404 4402
f 4347 4405 4406
f 4347 4406 4357
f 4347 4357 4358
f 4347 4358 4354
f 4347 4354 4348
f 4347 4403 4445
f 4347 4445 4405
f 4348 4354 4349
f 4350 4407 4351
f 4351 4407 4408
f 4351 4408 4409
f 4351 4409 4410
f 4351 4410 4411
f 4351 4411 4352
f 4352 4411 4412
f 4352 4412 4353
f 4353 4412 4413
f 4353 4413 4404
f 4355 4357 4414
f 4356 4358 4357
f 4357 4406 4415
f 4357 4415 4414
f 4359 4414 4416
f 4359 4416 4360
f 4360 4416 4417
f 4360 4417 4418
f 4360 4418 4361
f 4361 4418 4365
f 4361 4365 4364
f 4363 4366 4419
f 4363 4419 4367
f 4365 4418 4366
f 4366 4418 4420
f 4366 4420 4421
f 4366 4421 4419
f 4367 4422 4368
f 4367 4419 4421
f 4367 4421 4423
f 4367 4423 4424
f 4367 4424 4422
f 4368 4422 4369
f 4369 4422 4425
f 4369 4425 4370
f 4370 4425 4371
f 4371 4425 4372
f 4372 4425 4374
f 4374 4425 4375
f 4375 4425 4426
f 4375 4426 4378
f 4378 4426 4379
f 4379 4426 4380
f 4380 4426 4381
f 4381 4427 4382
f 4381 4426 4427
f 4382 4427 4428
f 4382 4428 4429
f 4382 4429 4430
f 4382 4430 4431
f 4382 4431 4391
f 4384 4386 4385
f 4391 4431 4392
f 4392 4431 4432
f 4392 4432 4433
f 4392 4433 4393
f 4393 4433 4434
f 4393 4434 4394
f 4394 4434 4435
f 4394 4435 4436
f 4394 4436 4395
f 4395 4436 4396
f 4396 4436 4437
f 4396 4437 4397
f 4397 4437 4438
f 4397 4438 4439
f 4397 4439 4440
f 4397 4440 4398
f 4398 4440 4441
f 4398 4441 4399
f 4399 4441 4400
f 4402 4442 4443
f 4402 4443 4444
f 4402 4444 4445
f 4402 4445 4403
f 4402 4404 4446
f 4402 4446 4447
f 4402 4447 4448
f 4402 4448 4449
f 4402 4449 4442
f 4404 4413 4447
f 4404 4447 4446
f 4405 4450 4451
f 4405 4451 4406
f 4405 4445 4443
f 4405 4443 4452
f 4405 4452 4453
f 4405 4453 4454
f 4405 4454 4450
f 4406 4451 4455
f 4406 4455 4415
f 4407 4456 4457
f 4407 4457 4458
f 4407 4458 4408
f 4408 4458 4459
f 4408 4459 4409
f 4409 4459 4410
f 4410 4459 4460
f 4410 4460 4461
f 4410 4461 4411
f 4411 4462 4412
f 4411 4461 4462
f 4412 4462 4463
f 4412 4463 4413
f 4413 4463 4447
f 4414 4415 4464
f 4414 4464 4465
f 4414 4465 4416
f 4415 4455 4464
f 4416 4465 4466
f 4416 4466 4467
f 4416 4467 4417
f 4417 4468 4418
f 4417 4467 4469
f 4417 4469 4470
f 4417 4470 4468
f 4418 4468 4420
f 4420 4468 4471
f 4420 4471 4421
f 4421 4472 4424
f 4421 4424 4423
f 4421 4471 4472
f 4422 4429 4473
f 4422 4473 4425
f 4422 4424 4429
f 4424 4472 4474
f 4424 4474 4475
f 4424 4475 4476
f 4424 4476 4477
f 4424 4477 4432
f 4424 4432 4431
f 4424 4431 4478
f 4424 4478 4429
f 4425 4473 4428
f 4425 4428 4427
f 4425 4427 4426
f 4428 4473 4429
f 4429 4478 4431
f 4429 4431 4430
f 4432 4477 4433
f 4433 4477 4479
f 4433 4479 4480
f 4433 4480 4481
f 4433 4481 4434
f 4434 4481 4482
f 4434 4482 4436
f 4434 4436 4435
f 4436 4482 4437
f 4437 4483 4484
f 4437 4484 4485
f 4437 4485 4486
f 4437 4486 4487
f 4437 4487 4438
f 4437 4482 4483
f 4438 4488 4439
f 4438 4487 4489
f 4438 4489 4488
f 4439 4488 4440
f 4442 4490 4443
f 4442 4449 4491
f 4442 4491 4490
f 4443 4490 4453
f 4443 4453 4452
f 4443 4445 4444
f 4447 4463 4492
f 4447 4492 4493
f 4447 4493 4448
f 4448 4493 4494
f 4448 4494 4495
f 4448 4495 4496
f 4448 4496 4449
f 4449 4496 4497
f 4449 4497 4491
f 4450 4498 4499
f 4450 4499 4451
f 4450 4454 4498
f 4451 4499 4465
f 4451 4465 4455
f 4453 4490 4520
f 4453 4520 4500
f 4453 4500 4501
f 4453 4501 4454
f 4454 4501 4502
f 4454 4502 4498
f 4455 4465 4464
f 4456 4503 4457
f 4457 4503 4504
f 4457 4504 4505
f 4457 4505 4458
f 4458 4505 4506
f 4458 4506 4459
f 4459 4506 4460
f 4460 4506 4461
f 4461 4506 4507
f 4461 4507 4462
f 4462 4507 4508
f 4462 4508 4492
f 4462 4492 4463
f 4465 4499 4498
f 4465 4498 4509
f 4465 4509 4466
f 4466 4509 4510
f 4466 4510 4469
f 4466 4469 4467
f 4468 4470 4471
f 4469 4471 4470
f 4469 4510 4471
f 4471 4475 4474
f 4471 4474 4472
f 4471 4510 4511
f 4471 4511 4512
f 4471 4512 4480
f 4471 4480 4475
f 4475 4480 4476
f 4476 4479 4477
f 4476 4480 4479
f 4480 4512 4513
f 4480 4513 4514
f 4480 4514 4515
f 4480 4515 4484
f 4480 4484 4483
f 4480 4483 4482
f 4480 4482 4481
f 4484 4515 4516
f 4484 4516 4485
f 4485 4516 4517
f 4485 4517 4486
f 4486 4517 4518
f 4486 4518 4487
f 4487 4518 4519
f 4487 4519 4489
f 4490 4491 4520
f 4491 4497 4521
f 4491 4521 4520
f 4492 4508 4493
f 4493 4508 4522
f 4493 4522 4523
f 4493 4523 4494
f 4494 4523 4524
f 4494 4524 4495
f 4495 4524 4521
f 4495 4521 4497
f 4495 4497 4496
f 4498 4510 4509
f 4498 4502 4511
f 4498 4511 4510
f 4500 4525 4501
f 4500 4520 4525
f 4501 4525 4511
f 4501 4511 4502
f 4503 4526 4504
f 4504 4526 4505
f 4505 4526 4527
f 4505 4527 4528
f 4505 4528 4506
f 4506 4529 4508
f 4506 4508 4507
f 4506 4528 4530
f 4506 4530 4524
f 4506 4524 4523
f 4506 4523 4529
f 4508 4523 4522
f 4508 4529 4523
f 4511 4525 4531
f 4511 4531 4512
f 4512 4531 4513
f 4513 4531 4514
f 4514 4531 4532
f 4514 4532 4515
f 4515 4532 4533
f 4515 4533 4534
f 4515 4534 4535
f 4515 4535 4536
f 4515 4536 4517
f 4515 4517 4516
f 4517 4536 4535
f 4517 4535 4537
f 4517 4537 4518
f 4518 4538 4519
f 4518 4537 4538
f 4520 4521 4539
f 4520 4539 4540
f 4520 4540 4525
f 4521 4541 4542
f 4521 4542 4539
f 4521 4524 4543
f 4521 4543 4551
f 4521 4551 4541
f 4524 4530 4544
f 4524 4544 4561
f 4524 4561 4545
f 4524 4545 4543
f 4525 4540 4531
f 4526 4546 4547
f 4526 4547 4527
f 4527 4547 4548
f 4527 4548 4549
f 4527 4549 4528
f 4528 4549 4550
f 4528 4550 4544
f 4528 4544 4530
f 4531 4540 4539
f 4531 4539 4542
f 4531 4542 4541
f 4531 4541 4532
f 4532 4541 4551
f 4532 4551 4552
f 4532 4552 4553
f 4532 4553 4554
f 4532 4554 4555
f 4532 4555 4556
f 4532 4556 4533
f 4533 4556 4557
f 4533 4557 4558
f 4533 4558 4534
f 4534 4558 4559
f 4534 4559 4560
f 4543 4545 4551
f 4544 4550 4561
f 4545 4561 4553
f 4545 4553 4552
f 4545 4552 4551
f 4546 4562 4563
f 4546 4563 4548
f 4546 4548 4547
f 4548 4563 4564
f 4548 4564 4549
f 4549 4565 4566
f 4549 4566 4567
f 4549 4567 4550
f 4549 4564 4565
f 4550 4567 4561
f 4553 4561 4567
f 4553 4567 4554
f 4554 4567 4566
f 4554 4566 4565
f 4554 4565 4555
f 4555 4565 4564
f 4555 4564 4556
f 4556 4564 4568
f 4556 4568 4557
f 4557 4568 4558
f 4558 4568 4569
f 4558 4569 4570
f 4558 4570 4559
f 4559 4570 4560
f 4562 4570 4569
f 4562 4569 4568
f 4562 4568 4563
f 4563 4568 4564
f 4571 4572 4577
f 4571 4577 4587
f 4571 4587 4602
f 4571 4602 4620
f 4571 4620 4642
f 4571 4642 4665
f 4571 4665 4697
f 4571 4697 4711
f 4571 4711 4731
f 4571 4731 4750
f 4571 4750 4749
f 4571 4749 4748
f 4571 4748 4747
f 4571 4747 4746
f 4571 4746 4761
f 4571 4761 4798
f 4571 4798 4812
f 4571 4812 4828
f 4571 4828 4865
f 4571 4865 4880
f 4571 4880 4879
f 4571 4879 4878
f 4571 4878 4877
f 4571 4877 4894
f 4571 4894 4921
f 4571 4921 4910
f 4571 4910 4909
f 4571 4909 4908
f 4571 4908 4938
f 4571 4938 4969
f 4571 4969 4968
f 4571 4968 4993
f 4571 4993 5009
f 4571 5009 5026
f 4571 5026 5041
f 4571 5041 5057
f 4571 5057 5068
f 4571 5068 5051
f 4571 5051 5049
f 4571 5049 5064
f 4571 5064 5070
f 4571 5070 5073
f 4571 5073 5072
f 4571 5072 5071
f 4571 5071 5069
f 4571 5069 5055
f 4571 5055 5053
f 4571 5053 5037
f 4571 5037 5022
f 4571 5022 5001
f 4571 5001 4984
f 4571 4984 4983
f 4571 4983 4982
f 4571 4982 4949
f 4571 4949 4922
f 4571 4922 4895
f 4571 4895 4881
f 4571 4881 4867
f 4571 4867 4831
f 4571 4831 4815
f 4571 4815 4807
f 4571 4807 4801
f 4571 4801 4767
f 4571 4767 4766
f 4571 4766 4765
f 4571 4765 4764
f 4571 4764 4755
f 4571 4755 4739
f 4571 4739 4716
f 4571 4716 4688
f 4571 4688 4686
f 4571 4686 4685
f 4571 4685 4683
f 4571 4683 4682
f 4571 4682 4679
f 4571 4679 4652
f 4571 4652 4651
f 4571 4651 4632
f 4571 4632 4610
f 4571 4610 4592
f 4571 4592 4580
f 4571 4580 4573
f 4571 4573 4574
f 4571 4574 4575
f 4571 4575 4576
f 4571 4576 4572
f 4572 4576 4578
f 4572 4578 4579
f 4572 4579 4577
f 4573 4580 4581
f 4573 4581 4574
f 4574 4581 4582
f 4574 4582 4575
f 4575 4578 4576
f 4575 4582 4583
f 4575 4583 4584
f 4575 4584 4585
f 4575 4585 4586
f 4575 4586 4578
f 4577 4579 4588
f 4577 4588 4589
f 4577 4589 4590
f 4577 4590 4587
f 4578 4586 4591
f 4578 4591 4579
f 4579 4591 4588
f 4580 4592 4593
f 4580 4593 4581
f 4581 4593 4582
f 4582 4593 4594
f 4582 4594 4595
f 4582 4595 4596
f 4582 4596 4583
f 4583 4596 4584
f 4584 4596 4597
f 4584 4597 4585
f 4585 4597 4598
f 4585 4598 4599
f 4585 4599 4600
f 4585 4600 4601
f 4585 4601 4586
f 4586 4601 4591
f 4587 4590 4602
f 4588 4601 4600
f 4588 4600 4603
f 4588 4603 4604
f 4588 4604 4589
f 4588 4591 4601
f 4589 4604 4590
f 4590 4604 4605
f 4590 4605 4606
f 4590 4606 4607
f 4590 4607 4608
f 4590 4608 4609
f 4590 4609 4602
f 4592 4610 4593
f 4593 4610 4611
f 4593 4611 4594
f 4594 4611 4612
f 4594 4612 4613
f 4594 4613 4614
f 4594 4614 4595
f 4595 4614 4596
f 4596 4614 4597
f 4597 4614 4615
f 4597 4615 4598
f 4598 4615 4616
f 4598 4616 4599
f 4599 4616 4617
f 4599 4617 4618
f 4599 4618 4619
f 4599 4619 4600
f 4600 4619 4603
f 4602 4609 4620
f 4603 4619 4621
f 4603 4621 4604
f 4604 4621 4606
f 4604 4606 4605
f 4606 4621 4622
f 4606 4622 4607
f 4607 4622 4623
f 4607 4623 4624
f 4607 4624 4625
f 4607 4625 4626
f 4607 4626 4627
f 4607 4627 4628
f 4607 4628 4608
f 4608 4628 4609
f 4609 4628 4629
f 4609 4629 4630
f 4609 4630 4631
f 4609 4631 4620
f 4610 4632 4611
f 4611 4632 4633
f 4611 4633 4612
f 4612 4633 4634
f 4612 4634 4613
f 4613 4634 4614
f 4614 4634 4615
f 4615 4634 4635
f 4615 4635 4636
f 4615 4636 4616
f 4616 4636 4637
f 4616 4637 4617
f 4617 4637 4638
f 4617 4638 4639
f 4617 4639 4640
f 4617 4640 4618
f 4618 4640 4641
f 4618 4641 4619
f 4619 4641 4621
f 4620 4631 4642
f 4621 4641 4643
f 4621 4643 4622
f 4622 4644 4623
f 4622 4643 4644
f 4623 4644 4624
f 4624 4644 4645
f 4624 4645 4667
f 4624 4667 4646
f 4624 4646 4625
f 4625 4647 4648
f 4625 4648 4626
f 4625 4646 4647
f 4626 4629 4627
f 4626 4648 4629
f 4627 4629 4628
f 4629 4648 4630
f 4630 4648 4649
f 4630 4649 4631
f 4631 4649 4650
f 4631 4650 4642
f 4632 4651 4633
f 4633 4651 4652
f 4633 4652 4653
f 4633 4653 4634
f 4634 4653 4654
f 4634 4654 4655
f 4634 4655 4656
f 4634 4656 4635
f 4635 4657 4658
f 4635 4658 4659
f 4635 4659 4660
f 4635 4660 4638
f 4635 4638 4637
f 4635 4637 4636
f 4635 4656 4661
f 4635 4661 4657
f 4638 4660 4639
f 4639 4660 4662
f 4639 4662 4663
f 4639 4663 4640
f 4640 4663 4664
f 4640 4664 4641
f 4641 4664 4644
f 4641 4644 4643
f 4642 4650 4665
f 4644 4666 4645
f 4644 4664 4666
f 4645 4666 4668
f 4645 4668 4667
f 4646 4667 4669
f 4646 4669 4647
f 4647 4669 4670
f 4647 4670 4648
f 4648 4670 4671
f 4648 4671 4672
f 4648 4672 4673
f 4648 4673 4674
f 4648 4674 4675
f 4648 4675 4649
f 4649 4675 4650
f 4650 4675 4674
f 4650 4674 4676
f 4650 4676 4677
f 4650 4677 4665
f 4652 4678 4653
f 4652 4679 4678
f 4653 4680 4681
f 4653 4681 4657
f 4653 4657 4654
f 4653 4678 4679
f 4653 4679 4682
f 4653 4682 4683
f 4653 4683 4684
f 4653 4684 4685
f 4653 4685 4686
f 4653 4686 4687
f 4653 4687 4688
f 4653 4688 4689
f 4653 4689 4690
f 4653 4690 4680
f 4654 4657 4661
f 4654 4661 4655
f 4655 4661 4656
f 4657 4681 4691
f 4657 4691 4692
f 4657 4692 4659
f 4657 4659 4658
f 4659 4692 4693
f 4659 4693 4660
f 4660 4693 4694
f 4660 4694 4695
f 4660 4695 4662
f 4662 4695 4696
f 4662 4696 4663
f 4663 4696 4668
f 4663 4668 4666
f 4663 4666 4664
f 4665 4677 4697
f 4667 4668 4696
f 4667 4696 4698
f 4667 4698 4699
f 4667 4699 4669
f 4669 4699 4700
f 4669 4700 4670
f 4670 4700 4671
f 4671 4700 4672
f 4672 4701 4702
f 4672 4702 4703
f 4672 4703 4704
f 4672 4704 4673
f 4672 4700 4699
f 4672 4699 4705
f 4672 4705 4701
f 4673 4706 4674
f 4673 4704 4707
f 4673 4707 4706
f 4674 4706 4676
f 4676 4706 4708
f 4676 4708 4709
f 4676 4709 4710
f 4676 4710 4677
f 4677 4710 4711
f 4677 4711 4697
f 4680 4712 4681
f 4680 4690 4712
f 4681 4712 4713
f 4681 4713 4714
f 4681 4714 4715
f 4681 4715 4691
f 4683 4685 4684
f 4686 4688 4687
f 4688 4716 4717
f 4688 4717 4690
f 4688 4690 4689
f 4690 4717 4718
f 4690 4718 4712
f 4691 4715 4692
f 4692 4715 4693
f 4693 4719 4720
f 4693 4720 4721
f 4693 4721 4698
f 4693 4698 4694
f 4693 4715 4722
f 4693 4722 4719
f 4694 4698 4696
f 4694 4696 4695
f 4698 4721 4699
f 4699 4721 4705
f 4701 4723 4724
f 4701 4724 4702
f 4701 4705 4723
f 4702 4724 4725
f 4702 4725 4742
f 4702 4742 4738
f 4702 4738 4737
f 4702 4737 4735
f 4702 4735 4753
f 4702 4753 4762
f 4702 4762 4799
f 4702 4799 4813
f 4702 4813 4806
f 4702 4806 4805
f 4702 4805 4804
f 4702 4804 4803
f 4702 4803 4814
f 4702 4814 4829
f 4702 4829 4830
f 4702 4830 4866
f 4702 4866 4869
f 4702 4869 4885
f 4702 4885 4884
f 4702 4884 4902
f 4702 4902 4930
f 4702 4930 4958
f 4702 4958 4986
f 4702 4986 4987
f 4702 4987 5004
f 4702 5004 5003
f 4702 5003 5002
f 4702 5002 5023
f 4702 5023 5038
f 4702 5038 5054
f 4702 5054 5067
f 4702 5067 5066
f 4702 5066 5065
f 4702 5065 5061
f 4702 5061 5060
f 4702 5060 5059
f 4702 5059 5058
f 4702 5058 5043
f 4702 5043 5042
f 4702 5042 5027
f 4702 5027 5010
f 4702 5010 4994
f 4702 4994 4974
f 4702 4974 4971
f 4702 4971 4970
f 4702 4970 4939
f 4702 4939 4913
f 4702 4913 4912
f 4702 4912 4932
f 4702 4932 4903
f 4702 4903 4886
f 4702 4886 4870
f 4702 4870 4832
f 4702 4832 4816
f 4702 4816 4808
f 4702 4808 4774
f 4702 4774 4773
f 4702 4773 4772
f 4702 4772 4771
f 4702 4771 4758
f 4702 4758 4770
f 4702 4770 4769
f 4702 4769 4756
f 4702 4756 4743
f 4702 4743 4728
f 4702 4728 4708
f 4702 4708 4727
f 4702 4727 4726
f 4702 4726 4707
f 4702 4707 4704
f 4702 4704 4703
f 4705 4721 4723
f 4706 4707 4726
f 4706 4726 4727
f 4706 4727 4708
f 4708 4728 4709
f 4709 4728 4729
f 4709 4729 4710
f 4710 4729 4730
f 4710 4730 4731
f 4710 4731 4711
f 4712 4718 4732
f 4712 4732 4733
f 4712 4733 4713
f 4713 4733 4734
f 4713 4734 4735
f 4713 4735 4736
f 4713 4736 4737
f 4713 4737 4738
f 4713 4738 4714
f 4714 4738 4722
f 4714 4722 4715
f 4716 4739 4717
f 4717 4740 4718
f 4717 4739 4741
f 4717 4741 4740
f 4718 4740 4732
f 4719 4722 4720
f 4720 4722 4721
f 4721 4722 4723
f 4722 4738 4742
f 4722 4742 4725
f 4722 4725 4724
f 4722 4724 4723
f 4728 4743 4729
f 4729 4744 4730
f 4729 4743 4744
f 4730 4744 4745
f 4730 4745 4746
f 4730 4746 4747
f 4730 4747 4748
f 4730 4748 4749
f 4730 4749 4750
f 4730 4750 4731
f 4732 4734 4751
f 4732 4751 4733
f 4732 4740 4734
f 4733 4751 4734
f 4734 4752 4753
f 4734 4753 4735
f 4734 4740 4754
f 4734 4754 4752
f 4735 4737 4736
f 4739 4755 4741
f 4740 4741 4754
f 4741 4755 4754
f 4743 4756 4757
f 4743 4757 4744
f 4744 4757 4758
f 4744 4758 4759
f 4744 4759 4745
f 4745 4759 4746
f 4746 4760 4761
f 4746 4759 4760
f 4752 4762 4753
f 4752 4754 4763
f 4752 4763 4762
f 4754 4755 4764
f 4754 4764 4765
f 4754 4765 4766
f 4754 4766 4767
f 4754 4767 4768
f 4754 4768 4763
f 4756 4769 4757
f 4757 4769 4770
f 4757 4770 4758
f 4758 4771 4759
f 4759 4771 4760
f 4760 4771 4772
f 4760 4772 4773
f 4760 4773 4774
f 4760 4774 4775
f 4760 4775 4776
f 4760 4776 4777
f 4760 4777 4778
f 4760 4778 4779
f 4760 4779 4780
f 4760 4780 4781
f 4760 4781 4782
f 4760 4782 4783
f 4760 4783 4784
f 4760 4784 4785
f 4760 4785 4786
f 4760 4786 4761
f 4761 4786 4787
f 4761 4787 4788
f 4761 4788 4789
f 4761 4789 4790
f 4761 4790 4791
f 4761 4791 4792
f 4761 4792 4793
f 4761 4793 4794
f 4761 4794 4795
f 4761 4795 4796
f 4761 4796 4797
f 4761 4797 4798
f 4762 4763 4799
f 4763 4768 4800
f 4763 4800 4799
f 4767 4801 4768
f 4768 4802 4803
f 4768 4803 4804
f 4768 4804 4805
f 4768 4805 4806
f 4768 4806 4800
f 4768 4801 4807
f 4768 4807 4802
f 4774 4808 4824
f 4774 4824 4849
f 4774 4849 4848
f 4774 4848 4847
f 4774 4847 4846
f 4774 4846 4845
f 4774 4845 4844
f 4774 4844 4843
f 4774 4843 4842
f 4774 4842 4841
f 4774 4841 4840
f 4774 4840 4839
f 4774 4839 4838
f 4774 4838 4837
f 4774 4837 4836
f 4774 4836 4854
f 4774 4854 4853
f 4774 4853 4852
f 4774 4852 4851
f 4774 4851 4825
f 4774 4825 4810
f 4774 4810 4809
f 4774 4809 4797
f 4774 4797 4796
f 4774 4796 4795
f 4774 4795 4794
f 4774 4794 4793
f 4774 4793 4792
f 4774 4792 4791
f 4774 4791 4790
f 4774 4790 4789
f 4774 4789 4788
f 4774 4788 4787
f 4774 4787 4786
f 4774 4786 4785
f 4774 4785 4784
f 4774 4784 4783
f 4774 4783 4782
f 4774 4782 4781
f 4774 4781 4780
f 4774 4780 4779
f 4774 4779 4778
f 4774 4778 4777
f 4774 4777 4776
f 4774 4776 4775
f 4797 4809 4798
f 4798 4809 4810
f 4798 4810 4811
f 4798 4811 4812
f 4799 4800 4813
f 4800 4806 4813
f 4802 4814 4803
f 4802 4807 4814
f 4807 4815 4829
f 4807 4829 4814
f 4808 4816 4817
f 4808 4817 4818
f 4808 4818 4819
f 4808 4819 4820
f 4808 4820 4821
f 4808 4821 4822
f 4808 4822 4823
f 4808 4823 4824
f 4810 4825 4811
f 4811 4823 4826
f 4811 4826 4827
f 4811 4827 4812
f 4811 4825 4823
f 4812 4827 4828
f 4815 4830 4829
f 4815 4831 4830
f 4816 4832 4817
f 4817 4832 4833
f 4817 4833 4818
f 4818 4833 4819
f 4819 4833 4820
f 4820 4833 4834
f 4820 4834 4821
f 4821 4834 4835
f 4821 4835 4822
f 4822 4835 4823
f 4823 4836 4837
f 4823 4837 4838
f 4823 4838 4839
f 4823 4839 4840
f 4823 4840 4841
f 4823 4841 4842
f 4823 4842 4843
f 4823 4843 4844
f 4823 4844 4845
f 4823 4845 4846
f 4823 4846 4847
f 4823 4847 4848
f 4823 4848 4849
f 4823 4849 4824
f 4823 4835 4850
f 4823 4850 4826
f 4823 4825 4851
f 4823 4851 4852
f 4823 4852 4853
f 4823 4853 4854
f 4823 4854 4836
f 4826 4850 4855
f 4826 4855 4856
f 4826 4856 4857
f 4826 4857 4858
f 4826 4858 4859
f 4826 4859 4860
f 4826 4860 4861
f 4826 4861 4862
f 4826 4862 4863
f 4826 4863 4827
f 4827 4863 4864
f 4827 4864 4828
f 4828 4864 4865
f 4830 4831 4866
f 4831 4867 4868
f 4831 4868 4869
f 4831 4869 4866
f 4832 4858 4833
f 4832 4870 4858
f 4833 4858 4834
f 4834 4856 4835
f 4834 4858 4857
f 4834 4857 4856
f 4835 4856 4855
f 4835 4855 4850
f 4858 4870 4871
f 4858 4871 4859
f 4859 4871 4872
f 4859 4872 4860
f 4860 4872 4873
f 4860 4873 4861
f 4861 4873 4874
f 4861 4874 4875
f 4861 4875 4876
f 4861 4876 4862
f 4862 4864 4863
f 4862 4876 4864
f 4864 4877 4878
f 4864 4878 4879
f 4864 4879 4880
f 4864 4880 4865
f 4864 4876 4877
f 4867 4881 4868
f 4868 4881 4882
f 4868 4882 4900
f 4868 4900 4883
f 4868 4883 4884
f 4868 4884 4885
f 4868 4885 4869
f 4870 4886 4871
f 4871 4886 4872
f 4872 4887 4874
f 4872 4874 4873
f 4872 4886 4888
f 4872 4888 4887
f 4874 4887 4889
f 4874 4889 4875
f 4875 4890 4891
f 4875 4891 4876
f 4875 4889 4892
f 4875 4892 4890
f 4876 4891 4893
f 4876 4893 4877
f 4877 4893 4894
f 4881 4895 4896
f 4881 4896 4882
f 4882 4896 4897
f 4882 4897 4898
f 4882 4898 4899
f 4882 4899 4900
f 4883 4900 4884
f 4884 4900 4901
f 4884 4901 4902
f 4886 4903 4904
f 4886 4904 4888
f 4887 4888 4905
f 4887 4905 4889
f 4888 4904 4906
f 4888 4906 4905
f 4889 4905 4906
f 4889 4906 4892
f 4890 4907 4891
f 4890 4892 4907
f 4891 4907 4908
f 4891 4908 4909
f 4891 4909 4910
f 4891 4910 4893
f 4892 4906 4911
f 4892 4911 4912
f 4892 4912 4913
f 4892 4913 4914
f 4892 4914 4915
f 4892 4915 4916
f 4892 4916 4917
f 4892 4917 4918
f 4892 4918 4919
f 4892 4919 4920
f 4892 4920 4907
f 4893 4910 4921
f 4893 4921 4894
f 4895 4922 4896
f 4896 4923 4897
f 4896 4922 4923
f 4897 4923 4924
f 4897 4924 4925
f 4897 4925 4898
f 4898 4925 4926
f 4898 4926 4927
f 4898 4927 4928
f 4898 4928 4899
f 4899 4901 4900
f 4899 4928 4901
f 4901 4928 4929
f 4901 4929 4902
f 4902 4929 4931
f 4902 4931 4930
f 4903 4932 4906
f 4903 4906 4904
f 4906 4932 4911
f 4907 4920 4933
f 4907 4933 4934
f 4907 4934 4935
f 4907 4935 4936
f 4907 4936 4937
f 4907 4937 4938
f 4907 4938 4908
f 4911 4932 4912
f 4913 4939 4940
f 4913 4940 4914
f 4914 4940 4915
f 4915 4940 4941
f 4915 4941 4917
f 4915 4917 4916
f 4917 4941 4942
f 4917 4942 4943
f 4917 4943 4944
f 4917 4944 4945
f 4917 4945 4918
f 4918 4945 4946
f 4918 4946 4947
f 4918 4947 4948
f 4918 4948 4919
f 4919 4948 4920
f 4920 4934 4933
f 4920 4948 4934
f 4922 4949 4950
f 4922 4950 4924
f 4922 4924 4923
f 4924 4950 4926
f 4924 4926 4925
f 4926 4950 4951
f 4926 4951 4927
f 4927 4952 4953
f 4927 4953 4954
f 4927 4954 4929
f 4927 4929 4928
f 4927 4951 4955
f 4927 4955 4956
f 4927 4956 4952
f 4929 4954 4953
f 4929 4953 4957
f 4929 4957 4931
f 4930 4931 4958
f 4931 4957 4959
f 4931 4959 4960
f 4931 4960 4961
f 4931 4961 4962
f 4931 4962 4963
f 4931 4963 4958
f 4934 4964 4935
f 4934 4948 4964
f 4935 4964 4936
f 4936 4964 4965
f 4936 4965 4966
f 4936 4966 4937
f 4937 4967 4968
f 4937 4968 4969
f 4937 4969 4938
f 4937 4966 4967
f 4939 4970 4940
f 4940 4970 4971
f 4940 4971 4972
f 4940 4972 4943
f 4940 4943 4941
f 4941 4943 4942
f 4943 4973 4944
f 4943 4972 4971
f 4943 4971 4974
f 4943 4974 4975
f 4943 4975 4976
f 4943 4976 4973
f 4944 4973 4977
f 4944 4977 4978
f 4944 4978 4979
f 4944 4979 4945
f 4945 4979 4980
f 4945 4980 4946
f 4946 4980 4948
f 4946 4948 4947
f 4948 4980 4981
f 4948 4981 4964
f 4949 4982 4955
f 4949 4955 4950
f 4950 4955 4951
f 4952 4956 4953
f 4953 4956 4957
f 4955 4983 4984
f 4955 4984 4985
f 4955 4985 4956
f 4955 4982 4983
f 4956 4985 4960
f 4956 4960 4957
f 4957 4960 4959
f 4958 4963 4986
f 4960 4985 4961
f 4961 4985 4987
f 4961 4987 4962
f 4962 4987 4986
f 4962 4986 4963
f 4964 4981 4988
f 4964 4988 4965
f 4965 4989 4990
f 4965 4990 4991
f 4965 4991 4966
f 4965 4988 4989
f 4966 4991 4967
f 4967 4992 4993
f 4967 4993 4968
f 4967 4991 4992
f 4973 4976 4977
f 4974 4994 4975
f 4975 4994 4995
f 4975 4995 4977
f 4975 4977 4976
f 4977 4995 4978
f 4978 4995 4996
f 4978 4996 4997
f 4978 4997 4979
f 4979 4997 4998
f 4979 4998 4980
f 4980 4998 4981
f 4981 4998 4997
f 4981 4997 4999
f 4981 4999 5000
f 4981 5000 4988
f 4984 5001 5002
f 4984 5002 5003
f 4984 5003 5004
f 4984 5004 4985
f 4985 5004 4987
f 4988 5000 4989
f 4989 5000 5005
f 4989 5005 4990
f 4990 5005 5006
f 4990 5006 5007
f 4990 5007 4991
f 4991 5007 4992
f 4992 5007 5008
f 4992 5008 4993
f 4993 5008 5009
f 4994 5010 4995
f 4995 5010 5011
f 4995 5011 5012
f 4995 5012 4996
f 4996 5013 5014
f 4996 5014 5015
f 4996 5015 4997
f 4996 5012 5011
f 4996 5011 5013
f 4997 5014 4999
f 4997 5015 5014
f 4999 5016 5000
f 4999 5014 5016
f 5000 5016 5017
f 5000 5017 5018
f 5000 5018 5019
f 5000 5019 5020
f 5000 5020 5021
f 5000 5021 5005
f 5001 5022 5038
f 5001 5038 5023
f 5001 5023 5002
f 5005 5020 5024
f 5005 5024 5025
f 5005 5025 5006
f 5005 5021 5020
f 5006 5025 5007
f 5007 5025 5008
f 5008 5025 5009
f 5009 5025 5026
f 5010 5027 5011
f 5011 5027 5028
f 5011 5028 5013
f 5013 5028 5029
f 5013 5029 5030
f 5013 5030 5031
f 5013 5031 5016
f 5013 5016 5014
f 5016 5031 5030
f 5016 5030 5032
f 5016 5032 5033
f 5016 5033 5018
f 5016 5018 5017
f 5018 5033 5034
f 5018 5034 5035
f 5018 5035 5036
f 5018 5036 5020
f 5018 5020 5019
f 5020 5036 5024
f 5022 5037 5038
f 5024 5036 5039
f 5024 5039 5025
f 5025 5039 5040
f 5025 5040 5026
f 5026 5040 5041
f 5027 5042 5028
f 5028 5042 5043
f 5028 5043 5044
f 5028 5044 5030
f 5028 5030 5029
f 5030 5045 5032
f 5030 5044 5045
f 5032 5045 5046
f 5032 5046 5047
f 5032 5047 5034
f 5032 5034 5033
f 5034 5048 5049
f 5034 5049 5035
f 5034 5047 5046
f 5034 5046 5048
f 5035 5050 5036
f 5035 5049 5051
f 5035 5051 5050
f 5036 5050 5052
f 5036 5052 5039
f 5037 5053 5038
f 5038 5053 5055
f 5038 5055 5054
f 5039 5052 5056
f 5039 5056 5041
f 5039 5041 5040
f 5041 5056 5057
f 5043 5058 5044
f 5044 5058 5059
f 5044 5059 5060
f 5044 5060 5061
f 5044 5061 5062
f 5044 5062 5045
f 5045 5062 5046
f 5046 5062 5063
f 5046 5063 5048
f 5048 5063 5049
f 5049 5063 5062
f 5049 5062 5065
f 5049 5065 5066
f 5049 5066 5067
f 5049 5067 5064
f 5050 5051 5052
f 5051 5068 5056
f 5051 5056 5052
f 5054 5055 5067
f 5055 5069 5067
f 5056 5068 5057
f 5061 5065 5062
f 5064 5067 5070
f 5067 5069 5071
f 5067 5071 5072
f 5067 5072 5073
f 5067 5073 5070

