# https://github.com/mikedh/trimesh
v 0.00936439 0.00326127 0.06625653
v -0.00042643 0.00326127 0.06631738
v -0.00157796 0.00262682 0.06583608
v -0.00449313 0.00098790 0.06441985
v -0.00303415 0.00073911 0.06346831
v 0.00936439 0.00320481 0.06612376
v 0.00936439 0.00326127 0.06189718
v -0.00157796 0.00326127 0.06630078
v -0.00594931 0.00172794 0.06495646
v -0.00449313 0.00171645 0.06501732
v -0.00594931 0.00099939 0.06440325
v -0.00449313 0.00070593 0.06369513
v -0.00303415 0.00055282 0.06243933
v -0.00209224 0.00080385 0.06329681
v 0.00936439 0.00186414 0.06243933
v 0.00936439 0.00202841 0.06305893
v 0.00936439 0.00218982 0.06364534
v 0.00936439 0.00168392 0.00980070
v -0.00627633 0.00326127 0.00980070
v -0.01171536 0.00326127 0.06565905
v -0.00594931 0.00072220 0.06367300
v -0.01291161 0.00326127 0.06540457
v -0.01320788 0.00326127 0.06532159
v -0.01323862 0.00254548 0.06429814
v -0.01443767 0.00221342 0.06335213
v -0.00828871 0.00082778 0.06323596
v -0.00740550 0.00077355 0.06340192
v -0.00449313 0.00050210 0.06243933
v 0.00936439 0.00084118 0.05436788
v 0.00936439 0.00085649 0.05453385
v 0.00936439 0.00158440 0.06098436
v 0.00936439 0.00017547 0.04640156
v 0.00936439 0.00026542 0.04786205
v 0.00936439 0.00038727 0.04931701
v 0.00936439 0.00051391 0.05077751
v 0.00936439 0.00064532 0.05223247
v 0.00936439 0.00078121 0.05371509
v 0.00936439 0.00172283 0.06172015
v 0.00936439 0.00019014 0.00980070
v -0.01262652 0.00326127 0.00980070
v -0.00594931 0.00053177 0.06243933
v -0.01472835 0.00326127 0.06479050
v -0.01483176 0.00264691 0.06386109
v -0.01541032 0.00233272 0.06315298
v -0.00740550 0.00063033 0.06243933
v -0.01691402 0.00231294 0.06174227
v -0.00978682 0.00083862 0.06183632
v -0.00881137 0.00078280 0.06236741
v -0.00594931 0.00043990 0.06098436
v -0.00594931 0.00036973 0.05952387
v -0.00449313 0.00043416 0.06098436
v 0.00862651 0.00015442 0.04640156
v 0.00936439 0.00015569 0.04494660
v -0.00011898 0.00040035 0.00980070
v 0.00936439 0.00018632 0.01069691
v -0.00449313 0.00004724 0.03329031
v -0.00303415 0.00006478 0.03037485
v -0.00740550 0.00004884 0.03474527
v -0.01032066 0.00005904 0.03620576
v -0.01497710 0.00326127 0.02422308
v -0.01177964 0.00286509 0.00980070
v -0.01411625 0.00076813 0.03212302
v -0.01425041 0.00068551 0.03329031
v -0.01497990 0.00146510 0.03329031
v -0.00740550 0.00053208 0.06098436
v -0.01620130 0.00326127 0.06409345
v -0.01624323 0.00321980 0.06401047
v -0.01644167 0.00326127 0.06394408
v -0.01756525 0.00326127 0.06310872
v -0.01615379 0.00246733 0.06282105
v -0.00886448 0.00067818 0.06098436
v -0.01748420 0.00281533 0.06231209
v -0.01785313 0.00253399 0.06098436
v -0.01814940 0.00238759 0.05952387
v -0.01712365 0.00226542 0.06098436
v -0.01615379 0.00191996 0.05952387
v -0.01615379 0.00178312 0.05806891
v -0.01001601 0.00081151 0.06098436
v -0.00740550 0.00045106 0.05952387
v -0.00594931 0.00011167 0.05369296
v 0.00571135 0.00007850 0.04640156
v 0.00717033 0.00011295 0.04640156
v 0.00862651 0.00013623 0.04494660
v 0.00936439 0.00015506 0.01944328
v -0.00027830 0.00040960 0.00980070
v 0.00936439 0.00018344 0.01142163
v -0.00594931 0.00004501 0.03474527
v 0.00936439 0.00017515 0.01361237
v 0.00936439 0.00016431 0.01652782
v 0.00936439 0.00015888 0.01798832
v 0.00936439 0.00015665 0.01870750
v -0.00594931 0.00000609 0.04494660
v -0.00886448 0.00004820 0.03620576
v -0.00740550 0.00001630 0.04348610
v -0.01032066 0.00004947 0.03766072
v -0.01177964 0.00014899 0.03620576
v -0.01744227 0.00326127 0.04057065
v -0.00185746 0.00065011 0.00980070
v -0.01323862 0.00045330 0.03329031
v -0.00167299 0.00061088 0.00980070
v -0.01323862 0.00037387 0.03474527
v -0.01428394 0.00068551 0.03474527
v -0.01743948 0.00202267 0.05077751
v -0.01736122 0.00200736 0.04931701
v -0.01727458 0.00200385 0.04786205
v -0.01719911 0.00204755 0.04640156
v -0.01709290 0.00214994 0.04494660
v -0.01750097 0.00309827 0.04203114
v -0.01627677 0.00326127 0.06404919
v -0.01818295 0.00326127 0.06239507
v -0.00740550 0.00021311 0.05369296
v -0.00740550 0.00039110 0.05806891
v -0.01887331 0.00326127 0.06098436
v -0.01741992 0.00218695 0.05952387
v -0.01887889 0.00326127 0.06096224
v -0.01901026 0.00311645 0.05952387
v -0.01825002 0.00236653 0.05806891
v -0.01752333 0.00212347 0.05806891
v -0.01105015 0.00086733 0.05879362
v -0.01615379 0.00169126 0.05660842
v -0.01257062 0.00085776 0.05317293
v -0.00886448 0.00028041 0.05077751
v -0.00740550 0.00015888 0.05223247
v -0.00594931 0.00006542 0.05223247
v 0.00425516 0.00006095 0.04640156
v 0.00571135 0.00007084 0.04494660
v 0.00717033 0.00009827 0.04494660
v -0.01177964 0.00020800 0.03474527
v 0.00425516 0.00006000 0.04494660
v 0.00425516 0.00006383 0.04348610
v -0.00594931 0.00000258 0.04640156
v -0.00886448 0.00003257 0.04057065
v -0.00594931 0.00004756 0.05077751
v -0.00740550 0.00008552 0.04931701
v -0.00740550 0.00011710 0.05077751
v -0.01762395 0.00326127 0.04203114
v -0.01813263 0.00247977 0.05223247
v -0.01816897 0.00257738 0.05077751
v -0.01913324 0.00326127 0.05952387
v -0.01918914 0.00326127 0.05806891
v -0.01903541 0.00309540 0.05806891
v -0.00011898 0.00004915 0.04786205
v -0.00449313 0.00002332 0.04786205
v -0.01875032 0.00326127 0.05223247
v -0.01873355 0.00320863 0.05223247
v -0.01910808 0.00326127 0.05660842
v 0.01745172 0.00157335 0.00979391
v -0.01017377 0.00491996 0.00979391
v 0.01745172 0.00005321 0.00979391
v 0.01745172 0.00491996 -0.05470526
v -0.01273764 0.00491996 0.00979391
v 0.01591580 0.00005893 0.00979391
v 0.01745172 0.00005750 -0.01044951
v 0.01745172 0.00491996 -0.05957428
v -0.01285186 0.00456648 0.00979391
v -0.01325462 0.00491996 0.00267034
v 0.01445803 0.00006607 0.00979391
v 0.01591580 0.00006655 -0.01044951
v -0.00011666 0.00021232 -0.02502260
v 0.01745172 0.00006607 -0.01183484
v 0.01445803 0.00491996 -0.05894952
v 0.01745172 0.00455600 -0.05855565
v 0.01063477 0.00230222 -0.05205005
v -0.01285486 0.00336646 0.00979391
v -0.01325161 0.00451074 0.00267034
v -0.01148125 0.00491996 -0.01482959
v 0.01300026 0.00009085 0.00979391
v -0.00303220 0.00032666 -0.00170294
v -0.00011666 0.00021470 -0.02357616
v -0.00157443 0.00023805 -0.02502260
v -0.00011666 0.00024758 -0.02648263
v 0.01745172 0.00009990 -0.01336956
v 0.01745172 0.00006655 -0.01190954
v 0.01307240 0.00491996 -0.05865752
v 0.01154249 0.00230127 -0.05205005
v 0.01745172 0.00453409 -0.05848774
v 0.01154249 0.00203069 -0.05126232
v 0.00873215 0.00354463 -0.05424349
v 0.01008472 0.00331930 -0.05418237
v 0.01154249 0.00361752 -0.05529606
v 0.01295217 0.00491996 -0.05863035
v 0.01012380 0.00212120 -0.05134381
v -0.01177882 0.00286531 0.00979391
v -0.01284885 0.00348699 0.00267034
v -0.00938326 0.00096644 -0.00462299
v -0.01138206 0.00451074 -0.01482959
v -0.01105745 0.00377044 -0.01556979
v -0.01134900 0.00491996 -0.01560374
v -0.01119871 0.00451074 -0.01590933
v -0.00011666 0.00040050 0.00979391
v -0.00011666 0.00038192 0.00849686
v -0.00157443 0.00031951 0.00121032
v -0.00157443 0.00030760 -0.00024971
v -0.00303220 0.00033857 -0.00024971
v -0.00740551 0.00056152 -0.00462299
v -0.00157443 0.00027378 -0.02648263
v -0.00865588 0.00072730 -0.00462299
v -0.00011666 0.00031236 -0.02794265
v 0.01745172 0.00080256 -0.03522920
v 0.01745172 0.00362800 -0.05566956
v 0.01745172 0.00216407 -0.05109255
v 0.01154249 0.00175915 -0.04980908
v 0.01008472 0.00180678 -0.04980908
v 0.00966092 0.00242513 -0.05188028
v 0.00716918 0.00366183 -0.05372059
v 0.00716918 0.00452360 -0.05563560
v 0.00868406 0.00491996 -0.05712958
v 0.00928520 0.00377139 -0.05493615
v 0.01008472 0.00371280 -0.05506517
v 0.01154249 0.00491996 -0.05815500
v 0.00897562 0.00219694 -0.05090919
v -0.00185697 0.00065012 0.00979391
v -0.00839739 0.00077065 -0.00316297
v -0.00968985 0.00224696 -0.01628282
v -0.01013469 0.00173294 -0.00607623
v -0.00926304 0.00100408 -0.00607623
v -0.00962372 0.00229365 -0.01712488
v -0.00871299 0.00451074 -0.02648263
v -0.00818098 0.00372471 -0.02727715
v -0.01125883 0.00491996 -0.01606552
v -0.00027596 0.00040955 0.00979391
v -0.00157443 0.00040478 0.00704363
v -0.00157443 0.00038049 0.00558360
v -0.00157443 0.00033952 0.00267034
v -0.00303220 0.00036620 0.00121032
v -0.00448997 0.00047719 0.00121032
v -0.00740551 0.00061535 -0.00316297
v -0.00853265 0.00076874 -0.00607623
v -0.00303220 0.00057676 -0.02648263
v -0.00315543 0.00070872 -0.02799019
v -0.00157443 0.00039287 -0.02794265
v -0.00011666 0.00039764 -0.02939589
v 0.01745172 0.00084306 -0.03603731
v 0.01745172 0.00197018 -0.04980908
v -0.00011666 0.00053579 -0.03085592
v -0.00157443 0.00052531 -0.02939589
v -0.00154738 0.00072825 -0.03081517
v 0.00642978 0.00377854 -0.05346254
v 0.00585268 0.00419156 -0.05403976
v 0.00575951 0.00491376 -0.05564239
v 0.00662214 0.00491996 -0.05616529
v 0.00716918 0.00491996 -0.05647087
v 0.00420555 0.00350271 -0.04982946
v 0.00560922 0.00345222 -0.05136418
v -0.00248516 0.00082829 -0.03029907
v -0.00448997 0.00162575 -0.03085592
v -0.00167061 0.00061106 0.00979391
v -0.00157443 0.00046576 0.00849686
v -0.00436974 0.00112984 -0.02799019
v -0.00380467 0.00084830 -0.02753521
v -0.00542775 0.00209643 -0.03085592
v -0.00565618 0.00191969 -0.02939589
v -0.00448997 0.00133040 -0.02939589
v -0.00880617 0.00491996 -0.02648263
v -0.00642865 0.00491996 -0.03412230
v -0.00526845 0.00227316 -0.03169119
v -0.00303220 0.00043861 0.00412358
v -0.00303220 0.00040240 0.00267034
v -0.00372051 0.00091213 -0.02851308
v -0.00277371 0.00076684 -0.02939589
v 0.00465942 0.00366183 -0.05094315
v 0.00420555 0.00490233 -0.05421632
v 0.00424463 0.00491996 -0.05430460
v 0.00489386 0.00491996 -0.05493615
v 0.00577153 0.00491996 -0.05566277
v -0.00099132 0.00369565 -0.04355474
v -0.00067272 0.00385381 -0.04453262
v 0.00336395 0.00369660 -0.04936089
v -0.00257232 0.00491996 -0.04297752
v -0.00267752 0.00480229 -0.04251575
v -0.00196517 0.00407342 -0.04251575
v 0.00413642 0.00491996 -0.05418237
v -0.00159547 0.00445882 -0.04403689
v -0.00122276 0.00481801 -0.04543580
v 0.00237808 0.00491996 -0.05170372
v 0.00282293 0.00491996 -0.05241676
v 0.00297622 0.00491996 -0.05263407
v -0.00237695 0.00491996 -0.04339176
v -0.00224470 0.00491996 -0.04365661
v -0.00140611 0.00491996 -0.04525924
v -0.00112958 0.00491996 -0.04578213
v 0.02824108 0.00549334 0.07069982
v 0.02792881 0.00549334 0.07067002
v 0.02824108 0.00516766 0.07050310
v 0.02824108 0.00549334 0.06812460
v 0.02136188 0.00549334 0.06991891
v 0.01065412 0.00376663 0.06755829
v 0.02824108 0.00440533 0.06991295
v 0.02466383 0.00549334 0.06737946
v 0.02824108 0.00137046 0.00980070
v 0.01446051 0.00165211 0.00980070
v 0.00936439 0.00549334 0.06806499
v 0.00936439 0.00457359 0.06779078
v 0.00968220 0.00384322 0.06748080
v 0.02824108 0.00325398 0.06879225
v 0.02824108 0.00355373 0.06916184
v 0.00936439 0.00373285 0.06722447
v 0.00936439 0.00348015 0.06677142
v 0.01013490 0.00348497 0.06692641
v 0.02456035 0.00549334 0.06736754
v 0.01316338 0.00166961 0.00980070
v 0.01300262 0.00167142 0.00980070
v 0.02824108 0.00000863 0.00980070
v 0.00936439 0.00549334 0.06637799
v 0.00936439 0.00389328 0.06744503
v 0.01737627 0.00246572 0.06560899
v 0.02824108 0.00305134 0.06830344
v 0.00936439 0.00320453 0.06612166
v 0.01591839 0.00549334 0.06643164
v 0.01008686 0.00168167 0.00980070
v 0.01446051 0.00549334 0.06629453
v 0.02757959 -0.00000041 0.00980070
v 0.02824108 0.00000622 0.01062334
v 0.02666310 -0.00047989 0.04348716
v 0.02593323 -0.00065660 0.04348716
v 0.02554890 -0.00061076 0.04057216
v 0.02543434 -0.00059629 0.03967799
v 0.00936439 0.00168408 0.00980070
v 0.01737627 0.00227754 0.06488173
v 0.02824108 0.00277391 0.06740330
v 0.00936439 0.00219009 0.06364778
v 0.01591839 0.00228538 0.06478636
v 0.02612171 0.00000321 0.00980070
v 0.02532163 -0.00059629 0.03967799
v 0.02824108 -0.00005952 0.04348716
v 0.02661875 -0.00047446 0.04494765
v 0.02588889 -0.00065298 0.04494765
v 0.02466383 -0.00066745 0.04494765
v 0.02451970 -0.00065238 0.04335006
v 0.02482273 -0.00063368 0.04203264
v 0.02513131 -0.00061076 0.04057216
v 0.00936439 0.00019017 0.00980070
v 0.00936439 0.00186441 0.06243767
v 0.00936439 0.00172328 0.06171637
v 0.00936439 0.00158457 0.06098315
v 0.01154474 0.00159482 0.06098315
v 0.02562835 -0.00062282 0.04580605
v 0.02824108 0.00023601 0.04786265
v 0.00936439 0.00202906 0.06305762
v 0.01446051 0.00006593 0.00980070
v 0.02824108 -0.00002634 0.04494765
v 0.02824108 0.00000502 0.04560337
v 0.02824108 0.00007317 0.04640217
v 0.02824108 0.00014072 0.04706386
v 0.00936439 0.00015579 0.04494765
v 0.00936439 0.00015519 0.02016714
v 0.00936439 0.00015519 0.01944584
v 0.00936439 0.00015700 0.01871262
v 0.00936439 0.00016182 0.01725214
v 0.00936439 0.00016967 0.01507036
v 0.00936439 0.00017509 0.01361583
v 0.00936439 0.00018354 0.01142213
v 0.00936439 0.00018957 0.00988415
v 0.02466383 -0.00061800 0.04578817
v 0.02385820 -0.00059568 0.04569279
v 0.00936439 0.00017570 0.04640217
v 0.01008686 0.00017027 0.00980070
v 0.01138584 0.00013468 0.00980070
v 0.01284372 0.00009488 0.00980070
v 0.01300262 0.00009066 0.00980070
v 0.00936439 0.00085661 0.05453318
v 0.00936439 0.00078122 0.05371650
v 0.00936439 0.00071789 0.05302501
v 0.00936439 0.00064552 0.05223217
v 0.00936439 0.00051404 0.05077765
v 0.00936439 0.00038739 0.04931717
v 0.00936439 0.00026556 0.04786265
v 0.03913810 0.00305285 -0.00316062
v 0.03873689 0.00396893 -0.00433689
v 0.03876874 0.00399441 -0.00316062
v 0.03895979 0.00277681 0.00980070
v 0.03895979 0.00186072 0.00980070
v 0.03895342 0.00173985 0.00980070
v 0.03895130 0.00177227 -0.00170258
v 0.03888124 0.00183479 -0.00316062
v 0.03668628 0.00447329 -0.03588594
v 0.03664595 0.00473080 -0.03588594
v 0.03778376 0.00442281 -0.00316062
v 0.03587962 0.00473080 0.00852156
v 0.03573952 0.00473080 0.00980070
v 0.03782834 0.00351321 0.00980070
v 0.03889823 0.00165834 0.00980070
v 0.03851825 0.00086359 0.00779702
v 0.03853523 0.00084923 0.00704116
v 0.03853947 0.00084645 0.00620928
v 0.03820620 0.00104329 -0.00170258
v 0.03563975 0.00229839 -0.03588594
v 0.03603883 0.00268419 -0.03588594
v 0.03633815 0.00308897 -0.03588594
v 0.03475030 0.00473080 -0.03588594
v 0.03641244 0.00473080 -0.00050842
v 0.03333016 0.00473080 0.00980070
v 0.03829323 0.00102708 0.00980070
v 0.03786443 0.00059497 0.00836950
v 0.03778376 0.00050234 0.00704116
v 0.03766277 0.00062461 0.00980070
v 0.03757998 0.00057413 0.00980070
v 0.03749294 0.00062507 -0.00024455
v 0.03747808 0.00068667 -0.00170258
v 0.03486918 0.00196956 -0.03588594
v 0.01745172 0.00247809 -0.03588594
v 0.03376533 0.00473080 -0.02648474
v 0.01745172 0.00157358 0.00980070
v 0.03239613 0.00473080 0.00553393
v 0.03632753 0.00008135 0.00849920
v 0.03632753 0.00007394 0.00704116
v 0.03632753 0.00010172 0.00558313
v 0.03632753 0.00013924 0.00412509
v 0.03741440 0.00051809 0.00980070
v 0.03632753 0.00019389 0.00266705
v 0.03632753 0.00025317 0.00120902
v 0.03123072 0.00086498 -0.03457550
v 0.03421111 0.00178060 -0.03588594
v 0.01745172 0.00083580 -0.03588594
v 0.01745172 0.00238500 -0.03085885
v 0.03210743 0.00473080 0.00412509
v 0.03259780 0.00473080 -0.00753473
v 0.01745172 0.00005356 0.00980070
v 0.03486918 0.00000585 0.00849920
v 0.03632753 0.00015267 0.00980070
v 0.03486918 0.00005356 0.00980070
v 0.03486918 0.00000447 0.00704116
v 0.03486918 0.00000724 0.00558313
v 0.03486918 0.00002438 0.00412509
v 0.02758165 0.00016378 -0.03231688
v 0.02903789 0.00026938 -0.03231688
v 0.02903789 0.00030458 -0.03377045
v 0.03049624 0.00064314 -0.03377045
v 0.03060238 0.00074503 -0.03512562
v 0.03115855 0.00092565 -0.03554603
v 0.03341082 0.00156108 -0.03588594
v 0.01771282 0.00082237 -0.03588594
v 0.02612330 0.00026290 -0.03377045
v 0.02466707 0.00033839 -0.03377045
v 0.01745172 0.00080292 -0.03522849
v 0.02612330 0.00000308 0.00980070
v 0.01745172 0.00005726 -0.01037477
v 0.02758165 -0.00000063 0.00980070
v 0.02758165 -0.00000016 0.00849920
v 0.02612330 0.00000724 0.00266705
v 0.02320872 0.00002624 -0.00899277
v 0.02320872 0.00003179 -0.01045080
v 0.02466707 0.00005402 -0.01482044
v 0.02466707 0.00006329 -0.01627848
v 0.02320872 0.00005773 -0.01482044
v 0.01883365 0.00005726 -0.01190884
v 0.01745172 0.00006653 -0.01190884
v 0.02758165 0.00019204 -0.03377045
v 0.02903789 0.00043565 -0.03522849
v 0.03036250 0.00077420 -0.03588594
v 0.02400901 0.00055977 -0.03588594
v 0.02466707 0.00044306 -0.03522849
v 0.02320872 0.00051021 -0.03522849
v 0.01745172 0.00010033 -0.01336241
v 0.02320872 0.00042176 -0.03377045
v 0.02612330 0.00000585 0.00412509
v 0.01745172 0.00006606 -0.01183281
v 0.02612330 0.00038424 -0.03522849
v 0.02758165 0.00033052 -0.03522849
v 0.02758165 0.00042361 -0.03588594
v 0.02837982 0.00048150 -0.03588594
v 0.02909732 0.00053754 -0.03588594
v 0.02466707 0.00053337 -0.03588594
v 0.02612330 0.00047502 -0.03588594
v 0.02692359 0.00044584 -0.03588594
v 0.00958395 0.08108676 0.05539834
v 0.01235813 0.08108915 0.04747023
v 0.01239795 0.08111546 0.04640669
v 0.00960851 0.08114059 0.05223691
v 0.00929127 0.08108676 0.05539834
v 0.01133275 0.08058080 0.05539834
v 0.01154446 0.08053893 0.05515318
v 0.01310875 0.07993250 0.05514501
v 0.01423767 0.08001862 0.04932296
v 0.01237539 0.08111068 0.04494972
v 0.01428479 0.08000905 0.04786482
v 0.00922358 0.08114059 0.05223691
v 0.00927269 0.08070400 0.05539834
v 0.01154446 0.08050185 0.05539834
v 0.01283930 0.07999828 0.05539834
v 0.01303907 0.07991814 0.05539834
v 0.01340077 0.07970643 0.05539834
v 0.01368947 0.07953179 0.05539834
v 0.01376712 0.07962868 0.05465468
v 0.01501351 0.07935238 0.04786482
v 0.01232760 0.08108317 0.04406713
v 0.01216036 0.08111068 0.04494972
v 0.01494714 0.07934161 0.04640669
v 0.01421842 0.07993489 0.04640669
v 0.00926074 0.08111068 0.05113250
v 0.00921495 0.07170553 0.04347290
v 0.00921495 0.07170673 0.04349158
v 0.00921495 0.07179763 0.04499642
v 0.00921495 0.07182275 0.04640669
v 0.00921495 0.07183830 0.04786482
v 0.00921495 0.07180481 0.04932296
v 0.00921495 0.07176055 0.05077993
v 0.00921495 0.07162539 0.05223691
v 0.00921495 0.07145195 0.05362149
v 0.00921495 0.07121631 0.05515318
v 0.00921495 0.07117564 0.05535982
v 0.00921495 0.07116727 0.05539834
v 0.01382287 0.07924233 0.05539834
v 0.01530686 0.07841820 0.04932296
v 0.01496639 0.07914784 0.04932296
v 0.01543362 0.07862393 0.04786482
v 0.01549070 0.07861317 0.04640669
v 0.01550663 0.07853422 0.04494972
v 0.01297403 0.08037028 0.04347290
v 0.01188626 0.08039181 0.04347290
v 0.01220814 0.08108317 0.04406713
v 0.01479715 0.07926267 0.04494972
v 0.01547079 0.07841102 0.04347290
v 0.01443744 0.07922558 0.04347290
v 0.01547278 0.07841222 0.04349158
v 0.00921495 0.07018047 0.04347290
v 0.00921495 0.06892214 0.05539834
v 0.01397817 0.07887512 0.05539834
v 0.01399676 0.07895406 0.05514501
v 0.01521660 0.07820529 0.05015535
v 0.01574356 0.07740269 0.04640669
v 0.01591877 0.07740269 0.04494972
v 0.01597585 0.07740269 0.04349158
v 0.01597651 0.07740269 0.04347290
v 0.01008702 0.07019243 0.04347290
v 0.01164070 0.07055844 0.04347290
v 0.01183250 0.07062423 0.04347290
v 0.01280744 0.07118761 0.04347290
v 0.00954148 0.06915180 0.05539834
v 0.01401733 0.07868733 0.05539834
v 0.01428347 0.07740269 0.05539834
v 0.01535663 0.07740269 0.04932296
v 0.01555176 0.07740269 0.04786482
v 0.01599443 0.07594461 0.04347290
v 0.01296805 0.07131200 0.04347290
v 0.01015737 0.06971517 0.05539834
v 0.01425692 0.07718738 0.05539834
v 0.01519138 0.07666587 0.05007013
v 0.01396623 0.07448892 0.05210382
v 0.01373659 0.07375091 0.05152827
v 0.01549733 0.07482025 0.04347290
v 0.01384013 0.07213494 0.04347290
v 0.01101153 0.07060868 0.05539834
v 0.01395627 0.07593982 0.05539834
v 0.01225327 0.07231795 0.05438734
v 0.01149601 0.07139454 0.05539834
v 0.01384809 0.07214451 0.04347290
v 0.01385805 0.07216006 0.04347290
v 0.01548804 0.07480111 0.04347290
v 0.01201899 0.07235981 0.05539834
v 0.00654909 0.05291292 0.06955687
v 0.01187811 0.05896788 0.06462167
v 0.01200446 0.05858155 0.06462167
v 0.01288894 0.05618092 0.06462167
v 0.01334669 0.05507154 0.06462167
v 0.01383880 0.05419667 0.06462167
v 0.01440407 0.05328572 0.06462167
v 0.01468005 0.05291292 0.06462167
v 0.00654909 0.05291292 0.07106893
v 0.00654909 0.06826978 0.06957487
v 0.01070103 0.06573987 0.06462167
v 0.01070103 0.06428175 0.06462167
v 0.01076309 0.06316335 0.06462167
v 0.01087947 0.06227646 0.06462167
v 0.01115435 0.06136551 0.06462167
v 0.01721931 0.05291292 0.06462167
v 0.01154449 0.05291292 0.07117843
v 0.01241456 0.05604412 0.07195471
v 0.01154449 0.05609523 0.07194646
v 0.00654909 0.05741956 0.07193896
v 0.00654909 0.06826978 0.07119943
v 0.01111334 0.06826978 0.06462167
v 0.01076088 0.06668840 0.06462167
v 0.01075090 0.06656513 0.06462167
v 0.01759061 0.05291292 0.06526745
v 0.01288561 0.06826978 0.06462167
v 0.01183821 0.05291292 0.07117993
v 0.01300199 0.05291292 0.07118068
v 0.01445949 0.05291292 0.07093917
v 0.01445949 0.05407792 0.07112443
v 0.01315716 0.05699415 0.07168395
v 0.01242896 0.05699415 0.07196296
v 0.01008699 0.06136551 0.07218197
v 0.01008699 0.05991039 0.07216622
v 0.00862949 0.06136551 0.07228247
v 0.00862949 0.05991039 0.07221347
v 0.00717200 0.05991039 0.07220522
v 0.00654909 0.05928806 0.07214372
v 0.00654909 0.05789909 0.07200121
v 0.00678518 0.06826978 0.07122118
v 0.00654909 0.06541668 0.07198771
v 0.01764160 0.05291292 0.06535895
v 0.01314164 0.06826978 0.06535895
v 0.01539716 0.05291292 0.07059041
v 0.01545036 0.05407792 0.07066241
v 0.01233919 0.05791563 0.07194121
v 0.01533399 0.05526095 0.07060391
v 0.01427550 0.05699415 0.07095492
v 0.01267613 0.06282363 0.07082667
v 0.01145915 0.06284768 0.07157969
v 0.01177281 0.06136551 0.07167345
v 0.01091605 0.06237717 0.07196221
v 0.01104351 0.06136551 0.07200796
v 0.01015904 0.06284768 0.07206946
v 0.00862949 0.06282363 0.07225172
v 0.00717200 0.06136551 0.07227722
v 0.00717200 0.06282363 0.07224947
v 0.00654909 0.05991039 0.07219172
v 0.00717200 0.06826978 0.07124668
v 0.00717200 0.06553693 0.07200796
v 0.00654909 0.06428175 0.07212722
v 0.00717200 0.06428175 0.07216322
v 0.01787103 0.05291292 0.06679376
v 0.01322144 0.06826978 0.06574522
v 0.01612979 0.05291292 0.07003388
v 0.01694111 0.05291292 0.06933861
v 0.01517660 0.05623202 0.07043815
v 0.01232699 0.06517766 0.07051165
v 0.01246887 0.06428175 0.07064141
v 0.01161321 0.06569477 0.07084317
v 0.01121531 0.06719799 0.07073966
v 0.01100472 0.06826978 0.07059641
v 0.01041728 0.06428175 0.07174995
v 0.00943638 0.06515361 0.07193821
v 0.00968798 0.06428175 0.07199821
v 0.00862949 0.06428175 0.07213097
v 0.00654909 0.06136551 0.07224722
v 0.00654909 0.06074468 0.07223297
v 0.00654909 0.06220280 0.07223147
v 0.00654909 0.06282363 0.07221872
v 0.00862949 0.06826978 0.07122493
v 0.00862949 0.06540916 0.07198246
v 0.00654909 0.06365942 0.07216922
v 0.01787214 0.05291292 0.06681626
v 0.01326910 0.06826978 0.06681626
v 0.01753409 0.05291292 0.06821732
v 0.01680146 0.05367806 0.06922685
v 0.01240680 0.06826978 0.06918110
v 0.01214411 0.06615024 0.07033239
v 0.01194461 0.06719799 0.07013289
v 0.01171074 0.06826978 0.06991013
v 0.01094043 0.06826978 0.07062416
v 0.01008699 0.06719799 0.07123318
v 0.00998835 0.06567974 0.07161645
v 0.01015349 0.06826978 0.07092267
v 0.01321258 0.06826978 0.06720252
v 0.01283795 0.06826978 0.06834107
v 0.01267502 0.06826978 0.06867408
v 0.00452336 0.05291292 0.05826130
v 0.00571393 0.05291292 0.05842595
v 0.00452336 0.05291292 0.05969863
v 0.00452336 0.06826978 0.05551533
v 0.00570274 0.06826978 0.05521538
v 0.00708842 0.06826978 0.05496463
v 0.00717168 0.06826978 0.05495517
v 0.00659380 0.05291292 0.05861898
v 0.01468043 0.05291292 0.06461998
v 0.01440454 0.05328572 0.06461998
v 0.01383908 0.05419667 0.06461998
v 0.01334695 0.05507154 0.06461998
v 0.01288837 0.05618092 0.06461998
v 0.01200353 0.05858155 0.06461998
v 0.01187801 0.05896788 0.06461998
v 0.01158223 0.05994497 0.06461998
v 0.01115348 0.06136551 0.06461998
v 0.01087883 0.06227646 0.06461998
v 0.01076325 0.06316335 0.06461998
v 0.01070112 0.06428175 0.06461998
v 0.00452336 0.06428175 0.05971566
v 0.00452336 0.06826978 0.05851584
v 0.00833242 0.06826978 0.05543774
v 0.01094097 0.05291292 0.06006766
v 0.00978645 0.05291292 0.05964185
v 0.00689206 0.05291292 0.05869089
v 0.01721938 0.05291292 0.06461998
v 0.01070112 0.06573987 0.06461998
v 0.01075083 0.06656513 0.06461998
v 0.00452336 0.06573987 0.05963239
v 0.01111247 0.06826978 0.06461998
v 0.00452336 0.06809841 0.05873631
v 0.00853499 0.06826978 0.05564497
v 0.01682543 0.05291292 0.06402574
v 0.01631838 0.05291292 0.06351478
v 0.01551556 0.05291292 0.06274171
v 0.01446543 0.05291292 0.06195160
v 0.01392856 0.05291292 0.06160718
v 0.01297785 0.05291292 0.06109999
v 0.01169284 0.05291292 0.06041587
v 0.01701433 0.05291292 0.06426609
v 0.00963234 0.06826978 0.05718638
v 0.01261745 0.06826978 0.06391503
v 0.01274173 0.06826978 0.06420742
v 0.01288589 0.06826978 0.06461998
v 0.01076077 0.06668840 0.06461998
v 0.00452336 0.06720851 0.05921132
v 0.00452336 0.06800070 0.05885648
v 0.03475272 0.00473270 -0.03588594
v 0.03608763 0.02421555 -0.03522849
v 0.03618843 0.02421555 -0.03554603
v 0.03629672 0.02421555 -0.03588594
v 0.03664680 0.00473270 -0.03588594
v 0.03376583 0.00473270 -0.02648474
v 0.03398037 0.00742795 -0.02763864
v 0.03404780 0.00888526 -0.02745974
v 0.03409479 0.00970356 -0.02731215
v 0.03267338 0.00818903 -0.01411379
v 0.03430388 0.02200480 -0.01627848
v 0.03301869 0.02421555 0.00266705
v 0.03795924 0.02421555 -0.03588594
v 0.03754991 0.00954333 -0.03588594
v 0.03748997 0.00888526 -0.03522849
v 0.03853338 0.01244459 -0.03019692
v 0.03711402 0.00653717 -0.03206195
v 0.03711402 0.00653717 -0.03114509
v 0.03641387 0.00473270 -0.00050842
v 0.03265840 0.00661728 -0.01416298
v 0.03265704 0.00742795 -0.01416298
v 0.03259846 0.00473270 -0.00753473
v 0.03249017 0.00490628 -0.00753473
v 0.03225588 0.00597065 -0.00753473
v 0.03185881 0.00597065 0.00412509
v 0.03352269 0.02421555 0.00980070
v 0.03800759 0.02346211 -0.03588594
v 0.03872409 0.02421555 -0.03085885
v 0.03779441 0.01100064 -0.03588594
v 0.03860558 0.01325907 -0.03041607
v 0.03853338 0.01244459 -0.03006721
v 0.03801168 0.01244077 -0.03588594
v 0.03780395 0.01908829 -0.00316062
v 0.03588058 0.00473270 0.00852156
v 0.03860558 0.01325907 -0.02983464
v 0.03871796 0.01471065 -0.02934714
v 0.03210945 0.00473270 0.00412509
v 0.03239686 0.00473270 0.00553393
v 0.03310655 0.00565783 0.00980070
v 0.03294513 0.00742795 0.00980070
v 0.03287566 0.00888526 0.00980070
v 0.03288179 0.00904167 0.00980070
v 0.03548215 0.02421555 0.00980070
v 0.03815471 0.01851414 -0.03588594
v 0.03873158 0.02346211 -0.03085885
v 0.03821532 0.01617368 -0.03588594
v 0.03878947 0.02421555 -0.02940081
v 0.03873090 0.01471447 -0.03060839
v 0.03812201 0.01413078 -0.03588594
v 0.03780667 0.02054559 -0.00316062
v 0.03720528 0.02054559 0.00660286
v 0.03716237 0.01908829 0.00649999
v 0.03881603 0.01617368 -0.02940081
v 0.03574028 0.00473270 0.00980070
v 0.03333062 0.00473270 0.00980070
v 0.03582133 0.01617368 0.00980070
v 0.03594188 0.01471447 0.00972020
v 0.03589761 0.01617368 0.00969336
v 0.03567694 0.02421555 0.00942948
v 0.03875814 0.01617368 -0.03057261
v 0.03819557 0.01568918 -0.03588594
v 0.03788704 0.02421555 -0.00607669
v 0.03711674 0.02138488 0.00645527
v 0.03638594 0.01325907 0.00849920
v 0.03588263 0.01471447 0.00980070
v 0.03582473 0.02421555 0.00849920
v 0.03782234 0.02421555 -0.00537451
v 0.03772018 0.02421555 -0.00461866
v 0.04025546 0.00305355 0.02016347
v 0.04005789 0.00386680 0.02016347
v 0.04003554 0.00385043 0.02114964
v 0.04014962 0.00308253 0.02163064
v 0.04014609 0.00202864 0.02162259
v 0.04016961 0.00202108 0.02016347
v 0.04008376 0.00214896 0.01910284
v 0.03895477 0.00174013 0.00980070
v 0.03895947 0.00186045 0.00980070
v 0.03895947 0.00277701 0.00980070
v 0.04002261 0.00382649 0.01933026
v 0.03505738 0.00644136 0.00980070
v 0.03581828 0.00644136 0.01967039
v 0.03581828 0.00644136 0.01970863
v 0.03987560 0.00358711 0.02212171
v 0.03436705 0.00644136 0.03036121
v 0.04005318 0.00261575 0.02254234
v 0.04005318 0.00215967 0.02254234
v 0.03852081 0.00086452 0.02235920
v 0.03910059 0.00122169 0.02173127
v 0.03924289 0.00134831 0.02016347
v 0.03829383 0.00102704 0.00980070
v 0.03889832 0.00165824 0.00980070
v 0.03303813 0.00644136 0.00980070
v 0.03960864 0.00308253 0.02304951
v 0.03259477 0.00644136 0.03036121
v 0.03479042 0.00305292 0.03036121
v 0.03824914 0.00107933 0.02332926
v 0.03451053 0.00193226 0.03036121
v 0.03450818 0.00192408 0.03036121
v 0.03450112 0.00191778 0.03036121
v 0.03777167 0.00073475 0.02293882
v 0.03632750 0.00045569 0.02307970
v 0.03632750 0.00015269 0.00980070
v 0.03852081 0.00086452 0.02228876
v 0.03727656 0.00075239 0.02403568
v 0.03757998 0.00057412 0.00980070
v 0.03766230 0.00062451 0.00980070
v 0.02824226 0.00137036 0.00980070
v 0.03260653 0.00644136 0.01054133
v 0.03251597 0.00644136 0.03015593
v 0.02824226 0.00163494 0.03036121
v 0.03388135 0.00094641 0.02934889
v 0.03342387 0.00115051 0.03036121
v 0.03632868 0.00062199 0.02452876
v 0.03486922 0.00036183 0.02453882
v 0.03486922 0.00029127 0.02307970
v 0.03486922 0.00005379 0.00980070
v 0.03741416 0.00051805 0.00980070
v 0.03341211 0.00014513 0.02307970
v 0.03421299 0.00081539 0.02837681
v 0.03340270 0.00070074 0.02888197
v 0.03341211 0.00044876 0.02745304
v 0.02824226 0.00000843 0.00980070
v 0.02824226 0.00137225 0.00988925
v 0.03161983 0.00644136 0.02453882
v 0.03165747 0.00644136 0.02307970
v 0.03229605 0.00644136 0.02893631
v 0.02824226 0.00013190 0.03036121
v 0.03177154 0.00644136 0.02599593
v 0.03166805 0.00644136 0.02500976
v 0.02824226 0.00137351 0.00996171
v 0.03335213 0.00112342 0.03036121
v 0.03290877 0.00080342 0.02994662
v 0.03195500 0.00023395 0.02745304
v 0.03195500 0.00015269 0.02599593
v 0.02824226 0.00001095 0.01870838
v 0.02824226 0.00000969 0.01725127
v 0.02824226 0.00000654 0.01287793
v 0.02824226 0.00000654 0.01062183
v 0.03341211 0.00012560 0.02162259
v 0.03195500 0.00006513 0.02307970
v 0.03195500 0.00005316 0.02162259
v 0.02824226 0.00002103 0.02745304
v 0.02824226 0.00001851 0.02599593
v 0.02824226 0.00001599 0.02373983
v 0.02824226 0.00001284 0.02082561
v 0.02824226 0.00001221 0.02016347
v 0.03195500 0.00009788 0.02453882
v 0.03049672 0.00009410 0.02745304
v 0.03195500 0.00041663 0.02891216
v 0.02903373 0.00021379 0.03036121
v 0.02824226 0.00003552 0.02891216
v 0.02903961 0.00006639 0.02891216
v 0.03049672 0.00020749 0.02891216
v 0.03207143 0.00071963 0.03036121
v 0.03049672 0.00005757 0.02599593
v 0.02903961 0.00003426 0.02745304
v 0.03197617 0.00070137 0.03036121
v 0.03049672 0.00044120 0.03036121
v -0.00822188 0.05291292 0.06389984
v -0.00806094 0.05291292 0.06244252
v -0.00814577 0.05291292 0.06431431
v -0.00392772 0.06826978 0.06462003
v -0.00390901 0.06826978 0.06430896
v -0.00737103 0.05291292 0.06101729
v -0.00364452 0.06826978 0.06371801
v -0.00806593 0.05291292 0.06462003
v -0.00223226 0.06826978 0.06462003
v -0.00705664 0.05291292 0.06066789
v -0.00528259 0.05789308 0.06015002
v -0.00381793 0.05929407 0.05874440
v -0.00395142 0.05845227 0.05864368
v -0.00290346 0.06826978 0.06236319
v -0.00628813 0.05291292 0.06462003
v 0.00452336 0.06573987 0.05963216
v 0.00452336 0.06720851 0.05921056
v 0.00452336 0.06800070 0.05885671
v 0.00452336 0.06809841 0.05873638
v 0.00452336 0.06826978 0.05851622
v -0.00248053 0.06428024 0.06462003
v 0.00452336 0.05291292 0.05969901
v 0.00452336 0.06428175 0.05971595
v -0.00626318 0.05291292 0.05987995
v -0.00100839 0.06826978 0.05988530
v -0.00038335 0.06826978 0.05924176
v 0.00032153 0.06826978 0.05854474
v 0.00053736 0.06826978 0.05835489
v 0.00271438 0.06826978 0.05647686
v 0.00389084 0.06826978 0.05577628
v 0.00425513 0.06826978 0.05556592
v -0.00303321 0.05845227 0.05816860
v -0.00440554 0.05291292 0.05871053
v -0.00512040 0.05291292 0.05910539
v -0.00592509 0.05291292 0.05955818
v -0.00606482 0.05291292 0.05968921
v -0.00443299 0.05775178 0.06462003
v 0.00452336 0.06826978 0.05551512
v -0.00272630 0.06282363 0.06462003
v 0.00452336 0.05291292 0.05826041
v -0.00290720 0.06223286 0.06462003
v -0.00305941 0.05291292 0.05838698
v -0.00425334 0.05291292 0.05865170
v 0.00425513 0.05291292 0.05822297
v 0.00279672 0.05291292 0.05813384
v 0.00133830 0.05291292 0.05811245
v -0.00011887 0.05291292 0.05812493
v -0.00157728 0.05291292 0.05819356
v -0.00806709 0.05291292 0.06462092
v -0.00628871 0.05291292 0.06462092
v -0.00790542 0.05291292 0.06539580
v -0.00562915 0.06282363 0.06681641
v -0.00523141 0.06504237 0.06613634
v -0.00523141 0.06504237 0.06602885
v -0.00491379 0.06561360 0.06546896
v -0.00511981 0.06428175 0.06497552
v -0.00392803 0.06826978 0.06462092
v 0.00654766 0.05291292 0.06955686
v -0.00443307 0.05775178 0.06462092
v -0.00785820 0.05291292 0.06558766
v -0.00672221 0.05645149 0.06761444
v -0.00525716 0.06367595 0.06761518
v -0.00533013 0.06420959 0.06669996
v -0.00508262 0.06464703 0.06710830
v -0.00482366 0.06561360 0.06669996
v -0.00387366 0.06817508 0.06634835
v -0.00385506 0.06826978 0.06625877
v -0.00389512 0.06826978 0.06604079
v -0.00401101 0.06826978 0.06535848
v -0.00223263 0.06826978 0.06462092
v 0.00654766 0.05291292 0.07106854
v -0.00290650 0.06223286 0.06462092
v -0.00272623 0.06282363 0.06462092
v -0.00248158 0.06428024 0.06462092
v 0.00654766 0.06826978 0.06957477
v -0.00710279 0.05291292 0.06715010
v -0.00685670 0.05407792 0.06776896
v -0.00727018 0.05407792 0.06681641
v -0.00679661 0.05553604 0.06771521
v -0.00501537 0.06136551 0.06874614
v -0.00488088 0.06282363 0.06852369
v -0.00536304 0.06282363 0.06779584
v -0.00469775 0.06420959 0.06817058
v -0.00407825 0.06563915 0.06827136
v -0.00390800 0.06675303 0.06778314
v -0.00409828 0.06722204 0.06682761
v -0.00377780 0.06826978 0.06644092
v -0.00364046 0.06772562 0.06732031
v 0.00600542 0.05291292 0.07112677
v 0.00654766 0.05741956 0.07193897
v 0.00508691 0.05620647 0.07193300
v 0.00654766 0.06826978 0.07119918
v -0.00682666 0.05291292 0.06763981
v -0.00527862 0.05467169 0.06903430
v -0.00530724 0.05553604 0.06905669
v -0.00603690 0.05553604 0.06844306
v -0.00525001 0.05788556 0.06902609
v -0.00680234 0.05293998 0.06768610
v -0.00415265 0.06282363 0.06936351
v -0.00394091 0.06428175 0.06917390
v -0.00379354 0.06508747 0.06903504
v -0.00354746 0.06605855 0.06875436
v -0.00278489 0.06826978 0.06809220
v -0.00306388 0.06826978 0.06770551
v -0.00348594 0.06826978 0.06703290
v 0.00571213 0.05291292 0.07114468
v 0.00654766 0.05789909 0.07200093
v 0.00654766 0.05928806 0.07214351
v 0.00654766 0.05991039 0.07219129
v 0.00492094 0.05620647 0.07193300
v 0.00571213 0.06826978 0.07112154
v 0.00571213 0.06525583 0.07196062
v 0.00654766 0.06541668 0.07198750
v -0.00675655 0.05291292 0.06770476
v -0.00601401 0.05291292 0.06811236
v -0.00569496 0.05291292 0.06827734
v -0.00494384 0.05370061 0.06886708
v -0.00397238 0.05320755 0.06906491
v -0.00447170 0.05414255 0.06915449
v -0.00165462 0.05845979 0.07062586
v -0.00235710 0.05895134 0.07048328
v -0.00242864 0.05991039 0.07051612
v -0.00528578 0.05699415 0.06904997
v -0.00248158 0.06136551 0.07054449
v -0.00321124 0.06136551 0.07016974
v -0.00428571 0.06136551 0.06944114
v -0.00313971 0.06282363 0.07009210
v -0.00289791 0.06415999 0.06993235
v -0.00304957 0.06563915 0.06934783
v -0.00257600 0.06689434 0.06919554
v -0.00226268 0.06786692 0.06896338
v -0.00210244 0.06826978 0.06883274
v 0.00425423 0.05291292 0.07107377
v 0.00654766 0.06074468 0.07223310
v 0.00571213 0.05991039 0.07217338
v 0.00425423 0.05991039 0.07206886
v 0.00425709 0.05847633 0.07199421
v 0.00343586 0.05897840 0.07194121
v 0.00532583 0.06826978 0.07106779
v 0.00497102 0.06502283 0.07192031
v 0.00571213 0.06428175 0.07207857
v 0.00654766 0.06428175 0.07212709
v -0.00424994 0.05291292 0.06883871
v -0.00157593 0.05991039 0.07079457
v -0.00157593 0.06136551 0.07084832
v -0.00241147 0.06282363 0.07051239
v -0.00232277 0.06359177 0.07046984
v -0.00169611 0.06730772 0.06948594
v -0.00135560 0.06826978 0.06929707
v -0.00173045 0.06826978 0.06909477
v -0.00198798 0.06456285 0.07032427
v 0.00654766 0.06136551 0.07224654
v 0.00571213 0.06136551 0.07220622
v 0.00425423 0.06136551 0.07206812
v 0.00335431 0.05991039 0.07195390
v -0.00011947 0.05991039 0.07114767
v 0.00387938 0.06826978 0.07076247
v 0.00196795 0.06797515 0.07047730
v 0.00142427 0.06721001 0.07061466
v 0.00425423 0.06719799 0.07117828
v -0.00011947 0.06428175 0.07096254
v 0.00471206 0.06428175 0.07196585
v 0.00035267 0.06673199 0.07053852
v 0.00133843 0.06573987 0.07099464
v 0.00419128 0.06279356 0.07201213
v 0.00571213 0.06282363 0.07217786
v 0.00654766 0.06365942 0.07216964
v -0.00011947 0.06136551 0.07118500
v -0.00011947 0.06282363 0.07114244
v -0.00157593 0.06282363 0.07078561
v -0.00153158 0.06415999 0.07059600
v -0.00101652 0.06522877 0.07051836
v -0.00153158 0.06572483 0.07012346
v -0.00012090 0.06826978 0.06979574
v 0.00654766 0.06220280 0.07223160
v 0.00343872 0.06228698 0.07193375
v 0.00335574 0.06136551 0.07194868
v 0.00168466 0.06826978 0.07029217
v -0.00012805 0.06572483 0.07065572
v 0.00128693 0.06826978 0.07018915
v 0.00654766 0.06282363 0.07221891
v 0.03829608 0.03392463 0.00996188
v 0.03545135 0.02604957 0.00980070
v 0.03829510 0.03392463 0.00980070
v 0.03748204 0.03392463 0.02308589
v 0.03358800 0.02604957 0.00980070
v 0.03124823 0.02604957 0.06371637
v 0.03579390 0.03392463 0.00980070
v 0.03333995 0.03392463 0.06535300
v 0.03286845 0.03212623 0.06528481
v 0.03267355 0.02604957 0.01177829
v 0.03359391 0.02637873 0.00980070
v 0.03282809 0.03255636 0.06655567
v 0.03115374 0.02604957 0.06442310
v 0.03515703 0.03335651 0.00980070
v 0.03529779 0.03392463 0.01275779
v 0.03317064 0.03392463 0.06691523
v 0.03255937 0.02604957 0.01215025
v 0.03396107 0.03073175 0.00980070
v 0.03378192 0.02929488 0.00980070
v 0.03365297 0.02783719 0.00980070
v 0.03265485 0.03392463 0.06884943
v 0.03089387 0.02604957 0.06563817
v 0.03507730 0.03327326 0.00980070
v 0.02824109 0.03392463 0.07085182
v 0.03240680 0.02604957 0.01288177
v 0.03401323 0.03105782 0.00980070
v 0.03237432 0.03392463 0.06968634
v 0.03037611 0.02604957 0.06716940
v 0.03446209 0.03224108 0.00980070
v 0.03086237 0.03230584 0.03922898
v 0.03121673 0.03294796 0.03978691
v 0.03003553 0.03095530 0.04058043
v 0.02973334 0.03014436 0.03965053
v 0.02971365 0.02866355 0.03386654
v 0.02941441 0.02783719 0.03474685
v 0.02919983 0.02637873 0.03329001
v 0.02917522 0.02604957 0.03329001
v 0.02824109 0.03386296 0.07077742
v 0.02824109 0.03392463 0.07313317
v 0.03262040 0.02738701 0.01337152
v 0.03433314 0.03201677 0.00980070
v 0.02955222 0.02779710 0.03334580
v 0.03232805 0.03392463 0.06979173
v 0.03001978 0.02604957 0.06797532
v 0.02824109 0.02637873 0.06675405
v 0.02824109 0.02787342 0.06677885
v 0.02824109 0.02934575 0.06729339
v 0.02824109 0.03076798 0.06824809
v 0.02824109 0.03209308 0.06914700
v 0.02824109 0.03358546 0.07044886
v 0.02824109 0.02604957 0.06684704
v 0.02952860 0.03392463 0.07299059
v 0.02824109 0.02604957 0.06897342
v 0.02843402 0.02604957 0.06899201
v 0.02862891 0.02604957 0.06900441
v 0.03171973 0.03392463 0.07111839
v 0.02980520 0.02604957 0.06823569
v 0.03149038 0.03392463 0.07148415
v 0.03036332 0.03392463 0.07258143
v 0.02924019 0.02604957 0.06873164
v 0.03107794 0.03392463 0.07198009
v 0.03042631 0.03392463 0.07253184
v -0.01178114 0.04652853 0.05327018
v -0.01178114 0.04517230 0.05327018
v -0.01178114 0.04653630 0.05223421
v -0.01615506 0.04655573 0.05223421
v -0.01615506 0.04651354 0.05327018
v -0.02214239 0.04089046 0.05327018
v -0.01178114 0.04470987 0.04786064
v -0.01615506 0.04656128 0.05077635
v -0.01178114 0.04639030 0.01287679
v -0.01719200 0.04649466 0.05327018
v -0.01178114 0.04457885 0.04630903
v -0.02374994 0.04089046 0.05327018
v -0.01831682 0.04089046 0.03119140
v -0.01761264 0.04645969 0.05223421
v -0.01761264 0.04646691 0.05327018
v -0.01178114 0.04634200 0.00850322
v -0.01178114 0.04457774 0.04626216
v -0.01517787 0.04089046 0.01145175
v -0.01495056 0.04089046 0.00996108
v -0.01438581 0.04089046 0.00539063
v -0.02330353 0.04241545 0.05327018
v -0.02343476 0.04095708 0.05077635
v -0.02343827 0.04089046 0.05071073
v -0.01761264 0.04642361 0.05077635
v -0.01845274 0.04630814 0.05327018
v -0.01178114 0.04625873 0.00708287
v -0.01183855 0.04624984 0.00708756
v -0.01255680 0.04609329 0.00759851
v -0.01282043 0.04620821 0.01141893
v -0.01178114 0.04454999 0.04494493
v -0.01598516 0.04089046 0.00539063
v -0.01178114 0.04414972 0.00539063
v -0.02298600 0.04314102 0.05327018
v -0.02317699 0.04241545 0.05223421
v -0.02323908 0.04095708 0.04931850
v -0.02325080 0.04089046 0.04931850
v -0.01875152 0.04623708 0.05327018
v -0.01178114 0.04623985 0.00690474
v -0.01178114 0.04597505 0.00539063
v -0.01206703 0.04586124 0.00539063
v -0.01323989 0.04520783 0.00539063
v -0.01405305 0.04467656 0.00539063
v -0.01439401 0.04487253 0.00850322
v -0.01447485 0.04498300 0.00996108
v -0.01555749 0.04470487 0.01433465
v -0.02132923 0.04465324 0.05106699
v -0.02149561 0.04475872 0.05327018
v -0.01854764 0.04617434 0.05077635
v -0.02143937 0.04089046 0.03768378
v -0.02142297 0.04096984 0.03768378
v -0.02129525 0.04176648 0.03818536
v -0.01596641 0.04095708 0.00539063
v -0.02287469 0.04338584 0.05327018
v -0.02273174 0.04317211 0.05136231
v -0.02295202 0.04250094 0.05083729
v -0.02287938 0.04210623 0.04931850
v -0.02324143 0.04089046 0.04925287
v -0.01948031 0.04585569 0.05327018
v -0.01415967 0.04454554 0.00539063
v -0.01512280 0.04424188 0.00850322
v -0.02124604 0.04459218 0.05009196
v -0.02222557 0.04411419 0.05327018
v -0.02264855 0.04304443 0.05038728
v -0.01562545 0.04351353 0.00850322
v -0.01554695 0.04233328 0.00539063
v -0.02268722 0.04359624 0.05327018
v -0.01467287 0.04385605 0.00539063
v -0.01530090 0.04292174 0.00539063
v 0.03303737 0.00644136 0.00980070
v 0.03294387 0.00742791 0.00980070
v 0.03505777 0.00644136 0.00980070
v 0.03260577 0.00644136 0.01054020
v 0.03287505 0.00888471 0.00980070
v 0.03583496 0.01325894 0.00980070
v 0.03581775 0.00644136 0.01967303
v 0.03122418 0.01978285 0.01505732
v 0.03180015 0.01617445 0.01288195
v 0.03259081 0.00742791 0.01049090
v 0.02916189 0.00644136 0.04494547
v 0.02909083 0.00742791 0.04494547
v 0.03288104 0.00904210 0.00980070
v 0.03258706 0.00888471 0.01044776
v 0.03227439 0.02346227 0.01153236
v 0.03587759 0.01455643 0.00980070
v 0.03581775 0.00644136 0.01971001
v 0.03588283 0.01471765 0.00980070
v 0.02909008 0.02491907 0.03328601
v 0.03121819 0.02054676 0.01501418
v 0.03121670 0.02131259 0.01500802
v 0.03181362 0.02346227 0.01288195
v 0.02824108 0.00644136 0.06917645
v 0.03351984 0.02491907 0.00980070
v 0.03238286 0.02491907 0.01166178
v 0.03358791 0.02604957 0.00980070
v 0.03552004 0.02491907 0.00980070
v 0.03416015 0.01407659 0.04132808
v 0.03378763 0.01180214 0.04932085
v 0.03374051 0.01034342 0.05077520
v 0.03362457 0.00888471 0.05223572
v 0.03352059 0.00742791 0.05077520
v 0.03322662 0.00644136 0.05086148
v 0.02917536 0.02604957 0.03328601
v 0.03031683 0.02346227 0.02308706
v 0.02827026 0.01901703 0.06231142
v 0.02824782 0.02024926 0.06271198
v 0.02824108 0.02604957 0.06684702
v 0.03046494 0.02491907 0.02308706
v 0.03207617 0.02491907 0.01288195
v 0.02824108 0.00644136 0.07125938
v 0.03257510 0.02593057 0.01190211
v 0.03545197 0.02604957 0.00980070
v 0.03267309 0.02604957 0.01177886
v 0.03209188 0.01617445 0.06973107
v 0.03219585 0.01325894 0.07118543
v 0.03218164 0.01180214 0.07118543
v 0.03201483 0.01034342 0.07118543
v 0.03128103 0.00644136 0.07033500
v 0.03240604 0.02604957 0.01288195
v 0.02824108 0.02604957 0.06897309
v 0.02903922 0.00644136 0.07132716
v 0.02824108 0.00709394 0.07169691
v 0.03255864 0.02604957 0.01214861
v 0.03124811 0.02604957 0.06371647
v 0.03141118 0.02207073 0.06831369
v 0.03189216 0.01763125 0.06973107
v 0.03205522 0.01471765 0.07118543
v 0.03167748 0.01325894 0.07233165
v 0.03171188 0.01180214 0.07231316
v 0.03156827 0.01034342 0.07215910
v 0.03136107 0.00926666 0.07201736
v 0.03158173 0.00882329 0.07128402
v 0.03139622 0.00742791 0.07084649
v 0.03128177 0.00657188 0.07056918
v 0.03122941 0.00644136 0.07049522
v 0.02824108 0.02596128 0.06906552
v 0.02843407 0.02604957 0.06899157
v 0.02903922 0.00710162 0.07169691
v 0.02952393 0.00644136 0.07121624
v 0.03011487 0.00794998 0.07201120
v 0.02824108 0.00782330 0.07205434
v 0.03115386 0.02604957 0.06442515
v 0.03130197 0.02296132 0.06785767
v 0.03133788 0.02162928 0.06918877
v 0.03150992 0.01763125 0.07094509
v 0.03165130 0.01629153 0.07132100
v 0.03150768 0.01471765 0.07217143
v 0.03049636 0.01325894 0.07273837
v 0.03049636 0.01180214 0.07275687
v 0.03049636 0.01034342 0.07257199
v 0.03055919 0.00882329 0.07218992
v 0.03108729 0.00829546 0.07183249
v 0.03107607 0.00644136 0.07061847
v 0.02855899 0.02598431 0.06907168
v 0.02824108 0.02009379 0.07055685
v 0.02903922 0.01325894 0.07252269
v 0.02903922 0.01908804 0.07103753
v 0.03049636 0.01471765 0.07241177
v 0.02862856 0.02604957 0.06901006
v 0.02903922 0.00783098 0.07205434
v 0.03047466 0.00644136 0.07099438
v 0.02903922 0.00888471 0.07240560
v 0.03055919 0.00744903 0.07154901
v 0.02824108 0.00830122 0.07221456
v 0.03089430 0.02604957 0.06563300
v 0.03116134 0.02260240 0.06883135
v 0.02992562 0.02451024 0.06913947
v 0.03115461 0.01972719 0.07039046
v 0.03135209 0.01875599 0.07063696
v 0.03132666 0.01588463 0.07201736
v 0.02903922 0.01180214 0.07267675
v 0.02903922 0.01034342 0.07266443
v 0.02953067 0.02548144 0.06886832
v 0.03049636 0.01594029 0.07204817
v 0.02824108 0.01321863 0.07228851
v 0.02824108 0.01246240 0.07243641
v 0.02923969 0.02604957 0.06873275
v 0.02824108 0.00888471 0.07235630
v 0.03037593 0.02604957 0.06716747
v 0.03001987 0.02604957 0.06797476
v 0.02980444 0.02604957 0.06823359
v 0.02824108 0.01180214 0.07250420
v 0.02824108 0.01100369 0.07254118
v 0.02824108 0.01034342 0.07253502
v 0.02824108 0.00954689 0.07247339
v -0.01178114 0.04415014 0.00539063
v 0.01300487 0.04377992 0.04494493
v -0.00886514 0.04430957 0.04348708
v -0.01032314 0.04440567 0.04348708
v -0.01178114 0.04455048 0.04494493
v -0.01178114 0.04597513 0.00539063
v 0.03652197 0.04347214 0.00539063
v 0.03651202 0.04347214 0.00543282
v 0.03648216 0.04347214 0.00558751
v 0.03518837 0.04347214 0.01579250
v 0.03318797 0.04347214 0.03619780
v 0.03151600 0.04347214 0.05327018
v -0.00886514 0.04434234 0.04494493
v -0.00740714 0.04430337 0.04494493
v -0.01178114 0.04457926 0.04630903
v -0.01178114 0.04623996 0.00690474
v -0.01133330 0.04615493 0.00539063
v 0.03905481 0.04347214 0.00539063
v -0.01178114 0.04517269 0.05327018
v -0.01109444 0.04459786 0.04861535
v -0.00740714 0.04436625 0.04640279
v 0.03444195 0.04347214 0.05327018
v -0.01128353 0.04458812 0.04786064
v -0.01178114 0.04471035 0.04786064
v -0.01178114 0.04625900 0.00708287
v -0.01032314 0.04648707 0.00704537
v -0.01122382 0.04616910 0.00539063
v 0.03893041 0.04373431 0.00539063
v 0.03904486 0.04347214 0.00558751
v -0.01178114 0.04652870 0.05327018
v 0.03856218 0.04347214 0.01166738
v 0.03442205 0.04350801 0.05327018
v -0.01178114 0.04634181 0.00850322
v -0.01032314 0.04627494 0.00539063
v -0.01178114 0.04639008 0.01287679
v -0.00741212 0.04702735 0.05327018
v -0.00594914 0.04712832 0.05327018
v -0.00296845 0.04724080 0.05327018
v 0.02174790 0.04799630 0.03911351
v 0.03195390 0.04758047 0.00619222
v 0.03893539 0.04370109 0.00558751
v 0.03837806 0.04436891 0.00539063
v 0.03706934 0.04607566 0.00772039
v 0.03706934 0.04607566 0.00780945
v 0.03735796 0.04503496 0.01287679
v 0.03858208 0.04347214 0.01141893
v -0.01178114 0.04653622 0.05223421
v 0.03386970 0.04562572 0.04494493
v 0.03313821 0.04650744 0.04494493
v 0.03362090 0.04423694 0.05327018
v 0.03195390 0.04709112 0.00539063
v -0.00160997 0.04728287 0.05327018
v 0.02174790 0.04799409 0.04057136
v 0.03293420 0.04762209 0.02846319
v 0.03341190 0.04761014 0.00704537
v 0.03341190 0.04759154 0.00620159
v 0.03831337 0.04444198 0.00539063
v 0.03690513 0.04594059 0.00674536
v 0.03638264 0.04641843 0.00715787
v 0.03494952 0.04722486 0.00704537
v 0.03824370 0.04450265 0.00539063
v 0.03475048 0.04722087 0.01277835
v 0.03606915 0.04651275 0.01287679
v 0.03268041 0.04751847 0.03839630
v 0.03341190 0.04437644 0.05327018
v 0.03187428 0.04722353 0.04486993
v 0.03289438 0.04471743 0.05327018
v 0.03203352 0.04708580 0.00539063
v -0.00157514 0.04728376 0.05327018
v 0.02551481 0.04753175 0.04738251
v 0.03134184 0.04754415 0.04433085
v 0.03193400 0.04757161 0.03897288
v 0.03418817 0.04753175 0.01222052
v 0.03421803 0.04755035 0.00704537
v 0.03421803 0.04755257 0.00627191
v 0.03760676 0.04499820 0.00539063
v 0.02997341 0.04614829 0.05327018
v 0.03103332 0.04563724 0.05327018
v 0.03195390 0.04518331 0.05327018
v 0.03225247 0.04503584 0.05327018
v 0.03348654 0.04690512 0.00539063
v 0.02612190 0.04672621 0.05327018
v 0.02653989 0.04670451 0.05327018
v 0.02757990 0.04664782 0.05327018
v 0.02903790 0.04640425 0.05327018
v 0.03469076 0.04659379 0.00539063
v 0.03657173 0.04557302 0.00539063
v -0.01202045 0.03392463 0.00539532
v -0.01351176 0.03392463 0.00539063
v -0.01202405 0.03392872 0.00539063
v -0.01438519 0.04088978 0.00539063
v -0.01424602 0.03392463 0.02570686
v -0.01449437 0.03392463 0.00539063
v -0.01598448 0.04088978 0.00539063
v -0.01495028 0.04088978 0.00996108
v -0.01428081 0.03392463 0.02599749
v -0.01523702 0.03456694 0.00539063
v -0.01496468 0.03392463 0.00821728
v -0.01544698 0.03437875 0.00769695
v -0.01602287 0.04075545 0.00539063
v -0.02143981 0.04088978 0.03768378
v -0.01517824 0.04088978 0.01145175
v -0.01578412 0.03392463 0.03765565
v -0.01534260 0.03466785 0.00539063
v -0.01501027 0.03392463 0.00850322
v -0.01594369 0.03529584 0.00539063
v -0.01550937 0.03432761 0.00850322
v -0.01694549 0.03434397 0.01767693
v -0.01634441 0.03949879 0.00539063
v -0.01691429 0.03888444 0.00753757
v -0.02171935 0.03949879 0.03765565
v -0.02324066 0.04088978 0.04925287
v -0.01727302 0.03804099 0.00850322
v -0.01831682 0.04088978 0.03119140
v -0.01822564 0.03392463 0.05327018
v -0.02000849 0.03392463 0.04348708
v -0.01692029 0.03580382 0.00903761
v -0.01680512 0.03599474 0.00806727
v -0.01713025 0.03652182 0.00853135
v -0.01641639 0.03641204 0.00539063
v -0.02271636 0.03585292 0.04711531
v -0.01848239 0.03566063 0.02016607
v -0.02022924 0.03408623 0.04348708
v -0.02095750 0.03463785 0.04348708
v -0.02170616 0.03536676 0.04348708
v -0.01637440 0.03929765 0.00539063
v -0.01699828 0.03804099 0.00728912
v -0.02418727 0.03886876 0.05286236
v -0.02420887 0.03910059 0.05327018
v -0.02325025 0.04088978 0.04931850
v -0.02427725 0.03804099 0.05327018
v -0.01700668 0.03696639 0.00736881
v -0.02419567 0.03725958 0.05284829
v -0.02427005 0.03765233 0.05327018
v -0.02214167 0.04088978 0.05327018
v -0.02085072 0.03392463 0.05327018
v -0.02004448 0.03392463 0.04379177
v -0.02265757 0.03597702 0.04614028
v -0.01648718 0.03658387 0.00539063
v -0.02294911 0.03561563 0.05077635
v -0.02361258 0.03614543 0.05327018
v -0.02382014 0.03648500 0.05327018
v -0.02401930 0.03682320 0.05327018
v -0.02423046 0.03719003 0.05327018
v -0.02104269 0.03456967 0.04494493
v -0.02304029 0.03553722 0.05223421
v -0.01650397 0.03804099 0.00539063
v -0.01650757 0.03783984 0.00539063
v -0.02375775 0.04086659 0.05327018
v -0.02343742 0.04088978 0.05071073
v -0.02375055 0.04088978 0.05327018
v -0.02097070 0.03399964 0.05327018
v -0.02082433 0.03392463 0.05223421
v -0.02015846 0.03392463 0.04494493
v -0.02128264 0.03437943 0.04978726
v -0.02212128 0.03480832 0.05223421
v -0.02112187 0.03451648 0.04640279
v -0.02309428 0.03550654 0.05327018
v -0.02142541 0.03428465 0.05327018
v -0.02139302 0.03430306 0.05223421
v -0.02132823 0.03434738 0.05077635
v -0.02078234 0.03392463 0.05177013
v -0.02194371 0.03463103 0.05327018
v -0.02215367 0.03477763 0.05327018
v 0.03608031 0.03392557 0.00539063
v 0.03651300 0.04347120 0.00543282
v 0.03652139 0.04347120 0.00539063
v 0.03873054 0.03392557 0.00539063
v 0.03575486 0.03392557 0.00704537
v 0.03648409 0.04347120 0.00558751
v 0.03905413 0.04347120 0.00539063
v 0.03881167 0.03398631 0.00539063
v 0.03748189 0.03392557 0.02308178
v 0.03519348 0.04347120 0.01579250
v 0.03218329 0.03392557 0.03934320
v 0.03957261 0.04239552 0.00539063
v 0.03904480 0.04347120 0.00558751
v 0.03904107 0.03416201 0.00539063
v 0.03966959 0.03466294 0.00539063
v 0.04026454 0.03529190 0.00539063
v 0.04035127 0.03540124 0.00558751
v 0.04000344 0.03581526 0.01240803
v 0.03579123 0.03565264 0.05223421
v 0.03411455 0.03392557 0.05327018
v 0.03151747 0.04347120 0.05327018
v 0.03175526 0.03392557 0.04649654
v 0.04025056 0.04087405 0.00539063
v 0.03865874 0.04336934 0.01141893
v 0.03850021 0.04311794 0.01487372
v 0.03858507 0.04347120 0.01141893
v 0.04035873 0.03539190 0.00539063
v 0.04044732 0.03557040 0.00539063
v 0.04086229 0.03660029 0.00539063
v 0.04036246 0.03658440 0.01141893
v 0.03610642 0.03658440 0.05327018
v 0.03572688 0.03571993 0.05327018
v 0.03224670 0.03392557 0.05327018
v 0.03175153 0.03392557 0.04786064
v 0.03175899 0.03392557 0.04803409
v 0.03444466 0.04347120 0.05327018
v 0.04084178 0.03948529 0.00539063
v 0.03856269 0.04347120 0.01166738
v 0.03851886 0.04024042 0.02824287
v 0.03722265 0.04336934 0.02599749
v 0.03517669 0.04241421 0.05223421
v 0.03558328 0.04167404 0.05223421
v 0.03585464 0.04085256 0.05327018
v 0.04089959 0.03682926 0.00539063
v 0.04104320 0.03804139 0.00539063
v 0.03998199 0.03727972 0.01659878
v 0.03636939 0.03804139 0.05327018
v 0.03506479 0.04241421 0.05327018
v 0.04049581 0.03804139 0.01141893
v 0.04101802 0.03823204 0.00539063
v 0.03864941 0.03955632 0.02880539
v 0.03878743 0.03949837 0.02745535
v 0.03612694 0.03991612 0.05327018
v 0.03624537 0.03949837 0.05327018
v 0.03551147 0.04158151 0.05327018
v 0.03858787 0.03910866 0.03001011
v 0.03633955 0.03846288 0.05327018
v -0.00135718 0.02818460 -0.03695461
v -0.00138962 0.02784136 -0.03695461
v -0.00137205 0.02929435 -0.03695461
v -0.00720317 0.02699548 -0.00024608
v -0.00153966 0.02699548 -0.03695461
v -0.00139773 0.02958264 -0.03695461
v -0.00730184 0.02783661 -0.00024608
v -0.00894277 0.02699548 0.00850080
v -0.00325358 0.02699548 -0.03695461
v -0.00157345 0.03077718 -0.03695461
v -0.00778709 0.02939542 -0.00019574
v -0.00959698 0.03000863 0.00776388
v -0.00164509 0.03102070 -0.03695461
v -0.00200328 0.03220167 -0.03695461
v -0.00945641 0.02783661 0.00953523
v -0.00933746 0.02713454 0.00980070
v -0.00930097 0.02699548 0.00980070
v -0.00592449 0.03392463 -0.03695461
v -0.00530001 0.02699548 -0.03460655
v -0.00951724 0.03026979 0.00679353
v -0.00982947 0.03075344 0.00718259
v -0.01101624 0.03155319 0.00980070
v -0.01064318 0.03085654 0.00980070
v -0.00996599 0.02915732 0.00980070
v -0.00995788 0.02913426 0.00980070
v -0.00959158 0.02856921 0.00923314
v -0.00233985 0.03287186 -0.03695461
v -0.00972539 0.03123912 0.00558517
v -0.01123791 0.02699548 0.00980070
v -0.00695987 0.03392463 -0.03515580
v -0.00336172 0.03392463 -0.03695461
v -0.00556900 0.02699548 -0.03379182
v -0.00757758 0.03392463 -0.03394286
v -0.00715451 0.03392463 -0.03478048
v -0.01134199 0.03207008 0.00980070
v -0.00299947 0.03358547 -0.03695461
v -0.01095541 0.03303263 0.00521442
v -0.01051612 0.03233056 0.00565383
v -0.01061479 0.03202666 0.00704069
v -0.01516453 0.03392463 0.00980070
v -0.01137578 0.02699548 0.00412507
v -0.00312517 0.03371164 -0.03695461
v -0.01271394 0.03392463 0.00980070
v -0.00959698 0.03392463 -0.02747996
v -0.00948074 0.03392463 -0.02789191
v -0.00929286 0.03392463 -0.02853270
v -0.00763165 0.03392463 -0.03377351
v -0.00754109 0.02699548 -0.02506325
v -0.00990787 0.03392463 -0.02621668
v -0.01141769 0.03218132 0.00980070
v -0.00306029 0.03365127 -0.03695461
v -0.01219895 0.03332838 0.00980070
v -0.01509153 0.03392463 0.00910498
v -0.01124738 0.02699548 0.00294875
v -0.00768707 0.02699548 -0.02440414
v -0.01016198 0.03392463 -0.02493966
v -0.01168667 0.03392463 -0.01627975
v -0.00905631 0.02699548 -0.01481964
v -0.01167315 0.03392463 -0.01635756
v 0.03732343 0.00842753 -0.03589041
v 0.03724224 0.00842753 -0.03666596
v 0.03582322 0.00842753 -0.03589041
v 0.03668770 0.00447325 -0.03589041
v 0.03711350 0.00366547 -0.03706729
v 0.03715014 0.00358007 -0.03814925
v 0.03713232 0.00362629 -0.03960814
v 0.03708974 0.00372737 -0.04046775
v 0.03708974 0.00385508 -0.04046775
v 0.03706894 0.00842753 -0.03814925
v 0.02720815 0.00182505 -0.03589041
v 0.03142755 0.00842753 -0.04352924
v 0.03633815 0.00308960 -0.03589041
v 0.03647876 0.00285142 -0.03814925
v 0.03603910 0.00268454 -0.03589041
v 0.03645995 0.00289765 -0.03960814
v 0.03560537 0.00232022 -0.04035386
v 0.03626883 0.00309822 -0.04089619
v 0.03413090 0.00233353 -0.04469527
v 0.03597770 0.00338341 -0.04252321
v 0.03270793 0.00375635 -0.05205209
v 0.03278913 0.00504050 -0.05383909
v 0.03263564 0.00552783 -0.05480987
v 0.03300005 0.00842753 -0.05697651
v 0.03687882 0.00842753 -0.03952950
v 0.03691744 0.00842753 -0.03930715
v 0.02720815 0.00043591 -0.03589041
v 0.03106909 0.00842753 -0.04424513
v 0.03103542 0.00842753 -0.04432106
v 0.03099086 0.00842753 -0.04444308
v 0.03063536 0.00842753 -0.04543828
v 0.02833009 0.00665763 -0.04773236
v 0.02720815 0.00842753 -0.06058849
v 0.03574994 0.00225518 -0.03814925
v 0.03573014 0.00226302 -0.03960814
v 0.03563904 0.00229906 -0.03589041
v 0.03431311 0.00221836 -0.04372449
v 0.03290796 0.00214079 -0.04689716
v 0.03274457 0.00225910 -0.04777304
v 0.03134438 0.00223246 -0.05078573
v 0.03194446 0.00343982 -0.05261341
v 0.03145132 0.00361611 -0.05383909
v 0.03109979 0.00383940 -0.05480987
v 0.03204348 0.00443956 -0.05432448
v 0.03166422 0.00481093 -0.05535493
v 0.03152064 0.00842753 -0.05956347
v 0.03174245 0.00842753 -0.05925162
v 0.03228906 0.00842753 -0.05841100
v 0.03244156 0.00842753 -0.05816423
v 0.03259901 0.00825282 -0.05767884
v 0.03276636 0.00842753 -0.05751072
v 0.02758147 0.00042338 -0.03589041
v 0.02720815 0.00205226 -0.05163991
v 0.02720815 0.00842753 -0.06359033
v 0.03486962 0.00196372 -0.03814925
v 0.03486962 0.00196999 -0.03589041
v 0.03486962 0.00199820 -0.03960814
v 0.03447155 0.00214628 -0.04252321
v 0.03321989 0.00207028 -0.04543828
v 0.03195436 0.00184777 -0.04689716
v 0.03151965 0.00213766 -0.04980952
v 0.03049673 0.00192142 -0.04980952
v 0.03041355 0.00217840 -0.05126841
v 0.02987189 0.00230063 -0.05206022
v 0.03084331 0.00243068 -0.05175651
v 0.03056704 0.00343512 -0.05426754
v 0.03012836 0.00366860 -0.05510545
v 0.02720815 0.00802874 -0.06306968
v 0.02720815 0.00831079 -0.06346559
v 0.02758147 0.00840168 -0.06333814
v 0.02843802 0.00808045 -0.06230770
v 0.02869350 0.00842753 -0.06257344
v 0.02936489 0.00842753 -0.06199585
v 0.02954412 0.00842753 -0.06182501
v 0.03018480 0.00842753 -0.06116879
v 0.03048386 0.00842753 -0.06084339
v 0.03086708 0.00842753 -0.06039324
v 0.02838158 0.00048136 -0.03589041
v 0.02758147 0.00201544 -0.05126841
v 0.02720815 0.00218624 -0.05275170
v 0.02757751 0.00842753 -0.06337339
v 0.02720815 0.00840952 -0.06357406
v 0.03421111 0.00178117 -0.03589041
v 0.03341199 0.00156101 -0.03589041
v 0.03036404 0.00077438 -0.03589041
v 0.02909851 0.00053777 -0.03589041
v 0.02903910 0.00205147 -0.05126841
v 0.02720815 0.00225675 -0.05331031
v 0.02903910 0.00223951 -0.05226902
v 0.02720815 0.00241110 -0.05370079
v 0.02903910 0.00355970 -0.05528442
v 0.02720815 0.00655734 -0.06087863
v 0.02720815 0.00661532 -0.06097083
v 0.02765871 0.00842753 -0.06331645
v 0.02756067 0.00219564 -0.05275984
v 0.02720815 0.00342964 -0.05555288
v 0.02720815 0.00501778 -0.05826728
v 0.02720815 0.00182515 -0.03589041
v 0.01951933 0.00238683 -0.03589041
v 0.02720815 0.00043584 -0.03589041
v 0.02720815 0.00842753 -0.06058803
v 0.01803428 0.00245566 -0.03589041
v 0.02692260 0.00044601 -0.03589041
v 0.01745267 0.00196987 -0.04981228
v 0.02612230 0.00215918 -0.05272431
v 0.02720815 0.00205201 -0.05163914
v 0.02720815 0.00842753 -0.06359127
v 0.01745267 0.00842753 -0.06323866
v 0.01745267 0.00247913 -0.03589041
v 0.02612230 0.00047495 -0.03589041
v 0.01745267 0.00216466 -0.05110111
v 0.02612230 0.00228278 -0.05355719
v 0.02466494 0.00053362 -0.03589041
v 0.02400694 0.00056022 -0.03589041
v 0.01745267 0.00084340 -0.03604544
v 0.02706012 0.00228278 -0.05353895
v 0.02720815 0.00225697 -0.05331098
v 0.02720815 0.00218656 -0.05275167
v 0.02720815 0.00840954 -0.06357303
v 0.02333556 0.00842753 -0.06595616
v 0.01745267 0.00842753 -0.06619326
v 0.01745267 0.00083558 -0.03589041
v 0.01745267 0.00362829 -0.05567587
v 0.01805720 0.00377692 -0.05639020
v 0.01883363 0.00372764 -0.05655131
v 0.02029193 0.00363690 -0.05685527
v 0.02171395 0.00358996 -0.05720788
v 0.02519307 0.00231016 -0.05350552
v 0.02217618 0.00375346 -0.05788877
v 0.02262790 0.00375346 -0.05788877
v 0.01771244 0.00082228 -0.03589041
v 0.02320664 0.00646403 -0.06262160
v 0.02720815 0.00342959 -0.05555428
v 0.02720815 0.00241107 -0.05370006
v 0.02720815 0.00831098 -0.06346360
v 0.02294783 0.00798946 -0.06542725
v 0.02175024 0.00842753 -0.06667961
v 0.02676789 0.00820459 -0.06361255
v 0.02717663 0.00657824 -0.06093760
v 0.01763890 0.00842753 -0.06628141
v 0.01745267 0.00786273 -0.06552148
v 0.01745267 0.00453416 -0.05849064
v 0.01745267 0.00455607 -0.05855751
v 0.01745267 0.00496598 -0.05970348
v 0.01745267 0.00499023 -0.05977036
v 0.01798557 0.00668776 -0.06367942
v 0.01944388 0.00812558 -0.06661882
v 0.01992234 0.00812558 -0.06661882
v 0.02089455 0.00818503 -0.06655194
v 0.02175024 0.00827108 -0.06642427
v 0.02720815 0.00501761 -0.05826874
v 0.02432782 0.00660015 -0.06238146
v 0.02612230 0.00642883 -0.06122030
v 0.02720815 0.00802858 -0.06306844
v 0.02061759 0.00842753 -0.06688023
v 0.02720815 0.00661501 -0.06097104
v 0.02720815 0.00655712 -0.06087985
v 0.01829118 0.00842753 -0.06653370
v 0.01847168 0.00827421 -0.06644859
v 0.01745267 0.00708594 -0.06425088
v 0.01745267 0.00673000 -0.06363079
v 0.01859583 0.00842753 -0.06663401
v 0.01928439 0.00842753 -0.06685287
v 0.02017447 0.00842753 -0.06694406
v 0.01292502 0.02577793 0.06447271
v 0.01243906 0.02577793 0.06449258
v 0.01227091 0.02710966 0.06462909
v 0.01228754 0.02710966 0.06462909
v 0.01286589 0.02643104 0.06456256
v 0.01446051 0.02592705 0.06458157
v 0.01446051 0.02577793 0.06456342
v 0.01195310 0.02577793 0.06455046
v 0.01204549 0.02637920 0.06458848
v 0.01168887 0.02769260 0.06505157
v 0.01154474 0.02891269 0.06577818
v 0.01300262 0.02896691 0.06575831
v 0.00936439 0.02637920 0.06521314
v 0.00936439 0.02783693 0.06560884
v 0.00936439 0.02822051 0.06579633
v 0.00936439 0.02865272 0.06601751
v 0.01325946 0.02695097 0.06469821
v 0.01286589 0.02769260 0.06499023
v 0.02824108 0.02934570 0.06729706
v 0.02824108 0.02787362 0.06678472
v 0.01494462 0.02577793 0.06460749
v 0.00936439 0.02577793 0.06520623
v 0.00936439 0.02901396 0.06624905
v 0.00936439 0.02992943 0.06689963
v 0.00936439 0.03075878 0.06753120
v 0.00936439 0.03162959 0.06821720
v 0.00936439 0.03367663 0.06984580
v 0.00936439 0.03392463 0.07004883
v 0.01591839 0.02878749 0.06589136
v 0.01737627 0.03392463 0.07021990
v 0.01883230 0.03392463 0.07025705
v 0.02824108 0.03209370 0.06915030
v 0.02824108 0.03076755 0.06825003
v 0.02824108 0.02637920 0.06675966
v 0.01516081 0.02577793 0.06463773
v 0.00936439 0.02577793 0.06671646
v 0.00936439 0.03392463 0.07215090
v 0.02824108 0.03392463 0.07085579
v 0.02824108 0.03358572 0.07045058
v 0.02824108 0.02577793 0.06692987
v 0.01531971 0.02577793 0.06466537
v 0.01883230 0.02577793 0.06826731
v 0.02114939 0.02577793 0.06861635
v 0.02320594 0.03392463 0.07322569
v 0.02824108 0.03392463 0.07313238
v 0.02824108 0.02577793 0.06910019
v 0.02757959 0.02577793 0.06908031
v 0.02466383 0.03392463 0.07329913
v 0.00936439 0.00549334 0.06638346
v 0.01446051 0.00549334 0.06630036
v 0.00936439 0.00549334 0.06807052
v 0.00936439 0.02200336 0.06530717
v 0.01195679 0.02346275 0.06449552
v 0.01224135 0.02103440 0.06461412
v 0.01235406 0.02006147 0.06466656
v 0.01290469 0.02054794 0.06452860
v 0.01332598 0.01964053 0.06455280
v 0.01529754 0.00796141 0.06604622
v 0.01520885 0.00549334 0.06636975
v 0.01390433 0.01964053 0.06455280
v 0.00936439 0.00596988 0.06823188
v 0.02136188 0.00549334 0.06991893
v 0.02174806 0.00571573 0.07014403
v 0.02174806 0.00644443 0.07059827
v 0.02083527 0.00660129 0.07050791
v 0.02641180 0.00792964 0.07202391
v 0.00936439 0.02346275 0.06523375
v 0.00936439 0.02492016 0.06518373
v 0.01182376 0.02492016 0.06449552
v 0.01300262 0.02346275 0.06430349
v 0.02456035 0.00549334 0.06736859
v 0.01591839 0.00549334 0.06643672
v 0.01399672 0.02054595 0.06451569
v 0.02466383 0.00549334 0.06738553
v 0.02600530 0.00896412 0.07206022
v 0.00936439 0.00894228 0.06850700
v 0.02792881 0.00549334 0.07067250
v 0.02612171 0.00609298 0.07093068
v 0.02466383 0.00620815 0.07082660
v 0.02757959 0.00708775 0.07169957
v 0.02757959 0.00781646 0.07206345
v 0.02824108 0.00830094 0.07221997
v 0.02824108 0.00888470 0.07235955
v 0.02757959 0.00888470 0.07231759
v 0.00936439 0.02577793 0.06520552
v 0.01195310 0.02577793 0.06455038
v 0.01243906 0.02577793 0.06449229
v 0.01300262 0.02492016 0.06435513
v 0.01446051 0.02492016 0.06445840
v 0.01456028 0.02344091 0.06445518
v 0.02824108 0.00549334 0.06812780
v 0.02824108 0.02577793 0.06692968
v 0.02757959 0.01034409 0.07243136
v 0.02174806 0.01180150 0.07126873
v 0.00936439 0.01034409 0.06859898
v 0.02801566 0.00549334 0.07068057
v 0.02824108 0.00549334 0.07069912
v 0.02824108 0.00709371 0.07170118
v 0.02824108 0.00782242 0.07206022
v 0.02824108 0.00954589 0.07247654
v 0.00936439 0.02577793 0.06671587
v 0.01292502 0.02577793 0.06447292
v 0.01446051 0.02577793 0.06456329
v 0.01523287 0.02568858 0.06462219
v 0.01528830 0.02492016 0.06459798
v 0.01531971 0.02577793 0.06466495
v 0.02824108 0.02577793 0.06910001
v 0.02824108 0.01034409 0.07253866
v 0.02824108 0.01100330 0.07254511
v 0.02174806 0.01325891 0.07128971
v 0.00936439 0.01104897 0.06856913
v 0.02094614 0.01703546 0.07049419
v 0.01940511 0.02296835 0.06905483
v 0.01883230 0.02577793 0.06826738
v 0.00936439 0.01255006 0.06844569
v 0.02174806 0.01471632 0.07105977
v 0.01494462 0.02577793 0.06460766
v 0.01516081 0.02577793 0.06463751
v 0.02790849 0.02577793 0.06909033
v 0.02824108 0.02009523 0.07055712
v 0.02824108 0.01180150 0.07250881
v 0.00936439 0.01175980 0.06852798
v 0.02824108 0.01246071 0.07243781
v 0.02824108 0.01321920 0.07228855
v 0.02029018 0.02319867 0.06912099
v 0.02114939 0.02577793 0.06861512
v 0.02757959 0.02577793 0.06908065
v 0.03629742 0.02421746 -0.03588594
v 0.03795895 0.02421746 -0.03588594
v 0.03618873 0.02421746 -0.03554603
v 0.03628880 0.02492155 -0.03588594
v 0.03856111 0.02696732 -0.03588594
v 0.03872415 0.02421746 -0.03085885
v 0.03608779 0.02421746 -0.03522849
v 0.03610159 0.02492155 -0.03522849
v 0.03681676 0.03075194 -0.03588594
v 0.03984737 0.03392463 -0.03588594
v 0.03999402 0.03392463 -0.03522849
v 0.04057375 0.03392463 -0.03232136
v 0.04075405 0.03392463 -0.03118981
v 0.04078252 0.03392463 -0.03085885
v 0.04087569 0.03392463 -0.02976756
v 0.04159516 0.03392463 -0.02065259
v 0.04167798 0.03392463 -0.01944501
v 0.03878972 0.02421746 -0.02940081
v 0.03301836 0.02421746 0.00266705
v 0.03690562 0.03154725 -0.03588594
v 0.03303993 0.02492155 0.00266705
v 0.03798656 0.03392463 -0.03588594
v 0.04183154 0.03392463 -0.01342055
v 0.04183068 0.03392463 -0.01336241
v 0.03788649 0.02421746 -0.00607669
v 0.03352303 0.02421746 0.00980070
v 0.03352131 0.02492060 0.00980070
v 0.03345661 0.02929339 0.00704116
v 0.03694961 0.03178005 -0.03588594
v 0.03344194 0.02929339 0.00558313
v 0.03357566 0.03075194 0.00704116
v 0.03763976 0.03327755 -0.03588594
v 0.03391038 0.03192448 0.00704116
v 0.03434603 0.03265328 0.00704116
v 0.03507500 0.03338017 0.00704116
v 0.03503963 0.03341913 0.00849920
v 0.03566680 0.03392463 0.00849920
v 0.04163140 0.03392463 -0.01190884
v 0.03771999 0.02421746 -0.00461866
v 0.03782265 0.02421746 -0.00537451
v 0.03548305 0.02421746 0.00980070
v 0.03365416 0.02783675 0.00980070
v 0.03370506 0.03075194 0.00849920
v 0.03701173 0.03191593 -0.03588594
v 0.03391642 0.03193018 0.00849920
v 0.03431066 0.03265898 0.00849920
v 0.03507759 0.03327280 0.00980070
v 0.03515782 0.03335642 0.00980070
v 0.03579448 0.03392463 0.00980070
v 0.04018985 0.03392463 -0.00190385
v 0.03582554 0.02421746 0.00849920
v 0.03567802 0.02421746 0.00942948
v 0.03829540 0.03392463 0.00980070
v 0.03378270 0.02929339 0.00980070
v 0.03396128 0.03073199 0.00980070
v 0.03405099 0.03168788 0.00948315
v 0.03446250 0.03224089 0.00980070
v 0.04015880 0.03392463 -0.00170258
v 0.03401390 0.03105790 0.00980070
v 0.03433482 0.03201665 0.00980070
v 0.01736270 0.04548973 0.00538594
v 0.01438860 0.04615339 0.00538594
v 0.01736270 0.04414205 0.00538594
v 0.01736270 0.04848519 -0.03838093
v 0.01319706 0.04628451 0.00538594
v -0.01240048 0.04375294 0.00538594
v 0.01736270 0.04392714 -0.00170432
v 0.01736270 0.04704000 -0.03838093
v 0.00425262 0.04858886 -0.03838093
v 0.00425262 0.04858034 -0.03814530
v 0.01154408 0.04637682 0.00538594
v 0.01300110 0.04630202 0.00538594
v -0.01473615 0.04375294 0.00538594
v -0.01078858 0.04375294 -0.00230411
v 0.01736270 0.04376288 -0.00899166
v -0.00636061 0.04376004 -0.03838093
v 0.01736270 0.04699172 -0.03814530
v 0.00302947 0.04858034 -0.03838093
v 0.00279559 0.04856992 -0.03814530
v -0.01032082 0.04627504 0.00538594
v 0.00736895 0.04638865 0.00538594
v 0.01008389 0.04638108 0.00538594
v -0.01466978 0.04385661 0.00538594
v -0.01492578 0.04375294 0.00408356
v -0.00974875 0.04375294 -0.00831477
v 0.01736270 0.04376478 -0.01045256
v -0.00796619 0.04375294 -0.02216542
v -0.00778603 0.04375294 -0.02356634
v -0.00644595 0.04375294 -0.03814530
v -0.00753003 0.04375294 -0.03838093
v 0.01736270 0.04677823 -0.03670154
v 0.01736270 0.04454394 -0.02026326
v 0.01736270 0.04423152 -0.01774846
v 0.01736270 0.04405116 -0.01629614
v 0.01736270 0.04393945 -0.01483953
v 0.01736270 0.04387365 -0.01337863
v 0.01736270 0.04381495 -0.01192202
v 0.01736270 0.04381448 -0.01190917
v 0.00279559 0.04857702 -0.03838093
v -0.00011531 0.04839998 -0.03814530
v -0.01122158 0.04616948 0.00538594
v -0.00157549 0.04828117 -0.03838093
v -0.01415776 0.04454631 0.00538594
v -0.01412932 0.04472950 0.00412640
v -0.01410403 0.04469968 0.00315390
v -0.00982461 0.04485257 -0.03085796
v -0.00971083 0.04475222 -0.03231457
v -0.01028921 0.04387318 -0.03085796
v -0.01033662 0.04375294 -0.03085796
v -0.00840551 0.04375294 -0.03838093
v -0.00011531 0.04840235 -0.03838093
v -0.01133537 0.04615528 0.00538594
v -0.00279864 0.04797206 -0.03838093
v -0.01125319 0.04617563 0.00121318
v -0.01405031 0.04467696 0.00538594
v -0.01323803 0.04520807 0.00538594
v -0.01206546 0.04586179 0.00538594
v -0.00769754 0.04587552 -0.03377118
v -0.00670828 0.04607623 -0.03838093
v -0.00962549 0.04464950 -0.03317569
v -0.01009326 0.04387318 -0.03231457
v -0.01013750 0.04375294 -0.03231029
v -0.00828541 0.04410702 -0.03838093
v -0.00847188 0.04375294 -0.03818814
v -0.00303252 0.04790579 -0.03838093
v -0.00403126 0.04760189 -0.03668869
v -0.00481509 0.04736284 -0.03523208
v -0.00475820 0.04729846 -0.03668869
v -0.00386691 0.04757443 -0.03838093
v -0.00747946 0.04530133 -0.03838093
v -0.00823484 0.04475317 -0.03773830
v -0.00840235 0.04492879 -0.03668869
v -0.00979616 0.04387365 -0.03370692
v -0.00984041 0.04375294 -0.03371120
v -0.01011222 0.04375294 -0.03243453
v -0.00946746 0.04435980 -0.03414819
v -0.00977088 0.04375294 -0.03397254
v -0.00812106 0.04454678 -0.03838093
v -0.00841183 0.04392146 -0.03819242
v -0.00374365 0.04763644 -0.03838093
v 0.03607267 0.04570745 0.00538594
v 0.03469177 0.04659460 0.00538594
v 0.03607267 0.04354090 0.00538594
v 0.03607267 0.04648576 0.00276701
v 0.03348851 0.04690470 0.00538594
v 0.01883518 0.04403445 0.00538594
v 0.03411670 0.04314182 0.00486052
v 0.03415699 0.04314182 0.00486052
v 0.03607267 0.04354022 0.00537363
v 0.03486942 0.04688142 0.00121124
v 0.03607267 0.04868311 -0.03523222
v 0.03552507 0.04891380 -0.03654990
v 0.03534376 0.04888368 -0.03523222
v 0.03203618 0.04708541 0.00538594
v 0.03195377 0.04971265 -0.03654990
v 0.03041170 0.05001042 -0.03654990
v 0.01737735 0.04414055 0.00538594
v 0.01883518 0.04375448 -0.00170325
v 0.03411670 0.04314182 0.00484820
v 0.02029300 0.04349983 -0.01045083
v 0.02175083 0.04343001 -0.01045083
v 0.03415699 0.04314182 0.00484820
v 0.03607267 0.04356555 -0.00024600
v 0.03486759 0.04907192 -0.03654990
v 0.03341160 0.04939639 -0.03654990
v 0.03607267 0.04872761 -0.03654990
v 0.03195743 0.04709089 0.00538594
v 0.02903812 0.05013432 -0.03654990
v 0.01736453 0.04414192 0.00538594
v 0.01736453 0.04392698 -0.00170325
v 0.01737735 0.04376132 -0.00899358
v 0.01737735 0.04376269 -0.01045083
v 0.01737735 0.04381198 -0.01190807
v 0.01883518 0.04373805 -0.01336532
v 0.02029300 0.04355528 -0.01190807
v 0.02175083 0.04350668 -0.01190807
v 0.03607267 0.04363948 -0.00780316
v 0.03607267 0.04362510 -0.00745013
v 0.03607267 0.04359430 -0.00645674
v 0.03607267 0.04716756 -0.03654990
v 0.01736453 0.04548977 0.00538594
v 0.02898867 0.05013227 -0.03654990
v 0.02756564 0.05006107 -0.03654990
v 0.01736453 0.04376338 -0.00899358
v 0.01736453 0.04376338 -0.00900590
v 0.01736453 0.04376474 -0.01045083
v 0.01736453 0.04381472 -0.01190807
v 0.01736453 0.04387359 -0.01338174
v 0.01737735 0.04387085 -0.01336532
v 0.01883518 0.04379623 -0.01482667
v 0.02029300 0.04376269 -0.01482667
v 0.02175083 0.04374558 -0.01482667
v 0.02320865 0.04377980 -0.01482667
v 0.03607267 0.04595867 -0.02793778
v 0.01751654 0.04677053 -0.03654990
v 0.03607267 0.04608394 -0.02885728
v 0.02122337 0.04459508 -0.02142738
v 0.02734404 0.05003232 -0.03654990
v 0.01736453 0.04830867 -0.03654990
v 0.01736453 0.04393862 -0.01482667
v 0.01737735 0.04393656 -0.01482667
v 0.01737735 0.04404883 -0.01627981
v 0.01883518 0.04393725 -0.01627981
v 0.02029300 0.04391534 -0.01627981
v 0.02175083 0.04392356 -0.01627981
v 0.01736453 0.04676779 -0.03654990
v 0.02073621 0.04459508 -0.02142738
v 0.01736453 0.04393930 -0.01483899
v 0.01736453 0.04405156 -0.01629213
v 0.01736453 0.04423160 -0.01774937
v 0.01736453 0.04454374 -0.02026569
v 0.03479066 0.00305324 0.03036522
v 0.03451114 0.00193256 0.03036522
v 0.03436753 0.00644136 0.03036522
v 0.03437394 0.00644136 0.03039730
v 0.03444254 0.00644136 0.03135575
v 0.03443741 0.00644136 0.03182896
v 0.03322635 0.00644136 0.05086155
v 0.03416366 0.00238885 0.04004594
v 0.03416366 0.00229340 0.04004594
v 0.03450857 0.00192429 0.03036522
v 0.03259422 0.00644136 0.03036522
v 0.03128123 0.00644136 0.07033528
v 0.03162358 0.00305324 0.06827401
v 0.03342254 0.00115044 0.03036522
v 0.03450088 0.00191729 0.03036522
v 0.03136521 0.00221639 0.06916027
v 0.02824108 0.00163474 0.03036522
v 0.03114531 0.00644136 0.03385814
v 0.03122930 0.00644136 0.07049568
v 0.03141137 0.00305324 0.06934073
v 0.03335073 0.00112372 0.03036522
v 0.03202427 0.00118926 0.04495046
v 0.03124917 0.00085580 0.04590891
v 0.03129597 0.00083352 0.04495046
v 0.03136329 0.00080044 0.04349474
v 0.03049651 0.00040842 0.04203502
v 0.03107607 0.00644136 0.07062000
v 0.03047407 0.00644136 0.07099696
v 0.03049651 0.00305324 0.06968561
v 0.03049651 0.00222276 0.06915225
v 0.02824108 0.00007304 0.04641019
v 0.02824108 0.00000495 0.04561215
v 0.02903862 0.00022641 0.04641019
v 0.03049651 0.00046888 0.04349474
v 0.03118442 0.00088380 0.04687938
v 0.02824108 0.00644136 0.06917632
v 0.02916236 0.00644136 0.04495046
v 0.02824108 0.00013159 0.03036522
v 0.03207107 0.00071961 0.03036522
v 0.02903862 0.00015641 0.04495046
v 0.02903862 0.00009659 0.04349474
v 0.02903862 0.00006732 0.04203502
v 0.02952394 0.00644136 0.07121753
v 0.02972269 0.00229658 0.06904799
v 0.02903862 0.00644136 0.07132981
v 0.02824108 0.00644136 0.07126164
v 0.02824108 0.00592398 0.07096488
v 0.02903862 0.00426174 0.07012674
v 0.02824108 0.00014050 0.04706787
v 0.02824108 -0.00002687 0.04495046
v 0.02903414 0.00021369 0.03036522
v 0.02824108 -0.00005933 0.04349474
v 0.03197491 0.00070116 0.03036522
v 0.02903862 0.00008450 0.04057529
v 0.03049651 0.00044151 0.03036522
v 0.02824108 0.00516732 0.07050370
v 0.02824108 0.00440492 0.06991019
v 0.02824108 0.00355408 0.06916428
v 0.02824108 0.00325370 0.06879133
v 0.02824108 0.00305197 0.06830609
v 0.02824108 0.00277450 0.06740379
v 0.02824108 0.00023596 0.04786591
v 0.02280090 0.07109256 -0.01444963
v 0.02260423 0.07068949 -0.01444963
v 0.02069300 0.07109256 -0.01444963
v 0.02252834 0.07109256 -0.01163156
v 0.02115000 0.07051491 0.00121159
v 0.01972106 0.06749453 0.00558648
v 0.01978064 0.06737927 0.00412818
v 0.01939953 0.06676590 0.00558648
v 0.02081541 0.06817869 -0.01444963
v 0.01943625 0.06665064 0.00412818
v 0.01820726 0.06491768 0.00440971
v 0.01446477 0.06686431 -0.01444963
v 0.02056488 0.07109256 -0.01336294
v 0.02118264 0.07109256 0.00181123
v 0.02107737 0.07069488 0.00230672
v 0.01959539 0.07075756 0.01393650
v 0.01870995 0.06865591 0.01431093
v 0.01828968 0.06766709 0.01431093
v 0.01875321 0.06574068 0.00558648
v 0.02062853 0.06798321 -0.01444963
v 0.01818767 0.06493588 0.00558648
v 0.01737650 0.06459077 0.00558648
v 0.01751360 0.06464604 0.00400713
v 0.01737650 0.06591189 -0.01444963
v 0.01832314 0.06636013 -0.01444963
v 0.01886501 0.06665603 -0.01444963
v 0.01905107 0.06676657 -0.01444963
v 0.02008666 0.06749588 -0.01444963
v 0.01446477 0.06718043 -0.01045198
v 0.01446477 0.06684678 -0.01444963
v 0.01446477 0.06727952 -0.00899368
v 0.01779106 0.07109256 0.01431093
v 0.01964517 0.07109256 0.01413919
v 0.01959457 0.07109256 0.01431093
v 0.01933425 0.07030191 0.01431093
v 0.01828070 0.06765563 0.01431093
v 0.01811259 0.06500530 0.00633252
v 0.01591819 0.06425106 0.00558648
v 0.01591819 0.06420657 0.00412818
v 0.01649107 0.06506260 0.01035832
v 0.01629195 0.06565845 -0.01444963
v 0.01483363 0.06553645 -0.01444963
v 0.01446477 0.06553510 -0.01444399
v 0.01446477 0.06728424 -0.00753820
v 0.01446477 0.06708472 0.01430529
v 0.01448517 0.06709415 0.01431093
v 0.01763193 0.06693912 0.01431093
v 0.01690318 0.06629879 0.01431093
v 0.01446477 0.06432924 0.00704478
v 0.01446477 0.06426656 0.00558648
v 0.01597041 0.06488128 0.00990788
v 0.01551913 0.06495071 0.01105087
v 0.01446477 0.06448764 0.00850026
v 0.01446477 0.06423892 0.00412818
v 0.01446477 0.06432183 0.00266988
v 0.01591819 0.06557217 -0.01444963
v 0.01688441 0.06629003 0.01431093
v 0.01591819 0.06587482 0.01431093
v 0.01446477 0.06587819 0.01431093
v 0.01446477 0.06554319 0.01431093
v 0.01446477 0.06505721 0.01209814
v 0.01446477 0.06492846 0.01146471
v 0.01446477 0.06470401 0.00995855
v 0.01736270 0.03392463 -0.06361262
v 0.01647088 0.03392463 -0.06245109
v 0.01736270 0.03392463 -0.06631397
v 0.01736270 0.04375294 -0.06834939
v 0.01646225 0.03392463 -0.06244003
v 0.00470748 0.04132088 -0.06100860
v 0.00788927 0.04167299 -0.06367014
v 0.00948447 0.04198469 -0.06503741
v 0.01219877 0.04162874 -0.06661265
v 0.01671254 0.04182403 -0.06942463
v 0.01736270 0.04146807 -0.06963702
v 0.00352222 0.03392463 -0.05199965
v 0.00266780 0.04000768 -0.05831609
v 0.00350640 0.04020971 -0.05930504
v 0.01385296 0.03610272 -0.06060815
v 0.01736270 0.04375294 -0.07026756
v 0.00266780 0.04375294 -0.05625412
v 0.00266780 0.03392463 -0.04766553
v 0.00654147 0.03452495 -0.05191115
v 0.00672702 0.03392463 -0.05176292
v 0.00743616 0.03392463 -0.05251956
v 0.00766631 0.03392463 -0.05276957
v 0.00464563 0.04241473 -0.06108825
v 0.00543964 0.04241473 -0.06181613
v 0.00702621 0.04241473 -0.06316350
v 0.00775549 0.04241473 -0.06377854
v 0.00266780 0.04090912 -0.05885150
v 0.00266780 0.04095626 -0.05887362
v 0.00874225 0.04244840 -0.06458165
v 0.00930467 0.04295637 -0.06515909
v 0.01194849 0.04241473 -0.06678522
v 0.01366740 0.04307085 -0.06806842
v 0.01726921 0.04235220 -0.06995340
v 0.01736270 0.04211361 -0.06990472
v 0.00280733 0.03392463 -0.05121867
v 0.00266780 0.03406894 -0.05120760
v 0.01354945 0.04375294 -0.06814806
v 0.01736270 0.04235797 -0.06999764
v 0.00266780 0.04375294 -0.05861034
v 0.00266780 0.03392463 -0.05097530
v 0.00266780 0.04241473 -0.05902628
v 0.00481105 0.04360286 -0.06094002
v 0.00625666 0.04375294 -0.06238473
v 0.00701183 0.04375294 -0.06311261
v 0.00773967 0.04375294 -0.06379182
v 0.00929604 0.04375294 -0.06516794
v 0.01173560 0.04375294 -0.06695115
v 0.01292949 0.04375294 -0.06774983
v 0.00504551 0.04375294 -0.06112807
v 0.01001640 0.07226707 0.05539971
v 0.00571689 0.07946049 0.05865481
v 0.00571689 0.08031561 0.05849902
v 0.00927256 0.08070367 0.05539971
v 0.01196531 0.07226707 0.05539971
v 0.00571689 0.07226707 0.06710001
v 0.00571689 0.07577262 0.06256720
v 0.00571689 0.07654267 0.06158876
v 0.00571689 0.08113253 0.05864524
v 0.00929184 0.08108739 0.05539971
v 0.01201814 0.07235996 0.05539971
v 0.01348988 0.07226707 0.06304959
v 0.00571689 0.07226707 0.06915118
v 0.00571689 0.08113514 0.05895681
v 0.00955433 0.08110389 0.05661183
v 0.00958368 0.08108739 0.05539971
v 0.01395615 0.07594104 0.05539971
v 0.01377836 0.07349115 0.06244148
v 0.01379346 0.07340694 0.06333110
v 0.01348988 0.07226707 0.06387498
v 0.00586867 0.07226707 0.06917988
v 0.00571689 0.07239468 0.06908013
v 0.00571689 0.08064985 0.05968381
v 0.00717102 0.08061946 0.05962232
v 0.00717102 0.08109868 0.05889395
v 0.00944279 0.08108826 0.05746182
v 0.01133216 0.08058040 0.05539971
v 0.01425636 0.07718683 0.05539971
v 0.01379346 0.07392956 0.06333110
v 0.01347563 0.07226707 0.06460608
v 0.01428404 0.07740299 0.05539971
v 0.00596260 0.07243983 0.06910062
v 0.00717102 0.07226707 0.06935890
v 0.00571689 0.07240423 0.06907466
v 0.00571689 0.07992147 0.06064175
v 0.00717102 0.07989022 0.06062262
v 0.00862935 0.07977910 0.06049690
v 0.00794170 0.08105961 0.05882016
v 0.01270663 0.07984855 0.05661183
v 0.01303955 0.07991800 0.05539971
v 0.01283913 0.07999874 0.05539971
v 0.01154433 0.08050140 0.05539971
v 0.00891364 0.08089380 0.05843479
v 0.01243073 0.07969055 0.05756977
v 0.01383455 0.07543058 0.06194406
v 0.01357961 0.07490188 0.06291431
v 0.01251459 0.07269506 0.06637984
v 0.01259174 0.07226707 0.06655203
v 0.01279301 0.07226707 0.06620766
v 0.01315696 0.07226707 0.06540277
v 0.01401736 0.07868698 0.05539971
v 0.00717102 0.07256310 0.06918945
v 0.00571689 0.07277059 0.06881228
v 0.00819412 0.07226707 0.06935753
v 0.00862935 0.07256223 0.06918808
v 0.00571689 0.07477513 0.06696609
v 0.00717102 0.07485760 0.06709181
v 0.00862935 0.07486368 0.06708498
v 0.00952162 0.07966798 0.06036571
v 0.00965077 0.07532032 0.06623499
v 0.01366515 0.07950303 0.05562793
v 0.01340099 0.07970705 0.05539971
v 0.01003904 0.07988067 0.05947473
v 0.01196782 0.07944487 0.05854275
v 0.01238796 0.07823207 0.06044224
v 0.01343537 0.07922610 0.05661183
v 0.01356536 0.07640290 0.06125123
v 0.01325675 0.07592802 0.06243328
v 0.01397795 0.07887537 0.05539971
v 0.01389157 0.07849686 0.05661183
v 0.01373727 0.07668678 0.06027962
v 0.01253388 0.07594539 0.06351968
v 0.01258252 0.07420389 0.06504200
v 0.01220934 0.07366738 0.06601361
v 0.01226888 0.07226707 0.06697839
v 0.00862935 0.07329060 0.06864556
v 0.00717102 0.07329147 0.06863600
v 0.00571689 0.07299717 0.06864010
v 0.00862935 0.07226707 0.06935343
v 0.00958368 0.07243896 0.06909926
v 0.00571689 0.07404849 0.06782154
v 0.00717102 0.07412836 0.06790763
v 0.00862935 0.07413444 0.06791720
v 0.00978327 0.07399206 0.06777781
v 0.01094892 0.07819127 0.06180331
v 0.01192086 0.07796555 0.06141385
v 0.01147892 0.07842306 0.06095059
v 0.01062187 0.07512933 0.06598218
v 0.01228649 0.07668678 0.06318625
v 0.01154433 0.07683089 0.06336116
v 0.01382281 0.07924172 0.05539971
v 0.01368947 0.07953255 0.05539971
v 0.01252298 0.07692291 0.06244148
v 0.01297666 0.07732573 0.06084673
v 0.01075437 0.07370992 0.06750040
v 0.01114348 0.07273760 0.06789533
v 0.01201814 0.07226707 0.06726126
v 0.00939415 0.07226707 0.06922634
v 0.00968431 0.07226707 0.06915255
v 0.01048685 0.07226707 0.06876992
v 0.01016902 0.07307444 0.06832306
v 0.01071327 0.07226707 0.06860457
v 0.01130700 0.07226707 0.06804292
v 0.01446477 0.06587822 0.01431093
v 0.01446477 0.06554343 0.01431093
v 0.01446477 0.06708519 0.01430529
v 0.01445924 0.06708385 0.01431093
v 0.01445813 0.06554209 0.01431093
v 0.01446477 0.06505702 0.01209814
v 0.00540841 0.07109256 0.01050190
v 0.00522693 0.07109256 0.01146753
v 0.00466478 0.07109256 0.01431093
v 0.01446477 0.06728378 -0.00753820
v 0.00854560 0.07109256 -0.01444963
v 0.00847257 0.07109256 -0.01336294
v 0.00829773 0.07109256 -0.01190464
v 0.01300296 0.06552465 0.01431093
v 0.01387495 0.06500335 0.01221357
v 0.01446477 0.06492821 0.01146471
v 0.00315982 0.07109256 0.01431093
v 0.01446477 0.06727909 -0.00899368
v 0.01446477 0.06718046 -0.01045198
v 0.01446477 0.06686379 -0.01444963
v 0.00705613 0.07109256 -0.01444963
v 0.01008598 0.06560247 0.01431093
v 0.01368351 0.06500335 0.01221357
v 0.01440059 0.06492686 0.01149005
v 0.01445924 0.06448674 0.00850026
v 0.01445924 0.06470345 0.00995855
v 0.01446477 0.06470412 0.00995855
v 0.00319302 0.07109256 0.01374506
v 0.00343315 0.07052631 0.01141685
v 0.00331031 0.07031564 0.01431093
v 0.01446477 0.06684635 -0.01444963
v 0.00617418 0.07109256 -0.00946101
v 0.00706056 0.07011370 -0.01444963
v 0.00862971 0.06565480 0.01431093
v 0.01445924 0.06432908 0.00704478
v 0.01446477 0.06432908 0.00704478
v 0.01446477 0.06448742 0.00850026
v 0.00340216 0.07109256 0.01082847
v 0.00348073 0.07069605 0.01034424
v 0.00492041 0.06924218 0.00121159
v 0.00483631 0.06906774 0.00266988
v 0.00474114 0.06892953 0.00412818
v 0.00371422 0.06979770 0.01141685
v 0.00338224 0.07038072 0.01287515
v 0.00366996 0.06965211 0.01287515
v 0.00366996 0.06958703 0.01431093
v 0.01446477 0.06553538 -0.01444399
v 0.01445924 0.06553538 -0.01444963
v 0.00610114 0.07109256 -0.00902746
v 0.00737704 0.06865580 -0.01444963
v 0.00591191 0.07011370 -0.00753257
v 0.00717122 0.06598556 0.01431093
v 0.01300185 0.06456658 0.00704478
v 0.01445924 0.06426669 0.00558648
v 0.01446477 0.06426669 0.00558648
v 0.00346634 0.07109256 0.01027949
v 0.00498238 0.07082554 -0.00098712
v 0.00475442 0.07011370 0.00121159
v 0.00497131 0.06935489 0.00038672
v 0.00614872 0.06853370 -0.00611650
v 0.00647185 0.06796677 -0.00663169
v 0.00640435 0.06788828 -0.00566043
v 0.00522472 0.06833846 0.00266988
v 0.00464708 0.06882755 0.00558648
v 0.00367992 0.06957093 0.01431093
v 0.00458511 0.06875443 0.00704478
v 0.00445121 0.06865580 0.00995855
v 0.00493811 0.06787284 0.00995855
v 0.00437043 0.06865580 0.01141685
v 0.01446477 0.06432170 0.00266988
v 0.01337477 0.06552800 -0.01444963
v 0.00586212 0.07109256 -0.00753257
v 0.00767361 0.06803990 -0.01444963
v 0.00620959 0.06886513 -0.00753257
v 0.00632357 0.06913819 -0.00870089
v 0.00715794 0.06599093 0.01431093
v 0.00749213 0.06624856 0.00121159
v 0.00862971 0.06584534 0.00121159
v 0.00862971 0.06581448 0.00266988
v 0.01300185 0.06454444 0.00412818
v 0.01445924 0.06423918 0.00412818
v 0.01446477 0.06423918 0.00412818
v 0.00779644 0.06780710 -0.01444963
v 0.00676399 0.06670948 0.00121159
v 0.00602811 0.06743876 0.00121159
v 0.00517492 0.06820092 0.00412818
v 0.00497463 0.06791511 0.00911961
v 0.00431621 0.06865580 0.01431093
v 0.00491155 0.06783863 0.01141685
v 0.00635234 0.06640220 0.01287515
v 0.00630033 0.06636866 0.01431093
v 0.00595396 0.06740186 0.00266988
v 0.01445924 0.06432170 0.00266988
v 0.01300185 0.06553136 -0.01444963
v 0.00940432 0.06651425 -0.01444963
v 0.00980159 0.06632304 -0.01444963
v 0.01002401 0.06622978 -0.01444963
v 0.01300185 0.06459208 0.00266988
v 0.01187534 0.06490271 0.00266988
v 0.01154336 0.06573531 -0.01444963
v 0.00872819 0.06702347 -0.01444963
v 0.00513066 0.06809827 0.00558648
v 0.00490270 0.06781649 0.01431093
v 0.00557108 0.06708855 0.01431093
v 0.00556002 0.06709995 0.01431093
v 0.01191739 0.06568030 -0.01444963
v 0.00477481 0.03220895 -0.04953740
v 0.00477481 0.03083035 -0.04956455
v 0.00796545 0.03112638 -0.05193249
v 0.00796545 0.03170332 -0.05193249
v 0.00780039 0.03267569 -0.05210509
v 0.00680634 0.03366750 -0.05170171
v 0.00477481 0.03371071 -0.05017351
v 0.00477481 0.03075040 -0.04957619
v 0.00785748 0.03015402 -0.05203334
v 0.00992996 0.02783547 -0.05444200
v 0.01683742 0.02783547 -0.06196276
v 0.01686721 0.02929401 -0.06192785
v 0.01680267 0.03075040 -0.06202288
v 0.01670836 0.03220895 -0.06214312
v 0.01664631 0.03293930 -0.06220130
v 0.01646512 0.03390951 -0.06243596
v 0.01646140 0.03392247 -0.06243983
v 0.00753606 0.03366750 -0.05242702
v 0.00672692 0.03392247 -0.05176376
v 0.00477481 0.03383604 -0.05029375
v 0.00477481 0.02833029 -0.05018321
v 0.00639185 0.01262551 -0.05495398
v 0.00654573 0.01359572 -0.05481823
v 0.00761548 0.02200560 -0.05375741
v 0.01663514 0.02568546 -0.06221681
v 0.01673318 0.02665566 -0.06208882
v 0.01745048 0.01184978 -0.06645815
v 0.01745048 0.02819632 -0.06317484
v 0.01745048 0.02935884 -0.06297509
v 0.01745048 0.03055161 -0.06283934
v 0.01745048 0.03195830 -0.06298285
v 0.01745048 0.03208362 -0.06300224
v 0.01745048 0.03224136 -0.06305655
v 0.01745048 0.03360483 -0.06355108
v 0.01745048 0.03377338 -0.06364223
v 0.01745048 0.03392247 -0.06372368
v 0.00766512 0.03392247 -0.05276834
v 0.00743678 0.03392247 -0.05252011
v 0.00477481 0.03392247 -0.05037714
v 0.00477481 0.01184978 -0.05450211
v 0.00546730 0.01184978 -0.05469993
v 0.00550949 0.01184978 -0.05471738
v 0.00619453 0.01184978 -0.05506840
v 0.01745048 0.01184978 -0.06843434
v 0.01745048 0.03392247 -0.06641354
v 0.00477481 0.03392247 -0.05280907
v 0.00477481 0.01184978 -0.05641042
v 0.01745048 0.01471070 -0.06910341
v 0.01724820 0.01184978 -0.06836452
v 0.01058646 0.02492053 -0.06240299
v 0.01069815 0.02581727 -0.06228469
v 0.01121441 0.03392247 -0.05984500
v 0.01745048 0.02341013 -0.06851191
v 0.00913324 0.01325863 -0.06387495
v 0.00926602 0.01433904 -0.06374695
v 0.00929829 0.02004142 -0.06230214
v 0.00477481 0.01863041 -0.05563275
v 0.00835761 0.01184978 -0.06282382
v 0.01745048 0.01582352 -0.06930898
v 0.01078006 0.01184978 -0.06513940
v 0.01745048 0.02200560 -0.06875820
v 0.01720972 0.01763211 -0.06910341
v 0.01001808 0.01184978 -0.06462935
v 0.00906622 0.01184978 -0.06392537
v 0.01716008 0.01617573 -0.06918680
v 0.01745048 0.01617573 -0.06934776
v 0.01005531 0.01184978 -0.06465456
v 0.01745048 0.01763211 -0.06925856
v 0.02633792 0.07157243 -0.03443874
v 0.02624573 0.07157243 -0.03377348
v 0.02621758 0.07119511 -0.03443874
v 0.02591868 0.07306011 -0.03443874
v 0.02598079 0.07302960 -0.03377348
v 0.02546257 0.07397475 -0.02688999
v 0.02546257 0.07357064 -0.02688999
v 0.02612442 0.07119511 -0.03377739
v 0.02302868 0.07157243 -0.01445158
v 0.02432617 0.07119511 -0.03443874
v 0.02549460 0.07385345 -0.03443874
v 0.02552371 0.07388991 -0.03377348
v 0.02520346 0.07475841 -0.02794267
v 0.02547422 0.07402983 -0.02794267
v 0.02511612 0.07447189 -0.02643605
v 0.02399137 0.07528978 -0.02256384
v 0.02400787 0.07395540 -0.01945277
v 0.02322957 0.07302960 -0.01445158
v 0.02318978 0.07265675 -0.01445158
v 0.02293552 0.07136777 -0.01445158
v 0.02285109 0.07119511 -0.01445158
v 0.01642477 0.07547955 -0.03443874
v 0.02335475 0.07119511 -0.03133550
v 0.02525878 0.07400155 -0.03443874
v 0.02423010 0.07542969 -0.03085807
v 0.02440672 0.07559268 -0.02940037
v 0.02447465 0.07569017 -0.02794267
v 0.02513553 0.07473757 -0.02940037
v 0.02438925 0.07568719 -0.02648496
v 0.02421554 0.07557258 -0.02502726
v 0.02344015 0.07630117 -0.02502726
v 0.02305877 0.07570728 -0.02065611
v 0.02286953 0.07554579 -0.01919645
v 0.02252599 0.07525629 -0.01683282
v 0.02280451 0.07421067 -0.01445158
v 0.02378758 0.07491991 -0.02065611
v 0.02075977 0.07119511 -0.01445158
v 0.01642477 0.07713990 -0.03443874
v 0.02324121 0.07119511 -0.03091090
v 0.02304033 0.07119511 -0.02986605
v 0.02176807 0.07119511 -0.02211381
v 0.02080732 0.07119511 -0.01482334
v 0.02076074 0.07119511 -0.01446137
v 0.01642477 0.07571770 -0.01445158
v 0.01948848 0.07658546 -0.03443874
v 0.01947490 0.07659811 -0.03442504
v 0.01992615 0.07684817 -0.03345259
v 0.02036383 0.07700445 -0.03234708
v 0.02385163 0.07515731 -0.03291060
v 0.02405542 0.07530020 -0.03194010
v 0.02140415 0.07686603 -0.03085807
v 0.02307624 0.07632349 -0.02929471
v 0.02338969 0.07641875 -0.02794267
v 0.02353914 0.07641578 -0.02648496
v 0.02271135 0.07679979 -0.02502726
v 0.02256481 0.07672388 -0.02401568
v 0.02239886 0.07661820 -0.02304518
v 0.02139542 0.07540886 -0.01445158
v 0.02212422 0.07493926 -0.01445158
v 0.01642477 0.07820189 -0.03180705
v 0.01665671 0.07714585 -0.03443874
v 0.01642477 0.07726567 -0.01445158
v 0.01946616 0.07659513 -0.03443874
v 0.01944287 0.07660481 -0.03443874
v 0.01867816 0.07691440 -0.03443874
v 0.01883440 0.07752391 -0.03231578
v 0.01892659 0.07704985 -0.03387327
v 0.02117318 0.07676109 -0.03188336
v 0.01826572 0.07817957 -0.03039043
v 0.01958359 0.07813938 -0.02870772
v 0.02181853 0.07695533 -0.02929471
v 0.02045602 0.07785955 -0.02794267
v 0.02281033 0.07684072 -0.02648496
v 0.01973692 0.07820859 -0.02391980
v 0.02060741 0.07789825 -0.02502726
v 0.02219410 0.07653857 -0.02211381
v 0.01844040 0.07684742 -0.01445158
v 0.01642477 0.07832320 -0.03132376
v 0.01696240 0.07820487 -0.03181683
v 0.01737581 0.07715478 -0.03443874
v 0.01737581 0.07715701 -0.01445158
v 0.01737581 0.07864098 -0.02357152
v 0.01642477 0.07862982 -0.02357152
v 0.01808036 0.07703645 -0.03443874
v 0.01741948 0.07830385 -0.03086786
v 0.01883440 0.07840804 -0.02794267
v 0.01972721 0.07820264 -0.02794267
v 0.01989607 0.07826961 -0.02648496
v 0.01987860 0.07826217 -0.02502726
v 0.01894212 0.07837976 -0.02348934
v 0.01883440 0.07857549 -0.02502726
v 0.01642477 0.07855093 -0.02989540
v 0.01843846 0.07824580 -0.02211381
v 0.01737581 0.07878685 -0.02502726
v 0.01642477 0.07878238 -0.02502726
v 0.01642477 0.07862163 -0.02940037
v 0.01737581 0.07851669 -0.02940037
v 0.01883440 0.07856953 -0.02648496
v 0.01737581 0.07877791 -0.02648496
v 0.01642477 0.07879727 -0.02648496
v 0.01642477 0.07872359 -0.02794267
v 0.01737581 0.07864768 -0.02794267
v -0.01143547 0.00491996 -0.01510296
v -0.00966774 0.00491996 -0.01510296
v -0.01148296 0.00491996 -0.01482262
v -0.01159960 0.00559413 -0.01510296
v -0.00679090 0.02699480 -0.01510296
v -0.00880657 0.00491996 -0.01190712
v -0.01173859 0.00597011 -0.01482262
v -0.01325418 0.00491996 0.00267039
v -0.01163033 0.00573242 -0.01510296
v -0.00893788 0.02699480 -0.01510296
v -0.00616301 0.02699480 -0.01044693
v -0.00612390 0.02637681 -0.01044693
v -0.00872625 0.00491996 -0.01044693
v -0.01179097 0.00742866 -0.01482262
v -0.01175325 0.00742866 -0.01510296
v -0.01167712 0.00594850 -0.01510296
v -0.01273804 0.00491996 0.00980070
v -0.01325907 0.00597011 0.00267039
v -0.00954900 0.02401937 -0.01510296
v -0.00905731 0.02699480 -0.01482262
v -0.00617069 0.02699480 -0.00960592
v -0.00613717 0.02637681 -0.00898918
v -0.00659743 0.01937578 0.00068610
v -0.00659743 0.01937578 -0.00000134
v -0.00876257 0.00491996 -0.00898918
v -0.01165896 0.00888504 -0.01510296
v -0.01320948 0.01617346 0.00267039
v -0.01315570 0.01762985 0.00267039
v -0.01017480 0.00491996 0.00980070
v -0.01271848 0.00742866 0.00980070
v -0.01107368 0.01418552 -0.01510296
v -0.00961535 0.02433917 -0.01428145
v -0.01286795 0.01908840 0.00267039
v -0.01155769 0.02637681 0.00412814
v -0.01124689 0.02699480 0.00294829
v -0.00619095 0.02699480 -0.00898918
v -0.00666029 0.02138102 0.00052033
v -0.00660372 0.02054694 0.00066416
v -0.00812490 0.01702482 0.00926196
v -0.00812490 0.01683899 0.00926196
v -0.00994921 0.00491996 0.00850140
v -0.00928500 0.00491996 -0.00069852
v -0.01269614 0.00866032 0.00980070
v -0.01261092 0.00979691 0.00980070
v -0.01123851 0.02699480 0.00980070
v -0.01182449 0.02492043 0.00412814
v -0.01016502 0.00491996 0.00974951
v -0.00857190 0.01631175 0.00980070
v -0.01137610 0.02699480 0.00412814
v -0.00720228 0.02699480 -0.00024511
v -0.00712964 0.02637681 -0.00024511
v -0.00846574 0.02492043 0.00850140
v -0.00859006 0.02362178 0.00980070
v -0.00845386 0.01753045 0.00980070
v -0.00930246 0.02699480 0.00980070
v -0.00894347 0.02699480 0.00850140
v -0.00874860 0.02637681 0.00850140
v -0.00878143 0.02508033 0.00980070
v -0.00875070 0.02492043 0.00980070
v -0.00914322 0.02643299 0.00980070
v 0.01940518 0.07315353 0.01431093
v 0.01828121 0.07404325 0.02599694
v 0.01819519 0.07393574 0.02745555
v 0.01813280 0.07382978 0.02852025
v 0.01869431 0.07315353 0.02308257
v 0.01704192 0.07315353 0.01431093
v 0.01930781 0.07332337 0.01431093
v 0.01667704 0.07670855 0.03723767
v 0.01686326 0.07606034 0.03769723
v 0.01813280 0.07354931 0.02852025
v 0.01855819 0.07315353 0.02454118
v 0.01675171 0.07562794 0.03911588
v 0.01666191 0.07533111 0.03991512
v 0.00974797 0.07489481 0.01431093
v 0.01230880 0.07315353 0.04347173
v 0.01930025 0.07333506 0.01431093
v 0.01547083 0.07841088 0.04347173
v 0.01597657 0.07740272 0.04347173
v 0.01818952 0.07315353 0.02768962
v 0.01839276 0.07315353 0.02599694
v 0.01666191 0.07518619 0.03991512
v 0.01675171 0.07497350 0.03911588
v 0.01629419 0.07594581 0.04203025
v 0.00974797 0.07514412 0.01836135
v 0.00974797 0.07521502 0.01431093
v 0.01439886 0.07315353 0.04347173
v 0.01186261 0.07919621 0.04347173
v 0.00974797 0.08031655 0.04152787
v 0.00974797 0.08017943 0.04148220
v 0.00974797 0.07999245 0.04140513
v 0.00974797 0.07953278 0.04094557
v 0.00974797 0.07937228 0.04063158
v 0.00974797 0.07930684 0.04038610
v 0.00974797 0.07902325 0.03911588
v 0.00974797 0.07802289 0.03454309
v 0.00974797 0.07659870 0.02785232
v 0.00974797 0.07623252 0.02599694
v 0.00974797 0.07616786 0.02566012
v 0.00974797 0.07598477 0.02454118
v 0.00974797 0.07522982 0.01939751
v 0.00974797 0.07522437 0.01935755
v 0.00974797 0.07517606 0.01882948
v 0.01857142 0.07416480 0.01431093
v 0.01443856 0.07922659 0.04347173
v 0.01599358 0.07594581 0.04347173
v 0.01808459 0.07315353 0.02829475
v 0.01549730 0.07482080 0.04347173
v 0.01548785 0.07480054 0.04347173
v 0.01667042 0.07372071 0.03702930
v 0.01685948 0.07445696 0.03757164
v 0.01008734 0.07621694 0.01431093
v 0.00974797 0.07622239 0.01431663
v 0.01615334 0.07315353 0.03757164
v 0.01188625 0.08039212 0.04347173
v 0.00974797 0.08111201 0.04145080
v 0.01752781 0.07489403 0.01431093
v 0.01297429 0.08037031 0.04347173
v 0.01693983 0.07315353 0.03417772
v 0.01642842 0.07315353 0.03648981
v 0.01233999 0.07667271 0.01431093
v 0.00974797 0.07667271 0.01642605
v 0.01008734 0.08111123 0.04146793
v 0.00974797 0.08111201 0.04100551
v 0.01679803 0.07530150 0.01431093
v 0.01088895 0.08107539 0.04117107
v 0.01088895 0.08107539 0.04143938
v 0.01593214 0.07578298 0.01431093
v 0.01591701 0.07579077 0.01431093
v 0.01293553 0.07668362 0.01431093
v 0.01008734 0.08111123 0.04101693
v 0.01374849 0.07667894 0.01431093
v 0.01354052 0.07668050 0.01431093
v 0.01304424 0.07668362 0.01431093
v 0.01450095 0.07642496 0.01431093
v 0.01445558 0.07644210 0.01431093
v 0.00706599 0.04547922 0.05327602
v 0.00706599 0.04552755 0.05359159
v 0.00706599 0.04699818 0.05327602
v 0.00966783 0.04526507 0.05327602
v 0.03127400 0.04323253 0.06503990
v 0.00706599 0.04554555 0.05369640
v 0.00706599 0.05291198 0.05876521
v 0.02071025 0.04680961 0.05327602
v 0.03127400 0.04360777 0.05327602
v 0.03127400 0.04357555 0.05356856
v 0.03127400 0.04356228 0.05369640
v 0.03127400 0.04349406 0.05481935
v 0.03127400 0.04347890 0.05515451
v 0.03127400 0.04503291 0.06503990
v 0.02174814 0.04533803 0.06503990
v 0.00706599 0.04586583 0.05485045
v 0.00706599 0.05291198 0.06041105
v 0.00978631 0.05291198 0.05964054
v 0.02757977 0.04664852 0.05327602
v 0.02654188 0.04670538 0.05327602
v 0.02612245 0.04672717 0.05327602
v 0.03127400 0.04551902 0.05327602
v 0.03127400 0.04547922 0.05806956
v 0.02981432 0.04591416 0.06503990
v 0.02040220 0.04579476 0.06503990
v 0.00706599 0.04588857 0.05492646
v 0.00706599 0.05261444 0.06044215
v 0.01508241 0.05291198 0.06503990
v 0.01094268 0.05291198 0.06006783
v 0.02903708 0.04640500 0.05327602
v 0.03103230 0.04563747 0.05327602
v 0.01746150 0.05291198 0.06503990
v 0.02976692 0.04606103 0.06318330
v 0.02968399 0.04599186 0.06503990
v 0.01918895 0.04690816 0.06503990
v 0.00706599 0.04947797 0.05987434
v 0.00706599 0.04854462 0.05919712
v 0.00706599 0.04781688 0.05843006
v 0.00706599 0.04777519 0.05837823
v 0.00706599 0.04727203 0.05770101
v 0.00706599 0.04723697 0.05763421
v 0.00706599 0.04667032 0.05652969
v 0.00706599 0.04620222 0.05560254
v 0.00706599 0.05258980 0.06044445
v 0.00706599 0.05116181 0.06043409
v 0.00706599 0.05105758 0.06043178
v 0.00706599 0.05029099 0.06032697
v 0.01517008 0.05276226 0.06503990
v 0.01169385 0.05291198 0.06041566
v 0.02997545 0.04614915 0.05327602
v 0.01297818 0.05291198 0.06109979
v 0.01393077 0.05291198 0.06160771
v 0.01446630 0.05291198 0.06195208
v 0.01551841 0.05291198 0.06274218
v 0.01701601 0.05291198 0.06426593
v 0.01828139 0.04810400 0.06503990
v 0.00706599 0.04956420 0.05992386
v 0.01529567 0.05254906 0.06503990
v 0.01631935 0.05291198 0.06351500
v 0.01682644 0.05291198 0.06402522
v -0.01574475 0.00326241 0.03118211
v -0.01340919 0.00326241 0.03118211
v -0.01590619 0.00326241 0.03195888
v -0.01816718 0.00405424 0.04057735
v -0.01849699 0.00498471 0.03968676
v -0.01589620 0.00358098 0.03118211
v -0.01532499 0.01496787 0.03118211
v -0.01360062 0.00326241 0.03746173
v -0.01744376 0.00326241 0.04057735
v -0.01853312 0.00478303 0.04057735
v -0.01762519 0.00326241 0.04203415
v -0.01875223 0.00326241 0.05223746
v -0.01976471 0.00389610 0.05661072
v -0.01994614 0.00462490 0.05661072
v -0.02023674 0.00596905 0.05661072
v -0.02051965 0.01034183 0.05077782
v -0.01873531 0.00596905 0.04057735
v -0.01776588 0.01034183 0.03183084
v -0.01749065 0.00888539 0.03183084
v -0.01690945 0.00515087 0.03249095
v -0.01610992 0.00403361 0.03118211
v -0.01394657 0.00538120 0.03698940
v -0.01747758 0.01496787 0.03118211
v -0.01615220 0.01496787 0.03911770
v -0.01494675 0.00326241 0.06024988
v -0.01910894 0.00326241 0.05661072
v -0.01918889 0.00326241 0.05806752
v -0.01976394 0.00388349 0.05806752
v -0.01996613 0.00461229 0.05806752
v -0.02033207 0.00596905 0.05806752
v -0.02057962 0.00742779 0.05806752
v -0.02126230 0.01394343 0.05294595
v -0.02054964 0.01179943 0.04932101
v -0.02052657 0.01325703 0.04786421
v -0.01784814 0.01179943 0.03183084
v -0.01764748 0.01179943 0.03118211
v -0.01753678 0.01038423 0.03118211
v -0.01721466 0.00888539 0.03118211
v -0.01625522 0.00455958 0.03118211
v -0.01750218 0.01471577 0.03118211
v -0.01769207 0.01496787 0.03183084
v -0.01811414 0.01496787 0.05661072
v -0.01822177 0.01496787 0.05743302
v -0.01873454 0.01496787 0.06024988
v -0.01900208 0.00326241 0.06024988
v -0.01913508 0.00326241 0.05952433
v -0.01974011 0.00396485 0.05952433
v -0.02005839 0.00532619 0.06024988
v -0.02040511 0.00669212 0.06024988
v -0.02074875 0.00817263 0.06024988
v -0.02126230 0.01394343 0.05298009
v -0.02126230 0.01409698 0.05294595
v -0.02036052 0.01496787 0.04640456
v -0.02094940 0.00990639 0.06024988
v -0.02035283 0.01471577 0.04640456
v -0.01779509 0.01325703 0.03183084
v -0.01761750 0.01261188 0.03118211
v -0.01771668 0.01471577 0.03183084
v -0.02073645 0.01496787 0.06024988
v -0.01967400 0.00407028 0.06024988
v -0.01990847 0.00479907 0.06024988
v -0.02126230 0.01409698 0.05298009
v -0.02096939 0.01034183 0.06024988
v -0.02091558 0.01496787 0.05234274
v -0.02075721 0.01471577 0.06024988
v -0.02096555 0.01134909 0.06024988
v -0.02094864 0.01179943 0.06024988
v 0.04168922 0.04013310 -0.03654990
v 0.03607344 0.04595816 -0.02793778
v 0.03607344 0.04608352 -0.02885728
v 0.03607344 0.04716709 -0.03654990
v 0.04324204 0.04013310 -0.03654990
v 0.03877108 0.04013310 0.00538594
v 0.03607344 0.04363958 -0.00780316
v 0.03607344 0.04872768 -0.03654990
v 0.04335729 0.04081706 -0.03654990
v 0.04336651 0.04013310 -0.03586438
v 0.04055669 0.04013310 0.00538594
v 0.03607344 0.04354115 0.00538594
v 0.03607344 0.04354031 0.00537363
v 0.03607344 0.04356554 -0.00024600
v 0.03607344 0.04359415 -0.00645674
v 0.03607344 0.04362528 -0.00745013
v 0.03778607 0.04823637 -0.03654990
v 0.03607344 0.04868309 -0.03523222
v 0.03778607 0.04824983 -0.03523222
v 0.04337726 0.04095756 -0.03654990
v 0.04360930 0.04013310 -0.03440713
v 0.04076645 0.04013310 0.00415447
v 0.04025090 0.04087511 0.00538594
v 0.03607344 0.04570662 0.00538594
v 0.03890093 0.04777534 -0.03654990
v 0.03892167 0.04779133 -0.03523222
v 0.03607344 0.04648481 0.00276701
v 0.03643686 0.04642760 0.00279985
v 0.03730355 0.04625009 0.00239756
v 0.04306301 0.04245925 -0.03654990
v 0.04358164 0.04095756 -0.03523222
v 0.04381137 0.04013310 -0.03294988
v 0.04148331 0.04013310 -0.00066060
v 0.04145642 0.04027864 -0.00076322
v 0.03957399 0.04239616 0.00538594
v 0.03639230 0.04566708 0.00538594
v 0.03963008 0.04727394 -0.03654990
v 0.04145795 0.04608772 -0.03523222
v 0.04144336 0.04607005 -0.03295399
v 0.04146641 0.04609361 -0.03377087
v 0.03657440 0.04557201 0.00538594
v 0.03761089 0.04499741 0.00538594
v 0.03824630 0.04450190 0.00538594
v 0.03831468 0.04444132 0.00538594
v 0.03862509 0.04477784 0.00266849
v 0.04190052 0.04501256 -0.02794188
v 0.04253209 0.04372875 -0.03654990
v 0.04288860 0.04314574 -0.03596700
v 0.04323051 0.04241551 -0.03523222
v 0.04369382 0.04095756 -0.03377087
v 0.04379063 0.04095756 -0.03231362
v 0.04385286 0.04013310 -0.03231362
v 0.04177144 0.04013310 -0.00316049
v 0.04162084 0.04057898 -0.00316049
v 0.03997353 0.04314490 0.00048467
v 0.03893089 0.04373464 0.00538594
v 0.04082484 0.04644106 -0.03654990
v 0.04143260 0.04606248 -0.03598752
v 0.04195968 0.04533056 -0.03377087
v 0.04190820 0.04533056 -0.03523222
v 0.04262967 0.04410733 -0.02794188
v 0.04267961 0.04418137 -0.02939913
v 0.03838230 0.04436897 0.00538594
v 0.04001963 0.04321305 -0.00024600
v 0.04242837 0.04395170 -0.03654990
v 0.04253286 0.04372875 -0.03654579
v 0.04260969 0.04394749 -0.03523222
v 0.04291703 0.04321893 -0.03523222
v 0.04174378 0.04541806 -0.03654990
v 0.04332655 0.04241551 -0.03377087
v 0.04340416 0.04241551 -0.03231362
v 0.04346024 0.04241551 -0.03085637
v 0.04384057 0.04095756 -0.03085637
v 0.04392201 0.04013310 -0.03085637
v 0.04389973 0.04013310 -0.03149264
v 0.04350942 0.04013310 -0.01982646
v 0.04335037 0.04095756 -0.02065155
v 0.04134578 0.04298758 -0.01045083
v 0.04313140 0.04219845 -0.02356604
v 0.04172918 0.04544498 -0.03654990
v 0.04173763 0.04543068 -0.03654990
v 0.04268115 0.04418557 -0.03085637
v 0.04267961 0.04413425 -0.03231362
v 0.04265272 0.04405517 -0.03377087
v 0.04289782 0.04316930 -0.02563492
v 0.04293239 0.04325006 -0.02648464
v 0.04297850 0.04337878 -0.02794188
v 0.04300615 0.04345281 -0.02939913
v 0.04301153 0.04345702 -0.03085637
v 0.04295314 0.04332662 -0.03377087
v 0.04344795 0.04241551 -0.02939913
v 0.04381598 0.04095756 -0.02939913
v 0.04382905 0.04013310 -0.02711680
v 0.04361775 0.04013310 -0.02128781
v 0.04348560 0.04095756 -0.02210880
v 0.04313831 0.04251730 -0.02510128
v 0.04328199 0.04241551 -0.02648464
v 0.04337726 0.04241551 -0.02794188
v 0.04364926 0.04095756 -0.02502739
v 0.04371841 0.04095756 -0.02648464
v 0.04377219 0.04095756 -0.02794188
v 0.04378909 0.04013310 -0.02565955
v 0.04368767 0.04013310 -0.02274506
v 0.04357396 0.04095756 -0.02356604
v -0.00490101 0.03392463 -0.03355735
v -0.00490101 0.03422651 -0.03413867
v -0.00498394 0.03392463 -0.03305983
v -0.00490101 0.03392463 -0.03882590
v -0.00490101 0.03897198 -0.04443487
v -0.01175758 0.03392463 0.00412903
v -0.00498394 0.03392463 -0.03870545
v -0.00490101 0.03576452 -0.04341887
v -0.00490101 0.03897198 -0.04811657
v -0.01486263 0.03897198 0.00538594
v -0.01202230 0.03392859 0.00538594
v -0.01198480 0.03392463 0.00513456
v -0.00529638 0.03392463 -0.03818174
v -0.00643138 0.03605355 -0.04132925
v -0.00827305 0.03718940 -0.04058034
v -0.00490101 0.03601600 -0.04397924
v -0.00813899 0.03439547 -0.03450527
v -0.00490101 0.03858710 -0.04777616
v -0.00519299 0.03880696 -0.04759286
v -0.00509074 0.03897198 -0.04787043
v -0.01640664 0.03897198 0.00538594
v -0.01350950 0.03392463 0.00538594
v -0.00695968 0.03392463 -0.03515468
v -0.00878772 0.03518894 -0.03506565
v -0.00966482 0.03578577 -0.03465715
v -0.00928421 0.03804857 -0.03974764
v -0.00861503 0.03800608 -0.04106740
v -0.00799584 0.03749720 -0.04155445
v -0.00673700 0.03725758 -0.04333507
v -0.00698127 0.03705600 -0.04251808
v -0.00490101 0.03605404 -0.04405780
v -0.00757774 0.03392463 -0.03394490
v -0.00972730 0.03429913 -0.02909008
v -0.01025788 0.03484112 -0.02950381
v -0.01112021 0.03578083 -0.03035747
v -0.01008405 0.03543548 -0.03231615
v -0.00983978 0.03563804 -0.03377208
v -0.00715396 0.03392463 -0.03478284
v -0.00490101 0.03732922 -0.04621550
v -0.00512483 0.03741173 -0.04602696
v -0.00553951 0.03838355 -0.04661875
v -0.00512483 0.03897198 -0.04782330
v -0.00682107 0.03858167 -0.04494287
v -0.01638732 0.03897198 0.00505600
v -0.01643050 0.03804116 0.00412903
v -0.01650321 0.03804116 0.00538594
v -0.01449339 0.03392463 0.00538594
v -0.01096228 0.03596709 -0.03133157
v -0.01081231 0.03620374 -0.03231615
v -0.01059758 0.03664939 -0.03375636
v -0.00971594 0.03853967 -0.03936009
v -0.00831282 0.03846902 -0.04214625
v -0.01111680 0.03717952 -0.03325884
v -0.00641888 0.03760985 -0.04430918
v -0.00544635 0.03708960 -0.04505809
v -0.00490101 0.03675166 -0.04533566
v -0.00929330 0.03392463 -0.02853495
v -0.00989318 0.03419242 -0.02794315
v -0.01062258 0.03474280 -0.02794315
v -0.01124745 0.03565830 -0.02939907
v -0.01225066 0.03636234 -0.02648199
v -0.01140083 0.03650512 -0.03084976
v -0.01126563 0.03693249 -0.03231615
v -0.00490101 0.03707033 -0.04582795
v -0.00597920 0.03799670 -0.04548230
v -0.00523162 0.03897198 -0.04765047
v -0.00685175 0.03897198 -0.04501619
v -0.01626008 0.03897198 0.00360008
v -0.01633165 0.03804116 0.00266787
v -0.01645436 0.03658318 0.00412903
v -0.01650662 0.03784008 0.00538594
v -0.01450702 0.03393600 0.00538594
v -0.01517620 0.03460644 0.00412903
v -0.01435591 0.03392463 0.00429662
v -0.01108044 0.03863750 -0.03458383
v -0.00971594 0.03897198 -0.03936009
v -0.01120542 0.03810737 -0.03375636
v -0.00857754 0.03897198 -0.04161730
v -0.01253583 0.03724770 -0.02731993
v -0.01159170 0.03804116 -0.03231615
v -0.00948190 0.03392463 -0.02789078
v -0.00959779 0.03392463 -0.02747705
v -0.00990909 0.03392463 -0.02621490
v -0.01007269 0.03407878 -0.02648199
v -0.01080095 0.03459261 -0.02648199
v -0.01140992 0.03547204 -0.02794315
v -0.01246880 0.03593596 -0.02409910
v -0.01616691 0.03897198 0.00266787
v -0.01402189 0.03897198 -0.01731178
v -0.01417300 0.03804116 -0.01628530
v -0.01594196 0.03533568 0.00412903
v -0.01648617 0.03658318 0.00538594
v -0.01400144 0.03720669 -0.01718608
v -0.01405484 0.03702586 -0.01628530
v -0.01395031 0.03588754 -0.01398096
v -0.01523528 0.03456691 0.00538594
v -0.01240858 0.03449033 -0.01628530
v -0.01168714 0.03392463 -0.01628530
v -0.01159397 0.03897198 -0.03231615
v -0.01108044 0.03897198 -0.03458383
v -0.01254378 0.03804116 -0.02736183
v -0.01260172 0.03709108 -0.02648199
v -0.01403325 0.03804116 -0.01736415
v -0.01016244 0.03392463 -0.02494227
v -0.01152240 0.03532135 -0.02648199
v -0.01093842 0.03449775 -0.02502607
v -0.01228701 0.03460496 -0.01774122
v -0.01254605 0.03580849 -0.02313023
v -0.01256082 0.03897198 -0.02675956
v -0.01252901 0.03884451 -0.02730946
v -0.01534094 0.03466770 0.00538594
v -0.01594309 0.03529615 0.00538594
v -0.01641573 0.03641174 0.00538594
v -0.01305163 0.03521908 -0.01628530
v -0.01377990 0.03629762 -0.01628530
v -0.01245062 0.03897198 -0.02743515
v -0.00335963 0.03392247 -0.03695919
v -0.00592254 0.03392247 -0.03695919
v -0.00312400 0.03371071 -0.03695919
v -0.00319659 0.03392247 -0.03722383
v -0.00230208 0.03392247 -0.04464526
v 0.00058357 0.01841217 -0.05494730
v -0.00381303 0.01280918 -0.04623502
v -0.00663502 0.01184978 -0.03695919
v -0.00305923 0.03365021 -0.03695919
v 0.00477357 0.03392247 -0.05037411
v -0.00189112 0.03392247 -0.03937524
v -0.00198269 0.03392247 -0.04525451
v 0.00138092 0.01897398 -0.05522336
v 0.00122346 0.01765372 -0.05538329
v 0.00122346 0.01617789 -0.05541185
v 0.00056794 0.01569387 -0.05496253
v -0.00186320 0.03392247 -0.04547917
v -0.00177275 0.03392247 -0.04562006
v -0.00113062 0.03392247 -0.04648634
v 0.00280588 0.03392247 -0.05121754
v 0.00352059 0.03392247 -0.05199624
v 0.00397957 0.03392247 -0.05232181
v 0.00416383 0.03392247 -0.05244176
v 0.00477357 0.03392247 -0.05280731
v -0.00381303 0.01213717 -0.04623502
v -0.00393587 0.01184978 -0.04578570
v -0.00445403 0.01184978 -0.03695919
v -0.00299781 0.03358539 -0.03695919
v 0.00477357 0.03371071 -0.05017230
v -0.00233893 0.03287016 -0.03695919
v 0.00279695 0.01909066 -0.05569363
v 0.00279695 0.01763211 -0.05592019
v 0.00133849 0.01471718 -0.05546516
v 0.00057129 0.01471718 -0.05496062
v 0.00477357 0.01863041 -0.05563080
v -0.00379069 0.01184978 -0.04620456
v 0.00060032 0.01391120 -0.05492445
v -0.00389901 0.01184978 -0.03771694
v -0.00356511 0.01499376 -0.03695919
v -0.00207427 0.03234292 -0.03695919
v -0.00200279 0.03220031 -0.03695919
v 0.00370485 0.03220895 -0.04737546
v 0.00386678 0.03075040 -0.04707274
v 0.00477357 0.03220895 -0.04953449
v 0.00477357 0.01184978 -0.05640759
v 0.00279695 0.01617573 -0.05593352
v 0.00274781 0.01184978 -0.05579073
v 0.00149595 0.01184978 -0.05535473
v 0.00077118 0.01184978 -0.05438374
v 0.00146914 0.01184978 -0.05532237
v -0.00389008 0.01184978 -0.03773408
v -0.00284816 0.01763211 -0.03695919
v -0.00164320 0.03102050 -0.03695919
v -0.00157285 0.03077633 -0.03695919
v -0.00139640 0.02958140 -0.03695919
v -0.00137072 0.02929401 -0.03695919
v 0.00388018 0.02929401 -0.04703085
v 0.00448880 0.02637692 -0.04835216
v 0.00477357 0.03083035 -0.04956305
v 0.00477357 0.01184978 -0.05450178
v 0.00379754 0.02346198 -0.04721363
v 0.00396394 0.02492053 -0.04709559
v -0.00138859 0.02783979 -0.03695919
v -0.00135509 0.02818336 -0.03695919
v 0.00398404 0.02637692 -0.04715461
v 0.00477357 0.02833029 -0.05018182
v 0.00477357 0.03075040 -0.04957257
v 0.00441287 0.02492053 -0.04835216
v 0.03210342 0.01573348 -0.05858756
v 0.03408993 0.01573348 -0.05858756
v 0.03210116 0.01573348 -0.05856756
v 0.03134816 0.01708321 -0.05855645
v 0.03136852 0.01706184 -0.05858756
v 0.03147819 0.03392285 -0.05858756
v 0.03826419 0.03392285 -0.04283176
v 0.03840552 0.03392285 -0.04244959
v 0.03883629 0.03392285 -0.04121864
v 0.03888490 0.03392285 -0.04106755
v 0.03898553 0.01617508 -0.03960772
v 0.03891543 0.01573348 -0.03961439
v 0.03210003 0.01573348 -0.05855645
v 0.03097958 0.01781150 -0.05855645
v 0.03134025 0.01711526 -0.05858756
v 0.03132329 0.01708321 -0.05709886
v 0.02956065 0.03392285 -0.05858756
v 0.03913025 0.03392285 -0.04006545
v 0.03920261 0.03392285 -0.03968327
v 0.03984706 0.03392285 -0.03589041
v 0.03909520 0.01617508 -0.03815013
v 0.03895840 0.01573348 -0.03916778
v 0.03219952 0.01573348 -0.05739660
v 0.03064491 0.01909001 -0.05855645
v 0.03065961 0.01905796 -0.05858756
v 0.03098410 0.01782218 -0.05858756
v 0.03100106 0.01781328 -0.05709886
v 0.02975059 0.02124104 -0.05486358
v 0.02975059 0.02124104 -0.05505467
v 0.03371343 0.01573348 -0.04543810
v 0.02955612 0.03391217 -0.05858756
v 0.02892072 0.03220986 -0.05564126
v 0.02946793 0.03339934 -0.05564126
v 0.02984217 0.03392285 -0.05564126
v 0.03798606 0.03392285 -0.03589041
v 0.03819749 0.01573348 -0.03589041
v 0.03872210 0.01573348 -0.03698139
v 0.03896631 0.01573348 -0.03782129
v 0.03903414 0.01573348 -0.03815013
v 0.02962396 0.02349357 -0.05713663
v 0.02974494 0.02399749 -0.05788320
v 0.03065396 0.01909001 -0.05858756
v 0.02961492 0.02198001 -0.05558127
v 0.02926668 0.02346329 -0.05564126
v 0.02962170 0.02200672 -0.05457251
v 0.03390790 0.01573348 -0.04472041
v 0.02949620 0.03372698 -0.05858756
v 0.02829774 0.03010157 -0.05499468
v 0.02829774 0.03010157 -0.05487469
v 0.02932548 0.03232739 -0.05406369
v 0.02958100 0.03317142 -0.05447030
v 0.02990210 0.03392285 -0.05539018
v 0.03075798 0.03392285 -0.05269497
v 0.02980260 0.03289185 -0.05349931
v 0.03763896 0.03327648 -0.03589041
v 0.03663496 0.01573348 -0.03589041
v 0.02829774 0.02994487 -0.05499468
v 0.03007508 0.02349178 -0.05858756
v 0.02899647 0.02929315 -0.05709886
v 0.02829774 0.02994487 -0.05487469
v 0.02942950 0.02346329 -0.05427032
v 0.03398817 0.01573348 -0.04445823
v 0.02949281 0.03216357 -0.05858756
v 0.02893654 0.03075151 -0.05709886
v 0.02868555 0.03065179 -0.05430588
v 0.03323970 0.02783480 -0.04252292
v 0.03345112 0.02929315 -0.04252292
v 0.03404922 0.03026183 -0.04166080
v 0.03694814 0.03178073 -0.03589041
v 0.03022885 0.03392285 -0.05410368
v 0.03033060 0.03392285 -0.05379705
v 0.03701033 0.03191606 -0.03589041
v 0.03648572 0.01841158 -0.03589041
v 0.03325892 0.02637822 -0.04252292
v 0.03336294 0.02491987 -0.04252292
v 0.03292199 0.02346329 -0.04398051
v 0.02949733 0.02929315 -0.05831204
v 0.02967823 0.02929315 -0.05858756
v 0.02949846 0.03196235 -0.05858756
v 0.03628221 0.02346329 -0.03589041
v 0.03628786 0.02491987 -0.03589041
v 0.03681586 0.03075151 -0.03589041
v 0.03390450 0.02929315 -0.04148527
v 0.03690518 0.03154568 -0.03589041
v 0.03630821 0.02200672 -0.03589041
v 0.03629125 0.02280623 -0.03589041
v 0.02323015 0.07302973 -0.01444963
v 0.02251512 0.07240661 -0.00807028
v 0.02251512 0.07213788 -0.00807028
v 0.02318994 0.07265684 -0.01444963
v 0.02280447 0.07421064 -0.01444963
v 0.01971778 0.07260568 0.01431093
v 0.01990512 0.07157208 0.01287515
v 0.02256613 0.07196345 -0.00899086
v 0.02302908 0.07157208 -0.01444963
v 0.02118315 0.07109256 0.00181123
v 0.02212475 0.07493854 -0.01444963
v 0.01857118 0.07416503 0.01431093
v 0.01930093 0.07333482 0.01431093
v 0.01930779 0.07332311 0.01431093
v 0.01971582 0.07150366 0.01431093
v 0.02252886 0.07109256 -0.01163156
v 0.02293590 0.07136807 -0.01444963
v 0.01964520 0.07109256 0.01413919
v 0.02139501 0.07540881 -0.01444963
v 0.01752856 0.07489294 0.01431093
v 0.01968639 0.07137300 0.01431093
v 0.02280153 0.07109256 -0.01444963
v 0.01959420 0.07109256 0.01431093
v 0.01843975 0.07684736 -0.01444963
v 0.01839071 0.07682887 -0.01336294
v 0.01593372 0.07578232 0.01431093
v 0.01679979 0.07530095 0.01431093
v 0.01751679 0.07489972 0.01431093
v 0.02069273 0.07109256 -0.01444963
v 0.01779044 0.07109256 0.01431093
v 0.01737653 0.07715676 -0.01444963
v 0.01737653 0.07710931 -0.01336294
v 0.01374842 0.07667848 0.01431093
v 0.01445560 0.07644119 0.01431093
v 0.01450072 0.07642455 0.01431093
v 0.01591802 0.07578971 0.01431093
v 0.01320994 0.07585197 -0.01444963
v 0.02056522 0.07109256 -0.01336294
v 0.01320994 0.07477768 -0.00461597
v 0.01320994 0.07506243 -0.00878254
v 0.01320994 0.07516659 -0.01017045
v 0.01320994 0.07497984 0.01431093
v 0.01320994 0.07458846 0.00725029
v 0.01320994 0.07458045 0.00704478
v 0.01320994 0.07454039 0.00579199
v 0.01320994 0.07451758 0.00433651
v 0.01320994 0.07451758 0.00412818
v 0.01320994 0.07453237 0.00287821
v 0.01320994 0.07453607 0.00266988
v 0.01591802 0.07733181 -0.01444963
v 0.01320994 0.07668218 0.01431093
v 0.01446050 0.07738913 -0.01444963
v 0.01320994 0.07736447 -0.01444963
v 0.01642477 0.07726545 -0.01445158
v 0.01591719 0.07733177 -0.01445158
v 0.01642477 0.07571768 -0.01445158
v 0.01642477 0.07862989 -0.02357152
v 0.01445963 0.07738840 -0.01445158
v 0.00853666 0.07119437 -0.01445158
v 0.01047794 0.07119437 -0.02940037
v 0.01065234 0.07119437 -0.03075241
v 0.01105252 0.07119437 -0.03443874
v 0.01642477 0.07547997 -0.03443874
v 0.01591719 0.07862393 -0.02357152
v 0.01371524 0.07813434 -0.01989498
v 0.01382263 0.07813434 -0.01989498
v 0.01642477 0.07878191 -0.02502726
v 0.01591719 0.07877967 -0.02502726
v 0.01300206 0.07736009 -0.01445158
v 0.00705432 0.07119437 -0.01445158
v 0.01020167 0.07119437 -0.03443874
v 0.01642477 0.07714025 -0.03443874
v 0.01154450 0.07748006 -0.01773875
v 0.01154450 0.07738691 -0.01628105
v 0.01445963 0.07857996 -0.02502726
v 0.01642477 0.07879681 -0.02648496
v 0.01591719 0.07880650 -0.02648496
v 0.01445963 0.07863660 -0.02648496
v 0.01154450 0.07720285 -0.01482334
v 0.01154450 0.07715590 -0.01445158
v 0.00704789 0.07157218 -0.01445158
v 0.00709562 0.07157218 -0.01628105
v 0.00706625 0.07119437 -0.01482334
v 0.00925902 0.07165043 -0.03443874
v 0.00933704 0.07119437 -0.03443483
v 0.01591719 0.07712758 -0.03443874
v 0.01591719 0.07819917 -0.03179726
v 0.01642477 0.07820215 -0.03180705
v 0.01026959 0.07703965 -0.01773875
v 0.01031548 0.07697110 -0.01628105
v 0.01343713 0.07824537 -0.02357152
v 0.01322052 0.07830797 -0.02648496
v 0.01050548 0.07683621 -0.01445158
v 0.01130953 0.07709107 -0.01445158
v 0.01642477 0.07872378 -0.02794267
v 0.01591719 0.07876402 -0.02794267
v 0.01445963 0.07863511 -0.02794267
v 0.01323795 0.07831244 -0.02794267
v 0.00705891 0.07194552 -0.01445158
v 0.00723238 0.07157218 -0.01773875
v 0.00712683 0.07119437 -0.01628105
v 0.00710021 0.07302978 -0.01445158
v 0.00716171 0.07302978 -0.01628105
v 0.00786663 0.07385098 -0.02459680
v 0.00786112 0.07302978 -0.02466333
v 0.00788131 0.07219293 -0.02448527
v 0.00867893 0.07302978 -0.03085807
v 0.00923240 0.07252305 -0.03443874
v 0.00786938 0.07119437 -0.02316649
v 0.01513150 0.07697929 -0.03443874
v 0.01510856 0.07814850 -0.03163682
v 0.01591719 0.07843465 -0.03085807
v 0.01642477 0.07832287 -0.03132376
v 0.01032099 0.07703593 -0.01919645
v 0.00967114 0.07649939 -0.02357152
v 0.00954081 0.07650982 -0.01773875
v 0.00958578 0.07649045 -0.01628105
v 0.01249173 0.07799871 -0.02648496
v 0.01250917 0.07799946 -0.02794267
v 0.00973539 0.07641891 -0.01482334
v 0.00977670 0.07640177 -0.01445158
v 0.01642477 0.07862169 -0.02940037
v 0.01591719 0.07867758 -0.02940037
v 0.01445963 0.07852780 -0.02940037
v 0.01342795 0.07825580 -0.02940037
v 0.00727552 0.07119437 -0.01773875
v 0.00753252 0.07428095 -0.01445158
v 0.00757291 0.07435845 -0.01628105
v 0.00763624 0.07437932 -0.01773875
v 0.00783083 0.07395307 -0.02357152
v 0.00902589 0.07553362 -0.02794267
v 0.00871840 0.07448812 -0.02940037
v 0.00924617 0.07399405 -0.03352890
v 0.00813739 0.07468261 -0.02357152
v 0.00890381 0.07302978 -0.03231578
v 0.00923240 0.07298208 -0.03443874
v 0.01466523 0.07689061 -0.03443874
v 0.01439079 0.07705679 -0.03386935
v 0.01455784 0.07777441 -0.03220033
v 0.01413654 0.07798753 -0.03128658
v 0.01360510 0.07818352 -0.03031413
v 0.01455784 0.07826177 -0.03082481
v 0.01642477 0.07855090 -0.02989540
v 0.00886618 0.07577059 -0.02357152
v 0.00870096 0.07578028 -0.01773875
v 0.00976844 0.07644946 -0.02502726
v 0.00891207 0.07572066 -0.02502726
v 0.00874043 0.07576090 -0.01628105
v 0.00883497 0.07567297 -0.01445158
v 0.00951235 0.07621547 -0.01445158
v 0.00989602 0.07635855 -0.02648496
v 0.01269917 0.07791451 -0.02940037
v 0.00915530 0.07541141 -0.02940037
v 0.00794740 0.07482271 -0.01445158
v 0.00801165 0.07508725 -0.01628105
v 0.00797218 0.07510737 -0.01773875
v 0.00896163 0.07562900 -0.02648496
v 0.00928197 0.07529665 -0.03043544
v 0.00942240 0.07512898 -0.03140789
v 0.00955549 0.07496355 -0.03231578
v 0.00935173 0.07377050 -0.03443874
v 0.00933888 0.07369225 -0.03443874
v 0.00917550 0.07317360 -0.03391827
v 0.01386944 0.07659924 -0.03443874
v 0.01332240 0.07688391 -0.03344867
v 0.01290293 0.07710150 -0.03239796
v 0.01307182 0.07774386 -0.03082481
v 0.00810619 0.07500900 -0.01445158
v 0.01187860 0.07702624 -0.03085807
v 0.01028427 0.07557386 -0.03231578
v 0.01058350 0.07537489 -0.03377348
v 0.00975559 0.07448290 -0.03391827
v 0.00940129 0.07383309 -0.03443874
v 0.01076615 0.07524970 -0.03443874
v 0.01207227 0.07683472 -0.03196749
v 0.01001626 0.07448812 -0.03443874
v 0.01971855 0.07260549 0.01431093
v 0.01971660 0.07260225 0.01433661
v 0.01971562 0.07150295 0.01431093
v 0.01940428 0.07315352 0.01431093
v 0.01869475 0.07315352 0.02308257
v 0.01855811 0.07315352 0.02454118
v 0.01858642 0.07302886 0.02454118
v 0.01970586 0.07149971 0.01438799
v 0.01968732 0.07137262 0.01431093
v 0.01840781 0.07302886 0.02599694
v 0.01704145 0.07315352 0.01431093
v 0.01839220 0.07315352 0.02599694
v 0.01818919 0.07315352 0.02768962
v 0.01814918 0.07219507 0.02699314
v 0.01950383 0.07096544 0.01491035
v 0.01933401 0.07030246 0.01431093
v 0.00974797 0.06664352 0.01431093
v 0.00974797 0.06699079 0.01431663
v 0.00974797 0.07131920 0.03911588
v 0.00974797 0.07153128 0.04057449
v 0.01230894 0.07315352 0.04347173
v 0.01808476 0.07315352 0.02829475
v 0.01693994 0.07315352 0.03417772
v 0.01672621 0.06928330 0.02839181
v 0.01811014 0.07082702 0.02384185
v 0.01830436 0.07154019 0.02441274
v 0.01852786 0.07157095 0.02308257
v 0.01873184 0.07157095 0.02162396
v 0.01870744 0.06865675 0.01433661
v 0.01871036 0.06865675 0.01431093
v 0.00974797 0.06561545 0.01431093
v 0.00974797 0.07163976 0.04203025
v 0.00974797 0.07172395 0.04347173
v 0.01439948 0.07315352 0.04347173
v 0.01642853 0.07315352 0.03648981
v 0.01615331 0.07315191 0.03757164
v 0.01385879 0.07215946 0.04347173
v 0.01384903 0.07214327 0.04347173
v 0.01384122 0.07213355 0.04347173
v 0.01365188 0.07091282 0.04114538
v 0.01525248 0.06932135 0.03274195
v 0.01527200 0.06786020 0.02839466
v 0.01614257 0.06843575 0.02745555
v 0.01763094 0.06693898 0.01431093
v 0.01827996 0.06765620 0.01431093
v 0.01828679 0.06767077 0.01433661
v 0.01817553 0.07068455 0.02308257
v 0.01828874 0.06766754 0.01431093
v 0.01008664 0.06560250 0.01431093
v 0.01190781 0.06498971 0.01915774
v 0.01067515 0.06498485 0.02051359
v 0.01056877 0.06495166 0.02162396
v 0.00974797 0.06531674 0.01972006
v 0.00974797 0.07018751 0.04347173
v 0.01615331 0.07315352 0.03757164
v 0.01296870 0.07131110 0.04347173
v 0.01280766 0.07118644 0.04347173
v 0.01240751 0.07075497 0.04314633
v 0.01381096 0.06641524 0.02686469
v 0.01470496 0.06683051 0.02599694
v 0.01541449 0.06773472 0.02745555
v 0.01559798 0.06755987 0.02599694
v 0.01521344 0.06644924 0.02247173
v 0.01690286 0.06629867 0.01431093
v 0.01300481 0.06552479 0.01431093
v 0.01239189 0.06498971 0.01915774
v 0.01147155 0.06494923 0.02008257
v 0.01154475 0.06488366 0.02162396
v 0.00974797 0.06531674 0.02308257
v 0.00974797 0.06528355 0.02151549
v 0.01062635 0.06495975 0.02308257
v 0.01008664 0.07019156 0.04347173
v 0.00974797 0.06582511 0.02599694
v 0.01075323 0.06499618 0.02387325
v 0.01099527 0.06499618 0.02387325
v 0.01183266 0.07062302 0.04347173
v 0.01164137 0.07055745 0.04347173
v 0.01300286 0.06594330 0.02599694
v 0.01234895 0.06497756 0.02262301
v 0.01397590 0.06631081 0.02599694
v 0.01493334 0.06667428 0.02454118
v 0.01508754 0.06655690 0.02344223
v 0.01420526 0.06618210 0.02454118
v 0.01454587 0.06614648 0.02300550
v 0.01546622 0.06626143 0.02016535
v 0.01591712 0.06587449 0.01431093
v 0.01446096 0.06592387 0.02162396
v 0.01445999 0.06554179 0.01431093
v 0.01247876 0.06495328 0.02016535
v 0.01244655 0.06494437 0.02162396
v 0.01150668 0.06494923 0.02309970
v 0.00974797 0.06546974 0.02446126
v 0.01196735 0.06508442 0.02359637
v 0.04398418 0.03949864 -0.03085637
v 0.04383950 0.03804133 -0.03085637
v 0.04390139 0.03949864 -0.03231362
v 0.04385342 0.04013249 -0.03231362
v 0.04389984 0.04013249 -0.03149264
v 0.04392151 0.04013249 -0.03085637
v 0.04377528 0.03949864 -0.02210880
v 0.04373505 0.03804133 -0.01773706
v 0.04378766 0.03804133 -0.02065155
v 0.04372113 0.03658401 -0.01773706
v 0.04385884 0.03804133 -0.02502739
v 0.04324764 0.03689395 -0.03085637
v 0.04368012 0.03804133 -0.03231362
v 0.04327626 0.03543907 -0.01773706
v 0.04322056 0.03546946 -0.01919430
v 0.04336601 0.04013249 -0.03586438
v 0.04360972 0.04013249 -0.03440713
v 0.04381087 0.04013249 -0.03294988
v 0.04382867 0.04013249 -0.02711680
v 0.04378921 0.04013249 -0.02565955
v 0.04368786 0.04013249 -0.02274506
v 0.04371958 0.03949864 -0.02065155
v 0.04363215 0.03949864 -0.01919430
v 0.04362906 0.03804133 -0.01627981
v 0.04368012 0.03658401 -0.01627981
v 0.04325228 0.03546459 -0.01627981
v 0.04075408 0.03392463 -0.03118887
v 0.04315015 0.03702096 -0.03231362
v 0.04315480 0.03553813 -0.02065155
v 0.04302869 0.03571376 -0.02356604
v 0.04298613 0.03719842 -0.03325365
v 0.04287782 0.03878700 -0.03654990
v 0.04312075 0.03941659 -0.03654990
v 0.04324145 0.04013249 -0.03654990
v 0.04167785 0.03392463 -0.01944881
v 0.04252193 0.03474080 -0.01919430
v 0.04183103 0.03392463 -0.01336532
v 0.04183103 0.03392463 -0.01342279
v 0.04087555 0.03392463 -0.02976857
v 0.04078270 0.03392463 -0.03085637
v 0.04361823 0.04013249 -0.02128781
v 0.04350991 0.04013249 -0.01982646
v 0.04293894 0.03890611 -0.00944102
v 0.04314164 0.03804133 -0.01045083
v 0.04340082 0.03658401 -0.01336532
v 0.04312075 0.03554299 -0.01336532
v 0.04318961 0.03549255 -0.01482667
v 0.04057381 0.03392463 -0.03231773
v 0.03999510 0.03392463 -0.03523222
v 0.03970343 0.03392463 -0.03654990
v 0.04247241 0.03813917 -0.03654990
v 0.04168868 0.04013249 -0.03654990
v 0.04159584 0.03392463 -0.02065155
v 0.04163143 0.03392463 -0.01190807
v 0.04177146 0.04013249 -0.00316049
v 0.04146199 0.03885020 0.00368240
v 0.04297685 0.03799392 -0.00896895
v 0.04290567 0.03747615 -0.00811513
v 0.04290567 0.03724886 -0.00811513
v 0.04296060 0.03694804 -0.00899358
v 0.04150996 0.03707080 0.00266849
v 0.04160744 0.03677180 0.00121124
v 0.04132737 0.03604314 0.00121124
v 0.04035950 0.03539167 0.00538594
v 0.03785279 0.03392463 -0.03654990
v 0.03948602 0.03673594 -0.03654990
v 0.03877115 0.04013249 0.00538594
v 0.04019007 0.03392463 -0.00190028
v 0.04148365 0.04013249 -0.00066060
v 0.04112467 0.03940140 0.00415037
v 0.04055679 0.04013249 0.00538594
v 0.04084228 0.03948527 0.00538594
v 0.04101790 0.03823154 0.00538594
v 0.04104343 0.03804133 0.00538594
v 0.04146199 0.03804133 0.00366188
v 0.04159120 0.03804133 0.00266849
v 0.04144033 0.03728046 0.00346895
v 0.04086239 0.03660042 0.00538594
v 0.04121983 0.03634275 0.00266849
v 0.04044770 0.03556973 0.00538594
v 0.03967016 0.03466301 0.00538594
v 0.04015912 0.03392463 -0.00170325
v 0.03608030 0.03392463 0.00538594
v 0.03789457 0.03400303 -0.03654990
v 0.03830230 0.03475842 -0.03654990
v 0.04076646 0.04013249 0.00415447
v 0.04089953 0.03682953 0.00538594
v 0.03904193 0.03416225 0.00538594
v 0.03997885 0.03392463 -0.00073449
v 0.03873169 0.03392463 0.00538594
v 0.03881293 0.03398601 0.00538594
v -0.00679022 0.02699480 -0.01510296
v -0.00548241 0.01908840 -0.01746915
v -0.00542742 0.02054694 -0.01733436
v -0.00658825 0.02699480 -0.01541745
v -0.00893690 0.02699480 -0.01510296
v -0.00966679 0.00491996 -0.01510296
v -0.00519745 0.01799070 -0.01837626
v -0.00514346 0.01908840 -0.01819869
v -0.00506647 0.02054694 -0.01806390
v -0.00753111 0.00491996 -0.01811311
v -0.00685521 0.00491996 -0.01918282
v -0.00652726 0.00491996 -0.01970697
v -0.00614131 0.02699480 -0.01622615
v -0.00768608 0.02699480 -0.02440512
v -0.00821801 0.02589279 -0.02452279
v -0.00962280 0.01851578 -0.02581927
v -0.00954881 0.02401937 -0.01510296
v -0.01143553 0.00491996 -0.01510296
v -0.00467753 0.02200333 -0.01919779
v -0.00640927 0.00491996 -0.01998295
v -0.00612332 0.00491996 -0.02065473
v -0.00273382 0.00491996 -0.03695919
v -0.00507147 0.02200333 -0.01816232
v -0.00507347 0.02637681 -0.01953154
v -0.00513446 0.02699480 -0.01964065
v -0.00485150 0.02357640 -0.01906087
v -0.00493249 0.02492043 -0.01934541
v -0.00754011 0.02699480 -0.02506620
v -0.00556940 0.02699480 -0.03379286
v -0.01032269 0.01471707 -0.02648463
v -0.01046267 0.01471707 -0.02502983
v -0.01107358 0.01418552 -0.01510296
v -0.01135154 0.00491996 -0.01560358
v -0.01159950 0.00559413 -0.01510296
v -0.00153900 0.02699480 -0.03695919
v -0.00155399 0.02699480 -0.03688002
v -0.00159099 0.02699480 -0.03668962
v -0.00476752 0.02637681 -0.02065473
v -0.00488050 0.00491996 -0.03695919
v -0.00487250 0.02699480 -0.02064189
v -0.00530044 0.02699480 -0.03460583
v -0.00670223 0.02000242 -0.03456305
v -0.00814802 0.01115390 -0.03454593
v -0.00814802 0.01097455 -0.03454593
v -0.01031469 0.01325853 -0.02648463
v -0.01175348 0.00742866 -0.01510296
v -0.01165949 0.00888504 -0.01510296
v -0.01145652 0.01034359 -0.01628177
v -0.01128655 0.01180214 -0.01628177
v -0.01125955 0.00491996 -0.01606141
v -0.01167749 0.00594850 -0.01510296
v -0.00325274 0.02699480 -0.03695919
v -0.00525544 0.00491996 -0.03634304
v -0.00642127 0.00560277 -0.03523054
v -0.00669923 0.00666589 -0.03598361
v -0.00540142 0.00572594 -0.03695919
v -0.00406362 0.02470651 -0.03695919
v -0.00449156 0.02335384 -0.03695919
v -0.00667423 0.01688869 -0.03595366
v -0.00700718 0.01631175 -0.03537388
v -0.00732914 0.01471707 -0.03523054
v -0.00783206 0.01170490 -0.03511287
v -0.00712817 0.01180214 -0.03644145
v -0.00714317 0.01034359 -0.03643503
v -0.00784106 0.01043003 -0.03511287
v -0.00752611 0.00888504 -0.03523054
v -0.00725715 0.00742866 -0.03523054
v -0.00904688 0.00597011 -0.02648463
v -0.01139253 0.00585127 -0.01641014
v -0.01159350 0.00742866 -0.01628177
v -0.00880792 0.00491996 -0.02648463
v -0.00615731 0.00491996 -0.03474276
v -0.00664824 0.00527217 -0.03440687
v -0.00688320 0.00633313 -0.03523054
v -0.00681921 0.00742866 -0.03611198
v -0.00613631 0.00742866 -0.03695919
v -0.00608432 0.00728388 -0.03695919
v -0.00567038 0.00620564 -0.03695919
v -0.00644927 0.01348757 -0.03695919
v -0.00691120 0.01471707 -0.03622537
v -0.00678122 0.01591849 -0.03607989
v -0.00703318 0.01325853 -0.03636443
v -0.00648826 0.01325853 -0.03695919
v -0.00664124 0.01180214 -0.03695919
v -0.00664224 0.01034359 -0.03695919
v -0.00648026 0.00909464 -0.03695919
v -0.00644727 0.00888504 -0.03695919
v -0.00701718 0.00888504 -0.03631522
v -0.00643127 0.00491996 -0.03412660
v 0.00936439 0.02367819 0.06674473
v 0.00936439 0.02367819 0.06522930
v 0.00862659 0.02367819 0.06678221
v 0.00793998 0.01116128 0.06901484
v 0.00936439 0.01254978 0.06844579
v 0.00936439 0.02346235 0.06523278
v -0.01177895 0.02367819 0.06115008
v 0.00716905 0.01126155 0.06903140
v 0.00425397 0.02367819 0.06678482
v 0.00716905 0.01034382 0.06908194
v 0.00795503 0.01034382 0.06901920
v 0.00936439 0.01034382 0.06859829
v 0.00936439 0.01104912 0.06856866
v 0.00936439 0.01175951 0.06852857
v 0.00936439 0.02200417 0.06530599
v -0.01867214 0.00631597 0.06025075
v -0.01744648 0.02367819 0.06025075
v 0.00629272 0.01123606 0.06902878
v -0.00886387 0.02367819 0.06502276
v -0.00965287 0.01861025 0.06610858
v 0.00793395 0.00957564 0.06901310
v 0.00571151 0.00888564 0.06915253
v 0.00936439 0.00894172 0.06850679
v 0.00936439 0.02054599 0.06542102
v -0.02030735 0.00631597 0.06025075
v 0.00936439 0.00631597 0.06660879
v -0.01991586 0.02367819 0.06025075
v 0.00473580 0.00888564 0.06910547
v -0.00886387 0.01471666 0.06668025
v -0.00992089 0.02367819 0.06486939
v -0.01008350 0.02367819 0.06484238
v -0.01761211 0.02367819 0.06232478
v -0.01761211 0.01617314 0.06368510
v -0.01906965 0.01180030 0.06394741
v -0.01020095 0.01471666 0.06640749
v 0.00936439 0.00631597 0.06824797
v 0.00571151 0.00785233 0.06909327
v 0.00470268 0.00776396 0.06911854
v -0.02030133 0.00631597 0.06042504
v -0.02131016 0.00946177 0.06182283
v -0.02131016 0.00946177 0.06148471
v -0.02040372 0.00669327 0.06025075
v -0.02066872 0.01617314 0.06025075
v -0.02087651 0.01617314 0.06098538
v -0.02132221 0.01296446 0.06150563
v -0.01991586 0.02367819 0.06048255
v -0.00886387 0.01325848 0.06677611
v -0.01177895 0.00631597 0.06643799
v -0.01862998 0.02367819 0.06189429
v -0.02017485 0.01180030 0.06344197
v -0.01906965 0.01034382 0.06401625
v -0.01615156 0.00631597 0.06536699
v -0.01615156 0.00742746 0.06527897
v -0.01461271 0.00631597 0.06581142
v -0.01308591 0.00631597 0.06618701
v 0.00571151 0.00712324 0.06880482
v 0.00571151 0.00631597 0.06841790
v 0.00424795 0.00631597 0.06833512
v 0.00469364 0.00631597 0.06837956
v -0.02028025 0.00631597 0.06098538
v -0.02093072 0.01034382 0.06270909
v -0.02139147 0.01034382 0.06197969
v -0.02001524 0.00631597 0.06221062
v -0.01967194 0.00631597 0.06292956
v -0.01973819 0.00688701 0.06308642
v -0.02139147 0.01034382 0.06128690
v -0.02074702 0.00817354 0.06025075
v -0.02094879 0.01180030 0.06025075
v -0.02140050 0.01180030 0.06130258
v -0.02132221 0.01296446 0.06185072
v -0.01985262 0.02006333 0.06176793
v -0.01984660 0.02367819 0.06057406
v -0.01925033 0.02367819 0.06133570
v -0.02090362 0.01180030 0.06272913
v -0.02020195 0.01034382 0.06349600
v -0.01714835 0.00631597 0.06482321
v -0.02140050 0.01180030 0.06200061
v -0.01987973 0.00785913 0.06325287
v -0.02003331 0.00888564 0.06337574
v -0.01897027 0.00631597 0.06359709
v -0.02096686 0.01034382 0.06025075
v -0.02094879 0.00990874 0.06025075
v -0.02096384 0.01135163 0.06025075
v -0.01936778 0.02367819 0.06119627
v -0.01787712 0.00631597 0.06433607
v 0.03903408 0.01573347 -0.03815013
v 0.03896714 0.01573347 -0.03782129
v 0.03889549 0.01471582 -0.03815013
v 0.03895866 0.01573347 -0.03916778
v 0.03872298 0.01573347 -0.03698139
v 0.03867018 0.01471582 -0.03706360
v 0.03863153 0.01366026 -0.03815013
v 0.03861079 0.01376324 -0.03916556
v 0.03875126 0.01470009 -0.03963439
v 0.03857403 0.01377469 -0.03727691
v 0.03754929 0.00954245 -0.03589041
v 0.03732397 0.00842825 -0.03589041
v 0.03891529 0.01573347 -0.03961439
v 0.03819694 0.01573347 -0.03589041
v 0.03819505 0.01568985 -0.03589041
v 0.03812246 0.01412869 -0.03589041
v 0.03801122 0.01244022 -0.03589041
v 0.03779439 0.01100063 -0.03589041
v 0.03724196 0.00842825 -0.03666587
v 0.03714486 0.00921348 -0.03960772
v 0.03457217 0.01180088 -0.05709886
v 0.03431575 0.01185738 -0.05846091
v 0.03431669 0.01196394 -0.05858756
v 0.03453163 0.01325621 -0.05858756
v 0.03582316 0.00842825 -0.03589041
v 0.03453446 0.01328982 -0.05858756
v 0.03439211 0.01471582 -0.05858756
v 0.03438834 0.01473942 -0.05858756
v 0.03419225 0.01555040 -0.05858756
v 0.03409044 0.01573347 -0.05858756
v 0.03663579 0.01573347 -0.03589041
v 0.03706850 0.00842825 -0.03815013
v 0.03691672 0.00842825 -0.03930777
v 0.03689409 0.00848475 -0.03960772
v 0.03417434 0.01100492 -0.05791209
v 0.03430255 0.01191745 -0.05858756
v 0.03142724 0.00842825 -0.04352945
v 0.03210318 0.01573347 -0.05858756
v 0.03398768 0.01573347 -0.04445823
v 0.03063536 0.00842825 -0.04543810
v 0.03099076 0.00842825 -0.04444268
v 0.03103601 0.00842825 -0.04432047
v 0.03106901 0.00842825 -0.04424492
v 0.03687901 0.00842825 -0.03952996
v 0.03300159 0.00842825 -0.05697665
v 0.03362756 0.01044854 -0.05846091
v 0.03357100 0.01043924 -0.05858756
v 0.03363981 0.01056225 -0.05858756
v 0.03403199 0.01128598 -0.05858756
v 0.02940416 0.00842825 -0.05858756
v 0.03209940 0.01573347 -0.05855645
v 0.03390849 0.01573347 -0.04472041
v 0.03371335 0.01573347 -0.04543810
v 0.03053920 0.00842825 -0.04590916
v 0.03276780 0.00842825 -0.05751214
v 0.03289883 0.00929787 -0.05855645
v 0.03290072 0.00932218 -0.05858756
v 0.03036479 0.00842825 -0.04689570
v 0.03216634 0.00842825 -0.05858756
v 0.03219933 0.01573347 -0.05739660
v 0.03244256 0.00842825 -0.05816539
v 0.03289129 0.00930931 -0.05858756
v 0.03217954 0.00844184 -0.05858756
v 0.03229078 0.00842825 -0.05840980
v 0.03231529 0.00856913 -0.05855645
v 0.03230398 0.00857915 -0.05858756
v 0.01320894 0.07668188 0.01431093
v 0.01304316 0.07668311 0.01431093
v 0.01320894 0.07497942 0.01431093
v 0.01320894 0.07736458 -0.01444963
v 0.01300544 0.07668311 0.01431093
v 0.01320894 0.07458896 0.00725029
v 0.00466557 0.07109256 0.01431093
v 0.00522745 0.07109256 0.01146753
v 0.00540813 0.07109256 0.01050190
v 0.00829695 0.07109256 -0.01190464
v 0.00847167 0.07109256 -0.01336294
v 0.01320894 0.07585183 -0.01444963
v 0.01300146 0.07736029 -0.01444963
v 0.01233932 0.07667206 0.01431093
v 0.01293495 0.07668249 0.01431093
v 0.01320894 0.07458036 0.00704478
v 0.00316061 0.07109256 0.01431093
v 0.00854414 0.07109256 -0.01444963
v 0.01320894 0.07516667 -0.01017045
v 0.01154415 0.07715646 -0.01444963
v 0.00862852 0.07623861 0.01431093
v 0.01320894 0.07454045 0.00579199
v 0.00307126 0.07155302 0.01431093
v 0.00319337 0.07109256 0.01374506
v 0.00705605 0.07109256 -0.01444963
v 0.01320894 0.07506230 -0.00878254
v 0.01320894 0.07477805 -0.00461597
v 0.01320894 0.07472955 -0.00315767
v 0.01320894 0.07453616 0.00266988
v 0.01320894 0.07453247 0.00287821
v 0.01320894 0.07451774 0.00412818
v 0.01320894 0.07451712 0.00433651
v 0.01130788 0.07709138 -0.01444963
v 0.00717121 0.07603049 0.01431093
v 0.00719404 0.07603417 0.01431093
v 0.00306928 0.07157205 0.01431093
v 0.00340283 0.07109256 0.01082847
v 0.00704811 0.07157205 -0.01444963
v 0.00617451 0.07109256 -0.00946101
v 0.00605241 0.07157205 -0.00899086
v 0.01050477 0.07683598 -0.01444963
v 0.00603553 0.07552399 0.01431093
v 0.00330951 0.07308173 0.01431093
v 0.00340085 0.07257216 0.01141685
v 0.00346934 0.07241376 0.01038366
v 0.00330753 0.07157205 0.01141685
v 0.00346636 0.07109256 0.01027949
v 0.00705903 0.07194533 -0.01444963
v 0.00610105 0.07109256 -0.00902746
v 0.00583699 0.07157205 -0.00753257
v 0.00635419 0.07259856 -0.01015919
v 0.00709973 0.07303016 -0.01444963
v 0.00586180 0.07109256 -0.00753257
v 0.00977512 0.07640192 -0.01444963
v 0.00601965 0.07551662 0.01431093
v 0.00355472 0.07370058 0.01431093
v 0.00753256 0.07428014 -0.01444963
v 0.00344949 0.07157205 0.01020067
v 0.00624897 0.07282756 -0.00899086
v 0.00951105 0.07621528 -0.01444963
v 0.00600773 0.07550864 0.01431093
v 0.00416822 0.07417455 0.01431093
v 0.00883402 0.07567317 -0.01444963
v 0.00810635 0.07500889 -0.01444963
v 0.00794751 0.07482225 -0.01444963
v 0.00419999 0.07419787 0.01431093
v 0.03224674 0.03392463 0.05327602
v 0.03127400 0.04360662 0.05327602
v 0.03411389 0.03392463 0.05327602
v 0.03166758 0.03392463 0.05806956
v 0.03127400 0.04357484 0.05356856
v 0.03127400 0.04551895 0.05327602
v 0.03166459 0.03392463 0.05825499
v 0.03572563 0.03572007 0.05327602
v 0.03406850 0.03392463 0.05453833
v 0.03127400 0.04356122 0.05369640
v 0.03225771 0.04503434 0.05327602
v 0.03127400 0.04547810 0.05806956
v 0.03165861 0.03392463 0.05968546
v 0.03610575 0.03658375 0.05327602
v 0.03607033 0.03658375 0.05369640
v 0.03569920 0.03574731 0.05369640
v 0.03335416 0.03392463 0.06503990
v 0.03127400 0.04349313 0.05481935
v 0.03289622 0.04471657 0.05327602
v 0.03195442 0.04513876 0.05806956
v 0.03127400 0.04503207 0.06503990
v 0.03166010 0.03392463 0.06138082
v 0.03127400 0.04323209 0.06503990
v 0.03127400 0.04347837 0.05515451
v 0.03637013 0.03804212 0.05327602
v 0.03635267 0.03804212 0.05369640
v 0.03561290 0.03727491 0.06047094
v 0.03533604 0.03642486 0.05952652
v 0.03437179 0.03590847 0.06503990
v 0.03177034 0.03392463 0.06503990
v 0.03341452 0.04437609 0.05327602
v 0.03281242 0.04469727 0.05806956
v 0.03237544 0.04439766 0.06503990
v 0.03274857 0.04464734 0.05924895
v 0.03168804 0.03392463 0.06269841
v 0.03634020 0.03846317 0.05327602
v 0.03621899 0.03949935 0.05369640
v 0.03574609 0.03935635 0.05952652
v 0.03568323 0.03907489 0.06058842
v 0.03622298 0.03804212 0.05515451
v 0.03580345 0.03804212 0.05952652
v 0.03567276 0.03804212 0.06066674
v 0.03501928 0.03804212 0.06503990
v 0.03471050 0.03658375 0.06503990
v 0.03362503 0.04423650 0.05327602
v 0.03440770 0.04348291 0.05369640
v 0.03442367 0.04350674 0.05327602
v 0.03253556 0.04423877 0.06503990
v 0.03310723 0.04366904 0.06503990
v 0.03624493 0.03949935 0.05327602
v 0.03612670 0.03991586 0.05327602
v 0.03585384 0.04085331 0.05327602
v 0.03583538 0.04081585 0.05369640
v 0.03559095 0.04021889 0.05875946
v 0.03456683 0.04095658 0.06503990
v 0.03485915 0.03981599 0.06503990
v 0.03493448 0.03949935 0.06503990
v 0.03506467 0.04241382 0.05327602
v 0.03383554 0.04254093 0.06503990
v 0.03551014 0.04158192 0.05327602
v 0.03420168 0.04181231 0.06503990
v 0.03391535 0.04238318 0.06503990
v -0.02030978 0.00631597 0.06024988
v -0.02005707 0.00532565 0.06024988
v -0.02019359 0.00596882 0.06098550
v -0.02028073 0.00631597 0.06098550
v -0.01867154 0.00631597 0.06024988
v -0.01990893 0.00479879 0.06024988
v -0.01989150 0.00490583 0.06098550
v -0.01983922 0.00513966 0.06183626
v -0.01996703 0.00596882 0.06210572
v -0.02001641 0.00631597 0.06221047
v -0.01494484 0.00326127 0.06024988
v 0.00936439 0.00631597 0.06660900
v 0.00936439 0.00326127 0.06190183
v 0.00802533 0.00326127 0.06164756
v 0.00425506 0.00326127 0.06120939
v -0.01967365 0.00407009 0.06024988
v -0.01960685 0.00417744 0.06098550
v -0.01933090 0.00459695 0.06237039
v -0.01963299 0.00596882 0.06283495
v -0.01967365 0.00631597 0.06293010
v -0.01900267 0.00326127 0.06024988
v 0.00936439 0.00631597 0.06824815
v 0.00936439 0.00326127 0.06625798
v -0.01887777 0.00326336 0.06098550
v -0.01860473 0.00353098 0.06244315
v -0.01841593 0.00371666 0.06324114
v -0.01863959 0.00451114 0.06344023
v -0.01890391 0.00596882 0.06360335
v -0.01897072 0.00631597 0.06359695
v -0.01887487 0.00326127 0.06098550
v 0.00571031 0.00631597 0.06841846
v 0.00936439 0.00596882 0.06823056
v 0.00936439 0.00348044 0.06677611
v -0.00042727 0.00326127 0.06631715
v -0.01818355 0.00326127 0.06239597
v -0.01756486 0.00326127 0.06311400
v -0.01761133 0.00350526 0.06354898
v -0.01678931 0.00387723 0.06457725
v -0.01759100 0.00442233 0.06423023
v -0.01709430 0.00484902 0.06478434
v -0.01789018 0.00596882 0.06433177
v -0.01716111 0.00596882 0.06483871
v -0.01787856 0.00631597 0.06433497
v 0.00469367 0.00631597 0.06837928
v 0.00936439 0.00457393 0.06779478
v 0.00936439 0.00373311 0.06722948
v -0.00157752 0.00326127 0.06630356
v -0.01644075 0.00326127 0.06394797
v -0.01627809 0.00326127 0.06405032
v -0.01624323 0.00442233 0.06505780
v -0.01581624 0.00362636 0.06483391
v -0.01366969 0.00420285 0.06599651
v -0.01615319 0.00596882 0.06539442
v -0.01714949 0.00631597 0.06482352
v 0.00424926 0.00631597 0.06833530
v -0.01177874 0.00451114 0.06642909
v -0.01269662 0.00373789 0.06612445
v -0.01177874 0.00368287 0.06616283
v 0.00425506 0.00596882 0.06819618
v 0.00936439 0.00389368 0.06744856
v -0.01171484 0.00326127 0.06566389
v -0.01619966 0.00326127 0.06409829
v -0.01457885 0.00461788 0.06578542
v -0.01472699 0.00326127 0.06479393
v -0.01469504 0.00345054 0.06507939
v -0.01320494 0.00461788 0.06618921
v -0.01401535 0.00517435 0.06609566
v -0.01615319 0.00631597 0.06536644
v -0.01401535 0.00532953 0.06609566
v -0.01457885 0.00587672 0.06588617
v -0.01177874 0.00596882 0.06649706
v -0.01177874 0.00631597 0.06643789
v -0.01320494 0.00334977 0.06544960
v -0.01291157 0.00326127 0.06540562
v -0.01320785 0.00326127 0.06532326
v -0.01461080 0.00631597 0.06581101
v -0.01328046 0.00587672 0.06620920
v -0.01308585 0.00631597 0.06618681
v 0.02621775 0.07119437 -0.03443874
v 0.02598919 0.07010229 -0.03443874
v 0.02432653 0.07119437 -0.03443874
v 0.02612471 0.07119437 -0.03377739
v 0.02552599 0.06912777 -0.03443874
v 0.02285096 0.07119437 -0.01445158
v 0.01588679 0.06385876 -0.03443874
v 0.01588679 0.06514808 -0.03188140
v 0.01588679 0.06548911 -0.03085807
v 0.01588679 0.06585929 -0.02940037
v 0.02335462 0.07119437 -0.03133550
v 0.02541676 0.06894025 -0.03443874
v 0.02260419 0.07068913 -0.01445158
v 0.02075949 0.07119437 -0.01445158
v 0.01588679 0.06158910 -0.03443874
v 0.01588679 0.06617604 -0.02788593
v 0.02324134 0.07119437 -0.03091090
v 0.02345879 0.06573882 -0.03443874
v 0.02081612 0.06817851 -0.01445158
v 0.02250306 0.06934638 -0.01834335
v 0.01588679 0.06714861 -0.01628105
v 0.01588679 0.06714861 -0.01624974
v 0.01588679 0.06712821 -0.01479204
v 0.01588679 0.06712141 -0.01445158
v 0.02076050 0.07119437 -0.01446137
v 0.01588679 0.06699801 -0.02211381
v 0.01588679 0.06709906 -0.02065611
v 0.01588881 0.06158715 -0.03443874
v 0.01588679 0.06557170 -0.01445158
v 0.01588679 0.06662103 -0.02496269
v 0.02304009 0.07119437 -0.02986605
v 0.02273870 0.06473903 -0.03443874
v 0.02063003 0.06798322 -0.01445158
v 0.02080702 0.07119437 -0.01482334
v 0.02176780 0.07119437 -0.02211381
v 0.01588679 0.06681535 -0.02357152
v 0.01737651 0.06126847 -0.03443874
v 0.01591814 0.06557267 -0.01445158
v 0.02250710 0.06450099 -0.03443874
v 0.02008795 0.06749450 -0.01445158
v 0.02200952 0.06399867 -0.03443874
v 0.01871757 0.06165225 -0.03443874
v 0.01737651 0.06591176 -0.01445158
v 0.01629133 0.06565817 -0.01445158
v 0.01905232 0.06676580 -0.01445158
v 0.02026089 0.06263260 -0.03443874
v 0.02123887 0.06336810 -0.03443874
v 0.01950946 0.06212834 -0.03443874
v 0.01886522 0.06665504 -0.01445158
v 0.01832314 0.06635870 -0.01445158
v 0.01962374 0.06220218 -0.03443874
v 0.01588578 0.06158835 -0.03443874
v 0.01510603 0.06202464 -0.03443874
v 0.01588578 0.06385915 -0.03443874
v 0.01588578 0.06557142 -0.01445158
v 0.01483285 0.06553663 -0.01445158
v 0.01337535 0.06552817 -0.01445158
v 0.01300189 0.06553193 -0.01445158
v 0.01191698 0.06568050 -0.01445158
v 0.01154439 0.06573503 -0.01445158
v 0.01002551 0.06622963 -0.01445158
v 0.00980247 0.06632272 -0.01445158
v 0.00940568 0.06651360 -0.01445158
v 0.00935208 0.06646564 -0.01548078
v 0.01462538 0.06239794 -0.03443874
v 0.00933911 0.06645342 -0.01628105
v 0.00933911 0.06645248 -0.01710675
v 0.01105250 0.07119343 -0.03443874
v 0.01588578 0.06514829 -0.03188140
v 0.01588578 0.06712102 -0.01445158
v 0.00872793 0.06702323 -0.01445158
v 0.00779689 0.06780650 -0.01445158
v 0.01363642 0.06343038 -0.03443874
v 0.01588578 0.06617603 -0.02788593
v 0.01588578 0.06585915 -0.02940037
v 0.01588578 0.06548868 -0.03085807
v 0.01020186 0.07119343 -0.03443874
v 0.01065225 0.07119343 -0.03075241
v 0.01588578 0.06712855 -0.01479204
v 0.01588578 0.06714923 -0.01624974
v 0.01588578 0.06714923 -0.01628105
v 0.01588578 0.06709940 -0.02065611
v 0.01588578 0.06699785 -0.02211381
v 0.01588578 0.06681543 -0.02357152
v 0.01588578 0.06662267 -0.02495291
v 0.00853688 0.07119343 -0.01445158
v 0.01047763 0.07119343 -0.02940037
v 0.00767413 0.06803969 -0.01445158
v 0.00787642 0.06789300 -0.01573514
v 0.00782196 0.06782812 -0.01482334
v 0.01333644 0.06374444 -0.03443874
v 0.00939098 0.07087749 -0.03443874
v 0.00933652 0.07119343 -0.03443483
v 0.00705430 0.07119343 -0.01445158
v 0.00737675 0.06865558 -0.01445158
v 0.00742344 0.06865558 -0.01482334
v 0.00785221 0.06927711 -0.02014347
v 0.01039377 0.06816945 -0.03443874
v 0.01065571 0.06763724 -0.03443874
v 0.01108967 0.06690852 -0.03443874
v 0.01146226 0.06630485 -0.03443874
v 0.01183831 0.06575760 -0.03443874
v 0.01254026 0.06476277 -0.03443874
v 0.00939271 0.07086997 -0.03443874
v 0.00788852 0.07080885 -0.02291213
v 0.00786950 0.07119343 -0.02316649
v 0.00706122 0.07011303 -0.01445158
v 0.00706208 0.07119343 -0.01469421
v 0.00708456 0.07011303 -0.01482334
v 0.00721769 0.07011303 -0.01628105
v 0.00982235 0.06956390 -0.03443874
v 0.01018370 0.06865558 -0.03443874
v 0.00727475 0.07119343 -0.01773875
v 0.00706641 0.07119343 -0.01482334
v 0.00712692 0.07119343 -0.01628105
v -0.00342302 0.04375384 -0.05028762
v -0.00358951 0.04375384 -0.05005333
v -0.00336248 0.04394572 -0.05028762
v -0.00141760 0.04375384 -0.05028762
v -0.00387204 0.04375384 -0.04965120
v -0.00334987 0.04397979 -0.05028762
v -0.00636431 0.04375384 -0.03838676
v 0.01004229 0.04868890 -0.05028762
v 0.01736270 0.04778150 -0.04116790
v 0.01736270 0.04777702 -0.04115741
v 0.01736270 0.04749010 -0.04042774
v 0.01736270 0.04729822 -0.03961531
v 0.01736270 0.04729643 -0.03960715
v 0.01736270 0.04704089 -0.03838093
v -0.00412681 0.04375384 -0.04917563
v -0.00378627 0.04609584 -0.04766966
v -0.00286807 0.04544399 -0.04992745
v -0.00273689 0.04528528 -0.05028762
v -0.00635926 0.04376012 -0.03838093
v -0.00752972 0.04375384 -0.03838093
v 0.01077383 0.04900541 -0.05028762
v 0.01736270 0.04852481 -0.04274380
v 0.01736270 0.04848446 -0.03838093
v -0.00503745 0.04375384 -0.04715213
v -0.00522664 0.04606715 -0.04472184
v -0.00254770 0.04643028 -0.04952065
v -0.00231311 0.04609405 -0.05028762
v -0.00247455 0.04580174 -0.05028762
v -0.00113508 0.04770170 -0.05028762
v -0.00200788 0.04686515 -0.04992745
v -0.00840756 0.04375384 -0.03838093
v 0.01125311 0.04952724 -0.05028762
v 0.01736270 0.04960615 -0.04407959
v 0.01736270 0.04956311 -0.04403879
v 0.01736270 0.04940530 -0.04387211
v 0.01706504 0.04882877 -0.04348746
v 0.01736270 0.04860282 -0.04288717
v 0.01736270 0.05291292 -0.04223210
v 0.00425559 0.04858847 -0.03838093
v -0.00518123 0.04375384 -0.04680944
v -0.00679818 0.04482352 -0.04209689
v -0.00697981 0.04511941 -0.04106416
v -0.00651566 0.04584837 -0.04106416
v -0.00665440 0.04604294 -0.04003726
v -0.00533259 0.04615860 -0.04398051
v -0.00124355 0.04775999 -0.04981089
v -0.00182121 0.04685439 -0.05028762
v 0.00131935 0.04929233 -0.04968150
v 0.00151863 0.04923763 -0.05028762
v -0.00828648 0.04410711 -0.03838093
v -0.00806197 0.04443976 -0.03871313
v -0.00834702 0.04375384 -0.03855694
v 0.01143978 0.04974513 -0.05028762
v 0.01736270 0.04969491 -0.04415419
v 0.01736270 0.05291292 -0.04431970
v 0.01656306 0.05291292 -0.04272049
v -0.00157400 0.04828182 -0.03838093
v -0.00011597 0.04840197 -0.03838093
v 0.00279756 0.04857682 -0.03838093
v 0.00303215 0.04857951 -0.03838093
v -0.00548646 0.04375384 -0.04607744
v -0.00691926 0.04382826 -0.04255847
v -0.00811999 0.04454736 -0.03838093
v -0.00554448 0.04632179 -0.04252234
v -0.00747927 0.04530142 -0.03838093
v -0.00668971 0.04606625 -0.03906514
v -0.00313798 0.04786937 -0.04093245
v -0.00070120 0.04887181 -0.04543636
v 0.00016403 0.04921611 -0.04689453
v -0.00056499 0.04877228 -0.04689453
v 0.00041880 0.04909686 -0.04835271
v 0.00133953 0.04952994 -0.04835271
v 0.01032734 0.05291292 -0.05028762
v 0.00188440 0.04941068 -0.05028762
v -0.00693944 0.04375384 -0.04255614
v 0.01195186 0.05116180 -0.05028762
v 0.01688342 0.05017730 -0.04490600
v 0.01736270 0.05116180 -0.04471718
v 0.01736270 0.05278560 -0.04437798
v 0.01199726 0.05291292 -0.05028762
v 0.01629315 0.05291292 -0.04290932
v -0.00279996 0.04797249 -0.03838093
v 0.01477962 0.05291292 -0.04431154
v 0.01419692 0.05291292 -0.04485705
v 0.01328376 0.05291292 -0.04573126
v 0.01270357 0.05291292 -0.04632805
v 0.01213348 0.05291292 -0.04700060
v 0.01197204 0.05291292 -0.04720109
v 0.01136410 0.05291292 -0.04804615
v 0.01081419 0.05291292 -0.04889239
v -0.00691422 0.04375384 -0.04262374
v -0.00670737 0.04607611 -0.03838093
v -0.00386699 0.04757528 -0.03838093
v -0.00374339 0.04763715 -0.03838093
v -0.00303203 0.04793662 -0.03960715
v 0.00002781 0.04920356 -0.04543636
v 0.01054932 0.05291292 -0.04947169
v -0.00303203 0.04790614 -0.03838093
v 0.01196951 0.05130975 -0.05028762
v 0.01736270 0.05261973 -0.04444209
v 0.01736270 0.05269325 -0.04441412
v 0.01071581 0.05291292 -0.04906606
v 0.00095275 0.07439199 0.04347290
v 0.00042076 0.07499225 0.04347290
v 0.00313511 0.07439199 0.04347290
v -0.00114449 0.07439199 0.05086283
v -0.00007400 0.07593081 0.04347290
v 0.00373154 0.08045181 0.04347290
v 0.00313630 0.07439199 0.04348691
v -0.00145423 0.07439199 0.05223691
v -0.00116636 0.07446571 0.05081729
v -0.00087022 0.07663176 0.04555796
v -0.00007991 0.07594529 0.04347290
v 0.00315285 0.07439199 0.04640669
v 0.00324447 0.07439199 0.04494972
v 0.00321610 0.07439199 0.04449091
v 0.00362396 0.08108893 0.04347290
v 0.00251031 0.08025963 0.05539834
v -0.00149383 0.07448743 0.05223691
v -0.00192357 0.07439199 0.05539834
v -0.00097839 0.07644550 0.04640669
v -0.00150388 0.07740315 0.04786482
v -0.00121542 0.07740315 0.04640669
v -0.00093701 0.07740315 0.04532330
v -0.00041802 0.07738406 0.04347290
v 0.00280114 0.07439199 0.04768387
v 0.00231643 0.07937306 0.05539834
v 0.00344308 0.08108958 0.04347290
v 0.00195231 0.08110143 0.04544938
v 0.00218107 0.08110143 0.04595139
v 0.00071986 0.08111525 0.05223691
v 0.00227742 0.08109024 0.05539834
v 0.00234717 0.08093952 0.05539834
v -0.00194839 0.07448743 0.05539834
v -0.00161146 0.07594529 0.05077993
v -0.00030985 0.07439199 0.05539834
v -0.00145068 0.07886035 0.04786482
v -0.00230660 0.07618223 0.05539834
v -0.00230660 0.07666007 0.05539834
v -0.00230601 0.07695361 0.05539834
v -0.00162447 0.07886035 0.04932296
v -0.00094351 0.07838448 0.04532564
v -0.00041920 0.07740315 0.04347290
v 0.00277690 0.07439199 0.04774808
v 0.00271661 0.08075852 0.04347290
v 0.00047928 0.08110538 0.04701493
v 0.00045090 0.08111525 0.05223691
v 0.00047869 0.08111131 0.05321056
v 0.00191625 0.08109024 0.05515318
v 0.00195113 0.08108432 0.05539834
v -0.00200277 0.07474148 0.05539834
v -0.00108065 0.08003914 0.04786482
v -0.00093819 0.07976139 0.04689351
v -0.00109129 0.07886627 0.04640785
v -0.00218897 0.07726690 0.05539834
v -0.00113681 0.08042944 0.04945956
v 0.00012698 0.07891827 0.04347290
v 0.00011397 0.07888535 0.04347290
v 0.00134170 0.08000952 0.04347290
v 0.00066016 0.07955340 0.04347290
v -0.00084835 0.08104812 0.05003744
v -0.00084835 0.08104812 0.05005379
v -0.00095770 0.07969623 0.05472823
v -0.00039792 0.07979166 0.05539834
v 0.00144455 0.08083092 0.05539834
v -0.00211922 0.07742684 0.05539834
v -0.00113740 0.08035177 0.05063517
v -0.00158486 0.07886035 0.05369505
v -0.00107592 0.07984497 0.05369505
v -0.00135729 0.07891168 0.05539834
v -0.00109661 0.07918878 0.05539834
v -0.00136142 0.07896302 0.05518937
v 0.00921319 0.07116757 0.05539834
v 0.00921319 0.06892112 0.05539834
v 0.00921319 0.07121611 0.05515318
v -0.00030933 0.07439074 0.05539834
v 0.00853395 0.06841299 0.05539834
v 0.00921319 0.07017947 0.04347290
v 0.00921319 0.07145040 0.05362149
v -0.00192295 0.07439074 0.05539834
v 0.00277726 0.07439074 0.04774808
v 0.00837041 0.06831652 0.05539834
v 0.00862771 0.07017048 0.04347290
v 0.00921319 0.07170447 0.04347290
v 0.00822758 0.06826978 0.05539834
v 0.00717001 0.06826978 0.05495355
v 0.00921319 0.07162417 0.05223691
v 0.00280233 0.07439074 0.04768387
v -0.00158714 0.07304850 0.05539834
v -0.00145413 0.07439074 0.05223691
v 0.00717001 0.07041856 0.04347290
v 0.00708714 0.06826978 0.05496289
v 0.00570140 0.06826978 0.05521389
v 0.00502215 0.06826978 0.05539834
v 0.00425459 0.06835846 0.05539834
v 0.00313596 0.07439074 0.04347290
v 0.00921319 0.07170567 0.04349158
v 0.00921319 0.07176019 0.05077993
v 0.00315341 0.07439074 0.04640669
v -0.00107580 0.07194295 0.05539834
v -0.00104091 0.07340024 0.05223691
v -0.00114449 0.07439074 0.05086283
v 0.00715365 0.07042215 0.04347290
v 0.00324172 0.06866826 0.05539834
v 0.00588674 0.07070378 0.04347290
v 0.00095322 0.07439074 0.04347290
v 0.00321664 0.07439074 0.04449091
v 0.00921319 0.07179615 0.04499642
v 0.00921319 0.07180454 0.04932296
v 0.00324499 0.07439074 0.04494972
v -0.00095042 0.07177757 0.05539834
v -0.00075853 0.07242532 0.05323157
v -0.00091989 0.07364172 0.05132747
v 0.00274673 0.06882225 0.05539834
v 0.00515843 0.07096684 0.04347290
v 0.00242183 0.07271834 0.04347290
v -0.00049141 0.07123049 0.05539834
v 0.00921319 0.07182191 0.04640669
v 0.00921319 0.07183749 0.04786482
v 0.00218742 0.06912965 0.05539834
v 0.00425459 0.07137970 0.04347290
v 0.00316104 0.07198490 0.04347290
v 0.00023363 0.07048147 0.05539834
v 0.00163900 0.06945562 0.05539834
v 0.00424042 0.07138748 0.04347290
v 0.00121052 0.06974205 0.05539834
v 0.00043642 0.07031190 0.05539834
v -0.00489987 0.04375294 -0.04298406
v -0.00489987 0.03897198 -0.04442985
v -0.00489987 0.04375294 -0.04741709
v -0.00975124 0.04375294 -0.00831712
v -0.00489987 0.03897198 -0.04811341
v -0.01078978 0.04375294 -0.00230542
v -0.01486168 0.03897198 0.00538594
v -0.00489987 0.04269435 -0.04835792
v -0.00518260 0.04309027 -0.04757656
v -0.00504067 0.04375294 -0.04715133
v -0.00512515 0.03897198 -0.04782638
v -0.00489987 0.03932718 -0.04845891
v -0.01240164 0.04375294 0.00538594
v -0.01640709 0.03897198 0.00538594
v -0.00489987 0.04251699 -0.04848017
v -0.00537070 0.04354282 -0.04660384
v -0.00497196 0.04252822 -0.04834197
v -0.00534142 0.04211826 -0.04785295
v -0.00971632 0.03919567 -0.03935897
v -0.00691724 0.04375294 -0.04262262
v -0.00548785 0.04375294 -0.04607762
v -0.00489987 0.03937959 -0.04850144
v -0.00685078 0.03897198 -0.04501986
v -0.01473665 0.04375294 0.00538594
v -0.01637330 0.03929863 0.00538594
v -0.01638794 0.03897198 0.00505639
v -0.00489987 0.04095718 -0.04891603
v -0.00546194 0.04095718 -0.04803368
v -0.01108038 0.03909646 -0.03458575
v -0.01123357 0.03954947 -0.03388412
v -0.01099928 0.04006847 -0.03444755
v -0.01116261 0.04057484 -0.03347484
v -0.00975349 0.04066048 -0.03785472
v -0.00689246 0.03949940 -0.04512617
v -0.00971632 0.03897198 -0.03935897
v -0.00694202 0.04375294 -0.04255352
v -0.00542139 0.03977972 -0.04793800
v -0.00489987 0.04078730 -0.04888946
v -0.00857754 0.03897198 -0.04161801
v -0.01492363 0.04375294 0.00409430
v -0.01544515 0.04318481 0.00356808
v -0.01529985 0.04292133 0.00538594
v -0.01634402 0.03949940 0.00538594
v -0.01625953 0.03897198 0.00359997
v -0.01108038 0.03897198 -0.03458575
v -0.01159627 0.03949940 -0.03231608
v -0.01123357 0.04101942 -0.03223104
v -0.01095085 0.04154638 -0.03265627
v -0.00984361 0.04375294 -0.03370872
v -0.00980869 0.04375294 -0.03383628
v -0.00977152 0.04375294 -0.03396917
v -0.00968591 0.04338744 -0.03477179
v -0.00990556 0.04245708 -0.03524486
v -0.00995174 0.04107090 -0.03679695
v -0.01389186 0.04008906 -0.01671543
v -0.00847279 0.04375294 -0.03818959
v -0.00834888 0.04375294 -0.03855635
v -0.01492476 0.04375294 0.00408367
v -0.01544515 0.04318481 0.00334483
v -0.01602187 0.04075641 0.00538594
v -0.01596442 0.04095718 0.00538594
v -0.01554540 0.04233260 0.00538594
v -0.01622011 0.03949940 0.00412620
v -0.01616717 0.03897198 0.00266978
v -0.01159402 0.03897198 -0.03231608
v -0.01245008 0.03897198 -0.02743125
v -0.01256046 0.03897198 -0.02675619
v -0.01402027 0.03911705 -0.01730544
v -0.01106349 0.04171719 -0.03168887
v -0.01398197 0.04026924 -0.01574271
v -0.01014097 0.04375294 -0.03230545
v -0.00972871 0.04199939 -0.03637704
v -0.01406983 0.03956164 -0.01625299
v -0.01492251 0.04375294 0.00406241
v -0.01254582 0.04319370 -0.01720444
v -0.01303580 0.04241450 -0.01628488
v -0.01607368 0.03949940 0.00266978
v -0.01032345 0.04375294 -0.03096066
v -0.01402252 0.03897198 -0.01731075
v -0.01279813 0.04249405 -0.01770941
v -0.00949599 0.02783667 0.01686734
v -0.00949599 0.02778074 0.01686734
v -0.00949720 0.02778074 0.01584018
v -0.00949841 0.02786433 0.01584018
v -0.00958419 0.02859924 0.01657598
v -0.01087696 0.02910141 0.02891667
v -0.01056283 0.02783667 0.02745495
v -0.01056162 0.02778074 0.02745495
v -0.00955036 0.02778074 0.00980070
v -0.00958419 0.02859924 0.01635870
v -0.01043355 0.03075225 0.01579574
v -0.01114034 0.02983031 0.02891667
v -0.01609756 0.03075225 0.05661039
v -0.01099174 0.02880131 0.02970679
v -0.01070419 0.02778074 0.02827964
v -0.01147502 0.02778074 0.00980070
v -0.00956607 0.02783667 0.00980070
v -0.00995994 0.02913449 0.00980070
v -0.00996719 0.02915734 0.00980070
v -0.01064499 0.03085689 0.00980070
v -0.01090475 0.03167299 0.01579574
v -0.01162362 0.03075225 0.02891667
v -0.01659534 0.03198392 0.05661039
v -0.01677415 0.03175960 0.05767211
v -0.01768754 0.03223350 0.06024988
v -0.01742174 0.03148716 0.06024988
v -0.01727434 0.03075225 0.06024988
v -0.01718373 0.03003418 0.06024988
v -0.01695175 0.02778074 0.06024988
v -0.01599728 0.02929446 0.05661039
v -0.01083709 0.02778074 0.02903519
v -0.01149434 0.02781201 0.00980070
v -0.01247419 0.02778074 0.01162785
v -0.01101832 0.03155332 0.00980070
v -0.01134332 0.03207052 0.00980070
v -0.01220114 0.03332805 0.00980070
v -0.01249110 0.03366423 0.00980070
v -0.01271583 0.03392403 0.00980070
v -0.01223497 0.03322641 0.01433402
v -0.01155113 0.03240189 0.01579574
v -0.01240774 0.03304839 0.02016609
v -0.01246090 0.03299307 0.02162782
v -0.01249956 0.03294977 0.02245744
v -0.01219751 0.03186845 0.02745495
v -0.01226517 0.03175057 0.02891667
v -0.01368722 0.03194242 0.03765738
v -0.01702546 0.03271281 0.05661039
v -0.01818049 0.03309170 0.06024988
v -0.01748215 0.03220944 0.05952396
v -0.01905280 0.02778074 0.06024988
v -0.01615797 0.02778074 0.05661039
v -0.01516484 0.03392403 0.00980070
v -0.01740483 0.02778074 0.04348945
v -0.01289343 0.03392403 0.01287723
v -0.01424661 0.03392403 0.02570681
v -0.01302513 0.03392403 0.01433402
v -0.01428165 0.03392403 0.02599817
v -0.01492078 0.03332143 0.03765738
v -0.01419224 0.03267132 0.03765738
v -0.01786877 0.03337195 0.05806717
v -0.01806329 0.03320536 0.05952396
v -0.01885949 0.03392403 0.05952396
v -0.01887882 0.03392403 0.05957828
v -0.01899239 0.03379533 0.06024988
v -0.02183769 0.03392403 0.06024988
v -0.01906851 0.02778074 0.05957828
v -0.02000848 0.03392403 0.04348945
v -0.01906972 0.02778074 0.05952396
v -0.02004473 0.03392403 0.04379069
v -0.01578222 0.03392403 0.03765738
v -0.01825660 0.03392403 0.05661039
v -0.01775399 0.03347659 0.05661039
v -0.01848374 0.03392403 0.05806717
v -0.01885224 0.03392403 0.05949927
v -0.01914463 0.03392403 0.06024988
v -0.01841850 0.03392403 0.05765236
v -0.01164128 0.01496912 0.00980070
v -0.01147537 0.02778073 0.00980070
v -0.00906360 0.01496912 0.00980070
v -0.01448734 0.01496912 0.01170193
v -0.00955034 0.02778073 0.00980070
v -0.01443854 0.01617440 0.01173156
v -0.01405793 0.02054779 0.01200810
v -0.01399815 0.02149721 0.01210193
v -0.01280630 0.02637854 0.01170687
v -0.01265503 0.02757505 0.01187477
v -0.01247448 0.02778073 0.01162785
v -0.00857197 0.01631362 0.00980070
v -0.01154856 0.01496912 0.02745495
v -0.01489601 0.01496912 0.01287723
v -0.00933930 0.02713357 0.00980070
v -0.00949789 0.02778073 0.01584018
v -0.01340162 0.02491991 0.01287723
v -0.01476914 0.01617440 0.01287723
v -0.02039782 0.01617440 0.04640302
v -0.01980373 0.01983164 0.04566229
v -0.01308566 0.02637854 0.01287723
v -0.01844230 0.02440319 0.04399810
v -0.01555354 0.02755874 0.03089691
v -0.01740415 0.02778073 0.04348945
v -0.00845364 0.01753270 0.00980070
v -0.01054701 0.02491991 0.02745495
v -0.01652704 0.02642495 0.06024988
v -0.01873386 0.01496912 0.06024988
v -0.02036123 0.01496912 0.04640302
v -0.00914411 0.02643247 0.00980070
v -0.00949545 0.02778073 0.01686734
v -0.02091507 0.01496912 0.05233880
v -0.01984886 0.02445335 0.06009679
v -0.01907056 0.02778073 0.05952396
v -0.01836545 0.02720004 0.05000795
v -0.00859027 0.02362182 0.00980070
v -0.01051652 0.02637854 0.02745495
v -0.01654899 0.02699184 0.06024988
v -0.01083613 0.02772806 0.02904013
v -0.02073574 0.01496912 0.06024988
v -0.00878180 0.02508045 0.00980070
v -0.00875130 0.02491991 0.00980070
v -0.01056165 0.02778073 0.02745495
v -0.02066865 0.01617440 0.06024988
v -0.01984886 0.02445335 0.06024988
v -0.01906934 0.02778073 0.05957828
v -0.01070438 0.02778073 0.02827964
v -0.01659413 0.02735431 0.06024988
v -0.01083735 0.02778073 0.02903519
v -0.01905348 0.02778073 0.06024988
v -0.01615862 0.02778073 0.05661039
v -0.01695157 0.02778073 0.06024988
v 0.01736270 0.03392463 -0.06631606
v 0.01769325 0.03392463 -0.06668132
v 0.01736270 0.03392463 -0.06361504
v 0.01736270 0.04146782 -0.06963704
v 0.01782158 0.03392463 -0.06679276
v 0.02729072 0.03392463 -0.06240781
v 0.02729364 0.03393019 -0.06240428
v 0.02729364 0.04527052 -0.06569873
v 0.01736270 0.04527052 -0.06840416
v 0.01736270 0.04211419 -0.06990591
v 0.01862072 0.03392463 -0.06712530
v 0.01768547 0.04129124 -0.06974229
v 0.02729364 0.03392463 -0.06268729
v 0.02729364 0.04527052 -0.06800176
v 0.01736270 0.04527052 -0.07020926
v 0.01736270 0.04235741 -0.06999789
v 0.01883363 0.03392463 -0.06721285
v 0.01880835 0.04245070 -0.07068154
v 0.02729364 0.03392463 -0.06494786
v 0.02705545 0.04527052 -0.06824497
v 0.02729364 0.04387227 -0.06810169
v 0.02710503 0.04387227 -0.06830157
v 0.01832809 0.04387227 -0.07082393
v 0.01736270 0.04389004 -0.07028974
v 0.01741520 0.04527052 -0.07023668
v 0.01736270 0.04368458 -0.07025437
v 0.02208269 0.03392463 -0.06805924
v 0.01927598 0.04296158 -0.07101054
v 0.02701656 0.03392463 -0.06525918
v 0.02729364 0.03957869 -0.06709169
v 0.02634964 0.04527052 -0.06894366
v 0.02729364 0.04317148 -0.06797965
v 0.02700392 0.04273169 -0.06820340
v 0.02631658 0.04387227 -0.06903033
v 0.02561855 0.04527052 -0.06962820
v 0.02631756 0.04527052 -0.06897373
v 0.01905626 0.04387227 -0.07111314
v 0.01736270 0.04387227 -0.07028974
v 0.01847295 0.04527052 -0.07075229
v 0.01920209 0.04527052 -0.07109102
v 0.02215074 0.03398794 -0.06809285
v 0.02270295 0.03398794 -0.06809285
v 0.02277684 0.03392463 -0.06804686
v 0.02029192 0.04387227 -0.07134662
v 0.02029192 0.04287606 -0.07106892
v 0.02687171 0.03392463 -0.06538741
v 0.02556994 0.03834482 -0.06817952
v 0.02535606 0.04176546 -0.06946989
v 0.02729364 0.04095695 -0.06752947
v 0.02729364 0.04249846 -0.06785936
v 0.02549606 0.04273724 -0.06956187
v 0.02558744 0.04387227 -0.06963881
v 0.02558841 0.04527052 -0.06965385
v 0.02029192 0.04527052 -0.07134928
v 0.02142257 0.04296824 -0.07104769
v 0.02184548 0.04375677 -0.07122812
v 0.02296350 0.04416547 -0.07110164
v 0.02335140 0.03392463 -0.06783637
v 0.02175312 0.04527052 -0.07143860
v 0.02466386 0.03392463 -0.06699440
v 0.02535023 0.03737304 -0.06800087
v 0.02335237 0.04375677 -0.07083278
v 0.02466483 0.04387227 -0.07025437
v 0.02405527 0.03564162 -0.06809462
v 0.02389680 0.04527052 -0.07086196
v 0.02470275 0.04527052 -0.07029417
v 0.02181242 0.04527052 -0.07142976
v 0.02312585 0.04527052 -0.07118389
v 0.02384430 0.04527052 -0.07088584
v 0.02367514 0.03466984 -0.06793808
v 0.00936439 0.03392363 0.07215090
v 0.00862746 0.02367819 0.06678334
v 0.00936439 0.02367819 0.06674640
v 0.00936439 0.03392363 0.07004839
v 0.00862746 0.03392363 0.07211494
v 0.00425338 0.02367819 0.06678626
v 0.00936439 0.02367819 0.06523003
v 0.00936439 0.03367589 0.06984621
v 0.00717070 0.03309216 0.06886446
v 0.00571204 0.03325063 0.06870311
v 0.00717070 0.03392363 0.06962945
v 0.00133796 0.03392363 0.07119734
v -0.01003884 0.03392363 0.06969263
v -0.00886507 0.02367819 0.06502396
v 0.00936439 0.02492088 0.06518435
v -0.00204469 0.02367819 0.06304879
v 0.00936439 0.03162881 0.06821709
v 0.00571204 0.03239007 0.06797408
v 0.00936439 0.03075923 0.06752986
v 0.00425338 0.03184144 0.06724020
v 0.00425338 0.03257061 0.06788854
v 0.00279662 0.03266489 0.06781661
v 0.00571204 0.03392363 0.06935631
v -0.01003884 0.03392363 0.06896555
v -0.01003884 0.02367819 0.06485094
v -0.00992298 0.02367819 0.06487038
v 0.00936439 0.02637921 0.06521351
v -0.00303233 0.02367819 0.06292437
v -0.00212257 0.02492088 0.06308670
v 0.00571204 0.03166091 0.06740933
v 0.00936439 0.02992876 0.06689901
v 0.00391340 0.03016145 0.06599599
v 0.00279662 0.03102201 0.06641300
v 0.00279662 0.03193673 0.06714202
v 0.00936439 0.02901304 0.06624970
v -0.00589837 0.03392363 0.06809170
v -0.01003884 0.03392062 0.06778162
v -0.00927532 0.03392363 0.06784091
v -0.01003884 0.02367819 0.06225659
v 0.00936439 0.02783654 0.06560913
v -0.00227641 0.02566509 0.06316447
v -0.00303233 0.02492088 0.06297978
v -0.01003884 0.02490684 0.06222062
v 0.00279662 0.02929387 0.06532626
v 0.00279662 0.03029284 0.06589879
v 0.00936439 0.02865297 0.06601835
v 0.00133796 0.03036807 0.06582881
v -0.00740641 0.03392363 0.06797797
v -0.01003884 0.03325966 0.06730435
v 0.00936439 0.02822069 0.06579673
v 0.00133796 0.02776734 0.06435326
v -0.01003884 0.02492188 0.06222160
v -0.00303233 0.02578144 0.06311489
v 0.00133796 0.02849651 0.06471097
v 0.00133796 0.02929387 0.06518046
v -0.01003884 0.02605124 0.06258611
v -0.01003884 0.03106915 0.06577437
v -0.01003884 0.03151447 0.06607278
v -0.01004007 0.03392363 0.06969282
v -0.01004007 0.03392363 0.06896537
v -0.01126191 0.03392363 0.06964660
v -0.01004007 0.02367819 0.06485119
v -0.01004007 0.03392062 0.06778223
v -0.01017392 0.03392363 0.06777391
v -0.01171135 0.03392363 0.06962534
v -0.01316283 0.03392363 0.06940720
v -0.01008673 0.02367819 0.06484287
v -0.01004007 0.02367819 0.06225660
v -0.01004007 0.03325966 0.06730435
v -0.01818038 0.03309116 0.06025080
v -0.01899207 0.03379525 0.06025080
v -0.01914435 0.03392363 0.06025080
v -0.01324019 0.03392363 0.06939149
v -0.01763761 0.03392363 0.06831649
v -0.01887664 0.03392363 0.06790332
v -0.01761182 0.02367819 0.06232500
v -0.01080756 0.02367819 0.06151529
v -0.01078054 0.02492088 0.06147924
v -0.01004007 0.02490684 0.06222147
v -0.01004007 0.03151447 0.06607222
v -0.01768796 0.03223261 0.06025080
v -0.01120542 0.02689374 0.06188224
v -0.01217676 0.02740225 0.06141453
v -0.01172732 0.02639627 0.06125647
v -0.02183731 0.03392363 0.06025080
v -0.01906944 0.03392363 0.06783122
v -0.01862982 0.02367819 0.06189426
v -0.01095492 0.02367819 0.06145151
v -0.01178135 0.02492088 0.06104757
v -0.01090088 0.02592186 0.06156150
v -0.01004007 0.02492188 0.06222147
v -0.01004007 0.03106915 0.06577367
v -0.01742148 0.03148639 0.06025080
v -0.01323897 0.02637921 0.06079801
v -0.01991675 0.02367819 0.06025080
v -0.02207063 0.03392363 0.06104573
v -0.02030847 0.03392363 0.06716016
v -0.02063880 0.03392363 0.06697067
v -0.02117666 0.03392363 0.06658523
v -0.01925118 0.02367819 0.06133597
v -0.01178135 0.02367819 0.06115017
v -0.01744604 0.02367819 0.06025080
v -0.01652751 0.02642635 0.06025080
v -0.01004007 0.02605124 0.06258566
v -0.01727412 0.03075120 0.06025080
v -0.01654839 0.02699304 0.06025080
v -0.01659382 0.02735612 0.06025080
v -0.01991675 0.02367819 0.06048281
v -0.02258270 0.03392363 0.06390097
v -0.02250657 0.03392363 0.06311530
v -0.02241692 0.03392363 0.06241096
v -0.02233219 0.03392363 0.06194880
v -0.02182626 0.03392363 0.06594744
v -0.02219589 0.03392363 0.06555645
v -0.01936907 0.02367819 0.06119639
v -0.01984675 0.02367819 0.06057432
v -0.02231746 0.03392363 0.06523571
v 0.01745172 0.00492063 -0.05471222
v 0.00619416 0.01184911 -0.05506799
v 0.00550901 0.01184911 -0.05471784
v 0.00546666 0.01184911 -0.05469911
v 0.00472545 0.00492063 -0.04930631
v 0.01745172 0.00492063 -0.05957323
v 0.01745172 0.01184911 -0.06645841
v 0.00472545 0.01184911 -0.05448939
v 0.00472545 0.00492063 -0.05477401
v 0.01737573 0.00492063 -0.05956012
v 0.01745172 0.00499050 -0.05976984
v 0.01745172 0.01184911 -0.06843577
v 0.00472545 0.01184911 -0.05637313
v 0.00472545 0.00504952 -0.05509608
v 0.00489612 0.00492063 -0.05493879
v 0.01737573 0.00499389 -0.05976610
v 0.01445950 0.00492063 -0.05895343
v 0.01745172 0.00673042 -0.06363281
v 0.01745172 0.01170123 -0.06840768
v 0.01665321 0.01112329 -0.06802756
v 0.01724742 0.01184911 -0.06836462
v 0.00472545 0.01180094 -0.05641619
v 0.00835797 0.01184911 -0.06282389
v 0.00472545 0.00508818 -0.05518783
v 0.00572577 0.00492063 -0.05562787
v 0.01307177 0.00492063 -0.05866132
v 0.01445950 0.00513906 -0.05952455
v 0.01701198 0.00676502 -0.06359161
v 0.01744923 0.00708790 -0.06425448
v 0.01745172 0.00708654 -0.06425261
v 0.01340687 0.00518451 -0.05940096
v 0.01745172 0.01084043 -0.06817362
v 0.01723372 0.01031269 -0.06776541
v 0.01212876 0.00954549 -0.06517575
v 0.01115586 0.01000133 -0.06494918
v 0.01076719 0.01097338 -0.06514766
v 0.01077840 0.01179959 -0.06514017
v 0.01078089 0.01184911 -0.06513830
v 0.00472545 0.00882239 -0.05752097
v 0.00787339 0.01120740 -0.06225465
v 0.00906554 0.01184911 -0.06392492
v 0.00472545 0.00561999 -0.05592934
v 0.00530845 0.00539140 -0.05612970
v 0.00628136 0.00516755 -0.05649297
v 0.00575691 0.00492063 -0.05565034
v 0.01295343 0.00493352 -0.05866881
v 0.01295467 0.00492063 -0.05863324
v 0.01737573 0.00786391 -0.06550156
v 0.01034240 0.00659747 -0.06092705
v 0.01745172 0.00786323 -0.06552216
v 0.01154327 0.00499050 -0.05833363
v 0.01008703 0.00511871 -0.05805651
v 0.01745172 0.01057181 -0.06800884
v 0.01745172 0.01023061 -0.06778601
v 0.01629320 0.00943493 -0.06676176
v 0.01008703 0.00932368 -0.06392305
v 0.00931717 0.00956177 -0.06369273
v 0.01737573 0.00920429 -0.06697335
v 0.01737573 0.00847509 -0.06623184
v 0.01008703 0.00781982 -0.06258608
v 0.00912783 0.00800568 -0.06237074
v 0.00918762 0.01034185 -0.06380321
v 0.00906305 0.01179959 -0.06392679
v 0.01004841 0.01179959 -0.06465519
v 0.01001727 0.01184911 -0.06462898
v 0.00472545 0.00842082 -0.05757153
v 0.00785719 0.01034185 -0.06226776
v 0.00472545 0.00616198 -0.05666524
v 0.00602349 0.00644077 -0.05820069
v 0.00757940 0.00655541 -0.05952455
v 0.00717205 0.00503934 -0.05672890
v 0.00662268 0.00492063 -0.05616715
v 0.00577560 0.00492063 -0.05566345
v 0.00937074 0.00670397 -0.06073793
v 0.01154327 0.00492063 -0.05815949
v 0.01629694 0.00802535 -0.06527125
v 0.01745172 0.00846152 -0.06624682
v 0.00994875 0.00701600 -0.06143637
v 0.00921004 0.00520825 -0.05788798
v 0.00871300 0.00492063 -0.05714272
v 0.00868684 0.00493691 -0.05716894
v 0.01745172 0.00919208 -0.06698646
v 0.00815492 0.00856734 -0.06197190
v 0.00786965 0.00953939 -0.06223780
v 0.01745172 0.00913985 -0.06693777
v 0.00862954 0.00687423 -0.06055442
v 0.00472545 0.00784627 -0.05758089
v 0.00472545 0.00630104 -0.05685062
v 0.00717205 0.00492063 -0.05647799
v 0.00868809 0.00492063 -0.05713336
v 0.00505183 0.00705738 -0.05777750
v 0.00472545 0.00725002 -0.05748726
v 0.00472545 0.00492063 -0.04930594
v 0.00472545 0.00492063 -0.05477185
v 0.00472545 0.01184911 -0.05448725
v -0.00389871 0.01184911 -0.03771609
v -0.00273265 0.00492063 -0.03696120
v 0.00424590 0.00492063 -0.05430559
v 0.00472545 0.00504952 -0.05509480
v 0.00472545 0.01184911 -0.05637247
v -0.00445392 0.01184911 -0.03696120
v -0.00487895 0.00492063 -0.03696120
v 0.00418470 0.00492063 -0.05424303
v 0.00465869 0.00509971 -0.05515536
v 0.00472545 0.00508818 -0.05518563
v 0.00472545 0.01181926 -0.05639871
v 0.00274716 0.01184911 -0.05579116
v -0.00663472 0.01184911 -0.03696120
v -0.00539967 0.00572446 -0.03696120
v -0.00387868 0.00795209 -0.04500062
v -0.00362944 0.00551078 -0.04138157
v -0.00390872 0.00492063 -0.03955287
v 0.00413686 0.00492063 -0.05418449
v 0.00333909 0.00512346 -0.05376062
v 0.00368735 0.00534256 -0.05473350
v 0.00472545 0.00561999 -0.05592640
v 0.00472545 0.01180094 -0.05641284
v 0.00149543 0.01184911 -0.05535518
v 0.00472545 0.00882239 -0.05751894
v -0.00664028 0.01179959 -0.03696120
v -0.00393654 0.01184911 -0.04578579
v -0.00567005 0.00620472 -0.03696120
v -0.00400218 0.00888412 -0.04523476
v -0.00361276 0.00888412 -0.04596341
v -0.00250789 0.00888412 -0.04801616
v -0.00238216 0.00804163 -0.04773560
v 0.00089682 0.00736330 -0.05284223
v 0.00191823 0.00649843 -0.05369805
v -0.00329120 0.00745081 -0.04546688
v -0.00244892 0.00506444 -0.04354331
v -0.00283501 0.00492063 -0.04233427
v -0.00608395 0.00728258 -0.03696120
v -0.00613514 0.00742707 -0.03696120
v -0.00644557 0.00888412 -0.03696120
v 0.00359834 0.00492063 -0.05346795
v 0.00283061 0.00497965 -0.05262828
v 0.00202505 0.00520011 -0.05207725
v 0.00320223 0.00631393 -0.05531280
v 0.00457191 0.00636344 -0.05680240
v 0.00472545 0.00630104 -0.05684882
v 0.00472545 0.00616198 -0.05666313
v 0.00236663 0.00552638 -0.05304811
v 0.00278499 0.00592049 -0.05421678
v 0.00160002 0.01034185 -0.05531481
v 0.00146872 0.01184911 -0.05532087
v 0.00472545 0.00842082 -0.05756940
v 0.00472545 0.00784627 -0.05757949
v -0.00664028 0.01034185 -0.03696120
v -0.00379078 0.01184911 -0.04620563
v -0.00404001 0.01034185 -0.04535788
v -0.00225087 0.01034185 -0.04900115
v -0.00647894 0.00909237 -0.03696120
v 0.00116608 0.00888412 -0.05418449
v 0.00042394 0.00780761 -0.05243451
v 0.00167234 0.00749897 -0.05418449
v 0.00222978 0.00706145 -0.05467093
v -0.00252013 0.00642449 -0.04543862
v -0.00220080 0.00536562 -0.04451418
v -0.00224531 0.00492063 -0.04366038
v -0.00237771 0.00492063 -0.04339395
v -0.00257465 0.00492063 -0.04298017
v -0.00112932 0.00492063 -0.04578983
v -0.00140637 0.00492063 -0.04526705
v 0.00297859 0.00492063 -0.05263837
v 0.00282505 0.00492063 -0.05242038
v 0.00237998 0.00492063 -0.05170585
v -0.00096798 0.00509157 -0.04637921
v 0.00360056 0.00699497 -0.05628568
v 0.00472545 0.00725002 -0.05748463
v 0.00181587 0.00888412 -0.05514526
v 0.00086122 0.01028894 -0.05412596
v 0.00077109 0.01184911 -0.05438432
v 0.00200836 0.00803349 -0.05496764
v 0.00974797 0.07172364 0.04347173
v 0.00434353 0.07327030 0.04344034
v 0.00434176 0.07327030 0.04347173
v 0.00974797 0.07018793 0.04347173
v 0.00974797 0.07163998 0.04203025
v 0.00576008 0.07327030 0.01431093
v 0.00194018 0.07327030 0.04347173
v 0.00862853 0.07016916 0.04347173
v 0.00974797 0.06582474 0.02599694
v 0.00974797 0.07153129 0.04057449
v 0.00974797 0.06699060 0.01431663
v 0.00974797 0.06664343 0.01431093
v 0.00338679 0.07327030 0.01431093
v 0.00974797 0.07131938 0.03911588
v 0.00242121 0.07271826 0.04347173
v 0.00110458 0.07327030 0.04032330
v 0.00717043 0.07041781 0.04347173
v 0.00862853 0.06605385 0.02599694
v 0.00974797 0.06546974 0.02446126
v 0.00974797 0.06561519 0.01431093
v 0.00330898 0.07308108 0.01431093
v 0.00209050 0.07327030 0.02004547
v 0.00316131 0.07198481 0.04347173
v 0.00082870 0.07327030 0.03911588
v 0.00588741 0.07070322 0.04347173
v 0.00768771 0.06635255 0.02599694
v 0.00862853 0.06575359 0.02454118
v 0.00974797 0.06531649 0.02308257
v 0.00862853 0.06565428 0.01431093
v 0.00974797 0.06531649 0.01972006
v 0.00306847 0.07157116 0.01431093
v 0.00201180 0.07249854 0.01916059
v 0.00199766 0.07327030 0.02047648
v 0.00424184 0.07138741 0.04347173
v 0.00125225 0.07287308 0.03911588
v 0.00198174 0.07223503 0.03911588
v 0.00669206 0.06666532 0.02454118
v 0.00742155 0.06618287 0.02454118
v 0.00071463 0.07327030 0.03765727
v 0.00115587 0.07282147 0.03765727
v 0.00516852 0.07096282 0.04347173
v 0.00515880 0.07096673 0.04347173
v 0.00514642 0.07097220 0.04347173
v 0.00730926 0.06611015 0.02308257
v 0.00862853 0.06564255 0.02308257
v 0.00974797 0.06528365 0.02151549
v 0.00717043 0.06598426 0.01433661
v 0.00717043 0.06598504 0.01431093
v 0.00862853 0.06562613 0.01579237
v 0.00307112 0.07155240 0.01431093
v 0.00201180 0.07213416 0.01916059
v 0.00084727 0.07327030 0.03474290
v 0.00185264 0.07302947 0.02162396
v 0.00196582 0.07300210 0.02027953
v 0.00190304 0.07327030 0.02162396
v 0.00425599 0.07137959 0.04347173
v 0.00493332 0.06787419 0.02308257
v 0.00497488 0.06791798 0.02388181
v 0.00560976 0.06749495 0.02443557
v 0.00658065 0.06661606 0.02308257
v 0.00226823 0.07108715 0.02891131
v 0.00488380 0.06782023 0.02162396
v 0.00074735 0.07327030 0.03620151
v 0.00220015 0.07108324 0.02162396
v 0.00219838 0.07107855 0.02308257
v 0.00629857 0.06636819 0.01433661
v 0.00717043 0.06600302 0.01579237
v 0.00862853 0.06558625 0.02016535
v 0.00629946 0.06636819 0.01431093
v 0.00715717 0.06599051 0.01431093
v 0.00330986 0.07031538 0.01431093
v 0.00194814 0.07194180 0.02016535
v 0.00292876 0.07011990 0.02162396
v 0.00481571 0.06770998 0.01725098
v 0.00482986 0.06774048 0.01870959
v 0.00190304 0.07181278 0.02162396
v 0.00224436 0.07121304 0.02016535
v 0.00366974 0.06958662 0.01431093
v 0.00368036 0.06957098 0.01431093
v 0.00484312 0.06773500 0.01579237
v 0.00556997 0.06708756 0.01433661
v 0.00558234 0.06707662 0.01431093
v 0.00431700 0.06865612 0.01431093
v 0.00490237 0.06781711 0.01431093
v 0.00555935 0.06710007 0.01431093
v 0.00266780 0.03392515 -0.04766343
v 0.00266780 0.03392515 -0.05097401
v 0.00266780 0.03452021 -0.04835188
v -0.00467616 0.03392515 -0.03394747
v 0.00266780 0.03406859 -0.05120504
v -0.00113085 0.03392515 -0.04648289
v 0.00266780 0.03499210 -0.04889941
v -0.00489987 0.03392515 -0.03356166
v 0.00266780 0.03809057 -0.05249647
v 0.00266780 0.03817684 -0.05260043
v 0.00266780 0.03840499 -0.05288459
v 0.00266780 0.03923339 -0.05397272
v -0.00371020 0.03888831 -0.05047038
v -0.00273832 0.03846111 -0.05100866
v -0.00229015 0.03878749 -0.05198128
v 0.00128775 0.03923339 -0.05586943
v 0.00261594 0.03923339 -0.05711235
v 0.00266780 0.03923339 -0.05716086
v -0.00177310 0.03392515 -0.04561885
v -0.00489987 0.03422658 -0.03413922
v -0.00489987 0.03392515 -0.03882903
v -0.00489987 0.03923339 -0.04471554
v -0.00489987 0.03858688 -0.04777663
v -0.00479098 0.03923339 -0.04858521
v -0.00400058 0.03923339 -0.05011229
v -0.00376576 0.03923339 -0.05054431
v -0.00240349 0.03923339 -0.05214300
v -0.00489987 0.03675181 -0.04534162
v -0.00489987 0.03707039 -0.04583139
v -0.00489987 0.03732920 -0.04621490
v -0.00186347 0.03392515 -0.04547793
v -0.00489987 0.03576490 -0.04342412
v -0.00260276 0.03392515 -0.04398089
v -0.00489987 0.03923339 -0.04834495
v -0.00396873 0.03567291 -0.04501126
v -0.00489987 0.03605437 -0.04406405
v -0.00198273 0.03392515 -0.04525614
v -0.00489987 0.03601591 -0.04398089
v -0.00230200 0.03392515 -0.04464624
v -0.02452797 0.04136368 0.06305477
v -0.02436406 0.04136368 0.06369780
v -0.02430221 0.04210970 0.06305477
v -0.02278684 0.04136368 0.06305477
v -0.02427747 0.04136368 0.06390047
v -0.02386925 0.04242092 0.06390047
v -0.02425892 0.04193865 0.06341369
v -0.02412903 0.04257156 0.06305477
v -0.00970825 0.04524446 0.06305477
v 0.00706599 0.04136368 0.07116516
v -0.02405480 0.04136368 0.06441566
v -0.02402388 0.04281987 0.06305477
v -0.02293838 0.04344395 0.06498482
v -0.00832586 0.04567376 0.06305477
v 0.00706599 0.04457403 0.06885535
v 0.00706599 0.04136368 0.07272966
v -0.02357236 0.04136368 0.06533996
v -0.02312393 0.04242919 0.06542614
v -0.02387234 0.04310735 0.06305477
v -0.02260128 0.04292471 0.06595648
v -0.02124054 0.04311011 0.06753045
v -0.02163021 0.04356093 0.06655879
v -0.02206626 0.04398857 0.06548581
v -0.02249923 0.04441511 0.06427550
v -0.02278065 0.04465294 0.06330384
v -0.02311466 0.04390691 0.06383418
v -0.00794547 0.04593145 0.06305477
v 0.00706599 0.04543649 0.06835531
v 0.00706599 0.04533882 0.06840551
v 0.00133850 0.04136368 0.07233475
v 0.00706599 0.04231001 0.07256014
v -0.02336206 0.04136368 0.06568468
v -0.02281777 0.04195299 0.06622638
v -0.02342701 0.04383959 0.06305477
v -0.02071171 0.04404761 0.06700200
v -0.02115395 0.04453209 0.06598678
v -0.02229512 0.04136368 0.06712038
v -0.02205699 0.04136368 0.06736945
v -0.02157764 0.04136368 0.06781740
v -0.02053234 0.04136368 0.06851347
v -0.01977156 0.04136368 0.06896047
v -0.01971589 0.04156177 0.06892543
v -0.01942519 0.04241540 0.06879568
v -0.01841082 0.04320778 0.06903434
v -0.02026947 0.04356259 0.06783350
v -0.01967878 0.04453430 0.06744616
v -0.02152815 0.04477047 0.06501513
v -0.02282395 0.04468439 0.06305477
v -0.02303116 0.04441235 0.06305477
v -0.02004061 0.04620624 0.06349325
v -0.00743519 0.04678839 0.06305477
v 0.00693301 0.04700028 0.06778804
v 0.00706599 0.04688330 0.06786002
v 0.00706599 0.04686950 0.06786380
v 0.00133850 0.04216047 0.07209515
v -0.00012120 0.04189781 0.07200234
v -0.00012120 0.04136368 0.07215576
v 0.00706599 0.04241540 0.07253836
v -0.02292910 0.04136368 0.06637412
v -0.02017978 0.04476550 0.06647451
v -0.01905098 0.04136368 0.06927109
v -0.01869534 0.04241540 0.06914988
v -0.01870461 0.04473791 0.06773311
v -0.01904480 0.04387104 0.06826819
v -0.01760984 0.04241540 0.06946239
v -0.01760984 0.04337001 0.06912620
v -0.01760984 0.04409893 0.06863279
v -0.02009628 0.04623880 0.06305477
v -0.01947776 0.04595076 0.06446490
v -0.01902315 0.04629894 0.06394782
v -0.01905098 0.04648766 0.06305477
v -0.01963548 0.04637730 0.06305477
v -0.00735788 0.04700028 0.06305477
v 0.00706599 0.04700028 0.06785907
v 0.00571143 0.04338711 0.07204874
v -0.01615322 0.04357086 0.06927962
v -0.01615322 0.04241540 0.06972188
v -0.01338226 0.04136368 0.07033840
v 0.00706599 0.04350851 0.07211977
v -0.01879121 0.04136368 0.06934686
v -0.01760984 0.04486979 0.06790453
v -0.01850669 0.04610306 0.06472628
v -0.01760984 0.04136368 0.06966601
v -0.01615322 0.04429923 0.06874265
v -0.01760984 0.04617203 0.06490433
v -0.01760984 0.04647110 0.06390142
v -0.01760984 0.04661733 0.06305477
v -0.01036079 0.04700028 0.06305477
v 0.00706599 0.04700028 0.06963570
v 0.00133850 0.04483061 0.07068596
v 0.00133850 0.04387325 0.07124092
v -0.01720471 0.04136368 0.06973798
v 0.00706599 0.04418446 0.07168792
v 0.00586606 0.04700028 0.06938190
v 0.00294047 0.04700028 0.06867162
v 0.00272398 0.04700028 0.06861859
v -0.00563530 0.04700028 0.06655216
v -0.00581467 0.04700028 0.06650671
v -0.00777847 0.04700028 0.06557482
v -0.00860419 0.04700028 0.06509752
v -0.00944847 0.04700028 0.06449994
v -0.01004844 0.04700028 0.06362583
v -0.01006699 0.04700028 0.06359268
v 0.00706599 0.04423688 0.07165383
v -0.00121554 0.07226620 0.05539835
v -0.00107543 0.07194307 0.05539835
v -0.00290301 0.06827017 0.06236351
v -0.00339298 0.06827017 0.06341774
v -0.00238520 0.07226620 0.05848176
v 0.00090794 0.07226620 0.05539835
v -0.00095011 0.07177760 0.05539835
v -0.00049147 0.07122993 0.05539835
v 0.00023347 0.07048080 0.05539835
v -0.00100667 0.06827017 0.05988453
v -0.00345999 0.06872356 0.06341774
v -0.00155843 0.06827017 0.06341774
v -0.00248006 0.07226620 0.05877927
v 0.00543077 0.06994995 0.05539835
v -0.00128342 0.07226620 0.06341774
v 0.00043625 0.07031180 0.05539835
v -0.00038268 0.06827017 0.05924163
v 0.00120992 0.06974222 0.05539835
v -0.00344171 0.07011425 0.06341774
v -0.00332074 0.07157144 0.06244201
v -0.00312928 0.07226620 0.06098429
v -0.00307184 0.07157144 0.06098429
v -0.00271329 0.07226620 0.05951480
v 0.00543077 0.06827017 0.05824156
v 0.00543077 0.06958614 0.05630422
v 0.00543077 0.06827017 0.05539835
v -0.00304487 0.07226620 0.06341774
v 0.00543077 0.06829012 0.05821723
v 0.00543077 0.06831437 0.05818582
v 0.00543077 0.06836758 0.05811675
v 0.00543077 0.06908659 0.05713552
v 0.00543077 0.06917030 0.05700050
v 0.00163810 0.06945548 0.05539835
v 0.00032224 0.06827017 0.05854456
v -0.00326069 0.07157144 0.06341774
v -0.00326505 0.07226620 0.06244201
v 0.00502261 0.06827017 0.05539835
v 0.00218637 0.06912962 0.05539835
v 0.00274596 0.06882175 0.05539835
v 0.00053807 0.06827017 0.05835460
v 0.00425503 0.06827017 0.05556634
v 0.00425503 0.06835858 0.05539835
v 0.00324115 0.06866840 0.05539835
v 0.00389125 0.06827017 0.05577592
v 0.00271376 0.06827017 0.05647692
v 0.00369631 0.06852914 0.05539835
v 0.01736270 0.05290896 -0.05415104
v 0.01736270 0.05180250 -0.05485824
v 0.01736270 0.05291292 -0.05611611
v 0.01648098 0.05291292 -0.05423590
v 0.01199677 0.05291292 -0.05028878
v 0.01199509 0.05280729 -0.05028878
v 0.01196990 0.05131001 -0.05028878
v 0.01195143 0.05116169 -0.05028878
v 0.01144086 0.04974582 -0.05028878
v 0.01736270 0.05107146 -0.05544285
v 0.01736270 0.05291292 -0.05614440
v 0.01032737 0.05291292 -0.05028878
v 0.01125276 0.04952752 -0.05028878
v 0.01736270 0.05025900 -0.05616703
v 0.01445889 0.05291292 -0.05648197
v 0.01736270 0.05251593 -0.06437621
v 0.00188464 0.04941133 -0.05028878
v 0.01013255 0.05291292 -0.05097712
v 0.01077579 0.04900598 -0.05028878
v 0.01736270 0.05025636 -0.05617457
v 0.01300110 0.05291292 -0.05650083
v 0.01736270 0.05251461 -0.06438752
v 0.01149629 0.05291292 -0.05576345
v 0.00151683 0.04923836 -0.05028878
v 0.01009896 0.05291292 -0.05126943
v 0.01011744 0.05291292 -0.05243490
v 0.01016278 0.05291292 -0.05273286
v 0.01040295 0.05291292 -0.05395491
v 0.01004354 0.04868953 -0.05028878
v 0.01736270 0.04997997 -0.05710053
v 0.01736270 0.05248953 -0.06456480
v 0.01142911 0.05291292 -0.05568613
v 0.01736270 0.05229411 -0.06592639
v 0.00183929 0.04915122 -0.05126943
v 0.00020516 0.04841710 -0.05028878
v 0.00621937 0.05057193 -0.05523730
v 0.01045669 0.05291292 -0.05407183
v 0.00973284 0.04862352 -0.05028878
v 0.01736270 0.04841710 -0.06754447
v 0.01063975 0.05291292 -0.05440563
v 0.01726026 0.05226375 -0.06593205
v 0.01736270 0.05222678 -0.06619419
v 0.01669763 0.05184695 -0.06647329
v 0.00620089 0.04916310 -0.05953896
v 0.00571385 0.04928590 -0.05846590
v 0.00122964 0.04841710 -0.05242170
v 0.00492953 0.04901610 -0.05791900
v 0.00417712 0.04841710 -0.05028878
v 0.00862942 0.04844527 -0.05028878
v 0.01736270 0.04841710 -0.06955480
v 0.00815245 0.04843691 -0.05028878
v 0.01736270 0.05164406 -0.06730308
v 0.01736270 0.05143632 -0.06758407
v 0.01350494 0.05059041 -0.06532857
v 0.01212945 0.05052087 -0.06383874
v 0.00667619 0.04866401 -0.06051018
v 0.00589355 0.04841710 -0.05982750
v 0.00544681 0.04841710 -0.05930323
v 0.00522848 0.04859579 -0.05889022
v 0.01253420 0.05021763 -0.06481185
v 0.01202196 0.04924585 -0.06537006
v 0.00214999 0.04841710 -0.05415670
v 0.00306363 0.04841710 -0.05568236
v 0.01735263 0.04841710 -0.06954914
v 0.01736270 0.04974142 -0.06895510
v 0.01736270 0.05114496 -0.06786129
v 0.01406421 0.05017934 -0.06630168
v 0.01301789 0.04971237 -0.06583587
v 0.00695330 0.04841710 -0.06093827
v 0.00625128 0.04841710 -0.06023484
v 0.01104955 0.04854386 -0.06487596
v 0.00498831 0.04841710 -0.05871484
v 0.01350326 0.04920712 -0.06675052
v 0.01253085 0.04849280 -0.06634129
v 0.01497281 0.04841710 -0.06816680
v 0.01516931 0.04899366 -0.06804422
v 0.01736270 0.04985013 -0.06888720
v 0.01736270 0.05005963 -0.06874199
v 0.01666740 0.05041172 -0.06801216
v 0.01081946 0.04841710 -0.06471944
v 0.01238809 0.04841710 -0.06624322
v 0.01315057 0.04841710 -0.06685990
v 0.01406421 0.04841710 -0.06754447
v 0.01262490 0.04841710 -0.06645066
v -0.01262214 0.00582602 0.00980070
v -0.01266500 0.00599338 0.00980070
v -0.01068091 0.00582602 0.00980070
v -0.01413143 0.00582602 0.01193968
v -0.01521465 0.00742708 0.01255709
v -0.01538356 0.00888494 0.01221594
v -0.01271542 0.00725346 0.00980070
v -0.01541802 0.00969039 0.01217199
v -0.01544659 0.01066140 0.01210711
v -0.00906322 0.01496787 0.00980070
v -0.01238180 0.00582602 0.02846757
v -0.01417597 0.00582602 0.01200456
v -0.01459951 0.00582602 0.01274755
v -0.01542726 0.00669501 0.01359937
v -0.01552559 0.00742708 0.01328543
v -0.01558105 0.00888494 0.01294429
v -0.01271879 0.00742708 0.00980070
v -0.01544659 0.01118942 0.01210711
v -0.01164145 0.01496787 0.00980070
v -0.01154901 0.01496787 0.02745250
v -0.01154060 0.01471549 0.02745250
v -0.01160027 0.01325763 0.02745250
v -0.01227004 0.00749420 0.02894058
v -0.01236920 0.00596921 0.02849478
v -0.01246752 0.00802490 0.02967520
v -0.01290199 0.00582602 0.02931312
v -0.01464489 0.00582602 0.01298196
v -0.01607350 0.00582602 0.02308246
v -0.01689285 0.00810186 0.02377312
v -0.01693319 0.00947202 0.02228296
v -0.01269694 0.00865941 0.00980070
v -0.01489616 0.01496787 0.01287731
v -0.01448606 0.01496787 0.01170108
v -0.01244735 0.01179977 0.00980070
v -0.01261206 0.00979689 0.00980070
v -0.01692478 0.01034280 0.02229342
v -0.01688781 0.01109187 0.02234156
v -0.01747774 0.01496787 0.03118002
v -0.01174817 0.01483005 0.00980070
v -0.01207171 0.01496787 0.02885686
v -0.01204398 0.01179977 0.02891128
v -0.01216919 0.00897085 0.02904941
v -0.01213390 0.01025152 0.02904941
v -0.01245155 0.01067662 0.02967938
v -0.01452220 0.00582602 0.03118002
v -0.01620880 0.00582602 0.02453705
v -0.01645166 0.00582602 0.03118002
v -0.01721387 0.00888494 0.03118002
v -0.01753656 0.01038576 0.03118002
v -0.01764749 0.01179977 0.03118002
v -0.01177506 0.01475666 0.00980070
v -0.01216247 0.01331222 0.00980070
v -0.01217591 0.01325763 0.00980070
v -0.01761724 0.01261148 0.03118002
v -0.01750211 0.01471549 0.03118002
v -0.01749035 0.01483989 0.03118002
v -0.01532390 0.01496787 0.03118002
v -0.01251710 0.01496787 0.02945544
v -0.01249273 0.01266249 0.02965427
v -0.01245323 0.01179977 0.02967938
v -0.01458102 0.00680688 0.03118002
v -0.01509616 0.01496787 0.03105026
v -0.01259357 0.01496787 0.02955799
v -0.01329611 0.01496787 0.03002262
v -0.00686079 0.04540857 0.05327582
v -0.00686079 0.04543134 0.05343282
v -0.00686079 0.04704021 0.05327582
v 0.00706599 0.04547910 0.05327582
v -0.00686079 0.04547102 0.05369608
v -0.00686079 0.05291292 0.06047290
v -0.00626233 0.05291292 0.05987841
v -0.00606466 0.05291292 0.05968886
v -0.00592425 0.05291292 0.05955771
v -0.00511994 0.05291292 0.05910394
v -0.00440561 0.05291292 0.05870953
v -0.00425292 0.05291292 0.05865017
v -0.00306010 0.05291292 0.05838596
v -0.00157554 0.05291292 0.05819258
v -0.00594878 0.04712910 0.05327582
v 0.00706599 0.04699833 0.05327582
v 0.00706599 0.04552758 0.05359078
v -0.00686079 0.04588315 0.05475296
v 0.00706599 0.04554595 0.05369608
v 0.00706599 0.04586552 0.05485060
v 0.00706599 0.04588903 0.05492623
v -0.00686079 0.05291292 0.06305477
v -0.00011824 0.05291292 0.05812461
v -0.00297149 0.04724150 0.05327582
v 0.00706599 0.05291292 0.05876409
v 0.00623033 0.04710706 0.05327582
v 0.00425501 0.05291292 0.05822225
v 0.00571230 0.05291292 0.05842521
v 0.00659295 0.05291292 0.05861762
v 0.00689013 0.05291292 0.05869038
v -0.00686079 0.04703580 0.05660918
v 0.00706599 0.04620198 0.05560209
v 0.00706599 0.04667068 0.05652973
v 0.00706599 0.04671256 0.05661205
v 0.00706599 0.04727162 0.05770147
v -0.00686079 0.05182933 0.06305477
v -0.00627051 0.05291292 0.06305477
v 0.00133905 0.05291292 0.05811216
v -0.00157554 0.04728411 0.05327582
v -0.00160962 0.04728337 0.05327582
v 0.00706599 0.05291292 0.06041163
v 0.00449357 0.04715775 0.05327582
v 0.00279635 0.05291292 0.05813418
v -0.00686079 0.04801361 0.05807770
v 0.00706599 0.04777558 0.05837638
v -0.00686079 0.04891060 0.05941219
v -0.00637002 0.05268518 0.06305477
v -0.00686079 0.05009631 0.06096400
v 0.00706599 0.04781672 0.05842903
v 0.00706599 0.04854549 0.05919776
v 0.00706599 0.04947848 0.05987362
v 0.00706599 0.04956443 0.05992436
v 0.00706599 0.05029099 0.06032643
v 0.00706599 0.05105722 0.06043173
v -0.00628005 0.05288941 0.06305477
v 0.00706599 0.05116154 0.06043460
v 0.00706599 0.05258968 0.06044418
v 0.00706599 0.05261466 0.06044226
v -0.00686079 0.04994718 0.06077158
v 0.03147747 0.03392463 -0.05859074
v 0.03138042 0.03392463 -0.05958416
v 0.02955998 0.03392463 -0.05859074
v 0.03177463 0.02297625 -0.05859074
v 0.03192254 0.02297625 -0.06001676
v 0.03168829 0.02783744 -0.06001676
v 0.03092263 0.03392463 -0.06031344
v 0.03160061 0.02929386 -0.06001676
v 0.03147144 0.03071278 -0.06013256
v 0.03118968 0.03117253 -0.06069627
v 0.02508517 0.03392463 -0.06451591
v 0.02955597 0.03391284 -0.05859074
v 0.03015899 0.02297625 -0.05859074
v 0.03162739 0.02297625 -0.06146575
v 0.03078945 0.03392463 -0.06051539
v 0.02827028 0.03392463 -0.06381917
v 0.03132755 0.02297625 -0.06210603
v 0.03124857 0.02297625 -0.06225820
v 0.03081287 0.02297625 -0.06286593
v 0.02508517 0.03392463 -0.06667600
v 0.02508517 0.03370708 -0.06447858
v 0.02949506 0.03372744 -0.05859074
v 0.02508517 0.02353674 -0.06617928
v 0.02508517 0.02297625 -0.06649894
v 0.03007399 0.02349173 -0.05859074
v 0.02508517 0.02783744 -0.06445944
v 0.02508517 0.02700902 -0.06475805
v 0.02508517 0.02632099 -0.06501167
v 0.02783525 0.03392463 -0.06436660
v 0.03066228 0.02297625 -0.06305065
v 0.02594587 0.03392463 -0.06605965
v 0.02645050 0.02297625 -0.06777471
v 0.02605697 0.02297625 -0.06800823
v 0.02576048 0.02297625 -0.06817189
v 0.02508517 0.02297625 -0.06836713
v 0.02508517 0.03360527 -0.06446135
v 0.02508517 0.03275328 -0.06440106
v 0.02508517 0.03131400 -0.06434459
v 0.02508517 0.03075136 -0.06433407
v 0.02949171 0.03216385 -0.05859074
v 0.02967710 0.02929386 -0.05859074
v 0.02949774 0.03196344 -0.05859074
v 0.02508517 0.02923706 -0.06436469
v 0.02701738 0.03392463 -0.06525859
v 0.02726033 0.02297625 -0.06706074
v 0.02687215 0.03392463 -0.06538684
v 0.00441432 0.07327185 0.01431365
v 0.00441432 0.07435087 0.01431365
v 0.00576026 0.07327185 0.01431365
v 0.00441432 0.07327185 0.02016370
v 0.00601922 0.07551744 0.01431365
v 0.00441432 0.08051626 0.03912254
v 0.00974797 0.07489461 0.01431365
v 0.00974797 0.07514343 0.01836263
v 0.00974797 0.07517569 0.01883129
v 0.00447906 0.07327185 0.02006016
v 0.00441432 0.07364663 0.02220726
v 0.00717042 0.07603123 0.01431365
v 0.00441432 0.08084573 0.04044949
v 0.00500741 0.08103926 0.03993996
v 0.00974797 0.07521563 0.01431365
v 0.00974797 0.07522407 0.01935989
v 0.00974797 0.07522945 0.01939804
v 0.00974797 0.07598438 0.02453965
v 0.00974797 0.07616793 0.02565953
v 0.00441432 0.07366122 0.02227266
v 0.00974797 0.07623244 0.02599740
v 0.00974797 0.07659877 0.02785023
v 0.00974797 0.07802338 0.03454495
v 0.00974797 0.07902330 0.03911709
v 0.00719392 0.07603507 0.01431365
v 0.00441432 0.08107382 0.04174103
v 0.00441432 0.08107690 0.04178463
v 0.00597902 0.08108304 0.03970836
v 0.00862862 0.07623935 0.01431365
v 0.00865159 0.07623935 0.01431365
v 0.00974797 0.07622246 0.01431637
v 0.00441432 0.07391235 0.02339253
v 0.00974797 0.07930669 0.04038683
v 0.00441432 0.08107382 0.04183367
v 0.00862862 0.08111683 0.04139771
v 0.00862862 0.08111683 0.04096175
v 0.00923842 0.07668402 0.01638174
v 0.00665512 0.08108304 0.03970836
v 0.00960440 0.07668402 0.01638174
v 0.00974797 0.07667326 0.01642806
v 0.00974797 0.07937197 0.04063205
v 0.00441432 0.07540762 0.02891016
v 0.00974797 0.08111222 0.04145220
v 0.00441432 0.08040798 0.04214702
v 0.00974797 0.08111222 0.04100534
v 0.00974797 0.07953248 0.04094812
v 0.00441432 0.07958854 0.04165929
v 0.00441432 0.07911623 0.04064840
v 0.00441432 0.07723312 0.03477928
v 0.00441432 0.07585152 0.03037335
v 0.00441432 0.07545447 0.02906820
v 0.00974797 0.08031659 0.04152850
v 0.00441432 0.08025746 0.04207617
v 0.00974797 0.07999250 0.04140316
v 0.00974797 0.08017989 0.04148217
v 0.00946709 0.07971526 0.04123695
v 0.01745247 0.01764228 -0.06925854
v 0.01793666 0.01764228 -0.06957162
v 0.01745247 0.01764228 -0.06692877
v 0.01745247 0.02200613 -0.06875790
v 0.01745546 0.02200613 -0.06876283
v 0.01806518 0.02286201 -0.06952297
v 0.01882733 0.01764228 -0.06984310
v 0.01883405 0.02200613 -0.06978176
v 0.02508443 0.01764228 -0.06709377
v 0.01745247 0.02819648 -0.06317673
v 0.01745247 0.02341187 -0.06851322
v 0.01893941 0.02339434 -0.06962733
v 0.01766467 0.02339434 -0.06883193
v 0.01745247 0.03392304 -0.06641472
v 0.01769307 0.03392304 -0.06668056
v 0.01782159 0.03392304 -0.06679197
v 0.01862110 0.03392304 -0.06712480
v 0.01883405 0.03392304 -0.06721294
v 0.02208215 0.03392304 -0.06805910
v 0.02029185 0.01764228 -0.07002362
v 0.02029185 0.02200613 -0.07004336
v 0.02508443 0.01764228 -0.06884533
v 0.02508443 0.02783628 -0.06446008
v 0.01745247 0.02935996 -0.06297647
v 0.02029185 0.02346446 -0.06982971
v 0.01745247 0.03392304 -0.06372533
v 0.02277705 0.03392304 -0.06804712
v 0.02174890 0.01764228 -0.06988471
v 0.02174890 0.02200613 -0.06987695
v 0.02295863 0.01764228 -0.06962310
v 0.02508443 0.01864479 -0.06901668
v 0.02508443 0.02923724 -0.06436559
v 0.01745247 0.03055213 -0.06283967
v 0.02508443 0.03392304 -0.06451649
v 0.01745247 0.03377322 -0.06364283
v 0.02335091 0.03392304 -0.06783628
v 0.02406150 0.01994215 -0.06951592
v 0.02406150 0.01963135 -0.06951592
v 0.02459426 0.01912293 -0.06926066
v 0.02508443 0.01911337 -0.06906675
v 0.02508443 0.03075136 -0.06433457
v 0.02508443 0.03131397 -0.06434514
v 0.02508443 0.03275318 -0.06440226
v 0.02508443 0.03360428 -0.06446220
v 0.01745247 0.03195787 -0.06298493
v 0.02508443 0.03392304 -0.06667633
v 0.01745247 0.03360587 -0.06355186
v 0.01745247 0.03223998 -0.06305827
v 0.01745247 0.03208378 -0.06300468
v 0.02508443 0.03370788 -0.06447982
v 0.02466375 0.03392304 -0.06699435
v 0.02508443 0.02049998 -0.06903431
v 0.00092007 0.07226620 0.06584810
v 0.00138261 0.07226620 0.06594773
v 0.00092007 0.07226620 0.06803041
v 0.00092007 0.07839622 0.05539835
v 0.00571266 0.07226620 0.06709879
v 0.00131358 0.07226620 0.06814888
v 0.00092007 0.07262822 0.06780827
v 0.00092007 0.08046937 0.05539835
v 0.00109053 0.07851429 0.05539835
v 0.00571689 0.07654272 0.06158850
v 0.00571689 0.07577267 0.06256724
v 0.00571689 0.07226620 0.06710014
v 0.00133988 0.07270288 0.06786751
v 0.00496367 0.07226620 0.06900915
v 0.00498997 0.07229919 0.06899838
v 0.00092007 0.07308227 0.06741247
v 0.00203111 0.08107100 0.05595570
v 0.00144507 0.08083139 0.05539835
v 0.00092007 0.08002227 0.05658980
v 0.00144225 0.07875824 0.05539835
v 0.00224806 0.07932254 0.05539835
v 0.00231709 0.07937289 0.05539835
v 0.00571689 0.07946058 0.05865498
v 0.00571689 0.07226620 0.06915185
v 0.00425507 0.07303017 0.06829697
v 0.00425507 0.07389051 0.06766961
v 0.00346898 0.07377679 0.06756056
v 0.00502237 0.07226620 0.06902261
v 0.00571689 0.07239469 0.06908050
v 0.00571689 0.07240424 0.06907512
v 0.00557085 0.07296767 0.06864027
v 0.00133988 0.07343213 0.06723072
v 0.00092007 0.07404765 0.06642161
v 0.00239034 0.08087653 0.05692771
v 0.00377468 0.08095032 0.05855805
v 0.00336191 0.08111093 0.05758604
v 0.00195175 0.08108402 0.05539835
v 0.00092007 0.07887805 0.05947351
v 0.00251056 0.08025928 0.05539835
v 0.00571689 0.08031570 0.05849881
v 0.00133988 0.07411797 0.06650239
v 0.00571266 0.07404591 0.06782308
v 0.00571266 0.07477516 0.06696551
v 0.00425507 0.07980957 0.06050476
v 0.00571689 0.07277060 0.06881124
v 0.00571689 0.07299719 0.06864027
v 0.00338352 0.07966980 0.06034724
v 0.00092007 0.07449475 0.06583329
v 0.00284490 0.08065862 0.05807070
v 0.00190667 0.07969585 0.05897404
v 0.00092007 0.07864972 0.05994605
v 0.00285805 0.07993545 0.05948697
v 0.00425835 0.08058223 0.05944524
v 0.00474625 0.08110746 0.05890538
v 0.00571266 0.08113437 0.05864555
v 0.00364930 0.08111093 0.05714446
v 0.00227811 0.08109010 0.05539835
v 0.00571266 0.08113437 0.05895654
v 0.00234761 0.08093904 0.05539835
v 0.00571689 0.08113263 0.05864555
v 0.00571689 0.07404852 0.06782039
v 0.00571266 0.07991983 0.06064477
v 0.00571689 0.07477516 0.06696551
v 0.00092007 0.07831288 0.06052091
v 0.00092007 0.07755325 0.06164504
v 0.00095482 0.07658526 0.06307344
v 0.00092007 0.07654706 0.06310171
v 0.00571266 0.08064820 0.05968622
v 0.00571689 0.08113437 0.05895654
v 0.00571689 0.07992156 0.06064207
v 0.00092007 0.07657831 0.06305729
v 0.00571689 0.08064994 0.05968353
v 0.03449197 0.03750147 0.07035425
v 0.03437008 0.03804208 0.07109386
v 0.03429592 0.03702538 0.07090421
v 0.03406462 0.03804208 0.07182247
v 0.03426067 0.03949895 0.07077910
v 0.03437595 0.03949895 0.07035425
v 0.03455658 0.03804208 0.07035425
v -0.01801904 0.03392463 0.06608785
v 0.03434878 0.03690370 0.07035425
v 0.03415714 0.03656153 0.07035425
v 0.03381864 0.03655745 0.07131004
v 0.03358881 0.03579308 0.07035425
v 0.03303664 0.03546561 0.07118994
v 0.03281636 0.03571959 0.07221829
v 0.03259388 0.03598091 0.07318959
v 0.03316073 0.03651335 0.07268168
v 0.03289566 0.03695270 0.07359292
v 0.03200279 0.03652152 0.07413587
v 0.03162170 0.03549583 0.07370652
v 0.03148953 0.03392463 0.07148869
v 0.03171936 0.03392463 0.07112038
v 0.03107761 0.03392463 0.07198160
v 0.03084998 0.03452404 0.07312154
v 0.03031396 0.03518796 0.07404680
v 0.02987927 0.03436071 0.07341478
v 0.02977648 0.03585188 0.07483646
v 0.03074865 0.03609034 0.07467882
v 0.03141243 0.03706213 0.07496907
v 0.03035655 0.03657950 0.07504362
v 0.02903853 0.03658358 0.07520526
v 0.02903853 0.03804208 0.07543495
v 0.03141243 0.03771870 0.07496907
v 0.03059666 0.03813845 0.07512469
v 0.02907158 0.03957735 0.07508116
v 0.02753621 0.04099747 0.07497457
v 0.02860752 0.04053852 0.07490101
v 0.03017739 0.03914453 0.07497206
v 0.03114883 0.03868967 0.07478191
v 0.03280828 0.03904899 0.07354088
v 0.03201307 0.03952018 0.07387316
v 0.03104236 0.04226733 0.07325915
v 0.03031029 0.04226733 0.07368350
v 0.02904221 0.04226733 0.07418792
v 0.02886818 0.04226733 0.07423796
v 0.02799146 0.04151031 0.07473437
v 0.02750244 0.04226733 0.07455622
v 0.02466487 0.04226733 0.07468568
v 0.02612264 0.04226733 0.07469713
v 0.02701882 0.04174387 0.07485348
v 0.02612264 0.04182063 0.07488212
v 0.02612264 0.04095664 0.07509860
v 0.02758100 0.03949895 0.07530184
v 0.02612264 0.03949895 0.07537923
v 0.02466487 0.03949895 0.07536434
v 0.02466487 0.04095664 0.07507455
v 0.02466487 0.04181002 0.07487925
v 0.02368846 0.04172999 0.07485005
v 0.02320514 0.04105137 0.07495829
v 0.02070052 0.04038091 0.07485635
v 0.01722732 0.04226733 0.07399270
v 0.00133739 0.04095683 0.07245686
v 0.00133739 0.04136312 0.07233489
v -0.00011870 0.04136312 0.07215558
v -0.01338312 0.04136312 0.07033845
v 0.00706795 0.04226733 0.07256781
v 0.02322862 0.04226733 0.07457744
v 0.01868509 0.04226733 0.07415363
v 0.00706795 0.04226733 0.07084567
v -0.01801904 0.04136312 0.06795869
v -0.01801904 0.04136312 0.06955657
v -0.01761143 0.04136312 0.06966692
v -0.01761143 0.04095683 0.06974533
v -0.01428919 0.04052214 0.07051850
v -0.01801904 0.04054981 0.06971121
v -0.01801904 0.03909211 0.06984261
v -0.01546781 0.03886931 0.07046768
v -0.01474345 0.03941249 0.07055116
v 0.00346137 0.03736428 0.07338684
v -0.00011870 0.03949913 0.07256721
v 0.01918992 0.03913228 0.07486780
v 0.02320710 0.03949895 0.07524464
v 0.02320710 0.03804208 0.07536778
v 0.02466487 0.03804208 0.07545540
v 0.02758100 0.03804208 0.07546647
v 0.02320710 0.03669791 0.07510089
v 0.02174738 0.03692167 0.07503675
v 0.01008719 0.03658358 0.07386613
v 0.00902664 0.03570244 0.07346868
v 0.02407002 0.03586740 0.07482141
v 0.01008719 0.03563139 0.07352709
v 0.00862942 0.03405366 0.07222990
v 0.00133739 0.03454208 0.07180057
v -0.00011870 0.03541219 0.07222019
v -0.00157725 0.03558621 0.07212581
v 0.00346137 0.03728346 0.07338684
v -0.00278779 0.03572528 0.07201909
v -0.00317821 0.03643957 0.07220059
v -0.01469434 0.03702789 0.07055189
v -0.01545799 0.03728637 0.07046768
v -0.01323825 0.03804070 0.07084954
v -0.01469434 0.03804070 0.07062158
v -0.01548255 0.03804070 0.07047130
v -0.01801904 0.03804070 0.06989851
v -0.01801904 0.03654951 0.06973952
v -0.01801904 0.03542456 0.06929377
v -0.01761143 0.03533719 0.06934822
v -0.01276926 0.03573547 0.07051414
v -0.01177970 0.03485881 0.07021068
v -0.01170850 0.03392463 0.06962627
v 0.00862942 0.03392463 0.07211593
v -0.01323825 0.03392463 0.06939250
v -0.01761143 0.03460834 0.06882914
v -0.01763844 0.03392463 0.06831733
v -0.01801904 0.03392463 0.06819028
v 0.03206520 0.03392463 0.07035425
v 0.02466487 0.03392463 0.07329858
v 0.02320710 0.03392463 0.07322585
v 0.02320710 0.03425210 0.07349845
v 0.02460030 0.03526146 0.07436840
v 0.02504252 0.03583718 0.07484661
v 0.02460030 0.03644557 0.07507111
v 0.02799366 0.03580452 0.07486998
v 0.02903853 0.03581432 0.07486298
v 0.02903853 0.03508506 0.07418692
v 0.02827196 0.03392463 0.07313255
v 0.02952829 0.03392463 0.07299393
v 0.03036316 0.03392463 0.07258259
v 0.03328850 0.04226733 0.07035425
v 0.03125897 0.04226733 0.07035425
v 0.03228622 0.04226733 0.07232037
v 0.03305867 0.04226733 0.07116892
v 0.03415053 0.04026250 0.07048436
v 0.03416595 0.04030497 0.07035425
v 0.03392511 0.03949895 0.07150771
v 0.03368280 0.04083169 0.07105833
v 0.03291989 0.04226733 0.07147918
v 0.03278919 0.04195456 0.07204865
v 0.03358955 0.03804208 0.07264765
v 0.03293678 0.03804208 0.07366248
v 0.03202261 0.04226733 0.07253906
v -0.01324807 0.03651747 0.07065716
v -0.01749666 0.04494288 0.05327582
v -0.01469610 0.04511373 0.06305477
v -0.01749666 0.04508876 0.06305477
v -0.01749666 0.04647510 0.05327582
v -0.01032348 0.04520813 0.05327582
v -0.01178206 0.04514026 0.05515407
v -0.01116990 0.04515196 0.06305477
v -0.01323856 0.04512699 0.06305477
v -0.01749666 0.04661553 0.06305477
v -0.01719058 0.04649538 0.05327582
v -0.01749666 0.04671851 0.05807004
v -0.00812468 0.05291292 0.06305477
v -0.00806221 0.05291292 0.06244209
v -0.00737196 0.05291292 0.06101761
v -0.00705755 0.05291292 0.06066819
v -0.00686183 0.05291292 0.06047290
v -0.00886594 0.04527054 0.05327582
v -0.01032348 0.04519175 0.06305477
v -0.01749666 0.04662411 0.06300594
v -0.00741361 0.04702823 0.05327582
v -0.01749666 0.04675907 0.05941124
v -0.00686183 0.05291292 0.06305477
v -0.01749666 0.04676219 0.05952612
v -0.01749666 0.04677936 0.06086827
v -0.01749666 0.04678014 0.06098410
v -0.01749666 0.04672787 0.06232625
v -0.01749666 0.04672163 0.06244209
v -0.00686183 0.04704071 0.05327582
v -0.00740840 0.04536962 0.05327582
v -0.00971132 0.04524558 0.06305477
v -0.00686183 0.04540785 0.05327582
v -0.00686183 0.05182929 0.06305477
v -0.00832353 0.04567466 0.06305477
v -0.00686183 0.04547104 0.05369608
v -0.00794353 0.04593211 0.06305477
v -0.00725640 0.04727241 0.06305477
v -0.00686183 0.05009657 0.06096400
v -0.00686183 0.04588374 0.05475296
v -0.00743547 0.04678872 0.06305477
v -0.00686183 0.04703603 0.05660918
v -0.00686183 0.04801356 0.05807770
v -0.00686183 0.04891074 0.05941219
v -0.00686183 0.04994756 0.06077158
v -0.00627374 0.00326127 0.01141854
v -0.00627574 0.00326127 0.00995558
v -0.01068035 0.00582513 0.00980070
v -0.00633053 0.00326127 0.01285638
v -0.00627673 0.00326127 0.00980070
v -0.01262113 0.00582513 0.00980070
v -0.01238103 0.00582513 0.02846757
v -0.01133691 0.00326127 0.02746297
v -0.01262711 0.00326127 0.00980070
v -0.01285427 0.00456654 0.00980070
v -0.01413151 0.00582513 0.01193968
v -0.01290109 0.00582513 0.02931312
v -0.01340821 0.00326127 0.03118002
v -0.01285526 0.00336667 0.00980070
v -0.01497837 0.00326127 0.02421683
v -0.01417535 0.00582513 0.01200456
v -0.01452206 0.00582513 0.03118002
v -0.01574452 0.00326127 0.03118002
v -0.01464461 0.00582513 0.01298196
v -0.01459878 0.00582513 0.01274755
v -0.01551537 0.00368916 0.02360778
v -0.01501722 0.00326127 0.02453705
v -0.01645089 0.00582513 0.03118002
v -0.01610916 0.00403273 0.03118002
v -0.01554924 0.00363470 0.02453705
v -0.01607329 0.00582513 0.02308246
v -0.01593481 0.00451107 0.02453705
v -0.01642000 0.00549787 0.03118002
v -0.01620879 0.00582513 0.02453705
v -0.01625462 0.00455876 0.03118002
v 0.01736067 0.04389081 -0.07028986
v 0.01629853 0.04533065 -0.06968294
v 0.01736067 0.04533065 -0.07020568
v 0.01736067 0.04387301 -0.07028790
v 0.01352923 0.04387301 -0.06816172
v 0.01353940 0.04533065 -0.06815976
v 0.01646131 0.04650616 -0.06958701
v 0.01736067 0.04675313 -0.06996878
v 0.01736067 0.04375294 -0.07026637
v 0.01354957 0.04375294 -0.06814801
v 0.01280078 0.04387301 -0.06769576
v 0.01171626 0.04387301 -0.06696549
v 0.01281096 0.04533065 -0.06763898
v 0.01367980 0.04619482 -0.06806578
v 0.01439603 0.04672346 -0.06837316
v 0.01595262 0.04691063 -0.06921110
v 0.01666071 0.04747807 -0.06946366
v 0.01736067 0.04738038 -0.06984152
v 0.01723858 0.04691063 -0.06988068
v 0.01736067 0.04375294 -0.06834966
v 0.01292897 0.04375294 -0.06775057
v 0.01173457 0.04375294 -0.06695178
v 0.00929490 0.04375294 -0.06516625
v 0.00929287 0.04387301 -0.06516821
v 0.00932746 0.04469199 -0.06514471
v 0.01183020 0.04533065 -0.06691067
v 0.01211507 0.04678829 -0.06670118
v 0.01311820 0.04672346 -0.06748235
v 0.01386903 0.04716673 -0.06792090
v 0.01491286 0.04824593 -0.06820283
v 0.01686012 0.04824593 -0.06934228
v 0.01736067 0.04824593 -0.06963399
v 0.01736067 0.04841620 -0.06754304
v 0.00417749 0.04841620 -0.05028878
v -0.00141809 0.04375294 -0.05028878
v 0.00773831 0.04375294 -0.06379382
v 0.00773628 0.04387301 -0.06379382
v 0.00700784 0.04387301 -0.06310858
v 0.00626515 0.04387301 -0.06237832
v 0.00786650 0.04467829 -0.06369201
v 0.00951058 0.04566390 -0.06497243
v 0.01226971 0.04752053 -0.06657588
v 0.01301036 0.04810212 -0.06690479
v 0.01418442 0.04824593 -0.06771533
v 0.01497187 0.04841620 -0.06816563
v 0.01736067 0.04841620 -0.06955372
v 0.00020565 0.04841620 -0.05028878
v -0.00342232 0.04375294 -0.05028878
v 0.00700987 0.04375294 -0.06311250
v 0.00625701 0.04375294 -0.06238419
v 0.00051086 0.04375294 -0.05660471
v 0.00047017 0.04387301 -0.05652835
v 0.00058004 0.04464999 -0.05640501
v 0.00981376 0.04678829 -0.06467875
v 0.01238773 0.04841620 -0.06624305
v 0.00633433 0.04769172 -0.06085513
v 0.01262376 0.04841620 -0.06645058
v 0.01315076 0.04841620 -0.06685976
v 0.01406437 0.04841620 -0.06754304
v 0.00122913 0.04841620 -0.05242280
v -0.00101520 0.04763603 -0.05081935
v -0.00113525 0.04770085 -0.05028878
v -0.00335110 0.04397983 -0.05028878
v -0.00267556 0.04375294 -0.05154178
v 0.00045796 0.04375294 -0.05654597
v -0.00276509 0.04388168 -0.05131859
v -0.00252499 0.04503300 -0.05086438
v -0.00225233 0.04600491 -0.05049435
v -0.00100096 0.04635871 -0.05223877
v -0.00070999 0.04733062 -0.05179043
v 0.00054342 0.04758079 -0.05355834
v 0.00086695 0.04705489 -0.05453138
v 0.00220174 0.04728177 -0.05619748
v 0.00356503 0.04745297 -0.05779506
v 0.00492832 0.04762324 -0.05935349
v 0.01120147 0.04841620 -0.06509185
v 0.00578088 0.04814321 -0.05993300
v 0.00625091 0.04841620 -0.06023646
v 0.00695290 0.04841620 -0.06093932
v 0.00215088 0.04841620 -0.05415743
v -0.00182097 0.04685311 -0.05028878
v 0.00306448 0.04841620 -0.05568257
v -0.00273661 0.04528545 -0.05028878
v -0.00247412 0.04580177 -0.05028878
v -0.00231338 0.04609348 -0.05028878
v 0.00183956 0.04772824 -0.05522640
v 0.00498732 0.04841620 -0.05871524
v 0.00544718 0.04841620 -0.05930258
v 0.00589482 0.04841620 -0.05982728
v -0.00121532 0.07226700 0.05539835
v -0.00158726 0.07304910 0.05539835
v 0.00090690 0.07226700 0.05539835
v -0.00238560 0.07226700 0.05848235
v -0.00194813 0.07448804 0.05539835
v 0.00091960 0.07839692 0.05539835
v 0.00091960 0.07226700 0.06584735
v -0.00248063 0.07226700 0.05878036
v -0.00200302 0.07474097 0.05539835
v -0.00271370 0.07226700 0.05951612
v 0.00091960 0.08046860 0.05539835
v 0.00091960 0.07226700 0.06803113
v -0.00230654 0.07618231 0.05539835
v -0.00287878 0.07302983 0.05952725
v -0.00312987 0.07226700 0.06098516
v -0.00039855 0.07979089 0.05539835
v -0.00071191 0.07951708 0.05570131
v 0.00091960 0.08002215 0.05658916
v 0.00091960 0.07262834 0.06780854
v 0.00022448 0.07250468 0.06771333
v 0.00010036 0.07226700 0.06781968
v -0.00234710 0.07626342 0.05547996
v -0.00230654 0.07665928 0.05539835
v -0.00326464 0.07226700 0.06244184
v -0.00319296 0.07302983 0.06098516
v -0.00109735 0.07918866 0.05539835
v -0.00133411 0.07861052 0.05661142
v -0.00109940 0.07834152 0.05806934
v -0.00091958 0.07818574 0.05890525
v 0.00091960 0.07887791 0.05947407
v 0.00091960 0.07308283 0.06741285
v -0.00073321 0.07226700 0.06746602
v -0.00065865 0.07226700 0.06750311
v 0.00025397 0.07393719 0.06629375
v -0.00234710 0.07685441 0.05547996
v -0.00230613 0.07695317 0.05539835
v -0.00320320 0.07302983 0.06244184
v -0.00301436 0.07226700 0.06391336
v -0.00302624 0.07448804 0.06098516
v -0.00296234 0.07448804 0.05952725
v -0.00135746 0.07891163 0.05539835
v -0.00234751 0.07674038 0.05901655
v -0.00221930 0.07658942 0.05998849
v -0.00005488 0.07838408 0.05944563
v -0.00124728 0.07696120 0.06067479
v -0.00049809 0.07793361 0.05987720
v 0.00047394 0.07820662 0.06038172
v 0.00091960 0.07864906 0.05994521
v 0.00091960 0.07404800 0.06642112
v -0.00147297 0.07226700 0.06670924
v -0.00071764 0.07367382 0.06597966
v -0.00126038 0.07270222 0.06651015
v 0.00091960 0.07449446 0.06583375
v 0.00091960 0.07654606 0.06310217
v 0.00019294 0.07694594 0.06210179
v -0.00238232 0.07691383 0.05661142
v -0.00218939 0.07726634 0.05539835
v -0.00268421 0.07448884 0.06240969
v -0.00276286 0.07307159 0.06392943
v -0.00259246 0.07226700 0.06517465
v -0.00257239 0.07562344 0.06098516
v -0.00259410 0.07604099 0.05951241
v -0.00211935 0.07742613 0.05539835
v -0.00206323 0.07764293 0.05661142
v -0.00238273 0.07682791 0.05806934
v -0.00241673 0.07535766 0.06190146
v -0.00015237 0.07743978 0.06101360
v -0.00152663 0.07561381 0.06240969
v 0.00091960 0.07831261 0.06052145
v -0.00209109 0.07226700 0.06606869
v -0.00169744 0.07314385 0.06549987
v 0.00091960 0.07657738 0.06305765
v 0.00091960 0.07755299 0.06164549
v -0.00249947 0.07400304 0.06346325
v -0.00251422 0.07261389 0.06502132
v -0.00219062 0.07226700 0.06595493
v -0.00213450 0.07358549 0.06443519
v 0.04181215 0.04527052 -0.03655134
v 0.03041227 0.05001115 -0.03655134
v 0.02499456 0.04789609 -0.03655134
v 0.02499456 0.04957410 -0.03655134
v 0.02499456 0.05291243 -0.04296662
v 0.02612297 0.04982258 -0.03655134
v 0.02734520 0.05003276 -0.03655134
v 0.02756682 0.05006174 -0.03655134
v 0.02903809 0.05013441 -0.03655134
v 0.02803859 0.05046540 -0.03733730
v 0.02903809 0.05046835 -0.03732570
v 0.02984340 0.05044821 -0.03737645
v 0.03195511 0.04971303 -0.03655134
v 0.03341297 0.04939634 -0.03655134
v 0.03889971 0.04777607 -0.03655134
v 0.03778546 0.04823714 -0.03655134
v 0.03552731 0.04891389 -0.03655134
v 0.03479838 0.04908797 -0.03655134
v 0.03129424 0.05045810 -0.03876566
v 0.02612846 0.05291243 -0.04403100
v 0.03059934 0.05051573 -0.03834948
v 0.02856138 0.05291243 -0.04727054
v 0.02901341 0.05291243 -0.04835232
v 0.02933597 0.05291243 -0.04983578
v 0.02935298 0.05291243 -0.05127138
v 0.02727169 0.05291243 -0.05136419
v 0.02499456 0.05291243 -0.04541730
v 0.02499456 0.05077576 -0.04421081
v 0.02499456 0.05139157 -0.04485321
v 0.02677194 0.05032397 -0.04770267
v 0.02499456 0.05168622 -0.04501852
v 0.02499456 0.05261975 -0.04541150
v 0.02739731 0.05270225 -0.05136419
v 0.02809180 0.05162139 -0.05136419
v 0.02855480 0.05093782 -0.05136419
v 0.02934420 0.05003031 -0.05136419
v 0.03818835 0.04527230 -0.05136419
v 0.03643628 0.04808147 -0.05136419
v 0.03647470 0.04804701 -0.05136419
v 0.03743636 0.04692227 -0.05136419
v 0.03814663 0.04540301 -0.05136419
v 0.03826739 0.04527052 -0.05121483
v 0.03640883 0.04527052 -0.05136419
v 0.03879762 0.04527052 -0.04998079
v 0.03883165 0.04535073 -0.04980967
v 0.03943763 0.04527052 -0.04830881
v 0.03997994 0.04527052 -0.04637582
v 0.03979112 0.04527052 -0.04714148
v 0.03997664 0.04606609 -0.04472560
v 0.04018083 0.04527052 -0.04553621
v 0.04136644 0.04527052 -0.03960672
v 0.04051566 0.04527052 -0.04390049
v 0.04047394 0.04533112 -0.04397879
v 0.04019730 0.04534657 -0.04530129
v 0.04006337 0.04616235 -0.04397879
v 0.03833874 0.04735838 -0.04689496
v 0.03716301 0.04763348 -0.05089290
v 0.03876908 0.04639763 -0.04835232
v 0.03969890 0.04556106 -0.04689496
v 0.03860441 0.04619799 -0.04932244
v 0.03539996 0.04885982 -0.05136419
v 0.03730682 0.04774637 -0.04980967
v 0.03745612 0.04782242 -0.04835232
v 0.03842218 0.04745404 -0.04543615
v 0.02931567 0.05291243 -0.05136419
v 0.03889752 0.04777429 -0.03669056
v 0.03962645 0.04727461 -0.03669056
v 0.04082523 0.04644160 -0.03655134
v 0.04172871 0.04544579 -0.03655134
v 0.04137083 0.04598588 -0.03696317
v 0.04164857 0.04527052 -0.03794490
v 0.04127533 0.04585101 -0.03814936
v 0.04171993 0.04527052 -0.03738951
v 0.03965060 0.04527052 -0.03655134
v 0.02760083 0.04928092 -0.04699792
v 0.02655086 0.05007499 -0.04689496
v 0.02499456 0.05035147 -0.04351621
v 0.02499456 0.04845493 -0.03816096
v 0.04019510 0.04628890 -0.04252289
v 0.01084263 0.06827017 0.06407936
v 0.01148609 0.07226620 0.06407936
v 0.01268706 0.06827017 0.06407936
v 0.00543156 0.06827017 0.06939193
v 0.00543156 0.07226620 0.06704014
v 0.01348587 0.07226620 0.06407936
v 0.01308292 0.06993508 0.06407936
v 0.01274226 0.06827017 0.06420845
v 0.00543156 0.06827017 0.07108211
v 0.00543156 0.07226620 0.06909866
v 0.01347562 0.07226620 0.06460696
v 0.01326980 0.06827017 0.06681633
v 0.01337311 0.07011425 0.06535909
v 0.01341096 0.07139267 0.06407936
v 0.01314206 0.06827017 0.06535909
v 0.00571307 0.06827017 0.07112210
v 0.00543156 0.06837383 0.07105685
v 0.00543156 0.06963934 0.07058888
v 0.00571307 0.06970624 0.07061905
v 0.00586921 0.07226620 0.06917935
v 0.01315704 0.07226620 0.06540469
v 0.01338730 0.07157144 0.06535909
v 0.01321303 0.06827017 0.06720291
v 0.01322170 0.06827017 0.06574498
v 0.00678472 0.06827017 0.07122103
v 0.00717111 0.06865628 0.07116279
v 0.00571307 0.06865628 0.07102738
v 0.00543156 0.06858038 0.07099090
v 0.00543156 0.06865941 0.07096564
v 0.00717111 0.06993430 0.07072078
v 0.00717111 0.07066270 0.07029771
v 0.00717111 0.07226620 0.06935826
v 0.01279273 0.07226620 0.06620803
v 0.01272412 0.07153584 0.06684720
v 0.01312865 0.07011425 0.06681633
v 0.01283768 0.06827017 0.06834092
v 0.00717111 0.06827017 0.07124699
v 0.00862915 0.06827017 0.07122453
v 0.00862915 0.06865628 0.07113473
v 0.00862915 0.06987953 0.07069552
v 0.00862915 0.07226620 0.06935335
v 0.00819387 0.07226620 0.06935755
v 0.01259244 0.07226620 0.06655322
v 0.01272649 0.06871887 0.06836899
v 0.01236060 0.07102651 0.06766177
v 0.01254433 0.07011425 0.06793259
v 0.01240634 0.06827486 0.06918005
v 0.01267523 0.06827017 0.06867419
v 0.01015264 0.06827017 0.07092284
v 0.01018261 0.06875486 0.07078182
v 0.00976073 0.06963621 0.07057905
v 0.00939405 0.07226620 0.06922705
v 0.01226913 0.07226620 0.06697980
v 0.01211536 0.07199823 0.06735306
v 0.01198525 0.07011425 0.06866156
v 0.01220131 0.06924698 0.06891765
v 0.01159649 0.06879085 0.06980167
v 0.01171004 0.06827017 0.06991042
v 0.01240634 0.06827017 0.06918145
v 0.01093962 0.06827017 0.07062466
v 0.01099167 0.06833472 0.07058747
v 0.01073302 0.06930683 0.07042330
v 0.00968345 0.07226620 0.06915269
v 0.01201758 0.07226620 0.06726185
v 0.01130709 0.07226620 0.06804274
v 0.01155233 0.07155931 0.06826375
v 0.01098930 0.07112079 0.06915970
v 0.01125583 0.07011425 0.06945718
v 0.01100428 0.06827017 0.07059660
v 0.01055481 0.07209251 0.06886713
v 0.01048699 0.07226620 0.06877101
v 0.01071331 0.07226620 0.06860543
v -0.02427532 0.03794720 0.05327582
v -0.02246083 0.03794720 0.05327582
v -0.02432589 0.03794720 0.05359269
v -0.02434400 0.03804146 0.05369608
v -0.02427683 0.03804146 0.05327582
v -0.01749741 0.04494230 0.05327582
v -0.01749741 0.04508844 0.06305477
v -0.02341185 0.03794720 0.06305477
v -0.02451458 0.03794720 0.05500377
v -0.02454326 0.03804146 0.05515407
v -0.02420890 0.03910166 0.05327582
v -0.02485951 0.03949946 0.05807004
v -0.01749741 0.04647380 0.05327582
v -0.01749741 0.04661475 0.06305477
v -0.02504594 0.03794720 0.06305477
v -0.02485951 0.03794720 0.05796091
v -0.02489423 0.03804146 0.05807004
v -0.02375754 0.04086752 0.05327582
v -0.02486857 0.04095745 0.05952612
v -0.02464893 0.04095745 0.05807004
v -0.02417569 0.04024229 0.05439779
v -0.02505802 0.03804146 0.05952612
v -0.02501726 0.03949946 0.05952612
v -0.01761289 0.04646688 0.05327582
v -0.01761289 0.04671852 0.05807004
v -0.01749741 0.04671766 0.05807004
v -0.01761289 0.04661735 0.06305477
v -0.01749741 0.04662340 0.06300594
v -0.02506632 0.03804146 0.06305477
v -0.02517275 0.03794720 0.06244209
v -0.02503387 0.03794720 0.05952612
v -0.02330316 0.04241458 0.05327582
v -0.02510934 0.03949946 0.06098410
v -0.02491612 0.04095745 0.06098410
v -0.02457798 0.04241458 0.06098410
v -0.02444891 0.04249674 0.05950410
v -0.02433721 0.04204706 0.05807004
v -0.02518482 0.03794720 0.06098410
v -0.02520747 0.03804146 0.06098410
v -0.01845372 0.04630776 0.05327582
v -0.01907037 0.04648936 0.05807004
v -0.01907037 0.04657152 0.05952612
v -0.01907037 0.04661994 0.06098410
v -0.01761289 0.04676176 0.05952612
v -0.01749741 0.04676176 0.05952612
v -0.01749741 0.04675830 0.05941124
v -0.01905150 0.04648763 0.06305477
v -0.01749741 0.04672112 0.06244209
v -0.01761289 0.04672285 0.06244209
v -0.01907037 0.04661648 0.06244209
v -0.02503840 0.03865371 0.06305477
v -0.02519313 0.03804146 0.06244209
v -0.02298616 0.04314012 0.05327582
v -0.02424361 0.04326032 0.05997605
v -0.02510255 0.03949946 0.06244209
v -0.02480744 0.04095745 0.06244209
v -0.02422022 0.04323525 0.06189068
v -0.02426173 0.04330010 0.06098410
v -0.01875261 0.04623685 0.05327582
v -0.01997459 0.04616940 0.05807004
v -0.02008026 0.04622734 0.05952612
v -0.01986289 0.04609849 0.05661205
v -0.02016178 0.04626885 0.06098410
v -0.01761289 0.04677992 0.06098410
v -0.02017612 0.04628355 0.06244209
v -0.01749741 0.04677819 0.06086827
v -0.01963721 0.04637781 0.06305477
v -0.01749741 0.04672717 0.06232625
v -0.02498556 0.03949946 0.06305477
v -0.02287520 0.04338572 0.05327582
v -0.02374924 0.04402910 0.06098410
v -0.02286313 0.04472351 0.05952612
v -0.02465195 0.04095572 0.06305477
v -0.02437872 0.04241977 0.06240284
v -0.02405870 0.04291009 0.06286235
v -0.02387226 0.04310726 0.06305477
v -0.02342845 0.04383885 0.06305477
v -0.02369036 0.04378178 0.06240284
v -0.02292653 0.04476242 0.06244209
v -0.01948172 0.04585549 0.05327582
v -0.01980100 0.04605957 0.05587492
v -0.02302012 0.04484285 0.06098410
v -0.01749741 0.04677906 0.06098410
v -0.02009838 0.04623858 0.06305477
v -0.02222534 0.04411471 0.05327582
v -0.02149622 0.04475810 0.05327582
v -0.02430249 0.04211019 0.06305477
v -0.02412889 0.04257111 0.06305477
v -0.02402397 0.04281929 0.06305477
v -0.02303295 0.04441219 0.06305477
v -0.02282388 0.04468459 0.06305477
v 0.01507931 0.05291237 0.06504106
v 0.00706740 0.04730001 0.06785578
v 0.00706740 0.04817469 0.06784797
v 0.00706740 0.04818733 0.06784857
v 0.00706740 0.04836589 0.06789725
v 0.00706740 0.04969769 0.06826931
v 0.00706740 0.05291237 0.06952791
v 0.01745978 0.05291237 0.06504106
v 0.01529341 0.05254920 0.06504106
v 0.00706740 0.04730001 0.06962648
v 0.01827957 0.04810491 0.06504106
v 0.01890497 0.04730001 0.06504106
v 0.00706740 0.05291237 0.07101371
v 0.01759078 0.05291237 0.06526705
v 0.01787249 0.05247613 0.06504106
v 0.00710261 0.04730001 0.06963430
v 0.00706740 0.05133388 0.07064166
v 0.02145447 0.04730001 0.06504106
v 0.00706740 0.05261953 0.07096322
v 0.01154522 0.04730001 0.07022273
v 0.01154522 0.05291237 0.07117840
v 0.01764149 0.05291237 0.06535841
v 0.01769360 0.05284479 0.06535841
v 0.01820069 0.05204209 0.06504106
v 0.00717163 0.04730001 0.06964873
v 0.02144884 0.04730001 0.06511739
v 0.01824435 0.05211571 0.06535841
v 0.01786968 0.05291237 0.06679372
v 0.01787108 0.05291237 0.06681656
v 0.00768294 0.04730001 0.06972626
v 0.00862949 0.04730001 0.06986630
v 0.01014511 0.04730001 0.07007547
v 0.01300309 0.04730001 0.07025519
v 0.01183820 0.05291237 0.07118021
v 0.01783728 0.05291237 0.06658576
v 0.02029663 0.04730001 0.06686525
v 0.01816688 0.05204209 0.06769530
v 0.01770065 0.05256459 0.06821762
v 0.01694143 0.05291237 0.06933858
v 0.01753444 0.05291237 0.06821642
v 0.01445954 0.04730001 0.07016082
v 0.01300309 0.05291237 0.07118081
v 0.01889088 0.04730001 0.06827111
v 0.01699355 0.05261953 0.06938126
v 0.01613010 0.05291237 0.07003460
v 0.01445954 0.05291237 0.07093918
v 0.01584416 0.04730001 0.06986931
v 0.01539624 0.05291237 0.07058997
v 0.01718652 0.04730001 0.06928749
v 0.01611179 0.05261953 0.07010973
v 0.01538356 0.05261953 0.07057194
v -0.01036379 0.04700086 0.06305477
v -0.01004987 0.04700086 0.06362573
v -0.00710168 0.05291292 0.06714971
v -0.00785920 0.05291292 0.06558728
v -0.00826184 0.05232779 0.06494346
v -0.00835739 0.05256856 0.06390132
v -0.00833009 0.05243949 0.06305477
v -0.00735589 0.04700086 0.06305477
v -0.00944760 0.04700086 0.06450000
v -0.00682699 0.05291292 0.06763832
v -0.00790526 0.05291292 0.06539564
v -0.00814583 0.05291292 0.06431469
v -0.00822090 0.05291292 0.06390132
v -0.00812365 0.05291292 0.06305477
v -0.00725523 0.04727230 0.06305477
v 0.00648591 0.04743493 0.06752904
v 0.00693291 0.04700086 0.06778640
v -0.00860307 0.04700086 0.06509709
v -0.00675704 0.05291292 0.06770405
v -0.00626909 0.05291292 0.06305477
v 0.00648591 0.04766123 0.06752904
v 0.00706599 0.04817459 0.06784738
v 0.00706599 0.04700086 0.06785847
v -0.00777731 0.04700086 0.06557462
v -0.00606947 0.05251936 0.06798201
v -0.00601317 0.05291292 0.06811188
v 0.00706599 0.05291292 0.06952780
v 0.00706599 0.04969731 0.06826947
v 0.00706599 0.04836616 0.06789648
v 0.00706599 0.04818732 0.06784738
v 0.00706599 0.04700086 0.06963550
v -0.00581185 0.04700086 0.06650668
v -0.00569413 0.05291292 0.06827659
v 0.00706599 0.05291292 0.07101342
v 0.00586829 0.04700086 0.06938130
v 0.00706599 0.05261949 0.07096353
v 0.00571303 0.05261949 0.07110845
v 0.00425429 0.05261949 0.07102451
v 0.00425429 0.05148627 0.07065231
v -0.00563441 0.04700086 0.06655183
v 0.00338758 0.05175598 0.07051452
v -0.00424904 0.05291292 0.06883806
v -0.00567706 0.05116159 0.06777452
v 0.00600478 0.05291292 0.07112666
v 0.00294058 0.04700086 0.06867175
v 0.00425429 0.05291292 0.07107361
v 0.00571303 0.05291292 0.07114488
v 0.00272390 0.04700086 0.06861870
v 0.03818889 0.04527276 -0.05136420
v 0.03816655 0.04534981 -0.05136420
v 0.03645471 0.04527126 -0.05136420
v 0.03768921 0.04527126 -0.05269098
v 0.03744701 0.04527126 -0.05335438
v 0.03719306 0.04527126 -0.05404035
v 0.03708372 0.04611884 -0.05352804
v 0.03814657 0.04540293 -0.05136420
v 0.03640886 0.04527126 -0.05136420
v 0.03714721 0.04527126 -0.05415496
v 0.03688972 0.04560042 -0.05450055
v 0.03723774 0.04641583 -0.05272745
v 0.03658992 0.04667841 -0.05408202
v 0.03745642 0.04688188 -0.05136420
v 0.02934515 0.05002981 -0.05136420
v 0.02617894 0.05026022 -0.05550259
v 0.02617894 0.04527126 -0.06680114
v 0.03694851 0.04527126 -0.05464643
v 0.03661108 0.04527126 -0.05533240
v 0.03649116 0.04527126 -0.05557553
v 0.03566463 0.04619589 -0.05648032
v 0.03587978 0.04672479 -0.05559464
v 0.03686386 0.04714446 -0.05272745
v 0.03700612 0.04744669 -0.05186608
v 0.03743643 0.04692228 -0.05136420
v 0.03568109 0.04762623 -0.05507712
v 0.02855506 0.05093799 -0.05136420
v 0.02617894 0.05111229 -0.05424527
v 0.02617894 0.05110481 -0.05425569
v 0.02617894 0.05026546 -0.05549218
v 0.02617894 0.04527126 -0.06910392
v 0.03616078 0.04527126 -0.05616425
v 0.03582335 0.04533111 -0.05673039
v 0.03417970 0.04759181 -0.05789046
v 0.03542948 0.04716765 -0.05604790
v 0.03110284 0.04678912 -0.06346506
v 0.03135798 0.04774667 -0.06243697
v 0.03587038 0.04783494 -0.05418622
v 0.03613491 0.04807358 -0.05272745
v 0.03643707 0.04808181 -0.05136420
v 0.03647470 0.04804665 -0.05136420
v 0.03264891 0.04892190 -0.05923810
v 0.03292050 0.04920094 -0.05826558
v 0.02809301 0.05162099 -0.05136420
v 0.02617894 0.05264885 -0.05281775
v 0.02617894 0.05112351 -0.05423312
v 0.02617894 0.04528248 -0.06910392
v 0.02635060 0.04527126 -0.06894414
v 0.03583040 0.04527126 -0.05674255
v 0.03121101 0.04601785 -0.06365088
v 0.03032099 0.04685495 -0.06450183
v 0.02971080 0.04738534 -0.06506277
v 0.03004117 0.04824639 -0.06401210
v 0.03075953 0.04823816 -0.06292671
v 0.03407271 0.04890545 -0.05606700
v 0.03527546 0.04880221 -0.05272745
v 0.03539891 0.04886056 -0.05136420
v 0.02979427 0.04900719 -0.06369951
v 0.03002589 0.04926453 -0.06293018
v 0.02835990 0.05047268 -0.06373250
v 0.03166954 0.04942312 -0.06001611
v 0.03088651 0.05015175 -0.06001611
v 0.03114047 0.05038291 -0.05902102
v 0.03317446 0.04937001 -0.05710030
v 0.02739698 0.05270196 -0.05136420
v 0.02617894 0.05291218 -0.05260589
v 0.02617894 0.04533111 -0.06910218
v 0.02631885 0.04533111 -0.06897193
v 0.02705720 0.04527126 -0.06824428
v 0.03127215 0.04527126 -0.06372382
v 0.03101702 0.04527126 -0.06404857
v 0.03079598 0.04545155 -0.06429344
v 0.02988010 0.04641359 -0.06523990
v 0.02945919 0.04824639 -0.06474149
v 0.02617894 0.04676219 -0.06872012
v 0.02617894 0.04682653 -0.06869581
v 0.02617894 0.04788880 -0.06826860
v 0.02617894 0.04870047 -0.06792127
v 0.02617894 0.04979417 -0.06734992
v 0.02896069 0.05291218 -0.05268230
v 0.02931576 0.05291218 -0.05136420
v 0.02844102 0.04912613 -0.06524859
v 0.02671860 0.05022282 -0.06637045
v 0.02704309 0.05059387 -0.06539968
v 0.02617894 0.05107863 -0.06571053
v 0.02617894 0.05153496 -0.06440458
v 0.02988715 0.05050634 -0.06095910
v 0.02727236 0.05291218 -0.05136420
v 0.02617894 0.05291218 -0.05495034
v 0.02617894 0.04549718 -0.06907613
v 0.02705485 0.04533111 -0.06824254
v 0.02924051 0.04533111 -0.06606481
v 0.02924168 0.04527126 -0.06606481
v 0.03000120 0.04527126 -0.06530242
v 0.02997063 0.04533111 -0.06533542
v 0.02693610 0.04630736 -0.06812446
v 0.02617894 0.04983157 -0.06732213
v 0.02831992 0.05291218 -0.05355930
v 0.02617894 0.05050036 -0.06673341
v 0.02647052 0.05291218 -0.05483573
v 0.02758862 0.05291218 -0.05419143
v 0.02761449 0.05291218 -0.05417580
v 0.02997063 0.04527126 -0.06533542
v 0.00338619 0.07327109 0.01431093
v 0.00218253 0.07347113 0.01986849
v 0.00205715 0.07377465 0.02084185
v 0.00355416 0.07370031 0.01431093
v 0.00441432 0.07327109 0.01431093
v 0.00208979 0.07327109 0.02004547
v 0.00333982 0.07393178 0.01579237
v 0.00348413 0.07380378 0.01486183
v 0.00199753 0.07327109 0.02047648
v -0.00010462 0.07594527 0.03765727
v 0.00031364 0.07707504 0.03765727
v 0.00021428 0.07748203 0.03913871
v 0.00054074 0.07819561 0.03963824
v 0.00416782 0.07417475 0.01431093
v 0.00441432 0.07435103 0.01431093
v 0.00441432 0.07327109 0.02016535
v 0.00065997 0.07955378 0.04347173
v 0.00190290 0.07327109 0.02162396
v 0.00047498 0.07357844 0.03620151
v 0.00054358 0.07365968 0.03474290
v 0.00058853 0.07372253 0.03384946
v 0.00013715 0.07448746 0.03620151
v -0.00026785 0.07594527 0.03911588
v -0.00041926 0.07740232 0.04347173
v -0.00003176 0.07740232 0.04057449
v 0.00011397 0.07888465 0.04347173
v 0.00012722 0.07891838 0.04347173
v 0.00419952 0.07419851 0.01431093
v 0.00134224 0.08000906 0.04347173
v 0.00343019 0.08110127 0.04254975
v 0.00425487 0.08047430 0.03911588
v 0.00441432 0.08051646 0.03912444
v 0.00441432 0.07364665 0.02220912
v 0.00440438 0.07327109 0.04203025
v 0.00084733 0.07327109 0.03474290
v 0.00074750 0.07327109 0.03620151
v 0.00044091 0.07355085 0.03765727
v 0.00002266 0.07448746 0.03765727
v -0.00025508 0.07594527 0.04057449
v -0.00041831 0.07738393 0.04347173
v 0.00271670 0.08075789 0.04347173
v 0.00344297 0.08108900 0.04347173
v 0.00362418 0.08108900 0.04347173
v 0.00441432 0.08107674 0.04178477
v 0.00441432 0.08107367 0.04174195
v 0.00441432 0.08084603 0.04045175
v 0.00441432 0.07391185 0.02339371
v 0.00441432 0.07723370 0.03477715
v 0.00441432 0.07911613 0.04064871
v 0.00441432 0.07958904 0.04165917
v 0.00441432 0.08025739 0.04207592
v 0.00441432 0.08038539 0.04213586
v 0.00441432 0.08040762 0.04214443
v 0.00434146 0.07327109 0.04347173
v 0.00441432 0.07540798 0.02891131
v 0.00441432 0.07545474 0.02906830
v 0.00441432 0.07585100 0.03037277
v 0.00071486 0.07327109 0.03765727
v 0.00047498 0.07360296 0.03911588
v 0.00003969 0.07448746 0.03911588
v -0.00007954 0.07594527 0.04347173
v 0.00373206 0.08045131 0.04347173
v 0.00441432 0.08107367 0.04183330
v 0.00193981 0.07327109 0.04347173
v 0.00082841 0.07327109 0.03911588
v 0.00054121 0.07368268 0.04007211
v 0.00024408 0.07440392 0.04056307
v -0.00007386 0.07593071 0.04347173
v 0.00042056 0.07499256 0.04347173
v 0.00110377 0.07327109 0.04032330
v -0.02506603 0.03804070 0.06305477
v -0.02489081 0.03804070 0.06390087
v -0.02503844 0.03865305 0.06305477
v -0.02478664 0.03658373 0.06305477
v -0.02466522 0.03658373 0.06390087
v -0.02433891 0.03658665 0.06539141
v -0.02422301 0.03707449 0.06620334
v -0.02422301 0.03766936 0.06620334
v -0.02482458 0.03949913 0.06390087
v -0.02498532 0.03949913 0.06305477
v -0.02435547 0.03564082 0.06305477
v -0.02433339 0.03565028 0.06390087
v -0.02425682 0.03573183 0.06492716
v -0.02409056 0.03610245 0.06589920
v -0.02352073 0.03647452 0.06686789
v -0.02295021 0.03684731 0.06772872
v -0.02294607 0.03804070 0.06773743
v -0.02374839 0.03810988 0.06673926
v -0.02412919 0.03864141 0.06604323
v -0.02439134 0.03949913 0.06507789
v -0.02426855 0.04046317 0.06478581
v -0.02443756 0.04095173 0.06390019
v -0.02465211 0.04095465 0.06305477
v -0.02405814 0.03533500 0.06305477
v -0.02362697 0.03492143 0.06390087
v -0.02284259 0.03428214 0.06501358
v -0.02346692 0.03508453 0.06545639
v -0.02266323 0.03443723 0.06598495
v -0.02311854 0.03540927 0.06656040
v -0.02270255 0.03587527 0.06753244
v -0.02199957 0.03655679 0.06828876
v -0.02129660 0.03723904 0.06902968
v -0.02129660 0.03757107 0.06902968
v -0.02186367 0.03805017 0.06854735
v -0.02121243 0.03854238 0.06895867
v -0.02278740 0.03898217 0.06761752
v -0.02319649 0.03948020 0.06689736
v -0.02300816 0.04095683 0.06647532
v -0.02399122 0.03949913 0.06580675
v -0.02336482 0.04136312 0.06568416
v -0.02357247 0.04136312 0.06533983
v -0.02405676 0.04136312 0.06441535
v -0.02427889 0.04136312 0.06390019
v -0.02436444 0.04136312 0.06369721
v -0.02448999 0.04136312 0.06320416
v -0.02452794 0.04136312 0.06305477
v -0.02249904 0.03392463 0.06305477
v -0.02250663 0.03392463 0.06311506
v -0.02258389 0.03392463 0.06390087
v -0.02231760 0.03392463 0.06523666
v -0.02219688 0.03497022 0.06697105
v -0.02219550 0.03392463 0.06555688
v -0.02169189 0.03410084 0.06640967
v -0.02173053 0.03550320 0.06787677
v -0.02052809 0.03617817 0.06886958
v -0.02052809 0.03690702 0.06921391
v -0.01907040 0.03804070 0.06981013
v -0.02064675 0.03805017 0.06928961
v -0.02027491 0.03949913 0.06922329
v -0.02100410 0.03949913 0.06884412
v -0.02207201 0.03948020 0.06804492
v -0.02261562 0.03995421 0.06743731
v -0.02293089 0.04136312 0.06637417
v -0.02278740 0.04136312 0.06305477
v -0.02009002 0.03392463 0.06305477
v -0.02099030 0.03453116 0.06738104
v -0.02182711 0.03392463 0.06594810
v -0.02117725 0.03392463 0.06658586
v -0.02001828 0.03426321 0.06766843
v -0.02051429 0.03506050 0.06809516
v -0.01919940 0.03644976 0.06947182
v -0.01977130 0.03587381 0.06897877
v -0.01879928 0.03559349 0.06918711
v -0.01801904 0.03804070 0.06989855
v -0.01801904 0.03909211 0.06984228
v -0.01801904 0.04054981 0.06971031
v -0.01907040 0.03949913 0.06962255
v -0.01801904 0.03654951 0.06973912
v -0.01916698 0.04102819 0.06931037
v -0.01999275 0.04058913 0.06910069
v -0.02053568 0.04136312 0.06851385
v -0.02157875 0.04136312 0.06781715
v -0.02166568 0.04095683 0.06788749
v -0.02205752 0.04136312 0.06736831
v -0.02229484 0.04136312 0.06711977
v -0.02239418 0.04095683 0.06720351
v -0.01801904 0.04136312 0.06795783
v -0.01801904 0.03392463 0.06608812
v -0.02063985 0.03392463 0.06697039
v -0.02031009 0.03392463 0.06715997
v -0.01907040 0.03398216 0.06788146
v -0.01907040 0.03392463 0.06783189
v -0.01919940 0.03511511 0.06867463
v -0.01801904 0.03542456 0.06929296
v -0.01887793 0.03392463 0.06790357
v -0.01801904 0.03392463 0.06818962
v -0.01801904 0.03473794 0.06878919
v -0.01801904 0.04097503 0.06963126
v -0.01879169 0.04136312 0.06934722
v -0.01905384 0.04136312 0.06927152
v -0.01977337 0.04136312 0.06896135
v -0.01801904 0.04136312 0.06955623
v 0.02508443 0.00842753 -0.06182308
v 0.01745247 0.00842753 -0.06324095
v 0.02508443 0.00842753 -0.06479852
v 0.02508443 0.01764228 -0.06709392
v 0.01745247 0.01764228 -0.06692853
v 0.01745247 0.00842753 -0.06619551
v 0.02333522 0.00842753 -0.06595625
v 0.02318578 0.00920776 -0.06735967
v 0.02429986 0.00938004 -0.06691006
v 0.02508443 0.00892634 -0.06555723
v 0.02508443 0.01764228 -0.06884497
v 0.01745247 0.01764228 -0.06925845
v 0.01763852 0.00842753 -0.06628382
v 0.01745247 0.00846181 -0.06624689
v 0.02174890 0.00842753 -0.06668044
v 0.02268589 0.00953248 -0.06812962
v 0.02365726 0.00973542 -0.06788153
v 0.02473772 0.00999339 -0.06735967
v 0.02508443 0.01000782 -0.06705538
v 0.02295863 0.01764228 -0.06962295
v 0.02508443 0.01325770 -0.06875505
v 0.02380147 0.01471532 -0.06942224
v 0.01793666 0.01764228 -0.06957157
v 0.01745247 0.01763146 -0.06926006
v 0.01745247 0.00914101 -0.06693736
v 0.01829158 0.00842753 -0.06653512
v 0.02061688 0.00842753 -0.06688116
v 0.02174890 0.00881088 -0.06730507
v 0.02174890 0.00942424 -0.06823158
v 0.02104130 0.01106315 -0.06949610
v 0.02318578 0.01027030 -0.06848288
v 0.02466450 0.01074385 -0.06830464
v 0.02508443 0.01088005 -0.06818662
v 0.02295638 0.01763146 -0.06962376
v 0.02174890 0.01763146 -0.06988549
v 0.02174890 0.01764228 -0.06988469
v 0.02307220 0.01471532 -0.06967113
v 0.02466450 0.01325770 -0.06896300
v 0.02508443 0.01180098 -0.06857521
v 0.02466450 0.01180098 -0.06878637
v 0.02373049 0.01325770 -0.06940457
v 0.01882733 0.01764228 -0.06984294
v 0.01793965 0.01763146 -0.06957478
v 0.01745247 0.01617294 -0.06934757
v 0.01745247 0.00919333 -0.06698713
v 0.01830129 0.00842753 -0.06653833
v 0.02017454 0.00842753 -0.06694378
v 0.02029185 0.00948196 -0.06816173
v 0.02100244 0.01106315 -0.06949610
v 0.02029185 0.01617294 -0.06992644
v 0.02300122 0.01325770 -0.06962536
v 0.02272400 0.01237916 -0.06954026
v 0.02320894 0.01185600 -0.06924240
v 0.02508443 0.01137073 -0.06841062
v 0.02174890 0.01617294 -0.06987024
v 0.02029185 0.01763146 -0.07002439
v 0.02029185 0.01764228 -0.07002359
v 0.01883405 0.01763146 -0.06984615
v 0.01789033 0.01617294 -0.06958763
v 0.01799344 0.01516812 -0.06953705
v 0.01745247 0.01582206 -0.06930983
v 0.01901189 0.00894257 -0.06725529
v 0.01859494 0.00842753 -0.06663387
v 0.01745247 0.01023152 -0.06778679
v 0.01858000 0.00980758 -0.06789197
v 0.01955212 0.00961005 -0.06803648
v 0.01928387 0.00842753 -0.06685386
v 0.02042709 0.01048317 -0.06892044
v 0.01762582 0.01077993 -0.06820509
v 0.01745247 0.01084126 -0.06817297
v 0.01745247 0.01170176 -0.06840821
v 0.01883405 0.01617294 -0.06980360
v 0.01745471 0.01469547 -0.06910270
v 0.01745247 0.01469547 -0.06910109
v 0.01745247 0.01057247 -0.06800999
v 0.01349068 0.07226620 0.06387541
v 0.01348989 0.07226620 0.06304946
v 0.01348595 0.07226620 0.06407936
v 0.01341100 0.07139267 0.06407936
v 0.01308280 0.06993508 0.06407936
v 0.01268674 0.06827017 0.06407936
v 0.01196564 0.07226620 0.05539920
v 0.01148596 0.07226620 0.06407936
v 0.01084218 0.06827017 0.06407936
v 0.01261732 0.06827017 0.06391535
v 0.01101101 0.07060833 0.05539920
v 0.01149543 0.07139384 0.05539920
v 0.01001694 0.07226620 0.05539920
v 0.01126427 0.07226620 0.06313443
v 0.00543077 0.06994995 0.05539920
v 0.00543077 0.06958614 0.05630417
v 0.00543077 0.06917030 0.05700097
v 0.00543077 0.06908659 0.05713523
v 0.00543077 0.06836758 0.05811669
v 0.00543077 0.06829012 0.05821695
v 0.00543077 0.06827017 0.05824160
v 0.00963114 0.06827017 0.05718621
v 0.01015658 0.06971484 0.05539920
v 0.00998301 0.07226620 0.05570170
v 0.01045875 0.07226620 0.05952726
v 0.01013212 0.07226620 0.05803851
v 0.01003666 0.07226620 0.05722870
v 0.00999642 0.07226620 0.05661178
v 0.00998538 0.07226620 0.05586655
v 0.00543077 0.06827017 0.05539920
v 0.00853529 0.06827017 0.05564562
v 0.00954120 0.06915192 0.05539920
v 0.00822760 0.06827017 0.05539920
v 0.00833174 0.06827017 0.05543828
v 0.00837198 0.06831633 0.05539920
v 0.00853529 0.06841256 0.05539920
v -0.01818895 0.03392463 0.05515407
v -0.01852177 0.03424468 0.05515407
v -0.01825743 0.03392463 0.05661205
v -0.01822662 0.03392463 0.05327582
v -0.02246087 0.03794634 0.05327582
v -0.01857314 0.03420611 0.05661205
v -0.02341209 0.03794634 0.06305477
v -0.01841905 0.03392463 0.05765744
v -0.02085222 0.03392463 0.05327582
v -0.02427565 0.03794634 0.05327582
v -0.02504539 0.03794634 0.06305477
v -0.02009002 0.03392463 0.06305477
v -0.01886008 0.03392463 0.05952612
v -0.01885323 0.03392463 0.05950122
v -0.01848479 0.03392463 0.05807004
v -0.02142611 0.03428405 0.05327582
v -0.02241704 0.03392463 0.06240954
v -0.02427086 0.03765266 0.05327582
v -0.02432633 0.03794634 0.05359269
v -0.02517277 0.03794634 0.06244209
v -0.02478721 0.03658346 0.06305477
v -0.02249854 0.03392463 0.06305477
v -0.02194383 0.03463127 0.05327582
v -0.02433865 0.03567999 0.06098410
v -0.02309433 0.03550599 0.05327582
v -0.02215407 0.03477732 0.05327582
v -0.02423045 0.03718971 0.05327582
v -0.02451465 0.03794634 0.05500377
v -0.02487487 0.03658346 0.06244209
v -0.02518441 0.03794634 0.06098410
v -0.02435509 0.03564063 0.06305477
v -0.02253483 0.03395731 0.06305477
v -0.02437084 0.03563354 0.06244209
v -0.02486391 0.03658346 0.06098410
v -0.02424209 0.03578432 0.05952612
v -0.02394831 0.03618192 0.05515407
v -0.02361274 0.03614492 0.05327582
v -0.02401953 0.03682281 0.05327582
v -0.02426469 0.03712082 0.05369608
v -0.02503375 0.03794634 0.05952612
v -0.02485980 0.03794634 0.05796091
v -0.02405856 0.03533475 0.06305477
v -0.02435920 0.03691060 0.05515407
v -0.02384490 0.03639174 0.05369608
v -0.02382024 0.03648465 0.05327582
v 0.01890530 0.04729951 0.06504105
v 0.01919239 0.04690689 0.06504105
v 0.00706599 0.04688324 0.06785976
v 0.00706599 0.04729951 0.06785598
v 0.02145490 0.04729951 0.06504105
v 0.02040662 0.04579404 0.06504105
v 0.00706599 0.04686945 0.06786449
v 0.00706599 0.04729951 0.06962736
v 0.02144700 0.04729951 0.06511762
v 0.02757868 0.04664727 0.06535865
v 0.02757868 0.04664087 0.06504105
v 0.00706599 0.04457479 0.06885604
v 0.00706599 0.04533886 0.06840611
v 0.00706599 0.04543689 0.06835601
v 0.02174726 0.04533738 0.06504105
v 0.00706599 0.04423734 0.07165395
v 0.00717134 0.04729951 0.06964910
v 0.02757868 0.04661673 0.06681716
v 0.02029863 0.04729951 0.06686537
v 0.02897201 0.04631869 0.06681716
v 0.02895357 0.04631623 0.06535865
v 0.02788948 0.04656747 0.06504105
v 0.00706599 0.04450878 0.06890897
v 0.03200098 0.04226782 0.06504105
v 0.00863052 0.04729951 0.06986745
v 0.00768495 0.04729951 0.06972756
v 0.00706599 0.04350826 0.07211996
v 0.01883419 0.04442848 0.07322495
v 0.02757868 0.04640934 0.06827472
v 0.02871916 0.04621770 0.06827472
v 0.01889213 0.04729951 0.06827188
v 0.02970160 0.04600046 0.06681716
v 0.02899045 0.04630194 0.06504105
v 0.00706599 0.04226782 0.07084483
v 0.03397376 0.04226782 0.06504105
v 0.01014500 0.04729951 0.07007540
v 0.00706599 0.04241512 0.07253870
v 0.01737765 0.04241512 0.07397641
v 0.01883419 0.04369989 0.07368433
v 0.02029336 0.04454080 0.07331852
v 0.02842943 0.04610883 0.06910748
v 0.01718801 0.04729951 0.06928802
v 0.03133197 0.04466987 0.07064916
v 0.03152951 0.04477628 0.06973228
v 0.02968316 0.04599159 0.06504105
v 0.03169018 0.04486298 0.06827472
v 0.00706599 0.04226782 0.07256801
v 0.03383416 0.04254221 0.06504105
v 0.03387630 0.04226782 0.06681716
v 0.01154623 0.04729951 0.07022286
v 0.00706599 0.04231019 0.07256044
v 0.01723015 0.04226782 0.07399248
v 0.01883419 0.04241512 0.07414088
v 0.02322751 0.04226782 0.07457664
v 0.02029336 0.04381171 0.07375901
v 0.02174726 0.04383832 0.07379114
v 0.02174726 0.04456740 0.07333459
v 0.02757868 0.04476692 0.07234020
v 0.02903786 0.04468317 0.07210294
v 0.02985436 0.04462553 0.07195927
v 0.03040221 0.04477431 0.07115676
v 0.01584736 0.04729951 0.06986934
v 0.03158482 0.04346885 0.07220881
v 0.03194303 0.04384620 0.07115487
v 0.03225910 0.04418365 0.06973228
v 0.03082626 0.04444080 0.07162087
v 0.03241977 0.04436149 0.06827472
v 0.03166647 0.04485805 0.06681716
v 0.02981485 0.04591375 0.06504105
v 0.03237499 0.04439843 0.06504105
v 0.03378675 0.04244320 0.06681716
v 0.03310457 0.04366934 0.06504105
v 0.03305980 0.04364422 0.06681716
v 0.03300712 0.04363240 0.06827472
v 0.03375514 0.04226782 0.06814995
v 0.01300277 0.04729951 0.07025500
v 0.01868669 0.04226782 0.07415317
v 0.02433637 0.04226782 0.07466455
v 0.02466297 0.04226782 0.07468534
v 0.02466297 0.04253975 0.07457002
v 0.02612215 0.04254960 0.07458042
v 0.02466297 0.04379102 0.07384124
v 0.02612215 0.04379152 0.07385164
v 0.02612215 0.04452060 0.07323723
v 0.02757868 0.04442602 0.07306898
v 0.02994918 0.04326687 0.07347071
v 0.03038640 0.04385359 0.07256990
v 0.02903786 0.04421173 0.07283172
v 0.01446194 0.04729951 0.07016047
v 0.03202205 0.04243088 0.07246214
v 0.03255673 0.04292696 0.07166152
v 0.03099483 0.04241512 0.07322967
v 0.03275954 0.04325160 0.07068981
v 0.03288333 0.04345505 0.06973228
v 0.03346805 0.04226782 0.06973228
v 0.03340220 0.04241512 0.06973228
v 0.02556376 0.04226782 0.07469479
v 0.02612215 0.04226782 0.07469763
v 0.02749967 0.04226782 0.07455585
v 0.02753391 0.04230428 0.07453505
v 0.02757868 0.04369742 0.07380627
v 0.02903786 0.04348313 0.07364463
v 0.03026788 0.04241512 0.07365409
v 0.02903786 0.04241512 0.07414088
v 0.03202205 0.04226782 0.07253870
v 0.03228544 0.04226782 0.07231941
v 0.03291757 0.04226782 0.07147814
v 0.03298605 0.04243088 0.07118134
v 0.03104224 0.04226782 0.07325897
v 0.03305716 0.04226782 0.07116810
v 0.02755498 0.04226782 0.07454450
v 0.02904049 0.04226782 0.07418814
v 0.03014145 0.04226782 0.07375145
v 0.03031002 0.04226782 0.07368339
v 0.02886665 0.04226782 0.07423824
v 0.00266780 0.03923391 -0.05397432
v 0.00266780 0.03923391 -0.05716317
v 0.00266780 0.04375294 -0.05625252
v -0.00489987 0.04375294 -0.04298843
v -0.00489987 0.03923391 -0.04471553
v 0.00128775 0.03923391 -0.05586941
v 0.00196407 0.04014824 -0.05791523
v 0.00266780 0.03926487 -0.05721027
v 0.00266780 0.04375294 -0.05860764
v -0.00489987 0.04375294 -0.04742079
v -0.00489987 0.03923391 -0.04834713
v 0.00142257 0.03990584 -0.05700929
v -0.00240349 0.03923391 -0.05214360
v 0.00053661 0.04015046 -0.05646448
v 0.00101367 0.04095730 -0.05740967
v 0.00174258 0.04095730 -0.05809109
v 0.00266780 0.04095730 -0.05887142
v 0.00266780 0.04090997 -0.05884944
v 0.00266780 0.04000846 -0.05831403
v 0.00266780 0.04241484 -0.05902842
v 0.00231371 0.04375294 -0.05829205
v -0.00444060 0.04375294 -0.04846803
v -0.00489987 0.04269440 -0.04836284
v -0.00489987 0.03932680 -0.04846332
v -0.00479098 0.03923391 -0.04858579
v -0.00376576 0.03923391 -0.05054683
v 0.00037364 0.04095730 -0.05667958
v 0.00096626 0.04241484 -0.05746933
v 0.00031068 0.04241484 -0.05674081
v 0.00169517 0.04241484 -0.05814918
v 0.00190110 0.04352602 -0.05799374
v 0.00050995 0.04375294 -0.05660421
v -0.00412799 0.04375294 -0.04917771
v -0.00402873 0.04362289 -0.04951685
v -0.00489987 0.04251702 -0.04848216
v -0.00489987 0.03937944 -0.04850728
v -0.00400058 0.03923391 -0.05011505
v -0.00416059 0.03942456 -0.04991722
v -0.00386576 0.03986072 -0.05067871
v 0.00045587 0.04375294 -0.05654455
v -0.00263313 0.04095730 -0.05246861
v -0.00336204 0.04095730 -0.05140252
v -0.00385910 0.04095730 -0.05067400
v -0.00378798 0.04189419 -0.05058137
v -0.00369835 0.04286603 -0.05048873
v -0.00387243 0.04375294 -0.04965345
v -0.00489987 0.04095730 -0.04891708
v -0.00413540 0.04239405 -0.04992664
v -0.00489987 0.04078744 -0.04889196
v 0.03663429 0.03392463 -0.04578372
v 0.03756907 0.03392463 -0.04419504
v 0.03605982 0.03392463 -0.04566242
v 0.03605982 0.03392908 -0.04682759
v 0.03605982 0.03532732 -0.04899089
v 0.03771376 0.03392463 -0.04394252
v 0.03605982 0.03392463 -0.04284098
v 0.03605982 0.03584264 -0.04977827
v 0.03828823 0.03467318 -0.04398029
v 0.03849023 0.03441996 -0.04321280
v 0.03826531 0.03392463 -0.04283303
v 0.03785272 0.03392463 -0.03655188
v 0.03965136 0.04527052 -0.03655188
v 0.03605982 0.04527052 -0.05234323
v 0.03605982 0.03662672 -0.05088578
v 0.03860985 0.03571492 -0.04490288
v 0.04107823 0.03807161 -0.04262028
v 0.03994862 0.03587040 -0.04174740
v 0.03866931 0.03417896 -0.04224051
v 0.04018930 0.03844699 -0.04543774
v 0.04046651 0.03794833 -0.04401609
v 0.03840571 0.03392463 -0.04244928
v 0.03970365 0.03392463 -0.03655188
v 0.04181316 0.04527052 -0.03655188
v 0.03605982 0.04527052 -0.05633977
v 0.03605982 0.03689327 -0.05124765
v 0.03999518 0.03873686 -0.04620723
v 0.04138982 0.03888457 -0.04317303
v 0.04153308 0.03857693 -0.04220074
v 0.03965351 0.03516962 -0.04118271
v 0.03888563 0.03392463 -0.04106937
v 0.03883692 0.03392463 -0.04121850
v 0.04017569 0.03959313 -0.04677390
v 0.04247216 0.03814047 -0.03655188
v 0.03920295 0.03392463 -0.03968351
v 0.04242846 0.04395112 -0.03655188
v 0.04170571 0.04512170 -0.03814851
v 0.04172004 0.04527052 -0.03738897
v 0.03616225 0.04527052 -0.05616281
v 0.03706622 0.04462748 -0.05493004
v 0.03605982 0.04524941 -0.05634773
v 0.03605982 0.04080035 -0.05579497
v 0.03704617 0.04024283 -0.05344079
v 0.04002169 0.04014066 -0.04771438
v 0.04149297 0.03985523 -0.04353690
v 0.04164984 0.03942210 -0.04262028
v 0.04299219 0.03983524 -0.03784231
v 0.04055318 0.04095695 -0.04689519
v 0.04122794 0.03763515 -0.04106540
v 0.04283317 0.03886458 -0.03713645
v 0.03913132 0.03392463 -0.04006527
v 0.04287758 0.03878795 -0.03655188
v 0.04253233 0.04372789 -0.03655188
v 0.04161832 0.04527052 -0.03814851
v 0.04164841 0.04527052 -0.03794571
v 0.04158681 0.04490513 -0.03960795
v 0.03649175 0.04527052 -0.05557426
v 0.03655335 0.04520055 -0.05550666
v 0.03708628 0.04387227 -0.05497578
v 0.03671667 0.04387227 -0.05570550
v 0.03605982 0.04387227 -0.05686270
v 0.03694947 0.04527052 -0.05464571
v 0.03714788 0.04527052 -0.05415460
v 0.03999089 0.04463970 -0.04767860
v 0.04009976 0.04387227 -0.04794901
v 0.04020005 0.04241405 -0.04820153
v 0.03605982 0.04083811 -0.05583275
v 0.03724530 0.04121461 -0.05381459
v 0.03871515 0.04120239 -0.05092356
v 0.04012340 0.04095695 -0.04798480
v 0.04154812 0.04095695 -0.04377748
v 0.04290265 0.04144672 -0.03894385
v 0.04281670 0.04047495 -0.03881461
v 0.04302299 0.04095917 -0.03825787
v 0.04335536 0.04095695 -0.03669107
v 0.04335750 0.04081590 -0.03655188
v 0.04312112 0.03941766 -0.03655188
v 0.04309820 0.03941099 -0.03666720
v 0.04063985 0.04241405 -0.04689519
v 0.04306311 0.04245848 -0.03655188
v 0.04146718 0.04527052 -0.03904327
v 0.04201372 0.04387227 -0.03960795
v 0.04149225 0.04472410 -0.04063791
v 0.04128596 0.04527052 -0.04001954
v 0.04136690 0.04527052 -0.03960795
v 0.03652327 0.04527052 -0.05551064
v 0.03708699 0.04298379 -0.05497975
v 0.03605982 0.04241961 -0.05683885
v 0.03719372 0.04527052 -0.05403927
v 0.04040920 0.04387227 -0.04689519
v 0.03879896 0.04527052 -0.04998109
v 0.03920367 0.04527052 -0.04892926
v 0.03943790 0.04527052 -0.04830890
v 0.03979104 0.04527052 -0.04714174
v 0.04008544 0.04483183 -0.04689519
v 0.04171216 0.04396001 -0.04109920
v 0.04156890 0.04351133 -0.04252285
v 0.04146432 0.04324367 -0.04340964
v 0.03881973 0.04241405 -0.05118005
v 0.04290265 0.04173659 -0.03894385
v 0.04337756 0.04095695 -0.03655188
v 0.04152735 0.04241405 -0.04368204
v 0.04297858 0.04196204 -0.03814851
v 0.04018071 0.04527052 -0.04553716
v 0.04051593 0.04527052 -0.04390076
v 0.03985264 0.04527052 -0.04689519
v 0.03998086 0.04527052 -0.04637624
v 0.02729547 0.03392463 -0.06494656
v 0.02729547 0.03957869 -0.06709048
v 0.02836195 0.04015732 -0.06661323
v 0.02992949 0.03710539 -0.06383627
v 0.02783514 0.03392463 -0.06436545
v 0.02729547 0.03392463 -0.06268641
v 0.02729547 0.04095695 -0.06752817
v 0.02849236 0.04095695 -0.06671956
v 0.03138121 0.03392463 -0.05958304
v 0.03092390 0.03392463 -0.06031252
v 0.03079005 0.03392463 -0.06051282
v 0.02827014 0.03392463 -0.06381896
v 0.03259783 0.04241405 -0.06209294
v 0.03420570 0.04147116 -0.05939016
v 0.03582387 0.04120905 -0.05674921
v 0.02729547 0.03393019 -0.06240204
v 0.03033017 0.03392463 -0.05379915
v 0.02729547 0.04249846 -0.06785952
v 0.02729547 0.04317148 -0.06797822
v 0.02729547 0.04387227 -0.06809939
v 0.02854298 0.04241405 -0.06678138
v 0.02927227 0.04241405 -0.06599009
v 0.03130742 0.04282276 -0.06374477
v 0.03558621 0.04023728 -0.05635603
v 0.03605982 0.03689327 -0.05124969
v 0.03568402 0.03569271 -0.05073039
v 0.03605982 0.03392908 -0.04683078
v 0.03605639 0.03392463 -0.04682831
v 0.03133573 0.04387227 -0.06378681
v 0.03196635 0.04387227 -0.06293122
v 0.03258496 0.04387227 -0.06208552
v 0.03598689 0.04387227 -0.05698907
v 0.03598088 0.04241405 -0.05699649
v 0.03605982 0.04241961 -0.05683823
v 0.03605982 0.04083811 -0.05583180
v 0.02729547 0.04527052 -0.06569829
v 0.03075831 0.03392463 -0.05269628
v 0.02729547 0.04527052 -0.06800048
v 0.02924138 0.04527052 -0.06606427
v 0.02997067 0.04527052 -0.06533479
v 0.02997067 0.04387227 -0.06532984
v 0.03069910 0.04387227 -0.06451629
v 0.03605982 0.04080035 -0.05579470
v 0.03605982 0.03662672 -0.05088865
v 0.03605982 0.03584264 -0.04978084
v 0.03605982 0.03532732 -0.04899201
v 0.03605982 0.03392463 -0.04566361
v 0.03129026 0.04504506 -0.06374477
v 0.03000070 0.04527052 -0.06530017
v 0.03127224 0.04527052 -0.06372252
v 0.03582988 0.04527052 -0.05673931
v 0.03585991 0.04527052 -0.05668739
v 0.03605982 0.04527052 -0.05633872
v 0.03605982 0.04387227 -0.05686048
v 0.03117786 0.03392463 -0.05175414
v 0.03146529 0.03392463 -0.05118539
v 0.03416795 0.03392463 -0.04621752
v 0.03529106 0.03392463 -0.04419724
v 0.03605982 0.03392463 -0.04283967
v 0.03605982 0.04527052 -0.05234514
v 0.03101656 0.04527052 -0.06404893
v 0.01432591 0.07411166 -0.03937109
v 0.01432591 0.07409179 -0.03941392
v 0.01409303 0.07406256 -0.03937109
v 0.01432591 0.07221538 -0.03937109
v 0.01300183 0.07351074 -0.03990088
v 0.01432591 0.07246323 -0.04200908
v 0.01340281 0.07241062 -0.04193639
v 0.01300183 0.07381003 -0.03937109
v 0.01431503 0.06216816 -0.03937109
v 0.01432591 0.06216816 -0.04776803
v 0.01259196 0.07365337 -0.03937109
v 0.01295091 0.07275200 -0.04116063
v 0.01243077 0.07223058 -0.04171033
v 0.01432591 0.07194415 -0.04264642
v 0.01432591 0.07113280 -0.04355463
v 0.01336029 0.07102524 -0.04343015
v 0.01222064 0.06216816 -0.03937109
v 0.01432591 0.06216816 -0.04954362
v 0.01176033 0.07320093 -0.03937109
v 0.01192893 0.07257897 -0.04073839
v 0.01187751 0.07125906 -0.04221323
v 0.01141770 0.07169163 -0.04119847
v 0.01232645 0.06936045 -0.04468391
v 0.01432591 0.07049798 -0.04419495
v 0.01329800 0.06954283 -0.04485520
v 0.01200903 0.06216816 -0.03979732
v 0.00968869 0.06719294 -0.03937109
v 0.01358575 0.06216816 -0.04937433
v 0.01432591 0.06219505 -0.04953167
v 0.01155267 0.07306415 -0.03937109
v 0.01095739 0.07212536 -0.04012495
v 0.01073242 0.07239192 -0.03937109
v 0.01186119 0.06980354 -0.04371297
v 0.01089014 0.06928446 -0.04314733
v 0.01090596 0.07071660 -0.04165755
v 0.01357339 0.06799962 -0.04621950
v 0.01260135 0.06774125 -0.04604124
v 0.01197392 0.06676856 -0.04635095
v 0.01185922 0.06838893 -0.04506930
v 0.01088767 0.06783361 -0.04461121
v 0.01137468 0.06883669 -0.04416209
v 0.01432591 0.06967844 -0.04498067
v 0.01064244 0.06216816 -0.04291928
v 0.00963529 0.06735545 -0.03937109
v 0.00962244 0.06720346 -0.03951450
v 0.01324806 0.06216816 -0.04927872
v 0.01334843 0.06238561 -0.04921897
v 0.01432591 0.06262294 -0.04933150
v 0.01062315 0.07115267 -0.04068561
v 0.01055146 0.07207275 -0.03937109
v 0.01059398 0.06831294 -0.04364027
v 0.01061623 0.06974508 -0.04217539
v 0.01305325 0.06723269 -0.04651427
v 0.01432591 0.06890216 -0.04562598
v 0.01432591 0.06807678 -0.04627029
v 0.01432591 0.06546735 -0.04788056
v 0.01326734 0.06528614 -0.04777301
v 0.01229530 0.06499738 -0.04760770
v 0.01100238 0.06626935 -0.04600838
v 0.01151114 0.06576664 -0.04666564
v 0.01056926 0.06686209 -0.04503644
v 0.01020042 0.06216816 -0.04400276
v 0.00953987 0.06861222 -0.03937109
v 0.00930106 0.06769331 -0.03993873
v 0.00927486 0.06627754 -0.04151116
v 0.00930452 0.06485591 -0.04310849
v 0.01248417 0.06216816 -0.04898595
v 0.01041648 0.07161213 -0.03962603
v 0.01028299 0.06728764 -0.04406748
v 0.00962194 0.06722568 -0.04259264
v 0.01041896 0.07181321 -0.03937109
v 0.01286933 0.06575963 -0.04734679
v 0.01195069 0.06402585 -0.04785666
v 0.01062711 0.06529783 -0.04634298
v 0.01031562 0.06576664 -0.04548855
v 0.00959425 0.06578301 -0.04398881
v 0.01008077 0.06216816 -0.04463611
v 0.00992750 0.06282519 -0.04397985
v 0.00954382 0.06876421 -0.03937109
v 0.00930106 0.06809081 -0.03993873
v 0.00927486 0.06675804 -0.04215348
v 0.00930452 0.06485591 -0.04350982
v 0.01005605 0.06216816 -0.04543677
v 0.01223844 0.06216816 -0.04884255
v 0.01033490 0.07160511 -0.03937109
v 0.00946768 0.06772956 -0.04154801
v 0.00930106 0.06809081 -0.04057606
v 0.00942467 0.06629741 -0.04312542
v 0.01047483 0.06428306 -0.04654912
v 0.00986026 0.06428306 -0.04543677
v 0.00930452 0.06532472 -0.04350982
v 0.00988745 0.07034833 -0.03937109
v 0.00988250 0.06282519 -0.04543677
v 0.01018163 0.06216816 -0.04603427
v 0.01130052 0.06216816 -0.04794330
v 0.01097667 0.06282519 -0.04746231
v 0.01042489 0.06282519 -0.04673335
v 0.01047977 0.06216816 -0.04674630
v 0.01094255 0.06216816 -0.04747526
v 0.01063947 0.06216816 -0.04707493
v -0.00345960 0.06872356 0.06341849
v -0.00344204 0.07011425 0.06341849
v -0.00344758 0.06864180 0.06341849
v -0.00364537 0.06827017 0.06371860
v -0.00326089 0.07157144 0.06341849
v -0.00390878 0.06827017 0.06430982
v -0.00339213 0.06827017 0.06341849
v -0.00388845 0.06841100 0.06433158
v -0.00401138 0.06827017 0.06535871
v -0.00323131 0.07157144 0.06390092
v -0.00311763 0.07203187 0.06341849
v -0.00155842 0.06827017 0.06341849
v -0.00389492 0.06827017 0.06604071
v -0.00301411 0.07226620 0.06391442
v -0.00304461 0.07226620 0.06341849
v -0.00128299 0.07226620 0.06341849
v 0.00542985 0.07226620 0.06704008
v 0.00542985 0.06827017 0.06939221
v -0.00385425 0.06827017 0.06625829
v -0.00259265 0.07226620 0.06517564
v 0.00542985 0.07226620 0.06909885
v 0.00542985 0.06827017 0.07108183
v -0.00377847 0.06827017 0.06644136
v -0.00247527 0.07122015 0.06642561
v -0.00223219 0.07219187 0.06599344
v -0.00219060 0.07226620 0.06595518
v 0.00542985 0.06963934 0.07058815
v 0.00502225 0.07226620 0.06902307
v 0.00542985 0.06837383 0.07105708
v 0.00532633 0.06827017 0.07106758
v -0.00348640 0.06827017 0.06703333
v -0.00220724 0.07062397 0.06739647
v -0.00173402 0.07173105 0.06695455
v -0.00209078 0.07226620 0.06606922
v 0.00479304 0.06948912 0.07051988
v 0.00542985 0.06865941 0.07096554
v 0.00170604 0.07098739 0.06908759
v 0.00126794 0.07022652 0.06937870
v 0.00496310 0.07226620 0.06901031
v 0.00542985 0.06858038 0.07099105
v 0.00387895 0.06827017 0.07076297
v -0.00306402 0.06827017 0.06770483
v -0.00278490 0.06827017 0.06809198
v -0.00210188 0.06827017 0.06883250
v -0.00123585 0.07127022 0.06785039
v -0.00074692 0.07224195 0.06748275
v -0.00147246 0.07226620 0.06670996
v 0.00428655 0.06867310 0.07071570
v 0.00142507 0.06853970 0.07012298
v 0.00168478 0.06827017 0.07029254
v 0.00131323 0.07226620 0.06814975
v 0.00126794 0.07151276 0.06863668
v 0.00073465 0.07078671 0.06893454
v -0.00011751 0.06976100 0.06920164
v -0.00011751 0.06865628 0.06966156
v -0.00173033 0.06827017 0.06909510
v -0.00090035 0.06945627 0.06903432
v -0.00011751 0.07048979 0.06881675
v -0.00020346 0.07168215 0.06807997
v -0.00065819 0.07226620 0.06750376
v -0.00073213 0.07226620 0.06746549
v 0.00128643 0.06827017 0.07018900
v 0.00010062 0.07226620 0.06781962
v -0.00121921 0.06865628 0.06922115
v -0.00012028 0.06827017 0.06979586
v -0.00135600 0.06827017 0.06929692
v 0.01591870 0.07424324 -0.03937212
v 0.01446015 0.07247010 -0.04202060
v 0.01446015 0.07410848 -0.03943890
v 0.01445850 0.07414513 -0.03937212
v 0.01737642 0.07418296 -0.03937212
v 0.01883332 0.07253748 -0.04218806
v 0.01883332 0.07207174 -0.04291747
v 0.01432591 0.07246301 -0.04200930
v 0.01737642 0.07203627 -0.04286713
v 0.01737642 0.07130811 -0.04378248
v 0.01446015 0.07187669 -0.04274898
v 0.01432591 0.07409194 -0.03941424
v 0.01432591 0.07411085 -0.03937212
v 0.01914216 0.07390280 -0.03937212
v 0.02029105 0.07242400 -0.04200416
v 0.02029105 0.07192634 -0.04273357
v 0.01883332 0.07134239 -0.04378454
v 0.01432591 0.07194407 -0.04264625
v 0.01737642 0.07062367 -0.04451087
v 0.01591870 0.07055156 -0.04441430
v 0.01591870 0.07122181 -0.04368489
v 0.01446015 0.07114734 -0.04357188
v 0.01432591 0.07221477 -0.03937212
v 0.02029105 0.07366993 -0.03937212
v 0.02104709 0.07231170 -0.04181308
v 0.02151570 0.07339686 -0.03937212
v 0.02160712 0.07332948 -0.03946252
v 0.02119533 0.07098658 -0.04338080
v 0.02029105 0.07119699 -0.04359859
v 0.01883332 0.07060358 -0.04451395
v 0.01432591 0.07113197 -0.04355442
v 0.01737642 0.06989550 -0.04508207
v 0.01591870 0.06982221 -0.04507591
v 0.01446015 0.06969573 -0.04499783
v 0.01446015 0.07042508 -0.04430026
v 0.01432591 0.07049837 -0.04419445
v 0.02273953 0.07074306 -0.03937212
v 0.01432591 0.06216816 -0.04776856
v 0.02161947 0.07254339 -0.04101586
v 0.02263741 0.07240863 -0.04049808
v 0.02201891 0.07201736 -0.04146995
v 0.02164583 0.07335904 -0.03937212
v 0.02268271 0.07104568 -0.04199594
v 0.02216715 0.07051137 -0.04296781
v 0.02161700 0.06996879 -0.04386365
v 0.02106686 0.06942621 -0.04473997
v 0.02029105 0.07036952 -0.04432800
v 0.02029105 0.06964017 -0.04489098
v 0.01883332 0.06987423 -0.04505228
v 0.01737642 0.06885172 -0.04581045
v 0.01591870 0.06886945 -0.04580532
v 0.01446015 0.06881744 -0.04572621
v 0.01432591 0.06890136 -0.04562553
v 0.01432591 0.06967800 -0.04498139
v 0.02273953 0.07288383 -0.03937212
v 0.02273953 0.06216816 -0.04674430
v 0.01432591 0.06216816 -0.04954380
v 0.02273953 0.07236963 -0.04044261
v 0.02273953 0.07223487 -0.04060287
v 0.02273953 0.07245001 -0.04030906
v 0.02273953 0.07110597 -0.04187575
v 0.02273953 0.07101849 -0.04196923
v 0.02273953 0.07024186 -0.04267399
v 0.02273953 0.06966854 -0.04315067
v 0.02260941 0.06953969 -0.04337463
v 0.02273953 0.06563169 -0.04633953
v 0.02273953 0.06485033 -0.04694772
v 0.02273953 0.06376280 -0.04776445
v 0.02273953 0.06223199 -0.04886062
v 0.02136993 0.06681851 -0.04639912
v 0.02114839 0.06511276 -0.04768637
v 0.02067319 0.06779020 -0.04606112
v 0.01970137 0.06798051 -0.04620290
v 0.01883332 0.06878670 -0.04578066
v 0.01737642 0.06812473 -0.04629639
v 0.01591870 0.06814128 -0.04631077
v 0.01446015 0.06809045 -0.04627892
v 0.01432591 0.06880561 -0.04570156
v 0.01432591 0.06807626 -0.04626967
v 0.02273953 0.06216816 -0.04890172
v 0.01446015 0.06216816 -0.04957462
v 0.01432591 0.06219535 -0.04953147
v 0.02273953 0.06946404 -0.04331813
v 0.02029105 0.06532435 -0.04779938
v 0.02029105 0.06605252 -0.04733913
v 0.02156347 0.06216816 -0.04939279
v 0.02022846 0.06726180 -0.04654294
v 0.01883332 0.06547684 -0.04790006
v 0.01883332 0.06805853 -0.04625221
v 0.01737642 0.06551939 -0.04793499
v 0.01591870 0.06556431 -0.04794629
v 0.01446015 0.06548984 -0.04789390
v 0.01432591 0.06546738 -0.04788054
v 0.01494441 0.06216816 -0.04965167
v 0.01432591 0.06262327 -0.04933114
v 0.01446015 0.06265518 -0.04934655
v 0.02086261 0.06216816 -0.04957462
v 0.02029105 0.06216816 -0.04972153
v 0.01954489 0.06216816 -0.04980269
v 0.01883332 0.06216816 -0.04984687
v 0.01821894 0.06216816 -0.04986639
v 0.01737889 0.06414107 -0.04873940
v 0.01689463 0.06356067 -0.04908561
v 0.01654461 0.06356067 -0.04908561
v 0.01557280 0.06352402 -0.04903527
v 0.01593105 0.06216816 -0.04976468
v 0.01674804 0.06216816 -0.04982427
v 0.01600270 0.06295307 -0.04937018
v 0.01997371 0.05620570 -0.05376531
v 0.01997371 0.05627457 -0.05372938
v 0.02029208 0.05620570 -0.05376041
v 0.01997371 0.05620570 -0.05189940
v 0.01997371 0.05651153 -0.05360526
v 0.02029208 0.05650861 -0.05360117
v 0.02074569 0.05620570 -0.05372285
v 0.01997371 0.06027367 -0.04903725
v 0.02546747 0.05620570 -0.04542383
v 0.01997371 0.05724050 -0.05315042
v 0.02029208 0.05723758 -0.05315287
v 0.02174952 0.05638605 -0.05352850
v 0.02174952 0.05620570 -0.05362731
v 0.01997371 0.06121741 -0.04839541
v 0.02748016 0.05620570 -0.04542383
v 0.02466860 0.06216758 -0.04542383
v 0.01997371 0.06216758 -0.04784094
v 0.01997371 0.05834708 -0.05242120
v 0.02029208 0.05835700 -0.05242447
v 0.02174952 0.05711501 -0.05306141
v 0.02254838 0.05629150 -0.05347215
v 0.02205949 0.05620570 -0.05358974
v 0.02813622 0.05620570 -0.04662504
v 0.02748436 0.05622847 -0.04542383
v 0.02703495 0.06216758 -0.04542383
v 0.01997371 0.06216758 -0.04975666
v 0.02029208 0.06216758 -0.04972237
v 0.02174952 0.05821284 -0.05233220
v 0.02261727 0.05620570 -0.05351217
v 0.02423683 0.05620570 -0.05311286
v 0.02844703 0.05620570 -0.04725789
v 0.02762633 0.05699362 -0.04543772
v 0.02758181 0.05677300 -0.04542383
v 0.02716179 0.06187167 -0.04542383
v 0.02838655 0.05644908 -0.04929284
v 0.02707023 0.06104524 -0.04689533
v 0.02682746 0.06206836 -0.04613345
v 0.02678378 0.06216758 -0.04608854
v 0.02086330 0.06216758 -0.04957538
v 0.02174952 0.05894180 -0.05179324
v 0.02462996 0.05620570 -0.05299445
v 0.02774477 0.05845155 -0.04543772
v 0.02773889 0.05845155 -0.04542383
v 0.02855539 0.05620570 -0.04835376
v 0.02841511 0.05665861 -0.04730934
v 0.02765489 0.05990889 -0.04543772
v 0.02765069 0.05990773 -0.04542383
v 0.02761793 0.05699362 -0.04542383
v 0.02844619 0.05669830 -0.04835376
v 0.02843527 0.05620570 -0.04942921
v 0.02809338 0.05620570 -0.05020497
v 0.02691315 0.06072249 -0.04770131
v 0.02609244 0.06216758 -0.04687736
v 0.02156388 0.06216758 -0.04939410
v 0.02282559 0.06216758 -0.04886903
v 0.02578248 0.05651387 -0.05225380
v 0.02593536 0.05620570 -0.05243917
v 0.02792706 0.05620570 -0.05043199
v 0.02740708 0.05620570 -0.05113344
v 0.02674346 0.05620570 -0.05190593
v 0.02612269 0.06106392 -0.04800263
v 0.02538934 0.06209287 -0.04762128
v 0.02533390 0.06216758 -0.04758861
v 0.02404783 0.06216758 -0.04830476
v 0.02529022 0.06057132 -0.04902336
v 0.02669894 0.05620570 -0.05193778
v 0.02517094 0.06216758 -0.04768171
v 0.02453672 0.06216758 -0.04804264
v 0.01594377 0.05620570 -0.05392282
v 0.01446034 0.05620570 -0.05392032
v 0.01821844 0.06216758 -0.04986594
v 0.01997371 0.05834708 -0.05242104
v 0.01997371 0.05724050 -0.05314988
v 0.01997371 0.05651153 -0.05360499
v 0.01997371 0.05627457 -0.05372896
v 0.01997371 0.05620570 -0.05376473
v 0.01367299 0.05620570 -0.05379635
v 0.01494478 0.06216758 -0.04965295
v 0.01593018 0.06216758 -0.04976444
v 0.01674763 0.06216758 -0.04982434
v 0.01883298 0.06216758 -0.04984680
v 0.01954460 0.06216758 -0.04980271
v 0.01997371 0.06216758 -0.04975612
v 0.01997371 0.05620570 -0.05189937
v 0.01446034 0.06216758 -0.04957557
v 0.01331281 0.05620570 -0.05372313
v 0.01997371 0.06216758 -0.04784167
v 0.01997371 0.06027367 -0.04903726
v 0.01401278 0.05620570 -0.04542385
v 0.01358659 0.06216758 -0.04937589
v 0.01244003 0.05620570 -0.05336371
v 0.01248469 0.06216758 -0.04898651
v 0.01324874 0.06216758 -0.04928021
v 0.01997371 0.06121741 -0.04839495
v 0.01188859 0.06216758 -0.04542385
v 0.01173326 0.05620570 -0.04542385
v 0.01240022 0.05620570 -0.05333292
v 0.01223907 0.06216758 -0.04884340
v 0.01005663 0.06216758 -0.04542385
v 0.01172452 0.05622788 -0.04542385
v 0.01171579 0.05620570 -0.04545380
v 0.01170219 0.05620570 -0.05259493
v 0.01130124 0.06216758 -0.04794400
v 0.01005566 0.06216758 -0.04543799
v 0.01073039 0.05620570 -0.04779923
v 0.01076048 0.05620570 -0.04740902
v 0.01079058 0.05620570 -0.04728505
v 0.01091970 0.05699362 -0.04641394
v 0.01026439 0.06138083 -0.04542385
v 0.01142454 0.05699362 -0.04542385
v 0.01141677 0.05699362 -0.04543799
v 0.01128668 0.05620570 -0.04626002
v 0.01104494 0.05620570 -0.05147088
v 0.01063913 0.06216758 -0.04707538
v 0.01094300 0.06216758 -0.04747641
v 0.01018187 0.06216758 -0.04603537
v 0.01079932 0.05620570 -0.05060809
v 0.01074398 0.05620570 -0.05028860
v 0.01067990 0.05620570 -0.04923112
v 0.01106144 0.05620570 -0.04670348
v 0.01141968 0.05700646 -0.04542385
v 0.01085077 0.05620570 -0.05082774
v 0.01047991 0.06216758 -0.04674757
v 0.01883557 0.06216758 -0.03443874
v 0.01492022 0.06216758 -0.03443874
v 0.01883557 0.06172343 -0.03443874
v 0.01883557 0.06216758 -0.03650420
v 0.01510585 0.06202400 -0.03443874
v 0.01469764 0.06216758 -0.03470539
v 0.01223808 0.05620570 -0.04453598
v 0.01319028 0.05620570 -0.04350701
v 0.01359763 0.05620570 -0.04309305
v 0.01871698 0.06165164 -0.03443874
v 0.01883300 0.05620570 -0.03996959
v 0.01883557 0.05620746 -0.03996959
v 0.01883557 0.06170358 -0.03698482
v 0.01188917 0.06216758 -0.04542195
v 0.01588703 0.06158686 -0.03443874
v 0.01369646 0.05620570 -0.04300166
v 0.01460998 0.05620570 -0.04222429
v 0.01526483 0.06067521 -0.03601499
v 0.01418373 0.06216758 -0.03558383
v 0.01219253 0.05620570 -0.04459511
v 0.01737548 0.06126819 -0.03443874
v 0.01800197 0.05620570 -0.04008356
v 0.01883557 0.05620570 -0.04192861
v 0.01883557 0.06097403 -0.03772671
v 0.01883557 0.05806868 -0.04066202
v 0.01883557 0.05709284 -0.04138993
v 0.01883557 0.05636329 -0.04185335
v 0.01883557 0.05620570 -0.04194151
v 0.01401271 0.05620570 -0.04542195
v 0.01005610 0.06216758 -0.04542195
v 0.01883557 0.05879823 -0.03993410
v 0.01591453 0.05620570 -0.04117597
v 0.01736431 0.05620570 -0.04024806
v 0.01777767 0.05620570 -0.04012119
v 0.01385372 0.06216758 -0.03615261
v 0.01173362 0.05620570 -0.04542195
v 0.01008103 0.06216758 -0.04463597
v 0.01141995 0.05700646 -0.04542195
v 0.01379700 0.06216758 -0.03625691
v 0.01142424 0.05699362 -0.04542195
v 0.01257582 0.06216758 -0.03863096
v 0.01200948 0.06216758 -0.03979755
v 0.01020048 0.06216758 -0.04400160
v 0.01064306 0.06216758 -0.04291779
v 0.02617777 0.05291292 -0.05260595
v 0.01737651 0.05291292 -0.05414667
v 0.01736270 0.05290920 -0.05415013
v 0.01737651 0.05180751 -0.05485202
v 0.01736270 0.05180276 -0.05485778
v 0.02617777 0.05264876 -0.05281652
v 0.02617777 0.05291292 -0.05494983
v 0.01736270 0.05291292 -0.05611544
v 0.01736270 0.05107192 -0.05544346
v 0.02617777 0.05112441 -0.05423297
v 0.01736270 0.05025911 -0.05616607
v 0.02612254 0.05291292 -0.05497054
v 0.02617777 0.05153792 -0.06435872
v 0.02547971 0.05191182 -0.06435872
v 0.02466429 0.05228063 -0.06435872
v 0.02320691 0.05274596 -0.06435872
v 0.02317757 0.05274799 -0.06435872
v 0.02174953 0.05284214 -0.06435872
v 0.01736270 0.05291292 -0.05614421
v 0.02569887 0.05044572 -0.05493832
v 0.02617777 0.05111323 -0.05424448
v 0.01736270 0.05025640 -0.05617412
v 0.01737651 0.05025877 -0.05616492
v 0.02562553 0.05291292 -0.05514084
v 0.02617777 0.04945308 -0.06435872
v 0.02172019 0.05284180 -0.06435872
v 0.01752061 0.05291292 -0.05614421
v 0.01883389 0.05291292 -0.05602224
v 0.02029214 0.05291292 -0.05587150
v 0.02458405 0.05291292 -0.05528697
v 0.01883389 0.05278084 -0.06435872
v 0.01880456 0.05277678 -0.06435872
v 0.01737651 0.05251871 -0.06435872
v 0.01736357 0.05251566 -0.06435872
v 0.01736270 0.05249568 -0.06435872
v 0.02617777 0.05026114 -0.05550214
v 0.02617777 0.05026588 -0.05549179
v 0.02617777 0.05110544 -0.05425483
v 0.02174953 0.05019239 -0.05597161
v 0.02320691 0.05018426 -0.05587265
v 0.01736270 0.04998005 -0.05710040
v 0.01736270 0.05006268 -0.05855713
v 0.01736961 0.05080843 -0.06435872
v 0.02617777 0.05007352 -0.05710040
v 0.02320691 0.04995261 -0.05710040
v 0.02174953 0.04995092 -0.05710040
v 0.01737651 0.04997971 -0.05710040
v 0.01736270 0.04998005 -0.05711421
v 0.01736270 0.05099470 -0.06312637
v 0.02466429 0.05020424 -0.05575069
v 0.02617777 0.05025809 -0.05551365
v 0.02617777 0.05007928 -0.05704632
v 0.02499326 0.04957421 -0.03654990
v 0.01736420 0.04830934 -0.03654990
v 0.02499326 0.04789613 -0.03654990
v 0.02499326 0.05291292 -0.04296528
v 0.02483042 0.05291292 -0.04278992
v 0.02471912 0.05291292 -0.04270918
v 0.02320570 0.05291292 -0.04222564
v 0.02138602 0.05291292 -0.04166397
v 0.02036339 0.05291292 -0.04155285
v 0.01906959 0.05291292 -0.04170390
v 0.01883429 0.05291292 -0.04173342
v 0.01736270 0.04831956 -0.03667751
v 0.01736270 0.04691455 -0.03654990
v 0.01768092 0.05291292 -0.04208848
v 0.01748745 0.05291292 -0.04216140
v 0.01740678 0.05291292 -0.04220394
v 0.01736270 0.05291292 -0.04223085
v 0.02395718 0.04754127 -0.03654990
v 0.02499326 0.04792260 -0.03663845
v 0.02499326 0.05291292 -0.04541857
v 0.01736270 0.04676899 -0.03654990
v 0.01736270 0.05291292 -0.04431780
v 0.02340142 0.04737647 -0.03654990
v 0.02267310 0.04745346 -0.03761160
v 0.02499326 0.04793222 -0.03667057
v 0.02499326 0.05287503 -0.04541770
v 0.01736270 0.05116147 -0.04471713
v 0.01736270 0.05261941 -0.04444194
v 0.01736270 0.05269339 -0.04441417
v 0.01736270 0.05278601 -0.04437857
v 0.01736270 0.04677741 -0.03669053
v 0.01737615 0.04676899 -0.03654990
v 0.02188950 0.04707213 -0.03654990
v 0.02174906 0.04706732 -0.03669053
v 0.02317806 0.04735361 -0.03666449
v 0.02499326 0.04845489 -0.03816025
v 0.02160414 0.04738188 -0.03811771
v 0.02102223 0.04751721 -0.03887905
v 0.02499326 0.05035070 -0.04351479
v 0.02499326 0.05261941 -0.04541163
v 0.01736270 0.04969571 -0.04415286
v 0.01736270 0.04677862 -0.03670355
v 0.01737615 0.04677741 -0.03669053
v 0.01751658 0.04677140 -0.03654990
v 0.02174906 0.04705168 -0.03654990
v 0.02029167 0.04689049 -0.03669053
v 0.02029167 0.04719182 -0.03814897
v 0.02029167 0.04745045 -0.03913168
v 0.02029167 0.04817702 -0.04106324
v 0.02029167 0.04867984 -0.04214925
v 0.01736270 0.04860345 -0.04288628
v 0.02499326 0.05077533 -0.04421102
v 0.02499326 0.05247085 -0.04535086
v 0.01736270 0.04960669 -0.04407907
v 0.02499326 0.05168594 -0.04501924
v 0.02499326 0.05139183 -0.04485343
v 0.01883429 0.04682673 -0.03669053
v 0.01736270 0.04699214 -0.03814897
v 0.01883429 0.04681531 -0.03654990
v 0.02043211 0.04689229 -0.03654990
v 0.02029167 0.04687786 -0.03654990
v 0.01897472 0.04682012 -0.03654990
v 0.01737615 0.04699274 -0.03814897
v 0.01883429 0.04706972 -0.03814897
v 0.01875884 0.04738549 -0.03966296
v 0.01822250 0.04750518 -0.04037221
v 0.01875884 0.04782877 -0.04094083
v 0.01883429 0.04854812 -0.04235760
v 0.01736270 0.04852526 -0.04274304
v 0.01736270 0.04940640 -0.04387159
v 0.01736270 0.04956338 -0.04403827
v 0.01736270 0.04729587 -0.03960653
v 0.01737615 0.04749015 -0.04042604
v 0.01736270 0.04749015 -0.04042777
v 0.01736270 0.04778065 -0.04116654
v 0.02773893 0.05845155 -0.04542195
v 0.02761779 0.05699362 -0.04542195
v 0.02765091 0.05990773 -0.04542195
v 0.02728226 0.06136682 -0.04397902
v 0.02698682 0.06216758 -0.04273393
v 0.02758206 0.05677300 -0.04542195
v 0.02667394 0.06216758 -0.04208451
v 0.02710883 0.06216758 -0.04531227
v 0.02721515 0.06216758 -0.04397902
v 0.02716199 0.06187167 -0.04542195
v 0.02746702 0.05620570 -0.04538539
v 0.02748445 0.05622847 -0.04542195
v 0.02681426 0.05929549 -0.04328767
v 0.02604907 0.06216758 -0.04110715
v 0.02703475 0.06216758 -0.04542195
v 0.02694498 0.05620570 -0.04459726
v 0.02748009 0.05620570 -0.04542195
v 0.02425376 0.06216758 -0.03835356
v 0.02466860 0.06216758 -0.04542195
v 0.02555667 0.05620570 -0.04306402
v 0.02367943 0.06216758 -0.03764607
v 0.02546777 0.05620570 -0.04542195
v 0.01883644 0.05620570 -0.04194151
v 0.01883644 0.05636329 -0.04185335
v 0.01883644 0.05709284 -0.04138993
v 0.01883644 0.05806868 -0.04066202
v 0.01883644 0.05879823 -0.03993410
v 0.01883644 0.06097403 -0.03772671
v 0.01883644 0.06170358 -0.03698482
v 0.01883644 0.06216758 -0.03650420
v 0.02486817 0.05620570 -0.04235761
v 0.02297264 0.06216758 -0.03694934
v 0.02412390 0.05620570 -0.04161572
v 0.01883644 0.05620570 -0.04192861
v 0.01883644 0.06216758 -0.03443874
v 0.02211855 0.06216758 -0.03625153
v 0.02133332 0.06216758 -0.03568705
v 0.02026834 0.06216758 -0.03492581
v 0.01957113 0.06216758 -0.03443874
v 0.02324019 0.05620570 -0.04105554
v 0.01913014 0.05620570 -0.03999754
v 0.01883644 0.05620746 -0.03996959
v 0.01883644 0.06172343 -0.03443874
v 0.01950925 0.06212789 -0.03443874
v 0.02207237 0.05620570 -0.04051902
v 0.02028664 0.05620570 -0.04007926
v 0.02124269 0.05620570 -0.04025667
v 0.02174953 0.05288245 -0.06584741
v 0.02320691 0.05274684 -0.06438971
v 0.02320691 0.05271033 -0.06584741
v 0.02174953 0.05280496 -0.06730511
v 0.02029214 0.05282806 -0.06584741
v 0.01883389 0.05278186 -0.06438971
v 0.02174953 0.05284222 -0.06435987
v 0.02317757 0.05274759 -0.06435987
v 0.02320691 0.05274535 -0.06435987
v 0.02466429 0.05228041 -0.06435987
v 0.02466429 0.05228116 -0.06438971
v 0.02465998 0.05214033 -0.06571142
v 0.02334842 0.05236163 -0.06744387
v 0.02174953 0.05229978 -0.06864694
v 0.02029214 0.05269916 -0.06730511
v 0.01883389 0.05273641 -0.06584741
v 0.02295668 0.05216716 -0.06845337
v 0.01883389 0.05278037 -0.06435987
v 0.01737651 0.05251884 -0.06438971
v 0.01880456 0.05277665 -0.06435987
v 0.02547971 0.05191159 -0.06435987
v 0.02546504 0.05191755 -0.06438971
v 0.02540377 0.05189669 -0.06513486
v 0.02417160 0.05206210 -0.06704978
v 0.02392827 0.05188327 -0.06802112
v 0.02174953 0.05175884 -0.06937544
v 0.02029214 0.05222080 -0.06847002
v 0.01875365 0.05230798 -0.06740710
v 0.01767075 0.05211425 -0.06698873
v 0.01736270 0.05222676 -0.06619500
v 0.01736270 0.05229382 -0.06592719
v 0.01736270 0.05248978 -0.06456524
v 0.02343471 0.05136617 -0.06896193
v 0.02294115 0.05084982 -0.06975357
v 0.01736270 0.05251437 -0.06438832
v 0.01736270 0.05251586 -0.06437652
v 0.01737651 0.05251884 -0.06435987
v 0.02617777 0.05153755 -0.06435987
v 0.02617777 0.05153606 -0.06438971
v 0.02617777 0.05153457 -0.06440566
v 0.02617777 0.05107857 -0.06571142
v 0.02438818 0.05091166 -0.06849846
v 0.02391274 0.05037594 -0.06947050
v 0.02617777 0.05050037 -0.06673548
v 0.02536063 0.05037296 -0.06799684
v 0.02174953 0.05103013 -0.06985487
v 0.02029214 0.05079543 -0.06970917
v 0.02029214 0.05152414 -0.06919921
v 0.01918594 0.05206135 -0.06821816
v 0.01821349 0.05182217 -0.06796007
v 0.01736270 0.05143621 -0.06758610
v 0.01736270 0.05164335 -0.06730372
v 0.02333893 0.04981562 -0.06991176
v 0.02253991 0.04761534 -0.07097538
v 0.01736357 0.05251586 -0.06435987
v 0.01736270 0.05249574 -0.06435987
v 0.02617777 0.04945276 -0.06435987
v 0.02474023 0.04678828 -0.06995478
v 0.02354602 0.04678903 -0.07073185
v 0.02281776 0.04678903 -0.07109333
v 0.02558152 0.04940060 -0.06821816
v 0.02617777 0.04870021 -0.06792191
v 0.02617777 0.04788880 -0.06826951
v 0.02549696 0.04630173 -0.06958220
v 0.02617777 0.04983201 -0.06732314
v 0.02617777 0.04979401 -0.06735159
v 0.02617777 0.04977390 -0.06736269
v 0.02174953 0.04970386 -0.07032944
v 0.02029214 0.04970386 -0.07015668
v 0.01886668 0.04971205 -0.06978549
v 0.01937491 0.05053613 -0.06955930
v 0.01879420 0.05117915 -0.06878570
v 0.01840332 0.05020307 -0.06935324
v 0.01764141 0.05085057 -0.06838191
v 0.01736270 0.05114488 -0.06786224
v 0.02200321 0.04761534 -0.07097538
v 0.02174953 0.04533087 -0.07144786
v 0.02161060 0.04693358 -0.07114398
v 0.01736961 0.05080809 -0.06435987
v 0.01736270 0.05080660 -0.06436681
v 0.02617777 0.04527052 -0.06680278
v 0.02386355 0.04533087 -0.07088796
v 0.02313529 0.04533087 -0.07118838
v 0.02617777 0.04682628 -0.06869690
v 0.02617777 0.04676220 -0.06871979
v 0.02617777 0.04549703 -0.06907572
v 0.02617777 0.04533087 -0.06910277
v 0.02558843 0.04533087 -0.06965436
v 0.02466429 0.04533087 -0.07032180
v 0.02103248 0.04751550 -0.07094624
v 0.02029214 0.04651185 -0.07107182
v 0.01947846 0.04617954 -0.07097954
v 0.01883389 0.04824644 -0.07022328
v 0.01788992 0.04923146 -0.06961342
v 0.01736270 0.04974037 -0.06895499
v 0.01736270 0.04984990 -0.06888769
v 0.01736270 0.05005852 -0.06874269
v 0.02029214 0.04527052 -0.07134934
v 0.02029214 0.04533087 -0.07134934
v 0.02181165 0.04527052 -0.07142982
v 0.02175298 0.04527052 -0.07143884
v 0.01736270 0.04527052 -0.06840411
v 0.02617777 0.04527052 -0.06910555
v 0.02470226 0.04527052 -0.07029405
v 0.02389720 0.04527052 -0.07086228
v 0.02384457 0.04527052 -0.07088587
v 0.02312580 0.04527052 -0.07118352
v 0.02561863 0.04527052 -0.06962868
v 0.02558843 0.04527052 -0.06965366
v 0.01920838 0.04533087 -0.07108986
v 0.01759050 0.04824644 -0.06976675
v 0.01736270 0.04824644 -0.06963424
v 0.01920234 0.04527052 -0.07109124
v 0.01736270 0.04527052 -0.07020940
v 0.01847321 0.04527052 -0.07075266
v 0.01847925 0.04533087 -0.07074919
v 0.01736270 0.04675401 -0.06996865
v 0.01736270 0.04738064 -0.06984169
v 0.01736270 0.04533087 -0.07020524
v 0.01741534 0.04527052 -0.07023716
v 0.01737651 0.04533087 -0.07021218
v 0.01736270 0.04534801 -0.07020316
v 0.02915409 0.05291292 -0.04912308
v 0.02745506 0.05291292 -0.04912308
v 0.02895199 0.05407777 -0.04912308
v 0.02870278 0.05553529 -0.04835287
v 0.02890318 0.05407777 -0.04835287
v 0.02901365 0.05291292 -0.04835287
v 0.02630496 0.05620570 -0.04912308
v 0.02040546 0.05291292 -0.04326580
v 0.02862828 0.05554947 -0.04912308
v 0.02855463 0.05620570 -0.04835287
v 0.02844673 0.05620570 -0.04725623
v 0.02849469 0.05553529 -0.04717947
v 0.02854436 0.05407777 -0.04722535
v 0.02856149 0.05291292 -0.04727035
v 0.02040546 0.05319302 -0.04318375
v 0.02040546 0.05407777 -0.04291201
v 0.02040546 0.05552691 -0.04240031
v 0.02040546 0.05620570 -0.04205182
v 0.02846300 0.05620570 -0.04912308
v 0.02040546 0.05291292 -0.04156129
v 0.02813587 0.05620570 -0.04662454
v 0.02812731 0.05553529 -0.04645073
v 0.02746705 0.05620570 -0.04538585
v 0.02694467 0.05620570 -0.04459800
v 0.02612769 0.05291292 -0.04403248
v 0.02040546 0.05620570 -0.04010998
v 0.02138685 0.05291292 -0.04166451
v 0.02555650 0.05620570 -0.04306464
v 0.02601722 0.05291292 -0.04391249
v 0.02124213 0.05620570 -0.04025732
v 0.02320663 0.05291292 -0.04222651
v 0.02486798 0.05620570 -0.04235884
v 0.02412465 0.05620570 -0.04161687
v 0.02483030 0.05291292 -0.04279115
v 0.02207194 0.05620570 -0.04052023
v 0.02471983 0.05291292 -0.04270998
v 0.02324003 0.05620570 -0.04105664
v 0.02645647 0.06939143 -0.03814814
v 0.02645473 0.06865602 -0.03814814
v 0.02647299 0.06719793 -0.03937109
v 0.02647038 0.06865602 -0.03937109
v 0.02621815 0.06939143 -0.03937109
v 0.02633383 0.06939143 -0.03669055
v 0.02621728 0.06575116 -0.03937109
v 0.02425335 0.06939143 -0.03937109
v 0.02596244 0.06939143 -0.03526386
v 0.02577283 0.06434327 -0.03937109
v 0.02360016 0.06939143 -0.03443922
v 0.02275823 0.06217523 -0.03937109
v 0.01758835 0.06216816 -0.03610732
v 0.01758835 0.06220140 -0.03607352
v 0.01758835 0.06300752 -0.03518805
v 0.01758835 0.06326350 -0.03487471
v 0.01758835 0.06354352 -0.03449571
v 0.01758835 0.06358524 -0.03443922
v 0.02563976 0.06939143 -0.03443922
v 0.02490307 0.06216816 -0.03937109
v 0.02324356 0.06216816 -0.03937109
v 0.02241380 0.06216816 -0.03895781
v 0.01758835 0.06216816 -0.03443922
v 0.02552669 0.06912838 -0.03443922
v 0.02425335 0.06216816 -0.03835237
v 0.01957141 0.06216816 -0.03443922
v 0.02541710 0.06894029 -0.03443922
v 0.02402026 0.06485523 -0.03582584
v 0.02375933 0.06233221 -0.03760402
v 0.02367931 0.06216816 -0.03764506
v 0.01960359 0.06216816 -0.03446095
v 0.01962447 0.06220210 -0.03443922
v 0.02345926 0.06573914 -0.03443922
v 0.02368366 0.06388293 -0.03623333
v 0.02273822 0.06473855 -0.03443922
v 0.02297219 0.06216816 -0.03694885
v 0.02026809 0.06216816 -0.03492589
v 0.02026113 0.06263203 -0.03443922
v 0.02250687 0.06450096 -0.03443922
v 0.02201023 0.06399890 -0.03443922
v 0.02211808 0.06216816 -0.03625119
v 0.02133269 0.06216816 -0.03568680
v 0.02123962 0.06336744 -0.03443922
v 0.02508517 0.01317816 -0.06874534
v 0.02508517 0.01325872 -0.06875560
v 0.02992390 0.01507332 -0.06664798
v 0.02595159 0.01317816 -0.06831767
v 0.02508517 0.01317816 -0.06673105
v 0.02508517 0.01911111 -0.06906739
v 0.02612357 0.01908905 -0.06865612
v 0.02703740 0.01668364 -0.06811357
v 0.03012935 0.01763219 -0.06678028
v 0.03002802 0.01617436 -0.06670644
v 0.03287826 0.01652539 -0.06525007
v 0.03044449 0.01463886 -0.06623466
v 0.02971845 0.01410176 -0.06652901
v 0.02936891 0.01325872 -0.06632594
v 0.02934381 0.01317816 -0.06629517
v 0.02508517 0.01494577 -0.06659055
v 0.03283829 0.01317816 -0.05858978
v 0.03098275 0.01782113 -0.05858978
v 0.03065831 0.01905740 -0.05858978
v 0.03065273 0.01908905 -0.05858978
v 0.03046587 0.02054399 -0.05858978
v 0.03015909 0.02297625 -0.05858978
v 0.02508517 0.02049796 -0.06903457
v 0.02612357 0.02054687 -0.06864278
v 0.03004754 0.01908905 -0.06673515
v 0.03295821 0.01763219 -0.06528187
v 0.03368704 0.01763219 -0.06476189
v 0.03429688 0.01617436 -0.06386858
v 0.03338305 0.01609284 -0.06466343
v 0.03262633 0.01555287 -0.06505521
v 0.03165673 0.01471654 -0.06545520
v 0.03137133 0.01375745 -0.06524700
v 0.03051793 0.01326639 -0.06557929
v 0.02942190 0.01317816 -0.06624799
v 0.02508517 0.02297625 -0.06649824
v 0.03451906 0.01317816 -0.05858978
v 0.03177386 0.02297625 -0.05858978
v 0.02508517 0.02297625 -0.06836689
v 0.02576008 0.02297625 -0.06817203
v 0.02612171 0.02195290 -0.06828690
v 0.02694443 0.02143211 -0.06808485
v 0.02706250 0.02054687 -0.06815254
v 0.03285409 0.01858744 -0.06520495
v 0.03433778 0.01863060 -0.06392704
v 0.03441494 0.01763219 -0.06403268
v 0.03455346 0.01617436 -0.06293220
v 0.03431640 0.01480766 -0.06284092
v 0.03418068 0.01535434 -0.06370859
v 0.03169856 0.01317816 -0.06450241
v 0.03060904 0.01317816 -0.06546237
v 0.03047889 0.01317816 -0.06555673
v 0.03453207 0.01325680 -0.05858978
v 0.03432570 0.01317816 -0.06003896
v 0.03429595 0.01364811 -0.06147379
v 0.03455439 0.01471654 -0.06147379
v 0.03192167 0.02297625 -0.06001640
v 0.03419090 0.01555095 -0.05858978
v 0.03423274 0.01850975 -0.06206556
v 0.03435823 0.01867472 -0.06293220
v 0.02605664 0.02297625 -0.06800896
v 0.02645080 0.02297625 -0.06777409
v 0.03252779 0.01955900 -0.06497008
v 0.03458228 0.01763219 -0.06293220
v 0.03297215 0.02010377 -0.06399883
v 0.03132764 0.02297625 -0.06210659
v 0.03162698 0.02297625 -0.06146558
v 0.03418068 0.01391186 -0.06229325
v 0.03383671 0.01438182 -0.06326552
v 0.03186404 0.01317816 -0.06432600
v 0.03453486 0.01329037 -0.05858978
v 0.03401241 0.01317816 -0.06147379
v 0.03438891 0.01473956 -0.05858978
v 0.02726051 0.02297625 -0.06706130
v 0.03439263 0.01471654 -0.05858978
v 0.03147824 0.02150596 -0.06399371
v 0.03081262 0.02297625 -0.06286554
v 0.03124862 0.02297625 -0.06225735
v 0.03103388 0.02114342 -0.06496598
v 0.03200348 0.02062360 -0.06448190
v 0.03333750 0.01317816 -0.06269016
v 0.03328823 0.01317816 -0.06277733
v 0.03191981 0.01317816 -0.06426652
v 0.03066202 0.02297625 -0.06305015
v 0.01058314 0.05476882 -0.04912308
v 0.01063794 0.05352242 -0.04912308
v 0.01076101 0.05620570 -0.04740739
v 0.01073120 0.05620570 -0.04779891
v 0.01068602 0.05620570 -0.04912308
v 0.01069371 0.05291292 -0.04912308
v 0.01076389 0.05604487 -0.04746204
v 0.01079081 0.05620570 -0.04728465
v 0.01275797 0.05620570 -0.04912308
v 0.01071678 0.05291292 -0.04906663
v 0.01267240 0.05291292 -0.04912308
v 0.01106099 0.05620570 -0.04670230
v 0.02040546 0.05620570 -0.04205159
v 0.02040546 0.05614833 -0.04208116
v 0.02040546 0.05552691 -0.04240010
v 0.02040546 0.05407777 -0.04291257
v 0.02040546 0.05319302 -0.04318403
v 0.02040546 0.05291292 -0.04326556
v 0.01081581 0.05291292 -0.04889193
v 0.01075139 0.05297320 -0.04896718
v 0.01128693 0.05620570 -0.04625882
v 0.02040546 0.05620570 -0.04011013
v 0.02040546 0.05291292 -0.04156152
v 0.01136577 0.05291292 -0.04804618
v 0.01220513 0.05613641 -0.04461840
v 0.01219263 0.05620570 -0.04459510
v 0.01171574 0.05620570 -0.04545339
v 0.02028624 0.05620570 -0.04008057
v 0.02036315 0.05291292 -0.04155346
v 0.01197438 0.05291292 -0.04720133
v 0.01223782 0.05620570 -0.04453776
v 0.01213494 0.05291292 -0.04700065
v 0.01270605 0.05291292 -0.04632781
v 0.01319063 0.05620570 -0.04350746
v 0.01883346 0.05620570 -0.03997127
v 0.01906902 0.05291292 -0.04170487
v 0.01328581 0.05291292 -0.04573113
v 0.01359733 0.05620570 -0.04309444
v 0.01800180 0.05620570 -0.04008505
v 0.01883346 0.05291292 -0.04173354
v 0.01420017 0.05291292 -0.04485761
v 0.01478185 0.05291292 -0.04431110
v 0.01629424 0.05291292 -0.04290898
v 0.01369636 0.05620570 -0.04300305
v 0.01777777 0.05620570 -0.04012178
v 0.01736434 0.05620570 -0.04024900
v 0.01767971 0.05291292 -0.04208922
v 0.01656345 0.05291292 -0.04271994
v 0.01591446 0.05620570 -0.04117717
v 0.01461071 0.05620570 -0.04222540
v 0.01740569 0.05291292 -0.04220479
v 0.01748645 0.05291292 -0.04216179
v 0.01758922 0.07711950 -0.03443922
v 0.01808033 0.07703630 -0.03443922
v 0.01758922 0.07689939 -0.03503887
v 0.01758922 0.07541912 -0.03443922
v 0.01850252 0.07681845 -0.03483754
v 0.01867785 0.07691376 -0.03443922
v 0.01758922 0.07642286 -0.03594944
v 0.01758922 0.07249110 -0.03892691
v 0.02360025 0.06939289 -0.03443922
v 0.01944286 0.07660515 -0.03443922
v 0.02415852 0.07385110 -0.03618409
v 0.02360810 0.07362116 -0.03715549
v 0.02199870 0.07362267 -0.03854598
v 0.02164716 0.07335944 -0.03937109
v 0.01888110 0.07565511 -0.03677166
v 0.01842750 0.07534423 -0.03758954
v 0.01758922 0.07590019 -0.03687257
v 0.01758922 0.07220896 -0.03937109
v 0.02425360 0.06939289 -0.03937109
v 0.02564056 0.06939289 -0.03443922
v 0.01948822 0.07658548 -0.03443922
v 0.02465224 0.07403793 -0.03519868
v 0.02513026 0.07362267 -0.03566169
v 0.02465224 0.07336852 -0.03667800
v 0.02315625 0.07270440 -0.03937109
v 0.02315625 0.07334810 -0.03809552
v 0.02151632 0.07339726 -0.03937109
v 0.01758922 0.07541761 -0.03768658
v 0.02029161 0.07366957 -0.03937109
v 0.01914366 0.07390254 -0.03937109
v 0.01758922 0.07414837 -0.03937109
v 0.02621802 0.06939289 -0.03937109
v 0.02596244 0.06939289 -0.03526386
v 0.02598948 0.07010239 -0.03443922
v 0.02525936 0.07400087 -0.03443922
v 0.02548354 0.07383900 -0.03468979
v 0.02552716 0.07240941 -0.03758857
v 0.02343625 0.07254632 -0.03937109
v 0.02604705 0.07017879 -0.03937109
v 0.02645878 0.07011450 -0.03814814
v 0.02645703 0.06939289 -0.03814814
v 0.02633404 0.06939289 -0.03669055
v 0.02625466 0.07011450 -0.03523296
v 0.02633840 0.07157208 -0.03443922
v 0.02549488 0.07385262 -0.03443922
v 0.02584817 0.07309395 -0.03519868
v 0.02574523 0.07264541 -0.03669055
v 0.02587783 0.07158115 -0.03810421
v 0.02564928 0.07110084 -0.03922046
v 0.02504042 0.07207281 -0.03856046
v 0.02473598 0.07167948 -0.03937109
v 0.02574960 0.07079525 -0.03937109
v 0.02634363 0.07157208 -0.03669055
v 0.02644918 0.07157208 -0.03523296
v 0.02649978 0.07011450 -0.03669055
v 0.02591882 0.07305991 -0.03443922
v 0.02525064 0.07128843 -0.03937109
v 0.01194168 0.06865768 -0.03443922
v 0.01190150 0.06865768 -0.03535366
v 0.01018316 0.06865768 -0.03443922
v 0.01758835 0.06358472 -0.03443922
v 0.01172974 0.06865768 -0.03669248
v 0.00954104 0.06865768 -0.03937109
v 0.00954025 0.06861257 -0.03937109
v 0.00963559 0.06735482 -0.03937109
v 0.00968837 0.06719220 -0.03937109
v 0.01018394 0.06865577 -0.03443922
v 0.01758835 0.06216816 -0.03443922
v 0.01758835 0.06354343 -0.03449571
v 0.01135157 0.06865768 -0.03937109
v 0.01222138 0.06216816 -0.03937109
v 0.01065588 0.06763750 -0.03443922
v 0.01039352 0.06816918 -0.03443922
v 0.01758835 0.06216816 -0.03610732
v 0.01492062 0.06216816 -0.03443922
v 0.01758835 0.06326330 -0.03487471
v 0.01758835 0.06300730 -0.03518805
v 0.01758835 0.06220119 -0.03607352
v 0.01431475 0.06216816 -0.03937109
v 0.01257592 0.06216816 -0.03862950
v 0.01333700 0.06374480 -0.03443922
v 0.01254125 0.06476244 -0.03443922
v 0.01183926 0.06575658 -0.03443922
v 0.01146266 0.06630415 -0.03443922
v 0.01108921 0.06690825 -0.03443922
v 0.01462517 0.06239748 -0.03443922
v 0.01469765 0.06216816 -0.03470476
v 0.01379633 0.06216816 -0.03625699
v 0.01385306 0.06216816 -0.03615222
v 0.01363639 0.06342973 -0.03443922
v 0.01418317 0.06216816 -0.03558347
v 0.02937139 0.03392463 0.07035425
v 0.03177037 0.03392463 0.06504157
v 0.03206616 0.03392463 0.07035425
v 0.03125950 0.04226733 0.07035425
v 0.03200203 0.04226733 0.06504157
v 0.03335328 0.03392463 0.06504157
v 0.03232768 0.03392463 0.06979412
v 0.03358881 0.03579308 0.07035425
v 0.03328915 0.04226733 0.07035425
v 0.03397362 0.04226733 0.06504157
v 0.03335328 0.03392463 0.06505821
v 0.03437170 0.03590904 0.06504157
v 0.03237357 0.03392463 0.06969114
v 0.03400016 0.03603726 0.06973171
v 0.03392884 0.03624223 0.07035425
v 0.03393271 0.04123756 0.06973171
v 0.03346994 0.04226733 0.06973171
v 0.03416603 0.04030497 0.07035425
v 0.03387632 0.04226733 0.06681662
v 0.03414668 0.04169814 0.06759571
v 0.03420197 0.04181247 0.06504157
v 0.03334057 0.03392463 0.06535882
v 0.03471062 0.03658358 0.06504157
v 0.03416935 0.03581922 0.06780791
v 0.03265443 0.03392463 0.06885328
v 0.03410189 0.03589925 0.06877995
v 0.03440875 0.03676569 0.06973171
v 0.03415774 0.03656153 0.07035425
v 0.03316973 0.03392463 0.06691752
v 0.03432747 0.04101462 0.06815793
v 0.03423901 0.04050831 0.06973171
v 0.03375523 0.04226733 0.06814856
v 0.03437613 0.03949895 0.07035425
v 0.03454476 0.03949895 0.06973171
v 0.03446182 0.04095664 0.06681662
v 0.03456687 0.04095664 0.06504157
v 0.03459341 0.03658358 0.06681662
v 0.03501969 0.03804208 0.06504157
v 0.03495058 0.03804208 0.06681662
v 0.03488091 0.03804208 0.06827391
v 0.03443252 0.03646517 0.06828587
v 0.03471449 0.03804208 0.06973171
v 0.03449223 0.03750147 0.07035425
v 0.03434903 0.03690370 0.07035425
v 0.03476591 0.03949895 0.06827391
v 0.03446459 0.03883258 0.07035425
v 0.03455692 0.03804208 0.07035425
v 0.03486156 0.03949895 0.06681662
v 0.03485880 0.03981580 0.06504157
v 0.03493454 0.03949895 0.06504157
v 0.00923316 0.07252306 -0.03443922
v 0.00923316 0.07298138 -0.03443922
v 0.00954152 0.06865768 -0.03937109
v 0.00925934 0.07165050 -0.03443922
v 0.00933949 0.07369174 -0.03443922
v 0.00929205 0.07278258 -0.03497851
v 0.00954398 0.06876581 -0.03937109
v 0.01135161 0.06865768 -0.03937109
v 0.01018360 0.06865768 -0.03443922
v 0.00982289 0.06956434 -0.03443922
v 0.00939266 0.07087110 -0.03443922
v 0.00939102 0.07087859 -0.03443922
v 0.00935176 0.07376910 -0.03443922
v 0.00935912 0.07375413 -0.03450150
v 0.00988751 0.07034956 -0.03937109
v 0.01172949 0.06865768 -0.03669248
v 0.01758753 0.07220947 -0.03937109
v 0.01194216 0.06865768 -0.03443922
v 0.00940166 0.07383232 -0.03443922
v 0.01055003 0.07401365 -0.03642646
v 0.01066700 0.07246982 -0.03915190
v 0.01055167 0.07207389 -0.03937109
v 0.01041916 0.07181353 -0.03937109
v 0.01033492 0.07160558 -0.03937109
v 0.01190126 0.06865768 -0.03535366
v 0.01758753 0.07227185 -0.03927212
v 0.01758753 0.07414840 -0.03937109
v 0.01758753 0.07249145 -0.03892691
v 0.01758753 0.07541939 -0.03443922
v 0.01001674 0.07448777 -0.03443922
v 0.01035128 0.07449443 -0.03510646
v 0.01083631 0.07374165 -0.03739786
v 0.01079296 0.07523141 -0.03453627
v 0.01073243 0.07239247 -0.03937109
v 0.01737569 0.07418333 -0.03937109
v 0.01737569 0.07543603 -0.03771120
v 0.01758753 0.07541773 -0.03768658
v 0.01758753 0.07711876 -0.03443922
v 0.01076597 0.07524970 -0.03443922
v 0.01224234 0.07377658 -0.03891919
v 0.01176057 0.07320181 -0.03937109
v 0.01155282 0.07306456 -0.03937109
v 0.01387002 0.07659889 -0.03443922
v 0.01591731 0.07424406 -0.03937109
v 0.01591731 0.07540941 -0.03768948
v 0.01591731 0.07600581 -0.03669055
v 0.01737569 0.07604075 -0.03669055
v 0.01758753 0.07590017 -0.03687257
v 0.01758753 0.07689917 -0.03503887
v 0.01737569 0.07715536 -0.03443922
v 0.01483028 0.07679186 -0.03477960
v 0.01300302 0.07392381 -0.03917073
v 0.01300302 0.07381069 -0.03937109
v 0.01259241 0.07365431 -0.03937109
v 0.01466587 0.07689085 -0.03443922
v 0.01445812 0.07414590 -0.03937109
v 0.01488753 0.07530876 -0.03756008
v 0.01591731 0.07654066 -0.03577080
v 0.01737569 0.07654981 -0.03581426
v 0.01758753 0.07642338 -0.03594944
v 0.01737569 0.07691747 -0.03508522
v 0.01665590 0.07714621 -0.03443922
v 0.01513128 0.07697902 -0.03443922
v 0.01591731 0.07689751 -0.03504176
v 0.01409332 0.07406272 -0.03937109
v 0.01591731 0.07712708 -0.03443922
v 0.03451941 0.01317815 -0.05859077
v 0.03431624 0.01196306 -0.05859077
v 0.03432732 0.01317815 -0.06002925
v 0.03283776 0.01317815 -0.05859077
v 0.03430332 0.01191703 -0.05859077
v 0.03401242 0.01317815 -0.06147469
v 0.03432548 0.01317815 -0.06003919
v 0.02508517 0.00842800 -0.06182363
v 0.02940427 0.00842800 -0.05859077
v 0.02508517 0.01317815 -0.06673057
v 0.03403089 0.01128553 -0.05859077
v 0.03285069 0.01083586 -0.06111980
v 0.03261520 0.01118276 -0.06209204
v 0.03333736 0.01317815 -0.06268950
v 0.03363933 0.01056197 -0.05859077
v 0.02508517 0.00842800 -0.06479702
v 0.03216547 0.00842800 -0.05859077
v 0.02508517 0.01317815 -0.06874464
v 0.03357008 0.01043920 -0.05859077
v 0.03289963 0.00932223 -0.05859077
v 0.03289040 0.00930921 -0.05859077
v 0.03230306 0.00857913 -0.05859077
v 0.03113394 0.00968820 -0.06209403
v 0.03164370 0.01066008 -0.06262389
v 0.03115426 0.01116091 -0.06359613
v 0.03101943 0.01278429 -0.06493620
v 0.03169819 0.01317815 -0.06450276
v 0.03191982 0.01317815 -0.06426716
v 0.03328841 0.01317815 -0.06277698
v 0.03217840 0.00844195 -0.05859077
v 0.03204634 0.01026249 -0.06160691
v 0.02508517 0.00847078 -0.06486363
v 0.02645192 0.00842800 -0.06404845
v 0.03174159 0.00842800 -0.05925385
v 0.02584612 0.01317815 -0.06836986
v 0.02508517 0.01179984 -0.06857564
v 0.03086613 0.00842800 -0.06039509
v 0.03048289 0.00842800 -0.06084542
v 0.03018369 0.00842800 -0.06117248
v 0.03016152 0.00933757 -0.06257717
v 0.02962591 0.00971331 -0.06354941
v 0.03065835 0.01018670 -0.06308615
v 0.03147748 0.00938686 -0.06112179
v 0.03151903 0.00842800 -0.05956600
v 0.03018276 0.01068519 -0.06401068
v 0.02957234 0.01125949 -0.06498192
v 0.03060110 0.01169614 -0.06447294
v 0.03004701 0.01223184 -0.06531793
v 0.02544902 0.01099815 -0.06808455
v 0.03060941 0.01317815 -0.06546208
v 0.02508517 0.00892650 -0.06555652
v 0.02757763 0.00842800 -0.06337444
v 0.02508517 0.01000766 -0.06705565
v 0.02595232 0.01317815 -0.06831717
v 0.02508517 0.01137017 -0.06841062
v 0.02571129 0.01179984 -0.06826150
v 0.02954464 0.00842800 -0.06182760
v 0.02936456 0.00842800 -0.06199859
v 0.02903119 0.00888604 -0.06292908
v 0.02865349 0.00940640 -0.06388641
v 0.02508517 0.01088004 -0.06818695
v 0.03047828 0.01317815 -0.06555652
v 0.02765890 0.00842800 -0.06331878
v 0.02668094 0.01317815 -0.06788275
v 0.02934332 0.01317815 -0.06629515
v 0.02942182 0.01317815 -0.06624743
v 0.02869319 0.00842800 -0.06257617
v 0.02273953 0.07288488 -0.03937109
v 0.02315710 0.07270340 -0.03937109
v 0.02273953 0.07245059 -0.04030874
v 0.02273953 0.07074279 -0.03937109
v 0.02343664 0.07254500 -0.03937109
v 0.02315710 0.07262053 -0.03953530
v 0.02473622 0.07167852 -0.03937109
v 0.02273953 0.07236982 -0.04044309
v 0.02273953 0.06216816 -0.04674446
v 0.02275925 0.06217550 -0.03937109
v 0.02525062 0.07128723 -0.03937109
v 0.02523309 0.07073335 -0.04019305
v 0.02273953 0.07223449 -0.04060263
v 0.02273953 0.06216816 -0.04890245
v 0.02306552 0.06216816 -0.03974522
v 0.02324473 0.06216816 -0.03937109
v 0.02575012 0.07079420 -0.03937109
v 0.02273953 0.07110680 -0.04187616
v 0.02568834 0.06976092 -0.04073605
v 0.02525325 0.06927313 -0.04170822
v 0.02282585 0.06216816 -0.04886793
v 0.02273953 0.06223110 -0.04886047
v 0.02490360 0.06216816 -0.03937109
v 0.02604763 0.07017843 -0.03937109
v 0.02594817 0.07019311 -0.03966685
v 0.02273953 0.07101869 -0.04196852
v 0.02687925 0.06506763 -0.04331761
v 0.02686611 0.06358852 -0.04473482
v 0.02273953 0.07024137 -0.04267479
v 0.02678417 0.06216816 -0.04608764
v 0.02609232 0.06216816 -0.04687601
v 0.02533387 0.06216816 -0.04758788
v 0.02404787 0.06216816 -0.04830348
v 0.02273953 0.06376266 -0.04776514
v 0.02524930 0.06216816 -0.03988237
v 0.02577290 0.06434381 -0.03937109
v 0.02647001 0.06865526 -0.03937109
v 0.02647308 0.06865526 -0.03960621
v 0.02716055 0.06282484 -0.04398003
v 0.02710928 0.06216816 -0.04531233
v 0.02699142 0.06282484 -0.04506696
v 0.02690729 0.06531310 -0.04252271
v 0.02273953 0.06966861 -0.04315061
v 0.02453730 0.06216816 -0.04804224
v 0.02273953 0.06563200 -0.04634048
v 0.02273953 0.06946405 -0.04331761
v 0.02273953 0.06485049 -0.04694785
v 0.02604938 0.06216816 -0.04110738
v 0.02667463 0.06216816 -0.04208514
v 0.02621719 0.06575159 -0.03937109
v 0.02647352 0.06719923 -0.03937109
v 0.02653048 0.06719923 -0.03960621
v 0.02689809 0.06535821 -0.04161305
v 0.02721576 0.06216816 -0.04398003
v 0.02698748 0.06216816 -0.04273543
v 0.02685997 0.06351195 -0.04177353
v 0.02631841 0.06574110 -0.03960621
v 0.02689283 0.06428297 -0.04164291
v 0.02699230 0.06294548 -0.04250872
v 0.01487607 0.05620570 -0.05180843
v 0.01275706 0.05620570 -0.04912308
v 0.01267196 0.05291292 -0.04912308
v 0.01487607 0.05291292 -0.05437465
v 0.01487607 0.05620570 -0.05390531
v 0.01068574 0.05620570 -0.04912308
v 0.01069322 0.05291292 -0.04912308
v 0.01487607 0.05291292 -0.05642315
v 0.01487607 0.05533319 -0.05460716
v 0.01445994 0.05620570 -0.05392047
v 0.01068013 0.05620570 -0.04923138
v 0.01009988 0.05291292 -0.05126905
v 0.01013355 0.05291292 -0.05097589
v 0.01058335 0.05476882 -0.04912308
v 0.01063758 0.05352242 -0.04912308
v 0.01055155 0.05291292 -0.04947256
v 0.01445994 0.05291292 -0.05648019
v 0.01487607 0.05487615 -0.05496602
v 0.01445994 0.05560845 -0.05439703
v 0.01367209 0.05620570 -0.05379628
v 0.01300207 0.05291292 -0.05649969
v 0.01074372 0.05620570 -0.05028921
v 0.01029299 0.05407777 -0.05126905
v 0.01011765 0.05291292 -0.05243374
v 0.01445994 0.05487970 -0.05496891
v 0.01331206 0.05620570 -0.05372335
v 0.01149744 0.05291292 -0.05576101
v 0.01242509 0.05618121 -0.05338181
v 0.01079936 0.05620570 -0.05060909
v 0.01070538 0.05505890 -0.05227922
v 0.01067265 0.05554109 -0.05113258
v 0.01016441 0.05291292 -0.05273123
v 0.01243912 0.05620570 -0.05336376
v 0.01143058 0.05291292 -0.05568520
v 0.01170223 0.05620570 -0.05259548
v 0.01239984 0.05620570 -0.05333271
v 0.01085033 0.05620570 -0.05082859
v 0.01094665 0.05603101 -0.05152755
v 0.01093823 0.05459477 -0.05325040
v 0.01045851 0.05291292 -0.05407066
v 0.01040427 0.05291292 -0.05395369
v 0.01064132 0.05291292 -0.05440425
v 0.01097517 0.05320849 -0.05467864
v 0.01104437 0.05620570 -0.05147123
v 0.01487607 0.05291292 -0.05642338
v 0.01487607 0.05291292 -0.05437464
v 0.01487607 0.05487615 -0.05496632
v 0.01557612 0.05487003 -0.05496060
v 0.02029222 0.05620570 -0.05376008
v 0.02074569 0.05620570 -0.05372292
v 0.02175041 0.05620570 -0.05362717
v 0.01887371 0.05291292 -0.05601749
v 0.01487607 0.05620570 -0.05180852
v 0.02745565 0.05291292 -0.04912379
v 0.01487607 0.05533319 -0.05460688
v 0.01594456 0.05620570 -0.05392230
v 0.02205934 0.05620570 -0.05358929
v 0.02029222 0.05291292 -0.05587028
v 0.01487607 0.05620570 -0.05390586
v 0.02630496 0.05620570 -0.04912379
v 0.02915333 0.05291292 -0.04912379
v 0.02261626 0.05620570 -0.05351212
v 0.02458319 0.05291292 -0.05528646
v 0.02846320 0.05620570 -0.04912379
v 0.02933614 0.05291292 -0.04983695
v 0.02895068 0.05407777 -0.04912379
v 0.02423600 0.05620570 -0.05311266
v 0.02466397 0.05522812 -0.05376151
v 0.02562476 0.05291292 -0.05513925
v 0.02851139 0.05601489 -0.04912379
v 0.02935314 0.05291292 -0.05127257
v 0.02843486 0.05620570 -0.04942963
v 0.02862759 0.05554947 -0.04912379
v 0.02462996 0.05620570 -0.05299475
v 0.02466397 0.05595688 -0.05319126
v 0.02571403 0.05501926 -0.05361002
v 0.02612216 0.05291292 -0.05496989
v 0.02895919 0.05291292 -0.05268176
v 0.02816561 0.05606485 -0.05026428
v 0.02809334 0.05620570 -0.05020568
v 0.02593510 0.05620570 -0.05244023
v 0.02623411 0.05560297 -0.05280252
v 0.02668616 0.05468083 -0.05335133
v 0.02646935 0.05291292 -0.05483555
v 0.02831866 0.05291292 -0.05355857
v 0.02792612 0.05620570 -0.05043221
v 0.02669892 0.05620570 -0.05193858
v 0.02675418 0.05618701 -0.05191928
v 0.02761295 0.05291292 -0.05417383
v 0.02758744 0.05291292 -0.05419027
v 0.02740747 0.05620570 -0.05113466
v 0.02674285 0.05620570 -0.05190714
f 1 2 3
f 1 3 4
f 1 4 5
f 1 5 6
f 1 6 17
f 1 17 16
f 1 16 15
f 1 15 38
f 1 38 31
f 1 31 30
f 1 30 29
f 1 29 37
f 1 37 36
f 1 36 35
f 1 35 34
f 1 34 33
f 1 33 32
f 1 32 53
f 1 53 84
f 1 84 91
f 1 91 90
f 1 90 89
f 1 89 88
f 1 88 86
f 1 86 55
f 1 55 39
f 1 39 18
f 1 18 7
f 1 7 19
f 1 19 40
f 1 40 60
f 1 60 97
f 1 97 136
f 1 136 144
f 1 144 146
f 1 146 140
f 1 140 139
f 1 139 115
f 1 115 113
f 1 113 110
f 1 110 69
f 1 69 68
f 1 68 109
f 1 109 66
f 1 66 42
f 1 42 23
f 1 23 22
f 1 22 20
f 1 20 8
f 1 8 2
f 2 8 3
f 3 8 9
f 3 9 10
f 3 10 11
f 3 11 4
f 4 11 12
f 4 12 5
f 5 13 14
f 5 14 15
f 5 15 16
f 5 16 17
f 5 17 6
f 5 12 13
f 7 18 19
f 8 20 9
f 9 11 10
f 9 20 11
f 11 21 12
f 11 20 22
f 11 22 23
f 11 23 24
f 11 24 25
f 11 25 26
f 11 26 27
f 11 27 21
f 12 21 28
f 12 28 13
f 13 29 30
f 13 30 31
f 13 31 14
f 13 28 32
f 13 32 33
f 13 33 34
f 13 34 35
f 13 35 36
f 13 36 37
f 13 37 29
f 14 31 38
f 14 38 15
f 18 39 54
f 18 54 85
f 18 85 100
f 18 100 98
f 18 98 61
f 18 61 40
f 18 40 19
f 21 27 41
f 21 41 28
f 23 42 24
f 24 42 43
f 24 43 25
f 25 44 26
f 25 43 44
f 26 45 27
f 26 44 46
f 26 46 47
f 26 47 48
f 26 48 45
f 27 45 41
f 28 41 49
f 28 49 50
f 28 50 51
f 28 51 32
f 32 52 53
f 32 51 52
f 39 55 56
f 39 56 57
f 39 57 58
f 39 58 59
f 39 59 54
f 40 61 62
f 40 62 63
f 40 63 64
f 40 64 60
f 41 45 65
f 41 65 49
f 42 66 44
f 42 44 43
f 44 66 67
f 44 67 68
f 44 68 69
f 44 69 70
f 44 70 46
f 45 48 47
f 45 47 71
f 45 71 65
f 46 70 72
f 46 72 73
f 46 73 74
f 46 74 75
f 46 75 47
f 47 75 76
f 47 76 77
f 47 77 78
f 47 78 71
f 49 65 79
f 49 79 50
f 50 79 80
f 50 80 51
f 51 80 81
f 51 81 82
f 51 82 52
f 52 82 53
f 53 82 83
f 53 83 84
f 54 59 85
f 55 86 56
f 56 87 58
f 56 58 57
f 56 86 88
f 56 88 89
f 56 89 90
f 56 90 91
f 56 91 92
f 56 92 87
f 58 93 59
f 58 87 92
f 58 92 94
f 58 94 93
f 59 93 95
f 59 95 96
f 59 96 85
f 60 64 97
f 61 98 62
f 62 99 63
f 62 98 100
f 62 100 99
f 63 99 101
f 63 101 102
f 63 102 103
f 63 103 104
f 63 104 105
f 63 105 106
f 63 106 64
f 64 106 107
f 64 107 108
f 64 108 97
f 65 71 79
f 66 109 67
f 67 109 68
f 69 110 72
f 69 72 70
f 71 78 111
f 71 111 112
f 71 112 79
f 72 110 73
f 73 113 74
f 73 110 113
f 74 114 75
f 74 113 115
f 74 115 116
f 74 116 117
f 74 117 118
f 74 118 114
f 75 114 76
f 76 114 77
f 77 119 78
f 77 114 120
f 77 120 119
f 78 119 121
f 78 121 122
f 78 122 111
f 79 112 80
f 80 111 123
f 80 123 124
f 80 124 81
f 80 112 111
f 81 125 126
f 81 126 127
f 81 127 82
f 81 124 125
f 82 127 83
f 83 127 84
f 84 127 126
f 84 126 91
f 85 96 128
f 85 128 99
f 85 99 100
f 91 126 129
f 91 129 130
f 91 130 92
f 92 130 129
f 92 129 131
f 92 131 94
f 93 94 132
f 93 132 95
f 94 131 133
f 94 133 132
f 95 132 133
f 95 133 124
f 95 124 134
f 95 134 135
f 95 135 96
f 96 101 128
f 96 135 123
f 96 123 122
f 96 122 121
f 96 121 101
f 97 108 136
f 99 128 101
f 101 121 120
f 101 120 118
f 101 118 102
f 102 118 117
f 102 117 103
f 103 117 104
f 104 117 137
f 104 137 105
f 105 137 138
f 105 138 106
f 106 138 108
f 106 108 107
f 108 138 136
f 111 122 123
f 114 118 120
f 115 139 116
f 116 139 140
f 116 140 141
f 116 141 117
f 117 141 137
f 119 120 121
f 123 135 124
f 124 133 142
f 124 142 125
f 124 135 134
f 125 142 143
f 125 143 131
f 125 131 129
f 125 129 126
f 131 143 133
f 133 143 142
f 136 138 145
f 136 145 144
f 137 141 138
f 138 141 140
f 138 140 146
f 138 146 145
f 144 145 146
f 147 148 151
f 147 151 155
f 147 155 164
f 147 164 183
f 147 183 212
f 147 212 247
f 147 247 221
f 147 221 190
f 147 190 167
f 147 167 157
f 147 157 152
f 147 152 149
f 147 149 153
f 147 153 160
f 147 160 173
f 147 173 172
f 147 172 199
f 147 199 233
f 147 233 234
f 147 234 201
f 147 201 200
f 147 200 176
f 147 176 162
f 147 162 154
f 147 154 150
f 147 150 148
f 148 150 154
f 148 154 161
f 148 161 174
f 148 174 181
f 148 181 210
f 148 210 207
f 148 207 242
f 148 242 241
f 148 241 265
f 148 265 264
f 148 264 263
f 148 263 272
f 148 272 277
f 148 277 276
f 148 276 275
f 148 275 281
f 148 281 280
f 148 280 279
f 148 279 278
f 148 278 269
f 148 269 255
f 148 255 254
f 148 254 220
f 148 220 188
f 148 188 166
f 148 166 156
f 148 156 151
f 149 152 153
f 151 156 155
f 152 157 153
f 153 158 159
f 153 159 160
f 153 157 158
f 154 162 163
f 154 163 161
f 155 156 164
f 156 165 164
f 156 166 165
f 157 167 168
f 157 168 169
f 157 169 159
f 157 159 158
f 159 169 170
f 159 170 171
f 159 171 172
f 159 172 173
f 159 173 160
f 161 163 174
f 162 175 163
f 162 176 177
f 162 177 175
f 163 178 179
f 163 179 180
f 163 180 181
f 163 181 174
f 163 175 177
f 163 177 182
f 163 182 178
f 164 165 184
f 164 184 185
f 164 185 183
f 165 166 186
f 165 186 187
f 165 187 184
f 166 188 189
f 166 189 186
f 167 190 191
f 167 191 192
f 167 192 193
f 167 193 168
f 168 193 192
f 168 192 194
f 168 194 195
f 168 195 170
f 168 170 169
f 170 196 171
f 170 195 197
f 170 197 196
f 171 196 198
f 171 198 199
f 171 199 172
f 176 200 177
f 177 201 202
f 177 202 203
f 177 203 182
f 177 200 201
f 178 182 204
f 178 204 205
f 178 205 206
f 178 206 207
f 178 207 208
f 178 208 179
f 179 208 209
f 179 209 180
f 180 209 181
f 181 209 208
f 181 208 210
f 182 203 211
f 182 211 204
f 183 185 197
f 183 197 213
f 183 213 212
f 184 187 214
f 184 214 215
f 184 215 185
f 185 215 214
f 185 214 216
f 185 216 197
f 186 189 187
f 187 217 214
f 187 189 218
f 187 218 219
f 187 219 217
f 188 220 189
f 189 220 218
f 190 221 222
f 190 222 223
f 190 223 191
f 191 223 224
f 191 224 192
f 192 224 194
f 194 224 223
f 194 223 222
f 194 222 225
f 194 225 195
f 195 225 226
f 195 226 227
f 195 227 197
f 196 197 228
f 196 228 229
f 196 229 230
f 196 230 231
f 196 231 232
f 196 232 198
f 197 216 228
f 197 227 213
f 198 232 233
f 198 233 199
f 201 234 202
f 202 234 233
f 202 233 232
f 202 232 203
f 203 232 235
f 203 235 236
f 203 236 237
f 203 237 211
f 204 211 205
f 205 238 239
f 205 239 240
f 205 240 206
f 205 211 238
f 206 240 241
f 206 241 242
f 206 242 207
f 207 210 208
f 211 243 244
f 211 244 238
f 211 237 245
f 211 245 246
f 211 246 243
f 212 213 247
f 213 227 248
f 213 248 247
f 214 217 216
f 216 217 249
f 216 249 250
f 216 250 228
f 217 219 251
f 217 251 252
f 217 252 253
f 217 253 249
f 218 254 255
f 218 255 219
f 218 220 254
f 219 255 256
f 219 256 251
f 221 247 248
f 221 248 222
f 222 248 257
f 222 257 258
f 222 258 225
f 225 258 226
f 226 258 257
f 226 257 227
f 227 257 248
f 228 250 229
f 229 250 230
f 230 259 260
f 230 260 236
f 230 236 231
f 230 250 259
f 231 236 232
f 232 236 235
f 236 260 245
f 236 245 237
f 238 244 261
f 238 261 239
f 239 261 262
f 239 262 263
f 239 263 264
f 239 264 240
f 240 264 265
f 240 265 241
f 243 266 267
f 243 267 268
f 243 268 261
f 243 261 244
f 243 246 266
f 245 260 259
f 245 259 253
f 245 253 246
f 246 253 251
f 246 251 266
f 249 253 259
f 249 259 250
f 251 256 266
f 251 253 252
f 255 269 270
f 255 270 256
f 256 270 271
f 256 271 266
f 261 268 272
f 261 272 262
f 262 272 263
f 266 271 267
f 267 271 273
f 267 273 274
f 267 274 275
f 267 275 276
f 267 276 277
f 267 277 272
f 267 272 268
f 269 278 270
f 270 278 271
f 271 278 273
f 273 278 279
f 273 279 274
f 274 279 280
f 274 280 281
f 274 281 275
f 282 283 284
f 282 284 288
f 282 288 296
f 282 296 295
f 282 295 307
f 282 307 320
f 282 320 338
f 282 338 344
f 282 344 343
f 282 343 342
f 282 342 341
f 282 341 325
f 282 325 313
f 282 313 303
f 282 303 290
f 282 290 285
f 282 285 289
f 282 289 300
f 282 300 309
f 282 309 311
f 282 311 304
f 282 304 292
f 282 292 286
f 282 286 283
f 283 286 284
f 284 286 287
f 284 287 288
f 285 290 291
f 285 291 289
f 286 292 293
f 286 293 294
f 286 294 287
f 287 295 296
f 287 296 288
f 287 294 297
f 287 297 298
f 287 298 299
f 287 299 295
f 289 291 301
f 289 301 302
f 289 302 300
f 290 303 312
f 290 312 323
f 290 323 340
f 290 340 360
f 290 360 359
f 290 359 358
f 290 358 357
f 290 357 332
f 290 332 318
f 290 318 310
f 290 310 302
f 290 302 301
f 290 301 291
f 292 304 318
f 292 318 332
f 292 332 353
f 292 353 352
f 292 352 351
f 292 351 350
f 292 350 349
f 292 349 348
f 292 348 347
f 292 347 346
f 292 346 345
f 292 345 356
f 292 356 367
f 292 367 366
f 292 366 365
f 292 365 364
f 292 364 363
f 292 363 362
f 292 362 361
f 292 361 335
f 292 335 334
f 292 334 333
f 292 333 339
f 292 339 321
f 292 321 308
f 292 308 298
f 292 298 297
f 292 297 305
f 292 305 293
f 293 305 294
f 294 305 297
f 295 299 306
f 295 306 307
f 298 308 299
f 299 308 306
f 300 302 309
f 302 310 311
f 302 311 309
f 303 313 314
f 303 314 315
f 303 315 316
f 303 316 317
f 303 317 312
f 304 311 318
f 306 319 320
f 306 320 307
f 306 308 321
f 306 321 322
f 306 322 319
f 310 318 311
f 312 317 324
f 312 324 323
f 313 325 314
f 314 325 326
f 314 326 327
f 314 327 315
f 315 327 328
f 315 328 329
f 315 329 330
f 315 330 331
f 315 331 316
f 316 331 324
f 316 324 317
f 319 322 333
f 319 333 334
f 319 334 335
f 319 335 336
f 319 336 320
f 320 336 337
f 320 337 338
f 321 339 322
f 322 339 333
f 323 324 340
f 324 331 340
f 325 341 326
f 326 341 342
f 326 342 343
f 326 343 344
f 326 344 327
f 327 344 337
f 327 337 328
f 328 345 346
f 328 346 347
f 328 347 348
f 328 348 349
f 328 349 350
f 328 350 351
f 328 351 352
f 328 352 353
f 328 353 329
f 328 337 354
f 328 354 355
f 328 355 356
f 328 356 345
f 329 353 332
f 329 332 357
f 329 357 358
f 329 358 359
f 329 359 360
f 329 360 340
f 329 340 330
f 330 340 331
f 335 361 354
f 335 354 337
f 335 337 336
f 337 344 338
f 354 361 355
f 355 361 362
f 355 362 363
f 355 363 364
f 355 364 365
f 355 365 366
f 355 366 367
f 355 367 356
f 368 369 370
f 368 370 371
f 368 371 372
f 368 372 373
f 368 373 374
f 368 374 375
f 368 375 376
f 368 376 377
f 368 377 369
f 369 377 370
f 370 377 378
f 370 378 379
f 370 379 380
f 370 380 381
f 370 381 371
f 371 381 380
f 371 380 392
f 371 392 403
f 371 403 418
f 371 418 436
f 371 436 438
f 371 438 421
f 371 421 420
f 371 420 409
f 371 409 397
f 371 397 396
f 371 396 393
f 371 393 382
f 371 382 373
f 371 373 372
f 373 382 383
f 373 383 384
f 373 384 385
f 373 385 374
f 374 386 375
f 374 385 386
f 375 386 387
f 375 387 388
f 375 388 389
f 375 389 376
f 376 389 388
f 376 388 387
f 376 387 400
f 376 400 413
f 376 413 431
f 376 431 450
f 376 450 462
f 376 462 461
f 376 461 460
f 376 460 465
f 376 465 464
f 376 464 463
f 376 463 451
f 376 451 432
f 376 432 414
f 376 414 401
f 376 401 390
f 376 390 377
f 377 390 402
f 377 402 417
f 377 417 416
f 377 416 404
f 377 404 392
f 377 392 380
f 377 380 379
f 377 379 391
f 377 391 378
f 378 391 379
f 382 393 383
f 383 394 395
f 383 395 384
f 383 393 396
f 383 396 397
f 383 397 394
f 384 395 385
f 385 395 398
f 385 398 386
f 386 398 399
f 386 399 387
f 387 399 400
f 390 401 402
f 392 404 403
f 394 405 395
f 394 397 405
f 395 405 406
f 395 406 407
f 395 407 408
f 395 408 398
f 397 409 405
f 398 408 410
f 398 410 411
f 398 411 399
f 399 411 412
f 399 412 413
f 399 413 400
f 401 414 435
f 401 435 454
f 401 454 447
f 401 447 457
f 401 457 437
f 401 437 418
f 401 418 403
f 401 403 415
f 401 415 416
f 401 416 417
f 401 417 402
f 403 404 416
f 403 416 415
f 405 419 406
f 405 409 420
f 405 420 421
f 405 421 419
f 406 419 422
f 406 422 423
f 406 423 424
f 406 424 425
f 406 425 426
f 406 426 407
f 407 426 427
f 407 427 408
f 408 427 410
f 410 427 411
f 411 427 428
f 411 428 412
f 412 428 429
f 412 429 430
f 412 430 431
f 412 431 413
f 414 432 433
f 414 433 434
f 414 434 435
f 418 437 436
f 419 421 438
f 419 438 422
f 422 438 439
f 422 439 440
f 422 440 441
f 422 441 423
f 423 441 442
f 423 442 443
f 423 443 425
f 423 425 424
f 425 443 444
f 425 444 445
f 425 445 446
f 425 446 447
f 425 447 448
f 425 448 426
f 426 448 427
f 427 448 449
f 427 449 429
f 427 429 428
f 429 449 450
f 429 450 430
f 430 450 431
f 432 451 452
f 432 452 453
f 432 453 448
f 432 448 433
f 433 448 454
f 433 454 434
f 434 455 435
f 434 454 455
f 435 455 454
f 436 456 439
f 436 439 438
f 436 437 441
f 436 441 456
f 437 457 446
f 437 446 442
f 437 442 441
f 439 456 440
f 440 456 441
f 442 446 445
f 442 445 443
f 443 445 444
f 446 457 447
f 447 454 448
f 448 453 452
f 448 452 458
f 448 458 459
f 448 459 449
f 449 459 460
f 449 460 461
f 449 461 462
f 449 462 450
f 451 463 458
f 451 458 452
f 458 463 464
f 458 464 459
f 459 464 465
f 459 465 460
f 466 467 468
f 466 468 469
f 466 469 477
f 466 477 470
f 466 470 478
f 466 478 502
f 466 502 517
f 466 517 529
f 466 529 536
f 466 536 543
f 466 543 546
f 466 546 550
f 466 550 544
f 466 544 537
f 466 537 531
f 466 531 530
f 466 530 518
f 466 518 503
f 466 503 483
f 466 483 482
f 466 482 481
f 466 481 480
f 466 480 479
f 466 479 471
f 466 471 467
f 467 471 472
f 467 472 473
f 467 473 474
f 467 474 468
f 468 475 469
f 468 474 476
f 468 476 475
f 469 475 487
f 469 487 477
f 470 477 478
f 471 479 472
f 472 479 473
f 473 480 481
f 473 481 482
f 473 482 483
f 473 483 484
f 473 484 474
f 473 479 480
f 474 484 485
f 474 485 476
f 475 486 511
f 475 511 487
f 475 476 486
f 476 485 488
f 476 488 489
f 476 489 486
f 477 487 490
f 477 490 491
f 477 491 492
f 477 492 493
f 477 493 494
f 477 494 495
f 477 495 496
f 477 496 497
f 477 497 498
f 477 498 499
f 477 499 500
f 477 500 501
f 477 501 502
f 477 502 478
f 483 503 504
f 483 504 505
f 483 505 484
f 484 505 485
f 485 505 506
f 485 506 507
f 485 507 508
f 485 508 488
f 486 509 510
f 486 510 511
f 486 489 512
f 486 512 513
f 486 513 514
f 486 514 509
f 487 511 490
f 488 512 489
f 488 508 515
f 488 515 512
f 490 511 510
f 490 510 491
f 491 516 517
f 491 517 502
f 491 502 501
f 491 501 500
f 491 500 499
f 491 499 498
f 491 498 497
f 491 497 496
f 491 496 495
f 491 495 494
f 491 494 493
f 491 493 492
f 491 510 509
f 491 509 514
f 491 514 513
f 491 513 524
f 491 524 534
f 491 534 541
f 491 541 549
f 491 549 548
f 491 548 547
f 491 547 542
f 491 542 535
f 491 535 528
f 491 528 527
f 491 527 526
f 491 526 525
f 491 525 516
f 503 518 519
f 503 519 504
f 504 520 521
f 504 521 522
f 504 522 506
f 504 506 505
f 504 519 518
f 504 518 520
f 506 522 523
f 506 523 507
f 507 523 524
f 507 524 508
f 508 524 515
f 512 515 513
f 513 515 524
f 516 525 517
f 517 525 526
f 517 526 527
f 517 527 528
f 517 528 529
f 518 530 520
f 520 530 531
f 520 531 532
f 520 532 533
f 520 533 521
f 521 533 534
f 521 534 522
f 522 534 523
f 523 534 524
f 528 535 529
f 529 535 536
f 531 537 538
f 531 538 532
f 532 538 533
f 533 538 534
f 534 538 539
f 534 539 540
f 534 540 541
f 535 542 536
f 536 542 543
f 537 544 538
f 538 544 539
f 539 544 540
f 540 545 546
f 540 546 543
f 540 543 547
f 540 547 548
f 540 548 549
f 540 549 541
f 540 544 545
f 542 547 543
f 544 550 545
f 545 550 546
f 551 552 553
f 551 553 554
f 551 554 555
f 551 555 556
f 551 556 557
f 551 557 558
f 551 558 566
f 551 566 575
f 551 575 592
f 551 592 613
f 551 613 634
f 551 634 636
f 551 636 616
f 551 616 615
f 551 615 594
f 551 594 579
f 551 579 578
f 551 578 577
f 551 577 567
f 551 567 559
f 551 559 570
f 551 570 589
f 551 589 588
f 551 588 608
f 551 608 628
f 551 628 627
f 551 627 629
f 551 629 630
f 551 630 633
f 551 633 611
f 551 611 591
f 551 591 571
f 551 571 560
f 551 560 561
f 551 561 562
f 551 562 563
f 551 563 564
f 551 564 565
f 551 565 552
f 552 565 564
f 552 564 563
f 552 563 562
f 552 562 561
f 552 561 574
f 552 574 573
f 552 573 572
f 552 572 576
f 552 576 566
f 552 566 558
f 552 558 557
f 552 557 556
f 552 556 555
f 552 555 554
f 552 554 553
f 559 567 568
f 559 568 569
f 559 569 570
f 560 571 590
f 560 590 609
f 560 609 631
f 560 631 645
f 560 645 642
f 560 642 622
f 560 622 641
f 560 641 638
f 560 638 648
f 560 648 647
f 560 647 646
f 560 646 635
f 560 635 614
f 560 614 593
f 560 593 576
f 560 576 572
f 560 572 573
f 560 573 574
f 560 574 561
f 566 576 575
f 567 577 568
f 568 577 578
f 568 578 579
f 568 579 580
f 568 580 581
f 568 581 582
f 568 582 583
f 568 583 584
f 568 584 585
f 568 585 586
f 568 586 587
f 568 587 569
f 569 587 588
f 569 588 589
f 569 589 570
f 571 591 590
f 575 576 592
f 576 593 592
f 579 594 580
f 580 594 595
f 580 595 581
f 581 596 582
f 581 595 597
f 581 597 598
f 581 598 599
f 581 599 600
f 581 600 601
f 581 601 602
f 581 602 596
f 582 596 583
f 583 603 604
f 583 604 605
f 583 605 585
f 583 585 584
f 583 596 603
f 585 606 586
f 585 605 607
f 585 607 606
f 586 606 587
f 587 606 608
f 587 608 588
f 590 591 610
f 590 610 609
f 591 611 612
f 591 612 610
f 592 593 614
f 592 614 613
f 594 615 595
f 595 615 616
f 595 616 597
f 596 602 603
f 597 616 617
f 597 617 618
f 597 618 619
f 597 619 599
f 597 599 598
f 599 619 600
f 600 602 601
f 600 619 620
f 600 620 621
f 600 621 602
f 602 621 622
f 602 622 623
f 602 623 624
f 602 624 625
f 602 625 604
f 602 604 603
f 604 625 626
f 604 626 605
f 605 626 612
f 605 612 607
f 606 627 628
f 606 628 608
f 606 607 629
f 606 629 627
f 607 630 629
f 607 612 630
f 609 610 631
f 610 632 631
f 610 612 626
f 610 626 632
f 611 633 612
f 612 633 630
f 613 614 634
f 614 635 634
f 616 636 637
f 616 637 617
f 617 637 638
f 617 638 618
f 618 638 639
f 618 639 622
f 618 622 621
f 618 621 619
f 619 621 620
f 622 639 640
f 622 640 641
f 622 642 623
f 623 642 643
f 623 643 644
f 623 644 624
f 624 644 643
f 624 643 645
f 624 645 631
f 624 631 632
f 624 632 626
f 624 626 625
f 634 635 646
f 634 646 636
f 636 646 647
f 636 647 648
f 636 648 637
f 637 648 638
f 638 641 640
f 638 640 639
f 642 645 643
f 649 650 656
f 649 656 674
f 649 674 673
f 649 673 672
f 649 672 688
f 649 688 687
f 649 687 686
f 649 686 685
f 649 685 684
f 649 684 683
f 649 683 682
f 649 682 689
f 649 689 675
f 649 675 657
f 649 657 651
f 649 651 669
f 649 669 678
f 649 678 695
f 649 695 696
f 649 696 680
f 649 680 670
f 649 670 652
f 649 652 653
f 649 653 654
f 649 654 655
f 649 655 650
f 650 655 656
f 651 657 658
f 651 658 659
f 651 659 660
f 651 660 661
f 651 661 662
f 651 662 663
f 651 663 664
f 651 664 665
f 651 665 666
f 651 666 667
f 651 667 668
f 651 668 669
f 652 670 679
f 652 679 693
f 652 693 692
f 652 692 691
f 652 691 690
f 652 690 681
f 652 681 671
f 652 671 655
f 652 655 654
f 652 654 653
f 655 671 672
f 655 672 673
f 655 673 674
f 655 674 656
f 657 675 693
f 657 693 679
f 657 679 694
f 657 694 677
f 657 677 676
f 657 676 668
f 657 668 667
f 657 667 666
f 657 666 665
f 657 665 664
f 657 664 663
f 657 663 662
f 657 662 661
f 657 661 660
f 657 660 659
f 657 659 658
f 668 676 669
f 669 676 677
f 669 677 678
f 670 680 679
f 671 681 682
f 671 682 683
f 671 683 684
f 671 684 685
f 671 685 686
f 671 686 687
f 671 687 688
f 671 688 672
f 675 689 690
f 675 690 691
f 675 691 692
f 675 692 693
f 677 694 678
f 678 694 679
f 678 679 695
f 679 680 696
f 679 696 695
f 681 690 689
f 681 689 682
f 697 698 699
f 697 699 700
f 697 700 709
f 697 709 723
f 697 723 740
f 697 740 742
f 697 742 757
f 697 757 745
f 697 745 728
f 697 728 725
f 697 725 710
f 697 710 701
f 697 701 715
f 697 715 730
f 697 730 750
f 697 750 751
f 697 751 734
f 697 734 733
f 697 733 718
f 697 718 702
f 697 702 703
f 697 703 704
f 697 704 698
f 698 704 705
f 698 705 706
f 698 706 707
f 698 707 708
f 698 708 722
f 698 722 739
f 698 739 755
f 698 755 762
f 698 762 764
f 698 764 763
f 698 763 758
f 698 758 743
f 698 743 724
f 698 724 709
f 698 709 700
f 698 700 699
f 701 710 711
f 701 711 712
f 701 712 713
f 701 713 714
f 701 714 715
f 702 716 717
f 702 717 706
f 702 706 703
f 702 718 719
f 702 719 720
f 702 720 716
f 703 706 704
f 704 706 705
f 706 717 720
f 706 720 708
f 706 708 707
f 708 720 721
f 708 721 722
f 709 724 723
f 710 725 712
f 710 712 711
f 712 726 731
f 712 731 727
f 712 727 714
f 712 714 713
f 712 725 728
f 712 728 726
f 714 727 715
f 715 729 730
f 715 727 731
f 715 731 732
f 715 732 729
f 716 720 717
f 718 733 719
f 719 733 720
f 720 733 721
f 721 733 734
f 721 734 735
f 721 735 736
f 721 736 737
f 721 737 738
f 721 738 722
f 722 738 737
f 722 737 736
f 722 736 735
f 722 735 751
f 722 751 750
f 722 750 761
f 722 761 752
f 722 752 739
f 723 724 740
f 724 741 742
f 724 742 740
f 724 743 741
f 726 744 731
f 726 728 744
f 728 745 744
f 729 746 747
f 729 747 748
f 729 748 730
f 729 732 749
f 729 749 746
f 730 748 750
f 731 744 732
f 732 744 749
f 734 751 735
f 739 752 753
f 739 753 754
f 739 754 755
f 741 743 749
f 741 749 756
f 741 756 742
f 742 756 744
f 742 744 757
f 743 758 746
f 743 746 749
f 744 756 749
f 744 745 757
f 746 758 747
f 747 759 755
f 747 755 754
f 747 754 753
f 747 753 760
f 747 760 750
f 747 750 748
f 747 758 759
f 750 753 761
f 750 760 753
f 752 761 753
f 755 759 762
f 758 763 759
f 759 763 764
f 759 764 762
f 765 766 767
f 765 767 768
f 765 768 769
f 765 769 770
f 765 770 771
f 765 771 772
f 765 772 773
f 765 773 774
f 765 774 775
f 765 775 766
f 766 775 776
f 766 776 777
f 766 777 778
f 766 778 767
f 767 779 768
f 767 778 780
f 767 780 779
f 768 779 781
f 768 781 782
f 768 782 769
f 769 782 783
f 769 783 784
f 769 784 770
f 770 784 785
f 770 785 786
f 770 786 787
f 770 787 772
f 770 772 771
f 772 787 786
f 772 786 802
f 772 802 801
f 772 801 813
f 772 813 798
f 772 798 812
f 772 812 818
f 772 818 803
f 772 803 788
f 772 788 776
f 772 776 774
f 772 774 773
f 774 776 775
f 776 788 804
f 776 804 821
f 776 821 820
f 776 820 825
f 776 825 824
f 776 824 822
f 776 822 805
f 776 805 790
f 776 790 780
f 776 780 778
f 776 778 777
f 779 789 781
f 779 780 789
f 780 790 806
f 780 806 823
f 780 823 846
f 780 846 854
f 780 854 853
f 780 853 850
f 780 850 827
f 780 827 808
f 780 808 795
f 780 795 794
f 780 794 793
f 780 793 791
f 780 791 781
f 780 781 789
f 781 791 782
f 782 792 783
f 782 791 793
f 782 793 794
f 782 794 795
f 782 795 792
f 783 796 797
f 783 797 798
f 783 798 799
f 783 799 784
f 783 792 800
f 783 800 796
f 784 799 801
f 784 801 802
f 784 802 785
f 785 802 786
f 788 803 804
f 790 805 806
f 792 795 807
f 792 807 800
f 795 808 807
f 796 800 797
f 797 800 809
f 797 809 810
f 797 810 811
f 797 811 798
f 798 813 799
f 798 811 814
f 798 814 812
f 799 813 801
f 800 807 815
f 800 815 816
f 800 816 817
f 800 817 809
f 803 818 834
f 803 834 833
f 803 833 832
f 803 832 831
f 803 831 842
f 803 842 841
f 803 841 840
f 803 840 839
f 803 839 838
f 803 838 847
f 803 847 823
f 803 823 806
f 803 806 826
f 803 826 819
f 803 819 820
f 803 820 821
f 803 821 804
f 805 822 806
f 806 822 824
f 806 824 825
f 806 825 820
f 806 820 826
f 807 808 827
f 807 827 828
f 807 828 815
f 809 817 810
f 810 814 811
f 810 817 829
f 810 829 830
f 810 830 814
f 812 831 832
f 812 832 833
f 812 833 834
f 812 834 818
f 812 814 835
f 812 835 836
f 812 836 837
f 812 837 838
f 812 838 839
f 812 839 840
f 812 840 841
f 812 841 842
f 812 842 831
f 814 843 836
f 814 836 835
f 814 830 844
f 814 844 843
f 815 828 816
f 816 828 845
f 816 845 817
f 817 845 829
f 819 826 820
f 823 847 848
f 823 848 849
f 823 849 846
f 827 850 828
f 828 850 845
f 829 845 849
f 829 849 848
f 829 848 844
f 829 844 830
f 836 843 851
f 836 851 852
f 836 852 837
f 837 852 838
f 838 852 847
f 843 844 851
f 844 848 851
f 845 850 853
f 845 853 854
f 845 854 846
f 845 846 849
f 847 852 851
f 847 851 848
f 855 856 860
f 855 860 864
f 855 864 878
f 855 878 890
f 855 890 889
f 855 889 888
f 855 888 887
f 855 887 897
f 855 897 896
f 855 896 902
f 855 902 901
f 855 901 900
f 855 900 899
f 855 899 898
f 855 898 894
f 855 894 876
f 855 876 869
f 855 869 862
f 855 862 857
f 855 857 858
f 855 858 859
f 855 859 856
f 856 859 861
f 856 861 860
f 857 862 858
f 858 863 874
f 858 874 892
f 858 892 885
f 858 885 884
f 858 884 883
f 858 883 882
f 858 882 881
f 858 881 880
f 858 880 879
f 858 879 868
f 858 868 861
f 858 861 859
f 858 862 869
f 858 869 891
f 858 891 895
f 858 895 893
f 858 893 875
f 858 875 863
f 860 861 865
f 860 865 866
f 860 866 867
f 860 867 864
f 861 868 865
f 863 870 871
f 863 871 872
f 863 872 873
f 863 873 874
f 863 875 876
f 863 876 877
f 863 877 870
f 864 867 878
f 865 868 866
f 866 868 879
f 866 879 880
f 866 880 881
f 866 881 882
f 866 882 883
f 866 883 867
f 867 883 884
f 867 884 885
f 867 885 886
f 867 886 887
f 867 887 888
f 867 888 889
f 867 889 890
f 867 890 878
f 869 876 891
f 870 877 876
f 870 876 894
f 870 894 892
f 870 892 874
f 870 874 873
f 870 873 872
f 870 872 871
f 875 893 876
f 876 893 895
f 876 895 891
f 885 892 896
f 885 896 897
f 885 897 886
f 886 897 887
f 892 894 898
f 892 898 899
f 892 899 900
f 892 900 901
f 892 901 902
f 892 902 896
f 903 904 912
f 903 912 925
f 903 925 943
f 903 943 960
f 903 960 987
f 903 987 997
f 903 997 970
f 903 970 969
f 903 969 968
f 903 968 947
f 903 947 930
f 903 930 914
f 903 914 905
f 903 905 906
f 903 906 907
f 903 907 908
f 903 908 909
f 903 909 910
f 903 910 911
f 903 911 924
f 903 924 928
f 903 928 927
f 903 927 926
f 903 926 913
f 903 913 904
f 904 913 912
f 905 914 915
f 905 915 906
f 906 916 917
f 906 917 907
f 906 915 916
f 907 917 916
f 907 916 918
f 907 918 919
f 907 919 920
f 907 920 921
f 907 921 922
f 907 922 923
f 907 923 908
f 908 923 911
f 908 911 909
f 909 911 910
f 911 923 922
f 911 922 921
f 911 921 941
f 911 941 959
f 911 959 958
f 911 958 957
f 911 957 986
f 911 986 1004
f 911 1004 1003
f 911 1003 1028
f 911 1028 1034
f 911 1034 1032
f 911 1032 1011
f 911 1011 993
f 911 993 965
f 911 965 946
f 911 946 929
f 911 929 924
f 912 913 926
f 912 926 927
f 912 927 928
f 912 928 924
f 912 924 929
f 912 929 946
f 912 946 967
f 912 967 996
f 912 996 1021
f 912 1021 1035
f 912 1035 1029
f 912 1029 1006
f 912 1006 988
f 912 988 963
f 912 963 962
f 912 962 961
f 912 961 944
f 912 944 925
f 914 930 931
f 914 931 932
f 914 932 933
f 914 933 915
f 915 933 934
f 915 934 935
f 915 935 936
f 915 936 916
f 916 937 938
f 916 938 939
f 916 939 918
f 916 936 935
f 916 935 937
f 918 939 940
f 918 940 920
f 918 920 919
f 920 941 921
f 920 940 939
f 920 939 942
f 920 942 941
f 925 944 945
f 925 945 943
f 930 947 931
f 931 948 949
f 931 949 950
f 931 950 951
f 931 951 933
f 931 933 932
f 931 947 952
f 931 952 948
f 933 951 934
f 934 953 935
f 934 951 953
f 935 953 954
f 935 954 955
f 935 955 937
f 937 955 938
f 938 956 939
f 938 955 956
f 939 956 957
f 939 957 958
f 939 958 942
f 941 942 959
f 942 958 959
f 943 945 960
f 944 961 945
f 945 961 962
f 945 962 963
f 945 963 964
f 945 964 960
f 946 965 966
f 946 966 967
f 947 968 952
f 948 952 968
f 948 968 969
f 948 969 970
f 948 970 971
f 948 971 972
f 948 972 973
f 948 973 974
f 948 974 975
f 948 975 976
f 948 976 949
f 949 977 950
f 949 976 978
f 949 978 979
f 949 979 977
f 950 977 951
f 951 977 979
f 951 979 980
f 951 980 953
f 953 981 954
f 953 980 981
f 954 982 955
f 954 981 982
f 955 982 983
f 955 983 984
f 955 984 956
f 956 984 985
f 956 985 957
f 957 985 986
f 960 964 987
f 963 988 989
f 963 989 964
f 964 989 990
f 964 990 991
f 964 991 992
f 964 992 974
f 964 974 973
f 964 973 987
f 965 993 966
f 966 994 995
f 966 995 996
f 966 996 967
f 966 993 994
f 970 997 972
f 970 972 971
f 972 997 987
f 972 987 973
f 974 992 998
f 974 998 975
f 975 998 976
f 976 998 999
f 976 999 978
f 978 999 1000
f 978 1000 979
f 979 1000 981
f 979 981 980
f 981 1000 1001
f 981 1001 982
f 982 1001 983
f 983 1001 984
f 984 1002 1003
f 984 1003 1004
f 984 1004 985
f 984 1001 1005
f 984 1005 1002
f 985 1004 986
f 988 1006 1007
f 988 1007 989
f 989 1007 990
f 990 1007 1008
f 990 1008 1009
f 990 1009 992
f 990 992 991
f 992 1009 1010
f 992 1010 998
f 993 1011 1012
f 993 1012 1013
f 993 1013 1014
f 993 1014 994
f 994 1015 1016
f 994 1016 995
f 994 1014 1017
f 994 1017 1018
f 994 1018 1015
f 995 1016 1019
f 995 1019 1020
f 995 1020 1021
f 995 1021 996
f 998 1010 999
f 999 1022 1023
f 999 1023 1024
f 999 1024 1000
f 999 1010 1009
f 999 1009 1022
f 1000 1024 1001
f 1001 1015 1025
f 1001 1025 1026
f 1001 1026 1005
f 1001 1024 1015
f 1002 1005 1027
f 1002 1027 1003
f 1003 1017 1028
f 1003 1027 1026
f 1003 1026 1017
f 1005 1026 1027
f 1006 1029 1007
f 1007 1029 1020
f 1007 1020 1008
f 1008 1020 1019
f 1008 1019 1030
f 1008 1030 1031
f 1008 1031 1009
f 1009 1031 1022
f 1011 1032 1012
f 1012 1032 1017
f 1012 1017 1013
f 1013 1017 1014
f 1015 1018 1033
f 1015 1033 1026
f 1015 1026 1025
f 1015 1024 1023
f 1015 1023 1016
f 1016 1023 1030
f 1016 1030 1019
f 1017 1033 1018
f 1017 1032 1034
f 1017 1034 1028
f 1017 1026 1033
f 1020 1035 1021
f 1020 1029 1035
f 1022 1031 1023
f 1023 1031 1030
f 1036 1037 1038
f 1036 1038 1042
f 1036 1042 1050
f 1036 1050 1059
f 1036 1059 1074
f 1036 1074 1087
f 1036 1087 1094
f 1036 1094 1097
f 1036 1097 1096
f 1036 1096 1093
f 1036 1093 1091
f 1036 1091 1078
f 1036 1078 1062
f 1036 1062 1056
f 1036 1056 1051
f 1036 1051 1043
f 1036 1043 1039
f 1036 1039 1037
f 1037 1040 1046
f 1037 1046 1055
f 1037 1055 1054
f 1037 1054 1053
f 1037 1053 1061
f 1037 1061 1076
f 1037 1076 1064
f 1037 1064 1058
f 1037 1058 1049
f 1037 1049 1042
f 1037 1042 1038
f 1037 1039 1041
f 1037 1041 1048
f 1037 1048 1057
f 1037 1057 1063
f 1037 1063 1079
f 1037 1079 1092
f 1037 1092 1095
f 1037 1095 1090
f 1037 1090 1089
f 1037 1089 1088
f 1037 1088 1086
f 1037 1086 1072
f 1037 1072 1060
f 1037 1060 1052
f 1037 1052 1045
f 1037 1045 1040
f 1039 1043 1044
f 1039 1044 1041
f 1040 1045 1046
f 1041 1044 1047
f 1041 1047 1048
f 1042 1049 1050
f 1043 1051 1044
f 1044 1051 1047
f 1045 1052 1053
f 1045 1053 1054
f 1045 1054 1055
f 1045 1055 1046
f 1047 1051 1056
f 1047 1056 1057
f 1047 1057 1048
f 1049 1058 1050
f 1050 1058 1059
f 1052 1060 1061
f 1052 1061 1053
f 1056 1062 1057
f 1057 1062 1063
f 1058 1064 1065
f 1058 1065 1066
f 1058 1066 1059
f 1059 1066 1065
f 1059 1065 1067
f 1059 1067 1068
f 1059 1068 1069
f 1059 1069 1070
f 1059 1070 1071
f 1059 1071 1072
f 1059 1072 1073
f 1059 1073 1085
f 1059 1085 1084
f 1059 1084 1083
f 1059 1083 1082
f 1059 1082 1081
f 1059 1081 1080
f 1059 1080 1086
f 1059 1086 1088
f 1059 1088 1074
f 1060 1072 1071
f 1060 1071 1075
f 1060 1075 1061
f 1061 1075 1071
f 1061 1071 1077
f 1061 1077 1069
f 1061 1069 1076
f 1062 1078 1063
f 1063 1078 1079
f 1064 1076 1065
f 1065 1068 1067
f 1065 1076 1068
f 1068 1076 1069
f 1069 1077 1071
f 1069 1071 1070
f 1072 1080 1081
f 1072 1081 1082
f 1072 1082 1083
f 1072 1083 1084
f 1072 1084 1085
f 1072 1085 1073
f 1072 1086 1080
f 1074 1088 1089
f 1074 1089 1090
f 1074 1090 1087
f 1078 1091 1079
f 1079 1091 1093
f 1079 1093 1092
f 1087 1090 1095
f 1087 1095 1094
f 1092 1093 1096
f 1092 1096 1095
f 1094 1095 1097
f 1095 1096 1097
f 1098 1099 1104
f 1098 1104 1108
f 1098 1108 1114
f 1098 1114 1127
f 1098 1127 1129
f 1098 1129 1136
f 1098 1136 1135
f 1098 1135 1123
f 1098 1123 1113
f 1098 1113 1106
f 1098 1106 1100
f 1098 1100 1101
f 1098 1101 1102
f 1098 1102 1107
f 1098 1107 1112
f 1098 1112 1122
f 1098 1122 1134
f 1098 1134 1155
f 1098 1155 1144
f 1098 1144 1159
f 1098 1159 1163
f 1098 1163 1150
f 1098 1150 1130
f 1098 1130 1118
f 1098 1118 1109
f 1098 1109 1103
f 1098 1103 1099
f 1099 1103 1104
f 1100 1105 1101
f 1100 1106 1105
f 1101 1107 1102
f 1101 1105 1107
f 1103 1108 1104
f 1103 1109 1120
f 1103 1120 1133
f 1103 1133 1154
f 1103 1154 1146
f 1103 1146 1128
f 1103 1128 1117
f 1103 1117 1116
f 1103 1116 1115
f 1103 1115 1110
f 1103 1110 1108
f 1105 1111 1112
f 1105 1112 1107
f 1105 1106 1113
f 1105 1113 1111
f 1108 1110 1115
f 1108 1115 1116
f 1108 1116 1117
f 1108 1117 1114
f 1109 1118 1119
f 1109 1119 1120
f 1111 1113 1121
f 1111 1121 1122
f 1111 1122 1112
f 1113 1123 1124
f 1113 1124 1125
f 1113 1125 1126
f 1113 1126 1121
f 1114 1117 1127
f 1117 1128 1149
f 1117 1149 1162
f 1117 1162 1165
f 1117 1165 1164
f 1117 1164 1156
f 1117 1156 1139
f 1117 1139 1138
f 1117 1138 1137
f 1117 1137 1136
f 1117 1136 1129
f 1117 1129 1127
f 1118 1130 1131
f 1118 1131 1119
f 1119 1131 1132
f 1119 1132 1120
f 1120 1132 1133
f 1121 1134 1122
f 1121 1126 1134
f 1123 1135 1124
f 1124 1135 1125
f 1125 1135 1136
f 1125 1136 1137
f 1125 1137 1138
f 1125 1138 1139
f 1125 1139 1140
f 1125 1140 1141
f 1125 1141 1142
f 1125 1142 1143
f 1125 1143 1144
f 1125 1144 1145
f 1125 1145 1134
f 1125 1134 1126
f 1128 1146 1147
f 1128 1147 1148
f 1128 1148 1149
f 1130 1150 1151
f 1130 1151 1131
f 1131 1151 1152
f 1131 1152 1153
f 1131 1153 1132
f 1132 1154 1133
f 1132 1153 1148
f 1132 1148 1147
f 1132 1147 1146
f 1132 1146 1154
f 1134 1145 1155
f 1139 1156 1157
f 1139 1157 1140
f 1140 1157 1142
f 1140 1142 1141
f 1142 1157 1158
f 1142 1158 1143
f 1143 1158 1159
f 1143 1159 1144
f 1144 1155 1145
f 1148 1153 1152
f 1148 1152 1160
f 1148 1160 1161
f 1148 1161 1162
f 1148 1162 1149
f 1150 1163 1157
f 1150 1157 1151
f 1151 1160 1152
f 1151 1157 1161
f 1151 1161 1160
f 1156 1164 1157
f 1157 1164 1161
f 1157 1163 1159
f 1157 1159 1158
f 1161 1164 1165
f 1161 1165 1162
f 1166 1167 1170
f 1166 1170 1178
f 1166 1178 1189
f 1166 1189 1191
f 1166 1191 1208
f 1166 1208 1192
f 1166 1192 1183
f 1166 1183 1181
f 1166 1181 1171
f 1166 1171 1168
f 1166 1168 1172
f 1166 1172 1182
f 1166 1182 1198
f 1166 1198 1214
f 1166 1214 1231
f 1166 1231 1249
f 1166 1249 1257
f 1166 1257 1235
f 1166 1235 1217
f 1166 1217 1206
f 1166 1206 1188
f 1166 1188 1176
f 1166 1176 1169
f 1166 1169 1167
f 1167 1169 1170
f 1168 1171 1172
f 1169 1173 1174
f 1169 1174 1175
f 1169 1175 1170
f 1169 1176 1177
f 1169 1177 1173
f 1170 1175 1179
f 1170 1179 1180
f 1170 1180 1178
f 1171 1181 1172
f 1172 1181 1183
f 1172 1183 1182
f 1173 1184 1185
f 1173 1185 1174
f 1173 1177 1184
f 1174 1185 1186
f 1174 1186 1187
f 1174 1187 1179
f 1174 1179 1175
f 1176 1188 1177
f 1177 1188 1184
f 1178 1180 1189
f 1179 1187 1180
f 1180 1187 1190
f 1180 1190 1191
f 1180 1191 1189
f 1182 1183 1192
f 1182 1192 1193
f 1182 1193 1194
f 1182 1194 1195
f 1182 1195 1196
f 1182 1196 1197
f 1182 1197 1198
f 1184 1199 1200
f 1184 1200 1186
f 1184 1186 1185
f 1184 1188 1201
f 1184 1201 1202
f 1184 1202 1203
f 1184 1203 1199
f 1186 1200 1204
f 1186 1204 1187
f 1187 1205 1190
f 1187 1204 1205
f 1188 1206 1218
f 1188 1218 1237
f 1188 1237 1260
f 1188 1260 1274
f 1188 1274 1281
f 1188 1281 1280
f 1188 1280 1279
f 1188 1279 1278
f 1188 1278 1272
f 1188 1272 1271
f 1188 1271 1251
f 1188 1251 1232
f 1188 1232 1216
f 1188 1216 1203
f 1188 1203 1202
f 1188 1202 1201
f 1190 1205 1207
f 1190 1207 1191
f 1191 1207 1209
f 1191 1209 1219
f 1191 1219 1215
f 1191 1215 1199
f 1191 1199 1203
f 1191 1203 1216
f 1191 1216 1233
f 1191 1233 1255
f 1191 1255 1273
f 1191 1273 1277
f 1191 1277 1276
f 1191 1276 1275
f 1191 1275 1261
f 1191 1261 1238
f 1191 1238 1220
f 1191 1220 1208
f 1192 1208 1194
f 1192 1194 1193
f 1194 1208 1210
f 1194 1210 1211
f 1194 1211 1195
f 1195 1211 1196
f 1196 1211 1212
f 1196 1212 1213
f 1196 1213 1197
f 1197 1213 1214
f 1197 1214 1198
f 1199 1215 1205
f 1199 1205 1204
f 1199 1204 1200
f 1205 1215 1207
f 1206 1217 1218
f 1207 1219 1209
f 1207 1215 1219
f 1208 1220 1210
f 1210 1220 1221
f 1210 1221 1222
f 1210 1222 1223
f 1210 1223 1211
f 1211 1223 1224
f 1211 1224 1225
f 1211 1225 1212
f 1212 1225 1213
f 1213 1225 1226
f 1213 1226 1227
f 1213 1227 1228
f 1213 1228 1229
f 1213 1229 1230
f 1213 1230 1214
f 1214 1230 1231
f 1216 1232 1233
f 1217 1234 1218
f 1217 1235 1236
f 1217 1236 1234
f 1218 1234 1256
f 1218 1256 1237
f 1220 1238 1239
f 1220 1239 1221
f 1221 1239 1240
f 1221 1240 1222
f 1222 1240 1223
f 1223 1241 1242
f 1223 1242 1243
f 1223 1243 1224
f 1223 1240 1241
f 1224 1244 1245
f 1224 1245 1225
f 1224 1243 1244
f 1225 1245 1246
f 1225 1246 1226
f 1226 1246 1227
f 1227 1246 1247
f 1227 1247 1248
f 1227 1248 1230
f 1227 1230 1229
f 1227 1229 1228
f 1230 1248 1249
f 1230 1249 1231
f 1232 1250 1233
f 1232 1251 1252
f 1232 1252 1253
f 1232 1253 1254
f 1232 1254 1250
f 1233 1250 1255
f 1234 1236 1256
f 1235 1257 1236
f 1236 1248 1247
f 1236 1247 1258
f 1236 1258 1256
f 1236 1257 1259
f 1236 1259 1248
f 1237 1256 1260
f 1238 1261 1239
f 1239 1262 1240
f 1239 1261 1262
f 1240 1262 1263
f 1240 1263 1264
f 1240 1264 1265
f 1240 1265 1241
f 1241 1265 1266
f 1241 1266 1242
f 1242 1266 1243
f 1243 1266 1244
f 1244 1254 1252
f 1244 1252 1267
f 1244 1267 1245
f 1244 1266 1254
f 1245 1267 1268
f 1245 1268 1246
f 1246 1268 1258
f 1246 1258 1247
f 1248 1259 1257
f 1248 1257 1249
f 1250 1263 1269
f 1250 1269 1255
f 1250 1254 1270
f 1250 1270 1266
f 1250 1266 1263
f 1251 1271 1252
f 1252 1271 1272
f 1252 1272 1267
f 1252 1254 1253
f 1254 1266 1270
f 1255 1269 1273
f 1256 1258 1260
f 1258 1268 1274
f 1258 1274 1260
f 1261 1275 1262
f 1262 1275 1276
f 1262 1276 1263
f 1263 1276 1277
f 1263 1277 1269
f 1263 1266 1264
f 1264 1266 1265
f 1267 1272 1278
f 1267 1278 1279
f 1267 1279 1268
f 1268 1279 1280
f 1268 1280 1281
f 1268 1281 1274
f 1269 1277 1273
f 1282 1283 1284
f 1282 1284 1285
f 1282 1285 1286
f 1282 1286 1296
f 1282 1296 1305
f 1282 1305 1300
f 1282 1300 1311
f 1282 1311 1328
f 1282 1328 1316
f 1282 1316 1314
f 1282 1314 1306
f 1282 1306 1297
f 1282 1297 1287
f 1282 1287 1298
f 1282 1298 1308
f 1282 1308 1315
f 1282 1315 1332
f 1282 1332 1349
f 1282 1349 1362
f 1282 1362 1367
f 1282 1367 1368
f 1282 1368 1357
f 1282 1357 1342
f 1282 1342 1338
f 1282 1338 1323
f 1282 1323 1309
f 1282 1309 1299
f 1282 1299 1288
f 1282 1288 1289
f 1282 1289 1290
f 1282 1290 1291
f 1282 1291 1292
f 1282 1292 1293
f 1282 1293 1283
f 1283 1293 1284
f 1284 1294 1285
f 1284 1293 1295
f 1284 1295 1294
f 1285 1294 1296
f 1285 1296 1286
f 1287 1297 1298
f 1288 1299 1310
f 1288 1310 1327
f 1288 1327 1312
f 1288 1312 1303
f 1288 1303 1293
f 1288 1293 1292
f 1288 1292 1291
f 1288 1291 1290
f 1288 1290 1289
f 1293 1300 1301
f 1293 1301 1302
f 1293 1302 1294
f 1293 1294 1295
f 1293 1303 1313
f 1293 1313 1331
f 1293 1331 1346
f 1293 1346 1348
f 1293 1348 1361
f 1293 1361 1360
f 1293 1360 1359
f 1293 1359 1358
f 1293 1358 1366
f 1293 1366 1365
f 1293 1365 1364
f 1293 1364 1363
f 1293 1363 1350
f 1293 1350 1333
f 1293 1333 1319
f 1293 1319 1318
f 1293 1318 1317
f 1293 1317 1311
f 1293 1311 1300
f 1294 1301 1304
f 1294 1304 1296
f 1294 1302 1301
f 1296 1304 1301
f 1296 1301 1305
f 1297 1306 1298
f 1298 1307 1308
f 1298 1306 1307
f 1299 1309 1310
f 1300 1305 1301
f 1303 1312 1313
f 1306 1314 1307
f 1307 1315 1308
f 1307 1314 1316
f 1307 1316 1317
f 1307 1317 1318
f 1307 1318 1319
f 1307 1319 1320
f 1307 1320 1321
f 1307 1321 1315
f 1309 1312 1322
f 1309 1322 1310
f 1309 1323 1324
f 1309 1324 1325
f 1309 1325 1326
f 1309 1326 1312
f 1310 1322 1327
f 1311 1317 1328
f 1312 1327 1322
f 1312 1326 1329
f 1312 1329 1313
f 1313 1329 1330
f 1313 1330 1331
f 1315 1321 1332
f 1316 1328 1317
f 1319 1333 1320
f 1320 1334 1335
f 1320 1335 1336
f 1320 1336 1321
f 1320 1333 1334
f 1321 1336 1337
f 1321 1337 1332
f 1323 1338 1324
f 1324 1339 1340
f 1324 1340 1341
f 1324 1341 1325
f 1324 1338 1342
f 1324 1342 1339
f 1325 1341 1343
f 1325 1343 1344
f 1325 1344 1345
f 1325 1345 1330
f 1325 1330 1329
f 1325 1329 1326
f 1330 1346 1331
f 1330 1345 1347
f 1330 1347 1348
f 1330 1348 1346
f 1332 1337 1349
f 1333 1350 1334
f 1334 1351 1352
f 1334 1352 1353
f 1334 1353 1335
f 1334 1350 1351
f 1335 1353 1345
f 1335 1345 1354
f 1335 1354 1355
f 1335 1355 1356
f 1335 1356 1336
f 1336 1356 1337
f 1337 1356 1349
f 1339 1342 1357
f 1339 1357 1356
f 1339 1356 1340
f 1340 1356 1341
f 1341 1356 1355
f 1341 1355 1354
f 1341 1354 1343
f 1343 1354 1345
f 1343 1345 1344
f 1345 1353 1352
f 1345 1352 1347
f 1347 1352 1358
f 1347 1358 1359
f 1347 1359 1360
f 1347 1360 1361
f 1347 1361 1348
f 1349 1356 1362
f 1350 1363 1351
f 1351 1363 1364
f 1351 1364 1365
f 1351 1365 1352
f 1352 1365 1366
f 1352 1366 1358
f 1356 1367 1362
f 1356 1357 1368
f 1356 1368 1367
f 1369 1370 1371
f 1369 1371 1372
f 1369 1372 1373
f 1369 1373 1377
f 1369 1377 1384
f 1369 1384 1396
f 1369 1396 1417
f 1369 1417 1434
f 1369 1434 1443
f 1369 1443 1435
f 1369 1435 1418
f 1369 1418 1397
f 1369 1397 1386
f 1369 1386 1379
f 1369 1379 1374
f 1369 1374 1370
f 1370 1374 1378
f 1370 1378 1385
f 1370 1385 1387
f 1370 1387 1401
f 1370 1401 1420
f 1370 1420 1429
f 1370 1429 1428
f 1370 1428 1407
f 1370 1407 1390
f 1370 1390 1381
f 1370 1381 1375
f 1370 1375 1372
f 1370 1372 1371
f 1372 1375 1382
f 1372 1382 1393
f 1372 1393 1411
f 1372 1411 1431
f 1372 1431 1432
f 1372 1432 1416
f 1372 1416 1395
f 1372 1395 1383
f 1372 1383 1376
f 1372 1376 1377
f 1372 1377 1373
f 1374 1379 1380
f 1374 1380 1378
f 1375 1381 1382
f 1376 1383 1384
f 1376 1384 1377
f 1378 1380 1385
f 1379 1386 1380
f 1380 1387 1385
f 1380 1386 1388
f 1380 1388 1389
f 1380 1389 1387
f 1381 1390 1391
f 1381 1391 1382
f 1382 1392 1393
f 1382 1391 1394
f 1382 1394 1392
f 1383 1395 1396
f 1383 1396 1384
f 1386 1389 1388
f 1386 1397 1389
f 1387 1398 1399
f 1387 1399 1400
f 1387 1400 1401
f 1387 1389 1402
f 1387 1402 1403
f 1387 1403 1398
f 1389 1397 1404
f 1389 1404 1405
f 1389 1405 1406
f 1389 1406 1402
f 1390 1407 1408
f 1390 1408 1394
f 1390 1394 1391
f 1392 1409 1410
f 1392 1410 1393
f 1392 1394 1409
f 1393 1410 1411
f 1394 1412 1409
f 1394 1408 1413
f 1394 1413 1414
f 1394 1414 1415
f 1394 1415 1412
f 1395 1416 1396
f 1396 1416 1432
f 1396 1432 1430
f 1396 1430 1410
f 1396 1410 1412
f 1396 1412 1415
f 1396 1415 1425
f 1396 1425 1424
f 1396 1424 1423
f 1396 1423 1422
f 1396 1422 1439
f 1396 1439 1445
f 1396 1445 1444
f 1396 1444 1440
f 1396 1440 1433
f 1396 1433 1417
f 1397 1418 1404
f 1398 1400 1399
f 1398 1403 1402
f 1398 1402 1419
f 1398 1419 1414
f 1398 1414 1400
f 1400 1413 1420
f 1400 1420 1401
f 1400 1414 1413
f 1402 1406 1405
f 1402 1405 1421
f 1402 1421 1422
f 1402 1422 1423
f 1402 1423 1424
f 1402 1424 1425
f 1402 1425 1419
f 1404 1418 1426
f 1404 1426 1405
f 1405 1426 1427
f 1405 1427 1421
f 1407 1428 1408
f 1408 1428 1429
f 1408 1429 1413
f 1409 1412 1410
f 1410 1430 1431
f 1410 1431 1411
f 1413 1429 1420
f 1414 1419 1425
f 1414 1425 1415
f 1417 1433 1434
f 1418 1435 1436
f 1418 1436 1437
f 1418 1437 1438
f 1418 1438 1426
f 1421 1427 1422
f 1422 1427 1439
f 1426 1438 1437
f 1426 1437 1427
f 1427 1437 1439
f 1430 1432 1431
f 1433 1440 1434
f 1434 1440 1441
f 1434 1441 1442
f 1434 1442 1443
f 1435 1443 1442
f 1435 1442 1436
f 1436 1442 1437
f 1437 1442 1441
f 1437 1441 1444
f 1437 1444 1445
f 1437 1445 1439
f 1440 1444 1441
f 1446 1447 1448
f 1446 1448 1452
f 1446 1452 1457
f 1446 1457 1468
f 1446 1468 1482
f 1446 1482 1495
f 1446 1495 1490
f 1446 1490 1489
f 1446 1489 1474
f 1446 1474 1473
f 1446 1473 1472
f 1446 1472 1461
f 1446 1461 1460
f 1446 1460 1459
f 1446 1459 1453
f 1446 1453 1449
f 1446 1449 1454
f 1446 1454 1465
f 1446 1465 1478
f 1446 1478 1480
f 1446 1480 1479
f 1446 1479 1467
f 1446 1467 1456
f 1446 1456 1450
f 1446 1450 1447
f 1447 1450 1451
f 1447 1451 1455
f 1447 1455 1466
f 1447 1466 1481
f 1447 1481 1483
f 1447 1483 1471
f 1447 1471 1458
f 1447 1458 1452
f 1447 1452 1448
f 1449 1453 1454
f 1450 1455 1451
f 1450 1456 1455
f 1452 1458 1457
f 1453 1459 1454
f 1454 1459 1460
f 1454 1460 1461
f 1454 1461 1462
f 1454 1462 1463
f 1454 1463 1464
f 1454 1464 1465
f 1455 1456 1466
f 1456 1467 1466
f 1457 1458 1469
f 1457 1469 1470
f 1457 1470 1468
f 1458 1471 1469
f 1461 1472 1462
f 1462 1472 1473
f 1462 1473 1463
f 1463 1473 1474
f 1463 1474 1475
f 1463 1475 1476
f 1463 1476 1477
f 1463 1477 1464
f 1464 1477 1465
f 1465 1477 1476
f 1465 1476 1492
f 1465 1492 1502
f 1465 1502 1499
f 1465 1499 1498
f 1465 1498 1488
f 1465 1488 1500
f 1465 1500 1493
f 1465 1493 1481
f 1465 1481 1466
f 1465 1466 1478
f 1466 1467 1479
f 1466 1479 1480
f 1466 1480 1478
f 1468 1470 1482
f 1469 1471 1483
f 1469 1483 1470
f 1470 1484 1482
f 1470 1483 1485
f 1470 1485 1481
f 1470 1481 1486
f 1470 1486 1487
f 1470 1487 1488
f 1470 1488 1484
f 1474 1489 1475
f 1475 1489 1490
f 1475 1490 1491
f 1475 1491 1476
f 1476 1491 1492
f 1481 1493 1486
f 1481 1485 1483
f 1482 1494 1495
f 1482 1484 1496
f 1482 1496 1497
f 1482 1497 1494
f 1484 1488 1498
f 1484 1498 1499
f 1484 1499 1496
f 1486 1493 1487
f 1487 1493 1500
f 1487 1500 1488
f 1490 1495 1494
f 1490 1494 1491
f 1491 1494 1492
f 1492 1501 1502
f 1492 1494 1501
f 1494 1497 1501
f 1496 1499 1501
f 1496 1501 1497
f 1499 1502 1501
f 1503 1504 1507
f 1503 1507 1511
f 1503 1511 1520
f 1503 1520 1533
f 1503 1533 1544
f 1503 1544 1553
f 1503 1553 1538
f 1503 1538 1529
f 1503 1529 1516
f 1503 1516 1515
f 1503 1515 1512
f 1503 1512 1508
f 1503 1508 1505
f 1503 1505 1506
f 1503 1506 1504
f 1504 1506 1507
f 1505 1508 1506
f 1506 1509 1510
f 1506 1510 1519
f 1506 1519 1531
f 1506 1531 1543
f 1506 1543 1556
f 1506 1556 1560
f 1506 1560 1557
f 1506 1557 1550
f 1506 1550 1534
f 1506 1534 1521
f 1506 1521 1511
f 1506 1511 1507
f 1506 1508 1509
f 1508 1512 1509
f 1509 1513 1514
f 1509 1514 1510
f 1509 1512 1515
f 1509 1515 1516
f 1509 1516 1513
f 1510 1514 1517
f 1510 1517 1518
f 1510 1518 1519
f 1511 1521 1520
f 1513 1522 1514
f 1513 1516 1522
f 1514 1522 1523
f 1514 1523 1524
f 1514 1524 1525
f 1514 1525 1526
f 1514 1526 1527
f 1514 1527 1528
f 1514 1528 1517
f 1516 1529 1530
f 1516 1530 1522
f 1517 1528 1527
f 1517 1527 1518
f 1518 1527 1526
f 1518 1526 1525
f 1518 1525 1524
f 1518 1524 1537
f 1518 1537 1552
f 1518 1552 1554
f 1518 1554 1545
f 1518 1545 1542
f 1518 1542 1531
f 1518 1531 1519
f 1520 1532 1536
f 1520 1536 1535
f 1520 1535 1549
f 1520 1549 1548
f 1520 1548 1547
f 1520 1547 1546
f 1520 1546 1551
f 1520 1551 1558
f 1520 1558 1561
f 1520 1561 1559
f 1520 1559 1555
f 1520 1555 1542
f 1520 1542 1545
f 1520 1545 1533
f 1520 1521 1532
f 1521 1534 1535
f 1521 1535 1536
f 1521 1536 1532
f 1522 1530 1523
f 1523 1530 1537
f 1523 1537 1524
f 1529 1538 1539
f 1529 1539 1540
f 1529 1540 1530
f 1530 1540 1541
f 1530 1541 1537
f 1531 1542 1543
f 1533 1545 1544
f 1534 1546 1547
f 1534 1547 1548
f 1534 1548 1549
f 1534 1549 1535
f 1534 1550 1551
f 1534 1551 1546
f 1537 1541 1552
f 1538 1553 1539
f 1539 1545 1554
f 1539 1554 1540
f 1539 1553 1545
f 1540 1554 1541
f 1541 1554 1552
f 1542 1555 1543
f 1543 1555 1556
f 1544 1545 1553
f 1550 1557 1551
f 1551 1557 1558
f 1555 1559 1560
f 1555 1560 1556
f 1557 1560 1559
f 1557 1559 1561
f 1557 1561 1558
f 1562 1563 1571
f 1562 1571 1587
f 1562 1587 1586
f 1562 1586 1585
f 1562 1585 1612
f 1562 1612 1610
f 1562 1610 1609
f 1562 1609 1608
f 1562 1608 1607
f 1562 1607 1638
f 1562 1638 1637
f 1562 1637 1636
f 1562 1636 1635
f 1562 1635 1634
f 1562 1634 1633
f 1562 1633 1655
f 1562 1655 1642
f 1562 1642 1615
f 1562 1615 1594
f 1562 1594 1592
f 1562 1592 1591
f 1562 1591 1590
f 1562 1590 1589
f 1562 1589 1573
f 1562 1573 1564
f 1562 1564 1572
f 1562 1572 1588
f 1562 1588 1613
f 1562 1613 1639
f 1562 1639 1647
f 1562 1647 1646
f 1562 1646 1645
f 1562 1645 1644
f 1562 1644 1617
f 1562 1617 1597
f 1562 1597 1576
f 1562 1576 1574
f 1562 1574 1565
f 1562 1565 1566
f 1562 1566 1567
f 1562 1567 1568
f 1562 1568 1569
f 1562 1569 1570
f 1562 1570 1563
f 1563 1570 1571
f 1564 1573 1572
f 1565 1574 1566
f 1566 1575 1567
f 1566 1574 1576
f 1566 1576 1575
f 1567 1575 1568
f 1568 1575 1577
f 1568 1577 1569
f 1569 1577 1578
f 1569 1578 1579
f 1569 1579 1580
f 1569 1580 1581
f 1569 1581 1582
f 1569 1582 1583
f 1569 1583 1584
f 1569 1584 1585
f 1569 1585 1570
f 1570 1586 1587
f 1570 1587 1571
f 1570 1585 1586
f 1572 1573 1589
f 1572 1589 1590
f 1572 1590 1591
f 1572 1591 1592
f 1572 1592 1593
f 1572 1593 1594
f 1572 1594 1615
f 1572 1615 1643
f 1572 1643 1630
f 1572 1630 1629
f 1572 1629 1654
f 1572 1654 1653
f 1572 1653 1658
f 1572 1658 1657
f 1572 1657 1651
f 1572 1651 1649
f 1572 1649 1641
f 1572 1641 1614
f 1572 1614 1588
f 1575 1595 1596
f 1575 1596 1577
f 1575 1576 1597
f 1575 1597 1595
f 1577 1596 1578
f 1578 1598 1580
f 1578 1580 1579
f 1578 1596 1598
f 1580 1598 1599
f 1580 1599 1600
f 1580 1600 1582
f 1580 1582 1581
f 1582 1600 1601
f 1582 1601 1602
f 1582 1602 1603
f 1582 1603 1604
f 1582 1604 1605
f 1582 1605 1583
f 1583 1605 1584
f 1584 1605 1606
f 1584 1606 1607
f 1584 1607 1608
f 1584 1608 1609
f 1584 1609 1610
f 1584 1610 1611
f 1584 1611 1612
f 1584 1612 1585
f 1588 1614 1613
f 1592 1594 1593
f 1595 1616 1596
f 1595 1597 1617
f 1595 1617 1616
f 1596 1618 1619
f 1596 1619 1598
f 1596 1616 1618
f 1598 1620 1599
f 1598 1619 1620
f 1599 1621 1622
f 1599 1622 1601
f 1599 1601 1600
f 1599 1620 1621
f 1601 1623 1624
f 1601 1624 1625
f 1601 1625 1626
f 1601 1626 1604
f 1601 1604 1603
f 1601 1603 1602
f 1601 1622 1623
f 1604 1606 1605
f 1604 1626 1627
f 1604 1627 1628
f 1604 1628 1629
f 1604 1629 1630
f 1604 1630 1631
f 1604 1631 1632
f 1604 1632 1633
f 1604 1633 1634
f 1604 1634 1635
f 1604 1635 1636
f 1604 1636 1606
f 1606 1636 1637
f 1606 1637 1638
f 1606 1638 1607
f 1610 1612 1611
f 1613 1614 1640
f 1613 1640 1623
f 1613 1623 1639
f 1614 1641 1640
f 1615 1642 1643
f 1616 1617 1644
f 1616 1644 1645
f 1616 1645 1646
f 1616 1646 1618
f 1618 1646 1621
f 1618 1621 1619
f 1619 1621 1620
f 1621 1623 1622
f 1621 1646 1647
f 1621 1647 1623
f 1623 1640 1648
f 1623 1648 1624
f 1623 1647 1639
f 1624 1648 1649
f 1624 1649 1650
f 1624 1650 1625
f 1625 1650 1649
f 1625 1649 1651
f 1625 1651 1628
f 1625 1628 1626
f 1626 1628 1627
f 1628 1652 1653
f 1628 1653 1654
f 1628 1654 1629
f 1628 1651 1652
f 1630 1643 1642
f 1630 1642 1631
f 1631 1642 1655
f 1631 1655 1632
f 1632 1655 1633
f 1640 1641 1656
f 1640 1656 1648
f 1641 1649 1656
f 1648 1656 1649
f 1651 1657 1652
f 1652 1657 1658
f 1652 1658 1653
f 1659 1660 1663
f 1659 1663 1670
f 1659 1670 1683
f 1659 1683 1692
f 1659 1692 1675
f 1659 1675 1674
f 1659 1674 1671
f 1659 1671 1664
f 1659 1664 1661
f 1659 1661 1667
f 1659 1667 1679
f 1659 1679 1678
f 1659 1678 1695
f 1659 1695 1694
f 1659 1694 1712
f 1659 1712 1718
f 1659 1718 1717
f 1659 1717 1715
f 1659 1715 1696
f 1659 1696 1680
f 1659 1680 1668
f 1659 1668 1662
f 1659 1662 1660
f 1660 1662 1663
f 1661 1664 1665
f 1661 1665 1666
f 1661 1666 1667
f 1662 1668 1681
f 1662 1681 1698
f 1662 1698 1716
f 1662 1716 1725
f 1662 1725 1724
f 1662 1724 1723
f 1662 1723 1719
f 1662 1719 1701
f 1662 1701 1682
f 1662 1682 1669
f 1662 1669 1670
f 1662 1670 1663
f 1664 1671 1665
f 1665 1672 1673
f 1665 1673 1666
f 1665 1671 1674
f 1665 1674 1675
f 1665 1675 1676
f 1665 1676 1683
f 1665 1683 1670
f 1665 1670 1669
f 1665 1669 1682
f 1665 1682 1702
f 1665 1702 1721
f 1665 1721 1722
f 1665 1722 1706
f 1665 1706 1705
f 1665 1705 1704
f 1665 1704 1703
f 1665 1703 1684
f 1665 1684 1672
f 1666 1673 1677
f 1666 1677 1678
f 1666 1678 1679
f 1666 1679 1667
f 1668 1680 1681
f 1672 1684 1685
f 1672 1685 1686
f 1672 1686 1687
f 1672 1687 1688
f 1672 1688 1689
f 1672 1689 1673
f 1673 1689 1690
f 1673 1690 1691
f 1673 1691 1677
f 1675 1692 1676
f 1676 1692 1683
f 1677 1691 1693
f 1677 1693 1694
f 1677 1694 1695
f 1677 1695 1678
f 1680 1696 1681
f 1681 1697 1698
f 1681 1696 1699
f 1681 1699 1700
f 1681 1700 1697
f 1682 1701 1702
f 1684 1703 1685
f 1685 1703 1686
f 1686 1703 1687
f 1687 1703 1704
f 1687 1704 1690
f 1687 1690 1688
f 1688 1690 1689
f 1690 1704 1705
f 1690 1705 1706
f 1690 1706 1707
f 1690 1707 1708
f 1690 1708 1709
f 1690 1709 1691
f 1691 1709 1710
f 1691 1710 1711
f 1691 1711 1693
f 1693 1711 1697
f 1693 1697 1694
f 1694 1697 1713
f 1694 1713 1714
f 1694 1714 1712
f 1696 1715 1699
f 1697 1711 1698
f 1697 1700 1714
f 1697 1714 1713
f 1698 1711 1710
f 1698 1710 1716
f 1699 1715 1700
f 1700 1715 1717
f 1700 1717 1718
f 1700 1718 1712
f 1700 1712 1714
f 1701 1719 1720
f 1701 1720 1702
f 1702 1720 1708
f 1702 1708 1721
f 1706 1722 1707
f 1707 1722 1708
f 1708 1722 1721
f 1708 1720 1723
f 1708 1723 1724
f 1708 1724 1725
f 1708 1725 1709
f 1709 1725 1710
f 1710 1725 1716
f 1719 1723 1720
f 1726 1727 1728
f 1726 1728 1729
f 1726 1729 1730
f 1726 1730 1731
f 1726 1731 1732
f 1726 1732 1746
f 1726 1746 1760
f 1726 1760 1766
f 1726 1766 1765
f 1726 1765 1771
f 1726 1771 1772
f 1726 1772 1768
f 1726 1768 1767
f 1726 1767 1761
f 1726 1761 1747
f 1726 1747 1733
f 1726 1733 1727
f 1727 1733 1734
f 1727 1734 1728
f 1728 1735 1736
f 1728 1736 1737
f 1728 1737 1729
f 1728 1734 1738
f 1728 1738 1739
f 1728 1739 1740
f 1728 1740 1741
f 1728 1741 1735
f 1729 1742 1731
f 1729 1731 1730
f 1729 1737 1743
f 1729 1743 1744
f 1729 1744 1745
f 1729 1745 1742
f 1731 1742 1745
f 1731 1745 1746
f 1731 1746 1732
f 1733 1747 1738
f 1733 1738 1734
f 1735 1741 1736
f 1736 1741 1748
f 1736 1748 1749
f 1736 1749 1750
f 1736 1750 1751
f 1736 1751 1752
f 1736 1752 1753
f 1736 1753 1737
f 1737 1754 1743
f 1737 1753 1755
f 1737 1755 1756
f 1737 1756 1757
f 1737 1757 1758
f 1737 1758 1744
f 1737 1744 1754
f 1738 1747 1761
f 1738 1761 1762
f 1738 1762 1753
f 1738 1753 1752
f 1738 1752 1751
f 1738 1751 1750
f 1738 1750 1749
f 1738 1749 1748
f 1738 1748 1741
f 1738 1741 1740
f 1738 1740 1739
f 1743 1754 1744
f 1744 1758 1757
f 1744 1757 1764
f 1744 1764 1763
f 1744 1763 1770
f 1744 1770 1771
f 1744 1771 1765
f 1744 1765 1759
f 1744 1759 1745
f 1745 1759 1760
f 1745 1760 1746
f 1753 1762 1769
f 1753 1769 1773
f 1753 1773 1770
f 1753 1770 1763
f 1753 1763 1756
f 1753 1756 1755
f 1756 1763 1764
f 1756 1764 1757
f 1759 1765 1766
f 1759 1766 1760
f 1761 1767 1762
f 1762 1767 1768
f 1762 1768 1769
f 1768 1772 1769
f 1769 1772 1773
f 1770 1773 1771
f 1771 1773 1772
f 1774 1775 1784
f 1774 1784 1797
f 1774 1797 1796
f 1774 1796 1799
f 1774 1799 1816
f 1774 1816 1822
f 1774 1822 1821
f 1774 1821 1802
f 1774 1802 1787
f 1774 1787 1776
f 1774 1776 1786
f 1774 1786 1801
f 1774 1801 1820
f 1774 1820 1836
f 1774 1836 1847
f 1774 1847 1840
f 1774 1840 1826
f 1774 1826 1810
f 1774 1810 1793
f 1774 1793 1792
f 1774 1792 1777
f 1774 1777 1778
f 1774 1778 1779
f 1774 1779 1780
f 1774 1780 1781
f 1774 1781 1782
f 1774 1782 1775
f 1775 1783 1784
f 1775 1782 1785
f 1775 1785 1783
f 1776 1787 1788
f 1776 1788 1789
f 1776 1789 1790
f 1776 1790 1791
f 1776 1791 1786
f 1777 1792 1778
f 1778 1792 1793
f 1778 1793 1794
f 1778 1794 1795
f 1778 1795 1779
f 1779 1795 1781
f 1779 1781 1780
f 1781 1795 1782
f 1782 1795 1785
f 1783 1796 1797
f 1783 1797 1784
f 1783 1785 1796
f 1785 1795 1798
f 1785 1798 1799
f 1785 1799 1796
f 1786 1791 1800
f 1786 1800 1801
f 1787 1802 1788
f 1788 1802 1803
f 1788 1803 1804
f 1788 1804 1789
f 1789 1804 1805
f 1789 1805 1791
f 1789 1791 1790
f 1791 1805 1806
f 1791 1806 1807
f 1791 1807 1808
f 1791 1808 1809
f 1791 1809 1800
f 1793 1810 1794
f 1794 1810 1811
f 1794 1811 1812
f 1794 1812 1813
f 1794 1813 1795
f 1795 1813 1814
f 1795 1814 1815
f 1795 1815 1798
f 1798 1815 1799
f 1799 1815 1817
f 1799 1817 1816
f 1800 1809 1818
f 1800 1818 1819
f 1800 1819 1820
f 1800 1820 1801
f 1802 1821 1803
f 1803 1821 1822
f 1803 1822 1805
f 1803 1805 1804
f 1805 1823 1806
f 1805 1822 1823
f 1806 1824 1807
f 1806 1823 1824
f 1807 1824 1823
f 1807 1823 1822
f 1807 1822 1816
f 1807 1816 1817
f 1807 1817 1832
f 1807 1832 1845
f 1807 1845 1849
f 1807 1849 1848
f 1807 1848 1846
f 1807 1846 1834
f 1807 1834 1833
f 1807 1833 1825
f 1807 1825 1808
f 1808 1825 1809
f 1809 1825 1818
f 1810 1826 1839
f 1810 1839 1851
f 1810 1851 1852
f 1810 1852 1844
f 1810 1844 1832
f 1810 1832 1817
f 1810 1817 1831
f 1810 1831 1843
f 1810 1843 1842
f 1810 1842 1828
f 1810 1828 1827
f 1810 1827 1812
f 1810 1812 1811
f 1812 1827 1813
f 1813 1827 1828
f 1813 1828 1814
f 1814 1828 1829
f 1814 1829 1830
f 1814 1830 1815
f 1815 1830 1817
f 1817 1830 1829
f 1817 1829 1831
f 1818 1825 1833
f 1818 1833 1834
f 1818 1834 1835
f 1818 1835 1819
f 1819 1835 1820
f 1820 1835 1836
f 1826 1837 1838
f 1826 1838 1839
f 1826 1840 1835
f 1826 1835 1841
f 1826 1841 1837
f 1828 1842 1829
f 1829 1842 1843
f 1829 1843 1831
f 1832 1844 1845
f 1834 1846 1835
f 1835 1840 1847
f 1835 1847 1836
f 1835 1846 1848
f 1835 1848 1841
f 1837 1841 1848
f 1837 1848 1849
f 1837 1849 1838
f 1838 1850 1851
f 1838 1851 1839
f 1838 1849 1850
f 1844 1852 1845
f 1845 1852 1849
f 1849 1852 1851
f 1849 1851 1850
f 1853 1854 1858
f 1853 1858 1870
f 1853 1870 1877
f 1853 1877 1892
f 1853 1892 1891
f 1853 1891 1903
f 1853 1903 1904
f 1853 1904 1893
f 1853 1893 1878
f 1853 1878 1871
f 1853 1871 1859
f 1853 1859 1855
f 1853 1855 1856
f 1853 1856 1861
f 1853 1861 1872
f 1853 1872 1881
f 1853 1881 1896
f 1853 1896 1884
f 1853 1884 1874
f 1853 1874 1862
f 1853 1862 1857
f 1853 1857 1854
f 1854 1857 1858
f 1855 1859 1856
f 1856 1859 1860
f 1856 1860 1861
f 1857 1862 1863
f 1857 1863 1864
f 1857 1864 1865
f 1857 1865 1858
f 1858 1865 1866
f 1858 1866 1867
f 1858 1867 1868
f 1858 1868 1869
f 1858 1869 1870
f 1859 1871 1860
f 1860 1872 1861
f 1860 1871 1873
f 1860 1873 1872
f 1862 1874 1889
f 1862 1889 1901
f 1862 1901 1905
f 1862 1905 1910
f 1862 1910 1902
f 1862 1902 1890
f 1862 1890 1876
f 1862 1876 1875
f 1862 1875 1869
f 1862 1869 1868
f 1862 1868 1867
f 1862 1867 1866
f 1862 1866 1865
f 1862 1865 1864
f 1862 1864 1863
f 1869 1875 1870
f 1870 1875 1876
f 1870 1876 1877
f 1871 1878 1879
f 1871 1879 1880
f 1871 1880 1873
f 1872 1873 1882
f 1872 1882 1883
f 1872 1883 1881
f 1873 1880 1883
f 1873 1883 1882
f 1874 1884 1885
f 1874 1885 1886
f 1874 1886 1887
f 1874 1887 1888
f 1874 1888 1889
f 1876 1890 1891
f 1876 1891 1892
f 1876 1892 1877
f 1878 1893 1905
f 1878 1905 1901
f 1878 1901 1900
f 1878 1900 1899
f 1878 1899 1909
f 1878 1909 1912
f 1878 1912 1911
f 1878 1911 1907
f 1878 1907 1906
f 1878 1906 1894
f 1878 1894 1879
f 1879 1894 1880
f 1880 1894 1895
f 1880 1895 1883
f 1881 1883 1885
f 1881 1885 1896
f 1883 1895 1897
f 1883 1897 1885
f 1884 1896 1885
f 1885 1897 1898
f 1885 1898 1886
f 1886 1898 1888
f 1886 1888 1887
f 1888 1898 1899
f 1888 1899 1900
f 1888 1900 1901
f 1888 1901 1889
f 1890 1902 1891
f 1891 1902 1903
f 1893 1904 1905
f 1894 1906 1895
f 1895 1906 1907
f 1895 1907 1908
f 1895 1908 1897
f 1897 1908 1898
f 1898 1908 1909
f 1898 1909 1899
f 1902 1910 1903
f 1903 1910 1904
f 1904 1910 1905
f 1907 1911 1908
f 1908 1911 1912
f 1908 1912 1909
f 1913 1914 1917
f 1913 1917 1924
f 1913 1924 1923
f 1913 1923 1934
f 1913 1934 1933
f 1913 1933 1932
f 1913 1932 1953
f 1913 1953 1964
f 1913 1964 1969
f 1913 1969 1968
f 1913 1968 1967
f 1913 1967 1955
f 1913 1955 1935
f 1913 1935 1925
f 1913 1925 1918
f 1913 1918 1915
f 1913 1915 1919
f 1913 1919 1927
f 1913 1927 1938
f 1913 1938 1950
f 1913 1950 1949
f 1913 1949 1948
f 1913 1948 1947
f 1913 1947 1946
f 1913 1946 1945
f 1913 1945 1944
f 1913 1944 1943
f 1913 1943 1929
f 1913 1929 1920
f 1913 1920 1916
f 1913 1916 1914
f 1914 1916 1917
f 1915 1918 1919
f 1916 1920 1928
f 1916 1928 1942
f 1916 1942 1962
f 1916 1962 1975
f 1916 1975 1990
f 1916 1990 1982
f 1916 1982 1971
f 1916 1971 1981
f 1916 1981 1992
f 1916 1992 1977
f 1916 1977 1965
f 1916 1965 1954
f 1916 1954 1963
f 1916 1963 1951
f 1916 1951 1930
f 1916 1930 1921
f 1916 1921 1922
f 1916 1922 1923
f 1916 1923 1924
f 1916 1924 1917
f 1918 1925 1936
f 1918 1936 1961
f 1918 1961 1974
f 1918 1974 1987
f 1918 1987 1986
f 1918 1986 1989
f 1918 1989 1976
f 1918 1976 1962
f 1918 1962 1942
f 1918 1942 1941
f 1918 1941 1940
f 1918 1940 1939
f 1918 1939 1937
f 1918 1937 1926
f 1918 1926 1927
f 1918 1927 1919
f 1920 1929 1928
f 1921 1930 1922
f 1922 1930 1931
f 1922 1931 1932
f 1922 1932 1933
f 1922 1933 1934
f 1922 1934 1923
f 1925 1935 1936
f 1926 1937 1927
f 1927 1937 1939
f 1927 1939 1940
f 1927 1940 1941
f 1927 1941 1938
f 1928 1941 1942
f 1928 1929 1943
f 1928 1943 1944
f 1928 1944 1945
f 1928 1945 1946
f 1928 1946 1947
f 1928 1947 1948
f 1928 1948 1949
f 1928 1949 1950
f 1928 1950 1938
f 1928 1938 1941
f 1930 1951 1931
f 1931 1951 1952
f 1931 1952 1932
f 1932 1952 1954
f 1932 1954 1953
f 1935 1955 1936
f 1936 1955 1956
f 1936 1956 1957
f 1936 1957 1958
f 1936 1958 1959
f 1936 1959 1960
f 1936 1960 1961
f 1951 1963 1952
f 1952 1963 1954
f 1953 1954 1964
f 1954 1965 1966
f 1954 1966 1964
f 1955 1967 1956
f 1956 1967 1968
f 1956 1968 1969
f 1956 1969 1966
f 1956 1966 1957
f 1957 1966 1970
f 1957 1970 1958
f 1958 1970 1971
f 1958 1971 1959
f 1959 1971 1972
f 1959 1972 1973
f 1959 1973 1960
f 1960 1973 1961
f 1961 1973 1974
f 1962 1976 1975
f 1964 1966 1969
f 1965 1977 1966
f 1966 1977 1978
f 1966 1978 1979
f 1966 1979 1970
f 1970 1979 1980
f 1970 1980 1971
f 1971 1980 1981
f 1971 1982 1983
f 1971 1983 1984
f 1971 1984 1972
f 1972 1985 1986
f 1972 1986 1987
f 1972 1987 1973
f 1972 1984 1983
f 1972 1983 1988
f 1972 1988 1989
f 1972 1989 1985
f 1973 1987 1974
f 1975 1976 1991
f 1975 1991 1989
f 1975 1989 1990
f 1976 1989 1991
f 1977 1992 1978
f 1978 1992 1979
f 1979 1992 1980
f 1980 1992 1981
f 1982 1990 1983
f 1983 1989 1988
f 1983 1990 1989
f 1985 1989 1986
f 1993 1994 1997
f 1993 1997 2006
f 1993 2006 2019
f 1993 2019 2033
f 1993 2033 2021
f 1993 2021 2009
f 1993 2009 1998
f 1993 1998 1995
f 1993 1995 2001
f 1993 2001 2015
f 1993 2015 2031
f 1993 2031 2030
f 1993 2030 2029
f 1993 2029 2046
f 1993 2046 2048
f 1993 2048 2032
f 1993 2032 2018
f 1993 2018 2003
f 1993 2003 1996
f 1993 1996 1994
f 1994 1996 1997
f 1995 1998 1999
f 1995 1999 2000
f 1995 2000 2001
f 1996 2002 1997
f 1996 2003 2004
f 1996 2004 2005
f 1996 2005 2002
f 1997 2002 2007
f 1997 2007 2008
f 1997 2008 2006
f 1998 2009 2010
f 1998 2010 1999
f 1999 2011 2014
f 1999 2014 2000
f 1999 2010 2012
f 1999 2012 2013
f 1999 2013 2011
f 2000 2014 2001
f 2001 2014 2015
f 2002 2005 2016
f 2002 2016 2017
f 2002 2017 2007
f 2003 2018 2004
f 2004 2018 2032
f 2004 2032 2047
f 2004 2047 2058
f 2004 2058 2051
f 2004 2051 2050
f 2004 2050 2035
f 2004 2035 2034
f 2004 2034 2020
f 2004 2020 2008
f 2004 2008 2007
f 2004 2007 2017
f 2004 2017 2016
f 2004 2016 2005
f 2006 2008 2020
f 2006 2020 2019
f 2009 2021 2010
f 2010 2021 2022
f 2010 2022 2023
f 2010 2023 2012
f 2011 2013 2014
f 2012 2023 2024
f 2012 2024 2025
f 2012 2025 2026
f 2012 2026 2027
f 2012 2027 2013
f 2013 2027 2028
f 2013 2028 2029
f 2013 2029 2030
f 2013 2030 2014
f 2014 2030 2031
f 2014 2031 2015
f 2019 2020 2034
f 2019 2034 2035
f 2019 2035 2033
f 2021 2033 2051
f 2021 2051 2058
f 2021 2058 2063
f 2021 2063 2062
f 2021 2062 2061
f 2021 2061 2060
f 2021 2060 2052
f 2021 2052 2040
f 2021 2040 2039
f 2021 2039 2038
f 2021 2038 2037
f 2021 2037 2036
f 2021 2036 2022
f 2022 2036 2023
f 2023 2036 2037
f 2023 2037 2024
f 2024 2037 2038
f 2024 2038 2025
f 2025 2038 2039
f 2025 2039 2040
f 2025 2040 2041
f 2025 2041 2042
f 2025 2042 2026
f 2026 2042 2027
f 2027 2042 2028
f 2028 2042 2043
f 2028 2043 2044
f 2028 2044 2045
f 2028 2045 2029
f 2029 2045 2046
f 2032 2048 2049
f 2032 2049 2047
f 2033 2035 2050
f 2033 2050 2051
f 2040 2052 2053
f 2040 2053 2041
f 2041 2053 2042
f 2042 2053 2054
f 2042 2054 2055
f 2042 2055 2043
f 2043 2055 2056
f 2043 2056 2044
f 2044 2056 2057
f 2044 2057 2045
f 2045 2057 2046
f 2046 2057 2049
f 2046 2049 2048
f 2047 2049 2058
f 2049 2057 2056
f 2049 2056 2059
f 2049 2059 2058
f 2052 2060 2053
f 2053 2060 2061
f 2053 2061 2054
f 2054 2061 2062
f 2054 2062 2055
f 2055 2062 2063
f 2055 2063 2058
f 2055 2058 2059
f 2055 2059 2056
f 2064 2065 2073
f 2064 2073 2078
f 2064 2078 2077
f 2064 2077 2084
f 2064 2084 2102
f 2064 2102 2116
f 2064 2116 2118
f 2064 2118 2114
f 2064 2114 2101
f 2064 2101 2080
f 2064 2080 2074
f 2064 2074 2066
f 2064 2066 2067
f 2064 2067 2068
f 2064 2068 2069
f 2064 2069 2070
f 2064 2070 2071
f 2064 2071 2072
f 2064 2072 2065
f 2065 2072 2073
f 2066 2074 2081
f 2066 2081 2100
f 2066 2100 2099
f 2066 2099 2109
f 2066 2109 2108
f 2066 2108 2106
f 2066 2106 2091
f 2066 2091 2090
f 2066 2090 2082
f 2066 2082 2075
f 2066 2075 2070
f 2066 2070 2069
f 2066 2069 2068
f 2066 2068 2067
f 2070 2075 2076
f 2070 2076 2072
f 2070 2072 2071
f 2072 2077 2078
f 2072 2078 2073
f 2072 2076 2079
f 2072 2079 2077
f 2074 2080 2081
f 2075 2082 2083
f 2075 2083 2076
f 2076 2083 2079
f 2077 2079 2085
f 2077 2085 2086
f 2077 2086 2087
f 2077 2087 2088
f 2077 2088 2089
f 2077 2089 2084
f 2079 2083 2082
f 2079 2082 2090
f 2079 2090 2091
f 2079 2091 2092
f 2079 2092 2093
f 2079 2093 2094
f 2079 2094 2095
f 2079 2095 2096
f 2079 2096 2097
f 2079 2097 2098
f 2079 2098 2086
f 2079 2086 2085
f 2080 2099 2100
f 2080 2100 2081
f 2080 2101 2115
f 2080 2115 2113
f 2080 2113 2095
f 2080 2095 2094
f 2080 2094 2112
f 2080 2112 2125
f 2080 2125 2124
f 2080 2124 2123
f 2080 2123 2122
f 2080 2122 2121
f 2080 2121 2120
f 2080 2120 2119
f 2080 2119 2110
f 2080 2110 2109
f 2080 2109 2099
f 2084 2089 2102
f 2086 2098 2097
f 2086 2097 2087
f 2087 2097 2089
f 2087 2089 2088
f 2089 2097 2103
f 2089 2103 2104
f 2089 2104 2105
f 2089 2105 2102
f 2091 2106 2092
f 2092 2107 2093
f 2092 2106 2108
f 2092 2108 2109
f 2092 2109 2110
f 2092 2110 2111
f 2092 2111 2107
f 2093 2107 2112
f 2093 2112 2094
f 2095 2113 2096
f 2096 2113 2103
f 2096 2103 2097
f 2101 2114 2115
f 2102 2105 2116
f 2103 2113 2104
f 2104 2113 2115
f 2104 2115 2105
f 2105 2115 2117
f 2105 2117 2118
f 2105 2118 2116
f 2107 2111 2119
f 2107 2119 2120
f 2107 2120 2121
f 2107 2121 2122
f 2107 2122 2123
f 2107 2123 2124
f 2107 2124 2125
f 2107 2125 2112
f 2110 2119 2111
f 2114 2118 2117
f 2114 2117 2115
f 2126 2127 2134
f 2126 2134 2145
f 2126 2145 2153
f 2126 2153 2152
f 2126 2152 2151
f 2126 2151 2150
f 2126 2150 2149
f 2126 2149 2166
f 2126 2166 2181
f 2126 2181 2167
f 2126 2167 2155
f 2126 2155 2137
f 2126 2137 2128
f 2126 2128 2138
f 2126 2138 2157
f 2126 2157 2159
f 2126 2159 2158
f 2126 2158 2139
f 2126 2139 2129
f 2126 2129 2130
f 2126 2130 2131
f 2126 2131 2132
f 2126 2132 2133
f 2126 2133 2127
f 2127 2133 2135
f 2127 2135 2136
f 2127 2136 2134
f 2128 2137 2138
f 2129 2139 2140
f 2129 2140 2130
f 2130 2140 2131
f 2131 2133 2132
f 2131 2140 2141
f 2131 2141 2142
f 2131 2142 2143
f 2131 2143 2133
f 2133 2144 2135
f 2133 2143 2144
f 2134 2136 2145
f 2135 2144 2146
f 2135 2146 2136
f 2136 2146 2147
f 2136 2147 2148
f 2136 2148 2149
f 2136 2149 2150
f 2136 2150 2151
f 2136 2151 2152
f 2136 2152 2153
f 2136 2153 2145
f 2137 2154 2138
f 2137 2155 2168
f 2137 2168 2180
f 2137 2180 2179
f 2137 2179 2175
f 2137 2175 2174
f 2137 2174 2178
f 2137 2178 2188
f 2137 2188 2187
f 2137 2187 2186
f 2137 2186 2185
f 2137 2185 2184
f 2137 2184 2170
f 2137 2170 2169
f 2137 2169 2156
f 2137 2156 2154
f 2138 2154 2156
f 2138 2156 2157
f 2139 2158 2140
f 2140 2158 2141
f 2141 2158 2159
f 2141 2159 2160
f 2141 2160 2142
f 2142 2160 2159
f 2142 2159 2157
f 2142 2157 2171
f 2142 2171 2184
f 2142 2184 2185
f 2142 2185 2183
f 2142 2183 2182
f 2142 2182 2173
f 2142 2173 2172
f 2142 2172 2161
f 2142 2161 2143
f 2143 2161 2162
f 2143 2162 2144
f 2144 2162 2146
f 2146 2162 2147
f 2147 2163 2164
f 2147 2164 2148
f 2147 2162 2165
f 2147 2165 2163
f 2148 2164 2149
f 2149 2164 2166
f 2155 2167 2168
f 2156 2169 2157
f 2157 2170 2171
f 2157 2169 2170
f 2161 2172 2162
f 2162 2172 2173
f 2162 2173 2165
f 2163 2174 2175
f 2163 2175 2164
f 2163 2165 2176
f 2163 2176 2177
f 2163 2177 2178
f 2163 2178 2174
f 2164 2175 2179
f 2164 2179 2180
f 2164 2180 2168
f 2164 2168 2167
f 2164 2167 2181
f 2164 2181 2166
f 2165 2173 2182
f 2165 2182 2183
f 2165 2183 2177
f 2165 2177 2176
f 2170 2184 2171
f 2177 2183 2185
f 2177 2185 2186
f 2177 2186 2187
f 2177 2187 2188
f 2177 2188 2178
f 2189 2190 2193
f 2189 2193 2210
f 2189 2210 2209
f 2189 2209 2208
f 2189 2208 2206
f 2189 2206 2228
f 2189 2228 2223
f 2189 2223 2200
f 2189 2200 2191
f 2189 2191 2199
f 2189 2199 2222
f 2189 2222 2226
f 2189 2226 2204
f 2189 2204 2192
f 2189 2192 2190
f 2190 2192 2193
f 2191 2194 2195
f 2191 2195 2196
f 2191 2196 2197
f 2191 2197 2198
f 2191 2198 2199
f 2191 2200 2201
f 2191 2201 2202
f 2191 2202 2194
f 2192 2203 2193
f 2192 2204 2225
f 2192 2225 2236
f 2192 2236 2235
f 2192 2235 2234
f 2192 2234 2233
f 2192 2233 2232
f 2192 2232 2231
f 2192 2231 2237
f 2192 2237 2227
f 2192 2227 2205
f 2192 2205 2206
f 2192 2206 2207
f 2192 2207 2208
f 2192 2208 2209
f 2192 2209 2203
f 2193 2203 2210
f 2194 2211 2212
f 2194 2212 2213
f 2194 2213 2214
f 2194 2214 2195
f 2194 2202 2215
f 2194 2215 2216
f 2194 2216 2211
f 2195 2214 2217
f 2195 2217 2196
f 2196 2217 2218
f 2196 2218 2219
f 2196 2219 2197
f 2197 2219 2198
f 2198 2219 2220
f 2198 2220 2221
f 2198 2221 2199
f 2199 2221 2222
f 2200 2223 2201
f 2201 2223 2224
f 2201 2224 2228
f 2201 2228 2206
f 2201 2206 2205
f 2201 2205 2227
f 2201 2227 2229
f 2201 2229 2216
f 2201 2216 2215
f 2201 2215 2202
f 2203 2209 2210
f 2204 2226 2221
f 2204 2221 2225
f 2206 2208 2207
f 2211 2229 2230
f 2211 2230 2231
f 2211 2231 2232
f 2211 2232 2233
f 2211 2233 2212
f 2211 2216 2229
f 2212 2233 2234
f 2212 2234 2218
f 2212 2218 2213
f 2213 2218 2214
f 2214 2218 2217
f 2218 2234 2235
f 2218 2235 2236
f 2218 2236 2219
f 2219 2236 2220
f 2220 2225 2221
f 2220 2236 2225
f 2221 2226 2222
f 2223 2228 2224
f 2227 2237 2230
f 2227 2230 2229
f 2230 2237 2231
f 2238 2239 2240
f 2238 2240 2241
f 2238 2241 2247
f 2238 2247 2253
f 2238 2253 2264
f 2238 2264 2279
f 2238 2279 2278
f 2238 2278 2277
f 2238 2277 2299
f 2238 2299 2329
f 2238 2329 2328
f 2238 2328 2306
f 2238 2306 2288
f 2238 2288 2268
f 2238 2268 2265
f 2238 2265 2254
f 2238 2254 2248
f 2238 2248 2242
f 2238 2242 2249
f 2238 2249 2257
f 2238 2257 2267
f 2238 2267 2287
f 2238 2287 2286
f 2238 2286 2285
f 2238 2285 2312
f 2238 2312 2334
f 2238 2334 2340
f 2238 2340 2339
f 2238 2339 2337
f 2238 2337 2336
f 2238 2336 2335
f 2238 2335 2316
f 2238 2316 2291
f 2238 2291 2270
f 2238 2270 2258
f 2238 2258 2250
f 2238 2250 2243
f 2238 2243 2244
f 2238 2244 2245
f 2238 2245 2239
f 2239 2245 2244
f 2239 2244 2243
f 2239 2243 2250
f 2239 2250 2259
f 2239 2259 2271
f 2239 2271 2290
f 2239 2290 2315
f 2239 2315 2318
f 2239 2318 2293
f 2239 2293 2272
f 2239 2272 2260
f 2239 2260 2251
f 2239 2251 2246
f 2239 2246 2240
f 2240 2246 2247
f 2240 2247 2241
f 2242 2248 2249
f 2246 2251 2252
f 2246 2252 2253
f 2246 2253 2247
f 2248 2254 2249
f 2249 2255 2256
f 2249 2256 2257
f 2249 2254 2255
f 2250 2258 2259
f 2251 2260 2261
f 2251 2261 2262
f 2251 2262 2263
f 2251 2263 2252
f 2252 2263 2264
f 2252 2264 2253
f 2254 2265 2255
f 2255 2265 2256
f 2256 2266 2267
f 2256 2267 2257
f 2256 2265 2268
f 2256 2268 2266
f 2258 2269 2259
f 2258 2270 2269
f 2259 2269 2271
f 2260 2272 2273
f 2260 2273 2261
f 2261 2273 2274
f 2261 2274 2275
f 2261 2275 2262
f 2262 2275 2263
f 2263 2276 2277
f 2263 2277 2278
f 2263 2278 2279
f 2263 2279 2264
f 2263 2275 2280
f 2263 2280 2281
f 2263 2281 2276
f 2266 2282 2283
f 2266 2283 2284
f 2266 2284 2285
f 2266 2285 2286
f 2266 2286 2287
f 2266 2287 2267
f 2266 2268 2282
f 2268 2288 2282
f 2269 2270 2289
f 2269 2289 2290
f 2269 2290 2271
f 2270 2291 2292
f 2270 2292 2289
f 2272 2293 2294
f 2272 2294 2295
f 2272 2295 2273
f 2273 2295 2274
f 2274 2296 2275
f 2274 2295 2297
f 2274 2297 2296
f 2275 2296 2280
f 2276 2298 2299
f 2276 2299 2277
f 2276 2281 2298
f 2280 2296 2300
f 2280 2300 2301
f 2280 2301 2281
f 2281 2301 2302
f 2281 2302 2303
f 2281 2303 2298
f 2282 2304 2305
f 2282 2305 2283
f 2282 2288 2306
f 2282 2306 2307
f 2282 2307 2308
f 2282 2308 2304
f 2283 2305 2309
f 2283 2309 2310
f 2283 2310 2284
f 2284 2310 2311
f 2284 2311 2312
f 2284 2312 2285
f 2289 2292 2313
f 2289 2313 2314
f 2289 2314 2290
f 2290 2314 2315
f 2291 2316 2292
f 2292 2316 2317
f 2292 2317 2313
f 2293 2318 2294
f 2294 2318 2319
f 2294 2319 2320
f 2294 2320 2295
f 2295 2320 2321
f 2295 2321 2297
f 2296 2301 2300
f 2296 2297 2322
f 2296 2322 2323
f 2296 2323 2324
f 2296 2324 2301
f 2297 2321 2325
f 2297 2325 2326
f 2297 2326 2327
f 2297 2327 2322
f 2298 2307 2328
f 2298 2328 2329
f 2298 2329 2299
f 2298 2303 2304
f 2298 2304 2308
f 2298 2308 2307
f 2301 2324 2323
f 2301 2323 2302
f 2302 2323 2326
f 2302 2326 2330
f 2302 2330 2331
f 2302 2331 2303
f 2303 2331 2304
f 2304 2331 2330
f 2304 2330 2326
f 2304 2326 2305
f 2305 2326 2309
f 2306 2328 2307
f 2309 2326 2310
f 2310 2326 2311
f 2311 2332 2333
f 2311 2333 2334
f 2311 2334 2312
f 2311 2326 2332
f 2313 2320 2314
f 2313 2317 2321
f 2313 2321 2320
f 2314 2320 2319
f 2314 2319 2318
f 2314 2318 2315
f 2316 2335 2317
f 2317 2335 2336
f 2317 2336 2337
f 2317 2337 2338
f 2317 2338 2321
f 2321 2338 2332
f 2321 2332 2325
f 2322 2327 2326
f 2322 2326 2323
f 2325 2332 2326
f 2332 2338 2337
f 2332 2337 2339
f 2332 2339 2333
f 2333 2339 2340
f 2333 2340 2334
f 2341 2342 2346
f 2341 2346 2356
f 2341 2356 2367
f 2341 2367 2377
f 2341 2377 2376
f 2341 2376 2395
f 2341 2395 2422
f 2341 2422 2410
f 2341 2410 2387
f 2341 2387 2371
f 2341 2371 2360
f 2341 2360 2359
f 2341 2359 2358
f 2341 2358 2350
f 2341 2350 2343
f 2341 2343 2344
f 2341 2344 2349
f 2341 2349 2357
f 2341 2357 2370
f 2341 2370 2386
f 2341 2386 2405
f 2341 2405 2428
f 2341 2428 2443
f 2341 2443 2445
f 2341 2445 2444
f 2341 2444 2431
f 2341 2431 2416
f 2341 2416 2392
f 2341 2392 2374
f 2341 2374 2362
f 2341 2362 2354
f 2341 2354 2345
f 2341 2345 2342
f 2342 2345 2346
f 2343 2347 2348
f 2343 2348 2349
f 2343 2349 2344
f 2343 2350 2351
f 2343 2351 2352
f 2343 2352 2353
f 2343 2353 2347
f 2345 2354 2355
f 2345 2355 2346
f 2346 2355 2356
f 2347 2353 2352
f 2347 2352 2351
f 2347 2351 2361
f 2347 2361 2372
f 2347 2372 2389
f 2347 2389 2412
f 2347 2412 2396
f 2347 2396 2378
f 2347 2378 2368
f 2347 2368 2357
f 2347 2357 2349
f 2347 2349 2348
f 2350 2358 2351
f 2351 2358 2359
f 2351 2359 2360
f 2351 2360 2371
f 2351 2371 2388
f 2351 2388 2411
f 2351 2411 2434
f 2351 2434 2446
f 2351 2446 2440
f 2351 2440 2437
f 2351 2437 2436
f 2351 2436 2435
f 2351 2435 2441
f 2351 2441 2423
f 2351 2423 2413
f 2351 2413 2390
f 2351 2390 2373
f 2351 2373 2361
f 2354 2362 2363
f 2354 2363 2355
f 2355 2364 2356
f 2355 2363 2365
f 2355 2365 2364
f 2356 2364 2366
f 2356 2366 2367
f 2357 2368 2369
f 2357 2369 2370
f 2361 2373 2372
f 2362 2374 2363
f 2363 2374 2365
f 2364 2365 2366
f 2365 2375 2376
f 2365 2376 2377
f 2365 2377 2367
f 2365 2367 2366
f 2365 2374 2375
f 2368 2378 2379
f 2368 2379 2369
f 2369 2379 2380
f 2369 2380 2381
f 2369 2381 2382
f 2369 2382 2383
f 2369 2383 2384
f 2369 2384 2370
f 2370 2384 2385
f 2370 2385 2386
f 2371 2387 2388
f 2372 2373 2389
f 2373 2390 2391
f 2373 2391 2389
f 2374 2392 2393
f 2374 2393 2375
f 2375 2393 2394
f 2375 2394 2395
f 2375 2395 2376
f 2378 2396 2379
f 2379 2396 2397
f 2379 2397 2391
f 2379 2391 2398
f 2379 2398 2399
f 2379 2399 2380
f 2380 2399 2400
f 2380 2400 2401
f 2380 2401 2381
f 2381 2401 2382
f 2382 2401 2402
f 2382 2402 2403
f 2382 2403 2404
f 2382 2404 2383
f 2383 2385 2384
f 2383 2404 2385
f 2385 2405 2386
f 2385 2404 2406
f 2385 2406 2407
f 2385 2407 2408
f 2385 2408 2409
f 2385 2409 2405
f 2387 2410 2388
f 2388 2410 2411
f 2389 2391 2412
f 2390 2413 2401
f 2390 2401 2414
f 2390 2414 2415
f 2390 2415 2391
f 2391 2415 2414
f 2391 2414 2399
f 2391 2399 2398
f 2391 2397 2412
f 2392 2416 2417
f 2392 2417 2418
f 2392 2418 2419
f 2392 2419 2420
f 2392 2420 2393
f 2393 2420 2421
f 2393 2421 2394
f 2394 2421 2422
f 2394 2422 2395
f 2396 2412 2397
f 2399 2414 2400
f 2400 2414 2401
f 2401 2413 2423
f 2401 2423 2402
f 2402 2423 2424
f 2402 2424 2425
f 2402 2425 2426
f 2402 2426 2403
f 2403 2426 2404
f 2404 2426 2427
f 2404 2427 2408
f 2404 2408 2406
f 2405 2409 2429
f 2405 2429 2428
f 2406 2408 2407
f 2408 2430 2431
f 2408 2431 2429
f 2408 2429 2409
f 2408 2427 2425
f 2408 2425 2432
f 2408 2432 2424
f 2408 2424 2430
f 2410 2422 2421
f 2410 2421 2433
f 2410 2433 2411
f 2411 2433 2434
f 2416 2431 2417
f 2417 2431 2430
f 2417 2430 2424
f 2417 2424 2435
f 2417 2435 2436
f 2417 2436 2437
f 2417 2437 2418
f 2418 2438 2439
f 2418 2439 2420
f 2418 2420 2419
f 2418 2437 2440
f 2418 2440 2438
f 2420 2439 2438
f 2420 2438 2421
f 2421 2438 2440
f 2421 2440 2433
f 2423 2441 2424
f 2424 2441 2435
f 2424 2432 2425
f 2425 2427 2442
f 2425 2442 2426
f 2426 2442 2427
f 2428 2429 2443
f 2429 2431 2444
f 2429 2444 2445
f 2429 2445 2443
f 2433 2440 2446
f 2433 2446 2434
f 2447 2448 2449
f 2447 2449 2450
f 2447 2450 2451
f 2447 2451 2452
f 2447 2452 2453
f 2447 2453 2466
f 2447 2466 2485
f 2447 2485 2492
f 2447 2492 2503
f 2447 2503 2493
f 2447 2493 2486
f 2447 2486 2467
f 2447 2467 2454
f 2447 2454 2448
f 2448 2454 2449
f 2449 2454 2455
f 2449 2455 2456
f 2449 2456 2457
f 2449 2457 2458
f 2449 2458 2450
f 2450 2458 2459
f 2450 2459 2460
f 2450 2460 2461
f 2450 2461 2451
f 2451 2461 2462
f 2451 2462 2463
f 2451 2463 2464
f 2451 2464 2465
f 2451 2465 2452
f 2452 2465 2453
f 2453 2465 2466
f 2454 2467 2468
f 2454 2468 2469
f 2454 2469 2455
f 2455 2469 2470
f 2455 2470 2456
f 2456 2471 2472
f 2456 2472 2457
f 2456 2470 2469
f 2456 2469 2473
f 2456 2473 2471
f 2457 2474 2475
f 2457 2475 2476
f 2457 2476 2458
f 2457 2472 2473
f 2457 2473 2474
f 2458 2476 2477
f 2458 2477 2459
f 2459 2477 2478
f 2459 2478 2460
f 2460 2478 2461
f 2461 2478 2479
f 2461 2479 2480
f 2461 2480 2462
f 2462 2481 2482
f 2462 2482 2463
f 2462 2480 2481
f 2463 2483 2464
f 2463 2482 2491
f 2463 2491 2498
f 2463 2498 2492
f 2463 2492 2485
f 2463 2485 2465
f 2463 2465 2484
f 2463 2484 2483
f 2464 2483 2484
f 2464 2484 2465
f 2465 2485 2466
f 2467 2486 2487
f 2467 2487 2488
f 2467 2488 2468
f 2468 2488 2489
f 2468 2489 2473
f 2468 2473 2469
f 2471 2473 2472
f 2473 2489 2488
f 2473 2488 2487
f 2473 2487 2486
f 2473 2486 2493
f 2473 2493 2504
f 2473 2504 2510
f 2473 2510 2509
f 2473 2509 2513
f 2473 2513 2506
f 2473 2506 2495
f 2473 2495 2490
f 2473 2490 2494
f 2473 2494 2505
f 2473 2505 2512
f 2473 2512 2514
f 2473 2514 2507
f 2473 2507 2499
f 2473 2499 2491
f 2473 2491 2482
f 2473 2482 2481
f 2473 2481 2480
f 2473 2480 2479
f 2473 2479 2478
f 2473 2478 2477
f 2473 2477 2476
f 2473 2476 2475
f 2473 2475 2474
f 2490 2495 2494
f 2491 2496 2497
f 2491 2497 2498
f 2491 2499 2500
f 2491 2500 2501
f 2491 2501 2496
f 2492 2498 2497
f 2492 2497 2502
f 2492 2502 2500
f 2492 2500 2503
f 2493 2503 2504
f 2494 2495 2506
f 2494 2506 2505
f 2496 2501 2502
f 2496 2502 2497
f 2499 2507 2500
f 2500 2502 2501
f 2500 2507 2508
f 2500 2508 2509
f 2500 2509 2510
f 2500 2510 2504
f 2500 2504 2503
f 2505 2511 2512
f 2505 2506 2511
f 2506 2513 2511
f 2507 2514 2508
f 2508 2514 2511
f 2508 2511 2509
f 2509 2511 2513
f 2511 2514 2512
f 2515 2516 2517
f 2515 2517 2524
f 2515 2524 2536
f 2515 2536 2552
f 2515 2552 2575
f 2515 2575 2594
f 2515 2594 2598
f 2515 2598 2579
f 2515 2579 2578
f 2515 2578 2577
f 2515 2577 2559
f 2515 2559 2538
f 2515 2538 2525
f 2515 2525 2518
f 2515 2518 2519
f 2515 2519 2520
f 2515 2520 2521
f 2515 2521 2516
f 2516 2522 2517
f 2516 2521 2523
f 2516 2523 2522
f 2517 2522 2535
f 2517 2535 2551
f 2517 2551 2557
f 2517 2557 2556
f 2517 2556 2555
f 2517 2555 2554
f 2517 2554 2553
f 2517 2553 2537
f 2517 2537 2524
f 2518 2525 2526
f 2518 2526 2519
f 2519 2526 2527
f 2519 2527 2528
f 2519 2528 2520
f 2520 2528 2527
f 2520 2527 2529
f 2520 2529 2530
f 2520 2530 2531
f 2520 2531 2532
f 2520 2532 2521
f 2521 2532 2533
f 2521 2533 2523
f 2522 2523 2534
f 2522 2534 2535
f 2523 2533 2532
f 2523 2532 2549
f 2523 2549 2573
f 2523 2573 2572
f 2523 2572 2591
f 2523 2591 2595
f 2523 2595 2576
f 2523 2576 2558
f 2523 2558 2551
f 2523 2551 2535
f 2523 2535 2534
f 2524 2537 2536
f 2525 2538 2539
f 2525 2539 2540
f 2525 2540 2541
f 2525 2541 2526
f 2526 2541 2542
f 2526 2542 2527
f 2527 2542 2541
f 2527 2541 2543
f 2527 2543 2530
f 2527 2530 2529
f 2530 2544 2545
f 2530 2545 2546
f 2530 2546 2547
f 2530 2547 2548
f 2530 2548 2549
f 2530 2549 2550
f 2530 2550 2531
f 2530 2543 2544
f 2531 2550 2549
f 2531 2549 2532
f 2536 2537 2553
f 2536 2553 2554
f 2536 2554 2555
f 2536 2555 2556
f 2536 2556 2557
f 2536 2557 2551
f 2536 2551 2558
f 2536 2558 2576
f 2536 2576 2597
f 2536 2597 2609
f 2536 2609 2614
f 2536 2614 2615
f 2536 2615 2610
f 2536 2610 2606
f 2536 2606 2592
f 2536 2592 2574
f 2536 2574 2552
f 2538 2559 2560
f 2538 2560 2561
f 2538 2561 2562
f 2538 2562 2563
f 2538 2563 2564
f 2538 2564 2539
f 2539 2565 2566
f 2539 2566 2567
f 2539 2567 2540
f 2539 2564 2565
f 2540 2567 2541
f 2541 2567 2568
f 2541 2568 2543
f 2543 2568 2545
f 2543 2545 2544
f 2545 2568 2569
f 2545 2569 2570
f 2545 2570 2546
f 2546 2570 2547
f 2547 2570 2548
f 2548 2570 2571
f 2548 2571 2572
f 2548 2572 2573
f 2548 2573 2549
f 2552 2574 2575
f 2559 2577 2560
f 2560 2577 2578
f 2560 2578 2579
f 2560 2579 2561
f 2561 2580 2562
f 2561 2579 2581
f 2561 2581 2580
f 2562 2582 2563
f 2562 2580 2583
f 2562 2583 2584
f 2562 2584 2582
f 2563 2582 2564
f 2564 2582 2565
f 2565 2584 2585
f 2565 2585 2566
f 2565 2582 2584
f 2566 2585 2567
f 2567 2585 2586
f 2567 2586 2587
f 2567 2587 2568
f 2568 2587 2569
f 2569 2588 2570
f 2569 2587 2589
f 2569 2589 2588
f 2570 2588 2571
f 2571 2588 2590
f 2571 2590 2572
f 2572 2590 2588
f 2572 2588 2591
f 2574 2592 2593
f 2574 2593 2575
f 2575 2593 2594
f 2576 2595 2596
f 2576 2596 2597
f 2579 2598 2593
f 2579 2593 2581
f 2580 2581 2593
f 2580 2593 2583
f 2583 2599 2584
f 2583 2593 2599
f 2584 2599 2600
f 2584 2600 2601
f 2584 2601 2586
f 2584 2586 2585
f 2586 2601 2602
f 2586 2602 2587
f 2587 2602 2603
f 2587 2603 2589
f 2588 2604 2591
f 2588 2589 2603
f 2588 2603 2605
f 2588 2605 2604
f 2591 2604 2595
f 2592 2606 2593
f 2593 2598 2594
f 2593 2606 2599
f 2595 2604 2607
f 2595 2607 2596
f 2596 2607 2604
f 2596 2604 2605
f 2596 2605 2608
f 2596 2608 2609
f 2596 2609 2597
f 2599 2606 2610
f 2599 2610 2611
f 2599 2611 2600
f 2600 2611 2612
f 2600 2612 2601
f 2601 2612 2602
f 2602 2612 2605
f 2602 2605 2603
f 2605 2612 2608
f 2608 2612 2613
f 2608 2613 2614
f 2608 2614 2609
f 2610 2615 2613
f 2610 2613 2616
f 2610 2616 2611
f 2611 2616 2612
f 2612 2616 2613
f 2613 2615 2614
f 2617 2618 2622
f 2617 2622 2629
f 2617 2629 2641
f 2617 2641 2658
f 2617 2658 2657
f 2617 2657 2663
f 2617 2663 2645
f 2617 2645 2633
f 2617 2633 2624
f 2617 2624 2619
f 2617 2619 2620
f 2617 2620 2625
f 2617 2625 2632
f 2617 2632 2631
f 2617 2631 2642
f 2617 2642 2647
f 2617 2647 2635
f 2617 2635 2626
f 2617 2626 2621
f 2617 2621 2618
f 2618 2621 2622
f 2619 2623 2620
f 2619 2624 2623
f 2620 2623 2625
f 2621 2626 2636
f 2621 2636 2651
f 2621 2651 2665
f 2621 2665 2661
f 2621 2661 2671
f 2621 2671 2672
f 2621 2672 2666
f 2621 2666 2652
f 2621 2652 2637
f 2621 2637 2627
f 2621 2627 2628
f 2621 2628 2622
f 2622 2628 2629
f 2623 2630 2631
f 2623 2631 2632
f 2623 2632 2625
f 2623 2624 2630
f 2624 2633 2634
f 2624 2634 2630
f 2626 2635 2636
f 2627 2637 2638
f 2627 2638 2628
f 2628 2638 2639
f 2628 2639 2640
f 2628 2640 2629
f 2629 2640 2639
f 2629 2639 2641
f 2630 2642 2631
f 2630 2634 2643
f 2630 2643 2644
f 2630 2644 2642
f 2633 2645 2664
f 2633 2664 2670
f 2633 2670 2669
f 2633 2669 2675
f 2633 2675 2674
f 2633 2674 2676
f 2633 2676 2671
f 2633 2671 2661
f 2633 2661 2660
f 2633 2660 2659
f 2633 2659 2646
f 2633 2646 2643
f 2633 2643 2634
f 2635 2647 2644
f 2635 2644 2648
f 2635 2648 2636
f 2636 2648 2644
f 2636 2644 2649
f 2636 2649 2650
f 2636 2650 2651
f 2637 2652 2638
f 2638 2652 2653
f 2638 2653 2654
f 2638 2654 2639
f 2639 2654 2655
f 2639 2655 2656
f 2639 2656 2657
f 2639 2657 2658
f 2639 2658 2641
f 2642 2644 2647
f 2643 2646 2659
f 2643 2659 2644
f 2644 2659 2660
f 2644 2660 2661
f 2644 2661 2662
f 2644 2662 2650
f 2644 2650 2649
f 2645 2663 2656
f 2645 2656 2664
f 2650 2665 2651
f 2650 2662 2661
f 2650 2661 2665
f 2652 2666 2667
f 2652 2667 2653
f 2653 2667 2666
f 2653 2666 2668
f 2653 2668 2654
f 2654 2668 2669
f 2654 2669 2655
f 2655 2669 2670
f 2655 2670 2656
f 2656 2670 2664
f 2656 2663 2657
f 2666 2672 2673
f 2666 2673 2668
f 2668 2673 2674
f 2668 2674 2675
f 2668 2675 2669
f 2671 2676 2673
f 2671 2673 2672
f 2673 2676 2674
f 2677 2678 2679
f 2677 2679 2680
f 2677 2680 2681
f 2677 2681 2687
f 2677 2687 2696
f 2677 2696 2695
f 2677 2695 2722
f 2677 2722 2734
f 2677 2734 2735
f 2677 2735 2729
f 2677 2729 2702
f 2677 2702 2691
f 2677 2691 2682
f 2677 2682 2690
f 2677 2690 2701
f 2677 2701 2727
f 2677 2727 2736
f 2677 2736 2745
f 2677 2745 2749
f 2677 2749 2748
f 2677 2748 2747
f 2677 2747 2751
f 2677 2751 2750
f 2677 2750 2744
f 2677 2744 2743
f 2677 2743 2740
f 2677 2740 2732
f 2677 2732 2719
f 2677 2719 2692
f 2677 2692 2683
f 2677 2683 2684
f 2677 2684 2685
f 2677 2685 2678
f 2678 2685 2679
f 2679 2685 2680
f 2680 2686 2687
f 2680 2687 2681
f 2680 2685 2688
f 2680 2688 2689
f 2680 2689 2697
f 2680 2697 2686
f 2682 2691 2690
f 2683 2692 2693
f 2683 2693 2684
f 2684 2693 2694
f 2684 2694 2685
f 2685 2694 2688
f 2686 2695 2696
f 2686 2696 2687
f 2686 2697 2698
f 2686 2698 2695
f 2688 2694 2689
f 2689 2694 2699
f 2689 2699 2697
f 2690 2700 2718
f 2690 2718 2717
f 2690 2717 2716
f 2690 2716 2715
f 2690 2715 2714
f 2690 2714 2713
f 2690 2713 2712
f 2690 2712 2711
f 2690 2711 2710
f 2690 2710 2709
f 2690 2709 2708
f 2690 2708 2707
f 2690 2707 2706
f 2690 2706 2705
f 2690 2705 2704
f 2690 2704 2731
f 2690 2731 2739
f 2690 2739 2737
f 2690 2737 2728
f 2690 2728 2701
f 2690 2691 2700
f 2691 2702 2724
f 2691 2724 2723
f 2691 2723 2721
f 2691 2721 2694
f 2691 2694 2693
f 2691 2693 2720
f 2691 2720 2733
f 2691 2733 2730
f 2691 2730 2703
f 2691 2703 2704
f 2691 2704 2705
f 2691 2705 2706
f 2691 2706 2707
f 2691 2707 2708
f 2691 2708 2709
f 2691 2709 2710
f 2691 2710 2711
f 2691 2711 2712
f 2691 2712 2713
f 2691 2713 2714
f 2691 2714 2715
f 2691 2715 2716
f 2691 2716 2717
f 2691 2717 2718
f 2691 2718 2700
f 2692 2719 2693
f 2693 2719 2720
f 2694 2721 2699
f 2695 2698 2722
f 2697 2699 2721
f 2697 2721 2723
f 2697 2723 2724
f 2697 2724 2725
f 2697 2725 2698
f 2698 2725 2726
f 2698 2726 2722
f 2701 2728 2727
f 2702 2729 2724
f 2703 2730 2704
f 2704 2730 2731
f 2719 2732 2733
f 2719 2733 2720
f 2722 2726 2725
f 2722 2725 2734
f 2724 2729 2725
f 2725 2729 2735
f 2725 2735 2734
f 2727 2728 2736
f 2728 2737 2736
f 2730 2733 2738
f 2730 2738 2731
f 2731 2738 2746
f 2731 2746 2739
f 2732 2740 2733
f 2733 2741 2742
f 2733 2742 2738
f 2733 2740 2743
f 2733 2743 2744
f 2733 2744 2741
f 2736 2737 2739
f 2736 2739 2745
f 2738 2742 2741
f 2738 2741 2746
f 2739 2746 2747
f 2739 2747 2748
f 2739 2748 2749
f 2739 2749 2745
f 2741 2744 2750
f 2741 2750 2751
f 2741 2751 2747
f 2741 2747 2746
f 2752 2753 2757
f 2752 2757 2767
f 2752 2767 2777
f 2752 2777 2794
f 2752 2794 2793
f 2752 2793 2792
f 2752 2792 2791
f 2752 2791 2790
f 2752 2790 2789
f 2752 2789 2788
f 2752 2788 2787
f 2752 2787 2808
f 2752 2808 2798
f 2752 2798 2797
f 2752 2797 2796
f 2752 2796 2795
f 2752 2795 2778
f 2752 2778 2768
f 2752 2768 2758
f 2752 2758 2754
f 2752 2754 2759
f 2752 2759 2772
f 2752 2772 2771
f 2752 2771 2770
f 2752 2770 2781
f 2752 2781 2801
f 2752 2801 2782
f 2752 2782 2773
f 2752 2773 2760
f 2752 2760 2755
f 2752 2755 2756
f 2752 2756 2753
f 2753 2756 2757
f 2754 2758 2759
f 2755 2760 2761
f 2755 2761 2762
f 2755 2762 2763
f 2755 2763 2764
f 2755 2764 2756
f 2756 2764 2763
f 2756 2763 2762
f 2756 2762 2761
f 2756 2761 2760
f 2756 2760 2773
f 2756 2773 2774
f 2756 2774 2765
f 2756 2765 2775
f 2756 2775 2785
f 2756 2785 2783
f 2756 2783 2779
f 2756 2779 2799
f 2756 2799 2809
f 2756 2809 2807
f 2756 2807 2786
f 2756 2786 2776
f 2756 2776 2766
f 2756 2766 2757
f 2757 2766 2767
f 2758 2768 2779
f 2758 2779 2783
f 2758 2783 2806
f 2758 2806 2811
f 2758 2811 2810
f 2758 2810 2805
f 2758 2805 2804
f 2758 2804 2803
f 2758 2803 2802
f 2758 2802 2800
f 2758 2800 2780
f 2758 2780 2769
f 2758 2769 2770
f 2758 2770 2771
f 2758 2771 2772
f 2758 2772 2759
f 2765 2774 2775
f 2766 2776 2777
f 2766 2777 2767
f 2768 2778 2779
f 2769 2780 2781
f 2769 2781 2770
f 2773 2782 2783
f 2773 2783 2774
f 2774 2784 2775
f 2774 2783 2784
f 2775 2784 2785
f 2776 2786 2787
f 2776 2787 2788
f 2776 2788 2789
f 2776 2789 2790
f 2776 2790 2791
f 2776 2791 2792
f 2776 2792 2793
f 2776 2793 2794
f 2776 2794 2777
f 2778 2795 2779
f 2779 2795 2796
f 2779 2796 2797
f 2779 2797 2798
f 2779 2798 2799
f 2780 2800 2781
f 2781 2800 2802
f 2781 2802 2803
f 2781 2803 2804
f 2781 2804 2805
f 2781 2805 2801
f 2782 2801 2783
f 2783 2785 2784
f 2783 2801 2806
f 2786 2807 2798
f 2786 2798 2808
f 2786 2808 2787
f 2798 2809 2799
f 2798 2807 2809
f 2801 2805 2810
f 2801 2810 2811
f 2801 2811 2806
f 2812 2813 2819
f 2812 2819 2836
f 2812 2836 2856
f 2812 2856 2857
f 2812 2857 2838
f 2812 2838 2837
f 2812 2837 2823
f 2812 2823 2822
f 2812 2822 2820
f 2812 2820 2814
f 2812 2814 2815
f 2812 2815 2816
f 2812 2816 2817
f 2812 2817 2832
f 2812 2832 2850
f 2812 2850 2849
f 2812 2849 2848
f 2812 2848 2847
f 2812 2847 2868
f 2812 2868 2851
f 2812 2851 2834
f 2812 2834 2818
f 2812 2818 2813
f 2813 2818 2819
f 2814 2820 2815
f 2815 2821 2816
f 2815 2820 2822
f 2815 2822 2823
f 2815 2823 2824
f 2815 2824 2821
f 2816 2821 2825
f 2816 2825 2826
f 2816 2826 2827
f 2816 2827 2828
f 2816 2828 2829
f 2816 2829 2830
f 2816 2830 2831
f 2816 2831 2832
f 2816 2832 2817
f 2818 2833 2819
f 2818 2834 2852
f 2818 2852 2864
f 2818 2864 2875
f 2818 2875 2870
f 2818 2870 2855
f 2818 2855 2854
f 2818 2854 2853
f 2818 2853 2835
f 2818 2835 2836
f 2818 2836 2833
f 2819 2833 2836
f 2821 2824 2825
f 2823 2837 2824
f 2824 2837 2838
f 2824 2838 2839
f 2824 2839 2840
f 2824 2840 2841
f 2824 2841 2825
f 2825 2841 2826
f 2826 2841 2842
f 2826 2842 2843
f 2826 2843 2827
f 2827 2843 2844
f 2827 2844 2828
f 2828 2844 2845
f 2828 2845 2829
f 2829 2846 2847
f 2829 2847 2848
f 2829 2848 2830
f 2829 2845 2846
f 2830 2848 2849
f 2830 2849 2850
f 2830 2850 2831
f 2831 2850 2832
f 2834 2851 2869
f 2834 2869 2852
f 2835 2853 2836
f 2836 2853 2854
f 2836 2854 2855
f 2836 2855 2870
f 2836 2870 2876
f 2836 2876 2878
f 2836 2878 2877
f 2836 2877 2874
f 2836 2874 2865
f 2836 2865 2861
f 2836 2861 2860
f 2836 2860 2859
f 2836 2859 2872
f 2836 2872 2871
f 2836 2871 2856
f 2838 2857 2839
f 2839 2857 2858
f 2839 2858 2840
f 2840 2858 2841
f 2841 2858 2859
f 2841 2859 2860
f 2841 2860 2861
f 2841 2861 2842
f 2842 2861 2843
f 2843 2862 2873
f 2843 2873 2863
f 2843 2863 2864
f 2843 2864 2845
f 2843 2845 2844
f 2843 2861 2865
f 2843 2865 2862
f 2845 2864 2866
f 2845 2866 2846
f 2846 2867 2847
f 2846 2866 2864
f 2846 2864 2867
f 2847 2867 2868
f 2851 2868 2869
f 2852 2869 2864
f 2856 2858 2857
f 2856 2871 2858
f 2858 2871 2872
f 2858 2872 2859
f 2862 2865 2874
f 2862 2874 2873
f 2863 2873 2875
f 2863 2875 2864
f 2864 2869 2867
f 2867 2869 2868
f 2870 2875 2873
f 2870 2873 2876
f 2873 2874 2877
f 2873 2877 2878
f 2873 2878 2876
f 2879 2880 2881
f 2879 2881 2882
f 2879 2882 2886
f 2879 2886 2895
f 2879 2895 2903
f 2879 2903 2915
f 2879 2915 2935
f 2879 2935 2958
f 2879 2958 2959
f 2879 2959 2947
f 2879 2947 2943
f 2879 2943 2925
f 2879 2925 2908
f 2879 2908 2898
f 2879 2898 2887
f 2879 2887 2883
f 2879 2883 2888
f 2879 2888 2899
f 2879 2899 2910
f 2879 2910 2930
f 2879 2930 2953
f 2879 2953 2952
f 2879 2952 2971
f 2879 2971 2980
f 2879 2980 2981
f 2879 2981 2972
f 2879 2972 2954
f 2879 2954 2931
f 2879 2931 2911
f 2879 2911 2900
f 2879 2900 2889
f 2879 2889 2884
f 2879 2884 2885
f 2879 2885 2880
f 2880 2885 2894
f 2880 2894 2893
f 2880 2893 2892
f 2880 2892 2891
f 2880 2891 2890
f 2880 2890 2902
f 2880 2902 2905
f 2880 2905 2896
f 2880 2896 2886
f 2880 2886 2882
f 2880 2882 2881
f 2883 2887 2888
f 2884 2889 2901
f 2884 2901 2913
f 2884 2913 2934
f 2884 2934 2941
f 2884 2941 2922
f 2884 2922 2921
f 2884 2921 2920
f 2884 2920 2919
f 2884 2919 2914
f 2884 2914 2902
f 2884 2902 2890
f 2884 2890 2891
f 2884 2891 2892
f 2884 2892 2893
f 2884 2893 2894
f 2884 2894 2885
f 2886 2896 2897
f 2886 2897 2895
f 2887 2898 2899
f 2887 2899 2888
f 2889 2900 2901
f 2895 2897 2904
f 2895 2904 2903
f 2896 2905 2906
f 2896 2906 2907
f 2896 2907 2897
f 2897 2907 2904
f 2898 2908 2909
f 2898 2909 2899
f 2899 2909 2910
f 2900 2911 2912
f 2900 2912 2901
f 2901 2912 2913
f 2902 2914 2905
f 2903 2904 2916
f 2903 2916 2915
f 2904 2917 2918
f 2904 2918 2916
f 2904 2907 2917
f 2905 2914 2906
f 2906 2914 2907
f 2907 2914 2919
f 2907 2919 2920
f 2907 2920 2921
f 2907 2921 2922
f 2907 2922 2923
f 2907 2923 2924
f 2907 2924 2917
f 2908 2925 2926
f 2908 2926 2927
f 2908 2927 2909
f 2909 2927 2928
f 2909 2928 2910
f 2910 2929 2930
f 2910 2928 2929
f 2911 2931 2912
f 2912 2931 2932
f 2912 2932 2933
f 2912 2933 2913
f 2913 2933 2934
f 2915 2916 2936
f 2915 2936 2935
f 2916 2918 2937
f 2916 2937 2938
f 2916 2938 2936
f 2917 2924 2939
f 2917 2939 2940
f 2917 2940 2918
f 2918 2940 2937
f 2922 2941 2923
f 2923 2941 2934
f 2923 2934 2933
f 2923 2933 2942
f 2923 2942 2939
f 2923 2939 2924
f 2925 2943 2944
f 2925 2944 2926
f 2926 2945 2946
f 2926 2946 2927
f 2926 2944 2943
f 2926 2943 2947
f 2926 2947 2945
f 2927 2946 2948
f 2927 2948 2929
f 2927 2929 2928
f 2929 2949 2950
f 2929 2950 2951
f 2929 2951 2952
f 2929 2952 2953
f 2929 2953 2930
f 2929 2948 2949
f 2931 2954 2955
f 2931 2955 2932
f 2932 2956 2933
f 2932 2955 2957
f 2932 2957 2956
f 2933 2956 2942
f 2935 2936 2958
f 2936 2938 2959
f 2936 2959 2958
f 2937 2940 2960
f 2937 2960 2961
f 2937 2961 2938
f 2938 2945 2959
f 2938 2961 2962
f 2938 2962 2945
f 2939 2963 2964
f 2939 2964 2965
f 2939 2965 2940
f 2939 2942 2956
f 2939 2956 2963
f 2940 2966 2967
f 2940 2967 2960
f 2940 2965 2966
f 2945 2962 2946
f 2945 2947 2959
f 2946 2962 2968
f 2946 2968 2948
f 2948 2968 2949
f 2949 2961 2950
f 2949 2968 2962
f 2949 2962 2961
f 2950 2967 2966
f 2950 2966 2969
f 2950 2969 2951
f 2950 2961 2967
f 2951 2969 2970
f 2951 2970 2952
f 2952 2970 2971
f 2954 2972 2973
f 2954 2973 2955
f 2955 2973 2957
f 2956 2957 2963
f 2957 2973 2974
f 2957 2974 2963
f 2960 2967 2961
f 2963 2974 2964
f 2964 2974 2975
f 2964 2975 2965
f 2965 2976 2969
f 2965 2969 2966
f 2965 2975 2976
f 2969 2976 2977
f 2969 2977 2978
f 2969 2978 2979
f 2969 2979 2970
f 2970 2979 2980
f 2970 2980 2971
f 2972 2981 2977
f 2972 2977 2982
f 2972 2982 2973
f 2973 2982 2976
f 2973 2976 2975
f 2973 2975 2974
f 2976 2982 2977
f 2977 2981 2978
f 2978 2981 2979
f 2979 2981 2980
f 2983 2984 2985
f 2983 2985 2988
f 2983 2988 2994
f 2983 2994 3004
f 2983 3004 3029
f 2983 3029 3056
f 2983 3056 3080
f 2983 3080 3086
f 2983 3086 3065
f 2983 3065 3064
f 2983 3064 3063
f 2983 3063 3039
f 2983 3039 3014
f 2983 3014 3020
f 2983 3020 3005
f 2983 3005 2995
f 2983 2995 2989
f 2983 2989 2986
f 2983 2986 2990
f 2983 2990 2998
f 2983 2998 3013
f 2983 3013 3038
f 2983 3038 3046
f 2983 3046 3021
f 2983 3021 3000
f 2983 3000 2991
f 2983 2991 2987
f 2983 2987 2984
f 2984 2987 2988
f 2984 2988 2985
f 2986 2989 2990
f 2987 2991 3002
f 2987 3002 3024
f 2987 3024 3048
f 2987 3048 3049
f 2987 3049 3060
f 2987 3060 3058
f 2987 3058 3082
f 2987 3082 3081
f 2987 3081 3098
f 2987 3098 3091
f 2987 3091 3071
f 2987 3071 3070
f 2987 3070 3050
f 2987 3050 3026
f 2987 3026 3003
f 2987 3003 2992
f 2987 2992 2988
f 2988 2992 2993
f 2988 2993 2994
f 2989 2995 2990
f 2990 2996 2997
f 2990 2997 2998
f 2990 2995 2999
f 2990 2999 2996
f 2991 3000 3001
f 2991 3001 3002
f 2992 3003 3028
f 2992 3028 3053
f 2992 3053 3074
f 2992 3074 3095
f 2992 3095 3094
f 2992 3094 3093
f 2992 3093 3078
f 2992 3078 3054
f 2992 3054 3029
f 2992 3029 3004
f 2992 3004 2993
f 2993 3004 2994
f 2995 3005 2999
f 2996 2999 2997
f 2997 3006 3007
f 2997 3007 3008
f 2997 3008 3009
f 2997 3009 3010
f 2997 3010 3011
f 2997 3011 3012
f 2997 3012 3013
f 2997 3013 2998
f 2997 2999 3006
f 2999 3014 3015
f 2999 3015 3016
f 2999 3016 3017
f 2999 3017 3018
f 2999 3018 3019
f 2999 3019 3007
f 2999 3007 3006
f 2999 3005 3020
f 2999 3020 3014
f 3000 3021 3022
f 3000 3022 3023
f 3000 3023 3001
f 3001 3024 3002
f 3001 3023 3025
f 3001 3025 3024
f 3003 3026 3027
f 3003 3027 3028
f 3007 3019 3030
f 3007 3030 3031
f 3007 3031 3032
f 3007 3032 3008
f 3008 3033 3034
f 3008 3034 3009
f 3008 3032 3035
f 3008 3035 3033
f 3009 3034 3025
f 3009 3025 3010
f 3010 3025 3011
f 3011 3025 3036
f 3011 3036 3022
f 3011 3022 3037
f 3011 3037 3038
f 3011 3038 3013
f 3011 3013 3012
f 3014 3039 3015
f 3015 3039 3040
f 3015 3040 3041
f 3015 3041 3016
f 3016 3041 3017
f 3017 3041 3042
f 3017 3042 3043
f 3017 3043 3044
f 3017 3044 3045
f 3017 3045 3030
f 3017 3030 3019
f 3017 3019 3018
f 3021 3046 3022
f 3022 3046 3037
f 3022 3036 3047
f 3022 3047 3023
f 3023 3047 3025
f 3024 3025 3048
f 3025 3049 3048
f 3025 3047 3036
f 3025 3034 3049
f 3026 3050 3051
f 3026 3051 3027
f 3027 3052 3053
f 3027 3053 3028
f 3027 3051 3052
f 3029 3054 3055
f 3029 3055 3056
f 3030 3045 3031
f 3031 3045 3035
f 3031 3035 3032
f 3033 3057 3082
f 3033 3082 3058
f 3033 3058 3034
f 3033 3035 3059
f 3033 3059 3057
f 3034 3058 3060
f 3034 3060 3049
f 3035 3045 3061
f 3035 3061 3062
f 3035 3062 3059
f 3037 3046 3038
f 3039 3063 3040
f 3040 3063 3064
f 3040 3064 3065
f 3040 3065 3066
f 3040 3066 3067
f 3040 3067 3041
f 3041 3067 3068
f 3041 3068 3042
f 3042 3068 3069
f 3042 3069 3043
f 3043 3069 3061
f 3043 3061 3044
f 3044 3061 3045
f 3050 3070 3051
f 3051 3070 3071
f 3051 3071 3072
f 3051 3072 3052
f 3052 3073 3074
f 3052 3074 3053
f 3052 3072 3075
f 3052 3075 3076
f 3052 3076 3077
f 3052 3077 3073
f 3054 3078 3055
f 3055 3078 3073
f 3055 3073 3079
f 3055 3079 3056
f 3056 3079 3080
f 3057 3059 3062
f 3057 3062 3081
f 3057 3081 3082
f 3061 3083 3062
f 3061 3069 3084
f 3061 3084 3075
f 3061 3075 3085
f 3061 3085 3083
f 3062 3083 3081
f 3065 3067 3066
f 3065 3086 3067
f 3067 3087 3068
f 3067 3086 3088
f 3067 3088 3079
f 3067 3079 3089
f 3067 3089 3087
f 3068 3087 3090
f 3068 3090 3069
f 3069 3090 3077
f 3069 3077 3084
f 3071 3085 3072
f 3071 3091 3092
f 3071 3092 3083
f 3071 3083 3085
f 3072 3085 3075
f 3073 3078 3093
f 3073 3093 3094
f 3073 3094 3095
f 3073 3095 3074
f 3073 3077 3096
f 3073 3096 3079
f 3075 3097 3077
f 3075 3077 3076
f 3075 3084 3097
f 3077 3097 3084
f 3077 3090 3096
f 3079 3096 3090
f 3079 3090 3089
f 3079 3088 3080
f 3080 3088 3086
f 3081 3083 3092
f 3081 3092 3098
f 3087 3089 3090
f 3091 3098 3092
f 3099 3100 3106
f 3099 3106 3125
f 3099 3125 3137
f 3099 3137 3150
f 3099 3150 3161
f 3099 3161 3162
f 3099 3162 3154
f 3099 3154 3153
f 3099 3153 3152
f 3099 3152 3151
f 3099 3151 3139
f 3099 3139 3138
f 3099 3138 3128
f 3099 3128 3126
f 3099 3126 3107
f 3099 3107 3101
f 3099 3101 3102
f 3099 3102 3109
f 3099 3109 3108
f 3099 3108 3122
f 3099 3122 3121
f 3099 3121 3120
f 3099 3120 3119
f 3099 3119 3118
f 3099 3118 3117
f 3099 3117 3116
f 3099 3116 3115
f 3099 3115 3110
f 3099 3110 3103
f 3099 3103 3100
f 3100 3103 3104
f 3100 3104 3105
f 3100 3105 3106
f 3101 3107 3108
f 3101 3108 3109
f 3101 3109 3102
f 3103 3110 3104
f 3104 3111 3112
f 3104 3112 3113
f 3104 3113 3114
f 3104 3114 3105
f 3104 3110 3115
f 3104 3115 3116
f 3104 3116 3117
f 3104 3117 3118
f 3104 3118 3119
f 3104 3119 3120
f 3104 3120 3121
f 3104 3121 3122
f 3104 3122 3111
f 3105 3114 3123
f 3105 3123 3106
f 3106 3123 3124
f 3106 3124 3134
f 3106 3134 3147
f 3106 3147 3148
f 3106 3148 3146
f 3106 3146 3145
f 3106 3145 3143
f 3106 3143 3158
f 3106 3158 3149
f 3106 3149 3136
f 3106 3136 3125
f 3107 3126 3108
f 3108 3127 3142
f 3108 3142 3157
f 3108 3157 3165
f 3108 3165 3164
f 3108 3164 3158
f 3108 3158 3143
f 3108 3143 3133
f 3108 3133 3122
f 3108 3126 3128
f 3108 3128 3127
f 3111 3129 3112
f 3111 3122 3129
f 3112 3129 3130
f 3112 3130 3113
f 3113 3130 3131
f 3113 3131 3132
f 3113 3132 3114
f 3114 3132 3123
f 3122 3133 3129
f 3123 3134 3124
f 3123 3132 3135
f 3123 3135 3134
f 3125 3136 3137
f 3127 3128 3138
f 3127 3138 3139
f 3127 3139 3140
f 3127 3140 3141
f 3127 3141 3142
f 3129 3133 3130
f 3130 3133 3143
f 3130 3143 3144
f 3130 3144 3131
f 3131 3144 3143
f 3131 3143 3145
f 3131 3145 3146
f 3131 3146 3135
f 3131 3135 3132
f 3134 3135 3147
f 3135 3146 3148
f 3135 3148 3147
f 3136 3149 3150
f 3136 3150 3137
f 3139 3151 3140
f 3140 3151 3152
f 3140 3152 3141
f 3141 3152 3153
f 3141 3153 3154
f 3141 3154 3155
f 3141 3155 3156
f 3141 3156 3142
f 3142 3156 3157
f 3149 3158 3150
f 3150 3158 3159
f 3150 3159 3160
f 3150 3160 3161
f 3154 3162 3155
f 3155 3162 3163
f 3155 3163 3156
f 3156 3164 3165
f 3156 3165 3157
f 3156 3163 3160
f 3156 3160 3166
f 3156 3166 3158
f 3156 3158 3164
f 3158 3166 3160
f 3158 3160 3159
f 3160 3163 3162
f 3160 3162 3161
f 3167 3168 3178
f 3167 3178 3188
f 3167 3188 3205
f 3167 3205 3204
f 3167 3204 3203
f 3167 3203 3202
f 3167 3202 3222
f 3167 3222 3228
f 3167 3228 3212
f 3167 3212 3196
f 3167 3196 3189
f 3167 3189 3179
f 3167 3179 3169
f 3167 3169 3170
f 3167 3170 3171
f 3167 3171 3181
f 3167 3181 3192
f 3167 3192 3191
f 3167 3191 3208
f 3167 3208 3224
f 3167 3224 3244
f 3167 3244 3245
f 3167 3245 3229
f 3167 3229 3213
f 3167 3213 3197
f 3167 3197 3183
f 3167 3183 3172
f 3167 3172 3168
f 3168 3172 3173
f 3168 3173 3174
f 3168 3174 3175
f 3168 3175 3176
f 3168 3176 3177
f 3168 3177 3178
f 3169 3179 3170
f 3170 3180 3181
f 3170 3181 3171
f 3170 3179 3182
f 3170 3182 3180
f 3172 3183 3200
f 3172 3200 3218
f 3172 3218 3236
f 3172 3236 3237
f 3172 3237 3219
f 3172 3219 3201
f 3172 3201 3186
f 3172 3186 3185
f 3172 3185 3184
f 3172 3184 3176
f 3172 3176 3175
f 3172 3175 3174
f 3172 3174 3173
f 3176 3184 3177
f 3177 3184 3185
f 3177 3185 3186
f 3177 3186 3187
f 3177 3187 3188
f 3177 3188 3178
f 3179 3189 3182
f 3180 3190 3191
f 3180 3191 3192
f 3180 3192 3181
f 3180 3182 3193
f 3180 3193 3194
f 3180 3194 3195
f 3180 3195 3190
f 3182 3194 3193
f 3182 3189 3196
f 3182 3196 3194
f 3183 3197 3198
f 3183 3198 3199
f 3183 3199 3200
f 3186 3201 3221
f 3186 3221 3238
f 3186 3238 3235
f 3186 3235 3250
f 3186 3250 3248
f 3186 3248 3247
f 3186 3247 3246
f 3186 3246 3252
f 3186 3252 3251
f 3186 3251 3239
f 3186 3239 3222
f 3186 3222 3202
f 3186 3202 3203
f 3186 3203 3204
f 3186 3204 3187
f 3187 3204 3205
f 3187 3205 3188
f 3190 3206 3207
f 3190 3207 3208
f 3190 3208 3191
f 3190 3195 3209
f 3190 3209 3210
f 3190 3210 3206
f 3194 3211 3210
f 3194 3210 3195
f 3194 3196 3211
f 3195 3210 3209
f 3196 3212 3211
f 3197 3213 3198
f 3198 3214 3215
f 3198 3215 3216
f 3198 3216 3217
f 3198 3217 3199
f 3198 3213 3214
f 3199 3217 3200
f 3200 3217 3218
f 3201 3219 3220
f 3201 3220 3221
f 3206 3210 3223
f 3206 3223 3207
f 3207 3224 3208
f 3207 3223 3225
f 3207 3225 3224
f 3210 3211 3226
f 3210 3226 3223
f 3211 3227 3226
f 3211 3212 3228
f 3211 3228 3222
f 3211 3222 3227
f 3213 3229 3230
f 3213 3230 3214
f 3214 3230 3223
f 3214 3223 3226
f 3214 3226 3215
f 3215 3231 3216
f 3215 3226 3232
f 3215 3232 3233
f 3215 3233 3234
f 3215 3234 3231
f 3216 3220 3217
f 3216 3231 3235
f 3216 3235 3220
f 3217 3236 3218
f 3217 3220 3219
f 3217 3219 3237
f 3217 3237 3236
f 3220 3235 3238
f 3220 3238 3221
f 3222 3239 3240
f 3222 3240 3241
f 3222 3241 3242
f 3222 3242 3226
f 3222 3226 3227
f 3223 3230 3225
f 3224 3225 3243
f 3224 3243 3244
f 3225 3230 3245
f 3225 3245 3243
f 3226 3242 3241
f 3226 3241 3240
f 3226 3240 3232
f 3229 3245 3230
f 3231 3234 3235
f 3232 3240 3246
f 3232 3246 3247
f 3232 3247 3248
f 3232 3248 3249
f 3232 3249 3233
f 3233 3249 3234
f 3234 3249 3235
f 3235 3249 3250
f 3239 3251 3240
f 3240 3251 3252
f 3240 3252 3246
f 3243 3245 3244
f 3248 3250 3249
f 3253 3254 3255
f 3253 3255 3256
f 3253 3256 3261
f 3253 3261 3269
f 3253 3269 3274
f 3253 3274 3281
f 3253 3281 3289
f 3253 3289 3305
f 3253 3305 3304
f 3253 3304 3302
f 3253 3302 3283
f 3253 3283 3276
f 3253 3276 3271
f 3253 3271 3263
f 3253 3263 3257
f 3253 3257 3258
f 3253 3258 3254
f 3254 3258 3259
f 3254 3259 3255
f 3255 3260 3261
f 3255 3261 3256
f 3255 3259 3262
f 3255 3262 3260
f 3257 3263 3264
f 3257 3264 3265
f 3257 3265 3266
f 3257 3266 3258
f 3258 3266 3265
f 3258 3265 3264
f 3258 3264 3272
f 3258 3272 3280
f 3258 3280 3279
f 3258 3279 3278
f 3258 3278 3288
f 3258 3288 3287
f 3258 3287 3286
f 3258 3286 3285
f 3258 3285 3303
f 3258 3303 3294
f 3258 3294 3282
f 3258 3282 3275
f 3258 3275 3273
f 3258 3273 3267
f 3258 3267 3259
f 3259 3267 3262
f 3260 3262 3261
f 3261 3268 3269
f 3261 3262 3268
f 3262 3267 3270
f 3262 3270 3275
f 3262 3275 3282
f 3262 3282 3290
f 3262 3290 3281
f 3262 3281 3274
f 3262 3274 3268
f 3263 3271 3272
f 3263 3272 3264
f 3267 3273 3270
f 3268 3274 3269
f 3270 3273 3275
f 3271 3276 3277
f 3271 3277 3278
f 3271 3278 3279
f 3271 3279 3280
f 3271 3280 3272
f 3276 3283 3277
f 3277 3283 3284
f 3277 3284 3285
f 3277 3285 3286
f 3277 3286 3287
f 3277 3287 3288
f 3277 3288 3278
f 3281 3290 3291
f 3281 3291 3292
f 3281 3292 3293
f 3281 3293 3289
f 3282 3294 3295
f 3282 3295 3296
f 3282 3296 3297
f 3282 3297 3298
f 3282 3298 3299
f 3282 3299 3300
f 3282 3300 3301
f 3282 3301 3291
f 3282 3291 3290
f 3283 3302 3285
f 3283 3285 3284
f 3285 3302 3304
f 3285 3304 3303
f 3289 3293 3292
f 3289 3292 3291
f 3289 3291 3301
f 3289 3301 3300
f 3289 3300 3299
f 3289 3299 3298
f 3289 3298 3297
f 3289 3297 3296
f 3289 3296 3295
f 3289 3295 3294
f 3289 3294 3303
f 3289 3303 3305
f 3303 3304 3305
f 3306 3307 3310
f 3306 3310 3321
f 3306 3321 3332
f 3306 3332 3346
f 3306 3346 3345
f 3306 3345 3373
f 3306 3373 3402
f 3306 3402 3401
f 3306 3401 3420
f 3306 3420 3406
f 3306 3406 3379
f 3306 3379 3354
f 3306 3354 3351
f 3306 3351 3333
f 3306 3333 3322
f 3306 3322 3311
f 3306 3311 3308
f 3306 3308 3315
f 3306 3315 3324
f 3306 3324 3340
f 3306 3340 3365
f 3306 3365 3395
f 3306 3395 3374
f 3306 3374 3347
f 3306 3347 3328
f 3306 3328 3319
f 3306 3319 3309
f 3306 3309 3307
f 3307 3309 3310
f 3308 3311 3312
f 3308 3312 3313
f 3308 3313 3314
f 3308 3314 3315
f 3309 3316 3317
f 3309 3317 3318
f 3309 3318 3310
f 3309 3319 3320
f 3309 3320 3316
f 3310 3318 3317
f 3310 3317 3321
f 3311 3322 3335
f 3311 3335 3353
f 3311 3353 3378
f 3311 3378 3361
f 3311 3361 3337
f 3311 3337 3323
f 3311 3323 3314
f 3311 3314 3313
f 3311 3313 3312
f 3314 3323 3336
f 3314 3336 3360
f 3314 3360 3388
f 3314 3388 3414
f 3314 3414 3413
f 3314 3413 3425
f 3314 3425 3428
f 3314 3428 3426
f 3314 3426 3416
f 3314 3416 3389
f 3314 3389 3362
f 3314 3362 3338
f 3314 3338 3324
f 3314 3324 3315
f 3316 3320 3317
f 3317 3325 3326
f 3317 3326 3321
f 3317 3320 3327
f 3317 3327 3325
f 3319 3328 3329
f 3319 3329 3320
f 3320 3329 3330
f 3320 3330 3327
f 3321 3326 3331
f 3321 3331 3332
f 3322 3333 3334
f 3322 3334 3335
f 3323 3337 3336
f 3324 3338 3339
f 3324 3339 3340
f 3325 3341 3342
f 3325 3342 3326
f 3325 3327 3343
f 3325 3343 3344
f 3325 3344 3341
f 3326 3342 3345
f 3326 3345 3346
f 3326 3346 3331
f 3327 3330 3344
f 3327 3344 3343
f 3328 3347 3348
f 3328 3348 3329
f 3329 3348 3349
f 3329 3349 3330
f 3330 3349 3350
f 3330 3350 3344
f 3331 3346 3332
f 3333 3351 3334
f 3334 3352 3353
f 3334 3353 3335
f 3334 3351 3354
f 3334 3354 3355
f 3334 3355 3356
f 3334 3356 3357
f 3334 3357 3352
f 3336 3358 3359
f 3336 3359 3360
f 3336 3337 3361
f 3336 3361 3358
f 3338 3362 3363
f 3338 3363 3339
f 3339 3363 3364
f 3339 3364 3340
f 3340 3364 3365
f 3341 3366 3367
f 3341 3367 3368
f 3341 3368 3369
f 3341 3369 3342
f 3341 3344 3370
f 3341 3370 3371
f 3341 3371 3366
f 3342 3369 3372
f 3342 3372 3373
f 3342 3373 3345
f 3344 3350 3370
f 3347 3374 3375
f 3347 3375 3348
f 3348 3375 3349
f 3349 3375 3376
f 3349 3376 3377
f 3349 3377 3350
f 3350 3371 3370
f 3350 3377 3371
f 3352 3378 3353
f 3352 3357 3358
f 3352 3358 3378
f 3354 3379 3380
f 3354 3380 3355
f 3355 3380 3381
f 3355 3381 3382
f 3355 3382 3356
f 3356 3383 3384
f 3356 3384 3385
f 3356 3385 3359
f 3356 3359 3357
f 3356 3382 3386
f 3356 3386 3383
f 3357 3359 3358
f 3358 3361 3378
f 3359 3385 3387
f 3359 3387 3360
f 3360 3387 3388
f 3362 3389 3363
f 3363 3389 3390
f 3363 3390 3391
f 3363 3391 3392
f 3363 3392 3393
f 3363 3393 3394
f 3363 3394 3364
f 3364 3394 3376
f 3364 3376 3375
f 3364 3375 3365
f 3365 3375 3395
f 3366 3371 3367
f 3367 3396 3397
f 3367 3397 3368
f 3367 3371 3398
f 3367 3398 3399
f 3367 3399 3396
f 3368 3397 3400
f 3368 3400 3369
f 3369 3400 3401
f 3369 3401 3402
f 3369 3402 3372
f 3371 3383 3403
f 3371 3403 3398
f 3371 3377 3404
f 3371 3404 3405
f 3371 3405 3383
f 3372 3402 3373
f 3374 3395 3375
f 3376 3394 3393
f 3376 3393 3377
f 3377 3393 3404
f 3379 3406 3407
f 3379 3407 3408
f 3379 3408 3380
f 3380 3408 3381
f 3381 3408 3386
f 3381 3386 3382
f 3383 3409 3398
f 3383 3398 3403
f 3383 3405 3384
f 3383 3386 3409
f 3384 3405 3410
f 3384 3410 3385
f 3385 3411 3412
f 3385 3412 3413
f 3385 3413 3414
f 3385 3414 3387
f 3385 3410 3411
f 3386 3408 3409
f 3387 3414 3415
f 3387 3415 3388
f 3388 3415 3414
f 3389 3416 3417
f 3389 3417 3390
f 3390 3417 3391
f 3391 3417 3392
f 3392 3417 3393
f 3393 3417 3418
f 3393 3418 3419
f 3393 3419 3404
f 3396 3408 3397
f 3396 3399 3408
f 3397 3408 3400
f 3398 3409 3399
f 3399 3409 3408
f 3400 3408 3407
f 3400 3407 3420
f 3400 3420 3401
f 3404 3419 3421
f 3404 3421 3410
f 3404 3410 3405
f 3406 3420 3407
f 3410 3421 3422
f 3410 3422 3411
f 3411 3422 3412
f 3412 3422 3423
f 3412 3423 3424
f 3412 3424 3425
f 3412 3425 3413
f 3416 3426 3417
f 3417 3426 3418
f 3418 3426 3427
f 3418 3427 3419
f 3419 3427 3421
f 3421 3427 3423
f 3421 3423 3422
f 3423 3426 3424
f 3423 3427 3426
f 3424 3426 3428
f 3424 3428 3425
f 3429 3430 3431
f 3429 3431 3437
f 3429 3437 3444
f 3429 3444 3458
f 3429 3458 3476
f 3429 3476 3473
f 3429 3473 3472
f 3429 3472 3492
f 3429 3492 3514
f 3429 3514 3516
f 3429 3516 3493
f 3429 3493 3477
f 3429 3477 3459
f 3429 3459 3445
f 3429 3445 3439
f 3429 3439 3432
f 3429 3432 3433
f 3429 3433 3434
f 3429 3434 3435
f 3429 3435 3430
f 3430 3435 3431
f 3431 3436 3437
f 3431 3435 3438
f 3431 3438 3436
f 3432 3439 3449
f 3432 3449 3462
f 3432 3462 3483
f 3432 3483 3463
f 3432 3463 3451
f 3432 3451 3450
f 3432 3450 3441
f 3432 3441 3440
f 3432 3440 3434
f 3432 3434 3433
f 3434 3440 3435
f 3435 3440 3441
f 3435 3441 3438
f 3436 3438 3442
f 3436 3442 3437
f 3437 3443 3444
f 3437 3442 3443
f 3438 3441 3442
f 3439 3445 3446
f 3439 3446 3447
f 3439 3447 3448
f 3439 3448 3449
f 3441 3450 3442
f 3442 3450 3451
f 3442 3451 3452
f 3442 3452 3453
f 3442 3453 3454
f 3442 3454 3455
f 3442 3455 3456
f 3442 3456 3443
f 3443 3457 3444
f 3443 3456 3455
f 3443 3455 3457
f 3444 3457 3458
f 3445 3459 3481
f 3445 3481 3498
f 3445 3498 3497
f 3445 3497 3520
f 3445 3520 3501
f 3445 3501 3482
f 3445 3482 3461
f 3445 3461 3460
f 3445 3460 3448
f 3445 3448 3447
f 3445 3447 3446
f 3448 3460 3449
f 3449 3460 3461
f 3449 3461 3482
f 3449 3482 3500
f 3449 3500 3505
f 3449 3505 3504
f 3449 3504 3485
f 3449 3485 3484
f 3449 3484 3467
f 3449 3467 3466
f 3449 3466 3465
f 3449 3465 3462
f 3451 3463 3452
f 3452 3463 3464
f 3452 3464 3465
f 3452 3465 3466
f 3452 3466 3467
f 3452 3467 3468
f 3452 3468 3469
f 3452 3469 3470
f 3452 3470 3471
f 3452 3471 3472
f 3452 3472 3473
f 3452 3473 3474
f 3452 3474 3475
f 3452 3475 3453
f 3453 3475 3454
f 3454 3475 3455
f 3455 3475 3457
f 3457 3474 3476
f 3457 3476 3458
f 3457 3475 3474
f 3459 3477 3478
f 3459 3478 3479
f 3459 3479 3480
f 3459 3480 3481
f 3462 3465 3464
f 3462 3464 3483
f 3463 3483 3464
f 3467 3484 3468
f 3468 3484 3485
f 3468 3485 3486
f 3468 3486 3487
f 3468 3487 3470
f 3468 3470 3469
f 3470 3487 3488
f 3470 3488 3489
f 3470 3489 3471
f 3471 3489 3490
f 3471 3490 3472
f 3472 3490 3491
f 3472 3491 3492
f 3473 3476 3474
f 3477 3493 3478
f 3478 3494 3495
f 3478 3495 3479
f 3478 3493 3494
f 3479 3495 3496
f 3479 3496 3480
f 3480 3497 3498
f 3480 3498 3481
f 3480 3496 3499
f 3480 3499 3497
f 3482 3501 3502
f 3482 3502 3503
f 3482 3503 3500
f 3485 3504 3486
f 3486 3504 3487
f 3487 3504 3505
f 3487 3505 3506
f 3487 3506 3507
f 3487 3507 3508
f 3487 3508 3488
f 3488 3508 3509
f 3488 3509 3489
f 3489 3509 3490
f 3490 3509 3510
f 3490 3510 3491
f 3491 3510 3508
f 3491 3508 3511
f 3491 3511 3512
f 3491 3512 3513
f 3491 3513 3492
f 3492 3513 3515
f 3492 3515 3507
f 3492 3507 3514
f 3493 3516 3494
f 3494 3517 3496
f 3494 3496 3495
f 3494 3516 3517
f 3496 3518 3507
f 3496 3507 3519
f 3496 3519 3499
f 3496 3517 3518
f 3497 3499 3520
f 3499 3519 3502
f 3499 3502 3520
f 3500 3503 3521
f 3500 3521 3506
f 3500 3506 3505
f 3501 3520 3502
f 3502 3519 3503
f 3503 3519 3507
f 3503 3507 3521
f 3506 3521 3507
f 3507 3515 3512
f 3507 3512 3511
f 3507 3511 3508
f 3507 3518 3514
f 3508 3510 3509
f 3512 3515 3513
f 3514 3518 3517
f 3514 3517 3516
f 3522 3523 3524
f 3522 3524 3525
f 3522 3525 3526
f 3522 3526 3527
f 3522 3527 3528
f 3522 3528 3529
f 3522 3529 3530
f 3522 3530 3531
f 3522 3531 3532
f 3522 3532 3523
f 3523 3533 3534
f 3523 3534 3524
f 3523 3532 3531
f 3523 3531 3535
f 3523 3535 3536
f 3523 3536 3533
f 3524 3534 3537
f 3524 3537 3538
f 3524 3538 3539
f 3524 3539 3525
f 3525 3539 3538
f 3525 3538 3537
f 3525 3537 3555
f 3525 3555 3573
f 3525 3573 3588
f 3525 3588 3592
f 3525 3592 3607
f 3525 3607 3590
f 3525 3590 3576
f 3525 3576 3563
f 3525 3563 3562
f 3525 3562 3542
f 3525 3542 3541
f 3525 3541 3540
f 3525 3540 3527
f 3525 3527 3526
f 3527 3540 3528
f 3528 3541 3542
f 3528 3542 3543
f 3528 3543 3529
f 3528 3540 3541
f 3529 3543 3544
f 3529 3544 3545
f 3529 3545 3546
f 3529 3546 3531
f 3529 3531 3530
f 3531 3546 3547
f 3531 3547 3535
f 3533 3548 3549
f 3533 3549 3534
f 3533 3536 3550
f 3533 3550 3551
f 3533 3551 3548
f 3534 3549 3552
f 3534 3552 3553
f 3534 3553 3554
f 3534 3554 3555
f 3534 3555 3537
f 3535 3556 3557
f 3535 3557 3536
f 3535 3547 3558
f 3535 3558 3559
f 3535 3559 3556
f 3536 3557 3560
f 3536 3560 3561
f 3536 3561 3548
f 3536 3548 3550
f 3542 3562 3543
f 3543 3562 3544
f 3544 3562 3563
f 3544 3563 3564
f 3544 3564 3545
f 3545 3564 3565
f 3545 3565 3546
f 3546 3565 3566
f 3546 3566 3567
f 3546 3567 3568
f 3546 3568 3547
f 3547 3568 3558
f 3548 3551 3550
f 3548 3561 3560
f 3548 3560 3574
f 3548 3574 3556
f 3548 3556 3559
f 3548 3559 3558
f 3548 3558 3575
f 3548 3575 3589
f 3548 3589 3603
f 3548 3603 3610
f 3548 3610 3611
f 3548 3611 3604
f 3548 3604 3586
f 3548 3586 3571
f 3548 3571 3570
f 3548 3570 3569
f 3548 3569 3549
f 3549 3569 3570
f 3549 3570 3571
f 3549 3571 3552
f 3552 3571 3572
f 3552 3572 3553
f 3553 3572 3571
f 3553 3571 3586
f 3553 3586 3605
f 3553 3605 3606
f 3553 3606 3587
f 3553 3587 3573
f 3553 3573 3555
f 3553 3555 3554
f 3556 3574 3557
f 3557 3574 3560
f 3558 3568 3567
f 3558 3567 3575
f 3563 3576 3564
f 3564 3576 3577
f 3564 3577 3565
f 3565 3577 3578
f 3565 3578 3579
f 3565 3579 3580
f 3565 3580 3566
f 3566 3580 3581
f 3566 3581 3567
f 3567 3581 3582
f 3567 3582 3583
f 3567 3583 3584
f 3567 3584 3585
f 3567 3585 3575
f 3573 3587 3588
f 3575 3585 3589
f 3576 3590 3577
f 3577 3590 3591
f 3577 3591 3592
f 3577 3592 3593
f 3577 3593 3594
f 3577 3594 3595
f 3577 3595 3596
f 3577 3596 3597
f 3577 3597 3579
f 3577 3579 3578
f 3579 3597 3580
f 3580 3597 3598
f 3580 3598 3582
f 3580 3582 3581
f 3582 3598 3599
f 3582 3599 3600
f 3582 3600 3584
f 3582 3584 3583
f 3584 3600 3601
f 3584 3601 3585
f 3585 3601 3599
f 3585 3599 3608
f 3585 3608 3595
f 3585 3595 3594
f 3585 3594 3593
f 3585 3593 3592
f 3585 3592 3588
f 3585 3588 3604
f 3585 3604 3611
f 3585 3611 3612
f 3585 3612 3609
f 3585 3609 3602
f 3585 3602 3603
f 3585 3603 3589
f 3586 3604 3588
f 3586 3588 3605
f 3587 3606 3588
f 3588 3606 3605
f 3590 3607 3591
f 3591 3607 3592
f 3595 3608 3598
f 3595 3598 3596
f 3596 3598 3597
f 3598 3608 3599
f 3599 3601 3600
f 3602 3609 3610
f 3602 3610 3603
f 3609 3612 3610
f 3610 3612 3611
f 3613 3614 3615
f 3613 3615 3616
f 3613 3616 3625
f 3613 3625 3637
f 3613 3637 3652
f 3613 3652 3649
f 3613 3649 3648
f 3613 3648 3647
f 3613 3647 3664
f 3613 3664 3653
f 3613 3653 3641
f 3613 3641 3640
f 3613 3640 3626
f 3613 3626 3617
f 3613 3617 3629
f 3613 3629 3644
f 3613 3644 3659
f 3613 3659 3658
f 3613 3658 3663
f 3613 3663 3646
f 3613 3646 3630
f 3613 3630 3618
f 3613 3618 3614
f 3614 3619 3620
f 3614 3620 3621
f 3614 3621 3615
f 3614 3618 3622
f 3614 3622 3623
f 3614 3623 3624
f 3614 3624 3619
f 3615 3621 3625
f 3615 3625 3616
f 3617 3626 3627
f 3617 3627 3628
f 3617 3628 3629
f 3618 3630 3645
f 3618 3645 3662
f 3618 3662 3683
f 3618 3683 3701
f 3618 3701 3684
f 3618 3684 3665
f 3618 3665 3651
f 3618 3651 3634
f 3618 3634 3633
f 3618 3633 3632
f 3618 3632 3624
f 3618 3624 3623
f 3618 3623 3622
f 3619 3631 3620
f 3619 3624 3632
f 3619 3632 3633
f 3619 3633 3634
f 3619 3634 3631
f 3620 3631 3621
f 3621 3631 3635
f 3621 3635 3625
f 3625 3636 3637
f 3625 3635 3631
f 3625 3631 3638
f 3625 3638 3639
f 3625 3639 3636
f 3626 3640 3627
f 3627 3640 3641
f 3627 3641 3628
f 3628 3641 3642
f 3628 3642 3629
f 3629 3642 3643
f 3629 3643 3644
f 3630 3646 3645
f 3631 3634 3647
f 3631 3647 3648
f 3631 3648 3649
f 3631 3649 3650
f 3631 3650 3638
f 3634 3651 3668
f 3634 3668 3690
f 3634 3690 3689
f 3634 3689 3688
f 3634 3688 3699
f 3634 3699 3698
f 3634 3698 3697
f 3634 3697 3696
f 3634 3696 3695
f 3634 3695 3691
f 3634 3691 3670
f 3634 3670 3669
f 3634 3669 3664
f 3634 3664 3647
f 3636 3650 3637
f 3636 3639 3650
f 3637 3650 3652
f 3638 3650 3639
f 3641 3653 3654
f 3641 3654 3642
f 3642 3655 3656
f 3642 3656 3657
f 3642 3657 3658
f 3642 3658 3643
f 3642 3654 3655
f 3643 3658 3659
f 3643 3659 3660
f 3643 3660 3661
f 3643 3661 3644
f 3644 3661 3660
f 3644 3660 3659
f 3645 3646 3663
f 3645 3663 3662
f 3649 3652 3650
f 3651 3665 3666
f 3651 3666 3667
f 3651 3667 3668
f 3653 3664 3669
f 3653 3669 3670
f 3653 3670 3671
f 3653 3671 3654
f 3654 3671 3672
f 3654 3672 3673
f 3654 3673 3655
f 3655 3674 3675
f 3655 3675 3676
f 3655 3676 3656
f 3655 3673 3674
f 3656 3676 3677
f 3656 3677 3678
f 3656 3678 3679
f 3656 3679 3680
f 3656 3680 3681
f 3656 3681 3657
f 3657 3681 3663
f 3657 3663 3682
f 3657 3682 3658
f 3658 3682 3663
f 3662 3663 3681
f 3662 3681 3683
f 3665 3684 3685
f 3665 3685 3666
f 3666 3685 3667
f 3667 3686 3679
f 3667 3679 3687
f 3667 3687 3688
f 3667 3688 3689
f 3667 3689 3690
f 3667 3690 3668
f 3667 3685 3686
f 3670 3691 3692
f 3670 3692 3693
f 3670 3693 3671
f 3671 3693 3673
f 3671 3673 3672
f 3673 3693 3692
f 3673 3692 3674
f 3674 3694 3675
f 3674 3692 3694
f 3675 3694 3695
f 3675 3695 3696
f 3675 3696 3676
f 3676 3696 3697
f 3676 3697 3698
f 3676 3698 3699
f 3676 3699 3700
f 3676 3700 3677
f 3677 3700 3678
f 3678 3700 3679
f 3679 3700 3687
f 3679 3686 3683
f 3679 3683 3680
f 3680 3683 3681
f 3683 3685 3701
f 3683 3686 3685
f 3684 3701 3685
f 3687 3700 3688
f 3688 3700 3699
f 3691 3695 3694
f 3691 3694 3692
f 3702 3703 3708
f 3702 3708 3718
f 3702 3718 3728
f 3702 3728 3747
f 3702 3747 3773
f 3702 3773 3785
f 3702 3785 3774
f 3702 3774 3750
f 3702 3750 3733
f 3702 3733 3732
f 3702 3732 3731
f 3702 3731 3720
f 3702 3720 3710
f 3702 3710 3704
f 3702 3704 3705
f 3702 3705 3706
f 3702 3706 3715
f 3702 3715 3714
f 3702 3714 3713
f 3702 3713 3724
f 3702 3724 3737
f 3702 3737 3727
f 3702 3727 3725
f 3702 3725 3716
f 3702 3716 3707
f 3702 3707 3703
f 3703 3707 3708
f 3704 3709 3705
f 3704 3710 3709
f 3705 3709 3711
f 3705 3711 3712
f 3705 3712 3713
f 3705 3713 3714
f 3705 3714 3715
f 3705 3715 3706
f 3707 3716 3717
f 3707 3717 3708
f 3708 3717 3718
f 3709 3710 3719
f 3709 3719 3711
f 3710 3720 3721
f 3710 3721 3719
f 3711 3722 3712
f 3711 3719 3723
f 3711 3723 3722
f 3712 3722 3713
f 3713 3722 3724
f 3716 3725 3717
f 3717 3726 3743
f 3717 3743 3768
f 3717 3768 3783
f 3717 3783 3782
f 3717 3782 3784
f 3717 3784 3769
f 3717 3769 3744
f 3717 3744 3728
f 3717 3728 3718
f 3717 3725 3727
f 3717 3727 3737
f 3717 3737 3758
f 3717 3758 3760
f 3717 3760 3759
f 3717 3759 3749
f 3717 3749 3756
f 3717 3756 3755
f 3717 3755 3753
f 3717 3753 3777
f 3717 3777 3786
f 3717 3786 3781
f 3717 3781 3765
f 3717 3765 3764
f 3717 3764 3761
f 3717 3761 3740
f 3717 3740 3726
f 3719 3729 3723
f 3719 3721 3730
f 3719 3730 3729
f 3720 3731 3721
f 3721 3731 3732
f 3721 3732 3733
f 3721 3733 3734
f 3721 3734 3735
f 3721 3735 3736
f 3721 3736 3730
f 3722 3737 3724
f 3722 3723 3738
f 3722 3738 3737
f 3723 3729 3739
f 3723 3739 3738
f 3726 3740 3741
f 3726 3741 3742
f 3726 3742 3743
f 3728 3744 3745
f 3728 3745 3746
f 3728 3746 3771
f 3728 3771 3747
f 3729 3730 3748
f 3729 3748 3749
f 3729 3749 3739
f 3730 3736 3748
f 3733 3750 3735
f 3733 3735 3734
f 3735 3750 3751
f 3735 3751 3752
f 3735 3752 3753
f 3735 3753 3754
f 3735 3754 3736
f 3736 3754 3755
f 3736 3755 3756
f 3736 3756 3748
f 3737 3738 3757
f 3737 3757 3758
f 3738 3739 3757
f 3739 3759 3760
f 3739 3760 3758
f 3739 3758 3757
f 3739 3749 3759
f 3740 3761 3741
f 3741 3762 3763
f 3741 3763 3767
f 3741 3767 3742
f 3741 3761 3764
f 3741 3764 3765
f 3741 3765 3766
f 3741 3766 3762
f 3742 3767 3768
f 3742 3768 3743
f 3744 3769 3770
f 3744 3770 3745
f 3745 3770 3746
f 3746 3770 3778
f 3746 3778 3771
f 3747 3771 3772
f 3747 3772 3773
f 3748 3756 3749
f 3750 3774 3772
f 3750 3772 3751
f 3751 3775 3776
f 3751 3776 3752
f 3751 3772 3775
f 3752 3776 3753
f 3753 3755 3754
f 3753 3776 3777
f 3762 3775 3778
f 3762 3778 3763
f 3762 3766 3779
f 3762 3779 3780
f 3762 3780 3776
f 3762 3776 3775
f 3763 3778 3770
f 3763 3770 3767
f 3765 3781 3766
f 3766 3781 3779
f 3767 3770 3782
f 3767 3782 3783
f 3767 3783 3768
f 3769 3784 3770
f 3770 3784 3782
f 3771 3778 3775
f 3771 3775 3772
f 3772 3774 3785
f 3772 3785 3773
f 3776 3780 3777
f 3777 3780 3786
f 3779 3781 3780
f 3780 3781 3786
f 3787 3788 3789
f 3787 3789 3790
f 3787 3790 3799
f 3787 3799 3816
f 3787 3816 3824
f 3787 3824 3837
f 3787 3837 3846
f 3787 3846 3839
f 3787 3839 3838
f 3787 3838 3825
f 3787 3825 3817
f 3787 3817 3800
f 3787 3800 3791
f 3787 3791 3788
f 3788 3791 3792
f 3788 3792 3789
f 3789 3793 3794
f 3789 3794 3795
f 3789 3795 3790
f 3789 3792 3796
f 3789 3796 3797
f 3789 3797 3798
f 3789 3798 3793
f 3790 3795 3799
f 3791 3800 3801
f 3791 3801 3802
f 3791 3802 3803
f 3791 3803 3792
f 3792 3803 3804
f 3792 3804 3796
f 3793 3798 3794
f 3794 3798 3805
f 3794 3805 3806
f 3794 3806 3807
f 3794 3807 3795
f 3795 3807 3808
f 3795 3808 3809
f 3795 3809 3810
f 3795 3810 3799
f 3796 3804 3797
f 3797 3804 3803
f 3797 3803 3802
f 3797 3802 3801
f 3797 3801 3800
f 3797 3800 3817
f 3797 3817 3811
f 3797 3811 3798
f 3798 3811 3823
f 3798 3823 3829
f 3798 3829 3828
f 3798 3828 3827
f 3798 3827 3826
f 3798 3826 3840
f 3798 3840 3844
f 3798 3844 3836
f 3798 3836 3845
f 3798 3845 3850
f 3798 3850 3847
f 3798 3847 3841
f 3798 3841 3831
f 3798 3831 3830
f 3798 3830 3819
f 3798 3819 3818
f 3798 3818 3805
f 3799 3810 3812
f 3799 3812 3813
f 3799 3813 3814
f 3799 3814 3815
f 3799 3815 3816
f 3805 3818 3806
f 3806 3818 3819
f 3806 3819 3820
f 3806 3820 3821
f 3806 3821 3807
f 3807 3821 3808
f 3808 3822 3809
f 3808 3821 3822
f 3809 3822 3835
f 3809 3835 3834
f 3809 3834 3833
f 3809 3833 3843
f 3809 3843 3848
f 3809 3848 3852
f 3809 3852 3849
f 3809 3849 3845
f 3809 3845 3836
f 3809 3836 3824
f 3809 3824 3816
f 3809 3816 3815
f 3809 3815 3814
f 3809 3814 3813
f 3809 3813 3812
f 3809 3812 3810
f 3811 3817 3823
f 3817 3825 3826
f 3817 3826 3827
f 3817 3827 3828
f 3817 3828 3829
f 3817 3829 3823
f 3819 3830 3820
f 3820 3830 3831
f 3820 3831 3821
f 3821 3831 3832
f 3821 3832 3833
f 3821 3833 3834
f 3821 3834 3835
f 3821 3835 3822
f 3824 3836 3837
f 3825 3838 3826
f 3826 3838 3839
f 3826 3839 3840
f 3831 3841 3842
f 3831 3842 3832
f 3832 3842 3833
f 3833 3842 3843
f 3836 3844 3837
f 3837 3844 3846
f 3839 3844 3840
f 3839 3846 3844
f 3841 3847 3842
f 3842 3847 3848
f 3842 3848 3843
f 3845 3849 3850
f 3847 3850 3851
f 3847 3851 3848
f 3848 3851 3852
f 3849 3852 3850
f 3850 3852 3851
f 3853 3854 3857
f 3853 3857 3867
f 3853 3867 3866
f 3853 3866 3873
f 3853 3873 3887
f 3853 3887 3886
f 3853 3886 3894
f 3853 3894 3907
f 3853 3907 3913
f 3853 3913 3918
f 3853 3918 3914
f 3853 3914 3908
f 3853 3908 3895
f 3853 3895 3888
f 3853 3888 3875
f 3853 3875 3869
f 3853 3869 3859
f 3853 3859 3855
f 3853 3855 3858
f 3853 3858 3868
f 3853 3868 3874
f 3853 3874 3884
f 3853 3884 3883
f 3853 3883 3882
f 3853 3882 3881
f 3853 3881 3880
f 3853 3880 3879
f 3853 3879 3878
f 3853 3878 3871
f 3853 3871 3864
f 3853 3864 3856
f 3853 3856 3854
f 3854 3856 3857
f 3855 3859 3860
f 3855 3860 3861
f 3855 3861 3862
f 3855 3862 3863
f 3855 3863 3858
f 3856 3864 3870
f 3856 3870 3877
f 3856 3877 3890
f 3856 3890 3900
f 3856 3900 3904
f 3856 3904 3909
f 3856 3909 3917
f 3856 3917 3916
f 3856 3916 3915
f 3856 3915 3912
f 3856 3912 3906
f 3856 3906 3893
f 3856 3893 3885
f 3856 3885 3872
f 3856 3872 3865
f 3856 3865 3866
f 3856 3866 3867
f 3856 3867 3857
f 3858 3863 3868
f 3859 3869 3876
f 3859 3876 3889
f 3859 3889 3899
f 3859 3899 3905
f 3859 3905 3901
f 3859 3901 3891
f 3859 3891 3877
f 3859 3877 3870
f 3859 3870 3863
f 3859 3863 3862
f 3859 3862 3861
f 3859 3861 3860
f 3863 3870 3868
f 3864 3871 3870
f 3865 3872 3873
f 3865 3873 3866
f 3868 3870 3874
f 3869 3875 3876
f 3870 3871 3878
f 3870 3878 3879
f 3870 3879 3880
f 3870 3880 3881
f 3870 3881 3882
f 3870 3882 3883
f 3870 3883 3884
f 3870 3884 3874
f 3872 3885 3886
f 3872 3886 3887
f 3872 3887 3873
f 3875 3888 3889
f 3875 3889 3876
f 3877 3891 3892
f 3877 3892 3890
f 3885 3893 3886
f 3886 3893 3894
f 3888 3895 3896
f 3888 3896 3897
f 3888 3897 3898
f 3888 3898 3889
f 3889 3898 3899
f 3890 3892 3900
f 3891 3901 3892
f 3892 3902 3903
f 3892 3903 3904
f 3892 3904 3900
f 3892 3901 3905
f 3892 3905 3902
f 3893 3906 3907
f 3893 3907 3894
f 3895 3908 3896
f 3896 3908 3909
f 3896 3909 3897
f 3897 3910 3898
f 3897 3909 3911
f 3897 3911 3903
f 3897 3903 3902
f 3897 3902 3910
f 3898 3910 3899
f 3899 3910 3905
f 3902 3905 3910
f 3903 3911 3904
f 3904 3911 3909
f 3906 3912 3913
f 3906 3913 3907
f 3908 3914 3912
f 3908 3912 3915
f 3908 3915 3916
f 3908 3916 3917
f 3908 3917 3909
f 3912 3914 3918
f 3912 3918 3913
f 3919 3920 3924
f 3919 3924 3929
f 3919 3929 3937
f 3919 3937 3949
f 3919 3949 3963
f 3919 3963 3965
f 3919 3965 3976
f 3919 3976 3978
f 3919 3978 3970
f 3919 3970 3969
f 3919 3969 3968
f 3919 3968 3954
f 3919 3954 3943
f 3919 3943 3932
f 3919 3932 3926
f 3919 3926 3921
f 3919 3921 3927
f 3919 3927 3935
f 3919 3935 3948
f 3919 3948 3953
f 3919 3953 3940
f 3919 3940 3931
f 3919 3931 3925
f 3919 3925 3922
f 3919 3922 3920
f 3920 3923 3928
f 3920 3928 3936
f 3920 3936 3942
f 3920 3942 3941
f 3920 3941 3939
f 3920 3939 3930
f 3920 3930 3924
f 3920 3922 3925
f 3920 3925 3923
f 3921 3926 3927
f 3923 3925 3928
f 3924 3930 3929
f 3925 3931 3928
f 3926 3932 3933
f 3926 3933 3934
f 3926 3934 3935
f 3926 3935 3927
f 3928 3931 3936
f 3929 3930 3937
f 3930 3938 3937
f 3930 3939 3938
f 3931 3940 3941
f 3931 3941 3942
f 3931 3942 3936
f 3932 3943 3944
f 3932 3944 3933
f 3933 3944 3945
f 3933 3945 3934
f 3934 3945 3946
f 3934 3946 3935
f 3935 3946 3947
f 3935 3947 3962
f 3935 3962 3961
f 3935 3961 3975
f 3935 3975 3974
f 3935 3974 3973
f 3935 3973 3979
f 3935 3979 3980
f 3935 3980 3977
f 3935 3977 3967
f 3935 3967 3966
f 3935 3966 3951
f 3935 3951 3939
f 3935 3939 3941
f 3935 3941 3948
f 3937 3938 3950
f 3937 3950 3949
f 3938 3939 3950
f 3939 3951 3952
f 3939 3952 3950
f 3940 3953 3941
f 3941 3953 3948
f 3943 3954 3944
f 3944 3954 3955
f 3944 3955 3956
f 3944 3956 3957
f 3944 3957 3958
f 3944 3958 3945
f 3945 3959 3960
f 3945 3960 3961
f 3945 3961 3962
f 3945 3962 3946
f 3945 3958 3959
f 3946 3962 3947
f 3949 3950 3963
f 3950 3964 3965
f 3950 3965 3963
f 3950 3952 3964
f 3951 3966 3952
f 3952 3966 3967
f 3952 3967 3964
f 3954 3968 3955
f 3955 3968 3969
f 3955 3969 3970
f 3955 3970 3971
f 3955 3971 3972
f 3955 3972 3956
f 3956 3972 3973
f 3956 3973 3957
f 3957 3960 3959
f 3957 3959 3958
f 3957 3973 3974
f 3957 3974 3975
f 3957 3975 3961
f 3957 3961 3960
f 3964 3976 3965
f 3964 3967 3977
f 3964 3977 3976
f 3970 3978 3971
f 3971 3978 3979
f 3971 3979 3972
f 3972 3979 3973
f 3976 3977 3978
f 3977 3980 3978
f 3978 3980 3979
f 3981 3982 3983
f 3981 3983 3984
f 3981 3984 3990
f 3981 3990 4000
f 3981 4000 4009
f 3981 4009 4023
f 3981 4023 4034
f 3981 4034 4048
f 3981 4048 4056
f 3981 4056 4058
f 3981 4058 4052
f 3981 4052 4035
f 3981 4035 4024
f 3981 4024 4011
f 3981 4011 4002
f 3981 4002 3992
f 3981 3992 3985
f 3981 3985 3991
f 3981 3991 4001
f 3981 4001 3996
f 3981 3996 3986
f 3981 3986 3982
f 3982 3986 3983
f 3983 3986 3987
f 3983 3987 3988
f 3983 3988 3984
f 3984 3988 3989
f 3984 3989 3990
f 3985 3992 3993
f 3985 3993 3994
f 3985 3994 3995
f 3985 3995 3991
f 3986 3996 3987
f 3987 3996 3997
f 3987 3997 3988
f 3988 3997 3998
f 3988 3998 3999
f 3988 3999 3989
f 3989 3999 3990
f 3990 3999 4000
f 3991 3995 3994
f 3991 3994 3993
f 3991 3993 4003
f 3991 4003 4014
f 3991 4014 4027
f 3991 4027 4041
f 3991 4041 4054
f 3991 4054 4055
f 3991 4055 4044
f 3991 4044 4042
f 3991 4042 4029
f 3991 4029 4028
f 3991 4028 4016
f 3991 4016 4015
f 3991 4015 4010
f 3991 4010 4001
f 3992 4002 4012
f 3992 4012 4025
f 3992 4025 4040
f 3992 4040 4026
f 3992 4026 4013
f 3992 4013 4003
f 3992 4003 3993
f 3996 4001 4004
f 3996 4004 3997
f 3997 4004 4005
f 3997 4005 4006
f 3997 4006 3998
f 3998 4006 4007
f 3998 4007 3999
f 3999 4007 4000
f 4000 4007 4008
f 4000 4008 4009
f 4001 4010 4004
f 4002 4011 4012
f 4003 4013 4014
f 4004 4010 4005
f 4005 4010 4015
f 4005 4015 4006
f 4006 4015 4016
f 4006 4016 4017
f 4006 4017 4018
f 4006 4018 4019
f 4006 4019 4007
f 4007 4019 4020
f 4007 4020 4008
f 4008 4020 4009
f 4009 4020 4021
f 4009 4021 4022
f 4009 4022 4023
f 4011 4024 4025
f 4011 4025 4012
f 4013 4026 4014
f 4014 4026 4027
f 4016 4028 4017
f 4017 4028 4029
f 4017 4029 4018
f 4018 4030 4020
f 4018 4020 4019
f 4018 4029 4031
f 4018 4031 4032
f 4018 4032 4030
f 4020 4022 4021
f 4020 4030 4033
f 4020 4033 4022
f 4022 4033 4034
f 4022 4034 4023
f 4024 4035 4036
f 4024 4036 4037
f 4024 4037 4038
f 4024 4038 4039
f 4024 4039 4025
f 4025 4039 4038
f 4025 4038 4040
f 4026 4040 4027
f 4027 4040 4038
f 4027 4038 4041
f 4029 4042 4031
f 4030 4043 4033
f 4030 4032 4043
f 4031 4042 4044
f 4031 4044 4045
f 4031 4045 4037
f 4031 4037 4032
f 4032 4037 4046
f 4032 4046 4047
f 4032 4047 4043
f 4033 4048 4034
f 4033 4043 4047
f 4033 4047 4049
f 4033 4049 4050
f 4033 4050 4048
f 4035 4051 4036
f 4035 4052 4051
f 4036 4051 4047
f 4036 4047 4046
f 4036 4046 4037
f 4037 4053 4054
f 4037 4054 4041
f 4037 4041 4038
f 4037 4045 4053
f 4044 4055 4045
f 4045 4055 4053
f 4047 4051 4049
f 4048 4050 4056
f 4049 4051 4057
f 4049 4057 4050
f 4050 4057 4056
f 4051 4052 4058
f 4051 4058 4057
f 4053 4055 4054
f 4056 4057 4058
f 4059 4060 4063
f 4059 4063 4070
f 4059 4070 4076
f 4059 4076 4090
f 4059 4090 4097
f 4059 4097 4099
f 4059 4099 4105
f 4059 4105 4104
f 4059 4104 4109
f 4059 4109 4106
f 4059 4106 4100
f 4059 4100 4095
f 4059 4095 4086
f 4059 4086 4073
f 4059 4073 4065
f 4059 4065 4061
f 4059 4061 4069
f 4059 4069 4075
f 4059 4075 4089
f 4059 4089 4093
f 4059 4093 4092
f 4059 4092 4083
f 4059 4083 4072
f 4059 4072 4064
f 4059 4064 4062
f 4059 4062 4060
f 4060 4062 4064
f 4060 4064 4063
f 4061 4065 4066
f 4061 4066 4067
f 4061 4067 4068
f 4061 4068 4069
f 4063 4064 4071
f 4063 4071 4070
f 4064 4072 4082
f 4064 4082 4087
f 4064 4087 4096
f 4064 4096 4102
f 4064 4102 4101
f 4064 4101 4108
f 4064 4108 4107
f 4064 4107 4103
f 4064 4103 4098
f 4064 4098 4091
f 4064 4091 4077
f 4064 4077 4071
f 4065 4073 4087
f 4065 4087 4082
f 4065 4082 4081
f 4065 4081 4080
f 4065 4080 4079
f 4065 4079 4085
f 4065 4085 4084
f 4065 4084 4094
f 4065 4094 4088
f 4065 4088 4074
f 4065 4074 4068
f 4065 4068 4067
f 4065 4067 4066
f 4068 4074 4069
f 4069 4074 4075
f 4070 4071 4076
f 4071 4077 4078
f 4071 4078 4076
f 4072 4079 4080
f 4072 4080 4081
f 4072 4081 4082
f 4072 4083 4084
f 4072 4084 4085
f 4072 4085 4079
f 4073 4086 4087
f 4074 4088 4075
f 4075 4088 4089
f 4076 4078 4077
f 4076 4077 4090
f 4077 4091 4090
f 4083 4092 4084
f 4084 4093 4089
f 4084 4089 4094
f 4084 4092 4093
f 4086 4095 4087
f 4087 4095 4096
f 4088 4094 4089
f 4090 4091 4097
f 4091 4098 4099
f 4091 4099 4097
f 4095 4100 4101
f 4095 4101 4102
f 4095 4102 4096
f 4098 4103 4104
f 4098 4104 4105
f 4098 4105 4099
f 4100 4106 4103
f 4100 4103 4107
f 4100 4107 4108
f 4100 4108 4101
f 4103 4106 4109
f 4103 4109 4104
f 4110 4111 4123
f 4110 4123 4131
f 4110 4131 4149
f 4110 4149 4161
f 4110 4161 4160
f 4110 4160 4159
f 4110 4159 4158
f 4110 4158 4157
f 4110 4157 4156
f 4110 4156 4170
f 4110 4170 4169
f 4110 4169 4162
f 4110 4162 4150
f 4110 4150 4135
f 4110 4135 4126
f 4110 4126 4112
f 4110 4112 4127
f 4110 4127 4134
f 4110 4134 4133
f 4110 4133 4132
f 4110 4132 4143
f 4110 4143 4142
f 4110 4142 4141
f 4110 4141 4140
f 4110 4140 4139
f 4110 4139 4138
f 4110 4138 4137
f 4110 4137 4128
f 4110 4128 4113
f 4110 4113 4114
f 4110 4114 4115
f 4110 4115 4116
f 4110 4116 4117
f 4110 4117 4118
f 4110 4118 4119
f 4110 4119 4120
f 4110 4120 4121
f 4110 4121 4122
f 4110 4122 4111
f 4111 4122 4124
f 4111 4124 4125
f 4111 4125 4123
f 4112 4126 4127
f 4113 4128 4144
f 4113 4144 4152
f 4113 4152 4165
f 4113 4165 4153
f 4113 4153 4146
f 4113 4146 4130
f 4113 4130 4129
f 4113 4129 4121
f 4113 4121 4120
f 4113 4120 4119
f 4113 4119 4118
f 4113 4118 4117
f 4113 4117 4116
f 4113 4116 4115
f 4113 4115 4114
f 4121 4129 4122
f 4122 4129 4130
f 4122 4130 4124
f 4123 4125 4130
f 4123 4130 4131
f 4124 4130 4125
f 4126 4132 4133
f 4126 4133 4134
f 4126 4134 4127
f 4126 4135 4151
f 4126 4151 4164
f 4126 4164 4171
f 4126 4171 4173
f 4126 4173 4172
f 4126 4172 4166
f 4126 4166 4152
f 4126 4152 4144
f 4126 4144 4145
f 4126 4145 4136
f 4126 4136 4128
f 4126 4128 4137
f 4126 4137 4138
f 4126 4138 4139
f 4126 4139 4140
f 4126 4140 4141
f 4126 4141 4142
f 4126 4142 4143
f 4126 4143 4132
f 4128 4136 4145
f 4128 4145 4144
f 4130 4146 4147
f 4130 4147 4148
f 4130 4148 4149
f 4130 4149 4131
f 4135 4150 4151
f 4146 4153 4147
f 4147 4153 4154
f 4147 4154 4155
f 4147 4155 4156
f 4147 4156 4157
f 4147 4157 4158
f 4147 4158 4159
f 4147 4159 4160
f 4147 4160 4161
f 4147 4161 4149
f 4147 4149 4148
f 4150 4162 4155
f 4150 4155 4163
f 4150 4163 4151
f 4151 4163 4164
f 4152 4166 4165
f 4153 4165 4167
f 4153 4167 4168
f 4153 4168 4155
f 4153 4155 4154
f 4155 4168 4163
f 4155 4162 4169
f 4155 4169 4170
f 4155 4170 4156
f 4163 4168 4164
f 4164 4168 4171
f 4165 4166 4172
f 4165 4172 4173
f 4165 4173 4167
f 4167 4173 4168
f 4168 4173 4171
f 4174 4175 4176
f 4174 4176 4179
f 4174 4179 4191
f 4174 4191 4201
f 4174 4201 4200
f 4174 4200 4220
f 4174 4220 4202
f 4174 4202 4222
f 4174 4222 4247
f 4174 4247 4246
f 4174 4246 4253
f 4174 4253 4272
f 4174 4272 4249
f 4174 4249 4226
f 4174 4226 4205
f 4174 4205 4194
f 4174 4194 4181
f 4174 4181 4177
f 4174 4177 4180
f 4174 4180 4193
f 4174 4193 4204
f 4174 4204 4225
f 4174 4225 4248
f 4174 4248 4264
f 4174 4264 4234
f 4174 4234 4213
f 4174 4213 4197
f 4174 4197 4188
f 4174 4188 4178
f 4174 4178 4175
f 4175 4178 4176
f 4176 4178 4179
f 4177 4181 4182
f 4177 4182 4183
f 4177 4183 4184
f 4177 4184 4185
f 4177 4185 4186
f 4177 4186 4187
f 4177 4187 4180
f 4178 4188 4189
f 4178 4189 4190
f 4178 4190 4191
f 4178 4191 4179
f 4180 4192 4193
f 4180 4187 4192
f 4181 4194 4182
f 4182 4195 4210
f 4182 4210 4208
f 4182 4208 4207
f 4182 4207 4206
f 4182 4206 4227
f 4182 4227 4251
f 4182 4251 4273
f 4182 4273 4274
f 4182 4274 4252
f 4182 4252 4228
f 4182 4228 4211
f 4182 4211 4196
f 4182 4196 4187
f 4182 4187 4186
f 4182 4186 4185
f 4182 4185 4184
f 4182 4184 4183
f 4182 4194 4195
f 4187 4196 4212
f 4187 4212 4233
f 4187 4233 4232
f 4187 4232 4231
f 4187 4231 4230
f 4187 4230 4255
f 4187 4255 4271
f 4187 4271 4267
f 4187 4267 4266
f 4187 4266 4265
f 4187 4265 4238
f 4187 4238 4236
f 4187 4236 4223
f 4187 4223 4204
f 4187 4204 4193
f 4187 4193 4192
f 4188 4197 4198
f 4188 4198 4189
f 4189 4199 4200
f 4189 4200 4201
f 4189 4201 4190
f 4189 4198 4202
f 4189 4202 4203
f 4189 4203 4199
f 4190 4201 4191
f 4194 4205 4206
f 4194 4206 4207
f 4194 4207 4208
f 4194 4208 4209
f 4194 4209 4210
f 4194 4210 4195
f 4196 4211 4212
f 4197 4213 4214
f 4197 4214 4198
f 4198 4214 4215
f 4198 4215 4216
f 4198 4216 4217
f 4198 4217 4218
f 4198 4218 4219
f 4198 4219 4202
f 4199 4203 4220
f 4199 4220 4200
f 4202 4219 4221
f 4202 4221 4222
f 4202 4220 4203
f 4204 4223 4224
f 4204 4224 4214
f 4204 4214 4225
f 4205 4226 4206
f 4206 4226 4227
f 4208 4210 4209
f 4211 4228 4253
f 4211 4253 4246
f 4211 4246 4270
f 4211 4270 4275
f 4211 4275 4263
f 4211 4263 4262
f 4211 4262 4261
f 4211 4261 4260
f 4211 4260 4259
f 4211 4259 4258
f 4211 4258 4257
f 4211 4257 4256
f 4211 4256 4254
f 4211 4254 4229
f 4211 4229 4230
f 4211 4230 4231
f 4211 4231 4232
f 4211 4232 4233
f 4211 4233 4212
f 4213 4234 4214
f 4214 4235 4225
f 4214 4224 4236
f 4214 4236 4215
f 4214 4234 4235
f 4215 4236 4216
f 4216 4236 4217
f 4217 4237 4218
f 4217 4236 4238
f 4217 4238 4239
f 4217 4239 4240
f 4217 4240 4241
f 4217 4241 4242
f 4217 4242 4243
f 4217 4243 4237
f 4218 4237 4219
f 4219 4243 4244
f 4219 4244 4221
f 4219 4237 4243
f 4221 4245 4246
f 4221 4246 4247
f 4221 4247 4222
f 4221 4244 4245
f 4223 4236 4224
f 4225 4235 4248
f 4226 4249 4250
f 4226 4250 4227
f 4227 4250 4251
f 4228 4252 4253
f 4229 4254 4230
f 4230 4254 4256
f 4230 4256 4257
f 4230 4257 4258
f 4230 4258 4259
f 4230 4259 4260
f 4230 4260 4261
f 4230 4261 4262
f 4230 4262 4263
f 4230 4263 4255
f 4234 4264 4235
f 4235 4264 4248
f 4238 4265 4239
f 4239 4265 4266
f 4239 4266 4240
f 4240 4266 4267
f 4240 4267 4268
f 4240 4268 4269
f 4240 4269 4241
f 4241 4269 4242
f 4242 4245 4244
f 4242 4244 4243
f 4242 4269 4246
f 4242 4246 4245
f 4246 4269 4271
f 4246 4271 4270
f 4249 4272 4251
f 4249 4251 4250
f 4251 4253 4273
f 4251 4272 4253
f 4252 4274 4253
f 4253 4274 4273
f 4255 4263 4275
f 4255 4275 4270
f 4255 4270 4271
f 4267 4271 4268
f 4268 4271 4269
f 4276 4277 4280
f 4276 4280 4286
f 4276 4286 4298
f 4276 4298 4316
f 4276 4316 4331
f 4276 4331 4330
f 4276 4330 4333
f 4276 4333 4332
f 4276 4332 4318
f 4276 4318 4301
f 4276 4301 4290
f 4276 4290 4281
f 4276 4281 4278
f 4276 4278 4282
f 4276 4282 4289
f 4276 4289 4288
f 4276 4288 4287
f 4276 4287 4299
f 4276 4299 4317
f 4276 4317 4309
f 4276 4309 4293
f 4276 4293 4283
f 4276 4283 4279
f 4276 4279 4277
f 4277 4279 4280
f 4278 4281 4282
f 4279 4283 4284
f 4279 4284 4280
f 4280 4285 4286
f 4280 4284 4285
f 4281 4287 4288
f 4281 4288 4289
f 4281 4289 4282
f 4281 4290 4291
f 4281 4291 4287
f 4283 4292 4284
f 4283 4293 4292
f 4284 4292 4285
f 4285 4294 4295
f 4285 4295 4296
f 4285 4296 4297
f 4285 4297 4298
f 4285 4298 4286
f 4285 4292 4294
f 4287 4291 4300
f 4287 4300 4299
f 4290 4301 4302
f 4290 4302 4303
f 4290 4303 4304
f 4290 4304 4305
f 4290 4305 4306
f 4290 4306 4291
f 4291 4306 4305
f 4291 4305 4323
f 4291 4323 4338
f 4291 4338 4337
f 4291 4337 4344
f 4291 4344 4343
f 4291 4343 4339
f 4291 4339 4328
f 4291 4328 4313
f 4291 4313 4312
f 4291 4312 4311
f 4291 4311 4324
f 4291 4324 4307
f 4291 4307 4293
f 4291 4293 4309
f 4291 4309 4300
f 4292 4293 4307
f 4292 4307 4308
f 4292 4308 4295
f 4292 4295 4294
f 4295 4310 4296
f 4295 4308 4311
f 4295 4311 4312
f 4295 4312 4313
f 4295 4313 4314
f 4295 4314 4310
f 4296 4315 4297
f 4296 4310 4315
f 4297 4315 4316
f 4297 4316 4298
f 4299 4300 4317
f 4300 4309 4317
f 4301 4318 4319
f 4301 4319 4302
f 4302 4319 4304
f 4302 4304 4303
f 4304 4320 4321
f 4304 4321 4305
f 4304 4319 4320
f 4305 4321 4322
f 4305 4322 4323
f 4307 4324 4308
f 4308 4324 4311
f 4310 4325 4326
f 4310 4326 4327
f 4310 4327 4315
f 4310 4314 4325
f 4313 4328 4329
f 4313 4329 4314
f 4314 4329 4325
f 4315 4327 4326
f 4315 4326 4330
f 4315 4330 4331
f 4315 4331 4316
f 4318 4332 4319
f 4319 4332 4333
f 4319 4333 4326
f 4319 4326 4325
f 4319 4325 4334
f 4319 4334 4320
f 4320 4334 4335
f 4320 4335 4321
f 4321 4335 4336
f 4321 4336 4337
f 4321 4337 4338
f 4321 4338 4323
f 4321 4323 4322
f 4325 4329 4334
f 4326 4333 4330
f 4328 4339 4340
f 4328 4340 4329
f 4329 4340 4335
f 4329 4335 4334
f 4335 4340 4341
f 4335 4341 4342
f 4335 4342 4336
f 4336 4342 4343
f 4336 4343 4344
f 4336 4344 4337
f 4339 4343 4345
f 4339 4345 4341
f 4339 4341 4340
f 4341 4345 4342
f 4342 4345 4343
f 4346 4347 4351
f 4346 4351 4357
f 4346 4357 4370
f 4346 4370 4381
f 4346 4381 4391
f 4346 4391 4392
f 4346 4392 4382
f 4346 4382 4371
f 4346 4371 4360
f 4346 4360 4352
f 4346 4352 4348
f 4346 4348 4349
f 4346 4349 4353
f 4346 4353 4362
f 4346 4362 4373
f 4346 4373 4384
f 4346 4384 4390
f 4346 4390 4396
f 4346 4396 4400
f 4346 4400 4399
f 4346 4399 4397
f 4346 4397 4393
f 4346 4393 4387
f 4346 4387 4377
f 4346 4377 4368
f 4346 4368 4367
f 4346 4367 4358
f 4346 4358 4355
f 4346 4355 4350
f 4346 4350 4347
f 4347 4350 4351
f 4348 4352 4349
f 4349 4352 4354
f 4349 4354 4361
f 4349 4361 4372
f 4349 4372 4383
f 4349 4383 4380
f 4349 4380 4369
f 4349 4369 4379
f 4349 4379 4375
f 4349 4375 4363
f 4349 4363 4353
f 4350 4355 4351
f 4351 4356 4364
f 4351 4364 4376
f 4351 4376 4378
f 4351 4378 4388
f 4351 4388 4394
f 4351 4394 4398
f 4351 4398 4395
f 4351 4395 4389
f 4351 4389 4379
f 4351 4379 4369
f 4351 4369 4357
f 4351 4355 4358
f 4351 4358 4359
f 4351 4359 4356
f 4352 4360 4361
f 4352 4361 4354
f 4353 4363 4362
f 4356 4359 4365
f 4356 4365 4366
f 4356 4366 4367
f 4356 4367 4368
f 4356 4368 4364
f 4357 4369 4370
f 4358 4367 4366
f 4358 4366 4365
f 4358 4365 4359
f 4360 4371 4372
f 4360 4372 4361
f 4362 4363 4374
f 4362 4374 4373
f 4363 4375 4374
f 4364 4368 4376
f 4368 4377 4378
f 4368 4378 4376
f 4369 4380 4381
f 4369 4381 4370
f 4371 4382 4372
f 4372 4382 4383
f 4373 4374 4385
f 4373 4385 4384
f 4374 4375 4386
f 4374 4386 4385
f 4375 4379 4386
f 4377 4387 4378
f 4378 4387 4388
f 4379 4389 4390
f 4379 4390 4385
f 4379 4385 4386
f 4380 4383 4381
f 4381 4383 4391
f 4382 4392 4383
f 4383 4392 4391
f 4384 4385 4390
f 4387 4393 4398
f 4387 4398 4394
f 4387 4394 4388
f 4389 4395 4396
f 4389 4396 4390
f 4393 4397 4395
f 4393 4395 4398
f 4395 4397 4399
f 4395 4399 4400
f 4395 4400 4396
f 4401 4402 4405
f 4401 4405 4412
f 4401 4412 4422
f 4401 4422 4438
f 4401 4438 4427
f 4401 4427 4415
f 4401 4415 4408
f 4401 4408 4403
f 4401 4403 4410
f 4401 4410 4421
f 4401 4421 4420
f 4401 4420 4436
f 4401 4436 4457
f 4401 4457 4456
f 4401 4456 4451
f 4401 4451 4450
f 4401 4450 4449
f 4401 4449 4471
f 4401 4471 4478
f 4401 4478 4474
f 4401 4474 4458
f 4401 4458 4440
f 4401 4440 4424
f 4401 4424 4413
f 4401 4413 4406
f 4401 4406 4404
f 4401 4404 4402
f 4402 4404 4406
f 4402 4406 4407
f 4402 4407 4414
f 4402 4414 4426
f 4402 4426 4444
f 4402 4444 4464
f 4402 4464 4479
f 4402 4479 4467
f 4402 4467 4466
f 4402 4466 4465
f 4402 4465 4445
f 4402 4445 4435
f 4402 4435 4439
f 4402 4439 4423
f 4402 4423 4411
f 4402 4411 4405
f 4403 4408 4409
f 4403 4409 4410
f 4405 4411 4412
f 4406 4413 4407
f 4407 4413 4424
f 4407 4424 4442
f 4407 4442 4462
f 4407 4462 4461
f 4407 4461 4460
f 4407 4460 4443
f 4407 4443 4425
f 4407 4425 4414
f 4408 4415 4409
f 4409 4416 4410
f 4409 4415 4417
f 4409 4417 4418
f 4409 4418 4419
f 4409 4419 4420
f 4409 4420 4416
f 4410 4416 4421
f 4411 4422 4412
f 4411 4423 4422
f 4414 4425 4426
f 4415 4427 4428
f 4415 4428 4418
f 4415 4418 4417
f 4416 4420 4421
f 4418 4428 4419
f 4419 4429 4430
f 4419 4430 4431
f 4419 4431 4432
f 4419 4432 4433
f 4419 4433 4420
f 4419 4428 4434
f 4419 4434 4435
f 4419 4435 4445
f 4419 4445 4429
f 4420 4433 4436
f 4422 4437 4438
f 4422 4423 4437
f 4423 4434 4437
f 4423 4439 4434
f 4424 4440 4441
f 4424 4441 4442
f 4425 4443 4444
f 4425 4444 4426
f 4427 4438 4437
f 4427 4437 4428
f 4428 4437 4434
f 4429 4445 4446
f 4429 4446 4430
f 4430 4432 4431
f 4430 4446 4432
f 4432 4447 4448
f 4432 4448 4449
f 4432 4449 4450
f 4432 4450 4451
f 4432 4451 4452
f 4432 4452 4453
f 4432 4453 4454
f 4432 4454 4433
f 4432 4446 4455
f 4432 4455 4447
f 4433 4454 4456
f 4433 4456 4457
f 4433 4457 4436
f 4434 4439 4435
f 4440 4458 4441
f 4441 4459 4443
f 4441 4443 4460
f 4441 4460 4461
f 4441 4461 4462
f 4441 4462 4442
f 4441 4458 4459
f 4443 4463 4444
f 4443 4459 4463
f 4444 4463 4464
f 4445 4465 4446
f 4446 4466 4467
f 4446 4467 4468
f 4446 4468 4455
f 4446 4465 4466
f 4447 4469 4448
f 4447 4455 4470
f 4447 4470 4469
f 4448 4469 4471
f 4448 4471 4449
f 4451 4456 4452
f 4452 4456 4453
f 4453 4456 4472
f 4453 4472 4454
f 4454 4472 4456
f 4455 4468 4473
f 4455 4473 4470
f 4458 4474 4459
f 4459 4475 4476
f 4459 4476 4470
f 4459 4470 4473
f 4459 4473 4477
f 4459 4477 4463
f 4459 4474 4478
f 4459 4478 4471
f 4459 4471 4475
f 4463 4477 4464
f 4464 4477 4473
f 4464 4473 4468
f 4464 4468 4479
f 4467 4479 4468
f 4469 4470 4480
f 4469 4480 4471
f 4470 4476 4480
f 4471 4480 4475
f 4475 4480 4476
f 4481 4482 4483
f 4481 4483 4484
f 4481 4484 4485
f 4481 4485 4486
f 4481 4486 4487
f 4481 4487 4488
f 4481 4488 4482
f 4482 4488 4495
f 4482 4495 4511
f 4482 4511 4531
f 4482 4531 4509
f 4482 4509 4530
f 4482 4530 4546
f 4482 4546 4548
f 4482 4548 4533
f 4482 4533 4513
f 4482 4513 4496
f 4482 4496 4489
f 4482 4489 4483
f 4483 4489 4484
f 4484 4490 4485
f 4484 4489 4490
f 4485 4490 4491
f 4485 4491 4492
f 4485 4492 4486
f 4486 4492 4493
f 4486 4493 4494
f 4486 4494 4487
f 4487 4494 4495
f 4487 4495 4488
f 4489 4496 4512
f 4489 4512 4532
f 4489 4532 4518
f 4489 4518 4517
f 4489 4517 4516
f 4489 4516 4515
f 4489 4515 4514
f 4489 4514 4500
f 4489 4500 4499
f 4489 4499 4498
f 4489 4498 4497
f 4489 4497 4490
f 4490 4497 4498
f 4490 4498 4499
f 4490 4499 4491
f 4491 4499 4500
f 4491 4500 4501
f 4491 4501 4492
f 4492 4501 4502
f 4492 4502 4503
f 4492 4503 4493
f 4493 4503 4504
f 4493 4504 4505
f 4493 4505 4506
f 4493 4506 4507
f 4493 4507 4508
f 4493 4508 4509
f 4493 4509 4510
f 4493 4510 4494
f 4494 4511 4495
f 4494 4510 4511
f 4496 4513 4512
f 4500 4514 4501
f 4501 4514 4515
f 4501 4515 4516
f 4501 4516 4517
f 4501 4517 4518
f 4501 4518 4519
f 4501 4519 4520
f 4501 4520 4521
f 4501 4521 4522
f 4501 4522 4523
f 4501 4523 4524
f 4501 4524 4525
f 4501 4525 4502
f 4502 4525 4526
f 4502 4526 4527
f 4502 4527 4503
f 4503 4527 4528
f 4503 4528 4529
f 4503 4529 4505
f 4503 4505 4504
f 4505 4529 4528
f 4505 4528 4544
f 4505 4544 4555
f 4505 4555 4545
f 4505 4545 4530
f 4505 4530 4509
f 4505 4509 4508
f 4505 4508 4507
f 4505 4507 4506
f 4509 4531 4510
f 4510 4531 4511
f 4512 4513 4532
f 4513 4533 4532
f 4518 4532 4547
f 4518 4547 4549
f 4518 4549 4545
f 4518 4545 4555
f 4518 4555 4543
f 4518 4543 4542
f 4518 4542 4554
f 4518 4554 4553
f 4518 4553 4556
f 4518 4556 4551
f 4518 4551 4550
f 4518 4550 4537
f 4518 4537 4535
f 4518 4535 4536
f 4518 4536 4534
f 4518 4534 4519
f 4519 4534 4521
f 4519 4521 4520
f 4521 4534 4522
f 4522 4535 4523
f 4522 4534 4536
f 4522 4536 4535
f 4523 4525 4524
f 4523 4535 4537
f 4523 4537 4538
f 4523 4538 4539
f 4523 4539 4525
f 4525 4539 4526
f 4526 4539 4527
f 4527 4540 4541
f 4527 4541 4528
f 4527 4539 4540
f 4528 4541 4542
f 4528 4542 4543
f 4528 4543 4544
f 4530 4545 4546
f 4532 4533 4547
f 4533 4548 4545
f 4533 4545 4549
f 4533 4549 4547
f 4537 4550 4538
f 4538 4550 4551
f 4538 4551 4552
f 4538 4552 4539
f 4539 4552 4540
f 4540 4552 4553
f 4540 4553 4554
f 4540 4554 4541
f 4541 4554 4542
f 4543 4555 4544
f 4545 4548 4546
f 4551 4556 4552
f 4552 4556 4553
f 4557 4558 4561
f 4557 4561 4571
f 4557 4571 4586
f 4557 4586 4597
f 4557 4597 4598
f 4557 4598 4592
f 4557 4592 4581
f 4557 4581 4568
f 4557 4568 4559
f 4557 4559 4569
f 4557 4569 4584
f 4557 4584 4596
f 4557 4596 4588
f 4557 4588 4585
f 4557 4585 4570
f 4557 4570 4560
f 4557 4560 4558
f 4558 4560 4562
f 4558 4562 4563
f 4558 4563 4564
f 4558 4564 4565
f 4558 4565 4566
f 4558 4566 4567
f 4558 4567 4580
f 4558 4580 4590
f 4558 4590 4602
f 4558 4602 4606
f 4558 4606 4608
f 4558 4608 4607
f 4558 4607 4605
f 4558 4605 4603
f 4558 4603 4599
f 4558 4599 4587
f 4558 4587 4572
f 4558 4572 4561
f 4559 4568 4569
f 4560 4570 4562
f 4561 4572 4571
f 4562 4570 4564
f 4562 4564 4563
f 4564 4573 4566
f 4564 4566 4565
f 4564 4570 4574
f 4564 4574 4575
f 4564 4575 4576
f 4564 4576 4573
f 4566 4573 4577
f 4566 4577 4576
f 4566 4576 4578
f 4566 4578 4579
f 4566 4579 4580
f 4566 4580 4567
f 4568 4581 4582
f 4568 4582 4569
f 4569 4582 4583
f 4569 4583 4584
f 4570 4585 4575
f 4570 4575 4574
f 4571 4572 4586
f 4572 4587 4586
f 4573 4576 4577
f 4575 4585 4588
f 4575 4588 4576
f 4576 4588 4589
f 4576 4589 4590
f 4576 4590 4591
f 4576 4591 4578
f 4578 4591 4580
f 4578 4580 4579
f 4580 4591 4590
f 4581 4592 4593
f 4581 4593 4582
f 4582 4593 4583
f 4583 4594 4604
f 4583 4604 4608
f 4583 4608 4606
f 4583 4606 4601
f 4583 4601 4600
f 4583 4600 4596
f 4583 4596 4584
f 4583 4593 4595
f 4583 4595 4594
f 4586 4587 4597
f 4587 4592 4598
f 4587 4598 4597
f 4587 4599 4592
f 4588 4596 4600
f 4588 4600 4601
f 4588 4601 4589
f 4589 4601 4590
f 4590 4601 4602
f 4592 4599 4593
f 4593 4599 4603
f 4593 4603 4595
f 4594 4595 4605
f 4594 4605 4604
f 4595 4603 4605
f 4601 4606 4602
f 4604 4607 4608
f 4604 4605 4607
f 4609 4610 4613
f 4609 4613 4619
f 4609 4619 4625
f 4609 4625 4635
f 4609 4635 4651
f 4609 4651 4666
f 4609 4666 4668
f 4609 4668 4654
f 4609 4654 4637
f 4609 4637 4627
f 4609 4627 4621
f 4609 4621 4614
f 4609 4614 4611
f 4609 4611 4617
f 4609 4617 4623
f 4609 4623 4632
f 4609 4632 4646
f 4609 4646 4634
f 4609 4634 4624
f 4609 4624 4618
f 4609 4618 4612
f 4609 4612 4610
f 4610 4612 4613
f 4611 4614 4615
f 4611 4615 4616
f 4611 4616 4617
f 4612 4618 4613
f 4613 4618 4620
f 4613 4620 4619
f 4614 4621 4615
f 4615 4621 4627
f 4615 4627 4638
f 4615 4638 4657
f 4615 4657 4658
f 4615 4658 4640
f 4615 4640 4629
f 4615 4629 4622
f 4615 4622 4616
f 4616 4622 4628
f 4616 4628 4639
f 4616 4639 4644
f 4616 4644 4643
f 4616 4643 4661
f 4616 4661 4674
f 4616 4674 4673
f 4616 4673 4677
f 4616 4677 4676
f 4616 4676 4675
f 4616 4675 4667
f 4616 4667 4662
f 4616 4662 4648
f 4616 4648 4647
f 4616 4647 4633
f 4616 4633 4623
f 4616 4623 4617
f 4618 4624 4620
f 4619 4620 4626
f 4619 4626 4625
f 4620 4624 4626
f 4622 4629 4630
f 4622 4630 4628
f 4623 4631 4632
f 4623 4633 4631
f 4624 4634 4631
f 4624 4631 4626
f 4625 4626 4635
f 4626 4631 4636
f 4626 4636 4635
f 4627 4637 4638
f 4628 4630 4639
f 4629 4640 4630
f 4630 4640 4641
f 4630 4641 4642
f 4630 4642 4643
f 4630 4643 4644
f 4630 4644 4639
f 4631 4645 4636
f 4631 4634 4646
f 4631 4646 4632
f 4631 4633 4647
f 4631 4647 4648
f 4631 4648 4645
f 4635 4649 4650
f 4635 4650 4651
f 4635 4636 4649
f 4636 4645 4652
f 4636 4652 4653
f 4636 4653 4649
f 4637 4654 4655
f 4637 4655 4638
f 4638 4655 4656
f 4638 4656 4657
f 4640 4658 4641
f 4641 4658 4657
f 4641 4657 4656
f 4641 4656 4659
f 4641 4659 4642
f 4642 4660 4661
f 4642 4661 4643
f 4642 4659 4660
f 4645 4648 4662
f 4645 4662 4652
f 4649 4653 4650
f 4650 4653 4663
f 4650 4663 4664
f 4650 4664 4665
f 4650 4665 4651
f 4651 4665 4666
f 4652 4662 4667
f 4652 4667 4664
f 4652 4664 4663
f 4652 4663 4653
f 4654 4668 4669
f 4654 4669 4655
f 4655 4669 4656
f 4656 4670 4671
f 4656 4671 4659
f 4656 4669 4672
f 4656 4672 4670
f 4659 4671 4660
f 4660 4671 4673
f 4660 4673 4674
f 4660 4674 4661
f 4664 4667 4675
f 4664 4675 4665
f 4665 4675 4676
f 4665 4676 4677
f 4665 4677 4673
f 4665 4673 4671
f 4665 4671 4670
f 4665 4670 4666
f 4666 4678 4669
f 4666 4669 4668
f 4666 4670 4672
f 4666 4672 4678
f 4669 4678 4672
f 4679 4680 4681
f 4679 4681 4685
f 4679 4685 4693
f 4679 4693 4705
f 4679 4705 4718
f 4679 4718 4728
f 4679 4728 4724
f 4679 4724 4713
f 4679 4713 4709
f 4679 4709 4697
f 4679 4697 4695
f 4679 4695 4686
f 4679 4686 4682
f 4679 4682 4689
f 4679 4689 4701
f 4679 4701 4714
f 4679 4714 4726
f 4679 4726 4716
f 4679 4716 4702
f 4679 4702 4691
f 4679 4691 4690
f 4679 4690 4683
f 4679 4683 4684
f 4679 4684 4680
f 4680 4684 4692
f 4680 4692 4704
f 4680 4704 4703
f 4680 4703 4717
f 4680 4717 4706
f 4680 4706 4694
f 4680 4694 4685
f 4680 4685 4681
f 4682 4686 4687
f 4682 4687 4688
f 4682 4688 4689
f 4683 4690 4684
f 4684 4690 4691
f 4684 4691 4692
f 4685 4694 4693
f 4686 4695 4687
f 4687 4696 4688
f 4687 4695 4697
f 4687 4697 4696
f 4688 4696 4698
f 4688 4698 4699
f 4688 4699 4700
f 4688 4700 4701
f 4688 4701 4689
f 4691 4702 4715
f 4691 4715 4727
f 4691 4727 4736
f 4691 4736 4735
f 4691 4735 4734
f 4691 4734 4730
f 4691 4730 4721
f 4691 4721 4717
f 4691 4717 4703
f 4691 4703 4704
f 4691 4704 4692
f 4693 4694 4705
f 4694 4706 4707
f 4694 4707 4705
f 4696 4708 4698
f 4696 4697 4708
f 4697 4709 4708
f 4698 4710 4711
f 4698 4711 4712
f 4698 4712 4699
f 4698 4708 4709
f 4698 4709 4713
f 4698 4713 4710
f 4699 4712 4700
f 4700 4712 4714
f 4700 4714 4701
f 4702 4716 4715
f 4705 4707 4719
f 4705 4719 4718
f 4706 4720 4707
f 4706 4717 4721
f 4706 4721 4720
f 4707 4720 4719
f 4710 4722 4723
f 4710 4723 4711
f 4710 4713 4724
f 4710 4724 4722
f 4711 4723 4725
f 4711 4725 4715
f 4711 4715 4712
f 4712 4715 4726
f 4712 4726 4714
f 4715 4716 4726
f 4715 4725 4727
f 4718 4719 4729
f 4718 4729 4728
f 4719 4720 4730
f 4719 4730 4731
f 4719 4731 4729
f 4720 4721 4730
f 4722 4732 4723
f 4722 4724 4728
f 4722 4728 4732
f 4723 4732 4733
f 4723 4733 4725
f 4725 4733 4734
f 4725 4734 4735
f 4725 4735 4736
f 4725 4736 4727
f 4728 4729 4732
f 4729 4731 4734
f 4729 4734 4732
f 4730 4734 4731
f 4732 4734 4733
f 4737 4738 4742
f 4737 4742 4750
f 4737 4750 4763
f 4737 4763 4774
f 4737 4774 4790
f 4737 4790 4789
f 4737 4789 4788
f 4737 4788 4787
f 4737 4787 4795
f 4737 4795 4792
f 4737 4792 4791
f 4737 4791 4777
f 4737 4777 4776
f 4737 4776 4775
f 4737 4775 4764
f 4737 4764 4753
f 4737 4753 4752
f 4737 4752 4751
f 4737 4751 4744
f 4737 4744 4743
f 4737 4743 4739
f 4737 4739 4740
f 4737 4740 4746
f 4737 4746 4757
f 4737 4757 4769
f 4737 4769 4782
f 4737 4782 4770
f 4737 4770 4758
f 4737 4758 4747
f 4737 4747 4741
f 4737 4741 4738
f 4738 4741 4742
f 4739 4743 4740
f 4740 4743 4744
f 4740 4744 4745
f 4740 4745 4754
f 4740 4754 4765
f 4740 4765 4778
f 4740 4778 4793
f 4740 4793 4794
f 4740 4794 4786
f 4740 4786 4773
f 4740 4773 4780
f 4740 4780 4779
f 4740 4779 4766
f 4740 4766 4755
f 4740 4755 4746
f 4741 4747 4748
f 4741 4748 4749
f 4741 4749 4750
f 4741 4750 4742
f 4744 4751 4745
f 4745 4751 4752
f 4745 4752 4753
f 4745 4753 4754
f 4746 4755 4756
f 4746 4756 4757
f 4747 4758 4748
f 4748 4759 4771
f 4748 4771 4783
f 4748 4783 4785
f 4748 4785 4784
f 4748 4784 4781
f 4748 4781 4780
f 4748 4780 4773
f 4748 4773 4763
f 4748 4763 4750
f 4748 4750 4749
f 4748 4758 4760
f 4748 4760 4761
f 4748 4761 4762
f 4748 4762 4759
f 4753 4764 4754
f 4754 4764 4765
f 4755 4766 4756
f 4756 4766 4767
f 4756 4767 4762
f 4756 4762 4768
f 4756 4768 4769
f 4756 4769 4757
f 4758 4770 4760
f 4759 4762 4772
f 4759 4772 4771
f 4760 4770 4768
f 4760 4768 4761
f 4761 4768 4762
f 4762 4767 4772
f 4763 4773 4774
f 4764 4775 4765
f 4765 4775 4776
f 4765 4776 4777
f 4765 4777 4778
f 4766 4779 4767
f 4767 4779 4780
f 4767 4780 4781
f 4767 4781 4772
f 4768 4770 4782
f 4768 4782 4769
f 4771 4772 4783
f 4772 4781 4784
f 4772 4784 4785
f 4772 4785 4783
f 4773 4786 4787
f 4773 4787 4788
f 4773 4788 4789
f 4773 4789 4790
f 4773 4790 4774
f 4777 4791 4778
f 4778 4791 4792
f 4778 4792 4793
f 4786 4794 4792
f 4786 4792 4795
f 4786 4795 4787
f 4792 4794 4793
f 4796 4797 4798
f 4796 4798 4799
f 4796 4799 4800
f 4796 4800 4804
f 4796 4804 4810
f 4796 4810 4820
f 4796 4820 4840
f 4796 4840 4868
f 4796 4868 4867
f 4796 4867 4884
f 4796 4884 4885
f 4796 4885 4875
f 4796 4875 4870
f 4796 4870 4842
f 4796 4842 4821
f 4796 4821 4812
f 4796 4812 4805
f 4796 4805 4801
f 4796 4801 4806
f 4796 4806 4813
f 4796 4813 4825
f 4796 4825 4845
f 4796 4845 4872
f 4796 4872 4880
f 4796 4880 4877
f 4796 4877 4849
f 4796 4849 4848
f 4796 4848 4827
f 4796 4827 4814
f 4796 4814 4807
f 4796 4807 4802
f 4796 4802 4797
f 4797 4802 4807
f 4797 4807 4816
f 4797 4816 4833
f 4797 4833 4860
f 4797 4860 4836
f 4797 4836 4818
f 4797 4818 4808
f 4797 4808 4803
f 4797 4803 4799
f 4797 4799 4798
f 4799 4803 4800
f 4800 4803 4808
f 4800 4808 4817
f 4800 4817 4834
f 4800 4834 4861
f 4800 4861 4882
f 4800 4882 4887
f 4800 4887 4883
f 4800 4883 4863
f 4800 4863 4837
f 4800 4837 4819
f 4800 4819 4809
f 4800 4809 4804
f 4801 4805 4806
f 4804 4809 4810
f 4805 4811 4806
f 4805 4812 4811
f 4806 4811 4813
f 4807 4814 4815
f 4807 4815 4816
f 4808 4818 4817
f 4809 4819 4810
f 4810 4819 4820
f 4811 4812 4821
f 4811 4821 4822
f 4811 4822 4813
f 4813 4823 4824
f 4813 4824 4825
f 4813 4822 4826
f 4813 4826 4823
f 4814 4827 4815
f 4815 4827 4828
f 4815 4828 4829
f 4815 4829 4830
f 4815 4830 4831
f 4815 4831 4816
f 4816 4831 4832
f 4816 4832 4833
f 4817 4818 4835
f 4817 4835 4834
f 4818 4836 4835
f 4819 4837 4838
f 4819 4838 4839
f 4819 4839 4820
f 4820 4839 4840
f 4821 4841 4822
f 4821 4842 4841
f 4822 4841 4826
f 4823 4843 4824
f 4823 4826 4844
f 4823 4844 4843
f 4824 4843 4845
f 4824 4845 4825
f 4826 4841 4846
f 4826 4846 4847
f 4826 4847 4844
f 4827 4848 4828
f 4828 4848 4849
f 4828 4849 4850
f 4828 4850 4829
f 4829 4851 4852
f 4829 4852 4830
f 4829 4850 4853
f 4829 4853 4854
f 4829 4854 4855
f 4829 4855 4856
f 4829 4856 4851
f 4830 4852 4831
f 4831 4852 4857
f 4831 4857 4858
f 4831 4858 4859
f 4831 4859 4832
f 4832 4859 4833
f 4833 4859 4860
f 4834 4835 4861
f 4835 4836 4858
f 4835 4858 4862
f 4835 4862 4861
f 4836 4860 4858
f 4837 4863 4864
f 4837 4864 4838
f 4838 4864 4865
f 4838 4865 4839
f 4839 4866 4867
f 4839 4867 4868
f 4839 4868 4840
f 4839 4865 4869
f 4839 4869 4866
f 4841 4842 4870
f 4841 4870 4846
f 4843 4871 4872
f 4843 4872 4845
f 4843 4844 4869
f 4843 4869 4873
f 4843 4873 4855
f 4843 4855 4871
f 4844 4847 4874
f 4844 4874 4869
f 4846 4870 4875
f 4846 4875 4876
f 4846 4876 4847
f 4847 4876 4874
f 4849 4877 4853
f 4849 4853 4850
f 4851 4856 4852
f 4852 4856 4878
f 4852 4878 4879
f 4852 4879 4857
f 4853 4877 4880
f 4853 4880 4854
f 4854 4880 4872
f 4854 4872 4855
f 4855 4873 4869
f 4855 4869 4856
f 4855 4872 4871
f 4856 4869 4881
f 4856 4881 4865
f 4856 4865 4864
f 4856 4864 4878
f 4857 4879 4858
f 4858 4860 4859
f 4858 4879 4862
f 4861 4862 4882
f 4862 4879 4882
f 4863 4883 4864
f 4864 4883 4878
f 4865 4881 4869
f 4866 4876 4884
f 4866 4884 4867
f 4866 4869 4876
f 4869 4874 4876
f 4875 4885 4876
f 4876 4885 4884
f 4878 4883 4886
f 4878 4886 4879
f 4879 4886 4887
f 4879 4887 4882
f 4883 4887 4886
f 4888 4889 4894
f 4888 4894 4900
f 4888 4900 4911
f 4888 4911 4936
f 4888 4936 4935
f 4888 4935 4964
f 4888 4964 4942
f 4888 4942 4941
f 4888 4941 4914
f 4888 4914 4912
f 4888 4912 4901
f 4888 4901 4895
f 4888 4895 4890
f 4888 4890 4891
f 4888 4891 4892
f 4888 4892 4897
f 4888 4897 4907
f 4888 4907 4926
f 4888 4926 4956
f 4888 4956 4955
f 4888 4955 4954
f 4888 4954 4958
f 4888 4958 4957
f 4888 4957 4961
f 4888 4961 4960
f 4888 4960 4959
f 4888 4959 4930
f 4888 4930 4908
f 4888 4908 4898
f 4888 4898 4893
f 4888 4893 4889
f 4889 4893 4894
f 4890 4895 4902
f 4890 4902 4913
f 4890 4913 4940
f 4890 4940 4967
f 4890 4967 4944
f 4890 4944 4916
f 4890 4916 4903
f 4890 4903 4896
f 4890 4896 4891
f 4891 4896 4892
f 4892 4896 4903
f 4892 4903 4915
f 4892 4915 4943
f 4892 4943 4947
f 4892 4947 4929
f 4892 4929 4928
f 4892 4928 4927
f 4892 4927 4917
f 4892 4917 4904
f 4892 4904 4897
f 4893 4898 4899
f 4893 4899 4894
f 4894 4899 4900
f 4895 4901 4902
f 4897 4904 4905
f 4897 4905 4906
f 4897 4906 4907
f 4898 4908 4909
f 4898 4909 4910
f 4898 4910 4899
f 4899 4910 4911
f 4899 4911 4900
f 4901 4912 4902
f 4902 4912 4914
f 4902 4914 4913
f 4903 4916 4915
f 4904 4917 4905
f 4905 4918 4919
f 4905 4919 4920
f 4905 4920 4921
f 4905 4921 4922
f 4905 4922 4923
f 4905 4923 4924
f 4905 4924 4925
f 4905 4925 4926
f 4905 4926 4906
f 4905 4917 4927
f 4905 4927 4928
f 4905 4928 4929
f 4905 4929 4918
f 4906 4926 4907
f 4908 4930 4909
f 4909 4930 4931
f 4909 4931 4932
f 4909 4932 4910
f 4910 4933 4934
f 4910 4934 4935
f 4910 4935 4936
f 4910 4936 4911
f 4910 4932 4937
f 4910 4937 4938
f 4910 4938 4933
f 4913 4939 4940
f 4913 4914 4941
f 4913 4941 4942
f 4913 4942 4939
f 4915 4916 4943
f 4916 4944 4945
f 4916 4945 4943
f 4918 4945 4944
f 4918 4944 4946
f 4918 4946 4919
f 4918 4929 4947
f 4918 4947 4943
f 4918 4943 4945
f 4919 4946 4920
f 4920 4946 4948
f 4920 4948 4949
f 4920 4949 4921
f 4921 4949 4922
f 4922 4949 4950
f 4922 4950 4923
f 4923 4950 4951
f 4923 4951 4933
f 4923 4933 4938
f 4923 4938 4937
f 4923 4937 4932
f 4923 4932 4924
f 4924 4952 4953
f 4924 4953 4925
f 4924 4932 4952
f 4925 4954 4955
f 4925 4955 4956
f 4925 4956 4926
f 4925 4953 4957
f 4925 4957 4958
f 4925 4958 4954
f 4930 4959 4931
f 4931 4959 4960
f 4931 4960 4961
f 4931 4961 4932
f 4932 4961 4957
f 4932 4957 4962
f 4932 4962 4953
f 4932 4953 4952
f 4933 4963 4934
f 4933 4951 4963
f 4934 4963 4964
f 4934 4964 4935
f 4939 4965 4948
f 4939 4948 4966
f 4939 4966 4967
f 4939 4967 4940
f 4939 4942 4964
f 4939 4964 4965
f 4944 4967 4946
f 4946 4967 4966
f 4946 4966 4948
f 4948 4965 4950
f 4948 4950 4949
f 4950 4965 4968
f 4950 4968 4951
f 4951 4968 4963
f 4953 4962 4957
f 4963 4968 4965
f 4963 4965 4964
f 4969 4970 4971
f 4969 4971 4975
f 4969 4975 4983
f 4969 4983 4991
f 4969 4991 5002
f 4969 5002 5024
f 4969 5024 5011
f 4969 5011 5010
f 4969 5010 5009
f 4969 5009 4993
f 4969 4993 4985
f 4969 4985 4976
f 4969 4976 4972
f 4969 4972 4977
f 4969 4977 4987
f 4969 4987 4996
f 4969 4996 5014
f 4969 5014 4998
f 4969 4998 4988
f 4969 4988 4980
f 4969 4980 4979
f 4969 4979 4982
f 4969 4982 4978
f 4969 4978 4973
f 4969 4973 4974
f 4969 4974 4970
f 4970 4974 4981
f 4970 4981 4990
f 4970 4990 5001
f 4970 5001 5023
f 4970 5023 5020
f 4970 5020 5031
f 4970 5031 5007
f 4970 5007 4992
f 4970 4992 4984
f 4970 4984 4975
f 4970 4975 4971
f 4972 4976 4977
f 4973 4978 4974
f 4974 4979 4980
f 4974 4980 4988
f 4974 4988 4997
f 4974 4997 5016
f 4974 5016 5038
f 4974 5038 5037
f 4974 5037 5050
f 4974 5050 5053
f 4974 5053 5052
f 4974 5052 5051
f 4974 5051 5047
f 4974 5047 5046
f 4974 5046 5039
f 4974 5039 5018
f 4974 5018 4999
f 4974 4999 4989
f 4974 4989 4981
f 4974 4978 4982
f 4974 4982 4979
f 4975 4984 4983
f 4976 4985 4977
f 4977 4986 4987
f 4977 4985 4986
f 4981 4989 4990
f 4983 4984 4991
f 4984 4992 4991
f 4985 4993 4986
f 4986 4994 4995
f 4986 4995 4987
f 4986 4993 4994
f 4987 4995 4996
f 4988 4998 4997
f 4989 4999 5000
f 4989 5000 4990
f 4990 5000 5001
f 4991 4992 5003
f 4991 5003 5004
f 4991 5004 5005
f 4991 5005 5006
f 4991 5006 5002
f 4992 5007 5008
f 4992 5008 5003
f 4993 5009 4994
f 4994 5006 4995
f 4994 5009 5010
f 4994 5010 5011
f 4994 5011 5006
f 4995 5006 5012
f 4995 5012 5013
f 4995 5013 4996
f 4996 5013 5014
f 4997 5015 5016
f 4997 4998 5017
f 4997 5017 5015
f 4998 5014 5017
f 4999 5018 5019
f 4999 5019 5000
f 5000 5019 5020
f 5000 5020 5021
f 5000 5021 5022
f 5000 5022 5001
f 5001 5022 5021
f 5001 5021 5023
f 5002 5006 5024
f 5003 5008 5025
f 5003 5025 5026
f 5003 5026 5004
f 5004 5026 5027
f 5004 5027 5005
f 5005 5027 5026
f 5005 5026 5025
f 5005 5025 5028
f 5005 5028 5012
f 5005 5012 5006
f 5006 5011 5024
f 5007 5029 5030
f 5007 5030 5025
f 5007 5025 5008
f 5007 5031 5032
f 5007 5032 5033
f 5007 5033 5029
f 5012 5028 5034
f 5012 5034 5035
f 5012 5035 5013
f 5013 5035 5036
f 5013 5036 5014
f 5014 5036 5015
f 5014 5015 5017
f 5015 5035 5034
f 5015 5034 5037
f 5015 5037 5038
f 5015 5038 5016
f 5015 5036 5035
f 5018 5039 5019
f 5019 5039 5040
f 5019 5040 5020
f 5020 5023 5021
f 5020 5040 5031
f 5025 5030 5028
f 5028 5030 5034
f 5029 5033 5041
f 5029 5041 5042
f 5029 5042 5043
f 5029 5043 5030
f 5030 5043 5034
f 5031 5040 5044
f 5031 5044 5032
f 5032 5044 5045
f 5032 5045 5046
f 5032 5046 5047
f 5032 5047 5048
f 5032 5048 5042
f 5032 5042 5041
f 5032 5041 5033
f 5034 5043 5042
f 5034 5042 5037
f 5037 5042 5048
f 5037 5048 5049
f 5037 5049 5050
f 5039 5046 5045
f 5039 5045 5040
f 5040 5045 5044
f 5047 5051 5048
f 5048 5051 5052
f 5048 5052 5053
f 5048 5053 5049
f 5049 5053 5050
f 5054 5055 5058
f 5054 5058 5071
f 5054 5071 5065
f 5054 5065 5064
f 5054 5064 5063
f 5054 5063 5062
f 5054 5062 5060
f 5054 5060 5056
f 5054 5056 5057
f 5054 5057 5061
f 5054 5061 5074
f 5054 5074 5086
f 5054 5086 5092
f 5054 5092 5090
f 5054 5090 5084
f 5054 5084 5072
f 5054 5072 5059
f 5054 5059 5055
f 5055 5059 5058
f 5056 5060 5057
f 5057 5060 5062
f 5057 5062 5063
f 5057 5063 5064
f 5057 5064 5065
f 5057 5065 5061
f 5058 5066 5067
f 5058 5067 5068
f 5058 5068 5069
f 5058 5069 5070
f 5058 5070 5071
f 5058 5059 5066
f 5059 5072 5066
f 5061 5065 5073
f 5061 5073 5075
f 5061 5075 5087
f 5061 5087 5076
f 5061 5076 5083
f 5061 5083 5082
f 5061 5082 5081
f 5061 5081 5089
f 5061 5089 5091
f 5061 5091 5085
f 5061 5085 5074
f 5065 5071 5070
f 5065 5070 5069
f 5065 5069 5080
f 5065 5080 5079
f 5065 5079 5078
f 5065 5078 5077
f 5065 5077 5087
f 5065 5087 5075
f 5065 5075 5073
f 5066 5076 5077
f 5066 5077 5078
f 5066 5078 5079
f 5066 5079 5080
f 5066 5080 5068
f 5066 5068 5067
f 5066 5072 5081
f 5066 5081 5082
f 5066 5082 5083
f 5066 5083 5076
f 5068 5080 5069
f 5072 5084 5081
f 5074 5085 5086
f 5076 5087 5077
f 5081 5084 5088
f 5081 5088 5089
f 5084 5090 5089
f 5084 5089 5088
f 5085 5091 5092
f 5085 5092 5086
f 5089 5090 5092
f 5089 5092 5091
f 5093 5094 5095
f 5093 5095 5100
f 5093 5100 5104
f 5093 5104 5111
f 5093 5111 5126
f 5093 5126 5141
f 5093 5141 5140
f 5093 5140 5160
f 5093 5160 5164
f 5093 5164 5163
f 5093 5163 5179
f 5093 5179 5180
f 5093 5180 5165
f 5093 5165 5143
f 5093 5143 5119
f 5093 5119 5106
f 5093 5106 5101
f 5093 5101 5096
f 5093 5096 5102
f 5093 5102 5108
f 5093 5108 5122
f 5093 5122 5149
f 5093 5149 5170
f 5093 5170 5184
f 5093 5184 5175
f 5093 5175 5172
f 5093 5172 5153
f 5093 5153 5133
f 5093 5133 5132
f 5093 5132 5131
f 5093 5131 5130
f 5093 5130 5129
f 5093 5129 5151
f 5093 5151 5124
f 5093 5124 5109
f 5093 5109 5103
f 5093 5103 5097
f 5093 5097 5094
f 5094 5097 5098
f 5094 5098 5099
f 5094 5099 5095
f 5095 5099 5100
f 5096 5101 5102
f 5097 5103 5098
f 5098 5104 5100
f 5098 5100 5099
f 5098 5103 5105
f 5098 5105 5104
f 5101 5106 5102
f 5102 5106 5107
f 5102 5107 5121
f 5102 5121 5120
f 5102 5120 5146
f 5102 5146 5145
f 5102 5145 5166
f 5102 5166 5181
f 5102 5181 5196
f 5102 5196 5185
f 5102 5185 5171
f 5102 5171 5150
f 5102 5150 5123
f 5102 5123 5108
f 5103 5109 5110
f 5103 5110 5105
f 5104 5105 5111
f 5105 5110 5112
f 5105 5112 5113
f 5105 5113 5114
f 5105 5114 5115
f 5105 5115 5116
f 5105 5116 5117
f 5105 5117 5118
f 5105 5118 5111
f 5106 5119 5120
f 5106 5120 5121
f 5106 5121 5107
f 5108 5123 5122
f 5109 5124 5125
f 5109 5125 5110
f 5110 5125 5112
f 5111 5118 5126
f 5112 5125 5113
f 5113 5127 5128
f 5113 5128 5114
f 5113 5125 5129
f 5113 5129 5130
f 5113 5130 5131
f 5113 5131 5132
f 5113 5132 5133
f 5113 5133 5134
f 5113 5134 5135
f 5113 5135 5136
f 5113 5136 5137
f 5113 5137 5138
f 5113 5138 5127
f 5114 5128 5115
f 5115 5128 5116
f 5116 5128 5139
f 5116 5139 5117
f 5117 5140 5141
f 5117 5141 5126
f 5117 5126 5118
f 5117 5139 5142
f 5117 5142 5140
f 5119 5143 5144
f 5119 5144 5145
f 5119 5145 5146
f 5119 5146 5120
f 5122 5147 5148
f 5122 5148 5149
f 5122 5123 5150
f 5122 5150 5147
f 5124 5151 5125
f 5125 5151 5129
f 5127 5138 5128
f 5128 5138 5152
f 5128 5152 5142
f 5128 5142 5139
f 5133 5153 5154
f 5133 5154 5134
f 5134 5154 5135
f 5135 5154 5136
f 5136 5155 5156
f 5136 5156 5137
f 5136 5154 5157
f 5136 5157 5158
f 5136 5158 5159
f 5136 5159 5155
f 5137 5156 5138
f 5138 5142 5152
f 5138 5156 5155
f 5138 5155 5142
f 5140 5142 5160
f 5142 5155 5161
f 5142 5161 5162
f 5142 5162 5163
f 5142 5163 5164
f 5142 5164 5160
f 5143 5165 5144
f 5144 5166 5145
f 5144 5165 5180
f 5144 5180 5195
f 5144 5195 5194
f 5144 5194 5193
f 5144 5193 5192
f 5144 5192 5191
f 5144 5191 5190
f 5144 5190 5189
f 5144 5189 5188
f 5144 5188 5187
f 5144 5187 5186
f 5144 5186 5181
f 5144 5181 5166
f 5147 5150 5167
f 5147 5167 5168
f 5147 5168 5169
f 5147 5169 5148
f 5148 5169 5149
f 5149 5169 5170
f 5150 5171 5167
f 5153 5172 5154
f 5154 5172 5157
f 5155 5159 5173
f 5155 5173 5174
f 5155 5174 5161
f 5157 5172 5175
f 5157 5175 5169
f 5157 5169 5158
f 5158 5169 5168
f 5158 5168 5159
f 5159 5168 5176
f 5159 5176 5173
f 5161 5174 5162
f 5162 5174 5177
f 5162 5177 5178
f 5162 5178 5163
f 5163 5178 5179
f 5167 5171 5182
f 5167 5182 5183
f 5167 5183 5168
f 5168 5183 5182
f 5168 5182 5176
f 5169 5175 5184
f 5169 5184 5170
f 5171 5185 5182
f 5173 5177 5174
f 5173 5176 5181
f 5173 5181 5186
f 5173 5186 5187
f 5173 5187 5188
f 5173 5188 5189
f 5173 5189 5190
f 5173 5190 5177
f 5176 5182 5181
f 5177 5190 5178
f 5178 5190 5191
f 5178 5191 5179
f 5179 5191 5192
f 5179 5192 5193
f 5179 5193 5194
f 5179 5194 5195
f 5179 5195 5180
f 5181 5182 5196
f 5182 5185 5196
f 5197 5198 5199
f 5197 5199 5200
f 5197 5200 5201
f 5197 5201 5209
f 5197 5209 5219
f 5197 5219 5217
f 5197 5217 5232
f 5197 5232 5223
f 5197 5223 5211
f 5197 5211 5202
f 5197 5202 5210
f 5197 5210 5222
f 5197 5222 5233
f 5197 5233 5238
f 5197 5238 5242
f 5197 5242 5239
f 5197 5239 5235
f 5197 5235 5234
f 5197 5234 5229
f 5197 5229 5214
f 5197 5214 5212
f 5197 5212 5205
f 5197 5205 5204
f 5197 5204 5203
f 5197 5203 5198
f 5198 5203 5199
f 5199 5203 5204
f 5199 5204 5205
f 5199 5205 5206
f 5199 5206 5213
f 5199 5213 5230
f 5199 5230 5236
f 5199 5236 5241
f 5199 5241 5240
f 5199 5240 5237
f 5199 5237 5233
f 5199 5233 5222
f 5199 5222 5220
f 5199 5220 5208
f 5199 5208 5200
f 5200 5207 5201
f 5200 5208 5211
f 5200 5211 5223
f 5200 5223 5231
f 5200 5231 5215
f 5200 5215 5207
f 5201 5207 5209
f 5202 5211 5210
f 5205 5212 5206
f 5206 5212 5214
f 5206 5214 5213
f 5207 5215 5216
f 5207 5216 5217
f 5207 5217 5218
f 5207 5218 5219
f 5207 5219 5209
f 5208 5220 5211
f 5210 5221 5228
f 5210 5228 5227
f 5210 5227 5226
f 5210 5226 5225
f 5210 5225 5224
f 5210 5224 5220
f 5210 5220 5222
f 5210 5211 5221
f 5211 5220 5224
f 5211 5224 5225
f 5211 5225 5226
f 5211 5226 5227
f 5211 5227 5228
f 5211 5228 5221
f 5213 5214 5229
f 5213 5229 5230
f 5215 5231 5232
f 5215 5232 5216
f 5216 5232 5217
f 5217 5219 5218
f 5223 5232 5231
f 5229 5234 5230
f 5230 5234 5235
f 5230 5235 5236
f 5233 5237 5238
f 5235 5239 5240
f 5235 5240 5241
f 5235 5241 5236
f 5237 5240 5238
f 5238 5240 5242
f 5239 5242 5240
f 5243 5244 5252
f 5243 5252 5256
f 5243 5256 5262
f 5243 5262 5272
f 5243 5272 5281
f 5243 5281 5292
f 5243 5292 5307
f 5243 5307 5319
f 5243 5319 5320
f 5243 5320 5308
f 5243 5308 5295
f 5243 5295 5294
f 5243 5294 5284
f 5243 5284 5275
f 5243 5275 5273
f 5243 5273 5264
f 5243 5264 5258
f 5243 5258 5253
f 5243 5253 5245
f 5243 5245 5246
f 5243 5246 5247
f 5243 5247 5248
f 5243 5248 5249
f 5243 5249 5250
f 5243 5250 5251
f 5243 5251 5244
f 5244 5251 5252
f 5245 5253 5257
f 5245 5257 5263
f 5245 5263 5265
f 5245 5265 5274
f 5245 5274 5282
f 5245 5282 5279
f 5245 5279 5270
f 5245 5270 5269
f 5245 5269 5268
f 5245 5268 5267
f 5245 5267 5260
f 5245 5260 5254
f 5245 5254 5247
f 5245 5247 5246
f 5247 5254 5259
f 5247 5259 5266
f 5247 5266 5277
f 5247 5277 5290
f 5247 5290 5293
f 5247 5293 5291
f 5247 5291 5280
f 5247 5280 5271
f 5247 5271 5261
f 5247 5261 5255
f 5247 5255 5251
f 5247 5251 5250
f 5247 5250 5249
f 5247 5249 5248
f 5251 5255 5256
f 5251 5256 5252
f 5253 5258 5257
f 5254 5260 5259
f 5255 5261 5256
f 5256 5261 5262
f 5257 5258 5263
f 5258 5264 5265
f 5258 5265 5263
f 5259 5260 5267
f 5259 5267 5268
f 5259 5268 5269
f 5259 5269 5270
f 5259 5270 5266
f 5261 5271 5272
f 5261 5272 5262
f 5264 5273 5265
f 5265 5273 5275
f 5265 5275 5274
f 5266 5276 5277
f 5266 5270 5278
f 5266 5278 5276
f 5270 5279 5278
f 5271 5280 5281
f 5271 5281 5272
f 5274 5278 5282
f 5274 5275 5283
f 5274 5283 5284
f 5274 5284 5285
f 5274 5285 5286
f 5274 5286 5287
f 5274 5287 5278
f 5275 5284 5283
f 5276 5288 5277
f 5276 5278 5289
f 5276 5289 5288
f 5277 5288 5304
f 5277 5304 5305
f 5277 5305 5314
f 5277 5314 5300
f 5277 5300 5299
f 5277 5299 5312
f 5277 5312 5311
f 5277 5311 5322
f 5277 5322 5323
f 5277 5323 5326
f 5277 5326 5324
f 5277 5324 5325
f 5277 5325 5317
f 5277 5317 5306
f 5277 5306 5292
f 5277 5292 5281
f 5277 5281 5290
f 5278 5279 5282
f 5278 5287 5289
f 5280 5291 5281
f 5281 5291 5293
f 5281 5293 5290
f 5284 5294 5285
f 5285 5294 5295
f 5285 5295 5296
f 5285 5296 5297
f 5285 5297 5286
f 5286 5298 5299
f 5286 5299 5300
f 5286 5300 5301
f 5286 5301 5289
f 5286 5289 5287
f 5286 5297 5296
f 5286 5296 5302
f 5286 5302 5303
f 5286 5303 5298
f 5288 5289 5304
f 5289 5301 5305
f 5289 5305 5304
f 5292 5306 5307
f 5295 5308 5309
f 5295 5309 5296
f 5296 5309 5310
f 5296 5310 5302
f 5298 5311 5312
f 5298 5312 5299
f 5298 5303 5313
f 5298 5313 5311
f 5300 5314 5301
f 5301 5314 5305
f 5302 5310 5303
f 5303 5310 5315
f 5303 5315 5316
f 5303 5316 5313
f 5306 5317 5318
f 5306 5318 5307
f 5307 5318 5319
f 5308 5320 5321
f 5308 5321 5309
f 5309 5321 5315
f 5309 5315 5310
f 5311 5313 5322
f 5313 5316 5323
f 5313 5323 5322
f 5315 5324 5316
f 5315 5321 5318
f 5315 5318 5325
f 5315 5325 5324
f 5316 5324 5326
f 5316 5326 5323
f 5317 5325 5318
f 5318 5321 5320
f 5318 5320 5319
f 5327 5328 5333
f 5327 5333 5343
f 5327 5343 5357
f 5327 5357 5361
f 5327 5361 5360
f 5327 5360 5379
f 5327 5379 5378
f 5327 5378 5377
f 5327 5377 5365
f 5327 5365 5345
f 5327 5345 5336
f 5327 5336 5329
f 5327 5329 5337
f 5327 5337 5352
f 5327 5352 5371
f 5327 5371 5373
f 5327 5373 5372
f 5327 5372 5354
f 5327 5354 5353
f 5327 5353 5339
f 5327 5339 5338
f 5327 5338 5330
f 5327 5330 5331
f 5327 5331 5332
f 5327 5332 5328
f 5328 5332 5334
f 5328 5334 5335
f 5328 5335 5333
f 5329 5336 5337
f 5330 5338 5331
f 5331 5339 5340
f 5331 5340 5341
f 5331 5341 5332
f 5331 5338 5339
f 5332 5341 5342
f 5332 5342 5334
f 5333 5335 5343
f 5334 5342 5335
f 5335 5342 5344
f 5335 5344 5343
f 5336 5345 5359
f 5336 5359 5358
f 5336 5358 5364
f 5336 5364 5383
f 5336 5383 5388
f 5336 5388 5390
f 5336 5390 5389
f 5336 5389 5384
f 5336 5384 5366
f 5336 5366 5346
f 5336 5346 5347
f 5336 5347 5348
f 5336 5348 5349
f 5336 5349 5350
f 5336 5350 5337
f 5337 5350 5349
f 5337 5349 5351
f 5337 5351 5352
f 5339 5353 5340
f 5340 5353 5354
f 5340 5354 5355
f 5340 5355 5341
f 5341 5355 5356
f 5341 5356 5342
f 5342 5356 5344
f 5343 5344 5357
f 5344 5358 5359
f 5344 5359 5360
f 5344 5360 5361
f 5344 5361 5357
f 5344 5356 5362
f 5344 5362 5363
f 5344 5363 5364
f 5344 5364 5358
f 5345 5365 5359
f 5346 5366 5347
f 5347 5366 5367
f 5347 5367 5368
f 5347 5368 5348
f 5348 5368 5349
f 5349 5368 5351
f 5351 5368 5369
f 5351 5369 5367
f 5351 5367 5370
f 5351 5370 5371
f 5351 5371 5352
f 5354 5372 5355
f 5355 5372 5373
f 5355 5373 5374
f 5355 5374 5375
f 5355 5375 5356
f 5356 5375 5376
f 5356 5376 5362
f 5359 5365 5377
f 5359 5377 5378
f 5359 5378 5379
f 5359 5379 5360
f 5362 5376 5380
f 5362 5380 5381
f 5362 5381 5363
f 5363 5381 5382
f 5363 5382 5364
f 5364 5382 5381
f 5364 5381 5380
f 5364 5380 5376
f 5364 5376 5375
f 5364 5375 5374
f 5364 5374 5373
f 5364 5373 5371
f 5364 5371 5387
f 5364 5387 5383
f 5366 5384 5385
f 5366 5385 5386
f 5366 5386 5367
f 5367 5386 5370
f 5367 5369 5368
f 5370 5386 5371
f 5371 5386 5387
f 5383 5387 5388
f 5384 5389 5385
f 5385 5389 5390
f 5385 5390 5386
f 5386 5390 5387
f 5387 5390 5388
f 5391 5392 5395
f 5391 5395 5408
f 5391 5408 5421
f 5391 5421 5434
f 5391 5434 5436
f 5391 5436 5449
f 5391 5449 5438
f 5391 5438 5426
f 5391 5426 5412
f 5391 5412 5396
f 5391 5396 5393
f 5391 5393 5405
f 5391 5405 5414
f 5391 5414 5430
f 5391 5430 5429
f 5391 5429 5432
f 5391 5432 5416
f 5391 5416 5406
f 5391 5406 5394
f 5391 5394 5392
f 5392 5394 5395
f 5393 5396 5397
f 5393 5397 5398
f 5393 5398 5399
f 5393 5399 5400
f 5393 5400 5401
f 5393 5401 5402
f 5393 5402 5403
f 5393 5403 5404
f 5393 5404 5405
f 5394 5406 5415
f 5394 5415 5431
f 5394 5431 5448
f 5394 5448 5447
f 5394 5447 5446
f 5394 5446 5444
f 5394 5444 5443
f 5394 5443 5442
f 5394 5442 5441
f 5394 5441 5440
f 5394 5440 5439
f 5394 5439 5435
f 5394 5435 5425
f 5394 5425 5424
f 5394 5424 5423
f 5394 5423 5422
f 5394 5422 5411
f 5394 5411 5410
f 5394 5410 5409
f 5394 5409 5407
f 5394 5407 5395
f 5395 5407 5409
f 5395 5409 5410
f 5395 5410 5411
f 5395 5411 5408
f 5396 5412 5427
f 5396 5427 5431
f 5396 5431 5415
f 5396 5415 5420
f 5396 5420 5419
f 5396 5419 5418
f 5396 5418 5417
f 5396 5417 5433
f 5396 5433 5428
f 5396 5428 5413
f 5396 5413 5404
f 5396 5404 5403
f 5396 5403 5402
f 5396 5402 5401
f 5396 5401 5400
f 5396 5400 5399
f 5396 5399 5398
f 5396 5398 5397
f 5404 5413 5405
f 5405 5413 5414
f 5406 5416 5417
f 5406 5417 5418
f 5406 5418 5419
f 5406 5419 5420
f 5406 5420 5415
f 5408 5411 5422
f 5408 5422 5423
f 5408 5423 5424
f 5408 5424 5425
f 5408 5425 5421
f 5412 5426 5437
f 5412 5437 5445
f 5412 5445 5427
f 5413 5428 5429
f 5413 5429 5430
f 5413 5430 5414
f 5416 5432 5433
f 5416 5433 5417
f 5421 5425 5434
f 5425 5435 5436
f 5425 5436 5434
f 5426 5438 5439
f 5426 5439 5440
f 5426 5440 5441
f 5426 5441 5442
f 5426 5442 5443
f 5426 5443 5444
f 5426 5444 5437
f 5427 5445 5444
f 5427 5444 5446
f 5427 5446 5447
f 5427 5447 5448
f 5427 5448 5431
f 5428 5433 5429
f 5429 5433 5432
f 5435 5439 5438
f 5435 5438 5449
f 5435 5449 5436
f 5437 5444 5445
f 5450 5451 5456
f 5450 5456 5464
f 5450 5464 5465
f 5450 5465 5478
f 5450 5478 5493
f 5450 5493 5495
f 5450 5495 5480
f 5450 5480 5469
f 5450 5469 5460
f 5450 5460 5452
f 5450 5452 5461
f 5450 5461 5471
f 5450 5471 5489
f 5450 5489 5491
f 5450 5491 5490
f 5450 5490 5474
f 5450 5474 5462
f 5450 5462 5453
f 5450 5453 5454
f 5450 5454 5455
f 5450 5455 5451
f 5451 5455 5457
f 5451 5457 5458
f 5451 5458 5459
f 5451 5459 5456
f 5452 5460 5461
f 5453 5462 5473
f 5453 5473 5484
f 5453 5484 5483
f 5453 5483 5482
f 5453 5482 5481
f 5453 5481 5494
f 5453 5494 5479
f 5453 5479 5468
f 5453 5468 5467
f 5453 5467 5466
f 5453 5466 5463
f 5453 5463 5454
f 5454 5463 5455
f 5455 5463 5457
f 5456 5459 5464
f 5457 5463 5458
f 5458 5463 5459
f 5459 5465 5464
f 5459 5463 5466
f 5459 5466 5467
f 5459 5467 5468
f 5459 5468 5465
f 5460 5469 5484
f 5460 5484 5473
f 5460 5473 5472
f 5460 5472 5477
f 5460 5477 5476
f 5460 5476 5475
f 5460 5475 5492
f 5460 5492 5488
f 5460 5488 5487
f 5460 5487 5486
f 5460 5486 5485
f 5460 5485 5470
f 5460 5470 5471
f 5460 5471 5461
f 5462 5472 5473
f 5462 5474 5475
f 5462 5475 5476
f 5462 5476 5477
f 5462 5477 5472
f 5465 5468 5478
f 5468 5479 5478
f 5469 5480 5481
f 5469 5481 5482
f 5469 5482 5483
f 5469 5483 5484
f 5470 5485 5471
f 5471 5485 5486
f 5471 5486 5487
f 5471 5487 5488
f 5471 5488 5489
f 5474 5490 5475
f 5475 5490 5491
f 5475 5491 5492
f 5478 5479 5494
f 5478 5494 5493
f 5480 5495 5481
f 5481 5495 5494
f 5488 5492 5489
f 5489 5492 5491
f 5493 5494 5495
f 5496 5497 5500
f 5496 5500 5507
f 5496 5507 5520
f 5496 5520 5524
f 5496 5524 5525
f 5496 5525 5510
f 5496 5510 5502
f 5496 5502 5498
f 5496 5498 5505
f 5496 5505 5499
f 5496 5499 5506
f 5496 5506 5515
f 5496 5515 5527
f 5496 5527 5537
f 5496 5537 5546
f 5496 5546 5545
f 5496 5545 5544
f 5496 5544 5543
f 5496 5543 5542
f 5496 5542 5548
f 5496 5548 5539
f 5496 5539 5529
f 5496 5529 5522
f 5496 5522 5521
f 5496 5521 5508
f 5496 5508 5501
f 5496 5501 5497
f 5497 5501 5500
f 5498 5502 5503
f 5498 5503 5504
f 5498 5504 5505
f 5499 5505 5506
f 5500 5501 5508
f 5500 5508 5509
f 5500 5509 5507
f 5502 5510 5526
f 5502 5526 5535
f 5502 5535 5540
f 5502 5540 5538
f 5502 5538 5547
f 5502 5547 5550
f 5502 5550 5549
f 5502 5549 5541
f 5502 5541 5536
f 5502 5536 5528
f 5502 5528 5519
f 5502 5519 5518
f 5502 5518 5517
f 5502 5517 5516
f 5502 5516 5514
f 5502 5514 5513
f 5502 5513 5512
f 5502 5512 5511
f 5502 5511 5504
f 5502 5504 5503
f 5504 5511 5505
f 5505 5511 5512
f 5505 5512 5513
f 5505 5513 5514
f 5505 5514 5506
f 5506 5514 5516
f 5506 5516 5517
f 5506 5517 5518
f 5506 5518 5519
f 5506 5519 5515
f 5507 5509 5520
f 5508 5521 5509
f 5509 5521 5522
f 5509 5522 5523
f 5509 5523 5524
f 5509 5524 5520
f 5510 5525 5526
f 5515 5519 5528
f 5515 5528 5527
f 5522 5529 5530
f 5522 5530 5531
f 5522 5531 5523
f 5523 5532 5524
f 5523 5531 5533
f 5523 5533 5534
f 5523 5534 5532
f 5524 5532 5534
f 5524 5534 5525
f 5525 5534 5526
f 5526 5534 5535
f 5527 5528 5536
f 5527 5536 5537
f 5529 5538 5530
f 5529 5539 5538
f 5530 5538 5540
f 5530 5540 5531
f 5531 5540 5533
f 5533 5540 5534
f 5534 5540 5535
f 5536 5541 5542
f 5536 5542 5543
f 5536 5543 5544
f 5536 5544 5545
f 5536 5545 5546
f 5536 5546 5537
f 5538 5539 5547
f 5539 5548 5549
f 5539 5549 5550
f 5539 5550 5547
f 5541 5549 5551
f 5541 5551 5542
f 5542 5551 5549
f 5542 5549 5548
f 5552 5553 5558
f 5552 5558 5571
f 5552 5571 5579
f 5552 5579 5581
f 5552 5581 5573
f 5552 5573 5560
f 5552 5560 5554
f 5552 5554 5561
f 5552 5561 5575
f 5552 5575 5584
f 5552 5584 5596
f 5552 5596 5600
f 5552 5600 5599
f 5552 5599 5598
f 5552 5598 5586
f 5552 5586 5577
f 5552 5577 5565
f 5552 5565 5562
f 5552 5562 5555
f 5552 5555 5556
f 5552 5556 5557
f 5552 5557 5553
f 5553 5557 5559
f 5553 5559 5558
f 5554 5560 5561
f 5555 5562 5556
f 5556 5562 5557
f 5557 5563 5559
f 5557 5562 5564
f 5557 5564 5565
f 5557 5565 5566
f 5557 5566 5567
f 5557 5567 5568
f 5557 5568 5569
f 5557 5569 5570
f 5557 5570 5563
f 5558 5559 5572
f 5558 5572 5571
f 5559 5563 5572
f 5560 5573 5582
f 5560 5582 5591
f 5560 5591 5603
f 5560 5603 5597
f 5560 5597 5585
f 5560 5585 5601
f 5560 5601 5595
f 5560 5595 5594
f 5560 5594 5593
f 5560 5593 5592
f 5560 5592 5583
f 5560 5583 5574
f 5560 5574 5561
f 5561 5574 5575
f 5562 5565 5564
f 5563 5576 5572
f 5563 5570 5576
f 5565 5577 5585
f 5565 5585 5597
f 5565 5597 5602
f 5565 5602 5587
f 5565 5587 5578
f 5565 5578 5570
f 5565 5570 5569
f 5565 5569 5568
f 5565 5568 5567
f 5565 5567 5566
f 5570 5578 5576
f 5571 5572 5579
f 5572 5580 5579
f 5572 5576 5578
f 5572 5578 5580
f 5573 5581 5582
f 5574 5583 5584
f 5574 5584 5575
f 5577 5586 5585
f 5578 5587 5588
f 5578 5588 5580
f 5579 5588 5589
f 5579 5589 5581
f 5579 5580 5588
f 5581 5589 5590
f 5581 5590 5582
f 5582 5590 5591
f 5583 5592 5584
f 5584 5592 5593
f 5584 5593 5594
f 5584 5594 5595
f 5584 5595 5596
f 5585 5586 5598
f 5585 5598 5599
f 5585 5599 5600
f 5585 5600 5601
f 5587 5602 5603
f 5587 5603 5588
f 5588 5603 5591
f 5588 5591 5589
f 5589 5591 5590
f 5595 5601 5600
f 5595 5600 5596
f 5597 5603 5602
f 5604 5605 5608
f 5604 5608 5615
f 5604 5615 5627
f 5604 5627 5631
f 5604 5631 5617
f 5604 5617 5609
f 5604 5609 5606
f 5604 5606 5610
f 5604 5610 5619
f 5604 5619 5636
f 5604 5636 5651
f 5604 5651 5670
f 5604 5670 5674
f 5604 5674 5668
f 5604 5668 5667
f 5604 5667 5654
f 5604 5654 5641
f 5604 5641 5622
f 5604 5622 5611
f 5604 5611 5607
f 5604 5607 5605
f 5605 5607 5608
f 5606 5609 5610
f 5607 5611 5621
f 5607 5621 5640
f 5607 5640 5660
f 5607 5660 5662
f 5607 5662 5642
f 5607 5642 5625
f 5607 5625 5624
f 5607 5624 5623
f 5607 5623 5612
f 5607 5612 5613
f 5607 5613 5614
f 5607 5614 5615
f 5607 5615 5608
f 5609 5616 5610
f 5609 5617 5618
f 5609 5618 5616
f 5610 5616 5619
f 5611 5620 5621
f 5611 5622 5620
f 5612 5623 5613
f 5613 5623 5624
f 5613 5624 5625
f 5613 5625 5626
f 5613 5626 5643
f 5613 5643 5663
f 5613 5663 5672
f 5613 5672 5675
f 5613 5675 5673
f 5613 5673 5666
f 5613 5666 5664
f 5613 5664 5649
f 5613 5649 5648
f 5613 5648 5633
f 5613 5633 5632
f 5613 5632 5627
f 5613 5627 5615
f 5613 5615 5614
f 5616 5618 5628
f 5616 5628 5629
f 5616 5629 5630
f 5616 5630 5619
f 5617 5631 5618
f 5618 5631 5627
f 5618 5627 5632
f 5618 5632 5633
f 5618 5633 5634
f 5618 5634 5629
f 5618 5629 5628
f 5619 5630 5635
f 5619 5635 5636
f 5620 5637 5638
f 5620 5638 5639
f 5620 5639 5640
f 5620 5640 5621
f 5620 5622 5641
f 5620 5641 5637
f 5625 5642 5626
f 5626 5642 5643
f 5629 5644 5630
f 5629 5634 5645
f 5629 5645 5646
f 5629 5646 5647
f 5629 5647 5644
f 5630 5644 5635
f 5633 5648 5634
f 5634 5648 5649
f 5634 5649 5645
f 5635 5644 5636
f 5636 5644 5650
f 5636 5650 5651
f 5637 5652 5638
f 5637 5641 5653
f 5637 5653 5652
f 5638 5652 5653
f 5638 5653 5654
f 5638 5654 5655
f 5638 5655 5650
f 5638 5650 5656
f 5638 5656 5657
f 5638 5657 5639
f 5639 5658 5659
f 5639 5659 5660
f 5639 5660 5640
f 5639 5657 5661
f 5639 5661 5658
f 5641 5654 5653
f 5642 5662 5663
f 5642 5663 5643
f 5644 5647 5650
f 5645 5664 5646
f 5645 5649 5664
f 5646 5665 5647
f 5646 5664 5666
f 5646 5666 5665
f 5647 5665 5657
f 5647 5657 5656
f 5647 5656 5650
f 5650 5655 5667
f 5650 5667 5668
f 5650 5668 5669
f 5650 5669 5651
f 5651 5669 5670
f 5654 5667 5655
f 5657 5665 5671
f 5657 5671 5661
f 5658 5663 5660
f 5658 5660 5659
f 5658 5661 5672
f 5658 5672 5663
f 5660 5663 5662
f 5661 5671 5672
f 5665 5673 5675
f 5665 5675 5671
f 5665 5666 5673
f 5668 5674 5669
f 5669 5674 5670
f 5671 5675 5672
f 5677 5678 5676
f 5677 5679 5678
f 5677 5680 5679
f 5677 5681 5680
f 5677 5682 5681
f 5677 5676 5682
f 5676 5683 5682
f 5676 5684 5683
f 5676 5678 5684
f 5678 5685 5684
f 5686 5685 5678
f 5686 5687 5685
f 5686 5688 5687
f 5686 5689 5688
f 5686 5690 5689
f 5686 5691 5690
f 5686 5678 5691
f 5691 5678 5692
f 5691 5692 5690
f 5693 5690 5692
f 5694 5690 5693
f 5695 5690 5694
f 5695 5696 5690
f 5695 5697 5696
f 5695 5694 5697
f 5694 5698 5697
f 5699 5698 5694
f 5699 5700 5698
f 5699 5701 5700
f 5699 5702 5701
f 5699 5694 5702
f 5702 5694 5703
f 5702 5703 5704
f 5702 5704 5701
f 5704 5705 5701
f 5704 5706 5705
f 5704 5703 5706
f 5706 5703 5707
f 5708 5706 5707
f 5709 5706 5708
f 5709 5710 5706
f 5709 5711 5710
f 5709 5712 5711
f 5709 5708 5712
f 5708 5713 5712
f 5708 5707 5713
f 5713 5707 5714
f 5713 5714 5715
f 5713 5715 5716
f 5713 5716 5717
f 5718 5713 5717
f 5718 5712 5713
f 5719 5712 5718
f 5719 5720 5712
f 5719 5721 5720
f 5719 5718 5721
f 5718 5717 5721
f 5721 5717 5722
f 5723 5721 5722
f 5723 5724 5721
f 5725 5724 5723
f 5726 5724 5725
f 5726 5727 5724
f 5726 5728 5727
f 5726 5729 5728
f 5726 5730 5729
f 5726 5731 5730
f 5726 5725 5731
f 5725 5723 5731
f 5731 5723 5722
f 5732 5731 5722
f 5732 5730 5731
f 5732 5733 5730
f 5732 5734 5733
f 5735 5734 5732
f 5735 5736 5734
f 5735 5737 5736
f 5735 5738 5737
f 5735 5739 5738
f 5735 5740 5739
f 5735 5741 5740
f 5742 5741 5735
f 5742 5732 5741
f 5742 5735 5732
f 5732 5722 5741
f 5741 5722 5740
f 5740 5722 5743
f 5740 5743 5744
f 5745 5740 5744
f 5745 5746 5740
f 5747 5746 5745
f 5747 5748 5746
f 5747 5749 5748
f 5747 5745 5749
f 5749 5745 5750
f 5749 5750 5751
f 5748 5749 5751
f 5748 5751 5752
f 5748 5752 5753
f 5754 5748 5753
f 5754 5736 5748
f 5754 5734 5736
f 5754 5753 5734
f 5734 5753 5755
f 5734 5755 5756
f 5733 5734 5756
f 5733 5756 5729
f 5733 5729 5730
f 5729 5756 5757
f 5758 5729 5757
f 5758 5728 5729
f 5759 5728 5758
f 5759 5706 5728
f 5759 5705 5706
f 5759 5758 5705
f 5758 5760 5705
f 5758 5757 5760
f 5760 5757 5761
f 5760 5761 5762
f 5763 5760 5762
f 5763 5764 5760
f 5763 5765 5764
f 5763 5766 5765
f 5763 5767 5766
f 5763 5768 5767
f 5763 5769 5768
f 5770 5769 5763
f 5770 5771 5769
f 5770 5772 5771
f 5770 5773 5772
f 5770 5774 5773
f 5770 5775 5774
f 5770 5753 5775
f 5770 5757 5753
f 5770 5761 5757
f 5770 5762 5761
f 5770 5763 5762
f 5755 5753 5757
f 5756 5755 5757
f 5775 5753 5752
f 5775 5752 5751
f 5776 5775 5751
f 5776 5774 5775
f 5776 5777 5774
f 5776 5751 5777
f 5778 5777 5751
f 5778 5774 5777
f 5778 5779 5774
f 5778 5750 5779
f 5778 5751 5750
f 5750 5745 5779
f 5745 5744 5779
f 5779 5744 5780
f 5781 5779 5780
f 5781 5782 5779
f 5783 5782 5781
f 5783 5771 5782
f 5783 5769 5771
f 5784 5769 5783
f 5784 5768 5769
f 5784 5767 5768
f 5784 5785 5767
f 5784 5786 5785
f 5784 5783 5786
f 5783 5781 5786
f 5787 5786 5781
f 5788 5786 5787
f 5788 5789 5786
f 5788 5780 5789
f 5788 5787 5780
f 5787 5781 5780
f 5789 5780 5683
f 5789 5683 5786
f 5786 5683 5785
f 5785 5683 5790
f 5791 5785 5790
f 5792 5785 5791
f 5766 5785 5792
f 5766 5767 5785
f 5766 5792 5793
f 5766 5793 5764
f 5766 5764 5765
f 5793 5794 5764
f 5793 5791 5794
f 5792 5791 5793
f 5795 5794 5791
f 5795 5764 5794
f 5796 5764 5795
f 5760 5764 5796
f 5760 5796 5705
f 5796 5795 5705
f 5795 5797 5705
f 5795 5791 5797
f 5798 5797 5791
f 5798 5705 5797
f 5798 5701 5705
f 5799 5701 5798
f 5799 5700 5701
f 5799 5800 5700
f 5799 5791 5800
f 5799 5798 5791
f 5800 5791 5801
f 5800 5801 5700
f 5802 5700 5801
f 5802 5698 5700
f 5802 5697 5698
f 5802 5801 5697
f 5697 5801 5790
f 5696 5697 5790
f 5696 5790 5689
f 5696 5689 5690
f 5689 5790 5688
f 5687 5688 5790
f 5687 5790 5683
f 5687 5683 5685
f 5684 5685 5683
f 5801 5791 5790
f 5780 5744 5683
f 5744 5803 5683
f 5804 5803 5744
f 5804 5743 5803
f 5804 5744 5743
f 5743 5722 5803
f 5717 5803 5722
f 5805 5803 5717
f 5806 5803 5805
f 5807 5803 5806
f 5807 5808 5803
f 5807 5681 5808
f 5807 5680 5681
f 5807 5809 5680
f 5807 5810 5809
f 5807 5806 5810
f 5811 5810 5806
f 5811 5812 5810
f 5811 5805 5812
f 5811 5806 5805
f 5812 5805 5714
f 5809 5812 5714
f 5810 5812 5809
f 5813 5809 5714
f 5813 5679 5809
f 5813 5692 5679
f 5813 5814 5692
f 5813 5714 5814
f 5814 5714 5707
f 5703 5814 5707
f 5703 5692 5814
f 5693 5692 5703
f 5694 5693 5703
f 5679 5692 5678
f 5679 5680 5809
f 5815 5714 5805
f 5815 5716 5714
f 5815 5805 5716
f 5716 5805 5717
f 5715 5714 5716
f 5681 5683 5808
f 5681 5682 5683
f 5808 5683 5803
f 5772 5782 5771
f 5816 5782 5772
f 5816 5773 5782
f 5816 5772 5773
f 5773 5779 5782
f 5773 5774 5779
f 5727 5728 5706
f 5727 5706 5710
f 5727 5710 5724
f 5710 5720 5724
f 5710 5711 5720
f 5712 5720 5711
f 5720 5721 5724
f 5738 5748 5736
f 5738 5739 5748
f 5739 5746 5748
f 5739 5740 5746
f 5737 5738 5736
f 5817 5818 5819
f 5817 5819 5825
f 5817 5825 5835
f 5817 5835 5843
f 5817 5843 5842
f 5817 5842 5841
f 5817 5841 5840
f 5817 5840 5839
f 5817 5839 5837
f 5817 5837 5827
f 5817 5827 5820
f 5817 5820 5826
f 5817 5826 5836
f 5817 5836 5844
f 5817 5844 5847
f 5817 5847 5845
f 5817 5845 5833
f 5817 5833 5821
f 5817 5821 5822
f 5817 5822 5823
f 5817 5823 5824
f 5817 5824 5818
f 5818 5824 5823
f 5818 5823 5834
f 5818 5834 5846
f 5818 5846 5849
f 5818 5849 5851
f 5818 5851 5855
f 5818 5855 5852
f 5818 5852 5848
f 5818 5848 5838
f 5818 5838 5828
f 5818 5828 5825
f 5818 5825 5819
f 5820 5827 5828
f 5820 5828 5829
f 5820 5829 5830
f 5820 5830 5831
f 5820 5831 5832
f 5820 5832 5826
f 5821 5833 5822
f 5822 5833 5823
f 5823 5833 5834
f 5825 5828 5835
f 5826 5832 5836
f 5827 5837 5828
f 5828 5838 5832
f 5828 5832 5831
f 5828 5831 5830
f 5828 5830 5829
f 5828 5837 5839
f 5828 5839 5840
f 5828 5840 5841
f 5828 5841 5842
f 5828 5842 5843
f 5828 5843 5835
f 5832 5838 5848
f 5832 5848 5853
f 5832 5853 5859
f 5832 5859 5858
f 5832 5858 5857
f 5832 5857 5856
f 5832 5856 5854
f 5832 5854 5850
f 5832 5850 5847
f 5832 5847 5844
f 5832 5844 5836
f 5833 5845 5834
f 5834 5845 5847
f 5834 5847 5846
f 5846 5847 5849
f 5847 5850 5851
f 5847 5851 5849
f 5848 5852 5853
f 5850 5854 5852
f 5850 5852 5855
f 5850 5855 5851
f 5852 5854 5856
f 5852 5856 5857
f 5852 5857 5858
f 5852 5858 5859
f 5852 5859 5853
f 5860 5861 5862
f 5860 5862 5863
f 5860 5863 5867
f 5860 5867 5872
f 5860 5872 5877
f 5860 5877 5881
f 5860 5881 5874
f 5860 5874 5868
f 5860 5868 5864
f 5860 5864 5861
f 5861 5864 5862
f 5862 5864 5868
f 5862 5868 5873
f 5862 5873 5869
f 5862 5869 5865
f 5862 5865 5870
f 5862 5870 5875
f 5862 5875 5879
f 5862 5879 5878
f 5862 5878 5885
f 5862 5885 5888
f 5862 5888 5882
f 5862 5882 5876
f 5862 5876 5871
f 5862 5871 5866
f 5862 5866 5863
f 5863 5866 5867
f 5865 5869 5870
f 5866 5871 5872
f 5866 5872 5867
f 5868 5874 5873
f 5869 5873 5875
f 5869 5875 5870
f 5871 5876 5872
f 5872 5876 5882
f 5872 5882 5887
f 5872 5887 5889
f 5872 5889 5883
f 5872 5883 5877
f 5873 5878 5879
f 5873 5879 5875
f 5873 5874 5880
f 5873 5880 5878
f 5874 5881 5880
f 5877 5883 5884
f 5877 5884 5881
f 5878 5880 5886
f 5878 5886 5885
f 5880 5881 5884
f 5880 5884 5886
f 5882 5888 5887
f 5883 5889 5886
f 5883 5886 5884
f 5885 5886 5888
f 5886 5889 5888
f 5887 5888 5889
f 5890 5891 5892
f 5890 5892 5897
f 5890 5897 5907
f 5890 5907 5921
f 5890 5921 5935
f 5890 5935 5922
f 5890 5922 5909
f 5890 5909 5898
f 5890 5898 5893
f 5890 5893 5894
f 5890 5894 5895
f 5890 5895 5891
f 5891 5896 5892
f 5891 5895 5896
f 5892 5896 5897
f 5893 5898 5894
f 5894 5899 5900
f 5894 5900 5895
f 5894 5898 5899
f 5895 5900 5901
f 5895 5901 5902
f 5895 5902 5903
f 5895 5903 5904
f 5895 5904 5896
f 5896 5904 5905
f 5896 5905 5906
f 5896 5906 5907
f 5896 5907 5908
f 5896 5908 5897
f 5897 5908 5907
f 5898 5909 5924
f 5898 5924 5937
f 5898 5937 5953
f 5898 5953 5954
f 5898 5954 5940
f 5898 5940 5939
f 5898 5939 5938
f 5898 5938 5925
f 5898 5925 5912
f 5898 5912 5911
f 5898 5911 5910
f 5898 5910 5899
f 5899 5910 5900
f 5900 5910 5911
f 5900 5911 5901
f 5901 5911 5912
f 5901 5912 5913
f 5901 5913 5914
f 5901 5914 5902
f 5902 5914 5915
f 5902 5915 5903
f 5903 5915 5916
f 5903 5916 5917
f 5903 5917 5918
f 5903 5918 5904
f 5904 5918 5919
f 5904 5919 5920
f 5904 5920 5906
f 5904 5906 5905
f 5906 5920 5921
f 5906 5921 5907
f 5909 5922 5923
f 5909 5923 5924
f 5912 5925 5913
f 5913 5925 5926
f 5913 5926 5914
f 5914 5926 5927
f 5914 5927 5928
f 5914 5928 5929
f 5914 5929 5930
f 5914 5930 5916
f 5914 5916 5915
f 5916 5930 5931
f 5916 5931 5918
f 5916 5918 5917
f 5918 5931 5932
f 5918 5932 5933
f 5918 5933 5919
f 5919 5933 5934
f 5919 5934 5920
f 5920 5934 5921
f 5921 5934 5935
f 5922 5935 5934
f 5922 5934 5948
f 5922 5948 5947
f 5922 5947 5946
f 5922 5946 5944
f 5922 5944 5965
f 5922 5965 5968
f 5922 5968 5967
f 5922 5967 5978
f 5922 5978 5977
f 5922 5977 5976
f 5922 5976 5971
f 5922 5971 5969
f 5922 5969 5949
f 5922 5949 5936
f 5922 5936 5923
f 5923 5936 5951
f 5923 5951 5970
f 5923 5970 5974
f 5923 5974 5973
f 5923 5973 5972
f 5923 5972 5952
f 5923 5952 5937
f 5923 5937 5924
f 5925 5938 5926
f 5926 5938 5927
f 5927 5938 5939
f 5927 5939 5928
f 5928 5939 5940
f 5928 5940 5941
f 5928 5941 5942
f 5928 5942 5929
f 5929 5942 5930
f 5930 5943 5944
f 5930 5944 5931
f 5930 5942 5945
f 5930 5945 5943
f 5931 5944 5946
f 5931 5946 5932
f 5932 5946 5947
f 5932 5947 5933
f 5933 5948 5934
f 5933 5947 5948
f 5936 5949 5950
f 5936 5950 5951
f 5937 5952 5953
f 5940 5954 5941
f 5941 5954 5953
f 5941 5953 5942
f 5942 5953 5955
f 5942 5955 5952
f 5942 5952 5956
f 5942 5956 5957
f 5942 5957 5958
f 5942 5958 5959
f 5942 5959 5960
f 5942 5960 5961
f 5942 5961 5962
f 5942 5962 5963
f 5942 5963 5964
f 5942 5964 5945
f 5943 5945 5944
f 5944 5945 5965
f 5945 5964 5966
f 5945 5966 5967
f 5945 5967 5968
f 5945 5968 5965
f 5949 5969 5950
f 5950 5959 5970
f 5950 5970 5951
f 5950 5969 5971
f 5950 5971 5960
f 5950 5960 5959
f 5952 5955 5953
f 5952 5972 5956
f 5956 5972 5957
f 5957 5972 5973
f 5957 5973 5974
f 5957 5974 5959
f 5957 5959 5958
f 5959 5974 5970
f 5960 5975 5962
f 5960 5962 5961
f 5960 5971 5976
f 5960 5976 5975
f 5962 5975 5976
f 5962 5976 5963
f 5963 5976 5977
f 5963 5977 5964
f 5964 5977 5966
f 5966 5978 5967
f 5966 5977 5978
f 5979 5980 5983
f 5979 5983 5987
f 5979 5987 5991
f 5979 5991 6001
f 5979 6001 6014
f 5979 6014 6035
f 5979 6035 6041
f 5979 6041 6019
f 5979 6019 6004
f 5979 6004 5994
f 5979 5994 5989
f 5979 5989 5984
f 5979 5984 5981
f 5979 5981 5985
f 5979 5985 5990
f 5979 5990 5999
f 5979 5999 6011
f 5979 6011 6010
f 5979 6010 6028
f 5979 6028 6048
f 5979 6048 6054
f 5979 6054 6038
f 5979 6038 6016
f 5979 6016 6002
f 5979 6002 5993
f 5979 5993 5988
f 5979 5988 5986
f 5979 5986 5982
f 5979 5982 5980
f 5980 5982 5983
f 5981 5984 5985
f 5982 5986 5983
f 5983 5986 5988
f 5983 5988 5987
f 5984 5989 5996
f 5984 5996 6008
f 5984 6008 6026
f 5984 6026 6047
f 5984 6047 6051
f 5984 6051 6050
f 5984 6050 6032
f 5984 6032 6031
f 5984 6031 6027
f 5984 6027 6009
f 5984 6009 5997
f 5984 5997 5990
f 5984 5990 5985
f 5987 5988 5992
f 5987 5992 5991
f 5988 5993 5992
f 5989 5994 5995
f 5989 5995 5996
f 5990 5997 5998
f 5990 5998 5999
f 5991 6000 6013
f 5991 6013 6001
f 5991 5992 6000
f 5992 5993 6000
f 5993 6002 6003
f 5993 6003 6000
f 5994 6004 5995
f 5995 6004 6005
f 5995 6005 6006
f 5995 6006 6007
f 5995 6007 5996
f 5996 6007 6008
f 5997 6009 5998
f 5998 6010 6011
f 5998 6011 5999
f 5998 6009 6012
f 5998 6012 6010
f 6000 6003 6013
f 6001 6013 6014
f 6002 6015 6003
f 6002 6016 6015
f 6003 6015 6017
f 6003 6017 6018
f 6003 6018 6013
f 6004 6019 6005
f 6005 6020 6021
f 6005 6021 6006
f 6005 6019 6020
f 6006 6021 6007
f 6007 6022 6008
f 6007 6021 6023
f 6007 6023 6024
f 6007 6024 6022
f 6008 6022 6025
f 6008 6025 6026
f 6009 6027 6012
f 6010 6012 6029
f 6010 6029 6030
f 6010 6030 6028
f 6012 6027 6031
f 6012 6031 6032
f 6012 6032 6033
f 6012 6033 6029
f 6013 6034 6035
f 6013 6035 6014
f 6013 6018 6017
f 6013 6017 6034
f 6015 6036 6017
f 6015 6016 6037
f 6015 6037 6036
f 6016 6038 6037
f 6017 6036 6039
f 6017 6039 6040
f 6017 6040 6034
f 6019 6041 6042
f 6019 6042 6020
f 6020 6042 6043
f 6020 6043 6040
f 6020 6040 6039
f 6020 6039 6021
f 6021 6039 6044
f 6021 6044 6023
f 6022 6024 6025
f 6023 6045 6024
f 6023 6044 6046
f 6023 6046 6033
f 6023 6033 6045
f 6024 6045 6025
f 6025 6045 6033
f 6025 6033 6047
f 6025 6047 6026
f 6028 6030 6048
f 6029 6049 6030
f 6029 6033 6046
f 6029 6046 6044
f 6029 6044 6049
f 6030 6049 6048
f 6032 6050 6033
f 6033 6050 6051
f 6033 6051 6047
f 6034 6040 6043
f 6034 6043 6042
f 6034 6042 6035
f 6035 6042 6041
f 6036 6044 6039
f 6036 6037 6052
f 6036 6052 6044
f 6037 6038 6053
f 6037 6053 6052
f 6038 6054 6053
f 6044 6052 6055
f 6044 6055 6049
f 6048 6049 6054
f 6049 6055 6054
f 6052 6053 6054
f 6052 6054 6055
f 6057 6058 6056
f 6059 6058 6057
f 6059 6060 6058
f 6061 6060 6059
f 6062 6060 6061
f 6062 6063 6060
f 6062 6061 6063
f 6061 6059 6063
f 6063 6059 6057
f 6064 6063 6057
f 6065 6063 6064
f 6065 6060 6063
f 6065 6064 6060
f 6066 6060 6064
f 6066 6067 6060
f 6066 6064 6067
f 6064 6057 6067
f 6068 6067 6057
f 6068 6069 6067
f 6068 6057 6069
f 6069 6057 6070
f 6071 6069 6070
f 6072 6069 6071
f 6073 6069 6072
f 6073 6067 6069
f 6073 6074 6067
f 6073 6072 6074
f 6074 6072 6075
f 6074 6075 6076
f 6074 6076 6067
f 6076 6060 6067
f 6076 6075 6060
f 6075 6077 6060
f 6072 6077 6075
f 6072 6071 6077
f 6078 6077 6071
f 6078 6079 6077
f 6078 6071 6079
f 6071 6070 6079
f 6079 6070 6080
f 6079 6080 6077
f 6077 6080 6060
f 6081 6060 6080
f 6082 6060 6081
f 6082 6083 6060
f 6084 6083 6082
f 6084 6085 6083
f 6084 6081 6085
f 6086 6081 6084
f 6086 6087 6081
f 6086 6084 6087
f 6087 6084 6082
f 6087 6082 6081
f 6088 6085 6081
f 6088 6089 6085
f 6088 6081 6089
f 6089 6081 6090
f 6089 6090 6085
f 6090 6091 6085
f 6090 6081 6091
f 6081 6092 6091
f 6093 6092 6081
f 6094 6092 6093
f 6095 6092 6094
f 6096 6092 6095
f 6097 6092 6096
f 6097 6098 6092
f 6097 6099 6098
f 6097 6096 6099
f 6096 6095 6099
f 6099 6095 6100
f 6099 6100 6101
f 6099 6101 6098
f 6101 6102 6098
f 6103 6102 6101
f 6104 6102 6103
f 6105 6102 6104
f 6105 6106 6102
f 6107 6106 6105
f 6107 6108 6106
f 6107 6109 6108
f 6107 6105 6109
f 6105 6104 6109
f 6108 6109 6104
f 6108 6104 6106
f 6104 6110 6106
f 6104 6111 6110
f 6104 6112 6111
f 6104 6113 6112
f 6104 6114 6113
f 6104 6103 6114
f 6114 6103 6115
f 6114 6115 6113
f 6112 6113 6115
f 6112 6115 6095
f 6112 6095 6094
f 6112 6094 6093
f 6112 6093 6116
f 6112 6116 6117
f 6112 6117 6111
f 6118 6111 6117
f 6118 6119 6111
f 6118 6080 6119
f 6116 6080 6118
f 6116 6120 6080
f 6116 6093 6120
f 6120 6093 6081
f 6120 6081 6080
f 6116 6118 6117
f 6121 6119 6080
f 6122 6119 6121
f 6122 6123 6119
f 6122 6070 6123
f 6122 6121 6070
f 6121 6080 6070
f 6123 6070 6056
f 6124 6123 6056
f 6124 6125 6123
f 6126 6125 6124
f 6127 6125 6126
f 6127 6110 6125
f 6127 6106 6110
f 6127 6126 6106
f 6126 6056 6106
f 6128 6056 6126
f 6128 6124 6056
f 6128 6126 6124
f 6106 6056 6102
f 6102 6056 6098
f 6098 6056 6129
f 6098 6129 6058
f 6130 6098 6058
f 6130 6091 6098
f 6131 6091 6130
f 6131 6085 6091
f 6131 6083 6085
f 6131 6132 6083
f 6131 6133 6132
f 6131 6058 6133
f 6131 6130 6058
f 6133 6058 6132
f 6132 6058 6083
f 6083 6058 6060
f 6098 6091 6092
f 6129 6056 6058
f 6134 6125 6110
f 6134 6111 6125
f 6134 6110 6111
f 6111 6119 6125
f 6119 6123 6125
f 6070 6057 6056
f 6100 6095 6115
f 6100 6115 6101
f 6103 6101 6115
f 6135 6136 6140
f 6135 6140 6148
f 6135 6148 6141
f 6135 6141 6137
f 6135 6137 6142
f 6135 6142 6149
f 6135 6149 6158
f 6135 6158 6146
f 6135 6146 6157
f 6135 6157 6170
f 6135 6170 6182
f 6135 6182 6193
f 6135 6193 6192
f 6135 6192 6203
f 6135 6203 6194
f 6135 6194 6183
f 6135 6183 6172
f 6135 6172 6171
f 6135 6171 6159
f 6135 6159 6150
f 6135 6150 6143
f 6135 6143 6138
f 6135 6138 6139
f 6135 6139 6136
f 6136 6139 6144
f 6136 6144 6154
f 6136 6154 6166
f 6136 6166 6176
f 6136 6176 6175
f 6136 6175 6186
f 6136 6186 6197
f 6136 6197 6205
f 6136 6205 6206
f 6136 6206 6199
f 6136 6199 6198
f 6136 6198 6187
f 6136 6187 6177
f 6136 6177 6167
f 6136 6167 6155
f 6136 6155 6145
f 6136 6145 6140
f 6137 6141 6142
f 6138 6143 6151
f 6138 6151 6162
f 6138 6162 6163
f 6138 6163 6152
f 6138 6152 6144
f 6138 6144 6139
f 6140 6145 6146
f 6140 6146 6147
f 6140 6147 6148
f 6141 6148 6149
f 6141 6149 6142
f 6143 6150 6151
f 6144 6152 6153
f 6144 6153 6154
f 6145 6155 6156
f 6145 6156 6146
f 6146 6158 6147
f 6146 6156 6157
f 6147 6158 6148
f 6148 6158 6149
f 6150 6159 6160
f 6150 6160 6161
f 6150 6161 6151
f 6151 6161 6162
f 6152 6163 6161
f 6152 6161 6153
f 6153 6161 6164
f 6153 6164 6154
f 6154 6164 6165
f 6154 6165 6166
f 6155 6167 6168
f 6155 6168 6156
f 6156 6168 6169
f 6156 6169 6157
f 6157 6169 6170
f 6159 6171 6160
f 6160 6164 6161
f 6160 6171 6172
f 6160 6172 6173
f 6160 6173 6164
f 6161 6163 6162
f 6164 6173 6174
f 6164 6174 6175
f 6164 6175 6176
f 6164 6176 6165
f 6165 6176 6166
f 6167 6177 6168
f 6168 6178 6169
f 6168 6177 6179
f 6168 6179 6180
f 6168 6180 6181
f 6168 6181 6178
f 6169 6178 6170
f 6170 6178 6182
f 6172 6183 6173
f 6173 6183 6184
f 6173 6184 6185
f 6173 6185 6174
f 6174 6185 6186
f 6174 6186 6175
f 6177 6187 6179
f 6178 6181 6182
f 6179 6187 6188
f 6179 6188 6189
f 6179 6189 6190
f 6179 6190 6180
f 6180 6190 6181
f 6181 6190 6191
f 6181 6191 6192
f 6181 6192 6193
f 6181 6193 6182
f 6183 6194 6184
f 6184 6194 6195
f 6184 6195 6196
f 6184 6196 6185
f 6185 6197 6186
f 6185 6196 6197
f 6187 6198 6188
f 6188 6198 6199
f 6188 6199 6200
f 6188 6200 6189
f 6189 6200 6201
f 6189 6201 6202
f 6189 6202 6190
f 6190 6202 6191
f 6191 6202 6196
f 6191 6196 6195
f 6191 6195 6192
f 6192 6195 6203
f 6194 6203 6195
f 6196 6202 6201
f 6196 6201 6204
f 6196 6204 6197
f 6197 6204 6205
f 6199 6206 6201
f 6199 6201 6200
f 6201 6206 6204
f 6204 6206 6205
f 6207 6208 6214
f 6207 6214 6221
f 6207 6221 6236
f 6207 6236 6244
f 6207 6244 6237
f 6207 6237 6222
f 6207 6222 6215
f 6207 6215 6209
f 6207 6209 6210
f 6207 6210 6211
f 6207 6211 6217
f 6207 6217 6224
f 6207 6224 6238
f 6207 6238 6259
f 6207 6259 6276
f 6207 6276 6291
f 6207 6291 6292
f 6207 6292 6286
f 6207 6286 6265
f 6207 6265 6246
f 6207 6246 6230
f 6207 6230 6219
f 6207 6219 6212
f 6207 6212 6208
f 6208 6212 6213
f 6208 6213 6214
f 6209 6215 6216
f 6209 6216 6210
f 6210 6217 6211
f 6210 6216 6218
f 6210 6218 6217
f 6212 6219 6232
f 6212 6232 6252
f 6212 6252 6251
f 6212 6251 6272
f 6212 6272 6289
f 6212 6289 6274
f 6212 6274 6254
f 6212 6254 6234
f 6212 6234 6220
f 6212 6220 6213
f 6213 6220 6233
f 6213 6233 6253
f 6213 6253 6273
f 6213 6273 6290
f 6213 6290 6297
f 6213 6297 6296
f 6213 6296 6283
f 6213 6283 6282
f 6213 6282 6295
f 6213 6295 6294
f 6213 6294 6293
f 6213 6293 6279
f 6213 6279 6275
f 6213 6275 6257
f 6213 6257 6235
f 6213 6235 6221
f 6213 6221 6214
f 6215 6222 6223
f 6215 6223 6216
f 6216 6223 6218
f 6217 6218 6225
f 6217 6225 6226
f 6217 6226 6227
f 6217 6227 6224
f 6218 6223 6228
f 6218 6228 6229
f 6218 6229 6225
f 6219 6230 6231
f 6219 6231 6232
f 6220 6234 6233
f 6221 6235 6258
f 6221 6258 6236
f 6222 6237 6228
f 6222 6228 6223
f 6224 6227 6238
f 6225 6229 6239
f 6225 6239 6240
f 6225 6240 6241
f 6225 6241 6242
f 6225 6242 6226
f 6226 6243 6227
f 6226 6242 6243
f 6227 6243 6238
f 6228 6237 6244
f 6228 6244 6245
f 6228 6245 6229
f 6229 6245 6239
f 6230 6246 6247
f 6230 6247 6248
f 6230 6248 6231
f 6231 6248 6249
f 6231 6249 6250
f 6231 6250 6251
f 6231 6251 6252
f 6231 6252 6232
f 6233 6234 6254
f 6233 6254 6255
f 6233 6255 6256
f 6233 6256 6253
f 6235 6257 6258
f 6236 6258 6245
f 6236 6245 6244
f 6238 6243 6242
f 6238 6242 6260
f 6238 6260 6259
f 6239 6245 6261
f 6239 6261 6240
f 6240 6261 6262
f 6240 6262 6241
f 6241 6260 6242
f 6241 6262 6263
f 6241 6263 6264
f 6241 6264 6260
f 6245 6258 6261
f 6246 6265 6247
f 6247 6266 6267
f 6247 6267 6248
f 6247 6265 6268
f 6247 6268 6266
f 6248 6267 6269
f 6248 6269 6249
f 6249 6270 6250
f 6249 6269 6271
f 6249 6271 6256
f 6249 6256 6270
f 6250 6270 6251
f 6251 6270 6272
f 6253 6256 6273
f 6254 6274 6255
f 6255 6274 6270
f 6255 6270 6256
f 6256 6271 6273
f 6257 6275 6261
f 6257 6261 6258
f 6259 6260 6276
f 6260 6264 6277
f 6260 6277 6278
f 6260 6278 6276
f 6261 6275 6262
f 6262 6275 6279
f 6262 6279 6280
f 6262 6280 6263
f 6263 6277 6264
f 6263 6280 6281
f 6263 6281 6282
f 6263 6282 6283
f 6263 6283 6284
f 6263 6284 6285
f 6263 6285 6277
f 6265 6286 6287
f 6265 6287 6268
f 6266 6288 6267
f 6266 6268 6288
f 6267 6288 6269
f 6268 6287 6288
f 6269 6288 6271
f 6270 6289 6272
f 6270 6274 6289
f 6271 6285 6290
f 6271 6290 6273
f 6271 6288 6285
f 6276 6278 6291
f 6277 6285 6288
f 6277 6288 6278
f 6278 6288 6292
f 6278 6292 6291
f 6279 6293 6280
f 6280 6293 6281
f 6281 6293 6294
f 6281 6294 6295
f 6281 6295 6282
f 6283 6296 6284
f 6284 6296 6297
f 6284 6297 6285
f 6285 6297 6290
f 6286 6292 6287
f 6287 6292 6288
f 6298 6299 6300
f 6298 6300 6301
f 6298 6301 6302
f 6298 6302 6303
f 6298 6303 6304
f 6298 6304 6310
f 6298 6310 6318
f 6298 6318 6331
f 6298 6331 6339
f 6298 6339 6343
f 6298 6343 6345
f 6298 6345 6342
f 6298 6342 6336
f 6298 6336 6337
f 6298 6337 6326
f 6298 6326 6325
f 6298 6325 6332
f 6298 6332 6319
f 6298 6319 6311
f 6298 6311 6305
f 6298 6305 6312
f 6298 6312 6321
f 6298 6321 6315
f 6298 6315 6309
f 6298 6309 6308
f 6298 6308 6306
f 6298 6306 6299
f 6299 6307 6314
f 6299 6314 6316
f 6299 6316 6310
f 6299 6310 6304
f 6299 6304 6303
f 6299 6303 6302
f 6299 6302 6301
f 6299 6301 6300
f 6299 6306 6308
f 6299 6308 6309
f 6299 6309 6315
f 6299 6315 6323
f 6299 6323 6333
f 6299 6333 6340
f 6299 6340 6346
f 6299 6346 6344
f 6299 6344 6338
f 6299 6338 6330
f 6299 6330 6317
f 6299 6317 6329
f 6299 6329 6328
f 6299 6328 6327
f 6299 6327 6322
f 6299 6322 6313
f 6299 6313 6307
f 6305 6311 6312
f 6307 6313 6314
f 6310 6316 6317
f 6310 6317 6318
f 6311 6319 6312
f 6312 6320 6321
f 6312 6319 6320
f 6313 6322 6314
f 6314 6322 6316
f 6315 6321 6324
f 6315 6324 6325
f 6315 6325 6326
f 6315 6326 6323
f 6316 6322 6327
f 6316 6327 6328
f 6316 6328 6329
f 6316 6329 6317
f 6317 6330 6318
f 6318 6330 6331
f 6319 6332 6320
f 6320 6332 6324
f 6320 6324 6321
f 6323 6326 6334
f 6323 6334 6335
f 6323 6335 6336
f 6323 6336 6333
f 6324 6332 6325
f 6326 6337 6334
f 6330 6338 6339
f 6330 6339 6331
f 6333 6336 6341
f 6333 6341 6340
f 6334 6337 6335
f 6335 6337 6336
f 6336 6342 6341
f 6338 6343 6339
f 6338 6344 6343
f 6340 6345 6346
f 6340 6341 6347
f 6340 6347 6345
f 6341 6342 6347
f 6342 6345 6347
f 6343 6344 6348
f 6343 6348 6345
f 6344 6346 6348
f 6345 6348 6346
f 6349 6350 6351
f 6349 6351 6352
f 6349 6352 6353
f 6349 6353 6354
f 6349 6354 6355
f 6349 6355 6362
f 6349 6362 6368
f 6349 6368 6363
f 6349 6363 6356
f 6349 6356 6365
f 6349 6365 6371
f 6349 6371 6379
f 6349 6379 6383
f 6349 6383 6393
f 6349 6393 6396
f 6349 6396 6388
f 6349 6388 6380
f 6349 6380 6372
f 6349 6372 6366
f 6349 6366 6357
f 6349 6357 6350
f 6350 6357 6358
f 6350 6358 6351
f 6351 6358 6367
f 6351 6367 6374
f 6351 6374 6381
f 6351 6381 6390
f 6351 6390 6394
f 6351 6394 6395
f 6351 6395 6392
f 6351 6392 6382
f 6351 6382 6375
f 6351 6375 6368
f 6351 6368 6362
f 6351 6362 6361
f 6351 6361 6360
f 6351 6360 6359
f 6351 6359 6352
f 6352 6359 6353
f 6353 6360 6354
f 6353 6359 6360
f 6354 6360 6361
f 6354 6361 6355
f 6355 6361 6362
f 6356 6363 6364
f 6356 6364 6365
f 6357 6366 6367
f 6357 6367 6358
f 6363 6368 6364
f 6364 6369 6378
f 6364 6378 6370
f 6364 6370 6371
f 6364 6371 6365
f 6364 6368 6369
f 6366 6372 6367
f 6367 6372 6373
f 6367 6373 6374
f 6368 6375 6376
f 6368 6376 6377
f 6368 6377 6378
f 6368 6378 6369
f 6370 6378 6377
f 6370 6377 6376
f 6370 6376 6375
f 6370 6375 6382
f 6370 6382 6384
f 6370 6384 6379
f 6370 6379 6371
f 6372 6380 6381
f 6372 6381 6373
f 6373 6381 6374
f 6379 6384 6385
f 6379 6385 6386
f 6379 6386 6387
f 6379 6387 6383
f 6380 6388 6387
f 6380 6387 6389
f 6380 6389 6390
f 6380 6390 6391
f 6380 6391 6381
f 6381 6391 6390
f 6382 6392 6385
f 6382 6385 6384
f 6383 6387 6393
f 6385 6394 6386
f 6385 6392 6395
f 6385 6395 6394
f 6386 6389 6387
f 6386 6394 6390
f 6386 6390 6389
f 6387 6388 6396
f 6387 6396 6393
f 6397 6398 6404
f 6397 6404 6410
f 6397 6410 6421
f 6397 6421 6437
f 6397 6437 6436
f 6397 6436 6453
f 6397 6453 6477
f 6397 6477 6484
f 6397 6484 6461
f 6397 6461 6440
f 6397 6440 6423
f 6397 6423 6411
f 6397 6411 6405
f 6397 6405 6399
f 6397 6399 6400
f 6397 6400 6401
f 6397 6401 6402
f 6397 6402 6398
f 6398 6403 6404
f 6398 6402 6403
f 6399 6405 6413
f 6399 6413 6427
f 6399 6427 6444
f 6399 6444 6465
f 6399 6465 6489
f 6399 6489 6499
f 6399 6499 6490
f 6399 6490 6467
f 6399 6467 6466
f 6399 6466 6445
f 6399 6445 6428
f 6399 6428 6416
f 6399 6416 6415
f 6399 6415 6414
f 6399 6414 6406
f 6399 6406 6402
f 6399 6402 6401
f 6399 6401 6400
f 6402 6406 6407
f 6402 6407 6403
f 6403 6408 6404
f 6403 6407 6409
f 6403 6409 6408
f 6404 6408 6410
f 6405 6411 6412
f 6405 6412 6413
f 6406 6414 6407
f 6407 6414 6415
f 6407 6415 6416
f 6407 6416 6417
f 6407 6417 6418
f 6407 6418 6409
f 6408 6409 6419
f 6408 6419 6420
f 6408 6420 6421
f 6408 6421 6410
f 6409 6418 6422
f 6409 6422 6419
f 6411 6423 6424
f 6411 6424 6425
f 6411 6425 6426
f 6411 6426 6412
f 6412 6426 6425
f 6412 6425 6424
f 6412 6424 6442
f 6412 6442 6441
f 6412 6441 6462
f 6412 6462 6485
f 6412 6485 6482
f 6412 6482 6481
f 6412 6481 6495
f 6412 6495 6493
f 6412 6493 6475
f 6412 6475 6474
f 6412 6474 6473
f 6412 6473 6472
f 6412 6472 6471
f 6412 6471 6486
f 6412 6486 6463
f 6412 6463 6443
f 6412 6443 6427
f 6412 6427 6413
f 6416 6428 6429
f 6416 6429 6417
f 6417 6430 6431
f 6417 6431 6418
f 6417 6429 6432
f 6417 6432 6433
f 6417 6433 6430
f 6418 6431 6422
f 6419 6422 6420
f 6420 6422 6434
f 6420 6434 6435
f 6420 6435 6436
f 6420 6436 6437
f 6420 6437 6421
f 6422 6431 6430
f 6422 6430 6438
f 6422 6438 6439
f 6422 6439 6434
f 6423 6440 6441
f 6423 6441 6442
f 6423 6442 6424
f 6427 6443 6444
f 6428 6445 6429
f 6429 6445 6446
f 6429 6446 6432
f 6430 6433 6438
f 6432 6446 6447
f 6432 6447 6448
f 6432 6448 6449
f 6432 6449 6433
f 6433 6449 6450
f 6433 6450 6438
f 6434 6451 6435
f 6434 6439 6451
f 6435 6452 6436
f 6435 6451 6452
f 6436 6452 6453
f 6438 6450 6454
f 6438 6454 6455
f 6438 6455 6456
f 6438 6456 6457
f 6438 6457 6439
f 6439 6457 6458
f 6439 6458 6459
f 6439 6459 6460
f 6439 6460 6451
f 6440 6461 6462
f 6440 6462 6441
f 6443 6463 6464
f 6443 6464 6444
f 6444 6464 6465
f 6445 6466 6446
f 6446 6466 6467
f 6446 6467 6468
f 6446 6468 6469
f 6446 6469 6447
f 6447 6469 6448
f 6448 6470 6449
f 6448 6469 6471
f 6448 6471 6472
f 6448 6472 6473
f 6448 6473 6474
f 6448 6474 6475
f 6448 6475 6470
f 6449 6454 6450
f 6449 6470 6454
f 6451 6460 6452
f 6452 6476 6477
f 6452 6477 6453
f 6452 6460 6459
f 6452 6459 6476
f 6454 6470 6478
f 6454 6478 6479
f 6454 6479 6456
f 6454 6456 6455
f 6456 6479 6480
f 6456 6480 6481
f 6456 6481 6482
f 6456 6482 6483
f 6456 6483 6458
f 6456 6458 6457
f 6458 6483 6459
f 6459 6483 6482
f 6459 6482 6476
f 6461 6484 6462
f 6462 6484 6477
f 6462 6477 6476
f 6462 6476 6494
f 6462 6494 6498
f 6462 6498 6497
f 6462 6497 6496
f 6462 6496 6485
f 6463 6486 6464
f 6464 6486 6469
f 6464 6469 6487
f 6464 6487 6465
f 6465 6487 6488
f 6465 6488 6489
f 6467 6490 6491
f 6467 6491 6468
f 6468 6491 6469
f 6469 6491 6488
f 6469 6488 6487
f 6469 6486 6492
f 6469 6492 6471
f 6470 6475 6493
f 6470 6493 6478
f 6471 6492 6486
f 6476 6482 6494
f 6478 6493 6479
f 6479 6493 6495
f 6479 6495 6480
f 6480 6495 6481
f 6482 6485 6496
f 6482 6496 6497
f 6482 6497 6498
f 6482 6498 6494
f 6488 6491 6489
f 6489 6491 6499
f 6490 6499 6491
f 6500 6501 6502
f 6500 6502 6503
f 6500 6503 6513
f 6500 6513 6527
f 6500 6527 6514
f 6500 6514 6504
f 6500 6504 6515
f 6500 6515 6533
f 6500 6533 6553
f 6500 6553 6563
f 6500 6563 6569
f 6500 6569 6564
f 6500 6564 6557
f 6500 6557 6535
f 6500 6535 6534
f 6500 6534 6517
f 6500 6517 6508
f 6500 6508 6505
f 6500 6505 6501
f 6501 6505 6502
f 6502 6506 6507
f 6502 6507 6503
f 6502 6505 6508
f 6502 6508 6509
f 6502 6509 6510
f 6502 6510 6511
f 6502 6511 6512
f 6502 6512 6506
f 6503 6507 6513
f 6504 6514 6531
f 6504 6531 6545
f 6504 6545 6544
f 6504 6544 6543
f 6504 6543 6562
f 6504 6562 6552
f 6504 6552 6551
f 6504 6551 6550
f 6504 6550 6549
f 6504 6549 6548
f 6504 6548 6547
f 6504 6547 6556
f 6504 6556 6555
f 6504 6555 6554
f 6504 6554 6546
f 6504 6546 6532
f 6504 6532 6515
f 6506 6512 6516
f 6506 6516 6507
f 6507 6516 6513
f 6508 6517 6518
f 6508 6518 6519
f 6508 6519 6520
f 6508 6520 6521
f 6508 6521 6509
f 6509 6521 6522
f 6509 6522 6523
f 6509 6523 6524
f 6509 6524 6511
f 6509 6511 6510
f 6511 6524 6525
f 6511 6525 6526
f 6511 6526 6512
f 6512 6526 6516
f 6513 6516 6527
f 6514 6527 6516
f 6514 6516 6528
f 6514 6528 6529
f 6514 6529 6530
f 6514 6530 6531
f 6515 6532 6533
f 6516 6526 6525
f 6516 6525 6523
f 6516 6523 6539
f 6516 6539 6560
f 6516 6560 6567
f 6516 6567 6568
f 6516 6568 6563
f 6516 6563 6553
f 6516 6553 6561
f 6516 6561 6542
f 6516 6542 6541
f 6516 6541 6540
f 6516 6540 6528
f 6517 6534 6518
f 6518 6534 6535
f 6518 6535 6536
f 6518 6536 6537
f 6518 6537 6519
f 6519 6537 6520
f 6520 6537 6521
f 6521 6537 6522
f 6522 6537 6538
f 6522 6538 6539
f 6522 6539 6523
f 6523 6525 6524
f 6528 6540 6529
f 6529 6540 6541
f 6529 6541 6542
f 6529 6542 6543
f 6529 6543 6544
f 6529 6544 6545
f 6529 6545 6530
f 6530 6545 6531
f 6532 6546 6533
f 6533 6547 6548
f 6533 6548 6549
f 6533 6549 6550
f 6533 6550 6551
f 6533 6551 6552
f 6533 6552 6553
f 6533 6546 6554
f 6533 6554 6555
f 6533 6555 6556
f 6533 6556 6547
f 6535 6557 6536
f 6536 6557 6558
f 6536 6558 6559
f 6536 6559 6537
f 6537 6559 6538
f 6538 6560 6539
f 6538 6559 6560
f 6542 6561 6552
f 6542 6552 6562
f 6542 6562 6543
f 6552 6561 6553
f 6557 6564 6558
f 6558 6564 6565
f 6558 6565 6559
f 6559 6565 6566
f 6559 6566 6567
f 6559 6567 6560
f 6563 6568 6565
f 6563 6565 6569
f 6564 6569 6565
f 6565 6568 6567
f 6565 6567 6566
f 6570 6571 6572
f 6570 6572 6579
f 6570 6579 6592
f 6570 6592 6615
f 6570 6615 6633
f 6570 6633 6634
f 6570 6634 6616
f 6570 6616 6593
f 6570 6593 6580
f 6570 6580 6573
f 6570 6573 6574
f 6570 6574 6571
f 6571 6574 6575
f 6571 6575 6576
f 6571 6576 6577
f 6571 6577 6578
f 6571 6578 6572
f 6572 6578 6579
f 6573 6580 6581
f 6573 6581 6582
f 6573 6582 6574
f 6574 6582 6575
f 6575 6582 6583
f 6575 6583 6576
f 6576 6583 6584
f 6576 6584 6585
f 6576 6585 6586
f 6576 6586 6577
f 6577 6586 6587
f 6577 6587 6588
f 6577 6588 6589
f 6577 6589 6578
f 6578 6589 6590
f 6578 6590 6591
f 6578 6591 6592
f 6578 6592 6579
f 6580 6593 6594
f 6580 6594 6581
f 6581 6594 6595
f 6581 6595 6582
f 6582 6595 6596
f 6582 6596 6583
f 6583 6596 6597
f 6583 6597 6598
f 6583 6598 6599
f 6583 6599 6584
f 6584 6599 6585
f 6585 6599 6600
f 6585 6600 6601
f 6585 6601 6586
f 6586 6601 6602
f 6586 6602 6603
f 6586 6603 6604
f 6586 6604 6605
f 6586 6605 6587
f 6587 6605 6588
f 6588 6605 6606
f 6588 6606 6607
f 6588 6607 6608
f 6588 6608 6590
f 6588 6590 6589
f 6590 6608 6609
f 6590 6609 6610
f 6590 6610 6611
f 6590 6611 6612
f 6590 6612 6613
f 6590 6613 6591
f 6591 6613 6592
f 6592 6613 6614
f 6592 6614 6615
f 6593 6616 6617
f 6593 6617 6618
f 6593 6618 6594
f 6594 6618 6595
f 6595 6597 6596
f 6595 6618 6619
f 6595 6619 6597
f 6597 6620 6599
f 6597 6599 6598
f 6597 6619 6621
f 6597 6621 6622
f 6597 6622 6620
f 6599 6620 6623
f 6599 6623 6600
f 6600 6623 6601
f 6601 6623 6624
f 6601 6624 6625
f 6601 6625 6626
f 6601 6626 6627
f 6601 6627 6602
f 6602 6627 6604
f 6602 6604 6603
f 6604 6627 6628
f 6604 6628 6629
f 6604 6629 6630
f 6604 6630 6605
f 6605 6630 6631
f 6605 6631 6606
f 6606 6631 6607
f 6607 6632 6608
f 6607 6631 6632
f 6608 6632 6609
f 6609 6632 6654
f 6609 6654 6653
f 6609 6653 6651
f 6609 6651 6650
f 6609 6650 6670
f 6609 6670 6669
f 6609 6669 6668
f 6609 6668 6671
f 6609 6671 6656
f 6609 6656 6633
f 6609 6633 6615
f 6609 6615 6614
f 6609 6614 6613
f 6609 6613 6612
f 6609 6612 6611
f 6609 6611 6610
f 6616 6634 6657
f 6616 6657 6665
f 6616 6665 6664
f 6616 6664 6661
f 6616 6661 6659
f 6616 6659 6658
f 6616 6658 6637
f 6616 6637 6636
f 6616 6636 6621
f 6616 6621 6619
f 6616 6619 6618
f 6616 6618 6617
f 6620 6622 6635
f 6620 6635 6623
f 6621 6636 6622
f 6622 6636 6637
f 6622 6637 6635
f 6623 6635 6638
f 6623 6638 6639
f 6623 6639 6624
f 6624 6640 6625
f 6624 6639 6641
f 6624 6641 6642
f 6624 6642 6640
f 6625 6640 6626
f 6626 6643 6644
f 6626 6644 6645
f 6626 6645 6646
f 6626 6646 6627
f 6626 6640 6647
f 6626 6647 6643
f 6627 6646 6628
f 6628 6646 6648
f 6628 6648 6649
f 6628 6649 6629
f 6629 6649 6650
f 6629 6650 6651
f 6629 6651 6652
f 6629 6652 6630
f 6630 6652 6631
f 6631 6652 6651
f 6631 6651 6653
f 6631 6653 6654
f 6631 6654 6655
f 6631 6655 6632
f 6632 6655 6654
f 6633 6656 6634
f 6634 6656 6657
f 6635 6637 6658
f 6635 6658 6659
f 6635 6659 6638
f 6638 6660 6639
f 6638 6659 6661
f 6638 6661 6660
f 6639 6660 6662
f 6639 6662 6642
f 6639 6642 6641
f 6640 6642 6663
f 6640 6663 6647
f 6642 6662 6660
f 6642 6660 6664
f 6642 6664 6665
f 6642 6665 6666
f 6642 6666 6663
f 6643 6647 6663
f 6643 6663 6666
f 6643 6666 6665
f 6643 6665 6657
f 6643 6657 6656
f 6643 6656 6671
f 6643 6671 6667
f 6643 6667 6645
f 6643 6645 6644
f 6645 6667 6646
f 6646 6667 6648
f 6648 6667 6668
f 6648 6668 6669
f 6648 6669 6649
f 6649 6669 6670
f 6649 6670 6650
f 6660 6661 6664
f 6667 6671 6668
f 6672 6673 6677
f 6672 6677 6684
f 6672 6684 6697
f 6672 6697 6717
f 6672 6717 6734
f 6672 6734 6738
f 6672 6738 6718
f 6672 6718 6698
f 6672 6698 6686
f 6672 6686 6678
f 6672 6678 6674
f 6672 6674 6681
f 6672 6681 6690
f 6672 6690 6704
f 6672 6704 6725
f 6672 6725 6710
f 6672 6710 6692
f 6672 6692 6682
f 6672 6682 6675
f 6672 6675 6676
f 6672 6676 6673
f 6673 6676 6683
f 6673 6683 6695
f 6673 6695 6715
f 6673 6715 6732
f 6673 6732 6745
f 6673 6745 6742
f 6673 6742 6741
f 6673 6741 6746
f 6673 6746 6735
f 6673 6735 6716
f 6673 6716 6696
f 6673 6696 6685
f 6673 6685 6677
f 6674 6678 6679
f 6674 6679 6680
f 6674 6680 6681
f 6675 6682 6691
f 6675 6691 6707
f 6675 6707 6728
f 6675 6728 6713
f 6675 6713 6694
f 6675 6694 6683
f 6675 6683 6676
f 6677 6685 6684
f 6678 6686 6679
f 6679 6686 6687
f 6679 6687 6688
f 6679 6688 6680
f 6680 6688 6689
f 6680 6689 6681
f 6681 6689 6690
f 6682 6692 6693
f 6682 6693 6691
f 6683 6694 6695
f 6684 6685 6696
f 6684 6696 6697
f 6686 6698 6699
f 6686 6699 6687
f 6687 6700 6701
f 6687 6701 6702
f 6687 6702 6703
f 6687 6703 6688
f 6687 6699 6700
f 6688 6703 6704
f 6688 6704 6689
f 6689 6704 6690
f 6691 6705 6706
f 6691 6706 6707
f 6691 6693 6708
f 6691 6708 6705
f 6692 6709 6693
f 6692 6710 6711
f 6692 6711 6709
f 6693 6709 6712
f 6693 6712 6708
f 6694 6713 6714
f 6694 6714 6695
f 6695 6714 6715
f 6696 6716 6717
f 6696 6717 6697
f 6698 6718 6699
f 6699 6718 6700
f 6700 6719 6720
f 6700 6720 6701
f 6700 6718 6719
f 6701 6721 6722
f 6701 6722 6723
f 6701 6723 6724
f 6701 6724 6703
f 6701 6703 6702
f 6701 6720 6721
f 6703 6724 6711
f 6703 6711 6725
f 6703 6725 6704
f 6705 6708 6706
f 6706 6726 6727
f 6706 6727 6728
f 6706 6728 6707
f 6706 6708 6726
f 6708 6712 6722
f 6708 6722 6726
f 6709 6711 6712
f 6710 6725 6711
f 6711 6724 6723
f 6711 6723 6712
f 6712 6723 6722
f 6713 6728 6729
f 6713 6729 6714
f 6714 6729 6730
f 6714 6730 6715
f 6715 6730 6731
f 6715 6731 6732
f 6716 6733 6734
f 6716 6734 6717
f 6716 6735 6736
f 6716 6736 6737
f 6716 6737 6719
f 6716 6719 6733
f 6718 6738 6719
f 6719 6737 6739
f 6719 6739 6720
f 6719 6738 6733
f 6720 6739 6736
f 6720 6736 6740
f 6720 6740 6741
f 6720 6741 6742
f 6720 6742 6731
f 6720 6731 6743
f 6720 6743 6721
f 6721 6743 6727
f 6721 6727 6726
f 6721 6726 6722
f 6727 6729 6728
f 6727 6743 6729
f 6729 6743 6730
f 6730 6743 6731
f 6731 6744 6732
f 6731 6742 6744
f 6732 6744 6745
f 6733 6738 6734
f 6735 6746 6740
f 6735 6740 6736
f 6736 6739 6737
f 6740 6746 6741
f 6742 6745 6744
f 6747 6748 6753
f 6747 6753 6759
f 6747 6759 6770
f 6747 6770 6775
f 6747 6775 6774
f 6747 6774 6773
f 6747 6773 6772
f 6747 6772 6771
f 6747 6771 6760
f 6747 6760 6754
f 6747 6754 6749
f 6747 6749 6750
f 6747 6750 6748
f 6748 6750 6751
f 6748 6751 6752
f 6748 6752 6753
f 6749 6754 6755
f 6749 6755 6752
f 6749 6752 6751
f 6749 6751 6750
f 6752 6755 6767
f 6752 6767 6776
f 6752 6776 6779
f 6752 6779 6780
f 6752 6780 6777
f 6752 6777 6768
f 6752 6768 6756
f 6752 6756 6757
f 6752 6757 6758
f 6752 6758 6753
f 6753 6758 6757
f 6753 6757 6769
f 6753 6769 6778
f 6753 6778 6782
f 6753 6782 6781
f 6753 6781 6779
f 6753 6779 6776
f 6753 6776 6761
f 6753 6761 6759
f 6754 6760 6761
f 6754 6761 6762
f 6754 6762 6763
f 6754 6763 6764
f 6754 6764 6765
f 6754 6765 6766
f 6754 6766 6767
f 6754 6767 6755
f 6756 6768 6757
f 6757 6768 6769
f 6759 6761 6770
f 6760 6771 6761
f 6761 6772 6773
f 6761 6773 6774
f 6761 6774 6775
f 6761 6775 6770
f 6761 6776 6767
f 6761 6767 6766
f 6761 6766 6765
f 6761 6765 6764
f 6761 6764 6763
f 6761 6763 6762
f 6761 6771 6772
f 6768 6777 6778
f 6768 6778 6769
f 6777 6780 6781
f 6777 6781 6782
f 6777 6782 6778
f 6779 6781 6780
f 6783 6784 6785
f 6783 6785 6790
f 6783 6790 6797
f 6783 6797 6796
f 6783 6796 6795
f 6783 6795 6794
f 6783 6794 6804
f 6783 6804 6799
f 6783 6799 6791
f 6783 6791 6786
f 6783 6786 6784
f 6784 6786 6787
f 6784 6787 6785
f 6785 6788 6789
f 6785 6789 6790
f 6785 6787 6788
f 6786 6791 6798
f 6786 6798 6805
f 6786 6805 6808
f 6786 6808 6807
f 6786 6807 6819
f 6786 6819 6827
f 6786 6827 6820
f 6786 6820 6809
f 6786 6809 6800
f 6786 6800 6792
f 6786 6792 6787
f 6787 6792 6801
f 6787 6801 6810
f 6787 6810 6823
f 6787 6823 6822
f 6787 6822 6812
f 6787 6812 6802
f 6787 6802 6793
f 6787 6793 6789
f 6787 6789 6788
f 6789 6793 6803
f 6789 6803 6813
f 6789 6813 6824
f 6789 6824 6814
f 6789 6814 6804
f 6789 6804 6794
f 6789 6794 6795
f 6789 6795 6796
f 6789 6796 6797
f 6789 6797 6790
f 6791 6799 6798
f 6792 6800 6801
f 6793 6802 6803
f 6798 6799 6805
f 6799 6804 6806
f 6799 6806 6807
f 6799 6807 6808
f 6799 6808 6805
f 6800 6809 6810
f 6800 6810 6801
f 6802 6811 6803
f 6802 6812 6811
f 6803 6811 6813
f 6804 6814 6815
f 6804 6815 6806
f 6806 6816 6817
f 6806 6817 6807
f 6806 6815 6816
f 6807 6818 6819
f 6807 6817 6818
f 6809 6820 6821
f 6809 6821 6822
f 6809 6822 6823
f 6809 6823 6810
f 6811 6815 6813
f 6811 6812 6816
f 6811 6816 6815
f 6812 6822 6821
f 6812 6821 6816
f 6813 6815 6824
f 6814 6824 6815
f 6816 6821 6825
f 6816 6825 6817
f 6817 6825 6818
f 6818 6825 6821
f 6818 6821 6826
f 6818 6826 6819
f 6819 6826 6827
f 6820 6827 6826
f 6820 6826 6821
f 6828 6829 6830
f 6828 6830 6831
f 6828 6831 6835
f 6828 6835 6844
f 6828 6844 6853
f 6828 6853 6852
f 6828 6852 6863
f 6828 6863 6877
f 6828 6877 6903
f 6828 6903 6916
f 6828 6916 6889
f 6828 6889 6869
f 6828 6869 6858
f 6828 6858 6846
f 6828 6846 6836
f 6828 6836 6832
f 6828 6832 6838
f 6828 6838 6849
f 6828 6849 6860
f 6828 6860 6872
f 6828 6872 6896
f 6828 6896 6897
f 6828 6897 6899
f 6828 6899 6875
f 6828 6875 6862
f 6828 6862 6851
f 6828 6851 6842
f 6828 6842 6833
f 6828 6833 6829
f 6829 6833 6830
f 6830 6834 6841
f 6830 6841 6840
f 6830 6840 6839
f 6830 6839 6850
f 6830 6850 6861
f 6830 6861 6874
f 6830 6874 6878
f 6830 6878 6864
f 6830 6864 6854
f 6830 6854 6843
f 6830 6843 6835
f 6830 6835 6831
f 6830 6833 6834
f 6832 6836 6837
f 6832 6837 6838
f 6833 6839 6840
f 6833 6840 6841
f 6833 6841 6834
f 6833 6842 6839
f 6835 6843 6844
f 6836 6845 6837
f 6836 6846 6845
f 6837 6845 6847
f 6837 6847 6848
f 6837 6848 6849
f 6837 6849 6838
f 6839 6842 6851
f 6839 6851 6850
f 6843 6852 6853
f 6843 6853 6844
f 6843 6854 6855
f 6843 6855 6852
f 6845 6856 6857
f 6845 6857 6847
f 6845 6846 6858
f 6845 6858 6856
f 6847 6857 6859
f 6847 6859 6860
f 6847 6860 6848
f 6848 6860 6849
f 6850 6851 6861
f 6851 6862 6876
f 6851 6876 6902
f 6851 6902 6922
f 6851 6922 6937
f 6851 6937 6934
f 6851 6934 6933
f 6851 6933 6932
f 6851 6932 6936
f 6851 6936 6941
f 6851 6941 6940
f 6851 6940 6939
f 6851 6939 6942
f 6851 6942 6938
f 6851 6938 6926
f 6851 6926 6925
f 6851 6925 6924
f 6851 6924 6906
f 6851 6906 6905
f 6851 6905 6881
f 6851 6881 6904
f 6851 6904 6879
f 6851 6879 6874
f 6851 6874 6861
f 6852 6855 6863
f 6854 6864 6865
f 6854 6865 6866
f 6854 6866 6855
f 6855 6866 6867
f 6855 6867 6863
f 6856 6868 6857
f 6856 6858 6869
f 6856 6869 6868
f 6857 6868 6870
f 6857 6870 6871
f 6857 6871 6859
f 6859 6872 6860
f 6859 6871 6873
f 6859 6873 6872
f 6862 6875 6876
f 6863 6867 6877
f 6864 6878 6879
f 6864 6879 6865
f 6865 6879 6880
f 6865 6880 6866
f 6866 6880 6881
f 6866 6881 6882
f 6866 6882 6867
f 6867 6882 6883
f 6867 6883 6884
f 6867 6884 6877
f 6868 6885 6886
f 6868 6886 6887
f 6868 6887 6888
f 6868 6888 6870
f 6868 6869 6889
f 6868 6889 6885
f 6870 6890 6891
f 6870 6891 6892
f 6870 6892 6871
f 6870 6888 6893
f 6870 6893 6890
f 6871 6892 6894
f 6871 6894 6873
f 6872 6873 6895
f 6872 6895 6896
f 6873 6894 6897
f 6873 6897 6895
f 6874 6879 6878
f 6875 6898 6876
f 6875 6899 6900
f 6875 6900 6901
f 6875 6901 6898
f 6876 6898 6902
f 6877 6884 6903
f 6879 6904 6880
f 6880 6904 6881
f 6881 6905 6882
f 6882 6905 6906
f 6882 6906 6907
f 6882 6907 6883
f 6883 6907 6908
f 6883 6908 6909
f 6883 6909 6910
f 6883 6910 6884
f 6884 6910 6911
f 6884 6911 6903
f 6885 6911 6912
f 6885 6912 6886
f 6885 6889 6911
f 6886 6912 6887
f 6887 6913 6914
f 6887 6914 6893
f 6887 6893 6888
f 6887 6912 6915
f 6887 6915 6913
f 6889 6916 6911
f 6890 6917 6918
f 6890 6918 6891
f 6890 6893 6914
f 6890 6914 6913
f 6890 6913 6919
f 6890 6919 6917
f 6891 6918 6920
f 6891 6920 6892
f 6892 6920 6921
f 6892 6921 6894
f 6894 6921 6901
f 6894 6901 6900
f 6894 6900 6899
f 6894 6899 6897
f 6895 6897 6896
f 6898 6901 6902
f 6901 6921 6902
f 6902 6921 6923
f 6902 6923 6922
f 6903 6911 6916
f 6906 6924 6907
f 6907 6924 6908
f 6908 6910 6909
f 6908 6924 6925
f 6908 6925 6926
f 6908 6926 6927
f 6908 6927 6928
f 6908 6928 6910
f 6910 6928 6911
f 6911 6928 6912
f 6912 6928 6929
f 6912 6929 6915
f 6913 6930 6919
f 6913 6915 6929
f 6913 6929 6931
f 6913 6931 6930
f 6917 6932 6933
f 6917 6933 6918
f 6917 6919 6932
f 6918 6934 6935
f 6918 6935 6920
f 6918 6933 6934
f 6919 6930 6936
f 6919 6936 6932
f 6920 6935 6922
f 6920 6922 6923
f 6920 6923 6921
f 6922 6935 6937
f 6926 6938 6927
f 6927 6938 6931
f 6927 6931 6929
f 6927 6929 6928
f 6930 6931 6939
f 6930 6939 6940
f 6930 6940 6941
f 6930 6941 6936
f 6931 6938 6942
f 6931 6942 6939
f 6934 6937 6935
f 6943 6944 6950
f 6943 6950 6961
f 6943 6961 6960
f 6943 6960 6959
f 6943 6959 6962
f 6943 6962 6951
f 6943 6951 6945
f 6943 6945 6946
f 6943 6946 6947
f 6943 6947 6953
f 6943 6953 6967
f 6943 6967 6979
f 6943 6979 6968
f 6943 6968 6955
f 6943 6955 6948
f 6943 6948 6944
f 6944 6948 6949
f 6944 6949 6950
f 6945 6951 6963
f 6945 6963 6974
f 6945 6974 6982
f 6945 6982 6988
f 6945 6988 6975
f 6945 6975 6964
f 6945 6964 6952
f 6945 6952 6946
f 6946 6952 6965
f 6946 6965 6977
f 6946 6977 6989
f 6946 6989 6991
f 6946 6991 6978
f 6946 6978 6966
f 6946 6966 6953
f 6946 6953 6947
f 6948 6954 6949
f 6948 6955 6954
f 6949 6954 6955
f 6949 6955 6956
f 6949 6956 6957
f 6949 6957 6958
f 6949 6958 6959
f 6949 6959 6960
f 6949 6960 6961
f 6949 6961 6950
f 6951 6962 6963
f 6952 6964 6965
f 6953 6966 6967
f 6955 6968 6956
f 6956 6969 6957
f 6956 6968 6969
f 6957 6970 6958
f 6957 6969 6971
f 6957 6971 6970
f 6958 6972 6962
f 6958 6962 6959
f 6958 6970 6972
f 6962 6972 6973
f 6962 6973 6963
f 6963 6973 6974
f 6964 6975 6965
f 6965 6975 6976
f 6965 6976 6977
f 6966 6978 6979
f 6966 6979 6967
f 6968 6979 6980
f 6968 6980 6981
f 6968 6981 6969
f 6969 6981 6971
f 6970 6971 6982
f 6970 6982 6974
f 6970 6974 6973
f 6970 6973 6972
f 6971 6983 6984
f 6971 6984 6985
f 6971 6985 6986
f 6971 6986 6987
f 6971 6987 6982
f 6971 6981 6983
f 6975 6988 6976
f 6976 6987 6977
f 6976 6988 6982
f 6976 6982 6987
f 6977 6987 6990
f 6977 6990 6989
f 6978 6991 6981
f 6978 6981 6980
f 6978 6980 6979
f 6981 6991 6989
f 6981 6989 6985
f 6981 6985 6984
f 6981 6984 6983
f 6985 6989 6990
f 6985 6990 6986
f 6986 6990 6987
f 6992 6993 6997
f 6992 6997 7002
f 6992 7002 7013
f 6992 7013 7023
f 6992 7023 7022
f 6992 7022 7042
f 6992 7042 7026
f 6992 7026 7014
f 6992 7014 7003
f 6992 7003 6998
f 6992 6998 6994
f 6992 6994 6995
f 6992 6995 6993
f 6993 6995 6996
f 6993 6996 6997
f 6994 6998 7005
f 6994 7005 7016
f 6994 7016 7032
f 6994 7032 7052
f 6994 7052 7079
f 6994 7079 7058
f 6994 7058 7033
f 6994 7033 7017
f 6994 7017 7006
f 6994 7006 6999
f 6994 6999 6996
f 6994 6996 6995
f 6996 6999 6997
f 6997 7000 7001
f 6997 7001 7002
f 6997 6999 7000
f 6998 7003 7004
f 6998 7004 7005
f 6999 7006 7007
f 6999 7007 7000
f 7000 7007 7001
f 7001 7008 7009
f 7001 7009 7010
f 7001 7010 7002
f 7001 7007 7011
f 7001 7011 7012
f 7001 7012 7008
f 7002 7010 7013
f 7003 7014 7025
f 7003 7025 7043
f 7003 7043 7068
f 7003 7068 7067
f 7003 7067 7092
f 7003 7092 7071
f 7003 7071 7044
f 7003 7044 7027
f 7003 7027 7015
f 7003 7015 7004
f 7004 7015 7029
f 7004 7029 7046
f 7004 7046 7045
f 7004 7045 7072
f 7004 7072 7076
f 7004 7076 7075
f 7004 7075 7096
f 7004 7096 7095
f 7004 7095 7098
f 7004 7098 7097
f 7004 7097 7085
f 7004 7085 7084
f 7004 7084 7083
f 7004 7083 7082
f 7004 7082 7080
f 7004 7080 7054
f 7004 7054 7053
f 7004 7053 7077
f 7004 7077 7048
f 7004 7048 7030
f 7004 7030 7016
f 7004 7016 7005
f 7006 7017 7007
f 7007 7017 7018
f 7007 7018 7011
f 7008 7012 7019
f 7008 7019 7020
f 7008 7020 7009
f 7009 7020 7021
f 7009 7021 7022
f 7009 7022 7023
f 7009 7023 7010
f 7010 7023 7013
f 7011 7018 7024
f 7011 7024 7019
f 7011 7019 7012
f 7014 7026 7025
f 7015 7027 7028
f 7015 7028 7029
f 7016 7030 7031
f 7016 7031 7032
f 7017 7033 7034
f 7017 7034 7018
f 7018 7035 7024
f 7018 7034 7035
f 7019 7036 7037
f 7019 7037 7038
f 7019 7038 7020
f 7019 7024 7035
f 7019 7035 7039
f 7019 7039 7036
f 7020 7040 7021
f 7020 7038 7041
f 7020 7041 7040
f 7021 7040 7042
f 7021 7042 7022
f 7025 7041 7043
f 7025 7026 7041
f 7026 7042 7041
f 7027 7044 7028
f 7028 7045 7046
f 7028 7046 7029
f 7028 7044 7047
f 7028 7047 7045
f 7030 7048 7049
f 7030 7049 7031
f 7031 7050 7051
f 7031 7051 7052
f 7031 7052 7032
f 7031 7049 7053
f 7031 7053 7054
f 7031 7054 7055
f 7031 7055 7056
f 7031 7056 7057
f 7031 7057 7050
f 7033 7058 7034
f 7034 7058 7035
f 7035 7058 7059
f 7035 7059 7060
f 7035 7060 7061
f 7035 7061 7039
f 7036 7062 7063
f 7036 7063 7064
f 7036 7064 7038
f 7036 7038 7037
f 7036 7039 7062
f 7038 7064 7065
f 7038 7065 7066
f 7038 7066 7067
f 7038 7067 7068
f 7038 7068 7069
f 7038 7069 7041
f 7039 7061 7057
f 7039 7057 7070
f 7039 7070 7062
f 7040 7041 7042
f 7041 7069 7068
f 7041 7068 7043
f 7044 7071 7047
f 7045 7047 7072
f 7047 7073 7074
f 7047 7074 7075
f 7047 7075 7076
f 7047 7076 7072
f 7047 7071 7073
f 7048 7077 7049
f 7049 7077 7053
f 7050 7078 7051
f 7050 7057 7078
f 7051 7079 7052
f 7051 7078 7079
f 7054 7080 7055
f 7055 7081 7056
f 7055 7080 7082
f 7055 7082 7083
f 7055 7083 7084
f 7055 7084 7085
f 7055 7085 7086
f 7055 7086 7087
f 7055 7087 7088
f 7055 7088 7089
f 7055 7089 7081
f 7056 7081 7070
f 7056 7070 7057
f 7057 7061 7090
f 7057 7090 7078
f 7058 7079 7059
f 7059 7079 7060
f 7060 7079 7061
f 7061 7079 7078
f 7061 7078 7090
f 7062 7091 7063
f 7062 7070 7091
f 7063 7091 7066
f 7063 7066 7065
f 7063 7065 7064
f 7066 7092 7067
f 7066 7091 7092
f 7070 7081 7093
f 7070 7093 7091
f 7071 7092 7094
f 7071 7094 7073
f 7073 7087 7074
f 7073 7094 7087
f 7074 7087 7086
f 7074 7086 7095
f 7074 7095 7096
f 7074 7096 7075
f 7081 7089 7093
f 7085 7097 7086
f 7086 7097 7098
f 7086 7098 7095
f 7087 7094 7091
f 7087 7091 7088
f 7088 7091 7089
f 7089 7091 7093
f 7091 7094 7092
f 7099 7100 7101
f 7099 7101 7102
f 7099 7102 7103
f 7099 7103 7110
f 7099 7110 7109
f 7099 7109 7108
f 7099 7108 7107
f 7099 7107 7126
f 7099 7126 7145
f 7099 7145 7157
f 7099 7157 7156
f 7099 7156 7155
f 7099 7155 7154
f 7099 7154 7153
f 7099 7153 7135
f 7099 7135 7115
f 7099 7115 7104
f 7099 7104 7114
f 7099 7114 7134
f 7099 7134 7136
f 7099 7136 7118
f 7099 7118 7117
f 7099 7117 7116
f 7099 7116 7105
f 7099 7105 7100
f 7100 7105 7101
f 7101 7105 7106
f 7101 7106 7102
f 7102 7107 7108
f 7102 7108 7109
f 7102 7109 7110
f 7102 7110 7103
f 7102 7106 7111
f 7102 7111 7112
f 7102 7112 7113
f 7102 7113 7107
f 7104 7115 7114
f 7105 7116 7106
f 7106 7116 7117
f 7106 7117 7118
f 7106 7118 7119
f 7106 7119 7120
f 7106 7120 7121
f 7106 7121 7111
f 7107 7113 7122
f 7107 7122 7123
f 7107 7123 7124
f 7107 7124 7125
f 7107 7125 7126
f 7111 7121 7127
f 7111 7127 7128
f 7111 7128 7129
f 7111 7129 7130
f 7111 7130 7131
f 7111 7131 7112
f 7112 7131 7113
f 7113 7131 7132
f 7113 7132 7133
f 7113 7133 7122
f 7114 7115 7134
f 7115 7135 7134
f 7118 7136 7137
f 7118 7137 7138
f 7118 7138 7139
f 7118 7139 7119
f 7119 7139 7120
f 7120 7139 7140
f 7120 7140 7121
f 7121 7140 7127
f 7122 7133 7141
f 7122 7141 7123
f 7123 7142 7124
f 7123 7141 7133
f 7123 7133 7132
f 7123 7132 7152
f 7123 7152 7151
f 7123 7151 7158
f 7123 7158 7157
f 7123 7157 7145
f 7123 7145 7125
f 7123 7125 7144
f 7123 7144 7143
f 7123 7143 7142
f 7124 7142 7143
f 7124 7143 7144
f 7124 7144 7125
f 7125 7145 7126
f 7127 7146 7128
f 7127 7140 7138
f 7127 7138 7147
f 7127 7147 7146
f 7128 7146 7129
f 7129 7146 7148
f 7129 7148 7130
f 7130 7149 7150
f 7130 7150 7151
f 7130 7151 7152
f 7130 7152 7131
f 7130 7148 7149
f 7131 7152 7132
f 7134 7135 7153
f 7134 7153 7154
f 7134 7154 7155
f 7134 7155 7156
f 7134 7156 7157
f 7134 7157 7158
f 7134 7158 7151
f 7134 7151 7150
f 7134 7150 7149
f 7134 7149 7148
f 7134 7148 7159
f 7134 7159 7147
f 7134 7147 7138
f 7134 7138 7137
f 7134 7137 7136
f 7138 7140 7139
f 7146 7147 7159
f 7146 7159 7148
f 7160 7161 7162
f 7160 7162 7167
f 7160 7167 7170
f 7160 7170 7178
f 7160 7178 7189
f 7160 7189 7191
f 7160 7191 7209
f 7160 7209 7230
f 7160 7230 7244
f 7160 7244 7251
f 7160 7251 7238
f 7160 7238 7222
f 7160 7222 7203
f 7160 7203 7186
f 7160 7186 7176
f 7160 7176 7168
f 7160 7168 7163
f 7160 7163 7169
f 7160 7169 7177
f 7160 7177 7188
f 7160 7188 7207
f 7160 7207 7215
f 7160 7215 7214
f 7160 7214 7213
f 7160 7213 7201
f 7160 7201 7183
f 7160 7183 7174
f 7160 7174 7173
f 7160 7173 7165
f 7160 7165 7161
f 7161 7164 7162
f 7161 7165 7166
f 7161 7166 7164
f 7162 7164 7167
f 7163 7168 7169
f 7164 7170 7167
f 7164 7166 7171
f 7164 7171 7172
f 7164 7172 7170
f 7165 7173 7166
f 7166 7172 7171
f 7166 7173 7174
f 7166 7174 7175
f 7166 7175 7172
f 7168 7176 7185
f 7168 7185 7202
f 7168 7202 7221
f 7168 7221 7236
f 7168 7236 7242
f 7168 7242 7253
f 7168 7253 7257
f 7168 7257 7259
f 7168 7259 7258
f 7168 7258 7254
f 7168 7254 7243
f 7168 7243 7226
f 7168 7226 7205
f 7168 7205 7187
f 7168 7187 7177
f 7168 7177 7169
f 7170 7172 7179
f 7170 7179 7178
f 7172 7180 7181
f 7172 7181 7179
f 7172 7175 7182
f 7172 7182 7180
f 7174 7183 7175
f 7175 7183 7184
f 7175 7184 7182
f 7176 7186 7185
f 7177 7187 7188
f 7178 7179 7189
f 7179 7181 7190
f 7179 7190 7191
f 7179 7191 7189
f 7180 7192 7193
f 7180 7193 7194
f 7180 7194 7181
f 7180 7182 7192
f 7181 7194 7190
f 7182 7184 7195
f 7182 7195 7196
f 7182 7196 7197
f 7182 7197 7198
f 7182 7198 7199
f 7182 7199 7200
f 7182 7200 7192
f 7183 7201 7184
f 7184 7201 7195
f 7185 7186 7202
f 7186 7203 7204
f 7186 7204 7202
f 7187 7205 7206
f 7187 7206 7188
f 7188 7206 7207
f 7190 7194 7208
f 7190 7208 7191
f 7191 7208 7209
f 7192 7200 7193
f 7193 7200 7199
f 7193 7199 7210
f 7193 7210 7211
f 7193 7211 7194
f 7194 7211 7208
f 7195 7212 7196
f 7195 7201 7213
f 7195 7213 7214
f 7195 7214 7215
f 7195 7215 7216
f 7195 7216 7212
f 7196 7212 7217
f 7196 7217 7197
f 7197 7218 7198
f 7197 7217 7219
f 7197 7219 7218
f 7198 7218 7199
f 7199 7218 7220
f 7199 7220 7210
f 7202 7204 7221
f 7203 7222 7223
f 7203 7223 7204
f 7204 7223 7224
f 7204 7224 7225
f 7204 7225 7221
f 7205 7226 7206
f 7206 7226 7217
f 7206 7217 7216
f 7206 7216 7207
f 7207 7216 7215
f 7208 7227 7209
f 7208 7211 7228
f 7208 7228 7229
f 7208 7229 7227
f 7209 7227 7230
f 7210 7220 7228
f 7210 7228 7211
f 7212 7216 7231
f 7212 7231 7217
f 7216 7217 7231
f 7217 7232 7233
f 7217 7233 7219
f 7217 7226 7232
f 7218 7219 7233
f 7218 7233 7220
f 7220 7233 7234
f 7220 7234 7235
f 7220 7235 7228
f 7221 7225 7237
f 7221 7237 7236
f 7222 7238 7239
f 7222 7239 7223
f 7223 7239 7224
f 7224 7239 7240
f 7224 7240 7241
f 7224 7241 7225
f 7225 7241 7242
f 7225 7242 7236
f 7225 7236 7237
f 7226 7243 7232
f 7227 7244 7230
f 7227 7229 7245
f 7227 7245 7246
f 7227 7246 7244
f 7228 7235 7247
f 7228 7247 7229
f 7229 7247 7240
f 7229 7240 7245
f 7232 7243 7233
f 7233 7243 7248
f 7233 7248 7249
f 7233 7249 7234
f 7234 7249 7235
f 7235 7249 7250
f 7235 7250 7247
f 7238 7251 7239
f 7239 7246 7240
f 7239 7251 7246
f 7240 7246 7245
f 7240 7247 7250
f 7240 7250 7241
f 7241 7250 7249
f 7241 7249 7252
f 7241 7252 7242
f 7242 7252 7253
f 7243 7254 7255
f 7243 7255 7248
f 7244 7246 7251
f 7248 7255 7256
f 7248 7256 7249
f 7249 7256 7252
f 7252 7256 7253
f 7253 7256 7257
f 7254 7258 7255
f 7255 7258 7259
f 7255 7259 7256
f 7256 7259 7257
f 7260 7261 7264
f 7260 7264 7270
f 7260 7270 7274
f 7260 7274 7275
f 7260 7275 7271
f 7260 7271 7266
f 7260 7266 7262
f 7260 7262 7263
f 7260 7263 7261
f 7261 7263 7265
f 7261 7265 7264
f 7262 7266 7263
f 7263 7266 7271
f 7263 7271 7277
f 7263 7277 7281
f 7263 7281 7289
f 7263 7289 7300
f 7263 7300 7309
f 7263 7309 7321
f 7263 7321 7324
f 7263 7324 7325
f 7263 7325 7315
f 7263 7315 7303
f 7263 7303 7302
f 7263 7302 7301
f 7263 7301 7290
f 7263 7290 7282
f 7263 7282 7278
f 7263 7278 7272
f 7263 7272 7268
f 7263 7268 7265
f 7264 7265 7267
f 7264 7267 7268
f 7264 7268 7269
f 7264 7269 7270
f 7265 7268 7267
f 7268 7272 7273
f 7268 7273 7269
f 7269 7273 7270
f 7270 7273 7274
f 7271 7275 7276
f 7271 7276 7277
f 7272 7278 7273
f 7273 7279 7285
f 7273 7285 7293
f 7273 7293 7306
f 7273 7306 7320
f 7273 7320 7319
f 7273 7319 7322
f 7273 7322 7310
f 7273 7310 7298
f 7273 7298 7287
f 7273 7287 7280
f 7273 7280 7276
f 7273 7276 7275
f 7273 7275 7274
f 7273 7278 7279
f 7276 7280 7286
f 7276 7286 7295
f 7276 7295 7299
f 7276 7299 7288
f 7276 7288 7281
f 7276 7281 7277
f 7278 7282 7279
f 7279 7283 7284
f 7279 7284 7285
f 7279 7282 7283
f 7280 7287 7286
f 7281 7288 7289
f 7282 7290 7283
f 7283 7291 7284
f 7283 7290 7291
f 7284 7291 7292
f 7284 7292 7293
f 7284 7293 7285
f 7286 7294 7295
f 7286 7287 7296
f 7286 7296 7297
f 7286 7297 7294
f 7287 7298 7296
f 7288 7299 7300
f 7288 7300 7289
f 7290 7301 7291
f 7291 7301 7302
f 7291 7302 7303
f 7291 7303 7304
f 7291 7304 7292
f 7292 7304 7305
f 7292 7305 7306
f 7292 7306 7293
f 7294 7307 7295
f 7294 7297 7308
f 7294 7308 7309
f 7294 7309 7307
f 7295 7307 7309
f 7295 7309 7300
f 7295 7300 7299
f 7296 7310 7311
f 7296 7311 7312
f 7296 7312 7297
f 7296 7298 7310
f 7297 7312 7313
f 7297 7313 7314
f 7297 7314 7308
f 7303 7315 7304
f 7304 7315 7316
f 7304 7316 7317
f 7304 7317 7318
f 7304 7318 7305
f 7305 7318 7319
f 7305 7319 7320
f 7305 7320 7306
f 7308 7314 7321
f 7308 7321 7309
f 7310 7322 7311
f 7311 7322 7312
f 7312 7322 7318
f 7312 7318 7317
f 7312 7317 7313
f 7313 7317 7316
f 7313 7316 7314
f 7314 7316 7323
f 7314 7323 7324
f 7314 7324 7321
f 7315 7325 7323
f 7315 7323 7316
f 7318 7322 7319
f 7323 7325 7324
f 7326 7327 7328
f 7326 7328 7329
f 7326 7329 7338
f 7326 7338 7348
f 7326 7348 7362
f 7326 7362 7380
f 7326 7380 7367
f 7326 7367 7351
f 7326 7351 7349
f 7326 7349 7339
f 7326 7339 7330
f 7326 7330 7331
f 7326 7331 7332
f 7326 7332 7327
f 7327 7333 7328
f 7327 7332 7334
f 7327 7334 7335
f 7327 7335 7336
f 7327 7336 7333
f 7328 7337 7329
f 7328 7333 7337
f 7329 7337 7338
f 7330 7339 7340
f 7330 7340 7331
f 7331 7340 7332
f 7332 7340 7341
f 7332 7341 7342
f 7332 7342 7335
f 7332 7335 7334
f 7333 7336 7343
f 7333 7343 7356
f 7333 7356 7361
f 7333 7361 7379
f 7333 7379 7378
f 7333 7378 7403
f 7333 7403 7404
f 7333 7404 7418
f 7333 7418 7420
f 7333 7420 7407
f 7333 7407 7382
f 7333 7382 7363
f 7333 7363 7348
f 7333 7348 7338
f 7333 7338 7337
f 7335 7342 7344
f 7335 7344 7345
f 7335 7345 7346
f 7335 7346 7336
f 7336 7346 7347
f 7336 7347 7343
f 7339 7349 7340
f 7340 7350 7341
f 7340 7349 7351
f 7340 7351 7352
f 7340 7352 7350
f 7341 7350 7353
f 7341 7353 7354
f 7341 7354 7342
f 7342 7354 7355
f 7342 7355 7344
f 7343 7347 7356
f 7344 7355 7357
f 7344 7357 7358
f 7344 7358 7345
f 7345 7358 7359
f 7345 7359 7360
f 7345 7360 7347
f 7345 7347 7346
f 7347 7360 7361
f 7347 7361 7356
f 7348 7363 7362
f 7350 7352 7364
f 7350 7364 7365
f 7350 7365 7366
f 7350 7366 7353
f 7351 7367 7352
f 7352 7367 7365
f 7352 7365 7364
f 7353 7368 7369
f 7353 7369 7370
f 7353 7370 7371
f 7353 7371 7372
f 7353 7372 7354
f 7353 7366 7365
f 7353 7365 7368
f 7354 7372 7355
f 7355 7372 7373
f 7355 7373 7374
f 7355 7374 7357
f 7357 7374 7375
f 7357 7375 7376
f 7357 7376 7358
f 7358 7376 7377
f 7358 7377 7359
f 7359 7377 7378
f 7359 7378 7379
f 7359 7379 7360
f 7360 7379 7361
f 7362 7363 7381
f 7362 7381 7405
f 7362 7405 7394
f 7362 7394 7393
f 7362 7393 7392
f 7362 7392 7391
f 7362 7391 7408
f 7362 7408 7389
f 7362 7389 7388
f 7362 7388 7387
f 7362 7387 7386
f 7362 7386 7384
f 7362 7384 7383
f 7362 7383 7385
f 7362 7385 7380
f 7363 7382 7406
f 7363 7406 7419
f 7363 7419 7431
f 7363 7431 7432
f 7363 7432 7426
f 7363 7426 7425
f 7363 7425 7424
f 7363 7424 7423
f 7363 7423 7422
f 7363 7422 7411
f 7363 7411 7405
f 7363 7405 7381
f 7365 7383 7384
f 7365 7384 7368
f 7365 7367 7380
f 7365 7380 7385
f 7365 7385 7383
f 7368 7384 7386
f 7368 7386 7387
f 7368 7387 7369
f 7369 7388 7389
f 7369 7389 7390
f 7369 7390 7370
f 7369 7387 7388
f 7370 7390 7391
f 7370 7391 7371
f 7371 7373 7372
f 7371 7391 7392
f 7371 7392 7393
f 7371 7393 7394
f 7371 7394 7395
f 7371 7395 7396
f 7371 7396 7397
f 7371 7397 7373
f 7373 7397 7398
f 7373 7398 7374
f 7374 7399 7375
f 7374 7398 7399
f 7375 7399 7400
f 7375 7400 7401
f 7375 7401 7376
f 7376 7401 7402
f 7376 7402 7377
f 7377 7403 7378
f 7377 7402 7404
f 7377 7404 7403
f 7382 7407 7406
f 7389 7408 7390
f 7390 7408 7391
f 7394 7405 7396
f 7394 7396 7395
f 7396 7409 7410
f 7396 7410 7397
f 7396 7405 7411
f 7396 7411 7409
f 7397 7410 7412
f 7397 7412 7398
f 7398 7412 7410
f 7398 7410 7409
f 7398 7409 7413
f 7398 7413 7414
f 7398 7414 7399
f 7399 7414 7400
f 7400 7414 7413
f 7400 7413 7415
f 7400 7415 7416
f 7400 7416 7401
f 7401 7416 7402
f 7402 7416 7417
f 7402 7417 7404
f 7404 7417 7418
f 7406 7407 7420
f 7406 7420 7421
f 7406 7421 7419
f 7409 7411 7422
f 7409 7422 7423
f 7409 7423 7413
f 7413 7423 7424
f 7413 7424 7425
f 7413 7425 7415
f 7415 7425 7426
f 7415 7426 7427
f 7415 7427 7416
f 7416 7427 7426
f 7416 7426 7428
f 7416 7428 7429
f 7416 7429 7417
f 7417 7429 7430
f 7417 7430 7421
f 7417 7421 7418
f 7418 7421 7420
f 7419 7421 7430
f 7419 7430 7431
f 7426 7432 7429
f 7426 7429 7428
f 7429 7432 7433
f 7429 7433 7430
f 7430 7433 7431
f 7431 7433 7432
f 7434 7435 7436
f 7434 7436 7440
f 7434 7440 7446
f 7434 7446 7455
f 7434 7455 7462
f 7434 7462 7463
f 7434 7463 7474
f 7434 7474 7490
f 7434 7490 7499
f 7434 7499 7493
f 7434 7493 7492
f 7434 7492 7491
f 7434 7491 7484
f 7434 7484 7483
f 7434 7483 7477
f 7434 7477 7464
f 7434 7464 7456
f 7434 7456 7448
f 7434 7448 7442
f 7434 7442 7437
f 7434 7437 7441
f 7434 7441 7447
f 7434 7447 7450
f 7434 7450 7459
f 7434 7459 7451
f 7434 7451 7443
f 7434 7443 7438
f 7434 7438 7435
f 7435 7438 7436
f 7436 7439 7440
f 7436 7438 7439
f 7437 7442 7441
f 7438 7443 7444
f 7438 7444 7439
f 7439 7444 7445
f 7439 7445 7446
f 7439 7446 7440
f 7441 7442 7447
f 7442 7448 7457
f 7442 7457 7466
f 7442 7466 7481
f 7442 7481 7476
f 7442 7476 7480
f 7442 7480 7467
f 7442 7467 7458
f 7442 7458 7449
f 7442 7449 7450
f 7442 7450 7447
f 7443 7451 7452
f 7443 7452 7444
f 7444 7452 7453
f 7444 7453 7445
f 7445 7453 7454
f 7445 7454 7455
f 7445 7455 7446
f 7448 7456 7457
f 7449 7458 7471
f 7449 7471 7486
f 7449 7486 7496
f 7449 7496 7500
f 7449 7500 7501
f 7449 7501 7497
f 7449 7497 7488
f 7449 7488 7487
f 7449 7487 7472
f 7449 7472 7460
f 7449 7460 7459
f 7449 7459 7450
f 7451 7459 7452
f 7452 7459 7460
f 7452 7460 7461
f 7452 7461 7453
f 7453 7461 7454
f 7454 7462 7455
f 7454 7461 7463
f 7454 7463 7462
f 7456 7464 7465
f 7456 7465 7466
f 7456 7466 7457
f 7458 7467 7468
f 7458 7468 7469
f 7458 7469 7470
f 7458 7470 7471
f 7460 7472 7473
f 7460 7473 7461
f 7461 7473 7463
f 7463 7473 7474
f 7464 7475 7476
f 7464 7476 7465
f 7464 7477 7478
f 7464 7478 7479
f 7464 7479 7480
f 7464 7480 7475
f 7465 7476 7481
f 7465 7481 7466
f 7467 7480 7479
f 7467 7479 7482
f 7467 7482 7468
f 7468 7482 7483
f 7468 7483 7484
f 7468 7484 7485
f 7468 7485 7469
f 7469 7485 7470
f 7470 7485 7471
f 7471 7485 7486
f 7472 7487 7473
f 7473 7487 7474
f 7474 7487 7488
f 7474 7488 7489
f 7474 7489 7490
f 7475 7480 7476
f 7477 7482 7479
f 7477 7479 7478
f 7477 7483 7482
f 7484 7491 7485
f 7485 7491 7492
f 7485 7492 7493
f 7485 7493 7494
f 7485 7494 7495
f 7485 7495 7486
f 7486 7495 7496
f 7488 7497 7489
f 7489 7497 7490
f 7490 7497 7498
f 7490 7498 7495
f 7490 7495 7499
f 7493 7499 7495
f 7493 7495 7494
f 7495 7498 7496
f 7496 7498 7500
f 7497 7501 7498
f 7498 7501 7500
f 7502 7503 7504
f 7502 7504 7505
f 7502 7505 7506
f 7502 7506 7507
f 7502 7507 7508
f 7502 7508 7509
f 7502 7509 7517
f 7502 7517 7522
f 7502 7522 7529
f 7502 7529 7534
f 7502 7534 7545
f 7502 7545 7553
f 7502 7553 7540
f 7502 7540 7539
f 7502 7539 7538
f 7502 7538 7552
f 7502 7552 7551
f 7502 7551 7550
f 7502 7550 7555
f 7502 7555 7546
f 7502 7546 7535
f 7502 7535 7530
f 7502 7530 7524
f 7502 7524 7519
f 7502 7519 7510
f 7502 7510 7503
f 7503 7510 7511
f 7503 7511 7512
f 7503 7512 7513
f 7503 7513 7504
f 7504 7514 7505
f 7504 7513 7512
f 7504 7512 7511
f 7504 7511 7518
f 7504 7518 7523
f 7504 7523 7526
f 7504 7526 7525
f 7504 7525 7531
f 7504 7531 7536
f 7504 7536 7548
f 7504 7548 7547
f 7504 7547 7556
f 7504 7556 7549
f 7504 7549 7537
f 7504 7537 7532
f 7504 7532 7528
f 7504 7528 7520
f 7504 7520 7516
f 7504 7516 7515
f 7504 7515 7514
f 7505 7514 7515
f 7505 7515 7516
f 7505 7516 7520
f 7505 7520 7527
f 7505 7527 7521
f 7505 7521 7517
f 7505 7517 7509
f 7505 7509 7508
f 7505 7508 7507
f 7505 7507 7506
f 7510 7518 7511
f 7510 7519 7518
f 7517 7521 7522
f 7518 7519 7523
f 7519 7524 7525
f 7519 7525 7526
f 7519 7526 7523
f 7520 7522 7527
f 7520 7528 7522
f 7521 7527 7522
f 7522 7528 7532
f 7522 7532 7542
f 7522 7542 7554
f 7522 7554 7543
f 7522 7543 7533
f 7522 7533 7529
f 7524 7530 7531
f 7524 7531 7525
f 7529 7533 7534
f 7530 7535 7536
f 7530 7536 7531
f 7532 7537 7538
f 7532 7538 7539
f 7532 7539 7540
f 7532 7540 7541
f 7532 7541 7542
f 7533 7543 7534
f 7534 7543 7544
f 7534 7544 7545
f 7535 7546 7547
f 7535 7547 7548
f 7535 7548 7536
f 7537 7549 7550
f 7537 7550 7551
f 7537 7551 7552
f 7537 7552 7538
f 7540 7553 7541
f 7541 7553 7545
f 7541 7545 7544
f 7541 7544 7554
f 7541 7554 7542
f 7543 7554 7544
f 7546 7555 7549
f 7546 7549 7556
f 7546 7556 7547
f 7549 7555 7550
f 7557 7558 7561
f 7557 7561 7571
f 7557 7571 7577
f 7557 7577 7566
f 7557 7566 7559
f 7557 7559 7568
f 7557 7568 7579
f 7557 7579 7584
f 7557 7584 7583
f 7557 7583 7582
f 7557 7582 7581
f 7557 7581 7587
f 7557 7587 7580
f 7557 7580 7569
f 7557 7569 7560
f 7557 7560 7570
f 7557 7570 7586
f 7557 7586 7593
f 7557 7593 7599
f 7557 7599 7600
f 7557 7600 7598
f 7557 7598 7597
f 7557 7597 7595
f 7557 7595 7591
f 7557 7591 7575
f 7557 7575 7562
f 7557 7562 7558
f 7558 7562 7563
f 7558 7563 7564
f 7558 7564 7565
f 7558 7565 7561
f 7559 7566 7567
f 7559 7567 7568
f 7560 7569 7570
f 7561 7565 7572
f 7561 7572 7573
f 7561 7573 7574
f 7561 7574 7571
f 7562 7575 7576
f 7562 7576 7563
f 7563 7576 7592
f 7563 7592 7585
f 7563 7585 7584
f 7563 7584 7579
f 7563 7579 7567
f 7563 7567 7578
f 7563 7578 7590
f 7563 7590 7589
f 7563 7589 7588
f 7563 7588 7573
f 7563 7573 7572
f 7563 7572 7565
f 7563 7565 7564
f 7566 7577 7567
f 7567 7577 7578
f 7567 7579 7568
f 7569 7580 7570
f 7570 7581 7582
f 7570 7582 7583
f 7570 7583 7584
f 7570 7584 7585
f 7570 7585 7592
f 7570 7592 7596
f 7570 7596 7594
f 7570 7594 7586
f 7570 7580 7587
f 7570 7587 7581
f 7571 7574 7588
f 7571 7588 7589
f 7571 7589 7590
f 7571 7590 7577
f 7573 7588 7574
f 7575 7591 7576
f 7576 7591 7592
f 7577 7590 7578
f 7586 7594 7593
f 7591 7595 7592
f 7592 7595 7597
f 7592 7597 7598
f 7592 7598 7596
f 7593 7594 7599
f 7594 7596 7599
f 7596 7600 7599
f 7596 7598 7600
f 7601 7602 7603
f 7601 7603 7604
f 7601 7604 7605
f 7601 7605 7606
f 7601 7606 7610
f 7601 7610 7621
f 7601 7621 7638
f 7601 7638 7637
f 7601 7637 7636
f 7601 7636 7651
f 7601 7651 7652
f 7601 7652 7644
f 7601 7644 7625
f 7601 7625 7613
f 7601 7613 7607
f 7601 7607 7612
f 7601 7612 7624
f 7601 7624 7630
f 7601 7630 7629
f 7601 7629 7628
f 7601 7628 7627
f 7601 7627 7619
f 7601 7619 7608
f 7601 7608 7602
f 7602 7608 7603
f 7603 7605 7604
f 7603 7608 7619
f 7603 7619 7635
f 7603 7635 7649
f 7603 7649 7642
f 7603 7642 7648
f 7603 7648 7641
f 7603 7641 7622
f 7603 7622 7611
f 7603 7611 7609
f 7603 7609 7605
f 7605 7609 7606
f 7606 7609 7611
f 7606 7611 7610
f 7607 7613 7614
f 7607 7614 7615
f 7607 7615 7616
f 7607 7616 7617
f 7607 7617 7618
f 7607 7618 7612
f 7610 7620 7621
f 7610 7611 7620
f 7611 7622 7623
f 7611 7623 7620
f 7612 7618 7624
f 7613 7625 7643
f 7613 7643 7635
f 7613 7635 7634
f 7613 7634 7633
f 7613 7633 7632
f 7613 7632 7631
f 7613 7631 7626
f 7613 7626 7618
f 7613 7618 7617
f 7613 7617 7616
f 7613 7616 7615
f 7613 7615 7614
f 7618 7626 7619
f 7618 7619 7627
f 7618 7627 7628
f 7618 7628 7629
f 7618 7629 7630
f 7618 7630 7624
f 7619 7626 7631
f 7619 7631 7632
f 7619 7632 7633
f 7619 7633 7634
f 7619 7634 7635
f 7620 7636 7637
f 7620 7637 7638
f 7620 7638 7621
f 7620 7623 7639
f 7620 7639 7640
f 7620 7640 7636
f 7622 7639 7623
f 7622 7641 7639
f 7625 7642 7643
f 7625 7644 7645
f 7625 7645 7646
f 7625 7646 7647
f 7625 7647 7641
f 7625 7641 7648
f 7625 7648 7642
f 7635 7643 7649
f 7636 7640 7650
f 7636 7650 7651
f 7639 7641 7640
f 7640 7641 7647
f 7640 7647 7646
f 7640 7646 7650
f 7642 7649 7643
f 7644 7652 7645
f 7645 7652 7651
f 7645 7651 7650
f 7645 7650 7646
f 7653 7654 7665
f 7653 7665 7673
f 7653 7673 7684
f 7653 7684 7696
f 7653 7696 7711
f 7653 7711 7714
f 7653 7714 7713
f 7653 7713 7712
f 7653 7712 7697
f 7653 7697 7685
f 7653 7685 7675
f 7653 7675 7670
f 7653 7670 7655
f 7653 7655 7671
f 7653 7671 7677
f 7653 7677 7688
f 7653 7688 7691
f 7653 7691 7704
f 7653 7704 7708
f 7653 7708 7707
f 7653 7707 7705
f 7653 7705 7692
f 7653 7692 7678
f 7653 7678 7672
f 7653 7672 7656
f 7653 7656 7657
f 7653 7657 7658
f 7653 7658 7659
f 7653 7659 7660
f 7653 7660 7661
f 7653 7661 7662
f 7653 7662 7663
f 7653 7663 7654
f 7654 7664 7665
f 7654 7663 7666
f 7654 7666 7667
f 7654 7667 7668
f 7654 7668 7669
f 7654 7669 7664
f 7655 7670 7671
f 7656 7672 7674
f 7656 7674 7669
f 7656 7669 7668
f 7656 7668 7667
f 7656 7667 7666
f 7656 7666 7663
f 7656 7663 7662
f 7656 7662 7661
f 7656 7661 7660
f 7656 7660 7659
f 7656 7659 7658
f 7656 7658 7657
f 7664 7669 7674
f 7664 7674 7682
f 7664 7682 7681
f 7664 7681 7680
f 7664 7680 7679
f 7664 7679 7693
f 7664 7693 7706
f 7664 7706 7723
f 7664 7723 7722
f 7664 7722 7703
f 7664 7703 7721
f 7664 7721 7727
f 7664 7727 7726
f 7664 7726 7724
f 7664 7724 7710
f 7664 7710 7694
f 7664 7694 7683
f 7664 7683 7673
f 7664 7673 7665
f 7670 7675 7676
f 7670 7676 7677
f 7670 7677 7671
f 7672 7678 7679
f 7672 7679 7680
f 7672 7680 7681
f 7672 7681 7682
f 7672 7682 7674
f 7673 7683 7695
f 7673 7695 7684
f 7675 7685 7686
f 7675 7686 7687
f 7675 7687 7676
f 7676 7688 7677
f 7676 7687 7686
f 7676 7686 7689
f 7676 7689 7690
f 7676 7690 7691
f 7676 7691 7688
f 7678 7692 7679
f 7679 7692 7693
f 7683 7694 7695
f 7684 7695 7696
f 7685 7697 7686
f 7686 7697 7698
f 7686 7698 7699
f 7686 7699 7689
f 7689 7699 7700
f 7689 7700 7690
f 7690 7700 7701
f 7690 7701 7691
f 7691 7702 7703
f 7691 7703 7704
f 7691 7701 7702
f 7692 7705 7693
f 7693 7705 7707
f 7693 7707 7708
f 7693 7708 7706
f 7694 7709 7695
f 7694 7710 7709
f 7695 7709 7711
f 7695 7711 7696
f 7697 7712 7698
f 7698 7712 7713
f 7698 7713 7714
f 7698 7714 7709
f 7698 7709 7710
f 7698 7710 7715
f 7698 7715 7716
f 7698 7716 7699
f 7699 7716 7717
f 7699 7717 7700
f 7700 7717 7718
f 7700 7718 7701
f 7701 7718 7719
f 7701 7719 7702
f 7702 7720 7703
f 7702 7719 7720
f 7703 7720 7721
f 7703 7722 7704
f 7704 7722 7723
f 7704 7723 7708
f 7706 7708 7723
f 7709 7714 7711
f 7710 7724 7715
f 7715 7724 7716
f 7716 7724 7718
f 7716 7718 7717
f 7718 7724 7725
f 7718 7725 7726
f 7718 7726 7727
f 7718 7727 7719
f 7719 7727 7721
f 7719 7721 7720
f 7724 7726 7725
f 7728 7729 7733
f 7728 7733 7739
f 7728 7739 7744
f 7728 7744 7749
f 7728 7749 7746
f 7728 7746 7742
f 7728 7742 7737
f 7728 7737 7730
f 7728 7730 7731
f 7728 7731 7732
f 7728 7732 7729
f 7729 7732 7734
f 7729 7734 7733
f 7730 7735 7736
f 7730 7736 7731
f 7730 7737 7735
f 7731 7736 7732
f 7732 7736 7735
f 7732 7735 7742
f 7732 7742 7746
f 7732 7746 7757
f 7732 7757 7762
f 7732 7762 7766
f 7732 7766 7765
f 7732 7765 7764
f 7732 7764 7763
f 7732 7763 7759
f 7732 7759 7748
f 7732 7748 7745
f 7732 7745 7741
f 7732 7741 7734
f 7733 7738 7739
f 7733 7734 7738
f 7734 7740 7738
f 7734 7741 7740
f 7735 7737 7742
f 7738 7743 7747
f 7738 7747 7758
f 7738 7758 7760
f 7738 7760 7767
f 7738 7767 7772
f 7738 7772 7774
f 7738 7774 7773
f 7738 7773 7768
f 7738 7768 7761
f 7738 7761 7750
f 7738 7750 7749
f 7738 7749 7744
f 7738 7744 7739
f 7738 7740 7745
f 7738 7745 7743
f 7740 7741 7745
f 7743 7745 7748
f 7743 7748 7747
f 7746 7749 7750
f 7746 7750 7751
f 7746 7751 7752
f 7746 7752 7753
f 7746 7753 7754
f 7746 7754 7755
f 7746 7755 7756
f 7746 7756 7757
f 7747 7748 7758
f 7748 7759 7760
f 7748 7760 7758
f 7750 7761 7769
f 7750 7769 7770
f 7750 7770 7762
f 7750 7762 7757
f 7750 7757 7756
f 7750 7756 7755
f 7750 7755 7754
f 7750 7754 7753
f 7750 7753 7752
f 7750 7752 7751
f 7759 7763 7760
f 7760 7763 7764
f 7760 7764 7765
f 7760 7765 7766
f 7760 7766 7767
f 7761 7768 7769
f 7762 7770 7771
f 7762 7771 7766
f 7766 7771 7767
f 7767 7771 7770
f 7767 7770 7772
f 7768 7773 7769
f 7769 7773 7770
f 7770 7773 7774
f 7770 7774 7772
f 7775 7776 7777
f 7775 7777 7778
f 7775 7778 7779
f 7775 7779 7780
f 7775 7780 7781
f 7775 7781 7776
f 7776 7782 7783
f 7776 7783 7784
f 7776 7784 7785
f 7776 7785 7777
f 7776 7781 7782
f 7777 7785 7786
f 7777 7786 7787
f 7777 7787 7778
f 7778 7788 7789
f 7778 7789 7790
f 7778 7790 7779
f 7778 7787 7791
f 7778 7791 7788
f 7779 7790 7780
f 7780 7792 7781
f 7780 7790 7793
f 7780 7793 7794
f 7780 7794 7792
f 7781 7792 7794
f 7781 7794 7811
f 7781 7811 7829
f 7781 7829 7830
f 7781 7830 7853
f 7781 7853 7831
f 7781 7831 7812
f 7781 7812 7795
f 7781 7795 7784
f 7781 7784 7783
f 7781 7783 7782
f 7784 7795 7785
f 7785 7795 7796
f 7785 7796 7797
f 7785 7797 7786
f 7786 7798 7787
f 7786 7797 7798
f 7787 7798 7799
f 7787 7799 7791
f 7788 7791 7800
f 7788 7800 7801
f 7788 7801 7789
f 7789 7801 7802
f 7789 7802 7790
f 7790 7802 7803
f 7790 7803 7804
f 7790 7804 7805
f 7790 7805 7806
f 7790 7806 7793
f 7791 7799 7807
f 7791 7807 7808
f 7791 7808 7800
f 7793 7806 7809
f 7793 7809 7810
f 7793 7810 7811
f 7793 7811 7794
f 7795 7812 7813
f 7795 7813 7796
f 7796 7813 7797
f 7797 7813 7814
f 7797 7814 7815
f 7797 7815 7799
f 7797 7799 7798
f 7799 7816 7817
f 7799 7817 7807
f 7799 7815 7818
f 7799 7818 7819
f 7799 7819 7816
f 7800 7808 7820
f 7800 7820 7821
f 7800 7821 7822
f 7800 7822 7801
f 7801 7822 7823
f 7801 7823 7802
f 7802 7823 7803
f 7803 7823 7824
f 7803 7824 7825
f 7803 7825 7826
f 7803 7826 7804
f 7804 7826 7825
f 7804 7825 7849
f 7804 7849 7871
f 7804 7871 7870
f 7804 7870 7869
f 7804 7869 7886
f 7804 7886 7892
f 7804 7892 7891
f 7804 7891 7896
f 7804 7896 7893
f 7804 7893 7888
f 7804 7888 7876
f 7804 7876 7854
f 7804 7854 7830
f 7804 7830 7810
f 7804 7810 7809
f 7804 7809 7806
f 7804 7806 7805
f 7807 7817 7808
f 7808 7817 7827
f 7808 7827 7828
f 7808 7828 7820
f 7810 7829 7811
f 7810 7830 7829
f 7812 7831 7855
f 7812 7855 7877
f 7812 7877 7861
f 7812 7861 7860
f 7812 7860 7859
f 7812 7859 7858
f 7812 7858 7837
f 7812 7837 7836
f 7812 7836 7841
f 7812 7841 7840
f 7812 7840 7839
f 7812 7839 7818
f 7812 7818 7815
f 7812 7815 7814
f 7812 7814 7813
f 7816 7819 7817
f 7817 7832 7833
f 7817 7833 7834
f 7817 7834 7828
f 7817 7828 7827
f 7817 7819 7835
f 7817 7835 7836
f 7817 7836 7837
f 7817 7837 7838
f 7817 7838 7832
f 7818 7839 7819
f 7819 7839 7840
f 7819 7840 7841
f 7819 7841 7836
f 7819 7836 7835
f 7820 7828 7842
f 7820 7842 7843
f 7820 7843 7821
f 7821 7843 7844
f 7821 7844 7845
f 7821 7845 7822
f 7822 7845 7846
f 7822 7846 7823
f 7823 7846 7824
f 7824 7846 7847
f 7824 7847 7848
f 7824 7848 7849
f 7824 7849 7825
f 7828 7850 7842
f 7828 7834 7851
f 7828 7851 7852
f 7828 7852 7850
f 7830 7854 7853
f 7831 7853 7855
f 7832 7856 7833
f 7832 7838 7856
f 7833 7856 7834
f 7834 7856 7857
f 7834 7857 7851
f 7837 7858 7838
f 7838 7858 7859
f 7838 7859 7860
f 7838 7860 7861
f 7838 7861 7862
f 7838 7862 7863
f 7838 7863 7856
f 7842 7864 7843
f 7842 7850 7864
f 7843 7864 7865
f 7843 7865 7866
f 7843 7866 7867
f 7843 7867 7844
f 7844 7867 7868
f 7844 7868 7847
f 7844 7847 7845
f 7845 7847 7846
f 7847 7868 7869
f 7847 7869 7870
f 7847 7870 7871
f 7847 7871 7848
f 7848 7871 7849
f 7850 7852 7864
f 7851 7872 7873
f 7851 7873 7852
f 7851 7857 7874
f 7851 7874 7875
f 7851 7875 7872
f 7852 7873 7864
f 7853 7854 7876
f 7853 7876 7855
f 7855 7876 7888
f 7855 7888 7894
f 7855 7894 7889
f 7855 7889 7887
f 7855 7887 7872
f 7855 7872 7875
f 7855 7875 7874
f 7855 7874 7881
f 7855 7881 7880
f 7855 7880 7879
f 7855 7879 7878
f 7855 7878 7883
f 7855 7883 7882
f 7855 7882 7877
f 7856 7863 7878
f 7856 7878 7879
f 7856 7879 7880
f 7856 7880 7881
f 7856 7881 7857
f 7857 7881 7874
f 7861 7877 7862
f 7862 7882 7883
f 7862 7883 7878
f 7862 7878 7863
f 7862 7877 7882
f 7864 7873 7865
f 7865 7873 7866
f 7866 7873 7884
f 7866 7884 7885
f 7866 7885 7867
f 7867 7885 7868
f 7868 7885 7886
f 7868 7886 7869
f 7872 7887 7873
f 7873 7887 7884
f 7884 7887 7889
f 7884 7889 7890
f 7884 7890 7891
f 7884 7891 7892
f 7884 7892 7885
f 7885 7892 7886
f 7888 7893 7894
f 7889 7894 7895
f 7889 7895 7890
f 7890 7895 7896
f 7890 7896 7891
f 7893 7896 7895
f 7893 7895 7894
f 7897 7898 7903
f 7897 7903 7915
f 7897 7915 7905
f 7897 7905 7899
f 7897 7899 7900
f 7897 7900 7901
f 7897 7901 7902
f 7897 7902 7910
f 7897 7910 7921
f 7897 7921 7925
f 7897 7925 7930
f 7897 7930 7932
f 7897 7932 7927
f 7897 7927 7923
f 7897 7923 7916
f 7897 7916 7904
f 7897 7904 7898
f 7898 7904 7903
f 7899 7905 7900
f 7900 7905 7906
f 7900 7906 7907
f 7900 7907 7901
f 7901 7907 7908
f 7901 7908 7902
f 7902 7908 7909
f 7902 7909 7910
f 7903 7904 7911
f 7903 7911 7912
f 7903 7912 7913
f 7903 7913 7914
f 7903 7914 7922
f 7903 7922 7926
f 7903 7926 7931
f 7903 7931 7933
f 7903 7933 7929
f 7903 7929 7928
f 7903 7928 7924
f 7903 7924 7920
f 7903 7920 7919
f 7903 7919 7917
f 7903 7917 7907
f 7903 7907 7906
f 7903 7906 7915
f 7904 7916 7922
f 7904 7922 7914
f 7904 7914 7913
f 7904 7913 7912
f 7904 7912 7911
f 7905 7915 7906
f 7907 7917 7908
f 7908 7917 7918
f 7908 7918 7909
f 7909 7918 7910
f 7910 7918 7919
f 7910 7919 7920
f 7910 7920 7921
f 7916 7923 7922
f 7917 7919 7918
f 7920 7924 7921
f 7921 7924 7925
f 7922 7923 7926
f 7923 7927 7926
f 7924 7928 7925
f 7925 7928 7929
f 7925 7929 7930
f 7926 7927 7931
f 7927 7932 7931
f 7929 7933 7932
f 7929 7932 7930
f 7931 7932 7933
f 7934 7935 7936
f 7934 7936 7937
f 7934 7937 7938
f 7934 7938 7941
f 7934 7941 7944
f 7934 7944 7952
f 7934 7952 7942
f 7934 7942 7939
f 7934 7939 7935
f 7935 7939 7936
f 7936 7939 7940
f 7936 7940 7943
f 7936 7943 7953
f 7936 7953 7954
f 7936 7954 7945
f 7936 7945 7941
f 7936 7941 7938
f 7936 7938 7937
f 7939 7942 7940
f 7940 7942 7943
f 7941 7945 7946
f 7941 7946 7947
f 7941 7947 7948
f 7941 7948 7949
f 7941 7949 7950
f 7941 7950 7951
f 7941 7951 7944
f 7942 7952 7943
f 7943 7952 7953
f 7944 7951 7956
f 7944 7956 7959
f 7944 7959 7965
f 7944 7965 7971
f 7944 7971 7976
f 7944 7976 7973
f 7944 7973 7972
f 7944 7972 7968
f 7944 7968 7966
f 7944 7966 7960
f 7944 7960 7957
f 7944 7957 7952
f 7945 7954 7955
f 7945 7955 7946
f 7946 7955 7954
f 7946 7954 7953
f 7946 7953 7958
f 7946 7958 7963
f 7946 7963 7969
f 7946 7969 7974
f 7946 7974 7975
f 7946 7975 7970
f 7946 7970 7964
f 7946 7964 7959
f 7946 7959 7956
f 7946 7956 7951
f 7946 7951 7950
f 7946 7950 7949
f 7946 7949 7948
f 7946 7948 7947
f 7952 7957 7953
f 7953 7957 7958
f 7957 7960 7958
f 7958 7960 7961
f 7958 7961 7962
f 7958 7962 7963
f 7959 7964 7965
f 7960 7966 7961
f 7961 7967 7963
f 7961 7963 7962
f 7961 7966 7967
f 7963 7967 7966
f 7963 7966 7968
f 7963 7968 7969
f 7964 7970 7965
f 7965 7970 7971
f 7968 7972 7969
f 7969 7972 7973
f 7969 7973 7974
f 7970 7975 7971
f 7971 7975 7974
f 7971 7974 7976
f 7973 7976 7974
f 7977 7978 7979
f 7977 7979 7980
f 7977 7980 7991
f 7977 7991 8010
f 7977 8010 8027
f 7977 8027 8026
f 7977 8026 8025
f 7977 8025 8045
f 7977 8045 8058
f 7977 8058 8057
f 7977 8057 8056
f 7977 8056 8047
f 7977 8047 8029
f 7977 8029 8012
f 7977 8012 7993
f 7977 7993 7981
f 7977 7981 7992
f 7977 7992 8011
f 7977 8011 8014
f 7977 8014 7999
f 7977 7999 7982
f 7977 7982 7978
f 7978 7982 7983
f 7978 7983 7984
f 7978 7984 7985
f 7978 7985 7986
f 7978 7986 7979
f 7979 7986 7987
f 7979 7987 7988
f 7979 7988 7989
f 7979 7989 7980
f 7980 7989 7990
f 7980 7990 7991
f 7981 7993 7994
f 7981 7994 7995
f 7981 7995 7996
f 7981 7996 7997
f 7981 7997 7998
f 7981 7998 7992
f 7982 7999 8000
f 7982 8000 7983
f 7983 8000 7985
f 7983 7985 7984
f 7985 8001 8002
f 7985 8002 7987
f 7985 7987 7986
f 7985 8000 8001
f 7987 8002 8003
f 7987 8003 8004
f 7987 8004 8005
f 7987 8005 8006
f 7987 8006 8007
f 7987 8007 7988
f 7988 8007 7989
f 7989 8007 8008
f 7989 8008 8009
f 7989 8009 7990
f 7990 8009 8010
f 7990 8010 7991
f 7992 7998 8011
f 7993 8012 8028
f 7993 8028 8046
f 7993 8046 8050
f 7993 8050 8048
f 7993 8048 8033
f 7993 8033 8013
f 7993 8013 7998
f 7993 7998 7997
f 7993 7997 7996
f 7993 7996 7995
f 7993 7995 7994
f 7998 8013 8032
f 7998 8032 8042
f 7998 8042 8041
f 7998 8041 8053
f 7998 8053 8052
f 7998 8052 8059
f 7998 8059 8049
f 7998 8049 8037
f 7998 8037 8036
f 7998 8036 8015
f 7998 8015 8014
f 7998 8014 8011
f 7999 8014 8015
f 7999 8015 8000
f 8000 8015 8016
f 8000 8016 8017
f 8000 8017 8018
f 8000 8018 8001
f 8001 8018 8017
f 8001 8017 8019
f 8001 8019 8002
f 8002 8019 8003
f 8003 8019 8020
f 8003 8020 8021
f 8003 8021 8004
f 8004 8021 8022
f 8004 8022 8023
f 8004 8023 8024
f 8004 8024 8005
f 8005 8024 8006
f 8006 8008 8007
f 8006 8024 8008
f 8008 8025 8026
f 8008 8026 8027
f 8008 8027 8009
f 8008 8024 8025
f 8009 8027 8010
f 8012 8029 8030
f 8012 8030 8031
f 8012 8031 8028
f 8013 8033 8034
f 8013 8034 8035
f 8013 8035 8032
f 8015 8036 8017
f 8015 8017 8016
f 8017 8036 8037
f 8017 8037 8019
f 8019 8037 8038
f 8019 8038 8020
f 8020 8035 8039
f 8020 8039 8021
f 8020 8038 8040
f 8020 8040 8041
f 8020 8041 8042
f 8020 8042 8032
f 8020 8032 8035
f 8021 8039 8022
f 8022 8039 8031
f 8022 8031 8023
f 8023 8031 8030
f 8023 8030 8043
f 8023 8043 8024
f 8024 8043 8044
f 8024 8044 8025
f 8025 8044 8045
f 8028 8031 8046
f 8029 8047 8030
f 8030 8047 8043
f 8031 8039 8046
f 8033 8048 8034
f 8034 8039 8035
f 8034 8048 8039
f 8037 8049 8038
f 8038 8049 8040
f 8039 8048 8050
f 8039 8050 8046
f 8040 8051 8052
f 8040 8052 8053
f 8040 8053 8041
f 8040 8049 8054
f 8040 8054 8055
f 8040 8055 8051
f 8043 8047 8056
f 8043 8056 8057
f 8043 8057 8044
f 8044 8058 8045
f 8044 8057 8058
f 8049 8059 8051
f 8049 8051 8054
f 8051 8059 8052
f 8051 8055 8054
f 8060 8061 8062
f 8060 8062 8063
f 8060 8063 8064
f 8060 8064 8068
f 8060 8068 8070
f 8060 8070 8065
f 8060 8065 8061
f 8061 8065 8066
f 8061 8066 8062
f 8062 8066 8067
f 8062 8067 8071
f 8062 8071 8080
f 8062 8080 8086
f 8062 8086 8085
f 8062 8085 8090
f 8062 8090 8093
f 8062 8093 8097
f 8062 8097 8103
f 8062 8103 8109
f 8062 8109 8108
f 8062 8108 8105
f 8062 8105 8104
f 8062 8104 8098
f 8062 8098 8094
f 8062 8094 8087
f 8062 8087 8081
f 8062 8081 8072
f 8062 8072 8068
f 8062 8068 8064
f 8062 8064 8063
f 8065 8069 8067
f 8065 8067 8066
f 8065 8070 8077
f 8065 8077 8082
f 8065 8082 8088
f 8065 8088 8095
f 8065 8095 8099
f 8065 8099 8106
f 8065 8106 8111
f 8065 8111 8110
f 8065 8110 8107
f 8065 8107 8102
f 8065 8102 8101
f 8065 8101 8100
f 8065 8100 8096
f 8065 8096 8092
f 8065 8092 8091
f 8065 8091 8089
f 8065 8089 8083
f 8065 8083 8078
f 8065 8078 8069
f 8067 8069 8071
f 8068 8072 8073
f 8068 8073 8074
f 8068 8074 8075
f 8068 8075 8076
f 8068 8076 8077
f 8068 8077 8070
f 8069 8078 8079
f 8069 8079 8071
f 8071 8079 8080
f 8072 8081 8082
f 8072 8082 8077
f 8072 8077 8076
f 8072 8076 8075
f 8072 8075 8074
f 8072 8074 8073
f 8078 8083 8084
f 8078 8084 8085
f 8078 8085 8079
f 8079 8085 8086
f 8079 8086 8080
f 8081 8087 8082
f 8082 8087 8088
f 8083 8089 8084
f 8084 8090 8085
f 8084 8089 8091
f 8084 8091 8092
f 8084 8092 8093
f 8084 8093 8090
f 8087 8094 8088
f 8088 8094 8095
f 8092 8096 8093
f 8093 8096 8097
f 8094 8098 8099
f 8094 8099 8095
f 8096 8100 8097
f 8097 8100 8101
f 8097 8101 8102
f 8097 8102 8103
f 8098 8104 8099
f 8099 8104 8105
f 8099 8105 8106
f 8102 8107 8108
f 8102 8108 8109
f 8102 8109 8103
f 8105 8108 8107
f 8105 8107 8110
f 8105 8110 8111
f 8105 8111 8106
f 8112 8113 8114
f 8112 8114 8118
f 8112 8118 8128
f 8112 8128 8139
f 8112 8139 8142
f 8112 8142 8129
f 8112 8129 8119
f 8112 8119 8115
f 8112 8115 8120
f 8112 8120 8131
f 8112 8131 8145
f 8112 8145 8155
f 8112 8155 8167
f 8112 8167 8156
f 8112 8156 8146
f 8112 8146 8132
f 8112 8132 8121
f 8112 8121 8117
f 8112 8117 8113
f 8113 8116 8114
f 8113 8117 8116
f 8114 8116 8118
f 8115 8119 8120
f 8116 8117 8121
f 8116 8121 8122
f 8116 8122 8123
f 8116 8123 8124
f 8116 8124 8125
f 8116 8125 8126
f 8116 8126 8127
f 8116 8127 8118
f 8118 8127 8128
f 8119 8129 8120
f 8120 8130 8143
f 8120 8143 8152
f 8120 8152 8153
f 8120 8153 8144
f 8120 8144 8131
f 8120 8129 8130
f 8121 8132 8133
f 8121 8133 8122
f 8122 8133 8134
f 8122 8134 8135
f 8122 8135 8123
f 8123 8135 8136
f 8123 8136 8137
f 8123 8137 8124
f 8124 8137 8125
f 8125 8138 8127
f 8125 8127 8126
f 8125 8137 8136
f 8125 8136 8149
f 8125 8149 8162
f 8125 8162 8168
f 8125 8168 8163
f 8125 8163 8150
f 8125 8150 8143
f 8125 8143 8130
f 8125 8130 8129
f 8125 8129 8142
f 8125 8142 8141
f 8125 8141 8140
f 8125 8140 8138
f 8127 8139 8128
f 8127 8138 8140
f 8127 8140 8141
f 8127 8141 8139
f 8131 8144 8145
f 8132 8146 8147
f 8132 8147 8133
f 8133 8147 8134
f 8134 8147 8148
f 8134 8148 8135
f 8135 8148 8136
f 8136 8148 8149
f 8139 8141 8142
f 8143 8150 8151
f 8143 8151 8152
f 8144 8153 8154
f 8144 8154 8145
f 8145 8154 8155
f 8146 8156 8147
f 8147 8156 8157
f 8147 8157 8158
f 8147 8158 8148
f 8148 8158 8159
f 8148 8159 8160
f 8148 8160 8161
f 8148 8161 8149
f 8149 8161 8162
f 8150 8163 8159
f 8150 8159 8164
f 8150 8164 8151
f 8151 8164 8165
f 8151 8165 8166
f 8151 8166 8152
f 8152 8166 8153
f 8153 8166 8154
f 8154 8166 8155
f 8155 8166 8165
f 8155 8165 8167
f 8156 8167 8157
f 8157 8167 8164
f 8157 8164 8158
f 8158 8164 8159
f 8159 8163 8160
f 8160 8163 8168
f 8160 8168 8161
f 8161 8168 8162
f 8164 8167 8165
f 8169 8170 8173
f 8169 8173 8181
f 8169 8181 8174
f 8169 8174 8171
f 8169 8171 8178
f 8169 8178 8184
f 8169 8184 8183
f 8169 8183 8196
f 8169 8196 8195
f 8169 8195 8194
f 8169 8194 8193
f 8169 8193 8192
f 8169 8192 8201
f 8169 8201 8197
f 8169 8197 8186
f 8169 8186 8179
f 8169 8179 8172
f 8169 8172 8170
f 8170 8172 8173
f 8171 8174 8175
f 8171 8175 8176
f 8171 8176 8177
f 8171 8177 8178
f 8172 8179 8185
f 8172 8185 8189
f 8172 8189 8188
f 8172 8188 8187
f 8172 8187 8180
f 8172 8180 8181
f 8172 8181 8173
f 8174 8181 8190
f 8174 8190 8182
f 8174 8182 8177
f 8174 8177 8176
f 8174 8176 8175
f 8177 8182 8183
f 8177 8183 8184
f 8177 8184 8178
f 8179 8186 8198
f 8179 8198 8202
f 8179 8202 8200
f 8179 8200 8199
f 8179 8199 8191
f 8179 8191 8182
f 8179 8182 8190
f 8179 8190 8185
f 8180 8187 8181
f 8181 8187 8188
f 8181 8188 8189
f 8181 8189 8185
f 8181 8185 8190
f 8182 8191 8192
f 8182 8192 8193
f 8182 8193 8194
f 8182 8194 8195
f 8182 8195 8196
f 8182 8196 8183
f 8186 8197 8198
f 8191 8199 8192
f 8192 8199 8200
f 8192 8200 8201
f 8197 8201 8200
f 8197 8200 8202
f 8197 8202 8198
f 8203 8204 8208
f 8203 8208 8213
f 8203 8213 8224
f 8203 8224 8231
f 8203 8231 8227
f 8203 8227 8215
f 8203 8215 8209
f 8203 8209 8205
f 8203 8205 8210
f 8203 8210 8217
f 8203 8217 8230
f 8203 8230 8246
f 8203 8246 8245
f 8203 8245 8249
f 8203 8249 8248
f 8203 8248 8235
f 8203 8235 8220
f 8203 8220 8211
f 8203 8211 8206
f 8203 8206 8207
f 8203 8207 8204
f 8204 8207 8212
f 8204 8212 8223
f 8204 8223 8238
f 8204 8238 8251
f 8204 8251 8252
f 8204 8252 8240
f 8204 8240 8225
f 8204 8225 8214
f 8204 8214 8208
f 8205 8209 8210
f 8206 8211 8219
f 8206 8219 8234
f 8206 8234 8221
f 8206 8221 8212
f 8206 8212 8207
f 8208 8214 8213
f 8209 8215 8210
f 8210 8216 8217
f 8210 8215 8216
f 8211 8218 8219
f 8211 8220 8218
f 8212 8221 8222
f 8212 8222 8223
f 8213 8214 8224
f 8214 8225 8226
f 8214 8226 8224
f 8215 8227 8216
f 8216 8228 8229
f 8216 8229 8230
f 8216 8230 8217
f 8216 8227 8231
f 8216 8231 8228
f 8218 8232 8222
f 8218 8222 8219
f 8218 8220 8233
f 8218 8233 8232
f 8219 8222 8234
f 8220 8235 8236
f 8220 8236 8233
f 8221 8234 8222
f 8222 8232 8237
f 8222 8237 8238
f 8222 8238 8223
f 8224 8226 8231
f 8225 8239 8226
f 8225 8240 8241
f 8225 8241 8242
f 8225 8242 8239
f 8226 8239 8243
f 8226 8243 8228
f 8226 8228 8231
f 8228 8243 8229
f 8229 8243 8239
f 8229 8239 8242
f 8229 8242 8244
f 8229 8244 8245
f 8229 8245 8246
f 8229 8246 8230
f 8232 8233 8236
f 8232 8236 8247
f 8232 8247 8237
f 8235 8248 8236
f 8236 8248 8249
f 8236 8249 8244
f 8236 8244 8247
f 8237 8247 8250
f 8237 8250 8238
f 8238 8250 8251
f 8240 8252 8241
f 8241 8252 8250
f 8241 8250 8242
f 8242 8250 8247
f 8242 8247 8244
f 8244 8249 8245
f 8250 8252 8251
f 8253 8254 8255
f 8253 8255 8256
f 8253 8256 8264
f 8253 8264 8263
f 8253 8263 8262
f 8253 8262 8261
f 8253 8261 8270
f 8253 8270 8281
f 8253 8281 8290
f 8253 8290 8302
f 8253 8302 8314
f 8253 8314 8318
f 8253 8318 8315
f 8253 8315 8307
f 8253 8307 8295
f 8253 8295 8291
f 8253 8291 8282
f 8253 8282 8271
f 8253 8271 8265
f 8253 8265 8257
f 8253 8257 8254
f 8254 8257 8258
f 8254 8258 8259
f 8254 8259 8255
f 8255 8259 8267
f 8255 8267 8276
f 8255 8276 8275
f 8255 8275 8274
f 8255 8274 8286
f 8255 8286 8294
f 8255 8294 8293
f 8255 8293 8306
f 8255 8306 8305
f 8255 8305 8317
f 8255 8317 8308
f 8255 8308 8296
f 8255 8296 8287
f 8255 8287 8279
f 8255 8279 8269
f 8255 8269 8260
f 8255 8260 8268
f 8255 8268 8277
f 8255 8277 8270
f 8255 8270 8261
f 8255 8261 8262
f 8255 8262 8263
f 8255 8263 8264
f 8255 8264 8256
f 8257 8265 8266
f 8257 8266 8258
f 8258 8266 8259
f 8259 8266 8267
f 8260 8269 8268
f 8265 8271 8266
f 8266 8271 8272
f 8266 8272 8273
f 8266 8273 8274
f 8266 8274 8275
f 8266 8275 8276
f 8266 8276 8267
f 8268 8269 8277
f 8269 8278 8270
f 8269 8270 8277
f 8269 8279 8289
f 8269 8289 8300
f 8269 8300 8312
f 8269 8312 8301
f 8269 8301 8290
f 8269 8290 8281
f 8269 8281 8280
f 8269 8280 8278
f 8270 8278 8280
f 8270 8280 8281
f 8271 8282 8283
f 8271 8283 8272
f 8272 8284 8273
f 8272 8283 8285
f 8272 8285 8284
f 8273 8286 8274
f 8273 8284 8286
f 8279 8287 8288
f 8279 8288 8289
f 8282 8291 8285
f 8282 8285 8283
f 8284 8285 8292
f 8284 8292 8293
f 8284 8293 8294
f 8284 8294 8286
f 8285 8291 8295
f 8285 8295 8292
f 8287 8296 8288
f 8288 8297 8298
f 8288 8298 8299
f 8288 8299 8300
f 8288 8300 8289
f 8288 8296 8297
f 8290 8301 8302
f 8292 8295 8303
f 8292 8303 8304
f 8292 8304 8305
f 8292 8305 8306
f 8292 8306 8293
f 8295 8307 8303
f 8296 8308 8297
f 8297 8309 8298
f 8297 8308 8309
f 8298 8310 8299
f 8298 8309 8310
f 8299 8310 8311
f 8299 8311 8300
f 8300 8311 8312
f 8301 8312 8311
f 8301 8311 8313
f 8301 8313 8302
f 8302 8313 8314
f 8303 8307 8315
f 8303 8315 8316
f 8303 8316 8310
f 8303 8310 8309
f 8303 8309 8304
f 8304 8309 8305
f 8305 8309 8317
f 8308 8317 8309
f 8310 8316 8313
f 8310 8313 8311
f 8313 8316 8314
f 8314 8316 8318
f 8315 8318 8316
f 8319 8320 8321
f 8319 8321 8325
f 8319 8325 8324
f 8319 8324 8332
f 8319 8332 8347
f 8319 8347 8346
f 8319 8346 8345
f 8319 8345 8368
f 8319 8368 8380
f 8319 8380 8384
f 8319 8384 8383
f 8319 8383 8382
f 8319 8382 8372
f 8319 8372 8353
f 8319 8353 8336
f 8319 8336 8328
f 8319 8328 8322
f 8319 8322 8327
f 8319 8327 8335
f 8319 8335 8348
f 8319 8348 8340
f 8319 8340 8339
f 8319 8339 8338
f 8319 8338 8337
f 8319 8337 8333
f 8319 8333 8329
f 8319 8329 8323
f 8319 8323 8320
f 8320 8323 8324
f 8320 8324 8325
f 8320 8325 8321
f 8322 8326 8327
f 8322 8328 8326
f 8323 8329 8324
f 8324 8330 8331
f 8324 8331 8332
f 8324 8329 8333
f 8324 8333 8330
f 8326 8328 8336
f 8326 8336 8354
f 8326 8354 8373
f 8326 8373 8379
f 8326 8379 8371
f 8326 8371 8369
f 8326 8369 8350
f 8326 8350 8334
f 8326 8334 8351
f 8326 8351 8370
f 8326 8370 8381
f 8326 8381 8385
f 8326 8385 8376
f 8326 8376 8375
f 8326 8375 8357
f 8326 8357 8356
f 8326 8356 8355
f 8326 8355 8362
f 8326 8362 8352
f 8326 8352 8335
f 8326 8335 8327
f 8330 8333 8337
f 8330 8337 8338
f 8330 8338 8339
f 8330 8339 8340
f 8330 8340 8331
f 8331 8341 8342
f 8331 8342 8343
f 8331 8343 8344
f 8331 8344 8345
f 8331 8345 8346
f 8331 8346 8347
f 8331 8347 8332
f 8331 8340 8348
f 8331 8348 8335
f 8331 8335 8349
f 8331 8349 8341
f 8334 8350 8351
f 8335 8352 8349
f 8336 8353 8354
f 8341 8355 8356
f 8341 8356 8357
f 8341 8357 8358
f 8341 8358 8359
f 8341 8359 8360
f 8341 8360 8342
f 8341 8349 8361
f 8341 8361 8352
f 8341 8352 8362
f 8341 8362 8355
f 8342 8360 8343
f 8343 8360 8363
f 8343 8363 8364
f 8343 8364 8365
f 8343 8365 8344
f 8344 8365 8366
f 8344 8366 8367
f 8344 8367 8368
f 8344 8368 8345
f 8349 8352 8361
f 8350 8369 8351
f 8351 8369 8371
f 8351 8371 8370
f 8353 8372 8354
f 8354 8372 8374
f 8354 8374 8373
f 8357 8375 8358
f 8358 8375 8376
f 8358 8376 8377
f 8358 8377 8359
f 8359 8378 8367
f 8359 8367 8363
f 8359 8363 8360
f 8359 8377 8378
f 8363 8367 8364
f 8364 8367 8366
f 8364 8366 8365
f 8367 8379 8373
f 8367 8373 8374
f 8367 8374 8380
f 8367 8380 8368
f 8367 8378 8379
f 8370 8378 8381
f 8370 8371 8379
f 8370 8379 8378
f 8372 8382 8374
f 8374 8382 8383
f 8374 8383 8384
f 8374 8384 8380
f 8376 8385 8377
f 8377 8385 8378
f 8378 8385 8381
f 8386 8387 8388
f 8386 8388 8393
f 8386 8393 8398
f 8386 8398 8403
f 8386 8403 8411
f 8386 8411 8414
f 8386 8414 8428
f 8386 8428 8431
f 8386 8431 8430
f 8386 8430 8432
f 8386 8432 8419
f 8386 8419 8407
f 8386 8407 8399
f 8386 8399 8394
f 8386 8394 8389
f 8386 8389 8395
f 8386 8395 8401
f 8386 8401 8408
f 8386 8408 8421
f 8386 8421 8435
f 8386 8435 8436
f 8386 8436 8422
f 8386 8422 8409
f 8386 8409 8402
f 8386 8402 8396
f 8386 8396 8392
f 8386 8392 8390
f 8386 8390 8387
f 8387 8390 8391
f 8387 8391 8388
f 8388 8391 8390
f 8388 8390 8392
f 8388 8392 8393
f 8389 8394 8395
f 8392 8396 8397
f 8392 8397 8393
f 8393 8397 8398
f 8394 8399 8406
f 8394 8406 8418
f 8394 8418 8429
f 8394 8429 8417
f 8394 8417 8416
f 8394 8416 8415
f 8394 8415 8425
f 8394 8425 8439
f 8394 8439 8440
f 8394 8440 8434
f 8394 8434 8433
f 8394 8433 8420
f 8394 8420 8408
f 8394 8408 8401
f 8394 8401 8400
f 8394 8400 8395
f 8395 8400 8401
f 8396 8402 8397
f 8397 8403 8398
f 8397 8402 8404
f 8397 8404 8405
f 8397 8405 8403
f 8399 8407 8406
f 8402 8409 8410
f 8402 8410 8404
f 8403 8405 8411
f 8404 8410 8412
f 8404 8412 8413
f 8404 8413 8405
f 8405 8414 8411
f 8405 8413 8415
f 8405 8415 8416
f 8405 8416 8417
f 8405 8417 8414
f 8406 8407 8419
f 8406 8419 8418
f 8408 8420 8421
f 8409 8422 8423
f 8409 8423 8412
f 8409 8412 8410
f 8412 8424 8425
f 8412 8425 8426
f 8412 8426 8413
f 8412 8423 8427
f 8412 8427 8424
f 8413 8426 8415
f 8414 8417 8428
f 8415 8426 8425
f 8417 8429 8430
f 8417 8430 8431
f 8417 8431 8428
f 8418 8419 8432
f 8418 8432 8429
f 8420 8433 8421
f 8421 8433 8434
f 8421 8434 8435
f 8422 8436 8437
f 8422 8437 8438
f 8422 8438 8423
f 8423 8438 8427
f 8424 8439 8425
f 8424 8427 8438
f 8424 8438 8439
f 8429 8432 8430
f 8434 8440 8441
f 8434 8441 8435
f 8435 8442 8436
f 8435 8441 8442
f 8436 8442 8441
f 8436 8441 8443
f 8436 8443 8437
f 8437 8443 8438
f 8438 8443 8439
f 8439 8443 8444
f 8439 8444 8440
f 8440 8444 8443
f 8440 8443 8441
f 8445 8446 8447
f 8445 8447 8448
f 8445 8448 8452
f 8445 8452 8462
f 8445 8462 8453
f 8445 8453 8449
f 8445 8449 8454
f 8445 8454 8464
f 8445 8464 8470
f 8445 8470 8477
f 8445 8477 8480
f 8445 8480 8479
f 8445 8479 8488
f 8445 8488 8481
f 8445 8481 8473
f 8445 8473 8466
f 8445 8466 8455
f 8445 8455 8450
f 8445 8450 8446
f 8446 8450 8458
f 8446 8458 8459
f 8446 8459 8451
f 8446 8451 8447
f 8447 8451 8460
f 8447 8460 8457
f 8447 8457 8456
f 8447 8456 8468
f 8447 8468 8476
f 8447 8476 8485
f 8447 8485 8484
f 8447 8484 8486
f 8447 8486 8478
f 8447 8478 8471
f 8447 8471 8465
f 8447 8465 8461
f 8447 8461 8452
f 8447 8452 8448
f 8449 8453 8454
f 8450 8455 8456
f 8450 8456 8457
f 8450 8457 8458
f 8451 8459 8460
f 8452 8461 8462
f 8453 8462 8463
f 8453 8463 8454
f 8454 8463 8465
f 8454 8465 8464
f 8455 8466 8467
f 8455 8467 8456
f 8456 8467 8468
f 8457 8460 8458
f 8458 8460 8459
f 8461 8465 8469
f 8461 8469 8462
f 8462 8469 8463
f 8463 8469 8465
f 8464 8465 8470
f 8465 8471 8472
f 8465 8472 8470
f 8466 8473 8474
f 8466 8474 8475
f 8466 8475 8468
f 8466 8468 8467
f 8468 8475 8474
f 8468 8474 8476
f 8470 8472 8477
f 8471 8478 8479
f 8471 8479 8480
f 8471 8480 8472
f 8472 8480 8477
f 8473 8481 8474
f 8474 8481 8482
f 8474 8482 8483
f 8474 8483 8484
f 8474 8484 8485
f 8474 8485 8476
f 8478 8486 8487
f 8478 8487 8483
f 8478 8483 8479
f 8479 8483 8482
f 8479 8482 8488
f 8481 8488 8482
f 8483 8487 8486
f 8483 8486 8484
f 8489 8490 8497
f 8489 8497 8503
f 8489 8503 8499
f 8489 8499 8491
f 8489 8491 8492
f 8489 8492 8493
f 8489 8493 8494
f 8489 8494 8495
f 8489 8495 8496
f 8489 8496 8502
f 8489 8502 8507
f 8489 8507 8513
f 8489 8513 8521
f 8489 8521 8528
f 8489 8528 8534
f 8489 8534 8533
f 8489 8533 8529
f 8489 8529 8522
f 8489 8522 8515
f 8489 8515 8509
f 8489 8509 8505
f 8489 8505 8498
f 8489 8498 8490
f 8490 8498 8497
f 8491 8499 8500
f 8491 8500 8492
f 8492 8500 8493
f 8493 8500 8503
f 8493 8503 8497
f 8493 8497 8504
f 8493 8504 8508
f 8493 8508 8516
f 8493 8516 8524
f 8493 8524 8530
f 8493 8530 8535
f 8493 8535 8536
f 8493 8536 8531
f 8493 8531 8525
f 8493 8525 8518
f 8493 8518 8511
f 8493 8511 8506
f 8493 8506 8501
f 8493 8501 8495
f 8493 8495 8494
f 8495 8501 8502
f 8495 8502 8496
f 8497 8498 8504
f 8498 8505 8510
f 8498 8510 8517
f 8498 8517 8514
f 8498 8514 8508
f 8498 8508 8504
f 8499 8503 8500
f 8501 8506 8507
f 8501 8507 8502
f 8505 8509 8510
f 8506 8511 8512
f 8506 8512 8513
f 8506 8513 8507
f 8508 8514 8509
f 8508 8509 8515
f 8508 8515 8516
f 8509 8514 8517
f 8509 8517 8510
f 8511 8518 8519
f 8511 8519 8512
f 8512 8519 8520
f 8512 8520 8513
f 8513 8520 8521
f 8515 8522 8516
f 8516 8523 8524
f 8516 8522 8523
f 8518 8525 8520
f 8518 8520 8519
f 8520 8525 8526
f 8520 8526 8527
f 8520 8527 8528
f 8520 8528 8521
f 8522 8529 8523
f 8523 8529 8530
f 8523 8530 8524
f 8525 8531 8526
f 8526 8531 8532
f 8526 8532 8527
f 8527 8532 8533
f 8527 8533 8534
f 8527 8534 8528
f 8529 8533 8532
f 8529 8532 8535
f 8529 8535 8530
f 8531 8536 8532
f 8532 8536 8535

