# https://github.com/mikedh/trimesh
v 0.00910815 0.02250320 -0.02793854
v 0.00910815 0.02250320 -0.03946988
v 0.00871363 0.02250320 -0.02793299
v 0.00910815 0.01375250 -0.02738685
v 0.00910815 0.01801152 -0.03962374
v 0.00287191 0.02250320 -0.03971800
v -0.01451483 0.01456353 -0.02738685
v -0.01333126 0.01457905 -0.02738685
v -0.00706040 0.01464331 -0.02738685
v 0.00649184 0.01392757 -0.02738685
v 0.00784152 0.02250320 -0.02793715
v -0.05425099 0.01385222 -0.02738685
v -0.05343426 0.01388325 -0.02738685
v -0.05301205 0.01389654 -0.02738685
v 0.00910815 0.00216099 -0.02738685
v 0.00910815 0.01796277 -0.03962513
v 0.00163296 0.01418239 -0.03998275
v -0.05052724 0.01790959 -0.04153524
v 0.00163296 0.02250320 -0.03975681
v -0.04183387 0.02250320 -0.02834190
v -0.05452093 0.01382120 -0.02738685
v 0.00908739 0.00215877 -0.02738685
v 0.00910815 0.00211002 -0.03275678
v 0.00910815 0.01169834 -0.03973602
v 0.00660258 0.01294148 -0.03982335
v 0.00163296 0.01294148 -0.04001464
v -0.04928138 0.01666645 -0.04149504
v -0.05052724 0.01666645 -0.04152692
v -0.05673580 0.01045964 -0.04154633
v -0.05673580 0.01169834 -0.04153524
v -0.05176619 0.01790959 -0.04152276
v -0.05052724 0.01915050 -0.04148534
v -0.04431868 0.02250320 -0.04116791
v -0.00582146 0.00921650 -0.04025860
v -0.04231838 0.02250320 -0.02835715
v -0.05535843 0.01369711 -0.02738685
v 0.00908739 0.00210781 -0.03277757
v 0.00163296 0.00151172 -0.02738685
v 0.00910815 0.00211002 -0.03277757
v 0.00910815 0.01167840 -0.03973602
v 0.00910815 0.01043970 -0.03973325
v -0.00582146 0.00797558 -0.04023503
v -0.04928138 0.00797558 -0.04126078
v -0.04928138 0.00673245 -0.04119424
v -0.05052724 0.00673245 -0.04121226
v -0.05673580 0.00921650 -0.04146177
v -0.05797474 0.01045964 -0.04148395
v -0.05797474 0.01169834 -0.04148118
v -0.05176619 0.01915050 -0.04144375
v -0.05052724 0.02039364 -0.04137029
v -0.04804243 0.02250320 -0.04120672
v 0.00910815 0.00673245 -0.03969860
v -0.04291362 0.02250320 -0.02837656
v -0.05922061 0.01289937 -0.02738685
v 0.00910815 0.00214769 -0.03310609
v 0.00080931 0.00144081 -0.02738685
v -0.00042964 0.00133666 -0.02738685
v -0.00085185 0.00130121 -0.02738685
v -0.00252684 0.00116382 -0.02738685
v -0.00276217 0.00114609 -0.02738685
v -0.00457560 0.00101979 -0.02738685
v -0.00582146 0.00093558 -0.02738685
v -0.00706040 0.00085359 -0.02738685
v -0.01160781 0.00055444 -0.02738685
v -0.01285368 0.00047467 -0.02738685
v -0.01326896 0.00047245 -0.02780963
v -0.01326896 0.00054115 -0.02905161
v -0.01451483 0.00067632 -0.03277757
v -0.01699964 0.00063422 -0.03401956
v -0.01948444 0.00060098 -0.03526016
v 0.00910815 0.00599676 -0.03965562
v -0.00582146 0.00673245 -0.04014909
v -0.04614595 0.00362572 -0.04085048
v -0.04679657 0.00362129 -0.04085048
v -0.04746103 0.00362129 -0.04085048
v -0.05301205 0.00549153 -0.04104454
v -0.05673580 0.00797558 -0.04130652
v -0.05797474 0.00921650 -0.04136058
v -0.05922061 0.01045964 -0.04127187
v -0.05922061 0.01169834 -0.04127325
v -0.05797474 0.01294148 -0.04137721
v -0.05187693 0.02050444 -0.04114434
v -0.04928138 0.02250320 -0.04115682
v -0.04334968 0.02250320 -0.02839319
v -0.06049416 0.01260909 -0.02738685
v 0.00910815 0.00226957 -0.03409441
v -0.02072339 0.00066967 -0.03650214
v -0.01326896 0.00045029 -0.02738685
v -0.01409262 0.00040598 -0.02738685
v -0.01451483 0.00040598 -0.02780963
v -0.01451483 0.00053893 -0.03029360
v -0.01575377 0.00060762 -0.03277757
v -0.01823858 0.00056331 -0.03401956
v -0.02072339 0.00053450 -0.03526016
v -0.02196925 0.00059433 -0.03650214
v 0.00910815 0.00537630 -0.03931186
v 0.00262273 0.00482675 -0.03963622
v -0.02444714 0.00300747 -0.04014216
v -0.02940983 0.00300747 -0.04029187
v -0.04566145 0.00312935 -0.04062454
v -0.04679657 0.00300082 -0.04057048
v -0.04793861 0.00312714 -0.04059127
v -0.04928138 0.00300747 -0.04045543
v -0.05494314 0.00483118 -0.04086434
v -0.05425099 0.00479794 -0.04088375
v -0.05425099 0.00549153 -0.04101405
v -0.05680502 0.00664159 -0.04103345
v -0.05809241 0.00786700 -0.04108613
v -0.05926214 0.00919878 -0.04106117
v -0.05994044 0.00959986 -0.04092395
v -0.06001658 0.01045964 -0.04097939
v -0.06001658 0.01169834 -0.04098216
v -0.05993352 0.01244511 -0.04092672
v -0.05919984 0.01289272 -0.04108058
v -0.05270058 0.02016318 -0.04100989
v -0.05153778 0.02134427 -0.04098632
v -0.05029191 0.02250320 -0.04098355
v -0.04417333 0.02250320 -0.02844725
v -0.06081254 0.01247835 -0.02738685
v -0.04431868 0.02250320 -0.02845696
v -0.04717033 0.02250320 -0.02864824
v -0.04841619 0.02250320 -0.02873973
v 0.00910815 0.00227622 -0.03412352
v -0.02072339 0.00094666 -0.03768868
v -0.01451483 0.00038603 -0.02738685
v -0.02444714 0.00019324 -0.03277757
v -0.02444714 0.00025529 -0.03401956
v -0.02320820 0.00031512 -0.03401956
v -0.02196925 0.00047023 -0.03526016
v -0.02196925 0.00090234 -0.03769284
v -0.02320820 0.00041262 -0.03526016
v -0.02444714 0.00037495 -0.03526016
v -0.02320820 0.00056552 -0.03650214
v 0.00910815 0.00536079 -0.03930216
v 0.00910815 0.00451873 -0.03869087
v -0.01891688 0.00239809 -0.03960295
v -0.01974054 0.00235377 -0.03962929
v -0.02320820 0.00300747 -0.04009919
v -0.02072339 0.00232275 -0.03965424
v -0.02320820 0.00226735 -0.03971107
v -0.02817089 0.00221639 -0.03979147
v -0.02940983 0.00220087 -0.03980255
v -0.02444714 0.00224963 -0.03973602
v -0.02569300 0.00223855 -0.03975820
v -0.02692503 0.00222968 -0.03977760
v -0.04183387 0.00208122 -0.03992731
v -0.04555763 0.00209008 -0.03995780
v -0.04679657 0.00211002 -0.03994948
v -0.04804243 0.00216764 -0.03992038
v -0.04928138 0.00223190 -0.03987602
v -0.05052724 0.00300747 -0.04034731
v -0.05540688 0.00435033 -0.04042909
v -0.05576680 0.00510153 -0.04075345
v -0.05726875 0.00616739 -0.04082830
v -0.05643818 0.00593028 -0.04091286
v -0.05144780 0.00232497 -0.03968612
v -0.05775326 0.00699614 -0.04096415
v -0.05857691 0.00737950 -0.04084217
v -0.05969819 0.00877110 -0.04079088
v -0.06020346 0.00797558 -0.03998968
v -0.06047340 0.00926969 -0.04021008
v -0.06109633 0.00977048 -0.03962790
v -0.06063951 0.01045964 -0.04032790
v -0.06115170 0.01137260 -0.03971800
v -0.06070180 0.01175152 -0.04016988
v -0.06104788 0.01219914 -0.03948236
v -0.06017577 0.01289272 -0.04017681
v -0.05960129 0.01327387 -0.04055662
v -0.05877071 0.01375472 -0.04097662
v -0.05236143 0.02099194 -0.04083523
v -0.05104635 0.02217303 -0.04079781
v -0.05091484 0.02250320 -0.04066612
v -0.06111017 0.01234539 -0.02738685
v -0.04965514 0.02250320 -0.02889775
v 0.00910815 0.00229173 -0.03418589
v -0.02072339 0.00116604 -0.03830968
v 0.00910815 0.00296980 -0.03650214
v 0.00910815 0.00296315 -0.03648274
v 0.00910815 0.00257094 -0.03520610
v 0.00910815 0.00252440 -0.03504669
v 0.00910815 0.00239588 -0.03460312
v -0.01533156 0.00035058 -0.02738685
v -0.02605292 -0.00011034 -0.02742566
v -0.02569300 0.00015114 -0.03277757
v -0.02569300 0.00021984 -0.03401956
v -0.02320820 0.00090013 -0.03771225
v -0.02817089 0.00109513 -0.03843720
v -0.02692503 0.00110177 -0.03842334
v -0.02692503 0.00021097 -0.03401956
v -0.02940983 0.00019324 -0.03401956
v -0.03065570 0.00018438 -0.03401956
v -0.03189464 0.00017773 -0.03401956
v -0.03314050 0.00017109 -0.03401956
v -0.02569300 0.00037052 -0.03526016
v -0.03065570 0.00037052 -0.03526016
v -0.02444714 0.00056774 -0.03650214
v -0.02817089 0.00088240 -0.03774413
v -0.02692503 0.00088683 -0.03774413
v 0.00910815 0.00389828 -0.03807681
v -0.01938754 0.00192389 -0.03910810
v -0.02072339 0.00172445 -0.03898611
v -0.02196925 0.00229394 -0.03968196
v -0.02692503 0.00160922 -0.03904433
v -0.02817089 0.00159593 -0.03905820
v -0.02569300 0.00161809 -0.03901938
v -0.03934906 0.00111951 -0.03840532
v -0.04015888 0.00112837 -0.03839146
v -0.04555763 0.00160257 -0.03898611
v -0.04679657 0.00164911 -0.03898611
v -0.05052724 0.00227622 -0.03978731
v -0.05549686 0.00348390 -0.03977483
v -0.05616824 0.00359691 -0.03964869
v -0.05664582 0.00427942 -0.03991899
v -0.05680502 0.00550482 -0.04062731
v -0.05751792 0.00471374 -0.03976651
v -0.05809241 0.00664159 -0.04068137
v -0.05052724 0.00195491 -0.03898611
v -0.05182155 0.00212553 -0.03908037
v -0.05301205 0.00220309 -0.03876988
v -0.05227145 0.00242912 -0.03955721
v -0.05919984 0.00674796 -0.04004097
v -0.05997505 0.00717120 -0.03976236
v -0.05926214 0.00786700 -0.04065503
v -0.06101327 0.00894173 -0.03924255
v -0.06115170 0.00930071 -0.03889186
v -0.06130397 0.01045964 -0.03898611
v -0.06114478 0.01045964 -0.03970691
v -0.06124168 0.01175152 -0.03903602
v -0.06114478 0.01246062 -0.03865483
v -0.06076410 0.01290159 -0.03903602
v -0.05993352 0.01367273 -0.03972909
v -0.05244449 0.02230820 -0.03965701
v -0.05212610 0.02250320 -0.03974433
v -0.05171773 0.02250320 -0.04005761
v -0.05488777 0.01979312 -0.03208034
v -0.05614055 0.01855664 -0.03319896
v -0.06021730 0.01394529 -0.03277757
v -0.06124860 0.01257363 -0.03153558
v -0.06138703 0.01173380 -0.02738685
v -0.05055493 0.02250320 -0.02915973
v -0.05100482 0.02250320 -0.02929280
v -0.05148240 0.02250320 -0.02947023
v -0.05157238 0.02250320 -0.02958805
v -0.05200844 0.02250320 -0.03029221
v -0.05230606 0.02250320 -0.03143439
v -0.05235451 0.02250320 -0.03166727
v -0.05249294 0.02237025 -0.03176984
v -0.05369728 0.02108723 -0.03196945
v 0.00910815 0.00339969 -0.03745581
v -0.02565840 -0.00009483 -0.02738685
v -0.02603216 -0.00011034 -0.02738685
v -0.02692503 -0.00012806 -0.02738685
v -0.02692503 -0.00011920 -0.02762249
v -0.02692503 -0.00005051 -0.02905161
v -0.02692503 0.00006915 -0.03153558
v -0.02692503 0.00013120 -0.03277757
v -0.02940983 0.00010018 -0.03277757
v -0.03065570 0.00008466 -0.03277757
v -0.03189464 0.00007137 -0.03277757
v -0.03314050 0.00006029 -0.03277757
v -0.03437945 0.00017552 -0.03401956
v -0.03686426 0.00039268 -0.03526016
v -0.03810320 0.00062978 -0.03650214
v -0.03934906 0.00092229 -0.03774413
v -0.04058109 0.00098655 -0.03783839
v -0.04183387 0.00097547 -0.03760967
v -0.04679657 0.00110842 -0.03723403
v -0.05549686 0.00289003 -0.03774413
v -0.05629975 0.00351492 -0.03898611
v -0.05922061 0.00432816 -0.03650214
v -0.05987815 0.00483783 -0.03718551
v -0.05301205 0.00253991 -0.03939087
v -0.05380802 0.00230946 -0.03853977
v -0.05795398 0.00553363 -0.04003543
v -0.05998197 0.00593693 -0.03856057
v -0.05960129 0.00634466 -0.03938810
v -0.04749564 0.00113945 -0.03713700
v -0.04928138 0.00147627 -0.03774413
v -0.05052724 0.00160036 -0.03774413
v -0.05176619 0.00173332 -0.03774413
v -0.05301205 0.00196377 -0.03774413
v -0.06018269 0.00674796 -0.03897918
v -0.06108940 0.00734404 -0.03713422
v -0.06080562 0.00808195 -0.03889186
v -0.06077794 0.00684989 -0.03762631
v -0.06113785 0.00808195 -0.03762631
v -0.06130397 0.00921650 -0.03774413
v -0.06144240 0.01045964 -0.03774413
v -0.06136626 0.01169834 -0.03774413
v -0.06116554 0.01249607 -0.03774413
v -0.06081947 0.01311875 -0.03774413
v -0.06008579 0.01382785 -0.03898611
v -0.05326814 0.02160132 -0.03908453
v -0.05256908 0.02244116 -0.03898611
v -0.05250678 0.02250320 -0.03898611
v -0.05614055 0.01856107 -0.03401956
v -0.05731720 0.01724037 -0.03526016
v -0.05248602 0.02250320 -0.03277757
v -0.05263829 0.02250320 -0.03774413
v -0.06019654 0.01393643 -0.03774413
v -0.06083331 0.01319631 -0.03277757
v -0.06148393 0.01169834 -0.03153558
v -0.06140779 0.01169834 -0.02780963
v -0.06160159 0.01045964 -0.02738685
v -0.05239604 0.02250320 -0.03196529
v -0.02773484 -0.00013249 -0.02738685
v -0.02867616 -0.00009926 -0.02845834
v -0.02784558 -0.00009483 -0.02835577
v -0.03065570 0.00002484 -0.03153558
v -0.03437945 0.00006915 -0.03277757
v -0.02889072 -0.00009926 -0.02845834
v -0.03561839 0.00019103 -0.03401956
v -0.03810320 0.00040376 -0.03526016
v -0.03934906 0.00064086 -0.03650214
v -0.04058801 0.00066524 -0.03650214
v -0.04183387 0.00069183 -0.03650214
v -0.04307282 0.00073615 -0.03650214
v -0.04555763 0.00083586 -0.03650214
v -0.04679657 0.00092229 -0.03650214
v -0.05837619 0.00372100 -0.03526016
v -0.05922061 0.00409328 -0.03526016
v -0.05459707 0.00250224 -0.03774413
v -0.05998197 0.00473368 -0.03650214
v -0.06045263 0.00549153 -0.03650214
v -0.06012040 0.00550926 -0.03765819
v -0.05397413 0.00225406 -0.03774413
v -0.04832621 0.00116382 -0.03697205
v -0.05176619 0.00156934 -0.03650214
v -0.04930214 0.00121700 -0.03653541
v -0.05052724 0.00138542 -0.03650214
v -0.05176619 0.00143860 -0.03526016
v -0.05117786 0.00113501 -0.03347480
v -0.05301205 0.00185741 -0.03650214
v -0.06093021 0.00659727 -0.03650214
v -0.06108940 0.00609648 -0.03467243
v -0.06114478 0.00597460 -0.03401956
v -0.06130397 0.00673245 -0.03401956
v -0.06126244 0.00797558 -0.03650214
v -0.06141471 0.00921650 -0.03650214
v -0.06150469 0.01045964 -0.03650214
v -0.06153930 0.01045964 -0.03526016
v -0.05375957 0.02116478 -0.03873661
v -0.05261060 0.02250320 -0.03806155
v -0.05263829 0.02250320 -0.03777601
v -0.06150469 0.00921650 -0.03401956
v -0.06144240 0.00797558 -0.03277757
v -0.06137319 0.00673245 -0.03277757
v -0.06136626 0.00673245 -0.03153558
v -0.06122091 0.00549153 -0.02905161
v -0.06111017 0.00483562 -0.02738685
v -0.02877306 -0.00011698 -0.02738685
v -0.03314050 0.00002705 -0.03153558
v -0.02970053 -0.00009261 -0.02780963
v -0.03437945 0.00005808 -0.03153558
v -0.03561839 0.00010239 -0.03277757
v -0.03686426 0.00021984 -0.03401956
v -0.02907760 -0.00010591 -0.02780963
v -0.03934906 0.00043035 -0.03526016
v -0.04183387 0.00050791 -0.03526016
v -0.04431868 0.00059433 -0.03526016
v -0.04058801 0.00046580 -0.03526016
v -0.04555763 0.00064308 -0.03526016
v -0.04679657 0.00074501 -0.03526016
v -0.04890070 0.00111064 -0.03614313
v -0.05775326 0.00346839 -0.03526016
v -0.05851462 0.00366117 -0.03401956
v -0.05918600 0.00354151 -0.02738685
v -0.05959437 0.00376089 -0.02738685
v -0.06010656 0.00462288 -0.03526016
v -0.06077794 0.00535414 -0.03401956
v -0.06075025 0.00560676 -0.03515481
v -0.05301205 0.00176656 -0.03526016
v -0.05410564 0.00221860 -0.03650214
v -0.05472165 0.00243798 -0.03650214
v -0.05789861 0.00341299 -0.03401956
v -0.05049956 0.00123251 -0.03525322
v -0.05089408 0.00118155 -0.03430233
v -0.04930214 0.00105967 -0.03525322
v -0.05006350 0.00112172 -0.03483599
v -0.04804243 0.00089570 -0.03526016
v -0.04804243 0.00082700 -0.03401956
v -0.05052724 0.00104416 -0.03277757
v -0.05120554 0.00112615 -0.03277757
v -0.05797474 0.00305844 -0.02738685
v -0.05301205 0.00172223 -0.03401956
v -0.05166236 0.00130121 -0.03394055
v -0.06111017 0.00484448 -0.02982231
v -0.06120707 0.00584607 -0.03277757
v -0.06143548 0.00797558 -0.03401956
v -0.06136626 0.00797558 -0.03526016
v -0.06147701 0.00921650 -0.03526016
v -0.06113093 0.00482010 -0.02905161
v -0.06111709 0.00482453 -0.02780963
v -0.06089560 0.00464726 -0.02738685
v -0.02974899 -0.00009261 -0.02738685
v -0.03065570 -0.00005715 -0.02905161
v -0.03037884 -0.00007488 -0.02738685
v -0.03314050 0.00001597 -0.03029360
v -0.03561839 0.00009796 -0.03153558
v -0.03686426 0.00013785 -0.03029360
v -0.03810320 0.00018438 -0.03029360
v -0.03686426 0.00015779 -0.03277757
v -0.03934906 0.00030847 -0.03401956
v -0.04058801 0.00036609 -0.03401956
v -0.04183387 0.00042813 -0.03401956
v -0.04431868 0.00055223 -0.03401956
v -0.04555763 0.00061427 -0.03401956
v -0.04679657 0.00070513 -0.03401956
v -0.05796090 0.00335981 -0.03277757
v -0.05897144 0.00344180 -0.02738685
v -0.06021038 0.00414203 -0.02738685
v -0.05673580 0.00277701 -0.03029360
v -0.04804243 0.00069404 -0.02780963
v -0.04928138 0.00084251 -0.02905161
v -0.04928138 0.00081814 -0.02780963
v -0.05120554 0.00112394 -0.03153558
v -0.05673580 0.00271054 -0.02738685
v -0.03065570 -0.00006602 -0.02738685
v -0.03520311 0.00008245 -0.02738685
v -0.03810320 0.00017773 -0.02780963
v -0.03934906 0.00021984 -0.02780963
v -0.03934906 0.00022648 -0.02905161
v -0.04183387 0.00032620 -0.02780963
v -0.03934906 0.00028188 -0.03277757
v -0.04183387 0.00034614 -0.02905161
v -0.04307282 0.00038160 -0.02738685
v -0.04513542 0.00048575 -0.02738685
v -0.04555763 0.00051456 -0.02780963
v -0.04679657 0.00058103 -0.02738685
v -0.04679657 0.00061205 -0.02905161
v -0.04804243 0.00068518 -0.02738685
v -0.04885917 0.00076717 -0.02738685
v -0.04928138 0.00081814 -0.02738685
v -0.04995276 0.00094666 -0.02738685
v -0.05117094 0.00113280 -0.03075103
v -0.05026422 0.00101536 -0.02738685
v -0.03810320 0.00017773 -0.02738685
v -0.03934906 0.00021984 -0.02738685
v -0.04058801 0.00026637 -0.02738685
v -0.04058801 0.00026859 -0.02780963
v -0.04183387 0.00032177 -0.02738685
v -0.04555763 0.00050791 -0.02738685
v -0.01981963 0.04645042 0.02394091
v -0.01981963 0.02919248 0.02394091
v 0.00106610 0.02250542 0.02394091
v -0.01180396 0.02250542 0.02394091
v -0.00585560 0.02250542 0.02087999
v 0.00106610 0.02250542 0.02034685
v 0.00106610 0.03113087 0.02240282
v 0.00106610 0.02717910 0.02126293
v 0.00106610 0.02908935 0.02172357
v 0.00106610 0.03033161 0.02209759
v 0.00106610 0.03067850 0.02222511
v -0.00869789 0.04645042 0.02232735
v -0.00954239 0.04645042 0.02186336
v -0.01084699 0.04645042 0.02138264
v -0.00710702 0.04645042 0.02394091
v -0.00806195 0.04645042 0.02290883
v 0.00106610 0.03174965 0.02279023
v -0.00747100 0.04645042 0.02352785
v 0.00106610 0.03215279 0.02307390
v 0.00106610 0.03287002 0.02363901
v 0.00106610 0.03319816 0.02394091
v -0.01699370 0.04645042 0.02064836
v -0.01981963 0.04645042 0.02069112
v -0.01981963 0.04309165 0.02068182
v -0.01981963 0.04399169 0.02066695
v -0.00300774 0.02250546 0.02006609
v -0.01981963 0.04150719 0.02072198
v -0.01981963 0.04026494 0.02077700
v -0.01981963 0.03591002 0.02114990
v -0.01981963 0.03511311 0.02125252
v -0.01981963 0.03556079 0.02118820
v -0.00346317 0.02250542 0.02014868
v -0.00413795 0.02250542 0.02031859
v 0.00039335 0.02250542 0.02022899
v -0.00209025 0.02250546 0.02001685
v -0.01981963 0.04523395 0.02067588
v -0.01575249 0.04645042 0.02067253
v -0.00109327 0.02250546 0.02005212
v -0.00064147 0.02250546 0.02009304
v -0.01324146 0.04645042 0.02093687
v -0.01193483 0.04645042 0.02114284
v -0.01137864 0.04645042 0.02123988
v -0.00459395 0.02250542 0.02044611
v -0.01981963 0.03406774 0.02150570
v -0.01981963 0.03317472 0.02180536
v -0.01981963 0.03281611 0.02193028
v -0.01981963 0.03215045 0.02220875
v -0.01981963 0.03188325 0.02232772
v -0.00925612 0.02250542 0.02229724
v -0.01981963 0.03143323 0.02256864
v -0.01981963 0.03033161 0.02318618
v -0.01981963 0.03057771 0.02304341
v -0.01981963 0.02956047 0.02363381
v -0.01137046 0.02250542 0.02355573
v -0.01075701 0.02250542 0.02314974
v 0.00106610 0.02536260 0.02088519
v 0.00106610 0.02656735 0.02113020
v -0.01448266 0.04645042 0.02077998
v -0.01910767 0.01412656 0.01698920
v -0.01711816 0.01504515 0.01698920
v -0.01711816 0.01412656 0.01698920
v -0.05798092 0.01412656 0.01965021
v -0.05058947 0.02250542 0.01985394
v -0.02045275 0.02098728 0.02129098
v -0.01711816 0.02008509 0.02101881
v -0.04928331 0.02250542 0.01980418
v -0.04680075 0.02250542 0.01984461
v -0.04555947 0.02250542 0.01986794
v -0.04119985 0.02250542 0.01996592
v -0.04026565 0.02250542 0.01998925
v -0.03992397 0.02250542 0.02000480
v -0.03976395 0.02250542 0.02002502
v -0.03933577 0.02250542 0.02007945
v -0.01711816 0.01412656 0.03226782
v -0.05919625 0.01412656 0.01985550
v -0.05265682 0.02134078 0.01992548
v -0.05182209 0.02170739 0.01987416
v -0.05148042 0.02250542 0.01994570
v -0.02422849 0.02250542 0.02270158
v -0.01947962 0.02092577 0.02139829
v -0.03893354 0.02250542 0.02013389
v -0.03811179 0.02250542 0.02025053
v -0.01711816 0.02014743 0.02108258
v -0.01711816 0.01495575 0.03240624
v -0.02941851 0.01412656 0.03265507
v -0.05921788 0.01412656 0.01986638
v -0.05876375 0.01496231 0.01994570
v -0.05631579 0.01752288 0.01993637
v -0.05226757 0.02216833 0.02004368
v -0.05207727 0.02250542 0.02013389
v -0.02390844 0.02250542 0.02277312
v -0.02323806 0.02250542 0.02294419
v -0.02269310 0.02250542 0.02310905
v -0.01711816 0.02070678 0.02176066
v -0.01711816 0.01551510 0.03249488
v -0.02941851 0.01418479 0.03266285
v -0.03065979 0.01542653 0.03282926
v -0.03065979 0.01418479 0.03265663
v -0.03065979 0.01412656 0.03264729
v -0.01711816 0.01657230 0.03265818
v -0.01711816 0.01666908 0.03267218
v -0.05959415 0.01452434 0.02020698
v -0.06032076 0.01412656 0.02062223
v -0.05592221 0.01835043 0.02010745
v -0.05294660 0.02250542 0.02082130
v -0.02200975 0.02250542 0.02351030
v -0.01711816 0.02105782 0.02238120
v -0.03190106 0.01418479 0.03261619
v -0.01711816 0.01791082 0.03274527
v -0.03065979 0.01666908 0.03287592
v -0.03190106 0.01666908 0.03283703
v -0.05673531 0.01412656 0.03175926
v -0.05555458 0.01412656 0.03179969
v -0.03073764 0.01412656 0.03264574
v -0.06036833 0.01412656 0.02067200
v -0.05997907 0.01494837 0.02103592
v -0.05484961 0.02098810 0.02129564
v -0.05364293 0.02226757 0.02124121
v -0.05329260 0.02250542 0.02111679
v -0.02142155 0.02250542 0.02385867
v -0.01711816 0.02108570 0.02247140
v -0.03190106 0.01412656 0.03260686
v -0.01711816 0.01915174 0.03264263
v -0.03065979 0.01791082 0.03277327
v -0.04796851 0.02250542 0.03236113
v -0.04708187 0.02250542 0.03238135
v -0.05549403 0.01542653 0.03185257
v -0.05679587 0.01412656 0.03175615
v -0.06099546 0.01412656 0.02187419
v -0.05504856 0.02118494 0.02212458
v -0.05362995 0.02250542 0.02187419
v -0.02081172 0.02250542 0.02437656
v -0.01711816 0.02127352 0.02311527
v -0.01711816 0.01992516 0.03249488
v -0.04680075 0.02250542 0.03237980
v -0.04841398 0.02250542 0.03233314
v -0.04928331 0.02250542 0.03224915
v -0.04965958 0.02250542 0.03220405
v -0.05549403 0.01666908 0.03178414
v -0.05673531 0.01542653 0.03165506
v -0.05815392 0.01412656 0.03144043
v -0.06118143 0.01412656 0.02311527
v -0.05745759 0.01864077 0.02311527
v -0.05737974 0.01855466 0.02243408
v -0.05574921 0.02059770 0.02311527
v -0.05513073 0.02126614 0.02311527
v -0.05387648 0.02250542 0.02310283
v -0.05629416 0.01997683 0.02311527
v -0.02015864 0.02250542 0.02503754
v -0.01711816 0.02159913 0.02435790
v -0.01711816 0.02130633 0.02323969
v -0.01711816 0.02054603 0.03211385
v -0.03314235 0.02250542 0.03182302
v -0.03438363 0.02250542 0.03188212
v -0.04597035 0.02250542 0.03235180
v -0.05052892 0.02250542 0.03202364
v -0.05549403 0.01791082 0.03159285
v -0.05090086 0.02250542 0.03193966
v -0.05876375 0.01412656 0.03122270
v -0.06130253 0.01412656 0.02684005
v -0.05813229 0.01794117 0.02435790
v -0.05861237 0.01730554 0.02365649
v -0.05750949 0.01869983 0.02435790
v -0.05694724 0.01932070 0.02435790
v -0.05388945 0.02250542 0.02432213
v -0.05632444 0.01998749 0.02435790
v -0.01974777 0.02250542 0.02567829
v -0.01711816 0.02185010 0.02560675
v -0.01711816 0.02162784 0.02448076
v -0.01711816 0.02121447 0.03149331
v -0.02824643 0.02250542 0.03139222
v -0.05612116 0.01853497 0.03119004
v -0.05626389 0.01791082 0.03128802
v -0.05205565 0.02250542 0.03146532
v -0.05933465 0.01412656 0.03092565
v -0.06125063 0.01412656 0.02808269
v -0.05862535 0.01731784 0.02663010
v -0.05748354 0.01866866 0.02559742
v -0.05690399 0.01928953 0.02559742
v -0.05375538 0.02250542 0.02808269
v -0.01966559 0.02250542 0.02583537
v -0.01938879 0.02250542 0.02674829
v -0.01711816 0.02185912 0.02572961
v -0.01711816 0.02152941 0.03056639
v -0.02152968 0.02250542 0.03026157
v -0.02196650 0.02250542 0.03044819
v -0.02320346 0.02250542 0.03072347
v -0.02535732 0.02250542 0.03108118
v -0.02693162 0.02250542 0.03126003
v -0.02698785 0.02250542 0.03126625
v -0.05228487 0.02250542 0.03133468
v -0.05248815 0.02237993 0.03127402
v -0.05244922 0.02250542 0.03117605
v -0.05260060 0.02250542 0.03095676
v -0.05286875 0.02250542 0.03056639
v -0.05481068 0.02093889 0.02978722
v -0.05872915 0.01620651 0.03007027
v -0.06022993 0.01412656 0.03020869
v -0.06016938 0.01412656 0.03026157
v -0.06109061 0.01412656 0.02863790
v -0.05736244 0.01853579 0.02871411
v -0.05859939 0.01728913 0.02745748
v -0.05817122 0.01780338 0.02696292
v -0.05744462 0.01862519 0.02684005
v -0.05496206 0.02110867 0.02895828
v -0.05364293 0.02250542 0.02881986
v -0.05739272 0.01856778 0.02808269
v -0.01938014 0.02250542 0.02684005
v -0.01711816 0.02193376 0.02684005
v -0.01711816 0.02174594 0.02932376
v -0.02020190 0.02250542 0.02921645
v -0.02049600 0.02250542 0.02955393
v -0.02083335 0.02250542 0.02980277
v -0.05302445 0.02250542 0.03031444
v -0.05358238 0.02220277 0.02981988
v -0.05336613 0.02250542 0.02967524
v -0.05346560 0.02250542 0.02944040
v -0.05839180 0.01704554 0.02932376
v -0.06081813 0.01412656 0.02936731
v -0.06076623 0.01412656 0.02947151
v -0.05357805 0.02250542 0.02910292
v -0.05373808 0.02237337 0.02899250
v -0.01949259 0.02250542 0.02805780
v -0.01711816 0.02193048 0.02695203
v -0.01711816 0.02188783 0.02807957
v -0.00104685 0.05061522 -0.03525915
v -0.00104685 0.05065551 -0.03428854
v -0.00104685 0.05108524 -0.03635433
v 0.00585648 0.04893212 -0.03856661
v 0.00545699 0.04893212 -0.03774385
v 0.00466020 0.04893212 -0.03603399
v 0.00442972 0.04893212 -0.03527694
v 0.00442533 0.04893212 -0.03525915
v 0.00426070 0.04893212 -0.03401748
v 0.00437485 0.04893212 -0.03280593
v -0.00104685 0.05066894 -0.03401748
v -0.00104685 0.05132696 -0.03668289
v 0.00587185 0.04893212 -0.03857756
v 0.00437924 0.04893212 -0.03277718
v -0.00104685 0.05085247 -0.03357530
v 0.00462288 0.04893212 -0.03182437
v 0.00484238 0.04893212 -0.03120285
v 0.00521554 0.04893212 -0.03031576
v 0.00522651 0.04893212 -0.03029248
v 0.00573356 0.04893212 -0.02940812
v 0.00574673 0.04893212 -0.02938759
v -0.00104685 0.05175221 -0.03703335
v 0.00660498 0.04893212 -0.03903069
v -0.00104685 0.05120162 -0.03296884
v 0.00647109 0.04893212 -0.02878113
v -0.00104685 0.05244604 -0.03152046
v -0.00104685 0.05131800 -0.03279087
v -0.00104685 0.05205660 -0.03725512
v 0.00663352 0.04893212 -0.03903890
v -0.00104685 0.05261614 -0.03750017
v -0.00104685 0.05519899 -0.03854607
v -0.00104685 0.05641655 -0.03901563
v 0.00648865 0.04893212 -0.02876744
v -0.00104685 0.05369047 -0.03029522
v -0.00104685 0.05342188 -0.03054985
v -0.00104685 0.05318016 -0.03077984
v 0.00784736 0.04893212 -0.03931270
v -0.00104685 0.05765650 -0.03933324
v 0.00709447 0.04893212 -0.02838275
v -0.00104685 0.05447382 -0.02962579
v 0.01281249 0.05517213 -0.03957554
v 0.01405487 0.05393219 -0.03954406
v 0.00787590 0.04893212 -0.03931270
v -0.00104685 0.05890092 -0.03947698
v -0.00104685 0.05909788 -0.03949204
v -0.00104685 0.06015430 -0.03953585
v 0.00710984 0.04893212 -0.02837317
v -0.00104685 0.05474240 -0.02944919
v 0.01405487 0.05517213 -0.03957007
v 0.00412022 0.07876691 -0.03996571
v 0.01157011 0.08622002 -0.04016832
v 0.01405487 0.08994433 -0.04023403
v 0.01529725 0.05517213 -0.03954132
v 0.01529725 0.05393219 -0.03951394
v 0.01778201 0.04893212 -0.03913747
v 0.01653963 0.04893212 -0.03916211
v -0.00104685 0.07379818 -0.03973024
v 0.00287784 0.07752697 -0.03991642
v 0.01173035 0.04893212 -0.02624851
v -0.00104685 0.05619274 -0.02861822
v -0.00104685 0.05609873 -0.02866887
v -0.00104685 0.05494832 -0.02932188
v 0.00287784 0.07876691 -0.03992190
v 0.00536260 0.08125128 -0.03999719
v 0.01032773 0.08622002 -0.04013409
v 0.01281249 0.08994433 -0.04018474
v 0.01405487 0.09118876 -0.04015052
v 0.01529725 0.09118876 -0.04010397
v 0.01529725 0.08994433 -0.04014367
v 0.01653963 0.05517213 -0.03942769
v 0.01902220 0.04893212 -0.03905944
v -0.00104685 0.07503813 -0.03971929
v -0.00084710 0.07504260 -0.03973161
v 0.02076065 0.04893212 -0.02624851
v 0.01172816 0.04896345 -0.02624851
v -0.00104685 0.07360122 -0.02666058
v -0.00104685 0.07255823 -0.02666605
v -0.00104685 0.07235680 -0.02667153
v -0.00104685 0.07131829 -0.02670301
v -0.00104685 0.07112133 -0.02670986
v -0.00104685 0.07007834 -0.02675914
v -0.00104685 0.06988138 -0.02676873
v -0.00104685 0.06883392 -0.02683444
v -0.00104685 0.06863696 -0.02685223
v -0.00104685 0.05890092 -0.02792004
v -0.00104685 0.05869949 -0.02794331
v -0.00104685 0.05765650 -0.02811854
v -0.00104685 0.05747297 -0.02816098
v -0.00104685 0.05679704 -0.02834442
v -0.00104685 0.05668514 -0.02838823
v -0.00104685 0.07621540 -0.03966863
v 0.00163766 0.07876691 -0.03980554
v 0.00536260 0.08249571 -0.03996023
v 0.01281249 0.09118876 -0.04005332
v 0.01405487 0.09238394 -0.03983702
v 0.01529067 0.09254509 -0.03978910
v 0.01653963 0.09118876 -0.03992190
v 0.01645183 0.09245108 -0.03971929
v 0.01735179 0.09204821 -0.03965905
v 0.01653963 0.08994433 -0.03992190
v 0.02021848 0.04893212 -0.03868434
v 0.01747252 0.09118876 -0.03970423
v 0.02121941 0.04893212 -0.03650218
v 0.02132916 0.05393219 -0.03650218
v 0.02137745 0.05890092 -0.03650218
v 0.02099113 0.09118876 -0.02624851
v 0.01171060 0.04928127 -0.02624851
v 0.01078649 0.09142600 -0.02624851
v 0.01085454 0.09262566 -0.02624851
v 0.01092039 0.09314491 -0.02624851
v -0.00104685 0.07379818 -0.02666194
v 0.01157670 0.05176564 -0.02624851
v -0.00104685 0.07646160 -0.03963989
v -0.00048492 0.07725391 -0.03964536
v 0.00068283 0.07876691 -0.03966863
v 0.00409827 0.08251361 -0.03975762
v 0.01157011 0.09116190 -0.03978500
v 0.01198278 0.09197211 -0.03968506
v 0.01281249 0.09220488 -0.03977131
v 0.00329490 0.08211074 -0.03967411
v 0.01405487 0.09300615 -0.03958513
v 0.01487142 0.09303748 -0.03960019
v 0.01570114 0.09306434 -0.03961388
v 0.01597991 0.09306434 -0.03961388
v 0.01680962 0.09287634 -0.03956733
v 0.01777104 0.09245108 -0.03947972
v 0.01809151 0.09118876 -0.03950436
v 0.02021848 0.04896345 -0.03868434
v 0.02087260 0.05144782 -0.03834894
v 0.02086162 0.05020340 -0.03832977
v 0.02083967 0.04896345 -0.03829007
v 0.02083748 0.04893212 -0.03828870
v 0.02107674 0.04893212 -0.03766856
v 0.02110088 0.05020340 -0.03770825
v 0.02116234 0.05393219 -0.03763844
v 0.02127429 0.08994433 -0.03650218
v 0.02132477 0.08994433 -0.03525915
v 0.02129185 0.08994433 -0.03401748
v 0.02109649 0.09118876 -0.02905082
v 0.02096479 0.09222279 -0.02780915
v 0.02092089 0.09201240 -0.02624851
v 0.01138354 0.09376713 -0.02624851
v -0.00104685 0.07925931 -0.02859495
v -0.00104685 0.07865501 -0.02804735
v -0.00104685 0.07852519 -0.02795152
v -0.00104685 0.07779107 -0.02743679
v -0.00104685 0.07759411 -0.02730263
v -0.00104685 0.07715543 -0.02712877
v -0.00104685 0.07705695 -0.02710412
v -0.00104685 0.07608559 -0.02687824
v -0.00104685 0.07484117 -0.02670301
v -0.00104685 0.07726734 -0.03951668
v -0.00018640 0.07808203 -0.03960019
v 0.00094623 0.07945627 -0.03962620
v 0.00960338 0.08947432 -0.03965358
v 0.01115526 0.09155582 -0.03949751
v 0.01150865 0.09246899 -0.03906355
v 0.01186205 0.09329711 -0.03862821
v 0.01281249 0.09282710 -0.03947835
v 0.00366805 0.08293886 -0.03954680
v 0.00485994 0.08425043 -0.03957418
v 0.01281249 0.09349407 -0.03885683
v 0.01405487 0.09361046 -0.03896498
v 0.01553871 0.09434457 -0.03844066
v 0.01653963 0.09434457 -0.03844340
v 0.01778201 0.09434010 -0.03842560
v 0.01849100 0.09433562 -0.03841602
v 0.01778201 0.09367312 -0.03893623
v 0.01895196 0.09363283 -0.03863095
v 0.01902220 0.09242870 -0.03902111
v 0.01902220 0.09118876 -0.03907997
v 0.02080894 0.06510960 -0.03826954
v 0.02105479 0.08994433 -0.03747690
v 0.02113600 0.06014087 -0.03764118
v 0.02000118 0.09118876 -0.03856113
v 0.02084406 0.04893212 -0.03827501
v 0.02104162 0.09118876 -0.03745499
v 0.02125453 0.09118876 -0.03650218
v 0.02130941 0.09118876 -0.03525915
v 0.02128307 0.09118876 -0.03401748
v 0.02100650 0.09224965 -0.02905082
v 0.02084406 0.09284500 -0.02780915
v 0.02079577 0.09263461 -0.02624851
v 0.01200473 0.09437143 -0.02624851
v 0.00991288 0.09283157 -0.03153552
v 0.00998092 0.09274205 -0.03029248
v -0.00104685 0.08043659 -0.03153552
v -0.00104685 0.08024858 -0.03028564
v -0.00104685 0.07980095 -0.02924932
v -0.00104685 0.07948313 -0.02885642
v -0.00104685 0.07760307 -0.03939073
v -0.00087783 0.07761202 -0.03947698
v 0.00006164 0.07876691 -0.03949341
v 0.00246738 0.08157806 -0.03951941
v 0.00996556 0.09030244 -0.03947972
v 0.01065260 0.09213774 -0.03866928
v 0.01160962 0.09366417 -0.03768224
v 0.01218691 0.09429534 -0.03712918
v 0.01281249 0.09411181 -0.03790402
v 0.01103453 0.09296586 -0.03823394
v -0.00089100 0.07880720 -0.03890885
v 0.00288004 0.08251361 -0.03927711
v 0.00409827 0.08379384 -0.03934966
v 0.01405487 0.09423267 -0.03819698
v 0.01471118 0.09428638 -0.03834757
v 0.01405487 0.09443410 -0.03757683
v 0.01519409 0.09444306 -0.03785747
v 0.01653963 0.09448781 -0.03774385
v 0.01778201 0.09449229 -0.03774385
v 0.01877416 0.09439381 -0.03774385
v 0.01963680 0.09429086 -0.03710727
v 0.01939535 0.09408495 -0.03774385
v 0.02025141 0.09342245 -0.03768909
v 0.01982777 0.09319415 -0.03845024
v 0.01996386 0.09242870 -0.03852827
v 0.02062676 0.08994433 -0.03809705
v 0.02062237 0.09118876 -0.03807651
v 0.02058505 0.09242870 -0.03799437
v 0.02098674 0.09242870 -0.03737286
v 0.02112942 0.09242870 -0.03650218
v 0.02115576 0.09242870 -0.03525915
v 0.02096040 0.09317625 -0.03525915
v 0.02088138 0.09303301 -0.03116179
v 0.02017458 0.09361941 -0.02624851
v 0.01259519 0.09442963 -0.02624851
v 0.01281249 0.09451020 -0.03525915
v 0.01207936 0.09434905 -0.03525915
v 0.01145817 0.09398199 -0.03525915
v 0.01147134 0.09399542 -0.03401748
v 0.01053187 0.09338664 -0.03153552
v 0.00991507 0.09285395 -0.03277718
v 0.00688814 0.08963994 -0.03525915
v 0.00750714 0.09028006 -0.03401748
v 0.00694082 0.08965785 -0.03401748
v 0.00752909 0.09024425 -0.03277718
v -0.00104685 0.08044554 -0.03277718
v 0.00220397 0.08441605 -0.03525915
v -0.00104685 0.07873558 -0.03884862
v 0.00944973 0.09084855 -0.03865148
v -0.00050687 0.07971590 -0.03863506
v 0.00343099 0.08443396 -0.03844340
v 0.01079966 0.09320311 -0.03740708
v 0.01281249 0.09446096 -0.03650218
v 0.01405487 0.09463106 -0.03650218
v 0.01281249 0.09434905 -0.03728250
v 0.01068333 0.09330606 -0.03650218
v 0.01154377 0.09392828 -0.03650218
v 0.00622525 0.08783150 -0.03809841
v 0.00588502 0.08818961 -0.03727018
v 0.01778201 0.09455049 -0.03650218
v 0.01914293 0.09441620 -0.03661581
v 0.01972241 0.09433562 -0.03627904
v 0.02018775 0.09389246 -0.03661581
v 0.02092308 0.09311358 -0.03723869
v 0.02095601 0.09317625 -0.03650218
v 0.01972241 0.09433562 -0.03554800
v 0.02001435 0.09378056 -0.02624851
v 0.01281249 0.09444753 -0.02624851
v 0.01405487 0.09462659 -0.03525915
v 0.01059553 0.09335978 -0.03525915
v 0.01054724 0.09337768 -0.03401748
v 0.01053407 0.09337768 -0.03277718
v 0.00992824 0.09284948 -0.03401748
v 0.00931364 0.09222727 -0.03401748
v 0.00639426 0.08894163 -0.03650218
v 0.00579283 0.08831942 -0.03650218
v 0.00220397 0.08441158 -0.03601620
v 0.00935973 0.09217355 -0.03525915
v -0.00104685 0.08026649 -0.03525915
v -0.00104685 0.07896387 -0.03863643
v -0.00104685 0.07968457 -0.03790676
v -0.00015567 0.08054402 -0.03819561
v 0.01006433 0.09268833 -0.03650218
v 0.01529725 0.09464001 -0.03277718
v 0.01653963 0.09466239 -0.03401748
v 0.00997653 0.09279576 -0.03525915
v -0.00104685 0.07984571 -0.03760832
v 0.01778201 0.09456839 -0.03401748
v 0.01778201 0.09454153 -0.03029248
v 0.01944364 0.09424162 -0.02624851
v 0.01882245 0.09436248 -0.02624851
v 0.01529725 0.09459525 -0.02624851
v 0.01529725 0.09459973 -0.02656748
v -0.00104685 0.08017248 -0.03650218
v 0.01653963 0.09460868 -0.02624851
v 0.01778201 0.09449229 -0.02624851
v 0.01853710 0.09439829 -0.02624851
v -0.05207812 0.02250542 0.02013236
v -0.05059080 0.02250542 0.01985352
v -0.04556051 0.02250542 0.01986759
v -0.04928628 0.02250542 0.01980305
v -0.04307776 0.02412163 0.01978822
v -0.04026764 0.02250542 0.01998778
v -0.03992864 0.02250542 0.02000401
v -0.04183639 0.02412163 0.01983638
v -0.01982167 0.04150843 0.02072198
v -0.01982167 0.04309263 0.02068182
v -0.04307776 0.02536322 0.01973347
v -0.04431913 0.02536322 0.01968747
v -0.01982167 0.05020114 0.02055579
v -0.01982167 0.05764727 0.02088296
v -0.01982167 0.05516894 0.02072124
v -0.01982167 0.05641181 0.02078555
v -0.02072198 0.05516894 0.02071752
v -0.02693412 0.04771539 0.02040038
v -0.02693412 0.04895827 0.02045950
v -0.01982167 0.05871948 0.02107332
v -0.04990115 0.02473707 0.02001123
v -0.02030183 0.05847832 0.02114619
v -0.02516684 0.05342520 0.02118374
v -0.02880476 0.04958898 0.02124545
v -0.02233587 0.05677540 0.02146890
v -0.02270933 0.05717238 0.02229649
v -0.04122571 0.03593961 0.02123765
v -0.05243623 0.02355166 0.02119452
v -0.05123582 0.02483534 0.02114656
v -0.03641738 0.04108548 0.02111235
v -0.05039139 0.02440126 0.02014269
v -0.05169931 0.02402655 0.02091493
v -0.05329319 0.02250542 0.02111570
v -0.05362998 0.02250542 0.02187303
v -0.04506703 0.03233712 0.02224630
v -0.04516706 0.03244100 0.02311480
v -0.04109233 0.03703408 0.02311480
v -0.02874141 0.05076136 0.02311480
v -0.02284938 0.05733933 0.02394091
v -0.04147246 0.03663339 0.02394091
v -0.04617074 0.03135024 0.02394091
v -0.05269965 0.02386331 0.02311480
v -0.05388007 0.02250542 0.02311480
v -0.05388673 0.02250542 0.02394091
v -0.05294641 0.02250542 0.02082013
v -0.05109931 0.02342992 0.02002512
v -0.05027007 0.02390890 0.01992883
v -0.04777736 0.02627435 0.01991576
v -0.04685007 0.02665566 0.01982696
v -0.04556051 0.02660481 0.01968300
v -0.04431913 0.02660481 0.01969987
v -0.04556051 0.02536322 0.01968201
v -0.04680188 0.02536322 0.01971407
v -0.05062238 0.02296031 0.01987977
v -0.05148153 0.02250542 0.01994534
v -0.04928628 0.02287870 0.01978966
v -0.02132552 0.02250542 0.02394091
v -0.02422652 0.02250542 0.02270025
v -0.02268933 0.02250542 0.02310810
v -0.02142222 0.02250542 0.02385725
v -0.01982167 0.03406602 0.02150570
v -0.01982167 0.03511597 0.02125252
v -0.01982167 0.03591364 0.02114990
v -0.01982167 0.03556118 0.02118820
v -0.03892989 0.02250542 0.02013286
v -0.03810797 0.02250542 0.02024944
v -0.02390641 0.02250542 0.02277275
v -0.02323618 0.02250542 0.02294377
v -0.02196574 0.03530147 0.02095100
v -0.01982167 0.04026927 0.02077700
v -0.01982167 0.02919098 0.02394091
v -0.01982167 0.03188449 0.02232772
v -0.01982167 0.03281572 0.02193028
v -0.01982167 0.03057854 0.02304341
v -0.01982167 0.02956198 0.02363381
v -0.01982167 0.06039272 0.02394091
v -0.01982167 0.06040757 0.02311480
v -0.01982167 0.05945037 0.02150422
v -0.01982167 0.05996236 0.02201431
v -0.02025849 0.05970265 0.02227158
v -0.02224250 0.05792552 0.02311480
v -0.02281603 0.05730223 0.02311480
v -0.02227918 0.05796263 0.02394091
v 0.03092850 0.02208135 -0.00196323
v 0.03064198 0.02131239 -0.00296768
v 0.03136255 0.02250542 -0.00296768
v 0.03069330 0.02123111 -0.00420830
v 0.03018654 0.02039429 -0.00420830
v 0.02974659 0.01953796 -0.00545312
v 0.02969476 0.01962250 -0.00420830
v 0.02996417 0.02028121 -0.00289370
v 0.02963061 0.01970943 -0.00325934
v 0.02626480 0.01518460 -0.00545312
v 0.02608341 0.01518460 -0.00428303
v 0.02956647 0.01979212 -0.00243131
v 0.02990430 0.02054059 -0.00172564
v 0.03057997 0.02165517 -0.00161893
v 0.03017371 0.02250542 0.00200618
v 0.02962633 0.02094981 0.00030602
v 0.02317111 0.01528504 0.01025659
v 0.02985085 0.02250542 0.00308746
v 0.02835838 0.02250542 0.00757475
v 0.03112949 0.02250542 -0.00174840
v 0.03127702 0.02250542 -0.00249676
v 0.02681888 0.02250542 0.01025659
v 0.02752876 0.02250542 0.00929767
v 0.02811463 0.02250542 0.00820928
v 0.02358379 0.01603280 0.01025659
v 0.02404778 0.01691910 0.01025659
v 0.02740475 0.02250542 0.00949401
v 0.02480684 0.01843512 0.01025659
v 0.02703698 0.02250542 0.00998485
v 0.01062844 0.02250542 0.01025659
v 0.01031111 0.02250542 -0.01166343
v 0.00971116 0.02250542 0.00448315
v 0.00961921 0.01528504 0.01025659
v 0.01083859 0.01518460 -0.00917931
v 0.01094075 0.01518460 -0.00427969
v 0.02341891 0.01518460 -0.00427969
v 0.02573481 0.01528504 -0.00172564
v 0.02586738 0.01528504 -0.00247257
v 0.02640657 0.01518460 -0.00672699
v 0.02635237 0.01518460 -0.00618630
v 0.02926915 0.01891739 -0.00545312
v 0.02932336 0.01886507 -0.00669518
v 0.02980705 0.01944122 -0.00793724
v 0.02935463 0.01882064 -0.00793724
v 0.02937965 0.01879700 -0.00917931
v 0.02875835 0.01800013 -0.00917931
v 0.02824129 0.01741180 -0.00793724
v 0.02826422 0.01737884 -0.00917931
v 0.02821002 0.01745050 -0.00669518
v 0.02642534 0.01518460 -0.00793724
v 0.02824963 0.01739031 -0.01042137
v 0.02875209 0.01801088 -0.01042137
v 0.03082240 0.02101345 -0.01352653
v 0.02814747 0.01750210 -0.01166343
v 0.02963401 0.01971640 -0.01363366
v 0.02599376 0.01518460 -0.01166343
v 0.02622519 0.01518460 -0.01063731
v 0.02625855 0.01518460 -0.01044480
v 0.02638156 0.01518460 -0.00911737
v 0.02188650 0.01518460 -0.02137730
v 0.02548713 0.01518460 -0.01290382
v 0.02841642 0.01845088 -0.01363031
v 0.03018651 0.02250542 -0.01787542
v 0.03052218 0.02250542 -0.01691458
v 0.02899186 0.02250542 -0.01903713
v 0.03006558 0.02250542 -0.01806960
v 0.02921077 0.02250542 -0.01890657
v 0.02954019 0.02227754 -0.01844791
v 0.02323960 0.02250542 -0.02137730
v 0.01227926 0.02250542 -0.02137730
v 0.01225633 0.01518460 -0.02137730
v 0.01051960 0.02250542 -0.01285862
v 0.01038617 0.02250542 -0.01213548
v 0.01139317 0.01518460 -0.01443548
v 0.03153127 0.02250542 -0.01169356
v 0.03062017 0.02250542 -0.01662834
v 0.03161050 0.02250542 -0.01043309
v 0.03084325 0.02097834 -0.01290382
v 0.03084951 0.02096615 -0.01166343
v 0.03155629 0.02250542 -0.00767946
v 0.03146305 0.02250542 -0.00427801
v 0.03149166 0.02250542 -0.00505807
v 0.03025948 0.02039430 -0.00545312
v 0.02982582 0.01941758 -0.00917931
v 0.02982790 0.01943047 -0.01042137
v 0.02937339 0.01881061 -0.01042137
v -0.00104685 0.02250542 -0.03979135
v -0.00084742 0.02250542 -0.03979270
v -0.00104685 0.02250542 -0.02865938
v -0.00104685 0.02908881 -0.03998498
v -0.00047320 0.02250542 -0.03978866
v 0.00039399 0.02908881 -0.03997153
v 0.01167425 0.02250542 -0.02624851
v -0.00104685 0.02268132 -0.02864594
v -0.00104685 0.03033306 -0.03991909
v 0.00784694 0.04893212 -0.03931267
v 0.00787607 0.04893212 -0.03931267
v 0.00908835 0.04771891 -0.03935301
v 0.00039399 0.02250542 -0.03977791
v 0.00163765 0.02908881 -0.03994329
v 0.00163765 0.02250542 -0.03975774
v 0.01653905 0.04647466 -0.03924275
v 0.01778046 0.04647466 -0.03921855
v -0.00104685 0.02392298 -0.02856930
v -0.00104685 0.02288050 -0.02863249
v 0.02160777 0.02250542 -0.02624851
v 0.01155324 0.02412216 -0.02624851
v -0.00104685 0.03281638 -0.02808121
v -0.00104685 0.03157472 -0.02811616
v -0.00104685 0.03402959 -0.03962731
v 0.00663466 0.04893212 -0.03903972
v -0.00104685 0.03406839 -0.03962328
v -0.00104685 0.03449004 -0.03956277
v 0.01653905 0.04893212 -0.03916208
v 0.01653905 0.04771891 -0.03921183
v 0.01281258 0.02784715 -0.03950630
v 0.01778046 0.02250542 -0.03927234
v 0.01405399 0.02250542 -0.03940142
v 0.01778046 0.04523300 -0.03922931
v 0.01778046 0.04771891 -0.03918225
v 0.01902187 0.04893212 -0.03905854
v 0.01902187 0.04771891 -0.03907737
v 0.01902187 0.04647466 -0.03908947
v 0.02183185 0.02250542 -0.03277656
v 0.02162122 0.02278479 -0.02624851
v 0.01153084 0.02444034 -0.02624851
v -0.00104685 0.03405804 -0.02812558
v 0.01138070 0.02665981 -0.02624851
v 0.01131124 0.02782904 -0.02624851
v 0.01130003 0.02821189 -0.02624851
v 0.01125073 0.03033306 -0.02624851
v 0.01173027 0.04893212 -0.02624851
v 0.00660553 0.04893212 -0.03903031
v -0.00104685 0.03510311 -0.03945386
v -0.00104685 0.03526866 -0.03942427
v -0.00104685 0.03653102 -0.03919838
v -0.00104685 0.03673796 -0.03915805
v 0.01778046 0.04893212 -0.03913788
v 0.01902187 0.02536383 -0.03923334
v 0.01778046 0.02536383 -0.03928847
v 0.01902187 0.02412216 -0.03922124
v 0.01902187 0.02250542 -0.03919435
v 0.01905101 0.04893212 -0.03905048
v 0.02021847 0.04893212 -0.03868340
v 0.02026553 0.03902469 -0.03877483
v 0.02162570 0.02288050 -0.02624851
v 0.02183634 0.02250542 -0.03364517
v 0.02184306 0.02288050 -0.03401763
v 0.02183634 0.02288050 -0.03277656
v 0.02165259 0.02412216 -0.02624851
v -0.00104685 0.03529712 -0.02830038
v 0.02076075 0.04893212 -0.02624851
v 0.00710971 0.04893212 -0.02837298
v -0.00104685 0.03550924 -0.02834609
v 0.00587278 0.04893212 -0.03857852
v -0.00104685 0.03778044 -0.03892274
v -0.00104685 0.03797963 -0.03887164
v -0.00104685 0.03898848 -0.03855835
v -0.00104685 0.03909971 -0.03852339
v -0.00104685 0.03956533 -0.03833380
v 0.02026553 0.02660549 -0.03884475
v 0.02026553 0.02536383 -0.03883669
v 0.01939609 0.02250542 -0.03906796
v 0.02083917 0.04893212 -0.03828943
v 0.02091312 0.04478290 -0.03839296
v 0.02096914 0.03902469 -0.03845750
v 0.02183634 0.02250542 -0.03401763
v 0.02177807 0.02250542 -0.03526004
v 0.02184530 0.02412216 -0.03401763
v 0.02183410 0.02412216 -0.03277656
v 0.02165035 0.02536383 -0.02624851
v 0.02122011 0.04893212 -0.03650245
v 0.02083469 0.04768269 -0.02624851
v 0.00709403 0.04893212 -0.02838240
v -0.00104685 0.03649739 -0.02864056
v -0.00104685 0.03642496 -0.02861636
v -0.00104685 0.03631114 -0.02857871
v 0.00585486 0.04893212 -0.03856642
v -0.00104685 0.04029998 -0.03798824
v 0.02097811 0.02660549 -0.03845482
v 0.02054563 0.02250542 -0.03859062
v 0.02034844 0.02250542 -0.03870491
v 0.02107670 0.04893212 -0.03766823
v 0.02122908 0.03902469 -0.03774352
v 0.02128958 0.03281638 -0.03774352
v 0.02163690 0.02250542 -0.03650245
v 0.02177807 0.02288050 -0.03526004
v 0.02180272 0.02536383 -0.03277656
v 0.02157640 0.03405804 -0.03650245
v 0.02164139 0.02628731 -0.02624851
v 0.02089520 0.04722224 -0.02706738
v 0.02150470 0.03033306 -0.02624851
v 0.00648901 0.04893212 -0.02876695
v -0.00104685 0.03787357 -0.02920933
v -0.00104685 0.04290747 -0.03651993
v -0.00104685 0.04368092 -0.03604798
v -0.00104685 0.04436901 -0.03561233
v -0.00104685 0.04459147 -0.03539854
v -0.00104685 0.04491224 -0.03507180
v -0.00104685 0.04495104 -0.03501129
v 0.00545599 0.04893212 -0.03774352
v -0.00104685 0.04156234 -0.03733476
v 0.02129182 0.02660549 -0.03774352
v 0.02117530 0.02250542 -0.03782689
v 0.02091312 0.02250542 -0.03832842
v 0.02089071 0.02250542 -0.03837011
v 0.02085038 0.02250542 -0.03839700
v 0.00647108 0.04893212 -0.02878174
v -0.00104685 0.03862374 -0.02958447
v -0.00104685 0.03854613 -0.02954413
v -0.00104685 0.04498208 -0.03477195
v 0.00442522 0.04893212 -0.03526004
v 0.00442970 0.04893212 -0.03527752
v 0.00466050 0.04893212 -0.03603319
v 0.00466723 0.04893212 -0.03604798
v 0.00574506 0.04893212 -0.02938816
v -0.00104685 0.04079665 -0.03072335
v -0.00104685 0.04507520 -0.03401763
v 0.00426388 0.04893212 -0.03404721
v 0.00522743 0.04893212 -0.03029308
v -0.00104685 0.04495621 -0.03377425
v -0.00104685 0.04442333 -0.03297959
v -0.00104685 0.04405342 -0.03266496
v -0.00104685 0.04378181 -0.03247402
v -0.00104685 0.04302129 -0.03195635
v -0.00104685 0.04123640 -0.03096134
v 0.00521622 0.04893212 -0.03031594
v 0.00483753 0.04893212 -0.03121682
v 0.00462465 0.04893212 -0.03182324
v 0.00461793 0.04893212 -0.03184475
v 0.00437816 0.04893212 -0.03277656
v 0.00426164 0.04893212 -0.03401763
v 0.03267792 0.03755592 0.01630752
v 0.05876773 0.03796072 0.01630752
v 0.03267792 0.03797550 0.01668134
v 0.03267792 0.06774158 0.01630752
v 0.05963286 0.03799914 0.01630752
v 0.05965504 0.03952674 0.01760487
v 0.05876773 0.03816460 0.01647805
v 0.03267792 0.03876442 0.01729762
v 0.03267792 0.06757021 0.01644637
v 0.05876773 0.06712700 0.01641646
v 0.05876773 0.06724519 0.01630752
v 0.06003215 0.03806119 0.01630752
v 0.06000997 0.03820006 0.01645918
v 0.03267792 0.03938196 0.01763336
v 0.06065604 0.03837143 0.01632532
v 0.06048413 0.03985767 0.01741226
v 0.05943044 0.04208555 0.01878581
v 0.05876773 0.04197031 0.01883494
v 0.05876773 0.04134981 0.01854870
v 0.05876773 0.04026838 0.01799330
v 0.03267792 0.06754361 0.01646595
v 0.05817988 0.06573236 0.01752975
v 0.05945817 0.06703835 0.01634490
v 0.05866236 0.06622580 0.01710786
v 0.05900897 0.06566735 0.01748026
v 0.05946926 0.06706199 0.01630752
v 0.06064218 0.03834780 0.01630752
v 0.05752549 0.04194667 0.01885417
v 0.03267792 0.04025952 0.01796268
v 0.06065882 0.03836552 0.01630752
v 0.06066436 0.03838916 0.01630752
v 0.06072814 0.03902739 0.01654036
v 0.06067268 0.04068795 0.01757283
v 0.05953026 0.04275332 0.01884313
v 0.05876773 0.04275332 0.01901936
v 0.05752549 0.04275332 0.01910694
v 0.05812720 0.06573236 0.01752975
v 0.03267792 0.06205075 0.01880219
v 0.05790260 0.06330651 0.01880503
v 0.05876773 0.06332129 0.01880860
v 0.05876773 0.06394474 0.01849779
v 0.05866236 0.06519459 0.01780923
v 0.05967168 0.06483707 0.01777185
v 0.05971050 0.06634694 0.01660622
v 0.05992401 0.06636467 0.01630752
v 0.05941658 0.06328287 0.01878474
v 0.03267792 0.04150937 0.01830980
v 0.06077250 0.03902739 0.01630752
v 0.06078359 0.04027133 0.01696082
v 0.06084183 0.04150937 0.01690493
v 0.06068100 0.04150937 0.01760558
v 0.05963563 0.04523530 0.01892644
v 0.05960236 0.04399431 0.01889048
v 0.05876773 0.04399431 0.01916640
v 0.05752549 0.04399431 0.01932163
v 0.05628325 0.04399431 0.01933338
v 0.03267792 0.04647039 0.01958473
v 0.03267792 0.04523530 0.01933623
v 0.03267792 0.06138002 0.01905461
v 0.03268902 0.06138002 0.01905497
v 0.05628325 0.06256487 0.01905212
v 0.05750331 0.06271852 0.01901046
v 0.05628325 0.06138002 0.01942167
v 0.05876773 0.06262101 0.01900655
v 0.05995729 0.06372018 0.01808444
v 0.06050076 0.06415452 0.01730902
v 0.06012366 0.06521528 0.01698076
v 0.06046195 0.06549598 0.01630752
v 0.06065604 0.06332719 0.01756927
v 0.05956908 0.06262101 0.01885381
v 0.06019020 0.06262101 0.01830197
v 0.06086678 0.04026838 0.01630752
v 0.06091392 0.04210918 0.01630752
v 0.06098324 0.04523530 0.01630752
v 0.06088342 0.05144617 0.01690493
v 0.06029557 0.04896123 0.01825141
v 0.06028726 0.04647925 0.01822115
v 0.05966613 0.04647925 0.01895314
v 0.06072814 0.06138002 0.01775690
v 0.06030389 0.06138002 0.01837781
v 0.05876773 0.04523530 0.01923583
v 0.05752549 0.04523530 0.01938856
v 0.05628325 0.04772024 0.01958473
v 0.05504101 0.04647925 0.01957761
v 0.05504101 0.04523530 0.01946653
v 0.03267792 0.04772024 0.01974209
v 0.03267792 0.04647925 0.01958616
v 0.03267792 0.06137116 0.01905746
v 0.05752549 0.06138002 0.01937610
v 0.03267792 0.06013903 0.01942594
v 0.03267792 0.06013016 0.01942773
v 0.03267792 0.05889508 0.01966306
v 0.03267792 0.05888622 0.01966413
v 0.05628325 0.06013903 0.01955554
v 0.05876773 0.06138002 0.01918278
v 0.06071705 0.06476615 0.01648090
v 0.06073368 0.06484593 0.01630752
v 0.06078359 0.06379109 0.01689887
v 0.06070041 0.06262101 0.01768142
v 0.06091669 0.06262101 0.01690493
v 0.05968277 0.06138002 0.01891184
v 0.06100542 0.06197688 0.01630752
v 0.06091947 0.06138002 0.01690493
v 0.05876773 0.04647925 0.01926609
v 0.05967445 0.04896123 0.01894282
v 0.05876773 0.04896123 0.01927214
v 0.05752549 0.04772024 0.01946582
v 0.05752549 0.04647925 0.01942773
v 0.05504101 0.04772024 0.01963102
v 0.05628325 0.05641310 0.01969759
v 0.03267792 0.05020518 0.01989732
v 0.03267792 0.04897305 0.01983751
v 0.03267792 0.04782661 0.01975028
v 0.05628325 0.05889508 0.01963173
v 0.05752549 0.06013903 0.01945158
v 0.03267792 0.05764522 0.01979087
v 0.05504101 0.05889508 0.01964953
v 0.05752549 0.05765409 0.01952421
v 0.05752549 0.05641310 0.01955162
v 0.06090837 0.06382655 0.01630752
v 0.06100265 0.06262101 0.01630752
v 0.06097770 0.06322082 0.01630752
v 0.03267792 0.05268421 0.01994432
v 0.03267792 0.05144617 0.01993114
v 0.05628325 0.05765409 0.01968655
v 0.03267792 0.05354109 0.01994289
v 0.03267792 0.05640423 0.01986350
v 0.03267792 0.05528734 0.01990195
v 0.03267792 0.05392816 0.01993684
v 0.00605587 0.02250324 0.03307956
v 0.00605587 0.02232896 0.03307759
v 0.00605587 0.02250324 0.02108134
v -0.00494817 0.02250324 0.03269532
v -0.01711816 0.01915052 0.03264212
v -0.01699340 0.01790878 0.03274852
v 0.00605587 0.02039227 0.03304409
v 0.00605587 0.01431861 0.01294918
v 0.00536173 0.02250324 0.02097099
v -0.00581470 0.02250324 0.03266379
v -0.00705778 0.02250324 0.03260862
v -0.01711816 0.01984983 0.03251010
v -0.01711816 0.01790878 0.03274458
v -0.01711816 0.00526476 0.03228349
v 0.00536173 0.00457853 0.03262241
v 0.00605587 0.00508830 0.03264212
v 0.00605587 0.00175519 0.01294918
v -0.00056334 0.01524883 0.01294918
v 0.00039166 0.02250324 0.02023009
v -0.00836892 0.02250324 0.03250812
v -0.01711816 0.01992389 0.03249433
v -0.01711816 0.00444128 0.03224605
v 0.00605587 0.00459378 0.03262832
v -0.01711816 0.00432146 0.03218300
v -0.01711816 0.00324528 0.03153274
v -0.00829860 0.00321478 0.03151894
v 0.00605587 0.00176608 0.01387334
v 0.00565209 0.00170073 0.01294918
v -0.00184499 0.01537954 0.01294918
v -0.00064273 0.02250324 0.02009413
v -0.00865474 0.02250324 0.03247857
v -0.01711816 0.02054477 0.03211403
v -0.00901542 0.02250324 0.03244113
v -0.00906078 0.02250324 0.03243522
v -0.00990917 0.02250324 0.03228349
v 0.00605587 0.00431928 0.03235443
v 0.00411865 0.00399033 0.03208644
v -0.01711816 0.00318211 0.03145392
v -0.01326641 0.00217564 0.03021646
v -0.00954169 0.00261569 0.03076622
v 0.00411865 0.00345878 0.03146574
v 0.00605587 0.00178787 0.01511670
v 0.00536173 0.00166369 0.01294918
v -0.00109415 0.02250324 0.02005275
v -0.00313798 0.01546886 0.01294918
v -0.01711816 0.02121357 0.03149333
v -0.01115679 0.02250324 0.03192486
v 0.00536173 0.00395765 0.03200565
v 0.00605587 0.00397290 0.03193668
v -0.01711816 0.00262441 0.03073075
v -0.01326641 0.00180965 0.02932384
v -0.01202559 0.00217564 0.03021252
v -0.01450949 0.00221050 0.03021843
v 0.00536173 0.00318646 0.03056524
v 0.00605587 0.00322350 0.03056524
v 0.00536173 0.00351324 0.03138298
v -0.01078250 0.00221921 0.03021252
v 0.00605587 0.00180965 0.01635810
v 0.00536173 0.00168983 0.01442113
v 0.00513036 0.00164191 0.01294918
v -0.00148204 0.02250324 0.02003895
v -0.00434704 0.01552114 0.01294918
v -0.01711816 0.02152945 0.03056524
v -0.01226377 0.02250324 0.03146968
v 0.00605587 0.00377684 0.03166279
v -0.01711816 0.00259173 0.03066967
v -0.01450949 0.00187501 0.02932384
v -0.01450949 0.00159616 0.02808244
v -0.01326641 0.00158745 0.02808244
v -0.01202559 0.00183579 0.02932384
v -0.01711816 0.00232378 0.03011006
v 0.00605587 0.00355245 0.03131599
v 0.00605587 0.00285316 0.02932384
v 0.00605587 0.00183579 0.01759950
v 0.00536173 0.00171597 0.01566450
v 0.00411865 0.00155476 0.01317973
v 0.00411865 0.00155041 0.01294918
v -0.00209224 0.02250324 0.02001728
v -0.00455573 0.01552550 0.01294918
v -0.01711816 0.02174512 0.02932384
v -0.01242936 0.02250324 0.03132781
v -0.01265621 0.02250324 0.03111500
v -0.01711816 0.00230199 0.03002730
v -0.01711816 0.00212335 0.02932384
v -0.01711816 0.00152644 0.02683907
v -0.01711816 0.00125631 0.02565678
v -0.01711816 0.00123888 0.02557796
v -0.01711816 0.00113213 0.02504790
v -0.01699340 0.00112996 0.02505381
v -0.01621306 0.00113213 0.02505381
v 0.00605587 0.00262441 0.02753464
v 0.00605587 0.00267887 0.02808244
v 0.00605587 0.00277037 0.02877604
v 0.00605587 0.00185104 0.01814730
v 0.00536173 0.00174647 0.01690590
v -0.00117581 0.00111906 0.01294918
v 0.00024648 0.00123453 0.01294918
v 0.00287556 0.00144802 0.01294918
v 0.00388954 0.00153080 0.01294918
v -0.00558332 0.01550371 0.01294918
v -0.00581470 0.01549282 0.01294918
v -0.00300868 0.02250324 0.02006654
v -0.01711816 0.02188672 0.02807850
v -0.01295110 0.02250324 0.03056524
v -0.01711816 0.00112342 0.02499667
v -0.01711816 0.00102321 0.02423213
v -0.01711816 0.00090121 0.02311487
v -0.01699340 0.00090557 0.02311487
v 0.00605587 0.00195125 0.02008428
v 0.00605587 0.00187065 0.01884090
v 0.00536173 0.00178351 0.01814730
v 0.00411865 0.00164844 0.01690590
v 0.00039166 0.00128245 0.01442113
v -0.00209224 0.00105371 0.01317973
v -0.00232135 0.00102975 0.01294918
v -0.00680599 0.01542964 0.01294918
v -0.00829860 0.01533161 0.01294918
v -0.00954169 0.01524011 0.01294918
v -0.01078250 0.01510505 0.01294918
v -0.01326641 0.01479134 0.01294918
v -0.00346236 0.02250324 0.02014930
v -0.01711816 0.02193029 0.02695335
v -0.01331404 0.02250324 0.02933763
v -0.01711816 0.00089032 0.02299270
v -0.01711816 0.00079447 0.02187347
v -0.01699340 0.00080100 0.02187347
v -0.01007703 0.00113867 0.02130006
v 0.00163475 0.00164409 0.01939067
v 0.00411865 0.00178568 0.01939067
v 0.00536173 0.00185976 0.01939067
v 0.00605587 0.00190333 0.01939067
v 0.00411865 0.00170073 0.01814730
v 0.00287556 0.00155694 0.01690590
v -0.00135728 0.00113432 0.01397777
v -0.00333306 0.00096439 0.01317973
v -0.00356217 0.00094043 0.01294918
v -0.01456166 0.01457567 0.01294918
v -0.00413834 0.02250324 0.02031876
v -0.01711816 0.02193247 0.02683907
v -0.01360667 0.02250324 0.02763317
v -0.01369740 0.02250324 0.02692971
v -0.01711816 0.00062890 0.01939067
v -0.01699340 0.00063326 0.01939067
v -0.01575258 0.00053087 0.01690590
v -0.01450949 0.00085111 0.02063207
v -0.00961427 0.00111471 0.02059857
v 0.00163475 0.00155912 0.01814730
v 0.00287556 0.00162666 0.01814730
v -0.00084916 0.00125631 0.01566450
v -0.00480526 0.00085982 0.01294918
v -0.01575258 0.01431425 0.01294918
v -0.00459429 0.02250324 0.02044684
v -0.01711816 0.02185840 0.02572969
v -0.01330043 0.02250324 0.02567254
v -0.01329589 0.02250324 0.02565875
v -0.01711816 0.00054830 0.01814730
v -0.01699340 0.00055266 0.01814730
v -0.01575258 0.00044809 0.01566450
v -0.01450949 0.00034570 0.01317973
v -0.01349778 0.00038491 0.01294918
v -0.00829860 0.00085111 0.01566450
v -0.00581470 0.00123888 0.01939067
v -0.00604380 0.00079011 0.01294918
v -0.01711816 0.01400272 0.01294918
v -0.01711816 0.02070598 0.02176115
v -0.00547217 0.02250324 0.02074635
v -0.01711816 0.02184969 0.02560752
v -0.01256093 0.02250324 0.02466957
v -0.01711816 0.00040016 0.01566450
v -0.01699340 0.00047641 0.01690590
v -0.01575258 0.00027598 0.01294918
v -0.01575258 0.00036748 0.01442113
v -0.01450949 0.00033045 0.01294918
v -0.01225470 0.00045244 0.01294918
v -0.01711816 0.00024984 0.01294918
v -0.01711816 0.02105671 0.02238185
v -0.00585326 0.02250324 0.02088035
v -0.01711816 0.02162748 0.02447844
v -0.01215035 0.02250324 0.02423213
v -0.01711816 0.00033045 0.01442113
v -0.01699340 0.00033045 0.01442113
v -0.01699340 0.00040234 0.01566450
v -0.01699340 0.00026291 0.01317973
v -0.01699340 0.00025202 0.01294918
v -0.01711816 0.02108503 0.02247249
v -0.01075528 0.02250324 0.02314836
v -0.00925360 0.02250324 0.02229909
v -0.01711816 0.02159916 0.02435627
v -0.01196207 0.02250324 0.02406464
v -0.01137002 0.02250324 0.02355428
v -0.01711816 0.02127239 0.02311487
v -0.01711816 0.02130507 0.02323704
v 0.00910953 0.00203194 -0.02137897
v 0.00910953 0.00213615 -0.02572809
v 0.00993267 0.00220229 -0.02572809
v 0.01033109 0.00223435 -0.02572809
v 0.01255978 0.00241472 -0.02572809
v 0.01529896 0.00263716 -0.02572809
v 0.01529896 0.00263115 -0.02532405
v 0.01529896 0.00259508 -0.02284018
v 0.01405665 0.00247083 -0.02137897
v 0.00910953 0.01335087 -0.02137897
v 0.00910953 0.01332081 -0.02572809
v 0.01653989 0.00284158 -0.02572809
v 0.01529896 0.00258506 -0.02159824
v 0.01529896 0.00258506 -0.02137897
v 0.00910953 0.01335087 -0.02159824
v 0.01228033 0.02250341 -0.02137897
v 0.01180582 0.02250341 -0.02572809
v 0.01653989 0.00284959 -0.02408211
v 0.01778081 0.00323838 -0.02572809
v 0.01653989 0.00285961 -0.02284018
v 0.01653989 0.00287364 -0.02159824
v 0.01653989 0.00287966 -0.02137897
v 0.02324117 0.02250341 -0.02137897
v 0.02165993 0.02250341 -0.02572809
v 0.01830651 0.00344881 -0.02572809
v 0.01778081 0.00324440 -0.02532405
v 0.01778081 0.00331253 -0.02284018
v 0.01849466 0.00359110 -0.02284018
v 0.01844624 0.00360913 -0.02196567
v 0.01788872 0.00340672 -0.02157014
v 0.01785414 0.00340472 -0.02137897
v 0.02116743 0.00797598 -0.02572809
v 0.02125873 0.00921649 -0.02572809
v 0.02128502 0.00962132 -0.02572809
v 0.02133482 0.01045901 -0.02572809
v 0.02139431 0.01170153 -0.02572809
v 0.02092671 0.00715031 -0.02137897
v 0.02106367 0.00728057 -0.02572809
v 0.01855691 0.00355503 -0.02572809
v 0.01855968 0.00355703 -0.02532405
v 0.01853893 0.00357306 -0.02408211
v 0.01916008 0.00384762 -0.02408211
v 0.01911582 0.00387768 -0.02284018
v 0.01892490 0.00388369 -0.02157014
v 0.01868142 0.00377748 -0.02137897
v 0.01810315 0.00351094 -0.02137897
v 0.02082296 0.00663727 -0.02137897
v 0.02092948 0.00713027 -0.02159824
v 0.02099727 0.00685170 -0.02572809
v 0.01917807 0.00387167 -0.02572809
v 0.01918084 0.00385964 -0.02532405
v 0.02003994 0.00448090 -0.02532405
v 0.02000120 0.00446887 -0.02408211
v 0.01997215 0.00449894 -0.02284018
v 0.01894150 0.00391175 -0.02137897
v 0.01992927 0.00455906 -0.02159824
v 0.01991958 0.00457108 -0.02137897
v 0.01907570 0.00400193 -0.02137897
v 0.02079806 0.00652905 -0.02137897
v 0.02080359 0.00651101 -0.02159824
v 0.02092533 0.00655911 -0.02572809
v 0.02005516 0.00449292 -0.02572809
v 0.02026959 0.00483562 -0.02572809
v 0.02064450 0.00550898 -0.02572809
v 0.02051999 0.00549095 -0.02284018
v 0.02046742 0.00549095 -0.02159824
v 0.02045220 0.00549095 -0.02137897
v 0.02084924 0.00625850 -0.02572809
v 0.00910985 0.00203223 -0.02137730
v 0.01001676 0.00113476 -0.00738987
v 0.00910985 0.00112374 -0.00747356
v 0.00910985 0.01335111 -0.02137730
v 0.01405633 0.00246995 -0.02137730
v 0.01654144 0.00146236 -0.00917931
v 0.01529888 0.00129856 -0.00793724
v 0.01001676 0.00113476 -0.00703164
v 0.00912849 0.00112374 -0.00664831
v 0.01405633 0.00125864 -0.00669518
v 0.00910985 0.00112374 -0.00660814
v 0.00910985 0.01380261 -0.00919939
v 0.01083891 0.01518323 -0.00917931
v 0.01139323 0.01518323 -0.01443548
v 0.01225607 0.01518323 -0.02137730
v 0.01529888 0.00258420 -0.02137730
v 0.01778060 0.00178308 -0.01042137
v 0.01902315 0.00201296 -0.01042137
v 0.01778060 0.00169361 -0.00917931
v 0.01654144 0.00141143 -0.00793724
v 0.01529888 0.00131232 -0.00669518
v 0.00956923 0.00114714 -0.00620472
v 0.01157292 0.00118844 -0.00669518
v 0.01405633 0.00129856 -0.00545312
v 0.01281547 0.00129718 -0.00427969
v 0.01281547 0.00126139 -0.00545312
v 0.00910985 0.00115816 -0.00541629
v 0.00910985 0.01384665 -0.00795901
v 0.00910985 0.01385767 -0.00671694
v 0.00910985 0.01385767 -0.00669518
v 0.01084739 0.01518323 -0.00793724
v 0.02188628 0.01518323 -0.02137730
v 0.01654144 0.00288015 -0.02137730
v 0.01975716 0.00231854 -0.01131358
v 0.01982666 0.00226623 -0.01042137
v 0.01977411 0.00229376 -0.00957101
v 0.01654144 0.00149677 -0.00669518
v 0.01529888 0.00139904 -0.00545312
v 0.01405633 0.00136187 -0.00427969
v 0.01033036 0.00119119 -0.00545312
v 0.01157292 0.00126415 -0.00427969
v 0.00910985 0.00125726 -0.00427969
v 0.01150511 0.00126277 -0.00427969
v 0.01026256 0.00124900 -0.00427969
v 0.00910985 0.01376269 -0.00538281
v 0.01092028 0.01518323 -0.00430312
v 0.01086095 0.01518323 -0.00669518
v 0.02548850 0.01518323 -0.01290382
v 0.02152012 0.01169933 -0.02137730
v 0.01785349 0.00340459 -0.02137730
v 0.01868242 0.00377624 -0.02137730
v 0.01894009 0.00391252 -0.02137730
v 0.01907570 0.00400061 -0.02137730
v 0.01991989 0.00457185 -0.02137730
v 0.02013518 0.00319674 -0.01414588
v 0.02094547 0.00356013 -0.01254895
v 0.01810268 0.00350920 -0.02137730
v 0.02044709 0.00287326 -0.01042137
v 0.02097937 0.00349406 -0.01166343
v 0.02089461 0.00361657 -0.00851475
v 0.01957238 0.00369503 -0.00427969
v 0.01895874 0.00316783 -0.00427969
v 0.01820439 0.00254290 -0.00427969
v 0.01758565 0.00211619 -0.00427969
v 0.01752632 0.00209142 -0.00427969
v 0.01654144 0.00173490 -0.00427969
v 0.01654144 0.00161102 -0.00545312
v 0.01529888 0.00151604 -0.00427969
v 0.00910985 0.01359613 -0.00427969
v 0.01094232 0.01518323 -0.00427969
v 0.02599366 0.01518323 -0.01166343
v 0.02104209 0.00797454 -0.02137730
v 0.02137943 0.01045773 -0.02137730
v 0.02045217 0.00549135 -0.02137730
v 0.02625980 0.01518323 -0.01044480
v 0.02627675 0.01518323 -0.01026234
v 0.02638015 0.01518323 -0.00911737
v 0.02096411 0.00349406 -0.01042137
v 0.02092004 0.00356701 -0.00917931
v 0.02640219 0.01518323 -0.00862188
v 0.02642592 0.01518323 -0.00793724
v 0.02642253 0.01518323 -0.00756898
v 0.02082002 0.00506464 -0.00523885
v 0.02014535 0.00436951 -0.00427969
v 0.02010636 0.00431720 -0.00427969
v 0.02640728 0.01518323 -0.00672699
v 0.02635303 0.01518323 -0.00618630
v 0.02626488 0.01518323 -0.00545312
v 0.02622590 0.01518323 -0.00518529
v 0.02608350 0.01518323 -0.00428303
v 0.02341871 0.01518323 -0.00427969
v 0.02622590 0.01518323 -0.01063731
v 0.02079799 0.00652785 -0.02137730
v 0.02082172 0.00663797 -0.02137730
v 0.02092512 0.00714864 -0.02137730
v 0.02075561 0.00542390 -0.00427969
v 0.02544273 0.01430227 -0.00427969
v -0.06251415 0.00921506 0.01698765
v -0.06251415 0.01045816 0.01698765
v -0.06245142 0.00681606 0.01698765
v -0.06262616 0.00921506 0.01814710
v -0.06240662 0.01130674 0.01698765
v -0.06262168 0.01045816 0.01814710
v -0.06240214 0.00557296 0.01698765
v -0.06270681 0.00921506 0.01938936
v -0.06272025 0.01045816 0.01938936
v -0.06246038 0.01140779 0.01814710
v -0.06236630 0.01237957 0.02101811
v -0.06198097 0.01188676 0.01698765
v -0.06239766 0.00549129 0.01698765
v -0.06265753 0.00673301 0.02187390
v -0.06281434 0.00673301 0.02808216
v -0.06286363 0.00921506 0.02683989
v -0.06276506 0.01045816 0.02063163
v -0.06261720 0.01169988 0.02187390
v -0.06250967 0.01152546 0.01938936
v -0.06252311 0.01177878 0.02061476
v -0.06240214 0.01244740 0.02187390
v -0.06191825 0.01306757 0.02187390
v -0.06129547 0.01379294 0.02187390
v -0.06194961 0.01192829 0.01698765
v -0.06234390 0.00488358 0.01698765
v -0.06285018 0.00797334 0.02808216
v -0.06233941 0.00484067 0.01698765
v -0.06261272 0.00549129 0.02683989
v -0.06253655 0.00540408 0.02813430
v -0.06246486 0.00575984 0.02900849
v -0.06252311 0.00679669 0.02938270
v -0.06263065 0.00797334 0.02932442
v -0.06288603 0.01045816 0.02683989
v -0.06272025 0.01169988 0.02683989
v -0.06244695 0.01254430 0.02683989
v -0.06206162 0.01316447 0.02683989
v -0.06200338 0.01308972 0.02311616
v -0.06138059 0.01390092 0.02311616
v -0.06117897 0.01412518 0.02311616
v -0.06099527 0.01412518 0.02187390
v -0.06133131 0.01240587 0.01698765
v -0.06289051 0.01045816 0.02808216
v -0.06240662 0.00468701 0.02683989
v -0.06190929 0.00421912 0.01698765
v -0.06207507 0.00406546 0.02683989
v -0.06238870 0.00472023 0.02775549
v -0.06229909 0.00493203 0.02858367
v -0.06206162 0.00540408 0.02938270
v -0.06226325 0.00642431 0.02983667
v -0.06234390 0.00725074 0.02997316
v -0.06264408 0.00921506 0.02932442
v -0.06237078 0.00797334 0.03000537
v -0.06239318 0.00921506 0.03003297
v -0.06270681 0.01169988 0.02808216
v -0.06241558 0.01248339 0.02808216
v -0.06203474 0.01310494 0.02808216
v -0.06141196 0.01394245 0.02808216
v -0.06143884 0.01396875 0.02683989
v -0.06129994 0.01412518 0.02683989
v -0.06036801 0.01412518 0.02067151
v -0.06031873 0.01412518 0.02062243
v -0.05921653 0.01412518 0.01986633
v -0.05919413 0.01412518 0.01985560
v -0.06052483 0.01252215 0.01698765
v -0.06264856 0.01045816 0.02932442
v -0.06133131 0.00351866 0.01698765
v -0.06145228 0.00324457 0.02683989
v -0.06200786 0.00428279 0.02813430
v -0.06114313 0.00357680 0.02876157
v -0.06138955 0.00433817 0.02923547
v -0.06114761 0.00481160 0.02998850
v -0.06139404 0.00549129 0.03021088
v -0.06167631 0.00687698 0.03052835
v -0.06109384 0.00732687 0.03119242
v -0.06175695 0.00797334 0.03062650
v -0.06178832 0.00921506 0.03065411
v -0.06237525 0.01045816 0.03001457
v -0.06247383 0.01160851 0.02925234
v -0.06235285 0.01236849 0.02879071
v -0.06126410 0.01378187 0.02907597
v -0.06108936 0.01412518 0.02863888
v -0.06125066 0.01412518 0.02808216
v -0.05797993 0.01412518 0.01965009
v -0.06046210 0.01253046 0.01698765
v -0.06234390 0.01113370 0.02997163
v -0.06128650 0.00347021 0.01698765
v -0.06076677 0.00262717 0.02559763
v -0.06069061 0.00262302 0.02683989
v -0.06132683 0.00341899 0.02808216
v -0.05993789 0.00233785 0.02758985
v -0.05922102 0.00251643 0.02848551
v -0.05858927 0.00238907 0.02869869
v -0.06046210 0.00473131 0.03005752
v -0.06046210 0.00549129 0.03053448
v -0.06113865 0.00797334 0.03122463
v -0.06046210 0.00661257 0.03104366
v -0.06046210 0.00723274 0.03122156
v -0.05922102 0.00797334 0.03143168
v -0.05922102 0.00921506 0.03157737
v -0.06046210 0.00921506 0.03141020
v -0.06116553 0.00921506 0.03124610
v -0.06113417 0.01014946 0.03122310
v -0.06161358 0.01052184 0.03073846
v -0.06219604 0.01196151 0.02961889
v -0.06173007 0.01294990 0.02934743
v -0.06106248 0.01353131 0.02990415
v -0.06082054 0.01412518 0.02936737
v -0.05922102 0.01262598 0.01698765
v -0.05930614 0.01262182 0.01698765
v -0.01910748 0.01412518 0.01698765
v -0.06105352 0.01097727 0.03117555
v -0.06175247 0.01160851 0.03036118
v -0.06136715 0.01270350 0.03020935
v -0.06046210 0.00309922 0.01698765
v -0.05922102 0.00180352 0.02435843
v -0.06007230 0.00223957 0.02435843
v -0.06014847 0.00222850 0.02559763
v -0.06007230 0.00227556 0.02683989
v -0.05922102 0.00195164 0.02683989
v -0.05797993 0.00160695 0.02683989
v -0.05922102 0.00223541 0.02786438
v -0.05776487 0.00230602 0.02878764
v -0.05809642 0.00210806 0.02820332
v -0.05673884 0.00181874 0.02808216
v -0.05127268 0.00112244 0.02874623
v -0.05052893 0.00225480 0.03000384
v -0.04928336 0.00207622 0.03008819
v -0.04680119 0.00300647 0.03075687
v -0.04496868 0.00362387 0.03118936
v -0.04307345 0.00424819 0.03154517
v -0.05922102 0.00711646 0.03127064
v -0.03160348 0.00485728 0.03243469
v -0.05797993 0.00797334 0.03151143
v -0.05797993 0.00921506 0.03166019
v -0.05797993 0.01045816 0.03174914
v -0.05922102 0.01045816 0.03165559
v -0.06056963 0.01052184 0.03136419
v -0.06076677 0.01412518 0.02947166
v -0.05972282 0.01344825 0.03114488
v -0.06023360 0.01412518 0.03020935
v -0.01712264 0.01412518 0.01698765
v -0.06025600 0.01169988 0.03135192
v -0.06001405 0.01262044 0.03127524
v -0.06087878 0.01169988 0.03106667
v -0.06038145 0.00307292 0.01698765
v -0.05797993 0.00143806 0.02311616
v -0.05789928 0.00130101 0.02433696
v -0.05743331 0.00111967 0.02473724
v -0.05922102 0.00179244 0.02559763
v -0.05789928 0.00131486 0.02557155
v -0.05713760 0.00118196 0.02596877
v -0.05630872 0.00110998 0.02631078
v -0.05672988 0.00134669 0.02677088
v -0.05052893 0.00107537 0.02885819
v -0.04928336 0.00145467 0.02958821
v -0.05301110 0.00104907 0.02772175
v -0.05301110 0.00075145 0.02683989
v -0.05172073 0.00098401 0.02812203
v -0.04804227 0.00195994 0.03015720
v -0.04545257 0.00312829 0.03092557
v -0.04431901 0.00296771 0.03091636
v -0.04431901 0.00358788 0.03120776
v -0.02941701 0.00318781 0.03146542
v -0.01823827 0.00418590 0.03218624
v -0.01744971 0.00480191 0.03245309
v -0.02948870 0.01412518 0.03265400
v -0.03065810 0.01412518 0.03264787
v -0.03073875 0.01412518 0.03264634
v -0.04307345 0.00352281 0.03124150
v -0.04307345 0.00290265 0.03094704
v -0.04183236 0.00285143 0.03097464
v -0.04429661 0.00164709 0.03022929
v -0.04387097 0.00113905 0.02995016
v -0.05797993 0.01169988 0.03176448
v -0.05922102 0.01169988 0.03162798
v -0.05933302 0.01412518 0.03092557
v -0.06017087 0.01412518 0.03026149
v -0.05815466 0.01412518 0.03143934
v -0.05876401 0.01412518 0.03122310
v -0.01712264 0.01412518 0.03226752
v -0.01712264 0.00047874 0.01698765
v -0.05927478 0.01299697 0.03139640
v -0.05922102 0.00270608 0.01698765
v -0.05549328 0.00152804 0.01698765
v -0.05726305 0.00116120 0.02390907
v -0.05680605 0.00103800 0.02433696
v -0.05549328 0.00080820 0.02435843
v -0.05425219 0.00059779 0.02435843
v -0.05743331 0.00111967 0.02514060
v -0.05672988 0.00105322 0.02557155
v -0.05425219 0.00063239 0.02559763
v -0.05549328 0.00104077 0.02650402
v -0.05422082 0.00095909 0.02688897
v -0.05177001 0.00064901 0.02683989
v -0.05052893 0.00087742 0.02808216
v -0.04928336 0.00104768 0.02896708
v -0.04469537 0.00115566 0.02991335
v -0.04556010 0.00119165 0.02983360
v -0.04804227 0.00133977 0.02964189
v -0.05301110 0.00050227 0.02559763
v -0.04680119 0.00187965 0.03020935
v -0.04556010 0.00181320 0.03025689
v -0.02941701 0.00256626 0.03107433
v -0.01823827 0.00322657 0.03156510
v -0.01712264 0.00324457 0.03153290
v -0.01712264 0.00432017 0.03218470
v -0.02941701 0.01412518 0.03265400
v -0.01712264 0.00444199 0.03224605
v -0.01712264 0.00526426 0.03228286
v -0.01744971 0.00493342 0.03245309
v -0.05673884 0.01412518 0.03175988
v -0.04366935 0.00113905 0.02995016
v -0.05679709 0.01412518 0.03175528
v -0.01712264 0.00529610 0.03228286
v -0.01712264 0.00054934 0.01814710
v -0.02072492 0.00071961 0.02311616
v -0.02196601 0.00067808 0.02311616
v -0.02941701 0.00035969 0.02187390
v -0.03314475 0.00023787 0.02187390
v -0.03438584 0.00012851 0.02063163
v -0.03562692 0.00003576 0.01938936
v -0.03562692 -0.00001546 0.01698765
v -0.05425219 0.00132593 0.01698765
v -0.05498698 0.00112382 0.01978351
v -0.05543951 0.00125394 0.01937709
v -0.05582931 0.00119442 0.02063163
v -0.05603093 0.00115843 0.02141840
v -0.05556944 0.00104077 0.02184936
v -0.05301110 0.00052304 0.02435843
v -0.05425219 0.00071545 0.02311616
v -0.03686801 0.00000808 0.01698765
v -0.02941701 0.00069884 0.02683989
v -0.02693484 0.00087050 0.02808216
v -0.03686801 0.00002746 0.01814710
v -0.03686801 0.00005238 0.01938936
v -0.03562692 0.00009806 0.02063163
v -0.03438584 0.00021018 0.02187390
v -0.03065810 0.00055764 0.02559763
v -0.02817592 0.00256211 0.03106513
v -0.02817592 0.00186996 0.03044400
v -0.02196601 0.00201947 0.03033051
v -0.01947936 0.00261471 0.03090870
v -0.01712264 0.00318228 0.03145468
v -0.02072492 0.00208314 0.03033051
v -0.02568927 0.00103523 0.02901002
v -0.02693484 0.00126779 0.02964496
v -0.01712264 0.00062824 0.01938936
v -0.01823827 0.00073760 0.02187390
v -0.02444818 0.00090234 0.02808216
v -0.02196601 0.00075422 0.02435843
v -0.02444818 0.00082482 0.02683989
v -0.02941701 0.00058810 0.02559763
v -0.02568927 0.00078467 0.02683989
v -0.02693484 0.00074453 0.02683989
v -0.02817592 0.00071130 0.02683989
v -0.02568927 0.00087465 0.02808216
v -0.02568927 0.00130932 0.02963115
v -0.01712264 0.00262302 0.03073232
v -0.02444818 0.00134669 0.02958668
v -0.02444818 0.00104353 0.02896555
v -0.01712264 0.00071130 0.02063163
v -0.01712264 0.00079574 0.02187390
v -0.02312645 0.00101862 0.02816191
v -0.02348937 0.00108506 0.02885973
v -0.01712264 0.00088988 0.02299194
v -0.01712264 0.00090095 0.02311616
v -0.01712264 0.00102415 0.02423420
v -0.01712264 0.00259118 0.03066945
v -0.02312645 0.00132870 0.02929375
v -0.01712264 0.00112244 0.02499643
v -0.01712264 0.00113074 0.02504704
v -0.01712264 0.00123872 0.02557769
v -0.01712264 0.00125533 0.02565744
v -0.01712264 0.00152666 0.02683989
v -0.01712264 0.00212329 0.02932442
v -0.01712264 0.00230186 0.03002684
v -0.01712264 0.00232401 0.03011119
v 0.02165976 0.02250542 -0.02572990
v 0.02183198 0.02250542 -0.03277587
v 0.01180626 0.02250542 -0.02572990
v 0.02139441 0.01170166 -0.02572990
v 0.02213687 0.00730509 -0.03332168
v 0.02213687 0.00741690 -0.03332168
v 0.02183708 0.02250542 -0.03364421
v 0.02214070 0.00745883 -0.03401774
v 0.00910815 0.02250542 -0.02793797
v 0.00910815 0.01332093 -0.02572990
v 0.02133446 0.01045976 -0.02572990
v 0.02128470 0.00962118 -0.02572990
v 0.02125919 0.00921786 -0.02572990
v 0.02116734 0.00797596 -0.02572990
v 0.02182943 0.00673405 -0.03153538
v 0.02200675 0.00682789 -0.03285581
v 0.02199910 0.00667416 -0.03401774
v 0.02214070 0.00729511 -0.03401774
v 0.02183581 0.02250542 -0.03401774
v 0.02213560 0.00742888 -0.03468898
v 0.00910815 0.02250542 -0.03946899
v 0.00910815 0.00213582 -0.02572990
v 0.02106401 0.00728113 -0.02572990
v 0.02099639 0.00685185 -0.02572990
v 0.02092623 0.00655835 -0.02572990
v 0.02084842 0.00625885 -0.02572990
v 0.02064558 0.00550812 -0.02572990
v 0.02144672 0.00549015 -0.03153538
v 0.02156026 0.00549015 -0.03277587
v 0.02192128 0.00683987 -0.03516588
v 0.02213560 0.00732506 -0.03468898
v 0.02156281 0.00549015 -0.03401774
v 0.02177840 0.02250542 -0.03525960
v 0.02178478 0.00797596 -0.03650147
v 0.02163807 0.02250542 -0.03650147
v 0.00946152 0.02250542 -0.03946761
v 0.01100001 0.01854211 -0.03960682
v 0.01033027 0.01857206 -0.03960820
v 0.00959164 0.01857605 -0.03960820
v 0.00910815 0.01797906 -0.03962474
v 0.00910815 0.00210787 -0.03277587
v 0.01288422 0.00234347 -0.03404392
v 0.01346211 0.00238140 -0.03447396
v 0.00993225 0.00220171 -0.02572990
v 0.02027052 0.00483526 -0.02572990
v 0.02096195 0.00477137 -0.03055540
v 0.02102829 0.00469949 -0.03153538
v 0.02106401 0.00466954 -0.03277587
v 0.02107166 0.00466754 -0.03401774
v 0.02156791 0.00673405 -0.03650147
v 0.02128088 0.00537235 -0.03537538
v 0.02101043 0.00473942 -0.03503769
v 0.02121454 0.00794601 -0.03784120
v 0.02136890 0.00921786 -0.03774333
v 0.02141610 0.01045976 -0.03774333
v 0.02126174 0.02039299 -0.03774333
v 0.02123750 0.02163489 -0.03774333
v 0.02117627 0.02250542 -0.03782741
v 0.01281406 0.02250542 -0.03943178
v 0.01182794 0.01839835 -0.03960269
v 0.01147713 0.01795310 -0.03961923
v 0.01033027 0.01790918 -0.03962612
v 0.01405659 0.01045976 -0.03979152
v 0.00910815 0.01170166 -0.03973638
v 0.01157280 0.00233748 -0.03480613
v 0.01281406 0.00235345 -0.03475513
v 0.01346211 0.00238140 -0.03465865
v 0.00910815 0.00226759 -0.03409354
v 0.01529912 0.00263697 -0.02572990
v 0.01365219 0.00250320 -0.02572990
v 0.01180753 0.00235345 -0.02572990
v 0.01033027 0.00223365 -0.02572990
v 0.02005493 0.00449184 -0.02572990
v 0.02015699 0.00400666 -0.03157949
v 0.02030879 0.00404859 -0.03277587
v 0.01967477 0.00361133 -0.03351189
v 0.02015954 0.00399268 -0.03396260
v 0.02110993 0.00570978 -0.03650147
v 0.02095940 0.00598132 -0.03723611
v 0.02112652 0.00673405 -0.03748559
v 0.02087903 0.00487919 -0.03586606
v 0.01953955 0.00367522 -0.03434026
v 0.02038533 0.00441796 -0.03537538
v 0.02093644 0.00833934 -0.03841458
v 0.02099767 0.00921786 -0.03848212
v 0.02084459 0.00751074 -0.03831947
v 0.02106018 0.01045976 -0.03854827
v 0.02105380 0.01170166 -0.03855379
v 0.02093133 0.02039299 -0.03841595
v 0.02091220 0.02163489 -0.03839390
v 0.02091348 0.02250542 -0.03832912
v 0.01405659 0.02250542 -0.03940145
v 0.01281406 0.01816475 -0.03959442
v 0.01281406 0.01754180 -0.03961509
v 0.01529912 0.01045976 -0.03976946
v 0.01405659 0.00921786 -0.03980944
v 0.01281406 0.00921786 -0.03980117
v 0.01157280 0.00921786 -0.03978876
v 0.00910815 0.01168170 -0.03973638
v 0.01033027 0.00236344 -0.03471517
v 0.01033027 0.00254513 -0.03533679
v 0.01157280 0.00252516 -0.03542775
v 0.01281406 0.00253115 -0.03537538
v 0.01394816 0.00256509 -0.03514796
v 0.01529912 0.00278672 -0.03525960
v 0.01653910 0.00300236 -0.03525960
v 0.01778163 0.00312415 -0.03401774
v 0.01653910 0.00290053 -0.03401774
v 0.01529912 0.00268090 -0.03401774
v 0.01653910 0.00282266 -0.03153538
v 0.01653910 0.00281268 -0.03029351
v 0.00910815 0.00239538 -0.03460352
v 0.00963884 0.00238140 -0.03465176
v 0.01653910 0.00284063 -0.02572990
v 0.01917725 0.00387089 -0.02572990
v 0.01967094 0.00361332 -0.03202330
v 0.01968753 0.00360534 -0.03277587
v 0.01902289 0.00339769 -0.03277587
v 0.01908540 0.00346158 -0.03396260
v 0.01870907 0.00349952 -0.03525960
v 0.02070043 0.00508883 -0.03650147
v 0.01981892 0.00476538 -0.03729676
v 0.02022587 0.00554207 -0.03768131
v 0.01980617 0.00593141 -0.03847936
v 0.02066471 0.00673405 -0.03810583
v 0.02008044 0.00459966 -0.03650147
v 0.01933033 0.00378304 -0.03525960
v 0.02036492 0.00794601 -0.03873297
v 0.02026542 0.00921786 -0.03892731
v 0.02004472 0.00673405 -0.03863787
v 0.02026542 0.01045976 -0.03899623
v 0.02026542 0.01170166 -0.03905963
v 0.02054480 0.02250542 -0.03859100
v 0.02089179 0.02250542 -0.03837047
v 0.01778163 0.02250542 -0.03927327
v 0.01346339 0.01734613 -0.03960820
v 0.01653910 0.01045976 -0.03968539
v 0.01653910 0.00921786 -0.03971020
v 0.01529912 0.00921786 -0.03978601
v 0.01902289 0.02250542 -0.03919471
v 0.01405659 0.00797596 -0.03979565
v 0.01281406 0.00797596 -0.03979703
v 0.01157280 0.00797596 -0.03978876
v 0.00910815 0.01043980 -0.03973225
v 0.00917066 0.00254912 -0.03514382
v 0.00910815 0.00257108 -0.03520585
v 0.00910815 0.00286459 -0.03616516
v 0.00910815 0.00296242 -0.03648217
v 0.00910815 0.00296841 -0.03650147
v 0.01033027 0.00294645 -0.03650147
v 0.01157280 0.00294246 -0.03650147
v 0.01281406 0.00296242 -0.03650147
v 0.01405659 0.00300835 -0.03650147
v 0.01529912 0.00310419 -0.03650147
v 0.01653910 0.00325793 -0.03650147
v 0.01778163 0.00323995 -0.03525960
v 0.01778163 0.00309420 -0.03277587
v 0.01653910 0.00286060 -0.03277587
v 0.01778163 0.00307423 -0.03153538
v 0.01778163 0.00323796 -0.02572990
v 0.01855598 0.00355542 -0.02572990
v 0.01830594 0.00344760 -0.02572990
v 0.01850240 0.00358138 -0.03600252
v 0.01895910 0.00397671 -0.03645047
v 0.01900248 0.00456172 -0.03772404
v 0.01857512 0.00476138 -0.03846282
v 0.01940305 0.00510281 -0.03812513
v 0.01900248 0.00550613 -0.03866130
v 0.01902289 0.00673405 -0.03912166
v 0.01902289 0.00797596 -0.03934908
v 0.01902289 0.00921786 -0.03939319
v 0.01902289 0.01294157 -0.03943867
v 0.01902289 0.01418347 -0.03941386
v 0.01939667 0.02250542 -0.03906790
v 0.02026542 0.02163489 -0.03877294
v 0.02034961 0.02250542 -0.03870540
v 0.01741168 0.00921786 -0.03963301
v 0.01733259 0.00820357 -0.03962750
v 0.01665519 0.00786414 -0.03966747
v 0.01529912 0.00797596 -0.03975982
v 0.01405659 0.00673405 -0.03972811
v 0.01281406 0.00673405 -0.03973776
v 0.01157280 0.00673405 -0.03973638
v 0.01033027 0.00797596 -0.03975155
v 0.01033027 0.00673405 -0.03972674
v 0.00910815 0.00673405 -0.03969917
v 0.00910815 0.00339170 -0.03744010
v 0.01033027 0.00340967 -0.03746629
v 0.01157280 0.00342364 -0.03748283
v 0.01281406 0.00343962 -0.03749524
v 0.01405659 0.00345759 -0.03748697
v 0.01529912 0.00347955 -0.03742494
v 0.01653910 0.00353146 -0.03729952
v 0.01727008 0.00358737 -0.03719201
v 0.01772295 0.00348953 -0.03645047
v 0.01809801 0.00374111 -0.03683089
v 0.01653910 0.00394077 -0.03792114
v 0.01778163 0.00466155 -0.03854965
v 0.01778163 0.00549015 -0.03901690
v 0.01778163 0.00673405 -0.03941386
v 0.01803295 0.00921786 -0.03956685
v 0.01775995 0.00786414 -0.03955858
v 0.01714633 0.00737697 -0.03960545
v 0.01631840 0.00703754 -0.03963990
v 0.01532719 0.00666816 -0.03967023
v 0.01493300 0.00606918 -0.03962337
v 0.01405659 0.00602725 -0.03963853
v 0.01281406 0.00599730 -0.03964680
v 0.01157280 0.00599330 -0.03964955
v 0.00910815 0.00599730 -0.03965644
v 0.00910815 0.00339969 -0.03745527
v 0.01405659 0.00378903 -0.03810859
v 0.01529912 0.00384094 -0.03804519
v 0.01653910 0.00456172 -0.03862408
v 0.01653910 0.00549015 -0.03918230
v 0.01575965 0.00620894 -0.03959580
v 0.01665519 0.00666816 -0.03955583
v 0.01532719 0.00558998 -0.03936700
v 0.01405659 0.00540630 -0.03936424
v 0.01281406 0.00537635 -0.03937940
v 0.01157280 0.00537235 -0.03936424
v 0.00910815 0.00598731 -0.03965093
v 0.00910815 0.00389884 -0.03807689
v 0.01157280 0.00382896 -0.03810308
v 0.01281406 0.00379701 -0.03811686
v 0.01281406 0.00441796 -0.03875916
v 0.01405659 0.00440998 -0.03874400
v 0.01529912 0.00446189 -0.03869438
v 0.00910815 0.00537635 -0.03931186
v 0.00910815 0.00451979 -0.03869162
v 0.01157280 0.00444991 -0.03874400
v 0.00910815 0.00536237 -0.03930222
v -0.06210305 0.01045753 -0.00427593
v -0.06209943 0.01038938 -0.00427593
v -0.06286311 0.01045753 0.00945224
v -0.06234193 0.01086216 -0.00024595
v -0.06234193 0.01110920 -0.00024595
v -0.06176645 0.01163167 -0.00427593
v -0.06186418 0.00673209 -0.00427593
v -0.06291016 0.01045753 0.01069288
v -0.06262061 0.01152235 0.00945224
v -0.06186779 0.00673209 -0.00420932
v -0.06184608 0.00549122 -0.00296660
v -0.06233831 0.00483387 0.01111961
v -0.06174474 0.01169982 -0.00427593
v -0.06177369 0.00549122 -0.00427593
v -0.06243965 0.00549122 0.01441895
v -0.06279073 0.00921524 0.01193560
v -0.06240346 0.00557357 0.01698557
v -0.06285226 0.01045753 0.01193560
v -0.06240707 0.01130796 0.01698557
v -0.06263509 0.01152945 0.01069288
v -0.06235279 0.00480690 0.01193560
v -0.06236726 0.00479128 0.01317831
v -0.06237450 0.00477850 0.01441895
v -0.06198361 0.01214278 0.00945224
v -0.06121631 0.01242247 -0.00427593
v -0.06175560 0.00542591 -0.00427593
v -0.06148052 0.00424893 -0.00296660
v -0.06206686 0.00424893 0.00945224
v -0.06242879 0.00549122 0.01566167
v -0.06245051 0.00681443 0.01698557
v -0.06234193 0.00483955 0.01698557
v -0.06251203 0.00921524 0.01698557
v -0.06251565 0.01045753 0.01698557
v -0.06195104 0.01192840 0.01698557
v -0.06199085 0.01206753 0.01317831
v -0.06199447 0.01215130 0.01069288
v -0.06236002 0.00480264 0.01566167
v -0.06145157 0.00313158 0.00820953
v -0.06149500 0.00320399 0.00945224
v -0.06117650 0.01243383 -0.00427593
v -0.06136833 0.01242815 0.01317831
v -0.06134299 0.00415239 -0.00427593
v -0.06134299 0.00414387 -0.00421765
v -0.06110411 0.00359585 -0.00380965
v -0.06113668 0.00355041 -0.00296660
v -0.06195104 0.00418078 0.01566167
v -0.06191122 0.00421912 0.01698557
v -0.06133213 0.01240685 0.01698557
v -0.06097744 0.00258072 0.00572825
v -0.06099191 0.00251825 0.00696681
v -0.06129232 0.00346807 0.01690438
v -0.06046349 0.01261840 -0.00427593
v -0.06046349 0.01259994 0.01441895
v -0.06046349 0.01262124 0.00075947
v -0.06130318 0.00407572 -0.00427593
v -0.06081457 0.00318837 -0.00427593
v -0.06076752 0.00310603 -0.00427593
v -0.06073132 0.00292998 -0.00296660
v -0.06132851 0.00351776 0.01698557
v -0.06052502 0.01252186 0.01698557
v -0.06008708 0.00213350 -0.00420932
v -0.06013775 0.00201708 -0.00172389
v -0.06031872 0.00181547 0.00448554
v -0.06035853 0.00182825 0.00572825
v -0.06089781 0.00250973 0.00820953
v -0.06128870 0.00347091 0.01698557
v -0.06039472 0.01262692 -0.00427593
v -0.06046349 0.01253037 0.01698557
v -0.05922206 0.01271210 0.01441895
v -0.05922206 0.01275043 0.00200218
v -0.06008346 0.00213633 -0.00427593
v -0.05964552 0.00131288 0.00075947
v -0.05968895 0.00127454 0.00200218
v -0.05972514 0.00119504 0.00448554
v -0.05959847 0.00120782 0.00572825
v -0.06123803 0.00344677 0.01698557
v -0.05922206 0.01274618 -0.00427593
v -0.05930530 0.01262124 0.01698557
v -0.05922206 0.01267519 0.01566167
v -0.05798062 0.01279019 0.00945224
v -0.02941678 0.01387062 0.01317831
v -0.03065822 0.01384933 0.01193560
v -0.03189965 0.01382235 0.01069288
v -0.03880897 0.01356821 0.00770786
v -0.03880897 0.01356821 0.00745599
v -0.05926911 0.00162096 -0.00427593
v -0.05943922 0.00139664 -0.00172389
v -0.05955865 0.00135263 -0.00048325
v -0.05902299 0.00088269 0.00075947
v -0.05906642 0.00087133 0.00200218
v -0.05798062 0.00044966 0.00200218
v -0.05798062 0.00052065 0.00324282
v -0.05865744 0.00111837 0.00772243
v -0.06046349 0.00310035 0.01698557
v -0.05798062 0.01278309 -0.00427593
v -0.05922206 0.01262550 0.01698557
v -0.02817535 0.01379112 0.01441895
v -0.02817535 0.01388340 0.01317831
v -0.02941678 0.01389334 0.01193560
v -0.03065822 0.01385784 0.01069288
v -0.05922206 0.00159825 -0.00427593
v -0.05857419 0.00115671 -0.00349533
v -0.05869725 0.00109991 -0.00266685
v -0.05881669 0.00103744 -0.00172389
v -0.05893975 0.00095368 -0.00048325
v -0.05798062 0.00053485 -0.00048325
v -0.05798062 0.00045960 0.00075947
v -0.05673919 0.00016855 -0.00048325
v -0.05673919 0.00016997 0.00075947
v -0.05673919 0.00017849 0.00200218
v -0.05673919 0.00019695 0.00324282
v -0.05673919 0.00028639 0.00448554
v -0.06038025 0.00307196 0.01698557
v -0.05549413 0.00152868 0.01698557
v -0.04059331 0.01319624 -0.00427593
v -0.02593860 0.01346457 0.01698557
v -0.02593860 0.01347309 0.01694185
v -0.02645254 0.01357106 0.01632570
v -0.02593860 0.01357247 0.01634652
v -0.02693392 0.01378544 0.01441895
v -0.02693392 0.01387062 0.01317831
v -0.02941678 0.01385075 0.01069288
v -0.02817535 0.01388056 0.01193560
v -0.05846561 0.00124899 -0.00427593
v -0.05673919 0.00048516 -0.00420932
v -0.05808558 0.00087843 -0.00303530
v -0.05798062 0.00065979 -0.00172389
v -0.05673919 0.00029775 -0.00296660
v -0.05673919 0.00020831 -0.00172389
v -0.05566786 -0.00002311 -0.00296660
v -0.05570768 -0.00003589 -0.00172389
v -0.05567148 -0.00003305 -0.00048325
v -0.05563167 -0.00002879 0.00075947
v -0.05558462 -0.00002311 0.00200218
v -0.05539641 -0.00001885 0.00317413
v -0.05549413 0.00008763 0.00448554
v -0.05549413 0.00022534 0.00572825
v -0.05425270 0.00132565 0.01698557
v -0.04052816 0.01319340 -0.00427593
v -0.02593860 0.00036022 0.01698557
v -0.02593860 0.01373433 0.01441895
v -0.02693392 0.01382519 0.01193560
v -0.02593860 0.01379680 0.01317831
v -0.03438614 0.01291513 -0.00427593
v -0.05679710 0.00052633 -0.00427593
v -0.05674281 0.00050361 -0.00427593
v -0.05542537 0.00005213 -0.00427593
v -0.05541813 0.00003651 -0.00419267
v -0.05495485 -0.00011114 -0.00377010
v -0.05504895 -0.00012534 -0.00296660
v -0.05508877 -0.00013101 -0.00172389
v -0.05500914 -0.00011824 0.00075947
v -0.05301127 -0.00040219 0.00075947
v -0.05496209 -0.00011114 0.00200218
v -0.05491866 -0.00010404 0.00271409
v -0.05301127 -0.00035250 0.00200218
v -0.05176983 -0.00046040 0.00200218
v -0.05301127 -0.00023750 0.00324282
v -0.03686901 0.00000812 0.01698557
v -0.03438614 0.00003226 0.01698557
v -0.02593860 -0.00012534 0.00691061
v -0.02593860 0.01370735 0.01191478
v -0.03321347 0.01261698 -0.00427593
v -0.02593860 0.01362358 0.01135691
v -0.02593860 0.01359235 0.01117165
v -0.05525888 0.00001238 -0.00427593
v -0.05431785 -0.00012534 -0.00427593
v -0.05423460 -0.00013811 -0.00419267
v -0.05176983 -0.00047601 -0.00172389
v -0.05176983 -0.00054559 -0.00048325
v -0.05425270 -0.00024176 -0.00172389
v -0.05301127 -0.00040645 -0.00048325
v -0.05425270 -0.00023892 -0.00048325
v -0.05176983 -0.00055268 0.00075947
v -0.05052840 -0.00060947 0.00075947
v -0.03562757 -0.00001460 0.01698557
v -0.03554433 -0.00001176 0.01698557
v -0.02593860 -0.00013670 0.00664416
v -0.02593860 0.01302445 0.00846140
v -0.02593860 0.01296908 0.00820953
v -0.02593860 0.01264537 0.00694807
v -0.03262352 0.01228901 -0.00427593
v -0.05419117 -0.00013527 -0.00427593
v -0.05176983 -0.00030423 -0.00420932
v -0.05052840 -0.00036528 -0.00427593
v -0.05052840 -0.00036953 -0.00420932
v -0.05052840 -0.00051861 -0.00172389
v -0.05052840 -0.00059244 -0.00048325
v -0.02593860 -0.00034398 -0.00427593
v -0.04928697 -0.00059670 0.00075947
v -0.02593860 -0.00016935 0.00572825
v -0.02593860 0.01249772 0.00656298
v -0.03259095 0.01227056 -0.00427593
v -0.05308003 -0.00021052 -0.00427593
v -0.05183860 -0.00029429 -0.00427593
v -0.05176983 -0.00029854 -0.00427593
v -0.02693392 -0.00034682 -0.00427593
v -0.02593860 0.00536486 -0.00427593
v -0.02593860 -0.00034398 -0.00420932
v -0.02593860 -0.00032410 -0.00296660
v -0.02593860 -0.00030707 -0.00197160
v -0.02593860 -0.00026447 0.00051384
v -0.02593860 -0.00026021 0.00075947
v -0.02593860 -0.00019491 0.00448554
v -0.02593860 -0.00017503 0.00548054
v -0.02593860 0.01234013 0.00629237
v 0.03559743 0.06677324 0.01630716
v 0.04634781 0.06673432 0.01630716
v 0.03559743 0.06689867 0.01624037
v 0.03559743 0.03814144 0.01630716
v 0.04758968 0.06669971 0.01630716
v 0.04634781 0.06687272 0.01619716
v 0.03559743 0.06753012 0.01576109
v 0.03559743 0.03455166 0.01389503
v 0.04841133 0.03917945 0.01630716
v 0.04841133 0.06682082 0.01613038
v 0.04758968 0.06685542 0.01617359
v 0.04841133 0.06661321 0.01630716
v 0.04634781 0.06752580 0.01557645
v 0.03559743 0.06826538 0.01512074
v 0.03559743 0.06775935 0.01557252
v 0.03559743 0.03392885 0.01327432
v 0.03726581 0.03338389 0.01261433
v 0.03720936 0.03463816 0.01383217
v 0.04841133 0.03877290 0.01594180
v 0.04841133 0.06907849 0.01384789
v 0.04634781 0.06814428 0.01497538
v 0.04510593 0.06816158 0.01499110
v 0.03559743 0.06842541 0.01489288
v 0.04634781 0.06874114 0.01435467
v 0.04634781 0.06935962 0.01368682
v 0.03889781 0.06941152 0.01374182
v 0.03559743 0.03336227 0.01265361
v 0.04841133 0.03451705 0.01153398
v 0.04841133 0.03482846 0.01194648
v 0.04841133 0.03498848 0.01215469
v 0.04841133 0.03539936 0.01268111
v 0.04841133 0.03560697 0.01294040
v 0.04841133 0.03596162 0.01335289
v 0.04841133 0.03615625 0.01356111
v 0.03559743 0.03138572 0.01008435
v 0.03559743 0.03082347 0.00934578
v 0.03559743 0.03021364 0.00849329
v 0.03766973 0.03302491 0.01202897
v 0.04841133 0.03656713 0.01395003
v 0.04841133 0.06928609 0.01363182
v 0.03765467 0.06936394 0.01365932
v 0.03765467 0.06973590 0.01303861
v 0.03559743 0.06889251 0.01411110
v 0.04841133 0.06965805 0.01321932
v 0.04841133 0.06983105 0.01301111
v 0.04634781 0.06982672 0.01306611
v 0.04013968 0.06983105 0.01310932
v 0.03889781 0.06979212 0.01312111
v 0.04841133 0.03432675 0.01124327
v 0.03765467 0.03234156 0.01105470
v 0.03559743 0.03007091 0.00826936
v 0.04841133 0.03396777 0.01069327
v 0.03559743 0.07100313 0.01055970
v 0.04841133 0.07024193 0.01234326
v 0.04841133 0.07046683 0.01194648
v 0.03559743 0.02935728 0.00705544
v 0.04841133 0.03338389 0.00973078
v 0.04841133 0.03381640 0.01045363
v 0.04789451 0.07071336 0.01136505
v 0.04841133 0.07071336 0.01136898
v 0.03559743 0.07139671 0.00945185
v 0.03559743 0.02927510 0.00683937
v 0.04841133 0.03225073 0.00744829
v 0.04841133 0.03260106 0.00821043
v 0.04841133 0.03296436 0.00892935
v 0.04841133 0.03316764 0.00931828
v 0.04841133 0.07079121 0.01099184
v 0.04841133 0.07120641 -0.00048737
v 0.04841133 0.07121939 -0.00130843
v 0.04841133 0.07128859 -0.00917731
v 0.04758968 0.07129724 -0.00917731
v 0.04634781 0.07130156 -0.00917731
v 0.03559743 0.07139239 0.00821043
v 0.04841133 0.07082581 0.01071684
v 0.04841133 0.07091231 0.00987220
v 0.04841133 0.07093826 0.00945185
v 0.03559743 0.02904587 0.00594366
v 0.04841133 0.03148952 0.00530331
v 0.04841133 0.03161062 0.00572366
v 0.04841133 0.03201718 0.00682758
v 0.04634781 0.07127994 -0.01041873
v 0.04841133 0.07124966 -0.01041873
v 0.04758968 0.07126264 -0.01041873
v 0.04510593 0.07127561 -0.01041873
v 0.04510593 0.07129291 -0.00917731
v 0.04386406 0.07125399 -0.01041873
v 0.03559743 0.07108098 -0.01040694
v 0.03559743 0.02816789 0.00200726
v 0.04841133 0.03128192 0.00448224
v 0.04634781 0.07118479 -0.01166015
v 0.04510593 0.07118911 -0.01166015
v 0.04841133 0.07117181 -0.01123979
v 0.03559743 0.07105504 -0.01087051
v 0.03559743 0.02762293 -0.00049130
v 0.04841133 0.03122137 0.00407760
v 0.03559743 0.02735911 -0.00170522
v 0.03559743 0.02735478 -0.00172879
v 0.04841133 0.07112856 -0.01166015
v 0.04841133 0.07102476 -0.01248121
v 0.04705279 0.07070038 -0.01477941
v 0.03559743 0.07073498 -0.01452013
v 0.03559743 0.07085608 -0.01334549
v 0.03599257 0.07070038 -0.01478334
v 0.03560495 0.07070038 -0.01478334
v 0.04841133 0.03112622 0.00325261
v 0.03559743 0.02721205 -0.00297021
v 0.04841133 0.07095988 -0.01290157
v 0.04841133 0.07069606 -0.01448870
v 0.04841133 0.07066578 -0.01462620
v 0.04841133 0.07039330 -0.01534905
v 0.04841133 0.07002567 -0.01619369
v 0.04013968 0.06991755 -0.01662975
v 0.03559743 0.06994350 -0.01662975
v 0.03559743 0.07053603 -0.01527441
v 0.04841133 0.07077391 -0.01406441
v 0.03559743 0.07070038 -0.01477548
v 0.03559743 0.07069606 -0.01479512
v 0.04841133 0.03107865 0.00278118
v 0.03559743 0.02732451 -0.00414877
v 0.04841133 0.03043421 -0.00544912
v 0.04841133 0.03040826 -0.00420770
v 0.04841133 0.03051206 -0.00297021
v 0.04841133 0.06957154 -0.01714439
v 0.04013968 0.06953262 -0.01738796
v 0.03559743 0.06951532 -0.01734475
v 0.03559743 0.02763591 -0.00670625
v 0.04841133 0.03057694 -0.00669054
v 0.04841133 0.06948504 -0.01730546
v 0.04138156 0.06911309 -0.01799296
v 0.04013968 0.06910444 -0.01800867
v 0.03559743 0.06936394 -0.01756082
v 0.03559743 0.02776999 -0.00769232
v 0.04841133 0.03107432 -0.01041087
v 0.04841133 0.06905686 -0.01789082
v 0.04138156 0.06849028 -0.01877867
v 0.03559743 0.06907417 -0.01796546
v 0.03559743 0.06845136 -0.01875902
v 0.03559743 0.06886224 -0.01823653
v 0.03559743 0.02804679 -0.00862731
v 0.04841133 0.03142465 -0.01208050
v 0.04841133 0.03131220 -0.01166015
v 0.04841133 0.03114352 -0.01082729
v 0.04841133 0.06840811 -0.01869224
v 0.04262218 0.06782855 -0.01937974
v 0.04138156 0.06782855 -0.01939938
v 0.03559743 0.06762960 -0.01958402
v 0.03559743 0.06784153 -0.01937974
v 0.03559743 0.02906750 -0.01043051
v 0.04841133 0.03298166 -0.01565547
v 0.04841133 0.03251456 -0.01481477
v 0.04841133 0.03233723 -0.01448870
v 0.04841133 0.03203448 -0.01386799
v 0.04841133 0.03167118 -0.01290157
v 0.04841133 0.06774205 -0.01931295
v 0.04262218 0.06720574 -0.01992973
v 0.03559743 0.06697652 -0.02018116
v 0.03559743 0.06721872 -0.01996902
v 0.03559743 0.03187013 -0.01495619
v 0.04841133 0.03331037 -0.01619761
v 0.04841133 0.06711924 -0.01985902
v 0.04138156 0.06510377 -0.02168972
v 0.04138156 0.06584768 -0.02107687
v 0.03559743 0.06649644 -0.02058973
v 0.03559743 0.03238048 -0.01570655
v 0.04841133 0.03344877 -0.01640583
v 0.04841133 0.06634939 -0.02044830
v 0.04262218 0.06443339 -0.02218864
v 0.04138156 0.06446799 -0.02220829
v 0.03559743 0.06628019 -0.02076651
v 0.03559743 0.03296869 -0.01648440
v 0.04841133 0.03374287 -0.01681832
v 0.04841133 0.06568333 -0.02094330
v 0.04841133 0.06506052 -0.02139115
v 0.04841133 0.06448529 -0.02179972
v 0.04841133 0.06418254 -0.02201186
v 0.04841133 0.06377166 -0.02228686
v 0.04841133 0.06356406 -0.02242436
v 0.04841133 0.06262120 -0.02289971
v 0.04386406 0.06262120 -0.02299007
v 0.03641280 0.06262120 -0.02311971
v 0.03559743 0.06262120 -0.02313149
v 0.03559743 0.06377598 -0.02255007
v 0.03559743 0.06439446 -0.02215721
v 0.03559743 0.06486157 -0.02182329
v 0.03559743 0.06560980 -0.02128115
v 0.03559743 0.06587363 -0.02108472
v 0.03559743 0.03407158 -0.01787510
v 0.04841133 0.03436568 -0.01762368
v 0.04841133 0.03395480 -0.01709725
v 0.04841133 0.06134963 -0.02330042
v 0.04634781 0.06153994 -0.02334364
v 0.04510593 0.06166104 -0.02336328
v 0.04386406 0.06173024 -0.02337114
v 0.03559743 0.06233574 -0.02323363
v 0.03559743 0.03448245 -0.01835831
v 0.04197741 0.03592269 -0.01973330
v 0.04841133 0.03490631 -0.01824439
v 0.04841133 0.06052788 -0.02338685
v 0.04717447 0.06082198 -0.02347328
v 0.04634781 0.06092145 -0.02349685
v 0.04510593 0.06103823 -0.02353220
v 0.04386406 0.06111176 -0.02356756
v 0.03559743 0.06181674 -0.02341828
v 0.04262218 0.06112041 -0.02357935
v 0.03559743 0.03463816 -0.01853117
v 0.03559743 0.03530421 -0.01920295
v 0.04114949 0.03591837 -0.01973723
v 0.03559743 0.03653253 -0.02036973
v 0.03559743 0.03703423 -0.02082937
v 0.04013968 0.03722021 -0.02092758
v 0.04510593 0.03735428 -0.02083329
v 0.04634781 0.03739321 -0.02080580
v 0.04841133 0.03673580 -0.02012223
v 0.04841133 0.03632492 -0.01974116
v 0.04841133 0.03611732 -0.01953688
v 0.04841133 0.03572374 -0.01912438
v 0.04841133 0.03552912 -0.01891617
v 0.04841133 0.06013862 -0.02342614
v 0.04634781 0.06013862 -0.02354792
v 0.04510593 0.06013862 -0.02361864
v 0.04386406 0.06013862 -0.02367756
v 0.04262218 0.06013862 -0.02370899
v 0.03559743 0.06160481 -0.02346542
v 0.03765467 0.06013862 -0.02370113
v 0.03559743 0.06119826 -0.02355578
v 0.03559743 0.03754026 -0.02127329
v 0.03559743 0.03773489 -0.02143829
v 0.03559743 0.03855665 -0.02210222
v 0.04013968 0.03784301 -0.02142651
v 0.04138156 0.03787329 -0.02140293
v 0.04138156 0.03867775 -0.02202364
v 0.04758968 0.03744079 -0.02077044
v 0.04841133 0.03697801 -0.02033044
v 0.04386406 0.05392786 -0.02368935
v 0.04841133 0.04523884 -0.02324542
v 0.04013968 0.05765172 -0.02378363
v 0.04262218 0.05392786 -0.02373256
v 0.03889781 0.05765172 -0.02381113
v 0.03889781 0.05889301 -0.02378363
v 0.03559743 0.06013862 -0.02368149
v 0.03559743 0.06083928 -0.02359899
v 0.03559743 0.03917513 -0.02250293
v 0.04013968 0.03926595 -0.02245186
v 0.04013968 0.03864315 -0.02204722
v 0.04138156 0.03930055 -0.02243221
v 0.04841133 0.03962926 -0.02223186
v 0.04841133 0.03931353 -0.02201972
v 0.04841133 0.03907998 -0.02186258
v 0.04841133 0.03809387 -0.02119079
v 0.04841133 0.03747539 -0.02074294
v 0.04841133 0.04441708 -0.02322578
v 0.03889781 0.05641043 -0.02381899
v 0.03641280 0.05268657 -0.02377970
v 0.03765467 0.05516914 -0.02382685
v 0.03834712 0.04211183 -0.02346149
v 0.03765467 0.05641043 -0.02382292
v 0.03765467 0.05765172 -0.02379542
v 0.03765467 0.05889301 -0.02376399
v 0.03559743 0.05889301 -0.02371685
v 0.03559743 0.04026937 -0.02302150
v 0.03765467 0.04026937 -0.02299007
v 0.03889781 0.04026937 -0.02297042
v 0.04013968 0.04026937 -0.02294292
v 0.04138156 0.04026937 -0.02290364
v 0.04841133 0.03971143 -0.02226721
v 0.04841133 0.04399323 -0.02321006
v 0.03559743 0.05268657 -0.02377970
v 0.03641280 0.05392786 -0.02380328
v 0.03641280 0.05516914 -0.02381113
v 0.04841133 0.04275194 -0.02315114
v 0.03881502 0.04162310 -0.02335935
v 0.03756687 0.04162310 -0.02337506
v 0.03792187 0.04211183 -0.02346149
v 0.03641280 0.05641043 -0.02380328
v 0.03559743 0.05722787 -0.02376399
v 0.03641280 0.04151065 -0.02334756
v 0.03559743 0.04151065 -0.02334364
v 0.04841133 0.04019584 -0.02247150
v 0.04013968 0.04151065 -0.02328471
v 0.04758968 0.04151065 -0.02297435
v 0.04841133 0.04151065 -0.02293900
v 0.04758968 0.04026937 -0.02254614
v 0.03559743 0.05144096 -0.02374042
v 0.03559743 0.05598225 -0.02378363
v 0.03559743 0.04275194 -0.02341828
v 0.03559743 0.05641043 -0.02377970
v -0.01711816 0.01504509 0.01698765
v -0.02593498 0.01359310 0.01117036
v -0.02593498 0.01362404 0.01135846
v -0.02593498 0.01370815 0.01191581
v -0.02593498 0.01379781 0.01317819
v -0.02593498 0.01373433 0.01441968
v -0.02593498 0.01362881 0.01567789
v -0.02593498 0.01357247 0.01634531
v -0.02593498 0.01347409 0.01694167
v -0.02593498 0.01346536 0.01698765
v -0.01711816 0.00693933 0.01698765
v -0.01711816 0.01443018 0.01451861
v -0.02593498 0.01296946 0.00821085
v -0.02593498 0.01302421 0.00846305
v -0.02593498 0.00693933 0.01698765
v -0.01711816 0.00693933 0.00688855
v -0.01711816 0.01285441 0.00833486
v -0.02593498 0.01264574 0.00694986
v -0.02593498 0.00693933 0.00275305
v -0.01711816 0.00797477 0.00671438
v -0.01711816 0.01281394 0.00819971
v -0.02593498 0.01249816 0.00656529
v -0.02593498 0.01171662 0.00580730
v -0.01711816 0.01166267 0.00679659
v -0.01711816 0.01045823 0.00645800
v -0.01711816 0.00917206 0.00654718
v -0.01711816 0.01249419 0.00746819
v -0.01711816 0.01246959 0.00742221
v -0.02593498 0.01234105 0.00629219
v -0.01711816 0.01174043 0.00685233
v -0.01981963 0.04645042 0.02069098
v -0.01699370 0.04645042 0.02064849
v -0.01981963 0.04645042 0.02394091
v -0.01981963 0.04896406 0.02058357
v -0.01947814 0.04896406 0.02056896
v -0.01823490 0.04896406 0.02054619
v -0.01696711 0.04645042 0.02064883
v -0.01699370 0.05020601 0.02046869
v -0.00710702 0.04645042 0.02394091
v -0.01981963 0.06039817 0.02394091
v -0.01981963 0.04930615 0.02057576
v -0.01981963 0.05020601 0.02055570
v -0.01947814 0.05020601 0.02054143
v -0.01575249 0.04645042 0.02067262
v -0.01575249 0.05144796 0.02049453
v -0.01575249 0.05020601 0.02051764
v -0.01575249 0.06014160 0.02075691
v 0.00039335 0.07752516 0.02110087
v -0.00747100 0.04645042 0.02352795
v 0.00106610 0.05515149 0.02394091
v -0.01939635 0.06094477 0.02394091
v -0.01981963 0.06040932 0.02314593
v -0.01981963 0.05054810 0.02056386
v -0.01823490 0.05889965 0.02079226
v -0.01572591 0.04645042 0.02067398
v -0.00705999 0.06014160 0.02070491
v -0.00705999 0.06138355 0.02071171
v -0.00581675 0.06014160 0.02078614
v -0.01699370 0.06014160 0.02080144
v -0.01326804 0.06386744 0.02084766
v -0.00084989 0.07752516 0.02113248
v 0.00106610 0.07879685 0.02114811
v 0.00106610 0.07752516 0.02110121
v -0.00806195 0.04645042 0.02290869
v -0.00807626 0.04645042 0.02289544
v -0.00868562 0.04645042 0.02233803
v -0.00869789 0.04645042 0.02232750
v 0.00106610 0.05535229 0.02379000
v 0.00106610 0.08443768 0.02394091
v -0.01562776 0.06578986 0.02394091
v -0.01981963 0.06040932 0.02311466
v -0.01981963 0.05517380 0.02072123
v -0.01947814 0.05765770 0.02081639
v -0.01829420 0.06018994 0.02101556
v -0.01326804 0.06510939 0.02098735
v -0.00153900 0.07822793 0.02123512
v -0.01448266 0.04645042 0.02077968
v -0.00581675 0.06138355 0.02074332
v -0.00457554 0.06014160 0.02091700
v -0.00457554 0.06138355 0.02085752
v -0.00200930 0.07745079 0.02120283
v -0.00084989 0.07844732 0.02120861
v 0.00106610 0.08055566 0.02126062
v 0.00106610 0.07990122 0.02121371
v 0.00106610 0.07628321 0.02110427
v -0.00952195 0.04645042 0.02187376
v 0.00106610 0.05777297 0.02226734
v 0.00106610 0.05715943 0.02256201
v 0.00106610 0.05694748 0.02269763
v 0.00106610 0.05637485 0.02308101
v 0.00106610 0.08439678 0.02370333
v 0.00101293 0.08435587 0.02373562
v 0.00099453 0.08437446 0.02394091
v -0.01540283 0.06606502 0.02394091
v -0.01980736 0.06042420 0.02311466
v -0.01905895 0.06097824 0.02217591
v -0.01981963 0.05996683 0.02201447
v -0.01981963 0.05641575 0.02078580
v -0.01981963 0.05765026 0.02088301
v -0.01947610 0.05889593 0.02102066
v -0.01791795 0.06108979 0.02113316
v -0.01418412 0.06510939 0.02115457
v -0.00777159 0.07202563 0.02121949
v -0.00279656 0.07698599 0.02123172
v -0.00236715 0.07781148 0.02135952
v 0.00039335 0.08125100 0.02167459
v -0.01326804 0.04645042 0.02093297
v 0.00106610 0.06138355 0.02145843
v 0.00106610 0.07504126 0.02112976
v 0.00106610 0.08063375 0.02128611
v -0.00954239 0.04645042 0.02186356
v 0.00106610 0.05889965 0.02190163
v 0.00106610 0.08429266 0.02353713
v -0.00636067 0.07557299 0.02267587
v -0.01394897 0.06703925 0.02241485
v -0.01412278 0.06722888 0.02311466
v -0.01488754 0.06668600 0.02394091
v -0.01528219 0.06590513 0.02311466
v -0.01874610 0.06063986 0.02134796
v -0.01514109 0.06573780 0.02247942
v -0.01981963 0.05945369 0.02150431
v -0.01981963 0.05872488 0.02107300
v -0.01391012 0.06574896 0.02124022
v -0.01906100 0.05981066 0.02113792
v 0.00106610 0.08336678 0.02232036
v -0.00362471 0.07653606 0.02135510
v 0.00106610 0.08245948 0.02190503
v 0.00106610 0.08122125 0.02148188
v -0.01324146 0.04645042 0.02093705
v 0.00106610 0.06014160 0.02161647
v -0.01193483 0.04645042 0.02114302
v -0.01084699 0.04645042 0.02138263
v 0.00106610 0.08396544 0.02301609
v -0.00273930 0.07941783 0.02246447
v -0.01474440 0.06652610 0.02311466
v -0.01981963 0.05924174 0.02137345
v 0.00088820 0.08326266 0.02238018
v -0.01098808 0.04645042 0.02134354
v -0.01137864 0.04645042 0.02123988
v 0.02191172 0.03654321 0.02394184
v 0.02049369 0.03654321 0.02932236
v 0.02049369 0.03654046 0.02932423
v 0.02052066 0.03529827 0.02932423
v 0.02122583 0.02454321 0.02394184
v -0.01745414 0.03654321 0.02394184
v 0.02009294 0.03654321 0.03056409
v 0.02009294 0.03654046 0.03056689
v 0.02010450 0.03529827 0.03056689
v 0.02044360 0.03405609 0.02932423
v 0.02119500 0.02405403 0.02394184
v -0.01745414 0.02916018 0.02394184
v -0.01745414 0.03654321 0.03097209
v 0.01973843 0.03654321 0.03135208
v 0.01973843 0.03654046 0.03135394
v 0.01974229 0.03529827 0.03135581
v 0.01952650 0.02908872 0.03091607
v 0.01976926 0.02908872 0.03029427
v 0.01993110 0.02250679 0.02833551
v 0.02000046 0.02250679 0.02808343
v 0.02023166 0.02250679 0.02721422
v 0.02105243 0.02400868 0.02447868
v 0.01973843 0.02250679 0.02898532
v 0.02113334 0.02322682 0.02394184
v -0.01745414 0.02914094 0.02396051
v -0.01180127 0.02250679 0.02394184
v -0.01195926 0.02250679 0.02406508
v -0.01214807 0.02250679 0.02423313
v -0.01256038 0.02250679 0.02467194
v -0.01745414 0.03654046 0.03232212
v -0.01699174 0.03654321 0.03232866
v 0.01933383 0.03654321 0.03197481
v 0.01933383 0.03654046 0.03197481
v 0.01932227 0.03529827 0.03197668
v 0.01914116 0.03157172 0.03180862
v 0.01904097 0.03032953 0.03180862
v 0.01940319 0.02250679 0.02991429
v 0.01952650 0.02250679 0.02960618
v 0.01860940 0.02250679 0.03145851
v 0.01896776 0.02250679 0.03083671
v 0.01911419 0.02250679 0.03056689
v 0.02077884 0.02250679 0.02509861
v 0.02095995 0.02250679 0.02438625
v 0.02107554 0.02259473 0.02394184
v -0.01745414 0.02901864 0.02408002
v 0.02106398 0.02250679 0.02394184
v -0.01328866 0.02250679 0.02565412
v -0.01745414 0.02832060 0.02480732
v -0.01745414 0.02891146 0.02418645
v -0.01745414 0.03608014 0.03231185
v -0.00208696 0.03281390 0.03338459
v -0.00581316 0.03654321 0.03300834
v 0.01871344 0.03654321 0.03270771
v 0.01871344 0.03654046 0.03270958
v 0.01870188 0.03529827 0.03271331
v 0.01857857 0.03157172 0.03262929
v 0.01793506 0.02250679 0.03207938
v -0.01329252 0.02250679 0.02566066
v -0.01745414 0.02772012 0.02559904
v -0.01745414 0.03529827 0.03226517
v -0.00906154 0.02250679 0.03243696
v -0.01281856 0.03032953 0.03247804
v -0.01202476 0.03032953 0.03254993
v -0.00457238 0.03654321 0.03304195
v -0.00705779 0.02250679 0.03260968
v -0.00581316 0.02250679 0.03266476
v 0.00784313 0.02250679 0.03315959
v 0.00995477 0.02250679 0.03322401
v 0.01032854 0.02250679 0.03323521
v 0.01119555 0.02250679 0.03325389
v 0.01156932 0.02250679 0.03325949
v 0.01529551 0.03032953 0.03342101
v 0.01653630 0.03157172 0.03344155
v 0.01653630 0.03529827 0.03347796
v 0.01653630 0.03654321 0.03347703
v 0.01778093 0.03654321 0.03326229
v 0.01778093 0.03529827 0.03327069
v 0.01778093 0.03157172 0.03311664
v 0.01778093 0.03032953 0.03301021
v 0.01731082 0.02250679 0.03250605
v -0.01330022 0.02250679 0.02567466
v -0.01745414 0.02681047 0.02687251
v -0.01745414 0.02696849 0.02664284
v -0.01745414 0.02724743 0.02625165
v -0.01745414 0.03483795 0.03223529
v -0.00990927 0.02250679 0.03228384
v -0.00836793 0.02250679 0.03250885
v -0.01745414 0.03405609 0.03217647
v 0.01244018 0.02250679 0.03323241
v 0.01653630 0.03032953 0.03339766
v 0.01653630 0.02908872 0.03333324
v 0.01653630 0.02784791 0.03323988
v 0.01708347 0.02250679 0.03257233
v -0.01369712 0.02250679 0.02693040
v -0.01745414 0.02626770 0.02808343
v -0.01745414 0.02646420 0.02764462
v -0.01745414 0.03281390 0.03201869
v -0.01115391 0.02250679 0.03192440
v 0.01281396 0.02250679 0.03321747
v 0.01368096 0.02250679 0.03316146
v 0.01405473 0.02250679 0.03313345
v 0.01529551 0.02250679 0.03298500
v 0.01653630 0.02250679 0.03272825
v -0.01360464 0.02250679 0.02763436
v -0.01745414 0.02650954 0.02886488
v -0.01331564 0.02250679 0.02933917
v -0.01294957 0.02250679 0.03056689
v -0.01745414 0.03157172 0.03177781
v -0.01226367 0.02250679 0.03146971
v -0.01745414 0.02668130 0.02935317
v -0.01265671 0.02250679 0.03111494
v -0.01745414 0.03029793 0.03143517
v -0.01242937 0.02250679 0.03132874
v -0.01745414 0.02961088 0.03122417
v -0.01745414 0.02902139 0.03096929
v -0.01745414 0.02849649 0.03070133
v -0.01745414 0.02744393 0.03015796
v -0.01745414 0.02717048 0.02998431
v -0.02066062 0.04645477 -0.04005010
v -0.01991377 0.04645477 -0.04005828
v -0.02066062 0.04645477 -0.02797975
v -0.02066062 0.05269031 -0.04018912
v -0.01947795 0.04645477 -0.04006237
v -0.01450924 0.04645477 -0.02829050
v -0.01575142 0.05144586 -0.02748499
v -0.01699360 0.05144586 -0.02743184
v -0.01706655 0.05280344 -0.02725193
v -0.01823577 0.05322934 -0.02717697
v -0.01900950 0.05321936 -0.02717560
v -0.01944532 0.05276018 -0.02726692
v -0.02066062 0.05269363 -0.02741548
v -0.02066062 0.05393142 -0.04019321
v -0.01947795 0.05393142 -0.04018776
v -0.01573030 0.04645477 -0.04006509
v -0.01697056 0.04645477 -0.04007327
v -0.01823577 0.04645477 -0.04007327
v -0.01346865 0.04645477 -0.02836955
v -0.01575142 0.05269031 -0.02732144
v -0.00830218 0.06262591 -0.02646278
v -0.00954436 0.06262591 -0.02638372
v -0.01670177 0.05339239 -0.02719605
v -0.01752925 0.05329256 -0.02718514
v -0.01904982 0.05393142 -0.02716879
v -0.01966994 0.05393142 -0.02723557
v -0.02066062 0.05276018 -0.02741276
v -0.00954436 0.06386370 -0.02628150
v -0.01078462 0.06386370 -0.02634011
v -0.02066062 0.05517254 -0.04007872
v -0.01326706 0.06262591 -0.04012779
v -0.01450924 0.06014034 -0.04014687
v -0.01202488 0.05393142 -0.04007600
v -0.01450924 0.04645477 -0.04003375
v -0.01285044 0.04645477 -0.02845678
v -0.00104685 0.05765811 -0.02811877
v -0.00104685 0.05869958 -0.02794431
v -0.00706000 0.06262591 -0.02663315
v -0.00706000 0.06386370 -0.02649958
v -0.00830218 0.06386370 -0.02634420
v -0.01941460 0.05518252 -0.02726965
v -0.02066062 0.05393142 -0.02740731
v -0.01078462 0.06510481 -0.02639599
v -0.00830218 0.06510481 -0.02630058
v -0.00954436 0.06510481 -0.02626924
v -0.02066062 0.05635377 -0.03981158
v -0.01420013 0.06359750 -0.03976797
v -0.01334961 0.06395354 -0.03989609
v -0.01575142 0.06014034 -0.04010871
v -0.01202488 0.06262591 -0.04009917
v -0.00436637 0.07355640 -0.03967529
v -0.00104685 0.07621831 -0.03966847
v -0.00104685 0.07503709 -0.03971890
v -0.00333346 0.06883150 -0.03986883
v -0.01078462 0.05393142 -0.04001058
v -0.01326706 0.04645477 -0.03997377
v -0.00333346 0.06759038 -0.03986065
v -0.01202488 0.04645477 -0.02861898
v -0.00104685 0.05747177 -0.02816102
v -0.00104685 0.05889922 -0.02791978
v -0.00209128 0.06759038 -0.02679125
v -0.00333346 0.06759038 -0.02663042
v -0.00209128 0.06883150 -0.02667949
v -0.00333346 0.06883150 -0.02655137
v -0.02066062 0.05398799 -0.02741140
v -0.00954436 0.06634926 -0.02635647
v -0.01078462 0.06634926 -0.02657727
v -0.02066062 0.05517254 -0.02756268
v -0.00333346 0.07007261 -0.02650775
v -0.00209128 0.07255818 -0.02654864
v -0.00209128 0.07379930 -0.02655001
v -0.00333346 0.07379930 -0.02660180
v -0.02066062 0.05638371 -0.03980341
v -0.01381807 0.06442603 -0.03955671
v -0.00519577 0.07317707 -0.03960714
v -0.02023248 0.05717563 -0.03969573
v -0.00131563 0.07672075 -0.03958261
v -0.00104685 0.07646121 -0.03963985
v -0.00104685 0.07379930 -0.03972981
v -0.01324594 0.04645477 -0.03997241
v -0.00104685 0.06015365 -0.03953627
v -0.01080765 0.04645477 -0.02890247
v -0.00104685 0.05679631 -0.02834502
v -0.00104685 0.06863185 -0.02685258
v -0.00104685 0.06883150 -0.02683486
v -0.00104685 0.06987630 -0.02676808
v -0.00104685 0.07007261 -0.02675854
v -0.00209128 0.07007261 -0.02662088
v -0.00954436 0.06759038 -0.02655410
v -0.01081725 0.06760036 -0.02692618
v -0.01181561 0.06634926 -0.02696435
v -0.02066062 0.05523244 -0.02757495
v -0.00209128 0.07131706 -0.02657863
v -0.00104685 0.07255818 -0.02666586
v -0.00104685 0.07360298 -0.02666041
v -0.00104685 0.07379930 -0.02666177
v -0.00104685 0.07484410 -0.02670266
v -0.00104685 0.07608522 -0.02687848
v -0.00209128 0.07504041 -0.02673264
v -0.00104685 0.07715331 -0.02712790
v -0.00152682 0.07696032 -0.02716606
v -0.00326626 0.07504041 -0.02695480
v -0.00459292 0.07382259 -0.02691392
v -0.02066062 0.05747843 -0.03891067
v -0.00777228 0.07204243 -0.03849906
v -0.00415134 0.07589888 -0.03854267
v -0.00170346 0.07842437 -0.03859310
v -0.00104685 0.07873715 -0.03884797
v -0.00104685 0.07760251 -0.03939179
v -0.00104685 0.07726977 -0.03951719
v -0.01202488 0.04645477 -0.03985792
v -0.00104685 0.05909554 -0.03949129
v -0.01078462 0.04645477 -0.02890792
v -0.00104685 0.05668651 -0.02838727
v -0.00956547 0.04645477 -0.02928682
v -0.00954436 0.04645477 -0.02929364
v -0.00104685 0.07111742 -0.02671083
v -0.00104685 0.07131706 -0.02670402
v -0.01154298 0.06719442 -0.02709655
v -0.01042367 0.06848545 -0.02707202
v -0.02066062 0.05642031 -0.02801655
v -0.00104685 0.07235853 -0.02667131
v -0.00104685 0.07706014 -0.02710337
v -0.00104685 0.07759253 -0.02730236
v -0.00418974 0.07462782 -0.02705975
v -0.00539544 0.07342663 -0.02705566
v -0.02066062 0.05753166 -0.03884934
v -0.02061838 0.05755828 -0.03887251
v -0.01499113 0.06432620 -0.03806018
v -0.01448044 0.06507820 -0.03768537
v -0.00738638 0.07284433 -0.03774398
v -0.00154794 0.07947250 -0.03729420
v -0.00133867 0.07925290 -0.03812152
v -0.02017488 0.05835020 -0.03846089
v -0.00104685 0.07896341 -0.03863535
v -0.01200376 0.04645477 -0.03985520
v -0.00104685 0.05889922 -0.03947766
v -0.00104685 0.05619073 -0.02861898
v -0.00873032 0.04645477 -0.02959894
v -0.00811978 0.04645477 -0.02983473
v -0.00706000 0.04645477 -0.03028451
v -0.00610580 0.04645477 -0.03073974
v -0.01124923 0.06802294 -0.02738686
v -0.02066062 0.05656339 -0.02808197
v -0.02066062 0.05649019 -0.02804517
v -0.00501914 0.07425515 -0.02739504
v -0.00998209 0.06931397 -0.02739368
v -0.00104685 0.07778884 -0.02743593
v -0.00104685 0.07852420 -0.02795113
v -0.00104685 0.07865729 -0.02804790
v -0.00168810 0.07834452 -0.02823735
v -0.02066062 0.05806405 -0.03774398
v -0.01517544 0.06453916 -0.03723287
v -0.00162474 0.07956234 -0.03650232
v -0.00104685 0.08017125 -0.03650232
v -0.00104685 0.07984517 -0.03760768
v -0.00104685 0.07968213 -0.03790753
v -0.00830218 0.04645477 -0.03926776
v -0.00104685 0.05765811 -0.03933319
v -0.00104685 0.05609756 -0.02866804
v -0.00549527 0.04645477 -0.03107094
v -0.00457756 0.04645477 -0.03160522
v -0.00251750 0.07796519 -0.02874846
v -0.00158250 0.07950578 -0.02951171
v -0.01149306 0.06830577 -0.02821554
v -0.02066062 0.05711574 -0.02858081
v -0.02031887 0.05727213 -0.02827278
v -0.00290916 0.07713667 -0.02821690
v -0.00104685 0.07926288 -0.02859581
v -0.00123116 0.07917304 -0.02868440
v -0.02066062 0.05810065 -0.03724786
v -0.01520232 0.06456910 -0.03650232
v -0.01465131 0.06519133 -0.03650232
v -0.01403118 0.06588010 -0.03650232
v -0.00117932 0.08030768 -0.03277736
v -0.00109101 0.08022117 -0.03525931
v -0.00104685 0.08019122 -0.03626517
v -0.00104685 0.08017459 -0.03648188
v -0.00827914 0.04645477 -0.03926368
v -0.00104685 0.05641366 -0.03901562
v -0.00517081 0.04645477 -0.03838048
v -0.00580438 0.04645477 -0.03860537
v -0.00703696 0.04645477 -0.03898836
v -0.00706000 0.04645477 -0.03899517
v -0.00104685 0.05494628 -0.02932226
v -0.00382687 0.04645477 -0.03206726
v -0.00104685 0.07980192 -0.02924866
v -0.00104685 0.08025111 -0.03029269
v -0.00168426 0.07962224 -0.03029269
v -0.00116780 0.08031433 -0.03153571
v -0.01510633 0.06445597 -0.03153571
v -0.02066062 0.05805739 -0.03153571
v -0.02066062 0.05788770 -0.03023953
v -0.02066062 0.05782780 -0.03000783
v -0.02066062 0.05753832 -0.02925684
v -0.02066062 0.05747510 -0.02911100
v -0.00104685 0.07948581 -0.02885613
v -0.02066062 0.05812727 -0.03650232
v -0.01519272 0.06455579 -0.03525931
v -0.01464747 0.06517802 -0.03525931
v -0.01402734 0.06588010 -0.03525931
v -0.00104685 0.08044743 -0.03277736
v -0.00104685 0.08026775 -0.03525931
v -0.00104685 0.05519916 -0.03854540
v -0.00370784 0.04645477 -0.03732691
v -0.00453148 0.04645477 -0.03793615
v -0.00454876 0.04645477 -0.03794842
v -0.00515929 0.04645477 -0.03837366
v -0.00104685 0.05474331 -0.02944902
v -0.00327010 0.04645477 -0.03281825
v -0.00104685 0.05447046 -0.02962484
v -0.00104685 0.08043745 -0.03153571
v -0.00104685 0.05261710 -0.03750137
v -0.00369632 0.04645477 -0.03731737
v -0.00242150 0.04645477 -0.03414168
v -0.00104685 0.05369185 -0.03029541
v -0.00104685 0.05205477 -0.03725468
v -0.00308771 0.04645477 -0.03672040
v -0.00224295 0.04645477 -0.03522660
v -0.00104685 0.05085026 -0.03357469
v -0.00104685 0.05120296 -0.03296954
v -0.00104685 0.05131609 -0.03279099
v -0.00104685 0.05244741 -0.03152071
v -0.00104685 0.05317943 -0.03077926
v -0.00104685 0.05342233 -0.03054892
v -0.00104685 0.05175198 -0.03703251
v -0.00251558 0.04645477 -0.03608117
v -0.00252902 0.04645477 -0.03609889
v -0.00307619 0.04645477 -0.03670813
v -0.00224487 0.04645477 -0.03526203
v -0.00104685 0.05061401 -0.03525931
v -0.00104685 0.05065394 -0.03428888
v -0.00104685 0.05066725 -0.03401765
v -0.00104685 0.05132607 -0.03668360
v -0.00104685 0.05108317 -0.03635512
v 0.00106814 0.05943082 0.02180276
v 0.00106814 0.05943082 0.02394091
v 0.00106814 0.06014107 0.02161650
v 0.00987555 0.05943082 0.02014311
v 0.01995931 0.05943082 0.02394091
v 0.00106814 0.08443740 0.02394091
v 0.00106814 0.06138317 0.02145849
v 0.00980795 0.06014107 0.02014311
v 0.02199778 0.05943082 0.02014311
v 0.00106814 0.07504620 0.02112983
v 0.00106814 0.07628830 0.02110455
v 0.01977903 0.08994790 0.02394091
v 0.00870984 0.09271002 0.02394091
v 0.00106814 0.08439622 0.02370333
v 0.00978541 0.06138317 0.02014311
v 0.00106814 0.07752696 0.02110157
v 0.01982615 0.09119000 0.02014311
v 0.01980976 0.09119000 0.02187303
v 0.01979337 0.09119000 0.02311480
v 0.01975239 0.09119000 0.02394091
v 0.01977083 0.09036308 0.02394091
v 0.00934699 0.09335851 0.02394091
v 0.00944737 0.09333106 0.02311480
v 0.00106814 0.08429329 0.02353715
v 0.01048607 0.09351292 0.02014311
v 0.00962766 0.09042827 0.02014311
v 0.00106814 0.07879650 0.02114805
v 0.00987146 0.09246640 0.02014311
v 0.00963585 0.09106647 0.02014311
v 0.01971347 0.09201692 0.02014311
v 0.01970937 0.09203064 0.02187303
v 0.01969913 0.09199633 0.02311480
v 0.01967864 0.09192427 0.02394091
v 0.00964405 0.09354380 0.02394091
v 0.01033037 0.09388349 0.02311480
v 0.00106814 0.08396389 0.02301590
v 0.01088966 0.09374967 0.02014311
v 0.00106814 0.08245760 0.02190500
v 0.00106814 0.08336686 0.02232029
v 0.00123818 0.08409084 0.02290734
v 0.00106814 0.07990135 0.02121385
v 0.00106814 0.08055328 0.02126032
v 0.00106814 0.08063563 0.02128635
v 0.00106814 0.08122236 0.02148191
v 0.01955777 0.09239091 0.02014311
v 0.01946557 0.09265168 0.02187303
v 0.01944509 0.09261737 0.02311480
v 0.01941026 0.09254532 0.02394091
v 0.01033037 0.09390064 0.02394091
v 0.01157189 0.09417857 0.02187303
v 0.01157189 0.09413740 0.02063089
v 0.01157189 0.09411338 0.02014311
v 0.01945328 0.09263796 0.02014311
v 0.01883047 0.09341342 0.02014311
v 0.01884481 0.09340312 0.02187303
v 0.01882433 0.09337910 0.02311480
v 0.01878950 0.09338253 0.02394091
v 0.01074626 0.09400358 0.02394091
v 0.01157189 0.09418886 0.02311480
v 0.01242620 0.09427121 0.02014311
v 0.01190173 0.09418886 0.02014311
v 0.01819537 0.09378398 0.02014311
v 0.01778153 0.09401044 0.02187303
v 0.01778153 0.09397270 0.02394091
v 0.01812981 0.09377369 0.02394091
v 0.01778153 0.09402073 0.02063089
v 0.01157189 0.09418200 0.02394091
v 0.01405493 0.09443934 0.02063089
v 0.01405493 0.09443591 0.02014311
v 0.01778153 0.09402073 0.02014311
v 0.01706653 0.09428151 0.02187303
v 0.01690468 0.09426092 0.02394091
v 0.01707883 0.09428151 0.02063089
v 0.01317193 0.09431925 0.02394091
v 0.01405493 0.09436386 0.02394091
v 0.01529644 0.09448395 0.02063089
v 0.01529644 0.09447365 0.02014311
v 0.01735540 0.09417857 0.02014311
v 0.01645806 0.09437072 0.02063089
v 0.01644577 0.09436386 0.02187303
v 0.01669571 0.09428837 0.02394091
v 0.01706244 0.09427807 0.02014311
v 0.01447081 0.09437415 0.02394091
v 0.01573692 0.09443591 0.02014311
v 0.01529644 0.09438101 0.02394091
v 0.01564268 0.09437072 0.02394091
v 0.01628392 0.09433641 0.02394091
v 0.01643963 0.09436729 0.02014311
v 0.02013084 0.02250542 0.01630753
v 0.02336955 0.02250542 0.01630753
v 0.02013084 0.02250542 0.02014273
v 0.02013084 0.07789372 0.01630753
v 0.02196574 0.02250542 0.02014273
v 0.02960748 0.03140213 0.01630753
v 0.02013084 0.06222873 0.02014273
v 0.02013084 0.07741770 0.01680726
v 0.02013207 0.07742317 0.01680650
v 0.02647562 0.07840257 0.01630753
v 0.02988381 0.03181249 0.01630753
v 0.03019454 0.03234323 0.01630753
v 0.03046843 0.03282472 0.01630753
v 0.02998944 0.03284661 0.01692402
v 0.02966397 0.03327886 0.01760996
v 0.03267792 0.03939056 0.01763662
v 0.03267792 0.04026054 0.01796251
v 0.03267792 0.04150257 0.01830754
v 0.03267792 0.04522868 0.01933402
v 0.03267792 0.04523963 0.01933627
v 0.03267792 0.04647072 0.01958444
v 0.03267792 0.04648167 0.01958632
v 0.03267792 0.04772370 0.01974213
v 0.03188698 0.04772370 0.01996365
v 0.03126675 0.04772370 0.02012471
v 0.03119428 0.04772370 0.02014273
v 0.03074231 0.05564648 0.02014273
v 0.03267792 0.05889657 0.01966291
v 0.02771731 0.07255898 0.01837362
v 0.02771731 0.07380102 0.01819191
v 0.02013084 0.07504306 0.01798316
v 0.02013084 0.07628509 0.01760133
v 0.02647562 0.07829862 0.01638000
v 0.02743237 0.07824937 0.01634658
v 0.02746676 0.07829314 0.01630753
v 0.03076688 0.03343207 0.01630753
v 0.03267792 0.03876681 0.01729759
v 0.03267792 0.04897121 0.01983750
v 0.03201593 0.04856632 0.01999706
v 0.03151975 0.04888367 0.02014273
v 0.03116112 0.05521423 0.02014273
v 0.03267792 0.05764359 0.01979094
v 0.03267792 0.05888563 0.01966404
v 0.03267792 0.06013861 0.01942600
v 0.02906953 0.07388856 0.01782923
v 0.02872810 0.07481325 0.01769782
v 0.02781802 0.07515249 0.01779694
v 0.02647562 0.07504306 0.01790882
v 0.02647562 0.07651490 0.01733851
v 0.02647562 0.07752713 0.01681364
v 0.02647562 0.07589114 0.01763399
v 0.02779468 0.07763109 0.01661728
v 0.02820858 0.07806334 0.01630753
v 0.02747044 0.07582001 0.01760734
v 0.03079635 0.03349225 0.01630753
v 0.03267792 0.03796796 0.01667322
v 0.03210436 0.04939252 0.02002034
v 0.03267792 0.05020778 0.01989757
v 0.03217682 0.05020778 0.02004324
v 0.03154554 0.04897668 0.02014273
v 0.03132693 0.05503367 0.02014273
v 0.03169906 0.05425671 0.02014273
v 0.03267792 0.05640155 0.01986378
v 0.03267792 0.06138064 0.01905469
v 0.02955589 0.07435911 0.01750784
v 0.02829824 0.07564492 0.01751685
v 0.02957063 0.07694715 0.01630753
v 0.02781802 0.07625226 0.01731937
v 0.02896023 0.07721525 0.01645621
v 0.03267792 0.03755760 0.01630753
v 0.03180346 0.05020778 0.02014273
v 0.03267792 0.05144434 0.01993098
v 0.03224438 0.05144434 0.02006539
v 0.03188698 0.05088625 0.02014273
v 0.03178012 0.05392842 0.02014273
v 0.03216209 0.05486405 0.02003385
v 0.03224315 0.05392842 0.02006014
v 0.03267792 0.05625929 0.01986866
v 0.03267792 0.06204817 0.01880239
v 0.03267792 0.06754159 0.01646597
v 0.02960011 0.07689791 0.01630753
v 0.02958905 0.07692526 0.01630753
v 0.03267792 0.06773856 0.01630753
v 0.03226648 0.05268638 0.02007253
v 0.03267792 0.05268638 0.01994412
v 0.03194593 0.05144434 0.02014273
v 0.03190049 0.05339221 0.02014273
v 0.03267792 0.05353994 0.01994300
v 0.03267792 0.05392842 0.01993699
v 0.03267792 0.05528536 0.01990170
v 0.03197663 0.05224866 0.02014273
v 0.03267792 0.06755253 0.01645846
v 0.03267792 0.06756894 0.01644608
v -0.04952562 0.02592730 -0.03277731
v -0.04856204 0.02710293 -0.03774412
v -0.04947193 0.02592730 -0.03774412
v -0.04947476 0.02592730 -0.03239639
v -0.04730458 0.02833529 -0.03153528
v -0.03644524 0.04113485 -0.03277731
v -0.03650176 0.04120103 -0.03401935
v -0.04619407 0.02972840 -0.03839732
v -0.04847162 0.02697370 -0.03898615
v -0.03649045 0.04117267 -0.03526004
v -0.03762923 0.03981108 -0.03650208
v -0.03757837 0.03974489 -0.03774412
v -0.04923740 0.02592730 -0.03898615
v -0.04935608 0.02592730 -0.03153528
v -0.04375545 0.03226877 -0.03081769
v -0.03632373 0.04098041 -0.03153528
v -0.03589704 0.04175575 -0.03277731
v -0.03595356 0.04182194 -0.03401935
v -0.03749925 0.03965979 -0.03838123
v -0.04785278 0.02767026 -0.03898615
v -0.04763237 0.02744017 -0.03979226
v -0.04875137 0.02612902 -0.03971581
v -0.03592530 0.04179358 -0.03526004
v -0.02271776 0.05593581 -0.03774412
v -0.02264994 0.05586016 -0.03844427
v -0.04885592 0.02592730 -0.03976141
v -0.04918653 0.02592730 -0.03104973
v -0.04765498 0.02751582 -0.03052127
v -0.04647099 0.02880491 -0.03029325
v -0.04001416 0.03597216 -0.02963065
v -0.03606942 0.04070935 -0.03007596
v -0.03624744 0.04089215 -0.03090353
v -0.02509422 0.05333555 -0.03085391
v -0.02066062 0.05812632 -0.03650208
v -0.04747413 0.02604392 -0.04087200
v -0.04796864 0.02650093 -0.04016783
v -0.02387067 0.05335131 -0.03963802
v -0.02066062 0.05809796 -0.03724784
v -0.02212153 0.05655671 -0.03774412
v -0.02066062 0.05806329 -0.03774412
v -0.02141227 0.05710828 -0.03845500
v -0.02066062 0.05753063 -0.03884934
v -0.02106470 0.05672376 -0.03928392
v -0.04814101 0.02592730 -0.04038109
v -0.04896612 0.02592730 -0.03051456
v -0.04882201 0.02617314 -0.03062723
v -0.04879941 0.02592730 -0.03021948
v -0.04856204 0.02592730 -0.02981575
v -0.04626188 0.02854962 -0.02959980
v -0.02626125 0.05076682 -0.02847848
v -0.02153095 0.05600830 -0.02827729
v -0.03131086 0.04588779 -0.02963467
v -0.02379720 0.05450488 -0.03002231
v -0.02066062 0.05788363 -0.03023959
v -0.02142922 0.05713035 -0.03056821
v -0.02066062 0.05805698 -0.03153528
v -0.04497617 0.02851810 -0.04086530
v -0.04736110 0.02592730 -0.04090420
v -0.04751087 0.02592730 -0.04088139
v -0.02143487 0.05589483 -0.03966752
v -0.02066062 0.05638021 -0.03980434
v -0.02066062 0.05635185 -0.03981238
v -0.02066062 0.05747390 -0.03891103
v -0.04851966 0.02592730 -0.02977148
v -0.04775388 0.02638116 -0.02943348
v -0.04653881 0.02784676 -0.02939592
v -0.02072278 0.05516991 -0.02757713
v -0.02072843 0.05641803 -0.02804524
v -0.04691746 0.02671841 -0.02911828
v -0.04545937 0.02774275 -0.02879368
v -0.04581542 0.02660494 -0.02853750
v -0.02066062 0.05655987 -0.02808280
v -0.02066062 0.05711144 -0.02858042
v -0.02066062 0.05747074 -0.02911023
v -0.02177396 0.05624784 -0.02905121
v -0.02239563 0.05555128 -0.02905121
v -0.02066062 0.05753378 -0.02925643
v -0.02066062 0.05782375 -0.03000755
v -0.03873127 0.03468621 -0.04084920
v -0.03065811 0.04399040 -0.04048571
v -0.04680160 0.02592730 -0.04097931
v -0.02066062 0.05516991 -0.04007930
v -0.02072278 0.05516991 -0.04007393
v -0.02569045 0.04896082 -0.04043474
v -0.04792907 0.02592730 -0.02933020
v -0.04765498 0.02592730 -0.02917863
v -0.02066062 0.05516991 -0.02756372
v -0.02066062 0.05522980 -0.02757445
v -0.02066062 0.05641803 -0.02801708
v -0.04497900 0.02726052 -0.02841946
v -0.02066062 0.05648738 -0.02804524
v -0.04635231 0.02592730 -0.02859920
v -0.04596801 0.02592730 -0.02848921
v -0.04519375 0.02660494 -0.02837520
v -0.04431777 0.02592730 -0.04110941
v -0.04559501 0.02592730 -0.04107320
v -0.02941761 0.04399040 -0.04062789
v -0.02941761 0.04274858 -0.04068020
v -0.02066062 0.05392809 -0.04019197
v -0.02072278 0.05392809 -0.04019331
v -0.02817428 0.04399040 -0.04064264
v -0.02066062 0.05398483 -0.02741081
v -0.04568543 0.02592730 -0.02841544
v -0.04534634 0.02592730 -0.02835776
v -0.04494791 0.02592730 -0.02830948
v -0.04431777 0.02660494 -0.02826924
v -0.03686628 0.03157537 -0.04095382
v -0.04363959 0.02592730 -0.04109600
v -0.03438527 0.03600998 -0.04085993
v -0.03349799 0.03601313 -0.04085993
v -0.02066062 0.05268628 -0.04018929
v -0.02569045 0.04274858 -0.04054607
v -0.02693095 0.04274858 -0.04061716
v -0.02693095 0.04399040 -0.04059704
v -0.02817428 0.04274858 -0.04066276
v -0.02066062 0.05392809 -0.02740813
v -0.04431777 0.02592730 -0.02823437
v -0.03558621 0.03163210 -0.04090017
v -0.04183394 0.02592730 -0.04104503
v -0.04307727 0.02592730 -0.04108393
v -0.03349799 0.03560340 -0.04085993
v -0.02066062 0.04268869 -0.04016112
v -0.02569045 0.04150991 -0.04053802
v -0.02066062 0.05275562 -0.02741216
v -0.04375262 0.02592730 -0.02818876
v -0.04307727 0.02592730 -0.02813779
v -0.04251212 0.02592730 -0.02809890
v -0.04183394 0.02592730 -0.02805866
v -0.04126879 0.02592730 -0.02803317
v -0.02817428 0.03157537 -0.02754494
v -0.03562295 0.02660494 -0.04066276
v -0.03310803 0.03523463 -0.04083176
v -0.02072278 0.03654264 -0.04002833
v -0.03562295 0.02592730 -0.04061850
v -0.02066062 0.03654264 -0.04002296
v -0.02066062 0.05268943 -0.02741618
v -0.02693095 0.03281718 -0.02754762
v -0.04059061 0.02592730 -0.02801305
v -0.03190144 0.02909173 -0.02769785
v -0.03065811 0.02909173 -0.02766700
v -0.02817428 0.03033355 -0.02780918
v -0.02693095 0.03157537 -0.02775016
v -0.03438527 0.02592730 -0.04047498
v -0.02066062 0.03529452 -0.03988213
v -0.02066062 0.03766469 -0.02845165
v -0.02569045 0.03281718 -0.02781320
v -0.02066062 0.03661513 -0.02853347
v -0.03372970 0.02592730 -0.02813377
v -0.03314194 0.02660494 -0.02798489
v -0.03190144 0.02784676 -0.02774614
v -0.02941761 0.02909173 -0.02787490
v -0.02699029 0.03037137 -0.02819949
v -0.02571305 0.03158797 -0.02816194
v -0.02066062 0.03530082 -0.02879234
v -0.03314194 0.02592730 -0.04031134
v -0.02066062 0.03448135 -0.03968899
v -0.03190144 0.02592730 -0.04012356
v -0.02066062 0.03536071 -0.02877759
v -0.02066062 0.03654264 -0.02854286
v -0.03271808 0.02592730 -0.02825717
v -0.03188166 0.02653245 -0.02814718
v -0.03054225 0.02773329 -0.02806134
v -0.03088134 0.02689806 -0.02825985
v -0.02613974 0.03081263 -0.02834167
v -0.02744241 0.02961178 -0.02836447
v -0.02487098 0.03201347 -0.02833228
v -0.02066062 0.03411889 -0.02922558
v -0.02066062 0.03445928 -0.03967960
v -0.03041227 0.02592730 -0.03969703
v -0.03072875 0.02592730 -0.03980970
v -0.03224901 0.02592730 -0.02834301
v -0.03204273 0.02592730 -0.02839666
v -0.03145780 0.02607228 -0.02847982
v -0.03060160 0.02592730 -0.02885538
v -0.02066062 0.03334039 -0.02958236
v -0.02685183 0.02592730 -0.03055748
v -0.02947412 0.02592730 -0.02935166
v -0.02066062 0.03405270 -0.02925106
v -0.02066062 0.03386674 -0.03942072
v -0.03011274 0.02592730 -0.03958034
v -0.03155105 0.02592730 -0.02852811
v -0.02066062 0.03331832 -0.02959443
v -0.02570458 0.02592730 -0.03113424
v -0.02066062 0.03380370 -0.03939256
v -0.02940631 0.02592730 -0.03928794
v -0.02066062 0.03281718 -0.03893518
v -0.02066062 0.03269741 -0.02997670
v -0.02463362 0.02592730 -0.03171233
v -0.02820254 0.02592730 -0.03868838
v -0.02066062 0.03277936 -0.03891640
v -0.02066062 0.03196304 -0.03850194
v -0.02066062 0.03172350 -0.03060174
v -0.02431148 0.02592730 -0.03219654
v -0.02066062 0.02956135 -0.03243395
v -0.02066062 0.02998685 -0.03188536
v -0.02066062 0.03110259 -0.03101352
v -0.02788605 0.02592730 -0.03851133
v -0.02066062 0.03193152 -0.03848316
v -0.02066062 0.03134213 -0.03812504
v -0.02066062 0.03030833 -0.03744232
v -0.02408542 0.02592730 -0.03278268
v -0.02066062 0.02890892 -0.03395899
v -0.02066062 0.02942582 -0.03266867
v -0.02693378 0.02592730 -0.03794531
v -0.02066062 0.03010347 -0.03728137
v -0.02591368 0.02592730 -0.03732697
v -0.02400065 0.02592730 -0.03350295
v -0.02066062 0.02889001 -0.03401935
v -0.02066062 0.02955190 -0.03673949
v -0.02534005 0.02592730 -0.03692727
v -0.02556611 0.02592730 -0.03709359
v -0.02397522 0.02592730 -0.03399252
v -0.02066062 0.02876709 -0.03517688
v -0.02066062 0.02936909 -0.03653561
v -0.02466188 0.02592730 -0.03635722
v -0.02404586 0.02592730 -0.03474901
v -0.02066062 0.02876709 -0.03526407
v -0.02066062 0.02929975 -0.03642965
v -0.02440756 0.02592730 -0.03580997
v -0.02418432 0.02592730 -0.03526004
v 0.00605587 0.00129801 -0.00427801
v 0.00605587 0.00171845 0.01025659
v 0.00605587 0.01291631 -0.00427801
v 0.00788565 0.00126641 -0.00427801
v 0.00616605 0.00173494 0.01025659
v 0.00605587 0.01428342 0.01025659
v 0.00833228 0.00126091 -0.00427801
v 0.00901697 0.00125404 -0.00427801
v 0.01026241 0.00124855 -0.00427801
v 0.01150391 0.00126229 -0.00427801
v 0.01157277 0.00126367 -0.00427801
v 0.01157277 0.00126641 -0.00420830
v 0.01281427 0.00129939 -0.00420830
v 0.01405774 0.00136259 -0.00427801
v 0.01405774 0.00136671 -0.00420830
v 0.01529924 0.00151648 -0.00427801
v 0.01529924 0.00152334 -0.00420830
v 0.00605587 0.01404710 0.00572520
v 0.01099629 0.01528367 -0.00427801
v 0.00641199 0.00177203 0.01025659
v 0.00605587 0.01427655 0.00945133
v 0.00962100 0.01528367 0.01025659
v 0.01281427 0.00129664 -0.00427801
v 0.01653878 0.00173494 -0.00427801
v 0.01405774 0.00304158 0.01025659
v 0.01281427 0.00283274 0.01025659
v 0.01157277 0.00262527 0.01025659
v 0.00992006 0.00235048 0.01025659
v 0.00865102 0.00214026 0.01025659
v 0.00784630 0.00200698 0.01025659
v 0.00660480 0.00180226 0.01025659
v 0.01653878 0.00174181 -0.00420830
v 0.01653878 0.00188882 -0.00296768
v 0.00605587 0.01409655 0.00627437
v 0.00605587 0.01415426 0.00696724
v 0.00605587 0.01419548 0.00751641
v 0.00605587 0.01422846 0.00820928
v 0.02615401 0.01528367 -0.00427801
v 0.02316929 0.01528367 0.01025659
v 0.01752450 0.00209217 -0.00427801
v 0.01752843 0.00219110 -0.00296768
v 0.01486049 0.00320921 0.01025659
v 0.01737103 0.00228453 -0.00172564
v 0.01590327 0.00347576 0.01025659
v 0.01529924 0.00332050 0.01025659
v 0.02614811 0.01528367 -0.00423391
v 0.01921656 0.00555595 0.01025659
v 0.02075515 0.00542405 -0.00427801
v 0.01958055 0.00633774 0.01025659
v 0.02573493 0.01528367 -0.00172564
v 0.01758352 0.00211690 -0.00427801
v 0.01758156 0.00211965 -0.00420830
v 0.01815017 0.00256619 -0.00296768
v 0.01863811 0.00464775 0.01025659
v 0.01778028 0.00417511 0.01025659
v 0.01737300 0.00400886 0.01025659
v 0.01677291 0.00377666 0.01025659
v 0.02601432 0.01528367 -0.00337885
v 0.02014523 0.00436884 -0.00427801
v 0.02594939 0.01528367 -0.00296768
v 0.02586675 0.01528367 -0.00247257
v 0.01820329 0.00254283 -0.00427801
v 0.01820329 0.00254420 -0.00420830
v 0.01884863 0.00318722 -0.00296768
v 0.01895882 0.00316799 -0.00427801
v 0.01957071 0.00369834 -0.00420830
v 0.02010587 0.00431663 -0.00427801
v 0.01957268 0.00369559 -0.00427801
v -0.01711816 0.00693933 0.01698557
v -0.02593498 0.00693933 0.01698557
v -0.01711816 0.00047869 0.01698557
v -0.01711816 0.00693933 0.00688771
v -0.02593498 0.00036032 0.01698557
v -0.02593498 0.00693933 0.00275364
v -0.01823752 0.00045516 0.01698557
v -0.01711816 0.00047370 0.01690438
v -0.01711816 0.00522933 -0.00427593
v -0.01711816 0.00026191 0.01317831
v -0.01711816 0.00032894 0.01441895
v -0.02593498 0.00035960 0.01697100
v -0.01711816 -0.00006184 0.00695640
v -0.01711816 0.00000092 0.00820953
v -0.02593498 0.00536339 -0.00427593
v -0.01711816 0.00039954 0.01566167
v -0.01711816 -0.00016809 -0.00427593
v -0.02593498 -0.00012601 0.00691061
v -0.02444623 -0.00012245 0.00679404
v -0.02196240 -0.00011389 0.00663583
v -0.02072135 -0.00010961 0.00655049
v -0.01947944 -0.00010462 0.00645682
v -0.01860431 -0.00010106 0.00638812
v -0.01711816 -0.00006611 0.00685648
v -0.02593498 -0.00034493 -0.00427593
v -0.01711816 -0.00016880 -0.00421557
v -0.01823752 -0.00023084 -0.00427593
v -0.02593498 -0.00013671 0.00664416
v -0.02593498 -0.00017022 0.00572825
v -0.01777579 -0.00009749 0.00627363
v -0.01711816 -0.00009464 0.00611960
v -0.02568815 -0.00034565 -0.00427593
v -0.02593498 -0.00034493 -0.00420932
v -0.01823752 -0.00023155 -0.00420932
v -0.01711816 -0.00017664 -0.00308942
v -0.01830570 -0.00023440 -0.00427593
v -0.02593498 -0.00017522 0.00548054
v -0.02072135 -0.00013101 0.00572825
v -0.01711816 -0.00009606 0.00606131
v -0.02444623 -0.00033566 -0.00427593
v -0.02593498 -0.00032497 -0.00296660
v -0.01711816 -0.00018449 -0.00184878
v -0.01823752 -0.00023440 -0.00296660
v -0.01947944 -0.00028289 -0.00427593
v -0.02593498 -0.00019518 0.00448554
v -0.01947944 -0.00012102 0.00572825
v -0.02320432 -0.00017308 0.00448554
v -0.02593498 -0.00023868 0.00200218
v -0.02196240 -0.00031427 -0.00420932
v -0.01823752 -0.00019732 0.00075947
v -0.01711816 -0.00014669 0.00312001
v -0.02078953 -0.00030571 -0.00427593
v -0.02568815 -0.00030144 -0.00172389
v -0.01711816 -0.00018663 -0.00060606
v -0.01947944 -0.00027006 -0.00296660
v -0.01954762 -0.00028432 -0.00427593
v -0.01823752 -0.00022941 -0.00172389
v -0.01711816 -0.00018092 0.00063665
v -0.02072135 -0.00030500 -0.00427593
v -0.01711816 -0.00016737 0.00187729
v -0.01823752 -0.00021729 -0.00048325
v -0.00455573 0.01552562 0.01294918
v -0.00558332 0.01550414 0.01294918
v -0.00434704 0.01552102 0.01294918
v 0.00605587 0.01374759 0.00323047
v 0.00287556 0.01380128 0.00323047
v -0.00581470 0.01549340 0.01294918
v 0.00163475 0.01374452 0.00323047
v -0.00313798 0.01546885 0.01294918
v 0.00605587 0.01374912 0.00324284
v 0.00605587 0.00164040 0.00323047
v -0.00704644 0.01325667 0.00323047
v -0.00680599 0.01543050 0.01294918
v -0.00184499 0.01537988 0.01294918
v 0.00605587 0.01404674 0.00572674
v 0.00605587 0.01390253 0.00448527
v 0.00605587 0.00164040 0.00324284
v 0.00537534 0.00152688 0.00323047
v -0.00828726 0.01317076 0.00323047
v -0.00802412 0.01535073 0.01294918
v -0.00056334 0.01524948 0.01294918
v 0.00605587 0.01419401 0.00751713
v 0.00605587 0.01415412 0.00696917
v 0.00605587 0.01409583 0.00627471
v 0.00605587 0.00164654 0.00393731
v 0.00536173 0.00154989 0.00572674
v 0.00411865 0.00134279 0.00324284
v 0.00411865 0.00134279 0.00323047
v -0.00829860 0.01316923 0.00323047
v -0.01326641 0.01479078 0.01294918
v -0.01078250 0.01510527 0.01294918
v -0.00954169 0.01523874 0.01294918
v -0.00923999 0.01526175 0.01294918
v -0.00829860 0.01533079 0.01294918
v 0.00605587 0.01431981 0.01294918
v 0.00605587 0.01431520 0.01248399
v 0.00605587 0.01427532 0.00945212
v 0.00605587 0.01422776 0.00820969
v 0.00605587 0.00166495 0.00572674
v 0.00605587 0.00168489 0.00766268
v 0.00536173 0.00156370 0.00696917
v 0.00536173 0.00158211 0.00820969
v 0.00536173 0.00162353 0.01069455
v 0.00411865 0.00136426 0.00448527
v 0.00286649 0.00121239 0.00323047
v 0.00410504 0.00134125 0.00323047
v -0.00953034 0.01294985 0.00323047
v -0.01456166 0.01457600 0.01294918
v 0.00605587 0.00175546 0.01294918
v 0.00605587 0.00170023 0.00890416
v 0.00605587 0.00173245 0.01138806
v 0.00605587 0.00174932 0.01263049
v 0.00536173 0.00164500 0.01193602
v 0.00411865 0.00138574 0.00572674
v 0.00287556 0.00124307 0.00448527
v 0.00213833 0.00115256 0.00323047
v 0.00411865 0.00140875 0.00696917
v 0.00411865 0.00143483 0.00820969
v -0.00954169 0.01294678 0.00323047
v -0.01711816 0.01281331 0.00819923
v -0.01711816 0.01285473 0.00833337
v -0.01711816 0.01313855 0.00945212
v -0.01575258 0.01431367 0.01294918
v 0.00565209 0.00170177 0.01294918
v 0.00536173 0.00166342 0.01294918
v 0.00411865 0.00149466 0.01069455
v 0.00287556 0.00139341 0.01069455
v 0.00163475 0.00123233 0.00820969
v -0.00040228 0.00115716 0.01193602
v -0.00581470 0.00059721 0.00696917
v -0.01078250 0.00019374 0.00696917
v -0.00581470 0.00050670 0.00323047
v 0.00513036 0.00164040 0.01294918
v -0.01065547 0.01254178 0.00323047
v -0.01711816 0.01246967 0.00742200
v -0.01711816 0.01249422 0.00746861
v -0.01711816 0.01400225 0.01294918
v 0.00411865 0.00154989 0.01294918
v 0.00163475 0.00134739 0.01294918
v -0.00055426 0.00116943 0.01294918
v -0.00954169 0.00032567 0.00820969
v -0.01202559 0.00009555 0.00696917
v -0.01078250 0.00016459 0.00572674
v -0.00829860 0.00030573 0.00324284
v -0.00333306 0.00091937 0.01193602
v -0.00829860 0.00030573 0.00323047
v -0.01071899 0.01251263 0.00323047
v -0.01711816 0.01174097 0.00685311
v -0.01123618 0.01213677 0.00323047
v -0.01711816 0.00025050 0.01294918
v -0.00137316 0.00110346 0.01294918
v -0.00581470 0.00068925 0.01069455
v -0.01078250 0.00023209 0.00820969
v -0.01326641 0.00000964 0.00696917
v -0.01202559 0.00006794 0.00572674
v -0.01078250 0.00014004 0.00448527
v -0.00954169 0.00021368 0.00324284
v -0.00232135 0.00102983 0.01294918
v -0.00954169 0.00021368 0.00323047
v -0.01711816 0.01166273 0.00679603
v -0.01168533 0.01165967 0.00323047
v -0.01699340 0.00025204 0.01294918
v -0.01711816 0.00019681 0.01193602
v -0.01575258 0.00007561 0.00945212
v -0.01575258 0.00014311 0.01069455
v -0.00457615 0.00082579 0.01193602
v -0.00954169 0.00037323 0.00945212
v -0.01202559 0.00014925 0.00820969
v -0.00356217 0.00093931 0.01294918
v -0.00705778 0.00059874 0.01069455
v -0.01326641 -0.00001644 0.00572674
v -0.01326641 0.00007715 0.00820969
v -0.01450949 -0.00003791 0.00696917
v -0.01450949 -0.00007013 0.00572674
v -0.01202559 0.00005873 0.00448527
v -0.01079611 0.00013391 0.00323047
v -0.01711816 0.00522101 0.00323047
v -0.01575258 0.00021522 0.01193602
v -0.01575258 0.00027658 0.01294918
v -0.01711816 0.00006641 0.00945212
v -0.01699340 0.00013237 0.01069455
v -0.01575258 0.00001118 0.00820969
v -0.01699340 0.00000198 0.00820969
v -0.01450949 0.00002959 0.00820969
v -0.00581470 0.00074142 0.01193602
v -0.01078250 0.00029652 0.00945212
v -0.00480526 0.00086108 0.01294918
v -0.01326641 -0.00001337 0.00448527
v -0.01504257 -0.00010388 0.00421604
v -0.01503576 -0.00010388 0.00324284
v -0.01503576 -0.00010388 0.00323047
v -0.01202559 0.00022749 0.00945212
v -0.01326641 0.00024436 0.01069455
v -0.01450949 0.00026124 0.01193602
v -0.01450949 0.00017993 0.01069455
v -0.01450949 0.00010323 0.00945212
v -0.01575258 -0.00005019 0.00696917
v -0.01711816 -0.00009468 0.00611869
v -0.01569133 -0.00009007 0.00568964
v -0.01523538 -0.00009774 0.00504369
v -0.01203693 0.00006334 0.00323047
v -0.01711816 -0.00014530 0.00323047
v -0.01450949 0.00033028 0.01294918
v -0.01711816 -0.00000569 0.00807461
v -0.01711816 -0.00006092 0.00695871
v -0.00954169 0.00044687 0.01069455
v -0.00705778 0.00066625 0.01193602
v -0.00604380 0.00079051 0.01294918
v -0.01699340 -0.00014377 0.00324284
v -0.01575258 -0.00012382 0.00324284
v -0.01575031 -0.00012382 0.00323047
v -0.01078250 0.00037937 0.01069455
v -0.01326641 0.00032874 0.01193602
v -0.01711816 -0.00006553 0.00685882
v -0.01699340 -0.00012229 0.00448527
v -0.01699566 -0.00014377 0.00323047
v -0.01326641 0.00039777 0.01294918
v -0.00705778 0.00073528 0.01294918
v -0.00829860 0.00059874 0.01193602
v -0.00829860 0.00066778 0.01294918
v -0.01745414 0.03654321 0.03097221
v -0.01745414 0.03654321 0.02394174
v -0.01823878 0.03654321 0.03230955
v -0.01745414 0.03654046 0.03232210
v -0.01745414 0.02916018 0.02394174
v -0.04154605 0.03654321 0.02394174
v -0.02000064 0.03654321 0.03244337
v -0.01745414 0.03608014 0.03231206
v -0.01988652 0.03529827 0.03246010
v -0.01994001 0.03456038 0.03245257
v -0.01745414 0.02914094 0.02396014
v -0.01966539 0.02250679 0.02583694
v -0.01974742 0.02250679 0.02567887
v -0.02016114 0.02250679 0.02503821
v -0.02081381 0.02250679 0.02437665
v -0.02132383 0.02250679 0.02394174
v -0.04616827 0.03134637 0.02394174
v -0.04636086 0.03115262 0.02435741
v -0.04875757 0.02858031 0.02684141
v -0.04155318 0.03654321 0.02411905
v -0.02072108 0.03654321 0.03247013
v -0.01745414 0.03529827 0.03226523
v -0.02072108 0.03529827 0.03248519
v -0.03314330 0.02250679 0.03182362
v -0.01745414 0.03281390 0.03201933
v -0.01745414 0.03405609 0.03217657
v -0.01745414 0.03483795 0.03223595
v -0.04599350 0.02336835 0.03244170
v -0.03438446 0.02250679 0.03188300
v -0.01745414 0.02901864 0.02407974
v -0.01939077 0.02250679 0.02675025
v -0.01745414 0.02891146 0.02418680
v -0.01745414 0.02832060 0.02480738
v -0.01745414 0.02772012 0.02559941
v -0.01745414 0.02724743 0.02625178
v -0.01745414 0.02696849 0.02664236
v -0.01745414 0.02681047 0.02687236
v -0.05388623 0.02250679 0.02394174
v -0.05270571 0.02386303 0.02394174
v -0.05388980 0.02250679 0.02432145
v -0.04874687 0.02856657 0.02808341
v -0.04820119 0.02920140 0.02684141
v -0.04166374 0.03642641 0.02435741
v -0.04155674 0.03654321 0.02427880
v -0.02183741 0.03654321 0.03245675
v -0.04680311 0.02381356 0.03243919
v -0.04599350 0.02388913 0.03244170
v -0.02824646 0.02250679 0.03139290
v -0.01745414 0.03157172 0.03177846
v -0.02698748 0.02250679 0.03126661
v -0.02535757 0.02250679 0.03108093
v -0.04680311 0.02338209 0.03243919
v -0.04680311 0.02276100 0.03240072
v -0.04680311 0.02250679 0.03237981
v -0.04597211 0.02250679 0.03235220
v -0.01938007 0.02250679 0.02684141
v -0.01745414 0.02646420 0.02764432
v -0.01745414 0.02626770 0.02808341
v -0.05375427 0.02250679 0.02808341
v -0.04870407 0.02851435 0.02881523
v -0.04817979 0.02918766 0.02808341
v -0.04155674 0.03654321 0.02435741
v -0.03190215 0.03654321 0.03221002
v -0.04680311 0.02443465 0.03242079
v -0.04743795 0.02352912 0.03243082
v -0.01745414 0.03029793 0.03143555
v -0.02320339 0.02250679 0.03072464
v -0.02196580 0.02250679 0.03044781
v -0.04743795 0.02347416 0.03243082
v -0.04708486 0.02250679 0.03238148
v -0.01949063 0.02250679 0.02805832
v -0.01745414 0.02650954 0.02886541
v -0.05364371 0.02250679 0.02882108
v -0.05357951 0.02250679 0.02910377
v -0.05346538 0.02250679 0.02944166
v -0.04853644 0.02832747 0.02964323
v -0.04493068 0.03218594 0.02990501
v -0.04065798 0.03654321 0.03058664
v -0.04068294 0.03654321 0.03051221
v -0.04097540 0.03654321 0.02950272
v -0.04101820 0.03654321 0.02932457
v -0.04755921 0.02984173 0.02808341
v -0.04147471 0.03654321 0.02525734
v -0.03314330 0.03654321 0.03216737
v -0.03810791 0.03654321 0.03196580
v -0.04680311 0.02536354 0.03233882
v -0.04793013 0.02401418 0.03237646
v -0.04928541 0.02287917 0.03225435
v -0.04793013 0.02298772 0.03238566
v -0.01745414 0.02961088 0.03122479
v -0.02153069 0.02250679 0.03026213
v -0.04796936 0.02250679 0.03236141
v -0.02020037 0.02250679 0.02921752
v -0.01745414 0.02668130 0.02935301
v -0.01745414 0.02717048 0.02998363
v -0.05336552 0.02250679 0.02967501
v -0.05302313 0.02250679 0.03031482
v -0.04887883 0.02750027 0.03024959
v -0.04018007 0.03654321 0.03139373
v -0.04116799 0.03654321 0.02808341
v -0.03934906 0.03654321 0.03178599
v -0.03934906 0.03654046 0.03178682
v -0.03934906 0.03529827 0.03198170
v -0.04804426 0.02536354 0.03221253
v -0.04928541 0.02412136 0.03214646
v -0.05052657 0.02287917 0.03199508
v -0.04965990 0.02250679 0.03220500
v -0.04928541 0.02250679 0.03224933
v -0.04841161 0.02250679 0.03233297
v -0.01745414 0.02902139 0.03096886
v -0.02083165 0.02250679 0.02980297
v -0.01745414 0.02744393 0.03015843
v -0.01745414 0.02849649 0.03070206
v -0.02049282 0.02250679 0.02955373
v -0.05286977 0.02250679 0.03056657
v -0.05222423 0.02328178 0.03056657
v -0.05133973 0.02372287 0.03136028
v -0.05015565 0.02502414 0.03140042
v -0.04933535 0.02540751 0.03167893
v -0.05055153 0.02413097 0.03160784
v -0.05205661 0.02250679 0.03146566
v -0.05090105 0.02250679 0.03194072
v -0.05052657 0.02250679 0.03202352
v -0.05245249 0.02250679 0.03117628
v -0.05228486 0.02250679 0.03133519
v 0.00042028 0.05158524 0.02808354
v 0.00042028 0.05159091 0.02809986
v 0.00042028 0.05171006 0.02690022
v 0.00357234 0.03654888 0.02559959
v 0.00357666 0.03654888 0.02580871
v 0.00042028 0.05190866 0.02896389
v 0.00366092 0.03654888 0.02684616
v 0.00042028 0.05273140 0.02562612
v 0.00365012 0.03654888 0.02440607
v 0.00042028 0.05231719 0.02958412
v 0.00402603 0.03654888 0.03056647
v 0.00042028 0.05391729 0.02466212
v 0.00376678 0.03654888 0.02394091
v 0.00042028 0.05483082 0.02398375
v 0.00042028 0.05232854 0.02960044
v 0.00425072 0.03654888 0.03180896
v 0.02191004 0.03654888 0.02394091
v 0.00042028 0.05488756 0.02394397
v 0.00042028 0.05692456 0.02394091
v 0.00042028 0.05293567 0.03025432
v 0.00458342 0.03654888 0.03257812
v 0.00042028 0.05435987 0.03130299
v 0.00042028 0.05374707 0.03088475
v 0.00042028 0.05295269 0.03026759
v 0.02049280 0.03654888 0.02932195
v 0.02221249 0.04027109 0.02394091
v 0.00042028 0.08363253 0.02394091
v 0.00536334 0.03654888 0.03284130
v 0.00450997 0.03778583 0.03266278
v 0.00042028 0.06014177 0.03282396
v 0.00042028 0.05892752 0.03269645
v 0.00042028 0.05889914 0.03269339
v 0.00042028 0.05792887 0.03252507
v 0.00042028 0.05790618 0.03252099
v 0.00042028 0.05729905 0.03236798
v 0.00042028 0.05643659 0.03211703
v 0.00042028 0.05641389 0.03210989
v 0.00042028 0.05517126 0.03167023
v 0.02009528 0.03654888 0.03056443
v 0.02248687 0.04399329 0.02394091
v 0.00042028 0.08365523 0.02398477
v 0.00099711 0.08437583 0.02394091
v 0.00660558 0.03654888 0.03295045
v 0.00536334 0.03778583 0.03292903
v 0.00042028 0.06758618 0.03337074
v 0.00042028 0.06634923 0.03328709
v 0.02058137 0.04027109 0.02932501
v 0.02016873 0.04399329 0.03056647
v 0.01979930 0.04523592 0.03141928
v 0.01973881 0.03654888 0.03135195
v 0.02248903 0.04419756 0.02394091
v 0.00042028 0.08381410 0.02439485
v 0.00095607 0.08441555 0.02435711
v 0.00867743 0.09283591 0.02435711
v 0.00870983 0.09271108 0.02394091
v 0.01653922 0.03654888 0.03347683
v 0.00042028 0.07504195 0.03380734
v 0.00042028 0.07362910 0.03372981
v 0.02249119 0.04523592 0.02394091
v 0.01970856 0.08373466 0.03131931
v 0.01943203 0.05641389 0.03202318
v 0.01880550 0.05517126 0.03291373
v 0.01933481 0.03654888 0.03197422
v 0.00042028 0.08383679 0.02470904
v 0.00091934 0.08445527 0.02559959
v 0.00731636 0.09171811 0.02808354
v 0.00735741 0.09166705 0.02684106
v 0.00740062 0.09161598 0.02559959
v 0.00802282 0.09227418 0.02559959
v 0.00865582 0.09289832 0.02559959
v 0.00929747 0.09336928 0.02435711
v 0.00934716 0.09335793 0.02394091
v 0.01778146 0.03654888 0.03326159
v 0.01778146 0.04399329 0.03346969
v 0.01718950 0.04923616 0.03368697
v 0.01033015 0.08870517 0.03436228
v 0.00908791 0.08870517 0.03430719
v 0.00042028 0.07628457 0.03381754
v 0.02248903 0.04544019 0.02394091
v 0.01964591 0.08810939 0.03119384
v 0.01930456 0.08746254 0.03182528
v 0.01934129 0.08373466 0.03194055
v 0.02246959 0.04647855 0.02394091
v 0.01871477 0.08497729 0.03286171
v 0.01794998 0.05641389 0.03350539
v 0.01873205 0.04399329 0.03286987
v 0.01806880 0.08497729 0.03348295
v 0.01871477 0.03654888 0.03270767
v 0.00042028 0.08388219 0.02563530
v 0.00730124 0.09172379 0.03056647
v 0.00730556 0.09172946 0.02932501
v 0.00792128 0.09230822 0.03056647
v 0.00861262 0.09293237 0.03056647
v 0.00923266 0.09338630 0.03056647
v 0.01093291 0.09429983 0.03112957
v 0.01033015 0.09390831 0.02435711
v 0.01033015 0.09390264 0.02394091
v 0.00964314 0.09353950 0.02394091
v 0.01732993 0.05641389 0.03371655
v 0.01529697 0.08870517 0.03414908
v 0.01405473 0.08994780 0.03425007
v 0.01405473 0.08870517 0.03423782
v 0.01281248 0.08994780 0.03428271
v 0.01157024 0.08994780 0.03430515
v 0.01033015 0.08994780 0.03430413
v 0.00908791 0.08994780 0.03412051
v 0.00042028 0.07829888 0.03369309
v 0.00042028 0.07754990 0.03376042
v 0.00042028 0.07630727 0.03381652
v 0.01964807 0.08938606 0.02997686
v 0.01956597 0.08985701 0.03046141
v 0.01943851 0.09118475 0.03056647
v 0.01897186 0.09242737 0.03180896
v 0.01911228 0.09118475 0.03180896
v 0.01862403 0.09118475 0.03274745
v 0.02246527 0.04666012 0.02394091
v 0.02243718 0.04772118 0.02394091
v 0.01869748 0.08621991 0.03285150
v 0.01744659 0.08497729 0.03376654
v 0.01802343 0.09118475 0.03336870
v 0.01804287 0.08621991 0.03347275
v 0.01740123 0.09118475 0.03378490
v 0.00042028 0.08355309 0.02911589
v 0.00699014 0.09092941 0.03154883
v 0.00814596 0.09211530 0.03180896
v 0.00042028 0.08353040 0.02932501
v 0.00042028 0.08329208 0.03056647
v 0.00042028 0.08309349 0.03107245
v 0.00882650 0.09273378 0.03180896
v 0.00944654 0.09323310 0.03180896
v 0.01093291 0.09429983 0.03121220
v 0.01269798 0.09441898 0.03045426
v 0.01405473 0.09450977 0.02932501
v 0.01405473 0.09449842 0.02808354
v 0.01297019 0.09437359 0.02684106
v 0.01157024 0.09418067 0.02394091
v 0.01074712 0.09399910 0.02394091
v 0.01653922 0.09118475 0.03398382
v 0.01529697 0.08994780 0.03415418
v 0.01529697 0.09118475 0.03412561
v 0.01405473 0.09118475 0.03419600
v 0.01281248 0.09118475 0.03420824
v 0.01157024 0.09118475 0.03417560
v 0.01159616 0.09245007 0.03386039
v 0.01068230 0.09205289 0.03378490
v 0.00908791 0.09080458 0.03380632
v 0.00844626 0.09058330 0.03368595
v 0.00821078 0.08994780 0.03381142
v 0.00777869 0.08874489 0.03395526
v 0.00042028 0.07892870 0.03358598
v 0.01975393 0.09118475 0.02394091
v 0.01966967 0.09188266 0.02435711
v 0.01961134 0.09007830 0.02932501
v 0.01964591 0.09181458 0.02499773
v 0.01918358 0.09242737 0.03056647
v 0.01862619 0.09331821 0.03180896
v 0.01848792 0.09315933 0.03253833
v 0.01858082 0.09242737 0.03265463
v 0.01774473 0.09253518 0.03335033
v 0.01730617 0.09218906 0.03375430
v 0.00749135 0.09128121 0.03190077
v 0.00042028 0.08271332 0.03187425
v 0.00042028 0.08267361 0.03194463
v 0.00042028 0.08263388 0.03200584
v 0.00840953 0.09187131 0.03248223
v 0.00968203 0.09306855 0.03245061
v 0.01044250 0.09384022 0.03169879
v 0.01217084 0.09429983 0.03244244
v 0.01168258 0.09433387 0.03169879
v 0.01281248 0.09441898 0.03180896
v 0.01134555 0.09412393 0.03204052
v 0.01405473 0.09449275 0.03056647
v 0.01529697 0.09440196 0.03180896
v 0.01626052 0.09433955 0.03180896
v 0.01529697 0.09442466 0.02932501
v 0.01529697 0.09443033 0.02808354
v 0.01628213 0.09433387 0.02394091
v 0.01564264 0.09436791 0.02394091
v 0.01529697 0.09437926 0.02394091
v 0.01447169 0.09437359 0.02394091
v 0.01405473 0.09436224 0.02394091
v 0.01346061 0.09433387 0.02394091
v 0.01317111 0.09431685 0.02394091
v 0.01296371 0.09429983 0.02394091
v 0.01663860 0.09253518 0.03383590
v 0.01529697 0.09242737 0.03398994
v 0.01405473 0.09242737 0.03402666
v 0.01281248 0.09242737 0.03400218
v 0.01202825 0.09313097 0.03372675
v 0.01120297 0.09288131 0.03355028
v 0.00221343 0.08440420 0.03247100
v 0.00104248 0.08308214 0.03238838
v 0.00042028 0.08211754 0.03254853
v 0.00042028 0.08161255 0.03280356
v 0.00042028 0.08144800 0.03288007
v 0.00703983 0.08835905 0.03377164
v 0.00042028 0.08003515 0.03336360
v 0.01967832 0.09192238 0.02394091
v 0.01941042 0.09254086 0.02394091
v 0.01870180 0.09338630 0.03056647
v 0.01778146 0.09389697 0.03180896
v 0.01712037 0.09301748 0.03366249
v 0.01778146 0.09342602 0.03281478
v 0.01033015 0.09325012 0.03266482
v 0.01281248 0.09432252 0.03250059
v 0.01168474 0.09363028 0.03299636
v 0.01281248 0.09385157 0.03312081
v 0.01405473 0.09434522 0.03257608
v 0.01405473 0.09443601 0.03180896
v 0.01618275 0.09432252 0.03253017
v 0.01697778 0.09427713 0.02684106
v 0.01688056 0.09424876 0.03180896
v 0.01635558 0.09433387 0.02559959
v 0.01697562 0.09427146 0.02559959
v 0.01669693 0.09428848 0.02394091
v 0.01629293 0.09322175 0.03373389
v 0.01529697 0.09330686 0.03377062
v 0.01405473 0.09330118 0.03378388
v 0.01281248 0.09323310 0.03377266
v 0.01879038 0.09338062 0.02394091
v 0.01778146 0.09395938 0.03056647
v 0.01665156 0.09374377 0.03309633
v 0.01405473 0.09391966 0.03319630
v 0.01529697 0.09433955 0.03258934
v 0.01529697 0.09393101 0.03321058
v 0.01778146 0.09399342 0.02559959
v 0.01690433 0.09426011 0.02394091
v 0.01778146 0.09397073 0.02394091
v 0.01812929 0.09377214 0.02394091
v 0.00937886 0.03405903 0.02014273
v 0.01029766 0.02660554 0.01630753
v 0.01030819 0.02601377 0.01630753
v 0.01032818 0.02536564 0.01630753
v 0.00988299 0.02412574 0.02014273
v 0.00962724 0.09042516 0.02014273
v 0.00983563 0.09118601 0.01630753
v 0.01038186 0.02476682 0.01630753
v 0.00997350 0.02250542 0.02014273
v 0.00995140 0.02287880 0.02014273
v 0.00963461 0.09106624 0.02014273
v 0.01001665 0.09242591 0.01630753
v 0.01045132 0.02412574 0.01630753
v 0.01067550 0.02250542 0.01630753
v 0.02013084 0.02250542 0.02014273
v 0.01062287 0.02287880 0.01630753
v 0.00987141 0.09246113 0.02014273
v 0.01056604 0.09344037 0.01630753
v 0.02013084 0.02250542 0.01630753
v 0.02013084 0.06223153 0.02014273
v 0.01048500 0.09351082 0.02014273
v 0.01105544 0.09373626 0.01630753
v 0.02013084 0.07789231 0.01630753
v 0.02013084 0.07503913 0.01798316
v 0.01995298 0.09118601 0.01814685
v 0.01982668 0.09118601 0.02014273
v 0.01088809 0.09375035 0.02014273
v 0.01157220 0.09404623 0.01630753
v 0.02005296 0.09054492 0.01630753
v 0.02013084 0.07788526 0.01631767
v 0.02013084 0.07627903 0.01760133
v 0.02003402 0.08994611 0.01690487
v 0.02002139 0.09118601 0.01690487
v 0.01971512 0.09201730 0.02014273
v 0.01157220 0.09410964 0.02014273
v 0.01189741 0.09415190 0.01630753
v 0.02004559 0.09118601 0.01630753
v 0.02013084 0.07742030 0.01680726
v 0.01992877 0.09172846 0.01630753
v 0.01980984 0.09224979 0.01630753
v 0.01955830 0.09239068 0.02014273
v 0.01190267 0.09418713 0.02014273
v 0.01236786 0.09427871 0.01630753
v 0.01954041 0.09286973 0.01630753
v 0.01945306 0.09263726 0.02014273
v 0.01242680 0.09427167 0.02014273
v 0.01405601 0.09443370 0.02014273
v 0.01405601 0.09442665 0.01938846
v 0.01268991 0.09429985 0.01630753
v 0.01891946 0.09344742 0.01630753
v 0.01883210 0.09341219 0.02014273
v 0.01529792 0.09447597 0.02014273
v 0.01529792 0.09446188 0.01938846
v 0.01405601 0.09435621 0.01630753
v 0.01298881 0.09431394 0.01630753
v 0.01834586 0.09375739 0.01630753
v 0.01778174 0.09401805 0.02014273
v 0.01573680 0.09443370 0.02014273
v 0.01641459 0.09436325 0.01938846
v 0.01669770 0.09429280 0.01630753
v 0.01529792 0.09436325 0.01630753
v 0.01465381 0.09436325 0.01630753
v 0.01635144 0.09431394 0.01630753
v 0.01583994 0.09434212 0.01630753
v 0.01772807 0.09406737 0.01630753
v 0.01778174 0.09403919 0.01814685
v 0.01735444 0.09418008 0.02014273
v 0.01644090 0.09436325 0.02014273
v 0.01681768 0.09431394 0.02014273
v 0.01689030 0.09427167 0.01630753
v 0.01719973 0.09420122 0.01630753
v 0.01706185 0.09427871 0.02014273
v 0.01151910 0.06356600 -0.02624851
v 0.01147551 0.06418606 -0.02624851
v 0.02071660 0.06356600 -0.02624851
v 0.01124802 0.06356600 -0.02159555
v 0.00839287 0.07302488 -0.01166061
v 0.00843510 0.07310695 -0.01238959
v 0.01143192 0.06542617 -0.02624851
v 0.02099176 0.09118885 -0.02624851
v 0.02214690 0.06510398 -0.02416155
v 0.02214690 0.06443530 -0.02413239
v 0.02214690 0.06356600 -0.02404491
v 0.01118127 0.06356600 -0.02035420
v 0.00839287 0.07341697 -0.01166061
v 0.00843646 0.07675433 -0.01245624
v 0.01087478 0.06356600 -0.00544972
v 0.01085571 0.06356600 -0.00451246
v 0.01049473 0.06356600 0.01412022
v 0.00831387 0.07247473 0.00455186
v 0.00823214 0.07380299 0.00572239
v 0.01078760 0.09142593 -0.02624851
v 0.02214690 0.07182125 -0.02412823
v 0.02214690 0.07131973 -0.02416988
v 0.02214690 0.07070879 -0.02416988
v 0.02214690 0.06633801 -0.02416572
v 0.02092093 0.09201559 -0.02624851
v 0.02214690 0.08204303 -0.01287280
v 0.02214690 0.08161143 -0.01408082
v 0.02214690 0.08009776 -0.01787151
v 0.02214690 0.07987284 -0.01843386
v 0.02214690 0.07964488 -0.01897539
v 0.02214690 0.07948379 -0.01929198
v 0.02214690 0.07931358 -0.01959606
v 0.02214690 0.07881814 -0.02035420
v 0.02214690 0.07827407 -0.02110401
v 0.02214690 0.07752332 -0.02174134
v 0.02214690 0.07630145 -0.02270776
v 0.02214690 0.07572090 -0.02301185
v 0.02214690 0.07384858 -0.02375749
v 0.02214690 0.07251425 -0.02405325
v 0.02214690 0.06356600 0.01630716
v 0.00843646 0.07699445 -0.01245624
v 0.01047294 0.06356600 0.01630716
v 0.00834520 0.07258720 0.00561409
v 0.00834928 0.07380299 0.00671797
v 0.00830161 0.07504614 0.00692625
v 0.00833839 0.07628625 0.00672214
v 0.00831932 0.07628625 0.00323970
v 0.01085707 0.09262349 -0.02624851
v 0.02214690 0.08221932 -0.01166061
v 0.02214690 0.08214030 -0.01222713
v 0.02079561 0.09263564 -0.02624851
v 0.02091820 0.09192440 -0.02407824
v 0.02214690 0.08239258 -0.00048433
v 0.02214690 0.08245336 -0.00172568
v 0.02214690 0.08247768 -0.00236718
v 0.02214690 0.08246248 -0.00297119
v 0.02214690 0.07736223 0.01630716
v 0.01015691 0.09118885 -0.01041927
v 0.01092110 0.09314628 -0.02624851
v 0.00837653 0.07725281 0.00448105
v 0.00985995 0.09243200 0.00696791
v 0.00987357 0.09243200 0.00572239
v 0.01045795 0.06386691 0.01630716
v 0.01035170 0.06699454 0.01630716
v 0.00984224 0.09059007 0.01630716
v 0.00983543 0.09118885 0.01630716
v 0.00839015 0.07717682 0.00572239
v 0.02017445 0.09362043 -0.02624851
v 0.01999191 0.09338336 -0.00917376
v 0.01985433 0.09325874 -0.00048433
v 0.02047822 0.09243200 -0.00917376
v 0.02046323 0.09118885 0.00199836
v 0.02214690 0.08203696 0.00572239
v 0.02214690 0.08212206 0.00448105
v 0.02214690 0.07748077 0.01622385
v 0.02004640 0.09118885 0.01630716
v 0.01091429 0.09318883 -0.02532375
v 0.01134338 0.09380888 -0.02532375
v 0.01138560 0.09376633 -0.02624851
v 0.01001660 0.09243200 0.01630716
v 0.01044024 0.09355661 0.00696791
v 0.01043888 0.09356269 0.00572239
v 0.02001507 0.09377849 -0.02624851
v 0.01951379 0.09425873 -0.02532375
v 0.02013767 0.09363867 -0.02532375
v 0.01895393 0.09346238 0.01566149
v 0.01959279 0.09296695 0.01442015
v 0.02023302 0.09243200 0.00075701
v 0.02020442 0.09118885 0.01193329
v 0.02214690 0.08193361 0.00648470
v 0.02214690 0.07778472 0.01599474
v 0.02007228 0.09118885 0.01566149
v 0.01992925 0.09172684 0.01630716
v 0.02214690 0.07847164 0.01537407
v 0.02214690 0.07879079 0.01501583
v 0.02214690 0.07909169 0.01466592
v 0.02214690 0.07954154 0.01404524
v 0.02214690 0.07995491 0.01317464
v 0.01196453 0.09437119 -0.02532375
v 0.01200540 0.09437119 -0.02624851
v 0.01056557 0.09344415 0.01630716
v 0.01055331 0.09345327 0.01566149
v 0.01157222 0.09407332 0.01566149
v 0.01157222 0.09416450 0.00945060
v 0.01152455 0.09421314 0.00199836
v 0.01944295 0.09424049 -0.02624851
v 0.01898117 0.09433472 -0.02624851
v 0.01889263 0.09437727 -0.02532375
v 0.01835456 0.09428608 -0.00421254
v 0.01782195 0.09409459 0.01442015
v 0.01834503 0.09376025 0.01630716
v 0.01891851 0.09345022 0.01630716
v 0.01957508 0.09293047 0.01566149
v 0.02015946 0.09243200 0.00323970
v 0.01986114 0.09234689 0.01442015
v 0.01982845 0.09230738 0.01566149
v 0.01980938 0.09224963 0.01630716
v 0.01201221 0.09439246 -0.01911286
v 0.01259659 0.09442894 -0.02624851
v 0.01105595 0.09374202 0.01630716
v 0.01157222 0.09405204 0.01630716
v 0.01224787 0.09428912 0.01566149
v 0.01169346 0.09419186 0.01071694
v 0.01219066 0.09429520 0.01261645
v 0.01882179 0.09436511 -0.02624851
v 0.01853710 0.09440158 -0.02624851
v 0.01778108 0.09451708 -0.02532375
v 0.01725528 0.09432256 0.01317464
v 0.01720079 0.09430736 0.01442015
v 0.01772796 0.09407028 0.01630716
v 0.01953967 0.09286968 0.01630716
v 0.01281454 0.09444110 -0.01911286
v 0.01529781 0.09459915 -0.02624851
v 0.01281454 0.09444718 -0.02624851
v 0.01272464 0.09434079 0.01308716
v 0.01405686 0.09444414 0.01193329
v 0.01189779 0.09415539 0.01630716
v 0.01236774 0.09428000 0.01630716
v 0.01269058 0.09430128 0.01630716
v 0.01286903 0.09432863 0.01566149
v 0.01778108 0.09449581 -0.02624851
v 0.01653876 0.09461131 -0.02624851
v 0.01653876 0.09461739 -0.02532375
v 0.01653876 0.09440158 0.01193329
v 0.01653876 0.09439246 0.01317464
v 0.01653876 0.09436815 0.01442015
v 0.01716537 0.09429520 0.01506581
v 0.01719943 0.09420098 0.01630716
v 0.01529781 0.09456876 -0.01662600
v 0.01405686 0.09442894 0.01317464
v 0.01529781 0.09447149 0.01193329
v 0.01298890 0.09431952 0.01630716
v 0.01529781 0.09436511 0.01630716
v 0.01635078 0.09431952 0.01630716
v 0.01669678 0.09429520 0.01630716
v 0.01689021 0.09427089 0.01630716
v 0.01405686 0.09435903 0.01630716
v 0.01465486 0.09436207 0.01630716
v -0.04804257 0.02250542 -0.04120711
v -0.04928549 0.02250542 -0.04115668
v -0.04804257 0.02287856 -0.04118643
v -0.04555984 0.02536223 -0.04113729
v -0.04431692 0.02412056 -0.04119031
v -0.04431692 0.02287856 -0.04117996
v -0.04431692 0.02250542 -0.04116832
v -0.05029048 0.02250542 -0.04098342
v -0.04928549 0.02287856 -0.04111143
v -0.04680277 0.02536223 -0.04105970
v -0.04559428 0.02592730 -0.04107264
v -0.04431692 0.02592730 -0.04110884
v -0.04431692 0.02536223 -0.04114634
v -0.04307712 0.02536223 -0.04112177
v -0.04307712 0.02412056 -0.04116186
v -0.04307712 0.02287856 -0.04113729
v -0.04307712 0.02250542 -0.04112177
v -0.05091664 0.02250542 -0.04066661
v -0.04992105 0.02351664 -0.04085928
v -0.04751033 0.02592730 -0.04088126
v -0.04736005 0.02592730 -0.04090324
v -0.04680277 0.02592730 -0.04097954
v -0.04364067 0.02592730 -0.04109591
v -0.04183420 0.02536223 -0.04108040
v -0.04307712 0.02592730 -0.04108428
v -0.04183420 0.02592730 -0.04104548
v -0.04183420 0.02412056 -0.04109462
v -0.04146163 0.02250542 -0.04103902
v -0.04270143 0.02250542 -0.04110625
v -0.05171812 0.02250542 -0.04005758
v -0.04885657 0.02592730 -0.03976147
v -0.04813962 0.02592730 -0.04038085
v -0.05212512 0.02250542 -0.03974466
v -0.04059127 0.02536223 -0.04099117
v -0.03562583 0.02592730 -0.04061877
v -0.04059127 0.02412056 -0.04100281
v -0.04016861 0.02250542 -0.04096143
v -0.04059127 0.02250542 -0.04098859
v -0.04923853 0.02592730 -0.03898563
v -0.05250709 0.02250542 -0.03898563
v -0.03438603 0.02592730 -0.04047524
v -0.03686562 0.02250542 -0.04063946
v -0.03879732 0.02250542 -0.04084247
v -0.03938591 0.02250542 -0.04090324
v -0.04947334 0.02592730 -0.03774429
v -0.05261040 0.02250542 -0.03806109
v -0.05208129 0.02314853 -0.03774429
v -0.05145827 0.02383652 -0.03774429
v -0.05087281 0.02445719 -0.03774429
v -0.03314310 0.02592730 -0.04031231
v -0.03562583 0.02250542 -0.04047654
v -0.04952657 0.02592730 -0.03277763
v -0.05264171 0.02250542 -0.03777532
v -0.05262605 0.02252752 -0.03774429
v -0.04969250 0.02574073 -0.03277763
v -0.03190018 0.02592730 -0.04012353
v -0.03438603 0.02250542 -0.04024766
v -0.04935750 0.02592730 -0.03153500
v -0.05078827 0.02434096 -0.03153500
v -0.05264484 0.02250542 -0.03774429
v -0.05249143 0.02250542 -0.03277763
v -0.05023725 0.02511973 -0.03277763
v -0.03279872 0.02250542 -0.03991017
v -0.03401034 0.02250542 -0.04017008
v -0.03072926 0.02592730 -0.03981061
v -0.02903237 0.02250542 -0.03896624
v -0.04918531 0.02592730 -0.03105010
v -0.05123598 0.02360875 -0.03070614
v -0.05132990 0.02372029 -0.03153500
v -0.05240064 0.02250542 -0.03196559
v -0.03041305 0.02592730 -0.03969681
v -0.02519088 0.02250542 -0.03768351
v -0.02784579 0.02250542 -0.03861582
v -0.04896302 0.02592730 -0.03051477
v -0.05235993 0.02250542 -0.03166818
v -0.05230671 0.02250542 -0.03143414
v -0.05201242 0.02250542 -0.03029236
v -0.05163359 0.02293382 -0.03029236
v -0.05101369 0.02338467 -0.02987729
v -0.03011249 0.02592730 -0.03958044
v -0.02066374 0.02250542 -0.03553057
v -0.02940806 0.02592730 -0.03928821
v -0.04879709 0.02592730 -0.03021995
v -0.05157411 0.02250542 -0.02958764
v -0.05146453 0.02255666 -0.02948161
v -0.04858419 0.02588945 -0.02979841
v -0.04856228 0.02592730 -0.02981652
v -0.02693160 0.02592730 -0.03794601
v -0.02591409 0.02592730 -0.03732663
v -0.02556657 0.02592730 -0.03709388
v -0.02534116 0.02592730 -0.03692707
v -0.02466177 0.02592730 -0.03635683
v -0.02440818 0.02592730 -0.03581116
v -0.02066374 0.02262298 -0.03526031
v -0.02066374 0.02250542 -0.03007125
v -0.02885391 0.02592730 -0.03901279
v -0.02820270 0.02592730 -0.03868822
v -0.02788649 0.02592730 -0.03851237
v -0.05148644 0.02250542 -0.02946997
v -0.04765435 0.02592730 -0.02917904
v -0.04792986 0.02592730 -0.02933032
v -0.04851845 0.02592730 -0.02977126
v -0.02418589 0.02592730 -0.03526031
v -0.02066374 0.02364459 -0.03268970
v -0.02066374 0.02314618 -0.03396725
v -0.02386655 0.02250542 -0.02953851
v -0.02066374 0.02252719 -0.03009452
v -0.02570433 0.02592730 -0.03113415
v -0.02685020 0.02592730 -0.03055744
v -0.02947381 0.02592730 -0.02935101
v -0.03060403 0.02592730 -0.02885448
v -0.03154953 0.02592730 -0.02852733
v -0.03204106 0.02592730 -0.02839673
v -0.03224769 0.02592730 -0.02834372
v -0.03272044 0.02592730 -0.02825708
v -0.05100743 0.02250542 -0.02929282
v -0.04635194 0.02592730 -0.02859974
v -0.02404501 0.02592730 -0.03474826
v -0.02066374 0.02364694 -0.03267936
v -0.02444888 0.02250542 -0.02945317
v -0.02066374 0.02276936 -0.03035443
v -0.02463360 0.02592730 -0.03171215
v -0.03372856 0.02592730 -0.02813424
v -0.05055660 0.02250542 -0.02915964
v -0.04596685 0.02592730 -0.02848854
v -0.04965806 0.02250542 -0.02889715
v -0.02397613 0.02592730 -0.03399182
v -0.02066374 0.02363287 -0.03192938
v -0.02569181 0.02250542 -0.02934067
v -0.02066374 0.02280822 -0.03040486
v -0.02431112 0.02592730 -0.03219575
v -0.02066374 0.02340477 -0.03128285
v -0.04059127 0.02536223 -0.02799718
v -0.04059127 0.02412056 -0.02810579
v -0.03934834 0.02287856 -0.02832044
v -0.03934834 0.02250542 -0.02837087
v -0.03852181 0.02250542 -0.02841095
v -0.03794261 0.02250542 -0.02844199
v -0.03680301 0.02250542 -0.02851181
v -0.04059127 0.02592730 -0.02801269
v -0.04568508 0.02592730 -0.02841483
v -0.04841826 0.02250542 -0.02873939
v -0.04547218 0.02536223 -0.02834242
v -0.04609521 0.02536223 -0.02844845
v -0.02400117 0.02592730 -0.03350304
v -0.02408571 0.02592730 -0.03278280
v -0.04126752 0.02592730 -0.02803209
v -0.04183420 0.02536223 -0.02803467
v -0.04183420 0.02412056 -0.02810321
v -0.04059127 0.02287856 -0.02827518
v -0.04059127 0.02250542 -0.02833337
v -0.04534695 0.02592730 -0.02835794
v -0.04717534 0.02250542 -0.02864888
v -0.04431692 0.02308991 -0.02836311
v -0.04307712 0.02412056 -0.02814846
v -0.04431692 0.02412056 -0.02824803
v -0.04431692 0.02536223 -0.02820406
v -0.04494934 0.02592730 -0.02830880
v -0.04183420 0.02592730 -0.02805795
v -0.04307712 0.02536223 -0.02810967
v -0.04310530 0.02277639 -0.02833725
v -0.04183420 0.02287856 -0.02827777
v -0.04183420 0.02250542 -0.02834242
v -0.04431692 0.02250542 -0.02845621
v -0.04334950 0.02250542 -0.02839285
v -0.04307712 0.02592730 -0.02813812
v -0.04375337 0.02592730 -0.02818984
v -0.04431692 0.02592730 -0.02823381
v -0.04251045 0.02592730 -0.02809933
v -0.04291745 0.02250542 -0.02837604
v -0.04232260 0.02250542 -0.02835665
v 0.01167595 0.02250542 -0.02624851
v 0.01155550 0.02412115 -0.02624851
v 0.02160826 0.02250542 -0.02624851
v 0.01031176 0.02250542 -0.01166061
v 0.00966891 0.02344592 -0.01235210
v 0.00921012 0.02412115 -0.01166061
v 0.00870667 0.02536310 -0.01166061
v 0.01153384 0.02443868 -0.02624851
v 0.02162721 0.02287921 -0.02624851
v 0.02214555 0.02412115 -0.02415322
v 0.02214555 0.02282294 -0.02365335
v 0.02214555 0.02257375 -0.02345756
v 0.02214555 0.02250542 -0.02340341
v 0.00971087 0.02250542 0.00448105
v 0.00933463 0.02301184 0.00448105
v 0.00871344 0.02400460 0.00448105
v 0.00842247 0.02461954 0.00365626
v 0.00873239 0.02908894 -0.01041927
v 0.00876757 0.02908894 -0.01166061
v 0.00887855 0.02660505 -0.01290196
v 0.01131189 0.02783091 -0.02624851
v 0.01138362 0.02666132 -0.02624851
v 0.00832096 0.02536310 0.00448105
v 0.02165292 0.02412115 -0.02624851
v 0.02214555 0.02536310 -0.02428235
v 0.02214555 0.02250542 0.01630716
v 0.01067581 0.02250542 0.01630716
v 0.00845359 0.02470796 0.00519336
v 0.00842382 0.02462356 0.00448105
v 0.01118062 0.06356600 -0.02035420
v 0.00837374 0.02631968 0.00323970
v 0.00845765 0.02972800 0.00505173
v 0.01087476 0.06356600 -0.00544972
v 0.01124828 0.06356600 -0.02159555
v 0.01151896 0.06356600 -0.02624851
v 0.01125370 0.03033088 -0.02624851
v 0.01130107 0.02821274 -0.02624851
v 0.00839675 0.02538722 0.00565158
v 0.00843329 0.02581727 0.00645970
v 0.00842788 0.02660505 0.00649303
v 0.00839405 0.02665328 0.00575989
v 0.00843735 0.02908894 0.00538082
v 0.02165022 0.02536310 -0.02624851
v 0.02214555 0.06356600 -0.02404491
v 0.02214555 0.03159293 -0.02427402
v 0.02214555 0.06356600 0.01630716
v 0.01062303 0.02287921 0.01630716
v 0.00845765 0.02972800 0.00516837
v 0.01047281 0.06356600 0.01630716
v 0.01049446 0.06356600 0.01412022
v 0.01085581 0.06356600 -0.00451246
v 0.02071640 0.06356600 -0.02624851
v 0.01045115 0.02412115 0.01630716
v 0.01038213 0.02476825 0.01630716
v 0.01032800 0.02536310 0.01630716
v 0.01030770 0.02601020 0.01630716
v 0.01029822 0.02660505 0.01630716
v 0.00844953 0.02748928 0.00643055
v 0.02164209 0.02628752 -0.02624851
v -0.01801861 0.00023580 -0.02738685
v -0.01801861 0.00018212 -0.02634752
v -0.01801861 0.01440540 -0.02738685
v -0.01657146 0.00029674 -0.02738685
v -0.01801861 0.00011828 -0.02510485
v -0.01801861 0.01418777 -0.02408166
v -0.01575097 0.01451132 -0.02738685
v -0.01575097 0.00033156 -0.02738685
v -0.01699366 0.00010958 -0.02408166
v -0.01801861 0.00006750 -0.02408166
v -0.01575097 0.00028949 -0.02656539
v -0.01801861 0.01409781 -0.02305685
v -0.01326824 0.01406589 -0.02035525
v -0.01326824 0.01417181 -0.02159792
v -0.01459325 0.01456065 -0.02738685
v -0.01450828 0.00038525 -0.02738685
v -0.01450828 0.00021549 -0.02408166
v -0.01801861 0.00005734 -0.02386379
v -0.01326824 0.00020534 -0.02283898
v -0.01801861 0.01398174 -0.02181579
v -0.01326824 0.01394982 -0.01911419
v -0.01202555 0.01400495 -0.01911419
v -0.01450828 0.01456355 -0.02738685
v -0.00423749 0.01357693 -0.01089962
v -0.00422422 0.01357838 -0.01091415
v -0.01408874 0.00040556 -0.02738685
v -0.01326824 0.00027063 -0.02408166
v -0.01450828 0.00015455 -0.02283898
v -0.01575097 0.00010522 -0.02283898
v -0.01699366 0.00005734 -0.02283898
v -0.01801861 0.00001962 -0.02283898
v -0.01326824 0.00015600 -0.02159792
v -0.01202555 0.00026917 -0.02283898
v -0.01202555 0.00021404 -0.02159792
v -0.01801861 0.01395707 -0.02159792
v -0.00532883 0.01352035 -0.01089962
v -0.01332666 0.01457951 -0.02738685
v 0.00910815 0.01371477 -0.01089962
v -0.01326824 0.00044909 -0.02738685
v -0.01326824 0.00040411 -0.02656539
v -0.01450828 0.00010958 -0.02159792
v -0.01801861 0.00001382 -0.02262111
v -0.01326824 0.00012844 -0.02035525
v -0.01450828 0.00008056 -0.02035525
v -0.01202555 0.00033737 -0.02408166
v -0.01078286 0.00041862 -0.02408166
v -0.01078286 0.00035188 -0.02283898
v -0.01078286 0.00029965 -0.02159792
v -0.01078286 0.00026772 -0.02035525
v -0.01202555 0.00018938 -0.02035525
v -0.01801861 0.01383375 -0.02057312
v -0.00580944 0.01348843 -0.01089962
v -0.00705745 0.01464335 -0.02738685
v 0.00910815 0.00155468 -0.01089962
v 0.00910815 0.01375394 -0.02738685
v 0.00649531 0.01392805 -0.02738685
v -0.01284605 0.00047521 -0.02738685
v -0.01575097 0.00006605 -0.02159792
v -0.01801861 -0.00001665 -0.02137844
v -0.01728043 -0.00011532 -0.01538939
v -0.01801861 -0.00014724 -0.01538939
v -0.01450828 0.00005734 -0.01911419
v -0.01742382 -0.00010661 -0.01639644
v -0.01699366 -0.00006163 -0.01787312
v -0.01202555 0.00047956 -0.02656539
v -0.00954017 0.00050132 -0.02408166
v -0.01078286 0.00048972 -0.02532272
v -0.00663525 0.00088146 -0.02738685
v -0.00581476 0.00088871 -0.02656539
v -0.00457206 0.00097577 -0.02656539
v -0.00830014 0.00058983 -0.02408166
v -0.00954017 0.00044329 -0.02283898
v -0.00830014 0.00054195 -0.02283898
v -0.00269741 0.00114262 -0.02721417
v -0.00581476 0.00051148 -0.01414671
v -0.00830014 0.00038235 -0.01663045
v -0.00209199 0.00072331 -0.01166298
v -0.00333468 0.00064061 -0.01166298
v -0.00381264 0.00060869 -0.01089962
v -0.00830014 0.00037654 -0.01538939
v -0.01326824 0.00011103 -0.01787312
v -0.01721405 -0.00012112 -0.01414671
v -0.01450828 0.00004428 -0.01787312
v -0.01801861 0.01380473 -0.02035525
v -0.00655293 0.01341879 -0.01089962
v -0.01801861 0.01366399 -0.01941598
v -0.00252216 0.00116294 -0.02738685
v -0.00084930 0.00130077 -0.02738685
v -0.00042711 0.00133560 -0.02738685
v 0.00039339 0.00140379 -0.02738685
v 0.00163342 0.00150971 -0.02738685
v 0.00910815 0.00215971 -0.02738685
v -0.00132992 0.00076394 -0.01089962
v -0.01202555 0.00052744 -0.02738685
v -0.01801861 -0.00006889 -0.01910450
v -0.01575097 -0.00002826 -0.01663045
v -0.01801861 -0.00016174 -0.01414671
v -0.01801861 -0.00011967 -0.01684187
v -0.01801861 -0.00011241 -0.01716948
v -0.01160336 0.00055501 -0.02738685
v -0.01036067 0.00063626 -0.02738685
v -0.00457206 0.00101930 -0.02738685
v -0.00333468 0.00063626 -0.01089962
v -0.00209199 0.00071315 -0.01089962
v -0.00257261 0.00068124 -0.01089962
v -0.00705745 0.00042878 -0.01089962
v -0.01450828 0.00002832 -0.01414671
v -0.01801861 -0.00017480 -0.01166298
v -0.01801861 -0.00017045 -0.01266035
v -0.00705745 0.01336655 -0.01089962
v -0.01801861 0.01362481 -0.01918358
v -0.01002078 0.00026482 -0.01089962
v -0.01686620 -0.00011386 -0.01089962
v -0.01744772 -0.00014579 -0.01089962
v -0.01801861 -0.00017625 -0.01089962
v -0.00830014 0.01318809 -0.01089962
v -0.01801861 0.01344055 -0.01817008
v -0.01801861 0.01315617 -0.01663045
v -0.01801861 0.00514569 -0.01089962
v -0.00954017 0.01299657 -0.01089962
v -0.01801861 0.01268898 -0.01546847
v -0.01801861 0.01211151 -0.01487457
v -0.01118913 0.01236252 -0.01089962
v -0.01070055 0.01263674 -0.01089962
v -0.01801861 0.01220147 -0.01496010
v 0.00605587 0.00171761 0.01025659
v 0.00616766 0.00173389 0.01025659
v 0.01529977 0.00285101 0.01696314
v 0.00605587 0.00176644 0.01387246
v 0.00605587 0.01428268 0.01025659
v 0.00660465 0.00180104 0.01025659
v 0.00991969 0.00235044 0.01025659
v 0.01121847 0.00256613 0.01025659
v 0.01157213 0.00262514 0.01025659
v 0.01405790 0.00304228 0.01025659
v 0.01535668 0.00286118 0.01696314
v 0.00660465 0.00188446 0.01696314
v 0.00605587 0.00181121 0.01635656
v 0.00605587 0.00178679 0.01511451
v 0.00605587 0.01472830 0.01696314
v 0.01060262 0.02250542 0.01069512
v 0.01062701 0.02250542 0.01025659
v 0.01653961 0.00308705 0.01696314
v 0.01486075 0.00320914 0.01025659
v 0.00608229 0.00182749 0.01696314
v 0.00605587 0.00182342 0.01690471
v 0.01066766 0.02250542 0.01696314
v 0.01061075 0.02250542 0.01156363
v 0.00605587 0.00182545 0.01696314
v 0.02681807 0.02250542 0.01025659
v 0.01733432 0.00356727 0.01317922
v 0.01660668 0.00310740 0.01696314
v 0.01529977 0.00332105 0.01025659
v 0.01720424 0.00360796 0.01236060
v 0.02307213 0.02250542 0.01696314
v 0.01977132 0.00469660 0.01442061
v 0.01973270 0.00474136 0.01317922
v 0.01967782 0.00482072 0.01245316
v 0.01958026 0.00633870 0.01025659
v 0.01989530 0.00549018 0.01696314
v 0.01971644 0.00476375 0.01696314
v 0.01972050 0.00476171 0.01690471
v 0.01975709 0.00472915 0.01566266
v 0.01795424 0.00382569 0.01317922
v 0.01804977 0.00377482 0.01442061
v 0.01742985 0.00352250 0.01442061
v 0.01759449 0.00345331 0.01696314
v 0.01590343 0.00347570 0.01025659
v 0.01707213 0.00365273 0.01153278
v 0.01902132 0.00422859 0.01696314
v 0.01902335 0.00422045 0.01442061
v 0.01902335 0.00431812 0.01317922
v 0.01863717 0.00464776 0.01025659
v 0.01921644 0.00555529 0.01025659
v 0.01778148 0.00408818 0.01069512
v 0.01821441 0.00371581 0.01696314
v 0.01677132 0.00377685 0.01025659
v 0.01737294 0.00400883 0.01025659
v 0.01778148 0.00417568 0.01025659
v 0.05131722 0.07120601 0.00147287
v 0.05131722 0.07137846 -0.00296872
v 0.05007532 0.07134637 -0.00172694
v 0.05007532 0.07119799 0.00147287
v 0.05255912 0.07116591 0.00147287
v 0.05255912 0.07131028 -0.01042190
v 0.05255912 0.07130226 -0.01166125
v 0.05131722 0.07132231 -0.01042190
v 0.05007532 0.07137044 -0.00296872
v 0.05680880 0.07100148 0.00147287
v 0.05752670 0.07097341 0.00147287
v 0.05876860 0.07121804 -0.00793588
v 0.05752670 0.07124611 -0.00793588
v 0.04883342 0.07124611 -0.00048515
v 0.04883342 0.07118997 0.00075664
v 0.04883342 0.07113382 0.00147287
v 0.05131722 0.07131028 -0.01166125
v 0.05876860 0.07115387 -0.00918011
v 0.05255912 0.07123809 -0.01290304
v 0.04841258 0.07128622 -0.00918011
v 0.04883342 0.07126617 -0.00172694
v 0.05805207 0.07092127 0.00147287
v 0.05876860 0.07084507 0.00147287
v 0.05945213 0.07072476 0.00147287
v 0.05985371 0.07092929 -0.00793588
v 0.05982621 0.07090523 -0.00918011
v 0.04841258 0.07121002 -0.00048515
v 0.04841258 0.07114986 0.00075664
v 0.04841258 0.07107366 0.00147287
v 0.05131722 0.07122606 -0.01290304
v 0.04841258 0.07125012 -0.01042190
v 0.05942737 0.07070471 -0.01359238
v 0.05876860 0.07074882 -0.01386127
v 0.05752670 0.07092127 -0.01290304
v 0.05759134 0.07078492 -0.01424994
v 0.05255912 0.07104960 -0.01414483
v 0.04841258 0.07122205 -0.00130649
v 0.05980971 0.07048815 0.00147287
v 0.06047398 0.07056435 -0.00793588
v 0.06044647 0.07056033 -0.00918011
v 0.06036670 0.07054830 -0.01042190
v 0.06025943 0.07054429 -0.01166125
v 0.05990873 0.07052023 -0.01406171
v 0.04841258 0.03095765 0.00147287
v 0.04841258 0.07112981 -0.01166125
v 0.05131722 0.07098945 -0.01414483
v 0.04841258 0.07069669 -0.01448705
v 0.04841258 0.07077289 -0.01406416
v 0.04841258 0.07095736 -0.01290304
v 0.04841258 0.07102153 -0.01248259
v 0.06001050 0.07029966 -0.01538662
v 0.05876860 0.07064856 -0.01448216
v 0.05804932 0.07068867 -0.01473394
v 0.05722139 0.07071273 -0.01480239
v 0.05255912 0.07080096 -0.01493439
v 0.06007239 0.07030768 0.00147287
v 0.06093470 0.06994273 -0.00793588
v 0.06095533 0.06993872 -0.00918011
v 0.06099384 0.06992268 -0.01166125
v 0.06102547 0.06989461 -0.01414483
v 0.06079167 0.06969008 0.00147287
v 0.06100347 0.06987456 -0.01538662
v 0.06012740 0.07050820 -0.01290304
v 0.04841258 0.03051250 -0.00296872
v 0.05380101 0.03070500 -0.00048515
v 0.05504429 0.03084536 0.00072975
v 0.05504429 0.03095765 0.00135065
v 0.05504429 0.03098572 0.00147287
v 0.05131722 0.07075684 -0.01488061
v 0.04841258 0.07066460 -0.01462639
v 0.06085768 0.06970211 -0.01631796
v 0.05990735 0.06973018 -0.01669196
v 0.04841258 0.07002294 -0.01619573
v 0.05942600 0.06945748 -0.01725908
v 0.05504429 0.06950961 -0.01733730
v 0.05007532 0.06954570 -0.01739841
v 0.06154121 0.06883185 -0.01414483
v 0.06097734 0.06992669 -0.01042190
v 0.06152333 0.06883185 -0.01538662
v 0.06102410 0.06883185 0.00147287
v 0.06113962 0.06883185 -0.00172694
v 0.04841258 0.03040823 -0.00421051
v 0.05504429 0.03070500 -0.00048515
v 0.05588872 0.03087744 0.00052686
v 0.05528084 0.03099374 0.00147287
v 0.04841258 0.07039190 -0.01534995
v 0.06115062 0.06891206 -0.01669196
v 0.06092782 0.06855113 -0.01765019
v 0.06054687 0.06819019 -0.01847642
v 0.06025393 0.06937727 -0.01714663
v 0.04883342 0.06950560 -0.01733486
v 0.04841258 0.06956977 -0.01714419
v 0.05504429 0.06899628 -0.01795820
v 0.05971894 0.06826238 -0.01854242
v 0.05876860 0.06830248 -0.01858398
v 0.05007532 0.06905643 -0.01801931
v 0.04883342 0.06904039 -0.01795575
v 0.04841258 0.06906045 -0.01789219
v 0.06145181 0.06758863 -0.00172694
v 0.06172412 0.06634942 -0.00172694
v 0.06189742 0.06581603 -0.00445740
v 0.06231138 0.06386297 -0.00793588
v 0.06166911 0.06758863 -0.01662840
v 0.06246266 0.06261975 -0.00918011
v 0.06144219 0.06634942 0.00147287
v 0.06164848 0.06634942 -0.00048515
v 0.04841258 0.03043630 -0.00545230
v 0.05255912 0.03049645 -0.00918011
v 0.05380101 0.03058468 -0.01042190
v 0.05597674 0.03084937 -0.00048515
v 0.05752670 0.03140281 0.00147287
v 0.05695458 0.03124239 0.00147287
v 0.05628893 0.03109802 0.00147287
v 0.06118226 0.06770092 -0.01798508
v 0.06090720 0.06608072 -0.02001888
v 0.06039008 0.06690686 -0.01966199
v 0.05956215 0.06700712 -0.01976954
v 0.04841258 0.06948555 -0.01730552
v 0.05504429 0.06837868 -0.01864998
v 0.05876860 0.06767285 -0.01920487
v 0.05876860 0.06705124 -0.01981110
v 0.05752670 0.06708332 -0.01984043
v 0.05752670 0.06770493 -0.01922443
v 0.05007532 0.06843482 -0.01870865
v 0.04883342 0.06841878 -0.01869887
v 0.04841258 0.06841076 -0.01869398
v 0.06226461 0.06386297 -0.00669409
v 0.06242278 0.06261975 -0.00793588
v 0.06201569 0.06271600 -0.02038555
v 0.06198818 0.06236308 -0.02122889
v 0.06185478 0.06318922 -0.02082066
v 0.06245166 0.06138053 -0.00918011
v 0.06242690 0.06138053 -0.01042190
v 0.06212846 0.06138053 -0.02035377
v 0.06148757 0.06563155 0.00147287
v 0.06222749 0.06261975 -0.00545230
v 0.06233614 0.06261975 -0.00669409
v 0.06217385 0.06386297 -0.00545230
v 0.04841258 0.03057666 -0.00669409
v 0.05131722 0.03056463 -0.00918011
v 0.05255912 0.03058869 -0.01042190
v 0.05380101 0.03080124 -0.01139969
v 0.05468946 0.03086942 -0.01124324
v 0.05486550 0.03080526 -0.01042190
v 0.05548438 0.03101380 -0.01042190
v 0.05659700 0.03106192 -0.00048515
v 0.05752670 0.03137874 0.00075664
v 0.05824324 0.03167551 0.00147287
v 0.06117400 0.06643363 -0.01919265
v 0.06115750 0.06512624 -0.02040022
v 0.06162785 0.06271600 -0.02162489
v 0.06105985 0.06379479 -0.02157845
v 0.06083981 0.06472520 -0.02115311
v 0.06074078 0.06333761 -0.02228246
v 0.06001050 0.06557541 -0.02086466
v 0.05998987 0.06643363 -0.02016310
v 0.05911243 0.06569973 -0.02095755
v 0.05872597 0.06622910 -0.02052977
v 0.05828450 0.06573583 -0.02098444
v 0.05752670 0.06637348 -0.02046133
v 0.05628481 0.06709134 -0.01985021
v 0.05007532 0.06774504 -0.01932954
v 0.04883342 0.06774102 -0.01931976
v 0.04841258 0.06774102 -0.01931487
v 0.06186303 0.04150901 -0.00259961
v 0.06189054 0.04150901 -0.00322050
v 0.06200193 0.06138053 -0.02128267
v 0.06171725 0.06138053 -0.02190356
v 0.06188091 0.04084328 -0.00338673
v 0.06188228 0.03587440 -0.01312548
v 0.06189878 0.03654414 -0.01563351
v 0.06189878 0.03654414 -0.01621285
v 0.06172825 0.03902657 -0.01911198
v 0.06169799 0.04275223 -0.02035377
v 0.06150270 0.06510619 0.00147287
v 0.06210921 0.06261975 -0.00421051
v 0.06178739 0.04150901 -0.00172694
v 0.04841258 0.03107395 -0.01041457
v 0.04973287 0.03098171 -0.01082035
v 0.05056080 0.03093760 -0.01108191
v 0.05131722 0.03089348 -0.01121391
v 0.05255912 0.03081729 -0.01138747
v 0.05255912 0.03105791 -0.01200836
v 0.05255912 0.03143890 -0.01290304
v 0.05380101 0.03106593 -0.01202058
v 0.05799568 0.03223697 -0.01212325
v 0.05755971 0.03197629 -0.01168814
v 0.05828175 0.03212869 -0.01129458
v 0.05787741 0.03347618 -0.01590240
v 0.05876860 0.03333582 -0.01502972
v 0.05943425 0.03342004 -0.01481217
v 0.05628481 0.03129853 -0.01042190
v 0.05752670 0.03138275 -0.00048515
v 0.05876860 0.03185598 0.00075664
v 0.05876860 0.03187603 0.00147287
v 0.06095808 0.06261975 -0.02249268
v 0.06001050 0.06342985 -0.02233868
v 0.06001050 0.06405146 -0.02192068
v 0.06001050 0.06495380 -0.02129978
v 0.06001050 0.06261975 -0.02280802
v 0.05872597 0.06521447 -0.02131200
v 0.05752670 0.06575588 -0.02099911
v 0.05752670 0.06510619 -0.02144889
v 0.05131722 0.06712342 -0.01986243
v 0.05007532 0.06712342 -0.01985999
v 0.04841258 0.06711941 -0.01985999
v 0.06160722 0.03902657 -0.00048515
v 0.06166774 0.04150901 -0.02035377
v 0.06109561 0.06138053 -0.02262957
v 0.06116850 0.04275223 -0.02151245
v 0.06124689 0.03530091 0.00147287
v 0.06111074 0.03405769 0.00147287
v 0.06113274 0.03405769 0.00075664
v 0.06175576 0.03539716 -0.01278815
v 0.06188228 0.03587440 -0.01375616
v 0.06188366 0.03589846 -0.01574840
v 0.06188366 0.03589846 -0.01606129
v 0.06117951 0.03901454 -0.02039777
v 0.06158109 0.04026980 -0.02035377
v 0.06125790 0.03770715 -0.01919510
v 0.06143256 0.03902657 0.00075664
v 0.04841258 0.03114213 -0.01083013
v 0.04841258 0.03131458 -0.01166125
v 0.04841258 0.03142687 -0.01208170
v 0.04841258 0.03167150 -0.01290304
v 0.04841258 0.03203244 -0.01386860
v 0.04883342 0.03202041 -0.01390527
v 0.05007532 0.03199634 -0.01400305
v 0.05131722 0.03196025 -0.01404216
v 0.05131722 0.03224900 -0.01466305
v 0.05255912 0.03195624 -0.01399327
v 0.05380101 0.03149103 -0.01290304
v 0.05504429 0.03235728 -0.01440883
v 0.05897077 0.03242546 -0.01042190
v 0.05834913 0.03209259 -0.01042190
v 0.05752670 0.03175572 -0.01042190
v 0.05961854 0.03332379 -0.01414483
v 0.05987847 0.03317941 -0.01290304
v 0.06060876 0.03345212 -0.01203036
v 0.06012190 0.03314733 -0.01163436
v 0.05704948 0.03341602 -0.01604173
v 0.05748820 0.03379701 -0.01652574
v 0.05876860 0.03457904 -0.01737397
v 0.05876860 0.03410982 -0.01662840
v 0.05876860 0.03358847 -0.01565062
v 0.05989497 0.03447878 -0.01658929
v 0.05991285 0.03384514 -0.01528884
v 0.06023880 0.03363660 -0.01414483
v 0.05888688 0.03194020 -0.00057559
v 0.05945075 0.03215275 0.00075664
v 0.05915094 0.03203645 0.00147287
v 0.06001050 0.06138053 -0.02316491
v 0.05876860 0.06412365 -0.02200868
v 0.05876860 0.06261975 -0.02282757
v 0.05752670 0.06355016 -0.02237535
v 0.05752670 0.06417177 -0.02204779
v 0.05876860 0.06138053 -0.02326513
v 0.05649935 0.06575187 -0.02099667
v 0.05131722 0.06419984 -0.02203068
v 0.05007532 0.06420385 -0.02202579
v 0.04841258 0.06634942 -0.02044911
v 0.06112174 0.04150901 -0.02149778
v 0.06001050 0.06013731 -0.02314291
v 0.06065276 0.04564373 -0.02223357
v 0.06091820 0.03360050 0.00147287
v 0.06077379 0.03326363 0.00147287
v 0.06079029 0.03326363 0.00075664
v 0.06172962 0.03539716 -0.01415949
v 0.06110524 0.03413389 -0.01290304
v 0.06107773 0.03425821 -0.01414483
v 0.06090857 0.03445071 -0.01538662
v 0.06125102 0.03536508 -0.01651840
v 0.06093608 0.03565784 -0.01761108
v 0.06124552 0.03644388 -0.01796308
v 0.06096358 0.03807210 -0.02001155
v 0.06082743 0.03942360 -0.02111889
v 0.06101034 0.04026980 -0.02131689
v 0.06095533 0.03679278 -0.01883820
v 0.04841258 0.03233723 -0.01448950
v 0.04883342 0.03231718 -0.01452616
v 0.05007532 0.03226103 -0.01462394
v 0.04883342 0.03329972 -0.01620551
v 0.05131722 0.03276233 -0.01538662
v 0.05628481 0.03339998 -0.01606129
v 0.05255912 0.03228108 -0.01461416
v 0.05380101 0.03231718 -0.01453594
v 0.05380101 0.03200035 -0.01391505
v 0.05942737 0.03216879 -0.00022114
v 0.06001050 0.03301900 -0.01042190
v 0.06050010 0.03351227 -0.01290304
v 0.06064039 0.03342806 -0.01120169
v 0.05752670 0.03447878 -0.01751086
v 0.05940537 0.03467529 -0.01725663
v 0.05876860 0.03506029 -0.01799486
v 0.05970105 0.03580221 -0.01862309
v 0.06023330 0.03483170 -0.01697552
v 0.06073803 0.03460711 -0.01614684
v 0.05943975 0.03216478 0.00147287
v 0.06066102 0.03341201 -0.01042190
v 0.06007101 0.03264202 0.00075664
v 0.06006001 0.03264202 0.00147287
v 0.05869846 0.06007715 -0.02340202
v 0.04841258 0.06261975 -0.02289846
v 0.05255912 0.06357823 -0.02240712
v 0.05007532 0.06358224 -0.02242179
v 0.05823636 0.05962398 -0.02347047
v 0.05752670 0.06038194 -0.02342158
v 0.04841258 0.06134845 -0.02329936
v 0.04841258 0.06527062 -0.02124111
v 0.04841258 0.06568369 -0.02094289
v 0.04883342 0.06356620 -0.02242668
v 0.04841258 0.06377474 -0.02228735
v 0.04841258 0.06418380 -0.02201112
v 0.04841258 0.06448458 -0.02180090
v 0.04841258 0.06506208 -0.02139023
v 0.06028831 0.04150901 -0.02211868
v 0.06044784 0.04275223 -0.02213334
v 0.06059638 0.04481759 -0.02220423
v 0.05869846 0.05893018 -0.02336780
v 0.06011365 0.04523467 -0.02239979
v 0.05987297 0.04399546 -0.02241935
v 0.05876860 0.04399546 -0.02272246
v 0.05982621 0.04275223 -0.02236801
v 0.06053036 0.03596664 -0.01843975
v 0.06025943 0.03859345 -0.02084022
v 0.06046435 0.03724194 -0.01966443
v 0.05991148 0.03901454 -0.02122156
v 0.05991835 0.04037006 -0.02189868
v 0.04841258 0.03251369 -0.01481705
v 0.04841258 0.03297889 -0.01565551
v 0.04841258 0.03331175 -0.01619573
v 0.04841258 0.03344811 -0.01640596
v 0.04841258 0.03374488 -0.01681663
v 0.04883342 0.03374889 -0.01682641
v 0.05007532 0.03330774 -0.01618351
v 0.05628481 0.03446274 -0.01754508
v 0.05628481 0.03494800 -0.01816597
v 0.05752670 0.03497607 -0.01813175
v 0.05996786 0.03531695 -0.01784819
v 0.05876860 0.03567789 -0.01875754
v 0.05876860 0.03630351 -0.01937843
v 0.05963641 0.03705346 -0.01983066
v 0.06008339 0.03651205 -0.01914376
v 0.05823636 0.05936330 -0.02347047
v 0.04841258 0.06356219 -0.02242424
v 0.05750195 0.05893018 -0.02348513
v 0.05752670 0.05976033 -0.02348269
v 0.05628481 0.06038595 -0.02341913
v 0.05628481 0.05976434 -0.02348513
v 0.04841258 0.06052632 -0.02338736
v 0.05944250 0.04085531 -0.02223112
v 0.05966805 0.04150901 -0.02228001
v 0.05876860 0.04275223 -0.02262713
v 0.05752670 0.04275223 -0.02284468
v 0.05752670 0.04399546 -0.02291557
v 0.05994724 0.03781543 -0.02033422
v 0.05943150 0.03838491 -0.02098933
v 0.05876860 0.03902657 -0.02149534
v 0.05876860 0.04005323 -0.02204779
v 0.04841258 0.03395342 -0.01709774
v 0.04841258 0.03436248 -0.01762330
v 0.05007532 0.03438654 -0.01761352
v 0.05628481 0.03556961 -0.01884798
v 0.05752670 0.03559367 -0.01884309
v 0.04883342 0.03437050 -0.01762330
v 0.05504429 0.03493998 -0.01818309
v 0.05752670 0.03619924 -0.01946399
v 0.05752670 0.03682085 -0.02005799
v 0.05876860 0.03692512 -0.01994310
v 0.05628481 0.04399546 -0.02307202
v 0.05628481 0.04523868 -0.02311602
v 0.05504429 0.04399546 -0.02315513
v 0.05504429 0.04523868 -0.02319180
v 0.05380101 0.04523868 -0.02321624
v 0.05707286 0.05814815 -0.02347291
v 0.05628481 0.05889409 -0.02349736
v 0.04841258 0.06013731 -0.02342647
v 0.05876860 0.04067084 -0.02229468
v 0.05752670 0.04150901 -0.02267602
v 0.05876860 0.04150901 -0.02246335
v 0.05628481 0.04275223 -0.02300357
v 0.05876860 0.03768710 -0.02056400
v 0.05752670 0.03755075 -0.02067888
v 0.05876860 0.03830871 -0.02104311
v 0.05752670 0.03902657 -0.02168601
v 0.05752670 0.03980860 -0.02215046
v 0.04841258 0.03490789 -0.01824420
v 0.04883342 0.03490789 -0.01824420
v 0.05007532 0.03490789 -0.01823442
v 0.04883342 0.03552950 -0.01891398
v 0.04841258 0.03572200 -0.01912420
v 0.04841258 0.03611502 -0.01953487
v 0.04841258 0.03632356 -0.01974266
v 0.05628481 0.03680882 -0.02008488
v 0.05628481 0.03749460 -0.02070578
v 0.05504429 0.04275223 -0.02308913
v 0.05380101 0.04275223 -0.02312580
v 0.05380101 0.04399546 -0.02317958
v 0.05255912 0.04523868 -0.02323335
v 0.05131722 0.04523868 -0.02324069
v 0.05007532 0.04523868 -0.02324558
v 0.04883342 0.04523868 -0.02324802
v 0.04841258 0.04523868 -0.02324558
v 0.05752670 0.04043021 -0.02238757
v 0.05628481 0.04150901 -0.02281779
v 0.05628481 0.03811621 -0.02117756
v 0.05752670 0.03816835 -0.02113111
v 0.05628481 0.03902657 -0.02178134
v 0.05628481 0.03968829 -0.02219935
v 0.05628481 0.04030990 -0.02244135
v 0.04841258 0.03511643 -0.01847153
v 0.04841258 0.03673663 -0.02012155
v 0.04841258 0.03697726 -0.02033177
v 0.04841258 0.03747455 -0.02074244
v 0.05504429 0.04150901 -0.02287402
v 0.04841258 0.04275223 -0.02315269
v 0.05007532 0.04399546 -0.02321380
v 0.05131722 0.04399546 -0.02320402
v 0.04841258 0.04150901 -0.02294002
v 0.04883342 0.04399546 -0.02321624
v 0.04841258 0.04399546 -0.02321380
v 0.04841258 0.03809616 -0.02119222
v 0.04841258 0.03931131 -0.02202090
v 0.04841258 0.03962813 -0.02223112
v 0.04841258 0.03971235 -0.02226779
v 0.04841258 0.04019360 -0.02247313
v 0.02647684 0.07840130 0.01630716
v 0.02531348 0.07826587 0.01630716
v 0.02746708 0.07829531 0.01630716
v 0.02647684 0.07891945 0.01592175
v 0.02523434 0.07825409 0.01630716
v 0.02779551 0.07870748 0.01592572
v 0.02771736 0.07957303 0.01523038
v 0.02820802 0.07806567 0.01630716
v 0.02826045 0.07811867 0.01626742
v 0.02647684 0.07963780 0.01530191
v 0.02523434 0.07884291 0.01583433
v 0.02490690 0.07818343 0.01630716
v 0.02847611 0.07944938 0.01511118
v 0.02771736 0.08006763 0.01441982
v 0.02957022 0.07694693 0.01630716
v 0.02895985 0.07783604 0.01604492
v 0.02891830 0.07874281 0.01538932
v 0.02523434 0.07953770 0.01521449
v 0.02647684 0.08007352 0.01441982
v 0.02443800 0.07944349 0.01510721
v 0.02378410 0.07802446 0.01619193
v 0.02461210 0.07814811 0.01628332
v 0.02456660 0.07809511 0.01630716
v 0.02930411 0.07913731 0.01479729
v 0.02891830 0.07969080 0.01439598
v 0.02895293 0.08035615 0.01314041
v 0.02853349 0.08067411 0.01269937
v 0.02771736 0.08050336 0.01328742
v 0.02959000 0.07692338 0.01630716
v 0.02959693 0.07693516 0.01629921
v 0.02214690 0.07995576 0.01317617
v 0.02214690 0.07954359 0.01404236
v 0.02275034 0.08002641 0.01317617
v 0.02771736 0.08094496 0.01193649
v 0.02771736 0.08135124 0.01069283
v 0.02214690 0.07909021 0.01466617
v 0.02214690 0.07878402 0.01501583
v 0.02214690 0.07846607 0.01537342
v 0.02214690 0.07777716 0.01599326
v 0.02214690 0.07747686 0.01622372
v 0.02214690 0.07735910 0.01630716
v 0.02965628 0.07830709 0.01515489
v 0.02966914 0.07950237 0.01396686
v 0.02936149 0.08055635 0.01242521
v 0.02895293 0.08084487 0.01198019
v 0.02895985 0.08131002 0.01069283
v 0.02960089 0.07689983 0.01630716
v 0.02975422 0.07741798 0.01560388
v 0.03225306 0.06832673 0.01630716
v 0.02214690 0.08193417 0.00648110
v 0.02895985 0.08163387 0.00944918
v 0.02771736 0.08165742 0.00944918
v 0.02214690 0.02250542 0.01630716
v 0.02981357 0.07874281 0.01439598
v 0.02980764 0.07973201 0.01317617
v 0.02969981 0.08073888 0.01159875
v 0.03019246 0.07876636 0.01317617
v 0.02986007 0.08092141 0.01069283
v 0.03225306 0.07716479 0.00787574
v 0.03225306 0.03739646 0.01630716
v 0.02771736 0.08199305 0.00805851
v 0.02771736 0.08216969 0.00696584
v 0.02214690 0.08203427 0.00572616
v 0.02955439 0.08186351 0.00696584
v 0.02906768 0.08181640 0.00830486
v 0.02872639 0.08197538 0.00795520
v 0.02214690 0.02250542 -0.02340237
v 0.02336862 0.02250542 0.01630716
v 0.03225306 0.07797146 0.00659235
v 0.03033689 0.08000875 0.01069283
v 0.02995108 0.08009118 0.01198019
v 0.02997779 0.08109217 0.00944918
v 0.03225306 0.07825409 0.00588907
v 0.03109564 0.03421099 0.01630716
v 0.03225306 0.03585966 0.01571116
v 0.02893413 0.08204604 0.00696584
v 0.02771736 0.08223446 0.00572616
v 0.02523434 0.08264074 -0.00297147
v 0.02647684 0.08220502 0.00572616
v 0.02214690 0.08212258 0.00448251
v 0.03000153 0.08119226 0.00820950
v 0.03225306 0.07828353 0.00572616
v 0.03087405 0.08071533 -0.00669052
v 0.03089284 0.08074477 -0.00793417
v 0.02960385 0.08188706 0.00427589
v 0.02895985 0.08221680 -0.00172782
v 0.02921211 0.02250542 -0.01890455
v 0.02214690 0.02282337 -0.02365269
v 0.02976906 0.02340041 -0.01983431
v 0.02752940 0.02250542 0.00929819
v 0.03225306 0.02738666 0.00867438
v 0.03225306 0.02789893 0.00925448
v 0.03225306 0.03076644 0.01241329
v 0.03225306 0.03094897 0.01260798
v 0.03225306 0.03189107 0.01350595
v 0.03225306 0.03219725 0.01378806
v 0.02949800 0.03107262 0.01616412
v 0.02960781 0.03140236 0.01630716
v 0.03225306 0.07827765 0.00576987
v 0.03079590 0.03349264 0.01630716
v 0.03225306 0.03375761 0.01477742
v 0.03225306 0.03501766 0.01536150
v 0.02771736 0.08253475 -0.00297147
v 0.02771736 0.08250532 -0.00172782
v 0.02647684 0.08265840 -0.00297147
v 0.02214690 0.08247587 -0.00236753
v 0.02214690 0.08245232 -0.00172782
v 0.02214690 0.08239344 -0.00048416
v 0.02523434 0.08259952 -0.00420718
v 0.02214690 0.08221680 -0.01166116
v 0.03225306 0.07816577 -0.01155388
v 0.03089284 0.08073299 -0.01414450
v 0.03089383 0.08074477 -0.00917782
v 0.03029039 0.08136891 -0.00793417
v 0.02967013 0.08193417 -0.00172782
v 0.02895985 0.08221091 -0.00297147
v 0.02966914 0.08192239 -0.00793417
v 0.03006682 0.02250542 -0.01807015
v 0.03019048 0.02314133 -0.01911117
v 0.02214690 0.02412465 -0.02414936
v 0.02973641 0.02702749 -0.02230970
v 0.02998966 0.02562612 -0.02126869
v 0.03019048 0.02413643 -0.02008463
v 0.03059706 0.02373603 -0.01952440
v 0.02811503 0.02250542 0.00820950
v 0.02845731 0.02335919 0.00900019
v 0.03225306 0.02698627 0.00799494
v 0.03225306 0.03246811 0.01398276
v 0.02988381 0.03181453 0.01630716
v 0.03076721 0.03342787 0.01630716
v 0.03225306 0.03339843 0.01459863
v 0.02771736 0.08209904 -0.01166116
v 0.02958506 0.08187528 -0.01229292
v 0.02647684 0.08212847 -0.01290084
v 0.02523434 0.08215203 -0.01290084
v 0.02214690 0.08214025 -0.01222935
v 0.03225306 0.07769472 -0.01292865
v 0.03080381 0.08059167 -0.01592852
v 0.03086416 0.08068589 -0.01509810
v 0.03015882 0.02250542 -0.01792711
v 0.03090867 0.02340041 -0.01869794
v 0.02214690 0.02536704 -0.02428445
v 0.02965331 0.03451717 -0.02348184
v 0.03020235 0.02909422 -0.02258386
v 0.03017069 0.02793426 -0.02240904
v 0.03086119 0.02839942 -0.02225010
v 0.03056441 0.02757508 -0.02201965
v 0.03027654 0.02650934 -0.02164218
v 0.03081766 0.02599707 -0.02096672
v 0.03089087 0.02456037 -0.01984226
v 0.02835839 0.02250542 0.00757376
v 0.03225306 0.02654466 0.00696584
v 0.03225306 0.03281551 0.01422910
v 0.03019443 0.03233857 0.01630716
v 0.03046846 0.03282728 0.01630716
v 0.02771736 0.08202837 -0.01290084
v 0.03031512 0.08096263 -0.01546364
v 0.03002231 0.08085075 -0.01662783
v 0.02923387 0.08180463 -0.01311938
v 0.02840587 0.08188117 -0.01357234
v 0.02887577 0.08191061 -0.01278562
v 0.02771736 0.08194005 -0.01376306
v 0.02647684 0.08199893 -0.01396172
v 0.02523434 0.08198127 -0.01387431
v 0.02214690 0.08204015 -0.01287303
v 0.03083448 0.07940816 -0.01851517
v 0.03225306 0.07719423 -0.01394980
v 0.02977400 0.08070944 -0.01740661
v 0.03018751 0.02250542 -0.01787546
v 0.03101848 0.02413643 -0.01911117
v 0.03130437 0.02412465 -0.01787149
v 0.03101650 0.02325321 -0.01787149
v 0.03061981 0.02250542 -0.01662783
v 0.03052286 0.02250542 -0.01691391
v 0.02214690 0.03159078 -0.02427253
v 0.03225306 0.05765158 -0.02386328
v 0.03225306 0.05684491 -0.02385136
v 0.03225306 0.05640919 -0.02384341
v 0.03225306 0.04648182 -0.02358117
v 0.02974334 0.03530029 -0.02351760
v 0.03225306 0.04154758 -0.02332290
v 0.03225306 0.04026986 -0.02316794
v 0.03225306 0.03902747 -0.02289378
v 0.03225306 0.03783807 -0.02254016
v 0.03107882 0.02793426 -0.02160245
v 0.03098979 0.02682140 -0.02118922
v 0.03116686 0.02648578 -0.02047402
v 0.02985215 0.02250542 0.00308389
v 0.03225306 0.02639157 0.00654864
v 0.02895985 0.08140424 -0.01538418
v 0.02887577 0.08170453 -0.01404914
v 0.02647684 0.08181640 -0.01458156
v 0.02523434 0.08177519 -0.01449415
v 0.02214690 0.08161032 -0.01408092
v 0.03095121 0.07871925 -0.01900389
v 0.03089482 0.07827176 -0.01994557
v 0.03054265 0.07909609 -0.01934162
v 0.02971465 0.07947882 -0.01983431
v 0.03015783 0.07962014 -0.01900389
v 0.03225306 0.07668197 -0.01453786
v 0.03099968 0.07751219 -0.02035879
v 0.02895985 0.08072121 -0.01743045
v 0.02895985 0.08102740 -0.01662783
v 0.02895985 0.07987921 -0.01911117
v 0.02895985 0.08041503 -0.01805029
v 0.03152102 0.02785183 -0.02035482
v 0.03129151 0.02536704 -0.01911117
v 0.03225306 0.02428363 -0.01267833
v 0.03225306 0.02373603 -0.01201876
v 0.03153190 0.02250542 -0.01168897
v 0.03225306 0.02348873 -0.01138700
v 0.02214690 0.07131200 -0.02416922
v 0.02523434 0.07007550 -0.02407386
v 0.02895985 0.06759072 -0.02395466
v 0.03225306 0.06013636 -0.02376792
v 0.02895985 0.06883311 -0.02395069
v 0.02895985 0.07007550 -0.02391096
v 0.03225306 0.04275465 -0.02339045
v 0.03225306 0.03426398 -0.02125280
v 0.03225306 0.03406379 -0.02117730
v 0.03017366 0.02250542 0.00200315
v 0.03225306 0.02599707 0.00543611
v 0.02647684 0.08151022 -0.01538418
v 0.02523434 0.08141012 -0.01538418
v 0.02214690 0.07987333 -0.01843173
v 0.02214690 0.08009708 -0.01787149
v 0.03088394 0.07708825 -0.02107002
v 0.03057431 0.07791847 -0.02077202
v 0.02974630 0.07820699 -0.02103824
v 0.02895985 0.07824820 -0.02107399
v 0.02647684 0.07830120 -0.02113757
v 0.02895985 0.07947293 -0.01983431
v 0.03122622 0.07628157 -0.02035482
v 0.03225306 0.06433459 -0.02261565
v 0.03097693 0.07628157 -0.02130048
v 0.02647684 0.08067411 -0.01733111
v 0.02647684 0.08098618 -0.01662783
v 0.02214690 0.07948471 -0.01929394
v 0.03225306 0.03296860 -0.02060911
v 0.03225306 0.03274485 -0.02044621
v 0.03225306 0.03244456 -0.02020383
v 0.03161005 0.02250542 -0.01042943
v 0.03225306 0.02331798 -0.01042148
v 0.02214690 0.07181838 -0.02412552
v 0.02771736 0.07131200 -0.02393877
v 0.02895985 0.07131200 -0.02385533
v 0.03005594 0.07131200 -0.02362488
v 0.03225306 0.06057208 -0.02374408
v 0.03049616 0.02250542 0.00075154
v 0.03225306 0.02594408 0.00526128
v 0.02572303 0.08065644 -0.01729933
v 0.02214690 0.07964369 -0.01897607
v 0.03088493 0.07469767 -0.02232163
v 0.03075237 0.07552790 -0.02214282
v 0.03047044 0.07628157 -0.02192429
v 0.02959495 0.07691160 -0.02222229
v 0.02214690 0.07751808 -0.02174152
v 0.02523434 0.07830120 -0.02112565
v 0.02645606 0.07741209 -0.02184482
v 0.02214690 0.07931395 -0.01959592
v 0.02214690 0.07826587 -0.02110181
v 0.02214690 0.07881347 -0.02035482
v 0.03104420 0.07508629 -0.02167794
v 0.03225306 0.06311575 -0.02319973
v 0.03155762 0.02250542 -0.00767590
v 0.03225306 0.02323554 -0.00928908
v 0.03225306 0.02323554 -0.00917782
v 0.02214690 0.07250729 -0.02405400
v 0.02771736 0.07255440 -0.02380368
v 0.02895985 0.07255440 -0.02370434
v 0.02992932 0.07255440 -0.02354938
v 0.03225306 0.06137875 -0.02367256
v 0.03054957 0.07255440 -0.02330701
v 0.03113026 0.02250542 -0.00175166
v 0.03225306 0.02567322 0.00434344
v 0.03095319 0.07379679 -0.02248851
v 0.03028446 0.07508629 -0.02256797
v 0.02984919 0.07628157 -0.02233752
v 0.03014893 0.07373791 -0.02312424
v 0.02969981 0.07327863 -0.02348978
v 0.02895985 0.07503918 -0.02301298
v 0.02771736 0.07503918 -0.02309642
v 0.02214690 0.07571631 -0.02301298
v 0.02214690 0.07629335 -0.02271101
v 0.02729396 0.07692338 -0.02222626
v 0.02685572 0.07692338 -0.02222626
v 0.03225306 0.06240917 -0.02345005
v 0.03149332 0.02250542 -0.00505747
v 0.03225306 0.02328854 -0.00797390
v 0.02214690 0.07384389 -0.02375997
v 0.02771736 0.07358482 -0.02356925
v 0.02895985 0.07344350 -0.02352952
v 0.03225306 0.06172027 -0.02362488
v 0.03127865 0.02250542 -0.00249865
v 0.03225306 0.02499609 0.00188792
v 0.03225306 0.06219131 -0.02351363
v 0.02895985 0.07406176 -0.02335867
v 0.02771736 0.07420896 -0.02339840
v 0.03145969 0.02250542 -0.00419923
v 0.03225306 0.02379491 -0.00344430
v 0.03136274 0.02250542 -0.00297147
v 0.03225306 0.02407166 -0.00172782
v 0.03141715 0.02250542 -0.00363502
v 0.03225306 0.02384791 -0.00297147
v 0.03225306 0.02395389 -0.00232779
v 0.03225306 0.07177474 0.00299132
v 0.03225306 0.07383820 0.00170890
v 0.03234918 0.07177474 0.00304855
v 0.03225306 0.07177474 0.01016562
v 0.03225306 0.07405423 0.00162479
v 0.03305811 0.07384648 0.00329827
v 0.03260711 0.07177474 0.00323237
v 0.03246011 0.07177474 0.01011793
v 0.03225306 0.07562189 0.00899592
v 0.03225306 0.07504326 0.00130830
v 0.03263671 0.07504326 0.00200111
v 0.03315569 0.07504326 0.00303554
v 0.03378496 0.07177474 0.00571745
v 0.03268655 0.07177474 0.01005637
v 0.03225306 0.07593351 0.00885979
v 0.03353976 0.07177474 0.00964797
v 0.03389985 0.07177474 0.00945027
v 0.03225306 0.07578184 0.00136900
v 0.03309251 0.07628528 0.00309884
v 0.03336232 0.07628528 0.00371968
v 0.03337566 0.07504326 0.00365638
v 0.03333500 0.07429002 0.00374916
v 0.03416403 0.07177474 0.00687415
v 0.03251620 0.07628847 0.00824329
v 0.03225306 0.07647455 0.00843838
v 0.03393092 0.07177474 0.00941733
v 0.03225306 0.07611513 0.00145137
v 0.03244030 0.07635219 0.00190919
v 0.03331728 0.07692127 0.00383413
v 0.03438317 0.07177474 0.00821034
v 0.03303684 0.07628528 0.00696780
v 0.03229685 0.07713858 0.00785136
v 0.03225306 0.07708759 0.00794934
v 0.03225306 0.07656631 0.00168635
v 0.03230540 0.07711372 0.00226123
v 0.03225306 0.07715323 0.00222828
v 0.03261753 0.07743172 0.00340753
v 0.03225306 0.07795555 0.00369193
v 0.03225306 0.07806834 0.00394252
v 0.03287274 0.07763628 0.00448532
v 0.03335231 0.07701558 0.00448532
v 0.03335752 0.07703725 0.00530212
v 0.03246782 0.07754260 0.00690103
v 0.03225306 0.07797657 0.00659582
v 0.03225306 0.07716534 0.00787737
v 0.03225306 0.07825570 0.00448532
v 0.03228475 0.07827226 0.00572699
v 0.03295302 0.07748142 0.00572005
v 0.03225306 0.07825442 0.00588914
v 0.03225306 0.07825761 0.00453908
v 0.03225306 0.07828437 0.00572699
v 0.03225306 0.07827864 0.00577035
v -0.06160146 0.01045791 -0.02738685
v -0.06194324 0.01045791 -0.01911509
v -0.06138515 0.01173413 -0.02738685
v -0.06111259 0.00483504 -0.02738685
v -0.06218551 0.01045791 -0.01290524
v -0.06166203 0.01169940 -0.02035465
v -0.06111259 0.01234474 -0.02738685
v -0.06089628 0.00464549 -0.02738685
v -0.06014351 0.00344741 -0.02408085
v -0.06023869 0.00336059 -0.02283979
v -0.06085734 0.00406237 -0.02283979
v -0.06106933 0.00365722 -0.01290524
v -0.06128132 0.00451671 -0.01787251
v -0.06157983 0.00549051 -0.01538888
v -0.06154089 0.00549051 -0.01663145
v -0.06178316 0.00673345 -0.01414630
v -0.06207735 0.00887783 -0.01200004
v -0.06210763 0.00921497 -0.01200004
v -0.06221579 0.01045791 -0.01200004
v -0.06169664 0.01169940 -0.01911509
v -0.06119912 0.01241130 -0.02159722
v -0.06081408 0.01247930 -0.02738685
v -0.06021273 0.00414195 -0.02738685
v -0.05922201 0.00311317 -0.02408085
v -0.05922201 0.00297281 -0.02283979
v -0.05999209 0.00354580 -0.02509299
v -0.05918740 0.00354002 -0.02738685
v -0.05897541 0.00344163 -0.02738685
v -0.05798037 0.00305818 -0.02738685
v -0.05922201 0.00287153 -0.02159722
v -0.05970655 0.00244178 -0.01200004
v -0.06026897 0.00331284 -0.02159722
v -0.06045500 0.00306252 -0.01200004
v -0.06107798 0.00364275 -0.01200004
v -0.06129862 0.00447331 -0.01663145
v -0.06159713 0.00549051 -0.01414630
v -0.06181777 0.00673345 -0.01290524
v -0.06192593 0.00763490 -0.01200004
v -0.06178749 0.01169940 -0.01200004
v -0.06179182 0.01169940 -0.01290524
v -0.06121642 0.01242143 -0.02035465
v -0.06049394 0.01260808 -0.02738685
v -0.05959407 0.00376140 -0.02738685
v -0.05673873 0.00270947 -0.02738685
v -0.05026663 0.00101508 -0.02738685
v -0.05860768 0.00238245 -0.01729716
v -0.05953351 0.00237666 -0.01200004
v -0.05993152 0.00261107 -0.01200004
v -0.06128997 0.00426349 -0.01200004
v -0.06161011 0.00549051 -0.01290524
v -0.06181345 0.00673345 -0.01200004
v -0.06161444 0.00549051 -0.01200004
v -0.06125103 0.01242143 -0.01663145
v -0.06120777 0.01240696 -0.01200004
v -0.06046365 0.01264715 -0.02035465
v -0.05922201 0.01290037 -0.02738685
v -0.04995081 0.00094563 -0.02738685
v -0.05176785 0.00036829 -0.01200004
v -0.05798037 0.00193245 -0.01200004
v -0.05908357 0.00221750 -0.01200004
v -0.06152791 0.00516061 -0.01200004
v -0.06046365 0.01261677 -0.01200004
v -0.06046365 0.01264136 -0.01663145
v -0.06046365 0.01265005 -0.01911509
v -0.05535865 0.01369764 -0.02738685
v -0.04928457 0.00081685 -0.02738685
v -0.05052621 0.00015704 -0.01200004
v -0.06012620 0.01266017 -0.01200004
v -0.05452368 0.01382063 -0.02738685
v -0.04886492 0.00076765 -0.02738685
v -0.04804293 0.00068517 -0.02738685
v -0.04680129 0.00058100 -0.02738685
v -0.04928457 0.00008324 -0.01200004
v -0.05922201 0.01277593 -0.01200004
v -0.05425545 0.01385246 -0.02738685
v -0.04555965 0.00050720 -0.02738685
v -0.04513567 0.00048550 -0.02738685
v -0.04389404 0.00042328 -0.02738685
v -0.04183473 0.00032054 -0.02738685
v -0.04059309 0.00026556 -0.02738685
v -0.03935145 0.00021926 -0.02738685
v -0.03893180 0.00020479 -0.02738685
v -0.03810981 0.00017729 -0.02738685
v -0.03065998 -0.00006579 -0.02738685
v -0.03038309 -0.00007448 -0.02738685
v -0.02975146 -0.00009184 -0.02738685
v -0.02877372 -0.00011788 -0.02738685
v -0.02817670 -0.00014248 -0.02656600
v -0.02693506 -0.00018589 -0.02532343
v -0.02568909 -0.00025534 -0.02035465
v -0.02444745 -0.00032335 -0.01538888
v -0.02320581 -0.00037544 -0.01200004
v -0.05888456 0.01279040 -0.01200004
v -0.05343346 0.01388285 -0.02738685
v -0.04307637 0.01346323 -0.01200004
v -0.02773974 -0.00013235 -0.02738685
v -0.02693506 -0.00015984 -0.02656600
v -0.02568909 -0.00018155 -0.02532343
v -0.02568909 -0.00020615 -0.02408085
v -0.02568909 -0.00022351 -0.02283979
v -0.02568909 -0.00024087 -0.02159722
v -0.02444745 -0.00031033 -0.01663145
v -0.02444745 -0.00027560 -0.01911509
v -0.02320581 -0.00034506 -0.01414630
v -0.02230162 -0.00036821 -0.01200004
v -0.05300949 0.01389587 -0.02738685
v -0.04183473 0.01347047 -0.01200004
v -0.02568909 0.01422578 -0.02159722
v -0.02693506 -0.00012802 -0.02738685
v -0.02603087 -0.00011065 -0.02738685
v -0.02565881 -0.00013235 -0.02660666
v -0.02260879 -0.00009763 -0.02466825
v -0.02444745 -0.00017576 -0.02408085
v -0.02444745 -0.00020470 -0.02283979
v -0.02444745 -0.00023219 -0.02159722
v -0.02444745 -0.00025679 -0.02035465
v -0.02320581 -0.00032625 -0.01538888
v -0.02196417 -0.00036387 -0.01200004
v -0.02568909 0.01425472 -0.02283979
v -0.01801861 0.01440520 -0.02738685
v -0.03777236 0.01332722 -0.01200004
v -0.02006494 0.01356886 -0.01722186
v -0.02196417 0.01403767 -0.02035465
v -0.02568909 0.01410424 -0.02035465
v -0.02196417 0.01416790 -0.02159722
v -0.02196417 0.01423446 -0.02283979
v -0.02520022 -0.00007592 -0.02738685
v -0.02309765 -0.00012657 -0.02418478
v -0.01801861 0.00006733 -0.02408085
v -0.01801861 0.00005865 -0.02386397
v -0.01801861 0.00001958 -0.02283979
v -0.01823925 0.00001090 -0.02283979
v -0.01948089 -0.00003396 -0.02283979
v -0.02121573 -0.00010341 -0.02241355
v -0.01801861 -0.00001226 -0.02159722
v -0.01801861 -0.00008605 -0.01834996
v -0.02320581 -0.00030309 -0.01663145
v -0.02196417 -0.00034506 -0.01290524
v -0.02072253 -0.00030020 -0.01290524
v -0.02072253 -0.00031323 -0.01200004
v -0.01801861 0.01418671 -0.02408085
v -0.01801861 0.00023517 -0.02738685
v -0.03686817 0.01329394 -0.01200004
v -0.01958472 0.01336050 -0.01673688
v -0.01801861 0.01315503 -0.01663145
v -0.01801861 0.01344008 -0.01817073
v -0.01801861 0.01362529 -0.01918437
v -0.01801861 0.01366436 -0.01941782
v -0.01801861 0.01380471 -0.02035465
v -0.01801861 0.01383365 -0.02057304
v -0.01801861 0.01395664 -0.02159722
v -0.02072253 0.01398124 -0.02035465
v -0.03280580 0.01313622 -0.01200004
v -0.03190162 0.01307690 -0.01200004
v -0.03156417 0.01304651 -0.01200004
v -0.02072253 0.01411292 -0.02159722
v -0.01801861 0.00012954 -0.02532343
v -0.01801861 0.00001379 -0.02262140
v -0.01801861 -0.00011210 -0.01717065
v -0.01948089 -0.00020326 -0.01538888
v -0.01801861 -0.00011933 -0.01684231
v -0.01823925 -0.00015695 -0.01538888
v -0.01948089 -0.00024666 -0.01290524
v -0.01948089 -0.00025245 -0.01200004
v -0.01801861 0.01409845 -0.02305818
v -0.01801861 0.01268911 -0.01546870
v -0.01801861 0.01398124 -0.02181561
v -0.02831514 0.01250246 -0.01200004
v -0.01801861 -0.00014682 -0.01538888
v -0.01823925 -0.00017431 -0.01414630
v -0.01801861 -0.00016274 -0.01414630
v -0.01801861 -0.00016998 -0.01290524
v -0.01816571 -0.00018155 -0.01200004
v -0.01801861 0.01220149 -0.01495962
v -0.02821996 0.01245181 -0.01200004
v -0.01801861 0.01211178 -0.01487377
v -0.01801861 -0.00017287 -0.01200004
v -0.01801861 0.00516784 -0.01200004
v -0.01801861 0.01151708 -0.01462074
v 0.02663226 0.04011771 0.02014311
v 0.02219808 0.04011771 0.02394091
v 0.02119463 0.02405371 0.02394091
v 0.02113207 0.02322612 0.02394091
v 0.02106701 0.02250714 0.02394091
v 0.02119713 0.02250714 0.02339661
v 0.02196286 0.02250714 0.02014311
v 0.00990898 0.04011771 0.02014311
v 0.00390081 0.04011771 0.02394091
v 0.00106814 0.02250714 0.02394091
v 0.00997404 0.02250714 0.02014311
v 0.00946607 0.03648835 0.02014311
v 0.00106814 0.02250714 0.02034685
v 0.00536219 0.04011771 0.02170126
v 0.00399840 0.04011771 0.02340739
v 0.00106814 0.03319693 0.02394091
v 0.00995152 0.02287956 0.02014311
v 0.00942102 0.03529868 0.02014311
v 0.00106814 0.02536407 0.02088519
v 0.00939350 0.03455902 0.02014311
v 0.00938098 0.03405556 0.02014311
v 0.00988396 0.02412095 0.02014311
v 0.00106814 0.02656754 0.02113020
v 0.00106814 0.02706927 0.02123765
v 0.00106814 0.02717961 0.02126293
v 0.00449637 0.04011771 0.02222920
v 0.00405346 0.04011771 0.02311480
v 0.00106814 0.03286762 0.02363901
v 0.00106814 0.02781066 0.02141499
v 0.00106814 0.02908998 0.02172357
v 0.00106814 0.03033138 0.02209759
v 0.00106814 0.03067966 0.02222511
v 0.00106814 0.03112966 0.02240282
v 0.00106814 0.03174864 0.02279023
v 0.00106814 0.03215037 0.02307390
v 0.00410601 0.04011771 0.02300698
v 0.00106814 0.03258313 0.02341111
v 0.03225326 0.07177537 -0.01442606
v 0.03225326 0.07504316 -0.01509810
v 0.03236316 0.07177537 -0.01438172
v 0.03225326 0.07177537 -0.00662676
v 0.03225326 0.07597413 -0.01495813
v 0.03291548 0.07504316 -0.01435738
v 0.03342742 0.07405212 -0.01368360
v 0.03263871 0.07177537 -0.01420002
v 0.03255710 0.07177537 -0.00681542
v 0.03225326 0.07504316 -0.00622337
v 0.03225326 0.07602168 -0.01494161
v 0.03339462 0.07590656 -0.01364796
v 0.03346289 0.07504316 -0.01373664
v 0.03376058 0.07177537 -0.01281248
v 0.03365377 0.07177537 -0.01299331
v 0.03380487 0.07177537 -0.00804909
v 0.03225326 0.07628508 -0.00621728
v 0.03225326 0.07668487 -0.01453821
v 0.03320005 0.07673492 -0.01341844
v 0.03349036 0.07713096 -0.01258991
v 0.03358632 0.07630635 -0.01296375
v 0.03374008 0.07504316 -0.01290376
v 0.03407078 0.07177537 -0.01184397
v 0.03353157 0.07504316 -0.00815863
v 0.03390287 0.07177537 -0.00826035
v 0.03225326 0.07709843 -0.00669458
v 0.03344198 0.07602794 -0.00830556
v 0.03225326 0.07719916 -0.01395311
v 0.03225326 0.07769530 -0.01292984
v 0.03225326 0.07816642 -0.01155621
v 0.03359575 0.07729864 -0.01166140
v 0.03380733 0.07628508 -0.01166140
v 0.03434756 0.07177537 -0.01041991
v 0.03433956 0.07177537 -0.01046947
v 0.03412880 0.07177537 -0.01166140
v 0.03427744 0.07177537 -0.00917842
v 0.03225326 0.07726611 -0.00687976
v 0.03328678 0.07685568 -0.00860289
v 0.03358324 0.07637893 -0.00908105
v 0.03225326 0.07810511 -0.00916278
v 0.03274142 0.07789364 -0.01041991
v 0.03356643 0.07727299 -0.01041991
v 0.03376797 0.07628508 -0.01041991
v 0.03428441 0.07177537 -0.00924711
v 0.03225326 0.07768467 -0.00749094
v 0.03345141 0.07709655 -0.00943055
v 0.03225326 0.07794807 -0.00817863
v 0.03225326 0.07781168 -0.00775697
v -0.00483989 0.04773727 0.02684165
v -0.00133663 0.03654430 0.03180838
v -0.00111891 0.03654430 0.02684165
v -0.00504969 0.04773727 0.02600243
v -0.00497448 0.04773727 0.02774502
v -0.00249251 0.03740454 0.03257900
v -0.00208874 0.03654430 0.03269838
v -0.00498240 0.04773727 0.02776907
v -0.00529512 0.04773727 0.02838023
v -0.00590868 0.04773727 0.02923013
v -0.00143164 0.03654430 0.02559975
v -0.00554054 0.04773727 0.02538059
v -0.00156226 0.03654430 0.02532892
v -0.00207291 0.03654430 0.02435785
v -0.00209270 0.03654430 0.02432845
v -0.00251230 0.03695634 0.02394091
v -0.00651037 0.04773727 0.02986000
v -0.00713977 0.04773727 0.03039453
v -0.00792751 0.04773727 0.03101638
v -0.00854899 0.04773727 0.03142173
v -0.00954653 0.04773727 0.03196874
v -0.01050053 0.04773727 0.03235093
v -0.00333567 0.03654430 0.03298614
v -0.01051240 0.04773727 0.03235450
v -0.00616203 0.04773727 0.02474806
v -0.00237771 0.03654430 0.02394091
v -0.00695768 0.04773727 0.02394091
v -0.00581764 0.03902530 0.03301999
v -0.00457467 0.03654430 0.03304137
v -0.01112993 0.04773727 0.03248724
v -0.04154694 0.03654430 0.02394091
v -0.03117966 0.04773727 0.02394091
v -0.00706060 0.04026689 0.03300395
v -0.00581764 0.03778371 0.03304048
v -0.01202850 0.04773727 0.03262444
v -0.02692825 0.04771864 0.03278123
v -0.02692825 0.04647595 0.03275005
v -0.02817121 0.04647595 0.03271976
v -0.00581764 0.03654430 0.03300841
v -0.04155486 0.03654430 0.02411909
v -0.04147173 0.03663088 0.02394091
v -0.03752512 0.04092878 0.02394091
v -0.03752908 0.04093426 0.02435696
v -0.03117966 0.04773727 0.02435696
v -0.00706060 0.03902530 0.03302266
v -0.01325168 0.04773727 0.03273045
v -0.01327147 0.04773727 0.03273134
v -0.02442648 0.04773727 0.03278212
v -0.02444627 0.04773727 0.03278212
v -0.02690846 0.04773727 0.03278034
v -0.02693220 0.04773727 0.03277856
v -0.02718555 0.04773727 0.03275183
v -0.02827413 0.04773727 0.03263067
v -0.03067693 0.04519929 0.03250773
v -0.03262055 0.04226133 0.03244448
v -0.03262055 0.04179998 0.03244448
v -0.03313911 0.04026689 0.03239726
v -0.03313911 0.03902530 0.03235717
v -0.03313911 0.03778371 0.03228411
v -0.03189615 0.03654430 0.03220928
v -0.04155881 0.03654430 0.02435696
v -0.04109567 0.03704291 0.02394091
v -0.03750928 0.04091344 0.02519885
v -0.03103320 0.04773727 0.02932457
v -0.03106091 0.04773727 0.02843368
v -0.02835726 0.04773727 0.03262087
v -0.03133800 0.04476205 0.03245071
v -0.03438208 0.04026689 0.03233222
v -0.03438208 0.03902530 0.03231262
v -0.03810701 0.03654430 0.03196607
v -0.03313911 0.03654430 0.03216741
v -0.04147569 0.03654430 0.02525765
v -0.04026439 0.03750207 0.02932457
v -0.03971020 0.03812232 0.02932457
v -0.03100153 0.04773727 0.02950720
v -0.02847602 0.04773727 0.03259771
v -0.03027713 0.04611871 0.03248278
v -0.03110445 0.04559051 0.03235093
v -0.03934998 0.03654430 0.03178521
v -0.04117088 0.03654430 0.02808356
v -0.04011397 0.03732016 0.03056647
v -0.04088587 0.03672073 0.02932457
v -0.03255721 0.04590063 0.03002303
v -0.03136175 0.04719592 0.03013083
v -0.03064922 0.04773727 0.03056024
v -0.02899062 0.04773727 0.03247922
v -0.02909354 0.04747427 0.03250951
v -0.02992086 0.04694607 0.03237053
v -0.03998333 0.03717551 0.03120257
v -0.04018126 0.03654430 0.03139322
v -0.04101650 0.03654430 0.02932457
v -0.04097691 0.03654430 0.02950275
v -0.04068399 0.03654430 0.03051213
v -0.03015441 0.04773727 0.03132195
v -0.03115195 0.04696141 0.03095936
v -0.02955668 0.04773727 0.03202487
v -0.02960814 0.04773727 0.03197587
v -0.04065628 0.03654430 0.03058607
v -0.03150426 0.04613405 0.03152240
v -0.03032463 0.04738879 0.03154200
v -0.02969919 0.04773727 0.03187519
v -0.06221302 0.01045798 -0.01200004
v -0.06210985 0.00921639 -0.01200004
v -0.06218551 0.00921639 -0.01041950
v -0.06222678 0.01045798 -0.01166141
v -0.06178658 0.01169958 -0.01200004
v -0.06207546 0.00887833 -0.01200004
v -0.06185192 0.00658409 -0.00427877
v -0.06217864 0.00921639 -0.00917760
v -0.06225430 0.01045798 -0.01041950
v -0.06192758 0.00763607 -0.01200004
v -0.06181409 0.00673254 -0.01200004
v -0.06178658 0.01169958 -0.01166141
v -0.06121913 0.01242293 -0.00427877
v -0.06120882 0.01240742 -0.01200004
v -0.06186568 0.00673254 -0.00427877
v -0.06181409 0.00658409 -0.00917760
v -0.02862355 0.00658409 -0.00427877
v -0.06210298 0.01045798 -0.00427877
v -0.06223022 0.01045798 -0.00917760
v -0.06174531 0.01169958 -0.00427877
v -0.06178658 0.00658409 -0.01200004
v -0.06117786 0.01243373 -0.00427877
v -0.06046254 0.01261930 -0.01166141
v -0.06046254 0.01261794 -0.01200004
v -0.02712067 0.00658409 -0.01200004
v -0.02771219 0.01169958 -0.01200004
v -0.02779129 0.01207138 -0.01200004
v -0.03143327 0.01087027 -0.00427877
v -0.06176595 0.01163142 -0.00427877
v -0.06046254 0.01261862 -0.00427877
v -0.05922103 0.01277989 -0.00917760
v -0.05922103 0.01277922 -0.01166141
v -0.05922103 0.01277652 -0.01200004
v -0.02821773 0.01245195 -0.01200004
v -0.03259224 0.01227111 -0.00427877
v -0.03202136 0.01164964 -0.00427877
v -0.06039719 0.01262672 -0.00427877
v -0.05922103 0.01277584 -0.00793645
v -0.05425500 0.01308557 -0.00917760
v -0.04307799 0.01346344 -0.01200004
v -0.02831403 0.01250323 -0.01200004
v -0.03321128 0.01261727 -0.00427877
v -0.03262319 0.01228933 -0.00427877
v -0.05922103 0.01274615 -0.00427877
v -0.05922103 0.01277044 -0.00669379
v -0.05425500 0.01306262 -0.00793645
v -0.04307799 0.01347019 -0.01166141
v -0.04274096 0.01346547 -0.01200004
v -0.03156396 0.01304643 -0.01200004
v -0.03438400 0.01291485 -0.00427877
v -0.03431866 0.01289865 -0.00427877
v -0.05797952 0.01278394 -0.00427877
v -0.05301349 0.01309501 -0.00793645
v -0.04059498 0.01319623 -0.00427877
v -0.04183649 0.01347761 -0.01166141
v -0.04183649 0.01347086 -0.01200004
v -0.03190099 0.01307814 -0.01200004
v -0.03190099 0.01307342 -0.01166141
v -0.03314250 0.01311931 -0.01041950
v -0.04052620 0.01319420 -0.00427877
v -0.03935347 0.01337437 -0.01041950
v -0.03314250 0.01315507 -0.01166141
v -0.03687045 0.01329407 -0.01200004
v -0.03777150 0.01332714 -0.01200004
v -0.03280546 0.01313685 -0.01200004
v 0.00287604 0.01380173 0.00323047
v 0.00164748 0.01374496 0.00323047
v 0.00605587 0.01374807 0.00323047
v 0.00287604 0.01371463 0.00200013
v -0.00698863 0.01328225 -0.00427801
v -0.00705729 0.01328381 -0.00420966
v -0.00705729 0.01330169 -0.00296756
v -0.00705729 0.01331102 0.00200013
v -0.00704645 0.01325659 0.00323047
v 0.00605587 0.00585789 0.00323047
v 0.00605587 0.01291752 -0.00427801
v 0.00170348 0.01315705 -0.00427801
v -0.00705729 0.01327992 -0.00427801
v -0.00823166 0.01309794 -0.00427801
v -0.00830031 0.01309094 -0.00420966
v -0.00830031 0.01310805 -0.00296756
v -0.00830031 0.01316249 0.00200013
v -0.00830031 0.01316949 0.00323047
v 0.00605587 0.00585789 -0.00427801
v -0.01217753 0.00585789 0.00323047
v -0.00830031 0.01308628 -0.00427801
v -0.00954153 0.01294785 0.00323047
v -0.00952888 0.01295096 0.00323047
v -0.01065627 0.01254191 0.00323047
v -0.00959211 0.00585789 -0.00427801
v -0.01240156 0.00921662 0.00323047
v -0.00923980 0.01260724 -0.00427801
v -0.01071770 0.01251236 0.00323047
v -0.00989022 0.01045777 -0.00427801
v -0.01239433 0.00945458 0.00323047
v -0.00974749 0.01169970 -0.00427801
v -0.01172043 0.01161027 0.00323047
v -0.01168429 0.01166004 0.00323047
v -0.01123803 0.01213675 0.00323047
v -0.01229496 0.01055032 0.00323047
v 0.01038831 0.01635983 0.01696473
v 0.00605587 0.01635983 0.01993345
v 0.01066815 0.02250542 0.01696473
v 0.02182823 0.01635983 0.01696473
v 0.00605587 0.01635983 0.03279096
v 0.00605587 0.02250542 0.02108201
v 0.02307250 0.02250542 0.01696473
v 0.02188486 0.01659685 0.01696473
v 0.02038075 0.01635983 0.02466648
v 0.00605587 0.01791066 0.03292017
v 0.00660388 0.01635983 0.03282127
v 0.00660388 0.01666843 0.03284839
v 0.00605587 0.02250542 0.03307810
v 0.02000097 0.02250542 0.02808186
v 0.01951793 0.01635983 0.02865933
v 0.01957789 0.01635983 0.02843600
v 0.01969615 0.01635983 0.02797019
v 0.01973113 0.01635983 0.02781546
v 0.01989437 0.01635983 0.02708006
v 0.02013423 0.01635983 0.02590597
v 0.02289593 0.02158322 0.01696473
v 0.02240123 0.01910597 0.01696473
v 0.02264775 0.02032475 0.01696473
v 0.02266274 0.02039994 0.01696473
v 0.00605587 0.01915290 0.03300313
v 0.00660388 0.01791066 0.03295049
v 0.00753833 0.01635983 0.03287073
v 0.00784648 0.01666843 0.03291539
v 0.00605587 0.02233036 0.03307651
v 0.00623243 0.02250542 0.03308927
v 0.01993102 0.02250542 0.02833390
v 0.01932304 0.01635983 0.02932454
v 0.01968283 0.02039393 0.02881726
v 0.00605587 0.02039393 0.03304461
v 0.00660388 0.01915290 0.03303025
v 0.00784648 0.01791066 0.03301111
v 0.00784648 0.01635983 0.03288348
v 0.00908908 0.01666843 0.03296006
v 0.00908908 0.01791066 0.03305896
v 0.00605587 0.02212162 0.03307332
v 0.00605587 0.02108813 0.03305737
v 0.00660388 0.02250542 0.03310682
v 0.01973780 0.02250542 0.02898476
v 0.01971781 0.02163616 0.02891935
v 0.01952792 0.02250542 0.02960530
v 0.01886498 0.01635983 0.03056563
v 0.00660388 0.02039393 0.03307013
v 0.00784648 0.01915290 0.03308289
v 0.00878093 0.01635983 0.03291699
v 0.00908908 0.01635983 0.03292496
v 0.01033001 0.01635983 0.03294889
v 0.01033001 0.01666843 0.03298079
v 0.01033001 0.01791066 0.03309725
v 0.01033001 0.01915290 0.03317063
v 0.00908908 0.01915290 0.03312756
v 0.00784648 0.02250542 0.03315946
v 0.01940466 0.02250542 0.02991318
v 0.01909151 0.02163616 0.03056563
v 0.01849853 0.01635983 0.03132495
v 0.00784648 0.02039393 0.03311958
v 0.00784648 0.02163616 0.03314351
v 0.01157261 0.01635983 0.03296165
v 0.01157261 0.01666843 0.03299356
v 0.01157261 0.01791066 0.03310522
v 0.01157261 0.01915290 0.03317222
v 0.01157261 0.02163616 0.03324401
v 0.01033001 0.02039393 0.03320094
v 0.00908908 0.02039393 0.03316106
v 0.00908908 0.02163616 0.03318498
v 0.01033001 0.02163616 0.03322327
v 0.00995690 0.02250542 0.03322327
v 0.01911317 0.02250542 0.03056563
v 0.01896992 0.02250542 0.03083681
v 0.01861346 0.02163616 0.03146693
v 0.01858348 0.02039393 0.03143981
v 0.01788556 0.02039393 0.03206194
v 0.01781560 0.01666843 0.03194709
v 0.01777229 0.01635983 0.03196942
v 0.01281521 0.01635983 0.03297123
v 0.01281521 0.01666843 0.03299994
v 0.01405615 0.01635983 0.03296644
v 0.01405615 0.01666843 0.03298877
v 0.01281521 0.01791066 0.03308289
v 0.01405615 0.01791066 0.03303503
v 0.01281521 0.02163616 0.03319615
v 0.01281521 0.02250542 0.03321689
v 0.01244210 0.02250542 0.03323124
v 0.01157261 0.02250542 0.03325996
v 0.01033001 0.02250542 0.03323443
v 0.01119950 0.02250542 0.03325358
v 0.01861013 0.02250542 0.03145735
v 0.01793386 0.02250542 0.03207949
v 0.01792220 0.02163616 0.03208747
v 0.01719430 0.01666843 0.03244639
v 0.01717931 0.01635983 0.03244002
v 0.01529708 0.01635983 0.03288827
v 0.01368303 0.02250542 0.03316106
v 0.01405615 0.02250542 0.03313394
v 0.01731423 0.02250542 0.03250542
v 0.01730090 0.02163616 0.03249744
v 0.01722928 0.01791066 0.03246554
v 0.01653968 0.01791066 0.03267132
v 0.01653968 0.01666843 0.03264101
v 0.01703939 0.01635983 0.03248468
v 0.01623153 0.01635983 0.03269685
v 0.01529708 0.01666843 0.03289465
v 0.01529708 0.01791066 0.03292017
v 0.01529708 0.02250542 0.03298399
v 0.01708436 0.02250542 0.03257242
v 0.01653968 0.02163616 0.03271918
v 0.01656300 0.01635983 0.03262506
v 0.01653968 0.02250542 0.03272715
v 0.00910815 0.01385783 -0.00671639
v 0.00910815 0.01385698 -0.00669436
v 0.00910815 0.01384685 -0.00793558
v -0.00423440 0.01357667 -0.01089962
v -0.00705758 0.01328032 -0.00427801
v 0.00910815 0.01376327 -0.00538313
v 0.00910815 0.01380295 -0.00919820
v -0.00532999 0.01352094 -0.01089962
v 0.00910815 0.01374300 -0.01042128
v 0.00910815 0.01371598 -0.01089962
v -0.00698898 0.01328200 -0.00427801
v -0.00580815 0.01348802 -0.01089962
v -0.00655448 0.01341963 -0.01089962
v -0.00705758 0.01336728 -0.01089962
v -0.00829870 0.01318828 -0.01089962
v -0.00954190 0.01299662 -0.01089962
v -0.00823218 0.01309794 -0.00427801
v 0.00910815 0.01359609 -0.00427801
v 0.00910815 0.00523226 -0.01089962
v -0.00829870 0.01308612 -0.00427801
v -0.01069986 0.01263694 -0.01089962
v 0.00910815 0.00523226 -0.00427801
v -0.01213016 0.00523226 -0.01089962
v -0.00919056 0.01263103 -0.00427801
v -0.01119049 0.01236338 -0.01089962
v -0.00923838 0.01260655 -0.00427801
v -0.01010737 0.00523226 -0.00427801
v -0.00988908 0.01045776 -0.00427801
v -0.01177675 0.01045776 -0.01089962
v -0.01133601 0.01218523 -0.01089962
v -0.00974771 0.01169975 -0.00427801
v -0.01162498 0.01135611 -0.01089962
v -0.01159588 0.01151484 -0.01089962
v -0.00209128 0.02594620 -0.03983283
v -0.00209128 0.02250542 -0.03978504
v -0.00267493 0.02594620 -0.03982061
v -0.00143275 0.02594620 -0.03983172
v -0.00104685 0.02250542 -0.03979171
v -0.00171881 0.02250542 -0.03978838
v -0.00333346 0.02250542 -0.03975170
v -0.00462363 0.02250542 -0.03971392
v -0.00333346 0.02594620 -0.03980060
v -0.00104685 0.02594620 -0.03982950
v -0.00104685 0.02250542 -0.02865971
v -0.00954436 0.02412055 -0.03956834
v -0.01202488 0.02250542 -0.03942943
v -0.00954436 0.02536246 -0.03952722
v -0.01012801 0.02594620 -0.03947388
v -0.00104685 0.02594620 -0.02848079
v -0.00104685 0.02268023 -0.02864638
v -0.00246374 0.02250542 -0.02860303
v -0.01078462 0.02412055 -0.03948833
v -0.01078462 0.02536246 -0.03946721
v -0.01326706 0.02250542 -0.03933830
v -0.01078462 0.02594620 -0.03944165
v -0.00277092 0.02594620 -0.02852969
v -0.00994754 0.02250542 -0.02849746
v -0.00968259 0.02250542 -0.02849746
v -0.00370592 0.02250542 -0.02857303
v -0.00104685 0.02392215 -0.02856969
v -0.00104685 0.02287863 -0.02863193
v -0.00333346 0.02250542 -0.02858192
v -0.01450924 0.02250542 -0.03908825
v -0.01202488 0.02594620 -0.03926162
v -0.01136827 0.02594620 -0.03935830
v -0.00333346 0.02594620 -0.02855525
v -0.01049855 0.02250542 -0.02851635
v -0.01326706 0.02594620 -0.03884710
v -0.01568230 0.02250542 -0.03869596
v -0.00399199 0.02594620 -0.02858525
v -0.01092669 0.02250542 -0.02856080
v -0.00457564 0.02594620 -0.02862082
v -0.00523416 0.02594620 -0.02866971
v -0.00581782 0.02594620 -0.02871639
v -0.00647634 0.02594620 -0.02877751
v -0.00706000 0.02594620 -0.02883641
v -0.01695712 0.02250542 -0.03809252
v -0.01407342 0.02594620 -0.03846481
v -0.01124539 0.02250542 -0.02859526
v -0.00771660 0.02594620 -0.02891642
v -0.01469547 0.02594620 -0.03805473
v -0.01801883 0.02250542 -0.03739128
v -0.01202488 0.02250542 -0.02869083
v -0.00895878 0.02594620 -0.02909535
v -0.02066062 0.02250542 -0.03552984
v -0.01548071 0.02594620 -0.03743351
v -0.01247221 0.02250542 -0.02876195
v -0.00954436 0.02594620 -0.02920314
v -0.02066062 0.02250542 -0.03007108
v -0.02066062 0.02262297 -0.03525979
v -0.01851224 0.02594620 -0.03404846
v -0.01801499 0.02594620 -0.03492084
v -0.01768860 0.02594620 -0.03527423
v -0.01641570 0.02594620 -0.03655335
v -0.01020096 0.02594620 -0.02932872
v -0.01326706 0.02594620 -0.03017221
v -0.01392558 0.02594620 -0.03036780
v -0.01503337 0.02594620 -0.03075787
v -0.01699167 0.02594620 -0.03167248
v -0.02066062 0.02252731 -0.03009441
v -0.01080573 0.02594620 -0.02947430
v -0.01123003 0.02594620 -0.02957654
v -0.02066062 0.02314642 -0.03396733
v -0.01820698 0.02594620 -0.03270266
v -0.02066062 0.02364460 -0.03269044
v -0.02066062 0.02364695 -0.03267932
v -0.02066062 0.02363281 -0.03192919
v -0.02066062 0.02280823 -0.03040447
v -0.02066062 0.02276950 -0.03035446
v -0.02066062 0.02340477 -0.03128240
v -0.06008261 0.00213610 -0.00427877
v -0.06076487 0.00310540 -0.00427877
v -0.06108239 0.00363585 -0.01166141
v -0.06134414 0.00415126 -0.00427877
v 0.00910815 0.00125753 -0.00427801
v -0.05926733 0.00162069 -0.00427877
v -0.05846493 0.00124883 -0.00427877
v -0.05988952 0.00235826 -0.01011186
v -0.06000108 0.00226530 -0.00793645
v -0.06003970 0.00221335 -0.00669379
v -0.06107810 0.00364132 -0.01200004
v -0.06128836 0.00426269 -0.01200004
v -0.06161447 0.00548969 -0.01200004
v -0.06177323 0.00548969 -0.00427877
v -0.06185476 0.00658341 -0.00427877
v -0.06178611 0.00658341 -0.01200004
v -0.05970501 0.00244097 -0.01200004
v -0.06045592 0.00306234 -0.01200004
v -0.05993242 0.00261050 -0.01200004
v -0.05982086 0.00239381 -0.01094030
v -0.05674426 0.00050373 -0.00427877
v -0.05908282 0.00221676 -0.01200004
v -0.05542266 0.00005189 -0.00427877
v -0.05525531 0.00001156 -0.00427877
v -0.05425552 0.00013871 -0.00669379
v -0.05177107 0.00031097 -0.01166141
v -0.05463741 -0.00008277 -0.00459850
v -0.05177107 0.00014759 -0.01041950
v -0.05052671 0.00015648 -0.01200004
v -0.05177107 0.00036839 -0.01200004
v -0.04928663 0.00008265 -0.01200004
v -0.05005899 -0.00010874 -0.00870442
v -0.05177107 0.00003959 -0.00917760
v -0.05431989 -0.00012652 -0.00427877
v -0.05177107 -0.00029946 -0.00427877
v -0.05052671 -0.00036577 -0.00427877
v -0.05052671 -0.00021538 -0.00669379
v -0.02320635 -0.00037534 -0.01200004
v -0.02320635 -0.00039448 -0.01041950
v -0.02196627 -0.00038764 -0.01041950
v -0.02320635 -0.00039926 -0.00917760
v -0.02196627 -0.00038764 -0.00917760
v -0.02072190 -0.00033569 -0.00917760
v -0.02072190 -0.00031928 -0.01166141
v -0.02072190 -0.00031450 -0.01200004
v 0.00910815 0.00112413 -0.00747344
v -0.01802290 -0.00017300 -0.01200004
v -0.02196627 -0.00036440 -0.01200004
v -0.01802290 0.00516637 -0.01200004
v 0.00910815 0.00155367 -0.01089962
v -0.00132992 0.00076342 -0.01089962
v -0.00257261 0.00068018 -0.01089962
v 0.00910815 0.00523226 -0.01089962
v -0.02712397 0.00658341 -0.01200004
v 0.00910815 0.00523226 -0.00427801
v -0.02862579 0.00658341 -0.00427877
v 0.00910815 0.00115775 -0.00542526
v 0.00910815 0.00112253 -0.00664898
v -0.01830610 -0.00023452 -0.00427877
v -0.01955047 -0.00028442 -0.00427877
v -0.02072190 -0.00030493 -0.00427877
v -0.02569080 -0.00034526 -0.00427877
v -0.02320635 -0.00038833 -0.00793645
v 0.05752606 0.06724998 0.01630716
v 0.04841258 0.06661508 0.01630716
v 0.05876776 0.06724577 0.01630716
v 0.05752606 0.06774613 0.01590791
v 0.05628437 0.06846302 0.01523571
v 0.05628437 0.06908320 0.01471741
v 0.04841258 0.06682110 0.01613294
v 0.04841258 0.04985537 0.01630716
v 0.05946998 0.06706287 0.01630716
v 0.05876776 0.06775033 0.01583532
v 0.05752606 0.06848825 0.01528798
v 0.05628437 0.06972861 0.01409603
v 0.05504266 0.06972861 0.01405538
v 0.04841258 0.06907900 0.01384922
v 0.04841258 0.04985537 0.00147532
v 0.06093721 0.04985537 0.01630716
v 0.05992361 0.06636490 0.01630716
v 0.06065274 0.06824858 0.01383470
v 0.06066555 0.06949316 0.01260936
v 0.05944820 0.06825699 0.01509634
v 0.05876776 0.06838523 0.01521539
v 0.05752606 0.06911053 0.01467531
v 0.05752606 0.06966344 0.01405538
v 0.05628437 0.07032147 0.01317848
v 0.05504266 0.07031937 0.01317848
v 0.04841258 0.06983163 0.01301007
v 0.04841258 0.06965714 0.01322058
v 0.04841258 0.06928923 0.01363145
v 0.05820906 0.04985537 0.00147532
v 0.04841258 0.07107410 0.00147532
v 0.06094362 0.05020435 0.01630716
v 0.06104613 0.04985537 0.01566255
v 0.06046309 0.06549664 0.01630716
v 0.06098078 0.06883303 0.01193572
v 0.06072706 0.06873001 0.01308556
v 0.06057970 0.06559335 0.01607342
v 0.06073603 0.06484703 0.01630716
v 0.06076678 0.06966344 0.01193572
v 0.05959300 0.07080711 0.01153646
v 0.05989413 0.06966344 0.01308556
v 0.05940207 0.06946162 0.01380857
v 0.05876776 0.06900542 0.01453884
v 0.05876776 0.06954571 0.01391891
v 0.05876776 0.07002925 0.01317848
v 0.05752606 0.07020374 0.01317848
v 0.05876776 0.07055693 0.01229432
v 0.05876776 0.07087018 0.01167294
v 0.05628437 0.07066835 0.01245547
v 0.04841258 0.07046653 0.01194588
v 0.04841258 0.07024158 0.01234513
v 0.05504266 0.07066415 0.01242934
v 0.05836412 0.05029265 0.00147532
v 0.06097437 0.04985537 0.01441979
v 0.04841258 0.07094166 0.00945164
v 0.04883289 0.07113297 0.00147532
v 0.06095643 0.05144683 0.01630716
v 0.06130370 0.06138030 0.00147532
v 0.06140749 0.06262277 0.00147532
v 0.06150360 0.06510561 0.00147532
v 0.06125244 0.06634808 0.01069441
v 0.06109483 0.06262277 0.01566255
v 0.06100513 0.06197736 0.01630716
v 0.06116659 0.06883303 0.01069441
v 0.06104485 0.06386524 0.01566255
v 0.06090902 0.06382530 0.01630716
v 0.06086673 0.06983794 0.01069441
v 0.06035801 0.07045812 0.01069441
v 0.05973652 0.07089961 0.01069441
v 0.05876776 0.07117291 0.01069441
v 0.05752606 0.07121706 0.01069441
v 0.04841258 0.07071671 0.01137096
v 0.05874854 0.05144683 0.00147532
v 0.06034904 0.05644404 0.00147532
v 0.06057713 0.05729338 0.00147532
v 0.06082188 0.05842023 0.00147532
v 0.06092440 0.05889745 0.00147532
v 0.06114993 0.06013993 0.00147532
v 0.04883289 0.07098370 0.00945164
v 0.04841258 0.07091433 0.00987267
v 0.05007587 0.07119814 0.00147532
v 0.06148694 0.06563119 0.00147532
v 0.06128064 0.06759055 0.00945164
v 0.06124860 0.06759055 0.01069441
v 0.06100257 0.06262277 0.01630716
v 0.06121144 0.06883303 0.00945164
v 0.06097822 0.06321983 0.01630716
v 0.06088083 0.06984845 0.00945164
v 0.06034776 0.07046863 0.00945164
v 0.05972755 0.07088699 0.00945164
v 0.05876776 0.07120234 0.00945164
v 0.05752606 0.07133269 0.00945164
v 0.05628437 0.07130325 0.00945164
v 0.04883289 0.07085756 0.01069441
v 0.04841258 0.07079239 0.01099493
v 0.05007587 0.07104046 0.00945164
v 0.04841258 0.07082813 0.01071618
v 0.05131757 0.07119393 0.00448495
v 0.05131757 0.07120655 0.00147532
v 0.06144209 0.06634808 0.00147532
v 0.06102435 0.06883303 0.00147532
v 0.06079113 0.06968867 0.00147532
v 0.06007225 0.07031096 0.00147532
v 0.05980956 0.07048966 0.00147532
v 0.05945204 0.07072512 0.00147532
v 0.05876776 0.07084495 0.00147532
v 0.05805145 0.07092063 0.00147532
v 0.05255927 0.07116450 0.00147532
v 0.05752606 0.07097319 0.00147532
v 0.05680975 0.07100262 0.00147532
v 0.03225306 0.06832970 0.01630716
v 0.03559743 0.06677111 0.01630716
v 0.03559743 0.06689466 0.01624031
v 0.03559743 0.06693742 0.01620885
v 0.03559743 0.06752664 0.01576057
v 0.03559743 0.06775948 0.01557574
v 0.03559743 0.06826792 0.01512352
v 0.03225306 0.06865282 0.01587460
v 0.03225306 0.03739557 0.01630716
v 0.03559743 0.03814160 0.01630716
v 0.03559743 0.06842473 0.01489545
v 0.03225306 0.06880963 0.01565832
v 0.03225306 0.03586074 0.01571338
v 0.03225306 0.03501967 0.01535946
v 0.03225306 0.03375570 0.01477748
v 0.03225306 0.03339931 0.01459659
v 0.03225306 0.03281484 0.01423089
v 0.03559743 0.03454924 0.01389270
v 0.03559743 0.06889516 0.01411291
v 0.03559743 0.07100495 0.01055808
v 0.03268649 0.07177474 0.01005474
v 0.03246028 0.07177474 0.01011766
v 0.03225306 0.07177474 0.01016484
v 0.03225306 0.03219236 0.01379046
v 0.03225306 0.03189300 0.01350734
v 0.03225306 0.03156512 0.01319668
v 0.03225306 0.03120874 0.01285457
v 0.03225306 0.03095214 0.01260683
v 0.03559743 0.03414059 0.01348374
v 0.03559743 0.07139460 0.00944916
v 0.03390004 0.07177474 0.00944916
v 0.03354026 0.07177474 0.00964578
v 0.03225306 0.07177474 -0.01442408
v 0.03225306 0.03076207 0.01241021
v 0.03559743 0.03393151 0.01327139
v 0.03559743 0.07138985 0.00821047
v 0.03434754 0.07177474 -0.01041702
v 0.03438290 0.07177474 0.00821047
v 0.03393081 0.07177474 0.00941377
v 0.03236338 0.07177474 -0.01438082
v 0.03559743 0.06994055 -0.01662619
v 0.03559743 0.06979800 -0.01686999
v 0.03559743 0.06951764 -0.01734581
v 0.03225306 0.06965545 -0.01746771
v 0.03559743 0.03336130 0.01265008
v 0.03225306 0.02789674 0.00925254
v 0.03559743 0.07108098 -0.01040523
v 0.03433969 0.07177474 -0.01046814
v 0.03559743 0.07105247 -0.01086924
v 0.03559743 0.07085765 -0.01334662
v 0.03263870 0.07177474 -0.01419993
v 0.03559743 0.07053453 -0.01527346
v 0.03225306 0.06937034 -0.01787274
v 0.03559743 0.06907573 -0.01796711
v 0.03559743 0.03138455 0.01008620
v 0.03225306 0.02738830 0.00867449
v 0.03412854 0.07177474 -0.01165964
v 0.03559743 0.07073410 -0.01452239
v 0.03365418 0.07177474 -0.01299270
v 0.03559743 0.07069609 -0.01479372
v 0.03225306 0.06857204 -0.01890301
v 0.03559743 0.06845324 -0.01875752
v 0.03559743 0.03082384 0.00934692
v 0.03225306 0.02721249 0.00838349
v 0.03559743 0.03007306 0.00826946
v 0.03559743 0.03021087 0.00848967
v 0.03376091 0.07177474 -0.01281182
v 0.03559743 0.07070084 -0.01477405
v 0.03225306 0.06825842 -0.01927658
v 0.03559743 0.06784026 -0.01937882
v 0.03225306 0.06742210 -0.02017316
v 0.03559743 0.02935554 0.00705436
v 0.03225306 0.02698915 0.00799419
v 0.03559743 0.06762643 -0.01958331
v 0.03559743 0.06721778 -0.01996868
v 0.03225306 0.06612012 -0.02135286
v 0.03230217 0.02701766 0.00796667
v 0.03225306 0.02654248 0.00696785
v 0.03559743 0.02927476 0.00683809
v 0.03559743 0.06697544 -0.02018102
v 0.03559743 0.06649551 -0.02058999
v 0.03559743 0.06628168 -0.02076694
v 0.03559743 0.06587302 -0.02108546
v 0.03225306 0.06559742 -0.02173823
v 0.03225306 0.02639043 0.00654709
v 0.03559743 0.02904668 0.00594544
v 0.03225306 0.02599603 0.00543424
v 0.03225306 0.02594376 0.00526122
v 0.03225306 0.02571092 0.00448261
v 0.03225306 0.02499340 0.00188727
v 0.03559743 0.06561167 -0.02127814
v 0.03559743 0.06510323 -0.02164779
v 0.03559743 0.06439522 -0.02215899
v 0.03225306 0.06433819 -0.02261514
v 0.03559743 0.02816760 0.00200524
v 0.03225306 0.02407155 -0.00172655
v 0.03559743 0.06377273 -0.02254829
v 0.03559743 0.06337833 -0.02274884
v 0.03559743 0.06262280 -0.02313028
v 0.03225306 0.06311699 -0.02319713
v 0.03559743 0.02735504 -0.00172655
v 0.03225306 0.02395276 -0.00232820
v 0.03559743 0.06181975 -0.02342127
v 0.03225306 0.06240897 -0.02344880
v 0.03559743 0.02723149 -0.00279615
v 0.03225306 0.02384822 -0.00296917
v 0.03225306 0.02379120 -0.00344498
v 0.03225306 0.06171996 -0.02362575
v 0.03225306 0.06219514 -0.02351171
v 0.03559743 0.06119726 -0.02355497
v 0.03268649 0.06137783 -0.02368081
v 0.03559743 0.02721249 -0.00296917
v 0.03227238 0.02331127 -0.00793572
v 0.03225306 0.02328751 -0.00797504
v 0.03225306 0.06137783 -0.02367294
v 0.03559743 0.06084088 -0.02359822
v 0.03559743 0.06013762 -0.02368081
v 0.03392819 0.06013762 -0.02375159
v 0.03268649 0.06013762 -0.02379091
v 0.03559743 0.02733128 -0.00420786
v 0.03292645 0.02390049 -0.00917440
v 0.03346137 0.02452297 -0.00917440
v 0.03346300 0.02453723 -0.01041702
v 0.03225306 0.02323049 -0.00917440
v 0.03225306 0.06057003 -0.02374372
v 0.03559743 0.05970996 -0.02369653
v 0.03559743 0.05722477 -0.02376338
v 0.03268649 0.05765243 -0.02385383
v 0.03225306 0.06013762 -0.02377125
v 0.03225306 0.05765243 -0.02386562
v 0.03559743 0.02763539 -0.00670489
v 0.03225306 0.02323524 -0.00928844
v 0.03287309 0.02391475 -0.01041702
v 0.03339786 0.02462276 -0.01134899
v 0.03559743 0.02776845 -0.00769191
v 0.03559743 0.05641222 -0.02377912
v 0.03559743 0.05598455 -0.02378305
v 0.03225306 0.05641222 -0.02384203
v 0.03559743 0.05268681 -0.02377912
v 0.03517021 0.05268681 -0.02377912
v 0.03225306 0.02331602 -0.01039343
v 0.03225306 0.02332077 -0.01042095
v 0.03225306 0.02349184 -0.01138438
v 0.03559743 0.02906568 -0.01042882
v 0.03559743 0.02804880 -0.00862781
v 0.03559743 0.02783972 -0.00793572
v 0.03271530 0.02409056 -0.01175009
v 0.03325873 0.02482234 -0.01217871
v 0.03559743 0.03186924 -0.01495888
v 0.03225306 0.04648098 -0.02357857
v 0.03559743 0.05144185 -0.02373979
v 0.03517021 0.05144185 -0.02373979
v 0.03225306 0.02373418 -0.01201749
v 0.03225306 0.02428064 -0.01267812
v 0.03225306 0.03244420 -0.02020461
v 0.03559743 0.03653074 -0.02036977
v 0.03559743 0.03530478 -0.01920187
v 0.03559743 0.03463953 -0.01852944
v 0.03559743 0.03448272 -0.01835642
v 0.03559743 0.03407407 -0.01787667
v 0.03559743 0.03297165 -0.01648462
v 0.03559743 0.03238243 -0.01570602
v 0.03559743 0.04275558 -0.02341734
v 0.03225306 0.04275558 -0.02338981
v 0.03225306 0.03274357 -0.02044842
v 0.03559743 0.03773294 -0.02143544
v 0.03559743 0.03754287 -0.02127421
v 0.03559743 0.03703443 -0.02082592
v 0.03559743 0.04151061 -0.02334262
v 0.03225306 0.04154863 -0.02332296
v 0.03225306 0.03297165 -0.02060965
v 0.03559743 0.03855500 -0.02210394
v 0.03559743 0.04027040 -0.02302017
v 0.03225306 0.03902543 -0.02289434
v 0.03225306 0.04027040 -0.02316960
v 0.03225306 0.03405981 -0.02117590
v 0.03559743 0.03917748 -0.02250504
v 0.03225306 0.03783748 -0.02254043
v 0.03225306 0.03426414 -0.02125455
v -0.02066062 0.02876702 -0.03526435
v -0.02066062 0.02876702 -0.03517610
v -0.02066062 0.02929899 -0.03642942
v -0.01851224 0.02594653 -0.03404920
v -0.02066062 0.02889148 -0.03401938
v -0.02066062 0.02936725 -0.03653555
v -0.01801499 0.02594653 -0.03492091
v -0.01820698 0.02594653 -0.03270287
v -0.02066062 0.02890754 -0.03395857
v -0.02066062 0.02955193 -0.03673946
v -0.01548071 0.02594653 -0.03743349
v -0.01641570 0.02594653 -0.03655344
v -0.01768860 0.02594653 -0.03527508
v -0.02066062 0.02956197 -0.03243337
v -0.02066062 0.02942346 -0.03266829
v -0.01699167 0.02594653 -0.03167256
v -0.02066062 0.03110169 -0.03101430
v -0.02066062 0.02998755 -0.03188482
v -0.02066062 0.03010399 -0.03728085
v -0.01469547 0.02594653 -0.03805478
v -0.01503337 0.02594653 -0.03075791
v -0.02066062 0.03331593 -0.02959404
v -0.02066062 0.03269763 -0.02997683
v -0.02066062 0.03172200 -0.03060170
v -0.02066062 0.03030875 -0.03744303
v -0.01407342 0.02594653 -0.03846381
v -0.01392558 0.02594653 -0.03036797
v -0.02066062 0.03405266 -0.02925060
v -0.02066062 0.03334002 -0.02958212
v -0.02066062 0.03134058 -0.03812514
v -0.01326706 0.02594653 -0.03884660
v -0.02066062 0.03196089 -0.03850197
v -0.01326706 0.02594653 -0.03017121
v -0.02066062 0.03411891 -0.02922556
v -0.01123003 0.02594653 -0.02957615
v -0.01202488 0.02594653 -0.03926159
v -0.02066062 0.03277793 -0.03891696
v -0.02066062 0.03281607 -0.03893484
v -0.02066062 0.03380374 -0.03939276
v -0.02066062 0.03386597 -0.03942138
v -0.02066062 0.03446018 -0.03968015
v -0.02066062 0.03448226 -0.03968969
v -0.02066062 0.03529930 -0.02879268
v -0.01080573 0.02594653 -0.02947360
v -0.01136827 0.02594653 -0.03935818
v -0.02066062 0.03525714 -0.03987334
v -0.02066062 0.03529528 -0.03988168
v -0.02066062 0.03535952 -0.02877718
v -0.01020096 0.02594653 -0.02932931
v -0.00954436 0.02594653 -0.02920290
v -0.00895878 0.02594653 -0.02909558
v -0.01078462 0.02594653 -0.03944165
v -0.02066062 0.03653991 -0.04002359
v -0.00771660 0.02594653 -0.02891551
v -0.02066062 0.03653991 -0.02854226
v -0.01012801 0.02594653 -0.03947385
v -0.02066062 0.04268877 -0.04016073
v -0.00333346 0.02909022 -0.04002598
v -0.00457564 0.02909022 -0.03999378
v -0.00333346 0.02784760 -0.03994608
v -0.00333346 0.02594653 -0.03980059
v -0.00706000 0.02594653 -0.02883681
v -0.02066062 0.03661218 -0.02853391
v -0.00647634 0.02594653 -0.02877718
v -0.00581782 0.02594653 -0.02871636
v -0.00523416 0.02594653 -0.02866986
v -0.00457564 0.02594653 -0.02862096
v -0.02066062 0.04274899 -0.04016192
v -0.00104685 0.02909022 -0.03998424
v -0.00104685 0.02804634 -0.03994727
v -0.00104685 0.02784760 -0.03994012
v -0.00209128 0.02784760 -0.03994966
v -0.00209128 0.02594653 -0.03983279
v -0.01573030 0.04645477 -0.04006533
v -0.00267493 0.02594653 -0.03982087
v -0.02066062 0.03766007 -0.02845282
v -0.00399199 0.02594653 -0.02858519
v -0.02066062 0.04393139 -0.04013926
v -0.01699360 0.04645477 -0.04007368
v -0.00104685 0.02928896 -0.03997470
v -0.01450924 0.04645477 -0.04003432
v -0.01326706 0.04645477 -0.03997350
v -0.01324594 0.04645477 -0.03997231
v -0.00104685 0.02594653 -0.03982921
v -0.00143275 0.02594653 -0.03983160
v -0.02066062 0.03822417 -0.02841943
v -0.00277092 0.02594653 -0.02852914
v -0.00209128 0.03157345 -0.02810581
v -0.02066062 0.04399161 -0.04013807
v -0.01823577 0.04645477 -0.04007368
v -0.00104685 0.03033083 -0.03991865
v -0.01202488 0.04645477 -0.03985903
v -0.00457564 0.03653991 -0.03983756
v -0.00104685 0.02594653 -0.02848144
v -0.02066062 0.04645477 -0.02797940
v -0.00104685 0.03157345 -0.02811535
v -0.00209128 0.03281607 -0.02804857
v -0.00333346 0.03281607 -0.02808434
v -0.02066062 0.04645477 -0.04005102
v -0.01991377 0.04645477 -0.04005817
v -0.00104685 0.03403058 -0.03962768
v -0.00451612 0.03783874 -0.03973262
v -0.00827914 0.04645477 -0.03926397
v -0.00373088 0.03746334 -0.03966584
v -0.00457564 0.03653991 -0.02809985
v -0.01452843 0.04645477 -0.02828945
v -0.00209128 0.03405869 -0.02806646
v -0.00104685 0.03281607 -0.02808077
v -0.00104685 0.03406872 -0.03962411
v -0.00706000 0.04645477 -0.03899566
v -0.00104685 0.03449029 -0.03956209
v -0.01450924 0.04645477 -0.02829064
v -0.00104685 0.03405869 -0.02812608
v -0.00703696 0.04645477 -0.03898850
v -0.00104685 0.03673865 -0.03915784
v -0.00104685 0.03652987 -0.03919958
v -0.00104685 0.03526919 -0.03942496
v -0.01346865 0.04645477 -0.02836935
v -0.00104685 0.03529729 -0.02830018
v -0.00209128 0.03529930 -0.02816901
v -0.00581782 0.04645477 -0.03860929
v -0.00104685 0.03778253 -0.03892173
v -0.01285044 0.04645477 -0.02845640
v -0.00104685 0.03550807 -0.02834550
v -0.00517081 0.04645477 -0.03838033
v -0.00104685 0.03798127 -0.03887283
v -0.01202488 0.04645477 -0.02861858
v -0.00104685 0.03631106 -0.02857804
v -0.01078462 0.04645477 -0.02890716
v -0.00515929 0.04645477 -0.03837437
v -0.00104685 0.03898901 -0.03855921
v -0.00104685 0.03642548 -0.02861620
v -0.00956547 0.04645477 -0.02928638
v -0.00453148 0.04645477 -0.03793673
v -0.00104685 0.03956716 -0.03833383
v -0.00104685 0.03910143 -0.03852343
v -0.00104685 0.03649775 -0.02864124
v -0.00954436 0.04645477 -0.02929353
v -0.00370784 0.04645477 -0.03732736
v -0.00104685 0.04030190 -0.03798800
v -0.00369632 0.04645477 -0.03731782
v -0.00104685 0.03787487 -0.02920886
v -0.00811019 0.04645477 -0.02983850
v -0.00874567 0.04645477 -0.02959285
v -0.00104685 0.04156258 -0.03733452
v -0.00308771 0.04645477 -0.03672038
v -0.00104685 0.03854737 -0.02954396
v -0.00549527 0.04645477 -0.03107035
v -0.00610580 0.04645477 -0.03074003
v -0.00706000 0.04645477 -0.03028449
v -0.00307619 0.04645477 -0.03670846
v -0.00252902 0.04645477 -0.03609909
v -0.00104685 0.04290758 -0.03652004
v -0.00104685 0.04079573 -0.03072214
v -0.00457756 0.04645477 -0.03160578
v -0.00251558 0.04645477 -0.03608121
v -0.00104685 0.04436901 -0.03561256
v -0.00104685 0.04368246 -0.03604782
v -0.00104685 0.04123536 -0.03096183
v -0.00382687 0.04645477 -0.03206608
v -0.00224487 0.04645477 -0.03526196
v -0.00104685 0.04495118 -0.03501154
v -0.00107181 0.04496724 -0.03504732
v -0.00104685 0.04491304 -0.03507236
v -0.00104685 0.04459184 -0.03539910
v -0.00104685 0.04302201 -0.03195637
v -0.00104685 0.04378283 -0.03247391
v -0.00104685 0.04405384 -0.03266471
v -0.00104685 0.04442522 -0.03297953
v -0.00121388 0.04480062 -0.03318106
v -0.00327010 0.04645477 -0.03281854
v -0.00224295 0.04645477 -0.03522619
v -0.00104685 0.04507564 -0.03401938
v -0.00104685 0.04498129 -0.03477185
v -0.00104685 0.04495720 -0.03377612
v -0.00242150 0.04645477 -0.03414221
v -0.01711816 -0.00016841 -0.00427801
v -0.01711816 0.00522883 -0.00427801
v -0.01706145 -0.00016545 -0.00427801
v -0.01711816 -0.00016900 -0.00421628
v -0.01711816 0.00522942 -0.00427066
v -0.00959159 0.00585711 -0.00427801
v -0.01699340 -0.00017078 -0.00296756
v -0.01456847 -0.00002643 -0.00427801
v -0.01711816 -0.00017669 -0.00309103
v -0.01711816 0.00534478 -0.00172545
v -0.01575258 0.00548972 -0.00048408
v -0.01217757 0.00585711 0.00323047
v 0.00605587 0.00585711 -0.00427801
v -0.01526487 -0.00009150 -0.00048408
v -0.01441649 -0.00006961 0.00323047
v -0.01509247 -0.00010097 0.00231764
v -0.01503576 -0.00010393 0.00323047
v -0.01699340 -0.00017906 -0.00172545
v -0.00588275 0.00045810 -0.00427801
v -0.01711816 -0.00018439 -0.00184893
v -0.01711816 0.00537968 -0.00048408
v -0.01699340 0.00539093 -0.00048408
v -0.01575258 0.00551871 0.00075802
v -0.01699340 0.00540986 0.00075802
v -0.01711816 0.00539684 0.00075802
v -0.01711816 0.00539211 0.00088150
v -0.01711816 0.00534656 0.00200013
v -0.01711816 0.00533472 0.00212360
v -0.01711816 0.00521995 0.00323047
v 0.00605587 0.00585711 0.00323047
v 0.00605587 0.00129700 -0.00427801
v -0.01078250 0.00014159 0.00200013
v -0.01202559 0.00006409 0.00323047
v -0.01576392 -0.00012463 0.00323047
v -0.01699340 -0.00017669 0.00075802
v -0.01711816 -0.00018675 -0.00060682
v -0.00209224 0.00066989 -0.00427801
v -0.00333306 0.00060009 -0.00420966
v -0.00581470 0.00044449 -0.00172545
v -0.01711816 -0.00014475 0.00323047
v 0.00605587 0.00163954 0.00323047
v 0.00536173 0.00152418 0.00323047
v 0.00411865 0.00134256 0.00323047
v 0.00410504 0.00134078 0.00323047
v 0.00286649 0.00121181 0.00323047
v 0.00312736 0.00117336 0.00075802
v 0.00163475 0.00093139 -0.00420966
v 0.00163475 0.00093021 -0.00427801
v -0.00829860 0.00028890 0.00075802
v -0.00954169 0.00021140 0.00200013
v -0.01078250 0.00013449 0.00323047
v -0.01699566 -0.00014415 0.00323047
v -0.01699340 -0.00016427 0.00200013
v -0.01711816 -0.00018084 0.00063455
v -0.00084916 0.00074562 -0.00427801
v -0.00333306 0.00059240 -0.00296756
v -0.01711816 -0.00014712 0.00311876
v 0.00150545 0.00110118 0.00323047
v -0.00581470 0.00050661 0.00323047
v -0.00706912 0.00040486 0.00323047
v -0.00333306 0.00061843 -0.00048408
v -0.00209224 0.00068942 -0.00172545
v -0.00084916 0.00076160 -0.00296756
v 0.00039166 0.00083377 -0.00420966
v 0.00039166 0.00083318 -0.00427801
v -0.00581470 0.00043976 -0.00048408
v -0.00829860 0.00028772 0.00200013
v -0.00954169 0.00021318 0.00323047
v -0.01711816 -0.00016545 0.00200013
v -0.01711816 -0.00016723 0.00187665
v -0.00084916 0.00074562 -0.00420966
v -0.00829860 0.00030547 0.00323047
v -0.00457615 0.00052318 -0.00048408
v -0.00333306 0.00059595 -0.00172545
v -0.00209224 0.00066989 -0.00296756
v -0.03118146 0.04773837 0.02394091
v -0.00695738 0.04773837 0.02394091
v -0.03117837 0.04773837 0.02435763
v -0.02873152 0.05075286 0.02394091
v -0.00000969 0.05190630 0.02606995
v -0.00616238 0.04773837 0.02474824
v 0.00039244 0.05487834 0.02394091
v 0.00042028 0.05488541 0.02394381
v 0.00042028 0.05482880 0.02398345
v 0.00042028 0.05391596 0.02466219
v 0.00042028 0.05273069 0.02562616
v -0.03106082 0.04773837 0.02843395
v -0.02872843 0.05074579 0.02435763
v -0.01502176 0.06683372 0.02559909
v -0.01496299 0.06676650 0.02435763
v -0.01488875 0.06668512 0.02394091
v 0.00042028 0.05171170 0.02689953
v -0.00554062 0.04773837 0.02538058
v 0.00042028 0.05692692 0.02394091
v -0.03103298 0.04773837 0.02932443
v -0.01498773 0.06680188 0.02684151
v -0.01440309 0.06752720 0.02559909
v -0.00024788 0.08314102 0.02485363
v 0.00042028 0.08381681 0.02439533
v -0.00017983 0.08305611 0.02402599
v -0.01427007 0.06737860 0.02394091
v 0.00042028 0.05170816 0.02691403
v -0.00505187 0.04773837 0.02600227
v 0.00042028 0.08363637 0.02394091
v -0.03100205 0.04773837 0.02950717
v -0.03089687 0.04789758 0.02932443
v -0.01492896 0.06674527 0.02808394
v -0.01545792 0.06612610 0.02808394
v 0.00042028 0.08353376 0.02932443
v 0.00042028 0.08388404 0.02563583
v 0.00042028 0.08383804 0.02470860
v 0.00042028 0.08365406 0.02398538
v -0.00016127 0.08303488 0.02394091
v 0.00042028 0.05158433 0.02808394
v -0.00483843 0.04773837 0.02684151
v -0.03064940 0.04773837 0.03056009
v -0.03018231 0.04850614 0.03019172
v -0.01484235 0.06663559 0.02932443
v 0.00001196 0.08284736 0.03056686
v 0.00042028 0.08329316 0.03056686
v 0.00042028 0.05158787 0.02810038
v -0.00498072 0.04773837 0.02776971
v -0.00497453 0.04773837 0.02774457
v -0.03015447 0.04773837 0.03132199
v -0.02015983 0.05958407 0.03126204
v -0.01390197 0.06697879 0.03120209
v -0.01403807 0.06712385 0.03056686
v -0.01524448 0.06586781 0.03020042
v -0.00039018 0.08205836 0.03150762
v -0.01154483 0.06962178 0.03138290
v 0.00042028 0.08309503 0.03107253
v 0.00042028 0.05190984 0.02896282
v -0.00529624 0.04773837 0.02837980
v -0.02969974 0.04773837 0.03187503
v -0.02256337 0.05576641 0.03241261
v -0.00137077 0.08051219 0.03223664
v -0.00015818 0.08180715 0.03233526
v 0.00032439 0.08256785 0.03194851
v 0.00042028 0.08271645 0.03187407
v -0.00999815 0.07050985 0.03225018
v -0.00590873 0.04773837 0.02922968
v 0.00042028 0.05231318 0.02958452
v -0.02960694 0.04773837 0.03197559
v -0.02876864 0.04830447 0.03241455
v -0.00240086 0.07657777 0.03360186
v -0.00325772 0.07620980 0.03336111
v -0.00457549 0.07504222 0.03320641
v -0.00054485 0.08097922 0.03263789
v 0.00042028 0.08211851 0.03254894
v 0.00042028 0.08263507 0.03200556
v 0.00042028 0.08267399 0.03194465
v -0.00651193 0.04773837 0.02986008
v 0.00042028 0.05232734 0.02959999
v -0.00791322 0.04773837 0.03100582
v -0.00713989 0.04773837 0.03039379
v -0.02955745 0.04773837 0.03202490
v -0.02899136 0.04773837 0.03247933
v -0.02793962 0.04873258 0.03255861
v -0.00279372 0.07574985 0.03368598
v -0.00157184 0.07697758 0.03368888
v -0.00030047 0.07822654 0.03368985
v 0.00042028 0.08003807 0.03336304
v 0.00042028 0.08144979 0.03287961
v -0.00091605 0.08006284 0.03285737
v 0.00042028 0.08161609 0.03280419
v 0.00042028 0.05293590 0.03025359
v -0.00792869 0.04773837 0.03101645
v -0.02847477 0.04773837 0.03259729
v -0.02828299 0.04782328 0.03262533
v -0.00299169 0.07504222 0.03370725
v -0.00209153 0.07504222 0.03376913
v -0.00202656 0.07620980 0.03371015
v -0.02196016 0.05393012 0.03295116
v -0.02071972 0.05517200 0.03301111
v -0.00077066 0.07744462 0.03371499
v 0.00039244 0.07752599 0.03376236
v 0.00042028 0.07829731 0.03369371
v 0.00042028 0.07830792 0.03369275
v 0.00042028 0.07892710 0.03358639
v 0.00042028 0.05295005 0.03026713
v -0.00855046 0.04773837 0.03142157
v -0.02835723 0.04773837 0.03262146
v -0.02827371 0.04773837 0.03263113
v -0.02718484 0.04773837 0.03275102
v -0.00338455 0.07376495 0.03372079
v -0.00085109 0.07504222 0.03380877
v 0.00039244 0.07628410 0.03381844
v -0.00085109 0.07628410 0.03377590
v -0.00209153 0.07380033 0.03379330
v -0.02693119 0.04773837 0.03277809
v -0.02690953 0.04773837 0.03278002
v 0.00042028 0.07752953 0.03376140
v 0.00042028 0.07755076 0.03376043
v 0.00042028 0.07631241 0.03381651
v 0.00042028 0.05373552 0.03087529
v -0.00952796 0.04773837 0.03195915
v 0.00039244 0.07504222 0.03380781
v 0.00042028 0.07506698 0.03380781
v 0.00042028 0.07628410 0.03381747
v -0.00209153 0.07255844 0.03376333
v -0.00085109 0.07380033 0.03379233
v -0.02071972 0.05393012 0.03303528
v -0.02444413 0.04773837 0.03278196
v 0.00042028 0.05435823 0.03130265
v -0.00954652 0.04773837 0.03196882
v -0.00128725 0.07038956 0.03369662
v 0.00042028 0.07504222 0.03380684
v -0.00172341 0.07038956 0.03369662
v -0.02442557 0.04773837 0.03278196
v 0.00042028 0.05517200 0.03167006
v -0.01051165 0.04773837 0.03235460
v -0.00085109 0.06013956 0.03290765
v 0.00042028 0.06637377 0.03328860
v 0.00042028 0.06759089 0.03337078
v 0.00042028 0.07368711 0.03373336
v -0.01327092 0.04896256 0.03279066
v -0.01325236 0.04773837 0.03273071
v -0.01202739 0.04896256 0.03275392
v -0.00333506 0.05641389 0.03278582
v 0.00042028 0.05641389 0.03210998
v -0.00270710 0.05454575 0.03243195
v -0.01113032 0.04773837 0.03248706
v 0.00042028 0.06013956 0.03282450
v -0.01202739 0.04773837 0.03262436
v 0.00042028 0.05889767 0.03269300
v 0.00042028 0.05643512 0.03211675
v 0.00042028 0.05728428 0.03236427
v 0.00042028 0.05729843 0.03236814
v 0.00042028 0.05790699 0.03252090
v 0.00042028 0.05792468 0.03252477
v 0.02182868 0.01635983 0.01696471
v 0.01962549 0.00625445 0.02478131
v 0.01966408 0.00605524 0.02395232
v 0.01997441 0.00673254 0.02063168
v 0.01989567 0.00549036 0.01696471
v 0.01038814 0.01635983 0.01696471
v 0.02038047 0.01635983 0.02466691
v 0.01969805 0.01294204 0.02773055
v 0.01986480 0.01294204 0.02684045
v 0.01967180 0.01169986 0.02759892
v 0.01965328 0.01096565 0.02750176
v 0.01928891 0.00673254 0.02808158
v 0.01964710 0.00734438 0.02623086
v 0.01949116 0.00685064 0.02672292
v 0.01906041 0.00549036 0.02808158
v 0.01945102 0.00558142 0.02436290
v 0.01964556 0.00486571 0.01878566
v 0.01969496 0.00597272 0.02311550
v 0.01973974 0.00587027 0.02187437
v 0.01977834 0.00574506 0.02063168
v 0.01984009 0.00549036 0.01814785
v 0.01971812 0.00476326 0.01696471
v 0.00605587 0.01472920 0.01696471
v 0.00605587 0.01635983 0.01993276
v 0.02013344 0.01635983 0.02590647
v 0.01971349 0.01418423 0.02779794
v 0.01957454 0.01294204 0.02835112
v 0.01954211 0.01169986 0.02821948
v 0.01899093 0.00673254 0.02932428
v 0.01870221 0.00545194 0.02934308
v 0.01850768 0.00471773 0.02894191
v 0.01861884 0.00453560 0.02808158
v 0.01868214 0.00433924 0.02684045
v 0.01967180 0.00481591 0.01814785
v 0.01840115 0.00362922 0.02620108
v 0.01977062 0.00543629 0.01927458
v 0.01858333 0.00350969 0.01840015
v 0.01902181 0.00422825 0.01696471
v 0.01841968 0.00361214 0.02537366
v 0.00605587 0.00182499 0.01696471
v 0.00605587 0.01635983 0.03279066
v 0.01994354 0.01635983 0.02684045
v 0.01958534 0.01418423 0.02842007
v 0.01932442 0.01294204 0.02932428
v 0.01925803 0.01169986 0.02932428
v 0.01879485 0.01169986 0.03056697
v 0.01860031 0.00673254 0.03029900
v 0.01852929 0.00584039 0.03019871
v 0.01833167 0.00501227 0.02976933
v 0.01811706 0.00391379 0.02808158
v 0.01737289 0.00467646 0.03139909
v 0.01750875 0.00425671 0.03046198
v 0.01718453 0.00361214 0.02997931
v 0.01730959 0.00352961 0.02932428
v 0.01749640 0.00343997 0.02808158
v 0.01653917 0.00277406 0.02435820
v 0.01582741 0.00240553 0.02311550
v 0.01653917 0.00269864 0.02311550
v 0.01778203 0.00329199 0.02435820
v 0.01778203 0.00317816 0.01938898
v 0.01653917 0.00275414 0.01938898
v 0.01653917 0.00291634 0.01814785
v 0.01788084 0.00334179 0.01805069
v 0.01660710 0.00310701 0.01696471
v 0.01759522 0.00345277 0.01696471
v 0.01818500 0.00370320 0.01696471
v 0.01821433 0.00371601 0.01696471
v 0.01653917 0.00267730 0.02187437
v 0.00605587 0.00183495 0.01759937
v 0.00608211 0.00182783 0.01696471
v 0.01529784 0.00255636 0.01938898
v 0.01535188 0.00243256 0.02062071
v 0.01497362 0.00236284 0.02102815
v 0.01519903 0.00232158 0.02187437
v 0.01405498 0.00221913 0.02187437
v 0.01405498 0.00217787 0.02311550
v 0.00605587 0.00549036 0.03264805
v 0.00629672 0.01635983 0.03280476
v 0.01989413 0.01635983 0.02708021
v 0.01969651 0.01635983 0.02797032
v 0.01958380 0.01542499 0.02842790
v 0.01934603 0.01418423 0.02932428
v 0.01885970 0.01418423 0.03056697
v 0.01883036 0.01294204 0.03056697
v 0.01845673 0.01169986 0.03126589
v 0.01843820 0.01081482 0.03123611
v 0.01821588 0.00673254 0.03091956
v 0.01755199 0.00549036 0.03159341
v 0.01817573 0.00545194 0.03059361
v 0.01654997 0.00542348 0.03224061
v 0.01582124 0.00496531 0.03240045
v 0.01653917 0.00444311 0.03163572
v 0.01653917 0.00382131 0.03082240
v 0.01653917 0.00355380 0.03020184
v 0.01653917 0.00333041 0.02932428
v 0.01653917 0.00309847 0.02808158
v 0.01653917 0.00298322 0.02684045
v 0.01565141 0.00245960 0.02435820
v 0.01503074 0.00230450 0.02435820
v 0.01520521 0.00229312 0.02311550
v 0.01582124 0.00239414 0.02187437
v 0.01653917 0.00269011 0.02063168
v 0.01529784 0.00269580 0.01814785
v 0.01535497 0.00285943 0.01696471
v 0.01653917 0.00308567 0.01696471
v 0.00605587 0.00186910 0.01884207
v 0.01281520 0.00214798 0.02311550
v 0.00660396 0.00188475 0.01696471
v 0.01405498 0.00221486 0.02435820
v 0.00784683 0.01635983 0.03288311
v 0.00753804 0.01635983 0.03287058
v 0.00646810 0.01635983 0.03281416
v 0.00605587 0.00508768 0.03264179
v 0.01957917 0.01635983 0.02843731
v 0.01951741 0.01635983 0.02865983
v 0.01933677 0.01542499 0.02932428
v 0.01886433 0.01635983 0.03056697
v 0.01886896 0.01542499 0.03056697
v 0.01849378 0.01542499 0.03132230
v 0.01779593 0.01294204 0.03189586
v 0.01716909 0.01228894 0.03243493
v 0.01671672 0.00673254 0.03225628
v 0.01614392 0.00579343 0.03249605
v 0.01536269 0.00542348 0.03256030
v 0.01499369 0.00477606 0.03249761
v 0.01536269 0.00437339 0.03191466
v 0.01367980 0.00355665 0.03131917
v 0.01529784 0.00369751 0.03102299
v 0.01529784 0.00315681 0.02932428
v 0.01529784 0.00346843 0.03040086
v 0.01405498 0.00300883 0.02932428
v 0.01529784 0.00286797 0.02808158
v 0.01468953 0.00238276 0.02623556
v 0.01480996 0.00234861 0.02559776
v 0.01529784 0.00284947 0.01696471
v 0.00605587 0.00190325 0.01938898
v 0.01281520 0.00222624 0.02435820
v 0.00605587 0.00195020 0.02008320
v 0.01411982 0.00232585 0.02567768
v 0.00878091 0.01635983 0.03291603
v 0.00605587 0.00459251 0.03262768
v 0.00660396 0.00460390 0.03263238
v 0.00660396 0.00549036 0.03265745
v 0.01033101 0.01635983 0.03294894
v 0.00908815 0.01635983 0.03292543
v 0.01932288 0.01635983 0.02932428
v 0.01849842 0.01635983 0.03132544
v 0.01777277 0.01635983 0.03196794
v 0.01717372 0.01294204 0.03243650
v 0.01656232 0.01635983 0.03262611
v 0.01653917 0.01294204 0.03260104
v 0.01529784 0.01635983 0.03288782
v 0.01529784 0.01542499 0.03286431
v 0.01529784 0.01418423 0.03282983
v 0.01405498 0.01635983 0.03296774
v 0.01405498 0.00549036 0.03262768
v 0.01405498 0.00472484 0.03251642
v 0.01281520 0.00414715 0.03204159
v 0.01281520 0.00351823 0.03142103
v 0.01281520 0.00323792 0.03056697
v 0.01281520 0.00293911 0.02932428
v 0.00660396 0.00285516 0.02932428
v 0.00605587 0.00285232 0.02932428
v 0.00605587 0.00276836 0.02877580
v 0.01457683 0.00238276 0.02623556
v 0.00605587 0.00262465 0.02753467
v 0.00605587 0.00267730 0.02808158
v 0.00605587 0.00431932 0.03235501
v 0.01281520 0.01635983 0.03297244
v 0.01157234 0.01635983 0.03296304
v 0.01717990 0.01635983 0.03243963
v 0.01703940 0.01635983 0.03248508
v 0.01623038 0.01635983 0.03269663
v 0.01157234 0.00350969 0.03143356
v 0.01157234 0.00321515 0.03056697
v 0.00605587 0.00322227 0.03056697
v 0.00605587 0.00397213 0.03193660
v 0.00605587 0.00377577 0.03166236
v 0.00605587 0.00355238 0.03131603
v 0.06093647 0.04985537 0.01630716
v 0.06104620 0.04985537 0.01566255
v 0.04841384 0.04985537 0.01630716
v 0.06097557 0.04647531 0.01630716
v 0.06113952 0.04523392 0.01566255
v 0.06111682 0.04647531 0.01566255
v 0.06097430 0.04985537 0.01441979
v 0.06124421 0.04523392 0.01441979
v 0.06120132 0.04647531 0.01441979
v 0.06122277 0.04026835 0.00147532
v 0.04841384 0.04985537 0.00147532
v 0.04841384 0.03917682 0.01630716
v 0.06098313 0.04523392 0.01630716
v 0.06091629 0.04210546 0.01630716
v 0.06086710 0.04026835 0.01630716
v 0.06095034 0.04026835 0.01566255
v 0.05820846 0.04985537 0.00147532
v 0.06113448 0.04079192 0.00147532
v 0.06096800 0.04152639 0.00147532
v 0.06083305 0.04204626 0.00147532
v 0.06126439 0.03902511 0.00147532
v 0.06129717 0.03778372 0.00945164
v 0.04841384 0.03095515 0.00147532
v 0.04841384 0.03877350 0.01594420
v 0.04883383 0.03911762 0.01630716
v 0.06077377 0.03902511 0.01630716
v 0.06089485 0.03902511 0.01566255
v 0.06115592 0.03654233 0.01069441
v 0.06124673 0.03529909 0.00147532
v 0.06123033 0.03654233 0.00945164
v 0.05504280 0.03098290 0.00147532
v 0.04841384 0.03112350 0.00325380
v 0.04883383 0.03874390 0.01597034
v 0.04841384 0.03656453 0.01395230
v 0.05007487 0.03866250 0.01604728
v 0.05007487 0.03895481 0.01630716
v 0.06066026 0.03836464 0.01630716
v 0.06072837 0.03809453 0.01566255
v 0.06106259 0.03529909 0.01069441
v 0.06114961 0.03529909 0.00945164
v 0.06117484 0.03529909 0.00821178
v 0.06111052 0.03405770 0.00147532
v 0.05527991 0.03099400 0.00147532
v 0.05628384 0.03135846 0.00324364
v 0.04841384 0.03128261 0.00448495
v 0.04841384 0.03122156 0.00407844
v 0.04841384 0.03615382 0.01356321
v 0.05876843 0.03684944 0.01533734
v 0.05876843 0.03754321 0.01595727
v 0.05876843 0.03795948 0.01630716
v 0.06064260 0.03834614 0.01630716
v 0.06057828 0.03598916 0.01370839
v 0.06071449 0.03456277 0.01155243
v 0.06073215 0.03681799 0.01417733
v 0.06082422 0.03528429 0.01195459
v 0.06080152 0.03439996 0.01069441
v 0.06086458 0.03423716 0.00945164
v 0.06088476 0.03413355 0.00821178
v 0.06109412 0.03405770 0.00200088
v 0.06091881 0.03359889 0.00147532
v 0.05628888 0.03109760 0.00147532
v 0.05628384 0.03114941 0.00200088
v 0.05876843 0.03270901 0.00945164
v 0.05752614 0.03259060 0.00945164
v 0.04841384 0.03148982 0.00530668
v 0.04841384 0.03595956 0.01335270
v 0.05752614 0.03442956 0.01281842
v 0.05876843 0.03622782 0.01471161
v 0.05978498 0.03687534 0.01530976
v 0.05963363 0.03800018 0.01630716
v 0.06003344 0.03806123 0.01630716
v 0.06018226 0.03643318 0.01452577
v 0.05975093 0.03575791 0.01404812
v 0.05963741 0.03455907 0.01267324
v 0.06046477 0.03485878 0.01237997
v 0.06023775 0.03378019 0.01069441
v 0.06048243 0.03361554 0.00945164
v 0.05941544 0.03342313 0.01133902
v 0.06057198 0.03351193 0.00821178
v 0.06076116 0.03326217 0.00200088
v 0.06077377 0.03326217 0.00147532
v 0.05695481 0.03124376 0.00147532
v 0.05752614 0.03141951 0.00200088
v 0.05752614 0.03154162 0.00324364
v 0.05821980 0.03215954 0.00655961
v 0.05986065 0.03313267 0.00945164
v 0.05961598 0.03329547 0.01069441
v 0.05876843 0.03303277 0.01069441
v 0.05836358 0.03210219 0.00572771
v 0.05856538 0.03202448 0.00448495
v 0.05752614 0.03296246 0.01069441
v 0.04841384 0.03161007 0.00572771
v 0.04841384 0.03560805 0.01294183
v 0.05752614 0.03380979 0.01206928
v 0.05876843 0.03382459 0.01205331
v 0.05876843 0.03444621 0.01279374
v 0.05876843 0.03335098 0.01143338
v 0.05940283 0.03218729 0.00269775
v 0.06005236 0.03264055 0.00200088
v 0.06005992 0.03264055 0.00147532
v 0.05752614 0.03140286 0.00147532
v 0.05824377 0.03167482 0.00147532
v 0.05876843 0.03189128 0.00200088
v 0.05884915 0.03200043 0.00316379
v 0.05931707 0.03222429 0.00352529
v 0.05752614 0.03333803 0.01144790
v 0.04841384 0.03259985 0.00821178
v 0.04841384 0.03225019 0.00745103
v 0.04841384 0.03201523 0.00682965
v 0.04841384 0.03539714 0.01268195
v 0.04841384 0.03498643 0.01215639
v 0.05943183 0.03217064 0.00200088
v 0.05943940 0.03216324 0.00147532
v 0.05876843 0.03187463 0.00147532
v 0.04841384 0.03338243 0.00973185
v 0.04841384 0.03316412 0.00932098
v 0.04841384 0.03296246 0.00893044
v 0.04841384 0.03451652 0.01153501
v 0.04841384 0.03432411 0.01124465
v 0.04841384 0.03396705 0.01069441
v 0.04841384 0.03381534 0.01045340
v 0.05915058 0.03203558 0.00147532
v 0.02199603 0.05943082 0.02014311
v 0.01995679 0.05943082 0.02394091
v 0.03073993 0.05564642 0.02014311
v 0.00987558 0.05943082 0.02014311
v 0.01999612 0.05932118 0.02394091
v 0.03169904 0.05426082 0.02014311
v 0.03132690 0.05503585 0.02014311
v 0.03116049 0.05521732 0.02014311
v 0.00106814 0.05943082 0.02394091
v 0.00981507 0.05392813 0.02014311
v 0.00106814 0.05943082 0.02180276
v 0.02014740 0.05889586 0.02394091
v 0.03177771 0.05392813 0.02014311
v 0.02050139 0.05764448 0.02394091
v 0.02083421 0.05637986 0.02394091
v 0.02115492 0.05512281 0.02394091
v 0.00106814 0.05514738 0.02394091
v 0.00980297 0.05268620 0.02014311
v 0.00536445 0.04011943 0.02170126
v 0.00449611 0.04011943 0.02222920
v 0.00106814 0.05889586 0.02190166
v 0.00988163 0.04275263 0.02014311
v 0.00989374 0.04142374 0.02014311
v 0.00990886 0.04011943 0.02014311
v 0.03189873 0.05339695 0.02014311
v 0.02203839 0.05136676 0.02394091
v 0.00390008 0.04011943 0.02394091
v 0.00106814 0.05534964 0.02378996
v 0.00405438 0.04011943 0.02311480
v 0.00410582 0.04011943 0.02300698
v 0.00106814 0.05776924 0.02226712
v 0.02663121 0.04011943 0.02014311
v 0.03197739 0.05224765 0.02014311
v 0.02232582 0.04896229 0.02394091
v 0.02242566 0.04786402 0.02394091
v 0.02243776 0.04772036 0.02394091
v 0.02219874 0.04011943 0.02394091
v 0.00106814 0.05637230 0.02308096
v 0.00106814 0.05694317 0.02269728
v 0.00106814 0.05715489 0.02256195
v 0.03062496 0.04659563 0.02014311
v 0.03194411 0.05144427 0.02014311
v 0.02247104 0.04647843 0.02394091
v 0.02248920 0.04543687 0.02394091
v 0.02248920 0.04419683 0.02394091
v 0.02248617 0.04399456 0.02394091
v 0.03119377 0.04772036 0.02014311
v 0.03154474 0.04897741 0.02014311
v 0.03154776 0.04898876 0.02014311
v 0.03180191 0.05020233 0.02014311
v 0.03188663 0.05089041 0.02014311
v 0.02221084 0.04026688 0.02394091
f 1 2 6
f 1 6 19
f 1 19 33
f 1 33 51
f 1 51 83
f 1 83 117
f 1 117 172
f 1 172 234
f 1 234 233
f 1 233 295
f 1 295 343
f 1 343 344
f 1 344 299
f 1 299 298
f 1 298 305
f 1 305 246
f 1 246 245
f 1 245 244
f 1 244 243
f 1 243 242
f 1 242 241
f 1 241 240
f 1 240 174
f 1 174 122
f 1 122 121
f 1 121 120
f 1 120 118
f 1 118 84
f 1 84 53
f 1 53 35
f 1 35 20
f 1 20 11
f 1 11 3
f 1 3 4
f 1 4 15
f 1 15 23
f 1 23 39
f 1 39 55
f 1 55 86
f 1 86 123
f 1 123 175
f 1 175 181
f 1 181 180
f 1 180 179
f 1 179 178
f 1 178 177
f 1 177 249
f 1 249 199
f 1 199 135
f 1 135 134
f 1 134 96
f 1 96 71
f 1 71 52
f 1 52 41
f 1 41 40
f 1 40 24
f 1 24 16
f 1 16 5
f 1 5 2
f 2 5 6
f 3 7 8
f 3 8 9
f 3 9 10
f 3 10 4
f 3 11 12
f 3 12 13
f 3 13 14
f 3 14 7
f 4 10 9
f 4 9 8
f 4 8 7
f 4 7 14
f 4 14 13
f 4 13 12
f 4 12 21
f 4 21 36
f 4 36 54
f 4 54 85
f 4 85 119
f 4 119 173
f 4 173 239
f 4 239 304
f 4 304 350
f 4 350 394
f 4 394 411
f 4 411 368
f 4 368 367
f 4 367 410
f 4 410 384
f 4 384 417
f 4 417 436
f 4 436 434
f 4 434 433
f 4 433 432
f 4 432 431
f 4 431 429
f 4 429 442
f 4 442 427
f 4 427 426
f 4 426 441
f 4 441 439
f 4 439 438
f 4 438 437
f 4 437 419
f 4 419 418
f 4 418 397
f 4 397 395
f 4 395 351
f 4 351 306
f 4 306 252
f 4 252 251
f 4 251 250
f 4 250 182
f 4 182 125
f 4 125 89
f 4 89 88
f 4 88 65
f 4 65 64
f 4 64 63
f 4 63 62
f 4 62 61
f 4 61 60
f 4 60 59
f 4 59 58
f 4 58 57
f 4 57 56
f 4 56 38
f 4 38 22
f 4 22 15
f 5 16 6
f 6 16 17
f 6 17 18
f 6 18 19
f 11 20 12
f 12 20 21
f 15 22 23
f 16 24 25
f 16 25 26
f 16 26 17
f 17 26 18
f 18 27 28
f 18 28 29
f 18 29 30
f 18 30 31
f 18 31 32
f 18 32 33
f 18 33 19
f 18 26 34
f 18 34 27
f 20 35 36
f 20 36 21
f 22 37 23
f 22 38 37
f 23 37 39
f 24 40 26
f 24 26 25
f 26 40 41
f 26 41 34
f 27 34 28
f 28 34 42
f 28 42 29
f 29 43 44
f 29 44 45
f 29 45 46
f 29 46 47
f 29 47 48
f 29 48 30
f 29 42 43
f 30 48 31
f 31 49 32
f 31 48 49
f 32 49 50
f 32 50 51
f 32 51 33
f 34 41 52
f 34 52 42
f 35 53 36
f 36 53 54
f 37 55 39
f 37 38 56
f 37 56 57
f 37 57 58
f 37 58 59
f 37 59 60
f 37 60 61
f 37 61 62
f 37 62 63
f 37 63 64
f 37 64 65
f 37 65 66
f 37 66 67
f 37 67 68
f 37 68 69
f 37 69 70
f 37 70 55
f 42 52 71
f 42 71 72
f 42 72 44
f 42 44 43
f 44 73 45
f 44 72 73
f 45 73 74
f 45 74 75
f 45 75 76
f 45 76 46
f 46 77 78
f 46 78 47
f 46 76 77
f 47 78 79
f 47 79 80
f 47 80 48
f 48 80 81
f 48 81 49
f 49 82 83
f 49 83 50
f 49 81 82
f 50 83 51
f 53 84 54
f 54 84 85
f 55 70 87
f 55 87 86
f 65 88 66
f 66 88 89
f 66 89 90
f 66 90 91
f 66 91 68
f 66 68 67
f 68 91 92
f 68 92 93
f 68 93 69
f 69 93 70
f 70 93 94
f 70 94 95
f 70 95 87
f 71 96 97
f 71 97 98
f 71 98 99
f 71 99 73
f 71 73 72
f 73 99 100
f 73 100 101
f 73 101 74
f 74 101 75
f 75 101 102
f 75 102 103
f 75 103 104
f 75 104 105
f 75 105 106
f 75 106 76
f 76 106 77
f 77 104 107
f 77 107 108
f 77 108 78
f 77 106 104
f 78 108 109
f 78 109 79
f 79 109 110
f 79 110 111
f 79 111 112
f 79 112 80
f 80 112 113
f 80 113 114
f 80 114 81
f 81 114 82
f 82 115 116
f 82 116 117
f 82 117 83
f 82 114 115
f 84 118 85
f 85 118 120
f 85 120 121
f 85 121 122
f 85 122 119
f 86 87 123
f 87 95 124
f 87 124 123
f 89 125 90
f 90 92 91
f 90 125 126
f 90 126 127
f 90 127 92
f 92 127 128
f 92 128 93
f 93 128 129
f 93 129 94
f 94 129 95
f 95 130 124
f 95 129 131
f 95 131 132
f 95 132 133
f 95 133 130
f 96 134 97
f 97 134 135
f 97 135 136
f 97 136 137
f 97 137 138
f 97 138 98
f 98 138 139
f 98 139 140
f 98 140 99
f 99 141 142
f 99 142 101
f 99 101 100
f 99 140 143
f 99 143 144
f 99 144 145
f 99 145 141
f 101 142 146
f 101 146 147
f 101 147 148
f 101 148 103
f 101 103 102
f 103 148 149
f 103 149 150
f 103 150 151
f 103 151 104
f 104 152 153
f 104 153 154
f 104 154 155
f 104 155 107
f 104 106 105
f 104 151 156
f 104 156 152
f 107 157 108
f 107 155 157
f 108 158 109
f 108 157 158
f 109 158 110
f 110 159 160
f 110 160 161
f 110 161 162
f 110 162 163
f 110 163 111
f 110 158 159
f 111 163 112
f 112 163 164
f 112 164 165
f 112 165 113
f 113 165 164
f 113 164 166
f 113 166 167
f 113 167 168
f 113 168 169
f 113 169 114
f 114 169 115
f 115 170 116
f 115 169 170
f 116 170 117
f 117 171 172
f 117 170 171
f 119 122 174
f 119 174 173
f 123 124 175
f 124 130 176
f 124 176 177
f 124 177 178
f 124 178 179
f 124 179 180
f 124 180 181
f 124 181 175
f 125 182 126
f 126 183 184
f 126 184 127
f 126 182 183
f 127 184 185
f 127 185 132
f 127 132 131
f 127 131 129
f 127 129 128
f 130 133 186
f 130 186 187
f 130 187 188
f 130 188 176
f 132 185 189
f 132 189 190
f 132 190 191
f 132 191 192
f 132 192 193
f 132 193 194
f 132 194 133
f 133 194 193
f 133 193 195
f 133 195 196
f 133 196 197
f 133 197 198
f 133 198 186
f 135 199 136
f 136 200 137
f 136 199 200
f 137 200 201
f 137 201 139
f 137 139 138
f 139 201 202
f 139 202 140
f 140 202 201
f 140 201 143
f 141 145 142
f 142 145 203
f 142 203 204
f 142 204 146
f 143 201 205
f 143 205 203
f 143 203 144
f 144 203 145
f 146 204 188
f 146 188 187
f 146 187 147
f 147 187 206
f 147 206 148
f 148 206 207
f 148 207 208
f 148 208 209
f 148 209 149
f 149 209 150
f 150 210 151
f 150 209 210
f 151 210 156
f 152 156 211
f 152 211 212
f 152 212 213
f 152 213 214
f 152 214 153
f 153 214 154
f 154 214 213
f 154 213 215
f 154 215 216
f 154 216 158
f 154 158 157
f 154 157 155
f 156 210 217
f 156 217 218
f 156 218 219
f 156 219 220
f 156 220 211
f 158 216 221
f 158 221 222
f 158 222 223
f 158 223 159
f 159 223 222
f 159 222 160
f 160 222 224
f 160 224 162
f 160 162 161
f 162 224 225
f 162 225 226
f 162 226 227
f 162 227 163
f 163 227 164
f 164 227 226
f 164 226 228
f 164 228 166
f 166 228 229
f 166 229 230
f 166 230 231
f 166 231 167
f 167 231 168
f 168 231 232
f 168 232 169
f 169 232 170
f 170 232 233
f 170 233 234
f 170 234 172
f 170 172 171
f 173 235 236
f 173 236 237
f 173 237 238
f 173 238 239
f 173 174 240
f 173 240 241
f 173 241 242
f 173 242 243
f 173 243 244
f 173 244 245
f 173 245 246
f 173 246 247
f 173 247 248
f 173 248 235
f 176 188 205
f 176 205 201
f 176 201 200
f 176 200 249
f 176 249 177
f 182 250 183
f 183 250 251
f 183 251 252
f 183 252 253
f 183 253 184
f 184 253 254
f 184 254 255
f 184 255 256
f 184 256 185
f 185 256 257
f 185 257 258
f 185 258 259
f 185 259 260
f 185 260 189
f 186 198 187
f 187 198 197
f 187 197 206
f 188 203 205
f 188 204 203
f 189 260 190
f 190 260 191
f 191 260 192
f 192 260 193
f 193 260 261
f 193 261 262
f 193 262 195
f 195 262 196
f 196 262 263
f 196 263 264
f 196 264 197
f 197 264 206
f 199 249 200
f 206 264 207
f 207 264 265
f 207 265 266
f 207 266 267
f 207 267 209
f 207 209 208
f 209 267 217
f 209 217 210
f 211 220 212
f 212 268 269
f 212 269 270
f 212 270 271
f 212 271 215
f 212 215 213
f 212 220 272
f 212 272 273
f 212 273 268
f 215 274 216
f 215 271 275
f 215 275 276
f 215 276 222
f 215 222 221
f 215 221 274
f 216 274 221
f 217 267 277
f 217 277 278
f 217 278 279
f 217 279 280
f 217 280 218
f 218 280 219
f 219 272 220
f 219 280 281
f 219 281 273
f 219 273 272
f 222 276 275
f 222 275 282
f 222 282 224
f 224 283 225
f 224 282 284
f 224 284 285
f 224 285 283
f 225 283 286
f 225 286 287
f 225 287 226
f 226 287 288
f 226 288 228
f 228 288 289
f 228 289 229
f 229 289 290
f 229 290 291
f 229 291 230
f 230 292 231
f 230 291 292
f 231 292 232
f 232 293 294
f 232 294 295
f 232 295 233
f 232 292 293
f 235 248 236
f 236 296 297
f 236 297 237
f 236 248 298
f 236 298 299
f 236 299 296
f 237 300 301
f 237 301 238
f 237 297 300
f 238 302 303
f 238 303 239
f 238 301 291
f 238 291 290
f 238 290 302
f 239 303 304
f 246 305 247
f 247 305 248
f 248 305 298
f 252 306 307
f 252 307 253
f 253 308 254
f 253 307 308
f 254 308 309
f 254 309 258
f 254 258 255
f 255 258 257
f 255 257 256
f 258 309 259
f 259 309 260
f 260 310 261
f 260 309 307
f 260 307 311
f 260 311 310
f 261 310 312
f 261 312 313
f 261 313 262
f 262 313 314
f 262 314 263
f 263 314 264
f 264 314 315
f 264 315 316
f 264 316 265
f 265 316 317
f 265 317 266
f 266 317 318
f 266 318 267
f 267 318 319
f 267 319 277
f 268 320 321
f 268 321 270
f 268 270 269
f 268 273 322
f 268 322 320
f 270 321 323
f 270 323 271
f 271 323 324
f 271 324 325
f 271 325 275
f 273 281 326
f 273 326 322
f 275 325 285
f 275 285 282
f 277 319 327
f 277 327 278
f 278 327 279
f 279 327 280
f 280 328 281
f 280 327 329
f 280 329 330
f 280 330 328
f 281 328 331
f 281 331 332
f 281 332 333
f 281 333 326
f 282 285 284
f 283 334 335
f 283 335 336
f 283 336 337
f 283 337 338
f 283 338 287
f 283 287 286
f 283 285 334
f 285 325 324
f 285 324 334
f 287 338 339
f 287 339 288
f 288 340 289
f 288 339 391
f 288 391 340
f 289 340 341
f 289 341 302
f 289 302 290
f 291 301 300
f 291 300 292
f 292 300 342
f 292 342 294
f 292 294 293
f 294 343 295
f 294 342 343
f 296 299 297
f 297 299 344
f 297 344 300
f 300 344 342
f 302 341 304
f 302 304 303
f 304 341 345
f 304 345 346
f 304 346 347
f 304 347 348
f 304 348 349
f 304 349 350
f 306 351 311
f 306 311 307
f 307 309 308
f 310 352 353
f 310 353 354
f 310 354 355
f 310 355 356
f 310 356 312
f 310 311 357
f 310 357 352
f 311 351 357
f 312 356 358
f 312 358 313
f 313 358 316
f 313 316 315
f 313 315 314
f 316 359 360
f 316 360 317
f 316 358 361
f 316 361 359
f 317 360 362
f 317 362 318
f 318 362 319
f 319 362 363
f 319 363 364
f 319 364 327
f 320 322 365
f 320 365 366
f 320 366 321
f 321 367 368
f 321 368 369
f 321 369 323
f 321 366 367
f 322 326 365
f 323 369 370
f 323 370 371
f 323 371 324
f 324 371 336
f 324 336 335
f 324 335 334
f 326 333 372
f 326 372 373
f 326 373 374
f 326 374 375
f 326 375 365
f 327 364 329
f 328 330 376
f 328 376 377
f 328 377 332
f 328 332 331
f 329 364 330
f 330 364 378
f 330 378 376
f 332 377 379
f 332 379 378
f 332 378 380
f 332 380 363
f 332 363 381
f 332 381 382
f 332 382 383
f 332 383 384
f 332 384 385
f 332 385 386
f 332 386 333
f 333 386 372
f 336 371 370
f 336 370 387
f 336 387 388
f 336 388 337
f 337 347 389
f 337 389 390
f 337 390 338
f 337 388 347
f 338 390 339
f 339 390 389
f 339 389 391
f 340 391 341
f 341 391 345
f 342 344 343
f 345 391 389
f 345 389 347
f 345 347 346
f 347 388 392
f 347 392 349
f 347 349 348
f 349 392 393
f 349 393 350
f 350 393 394
f 351 395 353
f 351 353 357
f 352 357 396
f 352 396 353
f 353 395 397
f 353 397 398
f 353 398 354
f 353 396 357
f 354 399 355
f 354 398 399
f 355 399 400
f 355 400 421
f 355 421 401
f 355 401 402
f 355 402 403
f 355 403 356
f 356 403 360
f 356 360 359
f 356 359 361
f 356 361 358
f 360 403 362
f 362 403 404
f 362 404 405
f 362 405 406
f 362 406 407
f 362 407 408
f 362 408 363
f 363 408 381
f 363 380 364
f 364 380 378
f 365 375 366
f 366 375 409
f 366 409 410
f 366 410 367
f 368 411 387
f 368 387 369
f 369 387 370
f 372 386 385
f 372 385 384
f 372 384 412
f 372 412 373
f 373 412 409
f 373 409 375
f 373 375 374
f 376 378 379
f 376 379 377
f 381 408 413
f 381 413 382
f 382 414 415
f 382 415 383
f 382 413 414
f 383 415 416
f 383 416 384
f 384 416 417
f 384 410 409
f 384 409 412
f 387 392 388
f 387 411 392
f 392 411 394
f 392 394 393
f 397 418 398
f 398 419 400
f 398 400 399
f 398 418 419
f 400 420 421
f 400 419 420
f 401 421 422
f 401 422 402
f 402 422 423
f 402 423 425
f 402 425 424
f 402 424 406
f 402 406 405
f 402 405 404
f 402 404 403
f 406 424 407
f 407 424 425
f 407 425 426
f 407 426 427
f 407 427 428
f 407 428 429
f 407 429 430
f 407 430 408
f 408 430 431
f 408 431 413
f 413 431 414
f 414 431 432
f 414 432 415
f 415 432 433
f 415 433 416
f 416 433 434
f 416 434 435
f 416 435 417
f 417 435 436
f 419 437 420
f 420 437 438
f 420 438 421
f 421 438 439
f 421 439 440
f 421 440 422
f 422 440 423
f 423 440 441
f 423 441 426
f 423 426 425
f 427 442 428
f 428 442 429
f 429 431 430
f 434 436 435
f 439 441 440
f 444 445 443
f 446 445 444
f 447 445 446
f 448 445 447
f 448 449 445
f 450 449 448
f 451 449 450
f 452 449 451
f 453 449 452
f 453 454 449
f 453 452 454
f 452 455 454
f 452 451 455
f 455 451 450
f 455 450 456
f 455 456 454
f 454 456 457
f 458 454 457
f 458 449 454
f 458 459 449
f 460 459 458
f 460 461 459
f 460 457 461
f 460 458 457
f 462 461 457
f 462 463 461
f 462 457 463
f 463 457 445
f 463 445 449
f 461 463 449
f 459 461 449
f 457 443 445
f 464 443 457
f 465 443 464
f 465 466 443
f 467 466 465
f 468 466 467
f 469 466 468
f 469 470 466
f 469 468 470
f 471 470 468
f 471 472 470
f 473 472 471
f 473 468 472
f 473 471 468
f 474 472 468
f 474 475 472
f 474 476 475
f 474 477 476
f 474 468 477
f 468 467 477
f 478 477 467
f 478 465 477
f 478 467 465
f 465 464 477
f 479 477 464
f 480 477 479
f 476 477 480
f 476 480 481
f 482 476 481
f 483 476 482
f 483 484 476
f 483 482 484
f 484 482 456
f 484 456 448
f 484 448 476
f 476 448 475
f 475 448 447
f 485 475 447
f 485 486 475
f 487 486 485
f 487 488 486
f 487 485 488
f 488 485 447
f 489 488 447
f 489 490 488
f 489 447 490
f 490 447 491
f 492 490 491
f 492 493 490
f 494 493 492
f 494 491 493
f 494 492 491
f 495 493 491
f 495 444 493
f 495 496 444
f 495 497 496
f 495 491 497
f 497 491 446
f 496 497 446
f 496 446 444
f 491 447 446
f 493 444 490
f 490 444 472
f 486 490 472
f 488 490 486
f 486 472 475
f 472 444 466
f 470 472 466
f 466 444 443
f 498 448 456
f 498 450 448
f 499 450 498
f 499 456 450
f 499 498 456
f 482 479 456
f 500 479 482
f 500 480 479
f 500 481 480
f 500 482 481
f 479 464 456
f 456 464 457
f 501 502 503
f 501 503 516
f 501 516 527
f 501 527 541
f 501 541 556
f 501 556 564
f 501 564 555
f 501 555 554
f 501 554 570
f 501 570 583
f 501 583 601
f 501 601 617
f 501 617 641
f 501 641 640
f 501 640 662
f 501 662 661
f 501 661 642
f 501 642 618
f 501 618 602
f 501 602 584
f 501 584 571
f 501 571 557
f 501 557 545
f 501 545 528
f 501 528 517
f 501 517 504
f 501 504 505
f 501 505 502
f 502 506 507
f 502 507 525
f 502 525 536
f 502 536 549
f 502 549 563
f 502 563 575
f 502 575 593
f 502 593 592
f 502 592 611
f 502 611 610
f 502 610 625
f 502 625 651
f 502 651 666
f 502 666 667
f 502 667 652
f 502 652 626
f 502 626 612
f 502 612 594
f 502 594 576
f 502 576 565
f 502 565 551
f 502 551 543
f 502 543 542
f 502 542 537
f 502 537 526
f 502 526 516
f 502 516 503
f 502 505 508
f 502 508 509
f 502 509 510
f 502 510 511
f 502 511 512
f 502 512 513
f 502 513 514
f 502 514 515
f 502 515 506
f 504 517 518
f 504 518 519
f 504 519 505
f 505 519 520
f 505 520 532
f 505 532 547
f 505 547 561
f 505 561 573
f 505 573 589
f 505 589 607
f 505 607 622
f 505 622 648
f 505 648 663
f 505 663 659
f 505 659 658
f 505 658 656
f 505 656 637
f 505 637 636
f 505 636 635
f 505 635 633
f 505 633 616
f 505 616 600
f 505 600 598
f 505 598 580
f 505 580 579
f 505 579 578
f 505 578 567
f 505 567 568
f 505 568 577
f 505 577 597
f 505 597 596
f 505 596 595
f 505 595 613
f 505 613 632
f 505 632 631
f 505 631 630
f 505 630 629
f 505 629 628
f 505 628 627
f 505 627 655
f 505 655 654
f 505 654 653
f 505 653 665
f 505 665 650
f 505 650 624
f 505 624 623
f 505 623 609
f 505 609 591
f 505 591 574
f 505 574 562
f 505 562 548
f 505 548 535
f 505 535 534
f 505 534 533
f 505 533 521
f 505 521 524
f 505 524 523
f 505 523 515
f 505 515 514
f 505 514 513
f 505 513 512
f 505 512 511
f 505 511 510
f 505 510 509
f 505 509 508
f 506 521 522
f 506 522 507
f 506 515 523
f 506 523 524
f 506 524 521
f 507 522 525
f 516 526 527
f 517 528 529
f 517 529 530
f 517 530 518
f 518 531 520
f 518 520 519
f 518 530 531
f 520 531 532
f 521 533 522
f 522 533 534
f 522 534 535
f 522 535 536
f 522 536 525
f 526 537 527
f 527 538 539
f 527 539 540
f 527 540 541
f 527 537 542
f 527 542 543
f 527 543 538
f 528 544 529
f 528 545 544
f 529 544 546
f 529 546 531
f 529 531 530
f 531 546 532
f 532 546 547
f 535 548 549
f 535 549 536
f 538 543 539
f 539 550 540
f 539 543 551
f 539 551 552
f 539 552 553
f 539 553 554
f 539 554 555
f 539 555 550
f 540 550 556
f 540 556 541
f 544 545 557
f 544 557 558
f 544 558 559
f 544 559 560
f 544 560 561
f 544 561 547
f 544 547 546
f 548 562 549
f 549 562 563
f 550 564 556
f 550 555 564
f 551 565 566
f 551 566 552
f 552 567 553
f 552 566 568
f 552 568 567
f 553 567 569
f 553 569 554
f 554 569 570
f 557 571 558
f 558 571 572
f 558 572 559
f 559 572 560
f 560 572 573
f 560 573 561
f 562 574 575
f 562 575 563
f 565 576 577
f 565 577 568
f 565 568 566
f 567 578 569
f 569 578 579
f 569 579 580
f 569 580 581
f 569 581 570
f 570 582 583
f 570 581 582
f 571 584 585
f 571 585 586
f 571 586 572
f 572 587 588
f 572 588 589
f 572 589 573
f 572 586 585
f 572 585 590
f 572 590 587
f 574 591 592
f 574 592 593
f 574 593 575
f 576 594 595
f 576 595 596
f 576 596 597
f 576 597 577
f 580 598 581
f 581 599 582
f 581 598 600
f 581 600 599
f 582 599 583
f 583 599 601
f 584 602 603
f 584 603 604
f 584 604 585
f 585 604 605
f 585 605 590
f 587 590 605
f 587 605 606
f 587 606 588
f 588 607 589
f 588 606 608
f 588 608 607
f 591 609 610
f 591 610 611
f 591 611 592
f 594 612 613
f 594 613 595
f 599 614 615
f 599 615 601
f 599 600 614
f 600 616 614
f 601 615 614
f 601 614 617
f 602 618 619
f 602 619 605
f 602 605 603
f 603 605 604
f 605 620 606
f 605 619 620
f 606 620 621
f 606 621 622
f 606 622 608
f 607 608 622
f 609 623 610
f 610 623 624
f 610 624 625
f 612 626 627
f 612 627 628
f 612 628 629
f 612 629 630
f 612 630 631
f 612 631 632
f 612 632 613
f 614 616 633
f 614 633 634
f 614 634 635
f 614 635 636
f 614 636 637
f 614 637 638
f 614 638 639
f 614 639 640
f 614 640 641
f 614 641 617
f 618 642 643
f 618 643 644
f 618 644 619
f 619 644 645
f 619 645 620
f 620 645 646
f 620 646 622
f 620 622 621
f 622 647 648
f 622 646 649
f 622 649 643
f 622 643 647
f 624 650 651
f 624 651 625
f 626 652 653
f 626 653 654
f 626 654 655
f 626 655 627
f 633 635 634
f 637 656 638
f 638 656 657
f 638 657 658
f 638 658 659
f 638 659 647
f 638 647 643
f 638 643 660
f 638 660 639
f 639 661 662
f 639 662 640
f 639 660 661
f 642 661 660
f 642 660 643
f 643 649 644
f 644 649 646
f 644 646 645
f 647 659 663
f 647 663 664
f 647 664 648
f 648 664 663
f 650 665 651
f 651 665 666
f 652 667 665
f 652 665 653
f 656 658 657
f 665 667 666
f 668 669 678
f 668 678 682
f 668 682 691
f 668 691 694
f 668 694 693
f 668 693 703
f 668 703 702
f 668 702 701
f 668 701 707
f 668 707 715
f 668 715 729
f 668 729 728
f 668 728 727
f 668 727 757
f 668 757 756
f 668 756 755
f 668 755 754
f 668 754 753
f 668 753 752
f 668 752 751
f 668 751 750
f 668 750 749
f 668 749 748
f 668 748 747
f 668 747 746
f 668 746 745
f 668 745 744
f 668 744 743
f 668 743 778
f 668 778 818
f 668 818 817
f 668 817 816
f 668 816 815
f 668 815 814
f 668 814 813
f 668 813 812
f 668 812 811
f 668 811 810
f 668 810 857
f 668 857 856
f 668 856 855
f 668 855 854
f 668 854 903
f 668 903 936
f 668 936 951
f 668 951 944
f 668 944 938
f 668 938 937
f 668 937 905
f 668 905 858
f 668 858 819
f 668 819 780
f 668 780 758
f 668 758 739
f 668 739 724
f 668 724 713
f 668 713 712
f 668 712 711
f 668 711 705
f 668 705 699
f 668 699 698
f 668 698 697
f 668 697 695
f 668 695 689
f 668 689 679
f 668 679 670
f 668 670 671
f 668 671 672
f 668 672 673
f 668 673 674
f 668 674 675
f 668 675 676
f 668 676 677
f 668 677 669
f 669 677 678
f 670 679 671
f 671 680 690
f 671 690 696
f 671 696 704
f 671 704 710
f 671 710 723
f 671 723 722
f 671 722 738
f 671 738 768
f 671 768 799
f 671 799 843
f 671 843 800
f 671 800 770
f 671 770 741
f 671 741 726
f 671 726 714
f 671 714 706
f 671 706 700
f 671 700 692
f 671 692 688
f 671 688 687
f 671 687 686
f 671 686 685
f 671 685 684
f 671 684 683
f 671 683 681
f 671 681 677
f 671 677 676
f 671 676 675
f 671 675 674
f 671 674 673
f 671 673 672
f 671 679 680
f 677 681 678
f 678 681 683
f 678 683 684
f 678 684 685
f 678 685 686
f 678 686 687
f 678 687 688
f 678 688 682
f 679 689 690
f 679 690 680
f 682 688 691
f 688 692 693
f 688 693 694
f 688 694 691
f 689 695 690
f 690 695 697
f 690 697 698
f 690 698 699
f 690 699 696
f 692 700 701
f 692 701 702
f 692 702 703
f 692 703 693
f 696 699 705
f 696 705 704
f 700 706 707
f 700 707 701
f 704 708 709
f 704 709 710
f 704 705 711
f 704 711 712
f 704 712 713
f 704 713 708
f 706 714 707
f 707 714 715
f 708 716 709
f 708 713 717
f 708 717 718
f 708 718 719
f 708 719 716
f 709 716 720
f 709 720 721
f 709 721 722
f 709 722 723
f 709 723 710
f 713 724 725
f 713 725 717
f 714 726 727
f 714 727 728
f 714 728 729
f 714 729 715
f 716 719 720
f 717 725 730
f 717 730 731
f 717 731 732
f 717 732 718
f 718 732 719
f 719 732 733
f 719 733 734
f 719 734 735
f 719 735 736
f 719 736 720
f 720 737 721
f 720 736 737
f 721 737 738
f 721 738 722
f 724 739 740
f 724 740 730
f 724 730 725
f 726 741 773
f 726 773 808
f 726 808 850
f 726 850 891
f 726 891 924
f 726 924 947
f 726 947 948
f 726 948 954
f 726 954 953
f 726 953 952
f 726 952 949
f 726 949 925
f 726 925 892
f 726 892 851
f 726 851 809
f 726 809 777
f 726 777 776
f 726 776 775
f 726 775 779
f 726 779 774
f 726 774 742
f 726 742 743
f 726 743 744
f 726 744 745
f 726 745 746
f 726 746 747
f 726 747 748
f 726 748 749
f 726 749 750
f 726 750 751
f 726 751 752
f 726 752 753
f 726 753 754
f 726 754 755
f 726 755 756
f 726 756 757
f 726 757 727
f 730 758 759
f 730 759 760
f 730 760 731
f 730 740 739
f 730 739 758
f 731 760 733
f 731 733 732
f 733 761 734
f 733 760 761
f 734 761 762
f 734 762 763
f 734 763 735
f 735 764 736
f 735 763 765
f 735 765 766
f 735 766 764
f 736 764 767
f 736 767 738
f 736 738 737
f 738 767 769
f 738 769 768
f 741 770 771
f 741 771 772
f 741 772 773
f 742 774 743
f 743 775 776
f 743 776 777
f 743 777 778
f 743 774 779
f 743 779 775
f 758 780 781
f 758 781 782
f 758 782 759
f 759 782 760
f 760 782 783
f 760 783 761
f 761 784 785
f 761 785 786
f 761 786 762
f 761 783 787
f 761 787 784
f 762 786 788
f 762 788 789
f 762 789 790
f 762 790 763
f 763 790 791
f 763 791 765
f 764 769 767
f 764 766 769
f 765 791 792
f 765 792 766
f 766 792 793
f 766 793 794
f 766 794 769
f 768 769 794
f 768 794 795
f 768 795 796
f 768 796 797
f 768 797 798
f 768 798 799
f 770 800 801
f 770 801 771
f 771 801 802
f 771 802 772
f 772 802 803
f 772 803 804
f 772 804 805
f 772 805 773
f 773 805 806
f 773 806 807
f 773 807 808
f 777 809 810
f 777 810 811
f 777 811 812
f 777 812 813
f 777 813 814
f 777 814 815
f 777 815 816
f 777 816 817
f 777 817 818
f 777 818 778
f 780 819 820
f 780 820 781
f 781 820 782
f 782 820 821
f 782 821 783
f 783 821 787
f 784 822 785
f 784 787 822
f 785 823 824
f 785 824 825
f 785 825 826
f 785 826 786
f 785 822 823
f 786 826 788
f 787 821 827
f 787 827 828
f 787 828 822
f 788 826 829
f 788 829 830
f 788 830 831
f 788 831 789
f 789 831 790
f 790 831 832
f 790 832 791
f 791 832 833
f 791 833 834
f 791 834 835
f 791 835 792
f 792 835 836
f 792 836 793
f 793 836 837
f 793 837 794
f 794 837 838
f 794 838 795
f 795 838 796
f 796 839 840
f 796 840 841
f 796 841 802
f 796 802 801
f 796 801 797
f 796 838 842
f 796 842 839
f 797 801 798
f 798 800 843
f 798 843 799
f 798 801 800
f 802 841 840
f 802 840 803
f 803 840 844
f 803 844 845
f 803 845 846
f 803 846 804
f 804 846 847
f 804 847 805
f 805 847 806
f 806 847 807
f 807 848 849
f 807 849 808
f 807 847 848
f 808 849 850
f 809 851 852
f 809 852 853
f 809 853 854
f 809 854 855
f 809 855 856
f 809 856 857
f 809 857 810
f 819 858 859
f 819 859 860
f 819 860 821
f 819 821 820
f 821 861 827
f 821 860 861
f 822 828 862
f 822 862 823
f 823 863 824
f 823 862 863
f 824 863 825
f 825 864 865
f 825 865 866
f 825 866 829
f 825 829 826
f 825 863 867
f 825 867 864
f 827 861 868
f 827 868 869
f 827 869 870
f 827 870 862
f 827 862 828
f 829 866 871
f 829 871 872
f 829 872 830
f 830 872 831
f 831 872 873
f 831 873 874
f 831 874 875
f 831 875 876
f 831 876 832
f 832 876 833
f 833 876 834
f 834 876 877
f 834 877 878
f 834 878 879
f 834 879 880
f 834 880 881
f 834 881 836
f 834 836 835
f 836 881 837
f 837 882 838
f 837 881 882
f 838 882 842
f 839 842 883
f 839 883 840
f 840 883 884
f 840 884 844
f 842 882 884
f 842 884 883
f 844 884 885
f 844 885 886
f 844 886 845
f 845 886 887
f 845 887 846
f 846 887 888
f 846 888 847
f 847 888 848
f 848 888 849
f 849 888 889
f 849 889 890
f 849 890 891
f 849 891 850
f 851 892 893
f 851 893 894
f 851 894 895
f 851 895 896
f 851 896 897
f 851 897 852
f 852 897 898
f 852 898 899
f 852 899 900
f 852 900 901
f 852 901 902
f 852 902 854
f 852 854 853
f 854 902 904
f 854 904 903
f 858 905 868
f 858 868 860
f 858 860 859
f 860 868 861
f 862 906 863
f 862 870 907
f 862 907 908
f 862 908 906
f 863 906 867
f 864 867 909
f 864 909 865
f 865 894 910
f 865 910 911
f 865 911 912
f 865 912 871
f 865 871 866
f 865 909 913
f 865 913 914
f 865 914 895
f 865 895 894
f 867 906 915
f 867 915 916
f 867 916 909
f 868 905 869
f 869 905 870
f 870 905 907
f 871 912 872
f 872 912 873
f 873 911 874
f 873 912 911
f 874 911 875
f 875 911 876
f 876 911 917
f 876 917 918
f 876 918 877
f 877 918 878
f 878 918 919
f 878 919 920
f 878 920 921
f 878 921 880
f 878 880 879
f 880 921 881
f 881 921 885
f 881 885 882
f 882 885 884
f 885 921 886
f 886 921 887
f 887 921 922
f 887 922 888
f 888 922 889
f 889 922 919
f 889 919 923
f 889 923 924
f 889 924 891
f 889 891 890
f 892 925 926
f 892 926 893
f 893 926 911
f 893 911 910
f 893 910 894
f 895 914 927
f 895 927 928
f 895 928 897
f 895 897 896
f 897 928 929
f 897 929 898
f 898 930 931
f 898 931 899
f 898 929 928
f 898 928 930
f 899 932 933
f 899 933 934
f 899 934 904
f 899 904 901
f 899 901 900
f 899 931 935
f 899 935 932
f 901 904 902
f 903 904 934
f 903 934 936
f 905 937 907
f 906 908 915
f 907 937 938
f 907 938 939
f 907 939 908
f 908 916 915
f 908 939 916
f 909 940 913
f 909 916 932
f 909 932 940
f 911 926 941
f 911 941 942
f 911 942 917
f 913 940 943
f 913 943 927
f 913 927 914
f 916 934 933
f 916 933 932
f 916 939 938
f 916 938 944
f 916 944 934
f 917 942 945
f 917 945 918
f 918 945 946
f 918 946 923
f 918 923 919
f 919 922 920
f 920 922 921
f 923 947 924
f 923 946 948
f 923 948 947
f 925 949 950
f 925 950 926
f 926 950 941
f 927 943 930
f 927 930 928
f 930 943 935
f 930 935 931
f 932 935 940
f 934 944 951
f 934 951 936
f 935 943 940
f 941 950 942
f 942 950 952
f 942 952 945
f 945 952 946
f 946 952 953
f 946 953 954
f 946 954 948
f 949 952 950
f 956 957 955
f 958 957 956
f 959 957 958
f 960 957 959
f 960 961 957
f 962 961 960
f 962 963 961
f 962 964 963
f 962 965 964
f 962 959 965
f 962 960 959
f 965 959 966
f 965 966 967
f 964 965 967
f 964 967 963
f 967 968 963
f 969 968 967
f 970 968 969
f 970 971 968
f 970 969 971
f 971 969 972
f 971 972 973
f 971 973 968
f 973 974 968
f 975 974 973
f 975 976 974
f 975 977 976
f 978 977 975
f 978 979 977
f 978 980 979
f 981 980 978
f 981 982 980
f 981 983 982
f 981 984 983
f 981 978 984
f 984 978 985
f 984 985 986
f 984 986 983
f 983 986 987
f 983 987 982
f 988 982 987
f 988 989 982
f 990 989 988
f 991 989 990
f 991 992 989
f 991 993 992
f 991 994 993
f 991 995 994
f 991 990 995
f 990 996 995
f 990 988 996
f 997 996 988
f 997 998 996
f 997 988 998
f 988 987 998
f 987 955 998
f 999 955 987
f 999 985 955
f 986 985 999
f 986 999 987
f 985 1000 955
f 975 1000 985
f 975 1001 1000
f 975 1002 1001
f 975 973 1002
f 1003 1002 973
f 1003 1001 1002
f 1003 1004 1001
f 1003 973 1004
f 973 972 1004
f 1005 1004 972
f 1005 966 1004
f 1005 967 966
f 1005 972 967
f 969 967 972
f 1004 966 1006
f 1004 1006 1007
f 1004 1007 956
f 1008 1004 956
f 1008 1001 1004
f 1008 1009 1001
f 1008 956 1009
f 1009 956 955
f 1009 955 1000
f 1009 1000 1001
f 1010 956 1007
f 1010 958 956
f 1010 1006 958
f 1010 1007 1006
f 966 958 1006
f 966 959 958
f 978 975 985
f 955 1011 998
f 957 1011 955
f 961 1011 957
f 1012 1011 961
f 1013 1011 1012
f 1014 1011 1013
f 1014 1015 1011
f 1014 1013 1015
f 1016 1015 1013
f 1016 1017 1015
f 1018 1017 1016
f 1018 1019 1017
f 1018 1020 1019
f 1018 1016 1020
f 1016 1012 1020
f 1021 1012 1016
f 1021 1022 1012
f 1021 1016 1022
f 1016 1013 1022
f 1022 1013 1012
f 1020 1012 961
f 1019 1020 961
f 1019 961 1017
f 1023 1017 961
f 1023 1024 1017
f 1023 961 1024
f 1024 961 963
f 1024 963 1017
f 1017 963 1015
f 1015 963 1025
f 1026 1015 1025
f 1027 1015 1026
f 1027 1011 1015
f 1027 1026 1011
f 1028 1011 1026
f 1028 1029 1011
f 1028 1026 1029
f 1029 1026 1025
f 1029 1025 1011
f 1025 1030 1011
f 1025 963 1030
f 963 1031 1030
f 968 1031 963
f 974 1031 968
f 1032 1031 974
f 1033 1031 1032
f 1033 1034 1031
f 980 1034 1033
f 980 1035 1034
f 980 1036 1035
f 980 992 1036
f 980 989 992
f 980 982 989
f 1036 992 993
f 1036 993 1037
f 1036 1037 1035
f 1035 1037 1031
f 1035 1031 1034
f 1037 1030 1031
f 1037 993 1030
f 993 994 1030
f 994 998 1030
f 995 998 994
f 996 998 995
f 1030 998 1011
f 980 1033 979
f 979 1033 1032
f 979 1032 976
f 979 976 977
f 976 1032 974
f 1039 1040 1038
f 1039 1041 1040
f 1042 1041 1039
f 1042 1043 1041
f 1042 1044 1043
f 1042 1039 1044
f 1045 1044 1039
f 1046 1044 1045
f 1046 1047 1044
f 1046 1048 1047
f 1046 1049 1048
f 1046 1045 1049
f 1045 1039 1049
f 1039 1050 1049
f 1039 1038 1050
f 1051 1050 1038
f 1052 1050 1051
f 1052 1053 1050
f 1052 1054 1053
f 1055 1054 1052
f 1055 1056 1054
f 1055 1052 1056
f 1052 1040 1056
f 1057 1040 1052
f 1058 1040 1057
f 1058 1038 1040
f 1058 1057 1038
f 1057 1052 1038
f 1052 1051 1038
f 1056 1040 1059
f 1060 1056 1059
f 1061 1056 1060
f 1061 1054 1056
f 1062 1054 1061
f 1062 1063 1054
f 1062 1060 1063
f 1062 1061 1060
f 1064 1063 1060
f 1065 1063 1064
f 1065 1059 1063
f 1065 1066 1059
f 1065 1064 1066
f 1066 1064 1059
f 1064 1060 1059
f 1063 1059 1054
f 1059 1067 1054
f 1059 1040 1067
f 1067 1040 1068
f 1069 1067 1068
f 1069 1070 1067
f 1069 1068 1070
f 1071 1070 1068
f 1072 1070 1071
f 1072 1054 1070
f 1073 1054 1072
f 1048 1054 1073
f 1048 1074 1054
f 1075 1074 1048
f 1075 1049 1074
f 1075 1048 1049
f 1074 1049 1054
f 1050 1054 1049
f 1050 1053 1054
f 1048 1073 1076
f 1047 1048 1076
f 1077 1047 1076
f 1044 1047 1077
f 1044 1077 1078
f 1044 1078 1043
f 1079 1043 1078
f 1079 1080 1043
f 1081 1080 1079
f 1081 1082 1080
f 1081 1083 1082
f 1084 1083 1081
f 1084 1085 1083
f 1084 1076 1085
f 1084 1086 1076
f 1084 1081 1086
f 1086 1081 1079
f 1086 1079 1078
f 1086 1078 1076
f 1077 1076 1078
f 1087 1085 1076
f 1088 1085 1087
f 1088 1089 1085
f 1088 1090 1089
f 1091 1090 1088
f 1091 1092 1090
f 1091 1093 1092
f 1094 1093 1091
f 1094 1095 1093
f 1094 1091 1095
f 1091 1088 1095
f 1095 1088 1096
f 1095 1096 1093
f 1096 1076 1093
f 1087 1076 1096
f 1088 1087 1096
f 1093 1076 1097
f 1098 1093 1097
f 1098 1099 1093
f 1098 1097 1099
f 1092 1099 1097
f 1092 1093 1099
f 1092 1097 1100
f 1092 1100 1090
f 1100 1101 1090
f 1100 1102 1101
f 1103 1102 1100
f 1104 1102 1103
f 1104 1097 1102
f 1104 1105 1097
f 1104 1103 1105
f 1103 1097 1105
f 1103 1100 1097
f 1106 1102 1097
f 1106 1107 1102
f 1106 1097 1107
f 1107 1097 1108
f 1109 1107 1108
f 1109 1068 1107
f 1110 1068 1109
f 1110 1108 1068
f 1110 1109 1108
f 1111 1068 1108
f 1111 1071 1068
f 1111 1108 1071
f 1071 1108 1076
f 1072 1071 1076
f 1073 1072 1076
f 1097 1076 1108
f 1107 1068 1102
f 1102 1068 1040
f 1112 1102 1040
f 1101 1102 1112
f 1113 1101 1112
f 1113 1090 1101
f 1113 1112 1090
f 1114 1090 1112
f 1114 1115 1090
f 1114 1116 1115
f 1114 1117 1116
f 1114 1112 1117
f 1117 1112 1040
f 1118 1117 1040
f 1119 1117 1118
f 1119 1116 1117
f 1119 1118 1116
f 1118 1080 1116
f 1118 1120 1080
f 1118 1043 1120
f 1118 1041 1043
f 1118 1040 1041
f 1120 1043 1080
f 1121 1116 1080
f 1121 1122 1116
f 1121 1082 1122
f 1121 1080 1082
f 1123 1122 1082
f 1123 1115 1122
f 1123 1090 1115
f 1089 1090 1123
f 1089 1123 1082
f 1083 1089 1082
f 1083 1085 1089
f 1122 1115 1116
f 1054 1067 1070
f 1124 1125 1128
f 1124 1128 1136
f 1124 1136 1138
f 1124 1138 1155
f 1124 1155 1154
f 1124 1154 1179
f 1124 1179 1200
f 1124 1200 1219
f 1124 1219 1218
f 1124 1218 1244
f 1124 1244 1243
f 1124 1243 1242
f 1124 1242 1241
f 1124 1241 1223
f 1124 1223 1205
f 1124 1205 1204
f 1124 1204 1184
f 1124 1184 1161
f 1124 1161 1143
f 1124 1143 1130
f 1124 1130 1126
f 1124 1126 1131
f 1124 1131 1142
f 1124 1142 1141
f 1124 1141 1146
f 1124 1146 1145
f 1124 1145 1164
f 1124 1164 1188
f 1124 1188 1191
f 1124 1191 1214
f 1124 1214 1213
f 1124 1213 1212
f 1124 1212 1231
f 1124 1231 1247
f 1124 1247 1246
f 1124 1246 1254
f 1124 1254 1263
f 1124 1263 1262
f 1124 1262 1261
f 1124 1261 1260
f 1124 1260 1259
f 1124 1259 1258
f 1124 1258 1255
f 1124 1255 1248
f 1124 1248 1237
f 1124 1237 1236
f 1124 1236 1235
f 1124 1235 1234
f 1124 1234 1233
f 1124 1233 1232
f 1124 1232 1239
f 1124 1239 1216
f 1124 1216 1197
f 1124 1197 1196
f 1124 1196 1195
f 1124 1195 1194
f 1124 1194 1193
f 1124 1193 1174
f 1124 1174 1173
f 1124 1173 1172
f 1124 1172 1171
f 1124 1171 1150
f 1124 1150 1149
f 1124 1149 1147
f 1124 1147 1132
f 1124 1132 1127
f 1124 1127 1125
f 1125 1127 1129
f 1125 1129 1128
f 1126 1130 1131
f 1127 1132 1133
f 1127 1133 1134
f 1127 1134 1135
f 1127 1135 1129
f 1128 1129 1136
f 1129 1137 1138
f 1129 1138 1136
f 1129 1135 1139
f 1129 1139 1140
f 1129 1140 1137
f 1130 1141 1142
f 1130 1142 1131
f 1130 1143 1162
f 1130 1162 1183
f 1130 1183 1187
f 1130 1187 1208
f 1130 1208 1227
f 1130 1227 1229
f 1130 1229 1210
f 1130 1210 1189
f 1130 1189 1169
f 1130 1169 1168
f 1130 1168 1167
f 1130 1167 1166
f 1130 1166 1165
f 1130 1165 1163
f 1130 1163 1144
f 1130 1144 1145
f 1130 1145 1146
f 1130 1146 1141
f 1132 1147 1133
f 1133 1148 1170
f 1133 1170 1192
f 1133 1192 1215
f 1133 1215 1238
f 1133 1238 1252
f 1133 1252 1251
f 1133 1251 1250
f 1133 1250 1249
f 1133 1249 1256
f 1133 1256 1269
f 1133 1269 1268
f 1133 1268 1267
f 1133 1267 1266
f 1133 1266 1265
f 1133 1265 1264
f 1133 1264 1257
f 1133 1257 1253
f 1133 1253 1245
f 1133 1245 1230
f 1133 1230 1211
f 1133 1211 1190
f 1133 1190 1169
f 1133 1169 1189
f 1133 1189 1209
f 1133 1209 1220
f 1133 1220 1201
f 1133 1201 1181
f 1133 1181 1180
f 1133 1180 1158
f 1133 1158 1175
f 1133 1175 1151
f 1133 1151 1134
f 1133 1147 1149
f 1133 1149 1150
f 1133 1150 1148
f 1134 1151 1135
f 1135 1151 1152
f 1135 1152 1139
f 1137 1153 1154
f 1137 1154 1155
f 1137 1155 1138
f 1137 1140 1156
f 1137 1156 1153
f 1139 1152 1140
f 1140 1152 1157
f 1140 1157 1158
f 1140 1158 1159
f 1140 1159 1160
f 1140 1160 1156
f 1143 1161 1162
f 1144 1163 1145
f 1145 1163 1165
f 1145 1165 1166
f 1145 1166 1167
f 1145 1167 1168
f 1145 1168 1169
f 1145 1169 1164
f 1148 1150 1171
f 1148 1171 1172
f 1148 1172 1173
f 1148 1173 1174
f 1148 1174 1170
f 1151 1175 1152
f 1152 1175 1157
f 1153 1176 1177
f 1153 1177 1154
f 1153 1156 1176
f 1154 1177 1176
f 1154 1176 1178
f 1154 1178 1179
f 1156 1160 1176
f 1157 1175 1158
f 1158 1180 1159
f 1159 1180 1181
f 1159 1181 1182
f 1159 1182 1160
f 1160 1182 1176
f 1161 1183 1162
f 1161 1184 1185
f 1161 1185 1186
f 1161 1186 1187
f 1161 1187 1183
f 1164 1169 1188
f 1169 1190 1191
f 1169 1191 1188
f 1170 1174 1193
f 1170 1193 1194
f 1170 1194 1195
f 1170 1195 1196
f 1170 1196 1197
f 1170 1197 1192
f 1176 1198 1199
f 1176 1199 1178
f 1176 1182 1198
f 1178 1199 1179
f 1179 1199 1200
f 1181 1201 1202
f 1181 1202 1203
f 1181 1203 1182
f 1182 1203 1198
f 1184 1204 1185
f 1185 1204 1205
f 1185 1205 1206
f 1185 1206 1186
f 1186 1206 1207
f 1186 1207 1208
f 1186 1208 1187
f 1189 1210 1209
f 1190 1211 1212
f 1190 1212 1213
f 1190 1213 1214
f 1190 1214 1191
f 1192 1197 1216
f 1192 1216 1215
f 1198 1217 1199
f 1198 1203 1217
f 1199 1217 1218
f 1199 1218 1219
f 1199 1219 1200
f 1201 1220 1202
f 1202 1220 1221
f 1202 1221 1203
f 1203 1221 1222
f 1203 1222 1217
f 1205 1223 1224
f 1205 1224 1206
f 1206 1225 1207
f 1206 1224 1226
f 1206 1226 1209
f 1206 1209 1225
f 1207 1225 1227
f 1207 1227 1208
f 1209 1226 1220
f 1209 1210 1228
f 1209 1228 1229
f 1209 1229 1227
f 1209 1227 1225
f 1210 1229 1228
f 1211 1230 1212
f 1212 1230 1231
f 1215 1232 1233
f 1215 1233 1234
f 1215 1234 1235
f 1215 1235 1236
f 1215 1236 1237
f 1215 1237 1238
f 1215 1216 1239
f 1215 1239 1232
f 1217 1222 1240
f 1217 1240 1241
f 1217 1241 1242
f 1217 1242 1243
f 1217 1243 1244
f 1217 1244 1218
f 1220 1226 1221
f 1221 1226 1222
f 1222 1226 1223
f 1222 1223 1240
f 1223 1241 1240
f 1223 1226 1224
f 1230 1245 1246
f 1230 1246 1247
f 1230 1247 1231
f 1237 1248 1249
f 1237 1249 1250
f 1237 1250 1251
f 1237 1251 1252
f 1237 1252 1238
f 1245 1253 1254
f 1245 1254 1246
f 1248 1255 1249
f 1249 1255 1256
f 1253 1257 1258
f 1253 1258 1259
f 1253 1259 1260
f 1253 1260 1261
f 1253 1261 1262
f 1253 1262 1263
f 1253 1263 1254
f 1255 1258 1257
f 1255 1257 1264
f 1255 1264 1265
f 1255 1265 1266
f 1255 1266 1267
f 1255 1267 1268
f 1255 1268 1269
f 1255 1269 1256
f 1270 1271 1272
f 1270 1272 1277
f 1270 1277 1283
f 1270 1283 1298
f 1270 1298 1316
f 1270 1316 1327
f 1270 1327 1326
f 1270 1326 1356
f 1270 1356 1355
f 1270 1355 1382
f 1270 1382 1381
f 1270 1381 1380
f 1270 1380 1393
f 1270 1393 1392
f 1270 1392 1395
f 1270 1395 1398
f 1270 1398 1397
f 1270 1397 1396
f 1270 1396 1385
f 1270 1385 1362
f 1270 1362 1361
f 1270 1361 1360
f 1270 1360 1359
f 1270 1359 1357
f 1270 1357 1328
f 1270 1328 1307
f 1270 1307 1290
f 1270 1290 1278
f 1270 1278 1273
f 1270 1273 1280
f 1270 1280 1295
f 1270 1295 1314
f 1270 1314 1337
f 1270 1337 1366
f 1270 1366 1389
f 1270 1389 1391
f 1270 1391 1390
f 1270 1390 1371
f 1270 1371 1343
f 1270 1343 1342
f 1270 1342 1341
f 1270 1341 1317
f 1270 1317 1300
f 1270 1300 1299
f 1270 1299 1296
f 1270 1296 1281
f 1270 1281 1274
f 1270 1274 1271
f 1271 1274 1275
f 1271 1275 1276
f 1271 1276 1272
f 1272 1276 1275
f 1272 1275 1277
f 1273 1278 1279
f 1273 1279 1280
f 1274 1281 1282
f 1274 1282 1275
f 1275 1283 1277
f 1275 1282 1284
f 1275 1284 1285
f 1275 1285 1286
f 1275 1286 1287
f 1275 1287 1288
f 1275 1288 1289
f 1275 1289 1283
f 1278 1290 1291
f 1278 1291 1279
f 1279 1292 1280
f 1279 1291 1293
f 1279 1293 1294
f 1279 1294 1292
f 1280 1292 1295
f 1281 1296 1284
f 1281 1284 1282
f 1283 1289 1288
f 1283 1288 1297
f 1283 1297 1298
f 1284 1296 1299
f 1284 1299 1300
f 1284 1300 1301
f 1284 1301 1302
f 1284 1302 1285
f 1285 1302 1286
f 1286 1302 1303
f 1286 1303 1304
f 1286 1304 1287
f 1287 1304 1305
f 1287 1305 1297
f 1287 1297 1288
f 1290 1306 1291
f 1290 1307 1308
f 1290 1308 1309
f 1290 1309 1310
f 1290 1310 1306
f 1291 1306 1310
f 1291 1310 1311
f 1291 1311 1294
f 1291 1294 1293
f 1292 1294 1312
f 1292 1312 1313
f 1292 1313 1314
f 1292 1314 1295
f 1294 1311 1315
f 1294 1315 1312
f 1297 1305 1298
f 1298 1305 1316
f 1300 1317 1301
f 1301 1317 1318
f 1301 1318 1302
f 1302 1318 1319
f 1302 1319 1320
f 1302 1320 1321
f 1302 1321 1322
f 1302 1322 1303
f 1303 1322 1323
f 1303 1323 1304
f 1304 1323 1324
f 1304 1324 1305
f 1305 1324 1325
f 1305 1325 1326
f 1305 1326 1327
f 1305 1327 1316
f 1307 1328 1329
f 1307 1329 1308
f 1308 1329 1330
f 1308 1330 1331
f 1308 1331 1309
f 1309 1331 1332
f 1309 1332 1333
f 1309 1333 1315
f 1309 1315 1310
f 1310 1315 1311
f 1312 1315 1334
f 1312 1334 1335
f 1312 1335 1336
f 1312 1336 1313
f 1313 1336 1337
f 1313 1337 1314
f 1315 1338 1334
f 1315 1333 1339
f 1315 1339 1340
f 1315 1340 1338
f 1317 1341 1318
f 1318 1341 1319
f 1319 1341 1342
f 1319 1342 1343
f 1319 1343 1344
f 1319 1344 1320
f 1320 1345 1346
f 1320 1346 1347
f 1320 1347 1321
f 1320 1344 1348
f 1320 1348 1349
f 1320 1349 1345
f 1321 1347 1350
f 1321 1350 1322
f 1322 1350 1323
f 1323 1350 1324
f 1324 1350 1351
f 1324 1351 1352
f 1324 1352 1353
f 1324 1353 1354
f 1324 1354 1325
f 1325 1354 1355
f 1325 1355 1356
f 1325 1356 1326
f 1328 1357 1329
f 1329 1357 1332
f 1329 1332 1330
f 1330 1332 1331
f 1332 1358 1333
f 1332 1357 1359
f 1332 1359 1360
f 1332 1360 1361
f 1332 1361 1362
f 1332 1362 1363
f 1332 1363 1358
f 1333 1364 1339
f 1333 1358 1364
f 1334 1338 1335
f 1335 1365 1337
f 1335 1337 1336
f 1335 1338 1365
f 1337 1365 1366
f 1338 1367 1365
f 1338 1340 1368
f 1338 1368 1369
f 1338 1369 1367
f 1339 1364 1370
f 1339 1370 1349
f 1339 1349 1340
f 1340 1349 1368
f 1343 1371 1372
f 1343 1372 1344
f 1344 1372 1348
f 1345 1347 1346
f 1345 1349 1347
f 1347 1373 1350
f 1347 1349 1374
f 1347 1374 1370
f 1347 1370 1375
f 1347 1375 1373
f 1348 1372 1369
f 1348 1369 1368
f 1348 1368 1349
f 1349 1370 1374
f 1350 1373 1376
f 1350 1376 1377
f 1350 1377 1351
f 1351 1377 1352
f 1352 1378 1353
f 1352 1377 1376
f 1352 1376 1379
f 1352 1379 1378
f 1353 1378 1380
f 1353 1380 1381
f 1353 1381 1382
f 1353 1382 1355
f 1353 1355 1354
f 1358 1363 1383
f 1358 1383 1384
f 1358 1384 1364
f 1362 1385 1363
f 1363 1385 1386
f 1363 1386 1383
f 1364 1384 1387
f 1364 1387 1388
f 1364 1388 1375
f 1364 1375 1370
f 1365 1367 1389
f 1365 1389 1366
f 1367 1369 1389
f 1369 1372 1371
f 1369 1371 1390
f 1369 1390 1391
f 1369 1391 1389
f 1373 1375 1388
f 1373 1388 1376
f 1376 1388 1379
f 1378 1392 1393
f 1378 1393 1380
f 1378 1379 1392
f 1379 1388 1394
f 1379 1394 1395
f 1379 1395 1392
f 1383 1386 1394
f 1383 1394 1384
f 1384 1394 1387
f 1385 1396 1386
f 1386 1396 1394
f 1387 1394 1388
f 1394 1396 1397
f 1394 1397 1398
f 1394 1398 1395
f 1399 1400 1405
f 1399 1405 1414
f 1399 1414 1421
f 1399 1421 1434
f 1399 1434 1447
f 1399 1447 1463
f 1399 1463 1470
f 1399 1470 1453
f 1399 1453 1471
f 1399 1471 1491
f 1399 1491 1490
f 1399 1490 1489
f 1399 1489 1507
f 1399 1507 1529
f 1399 1529 1508
f 1399 1508 1492
f 1399 1492 1472
f 1399 1472 1456
f 1399 1456 1440
f 1399 1440 1425
f 1399 1425 1415
f 1399 1415 1406
f 1399 1406 1401
f 1399 1401 1407
f 1399 1407 1417
f 1399 1417 1428
f 1399 1428 1442
f 1399 1442 1459
f 1399 1459 1476
f 1399 1476 1500
f 1399 1500 1519
f 1399 1519 1536
f 1399 1536 1550
f 1399 1550 1564
f 1399 1564 1575
f 1399 1575 1585
f 1399 1585 1584
f 1399 1584 1588
f 1399 1588 1587
f 1399 1587 1577
f 1399 1577 1566
f 1399 1566 1553
f 1399 1553 1552
f 1399 1552 1539
f 1399 1539 1538
f 1399 1538 1521
f 1399 1521 1502
f 1399 1502 1480
f 1399 1480 1479
f 1399 1479 1462
f 1399 1462 1445
f 1399 1445 1433
f 1399 1433 1432
f 1399 1432 1431
f 1399 1431 1429
f 1399 1429 1418
f 1399 1418 1409
f 1399 1409 1408
f 1399 1408 1402
f 1399 1402 1403
f 1399 1403 1404
f 1399 1404 1400
f 1400 1404 1405
f 1401 1406 1407
f 1402 1408 1403
f 1403 1409 1410
f 1403 1410 1419
f 1403 1419 1430
f 1403 1430 1444
f 1403 1444 1461
f 1403 1461 1478
f 1403 1478 1501
f 1403 1501 1520
f 1403 1520 1537
f 1403 1537 1551
f 1403 1551 1565
f 1403 1565 1576
f 1403 1576 1586
f 1403 1586 1590
f 1403 1590 1589
f 1403 1589 1583
f 1403 1583 1574
f 1403 1574 1563
f 1403 1563 1562
f 1403 1562 1573
f 1403 1573 1578
f 1403 1578 1567
f 1403 1567 1554
f 1403 1554 1540
f 1403 1540 1523
f 1403 1523 1522
f 1403 1522 1505
f 1403 1505 1504
f 1403 1504 1503
f 1403 1503 1486
f 1403 1486 1485
f 1403 1485 1484
f 1403 1484 1483
f 1403 1483 1482
f 1403 1482 1481
f 1403 1481 1469
f 1403 1469 1464
f 1403 1464 1448
f 1403 1448 1436
f 1403 1436 1423
f 1403 1423 1422
f 1403 1422 1420
f 1403 1420 1412
f 1403 1412 1411
f 1403 1411 1404
f 1403 1408 1409
f 1404 1411 1412
f 1404 1412 1413
f 1404 1413 1405
f 1405 1413 1414
f 1406 1415 1426
f 1406 1426 1441
f 1406 1441 1458
f 1406 1458 1475
f 1406 1475 1497
f 1406 1497 1496
f 1406 1496 1495
f 1406 1495 1494
f 1406 1494 1513
f 1406 1513 1534
f 1406 1534 1548
f 1406 1548 1561
f 1406 1561 1572
f 1406 1572 1558
f 1406 1558 1571
f 1406 1571 1569
f 1406 1569 1582
f 1406 1582 1573
f 1406 1573 1562
f 1406 1562 1549
f 1406 1549 1535
f 1406 1535 1518
f 1406 1518 1517
f 1406 1517 1516
f 1406 1516 1515
f 1406 1515 1514
f 1406 1514 1499
f 1406 1499 1498
f 1406 1498 1477
f 1406 1477 1460
f 1406 1460 1443
f 1406 1443 1427
f 1406 1427 1416
f 1406 1416 1417
f 1406 1417 1407
f 1409 1418 1419
f 1409 1419 1410
f 1412 1420 1413
f 1413 1421 1414
f 1413 1420 1422
f 1413 1422 1423
f 1413 1423 1424
f 1413 1424 1421
f 1415 1425 1426
f 1416 1427 1428
f 1416 1428 1417
f 1418 1429 1419
f 1419 1429 1431
f 1419 1431 1432
f 1419 1432 1433
f 1419 1433 1430
f 1421 1424 1435
f 1421 1435 1434
f 1423 1436 1437
f 1423 1437 1424
f 1424 1437 1438
f 1424 1438 1439
f 1424 1439 1435
f 1425 1440 1441
f 1425 1441 1426
f 1427 1442 1428
f 1427 1443 1442
f 1430 1433 1444
f 1433 1445 1444
f 1434 1435 1446
f 1434 1446 1447
f 1435 1439 1446
f 1436 1448 1437
f 1437 1449 1450
f 1437 1450 1438
f 1437 1448 1451
f 1437 1451 1449
f 1438 1450 1439
f 1439 1452 1453
f 1439 1453 1454
f 1439 1454 1446
f 1439 1450 1455
f 1439 1455 1452
f 1440 1456 1441
f 1441 1456 1457
f 1441 1457 1458
f 1442 1443 1460
f 1442 1460 1459
f 1444 1445 1462
f 1444 1462 1461
f 1446 1454 1463
f 1446 1463 1447
f 1448 1464 1451
f 1449 1451 1465
f 1449 1465 1466
f 1449 1466 1467
f 1449 1467 1468
f 1449 1468 1450
f 1450 1468 1455
f 1451 1464 1469
f 1451 1469 1465
f 1452 1455 1468
f 1452 1468 1453
f 1453 1470 1454
f 1453 1468 1471
f 1454 1470 1463
f 1456 1472 1473
f 1456 1473 1457
f 1457 1473 1474
f 1457 1474 1475
f 1457 1475 1458
f 1459 1460 1476
f 1460 1477 1476
f 1461 1462 1479
f 1461 1479 1480
f 1461 1480 1478
f 1465 1469 1481
f 1465 1481 1482
f 1465 1482 1483
f 1465 1483 1484
f 1465 1484 1466
f 1466 1484 1485
f 1466 1485 1486
f 1466 1486 1487
f 1466 1487 1467
f 1467 1487 1488
f 1467 1488 1489
f 1467 1489 1490
f 1467 1490 1491
f 1467 1491 1468
f 1468 1491 1471
f 1472 1492 1493
f 1472 1493 1473
f 1473 1493 1494
f 1473 1494 1495
f 1473 1495 1496
f 1473 1496 1474
f 1474 1496 1497
f 1474 1497 1475
f 1476 1477 1498
f 1476 1498 1499
f 1476 1499 1500
f 1478 1480 1502
f 1478 1502 1501
f 1486 1503 1487
f 1487 1503 1504
f 1487 1504 1488
f 1488 1504 1505
f 1488 1505 1506
f 1488 1506 1489
f 1489 1506 1507
f 1492 1508 1493
f 1493 1508 1509
f 1493 1509 1510
f 1493 1510 1511
f 1493 1511 1494
f 1494 1511 1512
f 1494 1512 1513
f 1499 1514 1500
f 1500 1514 1515
f 1500 1515 1516
f 1500 1516 1517
f 1500 1517 1518
f 1500 1518 1519
f 1501 1502 1521
f 1501 1521 1520
f 1505 1522 1506
f 1506 1522 1523
f 1506 1523 1524
f 1506 1524 1525
f 1506 1525 1507
f 1507 1526 1527
f 1507 1527 1528
f 1507 1528 1529
f 1507 1525 1526
f 1508 1529 1530
f 1508 1530 1509
f 1509 1530 1531
f 1509 1531 1532
f 1509 1532 1511
f 1509 1511 1510
f 1511 1532 1512
f 1512 1532 1533
f 1512 1533 1534
f 1512 1534 1513
f 1518 1535 1519
f 1519 1535 1536
f 1520 1521 1538
f 1520 1538 1539
f 1520 1539 1537
f 1523 1540 1541
f 1523 1541 1524
f 1524 1541 1542
f 1524 1542 1543
f 1524 1543 1544
f 1524 1544 1526
f 1524 1526 1525
f 1526 1545 1546
f 1526 1546 1527
f 1526 1544 1545
f 1527 1546 1530
f 1527 1530 1528
f 1528 1530 1529
f 1530 1546 1547
f 1530 1547 1548
f 1530 1548 1533
f 1530 1533 1531
f 1531 1533 1532
f 1533 1548 1534
f 1535 1549 1550
f 1535 1550 1536
f 1537 1539 1552
f 1537 1552 1553
f 1537 1553 1551
f 1540 1554 1555
f 1540 1555 1541
f 1541 1555 1570
f 1541 1570 1556
f 1541 1556 1557
f 1541 1557 1542
f 1542 1557 1558
f 1542 1558 1559
f 1542 1559 1543
f 1543 1559 1560
f 1543 1560 1544
f 1544 1560 1545
f 1545 1561 1546
f 1545 1560 1559
f 1545 1559 1561
f 1546 1561 1547
f 1547 1561 1548
f 1549 1562 1563
f 1549 1563 1550
f 1550 1563 1564
f 1551 1553 1565
f 1553 1566 1565
f 1554 1567 1580
f 1554 1580 1568
f 1554 1568 1569
f 1554 1569 1555
f 1555 1569 1570
f 1556 1570 1571
f 1556 1571 1557
f 1557 1571 1558
f 1558 1572 1559
f 1559 1572 1561
f 1563 1574 1575
f 1563 1575 1564
f 1565 1566 1577
f 1565 1577 1576
f 1567 1578 1579
f 1567 1579 1580
f 1568 1580 1569
f 1569 1571 1570
f 1569 1580 1579
f 1569 1579 1581
f 1569 1581 1582
f 1573 1582 1581
f 1573 1581 1579
f 1573 1579 1578
f 1574 1583 1584
f 1574 1584 1585
f 1574 1585 1575
f 1576 1577 1587
f 1576 1587 1588
f 1576 1588 1586
f 1583 1589 1584
f 1584 1589 1588
f 1586 1588 1590
f 1588 1589 1590
f 1591 1592 1593
f 1591 1593 1594
f 1591 1594 1595
f 1591 1595 1596
f 1591 1596 1597
f 1591 1597 1598
f 1591 1598 1599
f 1591 1599 1604
f 1591 1604 1612
f 1591 1612 1621
f 1591 1621 1636
f 1591 1636 1635
f 1591 1635 1645
f 1591 1645 1648
f 1591 1648 1647
f 1591 1647 1657
f 1591 1657 1649
f 1591 1649 1637
f 1591 1637 1627
f 1591 1627 1613
f 1591 1613 1606
f 1591 1606 1600
f 1591 1600 1605
f 1591 1605 1601
f 1591 1601 1592
f 1592 1601 1607
f 1592 1607 1614
f 1592 1614 1626
f 1592 1626 1625
f 1592 1625 1624
f 1592 1624 1623
f 1592 1623 1622
f 1592 1622 1628
f 1592 1628 1639
f 1592 1639 1651
f 1592 1651 1658
f 1592 1658 1654
f 1592 1654 1653
f 1592 1653 1652
f 1592 1652 1640
f 1592 1640 1629
f 1592 1629 1615
f 1592 1615 1609
f 1592 1609 1602
f 1592 1602 1596
f 1592 1596 1595
f 1592 1595 1594
f 1592 1594 1593
f 1596 1602 1597
f 1597 1602 1598
f 1598 1603 1599
f 1598 1602 1603
f 1599 1603 1604
f 1600 1606 1607
f 1600 1607 1605
f 1601 1605 1607
f 1602 1608 1604
f 1602 1604 1603
f 1602 1609 1608
f 1604 1608 1610
f 1604 1610 1611
f 1604 1611 1612
f 1606 1613 1614
f 1606 1614 1607
f 1608 1609 1610
f 1609 1615 1616
f 1609 1616 1611
f 1609 1611 1610
f 1611 1616 1612
f 1612 1616 1617
f 1612 1617 1618
f 1612 1618 1619
f 1612 1619 1620
f 1612 1620 1621
f 1613 1622 1623
f 1613 1623 1624
f 1613 1624 1625
f 1613 1625 1626
f 1613 1626 1614
f 1613 1627 1628
f 1613 1628 1622
f 1615 1629 1630
f 1615 1630 1616
f 1616 1630 1631
f 1616 1631 1617
f 1617 1631 1618
f 1618 1631 1632
f 1618 1632 1633
f 1618 1633 1619
f 1619 1633 1634
f 1619 1634 1635
f 1619 1635 1636
f 1619 1636 1621
f 1619 1621 1620
f 1627 1637 1638
f 1627 1638 1639
f 1627 1639 1628
f 1629 1640 1641
f 1629 1641 1632
f 1629 1632 1630
f 1630 1632 1631
f 1632 1641 1642
f 1632 1642 1643
f 1632 1643 1644
f 1632 1644 1633
f 1633 1645 1634
f 1633 1644 1646
f 1633 1646 1647
f 1633 1647 1648
f 1633 1648 1645
f 1634 1645 1635
f 1637 1649 1650
f 1637 1650 1639
f 1637 1639 1638
f 1639 1650 1651
f 1640 1652 1641
f 1641 1652 1642
f 1642 1652 1653
f 1642 1653 1643
f 1643 1653 1644
f 1644 1653 1654
f 1644 1654 1655
f 1644 1655 1656
f 1644 1656 1646
f 1646 1656 1657
f 1646 1657 1647
f 1649 1657 1656
f 1649 1656 1650
f 1650 1656 1655
f 1650 1655 1654
f 1650 1654 1658
f 1650 1658 1651
f 1659 1660 1661
f 1659 1661 1669
f 1659 1669 1685
f 1659 1685 1700
f 1659 1700 1727
f 1659 1727 1703
f 1659 1703 1688
f 1659 1688 1687
f 1659 1687 1686
f 1659 1686 1670
f 1659 1670 1662
f 1659 1662 1673
f 1659 1673 1690
f 1659 1690 1707
f 1659 1707 1731
f 1659 1731 1730
f 1659 1730 1753
f 1659 1753 1752
f 1659 1752 1751
f 1659 1751 1732
f 1659 1732 1712
f 1659 1712 1711
f 1659 1711 1710
f 1659 1710 1709
f 1659 1709 1715
f 1659 1715 1708
f 1659 1708 1691
f 1659 1691 1674
f 1659 1674 1663
f 1659 1663 1664
f 1659 1664 1665
f 1659 1665 1660
f 1660 1666 1667
f 1660 1667 1661
f 1660 1665 1668
f 1660 1668 1666
f 1661 1667 1669
f 1662 1670 1671
f 1662 1671 1672
f 1662 1672 1673
f 1663 1674 1664
f 1664 1674 1675
f 1664 1675 1676
f 1664 1676 1677
f 1664 1677 1678
f 1664 1678 1665
f 1665 1678 1679
f 1665 1679 1668
f 1666 1680 1669
f 1666 1669 1667
f 1666 1668 1681
f 1666 1681 1680
f 1668 1679 1682
f 1668 1682 1683
f 1668 1683 1684
f 1668 1684 1681
f 1669 1680 1685
f 1670 1686 1671
f 1671 1686 1687
f 1671 1687 1688
f 1671 1688 1689
f 1671 1689 1705
f 1671 1705 1704
f 1671 1704 1728
f 1671 1728 1749
f 1671 1749 1748
f 1671 1748 1747
f 1671 1747 1746
f 1671 1746 1745
f 1671 1745 1744
f 1671 1744 1740
f 1671 1740 1739
f 1671 1739 1738
f 1671 1738 1735
f 1671 1735 1734
f 1671 1734 1733
f 1671 1733 1750
f 1671 1750 1729
f 1671 1729 1706
f 1671 1706 1690
f 1671 1690 1673
f 1671 1673 1672
f 1674 1691 1676
f 1674 1676 1675
f 1676 1692 1693
f 1676 1693 1694
f 1676 1694 1677
f 1676 1691 1692
f 1677 1695 1678
f 1677 1694 1695
f 1678 1695 1679
f 1679 1696 1697
f 1679 1697 1682
f 1679 1695 1696
f 1680 1698 1685
f 1680 1681 1698
f 1681 1684 1698
f 1682 1697 1683
f 1683 1697 1726
f 1683 1726 1724
f 1683 1724 1723
f 1683 1723 1722
f 1683 1722 1721
f 1683 1721 1720
f 1683 1720 1719
f 1683 1719 1743
f 1683 1743 1742
f 1683 1742 1754
f 1683 1754 1755
f 1683 1755 1749
f 1683 1749 1728
f 1683 1728 1727
f 1683 1727 1700
f 1683 1700 1702
f 1683 1702 1701
f 1683 1701 1699
f 1683 1699 1685
f 1683 1685 1698
f 1683 1698 1684
f 1685 1699 1701
f 1685 1701 1702
f 1685 1702 1700
f 1688 1703 1704
f 1688 1704 1705
f 1688 1705 1689
f 1690 1706 1707
f 1691 1708 1692
f 1692 1709 1710
f 1692 1710 1711
f 1692 1711 1712
f 1692 1712 1713
f 1692 1713 1714
f 1692 1714 1693
f 1692 1708 1715
f 1692 1715 1709
f 1693 1716 1694
f 1693 1714 1717
f 1693 1717 1716
f 1694 1716 1718
f 1694 1718 1719
f 1694 1719 1720
f 1694 1720 1721
f 1694 1721 1722
f 1694 1722 1723
f 1694 1723 1724
f 1694 1724 1725
f 1694 1725 1695
f 1695 1725 1696
f 1696 1726 1697
f 1696 1725 1726
f 1703 1727 1704
f 1704 1727 1728
f 1706 1729 1730
f 1706 1730 1731
f 1706 1731 1707
f 1712 1732 1714
f 1712 1714 1713
f 1714 1732 1733
f 1714 1733 1734
f 1714 1734 1735
f 1714 1735 1717
f 1716 1717 1736
f 1716 1736 1737
f 1716 1737 1718
f 1717 1735 1738
f 1717 1738 1739
f 1717 1739 1740
f 1717 1740 1736
f 1718 1741 1742
f 1718 1742 1743
f 1718 1743 1719
f 1718 1737 1744
f 1718 1744 1745
f 1718 1745 1746
f 1718 1746 1747
f 1718 1747 1748
f 1718 1748 1741
f 1724 1726 1725
f 1729 1750 1732
f 1729 1732 1751
f 1729 1751 1752
f 1729 1752 1753
f 1729 1753 1730
f 1732 1750 1733
f 1736 1740 1744
f 1736 1744 1737
f 1741 1754 1742
f 1741 1748 1754
f 1748 1749 1755
f 1748 1755 1754
f 1756 1757 1760
f 1756 1760 1767
f 1756 1767 1779
f 1756 1779 1796
f 1756 1796 1819
f 1756 1819 1839
f 1756 1839 1864
f 1756 1864 1863
f 1756 1863 1865
f 1756 1865 1896
f 1756 1896 1936
f 1756 1936 1977
f 1756 1977 1986
f 1756 1986 1978
f 1756 1978 1939
f 1756 1939 1938
f 1756 1938 1900
f 1756 1900 1869
f 1756 1869 1841
f 1756 1841 1821
f 1756 1821 1799
f 1756 1799 1782
f 1756 1782 1780
f 1756 1780 1768
f 1756 1768 1762
f 1756 1762 1758
f 1756 1758 1759
f 1756 1759 1757
f 1757 1759 1761
f 1757 1761 1760
f 1758 1762 1759
f 1759 1763 1764
f 1759 1764 1761
f 1759 1762 1763
f 1760 1761 1764
f 1760 1764 1765
f 1760 1765 1766
f 1760 1766 1767
f 1762 1768 1763
f 1763 1769 1770
f 1763 1770 1771
f 1763 1771 1772
f 1763 1772 1764
f 1763 1768 1769
f 1764 1772 1773
f 1764 1773 1774
f 1764 1774 1765
f 1765 1774 1775
f 1765 1775 1766
f 1766 1775 1776
f 1766 1776 1777
f 1766 1777 1778
f 1766 1778 1779
f 1766 1779 1767
f 1768 1780 1769
f 1769 1780 1770
f 1770 1781 1771
f 1770 1780 1782
f 1770 1782 1783
f 1770 1783 1784
f 1770 1784 1785
f 1770 1785 1786
f 1770 1786 1787
f 1770 1787 1781
f 1771 1781 1788
f 1771 1788 1772
f 1772 1788 1789
f 1772 1789 1773
f 1773 1775 1774
f 1773 1789 1776
f 1773 1776 1775
f 1776 1789 1790
f 1776 1790 1791
f 1776 1791 1792
f 1776 1792 1793
f 1776 1793 1777
f 1777 1793 1778
f 1778 1794 1795
f 1778 1795 1779
f 1778 1793 1794
f 1779 1795 1796
f 1781 1797 1788
f 1781 1787 1797
f 1782 1798 1783
f 1782 1799 1800
f 1782 1800 1798
f 1783 1798 1801
f 1783 1801 1784
f 1784 1801 1802
f 1784 1802 1785
f 1785 1802 1803
f 1785 1803 1804
f 1785 1804 1786
f 1786 1804 1805
f 1786 1805 1787
f 1787 1806 1797
f 1787 1805 1807
f 1787 1807 1808
f 1787 1808 1806
f 1788 1797 1789
f 1789 1797 1809
f 1789 1809 1790
f 1790 1809 1810
f 1790 1810 1811
f 1790 1811 1791
f 1791 1811 1812
f 1791 1812 1813
f 1791 1813 1793
f 1791 1793 1792
f 1793 1813 1814
f 1793 1814 1794
f 1794 1814 1837
f 1794 1837 1836
f 1794 1836 1862
f 1794 1862 1893
f 1794 1893 1895
f 1794 1895 1932
f 1794 1932 1931
f 1794 1931 1934
f 1794 1934 1933
f 1794 1933 1968
f 1794 1968 1966
f 1794 1966 1923
f 1794 1923 1922
f 1794 1922 1921
f 1794 1921 1962
f 1794 1962 1935
f 1794 1935 1896
f 1794 1896 1865
f 1794 1865 1838
f 1794 1838 1818
f 1794 1818 1817
f 1794 1817 1816
f 1794 1816 1815
f 1794 1815 1795
f 1795 1815 1796
f 1796 1815 1816
f 1796 1816 1817
f 1796 1817 1818
f 1796 1818 1819
f 1797 1806 1820
f 1797 1820 1809
f 1798 1800 1801
f 1799 1821 1822
f 1799 1822 1800
f 1800 1822 1823
f 1800 1823 1801
f 1801 1823 1802
f 1802 1823 1824
f 1802 1824 1825
f 1802 1825 1803
f 1803 1825 1826
f 1803 1826 1827
f 1803 1827 1804
f 1804 1827 1828
f 1804 1828 1805
f 1805 1828 1829
f 1805 1829 1830
f 1805 1830 1807
f 1806 1808 1820
f 1807 1830 1831
f 1807 1831 1808
f 1808 1831 1832
f 1808 1832 1820
f 1809 1820 1833
f 1809 1833 1834
f 1809 1834 1810
f 1810 1834 1811
f 1811 1835 1812
f 1811 1834 1835
f 1812 1835 1836
f 1812 1836 1837
f 1812 1837 1813
f 1813 1837 1814
f 1818 1838 1839
f 1818 1839 1819
f 1820 1832 1840
f 1820 1840 1833
f 1821 1841 1822
f 1822 1841 1842
f 1822 1842 1843
f 1822 1843 1844
f 1822 1844 1823
f 1823 1844 1824
f 1824 1826 1825
f 1824 1844 1845
f 1824 1845 1846
f 1824 1846 1847
f 1824 1847 1826
f 1826 1829 1827
f 1826 1847 1848
f 1826 1848 1849
f 1826 1849 1829
f 1827 1829 1828
f 1829 1850 1830
f 1829 1849 1851
f 1829 1851 1852
f 1829 1852 1853
f 1829 1853 1854
f 1829 1854 1855
f 1829 1855 1850
f 1830 1850 1831
f 1831 1850 1856
f 1831 1856 1857
f 1831 1857 1832
f 1832 1857 1858
f 1832 1858 1840
f 1833 1840 1859
f 1833 1859 1834
f 1834 1859 1860
f 1834 1860 1835
f 1835 1861 1862
f 1835 1862 1836
f 1835 1860 1861
f 1838 1863 1864
f 1838 1864 1839
f 1838 1865 1863
f 1840 1858 1866
f 1840 1866 1867
f 1840 1867 1868
f 1840 1868 1859
f 1841 1869 1870
f 1841 1870 1871
f 1841 1871 1842
f 1842 1871 1872
f 1842 1872 1843
f 1843 1872 1873
f 1843 1873 1845
f 1843 1845 1844
f 1845 1873 1874
f 1845 1874 1875
f 1845 1875 1876
f 1845 1876 1847
f 1845 1847 1846
f 1847 1877 1848
f 1847 1876 1878
f 1847 1878 1879
f 1847 1879 1880
f 1847 1880 1877
f 1848 1877 1881
f 1848 1881 1882
f 1848 1882 1849
f 1849 1882 1883
f 1849 1883 1851
f 1850 1855 1856
f 1851 1883 1884
f 1851 1884 1885
f 1851 1885 1852
f 1852 1885 1886
f 1852 1886 1887
f 1852 1887 1888
f 1852 1888 1853
f 1853 1888 1889
f 1853 1889 1854
f 1854 1889 1890
f 1854 1890 1891
f 1854 1891 1855
f 1855 1891 1892
f 1855 1892 1856
f 1856 1892 1857
f 1857 1892 1866
f 1857 1866 1858
f 1859 1868 1861
f 1859 1861 1860
f 1861 1893 1862
f 1861 1868 1894
f 1861 1894 1895
f 1861 1895 1893
f 1866 1892 1897
f 1866 1897 1898
f 1866 1898 1899
f 1866 1899 1867
f 1867 1899 1868
f 1868 1899 1894
f 1869 1900 1901
f 1869 1901 1870
f 1870 1901 1902
f 1870 1902 1903
f 1870 1903 1904
f 1870 1904 1872
f 1870 1872 1871
f 1872 1904 1873
f 1873 1904 1874
f 1874 1904 1905
f 1874 1905 1906
f 1874 1906 1875
f 1875 1878 1876
f 1875 1906 1907
f 1875 1907 1908
f 1875 1908 1878
f 1877 1880 1909
f 1877 1909 1910
f 1877 1910 1882
f 1877 1882 1881
f 1878 1908 1879
f 1879 1908 1911
f 1879 1911 1880
f 1880 1911 1912
f 1880 1912 1913
f 1880 1913 1909
f 1882 1910 1914
f 1882 1914 1883
f 1883 1914 1915
f 1883 1915 1884
f 1884 1915 1916
f 1884 1916 1917
f 1884 1917 1887
f 1884 1887 1885
f 1885 1887 1886
f 1887 1918 1919
f 1887 1919 1920
f 1887 1920 1921
f 1887 1921 1922
f 1887 1922 1923
f 1887 1923 1890
f 1887 1890 1889
f 1887 1889 1888
f 1887 1917 1924
f 1887 1924 1925
f 1887 1925 1926
f 1887 1926 1927
f 1887 1927 1928
f 1887 1928 1918
f 1890 1929 1891
f 1890 1923 1929
f 1891 1930 1892
f 1891 1929 1930
f 1892 1930 1897
f 1894 1931 1932
f 1894 1932 1895
f 1894 1899 1898
f 1894 1898 1933
f 1894 1933 1934
f 1894 1934 1931
f 1896 1935 1969
f 1896 1969 1964
f 1896 1964 1963
f 1896 1963 1961
f 1896 1961 1960
f 1896 1960 1998
f 1896 1998 2013
f 1896 2013 2023
f 1896 2023 2032
f 1896 2032 2031
f 1896 2031 2030
f 1896 2030 2029
f 1896 2029 2028
f 1896 2028 2027
f 1896 2027 2026
f 1896 2026 2025
f 1896 2025 2022
f 1896 2022 2021
f 1896 2021 2020
f 1896 2020 2017
f 1896 2017 2016
f 1896 2016 2002
f 1896 2002 1970
f 1896 1970 1936
f 1897 1930 1898
f 1898 1930 1937
f 1898 1937 1933
f 1900 1938 1901
f 1901 1938 1939
f 1901 1939 1940
f 1901 1940 1903
f 1901 1903 1902
f 1903 1940 1941
f 1903 1941 1942
f 1903 1942 1943
f 1903 1943 1944
f 1903 1944 1904
f 1904 1944 1905
f 1905 1944 1906
f 1906 1944 1945
f 1906 1945 1946
f 1906 1946 1907
f 1907 1947 1948
f 1907 1948 1911
f 1907 1911 1908
f 1907 1946 1912
f 1907 1912 1947
f 1909 1913 1912
f 1909 1912 1949
f 1909 1949 1950
f 1909 1950 1951
f 1909 1951 1952
f 1909 1952 1953
f 1909 1953 1954
f 1909 1954 1910
f 1910 1954 1953
f 1910 1953 1952
f 1910 1952 1914
f 1911 1948 1912
f 1912 1955 1949
f 1912 1948 1947
f 1912 1946 1955
f 1914 1952 1956
f 1914 1956 1915
f 1915 1957 1916
f 1915 1956 1957
f 1916 1925 1924
f 1916 1924 1917
f 1916 1957 1925
f 1918 1958 1919
f 1918 1928 1958
f 1919 1959 1960
f 1919 1960 1961
f 1919 1961 1920
f 1919 1958 1959
f 1920 1962 1921
f 1920 1961 1963
f 1920 1963 1964
f 1920 1964 1969
f 1920 1969 1965
f 1920 1965 1962
f 1923 1966 1929
f 1925 1957 1927
f 1925 1927 1926
f 1927 1957 1928
f 1928 1957 1952
f 1928 1952 1951
f 1928 1951 1950
f 1928 1950 1949
f 1928 1949 1967
f 1928 1967 1958
f 1929 1966 1968
f 1929 1968 1930
f 1930 1968 1937
f 1933 1937 1968
f 1935 1965 1969
f 1935 1962 1965
f 1936 1970 1971
f 1936 1971 1972
f 1936 1972 1973
f 1936 1973 1974
f 1936 1974 1975
f 1936 1975 1976
f 1936 1976 1977
f 1939 1978 1979
f 1939 1979 1980
f 1939 1980 1981
f 1939 1981 1940
f 1940 1981 1982
f 1940 1982 1941
f 1941 1982 1942
f 1942 1982 1983
f 1942 1983 1943
f 1943 1984 1955
f 1943 1955 1946
f 1943 1946 1944
f 1943 1983 1979
f 1943 1979 1985
f 1943 1985 1986
f 1943 1986 1984
f 1944 1946 1945
f 1949 1955 1987
f 1949 1987 1988
f 1949 1988 1967
f 1952 1957 1956
f 1955 1984 1986
f 1955 1986 1989
f 1955 1989 1990
f 1955 1990 1976
f 1955 1976 1991
f 1955 1991 1992
f 1955 1992 1993
f 1955 1993 1987
f 1958 1994 1959
f 1958 1967 1994
f 1959 1994 1967
f 1959 1967 1995
f 1959 1995 1996
f 1959 1996 1997
f 1959 1997 1960
f 1960 1997 1999
f 1960 1999 1998
f 1967 1988 2000
f 1967 2000 2001
f 1967 2001 1995
f 1970 2002 2003
f 1970 2003 1971
f 1971 2003 2004
f 1971 2004 2005
f 1971 2005 1972
f 1972 2005 2006
f 1972 2006 1974
f 1972 1974 1973
f 1974 2007 1993
f 1974 1993 1992
f 1974 1992 1991
f 1974 1991 1975
f 1974 2006 2008
f 1974 2008 2009
f 1974 2009 2007
f 1975 1991 1976
f 1976 1990 1977
f 1977 1990 1989
f 1977 1989 1986
f 1978 1985 1979
f 1978 1986 1985
f 1979 1983 1982
f 1979 1982 1981
f 1979 1981 1980
f 1987 1993 2010
f 1987 2010 2011
f 1987 2011 1988
f 1988 2011 2000
f 1993 2007 2010
f 1995 2001 1996
f 1996 2001 2012
f 1996 2012 1999
f 1996 1999 1997
f 1998 1999 2013
f 1999 2012 2014
f 1999 2014 2013
f 2000 2011 2015
f 2000 2015 2001
f 2001 2015 2012
f 2002 2016 2003
f 2003 2016 2017
f 2003 2017 2004
f 2004 2018 2019
f 2004 2019 2015
f 2004 2015 2011
f 2004 2011 2010
f 2004 2010 2009
f 2004 2009 2008
f 2004 2008 2006
f 2004 2006 2005
f 2004 2017 2020
f 2004 2020 2021
f 2004 2021 2022
f 2004 2022 2018
f 2007 2009 2010
f 2012 2015 2014
f 2013 2014 2023
f 2014 2015 2024
f 2014 2024 2023
f 2015 2019 2024
f 2018 2022 2025
f 2018 2025 2019
f 2019 2025 2026
f 2019 2026 2027
f 2019 2027 2028
f 2019 2028 2029
f 2019 2029 2030
f 2019 2030 2031
f 2019 2031 2032
f 2019 2032 2024
f 2023 2024 2032
f 2033 2034 2039
f 2033 2039 2051
f 2033 2051 2065
f 2033 2065 2067
f 2033 2067 2090
f 2033 2090 2123
f 2033 2123 2166
f 2033 2166 2165
f 2033 2165 2208
f 2033 2208 2206
f 2033 2206 2172
f 2033 2172 2167
f 2033 2167 2124
f 2033 2124 2091
f 2033 2091 2068
f 2033 2068 2053
f 2033 2053 2041
f 2033 2041 2035
f 2033 2035 2042
f 2033 2042 2054
f 2033 2054 2076
f 2033 2076 2104
f 2033 2104 2103
f 2033 2103 2102
f 2033 2102 2101
f 2033 2101 2146
f 2033 2146 2192
f 2033 2192 2194
f 2033 2194 2193
f 2033 2193 2147
f 2033 2147 2105
f 2033 2105 2077
f 2033 2077 2059
f 2033 2059 2058
f 2033 2058 2057
f 2033 2057 2056
f 2033 2056 2055
f 2033 2055 2046
f 2033 2046 2045
f 2033 2045 2044
f 2033 2044 2043
f 2033 2043 2036
f 2033 2036 2037
f 2033 2037 2038
f 2033 2038 2034
f 2034 2038 2040
f 2034 2040 2039
f 2035 2041 2042
f 2036 2043 2037
f 2037 2043 2044
f 2037 2044 2045
f 2037 2045 2046
f 2037 2046 2047
f 2037 2047 2048
f 2037 2048 2049
f 2037 2049 2050
f 2037 2050 2040
f 2037 2040 2038
f 2039 2040 2051
f 2040 2050 2063
f 2040 2063 2052
f 2040 2052 2051
f 2041 2053 2072
f 2041 2072 2096
f 2041 2096 2131
f 2041 2131 2176
f 2041 2176 2218
f 2041 2218 2242
f 2041 2242 2254
f 2041 2254 2261
f 2041 2261 2264
f 2041 2264 2262
f 2041 2262 2255
f 2041 2255 2243
f 2041 2243 2219
f 2041 2219 2181
f 2041 2181 2180
f 2041 2180 2179
f 2041 2179 2178
f 2041 2178 2144
f 2041 2144 2100
f 2041 2100 2073
f 2041 2073 2054
f 2041 2054 2042
f 2046 2055 2047
f 2047 2055 2056
f 2047 2056 2057
f 2047 2057 2058
f 2047 2058 2059
f 2047 2059 2060
f 2047 2060 2048
f 2048 2060 2061
f 2048 2061 2049
f 2049 2062 2063
f 2049 2063 2050
f 2049 2061 2064
f 2049 2064 2062
f 2051 2052 2065
f 2052 2063 2066
f 2052 2066 2067
f 2052 2067 2065
f 2053 2068 2069
f 2053 2069 2070
f 2053 2070 2071
f 2053 2071 2072
f 2054 2073 2074
f 2054 2074 2075
f 2054 2075 2076
f 2059 2077 2078
f 2059 2078 2060
f 2060 2078 2079
f 2060 2079 2061
f 2061 2079 2080
f 2061 2080 2081
f 2061 2081 2064
f 2062 2082 2063
f 2062 2064 2083
f 2062 2083 2082
f 2063 2082 2066
f 2064 2081 2084
f 2064 2084 2083
f 2066 2082 2085
f 2066 2085 2086
f 2066 2086 2087
f 2066 2087 2067
f 2067 2088 2089
f 2067 2089 2090
f 2067 2087 2088
f 2068 2091 2069
f 2069 2092 2093
f 2069 2093 2094
f 2069 2094 2070
f 2069 2091 2092
f 2070 2072 2071
f 2070 2094 2072
f 2072 2094 2095
f 2072 2095 2096
f 2073 2097 2098
f 2073 2098 2099
f 2073 2099 2074
f 2073 2100 2097
f 2074 2099 2075
f 2075 2101 2102
f 2075 2102 2103
f 2075 2103 2104
f 2075 2104 2076
f 2075 2099 2101
f 2077 2105 2078
f 2078 2105 2079
f 2079 2105 2106
f 2079 2106 2107
f 2079 2107 2080
f 2080 2107 2081
f 2081 2107 2108
f 2081 2108 2109
f 2081 2109 2084
f 2082 2083 2110
f 2082 2110 2111
f 2082 2111 2112
f 2082 2112 2085
f 2083 2084 2113
f 2083 2113 2110
f 2084 2109 2114
f 2084 2114 2115
f 2084 2115 2113
f 2085 2116 2117
f 2085 2117 2086
f 2085 2112 2118
f 2085 2118 2116
f 2086 2117 2119
f 2086 2119 2087
f 2087 2119 2120
f 2087 2120 2088
f 2088 2120 2089
f 2089 2120 2121
f 2089 2121 2090
f 2090 2121 2122
f 2090 2122 2123
f 2091 2124 2125
f 2091 2125 2092
f 2092 2125 2126
f 2092 2126 2093
f 2093 2126 2095
f 2093 2095 2094
f 2095 2126 2127
f 2095 2127 2128
f 2095 2128 2129
f 2095 2129 2096
f 2096 2129 2130
f 2096 2130 2175
f 2096 2175 2131
f 2097 2132 2133
f 2097 2133 2134
f 2097 2134 2135
f 2097 2135 2098
f 2097 2100 2132
f 2098 2135 2099
f 2099 2135 2136
f 2099 2136 2137
f 2099 2137 2138
f 2099 2138 2139
f 2099 2139 2140
f 2099 2140 2141
f 2099 2141 2142
f 2099 2142 2143
f 2099 2143 2101
f 2100 2144 2145
f 2100 2145 2132
f 2101 2143 2146
f 2105 2147 2148
f 2105 2148 2106
f 2106 2148 2107
f 2107 2148 2149
f 2107 2149 2108
f 2108 2114 2109
f 2108 2149 2150
f 2108 2150 2151
f 2108 2151 2152
f 2108 2152 2114
f 2110 2113 2111
f 2111 2113 2153
f 2111 2153 2154
f 2111 2154 2155
f 2111 2155 2156
f 2111 2156 2157
f 2111 2157 2112
f 2112 2157 2118
f 2113 2115 2158
f 2113 2158 2154
f 2113 2154 2153
f 2114 2159 2115
f 2114 2152 2159
f 2115 2159 2158
f 2116 2118 2160
f 2116 2160 2117
f 2117 2160 2161
f 2117 2161 2119
f 2118 2157 2156
f 2118 2156 2162
f 2118 2162 2160
f 2119 2163 2164
f 2119 2164 2120
f 2119 2161 2163
f 2120 2164 2121
f 2121 2164 2122
f 2122 2165 2166
f 2122 2166 2123
f 2122 2164 2165
f 2124 2167 2168
f 2124 2168 2125
f 2125 2168 2126
f 2126 2168 2127
f 2127 2169 2170
f 2127 2170 2171
f 2127 2171 2128
f 2127 2168 2167
f 2127 2167 2172
f 2127 2172 2169
f 2128 2171 2173
f 2128 2173 2174
f 2128 2174 2129
f 2129 2174 2175
f 2129 2175 2130
f 2131 2175 2176
f 2132 2145 2177
f 2132 2177 2133
f 2133 2177 2178
f 2133 2178 2179
f 2133 2179 2180
f 2133 2180 2181
f 2133 2181 2134
f 2134 2181 2182
f 2134 2182 2183
f 2134 2183 2184
f 2134 2184 2135
f 2135 2184 2185
f 2135 2185 2186
f 2135 2186 2136
f 2136 2186 2187
f 2136 2187 2137
f 2137 2187 2138
f 2138 2187 2188
f 2138 2188 2139
f 2139 2188 2151
f 2139 2151 2150
f 2139 2150 2189
f 2139 2189 2142
f 2139 2142 2190
f 2139 2190 2140
f 2140 2190 2141
f 2141 2190 2142
f 2142 2189 2191
f 2142 2191 2143
f 2143 2191 2146
f 2144 2178 2177
f 2144 2177 2145
f 2146 2191 2150
f 2146 2150 2148
f 2146 2148 2192
f 2147 2193 2148
f 2148 2193 2194
f 2148 2194 2192
f 2148 2150 2149
f 2150 2191 2189
f 2151 2188 2152
f 2152 2188 2195
f 2152 2195 2159
f 2154 2158 2196
f 2154 2196 2197
f 2154 2197 2198
f 2154 2198 2199
f 2154 2199 2155
f 2155 2199 2156
f 2156 2199 2198
f 2156 2198 2200
f 2156 2200 2201
f 2156 2201 2162
f 2158 2159 2195
f 2158 2195 2196
f 2160 2162 2201
f 2160 2201 2202
f 2160 2202 2161
f 2161 2202 2163
f 2163 2202 2164
f 2164 2202 2203
f 2164 2203 2204
f 2164 2204 2205
f 2164 2205 2172
f 2164 2172 2206
f 2164 2206 2207
f 2164 2207 2208
f 2164 2208 2165
f 2169 2172 2205
f 2169 2205 2204
f 2169 2204 2170
f 2170 2209 2210
f 2170 2210 2211
f 2170 2211 2212
f 2170 2212 2171
f 2170 2204 2209
f 2171 2212 2173
f 2173 2212 2213
f 2173 2213 2214
f 2173 2214 2174
f 2174 2214 2215
f 2174 2215 2175
f 2175 2216 2176
f 2175 2215 2217
f 2175 2217 2218
f 2175 2218 2216
f 2176 2216 2218
f 2181 2219 2182
f 2182 2219 2183
f 2183 2219 2220
f 2183 2220 2221
f 2183 2221 2222
f 2183 2222 2184
f 2184 2222 2223
f 2184 2223 2185
f 2185 2223 2224
f 2185 2224 2186
f 2186 2224 2225
f 2186 2225 2187
f 2187 2225 2226
f 2187 2226 2227
f 2187 2227 2188
f 2188 2227 2195
f 2195 2226 2228
f 2195 2228 2196
f 2195 2227 2226
f 2196 2228 2197
f 2197 2228 2198
f 2198 2228 2226
f 2198 2226 2229
f 2198 2229 2230
f 2198 2230 2231
f 2198 2231 2200
f 2200 2231 2201
f 2201 2231 2232
f 2201 2232 2202
f 2202 2233 2203
f 2202 2232 2234
f 2202 2234 2233
f 2203 2233 2204
f 2204 2233 2209
f 2206 2208 2207
f 2209 2233 2210
f 2210 2233 2234
f 2210 2234 2235
f 2210 2235 2211
f 2211 2235 2236
f 2211 2236 2212
f 2212 2236 2237
f 2212 2237 2213
f 2213 2237 2238
f 2213 2238 2239
f 2213 2239 2240
f 2213 2240 2214
f 2214 2240 2241
f 2214 2241 2242
f 2214 2242 2215
f 2215 2242 2217
f 2217 2242 2218
f 2219 2243 2220
f 2220 2243 2244
f 2220 2244 2221
f 2221 2244 2222
f 2222 2244 2223
f 2223 2244 2224
f 2224 2244 2245
f 2224 2245 2225
f 2225 2245 2229
f 2225 2229 2226
f 2229 2245 2230
f 2230 2246 2247
f 2230 2247 2231
f 2230 2245 2246
f 2231 2247 2248
f 2231 2248 2232
f 2232 2248 2249
f 2232 2249 2235
f 2232 2235 2234
f 2235 2249 2248
f 2235 2248 2236
f 2236 2248 2237
f 2237 2248 2238
f 2238 2248 2250
f 2238 2250 2251
f 2238 2251 2239
f 2239 2251 2252
f 2239 2252 2240
f 2240 2252 2241
f 2241 2252 2242
f 2242 2252 2253
f 2242 2253 2254
f 2243 2255 2256
f 2243 2256 2257
f 2243 2257 2244
f 2244 2257 2258
f 2244 2258 2259
f 2244 2259 2260
f 2244 2260 2245
f 2245 2260 2246
f 2246 2260 2247
f 2247 2250 2248
f 2247 2260 2250
f 2250 2260 2251
f 2251 2260 2259
f 2251 2259 2252
f 2252 2259 2258
f 2252 2258 2253
f 2253 2261 2254
f 2253 2258 2261
f 2255 2262 2263
f 2255 2263 2256
f 2256 2263 2258
f 2256 2258 2257
f 2258 2263 2264
f 2258 2264 2261
f 2262 2264 2263
f 2265 2266 2267
f 2265 2267 2268
f 2265 2268 2269
f 2265 2269 2270
f 2265 2270 2277
f 2265 2277 2289
f 2265 2289 2304
f 2265 2304 2316
f 2265 2316 2331
f 2265 2331 2341
f 2265 2341 2359
f 2265 2359 2379
f 2265 2379 2403
f 2265 2403 2408
f 2265 2408 2427
f 2265 2427 2446
f 2265 2446 2457
f 2265 2457 2462
f 2265 2462 2453
f 2265 2453 2461
f 2265 2461 2449
f 2265 2449 2460
f 2265 2460 2459
f 2265 2459 2458
f 2265 2458 2447
f 2265 2447 2431
f 2265 2431 2430
f 2265 2430 2411
f 2265 2411 2410
f 2265 2410 2409
f 2265 2409 2388
f 2265 2388 2365
f 2265 2365 2350
f 2265 2350 2335
f 2265 2335 2321
f 2265 2321 2320
f 2265 2320 2319
f 2265 2319 2306
f 2265 2306 2290
f 2265 2290 2278
f 2265 2278 2271
f 2265 2271 2266
f 2266 2271 2267
f 2267 2272 2273
f 2267 2273 2269
f 2267 2269 2268
f 2267 2271 2274
f 2267 2274 2275
f 2267 2275 2276
f 2267 2276 2272
f 2269 2273 2277
f 2269 2277 2270
f 2271 2278 2275
f 2271 2275 2274
f 2272 2279 2280
f 2272 2280 2281
f 2272 2281 2282
f 2272 2282 2283
f 2272 2283 2284
f 2272 2284 2273
f 2272 2276 2285
f 2272 2285 2286
f 2272 2286 2287
f 2272 2287 2279
f 2273 2284 2288
f 2273 2288 2289
f 2273 2289 2277
f 2275 2278 2290
f 2275 2290 2291
f 2275 2291 2276
f 2276 2291 2292
f 2276 2292 2285
f 2279 2293 2280
f 2279 2287 2293
f 2280 2293 2281
f 2281 2294 2282
f 2281 2293 2295
f 2281 2295 2311
f 2281 2311 2323
f 2281 2323 2330
f 2281 2330 2340
f 2281 2340 2358
f 2281 2358 2377
f 2281 2377 2378
f 2281 2378 2402
f 2281 2402 2423
f 2281 2423 2440
f 2281 2440 2441
f 2281 2441 2424
f 2281 2424 2404
f 2281 2404 2380
f 2281 2380 2360
f 2281 2360 2342
f 2281 2342 2332
f 2281 2332 2324
f 2281 2324 2312
f 2281 2312 2298
f 2281 2298 2283
f 2281 2283 2297
f 2281 2297 2296
f 2281 2296 2294
f 2282 2294 2296
f 2282 2296 2297
f 2282 2297 2283
f 2283 2298 2284
f 2284 2298 2299
f 2284 2299 2300
f 2284 2300 2288
f 2285 2292 2286
f 2286 2292 2287
f 2287 2301 2293
f 2287 2292 2302
f 2287 2302 2303
f 2287 2303 2301
f 2288 2300 2289
f 2289 2300 2305
f 2289 2305 2304
f 2290 2306 2291
f 2291 2306 2307
f 2291 2307 2308
f 2291 2308 2309
f 2291 2309 2292
f 2292 2309 2302
f 2293 2301 2295
f 2295 2301 2310
f 2295 2310 2311
f 2298 2312 2299
f 2299 2312 2300
f 2300 2312 2305
f 2301 2303 2310
f 2302 2309 2313
f 2302 2313 2314
f 2302 2314 2303
f 2303 2315 2311
f 2303 2311 2310
f 2303 2314 2315
f 2304 2305 2316
f 2305 2312 2317
f 2305 2317 2318
f 2305 2318 2316
f 2306 2319 2308
f 2306 2308 2307
f 2308 2320 2321
f 2308 2321 2309
f 2308 2319 2320
f 2309 2321 2322
f 2309 2322 2313
f 2311 2315 2323
f 2312 2324 2317
f 2313 2322 2325
f 2313 2325 2326
f 2313 2326 2327
f 2313 2327 2314
f 2314 2327 2328
f 2314 2328 2329
f 2314 2329 2315
f 2315 2330 2323
f 2315 2329 2328
f 2315 2328 2330
f 2316 2318 2331
f 2317 2324 2332
f 2317 2332 2333
f 2317 2333 2334
f 2317 2334 2318
f 2318 2334 2331
f 2321 2335 2325
f 2321 2325 2322
f 2325 2335 2336
f 2325 2336 2326
f 2326 2336 2337
f 2326 2337 2327
f 2327 2337 2338
f 2327 2338 2328
f 2328 2338 2330
f 2330 2338 2339
f 2330 2339 2340
f 2331 2334 2341
f 2332 2342 2343
f 2332 2343 2333
f 2333 2344 2334
f 2333 2343 2345
f 2333 2345 2346
f 2333 2346 2347
f 2333 2347 2348
f 2333 2348 2344
f 2334 2344 2348
f 2334 2348 2349
f 2334 2349 2341
f 2335 2350 2351
f 2335 2351 2352
f 2335 2352 2336
f 2336 2352 2353
f 2336 2353 2337
f 2337 2353 2338
f 2338 2353 2354
f 2338 2354 2355
f 2338 2355 2339
f 2339 2355 2356
f 2339 2356 2357
f 2339 2357 2358
f 2339 2358 2340
f 2341 2349 2359
f 2342 2360 2343
f 2343 2360 2345
f 2345 2361 2362
f 2345 2362 2363
f 2345 2363 2346
f 2345 2360 2361
f 2346 2363 2347
f 2347 2363 2364
f 2347 2364 2349
f 2347 2349 2348
f 2349 2364 2359
f 2350 2365 2366
f 2350 2366 2367
f 2350 2367 2368
f 2350 2368 2351
f 2351 2368 2369
f 2351 2369 2353
f 2351 2353 2352
f 2353 2369 2370
f 2353 2370 2371
f 2353 2371 2354
f 2354 2371 2355
f 2355 2371 2372
f 2355 2372 2373
f 2355 2373 2374
f 2355 2374 2375
f 2355 2375 2356
f 2356 2375 2376
f 2356 2376 2357
f 2357 2377 2358
f 2357 2376 2378
f 2357 2378 2377
f 2359 2364 2379
f 2360 2380 2381
f 2360 2381 2382
f 2360 2382 2361
f 2361 2382 2383
f 2361 2383 2384
f 2361 2384 2362
f 2362 2384 2385
f 2362 2385 2387
f 2362 2387 2363
f 2363 2386 2364
f 2363 2387 2386
f 2364 2386 2379
f 2365 2388 2366
f 2366 2388 2389
f 2366 2389 2390
f 2366 2390 2367
f 2367 2390 2391
f 2367 2391 2368
f 2368 2391 2369
f 2369 2391 2370
f 2370 2391 2392
f 2370 2392 2393
f 2370 2393 2371
f 2371 2393 2372
f 2372 2393 2394
f 2372 2394 2395
f 2372 2395 2373
f 2373 2395 2374
f 2374 2395 2396
f 2374 2396 2397
f 2374 2397 2398
f 2374 2398 2375
f 2375 2398 2399
f 2375 2399 2400
f 2375 2400 2376
f 2376 2400 2401
f 2376 2401 2378
f 2378 2401 2402
f 2379 2386 2403
f 2380 2404 2425
f 2380 2425 2442
f 2380 2442 2455
f 2380 2455 2469
f 2380 2469 2468
f 2380 2468 2467
f 2380 2467 2466
f 2380 2466 2465
f 2380 2465 2464
f 2380 2464 2463
f 2380 2463 2453
f 2380 2453 2462
f 2380 2462 2470
f 2380 2470 2456
f 2380 2456 2445
f 2380 2445 2444
f 2380 2444 2443
f 2380 2443 2429
f 2380 2429 2428
f 2380 2428 2426
f 2380 2426 2407
f 2380 2407 2405
f 2380 2405 2383
f 2380 2383 2381
f 2381 2383 2382
f 2383 2405 2384
f 2384 2405 2385
f 2385 2406 2387
f 2385 2405 2407
f 2385 2407 2406
f 2386 2387 2406
f 2386 2406 2408
f 2386 2408 2403
f 2388 2409 2389
f 2389 2392 2390
f 2389 2409 2410
f 2389 2410 2411
f 2389 2411 2412
f 2389 2412 2392
f 2390 2392 2391
f 2392 2412 2394
f 2392 2394 2393
f 2394 2412 2413
f 2394 2413 2414
f 2394 2414 2395
f 2395 2414 2415
f 2395 2415 2396
f 2396 2415 2397
f 2397 2415 2416
f 2397 2416 2398
f 2398 2416 2417
f 2398 2417 2418
f 2398 2418 2419
f 2398 2419 2399
f 2399 2419 2400
f 2400 2419 2420
f 2400 2420 2421
f 2400 2421 2422
f 2400 2422 2402
f 2400 2402 2401
f 2402 2422 2423
f 2404 2424 2425
f 2406 2407 2426
f 2406 2426 2408
f 2408 2426 2428
f 2408 2428 2429
f 2408 2429 2427
f 2411 2430 2412
f 2412 2430 2413
f 2413 2430 2431
f 2413 2431 2432
f 2413 2432 2433
f 2413 2433 2434
f 2413 2434 2414
f 2414 2435 2415
f 2414 2434 2435
f 2415 2435 2436
f 2415 2436 2417
f 2415 2417 2437
f 2415 2437 2416
f 2416 2437 2417
f 2417 2436 2438
f 2417 2438 2419
f 2417 2419 2418
f 2419 2438 2420
f 2420 2438 2421
f 2421 2438 2439
f 2421 2439 2423
f 2421 2423 2422
f 2423 2439 2440
f 2424 2441 2425
f 2425 2441 2440
f 2425 2440 2442
f 2427 2429 2443
f 2427 2443 2444
f 2427 2444 2445
f 2427 2445 2446
f 2431 2447 2432
f 2432 2447 2448
f 2432 2448 2433
f 2433 2448 2449
f 2433 2449 2450
f 2433 2450 2451
f 2433 2451 2452
f 2433 2452 2434
f 2434 2452 2439
f 2434 2439 2438
f 2434 2438 2436
f 2434 2436 2435
f 2439 2452 2453
f 2439 2453 2454
f 2439 2454 2440
f 2440 2455 2442
f 2440 2454 2455
f 2445 2456 2457
f 2445 2457 2446
f 2447 2458 2448
f 2448 2459 2460
f 2448 2460 2449
f 2448 2458 2459
f 2449 2461 2450
f 2450 2461 2451
f 2451 2461 2452
f 2452 2461 2453
f 2453 2463 2454
f 2454 2463 2464
f 2454 2464 2465
f 2454 2465 2466
f 2454 2466 2467
f 2454 2467 2468
f 2454 2468 2469
f 2454 2469 2455
f 2456 2470 2457
f 2457 2470 2462
f 2471 2472 2473
f 2471 2473 2477
f 2471 2477 2485
f 2471 2485 2484
f 2471 2484 2493
f 2471 2493 2513
f 2471 2513 2523
f 2471 2523 2531
f 2471 2531 2543
f 2471 2543 2557
f 2471 2557 2563
f 2471 2563 2572
f 2471 2572 2571
f 2471 2571 2586
f 2471 2586 2587
f 2471 2587 2584
f 2471 2584 2583
f 2471 2583 2595
f 2471 2595 2601
f 2471 2601 2606
f 2471 2606 2608
f 2471 2608 2607
f 2471 2607 2617
f 2471 2617 2616
f 2471 2616 2627
f 2471 2627 2626
f 2471 2626 2633
f 2471 2633 2639
f 2471 2639 2656
f 2471 2656 2655
f 2471 2655 2654
f 2471 2654 2653
f 2471 2653 2652
f 2471 2652 2651
f 2471 2651 2664
f 2471 2664 2673
f 2471 2673 2693
f 2471 2693 2695
f 2471 2695 2711
f 2471 2711 2710
f 2471 2710 2729
f 2471 2729 2745
f 2471 2745 2756
f 2471 2756 2754
f 2471 2754 2737
f 2471 2737 2753
f 2471 2753 2755
f 2471 2755 2747
f 2471 2747 2730
f 2471 2730 2712
f 2471 2712 2698
f 2471 2698 2697
f 2471 2697 2696
f 2471 2696 2679
f 2471 2679 2678
f 2471 2678 2676
f 2471 2676 2675
f 2471 2675 2665
f 2471 2665 2657
f 2471 2657 2640
f 2471 2640 2634
f 2471 2634 2628
f 2471 2628 2618
f 2471 2618 2609
f 2471 2609 2602
f 2471 2602 2596
f 2471 2596 2589
f 2471 2589 2576
f 2471 2576 2567
f 2471 2567 2566
f 2471 2566 2564
f 2471 2564 2558
f 2471 2558 2547
f 2471 2547 2532
f 2471 2532 2526
f 2471 2526 2521
f 2471 2521 2507
f 2471 2507 2506
f 2471 2506 2505
f 2471 2505 2497
f 2471 2497 2486
f 2471 2486 2478
f 2471 2478 2474
f 2471 2474 2479
f 2471 2479 2482
f 2471 2482 2475
f 2471 2475 2472
f 2472 2475 2476
f 2472 2476 2477
f 2472 2477 2473
f 2474 2478 2479
f 2475 2480 2481
f 2475 2481 2476
f 2475 2482 2480
f 2476 2481 2483
f 2476 2483 2484
f 2476 2484 2485
f 2476 2485 2477
f 2478 2486 2487
f 2478 2487 2488
f 2478 2488 2479
f 2479 2488 2489
f 2479 2489 2509
f 2479 2509 2504
f 2479 2504 2503
f 2479 2503 2502
f 2479 2502 2501
f 2479 2501 2500
f 2479 2500 2499
f 2479 2499 2498
f 2479 2498 2519
f 2479 2519 2522
f 2479 2522 2528
f 2479 2528 2527
f 2479 2527 2536
f 2479 2536 2535
f 2479 2535 2534
f 2479 2534 2533
f 2479 2533 2550
f 2479 2550 2549
f 2479 2549 2548
f 2479 2548 2559
f 2479 2559 2565
f 2479 2565 2575
f 2479 2575 2588
f 2479 2588 2592
f 2479 2592 2591
f 2479 2591 2590
f 2479 2590 2597
f 2479 2597 2603
f 2479 2603 2612
f 2479 2612 2611
f 2479 2611 2610
f 2479 2610 2623
f 2479 2623 2622
f 2479 2622 2621
f 2479 2621 2620
f 2479 2620 2619
f 2479 2619 2629
f 2479 2629 2635
f 2479 2635 2641
f 2479 2641 2659
f 2479 2659 2658
f 2479 2658 2667
f 2479 2667 2687
f 2479 2687 2686
f 2479 2686 2685
f 2479 2685 2684
f 2479 2684 2683
f 2479 2683 2703
f 2479 2703 2720
f 2479 2720 2719
f 2479 2719 2718
f 2479 2718 2717
f 2479 2717 2716
f 2479 2716 2735
f 2479 2735 2748
f 2479 2748 2751
f 2479 2751 2740
f 2479 2740 2736
f 2479 2736 2721
f 2479 2721 2705
f 2479 2705 2688
f 2479 2688 2668
f 2479 2668 2660
f 2479 2660 2648
f 2479 2648 2647
f 2479 2647 2646
f 2479 2646 2645
f 2479 2645 2644
f 2479 2644 2643
f 2479 2643 2642
f 2479 2642 2636
f 2479 2636 2630
f 2479 2630 2624
f 2479 2624 2613
f 2479 2613 2604
f 2479 2604 2598
f 2479 2598 2593
f 2479 2593 2581
f 2479 2581 2580
f 2479 2580 2579
f 2479 2579 2578
f 2479 2578 2585
f 2479 2585 2577
f 2479 2577 2569
f 2479 2569 2568
f 2479 2568 2562
f 2479 2562 2552
f 2479 2552 2540
f 2479 2540 2539
f 2479 2539 2538
f 2479 2538 2546
f 2479 2546 2545
f 2479 2545 2544
f 2479 2544 2537
f 2479 2537 2530
f 2479 2530 2525
f 2479 2525 2524
f 2479 2524 2515
f 2479 2515 2514
f 2479 2514 2510
f 2479 2510 2490
f 2479 2490 2480
f 2479 2480 2482
f 2480 2490 2481
f 2481 2490 2491
f 2481 2491 2483
f 2483 2491 2492
f 2483 2492 2484
f 2484 2492 2494
f 2484 2494 2495
f 2484 2495 2496
f 2484 2496 2493
f 2486 2497 2487
f 2487 2498 2499
f 2487 2499 2500
f 2487 2500 2501
f 2487 2501 2502
f 2487 2502 2503
f 2487 2503 2504
f 2487 2504 2488
f 2487 2497 2505
f 2487 2505 2506
f 2487 2506 2507
f 2487 2507 2508
f 2487 2508 2498
f 2488 2504 2509
f 2488 2509 2489
f 2490 2510 2494
f 2490 2494 2491
f 2491 2494 2492
f 2493 2496 2511
f 2493 2511 2512
f 2493 2512 2513
f 2494 2510 2495
f 2495 2510 2514
f 2495 2514 2515
f 2495 2515 2516
f 2495 2516 2496
f 2496 2516 2517
f 2496 2517 2518
f 2496 2518 2511
f 2498 2508 2520
f 2498 2520 2507
f 2498 2507 2519
f 2507 2520 2508
f 2507 2521 2522
f 2507 2522 2519
f 2511 2518 2512
f 2512 2518 2523
f 2512 2523 2513
f 2515 2524 2516
f 2516 2524 2517
f 2517 2524 2525
f 2517 2525 2523
f 2517 2523 2518
f 2521 2526 2527
f 2521 2527 2528
f 2521 2528 2522
f 2523 2525 2529
f 2523 2529 2530
f 2523 2530 2531
f 2525 2530 2529
f 2526 2532 2533
f 2526 2533 2534
f 2526 2534 2535
f 2526 2535 2536
f 2526 2536 2527
f 2530 2537 2531
f 2531 2538 2539
f 2531 2539 2540
f 2531 2540 2541
f 2531 2541 2542
f 2531 2542 2543
f 2531 2537 2544
f 2531 2544 2545
f 2531 2545 2546
f 2531 2546 2538
f 2532 2547 2548
f 2532 2548 2549
f 2532 2549 2550
f 2532 2550 2533
f 2540 2551 2541
f 2540 2552 2553
f 2540 2553 2551
f 2541 2551 2542
f 2542 2551 2554
f 2542 2554 2555
f 2542 2555 2543
f 2543 2555 2554
f 2543 2554 2556
f 2543 2556 2557
f 2547 2558 2559
f 2547 2559 2548
f 2551 2553 2560
f 2551 2560 2561
f 2551 2561 2554
f 2552 2562 2560
f 2552 2560 2553
f 2554 2561 2556
f 2556 2561 2563
f 2556 2563 2557
f 2558 2564 2559
f 2559 2564 2566
f 2559 2566 2567
f 2559 2567 2565
f 2560 2562 2568
f 2560 2568 2569
f 2560 2569 2570
f 2560 2570 2561
f 2561 2571 2572
f 2561 2572 2563
f 2561 2570 2573
f 2561 2573 2574
f 2561 2574 2571
f 2565 2567 2575
f 2567 2576 2575
f 2569 2577 2570
f 2570 2578 2579
f 2570 2579 2580
f 2570 2580 2581
f 2570 2581 2582
f 2570 2582 2583
f 2570 2583 2584
f 2570 2584 2573
f 2570 2577 2585
f 2570 2585 2578
f 2571 2574 2586
f 2573 2584 2574
f 2574 2584 2587
f 2574 2587 2586
f 2575 2576 2588
f 2576 2589 2590
f 2576 2590 2591
f 2576 2591 2592
f 2576 2592 2588
f 2581 2593 2582
f 2582 2593 2594
f 2582 2594 2583
f 2583 2594 2595
f 2589 2596 2597
f 2589 2597 2590
f 2593 2598 2594
f 2594 2598 2599
f 2594 2599 2600
f 2594 2600 2595
f 2595 2600 2601
f 2596 2602 2603
f 2596 2603 2597
f 2598 2604 2599
f 2599 2604 2605
f 2599 2605 2600
f 2600 2606 2601
f 2600 2605 2607
f 2600 2607 2608
f 2600 2608 2606
f 2602 2609 2610
f 2602 2610 2611
f 2602 2611 2612
f 2602 2612 2603
f 2604 2613 2605
f 2605 2613 2614
f 2605 2614 2615
f 2605 2615 2616
f 2605 2616 2617
f 2605 2617 2607
f 2609 2618 2619
f 2609 2619 2620
f 2609 2620 2621
f 2609 2621 2622
f 2609 2622 2623
f 2609 2623 2610
f 2613 2624 2614
f 2614 2624 2625
f 2614 2625 2615
f 2615 2625 2626
f 2615 2626 2627
f 2615 2627 2616
f 2618 2628 2629
f 2618 2629 2619
f 2624 2630 2625
f 2625 2630 2631
f 2625 2631 2632
f 2625 2632 2633
f 2625 2633 2626
f 2628 2634 2635
f 2628 2635 2629
f 2630 2636 2637
f 2630 2637 2638
f 2630 2638 2631
f 2631 2639 2633
f 2631 2633 2632
f 2631 2638 2639
f 2634 2640 2641
f 2634 2641 2635
f 2636 2642 2637
f 2637 2642 2643
f 2637 2643 2644
f 2637 2644 2645
f 2637 2645 2646
f 2637 2646 2647
f 2637 2647 2648
f 2637 2648 2638
f 2638 2648 2649
f 2638 2649 2650
f 2638 2650 2651
f 2638 2651 2652
f 2638 2652 2653
f 2638 2653 2654
f 2638 2654 2655
f 2638 2655 2656
f 2638 2656 2639
f 2640 2657 2658
f 2640 2658 2659
f 2640 2659 2641
f 2648 2660 2661
f 2648 2661 2662
f 2648 2662 2663
f 2648 2663 2649
f 2649 2663 2650
f 2650 2663 2651
f 2651 2663 2664
f 2657 2665 2658
f 2658 2665 2666
f 2658 2666 2667
f 2660 2668 2669
f 2660 2669 2670
f 2660 2670 2671
f 2660 2671 2661
f 2661 2671 2672
f 2661 2672 2662
f 2662 2672 2663
f 2663 2673 2664
f 2663 2672 2674
f 2663 2674 2673
f 2665 2675 2666
f 2666 2676 2677
f 2666 2677 2678
f 2666 2678 2679
f 2666 2679 2680
f 2666 2680 2681
f 2666 2681 2682
f 2666 2682 2683
f 2666 2683 2684
f 2666 2684 2685
f 2666 2685 2686
f 2666 2686 2687
f 2666 2687 2667
f 2666 2675 2676
f 2668 2688 2669
f 2669 2688 2689
f 2669 2689 2690
f 2669 2690 2691
f 2669 2691 2670
f 2670 2691 2671
f 2671 2691 2672
f 2672 2691 2692
f 2672 2692 2674
f 2673 2674 2693
f 2674 2692 2694
f 2674 2694 2695
f 2674 2695 2693
f 2676 2678 2677
f 2679 2696 2680
f 2680 2696 2697
f 2680 2697 2698
f 2680 2698 2699
f 2680 2699 2700
f 2680 2700 2681
f 2681 2700 2701
f 2681 2701 2682
f 2682 2702 2703
f 2682 2703 2683
f 2682 2701 2702
f 2688 2704 2689
f 2688 2705 2704
f 2689 2704 2690
f 2690 2704 2691
f 2691 2706 2692
f 2691 2704 2707
f 2691 2707 2706
f 2692 2706 2708
f 2692 2708 2709
f 2692 2709 2694
f 2694 2709 2710
f 2694 2710 2711
f 2694 2711 2695
f 2698 2712 2713
f 2698 2713 2714
f 2698 2714 2699
f 2699 2714 2700
f 2700 2714 2701
f 2701 2714 2715
f 2701 2715 2716
f 2701 2716 2717
f 2701 2717 2718
f 2701 2718 2719
f 2701 2719 2702
f 2702 2720 2703
f 2702 2719 2720
f 2704 2705 2721
f 2704 2721 2707
f 2706 2707 2722
f 2706 2722 2708
f 2707 2723 2724
f 2707 2724 2722
f 2707 2721 2725
f 2707 2725 2723
f 2708 2722 2726
f 2708 2726 2727
f 2708 2727 2709
f 2709 2727 2728
f 2709 2728 2710
f 2710 2728 2729
f 2712 2730 2731
f 2712 2731 2732
f 2712 2732 2713
f 2713 2732 2733
f 2713 2733 2715
f 2713 2715 2714
f 2715 2733 2734
f 2715 2734 2716
f 2716 2734 2735
f 2721 2736 2725
f 2722 2724 2726
f 2723 2737 2738
f 2723 2738 2724
f 2723 2725 2743
f 2723 2743 2737
f 2724 2738 2739
f 2724 2739 2726
f 2725 2736 2740
f 2725 2740 2741
f 2725 2741 2742
f 2725 2742 2743
f 2726 2744 2727
f 2726 2739 2744
f 2727 2744 2728
f 2728 2744 2745
f 2728 2745 2729
f 2730 2746 2742
f 2730 2742 2741
f 2730 2741 2731
f 2730 2747 2746
f 2731 2741 2732
f 2732 2741 2733
f 2733 2741 2734
f 2734 2748 2735
f 2734 2741 2749
f 2734 2749 2750
f 2734 2750 2751
f 2734 2751 2752
f 2734 2752 2748
f 2737 2743 2753
f 2737 2754 2739
f 2737 2739 2738
f 2739 2754 2744
f 2740 2751 2750
f 2740 2750 2741
f 2741 2750 2749
f 2742 2746 2747
f 2742 2747 2743
f 2743 2747 2755
f 2743 2755 2753
f 2744 2754 2756
f 2744 2756 2745
f 2748 2752 2751
f 2757 2758 2759
f 2757 2759 2760
f 2757 2760 2761
f 2757 2761 2762
f 2757 2762 2763
f 2757 2763 2764
f 2757 2764 2765
f 2757 2765 2766
f 2757 2766 2771
f 2757 2771 2767
f 2757 2767 2772
f 2757 2772 2776
f 2757 2776 2782
f 2757 2782 2781
f 2757 2781 2780
f 2757 2780 2786
f 2757 2786 2784
f 2757 2784 2783
f 2757 2783 2777
f 2757 2777 2773
f 2757 2773 2768
f 2757 2768 2769
f 2757 2769 2770
f 2757 2770 2758
f 2758 2770 2769
f 2758 2769 2774
f 2758 2774 2778
f 2758 2778 2785
f 2758 2785 2779
f 2758 2779 2775
f 2758 2775 2771
f 2758 2771 2766
f 2758 2766 2765
f 2758 2765 2764
f 2758 2764 2763
f 2758 2763 2762
f 2758 2762 2761
f 2758 2761 2760
f 2758 2760 2759
f 2767 2771 2775
f 2767 2775 2772
f 2768 2773 2769
f 2769 2773 2774
f 2772 2775 2776
f 2773 2777 2774
f 2774 2777 2778
f 2775 2779 2780
f 2775 2780 2781
f 2775 2781 2782
f 2775 2782 2776
f 2777 2783 2778
f 2778 2783 2784
f 2778 2784 2785
f 2779 2785 2786
f 2779 2786 2780
f 2784 2786 2785
f 2787 2788 2793
f 2787 2793 2800
f 2787 2800 2811
f 2787 2811 2833
f 2787 2833 2863
f 2787 2863 2885
f 2787 2885 2887
f 2787 2887 2895
f 2787 2895 2894
f 2787 2894 2888
f 2787 2888 2867
f 2787 2867 2842
f 2787 2842 2823
f 2787 2823 2822
f 2787 2822 2821
f 2787 2821 2820
f 2787 2820 2805
f 2787 2805 2795
f 2787 2795 2789
f 2787 2789 2796
f 2787 2796 2808
f 2787 2808 2827
f 2787 2827 2853
f 2787 2853 2877
f 2787 2877 2892
f 2787 2892 2878
f 2787 2878 2855
f 2787 2855 2854
f 2787 2854 2828
f 2787 2828 2809
f 2787 2809 2798
f 2787 2798 2797
f 2787 2797 2790
f 2787 2790 2791
f 2787 2791 2792
f 2787 2792 2788
f 2788 2792 2794
f 2788 2794 2793
f 2789 2795 2806
f 2789 2806 2825
f 2789 2825 2849
f 2789 2849 2873
f 2789 2873 2850
f 2789 2850 2826
f 2789 2826 2807
f 2789 2807 2796
f 2790 2797 2791
f 2791 2797 2798
f 2791 2798 2799
f 2791 2799 2794
f 2791 2794 2792
f 2793 2794 2800
f 2794 2801 2802
f 2794 2802 2800
f 2794 2799 2803
f 2794 2803 2804
f 2794 2804 2801
f 2795 2805 2806
f 2796 2807 2808
f 2798 2809 2799
f 2799 2809 2810
f 2799 2810 2803
f 2800 2802 2811
f 2801 2812 2802
f 2801 2804 2813
f 2801 2813 2812
f 2802 2812 2814
f 2802 2814 2811
f 2803 2810 2815
f 2803 2815 2816
f 2803 2816 2804
f 2804 2817 2818
f 2804 2818 2819
f 2804 2819 2813
f 2804 2816 2817
f 2805 2820 2806
f 2806 2820 2821
f 2806 2821 2822
f 2806 2822 2823
f 2806 2823 2824
f 2806 2824 2846
f 2806 2846 2845
f 2806 2845 2844
f 2806 2844 2843
f 2806 2843 2868
f 2806 2868 2886
f 2806 2886 2864
f 2806 2864 2865
f 2806 2865 2841
f 2806 2841 2819
f 2806 2819 2818
f 2806 2818 2840
f 2806 2840 2839
f 2806 2839 2866
f 2806 2866 2884
f 2806 2884 2883
f 2806 2883 2881
f 2806 2881 2889
f 2806 2889 2869
f 2806 2869 2847
f 2806 2847 2825
f 2807 2826 2808
f 2808 2826 2827
f 2809 2828 2810
f 2810 2829 2830
f 2810 2830 2831
f 2810 2831 2832
f 2810 2832 2815
f 2810 2828 2829
f 2811 2814 2833
f 2812 2813 2834
f 2812 2834 2814
f 2813 2819 2834
f 2814 2835 2833
f 2814 2834 2836
f 2814 2836 2835
f 2815 2832 2816
f 2816 2832 2837
f 2816 2837 2817
f 2817 2837 2832
f 2817 2832 2838
f 2817 2838 2839
f 2817 2839 2840
f 2817 2840 2818
f 2819 2841 2834
f 2823 2842 2843
f 2823 2843 2844
f 2823 2844 2845
f 2823 2845 2846
f 2823 2846 2824
f 2825 2847 2848
f 2825 2848 2849
f 2826 2850 2827
f 2827 2851 2852
f 2827 2852 2853
f 2827 2850 2851
f 2828 2854 2829
f 2829 2855 2856
f 2829 2856 2830
f 2829 2854 2855
f 2830 2856 2857
f 2830 2857 2858
f 2830 2858 2859
f 2830 2859 2831
f 2831 2859 2860
f 2831 2860 2832
f 2832 2860 2861
f 2832 2861 2862
f 2832 2862 2839
f 2832 2839 2838
f 2833 2835 2864
f 2833 2864 2863
f 2834 2841 2836
f 2835 2836 2864
f 2836 2841 2865
f 2836 2865 2864
f 2839 2862 2866
f 2842 2867 2843
f 2843 2867 2868
f 2847 2869 2870
f 2847 2870 2871
f 2847 2871 2848
f 2848 2871 2872
f 2848 2872 2873
f 2848 2873 2849
f 2850 2873 2874
f 2850 2874 2851
f 2851 2874 2852
f 2852 2875 2853
f 2852 2874 2876
f 2852 2876 2875
f 2853 2875 2877
f 2855 2878 2856
f 2856 2878 2857
f 2857 2879 2858
f 2857 2878 2880
f 2857 2880 2875
f 2857 2875 2879
f 2858 2879 2859
f 2859 2881 2882
f 2859 2882 2861
f 2859 2861 2860
f 2859 2879 2881
f 2861 2883 2862
f 2861 2882 2883
f 2862 2883 2884
f 2862 2884 2866
f 2863 2864 2885
f 2864 2886 2887
f 2864 2887 2885
f 2867 2888 2868
f 2868 2888 2886
f 2869 2889 2870
f 2870 2889 2890
f 2870 2890 2871
f 2871 2876 2872
f 2871 2890 2875
f 2871 2875 2876
f 2872 2876 2891
f 2872 2891 2873
f 2873 2891 2874
f 2874 2891 2876
f 2875 2880 2878
f 2875 2878 2892
f 2875 2892 2877
f 2875 2890 2893
f 2875 2893 2879
f 2879 2893 2881
f 2881 2893 2889
f 2881 2883 2882
f 2886 2888 2894
f 2886 2894 2895
f 2886 2895 2887
f 2889 2893 2890
f 2896 2897 2898
f 2896 2898 2899
f 2896 2899 2900
f 2896 2900 2906
f 2896 2906 2919
f 2896 2919 2939
f 2896 2939 2941
f 2896 2941 2921
f 2896 2921 2907
f 2896 2907 2901
f 2896 2901 2908
f 2896 2908 2926
f 2896 2926 2947
f 2896 2947 2959
f 2896 2959 2970
f 2896 2970 2971
f 2896 2971 2948
f 2896 2948 2927
f 2896 2927 2909
f 2896 2909 2902
f 2896 2902 2897
f 2897 2902 2903
f 2897 2903 2898
f 2898 2903 2899
f 2899 2903 2904
f 2899 2904 2905
f 2899 2905 2900
f 2900 2905 2906
f 2901 2907 2920
f 2901 2920 2940
f 2901 2940 2944
f 2901 2944 2943
f 2901 2943 2954
f 2901 2954 2979
f 2901 2979 2978
f 2901 2978 2977
f 2901 2977 2991
f 2901 2991 2990
f 2901 2990 3000
f 2901 3000 3005
f 2901 3005 3013
f 2901 3013 3012
f 2901 3012 3011
f 2901 3011 3010
f 2901 3010 3009
f 2901 3009 3007
f 2901 3007 3003
f 2901 3003 2992
f 2901 2992 2983
f 2901 2983 2980
f 2901 2980 2955
f 2901 2955 2945
f 2901 2945 2925
f 2901 2925 2908
f 2902 2909 2903
f 2903 2909 2910
f 2903 2910 2904
f 2904 2910 2911
f 2904 2911 2912
f 2904 2912 2913
f 2904 2913 2905
f 2905 2914 2915
f 2905 2915 2916
f 2905 2916 2917
f 2905 2917 2906
f 2905 2913 2918
f 2905 2918 2914
f 2906 2917 2916
f 2906 2916 2919
f 2907 2921 2922
f 2907 2922 2923
f 2907 2923 2924
f 2907 2924 2920
f 2908 2925 2926
f 2909 2927 2910
f 2910 2927 2911
f 2911 2927 2928
f 2911 2928 2929
f 2911 2929 2930
f 2911 2930 2931
f 2911 2931 2912
f 2912 2932 2933
f 2912 2933 2913
f 2912 2931 2934
f 2912 2934 2935
f 2912 2935 2936
f 2912 2936 2932
f 2913 2933 2918
f 2914 2918 2933
f 2914 2933 2932
f 2914 2932 2936
f 2914 2936 2935
f 2914 2935 2934
f 2914 2934 2952
f 2914 2952 2975
f 2914 2975 2988
f 2914 2988 2998
f 2914 2998 2997
f 2914 2997 2996
f 2914 2996 2995
f 2914 2995 2994
f 2914 2994 2984
f 2914 2984 2966
f 2914 2966 2965
f 2914 2965 2964
f 2914 2964 2963
f 2914 2963 2962
f 2914 2962 2961
f 2914 2961 2960
f 2914 2960 2982
f 2914 2982 2956
f 2914 2956 2981
f 2914 2981 2993
f 2914 2993 3004
f 2914 3004 3008
f 2914 3008 3006
f 2914 3006 3002
f 2914 3002 3001
f 2914 3001 2999
f 2914 2999 2989
f 2914 2989 2976
f 2914 2976 2953
f 2914 2953 2942
f 2914 2942 2924
f 2914 2924 2923
f 2914 2923 2922
f 2914 2922 2921
f 2914 2921 2941
f 2914 2941 2938
f 2914 2938 2937
f 2914 2937 2916
f 2914 2916 2915
f 2916 2937 2919
f 2919 2938 2939
f 2919 2937 2938
f 2920 2924 2940
f 2924 2942 2943
f 2924 2943 2944
f 2924 2944 2940
f 2925 2945 2946
f 2925 2946 2947
f 2925 2947 2926
f 2927 2948 2949
f 2927 2949 2928
f 2928 2949 2950
f 2928 2950 2929
f 2929 2950 2951
f 2929 2951 2930
f 2930 2951 2931
f 2931 2951 2934
f 2934 2951 2952
f 2938 2941 2939
f 2942 2953 2954
f 2942 2954 2943
f 2945 2955 2956
f 2945 2956 2957
f 2945 2957 2958
f 2945 2958 2946
f 2946 2959 2947
f 2946 2958 2960
f 2946 2960 2961
f 2946 2961 2962
f 2946 2962 2963
f 2946 2963 2964
f 2946 2964 2965
f 2946 2965 2966
f 2946 2966 2967
f 2946 2967 2968
f 2946 2968 2969
f 2946 2969 2970
f 2946 2970 2959
f 2948 2971 2949
f 2949 2971 2972
f 2949 2972 2950
f 2950 2972 2973
f 2950 2973 2951
f 2951 2973 2974
f 2951 2974 2975
f 2951 2975 2952
f 2953 2976 2977
f 2953 2977 2978
f 2953 2978 2979
f 2953 2979 2954
f 2955 2980 2956
f 2956 2982 2957
f 2956 2980 2983
f 2956 2983 2981
f 2957 2982 2958
f 2958 2982 2960
f 2966 2984 2985
f 2966 2985 2968
f 2966 2968 2967
f 2968 2985 2972
f 2968 2972 2969
f 2969 2972 2970
f 2970 2972 2971
f 2972 2985 2973
f 2973 2985 2986
f 2973 2986 2987
f 2973 2987 2974
f 2974 2987 2975
f 2975 2987 2988
f 2976 2989 2990
f 2976 2990 2991
f 2976 2991 2977
f 2981 2983 2992
f 2981 2992 2993
f 2984 2994 2985
f 2985 2994 2986
f 2986 2994 2995
f 2986 2995 2996
f 2986 2996 2987
f 2987 2996 2997
f 2987 2997 2998
f 2987 2998 2988
f 2989 2999 2990
f 2990 2999 3001
f 2990 3001 3002
f 2990 3002 3000
f 2992 3003 2993
f 2993 3003 3004
f 3000 3002 3005
f 3002 3006 3005
f 3003 3007 3004
f 3004 3007 3009
f 3004 3009 3010
f 3004 3010 3011
f 3004 3011 3012
f 3004 3012 3008
f 3005 3006 3013
f 3006 3008 3013
f 3008 3012 3013
f 3014 3015 3018
f 3014 3018 3031
f 3014 3031 3030
f 3014 3030 3029
f 3014 3029 3047
f 3014 3047 3069
f 3014 3069 3093
f 3014 3093 3124
f 3014 3124 3149
f 3014 3149 3171
f 3014 3171 3192
f 3014 3192 3197
f 3014 3197 3196
f 3014 3196 3195
f 3014 3195 3194
f 3014 3194 3221
f 3014 3221 3220
f 3014 3220 3219
f 3014 3219 3218
f 3014 3218 3227
f 3014 3227 3231
f 3014 3231 3242
f 3014 3242 3241
f 3014 3241 3240
f 3014 3240 3243
f 3014 3243 3232
f 3014 3232 3228
f 3014 3228 3223
f 3014 3223 3199
f 3014 3199 3175
f 3014 3175 3174
f 3014 3174 3155
f 3014 3155 3154
f 3014 3154 3153
f 3014 3153 3152
f 3014 3152 3129
f 3014 3129 3128
f 3014 3128 3126
f 3014 3126 3095
f 3014 3095 3071
f 3014 3071 3048
f 3014 3048 3032
f 3014 3032 3019
f 3014 3019 3016
f 3014 3016 3026
f 3014 3026 3040
f 3014 3040 3055
f 3014 3055 3078
f 3014 3078 3081
f 3014 3081 3105
f 3014 3105 3134
f 3014 3134 3158
f 3014 3158 3157
f 3014 3157 3179
f 3014 3179 3209
f 3014 3209 3208
f 3014 3208 3207
f 3014 3207 3206
f 3014 3206 3205
f 3014 3205 3211
f 3014 3211 3184
f 3014 3184 3165
f 3014 3165 3140
f 3014 3140 3117
f 3014 3117 3086
f 3014 3086 3059
f 3014 3059 3043
f 3014 3043 3027
f 3014 3027 3017
f 3014 3017 3015
f 3015 3017 3018
f 3016 3019 3020
f 3016 3020 3021
f 3016 3021 3022
f 3016 3022 3023
f 3016 3023 3024
f 3016 3024 3025
f 3016 3025 3026
f 3017 3027 3028
f 3017 3028 3029
f 3017 3029 3030
f 3017 3030 3031
f 3017 3031 3018
f 3019 3032 3020
f 3020 3033 3021
f 3020 3032 3034
f 3020 3034 3035
f 3020 3035 3033
f 3021 3033 3022
f 3022 3033 3036
f 3022 3036 3037
f 3022 3037 3023
f 3023 3037 3035
f 3023 3035 3024
f 3024 3038 3039
f 3024 3039 3040
f 3024 3040 3026
f 3024 3026 3025
f 3024 3035 3041
f 3024 3041 3042
f 3024 3042 3038
f 3027 3043 3044
f 3027 3044 3045
f 3027 3045 3028
f 3028 3046 3029
f 3028 3045 3046
f 3029 3046 3047
f 3032 3048 3049
f 3032 3049 3050
f 3032 3050 3034
f 3033 3035 3036
f 3034 3051 3052
f 3034 3052 3053
f 3034 3053 3035
f 3034 3050 3051
f 3035 3053 3041
f 3035 3037 3036
f 3038 3042 3039
f 3039 3054 3055
f 3039 3055 3040
f 3039 3042 3056
f 3039 3056 3054
f 3041 3053 3057
f 3041 3057 3058
f 3041 3058 3042
f 3042 3058 3056
f 3043 3059 3060
f 3043 3060 3061
f 3043 3061 3062
f 3043 3062 3044
f 3044 3063 3046
f 3044 3046 3045
f 3044 3062 3061
f 3044 3061 3064
f 3044 3064 3065
f 3044 3065 3066
f 3044 3066 3067
f 3044 3067 3063
f 3046 3068 3069
f 3046 3069 3047
f 3046 3063 3067
f 3046 3067 3070
f 3046 3070 3068
f 3048 3071 3072
f 3048 3072 3049
f 3049 3072 3096
f 3049 3096 3127
f 3049 3127 3151
f 3049 3151 3173
f 3049 3173 3198
f 3049 3198 3222
f 3049 3222 3224
f 3049 3224 3229
f 3049 3229 3238
f 3049 3238 3237
f 3049 3237 3236
f 3049 3236 3235
f 3049 3235 3234
f 3049 3234 3233
f 3049 3233 3246
f 3049 3246 3245
f 3049 3245 3244
f 3049 3244 3248
f 3049 3248 3247
f 3049 3247 3239
f 3049 3239 3230
f 3049 3230 3226
f 3049 3226 3217
f 3049 3217 3193
f 3049 3193 3172
f 3049 3172 3150
f 3049 3150 3125
f 3049 3125 3094
f 3049 3094 3092
f 3049 3092 3066
f 3049 3066 3065
f 3049 3065 3091
f 3049 3091 3123
f 3049 3123 3122
f 3049 3122 3121
f 3049 3121 3148
f 3049 3148 3170
f 3049 3170 3169
f 3049 3169 3168
f 3049 3168 3191
f 3049 3191 3190
f 3049 3190 3216
f 3049 3216 3215
f 3049 3215 3225
f 3049 3225 3201
f 3049 3201 3200
f 3049 3200 3210
f 3049 3210 3182
f 3049 3182 3163
f 3049 3163 3162
f 3049 3162 3161
f 3049 3161 3137
f 3049 3137 3113
f 3049 3113 3136
f 3049 3136 3111
f 3049 3111 3110
f 3049 3110 3109
f 3049 3109 3108
f 3049 3108 3107
f 3049 3107 3135
f 3049 3135 3131
f 3049 3131 3130
f 3049 3130 3100
f 3049 3100 3099
f 3049 3099 3098
f 3049 3098 3097
f 3049 3097 3073
f 3049 3073 3050
f 3050 3073 3051
f 3051 3074 3052
f 3051 3073 3074
f 3052 3074 3075
f 3052 3075 3053
f 3053 3075 3076
f 3053 3076 3077
f 3053 3077 3082
f 3053 3082 3057
f 3054 3056 3055
f 3055 3056 3078
f 3056 3058 3079
f 3056 3079 3080
f 3056 3080 3081
f 3056 3081 3078
f 3057 3082 3083
f 3057 3083 3084
f 3057 3084 3058
f 3058 3084 3085
f 3058 3085 3079
f 3059 3086 3060
f 3060 3087 3088
f 3060 3088 3061
f 3060 3086 3089
f 3060 3089 3087
f 3061 3088 3064
f 3064 3088 3090
f 3064 3090 3091
f 3064 3091 3065
f 3066 3092 3067
f 3067 3092 3070
f 3068 3093 3069
f 3068 3070 3094
f 3068 3094 3093
f 3070 3092 3094
f 3071 3095 3096
f 3071 3096 3072
f 3073 3097 3074
f 3074 3097 3076
f 3074 3076 3075
f 3076 3097 3098
f 3076 3098 3099
f 3076 3099 3100
f 3076 3100 3101
f 3076 3101 3077
f 3077 3101 3082
f 3079 3102 3080
f 3079 3085 3102
f 3080 3102 3103
f 3080 3103 3104
f 3080 3104 3105
f 3080 3105 3081
f 3082 3101 3106
f 3082 3106 3083
f 3083 3106 3107
f 3083 3107 3108
f 3083 3108 3084
f 3084 3108 3109
f 3084 3109 3110
f 3084 3110 3111
f 3084 3111 3112
f 3084 3112 3085
f 3085 3112 3113
f 3085 3113 3114
f 3085 3114 3115
f 3085 3115 3116
f 3085 3116 3102
f 3086 3117 3089
f 3087 3118 3119
f 3087 3119 3120
f 3087 3120 3121
f 3087 3121 3088
f 3087 3089 3117
f 3087 3117 3118
f 3088 3121 3122
f 3088 3122 3123
f 3088 3123 3090
f 3090 3123 3091
f 3093 3094 3125
f 3093 3125 3124
f 3095 3126 3096
f 3096 3126 3128
f 3096 3128 3129
f 3096 3129 3127
f 3100 3130 3101
f 3101 3130 3131
f 3101 3131 3106
f 3102 3116 3103
f 3103 3132 3104
f 3103 3116 3133
f 3103 3133 3132
f 3104 3132 3105
f 3105 3132 3134
f 3106 3131 3135
f 3106 3135 3107
f 3111 3136 3112
f 3112 3136 3113
f 3113 3137 3114
f 3114 3137 3138
f 3114 3138 3115
f 3115 3138 3116
f 3116 3138 3139
f 3116 3139 3133
f 3117 3140 3141
f 3117 3141 3118
f 3118 3142 3143
f 3118 3143 3144
f 3118 3144 3145
f 3118 3145 3146
f 3118 3146 3119
f 3118 3141 3140
f 3118 3140 3147
f 3118 3147 3142
f 3119 3146 3120
f 3120 3146 3121
f 3121 3146 3148
f 3124 3125 3150
f 3124 3150 3149
f 3127 3129 3152
f 3127 3152 3153
f 3127 3153 3154
f 3127 3154 3155
f 3127 3155 3151
f 3132 3133 3156
f 3132 3156 3157
f 3132 3157 3158
f 3132 3158 3134
f 3133 3139 3138
f 3133 3138 3159
f 3133 3159 3160
f 3133 3160 3156
f 3137 3161 3138
f 3138 3161 3162
f 3138 3162 3163
f 3138 3163 3164
f 3138 3164 3159
f 3140 3165 3147
f 3142 3166 3143
f 3142 3147 3166
f 3143 3166 3144
f 3144 3166 3145
f 3145 3167 3168
f 3145 3168 3169
f 3145 3169 3146
f 3145 3166 3167
f 3146 3169 3170
f 3146 3170 3148
f 3147 3165 3166
f 3149 3150 3171
f 3150 3172 3171
f 3151 3155 3174
f 3151 3174 3175
f 3151 3175 3173
f 3156 3160 3176
f 3156 3176 3177
f 3156 3177 3178
f 3156 3178 3179
f 3156 3179 3180
f 3156 3180 3157
f 3157 3180 3179
f 3159 3164 3181
f 3159 3181 3160
f 3160 3181 3176
f 3163 3182 3164
f 3164 3182 3183
f 3164 3183 3181
f 3165 3184 3185
f 3165 3185 3166
f 3166 3185 3186
f 3166 3186 3187
f 3166 3187 3167
f 3167 3188 3189
f 3167 3189 3190
f 3167 3190 3191
f 3167 3191 3168
f 3167 3187 3188
f 3171 3172 3192
f 3172 3193 3194
f 3172 3194 3195
f 3172 3195 3196
f 3172 3196 3197
f 3172 3197 3192
f 3173 3175 3199
f 3173 3199 3198
f 3176 3181 3183
f 3176 3183 3177
f 3177 3183 3200
f 3177 3200 3201
f 3177 3201 3202
f 3177 3202 3178
f 3178 3202 3203
f 3178 3203 3204
f 3178 3204 3205
f 3178 3205 3206
f 3178 3206 3207
f 3178 3207 3208
f 3178 3208 3209
f 3178 3209 3179
f 3182 3210 3183
f 3183 3210 3200
f 3184 3211 3185
f 3185 3212 3213
f 3185 3213 3214
f 3185 3214 3186
f 3185 3211 3205
f 3185 3205 3212
f 3186 3214 3203
f 3186 3203 3188
f 3186 3188 3187
f 3188 3203 3215
f 3188 3215 3216
f 3188 3216 3189
f 3189 3216 3190
f 3193 3217 3218
f 3193 3218 3219
f 3193 3219 3220
f 3193 3220 3221
f 3193 3221 3194
f 3198 3199 3222
f 3199 3223 3224
f 3199 3224 3222
f 3201 3225 3202
f 3202 3225 3203
f 3203 3225 3215
f 3203 3214 3213
f 3203 3213 3204
f 3204 3213 3212
f 3204 3212 3205
f 3217 3226 3227
f 3217 3227 3218
f 3223 3228 3224
f 3224 3228 3229
f 3226 3230 3227
f 3227 3230 3231
f 3228 3232 3233
f 3228 3233 3234
f 3228 3234 3235
f 3228 3235 3236
f 3228 3236 3237
f 3228 3237 3238
f 3228 3238 3229
f 3230 3239 3240
f 3230 3240 3241
f 3230 3241 3242
f 3230 3242 3231
f 3232 3243 3244
f 3232 3244 3245
f 3232 3245 3246
f 3232 3246 3233
f 3239 3247 3240
f 3240 3247 3243
f 3243 3247 3248
f 3243 3248 3244
f 3249 3250 3254
f 3249 3254 3262
f 3249 3262 3272
f 3249 3272 3284
f 3249 3284 3287
f 3249 3287 3286
f 3249 3286 3292
f 3249 3292 3291
f 3249 3291 3290
f 3249 3290 3289
f 3249 3289 3275
f 3249 3275 3264
f 3249 3264 3259
f 3249 3259 3258
f 3249 3258 3255
f 3249 3255 3251
f 3249 3251 3252
f 3249 3252 3257
f 3249 3257 3253
f 3249 3253 3250
f 3250 3253 3260
f 3250 3260 3269
f 3250 3269 3268
f 3250 3268 3281
f 3250 3281 3296
f 3250 3296 3305
f 3250 3305 3313
f 3250 3313 3312
f 3250 3312 3320
f 3250 3320 3329
f 3250 3329 3335
f 3250 3335 3334
f 3250 3334 3333
f 3250 3333 3331
f 3250 3331 3323
f 3250 3323 3322
f 3250 3322 3315
f 3250 3315 3306
f 3250 3306 3297
f 3250 3297 3282
f 3250 3282 3270
f 3250 3270 3261
f 3250 3261 3254
f 3251 3255 3252
f 3252 3256 3263
f 3252 3263 3274
f 3252 3274 3277
f 3252 3277 3276
f 3252 3276 3273
f 3252 3273 3285
f 3252 3285 3300
f 3252 3300 3309
f 3252 3309 3308
f 3252 3308 3317
f 3252 3317 3325
f 3252 3325 3332
f 3252 3332 3336
f 3252 3336 3330
f 3252 3330 3326
f 3252 3326 3318
f 3252 3318 3310
f 3252 3310 3302
f 3252 3302 3301
f 3252 3301 3293
f 3252 3293 3278
f 3252 3278 3265
f 3252 3265 3257
f 3252 3255 3258
f 3252 3258 3259
f 3252 3259 3256
f 3253 3257 3260
f 3254 3261 3262
f 3256 3259 3264
f 3256 3264 3263
f 3257 3265 3266
f 3257 3266 3267
f 3257 3267 3268
f 3257 3268 3269
f 3257 3269 3260
f 3261 3270 3271
f 3261 3271 3262
f 3262 3271 3273
f 3262 3273 3272
f 3263 3264 3274
f 3264 3275 3276
f 3264 3276 3277
f 3264 3277 3274
f 3265 3278 3279
f 3265 3279 3266
f 3266 3279 3280
f 3266 3280 3267
f 3267 3280 3281
f 3267 3281 3268
f 3270 3282 3283
f 3270 3283 3271
f 3271 3283 3273
f 3272 3273 3284
f 3273 3283 3285
f 3273 3276 3286
f 3273 3286 3287
f 3273 3287 3288
f 3273 3288 3284
f 3275 3289 3276
f 3276 3289 3290
f 3276 3290 3291
f 3276 3291 3292
f 3276 3292 3286
f 3278 3293 3294
f 3278 3294 3279
f 3279 3294 3280
f 3280 3294 3295
f 3280 3295 3281
f 3281 3295 3296
f 3282 3297 3283
f 3283 3297 3298
f 3283 3298 3299
f 3283 3299 3300
f 3283 3300 3285
f 3284 3288 3287
f 3293 3301 3294
f 3294 3301 3302
f 3294 3302 3303
f 3294 3303 3304
f 3294 3304 3305
f 3294 3305 3295
f 3295 3305 3296
f 3297 3306 3298
f 3298 3306 3307
f 3298 3307 3308
f 3298 3308 3309
f 3298 3309 3299
f 3299 3309 3300
f 3302 3310 3303
f 3303 3311 3312
f 3303 3312 3313
f 3303 3313 3305
f 3303 3305 3304
f 3303 3310 3314
f 3303 3314 3311
f 3306 3315 3307
f 3307 3315 3316
f 3307 3316 3308
f 3308 3316 3317
f 3310 3318 3314
f 3311 3314 3319
f 3311 3319 3312
f 3312 3319 3320
f 3314 3321 3319
f 3314 3318 3321
f 3315 3322 3316
f 3316 3322 3323
f 3316 3323 3324
f 3316 3324 3317
f 3317 3324 3325
f 3318 3326 3321
f 3319 3321 3327
f 3319 3327 3328
f 3319 3328 3320
f 3320 3328 3329
f 3321 3326 3330
f 3321 3330 3327
f 3323 3331 3324
f 3324 3327 3332
f 3324 3332 3325
f 3324 3331 3333
f 3324 3333 3334
f 3324 3334 3335
f 3324 3335 3328
f 3324 3328 3327
f 3327 3330 3336
f 3327 3336 3332
f 3328 3335 3329
f 3337 3338 3341
f 3337 3341 3339
f 3337 3339 3343
f 3337 3343 3367
f 3337 3367 3368
f 3337 3368 3344
f 3337 3344 3340
f 3337 3340 3346
f 3337 3346 3371
f 3337 3371 3389
f 3337 3389 3403
f 3337 3403 3418
f 3337 3418 3417
f 3337 3417 3419
f 3337 3419 3406
f 3337 3406 3391
f 3337 3391 3372
f 3337 3372 3349
f 3337 3349 3348
f 3337 3348 3347
f 3337 3347 3342
f 3337 3342 3338
f 3338 3342 3341
f 3339 3341 3362
f 3339 3362 3376
f 3339 3376 3396
f 3339 3396 3407
f 3339 3407 3410
f 3339 3410 3422
f 3339 3422 3427
f 3339 3427 3423
f 3339 3423 3411
f 3339 3411 3398
f 3339 3398 3397
f 3339 3397 3377
f 3339 3377 3363
f 3339 3363 3343
f 3340 3344 3345
f 3340 3345 3346
f 3341 3342 3347
f 3341 3347 3348
f 3341 3348 3349
f 3341 3349 3350
f 3341 3350 3351
f 3341 3351 3352
f 3341 3352 3353
f 3341 3353 3354
f 3341 3354 3355
f 3341 3355 3356
f 3341 3356 3357
f 3341 3357 3358
f 3341 3358 3359
f 3341 3359 3360
f 3341 3360 3361
f 3341 3361 3362
f 3343 3363 3364
f 3343 3364 3365
f 3343 3365 3366
f 3343 3366 3367
f 3344 3368 3345
f 3345 3368 3346
f 3346 3369 3370
f 3346 3370 3371
f 3346 3368 3369
f 3349 3372 3373
f 3349 3373 3351
f 3349 3351 3350
f 3351 3373 3352
f 3352 3373 3392
f 3352 3392 3406
f 3352 3406 3419
f 3352 3419 3429
f 3352 3429 3428
f 3352 3428 3416
f 3352 3416 3415
f 3352 3415 3400
f 3352 3400 3380
f 3352 3380 3364
f 3352 3364 3379
f 3352 3379 3378
f 3352 3378 3399
f 3352 3399 3414
f 3352 3414 3426
f 3352 3426 3425
f 3352 3425 3424
f 3352 3424 3421
f 3352 3421 3408
f 3352 3408 3394
f 3352 3394 3374
f 3352 3374 3359
f 3352 3359 3358
f 3352 3358 3357
f 3352 3357 3356
f 3352 3356 3355
f 3352 3355 3354
f 3352 3354 3353
f 3359 3374 3375
f 3359 3375 3360
f 3360 3375 3361
f 3361 3375 3376
f 3361 3376 3362
f 3363 3377 3378
f 3363 3378 3379
f 3363 3379 3364
f 3364 3380 3381
f 3364 3381 3366
f 3364 3366 3365
f 3366 3381 3382
f 3366 3382 3383
f 3366 3383 3384
f 3366 3384 3367
f 3367 3384 3368
f 3368 3385 3386
f 3368 3386 3369
f 3368 3384 3387
f 3368 3387 3385
f 3369 3386 3370
f 3370 3388 3389
f 3370 3389 3371
f 3370 3386 3390
f 3370 3390 3388
f 3372 3391 3373
f 3373 3391 3392
f 3374 3393 3375
f 3374 3394 3395
f 3374 3395 3393
f 3375 3393 3396
f 3375 3396 3376
f 3377 3397 3378
f 3378 3397 3398
f 3378 3398 3399
f 3380 3400 3401
f 3380 3401 3381
f 3381 3401 3382
f 3382 3402 3383
f 3382 3401 3403
f 3382 3403 3402
f 3383 3402 3390
f 3383 3390 3384
f 3384 3390 3387
f 3385 3387 3390
f 3385 3390 3386
f 3388 3390 3404
f 3388 3404 3389
f 3389 3404 3402
f 3389 3402 3405
f 3389 3405 3403
f 3390 3402 3404
f 3391 3406 3392
f 3393 3395 3407
f 3393 3407 3396
f 3394 3408 3409
f 3394 3409 3395
f 3395 3409 3410
f 3395 3410 3407
f 3398 3411 3412
f 3398 3412 3399
f 3399 3412 3413
f 3399 3413 3414
f 3400 3415 3401
f 3401 3416 3417
f 3401 3417 3418
f 3401 3418 3403
f 3401 3415 3416
f 3402 3403 3405
f 3408 3420 3409
f 3408 3421 3420
f 3409 3420 3422
f 3409 3422 3410
f 3411 3423 3413
f 3411 3413 3412
f 3413 3424 3425
f 3413 3425 3426
f 3413 3426 3414
f 3413 3423 3427
f 3413 3427 3420
f 3413 3420 3424
f 3416 3428 3417
f 3417 3428 3429
f 3417 3429 3419
f 3420 3427 3422
f 3420 3421 3424
f 3430 3431 3432
f 3430 3432 3442
f 3430 3442 3455
f 3430 3455 3473
f 3430 3473 3488
f 3430 3488 3487
f 3430 3487 3510
f 3430 3510 3525
f 3430 3525 3524
f 3430 3524 3537
f 3430 3537 3549
f 3430 3549 3548
f 3430 3548 3563
f 3430 3563 3572
f 3430 3572 3584
f 3430 3584 3586
f 3430 3586 3599
f 3430 3599 3598
f 3430 3598 3609
f 3430 3609 3614
f 3430 3614 3618
f 3430 3618 3626
f 3430 3626 3633
f 3430 3633 3635
f 3430 3635 3640
f 3430 3640 3639
f 3430 3639 3644
f 3430 3644 3648
f 3430 3648 3649
f 3430 3649 3645
f 3430 3645 3641
f 3430 3641 3636
f 3430 3636 3630
f 3430 3630 3622
f 3430 3622 3617
f 3430 3617 3612
f 3430 3612 3605
f 3430 3605 3606
f 3430 3606 3603
f 3430 3603 3610
f 3430 3610 3601
f 3430 3601 3600
f 3430 3600 3589
f 3430 3589 3577
f 3430 3577 3567
f 3430 3567 3558
f 3430 3558 3557
f 3430 3557 3556
f 3430 3556 3555
f 3430 3555 3554
f 3430 3554 3546
f 3430 3546 3534
f 3430 3534 3533
f 3430 3533 3532
f 3430 3532 3522
f 3430 3522 3521
f 3430 3521 3515
f 3430 3515 3514
f 3430 3514 3493
f 3430 3493 3477
f 3430 3477 3476
f 3430 3476 3474
f 3430 3474 3456
f 3430 3456 3443
f 3430 3443 3433
f 3430 3433 3434
f 3430 3434 3435
f 3430 3435 3436
f 3430 3436 3431
f 3431 3437 3438
f 3431 3438 3432
f 3431 3436 3439
f 3431 3439 3440
f 3431 3440 3441
f 3431 3441 3437
f 3432 3438 3442
f 3433 3443 3434
f 3434 3443 3444
f 3434 3444 3435
f 3435 3445 3446
f 3435 3446 3447
f 3435 3447 3436
f 3435 3444 3445
f 3436 3447 3439
f 3437 3441 3438
f 3438 3441 3448
f 3438 3448 3449
f 3438 3449 3450
f 3438 3450 3451
f 3438 3451 3442
f 3439 3447 3452
f 3439 3452 3440
f 3440 3452 3441
f 3441 3452 3453
f 3441 3453 3454
f 3441 3454 3448
f 3442 3451 3455
f 3443 3456 3444
f 3444 3456 3457
f 3444 3457 3458
f 3444 3458 3459
f 3444 3459 3460
f 3444 3460 3461
f 3444 3461 3445
f 3445 3461 3462
f 3445 3462 3446
f 3446 3462 3447
f 3447 3462 3463
f 3447 3463 3453
f 3447 3453 3452
f 3448 3454 3450
f 3448 3450 3449
f 3450 3464 3465
f 3450 3465 3451
f 3450 3454 3466
f 3450 3466 3464
f 3451 3465 3455
f 3453 3463 3467
f 3453 3467 3468
f 3453 3468 3454
f 3454 3468 3469
f 3454 3469 3470
f 3454 3470 3471
f 3454 3471 3472
f 3454 3472 3466
f 3455 3465 3473
f 3456 3474 3475
f 3456 3475 3457
f 3457 3475 3458
f 3458 3475 3474
f 3458 3474 3476
f 3458 3476 3477
f 3458 3477 3478
f 3458 3478 3459
f 3459 3479 3480
f 3459 3480 3481
f 3459 3481 3460
f 3459 3478 3479
f 3460 3481 3461
f 3461 3481 3482
f 3461 3482 3462
f 3462 3482 3483
f 3462 3483 3484
f 3462 3484 3485
f 3462 3485 3463
f 3463 3485 3483
f 3463 3483 3507
f 3463 3507 3506
f 3463 3506 3503
f 3463 3503 3502
f 3463 3502 3501
f 3463 3501 3520
f 3463 3520 3518
f 3463 3518 3517
f 3463 3517 3516
f 3463 3516 3531
f 3463 3531 3545
f 3463 3545 3553
f 3463 3553 3565
f 3463 3565 3574
f 3463 3574 3576
f 3463 3576 3588
f 3463 3588 3587
f 3463 3587 3583
f 3463 3583 3596
f 3463 3596 3607
f 3463 3607 3604
f 3463 3604 3611
f 3463 3611 3616
f 3463 3616 3621
f 3463 3621 3625
f 3463 3625 3624
f 3463 3624 3623
f 3463 3623 3632
f 3463 3632 3631
f 3463 3631 3637
f 3463 3637 3642
f 3463 3642 3646
f 3463 3646 3647
f 3463 3647 3643
f 3463 3643 3638
f 3463 3638 3634
f 3463 3634 3629
f 3463 3629 3628
f 3463 3628 3627
f 3463 3627 3620
f 3463 3620 3619
f 3463 3619 3615
f 3463 3615 3613
f 3463 3613 3608
f 3463 3608 3597
f 3463 3597 3585
f 3463 3585 3573
f 3463 3573 3564
f 3463 3564 3551
f 3463 3551 3540
f 3463 3540 3528
f 3463 3528 3511
f 3463 3511 3491
f 3463 3491 3490
f 3463 3490 3492
f 3463 3492 3471
f 3463 3471 3469
f 3463 3469 3467
f 3464 3486 3487
f 3464 3487 3488
f 3464 3488 3473
f 3464 3473 3465
f 3464 3466 3489
f 3464 3489 3490
f 3464 3490 3491
f 3464 3491 3486
f 3466 3472 3489
f 3467 3469 3468
f 3469 3471 3470
f 3471 3492 3472
f 3472 3492 3490
f 3472 3490 3489
f 3477 3493 3478
f 3478 3493 3494
f 3478 3494 3495
f 3478 3495 3479
f 3479 3496 3497
f 3479 3497 3480
f 3479 3495 3498
f 3479 3498 3499
f 3479 3499 3500
f 3479 3500 3496
f 3480 3497 3501
f 3480 3501 3502
f 3480 3502 3503
f 3480 3503 3504
f 3480 3504 3505
f 3480 3505 3481
f 3481 3505 3504
f 3481 3504 3482
f 3482 3504 3503
f 3482 3503 3506
f 3482 3506 3507
f 3482 3507 3483
f 3483 3485 3484
f 3486 3508 3487
f 3486 3491 3509
f 3486 3509 3508
f 3487 3508 3510
f 3491 3511 3512
f 3491 3512 3513
f 3491 3513 3509
f 3493 3514 3494
f 3494 3514 3495
f 3495 3514 3515
f 3495 3515 3498
f 3496 3516 3517
f 3496 3517 3518
f 3496 3518 3497
f 3496 3500 3519
f 3496 3519 3516
f 3497 3518 3520
f 3497 3520 3501
f 3498 3515 3499
f 3499 3515 3500
f 3500 3515 3521
f 3500 3521 3522
f 3500 3522 3532
f 3500 3532 3523
f 3500 3523 3519
f 3508 3524 3525
f 3508 3525 3510
f 3508 3509 3513
f 3508 3513 3526
f 3508 3526 3527
f 3508 3527 3524
f 3511 3528 3529
f 3511 3529 3513
f 3511 3513 3512
f 3513 3529 3530
f 3513 3530 3526
f 3516 3519 3531
f 3519 3523 3531
f 3523 3532 3533
f 3523 3533 3534
f 3523 3534 3535
f 3523 3535 3531
f 3524 3536 3537
f 3524 3527 3538
f 3524 3538 3539
f 3524 3539 3536
f 3526 3530 3527
f 3527 3530 3539
f 3527 3539 3538
f 3528 3540 3541
f 3528 3541 3542
f 3528 3542 3543
f 3528 3543 3530
f 3528 3530 3529
f 3530 3543 3542
f 3530 3542 3544
f 3530 3544 3539
f 3531 3535 3546
f 3531 3546 3545
f 3534 3546 3535
f 3536 3547 3548
f 3536 3548 3549
f 3536 3549 3537
f 3536 3539 3550
f 3536 3550 3547
f 3539 3544 3542
f 3539 3542 3550
f 3540 3551 3541
f 3541 3551 3552
f 3541 3552 3542
f 3542 3552 3550
f 3545 3546 3554
f 3545 3554 3555
f 3545 3555 3556
f 3545 3556 3557
f 3545 3557 3558
f 3545 3558 3559
f 3545 3559 3553
f 3547 3560 3548
f 3547 3550 3561
f 3547 3561 3552
f 3547 3552 3562
f 3547 3562 3560
f 3548 3560 3563
f 3550 3552 3561
f 3551 3564 3562
f 3551 3562 3552
f 3553 3559 3566
f 3553 3566 3565
f 3558 3567 3568
f 3558 3568 3559
f 3559 3568 3569
f 3559 3569 3570
f 3559 3570 3571
f 3559 3571 3566
f 3560 3562 3563
f 3562 3564 3563
f 3563 3564 3572
f 3564 3573 3572
f 3565 3566 3574
f 3566 3571 3575
f 3566 3575 3576
f 3566 3576 3574
f 3567 3577 3578
f 3567 3578 3579
f 3567 3579 3569
f 3567 3569 3568
f 3569 3579 3580
f 3569 3580 3570
f 3570 3581 3571
f 3570 3580 3581
f 3571 3581 3582
f 3571 3582 3583
f 3571 3583 3575
f 3572 3573 3584
f 3573 3585 3586
f 3573 3586 3584
f 3575 3583 3587
f 3575 3587 3588
f 3575 3588 3576
f 3577 3589 3590
f 3577 3590 3578
f 3578 3590 3579
f 3579 3590 3580
f 3580 3590 3591
f 3580 3591 3592
f 3580 3592 3581
f 3581 3593 3582
f 3581 3592 3594
f 3581 3594 3593
f 3582 3595 3583
f 3582 3593 3595
f 3583 3595 3596
f 3585 3597 3598
f 3585 3598 3599
f 3585 3599 3586
f 3589 3600 3590
f 3590 3600 3601
f 3590 3601 3602
f 3590 3602 3592
f 3590 3592 3591
f 3592 3602 3603
f 3592 3603 3594
f 3593 3604 3595
f 3593 3594 3605
f 3593 3605 3604
f 3594 3603 3606
f 3594 3606 3605
f 3595 3604 3607
f 3595 3607 3596
f 3597 3608 3598
f 3598 3608 3609
f 3601 3610 3602
f 3602 3610 3603
f 3604 3605 3611
f 3605 3612 3611
f 3608 3613 3609
f 3609 3613 3615
f 3609 3615 3614
f 3611 3612 3617
f 3611 3617 3616
f 3614 3615 3619
f 3614 3619 3620
f 3614 3620 3618
f 3616 3617 3621
f 3617 3622 3623
f 3617 3623 3624
f 3617 3624 3625
f 3617 3625 3621
f 3618 3620 3627
f 3618 3627 3628
f 3618 3628 3629
f 3618 3629 3626
f 3622 3630 3631
f 3622 3631 3632
f 3622 3632 3623
f 3626 3629 3633
f 3629 3634 3635
f 3629 3635 3633
f 3630 3636 3637
f 3630 3637 3631
f 3634 3638 3639
f 3634 3639 3640
f 3634 3640 3635
f 3636 3641 3642
f 3636 3642 3637
f 3638 3643 3644
f 3638 3644 3639
f 3641 3645 3646
f 3641 3646 3642
f 3643 3647 3644
f 3644 3647 3646
f 3644 3646 3648
f 3645 3649 3646
f 3646 3649 3648
f 3650 3651 3655
f 3650 3655 3670
f 3650 3670 3686
f 3650 3686 3685
f 3650 3685 3684
f 3650 3684 3683
f 3650 3683 3667
f 3650 3667 3652
f 3650 3652 3668
f 3650 3668 3687
f 3650 3687 3697
f 3650 3697 3708
f 3650 3708 3716
f 3650 3716 3717
f 3650 3717 3714
f 3650 3714 3711
f 3650 3711 3700
f 3650 3700 3689
f 3650 3689 3673
f 3650 3673 3665
f 3650 3665 3663
f 3650 3663 3672
f 3650 3672 3660
f 3650 3660 3659
f 3650 3659 3658
f 3650 3658 3657
f 3650 3657 3656
f 3650 3656 3653
f 3650 3653 3651
f 3651 3654 3669
f 3651 3669 3680
f 3651 3680 3679
f 3651 3679 3678
f 3651 3678 3677
f 3651 3677 3676
f 3651 3676 3675
f 3651 3675 3674
f 3651 3674 3691
f 3651 3691 3694
f 3651 3694 3693
f 3651 3693 3706
f 3651 3706 3705
f 3651 3705 3704
f 3651 3704 3703
f 3651 3703 3696
f 3651 3696 3698
f 3651 3698 3688
f 3651 3688 3671
f 3651 3671 3655
f 3651 3653 3656
f 3651 3656 3657
f 3651 3657 3658
f 3651 3658 3659
f 3651 3659 3660
f 3651 3660 3661
f 3651 3661 3662
f 3651 3662 3663
f 3651 3663 3664
f 3651 3664 3665
f 3651 3665 3666
f 3651 3666 3654
f 3652 3667 3668
f 3654 3666 3669
f 3655 3671 3670
f 3660 3672 3662
f 3660 3662 3661
f 3662 3672 3663
f 3663 3665 3664
f 3665 3673 3681
f 3665 3681 3666
f 3666 3674 3675
f 3666 3675 3676
f 3666 3676 3677
f 3666 3677 3678
f 3666 3678 3679
f 3666 3679 3680
f 3666 3680 3669
f 3666 3681 3682
f 3666 3682 3674
f 3667 3683 3668
f 3668 3683 3684
f 3668 3684 3685
f 3668 3685 3686
f 3668 3686 3670
f 3668 3670 3671
f 3668 3671 3688
f 3668 3688 3699
f 3668 3699 3710
f 3668 3710 3709
f 3668 3709 3707
f 3668 3707 3695
f 3668 3695 3687
f 3673 3689 3690
f 3673 3690 3681
f 3674 3682 3691
f 3681 3690 3692
f 3681 3692 3682
f 3682 3692 3693
f 3682 3693 3694
f 3682 3694 3691
f 3687 3695 3696
f 3687 3696 3697
f 3688 3698 3699
f 3689 3700 3701
f 3689 3701 3690
f 3690 3701 3702
f 3690 3702 3703
f 3690 3703 3704
f 3690 3704 3692
f 3692 3704 3705
f 3692 3705 3706
f 3692 3706 3693
f 3695 3707 3696
f 3696 3703 3708
f 3696 3708 3697
f 3696 3707 3709
f 3696 3709 3698
f 3698 3709 3710
f 3698 3710 3699
f 3700 3711 3712
f 3700 3712 3702
f 3700 3702 3701
f 3702 3713 3703
f 3702 3712 3714
f 3702 3714 3715
f 3702 3715 3713
f 3703 3713 3715
f 3703 3715 3716
f 3703 3716 3708
f 3711 3714 3712
f 3714 3717 3715
f 3715 3717 3716
f 3718 3719 3722
f 3718 3722 3724
f 3718 3724 3720
f 3718 3720 3725
f 3718 3725 3733
f 3718 3733 3728
f 3718 3728 3727
f 3718 3727 3731
f 3718 3731 3730
f 3718 3730 3741
f 3718 3741 3748
f 3718 3748 3756
f 3718 3756 3768
f 3718 3768 3777
f 3718 3777 3775
f 3718 3775 3771
f 3718 3771 3759
f 3718 3759 3752
f 3718 3752 3743
f 3718 3743 3734
f 3718 3734 3726
f 3718 3726 3721
f 3718 3721 3723
f 3718 3723 3719
f 3719 3723 3732
f 3719 3732 3742
f 3719 3742 3750
f 3719 3750 3758
f 3719 3758 3765
f 3719 3765 3762
f 3719 3762 3754
f 3719 3754 3746
f 3719 3746 3745
f 3719 3745 3735
f 3719 3735 3729
f 3719 3729 3722
f 3720 3724 3725
f 3721 3726 3723
f 3722 3727 3728
f 3722 3728 3724
f 3722 3729 3730
f 3722 3730 3731
f 3722 3731 3727
f 3723 3726 3732
f 3724 3733 3725
f 3724 3728 3733
f 3726 3734 3744
f 3726 3744 3753
f 3726 3753 3761
f 3726 3761 3773
f 3726 3773 3776
f 3726 3776 3769
f 3726 3769 3757
f 3726 3757 3749
f 3726 3749 3742
f 3726 3742 3732
f 3729 3735 3736
f 3729 3736 3737
f 3729 3737 3738
f 3729 3738 3739
f 3729 3739 3730
f 3730 3739 3740
f 3730 3740 3741
f 3734 3743 3744
f 3735 3745 3736
f 3736 3745 3737
f 3737 3745 3746
f 3737 3746 3738
f 3738 3746 3739
f 3739 3746 3740
f 3740 3747 3741
f 3740 3746 3747
f 3741 3747 3748
f 3742 3749 3750
f 3743 3751 3744
f 3743 3752 3751
f 3744 3751 3753
f 3746 3754 3755
f 3746 3755 3747
f 3747 3755 3756
f 3747 3756 3748
f 3749 3757 3758
f 3749 3758 3750
f 3751 3752 3759
f 3751 3759 3760
f 3751 3760 3753
f 3753 3760 3761
f 3754 3762 3755
f 3755 3763 3756
f 3755 3762 3763
f 3756 3763 3762
f 3756 3762 3764
f 3756 3764 3765
f 3756 3765 3766
f 3756 3766 3767
f 3756 3767 3768
f 3757 3769 3766
f 3757 3766 3770
f 3757 3770 3758
f 3758 3770 3765
f 3759 3771 3760
f 3760 3771 3761
f 3761 3772 3773
f 3761 3771 3774
f 3761 3774 3775
f 3761 3775 3772
f 3762 3765 3764
f 3765 3770 3766
f 3766 3769 3767
f 3767 3769 3776
f 3767 3776 3777
f 3767 3777 3768
f 3771 3775 3774
f 3772 3778 3776
f 3772 3776 3773
f 3772 3775 3778
f 3775 3777 3778
f 3776 3778 3777
f 3779 3780 3784
f 3779 3784 3790
f 3779 3790 3797
f 3779 3797 3811
f 3779 3811 3810
f 3779 3810 3809
f 3779 3809 3808
f 3779 3808 3807
f 3779 3807 3825
f 3779 3825 3840
f 3779 3840 3854
f 3779 3854 3867
f 3779 3867 3879
f 3779 3879 3896
f 3779 3896 3920
f 3779 3920 3934
f 3779 3934 3937
f 3779 3937 3935
f 3779 3935 3925
f 3779 3925 3904
f 3779 3904 3886
f 3779 3886 3875
f 3779 3875 3868
f 3779 3868 3857
f 3779 3857 3856
f 3779 3856 3855
f 3779 3855 3850
f 3779 3850 3842
f 3779 3842 3841
f 3779 3841 3826
f 3779 3826 3812
f 3779 3812 3798
f 3779 3798 3791
f 3779 3791 3786
f 3779 3786 3781
f 3779 3781 3782
f 3779 3782 3783
f 3779 3783 3780
f 3780 3783 3785
f 3780 3785 3784
f 3781 3786 3782
f 3782 3787 3793
f 3782 3793 3792
f 3782 3792 3801
f 3782 3801 3800
f 3782 3800 3799
f 3782 3799 3815
f 3782 3815 3814
f 3782 3814 3813
f 3782 3813 3812
f 3782 3812 3826
f 3782 3826 3829
f 3782 3829 3828
f 3782 3828 3827
f 3782 3827 3817
f 3782 3817 3816
f 3782 3816 3802
f 3782 3802 3794
f 3782 3794 3788
f 3782 3788 3795
f 3782 3795 3805
f 3782 3805 3823
f 3782 3823 3822
f 3782 3822 3833
f 3782 3833 3849
f 3782 3849 3863
f 3782 3863 3876
f 3782 3876 3893
f 3782 3893 3918
f 3782 3918 3908
f 3782 3908 3928
f 3782 3928 3933
f 3782 3933 3919
f 3782 3919 3894
f 3782 3894 3878
f 3782 3878 3866
f 3782 3866 3864
f 3782 3864 3851
f 3782 3851 3836
f 3782 3836 3824
f 3782 3824 3806
f 3782 3806 3796
f 3782 3796 3789
f 3782 3789 3785
f 3782 3785 3783
f 3782 3786 3787
f 3784 3785 3789
f 3784 3789 3790
f 3786 3791 3792
f 3786 3792 3793
f 3786 3793 3787
f 3788 3794 3795
f 3789 3796 3797
f 3789 3797 3790
f 3791 3798 3799
f 3791 3799 3800
f 3791 3800 3801
f 3791 3801 3792
f 3794 3802 3795
f 3795 3802 3803
f 3795 3803 3804
f 3795 3804 3805
f 3796 3806 3807
f 3796 3807 3808
f 3796 3808 3809
f 3796 3809 3810
f 3796 3810 3811
f 3796 3811 3797
f 3798 3812 3813
f 3798 3813 3814
f 3798 3814 3815
f 3798 3815 3799
f 3802 3816 3803
f 3803 3816 3817
f 3803 3817 3818
f 3803 3818 3804
f 3804 3818 3819
f 3804 3819 3820
f 3804 3820 3821
f 3804 3821 3822
f 3804 3822 3823
f 3804 3823 3805
f 3806 3824 3825
f 3806 3825 3807
f 3817 3827 3818
f 3818 3827 3828
f 3818 3828 3829
f 3818 3829 3819
f 3819 3829 3820
f 3820 3829 3830
f 3820 3830 3831
f 3820 3831 3821
f 3821 3831 3822
f 3822 3832 3833
f 3822 3831 3834
f 3822 3834 3835
f 3822 3835 3832
f 3824 3836 3837
f 3824 3837 3838
f 3824 3838 3825
f 3825 3838 3839
f 3825 3839 3840
f 3826 3841 3829
f 3829 3841 3830
f 3830 3841 3842
f 3830 3842 3831
f 3831 3842 3834
f 3832 3835 3843
f 3832 3843 3833
f 3833 3843 3844
f 3833 3844 3845
f 3833 3845 3846
f 3833 3846 3847
f 3833 3847 3848
f 3833 3848 3849
f 3834 3842 3835
f 3835 3842 3850
f 3835 3850 3843
f 3836 3851 3852
f 3836 3852 3853
f 3836 3853 3837
f 3837 3853 3852
f 3837 3852 3865
f 3837 3865 3877
f 3837 3877 3894
f 3837 3894 3919
f 3837 3919 3915
f 3837 3915 3931
f 3837 3931 3922
f 3837 3922 3921
f 3837 3921 3897
f 3837 3897 3880
f 3837 3880 3867
f 3837 3867 3854
f 3837 3854 3839
f 3837 3839 3838
f 3839 3854 3840
f 3843 3855 3856
f 3843 3856 3844
f 3843 3850 3855
f 3844 3856 3857
f 3844 3857 3846
f 3844 3846 3845
f 3846 3857 3848
f 3846 3848 3847
f 3848 3858 3859
f 3848 3859 3860
f 3848 3860 3861
f 3848 3861 3849
f 3848 3857 3862
f 3848 3862 3858
f 3849 3861 3863
f 3851 3864 3852
f 3852 3864 3866
f 3852 3866 3865
f 3857 3868 3862
f 3858 3862 3869
f 3858 3869 3859
f 3859 3870 3871
f 3859 3871 3872
f 3859 3872 3860
f 3859 3869 3870
f 3860 3872 3861
f 3861 3872 3873
f 3861 3873 3874
f 3861 3874 3876
f 3861 3876 3863
f 3862 3868 3875
f 3862 3875 3869
f 3865 3866 3877
f 3866 3878 3877
f 3867 3880 3881
f 3867 3881 3882
f 3867 3882 3879
f 3869 3875 3883
f 3869 3883 3870
f 3870 3884 3885
f 3870 3885 3871
f 3870 3883 3886
f 3870 3886 3887
f 3870 3887 3884
f 3871 3888 3872
f 3871 3885 3889
f 3871 3889 3901
f 3871 3901 3890
f 3871 3890 3891
f 3871 3891 3888
f 3872 3888 3873
f 3873 3888 3874
f 3874 3888 3892
f 3874 3892 3893
f 3874 3893 3876
f 3875 3886 3883
f 3877 3878 3894
f 3879 3882 3895
f 3879 3895 3896
f 3880 3897 3898
f 3880 3898 3881
f 3881 3899 3890
f 3881 3890 3882
f 3881 3898 3900
f 3881 3900 3899
f 3882 3890 3901
f 3882 3901 3895
f 3884 3887 3886
f 3884 3886 3902
f 3884 3902 3885
f 3885 3903 3889
f 3885 3902 3904
f 3885 3904 3903
f 3886 3904 3902
f 3888 3905 3892
f 3888 3891 3906
f 3888 3906 3907
f 3888 3907 3908
f 3888 3908 3905
f 3889 3903 3923
f 3889 3923 3909
f 3889 3909 3910
f 3889 3910 3911
f 3889 3911 3912
f 3889 3912 3913
f 3889 3913 3901
f 3890 3899 3914
f 3890 3914 3915
f 3890 3915 3916
f 3890 3916 3891
f 3891 3916 3917
f 3891 3917 3906
f 3892 3905 3893
f 3893 3905 3918
f 3895 3901 3913
f 3895 3913 3896
f 3896 3913 3912
f 3896 3912 3911
f 3896 3911 3920
f 3897 3921 3900
f 3897 3900 3898
f 3899 3900 3921
f 3899 3921 3922
f 3899 3922 3914
f 3903 3904 3924
f 3903 3924 3923
f 3904 3925 3924
f 3905 3908 3918
f 3906 3917 3926
f 3906 3926 3927
f 3906 3927 3928
f 3906 3928 3907
f 3907 3928 3908
f 3909 3923 3929
f 3909 3929 3910
f 3910 3929 3936
f 3910 3936 3930
f 3910 3930 3911
f 3911 3930 3934
f 3911 3934 3920
f 3914 3922 3931
f 3914 3931 3915
f 3915 3919 3932
f 3915 3932 3917
f 3915 3917 3916
f 3917 3932 3919
f 3917 3919 3926
f 3919 3933 3926
f 3923 3924 3936
f 3923 3936 3929
f 3924 3925 3935
f 3924 3935 3937
f 3924 3937 3936
f 3926 3928 3927
f 3926 3933 3928
f 3930 3936 3937
f 3930 3937 3934
f 3938 3939 3943
f 3938 3943 3957
f 3938 3957 3981
f 3938 3981 3999
f 3938 3999 4020
f 3938 4020 4037
f 3938 4037 4018
f 3938 4018 4017
f 3938 4017 4016
f 3938 4016 4015
f 3938 4015 4036
f 3938 4036 4038
f 3938 4038 4022
f 3938 4022 4021
f 3938 4021 4000
f 3938 4000 3982
f 3938 3982 3958
f 3938 3958 3944
f 3938 3944 3940
f 3938 3940 3941
f 3938 3941 3945
f 3938 3945 3959
f 3938 3959 3964
f 3938 3964 3963
f 3938 3963 3962
f 3938 3962 3986
f 3938 3986 4003
f 3938 4003 4027
f 3938 4027 4047
f 3938 4047 4050
f 3938 4050 4049
f 3938 4049 4032
f 3938 4032 4031
f 3938 4031 4009
f 3938 4009 3995
f 3938 3995 3994
f 3938 3994 3974
f 3938 3974 3973
f 3938 3973 3972
f 3938 3972 3971
f 3938 3971 3970
f 3938 3970 3969
f 3938 3969 3967
f 3938 3967 3948
f 3938 3948 3942
f 3938 3942 3939
f 3939 3942 3953
f 3939 3953 3975
f 3939 3975 3976
f 3939 3976 3954
f 3939 3954 3943
f 3940 3944 3941
f 3941 3944 3946
f 3941 3946 3947
f 3941 3947 3945
f 3942 3948 3949
f 3942 3949 3950
f 3942 3950 3951
f 3942 3951 3952
f 3942 3952 3953
f 3943 3954 3955
f 3943 3955 3956
f 3943 3956 3957
f 3944 3958 3946
f 3945 3947 3959
f 3946 3958 3960
f 3946 3960 3947
f 3947 3961 3962
f 3947 3962 3963
f 3947 3963 3964
f 3947 3964 3959
f 3947 3960 3965
f 3947 3965 3966
f 3947 3966 3961
f 3948 3967 3949
f 3949 3968 3993
f 3949 3993 4008
f 3949 4008 4030
f 3949 4030 4051
f 3949 4051 4048
f 3949 4048 4028
f 3949 4028 4005
f 3949 4005 4004
f 3949 4004 3988
f 3949 3988 3987
f 3949 3987 3985
f 3949 3985 3961
f 3949 3961 3966
f 3949 3966 3992
f 3949 3992 3991
f 3949 3991 4007
f 3949 4007 4029
f 3949 4029 4046
f 3949 4046 4045
f 3949 4045 4044
f 3949 4044 4060
f 3949 4060 4059
f 3949 4059 4058
f 3949 4058 4062
f 3949 4062 4061
f 3949 4061 4052
f 3949 4052 4034
f 3949 4034 4033
f 3949 4033 4012
f 3949 4012 4011
f 3949 4011 4010
f 3949 4010 3996
f 3949 3996 3977
f 3949 3977 3975
f 3949 3975 3953
f 3949 3953 3952
f 3949 3952 3951
f 3949 3951 3950
f 3949 3967 3969
f 3949 3969 3970
f 3949 3970 3971
f 3949 3971 3972
f 3949 3972 3973
f 3949 3973 3974
f 3949 3974 3968
f 3954 3976 3956
f 3954 3956 3955
f 3956 3976 3975
f 3956 3975 3977
f 3956 3977 3978
f 3956 3978 3979
f 3956 3979 3957
f 3957 3980 3981
f 3957 3979 3980
f 3958 3982 3983
f 3958 3983 3960
f 3960 3983 3984
f 3960 3984 3965
f 3961 3985 3962
f 3962 3985 3987
f 3962 3987 3988
f 3962 3988 3986
f 3965 3984 3983
f 3965 3983 3989
f 3965 3989 3990
f 3965 3990 3991
f 3965 3991 3992
f 3965 3992 3966
f 3968 3974 3994
f 3968 3994 3995
f 3968 3995 3993
f 3977 3996 3978
f 3978 3996 3997
f 3978 3997 3998
f 3978 3998 3979
f 3979 3998 3980
f 3980 3999 3981
f 3980 3998 3999
f 3982 4000 4001
f 3982 4001 3983
f 3983 4001 4002
f 3983 4002 4006
f 3983 4006 3989
f 3986 3988 4004
f 3986 4004 4005
f 3986 4005 4003
f 3989 4006 4007
f 3989 4007 3990
f 3990 4007 3991
f 3993 3995 4008
f 3995 4009 4008
f 3996 4010 3997
f 3997 4010 4011
f 3997 4011 4012
f 3997 4012 4013
f 3997 4013 4014
f 3997 4014 4015
f 3997 4015 4016
f 3997 4016 4017
f 3997 4017 4018
f 3997 4018 3998
f 3998 4018 4019
f 3998 4019 4020
f 3998 4020 3999
f 4000 4021 4001
f 4001 4022 4023
f 4001 4023 4024
f 4001 4024 4002
f 4001 4021 4022
f 4002 4024 4025
f 4002 4025 4026
f 4002 4026 4006
f 4003 4005 4027
f 4005 4028 4027
f 4006 4026 4029
f 4006 4029 4007
f 4008 4009 4031
f 4008 4031 4032
f 4008 4032 4030
f 4012 4033 4013
f 4013 4033 4034
f 4013 4034 4035
f 4013 4035 4036
f 4013 4036 4015
f 4013 4015 4014
f 4018 4037 4019
f 4019 4037 4020
f 4022 4038 4039
f 4022 4039 4040
f 4022 4040 4023
f 4023 4040 4024
f 4024 4040 4041
f 4024 4041 4042
f 4024 4042 4025
f 4025 4042 4043
f 4025 4043 4044
f 4025 4044 4045
f 4025 4045 4026
f 4026 4046 4029
f 4026 4045 4046
f 4027 4028 4047
f 4028 4048 4049
f 4028 4049 4050
f 4028 4050 4047
f 4030 4032 4051
f 4032 4049 4051
f 4034 4052 4053
f 4034 4053 4035
f 4035 4053 4054
f 4035 4054 4036
f 4036 4054 4055
f 4036 4055 4056
f 4036 4056 4038
f 4038 4056 4041
f 4038 4041 4039
f 4039 4041 4040
f 4041 4056 4042
f 4042 4056 4057
f 4042 4057 4058
f 4042 4058 4043
f 4043 4059 4060
f 4043 4060 4044
f 4043 4058 4059
f 4048 4051 4049
f 4052 4061 4054
f 4052 4054 4053
f 4054 4061 4062
f 4054 4062 4058
f 4054 4058 4057
f 4054 4057 4056
f 4054 4056 4055
f 4063 4064 4068
f 4063 4068 4072
f 4063 4072 4077
f 4063 4077 4082
f 4063 4082 4086
f 4063 4086 4085
f 4063 4085 4084
f 4063 4084 4100
f 4063 4100 4099
f 4063 4099 4098
f 4063 4098 4097
f 4063 4097 4096
f 4063 4096 4095
f 4063 4095 4094
f 4063 4094 4093
f 4063 4093 4092
f 4063 4092 4108
f 4063 4108 4107
f 4063 4107 4120
f 4063 4120 4119
f 4063 4119 4140
f 4063 4140 4171
f 4063 4171 4170
f 4063 4170 4169
f 4063 4169 4212
f 4063 4212 4259
f 4063 4259 4257
f 4063 4257 4256
f 4063 4256 4255
f 4063 4255 4226
f 4063 4226 4225
f 4063 4225 4224
f 4063 4224 4190
f 4063 4190 4189
f 4063 4189 4188
f 4063 4188 4185
f 4063 4185 4151
f 4063 4151 4126
f 4063 4126 4114
f 4063 4114 4103
f 4063 4103 4089
f 4063 4089 4081
f 4063 4081 4080
f 4063 4080 4076
f 4063 4076 4074
f 4063 4074 4070
f 4063 4070 4065
f 4063 4065 4066
f 4063 4066 4067
f 4063 4067 4064
f 4064 4067 4069
f 4064 4069 4068
f 4065 4070 4071
f 4065 4071 4066
f 4066 4071 4075
f 4066 4075 4079
f 4066 4079 4087
f 4066 4087 4101
f 4066 4101 4112
f 4066 4112 4125
f 4066 4125 4150
f 4066 4150 4135
f 4066 4135 4118
f 4066 4118 4105
f 4066 4105 4090
f 4066 4090 4083
f 4066 4083 4078
f 4066 4078 4073
f 4066 4073 4069
f 4066 4069 4067
f 4068 4069 4073
f 4068 4073 4072
f 4070 4074 4071
f 4071 4074 4076
f 4071 4076 4075
f 4072 4073 4077
f 4073 4078 4077
f 4075 4076 4080
f 4075 4080 4081
f 4075 4081 4089
f 4075 4089 4104
f 4075 4104 4117
f 4075 4117 4134
f 4075 4134 4160
f 4075 4160 4159
f 4075 4159 4199
f 4075 4199 4198
f 4075 4198 4246
f 4075 4246 4245
f 4075 4245 4244
f 4075 4244 4243
f 4075 4243 4242
f 4075 4242 4241
f 4075 4241 4240
f 4075 4240 4239
f 4075 4239 4277
f 4075 4277 4289
f 4075 4289 4290
f 4075 4290 4291
f 4075 4291 4282
f 4075 4282 4261
f 4075 4261 4260
f 4075 4260 4213
f 4075 4213 4179
f 4075 4179 4178
f 4075 4178 4145
f 4075 4145 4141
f 4075 4141 4121
f 4075 4121 4113
f 4075 4113 4102
f 4075 4102 4088
f 4075 4088 4079
f 4077 4078 4082
f 4078 4083 4084
f 4078 4084 4085
f 4078 4085 4086
f 4078 4086 4082
f 4079 4088 4087
f 4083 4090 4091
f 4083 4091 4092
f 4083 4092 4093
f 4083 4093 4094
f 4083 4094 4095
f 4083 4095 4096
f 4083 4096 4097
f 4083 4097 4098
f 4083 4098 4099
f 4083 4099 4100
f 4083 4100 4084
f 4087 4088 4102
f 4087 4102 4101
f 4089 4103 4104
f 4090 4105 4106
f 4090 4106 4091
f 4091 4106 4107
f 4091 4107 4108
f 4091 4108 4092
f 4101 4109 4110
f 4101 4110 4111
f 4101 4111 4112
f 4101 4102 4109
f 4102 4113 4109
f 4103 4114 4104
f 4104 4114 4115
f 4104 4115 4116
f 4104 4116 4117
f 4105 4118 4106
f 4106 4118 4119
f 4106 4119 4120
f 4106 4120 4107
f 4109 4113 4110
f 4110 4113 4121
f 4110 4121 4122
f 4110 4122 4111
f 4111 4123 4124
f 4111 4124 4125
f 4111 4125 4112
f 4111 4122 4123
f 4114 4126 4115
f 4115 4126 4127
f 4115 4127 4128
f 4115 4128 4129
f 4115 4129 4130
f 4115 4130 4116
f 4116 4130 4131
f 4116 4131 4132
f 4116 4132 4133
f 4116 4133 4134
f 4116 4134 4117
f 4118 4135 4136
f 4118 4136 4137
f 4118 4137 4138
f 4118 4138 4119
f 4119 4138 4139
f 4119 4139 4140
f 4121 4141 4122
f 4122 4142 4143
f 4122 4143 4144
f 4122 4144 4123
f 4122 4141 4145
f 4122 4145 4142
f 4123 4144 4146
f 4123 4146 4124
f 4124 4147 4148
f 4124 4148 4125
f 4124 4146 4149
f 4124 4149 4147
f 4125 4148 4150
f 4126 4151 4127
f 4127 4151 4152
f 4127 4152 4153
f 4127 4153 4128
f 4128 4153 4132
f 4128 4132 4131
f 4128 4131 4129
f 4129 4131 4130
f 4132 4153 4154
f 4132 4154 4155
f 4132 4155 4133
f 4133 4156 4157
f 4133 4157 4158
f 4133 4158 4159
f 4133 4159 4160
f 4133 4160 4134
f 4133 4155 4156
f 4135 4150 4136
f 4136 4150 4148
f 4136 4148 4147
f 4136 4147 4161
f 4136 4161 4137
f 4137 4161 4162
f 4137 4162 4163
f 4137 4163 4164
f 4137 4164 4138
f 4138 4164 4163
f 4138 4163 4165
f 4138 4165 4166
f 4138 4166 4167
f 4138 4167 4139
f 4139 4167 4168
f 4139 4168 4169
f 4139 4169 4170
f 4139 4170 4171
f 4139 4171 4140
f 4142 4172 4173
f 4142 4173 4174
f 4142 4174 4175
f 4142 4175 4176
f 4142 4176 4177
f 4142 4177 4143
f 4142 4145 4178
f 4142 4178 4179
f 4142 4179 4172
f 4143 4177 4144
f 4144 4177 4180
f 4144 4180 4146
f 4146 4180 4149
f 4147 4149 4181
f 4147 4181 4161
f 4149 4180 4182
f 4149 4182 4183
f 4149 4183 4184
f 4149 4184 4181
f 4151 4185 4152
f 4152 4186 4187
f 4152 4187 4154
f 4152 4154 4153
f 4152 4185 4188
f 4152 4188 4189
f 4152 4189 4190
f 4152 4190 4186
f 4154 4187 4191
f 4154 4191 4155
f 4155 4191 4192
f 4155 4192 4156
f 4156 4192 4193
f 4156 4193 4157
f 4157 4193 4194
f 4157 4194 4195
f 4157 4195 4196
f 4157 4196 4197
f 4157 4197 4198
f 4157 4198 4199
f 4157 4199 4159
f 4157 4159 4158
f 4161 4181 4200
f 4161 4200 4162
f 4162 4200 4201
f 4162 4201 4163
f 4163 4201 4202
f 4163 4202 4203
f 4163 4203 4165
f 4165 4203 4166
f 4166 4203 4204
f 4166 4204 4167
f 4167 4204 4205
f 4167 4205 4168
f 4168 4205 4206
f 4168 4206 4207
f 4168 4207 4208
f 4168 4208 4209
f 4168 4209 4210
f 4168 4210 4211
f 4168 4211 4212
f 4168 4212 4169
f 4172 4213 4214
f 4172 4214 4215
f 4172 4215 4174
f 4172 4174 4173
f 4172 4179 4213
f 4174 4215 4216
f 4174 4216 4217
f 4174 4217 4175
f 4175 4217 4218
f 4175 4218 4219
f 4175 4219 4220
f 4175 4220 4176
f 4176 4220 4177
f 4177 4220 4182
f 4177 4182 4180
f 4181 4184 4200
f 4182 4220 4221
f 4182 4221 4222
f 4182 4222 4184
f 4182 4184 4183
f 4184 4222 4200
f 4186 4223 4187
f 4186 4190 4224
f 4186 4224 4225
f 4186 4225 4226
f 4186 4226 4223
f 4187 4223 4227
f 4187 4227 4228
f 4187 4228 4191
f 4191 4228 4192
f 4192 4229 4193
f 4192 4228 4229
f 4193 4230 4231
f 4193 4231 4232
f 4193 4232 4194
f 4193 4229 4233
f 4193 4233 4230
f 4194 4232 4195
f 4195 4232 4234
f 4195 4234 4235
f 4195 4235 4236
f 4195 4236 4237
f 4195 4237 4238
f 4195 4238 4196
f 4196 4238 4239
f 4196 4239 4240
f 4196 4240 4241
f 4196 4241 4242
f 4196 4242 4243
f 4196 4243 4244
f 4196 4244 4245
f 4196 4245 4246
f 4196 4246 4198
f 4196 4198 4197
f 4200 4222 4247
f 4200 4247 4202
f 4200 4202 4201
f 4202 4247 4248
f 4202 4248 4203
f 4203 4248 4249
f 4203 4249 4204
f 4204 4249 4250
f 4204 4250 4205
f 4205 4250 4206
f 4206 4250 4251
f 4206 4251 4207
f 4207 4251 4252
f 4207 4252 4209
f 4207 4209 4208
f 4209 4252 4228
f 4209 4228 4227
f 4209 4227 4253
f 4209 4253 4254
f 4209 4254 4255
f 4209 4255 4256
f 4209 4256 4257
f 4209 4257 4210
f 4210 4258 4211
f 4210 4257 4259
f 4210 4259 4258
f 4211 4258 4259
f 4211 4259 4212
f 4213 4260 4214
f 4214 4260 4217
f 4214 4217 4216
f 4214 4216 4215
f 4217 4260 4261
f 4217 4261 4262
f 4217 4262 4218
f 4218 4262 4263
f 4218 4263 4219
f 4219 4264 4221
f 4219 4221 4220
f 4219 4263 4265
f 4219 4265 4264
f 4221 4264 4222
f 4222 4264 4247
f 4223 4226 4254
f 4223 4254 4227
f 4226 4255 4254
f 4227 4254 4253
f 4228 4252 4266
f 4228 4266 4230
f 4228 4230 4233
f 4228 4233 4229
f 4230 4267 4232
f 4230 4232 4231
f 4230 4266 4268
f 4230 4268 4251
f 4230 4251 4269
f 4230 4269 4267
f 4232 4270 4271
f 4232 4271 4234
f 4232 4267 4270
f 4234 4271 4235
f 4235 4271 4272
f 4235 4272 4236
f 4236 4273 4238
f 4236 4238 4237
f 4236 4272 4274
f 4236 4274 4273
f 4238 4273 4275
f 4238 4275 4239
f 4239 4273 4276
f 4239 4276 4277
f 4239 4275 4273
f 4247 4264 4278
f 4247 4278 4248
f 4248 4278 4279
f 4248 4279 4249
f 4249 4279 4280
f 4249 4280 4250
f 4250 4280 4281
f 4250 4281 4251
f 4251 4281 4269
f 4251 4268 4252
f 4252 4268 4266
f 4261 4282 4262
f 4262 4282 4283
f 4262 4283 4263
f 4263 4283 4274
f 4263 4274 4272
f 4263 4272 4265
f 4264 4265 4284
f 4264 4284 4278
f 4265 4272 4284
f 4267 4269 4285
f 4267 4285 4270
f 4269 4281 4285
f 4270 4286 4271
f 4270 4285 4287
f 4270 4287 4286
f 4271 4286 4272
f 4272 4286 4287
f 4272 4287 4284
f 4273 4288 4276
f 4273 4274 4283
f 4273 4283 4288
f 4276 4289 4277
f 4276 4288 4290
f 4276 4290 4289
f 4278 4284 4287
f 4278 4287 4279
f 4279 4287 4280
f 4280 4287 4285
f 4280 4285 4281
f 4282 4291 4288
f 4282 4288 4283
f 4288 4291 4290
f 4292 4293 4294
f 4292 4294 4295
f 4292 4295 4296
f 4292 4296 4301
f 4292 4301 4300
f 4292 4300 4306
f 4292 4306 4311
f 4292 4311 4317
f 4292 4317 4325
f 4292 4325 4332
f 4292 4332 4336
f 4292 4336 4342
f 4292 4342 4348
f 4292 4348 4358
f 4292 4358 4363
f 4292 4363 4360
f 4292 4360 4359
f 4292 4359 4349
f 4292 4349 4343
f 4292 4343 4338
f 4292 4338 4337
f 4292 4337 4333
f 4292 4333 4326
f 4292 4326 4318
f 4292 4318 4312
f 4292 4312 4308
f 4292 4308 4302
f 4292 4302 4297
f 4292 4297 4298
f 4292 4298 4293
f 4293 4298 4303
f 4293 4303 4309
f 4293 4309 4313
f 4293 4313 4319
f 4293 4319 4327
f 4293 4327 4334
f 4293 4334 4340
f 4293 4340 4346
f 4293 4346 4345
f 4293 4345 4353
f 4293 4353 4352
f 4293 4352 4355
f 4293 4355 4354
f 4293 4354 4351
f 4293 4351 4361
f 4293 4361 4362
f 4293 4362 4356
f 4293 4356 4347
f 4293 4347 4341
f 4293 4341 4335
f 4293 4335 4331
f 4293 4331 4330
f 4293 4330 4328
f 4293 4328 4320
f 4293 4320 4314
f 4293 4314 4310
f 4293 4310 4305
f 4293 4305 4307
f 4293 4307 4304
f 4293 4304 4299
f 4293 4299 4295
f 4293 4295 4294
f 4295 4299 4300
f 4295 4300 4301
f 4295 4301 4296
f 4297 4302 4298
f 4298 4302 4303
f 4299 4304 4300
f 4300 4305 4310
f 4300 4310 4306
f 4300 4304 4307
f 4300 4307 4305
f 4302 4308 4303
f 4303 4308 4309
f 4306 4310 4314
f 4306 4314 4321
f 4306 4321 4329
f 4306 4329 4322
f 4306 4322 4315
f 4306 4315 4311
f 4308 4312 4309
f 4309 4312 4313
f 4311 4315 4316
f 4311 4316 4317
f 4312 4318 4319
f 4312 4319 4313
f 4314 4320 4321
f 4315 4322 4320
f 4315 4320 4323
f 4315 4323 4324
f 4315 4324 4316
f 4316 4324 4325
f 4316 4325 4317
f 4318 4326 4319
f 4319 4326 4327
f 4320 4328 4324
f 4320 4324 4323
f 4320 4322 4329
f 4320 4329 4321
f 4324 4328 4325
f 4325 4328 4330
f 4325 4330 4331
f 4325 4331 4332
f 4326 4333 4334
f 4326 4334 4327
f 4331 4335 4336
f 4331 4336 4332
f 4333 4337 4334
f 4334 4337 4338
f 4334 4338 4339
f 4334 4339 4340
f 4335 4341 4342
f 4335 4342 4336
f 4338 4343 4339
f 4339 4343 4344
f 4339 4344 4345
f 4339 4345 4346
f 4339 4346 4340
f 4341 4347 4348
f 4341 4348 4342
f 4343 4349 4350
f 4343 4350 4351
f 4343 4351 4344
f 4344 4352 4353
f 4344 4353 4345
f 4344 4351 4354
f 4344 4354 4355
f 4344 4355 4352
f 4347 4356 4357
f 4347 4357 4348
f 4348 4357 4358
f 4349 4359 4350
f 4350 4359 4360
f 4350 4360 4361
f 4350 4361 4351
f 4356 4362 4363
f 4356 4363 4358
f 4356 4358 4357
f 4360 4363 4361
f 4361 4363 4362
f 4364 4365 4370
f 4364 4370 4383
f 4364 4383 4411
f 4364 4411 4422
f 4364 4422 4442
f 4364 4442 4463
f 4364 4463 4482
f 4364 4482 4497
f 4364 4497 4496
f 4364 4496 4505
f 4364 4505 4504
f 4364 4504 4489
f 4364 4489 4488
f 4364 4488 4470
f 4364 4470 4469
f 4364 4469 4446
f 4364 4446 4431
f 4364 4431 4414
f 4364 4414 4388
f 4364 4388 4371
f 4364 4371 4366
f 4364 4366 4374
f 4364 4374 4403
f 4364 4403 4405
f 4364 4405 4380
f 4364 4380 4379
f 4364 4379 4378
f 4364 4378 4375
f 4364 4375 4367
f 4364 4367 4368
f 4364 4368 4369
f 4364 4369 4365
f 4365 4369 4370
f 4366 4371 4372
f 4366 4372 4373
f 4366 4373 4374
f 4367 4375 4368
f 4368 4376 4404
f 4368 4404 4377
f 4368 4377 4369
f 4368 4375 4378
f 4368 4378 4379
f 4368 4379 4380
f 4368 4380 4381
f 4368 4381 4382
f 4368 4382 4376
f 4369 4377 4383
f 4369 4383 4370
f 4371 4384 4385
f 4371 4385 4386
f 4371 4386 4387
f 4371 4387 4372
f 4371 4388 4389
f 4371 4389 4390
f 4371 4390 4391
f 4371 4391 4392
f 4371 4392 4393
f 4371 4393 4394
f 4371 4394 4395
f 4371 4395 4396
f 4371 4396 4397
f 4371 4397 4398
f 4371 4398 4399
f 4371 4399 4400
f 4371 4400 4401
f 4371 4401 4402
f 4371 4402 4384
f 4372 4387 4386
f 4372 4386 4385
f 4372 4385 4384
f 4372 4384 4402
f 4372 4402 4401
f 4372 4401 4400
f 4372 4400 4399
f 4372 4399 4398
f 4372 4398 4397
f 4372 4397 4396
f 4372 4396 4395
f 4372 4395 4394
f 4372 4394 4393
f 4372 4393 4392
f 4372 4392 4391
f 4372 4391 4390
f 4372 4390 4389
f 4372 4389 4413
f 4372 4413 4412
f 4372 4412 4419
f 4372 4419 4418
f 4372 4418 4417
f 4372 4417 4416
f 4372 4416 4437
f 4372 4437 4436
f 4372 4436 4453
f 4372 4453 4461
f 4372 4461 4460
f 4372 4460 4459
f 4372 4459 4458
f 4372 4458 4457
f 4372 4457 4454
f 4372 4454 4438
f 4372 4438 4420
f 4372 4420 4403
f 4372 4403 4374
f 4372 4374 4373
f 4376 4382 4404
f 4377 4404 4383
f 4380 4405 4381
f 4381 4405 4406
f 4381 4406 4382
f 4382 4406 4405
f 4382 4405 4407
f 4382 4407 4408
f 4382 4408 4409
f 4382 4409 4410
f 4382 4410 4404
f 4383 4404 4411
f 4388 4412 4413
f 4388 4413 4389
f 4388 4414 4415
f 4388 4415 4416
f 4388 4416 4417
f 4388 4417 4418
f 4388 4418 4419
f 4388 4419 4412
f 4403 4420 4439
f 4403 4439 4456
f 4403 4456 4480
f 4403 4480 4494
f 4403 4494 4475
f 4403 4475 4474
f 4403 4474 4493
f 4403 4493 4511
f 4403 4511 4519
f 4403 4519 4518
f 4403 4518 4517
f 4403 4517 4516
f 4403 4516 4521
f 4403 4521 4520
f 4403 4520 4515
f 4403 4515 4502
f 4403 4502 4501
f 4403 4501 4500
f 4403 4500 4484
f 4403 4484 4483
f 4403 4483 4464
f 4403 4464 4443
f 4403 4443 4429
f 4403 4429 4428
f 4403 4428 4427
f 4403 4427 4426
f 4403 4426 4405
f 4404 4421 4422
f 4404 4422 4411
f 4404 4410 4423
f 4404 4423 4424
f 4404 4424 4425
f 4404 4425 4421
f 4405 4426 4408
f 4405 4408 4407
f 4408 4426 4427
f 4408 4427 4428
f 4408 4428 4429
f 4408 4429 4409
f 4409 4430 4423
f 4409 4423 4410
f 4409 4429 4430
f 4414 4431 4432
f 4414 4432 4433
f 4414 4433 4434
f 4414 4434 4415
f 4415 4434 4435
f 4415 4435 4436
f 4415 4436 4437
f 4415 4437 4416
f 4420 4438 4439
f 4421 4425 4422
f 4422 4440 4441
f 4422 4441 4442
f 4422 4425 4440
f 4423 4430 4429
f 4423 4429 4424
f 4424 4429 4443
f 4424 4443 4444
f 4424 4444 4445
f 4424 4445 4425
f 4425 4445 4440
f 4431 4446 4447
f 4431 4447 4448
f 4431 4448 4432
f 4432 4448 4447
f 4432 4447 4433
f 4433 4449 4450
f 4433 4450 4451
f 4433 4451 4434
f 4433 4447 4449
f 4434 4451 4435
f 4435 4451 4452
f 4435 4452 4436
f 4436 4452 4453
f 4438 4454 4439
f 4439 4455 4456
f 4439 4454 4457
f 4439 4457 4458
f 4439 4458 4459
f 4439 4459 4460
f 4439 4460 4461
f 4439 4461 4453
f 4439 4453 4455
f 4440 4445 4441
f 4441 4462 4463
f 4441 4463 4442
f 4441 4445 4462
f 4443 4464 4465
f 4443 4465 4444
f 4444 4465 4466
f 4444 4466 4467
f 4444 4467 4468
f 4444 4468 4445
f 4445 4468 4462
f 4446 4469 4447
f 4447 4469 4470
f 4447 4470 4471
f 4447 4471 4472
f 4447 4472 4473
f 4447 4473 4449
f 4449 4473 4474
f 4449 4474 4475
f 4449 4475 4476
f 4449 4476 4450
f 4450 4476 4451
f 4451 4476 4477
f 4451 4477 4478
f 4451 4478 4452
f 4452 4478 4479
f 4452 4479 4455
f 4452 4455 4453
f 4455 4479 4456
f 4456 4479 4480
f 4462 4481 4482
f 4462 4482 4463
f 4462 4468 4481
f 4464 4483 4466
f 4464 4466 4465
f 4466 4483 4484
f 4466 4484 4485
f 4466 4485 4486
f 4466 4486 4467
f 4467 4486 4468
f 4468 4486 4485
f 4468 4485 4487
f 4468 4487 4481
f 4470 4488 4471
f 4471 4488 4489
f 4471 4489 4490
f 4471 4490 4491
f 4471 4491 4472
f 4472 4491 4473
f 4473 4491 4492
f 4473 4492 4493
f 4473 4493 4474
f 4475 4494 4476
f 4476 4479 4478
f 4476 4478 4477
f 4476 4494 4480
f 4476 4480 4479
f 4481 4495 4496
f 4481 4496 4497
f 4481 4497 4482
f 4481 4487 4498
f 4481 4498 4499
f 4481 4499 4495
f 4484 4500 4485
f 4485 4500 4501
f 4485 4501 4502
f 4485 4502 4503
f 4485 4503 4499
f 4485 4499 4498
f 4485 4498 4487
f 4489 4504 4490
f 4490 4504 4505
f 4490 4505 4506
f 4490 4506 4507
f 4490 4507 4491
f 4491 4507 4508
f 4491 4508 4492
f 4492 4508 4509
f 4492 4509 4510
f 4492 4510 4493
f 4493 4510 4511
f 4495 4499 4496
f 4496 4506 4505
f 4496 4499 4512
f 4496 4512 4506
f 4499 4503 4513
f 4499 4513 4514
f 4499 4514 4512
f 4502 4515 4503
f 4503 4515 4513
f 4506 4512 4514
f 4506 4514 4507
f 4507 4514 4508
f 4508 4514 4509
f 4509 4516 4517
f 4509 4517 4518
f 4509 4518 4510
f 4509 4514 4516
f 4510 4518 4519
f 4510 4519 4511
f 4513 4515 4520
f 4513 4520 4514
f 4514 4520 4521
f 4514 4521 4516
f 4522 4523 4524
f 4522 4524 4525
f 4522 4525 4526
f 4522 4526 4527
f 4522 4527 4528
f 4522 4528 4538
f 4522 4538 4550
f 4522 4550 4549
f 4522 4549 4559
f 4522 4559 4558
f 4522 4558 4565
f 4522 4565 4564
f 4522 4564 4563
f 4522 4563 4572
f 4522 4572 4578
f 4522 4578 4585
f 4522 4585 4584
f 4522 4584 4587
f 4522 4587 4594
f 4522 4594 4593
f 4522 4593 4602
f 4522 4602 4616
f 4522 4616 4627
f 4522 4627 4641
f 4522 4641 4650
f 4522 4650 4660
f 4522 4660 4659
f 4522 4659 4658
f 4522 4658 4657
f 4522 4657 4672
f 4522 4672 4684
f 4522 4684 4692
f 4522 4692 4691
f 4522 4691 4686
f 4522 4686 4685
f 4522 4685 4674
f 4522 4674 4663
f 4522 4663 4647
f 4522 4647 4645
f 4522 4645 4637
f 4522 4637 4620
f 4522 4620 4605
f 4522 4605 4598
f 4522 4598 4597
f 4522 4597 4596
f 4522 4596 4591
f 4522 4591 4582
f 4522 4582 4581
f 4522 4581 4574
f 4522 4574 4567
f 4522 4567 4561
f 4522 4561 4554
f 4522 4554 4551
f 4522 4551 4539
f 4522 4539 4529
f 4522 4529 4523
f 4523 4529 4530
f 4523 4530 4531
f 4523 4531 4525
f 4523 4525 4524
f 4525 4531 4532
f 4525 4532 4533
f 4525 4533 4534
f 4525 4534 4526
f 4526 4534 4535
f 4526 4535 4536
f 4526 4536 4527
f 4527 4536 4537
f 4527 4537 4528
f 4528 4537 4538
f 4529 4539 4540
f 4529 4540 4541
f 4529 4541 4530
f 4530 4541 4542
f 4530 4542 4543
f 4530 4543 4531
f 4531 4543 4532
f 4532 4543 4542
f 4532 4542 4541
f 4532 4541 4553
f 4532 4553 4552
f 4532 4552 4560
f 4532 4560 4566
f 4532 4566 4573
f 4532 4573 4579
f 4532 4579 4588
f 4532 4588 4595
f 4532 4595 4604
f 4532 4604 4608
f 4532 4608 4623
f 4532 4623 4622
f 4532 4622 4621
f 4532 4621 4638
f 4532 4638 4646
f 4532 4646 4662
f 4532 4662 4673
f 4532 4673 4679
f 4532 4679 4689
f 4532 4689 4688
f 4532 4688 4687
f 4532 4687 4690
f 4532 4690 4680
f 4532 4680 4668
f 4532 4668 4661
f 4532 4661 4644
f 4532 4644 4636
f 4532 4636 4635
f 4532 4635 4634
f 4532 4634 4633
f 4532 4633 4632
f 4532 4632 4631
f 4532 4631 4630
f 4532 4630 4629
f 4532 4629 4643
f 4532 4643 4652
f 4532 4652 4667
f 4532 4667 4666
f 4532 4666 4648
f 4532 4648 4639
f 4532 4639 4624
f 4532 4624 4614
f 4532 4614 4613
f 4532 4613 4612
f 4532 4612 4611
f 4532 4611 4610
f 4532 4610 4609
f 4532 4609 4619
f 4532 4619 4618
f 4532 4618 4617
f 4532 4617 4603
f 4532 4603 4601
f 4532 4601 4592
f 4532 4592 4586
f 4532 4586 4577
f 4532 4577 4571
f 4532 4571 4562
f 4532 4562 4556
f 4532 4556 4547
f 4532 4547 4546
f 4532 4546 4544
f 4532 4544 4533
f 4533 4544 4534
f 4534 4544 4535
f 4535 4545 4536
f 4535 4544 4546
f 4535 4546 4547
f 4535 4547 4545
f 4536 4545 4548
f 4536 4548 4537
f 4537 4548 4549
f 4537 4549 4550
f 4537 4550 4538
f 4539 4551 4540
f 4540 4552 4553
f 4540 4553 4541
f 4540 4551 4554
f 4540 4554 4552
f 4545 4555 4548
f 4545 4547 4556
f 4545 4556 4555
f 4548 4555 4557
f 4548 4557 4558
f 4548 4558 4559
f 4548 4559 4549
f 4552 4554 4561
f 4552 4561 4560
f 4555 4556 4557
f 4556 4562 4563
f 4556 4563 4564
f 4556 4564 4565
f 4556 4565 4557
f 4557 4565 4558
f 4560 4561 4566
f 4561 4567 4568
f 4561 4568 4569
f 4561 4569 4570
f 4561 4570 4566
f 4562 4571 4563
f 4563 4571 4572
f 4566 4570 4573
f 4567 4574 4575
f 4567 4575 4568
f 4568 4575 4583
f 4568 4583 4576
f 4568 4576 4573
f 4568 4573 4569
f 4569 4573 4570
f 4571 4577 4572
f 4572 4577 4578
f 4573 4576 4580
f 4573 4580 4579
f 4574 4581 4575
f 4575 4581 4582
f 4575 4582 4583
f 4576 4583 4580
f 4577 4584 4585
f 4577 4585 4578
f 4577 4586 4587
f 4577 4587 4584
f 4579 4580 4589
f 4579 4589 4588
f 4580 4583 4590
f 4580 4590 4589
f 4582 4591 4590
f 4582 4590 4583
f 4586 4592 4593
f 4586 4593 4594
f 4586 4594 4587
f 4588 4589 4595
f 4589 4590 4596
f 4589 4596 4597
f 4589 4597 4598
f 4589 4598 4599
f 4589 4599 4600
f 4589 4600 4595
f 4590 4591 4596
f 4592 4601 4593
f 4593 4601 4603
f 4593 4603 4602
f 4595 4600 4604
f 4598 4605 4600
f 4598 4600 4599
f 4600 4605 4606
f 4600 4606 4607
f 4600 4607 4608
f 4600 4608 4604
f 4602 4609 4610
f 4602 4610 4611
f 4602 4611 4612
f 4602 4612 4613
f 4602 4613 4614
f 4602 4614 4615
f 4602 4615 4626
f 4602 4626 4625
f 4602 4625 4640
f 4602 4640 4649
f 4602 4649 4653
f 4602 4653 4651
f 4602 4651 4642
f 4602 4642 4628
f 4602 4628 4616
f 4602 4603 4617
f 4602 4617 4618
f 4602 4618 4619
f 4602 4619 4609
f 4605 4620 4606
f 4606 4620 4621
f 4606 4621 4622
f 4606 4622 4623
f 4606 4623 4607
f 4607 4623 4608
f 4614 4624 4625
f 4614 4625 4626
f 4614 4626 4615
f 4616 4628 4629
f 4616 4629 4630
f 4616 4630 4631
f 4616 4631 4632
f 4616 4632 4633
f 4616 4633 4634
f 4616 4634 4635
f 4616 4635 4636
f 4616 4636 4627
f 4620 4637 4638
f 4620 4638 4621
f 4624 4639 4640
f 4624 4640 4625
f 4627 4636 4641
f 4628 4642 4629
f 4629 4642 4643
f 4636 4644 4641
f 4637 4645 4638
f 4638 4645 4647
f 4638 4647 4646
f 4639 4648 4640
f 4640 4648 4649
f 4641 4644 4650
f 4642 4651 4643
f 4643 4651 4653
f 4643 4653 4652
f 4644 4654 4655
f 4644 4655 4656
f 4644 4656 4657
f 4644 4657 4658
f 4644 4658 4659
f 4644 4659 4660
f 4644 4660 4650
f 4644 4661 4654
f 4646 4647 4662
f 4647 4663 4664
f 4647 4664 4665
f 4647 4665 4662
f 4648 4666 4649
f 4649 4666 4667
f 4649 4667 4652
f 4649 4652 4653
f 4654 4661 4668
f 4654 4668 4669
f 4654 4669 4670
f 4654 4670 4655
f 4655 4670 4671
f 4655 4671 4657
f 4655 4657 4656
f 4657 4671 4672
f 4662 4664 4673
f 4662 4665 4664
f 4663 4674 4675
f 4663 4675 4676
f 4663 4676 4677
f 4663 4677 4678
f 4663 4678 4664
f 4664 4678 4679
f 4664 4679 4673
f 4668 4680 4669
f 4669 4680 4681
f 4669 4681 4676
f 4669 4676 4670
f 4670 4676 4682
f 4670 4682 4683
f 4670 4683 4671
f 4671 4683 4672
f 4672 4683 4684
f 4674 4685 4675
f 4675 4685 4686
f 4675 4686 4682
f 4675 4682 4676
f 4676 4681 4678
f 4676 4678 4677
f 4678 4681 4687
f 4678 4687 4688
f 4678 4688 4689
f 4678 4689 4679
f 4680 4690 4681
f 4681 4690 4687
f 4682 4686 4691
f 4682 4691 4683
f 4683 4691 4692
f 4683 4692 4684
f 4693 4694 4700
f 4693 4700 4714
f 4693 4714 4713
f 4693 4713 4729
f 4693 4729 4728
f 4693 4728 4727
f 4693 4727 4744
f 4693 4744 4751
f 4693 4751 4735
f 4693 4735 4716
f 4693 4716 4701
f 4693 4701 4695
f 4693 4695 4705
f 4693 4705 4718
f 4693 4718 4719
f 4693 4719 4706
f 4693 4706 4696
f 4693 4696 4697
f 4693 4697 4698
f 4693 4698 4699
f 4693 4699 4694
f 4694 4699 4700
f 4695 4701 4702
f 4695 4702 4703
f 4695 4703 4704
f 4695 4704 4705
f 4696 4706 4707
f 4696 4707 4697
f 4697 4707 4698
f 4698 4707 4708
f 4698 4708 4709
f 4698 4709 4699
f 4699 4710 4711
f 4699 4711 4712
f 4699 4712 4713
f 4699 4713 4714
f 4699 4714 4700
f 4699 4709 4715
f 4699 4715 4710
f 4701 4716 4717
f 4701 4717 4702
f 4702 4717 4737
f 4702 4737 4736
f 4702 4736 4738
f 4702 4738 4718
f 4702 4718 4705
f 4702 4705 4704
f 4702 4704 4703
f 4706 4719 4707
f 4707 4719 4708
f 4708 4720 4721
f 4708 4721 4709
f 4708 4719 4720
f 4709 4721 4715
f 4710 4722 4711
f 4710 4715 4723
f 4710 4723 4724
f 4710 4724 4725
f 4710 4725 4722
f 4711 4722 4726
f 4711 4726 4727
f 4711 4727 4712
f 4712 4727 4728
f 4712 4728 4729
f 4712 4729 4713
f 4715 4721 4720
f 4715 4720 4730
f 4715 4730 4731
f 4715 4731 4732
f 4715 4732 4733
f 4715 4733 4734
f 4715 4734 4724
f 4715 4724 4723
f 4716 4735 4736
f 4716 4736 4737
f 4716 4737 4717
f 4718 4738 4741
f 4718 4741 4749
f 4718 4749 4748
f 4718 4748 4747
f 4718 4747 4746
f 4718 4746 4745
f 4718 4745 4739
f 4718 4739 4719
f 4719 4739 4731
f 4719 4731 4720
f 4720 4731 4730
f 4722 4725 4743
f 4722 4743 4742
f 4722 4742 4741
f 4722 4741 4738
f 4722 4738 4736
f 4722 4736 4744
f 4722 4744 4727
f 4722 4727 4726
f 4724 4734 4740
f 4724 4740 4741
f 4724 4741 4742
f 4724 4742 4743
f 4724 4743 4725
f 4731 4739 4745
f 4731 4745 4746
f 4731 4746 4747
f 4731 4747 4748
f 4731 4748 4749
f 4731 4749 4732
f 4732 4750 4734
f 4732 4734 4733
f 4732 4749 4741
f 4732 4741 4750
f 4734 4750 4741
f 4734 4741 4740
f 4735 4751 4736
f 4736 4751 4744
f 4752 4753 4756
f 4752 4756 4761
f 4752 4761 4769
f 4752 4769 4782
f 4752 4782 4793
f 4752 4793 4810
f 4752 4810 4846
f 4752 4846 4850
f 4752 4850 4849
f 4752 4849 4812
f 4752 4812 4848
f 4752 4848 4860
f 4752 4860 4859
f 4752 4859 4866
f 4752 4866 4870
f 4752 4870 4873
f 4752 4873 4876
f 4752 4876 4872
f 4752 4872 4869
f 4752 4869 4868
f 4752 4868 4862
f 4752 4862 4837
f 4752 4837 4835
f 4752 4835 4802
f 4752 4802 4786
f 4752 4786 4771
f 4752 4771 4763
f 4752 4763 4757
f 4752 4757 4754
f 4752 4754 4758
f 4752 4758 4766
f 4752 4766 4774
f 4752 4774 4788
f 4752 4788 4804
f 4752 4804 4807
f 4752 4807 4806
f 4752 4806 4843
f 4752 4843 4842
f 4752 4842 4841
f 4752 4841 4840
f 4752 4840 4839
f 4752 4839 4838
f 4752 4838 4853
f 4752 4853 4819
f 4752 4819 4852
f 4752 4852 4851
f 4752 4851 4845
f 4752 4845 4808
f 4752 4808 4790
f 4752 4790 4777
f 4752 4777 4767
f 4752 4767 4759
f 4752 4759 4755
f 4752 4755 4753
f 4753 4755 4756
f 4754 4757 4758
f 4755 4759 4756
f 4756 4760 4761
f 4756 4759 4762
f 4756 4762 4760
f 4757 4763 4764
f 4757 4764 4765
f 4757 4765 4766
f 4757 4766 4758
f 4759 4767 4768
f 4759 4768 4762
f 4760 4769 4761
f 4760 4762 4768
f 4760 4768 4770
f 4760 4770 4769
f 4763 4771 4772
f 4763 4772 4764
f 4764 4772 4773
f 4764 4773 4765
f 4765 4774 4766
f 4765 4773 4775
f 4765 4775 4776
f 4765 4776 4774
f 4767 4777 4778
f 4767 4778 4770
f 4767 4770 4768
f 4769 4770 4779
f 4769 4779 4780
f 4769 4780 4781
f 4769 4781 4782
f 4770 4783 4779
f 4770 4778 4784
f 4770 4784 4785
f 4770 4785 4783
f 4771 4786 4787
f 4771 4787 4775
f 4771 4775 4772
f 4772 4775 4773
f 4774 4776 4788
f 4775 4789 4776
f 4775 4787 4803
f 4775 4803 4836
f 4775 4836 4861
f 4775 4861 4867
f 4775 4867 4871
f 4775 4871 4875
f 4775 4875 4874
f 4775 4874 4870
f 4775 4870 4866
f 4775 4866 4865
f 4775 4865 4864
f 4775 4864 4863
f 4775 4863 4857
f 4775 4857 4830
f 4775 4830 4854
f 4775 4854 4856
f 4775 4856 4855
f 4775 4855 4844
f 4775 4844 4805
f 4775 4805 4789
f 4776 4789 4788
f 4777 4790 4791
f 4777 4791 4778
f 4778 4791 4784
f 4779 4783 4780
f 4780 4783 4781
f 4781 4783 4792
f 4781 4792 4782
f 4782 4792 4793
f 4783 4794 4795
f 4783 4795 4792
f 4783 4785 4794
f 4784 4796 4797
f 4784 4797 4817
f 4784 4817 4798
f 4784 4798 4785
f 4784 4791 4790
f 4784 4790 4796
f 4785 4798 4799
f 4785 4799 4800
f 4785 4800 4801
f 4785 4801 4794
f 4786 4802 4803
f 4786 4803 4787
f 4788 4789 4804
f 4789 4805 4843
f 4789 4843 4806
f 4789 4806 4807
f 4789 4807 4804
f 4790 4808 4796
f 4792 4795 4809
f 4792 4809 4793
f 4793 4809 4810
f 4794 4811 4812
f 4794 4812 4813
f 4794 4813 4814
f 4794 4814 4795
f 4794 4801 4811
f 4795 4814 4815
f 4795 4815 4809
f 4796 4808 4816
f 4796 4816 4797
f 4797 4816 4818
f 4797 4818 4819
f 4797 4819 4820
f 4797 4820 4817
f 4798 4817 4821
f 4798 4821 4822
f 4798 4822 4823
f 4798 4823 4799
f 4799 4824 4805
f 4799 4805 4800
f 4799 4823 4825
f 4799 4825 4824
f 4800 4826 4827
f 4800 4827 4801
f 4800 4805 4828
f 4800 4828 4829
f 4800 4829 4826
f 4801 4827 4830
f 4801 4830 4831
f 4801 4831 4832
f 4801 4832 4833
f 4801 4833 4834
f 4801 4834 4811
f 4802 4835 4803
f 4803 4835 4837
f 4803 4837 4836
f 4805 4825 4838
f 4805 4838 4839
f 4805 4839 4840
f 4805 4840 4841
f 4805 4841 4842
f 4805 4842 4843
f 4805 4844 4828
f 4805 4824 4825
f 4808 4845 4816
f 4809 4815 4846
f 4809 4846 4810
f 4811 4834 4847
f 4811 4847 4833
f 4811 4833 4848
f 4811 4848 4812
f 4812 4849 4814
f 4812 4814 4813
f 4814 4849 4815
f 4815 4849 4850
f 4815 4850 4846
f 4816 4845 4851
f 4816 4851 4852
f 4816 4852 4818
f 4817 4820 4821
f 4818 4852 4819
f 4819 4853 4820
f 4820 4853 4821
f 4821 4853 4838
f 4821 4838 4822
f 4822 4838 4823
f 4823 4838 4825
f 4826 4829 4854
f 4826 4854 4830
f 4826 4830 4827
f 4828 4844 4855
f 4828 4855 4829
f 4829 4855 4856
f 4829 4856 4854
f 4830 4857 4831
f 4831 4857 4858
f 4831 4858 4832
f 4832 4858 4833
f 4833 4858 4859
f 4833 4859 4860
f 4833 4860 4848
f 4833 4847 4834
f 4836 4837 4861
f 4837 4862 4861
f 4857 4863 4858
f 4858 4864 4859
f 4858 4863 4864
f 4859 4865 4866
f 4859 4864 4865
f 4861 4862 4868
f 4861 4868 4869
f 4861 4869 4867
f 4867 4869 4871
f 4869 4872 4871
f 4870 4874 4873
f 4871 4872 4875
f 4872 4876 4874
f 4872 4874 4875
f 4873 4874 4876
f 4877 4878 4879
f 4877 4879 4880
f 4877 4880 4890
f 4877 4890 4889
f 4877 4889 4897
f 4877 4897 4900
f 4877 4900 4891
f 4877 4891 4881
f 4877 4881 4893
f 4877 4893 4901
f 4877 4901 4910
f 4877 4910 4925
f 4877 4925 4924
f 4877 4924 4930
f 4877 4930 4929
f 4877 4929 4928
f 4877 4928 4919
f 4877 4919 4904
f 4877 4904 4895
f 4877 4895 4886
f 4877 4886 4885
f 4877 4885 4884
f 4877 4884 4883
f 4877 4883 4882
f 4877 4882 4878
f 4878 4882 4879
f 4879 4882 4883
f 4879 4883 4884
f 4879 4884 4885
f 4879 4885 4886
f 4879 4886 4887
f 4879 4887 4894
f 4879 4894 4903
f 4879 4903 4918
f 4879 4918 4927
f 4879 4927 4921
f 4879 4921 4912
f 4879 4912 4911
f 4879 4911 4906
f 4879 4906 4898
f 4879 4898 4891
f 4879 4891 4900
f 4879 4900 4896
f 4879 4896 4888
f 4879 4888 4889
f 4879 4889 4890
f 4879 4890 4880
f 4881 4891 4892
f 4881 4892 4893
f 4886 4894 4887
f 4886 4895 4894
f 4888 4896 4889
f 4889 4896 4897
f 4891 4898 4899
f 4891 4899 4892
f 4892 4899 4898
f 4892 4898 4906
f 4892 4906 4901
f 4892 4901 4893
f 4894 4895 4902
f 4894 4902 4903
f 4895 4904 4905
f 4895 4905 4902
f 4896 4900 4897
f 4901 4907 4908
f 4901 4908 4909
f 4901 4909 4910
f 4901 4906 4911
f 4901 4911 4912
f 4901 4912 4913
f 4901 4913 4914
f 4901 4914 4907
f 4902 4905 4915
f 4902 4915 4916
f 4902 4916 4917
f 4902 4917 4903
f 4903 4917 4918
f 4904 4919 4920
f 4904 4920 4905
f 4905 4920 4915
f 4907 4914 4921
f 4907 4921 4922
f 4907 4922 4908
f 4908 4922 4923
f 4908 4923 4909
f 4909 4923 4924
f 4909 4924 4925
f 4909 4925 4910
f 4912 4921 4913
f 4913 4921 4914
f 4915 4926 4923
f 4915 4923 4922
f 4915 4922 4916
f 4915 4920 4926
f 4916 4927 4918
f 4916 4918 4917
f 4916 4922 4927
f 4919 4928 4920
f 4920 4928 4929
f 4920 4929 4926
f 4921 4927 4922
f 4923 4926 4924
f 4924 4926 4930
f 4926 4929 4930
f 4931 4932 4933
f 4931 4933 4934
f 4931 4934 4946
f 4931 4946 4959
f 4931 4959 4974
f 4931 4974 4998
f 4931 4998 5015
f 4931 5015 5043
f 4931 5043 5042
f 4931 5042 5041
f 4931 5041 5078
f 4931 5078 5125
f 4931 5125 5181
f 4931 5181 5228
f 4931 5228 5231
f 4931 5231 5196
f 4931 5196 5195
f 4931 5195 5142
f 4931 5142 5141
f 4931 5141 5105
f 4931 5105 5065
f 4931 5065 5035
f 4931 5035 5010
f 4931 5010 4991
f 4931 4991 4986
f 4931 4986 4968
f 4931 4968 4954
f 4931 4954 4953
f 4931 4953 4952
f 4931 4952 4941
f 4931 4941 4940
f 4931 4940 4935
f 4931 4935 4932
f 4932 4936 4937
f 4932 4937 4938
f 4932 4938 4939
f 4932 4939 4933
f 4932 4935 4940
f 4932 4940 4941
f 4932 4941 4942
f 4932 4942 4943
f 4932 4943 4936
f 4933 4939 4944
f 4933 4944 4945
f 4933 4945 4934
f 4934 4945 4946
f 4936 4943 4937
f 4937 4947 4938
f 4937 4943 4942
f 4937 4942 4948
f 4937 4948 4949
f 4937 4949 4947
f 4938 4947 4950
f 4938 4950 4939
f 4939 4950 4951
f 4939 4951 4944
f 4941 4952 4942
f 4942 4952 4953
f 4942 4953 4954
f 4942 4954 4955
f 4942 4955 4956
f 4942 4956 4948
f 4944 4951 4957
f 4944 4957 4945
f 4945 4958 4946
f 4945 4957 4958
f 4946 4958 4959
f 4947 4949 4960
f 4947 4960 4961
f 4947 4961 4950
f 4948 4956 4962
f 4948 4962 4963
f 4948 4963 4964
f 4948 4964 4949
f 4949 4964 4963
f 4949 4963 4965
f 4949 4965 4966
f 4949 4966 4960
f 4950 4961 4975
f 4950 4975 4980
f 4950 4980 4979
f 4950 4979 4978
f 4950 4978 4977
f 4950 4977 5000
f 4950 5000 5016
f 4950 5016 5003
f 4950 5003 5022
f 4950 5022 5048
f 4950 5048 5028
f 4950 5028 5056
f 4950 5056 5094
f 4950 5094 5136
f 4950 5136 5191
f 4950 5191 5240
f 4950 5240 5239
f 4950 5239 5245
f 4950 5245 5244
f 4950 5244 5243
f 4950 5243 5242
f 4950 5242 5275
f 4950 5275 5233
f 4950 5233 5238
f 4950 5238 5280
f 4950 5280 5307
f 4950 5307 5333
f 4950 5333 5351
f 4950 5351 5346
f 4950 5346 5349
f 4950 5349 5356
f 4950 5356 5355
f 4950 5355 5354
f 4950 5354 5353
f 4950 5353 5352
f 4950 5352 5344
f 4950 5344 5343
f 4950 5343 5342
f 4950 5342 5323
f 4950 5323 5322
f 4950 5322 5321
f 4950 5321 5341
f 4950 5341 5317
f 4950 5317 5291
f 4950 5291 5290
f 4950 5290 5263
f 4950 5263 5262
f 4950 5262 5261
f 4950 5261 5260
f 4950 5260 5259
f 4950 5259 5209
f 4950 5209 5156
f 4950 5156 5155
f 4950 5155 5154
f 4950 5154 5153
f 4950 5153 5152
f 4950 5152 5108
f 4950 5108 5069
f 4950 5069 5037
f 4950 5037 5012
f 4950 5012 4994
f 4950 4994 4974
f 4950 4974 4959
f 4950 4959 4958
f 4950 4958 4957
f 4950 4957 4967
f 4950 4967 4951
f 4951 4967 4957
f 4954 4968 4969
f 4954 4969 4955
f 4955 4969 4970
f 4955 4970 4956
f 4956 4970 4971
f 4956 4971 4972
f 4956 4972 4973
f 4956 4973 4962
f 4960 4975 4961
f 4960 4966 4976
f 4960 4976 4977
f 4960 4977 4978
f 4960 4978 4979
f 4960 4979 4980
f 4960 4980 4975
f 4962 4973 4981
f 4962 4981 4982
f 4962 4982 4963
f 4963 4982 4983
f 4963 4983 4965
f 4965 4983 4966
f 4966 4983 4984
f 4966 4984 4985
f 4966 4985 4976
f 4968 4986 4969
f 4969 4987 4988
f 4969 4988 4989
f 4969 4989 4990
f 4969 4990 4970
f 4969 4986 4991
f 4969 4991 4987
f 4970 4990 4992
f 4970 4992 4971
f 4971 4992 4972
f 4972 4993 4973
f 4972 4992 4993
f 4973 4993 4992
f 4973 4992 4981
f 4974 4994 4995
f 4974 4995 4996
f 4974 4996 4997
f 4974 4997 4998
f 4976 4985 4999
f 4976 4999 5000
f 4976 5000 4977
f 4981 4984 4983
f 4981 4983 4982
f 4981 4992 5001
f 4981 5001 5002
f 4981 5002 4984
f 4984 5002 4985
f 4985 5003 4999
f 4985 5002 5004
f 4985 5004 5005
f 4985 5005 5006
f 4985 5006 5003
f 4987 4991 5007
f 4987 5007 4988
f 4988 5007 5008
f 4988 5008 4989
f 4989 5007 4990
f 4989 5008 5007
f 4990 5007 5009
f 4990 5009 4992
f 4991 5010 5011
f 4991 5011 5007
f 4992 5009 5001
f 4994 5012 4995
f 4995 5012 5013
f 4995 5013 4996
f 4996 5013 5014
f 4996 5014 5015
f 4996 5015 4997
f 4997 5015 4998
f 4999 5003 5016
f 4999 5016 5000
f 5001 5009 5017
f 5001 5017 5018
f 5001 5018 5019
f 5001 5019 5020
f 5001 5020 5002
f 5002 5020 5004
f 5003 5006 5021
f 5003 5021 5022
f 5004 5023 5005
f 5004 5020 5019
f 5004 5019 5024
f 5004 5024 5025
f 5004 5025 5023
f 5005 5023 5026
f 5005 5026 5006
f 5006 5026 5027
f 5006 5027 5028
f 5006 5028 5021
f 5007 5011 5029
f 5007 5029 5030
f 5007 5030 5031
f 5007 5031 5032
f 5007 5032 5009
f 5009 5033 5017
f 5009 5032 5034
f 5009 5034 5033
f 5010 5029 5011
f 5010 5035 5036
f 5010 5036 5030
f 5010 5030 5029
f 5012 5037 5038
f 5012 5038 5013
f 5013 5038 5039
f 5013 5039 5040
f 5013 5040 5014
f 5014 5040 5041
f 5014 5041 5042
f 5014 5042 5043
f 5014 5043 5015
f 5017 5033 5044
f 5017 5044 5018
f 5018 5044 5045
f 5018 5045 5019
f 5019 5045 5046
f 5019 5046 5047
f 5019 5047 5024
f 5021 5028 5048
f 5021 5048 5022
f 5023 5025 5049
f 5023 5049 5026
f 5024 5050 5025
f 5024 5047 5051
f 5024 5051 5050
f 5025 5050 5052
f 5025 5052 5053
f 5025 5053 5049
f 5026 5049 5054
f 5026 5054 5055
f 5026 5055 5056
f 5026 5056 5027
f 5027 5056 5028
f 5030 5036 5057
f 5030 5057 5032
f 5030 5032 5031
f 5032 5057 5058
f 5032 5058 5034
f 5033 5034 5059
f 5033 5059 5060
f 5033 5060 5061
f 5033 5061 5044
f 5034 5058 5062
f 5034 5062 5063
f 5034 5063 5064
f 5034 5064 5059
f 5035 5065 5036
f 5036 5065 5066
f 5036 5066 5067
f 5036 5067 5068
f 5036 5068 5057
f 5037 5069 5070
f 5037 5070 5071
f 5037 5071 5038
f 5038 5071 5039
f 5039 5072 5073
f 5039 5073 5074
f 5039 5074 5040
f 5039 5071 5072
f 5040 5074 5075
f 5040 5075 5076
f 5040 5076 5077
f 5040 5077 5041
f 5041 5077 5078
f 5044 5079 5045
f 5044 5061 5079
f 5045 5079 5061
f 5045 5061 5080
f 5045 5080 5081
f 5045 5081 5082
f 5045 5082 5083
f 5045 5083 5046
f 5046 5083 5084
f 5046 5084 5085
f 5046 5085 5086
f 5046 5086 5047
f 5047 5086 5087
f 5047 5087 5051
f 5049 5053 5052
f 5049 5052 5054
f 5050 5051 5052
f 5051 5087 5088
f 5051 5088 5089
f 5051 5089 5052
f 5052 5089 5090
f 5052 5090 5091
f 5052 5091 5054
f 5054 5092 5093
f 5054 5093 5094
f 5054 5094 5055
f 5054 5091 5092
f 5055 5094 5056
f 5057 5068 5067
f 5057 5067 5058
f 5058 5067 5095
f 5058 5095 5096
f 5058 5096 5062
f 5059 5064 5060
f 5060 5064 5097
f 5060 5097 5098
f 5060 5098 5081
f 5060 5081 5061
f 5061 5081 5080
f 5062 5096 5099
f 5062 5099 5100
f 5062 5100 5101
f 5062 5101 5102
f 5062 5102 5063
f 5063 5102 5064
f 5064 5102 5103
f 5064 5103 5104
f 5064 5104 5097
f 5065 5105 5066
f 5066 5105 5106
f 5066 5106 5107
f 5066 5107 5067
f 5067 5107 5095
f 5069 5108 5070
f 5070 5108 5071
f 5071 5109 5110
f 5071 5110 5111
f 5071 5111 5112
f 5071 5112 5072
f 5071 5108 5109
f 5072 5112 5113
f 5072 5113 5114
f 5072 5114 5115
f 5072 5115 5073
f 5073 5116 5117
f 5073 5117 5118
f 5073 5118 5075
f 5073 5075 5074
f 5073 5115 5119
f 5073 5119 5120
f 5073 5120 5121
f 5073 5121 5116
f 5075 5118 5122
f 5075 5122 5123
f 5075 5123 5076
f 5076 5123 5077
f 5077 5123 5124
f 5077 5124 5125
f 5077 5125 5078
f 5081 5084 5082
f 5081 5098 5126
f 5081 5126 5084
f 5082 5084 5083
f 5084 5127 5128
f 5084 5128 5087
f 5084 5087 5129
f 5084 5129 5085
f 5084 5126 5130
f 5084 5130 5127
f 5085 5129 5087
f 5085 5087 5086
f 5087 5128 5127
f 5087 5127 5131
f 5087 5131 5089
f 5087 5089 5088
f 5089 5132 5090
f 5089 5131 5133
f 5089 5133 5132
f 5090 5132 5091
f 5091 5132 5134
f 5091 5134 5092
f 5092 5134 5135
f 5092 5135 5136
f 5092 5136 5093
f 5093 5136 5094
f 5095 5107 5137
f 5095 5137 5099
f 5095 5099 5096
f 5097 5104 5138
f 5097 5138 5098
f 5098 5139 5126
f 5098 5138 5140
f 5098 5140 5139
f 5099 5137 5141
f 5099 5141 5100
f 5100 5141 5142
f 5100 5142 5143
f 5100 5143 5144
f 5100 5144 5145
f 5100 5145 5147
f 5100 5147 5146
f 5100 5146 5101
f 5101 5146 5147
f 5101 5147 5102
f 5102 5147 5103
f 5103 5148 5149
f 5103 5149 5138
f 5103 5138 5104
f 5103 5147 5150
f 5103 5150 5148
f 5105 5141 5151
f 5105 5151 5137
f 5105 5137 5107
f 5105 5107 5106
f 5108 5152 5109
f 5109 5152 5153
f 5109 5153 5110
f 5110 5153 5111
f 5111 5153 5154
f 5111 5154 5112
f 5112 5154 5155
f 5112 5155 5156
f 5112 5156 5157
f 5112 5157 5113
f 5113 5157 5158
f 5113 5158 5159
f 5113 5159 5114
f 5114 5159 5160
f 5114 5160 5161
f 5114 5161 5115
f 5115 5161 5162
f 5115 5162 5163
f 5115 5163 5119
f 5116 5118 5117
f 5116 5121 5118
f 5118 5164 5165
f 5118 5165 5166
f 5118 5166 5122
f 5118 5121 5167
f 5118 5167 5168
f 5118 5168 5169
f 5118 5169 5170
f 5118 5170 5164
f 5119 5171 5172
f 5119 5172 5173
f 5119 5173 5174
f 5119 5174 5175
f 5119 5175 5120
f 5119 5163 5171
f 5120 5175 5121
f 5121 5175 5176
f 5121 5176 5177
f 5121 5177 5178
f 5121 5178 5167
f 5122 5166 5123
f 5123 5166 5179
f 5123 5179 5124
f 5124 5179 5180
f 5124 5180 5181
f 5124 5181 5125
f 5126 5139 5182
f 5126 5182 5130
f 5127 5183 5131
f 5127 5130 5183
f 5130 5184 5185
f 5130 5185 5186
f 5130 5186 5183
f 5130 5182 5187
f 5130 5187 5184
f 5131 5183 5186
f 5131 5186 5133
f 5132 5133 5188
f 5132 5188 5136
f 5132 5136 5135
f 5132 5135 5134
f 5133 5186 5189
f 5133 5189 5190
f 5133 5190 5188
f 5136 5188 5191
f 5137 5151 5141
f 5138 5149 5192
f 5138 5192 5140
f 5139 5193 5182
f 5139 5140 5192
f 5139 5192 5194
f 5139 5194 5193
f 5142 5195 5143
f 5143 5195 5196
f 5143 5196 5197
f 5143 5197 5144
f 5144 5198 5147
f 5144 5147 5145
f 5144 5197 5199
f 5144 5199 5198
f 5147 5198 5199
f 5147 5199 5200
f 5147 5200 5201
f 5147 5201 5202
f 5147 5202 5203
f 5147 5203 5204
f 5147 5204 5150
f 5148 5205 5206
f 5148 5206 5207
f 5148 5207 5149
f 5148 5150 5205
f 5149 5207 5192
f 5150 5204 5208
f 5150 5208 5205
f 5156 5209 5210
f 5156 5210 5211
f 5156 5211 5157
f 5157 5211 5158
f 5158 5211 5159
f 5159 5211 5160
f 5160 5212 5213
f 5160 5213 5214
f 5160 5214 5171
f 5160 5171 5215
f 5160 5215 5161
f 5160 5211 5212
f 5161 5215 5216
f 5161 5216 5217
f 5161 5217 5162
f 5162 5217 5163
f 5163 5217 5216
f 5163 5216 5171
f 5164 5218 5165
f 5164 5170 5219
f 5164 5219 5218
f 5165 5179 5166
f 5165 5218 5179
f 5167 5178 5168
f 5168 5178 5220
f 5168 5220 5169
f 5169 5221 5219
f 5169 5219 5170
f 5169 5220 5200
f 5169 5200 5199
f 5169 5199 5221
f 5171 5214 5222
f 5171 5222 5172
f 5171 5216 5215
f 5172 5222 5173
f 5173 5223 5174
f 5173 5222 5224
f 5173 5224 5225
f 5173 5225 5223
f 5174 5223 5176
f 5174 5176 5175
f 5176 5223 5226
f 5176 5226 5227
f 5176 5227 5177
f 5177 5227 5178
f 5178 5227 5201
f 5178 5201 5220
f 5179 5218 5180
f 5180 5228 5181
f 5180 5218 5229
f 5180 5229 5230
f 5180 5230 5231
f 5180 5231 5228
f 5182 5193 5232
f 5182 5232 5187
f 5184 5233 5234
f 5184 5234 5185
f 5184 5187 5233
f 5185 5234 5186
f 5186 5234 5235
f 5186 5235 5189
f 5187 5232 5236
f 5187 5236 5237
f 5187 5237 5238
f 5187 5238 5233
f 5188 5239 5240
f 5188 5240 5191
f 5188 5190 5239
f 5189 5235 5190
f 5190 5235 5241
f 5190 5241 5242
f 5190 5242 5243
f 5190 5243 5244
f 5190 5244 5245
f 5190 5245 5239
f 5192 5207 5246
f 5192 5246 5247
f 5192 5247 5248
f 5192 5248 5194
f 5193 5249 5232
f 5193 5194 5250
f 5193 5250 5251
f 5193 5251 5252
f 5193 5252 5249
f 5194 5248 5246
f 5194 5246 5253
f 5194 5253 5251
f 5194 5251 5250
f 5196 5231 5197
f 5197 5231 5230
f 5197 5230 5229
f 5197 5229 5199
f 5199 5229 5221
f 5200 5220 5201
f 5201 5227 5202
f 5202 5227 5203
f 5203 5254 5208
f 5203 5208 5204
f 5203 5227 5226
f 5203 5226 5254
f 5205 5255 5206
f 5205 5208 5254
f 5205 5254 5256
f 5205 5256 5255
f 5206 5255 5257
f 5206 5257 5258
f 5206 5258 5246
f 5206 5246 5207
f 5209 5259 5210
f 5210 5259 5211
f 5211 5259 5260
f 5211 5260 5261
f 5211 5261 5212
f 5212 5261 5262
f 5212 5262 5263
f 5212 5263 5264
f 5212 5264 5265
f 5212 5265 5213
f 5213 5265 5266
f 5213 5266 5214
f 5214 5266 5222
f 5218 5219 5221
f 5218 5221 5229
f 5222 5266 5267
f 5222 5267 5268
f 5222 5268 5224
f 5223 5225 5269
f 5223 5269 5226
f 5224 5268 5270
f 5224 5270 5225
f 5225 5270 5271
f 5225 5271 5272
f 5225 5272 5273
f 5225 5273 5254
f 5225 5254 5269
f 5226 5269 5254
f 5232 5249 5274
f 5232 5274 5236
f 5233 5275 5241
f 5233 5241 5235
f 5233 5235 5234
f 5236 5274 5276
f 5236 5276 5277
f 5236 5277 5237
f 5237 5278 5238
f 5237 5277 5279
f 5237 5279 5278
f 5238 5278 5280
f 5241 5275 5242
f 5246 5258 5281
f 5246 5281 5282
f 5246 5282 5253
f 5246 5248 5247
f 5249 5252 5274
f 5251 5253 5252
f 5252 5253 5283
f 5252 5283 5284
f 5252 5284 5285
f 5252 5285 5274
f 5253 5282 5283
f 5254 5273 5256
f 5255 5256 5286
f 5255 5286 5287
f 5255 5287 5257
f 5256 5273 5272
f 5256 5272 5286
f 5257 5287 5288
f 5257 5288 5289
f 5257 5289 5258
f 5258 5289 5281
f 5263 5290 5264
f 5264 5290 5291
f 5264 5291 5292
f 5264 5292 5266
f 5264 5266 5265
f 5266 5292 5267
f 5267 5293 5294
f 5267 5294 5268
f 5267 5292 5295
f 5267 5295 5291
f 5267 5291 5296
f 5267 5296 5293
f 5268 5294 5270
f 5270 5294 5297
f 5270 5297 5271
f 5271 5297 5298
f 5271 5298 5299
f 5271 5299 5272
f 5272 5299 5287
f 5272 5287 5286
f 5274 5285 5300
f 5274 5300 5301
f 5274 5301 5302
f 5274 5302 5303
f 5274 5303 5276
f 5276 5303 5304
f 5276 5304 5305
f 5276 5305 5306
f 5276 5306 5277
f 5277 5306 5279
f 5278 5279 5280
f 5279 5306 5307
f 5279 5307 5280
f 5281 5289 5308
f 5281 5308 5309
f 5281 5309 5310
f 5281 5310 5282
f 5282 5310 5283
f 5283 5310 5284
f 5284 5311 5285
f 5284 5310 5309
f 5284 5309 5311
f 5285 5311 5300
f 5287 5299 5312
f 5287 5312 5313
f 5287 5313 5314
f 5287 5314 5288
f 5288 5314 5315
f 5288 5315 5316
f 5288 5316 5289
f 5289 5316 5308
f 5291 5317 5318
f 5291 5318 5319
f 5291 5319 5296
f 5291 5295 5292
f 5293 5320 5321
f 5293 5321 5322
f 5293 5322 5297
f 5293 5297 5294
f 5293 5296 5319
f 5293 5319 5320
f 5297 5322 5323
f 5297 5323 5324
f 5297 5324 5298
f 5298 5324 5325
f 5298 5325 5313
f 5298 5313 5299
f 5299 5313 5312
f 5300 5311 5326
f 5300 5326 5302
f 5300 5302 5301
f 5302 5326 5327
f 5302 5327 5328
f 5302 5328 5304
f 5302 5304 5303
f 5304 5328 5329
f 5304 5329 5305
f 5305 5329 5306
f 5306 5329 5330
f 5306 5330 5331
f 5306 5331 5332
f 5306 5332 5333
f 5306 5333 5307
f 5308 5316 5334
f 5308 5334 5309
f 5309 5334 5335
f 5309 5335 5311
f 5311 5335 5326
f 5313 5325 5336
f 5313 5336 5337
f 5313 5337 5314
f 5314 5337 5315
f 5315 5337 5338
f 5315 5338 5339
f 5315 5339 5316
f 5316 5339 5340
f 5316 5340 5334
f 5317 5341 5318
f 5318 5341 5321
f 5318 5321 5320
f 5318 5320 5319
f 5323 5342 5324
f 5324 5342 5325
f 5325 5342 5343
f 5325 5343 5344
f 5325 5344 5336
f 5326 5335 5345
f 5326 5345 5327
f 5327 5346 5347
f 5327 5347 5348
f 5327 5348 5328
f 5327 5345 5349
f 5327 5349 5346
f 5328 5348 5329
f 5329 5348 5347
f 5329 5347 5330
f 5330 5347 5331
f 5331 5347 5350
f 5331 5350 5332
f 5332 5350 5351
f 5332 5351 5333
f 5334 5340 5335
f 5335 5340 5345
f 5336 5352 5353
f 5336 5353 5354
f 5336 5354 5338
f 5336 5338 5337
f 5336 5344 5352
f 5338 5354 5339
f 5339 5354 5355
f 5339 5355 5356
f 5339 5356 5340
f 5340 5349 5345
f 5340 5356 5349
f 5346 5351 5350
f 5346 5350 5347
f 5357 5358 5361
f 5357 5361 5368
f 5357 5368 5379
f 5357 5379 5397
f 5357 5397 5409
f 5357 5409 5424
f 5357 5424 5454
f 5357 5454 5485
f 5357 5485 5510
f 5357 5510 5511
f 5357 5511 5486
f 5357 5486 5456
f 5357 5456 5430
f 5357 5430 5416
f 5357 5416 5405
f 5357 5405 5403
f 5357 5403 5385
f 5357 5385 5371
f 5357 5371 5364
f 5357 5364 5359
f 5357 5359 5360
f 5357 5360 5358
f 5358 5360 5361
f 5359 5362 5363
f 5359 5363 5360
f 5359 5364 5365
f 5359 5365 5362
f 5360 5363 5366
f 5360 5366 5367
f 5360 5367 5361
f 5361 5367 5368
f 5362 5365 5369
f 5362 5369 5363
f 5363 5369 5370
f 5363 5370 5366
f 5364 5371 5365
f 5365 5372 5373
f 5365 5373 5369
f 5365 5371 5372
f 5366 5374 5367
f 5366 5370 5375
f 5366 5375 5374
f 5367 5374 5376
f 5367 5376 5377
f 5367 5377 5378
f 5367 5378 5368
f 5368 5378 5379
f 5369 5380 5381
f 5369 5381 5382
f 5369 5382 5370
f 5369 5373 5380
f 5370 5382 5383
f 5370 5383 5384
f 5370 5384 5375
f 5371 5385 5386
f 5371 5386 5372
f 5372 5386 5373
f 5373 5386 5380
f 5374 5387 5388
f 5374 5388 5376
f 5374 5375 5387
f 5375 5389 5387
f 5375 5384 5390
f 5375 5390 5391
f 5375 5391 5389
f 5376 5392 5393
f 5376 5393 5394
f 5376 5394 5395
f 5376 5395 5377
f 5376 5388 5392
f 5377 5395 5396
f 5377 5396 5397
f 5377 5397 5378
f 5378 5397 5379
f 5380 5398 5399
f 5380 5399 5381
f 5380 5386 5398
f 5381 5399 5400
f 5381 5400 5382
f 5382 5400 5383
f 5383 5401 5402
f 5383 5402 5391
f 5383 5391 5390
f 5383 5390 5384
f 5383 5400 5401
f 5385 5403 5386
f 5386 5404 5398
f 5386 5403 5405
f 5386 5405 5404
f 5387 5389 5391
f 5387 5391 5406
f 5387 5406 5419
f 5387 5419 5436
f 5387 5436 5464
f 5387 5464 5463
f 5387 5463 5462
f 5387 5462 5466
f 5387 5466 5492
f 5387 5492 5521
f 5387 5521 5550
f 5387 5550 5582
f 5387 5582 5581
f 5387 5581 5608
f 5387 5608 5594
f 5387 5594 5616
f 5387 5616 5618
f 5387 5618 5617
f 5387 5617 5613
f 5387 5613 5640
f 5387 5640 5639
f 5387 5639 5646
f 5387 5646 5624
f 5387 5624 5600
f 5387 5600 5568
f 5387 5568 5531
f 5387 5531 5498
f 5387 5498 5476
f 5387 5476 5444
f 5387 5444 5423
f 5387 5423 5409
f 5387 5409 5397
f 5387 5397 5396
f 5387 5396 5395
f 5387 5395 5394
f 5387 5394 5393
f 5387 5393 5392
f 5387 5392 5388
f 5391 5402 5407
f 5391 5407 5408
f 5391 5408 5406
f 5398 5410 5399
f 5398 5404 5405
f 5398 5405 5410
f 5399 5411 5412
f 5399 5412 5400
f 5399 5410 5413
f 5399 5413 5411
f 5400 5412 5402
f 5400 5402 5401
f 5402 5412 5414
f 5402 5414 5407
f 5405 5415 5413
f 5405 5413 5410
f 5405 5416 5431
f 5405 5431 5458
f 5405 5458 5457
f 5405 5457 5487
f 5405 5487 5509
f 5405 5509 5484
f 5405 5484 5452
f 5405 5452 5451
f 5405 5451 5450
f 5405 5450 5449
f 5405 5449 5448
f 5405 5448 5447
f 5405 5447 5483
f 5405 5483 5508
f 5405 5508 5545
f 5405 5545 5578
f 5405 5578 5606
f 5405 5606 5631
f 5405 5631 5651
f 5405 5651 5658
f 5405 5658 5661
f 5405 5661 5660
f 5405 5660 5656
f 5405 5656 5645
f 5405 5645 5623
f 5405 5623 5622
f 5405 5622 5599
f 5405 5599 5567
f 5405 5567 5565
f 5405 5565 5564
f 5405 5564 5597
f 5405 5597 5596
f 5405 5596 5595
f 5405 5595 5576
f 5405 5576 5575
f 5405 5575 5540
f 5405 5540 5539
f 5405 5539 5538
f 5405 5538 5537
f 5405 5537 5574
f 5405 5574 5535
f 5405 5535 5534
f 5405 5534 5533
f 5405 5533 5532
f 5405 5532 5571
f 5405 5571 5604
f 5405 5604 5628
f 5405 5628 5649
f 5405 5649 5652
f 5405 5652 5643
f 5405 5643 5620
f 5405 5620 5590
f 5405 5590 5556
f 5405 5556 5523
f 5405 5523 5493
f 5405 5493 5467
f 5405 5467 5438
f 5405 5438 5455
f 5405 5455 5429
f 5405 5429 5425
f 5405 5425 5415
f 5406 5408 5417
f 5406 5417 5418
f 5406 5418 5419
f 5407 5414 5420
f 5407 5420 5421
f 5407 5421 5422
f 5407 5422 5417
f 5407 5417 5408
f 5409 5423 5443
f 5409 5443 5474
f 5409 5474 5496
f 5409 5496 5525
f 5409 5525 5530
f 5409 5530 5529
f 5409 5529 5566
f 5409 5566 5598
f 5409 5598 5621
f 5409 5621 5644
f 5409 5644 5655
f 5409 5655 5659
f 5409 5659 5657
f 5409 5657 5650
f 5409 5650 5630
f 5409 5630 5605
f 5409 5605 5577
f 5409 5577 5544
f 5409 5544 5507
f 5409 5507 5481
f 5409 5481 5446
f 5409 5446 5424
f 5411 5425 5426
f 5411 5426 5427
f 5411 5427 5414
f 5411 5414 5412
f 5411 5413 5415
f 5411 5415 5425
f 5414 5428 5420
f 5414 5427 5426
f 5414 5426 5429
f 5414 5429 5428
f 5416 5430 5431
f 5417 5422 5418
f 5418 5422 5432
f 5418 5432 5433
f 5418 5433 5434
f 5418 5434 5435
f 5418 5435 5436
f 5418 5436 5419
f 5420 5428 5437
f 5420 5437 5438
f 5420 5438 5439
f 5420 5439 5440
f 5420 5440 5441
f 5420 5441 5442
f 5420 5442 5432
f 5420 5432 5422
f 5420 5422 5421
f 5423 5444 5445
f 5423 5445 5443
f 5424 5446 5447
f 5424 5447 5448
f 5424 5448 5449
f 5424 5449 5450
f 5424 5450 5451
f 5424 5451 5452
f 5424 5452 5453
f 5424 5453 5454
f 5425 5429 5426
f 5428 5429 5455
f 5428 5455 5438
f 5428 5438 5437
f 5430 5456 5457
f 5430 5457 5458
f 5430 5458 5431
f 5432 5442 5459
f 5432 5459 5460
f 5432 5460 5433
f 5433 5460 5461
f 5433 5461 5434
f 5434 5462 5463
f 5434 5463 5464
f 5434 5464 5436
f 5434 5436 5435
f 5434 5461 5465
f 5434 5465 5466
f 5434 5466 5462
f 5438 5467 5468
f 5438 5468 5469
f 5438 5469 5440
f 5438 5440 5439
f 5440 5469 5470
f 5440 5470 5471
f 5440 5471 5441
f 5441 5471 5442
f 5442 5472 5459
f 5442 5471 5473
f 5442 5473 5472
f 5443 5445 5475
f 5443 5475 5474
f 5444 5476 5477
f 5444 5477 5478
f 5444 5478 5445
f 5445 5478 5479
f 5445 5479 5480
f 5445 5480 5475
f 5446 5481 5482
f 5446 5482 5447
f 5447 5482 5481
f 5447 5481 5483
f 5452 5484 5485
f 5452 5485 5454
f 5452 5454 5453
f 5456 5486 5487
f 5456 5487 5457
f 5459 5488 5461
f 5459 5461 5460
f 5459 5472 5489
f 5459 5489 5488
f 5461 5488 5490
f 5461 5490 5491
f 5461 5491 5465
f 5465 5491 5466
f 5466 5491 5492
f 5467 5493 5494
f 5467 5494 5495
f 5467 5495 5468
f 5468 5495 5489
f 5468 5489 5473
f 5468 5473 5470
f 5468 5470 5469
f 5470 5473 5471
f 5472 5473 5489
f 5474 5475 5497
f 5474 5497 5496
f 5475 5480 5497
f 5476 5498 5499
f 5476 5499 5500
f 5476 5500 5501
f 5476 5501 5477
f 5477 5501 5502
f 5477 5502 5503
f 5477 5503 5504
f 5477 5504 5478
f 5478 5504 5505
f 5478 5505 5479
f 5479 5505 5480
f 5480 5506 5497
f 5480 5505 5506
f 5481 5507 5508
f 5481 5508 5483
f 5484 5509 5485
f 5485 5509 5510
f 5486 5511 5487
f 5487 5511 5509
f 5488 5512 5490
f 5488 5489 5512
f 5489 5495 5513
f 5489 5513 5514
f 5489 5514 5515
f 5489 5515 5516
f 5489 5516 5517
f 5489 5517 5512
f 5490 5512 5518
f 5490 5518 5519
f 5490 5519 5491
f 5491 5519 5520
f 5491 5520 5521
f 5491 5521 5492
f 5493 5522 5494
f 5493 5523 5522
f 5494 5522 5524
f 5494 5524 5514
f 5494 5514 5513
f 5494 5513 5495
f 5496 5497 5525
f 5497 5506 5526
f 5497 5526 5527
f 5497 5527 5528
f 5497 5528 5529
f 5497 5529 5530
f 5497 5530 5525
f 5498 5531 5532
f 5498 5532 5533
f 5498 5533 5534
f 5498 5534 5535
f 5498 5535 5536
f 5498 5536 5499
f 5499 5536 5537
f 5499 5537 5538
f 5499 5538 5502
f 5499 5502 5500
f 5500 5502 5501
f 5502 5538 5539
f 5502 5539 5540
f 5502 5540 5541
f 5502 5541 5542
f 5502 5542 5505
f 5502 5505 5503
f 5503 5505 5504
f 5505 5542 5506
f 5506 5542 5543
f 5506 5543 5526
f 5507 5544 5545
f 5507 5545 5508
f 5509 5511 5510
f 5512 5517 5518
f 5514 5524 5546
f 5514 5546 5515
f 5515 5546 5547
f 5515 5547 5516
f 5516 5518 5517
f 5516 5547 5546
f 5516 5546 5518
f 5518 5546 5519
f 5519 5546 5548
f 5519 5548 5520
f 5520 5548 5549
f 5520 5549 5521
f 5521 5549 5550
f 5522 5523 5551
f 5522 5551 5552
f 5522 5552 5553
f 5522 5553 5554
f 5522 5554 5555
f 5522 5555 5524
f 5523 5556 5557
f 5523 5557 5552
f 5523 5552 5551
f 5524 5558 5559
f 5524 5559 5546
f 5524 5555 5554
f 5524 5554 5560
f 5524 5560 5561
f 5524 5561 5558
f 5526 5543 5562
f 5526 5562 5563
f 5526 5563 5527
f 5527 5564 5565
f 5527 5565 5528
f 5527 5563 5562
f 5527 5562 5564
f 5528 5566 5529
f 5528 5565 5567
f 5528 5567 5566
f 5531 5568 5569
f 5531 5569 5570
f 5531 5570 5532
f 5532 5570 5572
f 5532 5572 5573
f 5532 5573 5571
f 5535 5574 5536
f 5536 5574 5537
f 5540 5575 5541
f 5541 5562 5542
f 5541 5575 5576
f 5541 5576 5562
f 5542 5562 5543
f 5544 5577 5578
f 5544 5578 5545
f 5546 5559 5548
f 5548 5559 5558
f 5548 5558 5579
f 5548 5579 5549
f 5549 5579 5580
f 5549 5580 5581
f 5549 5581 5582
f 5549 5582 5550
f 5552 5557 5583
f 5552 5583 5584
f 5552 5584 5553
f 5553 5584 5554
f 5554 5584 5585
f 5554 5585 5586
f 5554 5586 5587
f 5554 5587 5588
f 5554 5588 5560
f 5556 5589 5557
f 5556 5590 5589
f 5557 5589 5591
f 5557 5591 5583
f 5558 5592 5593
f 5558 5593 5579
f 5558 5561 5592
f 5560 5588 5594
f 5560 5594 5592
f 5560 5592 5561
f 5562 5576 5595
f 5562 5595 5596
f 5562 5596 5597
f 5562 5597 5564
f 5566 5567 5599
f 5566 5599 5598
f 5568 5600 5601
f 5568 5601 5569
f 5569 5601 5572
f 5569 5572 5570
f 5571 5573 5602
f 5571 5602 5603
f 5571 5603 5604
f 5572 5601 5573
f 5573 5601 5602
f 5577 5605 5578
f 5578 5605 5606
f 5579 5593 5607
f 5579 5607 5580
f 5580 5607 5581
f 5581 5607 5608
f 5583 5591 5609
f 5583 5609 5610
f 5583 5610 5611
f 5583 5611 5612
f 5583 5612 5584
f 5584 5612 5585
f 5585 5612 5586
f 5586 5612 5587
f 5587 5613 5614
f 5587 5614 5588
f 5587 5612 5615
f 5587 5615 5613
f 5588 5616 5594
f 5588 5614 5617
f 5588 5617 5618
f 5588 5618 5616
f 5589 5590 5619
f 5589 5619 5591
f 5590 5620 5619
f 5591 5619 5609
f 5592 5594 5607
f 5592 5607 5593
f 5594 5608 5607
f 5598 5599 5622
f 5598 5622 5623
f 5598 5623 5621
f 5600 5624 5601
f 5601 5624 5625
f 5601 5625 5602
f 5602 5625 5626
f 5602 5626 5627
f 5602 5627 5603
f 5603 5628 5604
f 5603 5627 5629
f 5603 5629 5628
f 5605 5630 5606
f 5606 5630 5631
f 5609 5632 5629
f 5609 5629 5610
f 5609 5619 5620
f 5609 5620 5632
f 5610 5633 5634
f 5610 5634 5612
f 5610 5612 5611
f 5610 5629 5635
f 5610 5635 5633
f 5612 5634 5636
f 5612 5636 5637
f 5612 5637 5638
f 5612 5638 5639
f 5612 5639 5640
f 5612 5640 5641
f 5612 5641 5615
f 5613 5617 5614
f 5613 5615 5640
f 5615 5641 5642
f 5615 5642 5640
f 5620 5643 5632
f 5621 5623 5644
f 5623 5645 5644
f 5624 5646 5625
f 5625 5646 5647
f 5625 5647 5648
f 5625 5648 5626
f 5626 5648 5636
f 5626 5636 5627
f 5627 5636 5629
f 5628 5629 5649
f 5629 5636 5635
f 5629 5632 5649
f 5630 5650 5651
f 5630 5651 5631
f 5632 5643 5652
f 5632 5652 5649
f 5633 5635 5634
f 5634 5635 5636
f 5636 5648 5653
f 5636 5653 5637
f 5637 5653 5654
f 5637 5654 5638
f 5638 5654 5646
f 5638 5646 5639
f 5640 5642 5641
f 5644 5645 5655
f 5645 5656 5655
f 5646 5654 5647
f 5647 5654 5648
f 5648 5654 5653
f 5650 5657 5658
f 5650 5658 5651
f 5655 5656 5660
f 5655 5660 5659
f 5657 5659 5660
f 5657 5660 5661
f 5657 5661 5658
f 5662 5663 5664
f 5662 5664 5668
f 5662 5668 5674
f 5662 5674 5684
f 5662 5684 5691
f 5662 5691 5687
f 5662 5687 5678
f 5662 5678 5677
f 5662 5677 5675
f 5662 5675 5669
f 5662 5669 5665
f 5662 5665 5670
f 5662 5670 5676
f 5662 5676 5686
f 5662 5686 5694
f 5662 5694 5706
f 5662 5706 5705
f 5662 5705 5710
f 5662 5710 5713
f 5662 5713 5712
f 5662 5712 5711
f 5662 5711 5707
f 5662 5707 5700
f 5662 5700 5699
f 5662 5699 5697
f 5662 5697 5695
f 5662 5695 5688
f 5662 5688 5679
f 5662 5679 5671
f 5662 5671 5666
f 5662 5666 5663
f 5663 5666 5667
f 5663 5667 5668
f 5663 5668 5664
f 5665 5669 5670
f 5666 5671 5672
f 5666 5672 5667
f 5667 5672 5673
f 5667 5673 5674
f 5667 5674 5668
f 5669 5675 5670
f 5670 5675 5677
f 5670 5677 5678
f 5670 5678 5676
f 5671 5679 5672
f 5672 5679 5680
f 5672 5680 5673
f 5673 5680 5681
f 5673 5681 5682
f 5673 5682 5683
f 5673 5683 5674
f 5674 5683 5682
f 5674 5682 5684
f 5676 5685 5686
f 5676 5678 5687
f 5676 5687 5685
f 5679 5688 5680
f 5680 5688 5689
f 5680 5689 5690
f 5680 5690 5681
f 5681 5690 5691
f 5681 5691 5684
f 5681 5684 5682
f 5685 5687 5692
f 5685 5692 5693
f 5685 5693 5694
f 5685 5694 5686
f 5687 5691 5692
f 5688 5695 5689
f 5689 5695 5690
f 5690 5695 5696
f 5690 5696 5697
f 5690 5697 5698
f 5690 5698 5699
f 5690 5699 5700
f 5690 5700 5701
f 5690 5701 5702
f 5690 5702 5691
f 5691 5702 5703
f 5691 5703 5692
f 5692 5703 5693
f 5693 5704 5705
f 5693 5705 5706
f 5693 5706 5694
f 5693 5703 5704
f 5695 5697 5696
f 5697 5699 5698
f 5700 5707 5701
f 5701 5703 5702
f 5701 5707 5708
f 5701 5708 5703
f 5703 5708 5709
f 5703 5709 5704
f 5704 5709 5705
f 5705 5709 5710
f 5707 5711 5708
f 5708 5711 5712
f 5708 5712 5713
f 5708 5713 5710
f 5708 5710 5709
f 5714 5715 5716
f 5714 5716 5720
f 5714 5720 5735
f 5714 5735 5755
f 5714 5755 5769
f 5714 5769 5778
f 5714 5778 5782
f 5714 5782 5788
f 5714 5788 5807
f 5714 5807 5819
f 5714 5819 5833
f 5714 5833 5855
f 5714 5855 5840
f 5714 5840 5823
f 5714 5823 5822
f 5714 5822 5809
f 5714 5809 5800
f 5714 5800 5799
f 5714 5799 5798
f 5714 5798 5797
f 5714 5797 5796
f 5714 5796 5795
f 5714 5795 5794
f 5714 5794 5793
f 5714 5793 5792
f 5714 5792 5791
f 5714 5791 5790
f 5714 5790 5789
f 5714 5789 5785
f 5714 5785 5784
f 5714 5784 5783
f 5714 5783 5779
f 5714 5779 5770
f 5714 5770 5758
f 5714 5758 5757
f 5714 5757 5742
f 5714 5742 5741
f 5714 5741 5740
f 5714 5740 5756
f 5714 5756 5736
f 5714 5736 5721
f 5714 5721 5717
f 5714 5717 5715
f 5715 5718 5716
f 5715 5717 5718
f 5716 5718 5719
f 5716 5719 5720
f 5717 5721 5722
f 5717 5722 5723
f 5717 5723 5724
f 5717 5724 5725
f 5717 5725 5726
f 5717 5726 5727
f 5717 5727 5728
f 5717 5728 5729
f 5717 5729 5730
f 5717 5730 5718
f 5718 5730 5731
f 5718 5731 5732
f 5718 5732 5719
f 5719 5732 5733
f 5719 5733 5720
f 5720 5734 5735
f 5720 5733 5734
f 5721 5736 5722
f 5722 5737 5738
f 5722 5738 5723
f 5722 5736 5739
f 5722 5739 5740
f 5722 5740 5741
f 5722 5741 5742
f 5722 5742 5737
f 5723 5738 5743
f 5723 5743 5744
f 5723 5744 5745
f 5723 5745 5724
f 5724 5745 5725
f 5725 5745 5746
f 5725 5746 5747
f 5725 5747 5748
f 5725 5748 5726
f 5726 5748 5727
f 5727 5748 5749
f 5727 5749 5750
f 5727 5750 5729
f 5727 5729 5728
f 5729 5750 5730
f 5730 5750 5751
f 5730 5751 5764
f 5730 5764 5765
f 5730 5765 5774
f 5730 5774 5762
f 5730 5762 5747
f 5730 5747 5746
f 5730 5746 5761
f 5730 5761 5744
f 5730 5744 5760
f 5730 5760 5773
f 5730 5773 5772
f 5730 5772 5771
f 5730 5771 5780
f 5730 5780 5786
f 5730 5786 5805
f 5730 5805 5818
f 5730 5818 5831
f 5730 5831 5853
f 5730 5853 5877
f 5730 5877 5886
f 5730 5886 5890
f 5730 5890 5891
f 5730 5891 5888
f 5730 5888 5881
f 5730 5881 5868
f 5730 5868 5867
f 5730 5867 5866
f 5730 5866 5856
f 5730 5856 5834
f 5730 5834 5820
f 5730 5820 5808
f 5730 5808 5806
f 5730 5806 5787
f 5730 5787 5781
f 5730 5781 5775
f 5730 5775 5767
f 5730 5767 5752
f 5730 5752 5732
f 5730 5732 5731
f 5732 5752 5753
f 5732 5753 5733
f 5733 5753 5754
f 5733 5754 5734
f 5734 5754 5755
f 5734 5755 5735
f 5736 5756 5739
f 5737 5742 5738
f 5738 5742 5757
f 5738 5757 5758
f 5738 5758 5743
f 5739 5756 5740
f 5743 5759 5760
f 5743 5760 5744
f 5743 5758 5759
f 5744 5761 5745
f 5745 5761 5746
f 5747 5762 5748
f 5748 5762 5763
f 5748 5763 5749
f 5749 5763 5750
f 5750 5764 5751
f 5750 5763 5765
f 5750 5765 5764
f 5752 5766 5753
f 5752 5767 5766
f 5753 5766 5754
f 5754 5768 5755
f 5754 5766 5768
f 5755 5768 5769
f 5758 5770 5771
f 5758 5771 5759
f 5759 5772 5773
f 5759 5773 5760
f 5759 5771 5772
f 5762 5774 5763
f 5763 5774 5765
f 5766 5767 5775
f 5766 5775 5776
f 5766 5776 5777
f 5766 5777 5768
f 5768 5777 5769
f 5769 5777 5778
f 5770 5779 5771
f 5771 5779 5780
f 5775 5781 5782
f 5775 5782 5778
f 5775 5778 5776
f 5776 5778 5777
f 5779 5783 5780
f 5780 5783 5784
f 5780 5784 5785
f 5780 5785 5789
f 5780 5789 5786
f 5781 5787 5782
f 5782 5787 5788
f 5786 5789 5790
f 5786 5790 5791
f 5786 5791 5792
f 5786 5792 5793
f 5786 5793 5794
f 5786 5794 5795
f 5786 5795 5796
f 5786 5796 5797
f 5786 5797 5798
f 5786 5798 5799
f 5786 5799 5800
f 5786 5800 5801
f 5786 5801 5802
f 5786 5802 5803
f 5786 5803 5804
f 5786 5804 5805
f 5787 5806 5788
f 5788 5806 5808
f 5788 5808 5807
f 5800 5809 5802
f 5800 5802 5801
f 5802 5809 5810
f 5802 5810 5811
f 5802 5811 5812
f 5802 5812 5813
f 5802 5813 5814
f 5802 5814 5815
f 5802 5815 5803
f 5803 5815 5805
f 5803 5805 5804
f 5805 5815 5814
f 5805 5814 5813
f 5805 5813 5812
f 5805 5812 5816
f 5805 5816 5817
f 5805 5817 5818
f 5807 5808 5819
f 5808 5820 5821
f 5808 5821 5819
f 5809 5822 5810
f 5810 5822 5823
f 5810 5823 5811
f 5811 5823 5824
f 5811 5824 5825
f 5811 5825 5826
f 5811 5826 5827
f 5811 5827 5828
f 5811 5828 5829
f 5811 5829 5812
f 5812 5829 5830
f 5812 5830 5816
f 5816 5830 5817
f 5817 5830 5818
f 5818 5830 5831
f 5819 5821 5832
f 5819 5832 5833
f 5820 5834 5835
f 5820 5835 5836
f 5820 5836 5837
f 5820 5837 5821
f 5821 5837 5838
f 5821 5838 5839
f 5821 5839 5833
f 5821 5833 5832
f 5823 5840 5825
f 5823 5825 5824
f 5825 5841 5826
f 5825 5840 5842
f 5825 5842 5843
f 5825 5843 5844
f 5825 5844 5845
f 5825 5845 5846
f 5825 5846 5841
f 5826 5841 5846
f 5826 5846 5827
f 5827 5846 5847
f 5827 5847 5848
f 5827 5848 5849
f 5827 5849 5850
f 5827 5850 5828
f 5828 5850 5829
f 5829 5850 5830
f 5830 5850 5831
f 5831 5850 5851
f 5831 5851 5852
f 5831 5852 5853
f 5833 5839 5838
f 5833 5838 5854
f 5833 5854 5878
f 5833 5878 5880
f 5833 5880 5864
f 5833 5864 5863
f 5833 5863 5862
f 5833 5862 5861
f 5833 5861 5860
f 5833 5860 5859
f 5833 5859 5858
f 5833 5858 5879
f 5833 5879 5887
f 5833 5887 5889
f 5833 5889 5892
f 5833 5892 5891
f 5833 5891 5890
f 5833 5890 5885
f 5833 5885 5884
f 5833 5884 5882
f 5833 5882 5874
f 5833 5874 5872
f 5833 5872 5849
f 5833 5849 5848
f 5833 5848 5871
f 5833 5871 5844
f 5833 5844 5843
f 5833 5843 5842
f 5833 5842 5870
f 5833 5870 5855
f 5834 5856 5835
f 5835 5857 5858
f 5835 5858 5859
f 5835 5859 5860
f 5835 5860 5861
f 5835 5861 5862
f 5835 5862 5863
f 5835 5863 5864
f 5835 5864 5865
f 5835 5865 5836
f 5835 5856 5866
f 5835 5866 5867
f 5835 5867 5868
f 5835 5868 5857
f 5836 5865 5869
f 5836 5869 5838
f 5836 5838 5837
f 5838 5869 5854
f 5840 5855 5870
f 5840 5870 5842
f 5844 5871 5845
f 5845 5871 5848
f 5845 5848 5846
f 5846 5848 5847
f 5849 5872 5873
f 5849 5873 5851
f 5849 5851 5850
f 5851 5873 5852
f 5852 5873 5874
f 5852 5874 5875
f 5852 5875 5876
f 5852 5876 5853
f 5853 5876 5877
f 5854 5869 5878
f 5857 5868 5858
f 5858 5868 5879
f 5864 5880 5865
f 5865 5880 5869
f 5868 5881 5879
f 5869 5880 5878
f 5872 5874 5873
f 5874 5882 5875
f 5875 5882 5883
f 5875 5883 5876
f 5876 5883 5877
f 5877 5883 5884
f 5877 5884 5885
f 5877 5885 5886
f 5879 5881 5887
f 5881 5888 5889
f 5881 5889 5887
f 5882 5884 5883
f 5885 5890 5886
f 5888 5891 5892
f 5888 5892 5889
f 5893 5894 5895
f 5893 5895 5896
f 5893 5896 5897
f 5893 5897 5898
f 5893 5898 5899
f 5893 5899 5903
f 5893 5903 5909
f 5893 5909 5914
f 5893 5914 5913
f 5893 5913 5912
f 5893 5912 5910
f 5893 5910 5904
f 5893 5904 5900
f 5893 5900 5906
f 5893 5906 5918
f 5893 5918 5928
f 5893 5928 5919
f 5893 5919 5907
f 5893 5907 5901
f 5893 5901 5894
f 5894 5901 5908
f 5894 5908 5902
f 5894 5902 5897
f 5894 5897 5896
f 5894 5896 5895
f 5897 5902 5905
f 5897 5905 5903
f 5897 5903 5899
f 5897 5899 5898
f 5900 5904 5905
f 5900 5905 5906
f 5901 5907 5908
f 5902 5908 5920
f 5902 5920 5929
f 5902 5929 5927
f 5902 5927 5926
f 5902 5926 5925
f 5902 5925 5924
f 5902 5924 5923
f 5902 5923 5922
f 5902 5922 5921
f 5902 5921 5917
f 5902 5917 5916
f 5902 5916 5915
f 5902 5915 5911
f 5902 5911 5905
f 5903 5905 5909
f 5904 5910 5905
f 5905 5911 5906
f 5905 5910 5912
f 5905 5912 5913
f 5905 5913 5914
f 5905 5914 5909
f 5906 5911 5915
f 5906 5915 5916
f 5906 5916 5917
f 5906 5917 5918
f 5907 5919 5908
f 5908 5919 5920
f 5917 5921 5918
f 5918 5921 5922
f 5918 5922 5923
f 5918 5923 5924
f 5918 5924 5925
f 5918 5925 5926
f 5918 5926 5927
f 5918 5927 5928
f 5919 5928 5927
f 5919 5927 5929
f 5919 5929 5920
f 5930 5931 5932
f 5930 5932 5937
f 5930 5937 5944
f 5930 5944 5943
f 5930 5943 5952
f 5930 5952 5964
f 5930 5964 5963
f 5930 5963 5962
f 5930 5962 5973
f 5930 5973 5965
f 5930 5965 5954
f 5930 5954 5945
f 5930 5945 5938
f 5930 5938 5933
f 5930 5933 5939
f 5930 5939 5946
f 5930 5946 5955
f 5930 5955 5966
f 5930 5966 5974
f 5930 5974 5977
f 5930 5977 5976
f 5930 5976 5969
f 5930 5969 5959
f 5930 5959 5958
f 5930 5958 5957
f 5930 5957 5947
f 5930 5947 5940
f 5930 5940 5934
f 5930 5934 5931
f 5931 5934 5935
f 5931 5935 5936
f 5931 5936 5937
f 5931 5937 5932
f 5933 5938 5939
f 5934 5940 5941
f 5934 5941 5942
f 5934 5942 5935
f 5935 5942 5936
f 5936 5942 5943
f 5936 5943 5944
f 5936 5944 5937
f 5938 5945 5939
f 5939 5945 5946
f 5940 5947 5948
f 5940 5948 5941
f 5941 5948 5949
f 5941 5949 5950
f 5941 5950 5942
f 5942 5950 5951
f 5942 5951 5943
f 5943 5951 5952
f 5945 5953 5946
f 5945 5954 5953
f 5946 5953 5956
f 5946 5956 5955
f 5947 5957 5948
f 5948 5957 5949
f 5949 5958 5959
f 5949 5959 5960
f 5949 5960 5961
f 5949 5961 5950
f 5949 5957 5958
f 5950 5961 5951
f 5951 5961 5962
f 5951 5962 5963
f 5951 5963 5964
f 5951 5964 5952
f 5953 5954 5965
f 5953 5965 5956
f 5955 5956 5967
f 5955 5967 5966
f 5956 5965 5968
f 5956 5968 5967
f 5959 5969 5970
f 5959 5970 5960
f 5960 5970 5971
f 5960 5971 5961
f 5961 5971 5972
f 5961 5972 5962
f 5962 5972 5973
f 5965 5973 5972
f 5965 5972 5968
f 5966 5967 5974
f 5967 5968 5975
f 5967 5975 5974
f 5968 5972 5971
f 5968 5971 5975
f 5969 5976 5971
f 5969 5971 5970
f 5971 5976 5975
f 5974 5975 5977
f 5975 5976 5977
f 5978 5979 5980
f 5978 5980 5981
f 5978 5981 5989
f 5978 5989 6002
f 5978 6002 6004
f 5978 6004 6009
f 5978 6009 6021
f 5978 6021 6042
f 5978 6042 6041
f 5978 6041 6052
f 5978 6052 6062
f 5978 6062 6071
f 5978 6071 6078
f 5978 6078 6074
f 5978 6074 6073
f 5978 6073 6063
f 5978 6063 6053
f 5978 6053 6043
f 5978 6043 6030
f 5978 6030 6029
f 5978 6029 6028
f 5978 6028 6027
f 5978 6027 6026
f 5978 6026 6025
f 5978 6025 6024
f 5978 6024 6023
f 5978 6023 6012
f 5978 6012 6007
f 5978 6007 6001
f 5978 6001 5999
f 5978 5999 5998
f 5978 5998 5997
f 5978 5997 5996
f 5978 5996 5995
f 5978 5995 5994
f 5978 5994 5987
f 5978 5987 5986
f 5978 5986 5985
f 5978 5985 5982
f 5978 5982 5979
f 5979 5983 5984
f 5979 5984 6000
f 5979 6000 6006
f 5979 6006 6016
f 5979 6016 6037
f 5979 6037 6048
f 5979 6048 6047
f 5979 6047 6056
f 5979 6056 6067
f 5979 6067 6075
f 5979 6075 6070
f 5979 6070 6069
f 5979 6069 6068
f 5979 6068 6057
f 5979 6057 6049
f 5979 6049 6038
f 5979 6038 6017
f 5979 6017 6008
f 5979 6008 6003
f 5979 6003 5992
f 5979 5992 5991
f 5979 5991 5990
f 5979 5990 5988
f 5979 5988 5980
f 5979 5982 5985
f 5979 5985 5986
f 5979 5986 5987
f 5979 5987 5983
f 5980 5988 5981
f 5981 5988 5990
f 5981 5990 5991
f 5981 5991 5992
f 5981 5992 5993
f 5981 5993 5989
f 5983 5987 5994
f 5983 5994 5995
f 5983 5995 5996
f 5983 5996 5997
f 5983 5997 5998
f 5983 5998 5999
f 5983 5999 5984
f 5984 5999 6001
f 5984 6001 6000
f 5989 5993 6002
f 5992 6003 5993
f 5993 6003 6008
f 5993 6008 6018
f 5993 6018 6039
f 5993 6039 6019
f 5993 6019 6009
f 5993 6009 6004
f 5993 6004 6002
f 6000 6005 6006
f 6000 6001 6007
f 6000 6007 6005
f 6005 6010 6011
f 6005 6011 6006
f 6005 6007 6012
f 6005 6012 6010
f 6006 6011 6013
f 6006 6013 6014
f 6006 6014 6015
f 6006 6015 6016
f 6008 6017 6018
f 6009 6019 6020
f 6009 6020 6021
f 6010 6022 6011
f 6010 6012 6023
f 6010 6023 6024
f 6010 6024 6025
f 6010 6025 6026
f 6010 6026 6013
f 6010 6013 6022
f 6011 6022 6013
f 6013 6026 6027
f 6013 6027 6028
f 6013 6028 6029
f 6013 6029 6015
f 6013 6015 6014
f 6015 6029 6030
f 6015 6030 6031
f 6015 6031 6032
f 6015 6032 6033
f 6015 6033 6034
f 6015 6034 6016
f 6016 6034 6035
f 6016 6035 6036
f 6016 6036 6037
f 6017 6038 6039
f 6017 6039 6018
f 6019 6039 6020
f 6020 6039 6038
f 6020 6038 6040
f 6020 6040 6041
f 6020 6041 6042
f 6020 6042 6021
f 6030 6043 6031
f 6031 6043 6044
f 6031 6044 6032
f 6032 6045 6033
f 6032 6044 6045
f 6033 6045 6034
f 6034 6045 6046
f 6034 6046 6035
f 6035 6046 6036
f 6036 6046 6047
f 6036 6047 6048
f 6036 6048 6037
f 6038 6049 6050
f 6038 6050 6051
f 6038 6051 6041
f 6038 6041 6040
f 6041 6051 6052
f 6043 6053 6054
f 6043 6054 6044
f 6044 6054 6055
f 6044 6055 6056
f 6044 6056 6045
f 6045 6056 6047
f 6045 6047 6046
f 6049 6057 6050
f 6050 6058 6051
f 6050 6057 6059
f 6050 6059 6058
f 6051 6058 6060
f 6051 6060 6052
f 6052 6061 6062
f 6052 6060 6061
f 6053 6063 6064
f 6053 6064 6054
f 6054 6064 6063
f 6054 6063 6055
f 6055 6063 6065
f 6055 6065 6066
f 6055 6066 6067
f 6055 6067 6056
f 6057 6068 6059
f 6058 6059 6069
f 6058 6069 6070
f 6058 6070 6066
f 6058 6066 6061
f 6058 6061 6060
f 6059 6068 6069
f 6061 6066 6062
f 6062 6066 6072
f 6062 6072 6071
f 6063 6073 6065
f 6065 6073 6074
f 6065 6074 6066
f 6066 6070 6075
f 6066 6075 6067
f 6066 6074 6076
f 6066 6076 6072
f 6071 6072 6077
f 6071 6077 6078
f 6072 6076 6077
f 6074 6078 6077
f 6074 6077 6076
f 6079 6080 6081
f 6079 6081 6082
f 6079 6082 6083
f 6079 6083 6092
f 6079 6092 6102
f 6079 6102 6111
f 6079 6111 6118
f 6079 6118 6126
f 6079 6126 6134
f 6079 6134 6142
f 6079 6142 6141
f 6079 6141 6143
f 6079 6143 6135
f 6079 6135 6127
f 6079 6127 6119
f 6079 6119 6112
f 6079 6112 6105
f 6079 6105 6104
f 6079 6104 6103
f 6079 6103 6099
f 6079 6099 6089
f 6079 6089 6088
f 6079 6088 6084
f 6079 6084 6080
f 6080 6084 6081
f 6081 6085 6086
f 6081 6086 6087
f 6081 6087 6082
f 6081 6084 6088
f 6081 6088 6089
f 6081 6089 6085
f 6082 6087 6083
f 6083 6090 6091
f 6083 6091 6092
f 6083 6087 6090
f 6085 6093 6086
f 6085 6089 6094
f 6085 6094 6099
f 6085 6099 6103
f 6085 6103 6095
f 6085 6095 6106
f 6085 6106 6114
f 6085 6114 6113
f 6085 6113 6121
f 6085 6121 6120
f 6085 6120 6129
f 6085 6129 6128
f 6085 6128 6138
f 6085 6138 6132
f 6085 6132 6130
f 6085 6130 6122
f 6085 6122 6115
f 6085 6115 6108
f 6085 6108 6100
f 6085 6100 6091
f 6085 6091 6098
f 6085 6098 6107
f 6085 6107 6096
f 6085 6096 6093
f 6086 6096 6097
f 6086 6097 6087
f 6086 6093 6096
f 6087 6097 6098
f 6087 6098 6090
f 6089 6099 6094
f 6090 6098 6091
f 6091 6100 6101
f 6091 6101 6092
f 6092 6101 6102
f 6095 6103 6104
f 6095 6104 6105
f 6095 6105 6106
f 6096 6107 6097
f 6097 6107 6098
f 6100 6108 6101
f 6101 6108 6109
f 6101 6109 6110
f 6101 6110 6102
f 6102 6110 6111
f 6105 6112 6113
f 6105 6113 6114
f 6105 6114 6106
f 6108 6115 6109
f 6109 6115 6116
f 6109 6116 6117
f 6109 6117 6110
f 6110 6117 6111
f 6111 6117 6118
f 6112 6119 6120
f 6112 6120 6121
f 6112 6121 6113
f 6115 6122 6123
f 6115 6123 6116
f 6116 6123 6117
f 6117 6123 6122
f 6117 6122 6124
f 6117 6124 6125
f 6117 6125 6118
f 6118 6125 6126
f 6119 6127 6128
f 6119 6128 6129
f 6119 6129 6120
f 6122 6130 6124
f 6124 6131 6125
f 6124 6130 6131
f 6125 6132 6133
f 6125 6133 6126
f 6125 6131 6132
f 6126 6133 6134
f 6127 6135 6136
f 6127 6136 6128
f 6128 6136 6137
f 6128 6137 6138
f 6130 6132 6131
f 6132 6138 6139
f 6132 6139 6133
f 6133 6139 6140
f 6133 6140 6141
f 6133 6141 6142
f 6133 6142 6134
f 6135 6143 6140
f 6135 6140 6136
f 6136 6140 6137
f 6137 6140 6139
f 6137 6139 6138
f 6140 6143 6141
f 6144 6145 6152
f 6144 6152 6161
f 6144 6161 6166
f 6144 6166 6165
f 6144 6165 6167
f 6144 6167 6171
f 6144 6171 6177
f 6144 6177 6176
f 6144 6176 6175
f 6144 6175 6178
f 6144 6178 6173
f 6144 6173 6169
f 6144 6169 6163
f 6144 6163 6153
f 6144 6153 6146
f 6144 6146 6147
f 6144 6147 6148
f 6144 6148 6149
f 6144 6149 6150
f 6144 6150 6145
f 6145 6150 6151
f 6145 6151 6152
f 6146 6153 6162
f 6146 6162 6154
f 6146 6154 6155
f 6146 6155 6147
f 6147 6155 6148
f 6148 6156 6149
f 6148 6155 6154
f 6148 6154 6162
f 6148 6162 6168
f 6148 6168 6172
f 6148 6172 6174
f 6148 6174 6170
f 6148 6170 6164
f 6148 6164 6157
f 6148 6157 6156
f 6149 6156 6157
f 6149 6157 6158
f 6149 6158 6150
f 6150 6158 6159
f 6150 6159 6160
f 6150 6160 6161
f 6150 6161 6151
f 6151 6161 6152
f 6153 6163 6168
f 6153 6168 6162
f 6157 6164 6158
f 6158 6165 6166
f 6158 6166 6159
f 6158 6164 6167
f 6158 6167 6165
f 6159 6166 6160
f 6160 6166 6161
f 6163 6169 6168
f 6164 6170 6171
f 6164 6171 6167
f 6168 6169 6172
f 6169 6173 6172
f 6170 6174 6175
f 6170 6175 6176
f 6170 6176 6177
f 6170 6177 6171
f 6172 6173 6178
f 6172 6178 6174
f 6174 6178 6175
f 6179 6180 6181
f 6179 6181 6185
f 6179 6185 6199
f 6179 6199 6202
f 6179 6202 6201
f 6179 6201 6200
f 6179 6200 6186
f 6179 6186 6182
f 6179 6182 6187
f 6179 6187 6198
f 6179 6198 6197
f 6179 6197 6196
f 6179 6196 6195
f 6179 6195 6194
f 6179 6194 6193
f 6179 6193 6210
f 6179 6210 6224
f 6179 6224 6237
f 6179 6237 6256
f 6179 6256 6273
f 6179 6273 6282
f 6179 6282 6289
f 6179 6289 6283
f 6179 6283 6274
f 6179 6274 6259
f 6179 6259 6257
f 6179 6257 6240
f 6179 6240 6229
f 6179 6229 6228
f 6179 6228 6227
f 6179 6227 6215
f 6179 6215 6205
f 6179 6205 6189
f 6179 6189 6183
f 6179 6183 6180
f 6180 6183 6188
f 6180 6188 6203
f 6180 6203 6212
f 6180 6212 6219
f 6180 6219 6218
f 6180 6218 6207
f 6180 6207 6191
f 6180 6191 6184
f 6180 6184 6181
f 6181 6184 6191
f 6181 6191 6208
f 6181 6208 6220
f 6181 6220 6234
f 6181 6234 6249
f 6181 6249 6267
f 6181 6267 6268
f 6181 6268 6266
f 6181 6266 6265
f 6181 6265 6264
f 6181 6264 6275
f 6181 6275 6276
f 6181 6276 6286
f 6181 6286 6290
f 6181 6290 6287
f 6181 6287 6277
f 6181 6277 6270
f 6181 6270 6269
f 6181 6269 6251
f 6181 6251 6250
f 6181 6250 6235
f 6181 6235 6223
f 6181 6223 6221
f 6181 6221 6209
f 6181 6209 6192
f 6181 6192 6185
f 6182 6186 6187
f 6183 6189 6190
f 6183 6190 6188
f 6185 6192 6193
f 6185 6193 6194
f 6185 6194 6195
f 6185 6195 6196
f 6185 6196 6197
f 6185 6197 6198
f 6185 6198 6187
f 6185 6187 6199
f 6186 6200 6187
f 6187 6200 6201
f 6187 6201 6202
f 6187 6202 6199
f 6188 6190 6204
f 6188 6204 6203
f 6189 6205 6206
f 6189 6206 6190
f 6190 6206 6204
f 6191 6207 6208
f 6192 6209 6193
f 6193 6209 6211
f 6193 6211 6210
f 6203 6204 6213
f 6203 6213 6212
f 6204 6206 6214
f 6204 6214 6213
f 6205 6215 6206
f 6206 6215 6216
f 6206 6216 6217
f 6206 6217 6214
f 6207 6218 6208
f 6208 6218 6219
f 6208 6219 6220
f 6209 6221 6222
f 6209 6222 6211
f 6210 6211 6222
f 6210 6222 6223
f 6210 6223 6224
f 6212 6213 6225
f 6212 6225 6219
f 6213 6214 6226
f 6213 6226 6225
f 6214 6217 6226
f 6215 6227 6216
f 6216 6228 6229
f 6216 6229 6230
f 6216 6230 6231
f 6216 6231 6217
f 6216 6227 6228
f 6217 6231 6232
f 6217 6232 6233
f 6217 6233 6226
f 6219 6225 6220
f 6220 6225 6234
f 6221 6223 6222
f 6223 6235 6224
f 6224 6235 6236
f 6224 6236 6237
f 6225 6226 6238
f 6225 6238 6239
f 6225 6239 6234
f 6226 6233 6238
f 6229 6240 6241
f 6229 6241 6230
f 6230 6241 6231
f 6231 6241 6242
f 6231 6242 6232
f 6232 6242 6243
f 6232 6243 6244
f 6232 6244 6245
f 6232 6245 6246
f 6232 6246 6238
f 6232 6238 6233
f 6234 6239 6247
f 6234 6247 6248
f 6234 6248 6249
f 6235 6250 6236
f 6236 6250 6251
f 6236 6251 6252
f 6236 6252 6253
f 6236 6253 6237
f 6237 6254 6255
f 6237 6255 6256
f 6237 6253 6254
f 6238 6246 6247
f 6238 6247 6239
f 6240 6257 6241
f 6241 6257 6258
f 6241 6258 6242
f 6242 6258 6259
f 6242 6259 6260
f 6242 6260 6261
f 6242 6261 6243
f 6243 6261 6262
f 6243 6262 6263
f 6243 6263 6244
f 6244 6263 6264
f 6244 6264 6265
f 6244 6265 6266
f 6244 6266 6245
f 6245 6248 6247
f 6245 6247 6246
f 6245 6266 6248
f 6248 6267 6249
f 6248 6266 6268
f 6248 6268 6267
f 6251 6269 6252
f 6252 6269 6270
f 6252 6270 6271
f 6252 6271 6253
f 6253 6271 6254
f 6254 6256 6255
f 6254 6271 6272
f 6254 6272 6256
f 6256 6272 6273
f 6257 6259 6258
f 6259 6274 6260
f 6260 6274 6262
f 6260 6262 6261
f 6262 6275 6264
f 6262 6264 6263
f 6262 6274 6276
f 6262 6276 6275
f 6270 6277 6271
f 6271 6277 6278
f 6271 6278 6279
f 6271 6279 6272
f 6272 6279 6280
f 6272 6280 6281
f 6272 6281 6282
f 6272 6282 6273
f 6274 6283 6280
f 6274 6280 6284
f 6274 6284 6276
f 6276 6284 6285
f 6276 6285 6286
f 6277 6287 6280
f 6277 6280 6278
f 6278 6280 6279
f 6280 6288 6286
f 6280 6286 6285
f 6280 6285 6284
f 6280 6283 6281
f 6280 6287 6288
f 6281 6283 6289
f 6281 6289 6282
f 6286 6288 6290
f 6287 6290 6288
f 6291 6292 6296
f 6291 6296 6308
f 6291 6308 6312
f 6291 6312 6309
f 6291 6309 6300
f 6291 6300 6299
f 6291 6299 6297
f 6291 6297 6293
f 6291 6293 6294
f 6291 6294 6295
f 6291 6295 6292
f 6292 6295 6296
f 6293 6297 6294
f 6294 6298 6295
f 6294 6297 6299
f 6294 6299 6300
f 6294 6300 6309
f 6294 6309 6313
f 6294 6313 6319
f 6294 6319 6322
f 6294 6322 6323
f 6294 6323 6320
f 6294 6320 6315
f 6294 6315 6311
f 6294 6311 6306
f 6294 6306 6305
f 6294 6305 6304
f 6294 6304 6303
f 6294 6303 6302
f 6294 6302 6298
f 6295 6301 6296
f 6295 6298 6302
f 6295 6302 6303
f 6295 6303 6304
f 6295 6304 6305
f 6295 6305 6306
f 6295 6306 6307
f 6295 6307 6310
f 6295 6310 6314
f 6295 6314 6316
f 6295 6316 6321
f 6295 6321 6318
f 6295 6318 6317
f 6295 6317 6312
f 6295 6312 6308
f 6295 6308 6301
f 6296 6301 6308
f 6306 6310 6307
f 6306 6311 6310
f 6309 6312 6317
f 6309 6317 6313
f 6310 6311 6314
f 6311 6315 6316
f 6311 6316 6314
f 6313 6317 6318
f 6313 6318 6319
f 6315 6320 6316
f 6316 6320 6321
f 6318 6321 6319
f 6319 6321 6322
f 6320 6323 6321
f 6321 6323 6322
f 6324 6325 6326
f 6324 6326 6332
f 6324 6332 6338
f 6324 6338 6345
f 6324 6345 6355
f 6324 6355 6354
f 6324 6354 6358
f 6324 6358 6368
f 6324 6368 6371
f 6324 6371 6376
f 6324 6376 6384
f 6324 6384 6383
f 6324 6383 6382
f 6324 6382 6381
f 6324 6381 6394
f 6324 6394 6389
f 6324 6389 6388
f 6324 6388 6387
f 6324 6387 6386
f 6324 6386 6392
f 6324 6392 6391
f 6324 6391 6385
f 6324 6385 6378
f 6324 6378 6374
f 6324 6374 6370
f 6324 6370 6366
f 6324 6366 6365
f 6324 6365 6364
f 6324 6364 6363
f 6324 6363 6362
f 6324 6362 6360
f 6324 6360 6356
f 6324 6356 6346
f 6324 6346 6339
f 6324 6339 6333
f 6324 6333 6327
f 6324 6327 6328
f 6324 6328 6329
f 6324 6329 6325
f 6325 6330 6326
f 6325 6329 6328
f 6325 6328 6334
f 6325 6334 6341
f 6325 6341 6352
f 6325 6352 6349
f 6325 6349 6348
f 6325 6348 6347
f 6325 6347 6357
f 6325 6357 6361
f 6325 6361 6369
f 6325 6369 6373
f 6325 6373 6377
f 6325 6377 6379
f 6325 6379 6375
f 6325 6375 6372
f 6325 6372 6367
f 6325 6367 6359
f 6325 6359 6353
f 6325 6353 6344
f 6325 6344 6336
f 6325 6336 6331
f 6325 6331 6330
f 6326 6330 6331
f 6326 6331 6332
f 6327 6333 6328
f 6328 6333 6339
f 6328 6339 6350
f 6328 6350 6351
f 6328 6351 6340
f 6328 6340 6334
f 6331 6335 6332
f 6331 6336 6335
f 6332 6335 6337
f 6332 6337 6338
f 6334 6340 6341
f 6335 6342 6343
f 6335 6343 6337
f 6335 6336 6342
f 6336 6344 6343
f 6336 6343 6342
f 6337 6343 6338
f 6338 6343 6345
f 6339 6346 6347
f 6339 6347 6348
f 6339 6348 6349
f 6339 6349 6350
f 6340 6351 6341
f 6341 6351 6350
f 6341 6350 6352
f 6343 6344 6345
f 6344 6353 6354
f 6344 6354 6355
f 6344 6355 6345
f 6346 6356 6357
f 6346 6357 6347
f 6349 6352 6350
f 6353 6358 6354
f 6353 6359 6358
f 6356 6360 6357
f 6357 6360 6362
f 6357 6362 6363
f 6357 6363 6364
f 6357 6364 6365
f 6357 6365 6366
f 6357 6366 6361
f 6358 6359 6367
f 6358 6367 6368
f 6361 6366 6369
f 6366 6370 6369
f 6367 6371 6368
f 6367 6372 6371
f 6369 6370 6373
f 6370 6374 6373
f 6371 6372 6375
f 6371 6375 6376
f 6373 6374 6377
f 6374 6378 6379
f 6374 6379 6377
f 6375 6379 6390
f 6375 6390 6399
f 6375 6399 6398
f 6375 6398 6400
f 6375 6400 6397
f 6375 6397 6396
f 6375 6396 6395
f 6375 6395 6393
f 6375 6393 6380
f 6375 6380 6381
f 6375 6381 6382
f 6375 6382 6383
f 6375 6383 6384
f 6375 6384 6376
f 6378 6385 6379
f 6379 6386 6387
f 6379 6387 6388
f 6379 6388 6389
f 6379 6389 6390
f 6379 6385 6391
f 6379 6391 6392
f 6379 6392 6386
f 6380 6393 6381
f 6381 6393 6395
f 6381 6395 6396
f 6381 6396 6397
f 6381 6397 6394
f 6389 6394 6398
f 6389 6398 6399
f 6389 6399 6390
f 6394 6397 6400
f 6394 6400 6398
f 6402 6403 6401
f 6402 6404 6403
f 6402 6405 6404
f 6402 6401 6405
f 6406 6405 6401
f 6406 6407 6405
f 6406 6408 6407
f 6406 6409 6408
f 6410 6409 6406
f 6410 6411 6409
f 6410 6401 6411
f 6410 6406 6401
f 6411 6401 6403
f 6412 6411 6403
f 6412 6413 6411
f 6412 6414 6413
f 6412 6404 6414
f 6412 6403 6404
f 6414 6404 6405
f 6414 6405 6415
f 6414 6415 6416
f 6413 6414 6416
f 6413 6416 6411
f 6411 6416 6417
f 6418 6411 6417
f 6418 6408 6411
f 6419 6408 6418
f 6420 6408 6419
f 6420 6407 6408
f 6420 6421 6407
f 6420 6417 6421
f 6420 6419 6417
f 6419 6418 6417
f 6421 6417 6422
f 6423 6421 6422
f 6423 6405 6421
f 6423 6424 6405
f 6423 6425 6424
f 6423 6422 6425
f 6426 6425 6422
f 6426 6427 6425
f 6426 6428 6427
f 6426 6429 6428
f 6426 6430 6429
f 6426 6422 6430
f 6422 6417 6430
f 6430 6417 6431
f 6429 6430 6431
f 6432 6429 6431
f 6433 6429 6432
f 6427 6429 6433
f 6427 6428 6429
f 6434 6427 6433
f 6434 6424 6427
f 6434 6405 6424
f 6435 6405 6434
f 6435 6436 6405
f 6435 6437 6436
f 6435 6432 6437
f 6435 6433 6432
f 6435 6434 6433
f 6432 6436 6437
f 6438 6436 6432
f 6438 6439 6436
f 6440 6439 6438
f 6440 6441 6439
f 6440 6442 6441
f 6440 6443 6442
f 6440 6444 6443
f 6445 6444 6440
f 6445 6446 6444
f 6445 6447 6446
f 6445 6448 6447
f 6445 6440 6448
f 6440 6438 6448
f 6438 6431 6448
f 6438 6432 6431
f 6448 6431 6449
f 6447 6448 6449
f 6447 6449 6450
f 6451 6447 6450
f 6451 6452 6447
f 6451 6446 6452
f 6451 6450 6446
f 6450 6453 6446
f 6450 6449 6453
f 6454 6453 6449
f 6454 6455 6453
f 6454 6456 6455
f 6454 6416 6456
f 6454 6449 6416
f 6449 6431 6416
f 6417 6416 6431
f 6415 6456 6416
f 6455 6456 6415
f 6455 6415 6405
f 6455 6405 6453
f 6405 6446 6453
f 6457 6446 6405
f 6458 6446 6457
f 6458 6459 6446
f 6458 6457 6459
f 6457 6405 6459
f 6460 6459 6405
f 6460 6442 6459
f 6460 6461 6442
f 6460 6405 6461
f 6461 6405 6462
f 6463 6461 6462
f 6463 6442 6461
f 6463 6441 6442
f 6463 6436 6441
f 6463 6462 6436
f 6462 6405 6436
f 6441 6436 6439
f 6443 6459 6442
f 6443 6446 6459
f 6443 6444 6446
f 6447 6452 6446
f 6427 6424 6425
f 6421 6405 6407
f 6408 6409 6411
f 6464 6465 6471
f 6464 6471 6479
f 6464 6479 6494
f 6464 6494 6519
f 6464 6519 6525
f 6464 6525 6547
f 6464 6547 6549
f 6464 6549 6528
f 6464 6528 6500
f 6464 6500 6496
f 6464 6496 6480
f 6464 6480 6472
f 6464 6472 6466
f 6464 6466 6467
f 6464 6467 6465
f 6465 6467 6468
f 6465 6468 6469
f 6465 6469 6470
f 6465 6470 6477
f 6465 6477 6491
f 6465 6491 6490
f 6465 6490 6489
f 6465 6489 6513
f 6465 6513 6512
f 6465 6512 6534
f 6465 6534 6557
f 6465 6557 6559
f 6465 6559 6542
f 6465 6542 6517
f 6465 6517 6493
f 6465 6493 6478
f 6465 6478 6471
f 6466 6472 6473
f 6466 6473 6474
f 6466 6474 6467
f 6467 6474 6468
f 6468 6474 6469
f 6469 6474 6475
f 6469 6475 6476
f 6469 6476 6470
f 6470 6476 6477
f 6471 6478 6492
f 6471 6492 6516
f 6471 6516 6495
f 6471 6495 6479
f 6472 6480 6481
f 6472 6481 6482
f 6472 6482 6483
f 6472 6483 6484
f 6472 6484 6473
f 6473 6484 6474
f 6474 6484 6485
f 6474 6485 6475
f 6475 6485 6486
f 6475 6486 6487
f 6475 6487 6488
f 6475 6488 6476
f 6476 6489 6490
f 6476 6490 6491
f 6476 6491 6477
f 6476 6488 6489
f 6478 6493 6518
f 6478 6518 6543
f 6478 6543 6561
f 6478 6561 6570
f 6478 6570 6572
f 6478 6572 6571
f 6478 6571 6569
f 6478 6569 6568
f 6478 6568 6567
f 6478 6567 6566
f 6478 6566 6565
f 6478 6565 6564
f 6478 6564 6563
f 6478 6563 6562
f 6478 6562 6544
f 6478 6544 6522
f 6478 6522 6521
f 6478 6521 6520
f 6478 6520 6540
f 6478 6540 6539
f 6478 6539 6538
f 6478 6538 6537
f 6478 6537 6536
f 6478 6536 6535
f 6478 6535 6515
f 6478 6515 6492
f 6479 6495 6494
f 6480 6496 6481
f 6481 6497 6498
f 6481 6498 6482
f 6481 6496 6499
f 6481 6499 6500
f 6481 6500 6497
f 6482 6501 6502
f 6482 6502 6503
f 6482 6503 6504
f 6482 6504 6483
f 6482 6498 6497
f 6482 6497 6501
f 6483 6504 6484
f 6484 6504 6505
f 6484 6505 6485
f 6485 6505 6486
f 6486 6505 6506
f 6486 6506 6507
f 6486 6507 6508
f 6486 6508 6487
f 6487 6509 6510
f 6487 6510 6511
f 6487 6511 6488
f 6487 6508 6509
f 6488 6512 6513
f 6488 6513 6489
f 6488 6511 6514
f 6488 6514 6512
f 6492 6515 6516
f 6493 6517 6518
f 6494 6495 6519
f 6495 6516 6520
f 6495 6520 6521
f 6495 6521 6522
f 6495 6522 6523
f 6495 6523 6524
f 6495 6524 6525
f 6495 6525 6519
f 6496 6500 6499
f 6497 6526 6501
f 6497 6500 6527
f 6497 6527 6526
f 6500 6528 6527
f 6501 6526 6529
f 6501 6529 6530
f 6501 6530 6502
f 6502 6530 6531
f 6502 6531 6532
f 6502 6532 6510
f 6502 6510 6509
f 6502 6509 6507
f 6502 6507 6504
f 6502 6504 6503
f 6504 6507 6506
f 6504 6506 6505
f 6507 6509 6508
f 6510 6532 6533
f 6510 6533 6511
f 6511 6533 6514
f 6512 6514 6534
f 6514 6533 6534
f 6515 6535 6516
f 6516 6535 6536
f 6516 6536 6537
f 6516 6537 6538
f 6516 6538 6539
f 6516 6539 6540
f 6516 6540 6520
f 6517 6541 6518
f 6517 6542 6541
f 6518 6541 6543
f 6522 6544 6545
f 6522 6545 6546
f 6522 6546 6523
f 6523 6546 6524
f 6524 6527 6547
f 6524 6547 6525
f 6524 6546 6527
f 6526 6546 6548
f 6526 6548 6529
f 6526 6527 6546
f 6527 6528 6549
f 6527 6549 6547
f 6529 6548 6550
f 6529 6550 6530
f 6530 6551 6531
f 6530 6550 6551
f 6531 6551 6552
f 6531 6552 6553
f 6531 6553 6532
f 6532 6553 6554
f 6532 6554 6533
f 6533 6554 6555
f 6533 6555 6556
f 6533 6556 6557
f 6533 6557 6534
f 6541 6558 6543
f 6541 6542 6556
f 6541 6556 6558
f 6542 6559 6556
f 6543 6560 6555
f 6543 6555 6554
f 6543 6554 6561
f 6543 6558 6560
f 6544 6562 6548
f 6544 6548 6545
f 6545 6548 6546
f 6548 6563 6564
f 6548 6564 6550
f 6548 6562 6563
f 6550 6564 6551
f 6551 6564 6565
f 6551 6565 6566
f 6551 6566 6552
f 6552 6566 6567
f 6552 6567 6553
f 6553 6567 6568
f 6553 6568 6569
f 6553 6569 6554
f 6554 6570 6561
f 6554 6569 6571
f 6554 6571 6572
f 6554 6572 6570
f 6555 6560 6558
f 6555 6558 6556
f 6556 6559 6557
f 6573 6574 6575
f 6573 6575 6576
f 6573 6576 6577
f 6573 6577 6578
f 6573 6578 6579
f 6573 6579 6580
f 6573 6580 6584
f 6573 6584 6595
f 6573 6595 6605
f 6573 6605 6616
f 6573 6616 6625
f 6573 6625 6633
f 6573 6633 6641
f 6573 6641 6643
f 6573 6643 6648
f 6573 6648 6656
f 6573 6656 6666
f 6573 6666 6672
f 6573 6672 6676
f 6573 6676 6681
f 6573 6681 6680
f 6573 6680 6687
f 6573 6687 6697
f 6573 6697 6701
f 6573 6701 6702
f 6573 6702 6710
f 6573 6710 6722
f 6573 6722 6736
f 6573 6736 6742
f 6573 6742 6747
f 6573 6747 6746
f 6573 6746 6750
f 6573 6750 6751
f 6573 6751 6748
f 6573 6748 6743
f 6573 6743 6737
f 6573 6737 6727
f 6573 6727 6726
f 6573 6726 6725
f 6573 6725 6715
f 6573 6715 6714
f 6573 6714 6713
f 6573 6713 6704
f 6573 6704 6696
f 6573 6696 6686
f 6573 6686 6679
f 6573 6679 6678
f 6573 6678 6674
f 6573 6674 6668
f 6573 6668 6662
f 6573 6662 6661
f 6573 6661 6660
f 6573 6660 6659
f 6573 6659 6657
f 6573 6657 6650
f 6573 6650 6645
f 6573 6645 6636
f 6573 6636 6628
f 6573 6628 6618
f 6573 6618 6606
f 6573 6606 6600
f 6573 6600 6599
f 6573 6599 6598
f 6573 6598 6597
f 6573 6597 6596
f 6573 6596 6589
f 6573 6589 6588
f 6573 6588 6587
f 6573 6587 6586
f 6573 6586 6585
f 6573 6585 6581
f 6573 6581 6582
f 6573 6582 6574
f 6574 6582 6590
f 6574 6590 6601
f 6574 6601 6607
f 6574 6607 6617
f 6574 6617 6627
f 6574 6627 6635
f 6574 6635 6638
f 6574 6638 6637
f 6574 6637 6644
f 6574 6644 6651
f 6574 6651 6658
f 6574 6658 6667
f 6574 6667 6673
f 6574 6673 6677
f 6574 6677 6684
f 6574 6684 6692
f 6574 6692 6703
f 6574 6703 6707
f 6574 6707 6718
f 6574 6718 6717
f 6574 6717 6716
f 6574 6716 6721
f 6574 6721 6734
f 6574 6734 6733
f 6574 6733 6732
f 6574 6732 6731
f 6574 6731 6730
f 6574 6730 6729
f 6574 6729 6728
f 6574 6728 6740
f 6574 6740 6739
f 6574 6739 6738
f 6574 6738 6744
f 6574 6744 6749
f 6574 6749 6745
f 6574 6745 6741
f 6574 6741 6735
f 6574 6735 6723
f 6574 6723 6711
f 6574 6711 6709
f 6574 6709 6708
f 6574 6708 6699
f 6574 6699 6698
f 6574 6698 6689
f 6574 6689 6688
f 6574 6688 6682
f 6574 6682 6675
f 6574 6675 6671
f 6574 6671 6670
f 6574 6670 6669
f 6574 6669 6665
f 6574 6665 6664
f 6574 6664 6663
f 6574 6663 6655
f 6574 6655 6654
f 6574 6654 6653
f 6574 6653 6652
f 6574 6652 6647
f 6574 6647 6646
f 6574 6646 6642
f 6574 6642 6634
f 6574 6634 6626
f 6574 6626 6615
f 6574 6615 6614
f 6574 6614 6613
f 6574 6613 6624
f 6574 6624 6632
f 6574 6632 6640
f 6574 6640 6630
f 6574 6630 6622
f 6574 6622 6621
f 6574 6621 6619
f 6574 6619 6608
f 6574 6608 6602
f 6574 6602 6592
f 6574 6592 6591
f 6574 6591 6583
f 6574 6583 6579
f 6574 6579 6578
f 6574 6578 6577
f 6574 6577 6576
f 6574 6576 6575
f 6579 6583 6584
f 6579 6584 6580
f 6581 6585 6582
f 6582 6585 6586
f 6582 6586 6587
f 6582 6587 6588
f 6582 6588 6589
f 6582 6589 6590
f 6583 6591 6584
f 6584 6591 6592
f 6584 6592 6593
f 6584 6593 6594
f 6584 6594 6595
f 6589 6596 6590
f 6590 6596 6597
f 6590 6597 6598
f 6590 6598 6599
f 6590 6599 6600
f 6590 6600 6601
f 6592 6602 6603
f 6592 6603 6604
f 6592 6604 6593
f 6593 6604 6603
f 6593 6603 6611
f 6593 6611 6610
f 6593 6610 6609
f 6593 6609 6620
f 6593 6620 6629
f 6593 6629 6639
f 6593 6639 6631
f 6593 6631 6623
f 6593 6623 6612
f 6593 6612 6605
f 6593 6605 6595
f 6593 6595 6594
f 6600 6606 6607
f 6600 6607 6601
f 6602 6608 6609
f 6602 6609 6610
f 6602 6610 6611
f 6602 6611 6603
f 6605 6612 6613
f 6605 6613 6614
f 6605 6614 6615
f 6605 6615 6616
f 6606 6617 6607
f 6606 6618 6617
f 6608 6619 6609
f 6609 6619 6621
f 6609 6621 6622
f 6609 6622 6620
f 6612 6623 6624
f 6612 6624 6613
f 6615 6625 6616
f 6615 6626 6625
f 6617 6618 6628
f 6617 6628 6627
f 6620 6622 6629
f 6622 6630 6629
f 6623 6631 6632
f 6623 6632 6624
f 6625 6626 6633
f 6626 6634 6633
f 6627 6628 6635
f 6628 6636 6637
f 6628 6637 6638
f 6628 6638 6635
f 6629 6630 6640
f 6629 6640 6639
f 6631 6639 6640
f 6631 6640 6632
f 6633 6634 6641
f 6634 6642 6643
f 6634 6643 6641
f 6636 6644 6637
f 6636 6645 6644
f 6642 6646 6643
f 6643 6646 6647
f 6643 6647 6648
f 6644 6645 6649
f 6644 6649 6650
f 6644 6650 6651
f 6645 6650 6649
f 6647 6652 6648
f 6648 6652 6653
f 6648 6653 6654
f 6648 6654 6655
f 6648 6655 6663
f 6648 6663 6656
f 6650 6657 6651
f 6651 6657 6659
f 6651 6659 6660
f 6651 6660 6661
f 6651 6661 6662
f 6651 6662 6658
f 6656 6663 6664
f 6656 6664 6665
f 6656 6665 6666
f 6658 6662 6668
f 6658 6668 6667
f 6665 6669 6666
f 6666 6669 6670
f 6666 6670 6671
f 6666 6671 6672
f 6667 6668 6673
f 6668 6674 6673
f 6671 6675 6672
f 6672 6675 6676
f 6673 6674 6678
f 6673 6678 6679
f 6673 6679 6677
f 6675 6680 6681
f 6675 6681 6676
f 6675 6682 6683
f 6675 6683 6680
f 6677 6679 6685
f 6677 6685 6684
f 6679 6686 6685
f 6680 6683 6687
f 6682 6688 6683
f 6683 6688 6689
f 6683 6689 6690
f 6683 6690 6691
f 6683 6691 6687
f 6684 6685 6686
f 6684 6686 6693
f 6684 6693 6694
f 6684 6694 6695
f 6684 6695 6692
f 6686 6696 6693
f 6687 6691 6697
f 6689 6698 6690
f 6690 6698 6699
f 6690 6699 6700
f 6690 6700 6691
f 6691 6701 6697
f 6691 6700 6702
f 6691 6702 6701
f 6692 6695 6703
f 6693 6696 6704
f 6693 6704 6705
f 6693 6705 6695
f 6693 6695 6694
f 6695 6705 6706
f 6695 6706 6707
f 6695 6707 6703
f 6699 6708 6700
f 6700 6708 6709
f 6700 6709 6702
f 6702 6709 6711
f 6702 6711 6712
f 6702 6712 6710
f 6704 6713 6705
f 6705 6713 6714
f 6705 6714 6715
f 6705 6715 6706
f 6706 6716 6717
f 6706 6717 6718
f 6706 6718 6707
f 6706 6715 6719
f 6706 6719 6720
f 6706 6720 6721
f 6706 6721 6716
f 6710 6712 6722
f 6711 6723 6724
f 6711 6724 6712
f 6712 6724 6722
f 6715 6725 6719
f 6719 6725 6720
f 6720 6725 6726
f 6720 6726 6727
f 6720 6727 6728
f 6720 6728 6729
f 6720 6729 6730
f 6720 6730 6731
f 6720 6731 6732
f 6720 6732 6733
f 6720 6733 6734
f 6720 6734 6721
f 6722 6724 6723
f 6722 6723 6735
f 6722 6735 6736
f 6727 6737 6738
f 6727 6738 6739
f 6727 6739 6740
f 6727 6740 6728
f 6735 6741 6742
f 6735 6742 6736
f 6737 6743 6744
f 6737 6744 6738
f 6741 6745 6746
f 6741 6746 6747
f 6741 6747 6742
f 6743 6748 6749
f 6743 6749 6744
f 6745 6750 6746
f 6745 6749 6748
f 6745 6748 6751
f 6745 6751 6750
f 6752 6753 6756
f 6752 6756 6760
f 6752 6760 6766
f 6752 6766 6765
f 6752 6765 6769
f 6752 6769 6768
f 6752 6768 6775
f 6752 6775 6774
f 6752 6774 6773
f 6752 6773 6780
f 6752 6780 6779
f 6752 6779 6785
f 6752 6785 6794
f 6752 6794 6799
f 6752 6799 6806
f 6752 6806 6814
f 6752 6814 6827
f 6752 6827 6837
f 6752 6837 6846
f 6752 6846 6850
f 6752 6850 6840
f 6752 6840 6829
f 6752 6829 6819
f 6752 6819 6808
f 6752 6808 6804
f 6752 6804 6798
f 6752 6798 6797
f 6752 6797 6793
f 6752 6793 6792
f 6752 6792 6791
f 6752 6791 6790
f 6752 6790 6789
f 6752 6789 6788
f 6752 6788 6783
f 6752 6783 6781
f 6752 6781 6776
f 6752 6776 6770
f 6752 6770 6761
f 6752 6761 6757
f 6752 6757 6754
f 6752 6754 6755
f 6752 6755 6753
f 6753 6755 6756
f 6754 6757 6758
f 6754 6758 6755
f 6755 6758 6764
f 6755 6764 6763
f 6755 6763 6762
f 6755 6762 6771
f 6755 6771 6777
f 6755 6777 6782
f 6755 6782 6787
f 6755 6787 6796
f 6755 6796 6803
f 6755 6803 6807
f 6755 6807 6812
f 6755 6812 6826
f 6755 6826 6824
f 6755 6824 6836
f 6755 6836 6835
f 6755 6835 6845
f 6755 6845 6838
f 6755 6838 6828
f 6755 6828 6818
f 6755 6818 6817
f 6755 6817 6816
f 6755 6816 6815
f 6755 6815 6813
f 6755 6813 6805
f 6755 6805 6802
f 6755 6802 6801
f 6755 6801 6800
f 6755 6800 6795
f 6755 6795 6786
f 6755 6786 6784
f 6755 6784 6778
f 6755 6778 6772
f 6755 6772 6767
f 6755 6767 6759
f 6755 6759 6760
f 6755 6760 6756
f 6757 6761 6762
f 6757 6762 6763
f 6757 6763 6764
f 6757 6764 6758
f 6759 6765 6766
f 6759 6766 6760
f 6759 6767 6768
f 6759 6768 6769
f 6759 6769 6765
f 6761 6770 6762
f 6762 6770 6771
f 6767 6772 6773
f 6767 6773 6774
f 6767 6774 6775
f 6767 6775 6768
f 6770 6776 6771
f 6771 6776 6777
f 6772 6778 6779
f 6772 6779 6780
f 6772 6780 6773
f 6776 6781 6777
f 6777 6781 6783
f 6777 6783 6782
f 6778 6784 6779
f 6779 6784 6786
f 6779 6786 6785
f 6782 6783 6788
f 6782 6788 6789
f 6782 6789 6790
f 6782 6790 6791
f 6782 6791 6792
f 6782 6792 6793
f 6782 6793 6787
f 6785 6786 6794
f 6786 6795 6794
f 6787 6793 6797
f 6787 6797 6798
f 6787 6798 6796
f 6794 6795 6800
f 6794 6800 6801
f 6794 6801 6802
f 6794 6802 6799
f 6796 6798 6803
f 6798 6804 6803
f 6799 6802 6805
f 6799 6805 6806
f 6803 6804 6807
f 6804 6808 6809
f 6804 6809 6810
f 6804 6810 6811
f 6804 6811 6812
f 6804 6812 6807
f 6805 6813 6806
f 6806 6813 6815
f 6806 6815 6816
f 6806 6816 6817
f 6806 6817 6818
f 6806 6818 6814
f 6808 6819 6809
f 6809 6820 6821
f 6809 6821 6822
f 6809 6822 6823
f 6809 6823 6824
f 6809 6824 6811
f 6809 6811 6810
f 6809 6819 6825
f 6809 6825 6820
f 6811 6824 6826
f 6811 6826 6812
f 6814 6818 6828
f 6814 6828 6827
f 6819 6829 6830
f 6819 6830 6825
f 6820 6831 6842
f 6820 6842 6852
f 6820 6852 6860
f 6820 6860 6862
f 6820 6862 6868
f 6820 6868 6867
f 6820 6867 6866
f 6820 6866 6873
f 6820 6873 6877
f 6820 6877 6882
f 6820 6882 6887
f 6820 6887 6886
f 6820 6886 6891
f 6820 6891 6896
f 6820 6896 6904
f 6820 6904 6909
f 6820 6909 6908
f 6820 6908 6916
f 6820 6916 6915
f 6820 6915 6913
f 6820 6913 6925
f 6820 6925 6924
f 6820 6924 6926
f 6820 6926 6920
f 6820 6920 6919
f 6820 6919 6918
f 6820 6918 6917
f 6820 6917 6910
f 6820 6910 6905
f 6820 6905 6898
f 6820 6898 6893
f 6820 6893 6888
f 6820 6888 6883
f 6820 6883 6879
f 6820 6879 6875
f 6820 6875 6870
f 6820 6870 6864
f 6820 6864 6859
f 6820 6859 6847
f 6820 6847 6845
f 6820 6845 6835
f 6820 6835 6822
f 6820 6822 6821
f 6820 6825 6832
f 6820 6832 6833
f 6820 6833 6834
f 6820 6834 6831
f 6822 6835 6823
f 6823 6835 6836
f 6823 6836 6824
f 6825 6830 6841
f 6825 6841 6851
f 6825 6851 6850
f 6825 6850 6846
f 6825 6846 6857
f 6825 6857 6863
f 6825 6863 6869
f 6825 6869 6874
f 6825 6874 6878
f 6825 6878 6880
f 6825 6880 6884
f 6825 6884 6889
f 6825 6889 6895
f 6825 6895 6894
f 6825 6894 6901
f 6825 6901 6900
f 6825 6900 6899
f 6825 6899 6906
f 6825 6906 6911
f 6825 6911 6922
f 6825 6922 6927
f 6825 6927 6923
f 6825 6923 6912
f 6825 6912 6907
f 6825 6907 6903
f 6825 6903 6902
f 6825 6902 6897
f 6825 6897 6892
f 6825 6892 6890
f 6825 6890 6885
f 6825 6885 6881
f 6825 6881 6876
f 6825 6876 6872
f 6825 6872 6865
f 6825 6865 6861
f 6825 6861 6854
f 6825 6854 6843
f 6825 6843 6834
f 6825 6834 6833
f 6825 6833 6832
f 6827 6828 6838
f 6827 6838 6839
f 6827 6839 6837
f 6829 6840 6830
f 6830 6840 6841
f 6831 6834 6842
f 6834 6843 6844
f 6834 6844 6842
f 6837 6839 6846
f 6838 6845 6839
f 6839 6845 6847
f 6839 6847 6848
f 6839 6848 6849
f 6839 6849 6846
f 6840 6850 6851
f 6840 6851 6841
f 6842 6844 6853
f 6842 6853 6852
f 6843 6854 6855
f 6843 6855 6853
f 6843 6853 6844
f 6846 6856 6857
f 6846 6849 6848
f 6846 6848 6858
f 6846 6858 6856
f 6847 6859 6848
f 6848 6859 6858
f 6852 6853 6855
f 6852 6855 6860
f 6854 6861 6862
f 6854 6862 6860
f 6854 6860 6855
f 6856 6863 6857
f 6856 6858 6864
f 6856 6864 6863
f 6858 6859 6864
f 6861 6865 6866
f 6861 6866 6867
f 6861 6867 6868
f 6861 6868 6862
f 6863 6864 6869
f 6864 6870 6871
f 6864 6871 6869
f 6865 6872 6866
f 6866 6872 6873
f 6869 6871 6870
f 6869 6870 6874
f 6870 6875 6874
f 6872 6876 6873
f 6873 6876 6877
f 6874 6875 6878
f 6875 6879 6880
f 6875 6880 6878
f 6876 6881 6877
f 6877 6881 6882
f 6879 6883 6884
f 6879 6884 6880
f 6881 6885 6886
f 6881 6886 6887
f 6881 6887 6882
f 6883 6888 6884
f 6884 6888 6889
f 6885 6890 6886
f 6886 6890 6892
f 6886 6892 6891
f 6888 6893 6894
f 6888 6894 6895
f 6888 6895 6889
f 6891 6892 6896
f 6892 6897 6896
f 6893 6898 6899
f 6893 6899 6900
f 6893 6900 6901
f 6893 6901 6894
f 6896 6897 6902
f 6896 6902 6903
f 6896 6903 6904
f 6898 6905 6906
f 6898 6906 6899
f 6903 6907 6908
f 6903 6908 6909
f 6903 6909 6904
f 6905 6910 6911
f 6905 6911 6906
f 6907 6912 6913
f 6907 6913 6914
f 6907 6914 6915
f 6907 6915 6916
f 6907 6916 6908
f 6910 6917 6911
f 6911 6917 6918
f 6911 6918 6919
f 6911 6919 6920
f 6911 6920 6921
f 6911 6921 6922
f 6912 6923 6924
f 6912 6924 6925
f 6912 6925 6913
f 6913 6915 6914
f 6920 6926 6921
f 6921 6926 6927
f 6921 6927 6922
f 6923 6927 6924
f 6924 6927 6926
f 6928 6929 6933
f 6928 6933 6940
f 6928 6940 6958
f 6928 6958 6975
f 6928 6975 6992
f 6928 6992 6982
f 6928 6982 6964
f 6928 6964 6946
f 6928 6946 6935
f 6928 6935 6930
f 6928 6930 6931
f 6928 6931 6936
f 6928 6936 6947
f 6928 6947 6963
f 6928 6963 6981
f 6928 6981 6997
f 6928 6997 6996
f 6928 6996 6984
f 6928 6984 6967
f 6928 6967 6956
f 6928 6956 6955
f 6928 6955 6954
f 6928 6954 6953
f 6928 6953 6952
f 6928 6952 6948
f 6928 6948 6937
f 6928 6937 6932
f 6928 6932 6929
f 6929 6932 6933
f 6930 6934 6931
f 6930 6935 6934
f 6931 6934 6936
f 6932 6937 6933
f 6933 6937 6938
f 6933 6938 6939
f 6933 6939 6957
f 6933 6957 6940
f 6934 6941 6942
f 6934 6942 6943
f 6934 6943 6944
f 6934 6944 6945
f 6934 6945 6936
f 6934 6935 6946
f 6934 6946 6941
f 6936 6945 6947
f 6937 6948 6949
f 6937 6949 6938
f 6938 6949 6950
f 6938 6950 6939
f 6939 6950 6951
f 6939 6951 6952
f 6939 6952 6953
f 6939 6953 6954
f 6939 6954 6955
f 6939 6955 6956
f 6939 6956 6967
f 6939 6967 6979
f 6939 6979 6961
f 6939 6961 6944
f 6939 6944 6942
f 6939 6942 6960
f 6939 6960 6978
f 6939 6978 6995
f 6939 6995 6999
f 6939 6999 6987
f 6939 6987 6986
f 6939 6986 6985
f 6939 6985 6972
f 6939 6972 6971
f 6939 6971 6970
f 6939 6970 6969
f 6939 6969 6968
f 6939 6968 6957
f 6940 6957 6968
f 6940 6968 6958
f 6941 6959 6942
f 6941 6946 6959
f 6942 6944 6943
f 6942 6959 6960
f 6944 6961 6962
f 6944 6962 6963
f 6944 6963 6947
f 6944 6947 6945
f 6946 6964 6965
f 6946 6965 6966
f 6946 6966 6959
f 6948 6952 6951
f 6948 6951 6949
f 6949 6951 6950
f 6958 6968 6969
f 6958 6969 6970
f 6958 6970 6971
f 6958 6971 6972
f 6958 6972 6973
f 6958 6973 6974
f 6958 6974 6975
f 6959 6966 6976
f 6959 6976 6960
f 6960 6976 6977
f 6960 6977 6978
f 6961 6979 6980
f 6961 6980 6981
f 6961 6981 6962
f 6962 6981 6963
f 6964 6982 6983
f 6964 6983 6977
f 6964 6977 6976
f 6964 6976 6966
f 6964 6966 6965
f 6967 6984 6979
f 6972 6985 6974
f 6972 6974 6973
f 6974 6985 6986
f 6974 6986 6987
f 6974 6987 6988
f 6974 6988 6989
f 6974 6989 6990
f 6974 6990 6991
f 6974 6991 6975
f 6975 6991 6992
f 6977 6983 6978
f 6978 6983 6993
f 6978 6993 6994
f 6978 6994 6995
f 6979 6984 6996
f 6979 6996 6980
f 6980 6996 6997
f 6980 6997 6981
f 6982 6998 6983
f 6982 6992 6998
f 6983 6998 6993
f 6987 6999 6988
f 6988 6999 6989
f 6989 6999 6990
f 6990 6999 6991
f 6991 6999 7000
f 6991 7000 7001
f 6991 7001 7002
f 6991 7002 6998
f 6991 6998 6992
f 6993 6998 6994
f 6994 6998 7002
f 6994 7002 6995
f 6995 7002 7001
f 6995 7001 7000
f 6995 7000 6999
f 7003 7004 7008
f 7003 7008 7020
f 7003 7020 7030
f 7003 7030 7042
f 7003 7042 7050
f 7003 7050 7049
f 7003 7049 7060
f 7003 7060 7068
f 7003 7068 7079
f 7003 7079 7082
f 7003 7082 7081
f 7003 7081 7094
f 7003 7094 7108
f 7003 7108 7123
f 7003 7123 7132
f 7003 7132 7138
f 7003 7138 7149
f 7003 7149 7151
f 7003 7151 7144
f 7003 7144 7136
f 7003 7136 7130
f 7003 7130 7118
f 7003 7118 7117
f 7003 7117 7111
f 7003 7111 7110
f 7003 7110 7109
f 7003 7109 7095
f 7003 7095 7084
f 7003 7084 7083
f 7003 7083 7070
f 7003 7070 7061
f 7003 7061 7051
f 7003 7051 7043
f 7003 7043 7032
f 7003 7032 7022
f 7003 7022 7014
f 7003 7014 7005
f 7003 7005 7006
f 7003 7006 7018
f 7003 7018 7028
f 7003 7028 7040
f 7003 7040 7031
f 7003 7031 7021
f 7003 7021 7009
f 7003 7009 7004
f 7004 7007 7008
f 7004 7009 7010
f 7004 7010 7011
f 7004 7011 7012
f 7004 7012 7013
f 7004 7013 7007
f 7005 7014 7015
f 7005 7015 7006
f 7006 7015 7016
f 7006 7016 7017
f 7006 7017 7018
f 7007 7019 7020
f 7007 7020 7008
f 7007 7013 7019
f 7009 7021 7010
f 7010 7021 7031
f 7010 7031 7039
f 7010 7039 7026
f 7010 7026 7038
f 7010 7038 7037
f 7010 7037 7036
f 7010 7036 7047
f 7010 7047 7058
f 7010 7058 7066
f 7010 7066 7078
f 7010 7078 7077
f 7010 7077 7076
f 7010 7076 7092
f 7010 7092 7090
f 7010 7090 7089
f 7010 7089 7106
f 7010 7106 7105
f 7010 7105 7104
f 7010 7104 7120
f 7010 7120 7119
f 7010 7119 7121
f 7010 7121 7126
f 7010 7126 7125
f 7010 7125 7134
f 7010 7134 7142
f 7010 7142 7141
f 7010 7141 7140
f 7010 7140 7150
f 7010 7150 7152
f 7010 7152 7157
f 7010 7157 7156
f 7010 7156 7155
f 7010 7155 7154
f 7010 7154 7153
f 7010 7153 7147
f 7010 7147 7137
f 7010 7137 7131
f 7010 7131 7122
f 7010 7122 7107
f 7010 7107 7093
f 7010 7093 7080
f 7010 7080 7069
f 7010 7069 7059
f 7010 7059 7048
f 7010 7048 7041
f 7010 7041 7029
f 7010 7029 7019
f 7010 7019 7013
f 7010 7013 7012
f 7010 7012 7011
f 7014 7022 7015
f 7015 7022 7023
f 7015 7023 7016
f 7016 7023 7024
f 7016 7024 7017
f 7017 7024 7025
f 7017 7025 7026
f 7017 7026 7027
f 7017 7027 7028
f 7017 7028 7018
f 7019 7029 7030
f 7019 7030 7020
f 7022 7032 7033
f 7022 7033 7034
f 7022 7034 7035
f 7022 7035 7023
f 7023 7035 7034
f 7023 7034 7036
f 7023 7036 7037
f 7023 7037 7024
f 7024 7037 7025
f 7025 7037 7038
f 7025 7038 7026
f 7026 7039 7027
f 7027 7039 7031
f 7027 7031 7040
f 7027 7040 7028
f 7029 7041 7042
f 7029 7042 7030
f 7032 7043 7044
f 7032 7044 7045
f 7032 7045 7033
f 7033 7045 7034
f 7034 7045 7036
f 7036 7046 7047
f 7036 7045 7046
f 7041 7048 7049
f 7041 7049 7050
f 7041 7050 7042
f 7043 7051 7052
f 7043 7052 7053
f 7043 7053 7044
f 7044 7053 7054
f 7044 7054 7055
f 7044 7055 7045
f 7045 7055 7054
f 7045 7054 7046
f 7046 7056 7047
f 7046 7054 7057
f 7046 7057 7056
f 7047 7056 7058
f 7048 7059 7060
f 7048 7060 7049
f 7051 7061 7062
f 7051 7062 7052
f 7052 7057 7053
f 7052 7062 7057
f 7053 7057 7054
f 7056 7063 7064
f 7056 7064 7065
f 7056 7065 7066
f 7056 7066 7058
f 7056 7057 7063
f 7057 7067 7063
f 7057 7062 7067
f 7059 7068 7060
f 7059 7069 7068
f 7061 7070 7071
f 7061 7071 7062
f 7062 7071 7072
f 7062 7072 7073
f 7062 7073 7074
f 7062 7074 7075
f 7062 7075 7064
f 7062 7064 7067
f 7063 7067 7064
f 7064 7075 7076
f 7064 7076 7077
f 7064 7077 7078
f 7064 7078 7065
f 7065 7078 7066
f 7068 7069 7079
f 7069 7080 7081
f 7069 7081 7082
f 7069 7082 7079
f 7070 7083 7071
f 7071 7083 7084
f 7071 7084 7085
f 7071 7085 7086
f 7071 7086 7072
f 7072 7086 7087
f 7072 7087 7088
f 7072 7088 7089
f 7072 7089 7090
f 7072 7090 7091
f 7072 7091 7073
f 7073 7091 7074
f 7074 7091 7075
f 7075 7091 7090
f 7075 7090 7092
f 7075 7092 7076
f 7080 7093 7081
f 7081 7093 7094
f 7084 7095 7085
f 7085 7095 7096
f 7085 7096 7086
f 7086 7097 7098
f 7086 7098 7099
f 7086 7099 7087
f 7086 7096 7100
f 7086 7100 7101
f 7086 7101 7097
f 7087 7099 7102
f 7087 7102 7088
f 7088 7102 7103
f 7088 7103 7104
f 7088 7104 7105
f 7088 7105 7106
f 7088 7106 7089
f 7093 7107 7094
f 7094 7107 7108
f 7095 7109 7096
f 7096 7109 7110
f 7096 7110 7111
f 7096 7111 7100
f 7097 7112 7098
f 7097 7101 7112
f 7098 7113 7114
f 7098 7114 7115
f 7098 7115 7099
f 7098 7112 7116
f 7098 7116 7113
f 7099 7115 7102
f 7100 7111 7117
f 7100 7117 7101
f 7101 7117 7118
f 7101 7118 7112
f 7102 7115 7103
f 7103 7119 7120
f 7103 7120 7104
f 7103 7115 7114
f 7103 7114 7121
f 7103 7121 7119
f 7107 7122 7108
f 7108 7122 7123
f 7112 7118 7116
f 7113 7124 7114
f 7113 7116 7124
f 7114 7124 7125
f 7114 7125 7126
f 7114 7126 7121
f 7116 7127 7128
f 7116 7128 7124
f 7116 7118 7129
f 7116 7129 7127
f 7118 7130 7129
f 7122 7131 7123
f 7123 7131 7132
f 7124 7128 7133
f 7124 7133 7125
f 7125 7133 7134
f 7127 7135 7133
f 7127 7133 7128
f 7127 7129 7135
f 7129 7130 7136
f 7129 7136 7133
f 7129 7133 7135
f 7131 7137 7138
f 7131 7138 7132
f 7133 7139 7140
f 7133 7140 7141
f 7133 7141 7142
f 7133 7142 7134
f 7133 7136 7143
f 7133 7143 7144
f 7133 7144 7145
f 7133 7145 7146
f 7133 7146 7139
f 7136 7144 7143
f 7137 7147 7148
f 7137 7148 7138
f 7138 7148 7149
f 7139 7150 7140
f 7139 7146 7150
f 7144 7151 7145
f 7145 7151 7146
f 7146 7151 7152
f 7146 7152 7150
f 7147 7153 7148
f 7148 7153 7154
f 7148 7154 7155
f 7148 7155 7156
f 7148 7156 7157
f 7148 7157 7152
f 7148 7152 7151
f 7148 7151 7149
f 7158 7159 7160
f 7158 7160 7161
f 7158 7161 7162
f 7158 7162 7179
f 7158 7179 7195
f 7158 7195 7224
f 7158 7224 7223
f 7158 7223 7222
f 7158 7222 7221
f 7158 7221 7262
f 7158 7262 7261
f 7158 7261 7292
f 7158 7292 7265
f 7158 7265 7227
f 7158 7227 7197
f 7158 7197 7180
f 7158 7180 7163
f 7158 7163 7181
f 7158 7181 7198
f 7158 7198 7235
f 7158 7235 7269
f 7158 7269 7268
f 7158 7268 7267
f 7158 7267 7297
f 7158 7297 7302
f 7158 7302 7301
f 7158 7301 7327
f 7158 7327 7326
f 7158 7326 7312
f 7158 7312 7309
f 7158 7309 7330
f 7158 7330 7307
f 7158 7307 7329
f 7158 7329 7328
f 7158 7328 7305
f 7158 7305 7304
f 7158 7304 7274
f 7158 7274 7303
f 7158 7303 7272
f 7158 7272 7271
f 7158 7271 7237
f 7158 7237 7236
f 7158 7236 7199
f 7158 7199 7182
f 7158 7182 7164
f 7158 7164 7165
f 7158 7165 7166
f 7158 7166 7167
f 7158 7167 7168
f 7158 7168 7169
f 7158 7169 7170
f 7158 7170 7159
f 7159 7170 7171
f 7159 7171 7172
f 7159 7172 7160
f 7160 7173 7174
f 7160 7174 7175
f 7160 7175 7161
f 7160 7172 7173
f 7161 7175 7176
f 7161 7176 7177
f 7161 7177 7162
f 7162 7178 7179
f 7162 7177 7178
f 7163 7180 7181
f 7164 7182 7183
f 7164 7183 7165
f 7165 7183 7184
f 7165 7184 7167
f 7165 7167 7166
f 7167 7184 7185
f 7167 7185 7168
f 7168 7185 7169
f 7169 7172 7171
f 7169 7171 7170
f 7169 7185 7186
f 7169 7186 7172
f 7172 7186 7187
f 7172 7187 7188
f 7172 7188 7189
f 7172 7189 7190
f 7172 7190 7173
f 7173 7190 7174
f 7174 7191 7175
f 7174 7190 7192
f 7174 7192 7191
f 7175 7191 7176
f 7176 7191 7177
f 7177 7191 7193
f 7177 7193 7178
f 7178 7193 7179
f 7179 7194 7195
f 7179 7193 7191
f 7179 7191 7192
f 7179 7192 7196
f 7179 7196 7194
f 7180 7197 7226
f 7180 7226 7263
f 7180 7263 7293
f 7180 7293 7295
f 7180 7295 7323
f 7180 7323 7324
f 7180 7324 7321
f 7180 7321 7320
f 7180 7320 7333
f 7180 7333 7336
f 7180 7336 7335
f 7180 7335 7334
f 7180 7334 7325
f 7180 7325 7298
f 7180 7298 7270
f 7180 7270 7234
f 7180 7234 7198
f 7180 7198 7181
f 7182 7199 7183
f 7183 7199 7200
f 7183 7200 7184
f 7184 7200 7201
f 7184 7201 7185
f 7185 7201 7202
f 7185 7202 7186
f 7186 7202 7203
f 7186 7203 7204
f 7186 7204 7205
f 7186 7205 7187
f 7187 7205 7206
f 7187 7206 7188
f 7188 7207 7189
f 7188 7206 7208
f 7188 7208 7209
f 7188 7209 7210
f 7188 7210 7207
f 7189 7207 7192
f 7189 7192 7190
f 7192 7207 7211
f 7192 7211 7212
f 7192 7212 7213
f 7192 7213 7214
f 7192 7214 7215
f 7192 7215 7216
f 7192 7216 7196
f 7194 7217 7218
f 7194 7218 7219
f 7194 7219 7220
f 7194 7220 7221
f 7194 7221 7222
f 7194 7222 7223
f 7194 7223 7224
f 7194 7224 7195
f 7194 7196 7216
f 7194 7216 7215
f 7194 7215 7225
f 7194 7225 7217
f 7197 7227 7228
f 7197 7228 7229
f 7197 7229 7230
f 7197 7230 7231
f 7197 7231 7232
f 7197 7232 7233
f 7197 7233 7226
f 7198 7234 7235
f 7199 7236 7200
f 7200 7236 7237
f 7200 7237 7238
f 7200 7238 7239
f 7200 7239 7201
f 7201 7239 7240
f 7201 7240 7241
f 7201 7241 7203
f 7201 7203 7202
f 7203 7241 7242
f 7203 7242 7243
f 7203 7243 7204
f 7204 7243 7244
f 7204 7244 7205
f 7205 7244 7245
f 7205 7245 7246
f 7205 7246 7206
f 7206 7246 7208
f 7207 7210 7211
f 7208 7245 7247
f 7208 7247 7248
f 7208 7248 7249
f 7208 7249 7250
f 7208 7250 7210
f 7208 7210 7209
f 7208 7246 7245
f 7210 7250 7251
f 7210 7251 7252
f 7210 7252 7253
f 7210 7253 7211
f 7211 7253 7212
f 7212 7253 7254
f 7212 7254 7214
f 7212 7214 7213
f 7214 7255 7256
f 7214 7256 7257
f 7214 7257 7258
f 7214 7258 7225
f 7214 7225 7215
f 7214 7254 7255
f 7217 7225 7258
f 7217 7258 7259
f 7217 7259 7218
f 7218 7228 7260
f 7218 7260 7261
f 7218 7261 7219
f 7218 7259 7258
f 7218 7258 7229
f 7218 7229 7228
f 7219 7261 7262
f 7219 7262 7220
f 7220 7262 7221
f 7226 7233 7264
f 7226 7264 7263
f 7227 7265 7260
f 7227 7260 7228
f 7229 7258 7231
f 7229 7231 7230
f 7231 7258 7257
f 7231 7257 7233
f 7231 7233 7232
f 7233 7257 7256
f 7233 7256 7266
f 7233 7266 7264
f 7234 7267 7268
f 7234 7268 7269
f 7234 7269 7235
f 7234 7270 7267
f 7237 7271 7238
f 7238 7271 7239
f 7239 7271 7272
f 7239 7272 7273
f 7239 7273 7274
f 7239 7274 7275
f 7239 7275 7240
f 7240 7275 7276
f 7240 7276 7242
f 7240 7242 7241
f 7242 7276 7277
f 7242 7277 7278
f 7242 7278 7243
f 7243 7245 7244
f 7243 7278 7245
f 7245 7278 7279
f 7245 7279 7247
f 7247 7279 7280
f 7247 7280 7248
f 7248 7280 7281
f 7248 7281 7282
f 7248 7282 7249
f 7249 7283 7250
f 7249 7282 7283
f 7250 7283 7284
f 7250 7284 7285
f 7250 7285 7251
f 7251 7286 7252
f 7251 7285 7284
f 7251 7284 7287
f 7251 7287 7288
f 7251 7288 7286
f 7252 7286 7289
f 7252 7289 7290
f 7252 7290 7253
f 7253 7290 7291
f 7253 7291 7255
f 7253 7255 7254
f 7255 7291 7256
f 7256 7291 7266
f 7260 7265 7292
f 7260 7292 7261
f 7263 7264 7266
f 7263 7266 7293
f 7266 7294 7295
f 7266 7295 7293
f 7266 7291 7290
f 7266 7290 7296
f 7266 7296 7294
f 7267 7270 7297
f 7270 7298 7299
f 7270 7299 7300
f 7270 7300 7301
f 7270 7301 7302
f 7270 7302 7297
f 7272 7303 7273
f 7273 7303 7274
f 7274 7304 7275
f 7275 7304 7276
f 7276 7304 7305
f 7276 7305 7277
f 7277 7305 7278
f 7278 7306 7307
f 7278 7307 7308
f 7278 7308 7280
f 7278 7280 7279
f 7278 7305 7306
f 7280 7308 7309
f 7280 7309 7310
f 7280 7310 7311
f 7280 7311 7281
f 7281 7311 7312
f 7281 7312 7313
f 7281 7313 7282
f 7282 7313 7314
f 7282 7314 7315
f 7282 7315 7316
f 7282 7316 7284
f 7282 7284 7283
f 7284 7316 7317
f 7284 7317 7288
f 7284 7288 7287
f 7286 7288 7289
f 7288 7318 7290
f 7288 7290 7289
f 7288 7317 7318
f 7290 7318 7319
f 7290 7319 7320
f 7290 7320 7321
f 7290 7321 7322
f 7290 7322 7296
f 7294 7296 7323
f 7294 7323 7295
f 7296 7322 7324
f 7296 7324 7323
f 7298 7325 7299
f 7299 7313 7312
f 7299 7312 7326
f 7299 7326 7300
f 7299 7325 7316
f 7299 7316 7315
f 7299 7315 7314
f 7299 7314 7313
f 7300 7326 7327
f 7300 7327 7301
f 7305 7328 7306
f 7306 7328 7329
f 7306 7329 7307
f 7307 7330 7308
f 7308 7330 7309
f 7309 7312 7310
f 7310 7312 7311
f 7316 7331 7332
f 7316 7332 7317
f 7316 7325 7331
f 7317 7332 7318
f 7318 7332 7319
f 7319 7332 7320
f 7320 7332 7333
f 7321 7324 7322
f 7325 7334 7331
f 7331 7334 7335
f 7331 7335 7336
f 7331 7336 7333
f 7331 7333 7332
f 7337 7338 7343
f 7337 7343 7353
f 7337 7353 7347
f 7337 7347 7339
f 7337 7339 7348
f 7337 7348 7361
f 7337 7361 7372
f 7337 7372 7386
f 7337 7386 7406
f 7337 7406 7407
f 7337 7407 7387
f 7337 7387 7373
f 7337 7373 7362
f 7337 7362 7351
f 7337 7351 7350
f 7337 7350 7349
f 7337 7349 7340
f 7337 7340 7341
f 7337 7341 7342
f 7337 7342 7338
f 7338 7342 7344
f 7338 7344 7345
f 7338 7345 7346
f 7338 7346 7343
f 7339 7347 7359
f 7339 7359 7368
f 7339 7368 7382
f 7339 7382 7381
f 7339 7381 7401
f 7339 7401 7428
f 7339 7428 7445
f 7339 7445 7444
f 7339 7444 7443
f 7339 7443 7453
f 7339 7453 7452
f 7339 7452 7451
f 7339 7451 7457
f 7339 7457 7456
f 7339 7456 7455
f 7339 7455 7454
f 7339 7454 7447
f 7339 7447 7446
f 7339 7446 7429
f 7339 7429 7402
f 7339 7402 7383
f 7339 7383 7370
f 7339 7370 7360
f 7339 7360 7348
f 7340 7349 7341
f 7341 7344 7342
f 7341 7349 7350
f 7341 7350 7351
f 7341 7351 7352
f 7341 7352 7344
f 7343 7346 7354
f 7343 7354 7355
f 7343 7355 7356
f 7343 7356 7353
f 7344 7357 7346
f 7344 7346 7345
f 7344 7352 7358
f 7344 7358 7357
f 7346 7357 7365
f 7346 7365 7378
f 7346 7378 7396
f 7346 7396 7417
f 7346 7417 7436
f 7346 7436 7449
f 7346 7449 7458
f 7346 7458 7450
f 7346 7450 7438
f 7346 7438 7437
f 7346 7437 7418
f 7346 7418 7397
f 7346 7397 7379
f 7346 7379 7367
f 7346 7367 7359
f 7346 7359 7347
f 7346 7347 7353
f 7346 7353 7356
f 7346 7356 7355
f 7346 7355 7354
f 7348 7360 7361
f 7351 7362 7363
f 7351 7363 7352
f 7352 7363 7364
f 7352 7364 7358
f 7357 7358 7365
f 7358 7364 7366
f 7358 7366 7365
f 7359 7367 7368
f 7360 7369 7361
f 7360 7370 7369
f 7361 7369 7371
f 7361 7371 7372
f 7362 7373 7363
f 7363 7373 7374
f 7363 7374 7375
f 7363 7375 7364
f 7364 7375 7376
f 7364 7376 7366
f 7365 7366 7377
f 7365 7377 7378
f 7366 7376 7377
f 7367 7379 7380
f 7367 7380 7381
f 7367 7381 7382
f 7367 7382 7368
f 7369 7370 7371
f 7370 7383 7384
f 7370 7384 7371
f 7371 7384 7385
f 7371 7385 7372
f 7372 7385 7386
f 7373 7387 7388
f 7373 7388 7389
f 7373 7389 7390
f 7373 7390 7374
f 7374 7390 7391
f 7374 7391 7375
f 7375 7391 7389
f 7375 7389 7392
f 7375 7392 7393
f 7375 7393 7376
f 7376 7393 7394
f 7376 7394 7395
f 7376 7395 7378
f 7376 7378 7377
f 7378 7395 7396
f 7379 7397 7398
f 7379 7398 7380
f 7380 7398 7399
f 7380 7399 7400
f 7380 7400 7381
f 7381 7400 7401
f 7383 7402 7403
f 7383 7403 7384
f 7384 7403 7404
f 7384 7404 7405
f 7384 7405 7385
f 7385 7405 7406
f 7385 7406 7386
f 7387 7407 7405
f 7387 7405 7408
f 7387 7408 7388
f 7388 7408 7409
f 7388 7409 7410
f 7388 7410 7411
f 7388 7411 7389
f 7389 7412 7413
f 7389 7413 7392
f 7389 7391 7390
f 7389 7411 7414
f 7389 7414 7412
f 7392 7413 7393
f 7393 7413 7415
f 7393 7415 7394
f 7394 7415 7416
f 7394 7416 7395
f 7395 7416 7396
f 7396 7416 7417
f 7397 7418 7419
f 7397 7419 7420
f 7397 7420 7398
f 7398 7420 7421
f 7398 7421 7399
f 7399 7422 7423
f 7399 7423 7424
f 7399 7424 7400
f 7399 7421 7425
f 7399 7425 7426
f 7399 7426 7422
f 7400 7424 7427
f 7400 7427 7428
f 7400 7428 7401
f 7402 7429 7403
f 7403 7429 7430
f 7403 7430 7431
f 7403 7431 7432
f 7403 7432 7404
f 7404 7432 7405
f 7405 7407 7406
f 7405 7432 7409
f 7405 7409 7408
f 7409 7432 7410
f 7410 7432 7431
f 7410 7431 7414
f 7410 7414 7411
f 7412 7414 7423
f 7412 7423 7413
f 7413 7423 7422
f 7413 7422 7415
f 7414 7433 7424
f 7414 7424 7423
f 7414 7431 7433
f 7415 7422 7434
f 7415 7434 7435
f 7415 7435 7416
f 7416 7435 7417
f 7417 7435 7436
f 7418 7437 7419
f 7419 7437 7438
f 7419 7438 7439
f 7419 7439 7440
f 7419 7440 7426
f 7419 7426 7420
f 7420 7426 7425
f 7420 7425 7421
f 7422 7441 7434
f 7422 7426 7441
f 7424 7433 7427
f 7426 7440 7441
f 7427 7433 7442
f 7427 7442 7443
f 7427 7443 7444
f 7427 7444 7445
f 7427 7445 7428
f 7429 7446 7430
f 7430 7446 7447
f 7430 7447 7442
f 7430 7442 7433
f 7430 7433 7431
f 7434 7448 7435
f 7434 7441 7440
f 7434 7440 7439
f 7434 7439 7448
f 7435 7448 7449
f 7435 7449 7436
f 7438 7450 7439
f 7439 7450 7448
f 7442 7451 7452
f 7442 7452 7453
f 7442 7453 7443
f 7442 7447 7454
f 7442 7454 7455
f 7442 7455 7456
f 7442 7456 7457
f 7442 7457 7451
f 7448 7450 7458
f 7448 7458 7449
f 7459 7460 7461
f 7459 7461 7466
f 7459 7466 7465
f 7459 7465 7464
f 7459 7464 7471
f 7459 7471 7483
f 7459 7483 7491
f 7459 7491 7500
f 7459 7500 7509
f 7459 7509 7508
f 7459 7508 7507
f 7459 7507 7506
f 7459 7506 7505
f 7459 7505 7499
f 7459 7499 7490
f 7459 7490 7482
f 7459 7482 7481
f 7459 7481 7480
f 7459 7480 7476
f 7459 7476 7468
f 7459 7468 7462
f 7459 7462 7469
f 7459 7469 7467
f 7459 7467 7460
f 7460 7463 7464
f 7460 7464 7465
f 7460 7465 7466
f 7460 7466 7461
f 7460 7467 7475
f 7460 7475 7485
f 7460 7485 7495
f 7460 7495 7510
f 7460 7510 7504
f 7460 7504 7503
f 7460 7503 7502
f 7460 7502 7501
f 7460 7501 7494
f 7460 7494 7493
f 7460 7493 7492
f 7460 7492 7484
f 7460 7484 7474
f 7460 7474 7473
f 7460 7473 7472
f 7460 7472 7470
f 7460 7470 7463
f 7462 7468 7469
f 7463 7470 7464
f 7464 7470 7472
f 7464 7472 7473
f 7464 7473 7474
f 7464 7474 7471
f 7467 7469 7479
f 7467 7479 7489
f 7467 7489 7498
f 7467 7498 7497
f 7467 7497 7496
f 7467 7496 7486
f 7467 7486 7475
f 7468 7476 7469
f 7469 7477 7478
f 7469 7478 7479
f 7469 7476 7480
f 7469 7480 7481
f 7469 7481 7482
f 7469 7482 7477
f 7471 7474 7484
f 7471 7484 7483
f 7475 7486 7487
f 7475 7487 7485
f 7477 7482 7490
f 7477 7490 7495
f 7477 7495 7485
f 7477 7485 7487
f 7477 7487 7488
f 7477 7488 7478
f 7478 7488 7489
f 7478 7489 7479
f 7483 7484 7492
f 7483 7492 7493
f 7483 7493 7494
f 7483 7494 7491
f 7486 7496 7487
f 7487 7496 7497
f 7487 7497 7498
f 7487 7498 7489
f 7487 7489 7488
f 7490 7499 7495
f 7491 7494 7501
f 7491 7501 7502
f 7491 7502 7503
f 7491 7503 7504
f 7491 7504 7500
f 7495 7499 7505
f 7495 7505 7506
f 7495 7506 7507
f 7495 7507 7508
f 7495 7508 7509
f 7495 7509 7500
f 7495 7500 7510
f 7500 7504 7510

