# https://github.com/mikedh/trimesh
v -0.01645116 0.01480999 -0.02578117
v -0.01621897 0.01630534 -0.02578117
v -0.01641343 0.01331219 -0.02578117
v -0.02317912 0.01181931 -0.00523893
v -0.02321104 0.01331219 -0.00523893
v -0.02313848 0.01480999 -0.00523893
v -0.02350129 0.01630534 -0.00374093
v -0.02323136 0.01780068 -0.00374093
v -0.01581552 0.01782039 -0.02578117
v -0.01622187 0.01173308 -0.02578117
v -0.02263635 0.01032396 -0.00640901
v -0.02298755 0.01032396 -0.00523893
v -0.02447653 0.01174294 -0.00040210
v -0.02451716 0.01328509 -0.00040210
v -0.02361449 0.01480999 -0.00374093
v -0.02441267 0.01480999 -0.00040210
v -0.02427045 0.01634722 -0.00040210
v -0.02421530 0.01677094 -0.00040210
v -0.02360868 0.01780068 -0.00224541
v -0.02371607 0.01918763 -0.00040210
v -0.02319943 0.01929849 -0.00224541
v -0.02274374 0.01930095 -0.00372851
v -0.01571393 0.01807659 -0.02578117
v -0.02252896 0.00939030 -0.00618046
v -0.01592291 0.01032396 -0.02578117
v -0.02415725 0.01032643 -0.00040210
v -0.02403535 0.01778097 -0.00040210
v -0.02392215 0.01836236 -0.00040210
v -0.02367254 0.01929356 -0.00040210
v -0.02268860 0.02046619 -0.00224541
v -0.02253767 0.02020259 -0.00321924
v -0.01522341 0.01885013 -0.02578117
v -0.02229095 0.00835563 -0.00523893
v -0.02264796 0.00910453 -0.00523893
v -0.02378864 0.00917105 -0.00040210
v -0.01484609 0.00598574 -0.02578117
v -0.01440201 0.00474168 -0.02578117
v -0.01424238 0.00433766 -0.02578117
v -0.02292079 0.02085296 -0.00040210
v -0.02237223 0.02144666 -0.00114738
v -0.02218937 0.02121509 -0.00224541
v -0.01439621 0.01985278 -0.02578117
v -0.02243028 0.00660654 -0.00145542
v -0.02241576 0.00813391 -0.00436448
v -0.02303689 0.00724952 -0.00040210
v -0.02322556 0.00769541 -0.00040210
v -0.02364932 0.00877935 -0.00040210
v -0.01370542 0.00343356 -0.02578117
v -0.02244479 0.02154027 -0.00040210
v -0.02195427 0.02198863 -0.00040210
v -0.02180044 0.02206500 -0.00068779
v -0.02144053 0.02199848 -0.00224541
v -0.01463131 0.02119785 -0.02169458
v -0.01388537 0.02187777 -0.02169458
v -0.01385054 0.02032577 -0.02578117
v -0.02214873 0.00571968 -0.00040210
v -0.02254928 0.00634295 -0.00040210
v -0.02260152 0.00643164 -0.00040210
v -0.01346451 0.00330546 -0.02578117
v -0.01744962 0.00046997 -0.00040210
v -0.01823619 0.00107353 -0.00040210
v -0.01971936 0.00265509 -0.00040210
v -0.02001541 0.00297781 -0.00040210
v -0.02074393 0.00384989 -0.00040210
v -0.02132443 0.00457416 -0.00040210
v -0.02093550 0.02283607 -0.00040210
v -0.02077296 0.02292229 -0.00074990
v -0.02055237 0.02274492 -0.00224541
v -0.01225127 0.02317357 -0.02123997
v -0.01271277 0.02104511 -0.02578117
v -0.01271567 0.00295810 -0.02578117
v -0.01717098 0.00035419 -0.00040210
v -0.02080489 0.02294447 -0.00040210
v -0.02002412 0.02338790 -0.00074990
v -0.01980353 0.02324994 -0.00224541
v -0.01122089 0.02354556 -0.02019658
v -0.00972321 0.02370815 -0.02169458
v -0.01120348 0.02333863 -0.02171943
v -0.00863188 0.02317850 -0.02578117
v -0.00905564 0.02307010 -0.02578117
v -0.00972902 0.02277202 -0.02578117
v -0.01019632 0.02251582 -0.02578117
v -0.01116575 0.02196892 -0.02578117
v -0.01870059 0.02371554 -0.00224541
v -0.01870059 0.02394465 -0.00074990
v -0.01720581 0.02413926 -0.00224541
v -0.01231513 0.00282261 -0.02578117
v -0.01570813 -0.00014098 -0.00074990
v -0.01570813 -0.00019271 -0.00040210
v -0.02008507 0.02337804 -0.00040210
v -0.01904018 0.02381901 -0.00040210
v -0.00972321 0.02387320 -0.02019658
v -0.00823134 0.02388799 -0.02169458
v -0.00673366 0.02350122 -0.02578117
v -0.00713710 0.02344702 -0.02578117
v -0.00832131 0.02324748 -0.02578117
v -0.01870059 0.02395943 -0.00040210
v -0.01755120 0.02422549 -0.00040210
v -0.01720581 0.02428954 -0.00074990
v -0.01122089 0.00249250 -0.02578117
v -0.01421335 -0.00026169 -0.00224541
v -0.01421335 -0.00042674 -0.00074990
v -0.01421335 -0.00044152 -0.00040210
v -0.01570523 0.02443735 -0.00233485
v -0.01520310 0.02458023 -0.00189762
v -0.00760440 0.02455559 -0.01359594
v -0.00264696 0.02374264 -0.02578117
v -0.00414464 0.02368105 -0.02578117
v -0.00563942 0.02359483 -0.02578117
v -0.01720581 0.02429939 -0.00040210
v -0.01615801 0.02448169 -0.00074990
v -0.00673366 0.00161550 -0.02578117
v -0.00633312 0.00154405 -0.02578117
v -0.00523888 0.00135437 -0.02578117
v -0.00673366 -0.00006707 -0.01122348
v -0.01271567 -0.00034545 -0.00074990
v -0.01271567 -0.00030850 -0.00040210
v -0.00673366 -0.00009171 -0.00972548
v -0.01540917 0.02460979 -0.00074990
v -0.01421335 0.02472558 -0.00074990
v -0.01430333 0.02463196 -0.00233485
v -0.00785402 0.02457284 -0.01271900
v -0.00700359 0.02455559 -0.01359594
v -0.00224642 0.02375003 -0.02578117
v -0.01639892 0.02444720 -0.00040210
v -0.00374120 0.00128046 -0.02578117
v 0.00373849 0.00130017 -0.02578117
v 0.00513459 0.00130756 -0.02578117
v -0.01109028 0.00018174 -0.00064059
v -0.01116575 0.00020884 -0.00040210
v -0.00673366 0.00007581 -0.00822997
v -0.00564232 0.00039607 -0.00822997
v 0.00513459 0.00129771 -0.02468562
v 0.00513459 0.00138639 -0.02319010
v -0.00517793 0.00029260 -0.00977517
v -0.01541498 0.02460733 -0.00040210
v -0.01449489 0.02469601 -0.00040210
v -0.01421335 0.02471572 -0.00040210
v -0.01307558 0.02465413 -0.00040210
v -0.01122089 0.02467877 -0.00523893
v -0.00704132 0.02457284 -0.01271900
v -0.00074874 0.02371308 -0.02578117
v -0.00115219 0.02374018 -0.02578117
v 0.00513459 0.02249857 -0.02578117
v -0.00587743 0.00051431 -0.00732073
v -0.01084938 0.00036404 -0.00040210
v 0.00513459 0.00178301 -0.02196537
v -0.01281145 0.02463689 -0.00040210
v -0.01268084 0.02464182 -0.00080455
v -0.01022244 0.02459501 -0.00523893
v -0.00737220 0.02456298 -0.01157625
v -0.00629248 0.02444474 -0.01271900
v 0.00034549 0.02356280 -0.02578117
v 0.00513459 0.02199848 -0.02468562
v -0.00947650 0.02434620 -0.00523893
v -0.01214388 0.02447923 -0.00040210
v -0.01204810 0.02443242 -0.00040210
v -0.01130507 0.02404811 -0.00040210
v -0.00918335 0.02292968 -0.00040210
v -0.00867832 0.02263160 -0.00040210
v -0.00733157 0.02183589 -0.00040210
v -0.00707905 0.02179155 -0.00074990
v -0.00606609 0.02146883 -0.00172869
v -0.00992058 0.00101687 -0.00040210
v -0.01024856 0.00046504 -0.00106540
v 0.00513459 0.00284232 -0.02137163
v -0.00685556 0.00590691 -0.00040210
v -0.00701520 0.00547580 -0.00040210
v -0.00733737 0.00473182 -0.00040210
v -0.00768277 0.00405682 -0.00040210
v -0.00775243 0.00393365 -0.00040210
v -0.00835034 0.00290883 -0.00040210
v -0.00860576 0.00249497 -0.00040210
v -0.00871025 0.00179780 -0.00106540
v -0.01190878 0.02455806 -0.00133866
v -0.01043432 0.02454574 -0.00442161
v -0.00760440 0.02452603 -0.01058006
v 0.00513459 0.02196399 -0.02462103
v -0.00718064 0.02173489 -0.00040210
v -0.00633021 0.02118799 -0.00074990
v 0.00513459 0.02157230 -0.02388817
v -0.00943296 0.00152188 -0.00040210
v 0.00513459 0.01025991 -0.02067604
v -0.00513729 0.01629548 -0.00040210
v -0.00524468 0.01480999 -0.00040210
v -0.00537530 0.01331219 -0.00040210
v -0.00554364 0.01181931 -0.00040210
v -0.00573230 0.01042989 -0.00040210
v -0.00578745 0.01007022 -0.00040210
v -0.00602545 0.00882616 -0.00040210
v -0.00622282 0.00801567 -0.00040210
v -0.00639407 0.00733574 -0.00040210
v -0.00597030 0.00654003 -0.00147033
v -0.00644051 0.02108945 -0.00040210
v -0.00579616 0.02032577 -0.00040210
v 0.00513459 0.02154027 -0.02383849
v 0.00513459 0.01039294 -0.02066362
v -0.00510537 0.01747550 -0.00040210
v 0.00513459 0.01181931 -0.02057916
v -0.00536659 0.01929849 -0.00040210
v 0.00513459 0.02020259 -0.02228335
v 0.00513459 0.02090223 -0.02306589
v -0.00510246 0.01779329 -0.00040210
v 0.00513459 0.01331219 -0.02057916
v -0.00530854 0.01896838 -0.00040210
v 0.00513459 0.01772431 -0.02123003
v 0.00513459 0.01929849 -0.02182128
v 0.00513459 0.02011637 -0.02223615
v 0.00513459 0.01476811 -0.02062387
v 0.00513459 0.01630534 -0.02087975
v -0.02633799 0.02514227 0.01586509
v -0.02767845 0.02502939 0.01570904
v -0.02767845 0.02504194 0.01586509
v -0.02618086 0.02513726 0.01586509
v -0.02618086 0.02513977 0.01570904
v -0.01421610 0.02471583 -0.00040051
v -0.01449830 0.02469577 -0.00040051
v -0.02700181 0.02456282 0.01031902
v -0.02783238 0.02501936 0.01586509
v -0.02484039 0.02498424 0.01586509
v -0.02318886 0.02496166 0.01421385
v -0.02169447 0.02492905 0.01271706
v -0.02318886 0.02504194 0.01271706
v -0.01308087 0.02465312 -0.00040051
v -0.01541867 0.02460797 -0.00040051
v -0.02757263 0.02412885 0.00978081
v -0.03067044 0.02395828 0.01421385
v -0.03063196 0.02435963 0.01565649
v -0.02982704 0.02451265 0.01512147
v -0.03003228 0.02456031 0.01586509
v -0.02964425 0.02464811 0.01586509
v -0.02925302 0.02473590 0.01586509
v -0.01640317 0.02444743 -0.00040051
v -0.01720809 0.02429943 -0.00040051
v -0.01755443 0.02422668 -0.00040051
v -0.01870569 0.02396078 -0.00040051
v -0.02345824 0.02470078 0.01586509
v -0.02211457 0.02460797 0.01513580
v -0.02164637 0.02471834 0.01423455
v -0.01652824 0.02451265 0.00736526
v -0.01339835 0.02456533 0.00162333
v -0.01318349 0.02461800 0.00074915
v -0.01281470 0.02463556 -0.00040051
v -0.02856675 0.02316058 0.00882223
v -0.02886820 0.02334370 0.00972508
v -0.03182170 0.02332865 0.01421385
v -0.03228028 0.02356946 0.01562624
v -0.02008784 0.02337882 -0.00040051
v -0.03247911 0.02353936 0.01586509
v -0.03083720 0.02431699 0.01586509
v -0.03069610 0.02437217 0.01586509
v -0.03059669 0.02440228 0.01586509
v -0.02262766 0.02443739 0.01586509
v -0.02112044 0.02448004 0.01474887
v -0.02087031 0.02459041 0.01375048
v -0.00865542 0.02177340 0.00224434
v -0.00987081 0.02252845 0.00210422
v -0.00949561 0.02277428 0.00074915
v -0.01122411 0.02369739 0.00074915
v -0.01243629 0.02432200 0.00074915
v -0.01216371 0.02447502 -0.00033841
v -0.01214768 0.02448004 -0.00040051
v -0.02991683 0.02153760 0.00748946
v -0.03285431 0.02298750 0.01507211
v -0.02080617 0.02294234 -0.00040051
v -0.03307558 0.02315055 0.01586509
v -0.02186764 0.02417150 0.01586509
v -0.02165920 0.02407367 0.01586509
v -0.02060414 0.02341394 0.01586509
v -0.01504667 0.02147740 0.01184447
v -0.00890555 0.02160031 0.00309783
v -0.00762281 0.02141218 0.00122844
v -0.00736306 0.02162790 0.00023164
v -0.00733099 0.02183611 -0.00040051
v -0.00816477 0.02197909 0.00073800
v -0.00867787 0.02263129 -0.00040051
v -0.00918455 0.02292980 -0.00040051
v -0.01130748 0.02404858 -0.00040051
v -0.01205147 0.02443238 -0.00040051
v -0.03307238 0.01879333 0.00877606
v -0.03269076 0.01978919 0.00931426
v -0.03299862 0.02013787 0.01031265
v -0.03550958 0.02092302 0.01586509
v -0.03466297 0.02176587 0.01586509
v -0.03402481 0.02238045 0.01586509
v -0.02094086 0.02283699 -0.00040051
v -0.02195423 0.02198662 -0.00040051
v -0.02215626 0.02180350 -0.00040051
v -0.02244487 0.02154011 -0.00040051
v -0.02051756 0.02334370 0.01586509
v -0.01487671 0.02014289 0.01355940
v -0.01037108 0.02015041 0.00762003
v -0.00874842 0.02028838 0.00487327
v -0.00790502 0.02108858 0.00224434
v -0.00725082 0.02034106 0.00224434
v -0.00643948 0.02108858 -0.00040051
v -0.00718027 0.02173326 -0.00040051
v -0.03253363 0.01780248 0.00783340
v -0.03323913 0.01780248 0.00858179
v -0.03389974 0.01780248 0.00972508
v -0.03703284 0.01792791 0.01586509
v -0.03656784 0.01924485 0.01586509
v -0.03605475 0.02014540 0.01586509
v -0.03329685 0.01929502 0.00977763
v -0.02291949 0.02085279 -0.00040051
v -0.02367310 0.01929502 -0.00040051
v -0.01747746 0.02053923 0.01586509
v -0.01635506 0.02014289 0.01507052
v -0.01674309 0.01944804 0.01586509
v -0.01538660 0.01929753 0.01453072
v -0.01468109 0.01929753 0.01378392
v -0.01015302 0.01929753 0.00790028
v -0.00936413 0.01935774 0.00671718
v -0.00905307 0.01989706 0.00587166
v -0.00746568 0.02007014 0.00302617
v -0.00591677 0.02014791 0.00013133
v -0.00579811 0.02032601 -0.00040051
v -0.03269076 0.01630492 0.00771079
v -0.02371479 0.01918716 -0.00040051
v -0.02392323 0.01836187 -0.00040051
v -0.03332892 0.01630492 0.00845759
v -0.03779927 0.01480987 0.01586509
v -0.03744652 0.01630492 0.01586509
v -0.01738446 0.02042384 0.01586509
v -0.01666934 0.01929753 0.01586509
v -0.01520701 0.01780248 0.01470747
v -0.01631017 0.01780248 0.01586509
v -0.01453999 0.01780248 0.01395907
v -0.01330214 0.01890872 0.01219319
v -0.01192320 0.01865286 0.01053239
v -0.00998947 0.01780248 0.00813594
v -0.00884462 0.01890119 0.00620923
v -0.00849828 0.01935774 0.00531753
v -0.00772864 0.01929753 0.00405641
v -0.00574360 0.01929753 0.00044024
v -0.00536840 0.01929753 -0.00040051
v -0.03271321 0.01480987 0.00770124
v -0.02402906 0.01780248 -0.00040051
v -0.02404189 0.01773225 -0.00040051
v -0.02421505 0.01677150 -0.00040051
v -0.02426957 0.01634757 -0.00040051
v -0.02441067 0.01480987 -0.00040051
v -0.02451650 0.01328472 -0.00040051
v -0.03332892 0.01331232 0.00847033
v -0.03405367 0.01181977 0.00953241
v -0.03407932 0.01331232 0.00958177
v -0.03786020 0.01331232 0.01586509
v -0.03780569 0.01468947 0.01586509
v -0.01628772 0.01705997 0.01586509
v -0.01628772 0.01630492 0.01586509
v -0.01629413 0.01556492 0.01586509
v -0.01379279 0.01780248 0.01304667
v -0.01521984 0.01630492 0.01466925
v -0.01458809 0.01630492 0.01392086
v -0.01054746 0.01780248 0.00888433
v -0.01004719 0.01630492 0.00806588
v -0.00929999 0.01630492 0.00701654
v -0.00923906 0.01780248 0.00708023
v -0.01059877 0.01630492 0.00881427
v -0.00876445 0.01780248 0.00633184
v -0.00809743 0.01780248 0.00523791
v -0.00756509 0.01780248 0.00434302
v -0.00601297 0.01823143 0.00145455
v -0.00566663 0.01775984 0.00087335
v -0.00510223 0.01779245 -0.00040051
v -0.03267793 0.01331232 0.00772353
v -0.02447802 0.01174201 -0.00040051
v -0.03330648 0.01181977 0.00855313
v -0.03444811 0.01097191 0.01040500
v -0.03451867 0.01181977 0.01028080
v -0.03310445 0.01032222 0.00877765
v -0.03785700 0.01328221 0.01586509
v -0.01636148 0.01401218 0.01586509
v -0.01384089 0.01630492 0.01298616
v -0.01189754 0.01663103 0.01056424
v -0.01655389 0.01032222 0.01586509
v -0.01623641 0.00882717 0.01527115
v -0.01633262 0.00732961 0.01513740
v -0.00890876 0.01480987 0.00609140
v -0.00879331 0.01630492 0.00626814
v -0.01569125 0.00732961 0.01421385
v -0.01667575 0.00882717 0.01586509
v -0.00815194 0.01630492 0.00523791
v -0.00759074 0.01630492 0.00430640
v -0.00597128 0.01673387 0.00152302
v -0.00597128 0.01723306 0.00152302
v -0.00568587 0.01626228 0.00088768
v -0.00510543 0.01747638 -0.00040051
v -0.03257211 0.01181977 0.00780633
v -0.02415733 0.01032723 -0.00040051
v -0.03387409 0.01041252 0.00983336
v -0.03425891 0.00997354 0.01077124
v -0.03729259 0.01032222 0.01586509
v -0.03767741 0.01181977 0.01586509
v -0.03295051 0.00951700 0.00894007
v -0.02378854 0.00917334 -0.00040051
v -0.02365065 0.00877950 -0.00040051
v -0.01687457 0.00737978 0.01586509
v -0.01641279 0.00640900 0.01502593
v -0.00897610 0.01404981 0.00598949
v -0.00779598 0.01331232 0.00397838
v -0.00835718 0.01480987 0.00523791
v -0.01506912 0.00732961 0.01329507
v -0.00768053 0.01480987 0.00415991
v -0.00723799 0.01480987 0.00341151
v -0.00599373 0.01573550 0.00148002
v -0.00716103 0.01630492 0.00355960
v -0.00568587 0.01480987 0.00062495
v -0.00524654 0.01480987 -0.00040051
v -0.00513750 0.01629740 -0.00040051
v -0.03319744 0.00894256 0.00979514
v -0.03399274 0.00884222 0.01125053
v -0.03672177 0.00899774 0.01586509
v -0.03164212 0.00773849 0.00873306
v -0.03263945 0.00852113 0.00934292
v -0.03300182 0.00794167 0.01034131
v -0.02322414 0.00769334 -0.00040051
v -0.02303814 0.00724934 -0.00040051
v -0.02260201 0.00643157 -0.00040051
v -0.02256994 0.00637639 -0.00040051
v -0.01688420 0.00732961 0.01586509
v -0.01693230 0.00714147 0.01586509
v -0.01727864 0.00585463 0.01586509
v -0.01656992 0.00541313 0.01482371
v -0.01604721 0.00587971 0.01428072
v -0.01522946 0.00583456 0.01302279
v -0.00862976 0.01345530 0.00529364
v -0.00787615 0.01178215 0.00364877
v -0.00751699 0.01125788 0.00293700
v -0.00742719 0.01225625 0.00308986
v -0.00734382 0.01331232 0.00322999
v -0.00761961 0.01032222 0.00277618
v -0.00655493 0.01480987 0.00224434
v -0.00605466 0.01480987 0.00137334
v -0.00575963 0.01331232 0.00043387
v -0.00537481 0.01331232 -0.00040051
v -0.03666084 0.00887232 0.01586509
v -0.03129578 0.00674012 0.00912000
v -0.02214664 0.00571917 -0.00040051
v -0.03215201 0.00734215 0.00973145
v -0.03166457 0.00627605 0.01011839
v -0.03266190 0.00694581 0.01088748
v -0.03296334 0.00651937 0.01188427
v -0.03321348 0.00739734 0.01132059
v -0.03582065 0.00745252 0.01586509
v -0.01735560 0.00566147 0.01586509
v -0.01621076 0.00479354 0.01382691
v -0.01491840 0.00501429 0.01205147
v -0.01756725 0.00465558 0.01541127
v -0.00730213 0.00583456 0.00028737
v -0.00758754 0.00691320 0.00133512
v -0.00743040 0.00791157 0.00157875
v -0.00778957 0.00882717 0.00250707
v -0.00715782 0.01032222 0.00202778
v -0.00601618 0.00975279 -0.00005498
v -0.00593601 0.01075116 0.00009152
v -0.00627914 0.01181977 0.00098640
v -0.00677300 0.01331232 0.00224434
v -0.00731816 0.00882717 0.00175868
v -0.00616370 0.01331232 0.00118226
v -0.00585584 0.01181977 0.00023960
v -0.00554477 0.01181977 -0.00040051
v -0.03076344 0.00573422 0.00961044
v -0.02132568 0.00457530 -0.00040051
v -0.02074524 0.00385036 -0.00040051
v -0.02002049 0.00297741 -0.00040051
v -0.03211032 0.00589978 0.01131104
v -0.03122844 0.00527768 0.01073621
v -0.03496442 0.00626601 0.01586509
v -0.03559937 0.00712140 0.01586509
v -0.03155874 0.00494656 0.01173460
v -0.01829200 0.00428432 0.01586509
v -0.01711830 0.00422412 0.01435079
v -0.01666613 0.00379517 0.01317883
v -0.01494405 0.00356690 0.01050532
v -0.00902100 0.00215964 -0.00006612
v -0.00870993 0.00315802 0.00041954
v -0.00903062 0.00368480 0.00141792
v -0.00775109 0.00393313 -0.00040051
v -0.00771260 0.00403097 -0.00037344
v -0.00745285 0.00502683 0.00004534
v -0.01833690 0.00423164 0.01586509
v -0.01802904 0.00365720 0.01487307
v -0.00685638 0.00590730 -0.00040051
v -0.00639459 0.00733462 -0.00040051
v -0.00711292 0.00737978 0.00080169
v -0.00622142 0.00801442 -0.00040051
v -0.00670245 0.00882717 0.00074915
v -0.00611880 0.00882717 -0.00023172
v -0.00602580 0.00882717 -0.00040051
v -0.00578849 0.01007137 -0.00040051
v -0.00573398 0.01043008 -0.00040051
v -0.01972226 0.00265632 -0.00040051
v -0.01823749 0.00107348 -0.00040051
v -0.03087889 0.00164792 0.01586509
v -0.01796811 0.00058934 -0.00002154
v -0.03483294 0.00611300 0.01586509
v -0.03182491 0.00265632 0.01586509
v -0.01630376 0.00343897 0.01218204
v -0.01222785 0.00082012 0.00265357
v -0.01078477 0.00088032 0.00074915
v -0.01035505 0.00194642 0.00166155
v -0.01004398 0.00162785 0.00074915
v -0.01050898 0.00062195 -0.00006772
v -0.00943468 0.00152249 -0.00040051
v -0.00860411 0.00249578 -0.00040051
v -0.00835077 0.00290968 -0.00040051
v -0.00768374 0.00405605 -0.00040051
v -0.00733740 0.00473083 -0.00040051
v -0.00701672 0.00547585 -0.00040051
v -0.01837217 0.00419402 0.01586509
v -0.01918030 0.00341639 0.01586509
v -0.01649937 0.00211951 0.01042252
v -0.01745181 0.00047144 -0.00040051
v -0.03063838 0.00153253 0.01586509
v -0.01185265 0.00051409 0.00165677
v -0.01153517 0.00033598 0.00074915
v -0.01085211 0.00036358 -0.00040051
v -0.00992533 0.00101578 -0.00040051
v -0.02004615 0.00299747 0.01586509
v -0.01790718 0.00206432 0.01203077
v -0.01322518 0.00044134 0.00330961
v -0.01363566 0.00071225 0.00430640
v -0.01717281 0.00035605 -0.00040051
v -0.02917285 0.00093300 0.01570904
v -0.02917285 0.00093049 0.01586509
v -0.01272491 0.00024317 0.00219179
v -0.01271850 -0.00018829 0.00074915
v -0.01116959 0.00020805 -0.00040051
v -0.02020008 0.00293225 0.01586509
v -0.02020008 0.00285449 0.01570904
v -0.01949778 0.00061442 0.01043685
v -0.01896544 0.00037863 0.00943846
v -0.01856138 0.00075239 0.00985247
v -0.01796811 0.00060439 0.00896395
v -0.01463299 0.00041626 0.00483346
v -0.01416479 0.00017795 0.00378093
v -0.01571049 -0.00019330 -0.00040051
v -0.01720809 0.00008765 0.00074915
v -0.02557476 0.00055673 0.01181262
v -0.02584093 0.00048900 0.01271706
v -0.02712046 0.00056425 0.01467244
v -0.02712046 0.00056425 0.01507689
v -0.02764318 0.00072731 0.01562942
v -0.02764639 0.00078500 0.01586509
v -0.01421610 -0.00032876 0.00224434
v -0.01271850 -0.00030869 -0.00040051
v -0.02176823 0.00229008 0.01586509
v -0.02203119 0.00192385 0.01531573
v -0.02007822 0.00079503 0.01130148
v -0.02112044 0.00064954 0.01185402
v -0.02049511 0.00043632 0.01085723
v -0.02007822 0.00018548 0.00985247
v -0.01856138 0.00010771 0.00837001
v -0.01757367 0.00037110 0.00796556
v -0.01712792 0.00010771 0.00680794
v -0.01571049 -0.00037642 0.00374113
v -0.01421610 -0.00043913 -0.00040051
v -0.01571049 -0.00036388 0.00074915
v -0.01720809 -0.00021086 0.00224434
v -0.02469929 0.00040371 0.01127601
v -0.01720809 -0.00041656 0.00374113
v -0.02020008 -0.00021337 0.00822830
v -0.02169447 -0.00004530 0.00972508
v -0.02671319 0.00056425 0.01507689
v -0.02620010 0.00094303 0.01586509
v -0.01421610 -0.00048429 0.00074915
v -0.02305418 0.00180093 0.01586509
v -0.02318886 0.00175076 0.01586509
v -0.02468967 0.00129924 0.01586509
v -0.02285856 0.00070724 0.01319317
v -0.02211457 0.00050656 0.01219637
v -0.02164637 0.00030337 0.01130148
v -0.01870569 -0.00033378 0.00673310
v -0.01720809 -0.00039398 0.00523791
v -0.01571049 -0.00048178 0.00224434
v -0.02468646 0.00050405 0.01376481
v -0.02571586 0.00064703 0.01480937
v -0.02620330 0.00085273 0.01562942
v -0.02468646 0.00076744 0.01451161
v -0.02385589 0.00057680 0.01351641
v -0.02329148 0.00042880 0.01270432
v -0.03786727 0.01331458 0.01586509
v -0.03780477 0.01480858 0.01586509
v -0.03767976 0.01181812 0.01586509
v -0.04470280 0.01331458 0.01955998
v -0.04478316 0.01480858 0.01951217
v -0.04476084 0.01630503 0.01952342
v -0.03745205 0.01630503 0.01586509
v -0.04401076 0.01630503 0.01913537
v -0.04386789 0.01780149 0.01921973
v -0.03758153 0.01143297 0.01586509
v -0.04380985 0.01181812 0.01923098
v -0.04455993 0.01181812 0.01964715
v -0.06034280 0.01331458 0.02948050
v -0.06037405 0.01480858 0.02940176
v -0.06041870 0.01630503 0.02937646
v -0.04461797 0.01780149 0.01959934
v -0.06034726 0.01780149 0.02947206
v -0.03703683 0.01792660 0.01586509
v -0.04360894 0.01929794 0.01934908
v -0.03729579 0.01032167 0.01586509
v -0.04356875 0.01032167 0.01935752
v -0.04431437 0.01032167 0.01978212
v -0.06023565 0.01181812 0.02961547
v -0.06098126 0.01181812 0.03058840
v -0.06109288 0.01331458 0.03056872
v -0.06119557 0.01644977 0.03081898
v -0.06110627 0.01765184 0.03081898
v -0.04435455 0.01929794 0.01974556
v -0.06017761 0.01929794 0.02962953
v -0.06076249 0.01929794 0.03066995
v -0.03657250 0.01924642 0.01586509
v -0.04342588 0.02009033 0.01943344
v -0.03672877 0.00899694 0.01586509
v -0.04340802 0.00954645 0.01944187
v -0.04399737 0.00896014 0.01997896
v -0.04512695 0.00882766 0.02072974
v -0.06003027 0.01072644 0.02979544
v -0.06064194 0.01037809 0.03069526
v -0.06135183 0.01102574 0.03140105
v -0.06136969 0.01181812 0.03133638
v -0.06137415 0.01331458 0.03131669
v -0.06134290 0.01705326 0.03141793
v -0.06150364 0.01765184 0.03211529
v -0.06145898 0.01929794 0.03260738
v -0.06000794 0.02033074 0.02979262
v -0.06023565 0.02081648 0.03064464
v -0.06136523 0.02011241 0.03284077
v -0.03605905 0.02014675 0.01586509
v -0.04401076 0.02067174 0.02001832
v -0.03550989 0.02092442 0.01586509
v -0.03666626 0.00887182 0.01586509
v -0.03582242 0.00745387 0.01586509
v -0.04495729 0.00794942 0.02088159
v -0.05963290 0.00972799 0.02999227
v -0.06027136 0.00882766 0.03095958
v -0.06124914 0.01002973 0.03178348
v -0.06136969 0.00946059 0.03278172
v -0.06141434 0.01044433 0.03223620
v -0.06151703 0.01181812 0.03216590
v -0.06153935 0.01331458 0.03216590
v -0.06185188 0.01780149 0.03366185
v -0.06170901 0.01929794 0.03366185
v -0.05999009 0.02177323 0.03112548
v -0.05951235 0.02132920 0.03013287
v -0.04490818 0.02156961 0.02092377
v -0.06093215 0.02068400 0.03227275
v -0.06144559 0.02031602 0.03366185
v -0.06114199 0.02106425 0.03366185
v -0.03466605 0.02176587 0.01586509
v -0.03560365 0.00712269 0.01586509
v -0.04447063 0.00695096 0.02122746
v -0.06000794 0.00789299 0.03123796
v -0.03496519 0.00626652 0.01586509
v -0.03483571 0.00611197 0.01586509
v -0.03182648 0.00265786 0.01586509
v -0.03088441 0.00164713 0.01586509
v -0.06102144 0.00890862 0.03223620
v -0.06121342 0.00854064 0.03366185
v -0.06141880 0.00928641 0.03366185
v -0.06155275 0.01032167 0.03366185
v -0.06162418 0.01181812 0.03366185
v -0.06189653 0.01780149 0.03516062
v -0.06178938 0.01929794 0.03516062
v -0.06150364 0.02049756 0.03516062
v -0.05982936 0.02301945 0.03300386
v -0.05961505 0.02282320 0.03216590
v -0.05855690 0.02315683 0.03127452
v -0.06019100 0.02207497 0.03216590
v -0.04413578 0.02183701 0.02071287
v -0.03308107 0.02315193 0.01586509
v -0.03402760 0.02238162 0.01586509
v -0.06122682 0.02124579 0.03516062
v -0.06032494 0.02242823 0.03356625
v -0.05909714 0.00685038 0.03180597
v -0.05987400 0.00656090 0.03287451
v -0.06019546 0.00736801 0.03229244
v -0.03064332 0.00153183 0.01586509
v -0.03595190 0.00206418 0.01942219
v -0.06055711 0.00733121 0.03366185
v -0.06120896 0.00853328 0.03516062
v -0.06142327 0.00928151 0.03516062
v -0.06057943 0.00733121 0.03516062
v -0.06152149 0.01032167 0.03516062
v -0.06160632 0.01780149 0.03665657
v -0.06151703 0.01924888 0.03671562
v -0.06137415 0.00945323 0.03604919
v -0.06139648 0.01032167 0.03612792
v -0.06144559 0.02035773 0.03625727
v -0.05990972 0.02310532 0.03400210
v -0.05923555 0.02355180 0.03356625
v -0.05886497 0.02338007 0.03216590
v -0.05686923 0.02454044 0.03290544
v -0.04235434 0.02469009 0.02362042
v -0.04276956 0.02428776 0.02315082
v -0.04372948 0.02324515 0.02211884
v -0.04292137 0.02290661 0.02112341
v -0.03248279 0.02353953 0.01586509
v -0.06113752 0.02083119 0.03671562
v -0.06031601 0.02238407 0.03666782
v -0.06058836 0.02229085 0.03516062
v -0.05753001 0.00541035 0.03373215
v -0.05698085 0.00503992 0.03427486
v -0.05909714 0.00606781 0.03366185
v -0.05994097 0.00650448 0.03366185
v -0.03753242 0.00203229 0.02085347
v -0.02917888 0.00093080 0.01586509
v -0.05996776 0.00648485 0.03516062
v -0.06045442 0.00733121 0.03665657
v -0.06110181 0.00890371 0.03659189
v -0.05994097 0.00650448 0.03665657
v -0.05990525 0.00652656 0.03755639
v -0.06121342 0.01032167 0.03687590
v -0.06135183 0.01689135 0.03742423
v -0.06136523 0.01780149 0.03745235
v -0.06136523 0.01871653 0.03744953
v -0.06129379 0.01971499 0.03725551
v -0.06062854 0.00882766 0.03815252
v -0.05995437 0.02315193 0.03516062
v -0.05909714 0.02384373 0.03516062
v -0.05824437 0.02447911 0.03516062
v -0.05791398 0.02437608 0.03366185
v -0.05716837 0.02466801 0.03366185
v -0.05610576 0.02524451 0.03516062
v -0.04114440 0.02525187 0.02468896
v -0.04276956 0.02491823 0.02455961
v -0.02783499 0.02501881 0.01586509
v -0.02925925 0.02473424 0.01586509
v -0.02941998 0.02469990 0.01586509
v -0.03003611 0.02456252 0.01586509
v -0.03070136 0.02437362 0.01586509
v -0.03083977 0.02431720 0.01586509
v -0.06057050 0.02079440 0.03815252
v -0.05988739 0.02159905 0.03896517
v -0.06008384 0.02188853 0.03815252
v -0.05975792 0.02294340 0.03717115
v -0.05992758 0.02312249 0.03617573
v -0.05610576 0.00456645 0.03516062
v -0.05712818 0.00495405 0.03516062
v -0.03892095 0.00208626 0.02242534
v -0.05787826 0.00530241 0.03516062
v -0.05909714 0.00595496 0.03516062
v -0.03067457 0.00106573 0.01720638
v -0.02765194 0.00078361 0.01586509
v -0.06014635 0.00731894 0.03809347
v -0.05909714 0.00600648 0.03665657
v -0.05787826 0.00533675 0.03665657
v -0.05713265 0.00493934 0.03665657
v -0.05698085 0.00502029 0.03783758
v -0.05683797 0.00509634 0.03883582
v -0.05669510 0.00515767 0.03964847
v -0.05865959 0.00637691 0.03934478
v -0.05965969 0.00681113 0.03855463
v -0.06073570 0.01032167 0.03815252
v -0.06103930 0.01635655 0.03801474
v -0.06098126 0.01780149 0.03820032
v -0.06018653 0.01929794 0.03943477
v -0.06099019 0.01924888 0.03802879
v -0.06002580 0.02079440 0.03919575
v -0.05999009 0.00780958 0.03909452
v -0.06009724 0.00882766 0.03922949
v -0.05815061 0.02438589 0.03665657
v -0.05740054 0.02485936 0.03665657
v -0.05749429 0.02483482 0.03516062
v -0.05610576 0.02540152 0.03665657
v -0.05461007 0.02563948 0.03665657
v -0.04114440 0.02553153 0.02618490
v -0.02768319 0.02504089 0.01586509
v -0.05951682 0.02079440 0.03994372
v -0.05852565 0.02171680 0.04059047
v -0.05896319 0.02215593 0.03946007
v -0.05944539 0.02263675 0.03815252
v -0.05688262 0.02455761 0.03892862
v -0.05708353 0.02470480 0.03815252
v -0.05919536 0.02356897 0.03666782
v -0.05461007 0.00412732 0.03516062
v -0.05372158 0.00362687 0.03665657
v -0.05461007 0.00391144 0.03665657
v -0.05610576 0.00447813 0.03665657
v -0.03217026 0.00120801 0.01870515
v -0.05297151 0.00342325 0.03665657
v -0.05271255 0.00350666 0.03565271
v -0.02917888 0.00092344 0.01720638
v -0.02620090 0.00094061 0.01586509
v -0.05624416 0.00471609 0.03826219
v -0.05773539 0.00591571 0.03976658
v -0.05594949 0.00479705 0.03964847
v -0.05566375 0.00495405 0.04063265
v -0.05614147 0.00551584 0.04113599
v -0.05832027 0.00664431 0.04034302
v -0.06023118 0.01630503 0.03947132
v -0.06023565 0.01780149 0.03948257
v -0.05969541 0.01929794 0.04018274
v -0.05792291 0.00721836 0.04113880
v -0.05856583 0.00764277 0.04063827
v -0.05946324 0.00882766 0.03998028
v -0.05952575 0.01032167 0.04001683
v -0.05967308 0.01480858 0.04016868
v -0.05971774 0.01630503 0.04021930
v -0.05610576 0.02522734 0.03815252
v -0.05461007 0.02566155 0.03815252
v -0.05311438 0.02578912 0.03815252
v -0.05311438 0.02574987 0.03665657
v -0.05161869 0.02584555 0.03665657
v -0.04114440 0.02565419 0.02768086
v -0.02633931 0.02514148 0.01586509
v -0.05876674 0.02079440 0.04087167
v -0.05840064 0.02308078 0.03895673
v -0.05803453 0.02079440 0.04162245
v -0.05698531 0.02164566 0.04200207
v -0.05368587 0.02295567 0.04326463
v -0.05610576 0.02478085 0.03921543
v -0.05461007 0.00400712 0.03815252
v -0.05282863 0.00345269 0.03782915
v -0.05161869 0.00322455 0.03665657
v -0.04687713 0.00362196 0.03721333
v -0.05161869 0.00342325 0.03801474
v -0.02469182 0.00130123 0.01586509
v -0.03067457 0.00272164 0.02468896
v -0.03599655 0.00360724 0.03136169
v -0.03773780 0.00364650 0.03272548
v -0.03873344 0.00356799 0.03296449
v -0.05721748 0.00625916 0.04114442
v -0.05461007 0.00434321 0.03964847
v -0.05461007 0.00483385 0.04085198
v -0.05461007 0.00525580 0.04159996
v -0.05610576 0.00630822 0.04218203
v -0.05686923 0.00656581 0.04190646
v -0.05972666 0.01780149 0.04023054
v -0.05894980 0.01929794 0.04109381
v -0.05708800 0.00733121 0.04211735
v -0.05730231 0.00882766 0.04233950
v -0.05805238 0.00882766 0.04154091
v -0.05826223 0.01480858 0.04180523
v -0.05887836 0.01331458 0.04099539
v -0.05892301 0.01480858 0.04105725
v -0.05896766 0.01630503 0.04110506
v -0.05898105 0.01780149 0.04112755
v -0.05462346 0.02502372 0.03973283
v -0.05311438 0.02533528 0.03964847
v -0.05161869 0.02574987 0.03815252
v -0.05011853 0.02576459 0.03665657
v -0.04114440 0.02569345 0.02917681
v -0.02618750 0.02513902 0.01586509
v -0.05830241 0.01929794 0.04184179
v -0.05755233 0.01929794 0.04249134
v -0.05728445 0.02079440 0.04225514
v -0.05536015 0.02154508 0.04339116
v -0.05461007 0.02185663 0.04359644
v -0.05315456 0.02238898 0.04383264
v -0.05268576 0.02313721 0.04348958
v -0.05311438 0.00406599 0.03964847
v -0.05161869 0.00362442 0.03876271
v -0.04727449 0.00380105 0.03800349
v -0.04862285 0.00370047 0.03824532
v -0.05011853 0.00364650 0.03853776
v -0.02452662 0.00135030 0.01586509
v -0.02908066 0.00320247 0.02479581
v -0.03062992 0.00327116 0.02624958
v -0.03656357 0.00383539 0.03220246
v -0.02951374 0.00344043 0.02579405
v -0.03010308 0.00367594 0.02678947
v -0.03678234 0.00470383 0.03361124
v -0.04639494 0.00509389 0.04038801
v -0.04698875 0.00458853 0.03979188
v -0.04862285 0.00413959 0.03964847
v -0.05311438 0.00472100 0.04101226
v -0.05452077 0.00609725 0.04271349
v -0.05311438 0.00516258 0.04176024
v -0.05311438 0.00579305 0.04264038
v -0.05396268 0.00654618 0.04341928
v -0.05496278 0.00689454 0.04326182
v -0.05602985 0.00736801 0.04289626
v -0.05640043 0.00882766 0.04308748
v -0.05756127 0.01630503 0.04251102
v -0.05830688 0.01630503 0.04185303
v -0.05650312 0.01032167 0.04308185
v -0.05833367 0.01780149 0.04187553
v -0.05413680 0.02465083 0.04052298
v -0.05311438 0.02474160 0.04068326
v -0.05161869 0.02362785 0.04264038
v -0.05161869 0.02468518 0.04065515
v -0.05161869 0.02521998 0.03964847
v -0.05011853 0.02546039 0.03815252
v -0.04563146 0.02542850 0.03516062
v -0.04712715 0.02567873 0.03516062
v -0.04114440 0.02561004 0.03066995
v -0.03964871 0.02560513 0.02917681
v -0.02618750 0.02511449 0.01720638
v -0.02484362 0.02498447 0.01586509
v -0.05758359 0.01780149 0.04253071
v -0.05668618 0.01780149 0.04327868
v -0.05663260 0.01929794 0.04323932
v -0.05633792 0.02079440 0.04300312
v -0.05559231 0.02079440 0.04353176
v -0.05461007 0.02079440 0.04400698
v -0.05311438 0.02079440 0.04445689
v -0.05161869 0.02229085 0.04396761
v -0.05161869 0.02313230 0.04348115
v -0.05161869 0.00392371 0.03964847
v -0.05011853 0.00396051 0.03964847
v -0.02319166 0.00175262 0.01586509
v -0.03518843 0.00456645 0.03217715
v -0.02802251 0.00340363 0.02436839
v -0.02851364 0.00363668 0.02536663
v -0.03409903 0.00486819 0.03168787
v -0.03570634 0.00491971 0.03307697
v -0.03736276 0.00505709 0.03444076
v -0.04563146 0.00615858 0.04071138
v -0.04758256 0.00635729 0.04205830
v -0.04862285 0.00608498 0.04232263
v -0.04862285 0.00533675 0.04162245
v -0.04739058 0.00493443 0.04061859
v -0.04862285 0.00477988 0.04087448
v -0.05011853 0.00465231 0.04108256
v -0.05161869 0.00463514 0.04110787
v -0.05161869 0.00510861 0.04185584
v -0.05311438 0.00646523 0.04349239
v -0.05452077 0.00736801 0.04361331
v -0.05311438 0.00733121 0.04394511
v -0.05548069 0.00789299 0.04345865
v -0.05565482 0.00882766 0.04358238
v -0.05575304 0.01032167 0.04367236
v -0.05665045 0.01630503 0.04325900
v -0.05081950 0.02306361 0.04341366
v -0.05078824 0.02457724 0.04048362
v -0.04712715 0.02526168 0.03665657
v -0.04411346 0.02494522 0.03520561
v -0.04114440 0.02525432 0.03216590
v -0.03964871 0.02536962 0.03066995
v -0.03516164 0.02536472 0.02618490
v -0.02908066 0.02489615 0.02179266
v -0.02616072 0.02481029 0.01873327
v -0.02345954 0.02470235 0.01586509
v -0.05593610 0.01780149 0.04371172
v -0.05588252 0.01929794 0.04369766
v -0.05461007 0.01929794 0.04425443
v -0.05311438 0.01929794 0.04458624
v -0.05161869 0.02079440 0.04446814
v -0.05011853 0.02079440 0.04411945
v -0.05024355 0.02223933 0.04363580
v -0.02305772 0.00180169 0.01586509
v -0.02177187 0.00228987 0.01586509
v -0.02020028 0.00293261 0.01586509
v -0.02004402 0.00299885 0.01586509
v -0.01943235 0.00357535 0.01648090
v -0.02795108 0.00463514 0.02590934
v -0.02845559 0.00512087 0.02690757
v -0.02945570 0.00467439 0.02736592
v -0.03310339 0.00529014 0.03125483
v -0.03470624 0.00537601 0.03268330
v -0.03154073 0.00522636 0.02981793
v -0.03423744 0.00637446 0.03305729
v -0.04481888 0.00650939 0.04044987
v -0.04658692 0.00696568 0.04176305
v -0.04866749 0.00732630 0.04303405
v -0.04972564 0.00682340 0.04329556
v -0.05072127 0.00653392 0.04342490
v -0.05018104 0.00599421 0.04273598
v -0.05011853 0.00513314 0.04183054
v -0.05161869 0.00572927 0.04264038
v -0.05161869 0.00645542 0.04349802
v -0.05461007 0.00882766 0.04407447
v -0.05161869 0.00733121 0.04394793
v -0.05311438 0.00882766 0.04442877
v -0.05461007 0.01032167 0.04422631
v -0.04460011 0.02468027 0.03611949
v -0.04627439 0.02458950 0.03747765
v -0.04919433 0.02170699 0.04349239
v -0.04360001 0.02136354 0.04026991
v -0.04182750 0.02158923 0.03894267
v -0.03569741 0.02169963 0.03456730
v -0.03665733 0.02194740 0.03489348
v -0.03663947 0.02272752 0.03363655
v -0.04571630 0.02483482 0.03663407
v -0.04294369 0.02473915 0.03473883
v -0.04114440 0.02475877 0.03331598
v -0.03974247 0.02481275 0.03212372
v -0.03817088 0.02488389 0.03067839
v -0.03366595 0.02470726 0.02729843
v -0.03505895 0.02495994 0.02779334
v -0.03366595 0.02505807 0.02618490
v -0.02805823 0.02470235 0.02135962
v -0.02518740 0.02465574 0.01825243
v -0.02262910 0.02443741 0.01586509
v -0.05461007 0.01780149 0.04427130
v -0.05311438 0.01032167 0.04455812
v -0.05161869 0.01929794 0.04459186
v -0.05011853 0.01929794 0.04431348
v -0.04862285 0.01929794 0.04379608
v -0.04785491 0.02007806 0.04339960
v -0.04866749 0.02066192 0.04359081
v -0.01918232 0.00341590 0.01586509
v -0.01836974 0.00419356 0.01586509
v -0.01799916 0.00517730 0.01641060
v -0.01909303 0.00433830 0.01684364
v -0.01945914 0.00509879 0.01794874
v -0.02695544 0.00511597 0.02541725
v -0.02812074 0.00611687 0.02723657
v -0.03268371 0.00628614 0.03163445
v -0.03367042 0.00583230 0.03215747
v -0.03323287 0.00733121 0.03264674
v -0.03397848 0.00733121 0.03324287
v -0.03594297 0.00663695 0.03439015
v -0.04464029 0.00733121 0.04058766
v -0.04574755 0.00740971 0.04136938
v -0.03569294 0.00763541 0.03456730
v -0.04632797 0.00796168 0.04192614
v -0.04710037 0.00740971 0.04221015
v -0.04919880 0.00782185 0.04347271
v -0.05018104 0.00732630 0.04362455
v -0.05161869 0.00882766 0.04439221
v -0.04310442 0.02036754 0.04058204
v -0.03588493 0.02007561 0.03592547
v -0.03665733 0.02117710 0.03564146
v -0.03529112 0.02064475 0.03504533
v -0.03469731 0.02121389 0.03415957
v -0.03416600 0.02174379 0.03316414
v -0.03518396 0.02202100 0.03366185
v -0.03228188 0.02333592 0.02910932
v -0.03612603 0.02297775 0.03277047
v -0.04030056 0.02458705 0.03298980
v -0.03229527 0.02411604 0.02756276
v -0.03366595 0.02440797 0.02804641
v -0.03287569 0.02454780 0.02698631
v -0.02951374 0.02471952 0.02286400
v -0.02187010 0.02417246 0.01586509
v -0.05161869 0.01032167 0.04451313
v -0.05161869 0.01331458 0.04455531
v -0.05161869 0.01480858 0.04457218
v -0.05011853 0.01780149 0.04434722
v -0.04862285 0.01780149 0.04386357
v -0.04770757 0.01780149 0.04347552
v -0.04779240 0.01929794 0.04343334
v -0.04484121 0.01871899 0.04191490
v -0.04426079 0.01924888 0.04153810
v -0.04283654 0.01929794 0.04073388
v -0.04497515 0.01971499 0.04184741
v -0.01829384 0.00428433 0.01586509
v -0.01735624 0.00566303 0.01586509
v -0.01728034 0.00585438 0.01586509
v -0.01779378 0.00617575 0.01664118
v -0.01862423 0.00563850 0.01729636
v -0.01924929 0.00609725 0.01816244
v -0.02794661 0.00733121 0.02744184
v -0.02868330 0.00733121 0.02818982
v -0.03147823 0.00839590 0.03135606
v -0.03166575 0.00733121 0.03118735
v -0.03241136 0.00733121 0.03189877
v -0.03301410 0.00838118 0.03284077
v -0.03470177 0.00882766 0.03420737
v -0.03518396 0.00721346 0.03406396
v -0.03545185 0.00882766 0.03472758
v -0.04619849 0.00882766 0.04201613
v -0.04712715 0.00882766 0.04257570
v -0.04823888 0.00882766 0.04320276
v -0.03451872 0.00995123 0.03434234
v -0.05011853 0.00882766 0.04402947
v -0.04898449 0.00882766 0.04357113
v -0.05011853 0.01032167 0.04417007
v -0.04209092 0.01929794 0.04025585
v -0.04038985 0.02005353 0.03890612
v -0.03572420 0.01929794 0.03604075
v -0.03497412 0.01929794 0.03546149
v -0.03407224 0.01929794 0.03471352
v -0.03429102 0.02021544 0.03452231
v -0.02567852 0.01956779 0.02669387
v -0.02667863 0.02023016 0.02715502
v -0.02523205 0.02022035 0.02569563
v -0.02078963 0.02167510 0.01964434
v -0.03130857 0.02313966 0.02856381
v -0.02166472 0.02407433 0.01586509
v -0.05011853 0.01181812 0.04422912
v -0.05011853 0.01331458 0.04428255
v -0.05011853 0.01480858 0.04432473
v -0.04862285 0.01630503 0.04387482
v -0.04767632 0.01630503 0.04348677
v -0.04693071 0.01630503 0.04309872
v -0.04695749 0.01780149 0.04307904
v -0.04408220 0.01780149 0.04152123
v -0.04276956 0.01780149 0.04077325
v -0.04201949 0.01780149 0.04031209
v -0.03665733 0.01780149 0.03689277
v -0.01693209 0.00714231 0.01586509
v -0.01764645 0.00733121 0.01682396
v -0.01831170 0.00733121 0.01757194
v -0.01688298 0.00733121 0.01586509
v -0.01690084 0.00733121 0.01588758
v -0.03139340 0.00939435 0.03145729
v -0.03286230 0.00937718 0.03296168
v -0.03357666 0.00885710 0.03337785
v -0.04605562 0.01032167 0.04212579
v -0.04712715 0.01032167 0.04278378
v -0.03498305 0.01480858 0.03553742
v -0.03554114 0.01630503 0.03615042
v -0.04805136 0.01032167 0.04329837
v -0.03438478 0.01094969 0.03443233
v -0.04880143 0.01032167 0.04365830
v -0.04852015 0.01188926 0.04365267
v -0.04862285 0.01331458 0.04378483
v -0.04862285 0.01480858 0.04384951
v -0.03552775 0.01780149 0.03616729
v -0.03478214 0.01780149 0.03564146
v -0.03384901 0.01780149 0.03489348
v -0.03310339 0.01780149 0.03421862
v -0.02542850 0.01856934 0.02694132
v -0.02501328 0.01916056 0.02619053
v -0.02416051 0.01929794 0.02520354
v -0.02231211 0.02020317 0.02261093
v -0.02127182 0.02116238 0.02064257
v -0.02033422 0.02061041 0.02005207
v -0.01944127 0.02006089 0.01946437
v -0.01738749 0.02042396 0.01586509
v -0.01747679 0.02053926 0.01586509
v -0.01952611 0.02146903 0.01781376
v -0.02051728 0.02334328 0.01586509
v -0.02060211 0.02341442 0.01586509
v -0.04770311 0.01480858 0.04347271
v -0.04695749 0.01480858 0.04308748
v -0.04703339 0.01331458 0.04304811
v -0.04580559 0.01331458 0.04230013
v -0.01753929 0.00882766 0.01696737
v -0.01818222 0.00882766 0.01771534
v -0.01667760 0.00882766 0.01586509
v -0.01678922 0.00882766 0.01602256
v -0.02542850 0.01851046 0.02694132
v -0.03278193 0.01032167 0.03303760
v -0.03318822 0.01480858 0.03417081
v -0.03393830 0.01480858 0.03478663
v -0.04592614 0.01181812 0.04221577
v -0.04726110 0.01188926 0.04302561
v -0.03479107 0.01630503 0.03564708
v -0.04785044 0.01243388 0.04340241
v -0.04778347 0.01331458 0.04343334
v -0.03381329 0.01630503 0.03489911
v -0.03306768 0.01630503 0.03426361
v -0.02403103 0.01780149 0.02532726
v -0.01937877 0.01929794 0.01954310
v -0.02274072 0.01929794 0.02360354
v -0.02348633 0.01929794 0.02445556
v -0.02087892 0.02016392 0.02103062
v -0.01631149 0.01780149 0.01586509
v -0.01644990 0.01838535 0.01586509
v -0.01666867 0.01929794 0.01586509
v -0.01674457 0.01944759 0.01586509
v -0.01746786 0.01032167 0.01704329
v -0.01797238 0.01282393 0.01794030
v -0.01655259 0.01032167 0.01586509
v -0.01672225 0.01032167 0.01610129
v -0.01794559 0.01381994 0.01796842
v -0.01794559 0.01428850 0.01796842
v -0.01796791 0.01780149 0.01794311
v -0.01628917 0.01706062 0.01586509
v -0.01667760 0.01181812 0.01614909
v -0.01749911 0.01331703 0.01734698
v -0.01636060 0.01401129 0.01586509
v -0.01629363 0.01556662 0.01586509
v -0.01628470 0.01630503 0.01586509
v 0.01870419 0.02432293 0.01586509
v 0.01854784 0.02431356 0.01586509
v 0.02004401 0.02429015 0.01586509
v 0.02020036 0.02431824 0.01122028
v 0.01720802 0.02418246 0.01586509
v 0.02169653 0.02423162 0.00374113
v 0.02020036 0.02428078 0.01586509
v 0.02169653 0.02425972 0.01271706
v 0.02319029 0.02425269 0.00374113
v 0.01720802 0.02417310 0.01570904
v 0.01705167 0.02414266 0.01586509
v 0.02169653 0.02410989 0.00224434
v 0.02319029 0.02420587 0.00224434
v 0.02154018 0.02416373 0.01586509
v 0.02169653 0.02422694 0.01421385
v 0.02468646 0.02420119 0.00374113
v 0.02468646 0.02416607 0.00224434
v 0.02020036 0.02386876 0.00374113
v 0.01561804 0.02356910 0.01586509
v 0.02319029 0.02398581 0.00074915
v 0.02169653 0.02376575 0.00074915
v 0.02043849 0.02332095 0.00074915
v 0.02007047 0.02350355 0.00213765
v 0.02468646 0.02401624 0.00074915
v 0.02169653 0.02413798 0.01586509
v 0.02169653 0.02415437 0.01570904
v 0.02319029 0.02404434 0.01421385
v 0.02618263 0.02403029 0.00374113
v 0.02618263 0.02401390 0.00224434
v 0.02618263 0.02392026 0.00074915
v 0.01546409 0.02348716 0.01586509
v 0.02434008 0.02379618 -0.00040051
v 0.02319029 0.02371425 -0.00040051
v 0.02166526 0.02342161 -0.00040051
v 0.02073436 0.02314771 -0.00032567
v 0.02284391 0.02366274 -0.00040051
v 0.01948354 0.02301193 0.00156760
v 0.01931757 0.02316644 0.00256599
v 0.02468646 0.02380321 -0.00040051
v 0.02618263 0.02377746 -0.00040051
v 0.02583625 0.02379852 -0.00040051
v 0.02303394 0.02390387 0.01586509
v 0.02319029 0.02389217 0.01570904
v 0.02468646 0.02375873 0.01421385
v 0.02618263 0.02393665 0.00523791
v 0.02767880 0.02362763 0.00374113
v 0.02767880 0.02367679 0.00224434
v 0.02767880 0.02368147 0.00074915
v 0.02733242 0.02366040 -0.00040051
v 0.01521152 0.02334670 0.01586509
v 0.02088590 0.02317346 -0.00040051
v 0.02076563 0.02313366 -0.00040051
v 0.02065258 0.02306109 -0.00040051
v 0.02008730 0.02267949 -0.00040051
v 0.01969041 0.02286210 0.00074915
v 0.01742210 0.02043441 -0.00040051
v 0.01635650 0.02011368 0.00129054
v 0.01355419 0.01989596 0.00778722
v 0.01184393 0.02016284 0.01313107
v 0.01486033 0.02312664 0.01586509
v 0.02319029 0.02386173 0.01586509
v 0.02477306 0.02340991 0.01586509
v 0.02582182 0.02319219 0.01541446
v 0.02626682 0.02328349 0.01419792
v 0.02843892 0.02304470 0.00752290
v 0.02872997 0.02319687 0.00374113
v 0.02885505 0.02324603 0.00224434
v 0.02899697 0.02327647 0.00074915
v 0.02767880 0.02351057 0.00523791
v 0.02902343 0.02325071 -0.00040051
v 0.02871794 0.02334436 -0.00040051
v 0.02767880 0.02360422 -0.00040051
v 0.01912754 0.02188353 -0.00040051
v 0.01670288 0.01976252 -0.00040051
v 0.01541117 0.01959630 0.00224434
v 0.01491806 0.01862944 0.00141155
v 0.01169961 0.01933176 0.01266611
v 0.01068933 0.01916086 0.01586509
v 0.01077833 0.01935517 0.01586509
v 0.01151199 0.02036183 0.01586509
v 0.02562939 0.02311493 0.01586509
v 0.02626682 0.02286444 0.01583165
v 0.02682007 0.02298851 0.01468518
v 0.02699567 0.02307513 0.01368838
v 0.02974506 0.02295106 0.00074915
v 0.02756815 0.02259990 0.01419792
v 0.02903305 0.02251328 0.00810250
v 0.02923992 0.02258351 0.00673310
v 0.03168142 0.02174541 0.00074915
v 0.03179688 0.02182500 -0.00040051
v 0.03156115 0.02197717 -0.00040051
v 0.03067114 0.02240793 0.00074915
v 0.02977152 0.02297915 -0.00040051
v 0.01654653 0.01959630 -0.00040051
v 0.01484349 0.01780070 0.00124277
v 0.01452116 0.01780070 0.00224434
v 0.01049209 0.01837660 0.01586509
v 0.01610634 0.01901103 -0.00040051
v 0.01563968 0.01780070 -0.00040051
v 0.02623796 0.02286444 0.01586509
v 0.02626442 0.02285039 0.01586509
v 0.02772451 0.02202165 0.01586509
v 0.02776780 0.02204506 0.01573929
v 0.02853513 0.02165644 0.01526160
v 0.03045706 0.02263969 -0.00040051
v 0.02866262 0.02178052 0.01421385
v 0.03024779 0.02183437 0.00673310
v 0.03242951 0.02111332 0.00074915
v 0.03254496 0.02122101 -0.00040051
v 0.03067114 0.02251328 -0.00040051
v 0.01544003 0.01630476 -0.00040051
v 0.01510328 0.01630476 0.00030330
v 0.01477373 0.01630476 0.00105169
v 0.01437924 0.01630476 0.00224434
v 0.01042233 0.01780070 0.01586509
v 0.02790251 0.02189992 0.01586509
v 0.02841005 0.02153003 0.01586509
v 0.02878770 0.02102201 0.01586509
v 0.02893203 0.02088623 0.01573929
v 0.02948287 0.02070831 0.01424410
v 0.03320646 0.02036417 0.00074915
v 0.03333635 0.02047186 -0.00040051
v 0.03315594 0.02064510 -0.00040051
v 0.01536787 0.01480881 -0.00040051
v 0.01506238 0.01480881 0.00024438
v 0.01477133 0.01480881 0.00099277
v 0.01440089 0.01480881 0.00224434
v 0.01046563 0.01630476 0.01586509
v 0.02891038 0.02084643 0.01586509
v 0.02987495 0.01985616 0.01476320
v 0.02999281 0.02015348 0.01376481
v 0.03012993 0.02034779 0.01271706
v 0.03408924 0.01950734 -0.00040051
v 0.01553625 0.00583315 -0.00040051
v 0.01079036 0.00597595 0.01586509
v 0.02967290 0.01932942 0.01586509
v 0.02972581 0.01933410 0.01571222
v 0.03446930 0.01866924 0.00017750
v 0.03452944 0.01878161 -0.00040051
v 0.01575996 0.00433720 -0.00040051
v 0.01195939 0.00206870 0.01341609
v 0.01099482 0.00455024 0.01586509
v 0.02969935 0.01917725 0.01586509
v 0.02999041 0.01885887 0.01521383
v 0.03457273 0.01780070 0.00044820
v 0.03478441 0.01780070 -0.00040051
v 0.01611355 0.00280848 -0.00040051
v 0.01339062 0.00198677 0.00875536
v 0.01185837 0.00187908 0.01421385
v 0.01159136 0.00169647 0.01586509
v 0.01130031 0.00284126 0.01586509
v 0.02985330 0.01803013 0.01586509
v 0.03464730 0.01630476 0.00066157
v 0.03496241 0.01630476 -0.00040051
v 0.01633966 0.00192824 -0.00040051
v 0.01322464 0.00183226 0.00972508
v 0.01634688 0.00186971 -0.00037344
v 0.01617850 0.00164029 0.00074915
v 0.01167315 0.00156537 0.01570904
v 0.01165631 0.00153026 0.01586509
v 0.02986292 0.01780070 0.01586509
v 0.03499609 0.01480881 -0.00040051
v 0.01639258 0.00184162 -0.00040051
v 0.01174772 0.00143427 0.01586509
v 0.01711421 0.00128913 -0.00040051
v 0.01720802 0.00097542 0.00074915
v 0.01260405 0.00075302 0.01586509
v 0.02973303 0.01623687 0.01586509
v 0.03141442 0.00671339 0.01045277
v 0.03143126 0.00771068 0.01049736
v 0.03498165 0.01442956 -0.00040051
v 0.01870419 0.00076707 -0.00040051
v 0.01297207 0.00066172 0.01586509
v 0.02859767 0.00583315 0.01586509
v 0.02992787 0.00655420 0.01347182
v 0.03021411 0.00596659 0.01278235
v 0.03116426 0.00725886 0.01108652
v 0.03092131 0.00583315 0.01122028
v 0.03131339 0.00574653 0.00986202
v 0.03289375 0.00134531 -0.00040051
v 0.03432257 0.00882738 -0.00039255
v 0.03453906 0.01001664 -0.00040051
v 0.03459438 0.01037248 -0.00040051
v 0.03474592 0.01140489 -0.00040051
v 0.03479644 0.01181926 -0.00040051
v 0.03489746 0.01286572 -0.00040051
v 0.03493595 0.01331287 -0.00040051
v 0.01415073 0.00052828 0.01586509
v 0.01363116 0.00054935 0.01586509
v 0.01358786 0.00060787 0.01507052
v 0.03203261 0.00040654 -0.00040051
v 0.02829459 0.00433720 0.01586509
v 0.02985571 0.00555690 0.01332374
v 0.03009144 0.00462281 0.01232694
v 0.02990863 0.00362552 0.01192568
v 0.03031755 0.00420844 0.01134448
v 0.03433219 0.00887654 -0.00040051
v 0.02724102 0.00174563 0.01570904
v 0.02445073 0.00058212 0.01586509
v 0.02606477 0.00094967 0.01563579
v 0.02548747 0.00058212 0.01508803
v 0.02782794 0.00295597 0.01586509
v 0.02910281 0.00433720 0.01421385
v 0.02974506 0.00420844 0.01278235
v 0.02771488 0.00271484 0.01586509
v 0.02720734 0.00178075 0.01586509
v 0.02609123 0.00103863 0.01586509
v 0.02482357 0.00061958 0.01586509
v 0.02554520 0.00079750 0.01586509
v 0.02985971 0.01780152 0.01587092
v 0.02979940 0.01703199 0.01587092
v 0.02985167 0.01802990 0.01587092
v 0.02981548 0.01780152 0.01604604
v 0.02706520 0.01331339 0.02596343
v 0.02700891 0.01181901 0.02574746
v 0.02973104 0.01623514 0.01587092
v 0.02969888 0.01917675 0.01587092
v 0.02948175 0.01780152 0.01720764
v 0.02706922 0.01630465 0.02588171
v 0.02688828 0.01481026 0.02678648
v 0.02710139 0.01481026 0.02603932
v 0.02687220 0.01331339 0.02671059
v 0.02681993 0.01181901 0.02650046
v 0.02696066 0.01077641 0.02555483
v 0.02725820 0.01181901 0.02469092
v 0.02859716 0.00583401 0.01587092
v 0.02709737 0.01029731 0.02479016
v 0.02967073 0.01933066 0.01587092
v 0.02698880 0.01735718 0.02563655
v 0.02683601 0.01630465 0.02662887
v 0.02660280 0.01481026 0.02768541
v 0.02612431 0.01331339 0.02917973
v 0.02659476 0.01331339 0.02768541
v 0.02650228 0.01181901 0.02768541
v 0.02676765 0.01029731 0.02610936
v 0.02634948 0.01032214 0.02768541
v 0.02690839 0.00978098 0.02535636
v 0.02829157 0.00433714 0.01587092
v 0.02702097 0.00882775 0.02432318
v 0.02684003 0.00882775 0.02507034
v 0.02695262 0.00796140 0.02403132
v 0.02671136 0.00741031 0.02459753
v 0.02891078 0.02084491 0.01587092
v 0.02685612 0.01986189 0.02371028
v 0.02671136 0.01933811 0.02476097
v 0.02704510 0.01886646 0.02431151
v 0.02688828 0.01835261 0.02530967
v 0.02671538 0.01783379 0.02615606
v 0.02599163 0.01630465 0.02917973
v 0.02649424 0.01630465 0.02768541
v 0.02612029 0.01481026 0.02917973
v 0.02605194 0.01181901 0.02917973
v 0.02565387 0.01331339 0.03056898
v 0.02562170 0.01181901 0.03048142
v 0.02590316 0.01032214 0.02917973
v 0.02616050 0.00882775 0.02768541
v 0.02567397 0.00876072 0.02929063
v 0.02655857 0.00882775 0.02618525
v 0.02782917 0.00295694 0.01587092
v 0.02628917 0.00733088 0.02618525
v 0.02630123 0.00583401 0.02469092
v 0.02579862 0.00569996 0.02631950
v 0.02878614 0.02102116 0.01587092
v 0.02553324 0.02163182 0.02420644
v 0.02589915 0.02087221 0.02469676
v 0.02701293 0.02018708 0.02271212
v 0.02244119 0.02004807 0.03591585
v 0.02249346 0.01866539 0.03753276
v 0.02566996 0.01778663 0.02920891
v 0.02619669 0.01780152 0.02768541
v 0.02384045 0.01818381 0.03413551
v 0.02548901 0.01727526 0.03007866
v 0.02396912 0.01718589 0.03450325
v 0.02558552 0.01630465 0.03034717
v 0.02565387 0.01481026 0.03055147
v 0.02530808 0.01032214 0.03103596
v 0.02555335 0.01032214 0.03028879
v 0.02539653 0.01331339 0.03131614
v 0.02536839 0.01181901 0.03122858
v 0.02548901 0.00921252 0.03009617
v 0.02541262 0.00821709 0.02986268
v 0.02586296 0.00733088 0.02768541
v 0.02771256 0.00271367 0.01587092
v 0.02542468 0.00511164 0.02690906
v 0.02555335 0.00622374 0.02768541
v 0.02840817 0.02153004 0.01587092
v 0.01971905 0.02180062 0.03965166
v 0.01953007 0.02163182 0.04059145
v 0.02088913 0.02147791 0.03724090
v 0.02073633 0.02125698 0.03815734
v 0.02532818 0.02142578 0.02519876
v 0.02790154 0.02189992 0.01587092
v 0.02772462 0.02202155 0.01587092
v 0.02477330 0.02201162 0.02469676
v 0.01501864 0.02308152 0.04804555
v 0.02126307 0.02050979 0.03815734
v 0.01637367 0.02142330 0.04915461
v 0.02105398 0.02022928 0.03916717
v 0.02225623 0.01966330 0.03691401
v 0.02096954 0.01717100 0.04195735
v 0.02227231 0.01780152 0.03850173
v 0.02258192 0.01780152 0.03775457
v 0.01788553 0.01984699 0.04767780
v 0.01804636 0.01884908 0.04809224
v 0.02324938 0.01630465 0.03665718
v 0.02374395 0.01630465 0.03540218
v 0.02402541 0.01630465 0.03465502
v 0.02438729 0.01630465 0.03366853
v 0.02493011 0.01630465 0.03217421
v 0.02538849 0.01481026 0.03129863
v 0.02489794 0.01032214 0.03217421
v 0.02471299 0.00882775 0.03217421
v 0.02507888 0.01331339 0.03217421
v 0.02502259 0.01181901 0.03217421
v 0.02524374 0.00876072 0.03062735
v 0.02441544 0.00733088 0.03217421
v 0.02493815 0.00733088 0.03067405
v 0.02530808 0.00733088 0.02950661
v 0.02554128 0.00733088 0.02875945
v 0.02543272 0.00658120 0.02843257
v 0.02720593 0.00178030 0.01587092
v 0.02473309 0.00433714 0.02768541
v 0.02517539 0.00431976 0.02631950
v 0.02503466 0.00598295 0.02902796
v 0.02435915 0.00569996 0.03080831
v 0.02392489 0.00511164 0.03139203
v 0.02409377 0.00480631 0.03039387
v 0.01482564 0.02294003 0.04904371
v 0.01569817 0.02229461 0.04860008
v 0.01655461 0.02165168 0.04815645
v 0.02626504 0.02285066 0.01587092
v 0.02346651 0.02280846 0.02469092
v 0.02468484 0.02237405 0.02319660
v 0.01427880 0.02339182 0.04857673
v 0.01383650 0.02327515 0.05011775
v 0.01540866 0.02198680 0.05011775
v 0.01513926 0.02173608 0.05120347
v 0.01486584 0.02139351 0.05220163
v 0.01619676 0.02087221 0.05023449
v 0.01667122 0.02042539 0.04980838
v 0.01690443 0.02087221 0.04864094
v 0.02269852 0.01630465 0.03799973
v 0.01815493 0.01780152 0.04834324
v 0.01783326 0.01780152 0.04909624
v 0.01822730 0.01630465 0.04851252
v 0.01642595 0.01995870 0.05080654
v 0.01766840 0.01932818 0.04860592
v 0.01689639 0.01939520 0.05023449
v 0.01659885 0.01896327 0.05112759
v 0.02332980 0.01481026 0.03665718
v 0.02378818 0.01481026 0.03551892
v 0.02407366 0.01481026 0.03477176
v 0.02506280 0.01481026 0.03217421
v 0.02444359 0.01181901 0.03366853
v 0.02398923 0.01064733 0.03453244
v 0.02423852 0.01021788 0.03380279
v 0.02418223 0.00882775 0.03349925
v 0.02403748 0.00733088 0.03314902
v 0.02450390 0.01331339 0.03366853
v 0.02394500 0.00656631 0.03293304
v 0.02408573 0.00621629 0.03217421
v 0.02257790 0.00198385 0.02879447
v 0.01965874 0.00193172 0.03636532
v 0.02609215 0.00103807 0.01587092
v 0.02425058 0.00431976 0.02910385
v 0.02398118 0.00353285 0.02855515
v 0.02263017 0.00335908 0.03189403
v 0.02285534 0.00308354 0.03067405
v 0.02236881 0.00215017 0.02979263
v 0.02366353 0.00431976 0.03080831
v 0.02380426 0.00380839 0.02955331
v 0.02377612 0.00546662 0.03217421
v 0.02252965 0.00493787 0.03462000
v 0.02272667 0.00461268 0.03366853
v 0.02302421 0.00419813 0.03230263
v 0.01359927 0.02313117 0.05110423
v 0.01458840 0.02273647 0.05011775
v 0.02621679 0.02287300 0.01587092
v 0.02271863 0.02316096 0.02469092
v 0.01421044 0.02368722 0.04712910
v 0.01271467 0.02410178 0.04862343
v 0.00523985 0.02399752 0.06508432
v 0.00645416 0.02337693 0.06508432
v 0.00618074 0.02319323 0.06620506
v 0.00590732 0.02296237 0.06719739
v 0.00673562 0.02230454 0.06657864
v 0.00755186 0.02164920 0.06595990
v 0.01546094 0.02085484 0.05167044
v 0.01735477 0.01780152 0.05011775
v 0.01790161 0.01630465 0.04925968
v 0.01790563 0.01481026 0.04925968
v 0.01822730 0.01481026 0.04851252
v 0.00602393 0.02159955 0.06889017
v 0.00620487 0.02079278 0.06923457
v 0.00597568 0.02001083 0.07029694
v 0.01672751 0.01780152 0.05136108
v 0.00612043 0.01901292 0.07053626
v 0.02376808 0.01331339 0.03550141
v 0.02407366 0.01331339 0.03475425
v 0.02403748 0.01181901 0.03465502
v 0.02392891 0.00964941 0.03439235
v 0.01809461 0.01032214 0.04820315
v 0.01803028 0.00907847 0.04805139
v 0.02386458 0.00882775 0.03424641
v 0.01795388 0.00808304 0.04787627
v 0.02372385 0.00733088 0.03389618
v 0.02345043 0.00597550 0.03352844
v 0.01784934 0.00733088 0.04763694
v 0.01802626 0.00641488 0.04656290
v 0.01849268 0.00170583 0.03815734
v 0.02064385 0.00247039 0.03516285
v 0.01942552 0.00212038 0.03736348
v 0.01493822 0.00212038 0.04782957
v 0.01512318 0.00190193 0.04683141
v 0.01534433 0.00172320 0.04563478
v 0.02554531 0.00079728 0.01587092
v 0.02242912 0.00360732 0.03289219
v 0.02196672 0.00439920 0.03513951
v 0.02226829 0.00386549 0.03366853
v 0.02230850 0.00540952 0.03561816
v 0.01778501 0.00541697 0.04597918
v 0.01504678 0.00343107 0.04955738
v 0.02562975 0.02311379 0.01587092
v 0.02294380 0.02327018 0.02319660
v 0.01260209 0.02434257 0.04710576
v 0.01181400 0.02451385 0.04759024
v 0.00553338 0.02442697 0.06208984
v 0.00264639 0.02442449 0.06807296
v 0.00374409 0.02397021 0.06807296
v 0.00534038 0.02352339 0.06665453
v 0.00491416 0.02333224 0.06807296
v 0.00464074 0.02316096 0.06909448
v 0.00433113 0.02288542 0.07009263
v 0.00519160 0.02224248 0.06949140
v 0.00624105 0.02189992 0.06807296
v 0.01749550 0.01630465 0.05011775
v 0.01750756 0.01481026 0.05011775
v 0.01745127 0.01331339 0.05011775
v 0.01787346 0.01331339 0.04918964
v 0.00474529 0.02188999 0.07067636
v 0.00579474 0.02079278 0.06998173
v 0.00503479 0.02083001 0.07113166
v 0.00465281 0.02035340 0.07200140
v 0.00566205 0.01942747 0.07104410
v 0.01679587 0.01630465 0.05148949
v 0.00621291 0.01780152 0.07069970
v 0.00574246 0.01780152 0.07144687
v 0.01814688 0.01181901 0.04833157
v 0.01782119 0.01181901 0.04907873
v 0.01776490 0.01032214 0.04895031
v 0.01722208 0.01032214 0.05011775
v 0.01772871 0.00867881 0.04857673
v 0.01702104 0.00882775 0.05011775
v 0.01646616 0.00804332 0.05088826
v 0.01738292 0.00733088 0.04862343
v 0.01656266 0.00636524 0.04958073
v 0.01679185 0.00585387 0.04859424
v 0.01752365 0.00588366 0.04708825
v 0.01570621 0.00129127 0.04264614
v 0.02119873 0.00321759 0.03516285
v 0.01205927 0.00202109 0.05402867
v 0.01434715 0.00159412 0.04725169
v 0.01421044 0.00119198 0.04563478
v 0.02504270 0.00065082 0.01608690
v 0.02482155 0.00061855 0.01587092
v 0.02100171 0.00349561 0.03602676
v 0.01213969 0.00332681 0.05566308
v 0.01235279 0.00283282 0.05455986
v 0.02477330 0.02340920 0.01587092
v 0.02169330 0.02373191 0.02319660
v 0.02169330 0.02357303 0.02469092
v 0.01202710 0.02455109 0.04659208
v 0.02019753 0.02404965 0.02469092
v 0.00523985 0.02505501 0.05610671
v 0.00074853 0.02506742 0.06657864
v 0.00189448 0.02464790 0.06807296
v 0.00164519 0.02457839 0.06897773
v 0.00218398 0.02423831 0.06951475
v 0.00379636 0.02347870 0.06958480
v 0.00333396 0.02326522 0.07068803
v 0.00279114 0.02293010 0.07168619
v 0.00385265 0.02241128 0.07118419
v 0.01680793 0.01481026 0.05150700
v 0.01678381 0.01331339 0.05147198
v 0.01734673 0.01181901 0.05011775
v 0.01673153 0.01181901 0.05139026
v 0.00437134 0.02135131 0.07167451
v 0.00374811 0.02079278 0.07257345
v 0.00312889 0.02023424 0.07340233
v 0.00410999 0.01929839 0.07297037
v 0.00483777 0.01929839 0.07222322
v 0.01639780 0.01481026 0.05226000
v 0.00622899 0.01630465 0.07074640
v 0.00578669 0.01630465 0.07149356
v 0.00499458 0.01780152 0.07241584
v 0.00503881 0.01630465 0.07248005
v 0.01666318 0.01032214 0.05126184
v 0.01655059 0.00882775 0.05103419
v 0.01519958 0.00733088 0.05277951
v 0.01595952 0.00745748 0.05147782
v 0.01630532 0.00704541 0.05057889
v 0.01668730 0.00745748 0.05009440
v 0.01614448 0.00882775 0.05178719
v 0.00898732 0.00805325 0.06434883
v 0.01231661 0.00437189 0.05613590
v 0.00523985 0.00006746 0.05011775
v 0.00774084 0.00329206 0.06172793
v 0.00745938 0.00210052 0.05981334
v 0.01421044 0.00104800 0.04414046
v 0.02103388 0.00058131 0.02413639
v 0.00523985 -0.00002935 0.04862343
v 0.02445163 0.00058379 0.01587092
v 0.00908784 0.00638013 0.06302379
v 0.00879029 0.00538222 0.06258016
v 0.00913609 0.00489071 0.06158200
v 0.00779311 0.00469460 0.06325728
v 0.00826758 0.00429494 0.06215405
v 0.00738700 0.00369669 0.06272610
v 0.02318907 0.02386099 0.01587092
v 0.01121891 0.02475216 0.04563478
v 0.02019753 0.02413653 0.02319660
v 0.01795388 0.02453371 0.02394376
v 0.02303226 0.02390567 0.01587092
v 0.00972314 0.02496068 0.04563478
v 0.00523985 0.02510714 0.05460656
v -0.00074724 0.02523870 0.06657864
v 0.00074853 0.02515182 0.06508432
v -0.00074724 0.02509473 0.06807296
v 0.00074853 0.02490855 0.06807296
v 0.00062388 0.02465038 0.06951475
v 0.00103803 0.02442945 0.06997589
v 0.00227244 0.02348367 0.07113749
v 0.00179396 0.02316096 0.07194886
v 0.00220811 0.02227227 0.07254426
v 0.00262226 0.02123216 0.07313965
v 0.00337416 0.02193467 0.07214149
v 0.01637367 0.01331339 0.05221914
v 0.01633347 0.01181901 0.05214326
v 0.00217192 0.02075802 0.07358912
v 0.00210357 0.01915938 0.07431877
v 0.00336210 0.01929839 0.07357744
v 0.00433918 0.01780152 0.07316300
v 0.00618476 0.01481026 0.07067052
v 0.00499056 0.01481026 0.07243919
v 0.00574246 0.01481026 0.07141768
v 0.00440753 0.01630465 0.07322721
v 0.00437134 0.01481026 0.07319219
v 0.01626109 0.01032214 0.05200900
v 0.01348668 0.00652411 0.05538874
v 0.01503472 0.00641240 0.05249933
v 0.00862142 0.00882775 0.06520107
v 0.00787353 0.00882775 0.06640936
v 0.00770465 0.00770820 0.06615253
v 0.00877019 0.00705782 0.06402195
v 0.01203514 0.00489567 0.05697062
v 0.00687233 0.00189449 0.05922961
v 0.00523985 0.00160901 0.05909536
v 0.00374409 0.00168845 0.06059552
v 0.00374409 0.00018165 0.05161791
v 0.00374409 0.00002030 0.05011775
v 0.00600382 0.00357753 0.06435467
v 0.00445980 0.00360236 0.06580813
v 0.00387275 0.00315057 0.06521857
v 0.00224832 0.00261189 0.06508432
v 0.00308466 0.00207073 0.06291872
v 0.00646220 0.00200123 0.06016940
v 0.00374409 -0.00001942 0.04862343
v 0.00523985 -0.00006659 0.04712910
v 0.01271467 0.00039513 0.02020212
v 0.01421044 0.00047705 0.01720764
v 0.01414611 0.00052918 0.01587092
v 0.00673562 -0.00001694 0.04414046
v 0.00777301 0.00616416 0.06471657
v 0.00742319 0.00516873 0.06425544
v 0.00604403 0.00501979 0.06590737
v 0.02169330 0.02413901 0.01587092
v 0.02153649 0.02416384 0.01587092
v 0.01795388 0.02453371 0.02393793
v 0.00823139 0.02508976 0.04563478
v -0.00074724 0.02528090 0.06508432
v -0.00224301 0.02529332 0.06508432
v -0.00224301 0.02524119 0.06657864
v -0.00224301 0.02508480 0.06807296
v -0.00074724 0.02478691 0.06957313
v 0.00004085 0.02454364 0.07033780
v 0.00062388 0.02407199 0.07092736
v 0.00074853 0.02328756 0.07207145
v 0.00074853 0.02247334 0.07281860
v 0.00162508 0.02161196 0.07336147
v 0.00074853 0.01964592 0.07465732
v 0.00151250 0.01856857 0.07481492
v 0.00240915 0.01780152 0.07451723
v 0.00359129 0.01780152 0.07377007
v 0.00365965 0.01630465 0.07384595
v 0.00610032 0.01331339 0.07051875
v 0.00487395 0.01331339 0.07229326
v 0.00562184 0.01331339 0.07126591
v 0.00421051 0.01331339 0.07304042
v 0.00361944 0.01481026 0.07381093
v 0.00346262 0.01331339 0.07367667
v 0.00602795 0.01235520 0.07039033
v 0.00735082 0.00882775 0.06715653
v 0.00592340 0.01135977 0.07022105
v 0.00578267 0.01032214 0.07003426
v 0.00613249 0.00915294 0.06903610
v 0.00595557 0.00815751 0.06878510
v 0.00629333 0.00733088 0.06772273
v 0.00604001 0.00650673 0.06739585
v 0.00739505 0.00671029 0.06571474
v 0.00525192 0.00189945 0.06063638
v 0.00224832 0.00204094 0.06310551
v 0.00224832 0.00185477 0.06208984
v 0.00224832 0.00159412 0.06059552
v 0.00074853 0.00126396 0.05909536
v 0.00074853 0.00102069 0.05760104
v 0.00135970 0.00055400 0.05418044
v 0.00224832 0.00040010 0.05311223
v 0.00224832 0.00030329 0.05161791
v 0.00463270 0.00495277 0.06748341
v 0.00316508 0.00495525 0.06896606
v 0.00256597 0.00367186 0.06715653
v 0.00346262 0.00343107 0.06615837
v 0.00213975 0.00329454 0.06662534
v 0.00074853 0.00308851 0.06657864
v 0.00074853 0.00244557 0.06508432
v 0.00224832 0.00222216 0.06385267
v 0.00129135 0.00051429 0.05311223
v 0.00135166 0.00051925 0.05161791
v 0.00244534 0.00032314 0.04862343
v 0.00374409 0.00005753 0.04712910
v 0.01187029 0.00053663 0.01870780
v 0.01271467 0.00043733 0.01870780
v 0.00523985 -0.00003928 0.04563478
v 0.01362741 0.00054904 0.01587092
v 0.00562988 0.00550882 0.06690553
v 0.02019753 0.02428051 0.01587092
v 0.02004072 0.02429044 0.01587092
v 0.01870177 0.02432271 0.01587092
v 0.00673562 0.02513445 0.04563478
v -0.00373877 0.02518409 0.06508432
v 0.00523985 0.02510714 0.04712910
v -0.00373877 0.02510962 0.06657864
v -0.00373877 0.02488124 0.06807296
v -0.00215857 0.02472237 0.06960231
v -0.00160369 0.02455605 0.07035531
v -0.00074724 0.02455605 0.07036115
v -0.00074724 0.02407447 0.07110831
v -0.00074724 0.02332728 0.07211814
v -0.00074724 0.02259746 0.07286530
v -0.00074724 0.02184779 0.07360663
v 0.00074853 0.02172615 0.07346070
v -0.00017225 0.01999345 0.07478574
v 0.00074853 0.01889873 0.07493751
v 0.00074853 0.01780152 0.07518850
v 0.00166127 0.01780152 0.07488498
v 0.00258607 0.01630465 0.07459311
v 0.00469703 0.01181901 0.07205977
v 0.00551327 0.01184135 0.07095654
v 0.00395719 0.01181901 0.07280693
v 0.00320931 0.01181901 0.07347821
v 0.00252174 0.01481026 0.07455809
v 0.00216790 0.01328112 0.07447637
v 0.00224832 0.01181901 0.07409112
v 0.00455630 0.01090301 0.07189049
v 0.00496241 0.01037178 0.07112582
v 0.00557761 0.00872349 0.06954978
v 0.00474931 0.00882775 0.07062966
v 0.00455228 0.00799615 0.07039033
v 0.00462466 0.00642730 0.06896022
v 0.00512727 0.00596806 0.06793871
v 0.00074853 0.00154447 0.06059552
v 0.00074853 0.00217003 0.06392856
v -0.00074724 0.00130368 0.05909536
v 0.00074853 0.00082458 0.05610671
v -0.00074724 0.00113488 0.05760104
v 0.00416226 0.00543186 0.06847573
v 0.00364356 0.00594820 0.06946222
v 0.00312085 0.00646701 0.07043119
v -0.00138656 0.00788445 0.07488498
v -0.00138254 0.00650425 0.07350156
v 0.00213975 0.00403677 0.06793871
v 0.00156879 0.00357505 0.06734916
v -0.00224301 0.00639006 0.07367667
v -0.00074724 0.00311581 0.06657864
v -0.00074724 0.00252253 0.06508432
v -0.00224301 0.00317787 0.06657864
v -0.00373877 0.00324241 0.06657864
v -0.00448666 0.00209308 0.06134268
v -0.00448666 0.00209308 0.06133684
v 0.00143610 0.00055897 0.05061391
v 0.00264639 0.00038272 0.04712910
v 0.01193462 0.00058131 0.01779136
v 0.01270261 0.00052422 0.01726017
v 0.01319316 0.00056145 0.01606939
v 0.01296799 0.00066075 0.01587092
v 0.01854495 0.02431278 0.01587092
v -0.00373877 0.02509969 0.06358416
v -0.00508577 0.02480925 0.06508432
v -0.00501742 0.02476954 0.06657864
v 0.01720600 0.02427803 0.01720764
v 0.01720600 0.02418370 0.01587092
v 0.00523985 0.02498799 0.04563478
v -0.00471183 0.02463301 0.06807296
v -0.00448666 0.02453371 0.06882013
v -0.00373877 0.02462804 0.06905361
v -0.00260087 0.02444931 0.07012182
v -0.00450274 0.02304181 0.07182045
v -0.00373877 0.02311628 0.07193135
v -0.00224301 0.02324288 0.07207728
v -0.00224301 0.02264711 0.07282445
v -0.00224301 0.02189992 0.07365916
v -0.00070301 0.02069100 0.07442967
v -0.00116943 0.02012502 0.07484411
v -0.00070301 0.01941506 0.07503090
v -0.00074724 0.01780152 0.07539281
v 0.00074853 0.01630465 0.07531692
v 0.00183819 0.01630465 0.07496086
v 0.00304445 0.01097003 0.07334979
v 0.00177385 0.01481026 0.07492583
v 0.00161704 0.01375774 0.07486162
v 0.00138383 0.01275982 0.07477407
v 0.00225234 0.01041150 0.07363581
v 0.00369584 0.01043632 0.07251507
v 0.00434722 0.00990510 0.07166284
v 0.00404967 0.00882775 0.07137682
v 0.00330179 0.00882775 0.07210647
v 0.00304847 0.00802098 0.07186714
v 0.00411803 0.00700072 0.06995838
v -0.00085982 0.00219733 0.06354330
v -0.00043763 0.00205832 0.06301795
v -0.00074724 0.00159412 0.06059552
v -0.00224301 0.00172072 0.06059552
v 0.00082895 0.01328112 0.07502507
v 0.00074853 0.01481026 0.07525271
v -0.00074724 0.01331339 0.07534611
v -0.00186102 0.00788445 0.07488498
v -0.00231136 0.00736315 0.07448221
v 0.00275495 0.00997212 0.07314549
v -0.00373877 0.00644219 0.07354242
v -0.00449068 0.00358995 0.06732580
v -0.00224301 0.00262927 0.06508432
v -0.00548786 0.00362470 0.06716820
v -0.00373877 0.00274346 0.06508432
v -0.00373877 0.00205088 0.06155282
v -0.00373877 0.00218741 0.06229998
v -0.00373877 0.00243564 0.06358416
v -0.00523454 0.00264168 0.06358416
v -0.00673031 0.00313071 0.06358416
v -0.00758274 0.00352789 0.06358416
v -0.00685898 0.00320766 0.06203730
v -0.00508577 0.00245550 0.06074145
v -0.00650514 0.00324490 0.06059552
v -0.00744603 0.00362222 0.06150612
v 0.00284341 0.00049691 0.04591497
v 0.01219598 0.00065330 0.01679320
v 0.01259807 0.00075259 0.01587092
v -0.00493298 0.02475216 0.06358416
v 0.01704918 0.02414398 0.01587092
v -0.00583365 0.02444683 0.06508432
v -0.00576530 0.02442200 0.06657864
v -0.00545971 0.02425072 0.06807296
v -0.00373877 0.02427058 0.06980078
v -0.00707209 0.02283080 0.06957313
v -0.00603470 0.02306415 0.07038449
v -0.00549992 0.02285066 0.07138266
v -0.00642472 0.02185275 0.07215316
v -0.00508175 0.02224248 0.07248589
v -0.00466358 0.02163430 0.07338481
v -0.00373877 0.02254285 0.07268435
v -0.00373877 0.02179317 0.07353658
v -0.00227517 0.02069100 0.07447054
v -0.00179669 0.02012502 0.07484411
v -0.00074724 0.01630465 0.07549788
v -0.00227517 0.01936045 0.07496086
v -0.00224301 0.01780152 0.07520602
v -0.00074724 0.01481026 0.07546869
v -0.00306729 0.00927706 0.07484995
v -0.00285820 0.00827914 0.07477990
v -0.00373877 0.00733088 0.07403274
v -0.00224301 0.01331339 0.07522353
v -0.00449872 0.00657376 0.07332060
v -0.00636441 0.00637765 0.07202475
v -0.00784410 0.00492546 0.06909448
v -0.00673031 0.00480879 0.06933380
v -0.00673031 0.00420557 0.06807296
v -0.00671423 0.00375626 0.06663118
v -0.00523454 0.00298673 0.06508432
v -0.00671423 0.00339880 0.06502595
v -0.00755861 0.00355023 0.06448893
v -0.00927955 0.00476411 0.06508432
v -0.00833062 0.00407649 0.06358416
v -0.00753449 0.00355023 0.06250428
v -0.00921924 0.00482368 0.06358416
v -0.00909459 0.00496270 0.06260935
v 0.01165316 0.00153206 0.01587092
v 0.01174564 0.00143277 0.01587092
v -0.00469574 0.02464045 0.06249261
v -0.00568086 0.02435002 0.06358416
v 0.01561373 0.02356807 0.01587092
v 0.01570621 0.02389326 0.01720764
v -0.00937203 0.02183786 0.06508432
v -0.00941224 0.02189743 0.06657864
v -0.00838289 0.02264463 0.06657864
v -0.00673031 0.02377907 0.06657864
v -0.00757068 0.02309890 0.06760016
v -0.00682279 0.02344643 0.06809048
v -0.00738571 0.02298719 0.06859831
v -0.00830650 0.02204886 0.06959648
v -0.00786018 0.02181303 0.07075807
v -0.00672629 0.02233185 0.07106745
v -0.00742190 0.02146054 0.07175624
v -0.00566076 0.02125450 0.07315133
v -0.00519031 0.02077044 0.07357744
v -0.00373877 0.02079278 0.07410279
v -0.00279387 0.01989912 0.07477990
v -0.00224301 0.01630465 0.07529942
v -0.00224301 0.01481026 0.07529942
v -0.00316379 0.01890121 0.07486746
v -0.00332864 0.01780152 0.07492583
v -0.00313162 0.01032214 0.07488498
v -0.00523454 0.01630465 0.07412030
v -0.00629606 0.01630465 0.07351907
v -0.00618347 0.01481026 0.07344902
v -0.00363423 0.00879796 0.07444135
v -0.00468770 0.00733088 0.07346070
v -0.00735355 0.00733088 0.07172705
v -0.00795668 0.00622126 0.07074640
v -0.00839898 0.00569251 0.06969571
v -0.00884530 0.00516625 0.06859831
v -0.00829845 0.00473432 0.06809048
v -0.00822608 0.00430487 0.06657864
v -0.00919109 0.00487085 0.06657864
v -0.00812556 0.00398216 0.06502595
v -0.01002743 0.00567017 0.06508432
v -0.01055417 0.00645460 0.06625760
v -0.01053005 0.00648935 0.06418539
v 0.01158883 0.00169590 0.01587092
v 0.01546094 0.02348615 0.01587092
v 0.01520762 0.02334714 0.01587092
v 0.01480553 0.02317337 0.01609857
v -0.00640060 0.02336948 0.06208984
v -0.00714848 0.02280846 0.06208984
v -0.00902623 0.02158217 0.06273193
v -0.00917501 0.02167898 0.06358416
v -0.01011991 0.02120733 0.06508432
v -0.01016012 0.02114527 0.06657864
v -0.00927151 0.02180062 0.06807296
v -0.00813360 0.02261484 0.06809048
v -0.00910665 0.02166409 0.06911782
v -0.00885736 0.02137614 0.07011598
v -0.00771543 0.02046511 0.07203642
v -0.00677052 0.02085980 0.07259679
v -0.00914686 0.02037822 0.07053626
v -0.00612316 0.02025659 0.07340233
v -0.00369455 0.01936045 0.07459895
v -0.00339298 0.01630465 0.07496669
v -0.00333669 0.01481026 0.07496086
v -0.00407653 0.01780152 0.07466316
v -0.00414086 0.01630465 0.07466316
v -0.00408457 0.01481026 0.07462230
v -0.00523454 0.01780152 0.07414365
v -0.00635637 0.01780152 0.07354242
v -0.00710425 0.01780152 0.07304042
v -0.00704394 0.01630465 0.07298789
v -0.00492494 0.00882775 0.07361830
v -0.00792853 0.01630465 0.07224072
v -0.00895386 0.00698831 0.07029694
v -0.00928357 0.00616168 0.06929878
v -0.00950472 0.00573223 0.06809048
v -0.00906242 0.00500241 0.06760016
v -0.01003950 0.00590848 0.06668372
v -0.01057829 0.00641737 0.06508432
v -0.01045767 0.00667305 0.06725576
v -0.01066273 0.00723407 0.06668372
v -0.01081553 0.00733088 0.06508432
v -0.01061850 0.00733088 0.06398109
v 0.01129932 0.00284275 0.01587092
v 0.01485780 0.02312869 0.01587092
v -0.00827433 0.02198183 0.06217740
v -0.00880107 0.02132152 0.06173377
v -0.01065067 0.02029134 0.06384683
v 0.01150841 0.02036333 0.01587092
v -0.01075119 0.02045766 0.06508432
v -0.01068284 0.02039808 0.06657864
v -0.01007971 0.02074313 0.06811383
v -0.00942430 0.02084491 0.06959648
v -0.00865631 0.01929839 0.07146438
v -0.00790843 0.01929839 0.07222905
v -0.00703188 0.01929839 0.07297621
v -0.01041746 0.01962606 0.06863334
v -0.01008775 0.01919661 0.06943303
v -0.00928357 0.01929839 0.07071722
v -0.00628399 0.01929839 0.07349572
v -0.00523454 0.01929839 0.07400356
v -0.00797678 0.01780152 0.07229326
v -0.00868044 0.01630465 0.07148772
v -0.00929563 0.01630465 0.07074057
v -0.00938007 0.00742521 0.06970738
v -0.01026467 0.00723407 0.06802043
v -0.01053005 0.00767096 0.06748341
v -0.01078738 0.00882775 0.06657864
v -0.01093615 0.00882775 0.06508432
v -0.01068284 0.00882775 0.06391688
v 0.01047102 0.00657376 0.01646048
v 0.01078465 0.00598543 0.01587092
v 0.01099374 0.00455062 0.01587092
v 0.01127118 0.00299914 0.01587092
v -0.01114524 0.01929839 0.06508432
v 0.01060371 0.01979238 0.01685741
v -0.01046571 0.01993636 0.06284867
v -0.01073511 0.01938279 0.06344407
v 0.01077661 0.01935548 0.01587092
v -0.01102863 0.01929839 0.06657864
v -0.01055819 0.02021190 0.06763518
v -0.00872467 0.01780152 0.07153442
v -0.01063861 0.01919661 0.06811383
v -0.01048179 0.01863063 0.06884348
v -0.01007971 0.01780152 0.06961982
v -0.00933182 0.01780152 0.07078726
v -0.01011991 0.01628231 0.06944471
v -0.01049386 0.01676637 0.06886683
v -0.01071098 0.01628231 0.06819554
v -0.01112111 0.01630465 0.06657864
v -0.01116936 0.01780152 0.06657864
v -0.01120957 0.01780152 0.06508432
v -0.01074717 0.01789585 0.06350828
v -0.01048581 0.01845935 0.06281365
v 0.00921651 0.01481026 0.01855019
v 0.00983572 0.01481026 0.01720764
v 0.01046298 0.01630465 0.01587092
v -0.01048581 0.01894093 0.06281365
v 0.01074846 0.01929591 0.01587092
v 0.01068815 0.01915938 0.01587092
v 0.01038658 0.01879447 0.01623866
v 0.01048710 0.01837743 0.01587092
v 0.01041875 0.01780152 0.01587092
v -0.01078738 0.01780152 0.06807296
v -0.01049788 0.01780152 0.06887266
v -0.00703096 0.00821355 -0.04910228
v -0.00013247 0.01093550 -0.05544993
v -0.00493391 0.00611605 -0.04910228
v -0.00703096 0.01127815 -0.04910228
v -0.00703096 0.00876114 -0.04923781
v -0.00033372 0.01181773 -0.05564392
v 0.00513459 0.01021659 -0.05792840
v 0.00513459 0.00917744 -0.05744298
v 0.00513459 0.00906056 -0.05738629
v 0.00139418 0.01245819 -0.05690087
v -0.00429086 0.00561169 -0.04910228
v 0.00513459 0.00877235 -0.05716838
v 0.00513459 0.00822796 -0.05675383
v -0.00703096 0.01032226 -0.04920503
v -0.00501250 0.01305862 -0.04910228
v -0.00153884 0.01410097 -0.05391395
v -0.00324650 0.01291131 -0.05269066
v -0.00034563 0.01331320 -0.05570770
v -0.00267966 0.01181773 -0.05353128
v -0.00703096 0.00900612 -0.04923692
v -0.00193182 0.01181773 -0.05426207
v -0.00108037 0.01181773 -0.05500969
v 0.00513459 0.01032226 -0.05795586
v 0.00083568 0.01344129 -0.05653326
v 0.00139418 0.01302820 -0.05690087
v 0.00513459 0.01181773 -0.05815162
v 0.00513459 0.01147829 -0.05812151
v -0.00373950 0.00527545 -0.04910228
v 0.00513459 0.00746582 -0.05609656
v 0.00513459 0.00739537 -0.05603544
v -0.00471241 0.01326837 -0.04910228
v 0.00416644 0.01876030 -0.05286605
v 0.00260407 0.01735930 -0.05426207
v 0.00104765 0.01595670 -0.05461107
v 0.00134417 0.01569411 -0.05548359
v -0.00014914 0.01425308 -0.05553496
v -0.00178534 0.01331320 -0.05413274
v 0.00151326 0.01402571 -0.05685126
v 0.00513459 0.01331320 -0.05800192
v 0.00513459 0.00665724 -0.05528694
v -0.00293212 0.00511854 -0.04935030
v -0.00272134 0.00482072 -0.04910228
v 0.00513459 0.01815667 -0.04910228
v 0.00513459 0.01847690 -0.04944331
v 0.00513459 0.01894604 -0.05022371
v 0.00436531 0.01865783 -0.05069406
v 0.00415453 0.01878912 -0.05161973
v 0.00513459 0.01925185 -0.05161973
v 0.00513459 0.01902929 -0.05274381
v 0.00508695 0.01890441 -0.05326555
v 0.00448797 0.01855055 -0.05386258
v 0.00374012 0.01765711 -0.05453313
v 0.00224325 0.01595349 -0.05567670
v 0.00080591 0.01477505 -0.05583614
v 0.00210511 0.01477505 -0.05650846
v 0.00513459 0.01482949 -0.05748550
v 0.00513459 0.01476384 -0.05752093
v 0.00513459 0.00613526 -0.05453224
v 0.00074756 0.00371113 -0.04917314
v 0.00039984 0.00376397 -0.04910228
v -0.00074813 0.00412422 -0.04910228
v -0.00213426 0.00459336 -0.04910228
v 0.00513459 0.00289454 -0.04910228
v 0.00513459 0.01891721 -0.05326111
v 0.00513459 0.01890120 -0.05330009
v 0.00513459 0.01887238 -0.05335678
v 0.00513459 0.01814226 -0.05450744
v 0.00513459 0.01798054 -0.05473066
v 0.00513459 0.01792931 -0.05479975
v 0.00374012 0.01696862 -0.05528163
v 0.00513459 0.01643063 -0.05626132
v 0.00513459 0.01636018 -0.05631802
v 0.00513459 0.00541475 -0.05346219
v 0.00156209 0.00360385 -0.04934942
v 0.00074756 0.00367110 -0.04910228
v 0.00374012 0.00308508 -0.04910228
v 0.00513459 0.00329483 -0.04993759
v 0.00513459 0.01776919 -0.05496362
v 0.00513459 0.00492320 -0.05271015
v 0.00374012 0.00382001 -0.05048413
v 0.00256001 0.00350298 -0.04953012
v 0.00232303 0.00333326 -0.04910228
v 0.00180264 0.00343413 -0.04910228
v 0.00374012 0.00339250 -0.04973651
v 0.00513459 0.00369832 -0.05068521
v 0.03251201 0.00683682 -0.07351197
v 0.03276640 0.00683682 -0.07351197
v 0.03273889 0.00656165 -0.07332912
v 0.03174198 0.00661839 -0.07328116
v 0.03191730 0.00683682 -0.07345802
v 0.03340236 0.00683682 -0.07350898
v 0.03318922 0.00656165 -0.07332912
v 0.03515900 0.00491705 -0.07198020
v 0.03366362 0.00495039 -0.07195622
v 0.03216824 0.00500712 -0.07189927
v 0.03220950 0.00597090 -0.07276258
v 0.03146009 0.00683682 -0.07341006
v 0.03127445 0.00505676 -0.07184531
v 0.03066943 0.00670278 -0.07321221
v 0.03397988 0.00683682 -0.07347600
v 0.03418614 0.00659924 -0.07329914
v 0.03515900 0.00583261 -0.07268164
v 0.03665437 0.00496883 -0.07192325
v 0.03665437 0.00430574 -0.07106894
v 0.03515900 0.00423056 -0.07106894
v 0.03366362 0.00428588 -0.07106894
v 0.03216824 0.00442275 -0.07106894
v 0.03066943 0.00683682 -0.07331114
v 0.03216824 0.00375186 -0.07004976
v 0.03073475 0.00470855 -0.07115587
v 0.03027754 0.00516527 -0.07171042
v 0.02917405 0.00604182 -0.07235191
v 0.02917405 0.00683682 -0.07308632
v 0.02932875 0.00683682 -0.07311030
v 0.03468116 0.00683682 -0.07341905
v 0.03515900 0.00666803 -0.07326318
v 0.03665437 0.00583261 -0.07255874
v 0.03758941 0.00504967 -0.07184831
v 0.03811194 0.00459154 -0.07117985
v 0.03815319 0.00374619 -0.07008573
v 0.03665437 0.00367314 -0.07018765
v 0.03515900 0.00365045 -0.07022062
v 0.03366362 0.00367173 -0.07019065
v 0.03216824 0.00329657 -0.06930336
v 0.03066943 0.00388732 -0.06982794
v 0.03366362 0.00320508 -0.06944125
v 0.02917405 0.00478373 -0.07079017
v 0.02767868 0.00493975 -0.07053537
v 0.02917405 0.00529363 -0.07153956
v 0.02767868 0.00625174 -0.07215407
v 0.02762024 0.00683682 -0.07260071
v 0.03665094 0.00683682 -0.07319723
v 0.03811194 0.00572765 -0.07225599
v 0.03858633 0.00515818 -0.07175239
v 0.03964856 0.00465253 -0.07085311
v 0.03898510 0.00207393 -0.06736392
v 0.03815319 0.00325260 -0.06933933
v 0.03964856 0.00390505 -0.06983993
v 0.03665437 0.00321217 -0.06943825
v 0.03515900 0.00319373 -0.06947123
v 0.03366362 0.00256965 -0.06807435
v 0.03216824 0.00277106 -0.06807435
v 0.02618330 0.00347174 -0.06755876
v 0.03066943 0.00343911 -0.06907854
v 0.02963470 0.00353627 -0.06891367
v 0.02915343 0.00397029 -0.06947722
v 0.03852102 0.00207393 -0.06736392
v 0.03515900 0.00251150 -0.06807435
v 0.02767868 0.00432347 -0.06957314
v 0.02684333 0.00504471 -0.07037650
v 0.02767868 0.00550355 -0.07128477
v 0.02671957 0.00644251 -0.07195023
v 0.02650300 0.00683682 -0.07207313
v 0.03854508 0.00683682 -0.07284951
v 0.03964856 0.00605884 -0.07218404
v 0.03964856 0.00531065 -0.07160251
v 0.04025359 0.00475749 -0.07072721
v 0.03964856 0.00340578 -0.06909353
v 0.03954887 0.00261362 -0.06794845
v 0.03998202 0.00220655 -0.06709114
v 0.04025359 0.00215903 -0.06684834
v 0.04025359 0.00196684 -0.06634774
v 0.04025359 0.00181650 -0.06592508
v 0.04025359 0.00138531 -0.06448024
v 0.04025359 0.00114774 -0.06358696
v 0.04025359 0.00098959 -0.06298444
v 0.03964856 0.00112362 -0.06358696
v 0.04025359 0.00400788 -0.06967806
v 0.04025359 0.00365045 -0.06916247
v 0.03752410 0.00209875 -0.06729498
v 0.03665437 0.00212074 -0.06717208
v 0.03515900 0.00215832 -0.06695925
v 0.03366362 0.00220584 -0.06674042
v 0.02468449 0.00222995 -0.06354500
v 0.02468449 0.00267461 -0.06508276
v 0.02531358 0.00354407 -0.06739690
v 0.02863778 0.00362847 -0.06873082
v 0.02767868 0.00372066 -0.06855996
v 0.02235376 0.00355045 -0.06588311
v 0.02403821 0.00513194 -0.06876380
v 0.02051118 0.00481280 -0.06611093
v 0.01951427 0.00513052 -0.06579019
v 0.01679165 0.00533618 -0.06411754
v 0.01617975 0.00633330 -0.06454019
v 0.02587047 0.00683682 -0.07166246
v 0.03957981 0.00683682 -0.07260370
v 0.04021921 0.00683682 -0.07243284
v 0.04025359 0.00680845 -0.07240886
v 0.04025359 0.00618933 -0.07208812
v 0.04025359 0.00550355 -0.07151258
v 0.04025359 0.00515038 -0.07117386
v 0.04025359 0.00350649 -0.06894665
v 0.04025359 0.00289375 -0.06801440
v 0.04025359 0.00252072 -0.06743886
v 0.04025359 0.00225194 -0.06702220
v 0.04025359 0.00080307 -0.06209117
v 0.03964856 0.00081229 -0.06209117
v 0.02618330 0.00200585 -0.06314632
v 0.02518295 0.00205620 -0.06301742
v 0.00513459 0.00198386 -0.04676450
v 0.02318911 0.00251150 -0.06358696
v 0.02318911 0.00298949 -0.06508276
v 0.01641695 0.00357102 -0.06138373
v 0.01605599 0.00483337 -0.06311934
v 0.01505907 0.00516456 -0.06275363
v 0.01517939 0.00683540 -0.06417449
v 0.01179675 0.00644180 -0.06146767
v 0.01518283 0.00683682 -0.06417749
v 0.04025359 0.00683682 -0.07242085
v 0.04025359 0.00073144 -0.06170747
v 0.03815319 -0.00021390 -0.05461218
v 0.03665437 -0.00010398 -0.05461218
v 0.00513459 0.00188245 -0.04563441
v 0.00513459 0.00221293 -0.04751090
v 0.03665437 -0.00027205 -0.05311639
v 0.01573973 0.00432701 -0.06206718
v 0.00513459 0.00266681 -0.04862900
v 0.00513459 0.00329373 -0.04993895
v 0.00737593 0.00501776 -0.05547849
v 0.01191019 0.00505605 -0.05989693
v 0.01448499 0.00481848 -0.06175544
v 0.01348807 0.00509719 -0.06131779
v 0.01018793 0.00636450 -0.06007979
v 0.01157674 0.00683682 -0.06158158
v 0.00919101 0.00680491 -0.05966012
v 0.01099921 0.00683682 -0.06115592
v 0.04025359 0.00683682 -0.05908758
v 0.04025359 -0.00023588 -0.05461218
v 0.03964856 -0.00024368 -0.05461218
v 0.03815319 -0.00039332 -0.05311639
v 0.00513459 0.00193493 -0.04288862
v 0.03665437 -0.00034226 -0.05162059
v 0.03366362 -0.00016851 -0.05012480
v 0.00513459 0.00369655 -0.05068535
v 0.00513459 0.00492131 -0.05271172
v 0.00513459 0.00541348 -0.05346411
v 0.00573617 0.00637798 -0.05562537
v 0.00678810 0.00586027 -0.05605103
v 0.00719717 0.00633968 -0.05716313
v 0.00867193 0.00634464 -0.05866492
v 0.01091327 0.00536739 -0.05941132
v 0.00912570 0.00683682 -0.05962415
v 0.00917726 0.00683682 -0.05967211
v 0.00922539 0.00683682 -0.05971408
v 0.00767501 0.00679640 -0.05816133
v 0.04025359 0.00286893 -0.04713320
v 0.02125715 0.00683682 -0.04768476
v 0.04025359 -0.00038410 -0.05311639
v 0.03964856 -0.00040680 -0.05311639
v 0.03815319 -0.00038623 -0.05162059
v 0.01122266 0.00192926 -0.04288862
v 0.00513459 0.00683682 -0.04288862
v 0.03515900 -0.00027063 -0.05012480
v 0.03515900 -0.00012596 -0.04862900
v 0.03964856 -0.00007632 -0.04713320
v 0.04025359 -0.00009547 -0.04713320
v 0.04025359 0.00006481 -0.04661163
v 0.04025359 0.00029388 -0.04593417
v 0.00513459 0.00613402 -0.05453425
v 0.00513459 0.00665598 -0.05528964
v 0.00619682 0.00683682 -0.05662656
v 0.00765782 0.00683682 -0.05817931
v 0.00759938 0.00683682 -0.05811936
v 0.04025359 0.00241221 -0.04600611
v 0.01186206 0.00683682 -0.04288862
v 0.04025359 -0.00037843 -0.05251388
v 0.03964856 -0.00037985 -0.05162059
v 0.03665437 -0.00030609 -0.05012480
v 0.03964856 -0.00031744 -0.05012480
v 0.01269741 0.00196330 -0.04288862
v 0.00513459 0.00683682 -0.05547249
v 0.03665437 -0.00018128 -0.04862900
v 0.04025359 -0.00018553 -0.04802349
v 0.03815319 -0.00021035 -0.04862900
v 0.04025359 0.00134489 -0.04555647
v 0.01291054 0.00198457 -0.04288862
v 0.01200988 0.00653045 -0.04288862
v 0.04025359 -0.00036212 -0.05162059
v 0.04025359 -0.00034865 -0.05101508
v 0.04025359 -0.00028553 -0.04951928
v 0.04025359 -0.00023092 -0.04862900
v 0.03964856 -0.00022666 -0.04862900
v 0.01334025 0.00284127 -0.04288862
v 0.01284179 0.00475678 -0.04288862
v 0.01301711 0.00437949 -0.04288862
v 0.01311680 0.00413979 -0.04288862
v 0.01332994 0.00334550 -0.04288862
v -0.00703096 0.00114506 -0.04263967
v -0.00703096 0.00115399 -0.04144347
v -0.00703096 0.00116962 -0.04293871
v 0.00513459 0.00188400 -0.04563242
v 0.00513459 0.00142412 -0.03526393
v 0.00513459 0.00141965 -0.03516120
v 0.00513459 0.00138617 -0.03376869
v 0.00513459 0.00131026 -0.02628795
v 0.00513459 0.00130580 -0.02578117
v 0.00374012 0.00130133 -0.02578117
v -0.00373950 0.00127901 -0.02578117
v -0.00703096 0.00125445 -0.03097226
v -0.00703096 0.00141295 -0.04413718
v 0.00513459 0.00198446 -0.04676012
v 0.00513459 0.02250069 -0.02578117
v -0.00523638 0.00135491 -0.02578117
v -0.00703096 0.00135268 -0.02947474
v -0.00703096 0.00152904 -0.04445678
v 0.00513459 0.00221440 -0.04750888
v 0.00034506 0.02356333 -0.02578117
v 0.00513459 0.02275072 -0.02632676
v -0.00632956 0.00154467 -0.02578117
v -0.00673206 0.00161611 -0.02578117
v -0.00703096 0.00167415 -0.02578117
v -0.00703096 0.00188400 -0.04529913
v 0.00513459 0.00266759 -0.04862517
v -0.00074813 0.02371291 -0.02578117
v 0.00513459 0.02275518 -0.02634046
v 0.00513459 0.02276411 -0.02637013
v 0.00453322 0.02304317 -0.02692257
v 0.00513459 0.02312131 -0.02764622
v 0.00074756 0.02380890 -0.02768046
v -0.00703096 0.02346064 -0.02578117
v -0.00703096 0.00225905 -0.04604560
v 0.00513459 0.00289530 -0.04910228
v 0.00513459 0.00270331 -0.04870051
v -0.00114944 0.02373970 -0.02578117
v -0.00074813 0.02375532 -0.02618522
v 0.00513459 0.02312577 -0.02767589
v 0.00224325 0.02366379 -0.02917798
v 0.00074756 0.02387811 -0.02917798
v -0.00074813 0.02389820 -0.02768046
v -0.00673206 0.02350082 -0.02578117
v -0.00703096 0.02363031 -0.03516120
v -0.00703096 0.00301585 -0.04696558
v 0.00374012 0.00308506 -0.04910228
v 0.00513459 0.01815634 -0.04910228
v -0.00224381 0.02374863 -0.02578117
v 0.00513459 0.02320614 -0.02930125
v 0.00513459 0.02288690 -0.03510642
v -0.00074813 0.02395178 -0.02917798
v 0.00074756 0.02325972 -0.03665872
v -0.00074813 0.02327758 -0.03815167
v -0.00373950 0.02333116 -0.03964919
v -0.00523638 0.02341153 -0.03964919
v -0.00703096 0.02352761 -0.03935015
v -0.00414200 0.02368165 -0.02578117
v -0.00264632 0.02374193 -0.02578117
v -0.00563888 0.02359459 -0.02578117
v -0.00703096 0.02363700 -0.03665872
v -0.00224381 0.02386471 -0.02917798
v -0.00703096 0.00398474 -0.04769607
v 0.00039984 0.00376596 -0.04910228
v 0.00074756 0.00367220 -0.04910228
v 0.00180264 0.00343332 -0.04910228
v 0.00232303 0.00333510 -0.04910228
v -0.00471241 0.01326727 -0.04910228
v -0.00703096 0.01780138 -0.04862745
v -0.00703096 0.01808936 -0.04855441
v -0.00703096 0.01923238 -0.04825764
v -0.00703096 0.01997355 -0.04785358
v -0.00703096 0.02049594 -0.04742899
v -0.00703096 0.02157868 -0.04642683
v -0.00703096 0.02180416 -0.04612779
v -0.00703096 0.02211224 -0.04567123
v -0.00703096 0.02223949 -0.04541555
v -0.00703096 0.02284448 -0.04419197
v -0.00523638 0.02246720 -0.04413718
v -0.00043018 0.02298066 -0.04012630
v 0.00070588 0.02279537 -0.03963549
v 0.00513459 0.02242255 -0.03665872
v 0.00017953 0.02308335 -0.03912872
v -0.00703096 0.02359682 -0.03815167
v -0.00703096 0.02360798 -0.03785491
v -0.00085649 0.02312354 -0.03963549
v -0.00224381 0.02323963 -0.03964919
v -0.00523638 0.02325749 -0.04114443
v -0.00673206 0.02334455 -0.04114443
v -0.00703096 0.02338920 -0.04084538
v -0.00703096 0.00407180 -0.04774173
v -0.00272134 0.00481967 -0.04910228
v -0.00213426 0.00459196 -0.04910228
v -0.00074813 0.00412538 -0.04910228
v -0.00501250 0.01305742 -0.04910228
v -0.00703096 0.01215104 -0.04905206
v -0.00703096 0.02305433 -0.04345006
v -0.00142571 0.02304764 -0.04042078
v -0.00224381 0.02309452 -0.04059427
v -0.00703096 0.02311684 -0.04312818
v -0.00703096 0.02318382 -0.04265336
v -0.00703096 0.02335795 -0.04114443
v -0.00703096 0.00468350 -0.04804077
v -0.00373950 0.00527733 -0.04910228
v -0.00703096 0.01128039 -0.04910228
v -0.00703096 0.00496255 -0.04814350
v -0.00429086 0.00561219 -0.04910228
v -0.00703096 0.00821300 -0.04910228
v -0.00703096 0.00583321 -0.04845396
v -0.00493391 0.00611673 -0.04910228
v -0.00703096 0.00613012 -0.04855441
v -0.00703096 0.00734681 -0.04892422
v 0.04323228 0.01181653 -0.03736390
v 0.04324327 0.01103893 -0.03736390
v 0.04331469 0.01266002 -0.03736390
v 0.04641695 0.01177260 -0.04405281
v 0.04553425 0.00126404 -0.04405281
v 0.04553425 0.00006908 -0.04405281
v 0.04422119 0.00097409 -0.03736390
v 0.04346303 0.01317623 -0.03736390
v 0.04646273 0.01202301 -0.04405281
v 0.04643709 0.01191977 -0.04405281
v 0.04554890 0.00006469 -0.04405281
v 0.04429628 0.00024701 -0.03736390
v 0.04455450 0.01630639 -0.03736390
v 0.04773733 0.01582972 -0.04405281
v 0.04562399 0.00004273 -0.04405281
v 0.04712567 -0.00037683 -0.04405281
v 0.04721541 -0.00040099 -0.04405281
v 0.04562399 -0.00008907 -0.03736390
v 0.04483102 0.01708838 -0.03736390
v 0.04816953 0.01653703 -0.04405281
v 0.04862735 -0.00049544 -0.04405281
v 0.04713117 -0.00026041 -0.03736390
v 0.04508192 0.01736295 -0.03736390
v 0.04894417 0.01748377 -0.04405281
v 0.04819516 0.01657877 -0.04405281
v 0.04871160 -0.00049764 -0.04405281
v 0.04862735 -0.00024503 -0.03736390
v 0.04613126 0.01818009 -0.03736390
v 0.05210320 0.02029542 -0.04405281
v 0.05020778 -0.00047348 -0.04405281
v 0.05311409 -0.00042076 -0.04405281
v 0.05311409 -0.00036145 -0.04264169
v 0.05461028 -0.00021647 -0.04114544
v 0.05461028 -0.00007369 -0.03964984
v 0.05461028 0.00014377 -0.03815360
v 0.05465973 0.00027557 -0.03736390
v 0.04652500 0.01844368 -0.03736390
v 0.04727035 0.01893133 -0.03736390
v 0.05226802 0.02159581 -0.03913647
v 0.05305000 0.02085336 -0.04405281
v 0.05319833 -0.00041636 -0.04405281
v 0.05461028 -0.00026260 -0.04264169
v 0.05610647 0.00015915 -0.04114544
v 0.05619254 0.00033268 -0.03971336
v 0.05580247 0.00039638 -0.03815360
v 0.05563765 0.00046887 -0.03736390
v 0.05524575 0.00038540 -0.03736390
v 0.05082677 0.02111036 -0.03736390
v 0.05120769 0.02133661 -0.03736390
v 0.05187246 0.02169905 -0.03736390
v 0.05210870 0.02167050 -0.03815360
v 0.05311409 0.02187258 -0.03815360
v 0.05313058 0.02167709 -0.03964133
v 0.05452604 0.02123996 -0.04405281
v 0.05311409 0.02089070 -0.04405281
v 0.05461028 -0.00027578 -0.04405281
v 0.05610647 0.00013938 -0.04264169
v 0.05699832 0.00052598 -0.04264169
v 0.05695986 0.00054355 -0.04114544
v 0.05689394 0.00057650 -0.04025424
v 0.05674926 0.00064679 -0.03925696
v 0.05654965 0.00075223 -0.03815360
v 0.05588305 0.00058529 -0.03736390
v 0.05239072 0.02180449 -0.03736390
v 0.05311409 0.02194288 -0.03736390
v 0.05416161 0.02158922 -0.04071916
v 0.05461028 0.02125314 -0.04405281
v 0.05469452 -0.00025162 -0.04405281
v 0.05610647 0.00017013 -0.04405281
v 0.05696902 0.00053477 -0.04405281
v 0.05774734 0.00105097 -0.04264169
v 0.05770888 0.00105097 -0.04114544
v 0.05747630 0.00103339 -0.03971336
v 0.05775100 0.00154081 -0.03801019
v 0.05631707 0.00080714 -0.03736390
v 0.05704044 0.00123329 -0.03736390
v 0.05384662 0.02187039 -0.03736390
v 0.05464141 0.02164633 -0.03952412
v 0.05602223 0.02104666 -0.04405281
v 0.05771804 0.00110369 -0.04405281
v 0.05857143 0.00180001 -0.04264169
v 0.05858242 0.00179781 -0.04114544
v 0.05854579 0.00185273 -0.03964984
v 0.05845606 0.00196476 -0.03841291
v 0.05834801 0.00209655 -0.03741562
v 0.05762098 0.00160012 -0.03736390
v 0.05461577 0.02174518 -0.03736390
v 0.05474397 0.02170564 -0.03822956
v 0.05536479 0.02154529 -0.03894134
v 0.05610647 0.02103128 -0.04405281
v 0.05776382 0.00114542 -0.04405281
v 0.05853663 0.00185053 -0.04405281
v 0.05922155 0.00284120 -0.04405281
v 0.05928565 0.00284120 -0.04264169
v 0.05926550 0.00284120 -0.04114544
v 0.05915379 0.00284120 -0.03964984
v 0.05881866 0.00269403 -0.03801019
v 0.05837182 0.00215806 -0.03736390
v 0.05834068 0.00210753 -0.03736390
v 0.05828941 0.00206800 -0.03736390
v 0.05536479 0.02154529 -0.03877894
v 0.05530435 0.02152113 -0.03736390
v 0.05533182 0.02153211 -0.03778167
v 0.05856960 0.02015484 -0.04114544
v 0.05855495 0.02015045 -0.04264169
v 0.05760266 0.02049751 -0.04405281
v 0.05978377 0.00371106 -0.04405281
v 0.05981307 0.00365614 -0.04264169
v 0.05978193 0.00371765 -0.04114544
v 0.05970685 0.00386043 -0.03964984
v 0.05960429 0.00406910 -0.03815360
v 0.05875823 0.00283900 -0.03736390
v 0.05852198 0.02013507 -0.03964984
v 0.05845789 0.02010871 -0.03815360
v 0.05841211 0.02008235 -0.03736390
v 0.05931678 0.01971113 -0.04114544
v 0.05930396 0.01970014 -0.04264169
v 0.05850184 0.02012628 -0.04405281
v 0.06014820 0.00446010 -0.04405281
v 0.06016468 0.00440518 -0.04264169
v 0.06014820 0.00446669 -0.04114544
v 0.06008776 0.00460727 -0.03964984
v 0.05912266 0.00350457 -0.03736390
v 0.05997422 0.00481814 -0.03815360
v 0.05989547 0.00497850 -0.03736390
v 0.05985519 0.00489722 -0.03736390
v 0.05927099 0.01966060 -0.03964984
v 0.05908603 0.01953100 -0.03736390
v 0.05920690 0.01955297 -0.03815360
v 0.06020680 0.01896208 -0.04114544
v 0.06021596 0.01895110 -0.04264169
v 0.06019764 0.01892254 -0.04405281
v 0.06014637 0.01896428 -0.04405281
v 0.05924902 0.01966939 -0.04405281
v 0.06067196 0.00575390 -0.04405281
v 0.06073056 0.00583517 -0.04264169
v 0.06069027 0.00583517 -0.04114544
v 0.06055658 0.00583517 -0.03964984
v 0.06031851 0.00583517 -0.03815360
v 0.05993393 0.00509052 -0.03736390
v 0.06015735 0.01891376 -0.03964984
v 0.05948892 0.01917735 -0.03736390
v 0.06006213 0.01880393 -0.03815360
v 0.06090087 0.01780228 -0.04114544
v 0.06091552 0.01780228 -0.04264169
v 0.06023793 0.01885665 -0.04405281
v 0.06070309 0.00583517 -0.04405281
v 0.06117923 0.00747823 -0.04400370
v 0.06119754 0.00747823 -0.04261418
v 0.06111147 0.00733106 -0.04114544
v 0.06097229 0.00733106 -0.03964984
v 0.06073422 0.00733106 -0.03815360
v 0.06033682 0.00652710 -0.03736390
v 0.06015003 0.00585714 -0.03736390
v 0.06080015 0.01780228 -0.03964984
v 0.05999437 0.01872705 -0.03736390
v 0.06061152 0.01780228 -0.03815360
v 0.06128911 0.01685115 -0.04114544
v 0.06129460 0.01682698 -0.04264169
v 0.06089721 0.01774736 -0.04405281
v 0.06087523 0.01780228 -0.04405281
v 0.06100342 0.00687417 -0.04405281
v 0.06118290 0.00750240 -0.04405281
v 0.06134405 0.00807351 -0.04341633
v 0.06117557 0.00747384 -0.04405281
v 0.06134405 0.00807351 -0.04309482
v 0.06134222 0.00808230 -0.04209754
v 0.06131658 0.00820092 -0.04114544
v 0.06125248 0.00852821 -0.03964984
v 0.06113894 0.00894117 -0.03826033
v 0.06093200 0.00887747 -0.03736390
v 0.06055842 0.00733106 -0.03736390
v 0.06114444 0.01651507 -0.03815360
v 0.06123600 0.01671276 -0.03964984
v 0.06048882 0.01780228 -0.03736390
v 0.06086058 0.01692803 -0.03736390
v 0.06110415 0.01634153 -0.03736390
v 0.06146309 0.01596372 -0.03964984
v 0.06148872 0.01610210 -0.04114544
v 0.06146309 0.01608014 -0.04264169
v 0.06127263 0.01638327 -0.04405281
v 0.06133306 0.00813941 -0.04405281
v 0.06144660 0.00873469 -0.04400370
v 0.06174694 0.01032284 -0.04264169
v 0.06146126 0.00867978 -0.04261418
v 0.06147224 0.00894776 -0.04114544
v 0.06140632 0.00927725 -0.03964984
v 0.06135504 0.00951668 -0.03883002
v 0.06127446 0.00994722 -0.03783274
v 0.06121952 0.01013832 -0.03736390
v 0.06137518 0.01564521 -0.03736390
v 0.06141364 0.01576602 -0.03815360
v 0.06174145 0.01480830 -0.03964984
v 0.06177807 0.01480830 -0.04114544
v 0.06131292 0.01618777 -0.04405281
v 0.06172130 0.01480830 -0.04264169
v 0.06143196 0.00866879 -0.04405281
v 0.06144478 0.00874567 -0.04405281
v 0.06153817 0.00931899 -0.04405281
v 0.06169933 0.01032284 -0.04405281
v 0.06190810 0.01181653 -0.04264169
v 0.06189528 0.01181653 -0.04114544
v 0.06171398 0.01032284 -0.04114544
v 0.06159311 0.01032284 -0.03964984
v 0.06142096 0.01039752 -0.03826033
v 0.06137152 0.01089176 -0.03736390
v 0.06135138 0.01077534 -0.03736390
v 0.06154000 0.01481489 -0.03736390
v 0.06163157 0.01480830 -0.03815360
v 0.06188612 0.01331242 -0.03964984
v 0.06194106 0.01331242 -0.04114544
v 0.06190993 0.01331242 -0.04264169
v 0.06154366 0.01488738 -0.04405281
v 0.06178723 0.01331242 -0.04405281
v 0.06182569 0.01181653 -0.04405281
v 0.06179456 0.01181653 -0.03964984
v 0.06161326 0.01181653 -0.03815360
v 0.06139350 0.01103673 -0.03736390
v 0.06163889 0.01331242 -0.03736390
v 0.06174328 0.01331242 -0.03815360
v 0.06150338 0.01188023 -0.03736390
v -0.01570999 0.00061960 -0.04264123
v -0.01421517 0.00065647 -0.04264123
v -0.00703096 0.00125564 -0.03097121
v -0.01570999 0.00069104 -0.04114842
v -0.01720627 0.00065186 -0.04264123
v -0.01720627 0.00064725 -0.04413708
v -0.01570999 0.00064264 -0.04413708
v -0.01421517 0.00064956 -0.04413708
v -0.01271889 0.00067951 -0.04413708
v -0.00703096 0.00135243 -0.02947536
v -0.01122260 0.00076017 -0.04413708
v -0.00823004 0.00101597 -0.04264123
v -0.00703096 0.00115424 -0.04144214
v -0.01720627 0.00076017 -0.04114842
v -0.01570999 0.00080626 -0.03964954
v -0.02198793 0.00085466 -0.04443080
v -0.02019737 0.00075326 -0.04413708
v -0.02198793 0.00078783 -0.04563293
v -0.02169366 0.00077400 -0.04563293
v -0.01870255 0.00068182 -0.04413708
v -0.02019737 0.00074174 -0.04563293
v -0.01870255 0.00073943 -0.04563293
v -0.01720627 0.00073713 -0.04563293
v -0.01570999 0.00075326 -0.04563293
v -0.01421517 0.00082470 -0.04563293
v -0.00703096 0.00167506 -0.02578419
v -0.01271889 0.00092840 -0.04563293
v -0.01122260 0.00107359 -0.04563293
v -0.00972632 0.00091227 -0.04413708
v -0.00703096 0.00114733 -0.04264123
v -0.02169366 0.00085696 -0.04413708
v -0.01570999 0.00093992 -0.03815370
v -0.01720627 0.00089844 -0.03964954
v -0.01870255 0.00102289 -0.03964954
v -0.02198793 0.00088462 -0.04413708
v -0.02198793 0.00082470 -0.04592665
v -0.02198793 0.00106667 -0.04712878
v -0.02198793 0.00114733 -0.04742249
v -0.02198793 0.00202305 -0.05037785
v -0.01720627 0.00117268 -0.04712878
v -0.01570999 0.00124642 -0.04712878
v -0.00703096 0.02346194 -0.02578419
v -0.01122260 0.00249086 -0.02578419
v -0.02169366 0.00147457 -0.03964954
v -0.01870255 0.00122799 -0.03815370
v -0.01720627 0.00105976 -0.03815370
v -0.01122260 0.00174420 -0.04692287
v -0.00972632 0.00132017 -0.04563293
v -0.00823004 0.00113120 -0.04413708
v -0.02198793 0.00232724 -0.05128323
v -0.02198793 0.00244247 -0.05154970
v -0.00703096 0.00116807 -0.04293798
v -0.02019737 0.00120264 -0.03964954
v -0.02198793 0.00122799 -0.04143608
v -0.00713638 0.02344811 -0.02578419
v -0.00703096 0.02363017 -0.03516200
v -0.00823004 0.02377535 -0.03516200
v -0.00972632 0.02395741 -0.03665785
v -0.02198793 0.02415790 -0.04712878
v -0.02198793 0.02413025 -0.04683506
v -0.02198793 0.02399889 -0.04563293
v -0.01231627 0.00282271 -0.02578419
v -0.02198793 0.00155062 -0.03964954
v -0.02198793 0.00146996 -0.03994326
v -0.00972632 0.00188017 -0.04666549
v -0.02198793 0.00321909 -0.05295773
v -0.00703096 0.00152988 -0.04445502
v -0.00703096 0.00141235 -0.04413708
v -0.00869122 0.00200691 -0.04648683
v -0.00820808 0.00171885 -0.04571771
v -0.02198793 0.00127408 -0.04114842
v -0.00832081 0.02324762 -0.02578419
v -0.00703096 0.02363708 -0.03665785
v -0.00823004 0.02379149 -0.03665785
v -0.00972632 0.02391132 -0.03815370
v -0.02019737 0.02385601 -0.04862462
v -0.02198793 0.02403807 -0.04833091
v -0.02198793 0.02372926 -0.04413708
v -0.02019737 0.02360943 -0.04114842
v -0.01271889 0.00295868 -0.02578419
v -0.02198793 0.00188708 -0.03856551
v -0.02198793 0.00338501 -0.05321511
v -0.00703096 0.00188477 -0.04529985
v -0.00769419 0.00216593 -0.04627487
v -0.02198793 0.00376065 -0.05369960
v -0.00703096 0.00226041 -0.04604474
v -0.00703096 0.00200000 -0.04552998
v -0.00863119 0.02317848 -0.02578419
v -0.00703096 0.02360943 -0.03785695
v -0.00703096 0.02359560 -0.03815370
v -0.00703096 0.02352647 -0.03935280
v -0.00703096 0.02338820 -0.04084864
v -0.01122260 0.02347577 -0.04413708
v -0.02169366 0.02396893 -0.04862462
v -0.00972632 0.02332828 -0.04413708
v -0.00972632 0.02315544 -0.04514542
v -0.01459436 0.02317388 -0.04812197
v -0.02019737 0.02348498 -0.05012047
v -0.02198793 0.02398737 -0.04862462
v -0.02198793 0.02336285 -0.04258370
v -0.02101433 0.02309322 -0.04032480
v -0.00905431 0.02307017 -0.02578419
v -0.02131739 0.02321536 -0.04114842
v -0.01346556 0.00330666 -0.02578419
v -0.02198793 0.00194700 -0.03840502
v -0.00703096 0.00301629 -0.04696526
v -0.02198793 0.00452805 -0.05430521
v -0.00703096 0.02335593 -0.04114842
v -0.00703096 0.02318309 -0.04265335
v -0.00703096 0.02311626 -0.04312572
v -0.00727253 0.02307939 -0.04354056
v -0.00887130 0.02306556 -0.04494254
v -0.01821209 0.02297799 -0.05068671
v -0.01921059 0.02308861 -0.05099557
v -0.01870695 0.02324992 -0.05016286
v -0.02019737 0.02312548 -0.05108944
v -0.02198793 0.02357947 -0.04982978
v -0.02198793 0.02307939 -0.04167227
v -0.01439964 0.01985077 -0.02578419
v -0.01385208 0.02032780 -0.02578419
v -0.01271449 0.02104450 -0.02578419
v -0.01116843 0.02196861 -0.02578419
v -0.01019775 0.02251478 -0.02578419
v -0.00972925 0.02277059 -0.02578419
v -0.01370714 0.00343341 -0.02578419
v -0.02198793 0.00220510 -0.03779639
v -0.00703096 0.00398419 -0.04769502
v -0.02198793 0.00483225 -0.05449900
v -0.02169366 0.00458567 -0.05422648
v -0.00703096 0.02305404 -0.04344972
v -0.00703096 0.02284433 -0.04419159
v -0.00703096 0.02211149 -0.04567229
v -0.01870695 0.02268301 -0.05154364
v -0.01940238 0.02157224 -0.05388734
v -0.02019737 0.02281437 -0.05183736
v -0.02198793 0.02346655 -0.05012047
v -0.02198793 0.01723514 -0.03268205
v -0.01666310 0.02023332 -0.02961768
v -0.01522245 0.01885061 -0.02578419
v -0.01424591 0.00433908 -0.02578419
v -0.02198793 0.00651454 -0.03331793
v -0.02198793 0.00593611 -0.03376608
v -0.02198793 0.00402797 -0.03557987
v -0.02198793 0.00330666 -0.03632174
v -0.02198793 0.00289646 -0.03676080
v -0.02198793 0.00231802 -0.03760260
v -0.00703096 0.00407176 -0.04774044
v -0.01644495 0.00507653 -0.05237332
v -0.01734682 0.00597759 -0.05328173
v -0.01793977 0.00656985 -0.05386917
v -0.02064538 0.00488756 -0.05399029
v -0.02198793 0.00583702 -0.05500468
v -0.00703096 0.02180499 -0.04612650
v -0.01791049 0.02009504 -0.05388734
v -0.01882261 0.02067348 -0.05406902
v -0.02198793 0.01666132 -0.05625828
v -0.02198793 0.01779284 -0.05584950
v -0.02198793 0.01804864 -0.05574352
v -0.02198793 0.01945439 -0.05510461
v -0.02019737 0.02160450 -0.05391762
v -0.02019737 0.02212763 -0.05311519
v -0.00703096 0.02157685 -0.04642627
v -0.00703096 0.02049603 -0.04742855
v -0.00735452 0.02011579 -0.04793726
v -0.00703096 0.01997291 -0.04785550
v -0.02198793 0.02280054 -0.05159512
v -0.02198793 0.02309091 -0.05099254
v -0.02198793 0.02316927 -0.05082903
v -0.02198793 0.01638017 -0.03195229
v -0.01571438 0.01807629 -0.02578419
v -0.01440257 0.00474007 -0.02578419
v -0.02198793 0.00759536 -0.03270627
v -0.02198793 0.00713215 -0.03290309
v -0.00703096 0.00468245 -0.04804021
v -0.01870255 0.00556047 -0.05359362
v -0.02198793 0.00592459 -0.05504404
v -0.02198793 0.00877527 -0.05597668
v -0.02198793 0.01032391 -0.05638546
v -0.01773334 0.00733034 -0.05396304
v -0.01698520 0.00733034 -0.05362693
v -0.00703096 0.00734647 -0.04892440
v -0.00703096 0.00612969 -0.04855498
v -0.00703096 0.00583471 -0.04845202
v -0.00703096 0.00496361 -0.04814317
v -0.01462950 0.01895661 -0.05253986
v -0.01769527 0.01929768 -0.05398726
v -0.01870255 0.01929768 -0.05443541
v -0.00703096 0.01923316 -0.04825823
v -0.00879078 0.01877456 -0.04946944
v -0.02198793 0.01630642 -0.05635518
v -0.02198793 0.02083940 -0.05432943
v -0.02107142 0.02159298 -0.05390853
v -0.02198793 0.02271989 -0.05174047
v -0.02198793 0.01517030 -0.03141936
v -0.01581540 0.01782049 -0.02578419
v -0.01484618 0.00598451 -0.02578419
v -0.02198793 0.00882597 -0.03232171
v -0.02198793 0.01181953 -0.05657017
v -0.02169366 0.01181953 -0.05646722
v -0.02169366 0.01032391 -0.05625526
v -0.02039502 0.01032391 -0.05567085
v -0.00703096 0.00876144 -0.04923628
v -0.01368078 0.01780205 -0.05225220
v -0.01442892 0.01780205 -0.05263676
v -0.01570999 0.01780205 -0.05327870
v -0.01667628 0.01780205 -0.05375713
v -0.01933796 0.01578560 -0.05541044
v -0.00703096 0.01809012 -0.04855498
v -0.00703096 0.01780205 -0.04862765
v -0.02198793 0.01497672 -0.05658229
v -0.02198793 0.02191331 -0.05315153
v -0.02198793 0.01480849 -0.03130429
v -0.01621949 0.01630642 -0.02578419
v -0.01592228 0.01032391 -0.02578419
v -0.02198793 0.00987222 -0.03205827
v -0.02198793 0.01344422 -0.05671552
v -0.02006560 0.01180110 -0.05573141
v -0.00703096 0.00900803 -0.04923325
v -0.02019737 0.01331286 -0.05589795
v -0.01928965 0.01480849 -0.05545586
v -0.00703096 0.01032391 -0.04920298
v -0.02019737 0.01480849 -0.05586767
v -0.02198793 0.01476931 -0.05661559
v -0.02198793 0.01396734 -0.03127704
v -0.01645227 0.01480849 -0.02578419
v -0.01622388 0.01173196 -0.02578419
v -0.02198793 0.01206842 -0.03152534
v -0.02198793 0.01181953 -0.03158287
v -0.02198793 0.01453195 -0.05663376
v -0.02198793 0.01331286 -0.03127401
v -0.01641421 0.01331286 -0.02578419
v 0.04713238 -0.00028034 -0.03665460
v 0.04563563 -0.00025178 -0.03366357
v 0.04563563 -0.00027595 -0.03516039
v 0.04563563 -0.00027155 -0.03665460
v 0.04713238 -0.00025837 -0.03736129
v 0.04862704 -0.00024518 -0.03736129
v 0.04713238 -0.00013091 -0.02767890
v 0.04413887 -0.00017047 -0.02767890
v 0.04413887 -0.00019244 -0.02917572
v 0.04413887 -0.00020783 -0.03066993
v 0.04413887 -0.00023420 -0.03366357
v 0.04413887 -0.00022760 -0.03516039
v 0.04403211 0.00011301 -0.03675891
v 0.04562516 -0.00008916 -0.03736129
v 0.05466012 0.00027562 -0.03736129
v 0.04862704 -0.00010015 -0.02917572
v 0.04862704 -0.00006719 -0.02767890
v 0.04713238 -0.00009136 -0.02618208
v 0.04563563 -0.00008916 -0.02468526
v 0.04413887 -0.00008696 -0.02319366
v 0.04413887 -0.00011773 -0.02468526
v 0.04264212 -0.00006719 -0.02319366
v 0.04264212 -0.00009136 -0.02468526
v 0.04264212 -0.00011553 -0.02618208
v 0.04264212 -0.00013531 -0.02767890
v 0.04264212 -0.00015069 -0.02917572
v 0.04264212 -0.00015289 -0.03066993
v 0.04264212 -0.00014849 -0.03216675
v 0.04114746 -0.00002983 -0.03066993
v 0.04025359 0.00007345 -0.03066993
v 0.04264212 -0.00009795 -0.03366357
v 0.04025359 0.00016575 -0.03216675
v 0.04025359 0.00038989 -0.03357491
v 0.04293938 0.00035254 -0.03632864
v 0.04429587 0.00024706 -0.03736129
v 0.05524626 0.00038550 -0.03736129
v 0.05012380 0.00015256 -0.02767890
v 0.04862704 0.00007565 -0.02618208
v 0.04713238 0.00003610 -0.02468526
v 0.04563563 0.00001632 -0.02319366
v 0.04413887 0.00000753 -0.02169684
v 0.04264212 -0.00004082 -0.02169684
v 0.04114746 0.00004049 -0.02169684
v 0.04114746 -0.00000346 -0.02468526
v 0.04114746 -0.00002104 -0.02618208
v 0.04114746 -0.00003862 -0.02917572
v 0.04114746 -0.00003422 -0.02767890
v 0.04025359 0.00004049 -0.02917572
v 0.04025359 0.00134581 -0.03422944
v 0.04324291 0.01103898 -0.03736129
v 0.04422052 0.00097443 -0.03736129
v 0.05563772 0.00046681 -0.03736129
v 0.05246627 0.00056350 -0.02825520
v 0.05161218 0.00046461 -0.02772584
v 0.05110977 0.00053273 -0.02667233
v 0.04563563 0.00024266 -0.02169684
v 0.04413887 0.00022948 -0.02020002
v 0.04264212 0.00006027 -0.02020002
v 0.04114746 0.00007345 -0.02020002
v 0.04025359 0.00012619 -0.02020002
v 0.04025359 0.00009982 -0.02169684
v 0.04025359 0.00008005 -0.02319366
v 0.04025359 0.00006466 -0.02468526
v 0.04025359 0.00004928 -0.02618208
v 0.04025359 0.00003610 -0.02767890
v 0.04025359 0.01181689 -0.03469361
v 0.04323245 0.01181689 -0.03736129
v 0.05588264 0.00058327 -0.03736129
v 0.05331408 0.00078325 -0.02917572
v 0.05302520 0.00093268 -0.02772584
v 0.05210831 0.00066678 -0.02725645
v 0.04642064 0.00058108 -0.02089628
v 0.04553515 0.00049757 -0.02031737
v 0.04496784 0.00057229 -0.01936817
v 0.04402583 0.00049757 -0.01880229
v 0.04192828 0.00058767 -0.01642668
v 0.04264212 0.00028441 -0.01870320
v 0.04114746 0.00039209 -0.01720638
v 0.04114746 0.00017893 -0.01870320
v 0.04025359 0.00019651 -0.01870320
v 0.04331409 0.01266073 -0.03736129
v 0.04025359 0.01331119 -0.03452672
v 0.05631597 0.00080742 -0.03736129
v 0.05460988 0.00142492 -0.02917572
v 0.05458057 0.00178531 -0.02781972
v 0.05318011 0.00156336 -0.02615340
v 0.05161218 0.00080302 -0.02617687
v 0.04596638 0.00077226 -0.01989753
v 0.04444869 0.00075907 -0.01836942
v 0.04292681 0.00075688 -0.01689607
v 0.04345225 0.00057888 -0.01789482
v 0.04114746 0.00055910 -0.01623110
v 0.04114746 0.00117220 -0.01421535
v 0.04025359 0.00143590 -0.01276286
v 0.04025359 0.00094366 -0.01421535
v 0.04025359 0.00067777 -0.01531319
v 0.04025359 0.00053273 -0.01605900
v 0.04025359 0.00035913 -0.01720638
v 0.04346272 0.01317714 -0.03736129
v 0.04025359 0.01679862 -0.03366879
v 0.05704027 0.00123373 -0.03736129
v 0.05548071 0.00198748 -0.02917572
v 0.05536348 0.00208636 -0.02841427
v 0.05762013 0.00160072 -0.03736129
v 0.05406351 0.00192595 -0.02663321
v 0.05272585 0.00180728 -0.02502687
v 0.05171266 0.00149743 -0.02459139
v 0.04105953 0.00178970 -0.01282023
v 0.04025359 0.00194792 -0.01170935
v 0.04455545 0.01630638 -0.03736129
v 0.04025359 0.01743810 -0.03338715
v 0.04482968 0.01708869 -0.03736129
v 0.05829001 0.00206878 -0.03736129
v 0.05834025 0.00210834 -0.03736129
v 0.05822721 0.00224898 -0.03665460
v 0.05847213 0.00336531 -0.03516039
v 0.05835490 0.00358286 -0.03440155
v 0.05683931 0.00362241 -0.02997107
v 0.05558748 0.00291262 -0.02781972
v 0.05543885 0.00345980 -0.02678968
v 0.05505995 0.00246214 -0.02741813
v 0.05372438 0.00225777 -0.02563446
v 0.05227368 0.00218525 -0.02403073
v 0.04050270 0.00200945 -0.01185799
v 0.04025359 0.00284230 -0.01133906
v 0.04025359 0.01792155 -0.03282128
v 0.04613175 0.01818085 -0.03736129
v 0.04508298 0.01736338 -0.03736129
v 0.05837165 0.00215888 -0.03736129
v 0.05868984 0.00299833 -0.03665460
v 0.05945601 0.00443549 -0.03672240
v 0.05894942 0.00433880 -0.03516039
v 0.05853912 0.00440472 -0.03380699
v 0.05702562 0.00469699 -0.02917572
v 0.05669068 0.00394984 -0.02917572
v 0.05841561 0.00494751 -0.03276131
v 0.05561888 0.00444208 -0.02624727
v 0.05539907 0.00501123 -0.02537630
v 0.05511228 0.00401357 -0.02579354
v 0.05411584 0.00325543 -0.02514161
v 0.05458685 0.00285768 -0.02621338
v 0.05637039 0.00445527 -0.02779364
v 0.05228415 0.00368614 -0.02253652
v 0.05084182 0.00362241 -0.02097972
v 0.04939740 0.00356968 -0.01942814
v 0.04792786 0.00354550 -0.01791046
v 0.04642273 0.00354990 -0.01642407
v 0.04932414 0.00521560 -0.01800434
v 0.04777295 0.00545293 -0.01655707
v 0.04610035 0.00583310 -0.01517238
v 0.04617781 0.00732960 -0.01509415
v 0.04025359 0.01331339 -0.01073929
v 0.04721612 0.00590342 -0.01600945
v 0.04791739 0.00645060 -0.01642929
v 0.04025359 0.01827095 -0.03237015
v 0.04727054 0.01893240 -0.03736129
v 0.04652531 0.01844235 -0.03736129
v 0.05875683 0.00284010 -0.03736129
v 0.05912107 0.00350375 -0.03736129
v 0.05988725 0.00499805 -0.03726480
v 0.05974071 0.00540239 -0.03626866
v 0.05687699 0.00503321 -0.02836994
v 0.05957324 0.00587485 -0.03519429
v 0.05904781 0.00583310 -0.03366357
v 0.05668859 0.00583310 -0.02732686
v 0.05609826 0.00583310 -0.02618208
v 0.05551630 0.00583310 -0.02521984
v 0.05495947 0.00583310 -0.02447143
v 0.05227996 0.00538261 -0.02104752
v 0.05403630 0.00483544 -0.02370216
v 0.05267142 0.00468381 -0.02204367
v 0.05178383 0.00415201 -0.02151169
v 0.05128352 0.00462008 -0.02049730
v 0.05054247 0.00420695 -0.02007746
v 0.04973443 0.00433880 -0.01909697
v 0.05082926 0.00519802 -0.01949855
v 0.04899966 0.00433880 -0.01834856
v 0.05016776 0.00570564 -0.01866409
v 0.04950416 0.00621327 -0.01783484
v 0.04713238 0.00732960 -0.01576693
v 0.04642692 0.01384079 -0.01493508
v 0.04827326 0.01480989 -0.01616070
v 0.04025359 0.01480989 -0.01072364
v 0.04718890 0.01480989 -0.01541229
v 0.04872125 0.00732960 -0.01702645
v 0.04797391 0.00732960 -0.01638235
v 0.04025359 0.01897854 -0.03130882
v 0.05120607 0.02133646 -0.03736129
v 0.05082717 0.02111012 -0.03736129
v 0.05985585 0.00489696 -0.03736129
v 0.05989562 0.00497827 -0.03736129
v 0.05993330 0.00509035 -0.03736129
v 0.06015101 0.00585727 -0.03736129
v 0.06001494 0.00587485 -0.03672240
v 0.05990609 0.00640005 -0.03571583
v 0.05743592 0.00583310 -0.02917572
v 0.05700468 0.00583310 -0.02807527
v 0.05974908 0.00694064 -0.03471708
v 0.05953556 0.00739552 -0.03374963
v 0.05681838 0.00683296 -0.02701655
v 0.05646878 0.00732960 -0.02629421
v 0.05565237 0.00732960 -0.02503730
v 0.05240975 0.00638028 -0.02089106
v 0.05099464 0.00619569 -0.01932123
v 0.05032057 0.00732960 -0.01850502
v 0.04957115 0.00732960 -0.01777486
v 0.04902060 0.01480989 -0.01675525
v 0.04893268 0.01630638 -0.01680740
v 0.04818534 0.01630638 -0.01622850
v 0.04641855 0.01567131 -0.01494290
v 0.04025359 0.01630638 -0.01104700
v 0.04700259 0.01622508 -0.01542011
v 0.04025359 0.01979162 -0.03006755
v 0.05186966 0.02169905 -0.03736129
v 0.04025359 0.02040033 -0.02908445
v 0.06033732 0.00652751 -0.03736129
v 0.06039802 0.00732960 -0.03665460
v 0.06055712 0.00732960 -0.03736129
v 0.06001494 0.00739552 -0.03519429
v 0.05785040 0.00732960 -0.02917572
v 0.05988515 0.00793830 -0.03430767
v 0.05842608 0.01217728 -0.02830475
v 0.05689164 0.00783063 -0.02686791
v 0.05954393 0.01184106 -0.03075077
v 0.05966744 0.01331339 -0.03034658
v 0.05872961 0.01173339 -0.02905055
v 0.05907711 0.01331339 -0.02917572
v 0.05850981 0.01331339 -0.02816654
v 0.05804718 0.01331339 -0.02741813
v 0.05719099 0.01181689 -0.02642981
v 0.05729985 0.01331339 -0.02628117
v 0.05678488 0.01331339 -0.02553277
v 0.05508925 0.00732960 -0.02428889
v 0.05614012 0.01331339 -0.02468526
v 0.05546187 0.01331339 -0.02380908
v 0.05553305 0.01480989 -0.02372042
v 0.05490922 0.01480989 -0.02297201
v 0.05180686 0.00732960 -0.02010354
v 0.05105953 0.00732960 -0.01925343
v 0.05060946 0.01480989 -0.01821296
v 0.04986213 0.01480989 -0.01750366
v 0.04983282 0.01630638 -0.01755581
v 0.04958371 0.01780068 -0.01778790
v 0.04801369 0.01728867 -0.01636149
v 0.04025359 0.01671951 -0.01122693
v 0.04625317 0.01666897 -0.01503678
v 0.04717844 0.01779409 -0.01601727
v 0.05238881 0.02180453 -0.03736129
v 0.04025359 0.02077170 -0.02832822
v 0.04025359 0.02106177 -0.02767890
v 0.04025359 0.02125076 -0.02678707
v 0.06076855 0.00882609 -0.03665460
v 0.06073715 0.01032259 -0.03516039
v 0.06036453 0.00882609 -0.03516039
v 0.06093183 0.00887664 -0.03736129
v 0.05973233 0.00882609 -0.03323330
v 0.05934297 0.00882609 -0.03216675
v 0.05983701 0.00961500 -0.03294385
v 0.05996889 0.01061266 -0.03258920
v 0.05978048 0.01135761 -0.03159306
v 0.05989562 0.01235528 -0.03130360
v 0.05999819 0.00882609 -0.03398171
v 0.05972187 0.01480989 -0.03023445
v 0.05919016 0.01480989 -0.02917572
v 0.05997935 0.01331339 -0.03109499
v 0.05856843 0.01480989 -0.02806484
v 0.05810788 0.01480989 -0.02731643
v 0.05726426 0.01486702 -0.02604909
v 0.05683512 0.01440774 -0.02546236
v 0.05553724 0.01630638 -0.02371259
v 0.05638295 0.01486702 -0.02482869
v 0.05686443 0.01540541 -0.02542324
v 0.05490922 0.01630638 -0.02296418
v 0.05416190 0.01480989 -0.02211147
v 0.05209156 0.01480989 -0.01975932
v 0.05134423 0.01480989 -0.01896137
v 0.05133167 0.01630638 -0.01897180
v 0.05058224 0.01630638 -0.01822339
v 0.05033314 0.01780068 -0.01842157
v 0.04938484 0.01856102 -0.01794697
v 0.04770805 0.01828633 -0.01658314
v 0.04025359 0.01747765 -0.01162069
v 0.04591614 0.01780068 -0.01523236
v 0.04489248 0.01855443 -0.01496116
v 0.05311521 0.02194077 -0.03736129
v 0.04025359 0.02133206 -0.02618208
v 0.05012380 0.02216931 -0.03216675
v 0.06114745 0.01039731 -0.03672501
v 0.06127933 0.01151144 -0.03627127
v 0.06110558 0.01193336 -0.03529077
v 0.06061155 0.01181689 -0.03366357
v 0.06018869 0.01019733 -0.03353058
v 0.06122072 0.01013800 -0.03736129
v 0.06008821 0.01184106 -0.03212242
v 0.06037919 0.01331339 -0.03216675
v 0.05904990 0.01630638 -0.02917572
v 0.06001494 0.01480989 -0.03098285
v 0.05993958 0.01591083 -0.03115236
v 0.05851609 0.01630638 -0.02815089
v 0.05806392 0.01630638 -0.02740248
v 0.05686443 0.01563834 -0.02542324
v 0.05546816 0.01738096 -0.02379865
v 0.05637458 0.01620530 -0.02482869
v 0.05416190 0.01630638 -0.02211668
v 0.05207900 0.01630638 -0.01978018
v 0.05402164 0.01780068 -0.02227314
v 0.05188850 0.01780068 -0.01996794
v 0.05114117 0.01780068 -0.01916998
v 0.05094649 0.01864013 -0.01937338
v 0.04997936 0.01887526 -0.01880490
v 0.04862704 0.01884230 -0.01766795
v 0.04670952 0.01880714 -0.01624675
v 0.04025359 0.01782486 -0.01186321
v 0.04548909 0.01898733 -0.01573303
v 0.04025359 0.01827095 -0.01224915
v 0.05311521 0.02200450 -0.03665460
v 0.05384789 0.02187045 -0.03736129
v 0.05161846 0.02215832 -0.03366357
v 0.04025359 0.02116725 -0.02020002
v 0.05012380 0.02212976 -0.03066993
v 0.05161846 0.02214953 -0.03216675
v 0.06135051 0.01077747 -0.03736129
v 0.06136516 0.01094448 -0.03726741
v 0.06141331 0.01193336 -0.03672501
v 0.06135051 0.01250910 -0.03587751
v 0.06085856 0.01331339 -0.03366357
v 0.06040640 0.01480989 -0.03216675
v 0.05841561 0.01718758 -0.02831257
v 0.05965069 0.01636791 -0.03065950
v 0.06008193 0.01636791 -0.03211981
v 0.05980561 0.01690850 -0.03159045
v 0.06082716 0.01480989 -0.03366357
v 0.05681000 0.01663601 -0.02550408
v 0.05722867 0.01620530 -0.02607517
v 0.05529022 0.01837863 -0.02403334
v 0.05388557 0.01857860 -0.02241917
v 0.05585752 0.01784903 -0.02459139
v 0.05241603 0.01861376 -0.02089367
v 0.05299589 0.01890163 -0.02182983
v 0.05235323 0.02003994 -0.02245568
v 0.05085438 0.02003994 -0.02096147
v 0.05026196 0.01976305 -0.02012701
v 0.04713448 0.01936750 -0.01721160
v 0.04867100 0.01964658 -0.01870842
v 0.04755733 0.01992786 -0.01821035
v 0.04563563 0.01984216 -0.01683609
v 0.04025359 0.01838082 -0.01236650
v 0.05311521 0.02208581 -0.03516039
v 0.05461615 0.02174519 -0.03736129
v 0.04025359 0.02104639 -0.01930819
v 0.04114746 0.02119362 -0.02020002
v 0.04713238 0.02134745 -0.02319366
v 0.05012380 0.02124416 -0.02468526
v 0.05323244 0.02180013 -0.03204941
v 0.05311521 0.02206163 -0.03366357
v 0.05161846 0.02101123 -0.02468526
v 0.06137144 0.01089394 -0.03736129
v 0.06139237 0.01103678 -0.03736129
v 0.06150332 0.01188062 -0.03736129
v 0.06154519 0.01331339 -0.03665460
v 0.06139237 0.01331339 -0.03570279
v 0.06120816 0.01331339 -0.03495438
v 0.06140075 0.01433083 -0.03566628
v 0.05861029 0.01773256 -0.02924613
v 0.05815185 0.01818525 -0.02879500
v 0.05690002 0.01860936 -0.02684704
v 0.05664881 0.01780068 -0.02579875
v 0.05914619 0.01780068 -0.03066993
v 0.06118304 0.01482087 -0.03516300
v 0.06045873 0.01630638 -0.03366357
v 0.05992074 0.01723812 -0.03258920
v 0.05957324 0.01776333 -0.03211981
v 0.05420376 0.01891701 -0.02319366
v 0.05562516 0.01885329 -0.02502687
v 0.05381021 0.02000697 -0.02402291
v 0.05323244 0.01973668 -0.02305024
v 0.05281377 0.02027507 -0.02345182
v 0.05135679 0.02024430 -0.02195761
v 0.05026196 0.02042010 -0.02155342
v 0.04985585 0.02018497 -0.02057553
v 0.04656090 0.02009487 -0.01784266
v 0.04919644 0.01998939 -0.01957939
v 0.04563563 0.02014541 -0.01758189
v 0.04413887 0.02000038 -0.01664573
v 0.04025359 0.01878736 -0.01296366
v 0.05444450 0.02177816 -0.03516039
v 0.05451149 0.02177596 -0.03665460
v 0.05530487 0.02152105 -0.03736129
v 0.04025359 0.02091234 -0.01870320
v 0.04114746 0.02086180 -0.01870320
v 0.04264212 0.02109693 -0.02020002
v 0.04563563 0.02119802 -0.02169684
v 0.04713238 0.02107056 -0.02169684
v 0.05012380 0.02094970 -0.02319366
v 0.05422679 0.02165070 -0.03246924
v 0.05442147 0.02173640 -0.03366357
v 0.05176081 0.02050580 -0.02305024
v 0.05323244 0.02045526 -0.02458617
v 0.05467896 0.02144633 -0.03204941
v 0.06163939 0.01331339 -0.03736129
v 0.06154100 0.01481648 -0.03736129
v 0.06146355 0.01482087 -0.03670154
v 0.06129189 0.01532630 -0.03623476
v 0.05841561 0.01863354 -0.02979114
v 0.05711354 0.01883351 -0.02767890
v 0.05611710 0.01906205 -0.02628117
v 0.05857680 0.01885109 -0.03066993
v 0.06076646 0.01630638 -0.03516039
v 0.06003169 0.01747545 -0.03366357
v 0.05968419 0.01822260 -0.03366357
v 0.05514787 0.01989270 -0.02618208
v 0.05692514 0.02009487 -0.02979896
v 0.05410328 0.02018277 -0.02501644
v 0.04862704 0.02081785 -0.02169684
v 0.04025359 0.01892141 -0.01323747
v 0.05516880 0.02147271 -0.03366357
v 0.05841142 0.02008169 -0.03736129
v 0.05610663 0.02099145 -0.03216675
v 0.05610663 0.02069918 -0.03066993
v 0.06137562 0.01564713 -0.03736129
v 0.06136935 0.01562736 -0.03723351
v 0.05753849 0.01924884 -0.02929567
v 0.05787552 0.01959824 -0.03066993
v 0.05878823 0.01908183 -0.03216675
v 0.05809742 0.01983117 -0.03216675
v 0.06106790 0.01619651 -0.03670154
v 0.06037709 0.01780068 -0.03665460
v 0.06011333 0.01787760 -0.03525687
v 0.05978048 0.01842697 -0.03482400
v 0.05712819 0.02022672 -0.03066993
v 0.05839886 0.02007510 -0.03715789
v 0.05908549 0.01953011 -0.03736129
v 0.05734799 0.02035418 -0.03216675
v 0.06110349 0.01634154 -0.03736129
v 0.05986003 0.01856541 -0.03582274
v 0.05993330 0.01865771 -0.03665460
v 0.05999400 0.01872583 -0.03736129
v 0.05948950 0.01917852 -0.03736129
v 0.06086066 0.01692828 -0.03736129
v 0.06048804 0.01780068 -0.03736129
v 0.02468774 0.02380499 -0.00040210
v 0.02434183 0.02379581 -0.00040210
v 0.02583996 0.02380040 -0.00040210
v 0.02768155 0.02221372 -0.01570957
v 0.02319206 0.02371327 -0.00040210
v 0.02618586 0.02377747 -0.00040210
v 0.02917480 0.02216328 -0.01570957
v 0.02768155 0.02236505 -0.01421392
v 0.02768155 0.02206927 -0.01662253
v 0.02618586 0.02194316 -0.01662253
v 0.02284615 0.02366283 -0.00040210
v 0.02733564 0.02366053 -0.00040210
v 0.02768155 0.02335558 -0.00374114
v 0.02917480 0.02229626 -0.01421392
v 0.03903073 0.02027623 -0.01662253
v 0.03756915 0.02052845 -0.01662253
v 0.02921377 0.02194087 -0.01662253
v 0.02490211 0.02167948 -0.01662253
v 0.02166714 0.02342207 -0.00040210
v 0.02768155 0.02360550 -0.00040210
v 0.02768155 0.02358257 -0.00074823
v 0.04025359 0.02000337 -0.01662253
v 0.02169637 0.02097097 -0.01662253
v 0.02020069 0.02063392 -0.01662253
v 0.02088519 0.02317444 -0.00040210
v 0.02871684 0.02334411 -0.00040210
v 0.04025359 0.01987039 -0.01616208
v 0.04025359 0.00045420 -0.01662253
v 0.02902133 0.02325240 -0.00040210
v 0.02977161 0.02297954 -0.00040210
v 0.03045612 0.02264020 -0.00040210
v 0.03067048 0.02251409 -0.00040210
v 0.03156205 0.02197755 -0.00040210
v 0.03179590 0.02182622 -0.00040210
v 0.02076583 0.02313546 -0.00040210
v 0.01919706 0.02020744 -0.01662253
v 0.04025359 0.01947372 -0.01481726
v 0.04011961 0.00044503 -0.01662253
v 0.04025359 0.00053216 -0.01605888
v 0.03311863 0.00041063 -0.00119280
v 0.03254374 0.02122090 -0.00040210
v 0.02065134 0.02306209 -0.00040210
v 0.02008619 0.02267918 -0.00040210
v 0.01866359 0.01964110 -0.01662253
v 0.01777202 0.02017993 -0.00673404
v 0.01764535 0.02025788 -0.00523679
v 0.04025359 0.01892113 -0.01323586
v 0.03964703 0.00041980 -0.01662253
v 0.04025359 0.00067661 -0.01530946
v 0.03322582 0.00134613 -0.00090542
v 0.03289209 0.00134613 -0.00040210
v 0.03203219 0.00040834 -0.00040210
v 0.03217104 0.00038082 -0.00071648
v 0.04025359 0.00094488 -0.01421392
v 0.04025359 0.00143555 -0.01275954
v 0.04025359 0.00194687 -0.01170845
v 0.03315761 0.02064538 -0.00040210
v 0.01912642 0.02188354 -0.00040210
v 0.01846628 0.01935449 -0.01662253
v 0.01681469 0.01921003 -0.00534158
v 0.01654673 0.01959753 -0.00040210
v 0.01670263 0.01976262 -0.00040210
v 0.01742124 0.02043444 -0.00040210
v 0.04025359 0.01878814 -0.01296118
v 0.03333544 0.02047112 -0.00040210
v 0.03814648 0.00040146 -0.01662253
v 0.03432444 0.00882554 -0.00040210
v 0.04025359 0.00284109 -0.01133692
v 0.01870500 0.00076832 -0.00040210
v 0.03275080 0.00051840 -0.01662253
v 0.03366429 0.00049547 -0.01662253
v 0.01870500 0.00075915 -0.00074823
v 0.01870500 0.00074769 -0.00224548
v 0.01791575 0.01835708 -0.01662253
v 0.01641762 0.01865286 -0.00491131
v 0.01610582 0.01901055 -0.00040210
v 0.04025359 0.01838001 -0.01236578
v 0.03408815 0.01950811 -0.00040210
v 0.03453881 0.01001555 -0.00040210
v 0.04025359 0.01331272 -0.01073675
v 0.03499433 0.01480998 -0.00040210
v 0.03497971 0.01442936 -0.00040210
v 0.03493587 0.01331272 -0.00040210
v 0.03489689 0.01286561 -0.00040210
v 0.03479702 0.01182005 -0.00040210
v 0.03474586 0.01140504 -0.00040210
v 0.03459483 0.01037324 -0.00040210
v 0.01711431 0.00128881 -0.00040210
v 0.03011752 0.00059177 -0.01662253
v 0.01869769 0.00166255 -0.01662253
v 0.01928720 0.00144014 -0.01662253
v 0.02020069 0.00121773 -0.01662253
v 0.02078288 0.00113748 -0.01662253
v 0.02169637 0.00105723 -0.01662253
v 0.02468774 0.00082106 -0.01662253
v 0.02618586 0.00072247 -0.01662253
v 0.02770591 0.00066056 -0.01662253
v 0.02833439 0.00064221 -0.01662253
v 0.01756009 0.01770590 -0.01662253
v 0.01721662 0.01679791 -0.01662253
v 0.01564055 0.01780220 -0.00040210
v 0.04025359 0.01826995 -0.01224511
v 0.03453150 0.01878126 -0.00040210
v 0.04025359 0.01480998 -0.01072246
v 0.03496266 0.01630494 -0.00040210
v 0.01639326 0.00184140 -0.00040210
v 0.01790844 0.00205463 -0.01662253
v 0.01818127 0.00190330 -0.01662253
v 0.01709482 0.01637144 -0.01662253
v 0.01686097 0.01480998 -0.01662253
v 0.01543836 0.01630494 -0.00040210
v 0.04025359 0.01782513 -0.01186246
v 0.03478484 0.01780220 -0.00040210
v 0.04025359 0.01747661 -0.01161795
v 0.04025359 0.01630494 -0.01104477
v 0.01633967 0.00192853 -0.00040210
v 0.01753330 0.00287090 -0.01662253
v 0.01678545 0.01331272 -0.01662253
v 0.01539208 0.01530066 -0.00040210
v 0.04025359 0.01671996 -0.01122419
v 0.01611313 0.00280900 -0.00040210
v 0.01575991 0.00433835 -0.00040210
v 0.01553824 0.00583332 -0.00040210
v 0.01680494 0.01182005 -0.01662253
v 0.01680007 0.01210896 -0.01662253
v 0.01537016 0.01480998 -0.00040210
v -0.02198794 0.00078656 -0.04563543
v -0.03067333 0.00086357 -0.04563543
v -0.03067333 0.00090448 -0.04712843
v -0.02917795 0.00090208 -0.04712843
v -0.02768060 0.00090929 -0.04712843
v -0.02618522 0.00092614 -0.04712843
v -0.02198794 0.00082506 -0.04592754
v -0.02198794 0.00085394 -0.04443159
v -0.03216674 0.00087801 -0.04563543
v -0.03216674 0.00091892 -0.04712843
v -0.03216674 0.00111145 -0.04862437
v -0.02618522 0.00114274 -0.04862437
v -0.02618522 0.00142431 -0.05012032
v -0.02618522 0.00170829 -0.05161626
v -0.02198794 0.00106573 -0.04712843
v -0.02198794 0.00088523 -0.04413949
v -0.02198794 0.00122697 -0.04143970
v -0.02198794 0.00147004 -0.03994375
v -0.03067333 0.00111386 -0.04413949
v -0.03216674 0.00126788 -0.04413949
v -0.03366409 0.00114514 -0.04563543
v -0.03366409 0.00107054 -0.04712843
v -0.03366409 0.00118606 -0.04862437
v -0.03216674 0.00142672 -0.05012032
v -0.03067333 0.00214148 -0.05364037
v -0.02917795 0.00212945 -0.05369643
v -0.02917795 0.00197543 -0.05294698
v -0.02768060 0.00169867 -0.05161626
v -0.02768060 0.00196339 -0.05283781
v -0.02618522 0.00197302 -0.05263127
v -0.02515751 0.00202596 -0.05248669
v -0.02198794 0.00114755 -0.04742054
v -0.02198794 0.00154946 -0.03965165
v -0.03370339 0.00168663 -0.04404802
v -0.02198794 0.00188638 -0.03856583
v -0.02198794 0.00194655 -0.03840650
v -0.02198794 0.00220405 -0.03779868
v -0.02203903 0.00224497 -0.03774261
v -0.03515947 0.00194173 -0.04457912
v -0.03591601 0.00209094 -0.04487713
v -0.03515947 0.00165535 -0.04563543
v -0.03515947 0.00146763 -0.04712843
v -0.03515947 0.00150854 -0.04862437
v -0.03366409 0.00150854 -0.05012032
v -0.03216674 0.00175402 -0.05161626
v -0.03216674 0.00200190 -0.05271388
v -0.03321214 0.00203800 -0.05251029
v -0.03216674 0.00224737 -0.05346038
v -0.03067333 0.00253376 -0.05461111
v -0.02768060 0.00220646 -0.05358430
v -0.02917795 0.00257227 -0.05461111
v -0.02768060 0.00279608 -0.05461111
v -0.02676097 0.00353973 -0.05541957
v -0.02623238 0.00318595 -0.05467602
v -0.02467019 0.00251210 -0.05303845
v -0.02309228 0.00308247 -0.05324204
v -0.02198794 0.00321965 -0.05295878
v -0.02198794 0.00244231 -0.05154840
v -0.02198794 0.00232679 -0.05128285
v -0.02234754 0.00207891 -0.05091108
v -0.02198794 0.00202356 -0.05037702
v -0.03322982 0.00200190 -0.04325136
v -0.03422805 0.00215592 -0.04349036
v -0.02198794 0.00231717 -0.03760394
v -0.03515947 0.00236289 -0.04383262
v -0.03655464 0.00287310 -0.04421620
v -0.03771204 0.00335201 -0.04454961
v -0.03689655 0.00235086 -0.04563543
v -0.03614788 0.00200912 -0.04563543
v -0.03642495 0.00190564 -0.04712843
v -0.03636207 0.00192489 -0.04862437
v -0.03613412 0.00200912 -0.04966888
v -0.03519091 0.00184788 -0.05014982
v -0.03421037 0.00214389 -0.05220638
v -0.03369160 0.00190564 -0.05167233
v -0.03216674 0.00274073 -0.05461111
v -0.03216674 0.00333517 -0.05573233
v -0.03067333 0.00323409 -0.05584741
v -0.02917795 0.00328463 -0.05575003
v -0.02768060 0.00343143 -0.05556120
v -0.02576471 0.00371541 -0.05521893
v -0.02252635 0.00361915 -0.05382625
v -0.02768060 0.00408122 -0.05631065
v -0.02768060 0.00482968 -0.05713976
v -0.02198794 0.00338570 -0.05321548
v -0.02198794 0.00289716 -0.03676007
v -0.03325733 0.00339292 -0.04172886
v -0.03515947 0.00311135 -0.04295040
v -0.03619504 0.00338811 -0.04322480
v -0.02198794 0.00330869 -0.03632043
v -0.03719327 0.00372744 -0.04355232
v -0.03921331 0.00475507 -0.04441389
v -0.03873581 0.00373707 -0.04563543
v -0.03798714 0.00309932 -0.04563543
v -0.03887533 0.00510644 -0.04341659
v -0.03717362 0.00220165 -0.04712843
v -0.03710877 0.00224497 -0.04862437
v -0.03664306 0.00242065 -0.05014982
v -0.03570968 0.00215111 -0.05066618
v -0.03471341 0.00200671 -0.05120909
v -0.03519091 0.00230032 -0.05167233
v -0.03310210 0.00347716 -0.05551694
v -0.03216674 0.00391035 -0.05648178
v -0.03067333 0.00380446 -0.05659685
v -0.02917795 0.00389109 -0.05649948
v -0.02198794 0.00376114 -0.05369938
v -0.02677080 0.00500054 -0.05694502
v -0.02691621 0.00656725 -0.05836130
v -0.02917795 0.00463955 -0.05735220
v -0.02917795 0.00535191 -0.05809870
v -0.02768060 0.00562145 -0.05788921
v -0.03706358 0.00675738 -0.04055747
v -0.02198794 0.00402827 -0.03557984
v -0.02198794 0.00593672 -0.03376523
v -0.03815220 0.00630012 -0.04162263
v -0.03893035 0.00656003 -0.04187343
v -0.04043163 0.00653597 -0.04332807
v -0.03940195 0.00448553 -0.04563543
v -0.03881245 0.00370819 -0.04712843
v -0.03806574 0.00295011 -0.04712843
v -0.03951789 0.00625439 -0.04275566
v -0.03793605 0.00299343 -0.04862437
v -0.03770614 0.00320761 -0.05012032
v -0.03750767 0.00344106 -0.05104680
v -0.03665289 0.00307766 -0.05157495
v -0.03615181 0.00332795 -0.05265192
v -0.03364444 0.00434835 -0.05609820
v -0.03319052 0.00488503 -0.05704239
v -0.03216674 0.00465881 -0.05726073
v -0.03067333 0.00455291 -0.05739941
v -0.02198794 0.00452885 -0.05430425
v -0.02768060 0.00636991 -0.05851178
v -0.02839587 0.00805454 -0.05986020
v -0.02632474 0.00745770 -0.05855014
v -0.02540904 0.00804010 -0.05837605
v -0.02198794 0.00483208 -0.05449899
v -0.03067333 0.00529656 -0.05814886
v -0.03067333 0.00604502 -0.05882455
v -0.02917795 0.00610037 -0.05873898
v -0.03788496 0.00775612 -0.04011784
v -0.03829172 0.00728683 -0.04078762
v -0.02198794 0.00651671 -0.03331674
v -0.03888122 0.00809305 -0.04040995
v -0.03951789 0.00744807 -0.04156067
v -0.04043752 0.00802326 -0.04184393
v -0.03992858 0.00702692 -0.04233077
v -0.04087179 0.00733015 -0.04413949
v -0.04046700 0.00644211 -0.04413949
v -0.04075389 0.00882707 -0.04148986
v -0.04132768 0.00882707 -0.04264354
v -0.04182679 0.00985469 -0.04264354
v -0.04019386 0.00590062 -0.04574460
v -0.03931549 0.00445665 -0.04712843
v -0.03868472 0.00396570 -0.04862437
v -0.03845874 0.00440852 -0.05007016
v -0.03775133 0.00437723 -0.05157495
v -0.03751946 0.00489947 -0.05254865
v -0.03714808 0.00390313 -0.05204410
v -0.03875939 0.00539523 -0.05053635
v -0.03616949 0.00477914 -0.05416557
v -0.03473110 0.00480561 -0.05568217
v -0.03418875 0.00532062 -0.05667947
v -0.03305101 0.00645174 -0.05845277
v -0.03216674 0.00622792 -0.05866521
v -0.03216674 0.00547946 -0.05800723
v -0.02917795 0.00714243 -0.05948842
v -0.02729546 0.00882707 -0.05968906
v -0.02917795 0.00788849 -0.05996052
v -0.02917795 0.00882707 -0.06040311
v -0.02804413 0.00882707 -0.06003133
v -0.02694961 0.00961162 -0.05983660
v -0.02621273 0.01019643 -0.05954449
v -0.02491975 0.01032398 -0.05872717
v -0.02396868 0.01116389 -0.05832590
v -0.02198794 0.00592469 -0.05504189
v -0.02198794 0.00583805 -0.05500649
v -0.03067333 0.00701970 -0.05957399
v -0.03665682 0.00835296 -0.03907333
v -0.03822098 0.00875968 -0.03960443
v -0.02198794 0.00713281 -0.03290366
v -0.02218640 0.00695231 -0.03309249
v -0.03939017 0.00909179 -0.04008833
v -0.04038840 0.00958996 -0.04040699
v -0.03979299 0.00868508 -0.04067845
v -0.04147112 0.00882707 -0.04413949
v -0.04045324 0.00644211 -0.04531972
v -0.04120585 0.01021568 -0.04111219
v -0.04193487 0.01084141 -0.04181737
v -0.04199185 0.01060074 -0.04264354
v -0.04181500 0.00993652 -0.04413949
v -0.04038840 0.00661057 -0.04631702
v -0.03996198 0.00583323 -0.04712843
v -0.03909541 0.00471175 -0.04862437
v -0.03896376 0.00495482 -0.04953906
v -0.03848429 0.00586933 -0.05156610
v -0.03872992 0.00706302 -0.05203230
v -0.03773758 0.00583323 -0.05285846
v -0.03721292 0.00583323 -0.05360496
v -0.03897947 0.00639157 -0.05103500
v -0.03913864 0.00586933 -0.05007016
v -0.03572736 0.00540967 -0.05516287
v -0.03459355 0.00631937 -0.05703944
v -0.03411408 0.00733015 -0.05808985
v -0.03336541 0.00733015 -0.05871832
v -0.03266979 0.00849014 -0.05973922
v -0.03216871 0.00736866 -0.05943531
v -0.03167353 0.00789330 -0.05993396
v -0.03067333 0.00776815 -0.06001658
v -0.03067333 0.00882707 -0.06050933
v -0.03067333 0.01032398 -0.06103158
v -0.02917795 0.01032398 -0.06090470
v -0.02754109 0.01019643 -0.06025558
v -0.02672953 0.01061037 -0.05995167
v -0.02580204 0.01181849 -0.05964776
v -0.02455622 0.01172463 -0.05884520
v -0.02385470 0.01216023 -0.05844097
v -0.02198794 0.01032398 -0.05638441
v -0.02198794 0.00877412 -0.05597723
v -0.03756073 0.00942391 -0.03882843
v -0.02198794 0.00759488 -0.03270597
v -0.03861988 0.01032398 -0.03905562
v -0.03979299 0.01018199 -0.03982573
v -0.04058490 0.01058871 -0.04023291
v -0.04123729 0.00882707 -0.04563543
v -0.04075979 0.01181849 -0.04006768
v -0.04150846 0.01181849 -0.04100596
v -0.04195648 0.01181849 -0.04175541
v -0.04206063 0.01181849 -0.04264354
v -0.04198006 0.01068498 -0.04413949
v -0.04191718 0.01094970 -0.04500106
v -0.04168334 0.01040099 -0.04555577
v -0.04054167 0.00761172 -0.04712843
v -0.04045127 0.00792699 -0.04805491
v -0.03956702 0.00583323 -0.04862437
v -0.03890677 0.00806176 -0.05237457
v -0.03738584 0.00665148 -0.05383806
v -0.03599461 0.00640601 -0.05546973
v -0.03640530 0.00587896 -0.05464357
v -0.03907772 0.00746973 -0.05156610
v -0.03960632 0.00733015 -0.05012032
v -0.04011329 0.00738791 -0.04858011
v -0.03484310 0.00733015 -0.05734335
v -0.03437739 0.00819172 -0.05831704
v -0.03294293 0.00948889 -0.05986905
v -0.03216674 0.01032398 -0.06049162
v -0.03216871 0.00892333 -0.06009330
v -0.03366016 0.00883910 -0.05909305
v -0.03079713 0.01174870 -0.06129418
v -0.03038054 0.01220114 -0.06139155
v -0.02977335 0.01220114 -0.06139155
v -0.02923690 0.01174870 -0.06116436
v -0.02768060 0.01181849 -0.06058309
v -0.02655071 0.01181849 -0.06004313
v -0.02564681 0.01331300 -0.05973922
v -0.02468788 0.01331300 -0.05914911
v -0.02378986 0.01331300 -0.05850588
v -0.02198794 0.01181849 -0.05657030
v -0.03787317 0.01032398 -0.03866910
v -0.02198794 0.00882707 -0.03232239
v -0.03886943 0.01115186 -0.03891990
v -0.03959059 0.01171741 -0.03924742
v -0.04091306 0.00882707 -0.04712843
v -0.04080302 0.01331300 -0.04002342
v -0.03905415 0.01214820 -0.03881663
v -0.03977334 0.01331300 -0.03927397
v -0.04159295 0.01330819 -0.04123021
v -0.04193487 0.01281002 -0.04178492
v -0.04196238 0.01293516 -0.04264354
v -0.04179142 0.01480992 -0.04413949
v -0.04193290 0.01300495 -0.04413949
v -0.04201936 0.01181849 -0.04413949
v -0.04191522 0.01181849 -0.04500400
v -0.04183465 0.01336354 -0.04550855
v -0.04179339 0.01181849 -0.04575050
v -0.04145933 0.01181849 -0.04712843
v -0.04127658 0.01032398 -0.04712843
v -0.04055346 0.00891852 -0.04858011
v -0.04029407 0.00848051 -0.04905221
v -0.04041984 0.00947926 -0.04942693
v -0.04046306 0.01032398 -0.04951545
v -0.04011133 0.01032398 -0.05026490
v -0.03969867 0.01331300 -0.05161626
v -0.03894018 0.00882707 -0.05242767
v -0.03732886 0.01181849 -0.05524548
v -0.03654874 0.01032398 -0.05610706
v -0.03591797 0.00952258 -0.05686831
v -0.03580400 0.00852624 -0.05671488
v -0.03559178 0.00733015 -0.05646113
v -0.03515554 0.00885835 -0.05759415
v -0.03450905 0.00918806 -0.05844982
v -0.03377020 0.01032398 -0.05929959
v -0.03302153 0.01032398 -0.05993396
v -0.03216674 0.01181849 -0.06071292
v -0.03120782 0.01331300 -0.06130008
v -0.03045914 0.01331300 -0.06141516
v -0.02969868 0.01331300 -0.06141516
v -0.02895001 0.01331300 -0.06117321
v -0.02768060 0.01331300 -0.06070112
v -0.02639548 0.01331300 -0.06012280
v -0.02562912 0.01480992 -0.05974218
v -0.02468788 0.01480992 -0.05916386
v -0.02637583 0.01480992 -0.06014345
v -0.02377610 0.01480992 -0.05852063
v -0.02198794 0.01344537 -0.05671488
v -0.03828189 0.01171741 -0.03852452
v -0.02198794 0.00987154 -0.03205979
v -0.02198794 0.01032639 -0.03194767
v -0.02198794 0.01181849 -0.03158179
v -0.04068904 0.01480992 -0.04013259
v -0.03815220 0.01331300 -0.03839470
v -0.03902467 0.01331300 -0.03883138
v -0.02198794 0.01331300 -0.03127198
v -0.03891266 0.01409034 -0.03889629
v -0.03950610 0.01467755 -0.03935363
v -0.04132178 0.01480992 -0.04114759
v -0.04152614 0.01630443 -0.04264354
v -0.04162833 0.01630443 -0.04413949
v -0.04174426 0.01480992 -0.04563543
v -0.04149274 0.01331300 -0.04712843
v -0.04091109 0.01181849 -0.04862437
v -0.04079712 0.01032398 -0.04862437
v -0.04023316 0.01331300 -0.05045669
v -0.03973797 0.01480992 -0.05161626
v -0.03913471 0.01480992 -0.05274634
v -0.03911310 0.01331300 -0.05270798
v -0.03863953 0.01331300 -0.05345743
v -0.03738388 0.01331300 -0.05532810
v -0.03671381 0.01181849 -0.05610706
v -0.03596710 0.01032398 -0.05693322
v -0.03789085 0.01331300 -0.05457865
v -0.03535401 0.01032398 -0.05767972
v -0.03460534 0.01032398 -0.05855014
v -0.03386059 0.01181849 -0.05935565
v -0.03311192 0.01181849 -0.06001363
v -0.03216674 0.01331300 -0.06070407
v -0.03067726 0.01483398 -0.06123517
v -0.03018207 0.01435266 -0.06138860
v -0.03231216 0.01493025 -0.06040605
v -0.03205081 0.01630443 -0.06038245
v -0.03186610 0.01780134 -0.06021722
v -0.02977335 0.01435266 -0.06138860
v -0.02768060 0.01480992 -0.06067751
v -0.02664897 0.01630443 -0.06000478
v -0.02590029 0.01630443 -0.05960055
v -0.02456801 0.01638866 -0.05881569
v -0.02383702 0.01594343 -0.05845867
v -0.02198794 0.01476900 -0.05661750
v -0.02198794 0.01206878 -0.03152573
v -0.04054167 0.01589771 -0.04027126
v -0.03665682 0.01480992 -0.03791965
v -0.03818757 0.01467755 -0.03862779
v -0.02198794 0.01396519 -0.03127788
v -0.02198794 0.01480992 -0.03130444
v -0.03773954 0.01630443 -0.03869861
v -0.03754304 0.01727429 -0.03881073
v -0.04090519 0.01635978 -0.04104137
v -0.04119405 0.01780134 -0.04264354
v -0.04135518 0.01780134 -0.04413949
v -0.04130213 0.01780134 -0.04563543
v -0.04155562 0.01630443 -0.04563543
v -0.04139842 0.01480992 -0.04712843
v -0.04090716 0.01480992 -0.04862437
v -0.04053773 0.01480992 -0.04974855
v -0.04094253 0.01331300 -0.04862437
v -0.04052594 0.01331300 -0.04970724
v -0.04025084 0.01480992 -0.05049504
v -0.03965544 0.01630443 -0.05161626
v -0.03909148 0.01630443 -0.05267553
v -0.03865918 0.01480992 -0.05349284
v -0.03737798 0.01480992 -0.05532220
v -0.03679240 0.01331300 -0.05610706
v -0.03604177 0.01181849 -0.05702469
v -0.03791247 0.01480992 -0.05457275
v -0.03541493 0.01181849 -0.05777413
v -0.03466625 0.01181849 -0.05860915
v -0.03465250 0.01331300 -0.05858555
v -0.03384094 0.01331300 -0.05933204
v -0.03309227 0.01331300 -0.05999888
v -0.03067333 0.01630443 -0.06096667
v -0.03300384 0.01451390 -0.05992511
v -0.03290756 0.01551265 -0.05983954
v -0.03303922 0.02036198 -0.05849408
v -0.03166566 0.01892042 -0.06003133
v -0.03582169 0.01780134 -0.05677094
v -0.02917795 0.01630443 -0.06082799
v -0.02923493 0.01483398 -0.06114960
v -0.02768060 0.01630443 -0.06040016
v -0.02688280 0.01710583 -0.05987200
v -0.02399029 0.01694218 -0.05829934
v -0.02198794 0.01666061 -0.05626049
v -0.02198794 0.01630443 -0.05635490
v -0.04029997 0.01689405 -0.04047191
v -0.04072638 0.01780134 -0.04147511
v -0.03665682 0.01630443 -0.03817635
v -0.02198794 0.01517091 -0.03141951
v -0.03662341 0.01778450 -0.03862189
v -0.03710091 0.01827304 -0.03905858
v -0.03821115 0.01790001 -0.03960443
v -0.04069887 0.01925013 -0.04269665
v -0.04049451 0.02017667 -0.04323070
v -0.04098969 0.01929826 -0.04413949
v -0.04052398 0.01872067 -0.04176131
v -0.04098969 0.01929826 -0.04563543
v -0.04073424 0.01929826 -0.04712843
v -0.04097987 0.01780134 -0.04712843
v -0.04120977 0.01630443 -0.04712843
v -0.04048075 0.01605173 -0.04960692
v -0.04024888 0.01645364 -0.05011147
v -0.03928209 0.01785910 -0.05170478
v -0.03900502 0.01739944 -0.05253095
v -0.03995609 0.01780134 -0.05012032
v -0.03860416 0.01630443 -0.05342202
v -0.03732493 0.01630443 -0.05524844
v -0.03674721 0.01480992 -0.05610706
v -0.03606535 0.01331300 -0.05704534
v -0.03785745 0.01630443 -0.05449899
v -0.03540117 0.01331300 -0.05779184
v -0.03602605 0.01480992 -0.05698633
v -0.03596513 0.01601323 -0.05691847
v -0.03530882 0.01480992 -0.05773578
v -0.03456211 0.01480992 -0.05849113
v -0.03067333 0.01780134 -0.06053884
v -0.03356584 0.01493025 -0.05935565
v -0.03446779 0.01572925 -0.05840261
v -0.03366999 0.02084571 -0.05762661
v -0.03449923 0.02312959 -0.05544612
v -0.03330449 0.02189500 -0.05726958
v -0.03250080 0.02135832 -0.05826984
v -0.03555837 0.01929826 -0.05646408
v -0.03455228 0.02033070 -0.05698633
v -0.03067333 0.01969294 -0.05959465
v -0.03067333 0.01894449 -0.06006969
v -0.03150650 0.02155567 -0.05836425
v -0.03590225 0.01701197 -0.05684765
v -0.03647997 0.01780134 -0.05602444
v -0.02912686 0.01789279 -0.06022902
v -0.02768060 0.01739462 -0.06002248
v -0.02768060 0.01814308 -0.05960350
v -0.02548174 0.01851370 -0.05832885
v -0.02498852 0.01751736 -0.05861210
v -0.02198794 0.01945469 -0.05510386
v -0.02198794 0.01804682 -0.05574413
v -0.02198794 0.01779412 -0.05584741
v -0.02198794 0.02083849 -0.05433080
v -0.03973994 0.01793611 -0.04066959
v -0.02198794 0.01637903 -0.03195062
v -0.03610465 0.01867735 -0.03882548
v -0.03668826 0.01930789 -0.03961034
v -0.03788103 0.01894208 -0.04005588
v -0.03887730 0.01852573 -0.04041584
v -0.03778671 0.02179873 -0.04299171
v -0.03775527 0.02326918 -0.04563543
v -0.03885764 0.02299964 -0.04659732
v -0.04057704 0.02031144 -0.04413949
v -0.03729742 0.02145699 -0.04199441
v -0.04060848 0.02041974 -0.04563543
v -0.03727187 0.01993842 -0.04049846
v -0.03678651 0.02088903 -0.04105317
v -0.04050433 0.02025609 -0.04712843
v -0.04039822 0.02005153 -0.04788082
v -0.04039625 0.01705048 -0.04937087
v -0.03884978 0.01839818 -0.05226245
v -0.03755091 0.01890598 -0.05411836
v -0.03771597 0.01780134 -0.05434851
v -0.03722668 0.01780134 -0.05509500
v -0.03647604 0.01642957 -0.05625164
v -0.03430076 0.02132704 -0.05672668
v -0.03366409 0.02331490 -0.05568217
v -0.03621273 0.01929826 -0.05571758
v -0.03701052 0.01936083 -0.05461406
v -0.03611840 0.02189981 -0.05410066
v -0.03584134 0.02289615 -0.05374954
v -0.03617146 0.02340635 -0.05275224
v -0.03479987 0.02345930 -0.05461111
v -0.03421823 0.02450377 -0.05377019
v -0.03206849 0.02202977 -0.05770332
v -0.02912686 0.01924291 -0.05939106
v -0.02959257 0.01870623 -0.05995757
v -0.03137877 0.02155567 -0.05836425
v -0.03079713 0.02082887 -0.05875668
v -0.02917795 0.02033792 -0.05857375
v -0.03216674 0.02288893 -0.05667652
v -0.02859630 0.01845354 -0.05978644
v -0.02647801 0.01883378 -0.05858555
v -0.02524004 0.02021759 -0.05698338
v -0.02198794 0.02191425 -0.05315057
v -0.02525380 0.02169766 -0.05554939
v -0.02198794 0.01723338 -0.03267941
v -0.03515947 0.02135832 -0.04056928
v -0.03515947 0.02060986 -0.03998211
v -0.03627364 0.02032107 -0.04016209
v -0.03694764 0.02279507 -0.04387688
v -0.03662341 0.02229450 -0.04267304
v -0.03665682 0.02382992 -0.04563543
v -0.03671381 0.02436419 -0.04708712
v -0.03827600 0.02351947 -0.04711072
v -0.03653106 0.02323308 -0.04428111
v -0.03893428 0.02308146 -0.04759462
v -0.03630115 0.02179151 -0.04160788
v -0.04014080 0.02100455 -0.04712843
v -0.03893428 0.02308146 -0.04798410
v -0.03914650 0.02224637 -0.04853880
v -0.03876332 0.02271566 -0.04898140
v -0.03897358 0.02171932 -0.04950660
v -0.03742711 0.02158695 -0.05240702
v -0.03760003 0.02079277 -0.05269323
v -0.03790461 0.01936083 -0.05320368
v -0.03734065 0.01990232 -0.05376134
v -0.03216674 0.02343523 -0.05593002
v -0.03369750 0.02413797 -0.05451079
v -0.03714021 0.02079277 -0.05344268
v -0.03664306 0.02224155 -0.05307976
v -0.03716772 0.02258570 -0.05199099
v -0.03747820 0.02315607 -0.05099369
v -0.03570575 0.02440270 -0.05214442
v -0.03661752 0.02377938 -0.05156906
v -0.03369750 0.02471555 -0.05320663
v -0.03322196 0.02457356 -0.05394723
v -0.03606731 0.02463854 -0.05114712
v -0.03470948 0.02464576 -0.05277289
v -0.02830351 0.02012854 -0.05840851
v -0.03079713 0.02202736 -0.05765906
v -0.02917795 0.02191185 -0.05723123
v -0.03038054 0.02135110 -0.05819312
v -0.03067333 0.02288653 -0.05662636
v -0.02917795 0.02108638 -0.05798068
v -0.02775527 0.01931751 -0.05878914
v -0.02618522 0.02045825 -0.05719582
v -0.02814435 0.02168562 -0.05701583
v -0.02618522 0.02120430 -0.05653194
v -0.02198794 0.02272047 -0.05174314
v -0.02655858 0.02322826 -0.05415967
v -0.02618522 0.02191425 -0.05578544
v -0.02733279 0.02287930 -0.05515697
v -0.02768060 0.02329806 -0.04148691
v -0.02768060 0.02275416 -0.04073746
v -0.03366409 0.02292022 -0.04207112
v -0.02917795 0.02056173 -0.03824422
v -0.02917795 0.01996008 -0.03749477
v -0.02198794 0.02307905 -0.04167575
v -0.03515947 0.02203940 -0.04131872
v -0.03594941 0.02305980 -0.04334873
v -0.03515947 0.02372643 -0.04413949
v -0.03511821 0.02433290 -0.04571510
v -0.03558981 0.02448933 -0.04656191
v -0.03625399 0.02461448 -0.04755921
v -0.03717559 0.02443879 -0.04862437
v -0.03515947 0.02278785 -0.04235143
v -0.03821901 0.02358685 -0.04853880
v -0.03703607 0.02418369 -0.05012032
v -0.03772972 0.02343523 -0.05012032
v -0.03844303 0.02224637 -0.05005246
v -0.03763933 0.02216695 -0.05154250
v -0.03067333 0.02333416 -0.05587986
v -0.03260888 0.02457356 -0.05394723
v -0.03213334 0.02423664 -0.05451079
v -0.03366409 0.02507414 -0.05161626
v -0.03628740 0.02471796 -0.05012032
v -0.03515947 0.02503082 -0.05012032
v -0.03518895 0.02479016 -0.05163397
v -0.02917795 0.02266030 -0.05635195
v -0.02917795 0.02317291 -0.05560251
v -0.02833102 0.02307183 -0.05540777
v -0.02198794 0.02279989 -0.05159561
v -0.02777099 0.02332212 -0.05464062
v -0.02768060 0.02400079 -0.05311516
v -0.02198794 0.02346652 -0.05012032
v -0.02198794 0.02316810 -0.05082846
v -0.02198794 0.02309109 -0.05099369
v -0.02648194 0.02327880 -0.04157543
v -0.02768060 0.02382511 -0.04264354
v -0.03216674 0.02465298 -0.04466174
v -0.03216674 0.02425589 -0.04391524
v -0.03366409 0.02341358 -0.04282057
v -0.02198794 0.02336303 -0.04258452
v -0.02618522 0.02434012 -0.04413949
v -0.03515947 0.02319698 -0.04309793
v -0.03358549 0.02418610 -0.04424570
v -0.03303529 0.02456153 -0.04481812
v -0.03515947 0.02496584 -0.04862437
v -0.03642691 0.02470111 -0.04862437
v -0.03216674 0.02491049 -0.04563543
v -0.03067333 0.02397432 -0.05461111
v -0.03213334 0.02471074 -0.05320368
v -0.03161261 0.02450859 -0.05376429
v -0.03216674 0.02505970 -0.05161626
v -0.03366409 0.02522335 -0.05012032
v -0.03216674 0.02529073 -0.05012032
v -0.03067333 0.02442435 -0.05352825
v -0.02861399 0.02450377 -0.05225654
v -0.02198794 0.02398635 -0.04862437
v -0.02198794 0.02357963 -0.04982821
v -0.03097005 0.02466742 -0.04465878
v -0.02198794 0.02372884 -0.04413949
v -0.02459552 0.02443879 -0.04551741
v -0.02503372 0.02459522 -0.04593934
v -0.02618522 0.02452302 -0.04499810
v -0.03067333 0.02526908 -0.04712843
v -0.03055150 0.02486958 -0.04550561
v -0.03216674 0.02515596 -0.04712843
v -0.03366409 0.02515837 -0.04862437
v -0.03067333 0.02491771 -0.05161626
v -0.03067333 0.02464576 -0.05278174
v -0.02961222 0.02458319 -0.05251914
v -0.03067333 0.02522576 -0.05012032
v -0.02917795 0.02509099 -0.05012032
v -0.03216674 0.02531962 -0.04862437
v -0.03067333 0.02537256 -0.04862437
v -0.02913865 0.02472037 -0.05170183
v -0.02805003 0.02463854 -0.05125925
v -0.02198794 0.02403689 -0.04833227
v -0.02198794 0.02400079 -0.04563543
v -0.02198794 0.02413075 -0.04683632
v -0.02198794 0.02415963 -0.04712843
v -0.02917795 0.02525704 -0.04862437
v 0.03216824 0.01032249 -0.07533556
v 0.03216824 0.00920893 -0.07498937
v 0.03066943 0.00934900 -0.07491950
v 0.03066943 0.01032249 -0.07518628
v 0.03216824 0.01181845 -0.07519264
v 0.03366362 0.01032249 -0.07524345
v 0.03366362 0.00924815 -0.07496714
v 0.03216824 0.00846095 -0.07459871
v 0.03366362 0.00850017 -0.07458282
v 0.03066943 0.00860102 -0.07451931
v 0.02974126 0.00949047 -0.07484961
v 0.02944563 0.01032249 -0.07494490
v 0.02946625 0.01139123 -0.07494808
v 0.03073131 0.01186187 -0.07504336
v 0.03584996 0.01709352 -0.07333144
v 0.03665437 0.01712713 -0.07334415
v 0.03750003 0.01711033 -0.07333462
v 0.03356737 0.01186607 -0.07503701
v 0.03127102 0.01260985 -0.07484644
v 0.03478429 0.01139964 -0.07493537
v 0.03488398 0.01032249 -0.07496078
v 0.03466741 0.00941063 -0.07488455
v 0.03367737 0.00719191 -0.07373798
v 0.03340236 0.00683753 -0.07350931
v 0.03251201 0.00683753 -0.07350931
v 0.03220950 0.00720311 -0.07375069
v 0.03066943 0.00745244 -0.07376975
v 0.03815319 0.00711627 -0.07309006
v 0.03665094 0.00683753 -0.07319805
v 0.03468116 0.00683753 -0.07341720
v 0.02917405 0.00760231 -0.07363635
v 0.02921531 0.00892458 -0.07442085
v 0.02757211 0.00871448 -0.07378563
v 0.02869622 0.01032249 -0.07473845
v 0.02905030 0.01186187 -0.07452248
v 0.03027410 0.01238854 -0.07468763
v 0.02767868 0.01032249 -0.07423981
v 0.02679520 0.01123435 -0.07344578
v 0.03515900 0.01887102 -0.07202607
v 0.03665437 0.01914135 -0.07223570
v 0.03665437 0.01787511 -0.07298525
v 0.03806037 0.01768602 -0.07289315
v 0.03857946 0.01630632 -0.07322981
v 0.03783005 0.01630632 -0.07340767
v 0.03563339 0.01032249 -0.07471622
v 0.03887509 0.01528520 -0.07330604
v 0.04025359 0.01412261 -0.07298525
v 0.04025359 0.01270650 -0.07306783
v 0.03987889 0.00882653 -0.07318217
v 0.03894728 0.00804774 -0.07332509
v 0.03952481 0.00746224 -0.07293761
v 0.03397988 0.00683753 -0.07347754
v 0.03191730 0.00683753 -0.07345849
v 0.03146009 0.00683753 -0.07341085
v 0.03066943 0.00683753 -0.07331239
v 0.02932875 0.00683753 -0.07311230
v 0.02917405 0.00685293 -0.07309959
v 0.03957981 0.00683753 -0.07260095
v 0.03854508 0.00683753 -0.07284868
v 0.02800182 0.00781662 -0.07347754
v 0.02700490 0.00814159 -0.07328063
v 0.02666457 0.00913889 -0.07351248
v 0.02272847 0.01534263 -0.06868165
v 0.03515900 0.01962040 -0.07147978
v 0.02771993 0.01176662 -0.07377610
v 0.01184144 0.01418425 -0.06290434
v 0.02663019 0.01032249 -0.07356330
v 0.00903632 0.01379765 -0.06130042
v 0.03665437 0.01988933 -0.07163859
v 0.03815319 0.01892705 -0.07212135
v 0.03906416 0.01867912 -0.07193397
v 0.03959700 0.01774065 -0.07218170
v 0.03964856 0.01630632 -0.07277881
v 0.04025359 0.01570121 -0.07266447
v 0.04025359 0.01032249 -0.07313770
v 0.04025359 0.00882653 -0.07304878
v 0.04025359 0.00736840 -0.07264859
v 0.03988233 0.00683753 -0.07252154
v 0.04021921 0.00683753 -0.07243261
v 0.02919468 0.00683753 -0.07309006
v 0.02917405 0.00683753 -0.07308371
v 0.02762024 0.00683753 -0.07260095
v 0.02757211 0.00732217 -0.07296620
v 0.02650300 0.00683753 -0.07207371
v 0.02587047 0.00683753 -0.07166082
v 0.02572266 0.00690756 -0.07161001
v 0.01518283 0.00683753 -0.06417796
v 0.01203394 0.00817941 -0.06279635
v 0.01175893 0.00917671 -0.06298692
v 0.00904663 0.00983364 -0.06129089
v 0.00892631 0.01083095 -0.06138299
v 0.01119860 0.01483698 -0.06211667
v 0.01155267 0.01592393 -0.06160215
v 0.01216801 0.01692123 -0.06123689
v 0.03429615 0.02013866 -0.07045391
v 0.03515900 0.02030814 -0.07073340
v 0.01033575 0.01865531 -0.05849275
v 0.01003667 0.01449100 -0.06163390
v 0.00890569 0.01181845 -0.06139888
v 0.00893662 0.01280035 -0.06137664
v 0.00513459 0.01331441 -0.05800364
v 0.00590806 0.01420526 -0.05842605
v 0.00513459 0.01476414 -0.05752404
v 0.00513459 0.01482997 -0.05748911
v 0.00848973 0.01480896 -0.06029360
v 0.00880256 0.01574323 -0.05998551
v 0.00961384 0.01491822 -0.06107174
v 0.03665437 0.02038098 -0.07088903
v 0.03815319 0.02023671 -0.07064765
v 0.03815319 0.01967642 -0.07139403
v 0.03903323 0.02010924 -0.07041262
v 0.03954544 0.01924781 -0.07099067
v 0.04025359 0.01899848 -0.07074929
v 0.04025359 0.01813004 -0.07148296
v 0.04006108 0.01819868 -0.07157189
v 0.04025359 0.01779947 -0.07170847
v 0.04025359 0.01736526 -0.07199431
v 0.04025359 0.01705430 -0.07213088
v 0.04025359 0.01625589 -0.07248025
v 0.04025359 0.00683753 -0.07241991
v 0.01157674 0.00683753 -0.06158309
v 0.01126735 0.00739361 -0.06174507
v 0.01035637 0.00793568 -0.06143381
v 0.01006417 0.00882653 -0.06163073
v 0.01124672 0.00873689 -0.06244698
v 0.00931477 0.00882653 -0.06107174
v 0.00747219 0.00955490 -0.05985530
v 0.00737593 0.01032249 -0.05994423
v 0.00834879 0.01032809 -0.06079224
v 0.00577743 0.01032249 -0.05853404
v 0.00513459 0.01147948 -0.05812433
v 0.00513459 0.01181845 -0.05815291
v 0.00728655 0.01181845 -0.06002998
v 0.00815972 0.01181845 -0.06077636
v 0.01055576 0.01548971 -0.06129406
v 0.01032200 0.01717336 -0.05994740
v 0.03515900 0.02069474 -0.06957095
v 0.01260459 0.01982490 -0.05760345
v 0.01203051 0.02003220 -0.05677449
v 0.01302742 0.02014286 -0.05710163
v 0.00513459 0.01776866 -0.05496412
v 0.00513459 0.01792974 -0.05480214
v 0.00513459 0.01814265 -0.05450993
v 0.00513459 0.01887242 -0.05335701
v 0.00513459 0.01890183 -0.05330302
v 0.00513459 0.01636095 -0.05632031
v 0.00932508 0.01674194 -0.05952816
v 0.00978572 0.01626850 -0.06025866
v 0.00513459 0.01643098 -0.05626314
v 0.03665437 0.02077178 -0.06957095
v 0.03815319 0.02053646 -0.06957095
v 0.03964856 0.02070315 -0.06807502
v 0.04025359 0.02057568 -0.06808455
v 0.04025359 0.02019049 -0.06920888
v 0.04003014 0.01981790 -0.07001243
v 0.04025359 0.01951254 -0.07018394
v 0.04025359 0.00683753 -0.05908986
v 0.01099921 0.00683753 -0.06115432
v 0.01079983 0.00693838 -0.06107809
v 0.00977541 0.00737120 -0.06055721
v 0.00876474 0.00780262 -0.06003633
v 0.00825253 0.00896380 -0.06023325
v 0.00590462 0.00945265 -0.05842288
v 0.00513459 0.01032249 -0.05795917
v 0.03515900 0.02083901 -0.06807502
v 0.01421685 0.02050705 -0.05611068
v 0.01421685 0.02065412 -0.05461157
v 0.01031856 0.02010084 -0.05411928
v 0.01260459 0.02026052 -0.05620914
v 0.00513459 0.01891724 -0.05326173
v 0.00513459 0.01902930 -0.05274403
v 0.00523772 0.01929963 -0.05161969
v 0.00673309 0.01969603 -0.05161969
v 0.03665437 0.02103231 -0.06657908
v 0.03964856 0.02104072 -0.06657908
v 0.04025359 0.02094967 -0.06657908
v 0.04025359 0.01972965 -0.06993621
v 0.04025359 0.00894980 -0.05852451
v 0.02125715 0.00683753 -0.04768769
v 0.00917726 0.00683753 -0.05967426
v 0.00776782 0.00855760 -0.05957580
v 0.00912570 0.00683753 -0.05962662
v 0.00724874 0.00779561 -0.05858168
v 0.00625182 0.00845535 -0.05807668
v 0.00513459 0.00906045 -0.05738747
v 0.00513459 0.00917811 -0.05744464
v 0.00513459 0.01021744 -0.05793058
v 0.03515900 0.02095947 -0.06657908
v 0.01271804 0.02042440 -0.05461157
v 0.00823191 0.01991595 -0.05161969
v 0.00923914 0.02002940 -0.05161969
v 0.00823191 0.01986132 -0.05012376
v 0.01025668 0.02006162 -0.05080344
v 0.01421685 0.02051405 -0.05311563
v 0.01571223 0.02050564 -0.05311563
v 0.03815319 0.02114717 -0.06508314
v 0.03665437 0.02109814 -0.06508314
v 0.00513459 0.01925061 -0.05161969
v 0.00523084 0.01898167 -0.05016822
v 0.00673309 0.01966802 -0.05012376
v 0.03964856 0.02106173 -0.06508314
v 0.04025359 0.02096228 -0.06568660
v 0.04025359 0.01032249 -0.05817514
v 0.01186206 0.00683753 -0.04288862
v 0.04025359 0.01042334 -0.05815609
v 0.04025359 0.01181845 -0.05793058
v 0.00765782 0.00683753 -0.05817832
v 0.00759938 0.00683753 -0.05811797
v 0.00577399 0.00782923 -0.05707939
v 0.00513459 0.00822843 -0.05675543
v 0.00513459 0.00877191 -0.05717150
v 0.00823191 0.01948313 -0.04862782
v 0.01086858 0.02006162 -0.05080344
v 0.01352932 0.02005182 -0.05086061
v 0.01571223 0.02019609 -0.05193731
v 0.00513459 0.01894666 -0.05022539
v 0.00513459 0.01611302 -0.04288862
v 0.00673309 0.01904751 -0.04860241
v 0.03964856 0.02059109 -0.06358720
v 0.04025359 0.02065832 -0.06419066
v 0.04025359 0.02093846 -0.06508314
v 0.01676071 0.02013586 -0.05216598
v 0.01070701 0.01148928 -0.04288862
v 0.00513459 0.00683753 -0.04288862
v 0.01763043 0.01331441 -0.04654113
v 0.01688103 0.01331441 -0.04616317
v 0.04025359 0.01307488 -0.05811162
v 0.00620713 0.00683753 -0.05663792
v 0.00513459 0.00739641 -0.05603764
v 0.00513459 0.00746504 -0.05609798
v 0.00823191 0.01885701 -0.04747807
v 0.00972728 0.01887102 -0.04737961
v 0.00972728 0.01945791 -0.04862782
v 0.01452624 0.02000699 -0.05100035
v 0.01122266 0.01932205 -0.04862782
v 0.01122266 0.01749972 -0.04593449
v 0.01122266 0.01824770 -0.04679204
v 0.00972728 0.01836536 -0.04663323
v 0.00850692 0.01425008 -0.04288862
v 0.01362214 0.01712994 -0.04632198
v 0.01271804 0.01728541 -0.04616317
v 0.04025359 0.02046362 -0.06357767
v 0.01571223 0.01990474 -0.05119092
v 0.01061076 0.01181845 -0.04288862
v 0.00513459 0.00683753 -0.05547229
v 0.01959677 0.01431451 -0.04778933
v 0.01876486 0.01481176 -0.04748760
v 0.01665414 0.01428650 -0.04629339
v 0.01038044 0.01254822 -0.04288862
v 0.04025359 0.01480896 -0.05874366
v 0.01122266 0.01876737 -0.04753842
v 0.01283835 0.01812864 -0.04719222
v 0.01341588 0.01853765 -0.04790049
v 0.01241896 0.01865811 -0.04773216
v 0.00981666 0.01342506 -0.04288862
v 0.01040106 0.01402176 -0.04340315
v 0.01415841 0.01629792 -0.04607741
v 0.01781950 0.01696325 -0.04794496
v 0.01681915 0.01722378 -0.04775439
v 0.01571223 0.01817627 -0.04834832
v 0.04025359 0.02008963 -0.06278365
v 0.01571223 0.01933465 -0.05012376
v 0.01830765 0.01596595 -0.04767499
v 0.01717323 0.01479495 -0.04671264
v 0.04025359 0.01543368 -0.05901363
v 0.01661289 0.01861049 -0.04927892
v 0.01571223 0.01872955 -0.04909788
v 0.01522064 0.01579506 -0.04626481
v 0.01721448 0.01781348 -0.04861194
v 0.04025359 0.01624049 -0.05936300
v 0.04025359 0.01718176 -0.05993787
v 0.04025359 0.01780228 -0.06043652
v 0.04025359 0.01867912 -0.06118925
v 0.01714916 0.01893825 -0.05008882
v 0.04862694 -0.00071384 -0.04862911
v 0.04862694 -0.00057984 -0.05012391
v 0.05012307 -0.00050851 -0.05012391
v 0.05161921 -0.00056254 -0.04862911
v 0.05161921 -0.00057335 -0.04713163
v 0.05012307 -0.00064252 -0.04713163
v 0.04862694 -0.00070952 -0.04713163
v 0.04713080 -0.00066629 -0.04862911
v 0.04480663 -0.00016052 -0.05461368
v 0.04713080 -0.00028588 -0.05311619
v 0.04862694 -0.00041125 -0.05162140
v 0.04563466 -0.00015836 -0.05461368
v 0.05161921 -0.00043286 -0.05012391
v 0.04862694 -0.00024265 -0.05311619
v 0.05012307 -0.00033776 -0.05162140
v 0.05311535 -0.00030966 -0.04862911
v 0.05311535 -0.00042854 -0.04713163
v 0.05311535 -0.00045231 -0.04563682
v 0.05311535 -0.00042638 -0.04413934
v 0.05311535 -0.00042205 -0.04405346
v 0.05020804 -0.00047393 -0.04405346
v 0.04871191 -0.00049554 -0.04405346
v 0.04862694 -0.00050202 -0.04413934
v 0.04713080 -0.00064468 -0.04713163
v 0.04480663 -0.00035721 -0.04713163
v 0.04480663 -0.00036585 -0.04795819
v 0.04480663 -0.00037234 -0.04862911
v 0.04480663 -0.00034856 -0.04945568
v 0.04480663 -0.00019078 -0.05394545
v 0.04480663 -0.00007622 -0.05544025
v 0.04480663 0.00001023 -0.05610848
v 0.04563466 0.00003617 -0.05610848
v 0.04713080 -0.00010865 -0.05461368
v 0.05161921 -0.00025995 -0.05162140
v 0.05311535 0.00003401 -0.05162140
v 0.05012307 -0.00014971 -0.05311619
v 0.05461148 -0.00008703 -0.04713163
v 0.05461148 -0.00022968 -0.04563682
v 0.05461148 -0.00027508 -0.04413934
v 0.05461148 -0.00027508 -0.04405346
v 0.05320032 -0.00041557 -0.04405346
v 0.04862694 -0.00049554 -0.04405346
v 0.04713080 -0.00052364 -0.04563682
v 0.04563466 -0.00035505 -0.04563682
v 0.04480663 -0.00031182 -0.04646339
v 0.04480663 0.00013776 -0.05693773
v 0.04480663 0.00043819 -0.05842448
v 0.05161921 -0.00001354 -0.05311619
v 0.05314867 0.00033877 -0.05312425
v 0.05401836 0.00052033 -0.05263045
v 0.05688401 0.00057436 -0.04650901
v 0.05614761 0.00040145 -0.04705648
v 0.05610762 0.00023502 -0.04563682
v 0.05610762 0.00017234 -0.04413934
v 0.05610762 0.00017018 -0.04405346
v 0.05469478 -0.00025130 -0.04405346
v 0.04721577 -0.00040044 -0.04405346
v 0.04713080 -0.00040044 -0.04413934
v 0.04480663 -0.00022968 -0.04563682
v 0.04480663 0.00051600 -0.05874384
v 0.04480663 0.00061327 -0.05913834
v 0.04480663 0.00099368 -0.06054726
v 0.04480663 0.00141299 -0.06209037
v 0.04480663 0.00185176 -0.06356907
v 0.05161921 0.00037119 -0.05439898
v 0.05267051 0.00048791 -0.05411452
v 0.05366682 0.00067163 -0.05362877
v 0.05455484 0.00097206 -0.05312425
v 0.05624590 0.00155781 -0.05174753
v 0.05496303 0.00079267 -0.05162140
v 0.05667242 0.00068459 -0.04750734
v 0.05692233 0.00055275 -0.04563682
v 0.05701563 0.00193606 -0.05133693
v 0.05719223 0.00176314 -0.05012391
v 0.05737884 0.00157294 -0.04862911
v 0.05757377 0.00137625 -0.04700281
v 0.05837681 0.00206574 -0.04650096
v 0.05845012 0.00197712 -0.04563682
v 0.05853509 0.00185392 -0.04413934
v 0.05771538 0.00110607 -0.04413934
v 0.05696898 0.00053546 -0.04405346
v 0.05696732 0.00053546 -0.04413934
v 0.04712580 -0.00037882 -0.04405346
v 0.04480663 -0.00003516 -0.04488540
v 0.04480663 0.00207223 -0.06426682
v 0.04766561 0.00213707 -0.06270493
v 0.04939333 0.00208736 -0.06135773
v 0.04998479 0.00195767 -0.06051506
v 0.05098777 0.00203765 -0.05996222
v 0.05275214 0.00188202 -0.05760597
v 0.05423828 0.00184312 -0.05582401
v 0.05468646 0.00160752 -0.05464857
v 0.05587603 0.00175666 -0.05311619
v 0.05683902 0.00210681 -0.05233256
v 0.05771705 0.00110391 -0.04405346
v 0.05765374 0.00278766 -0.05176363
v 0.05794030 0.00254126 -0.05012391
v 0.05812690 0.00232944 -0.04862911
v 0.05826186 0.00218678 -0.04749929
v 0.05876168 0.00307729 -0.04862911
v 0.05878833 0.00274875 -0.04705111
v 0.05906491 0.00284169 -0.04563682
v 0.05921652 0.00284169 -0.04413934
v 0.05922152 0.00284169 -0.04405346
v 0.05853676 0.00185176 -0.04405346
v 0.05776370 0.00114498 -0.04405346
v 0.04562467 0.00004265 -0.04405346
v 0.04480663 0.00018315 -0.04428694
v 0.04480663 0.00212194 -0.06438490
v 0.04485827 0.00210033 -0.06432049
v 0.04563466 0.00219759 -0.06407091
v 0.04715246 0.00240509 -0.06353418
v 0.04862694 0.00231214 -0.06237484
v 0.04998479 0.00262987 -0.06195082
v 0.05039131 0.00228405 -0.06096055
v 0.05151091 0.00333450 -0.06200449
v 0.05153924 0.00258232 -0.06051506
v 0.05198574 0.00229269 -0.05940939
v 0.05241226 0.00206574 -0.05841106
v 0.05523460 0.00218246 -0.05517188
v 0.05245891 0.00351389 -0.06144897
v 0.05556614 0.00195983 -0.05417356
v 0.05662410 0.00228405 -0.05311619
v 0.05733718 0.00303190 -0.05311619
v 0.05829184 0.00370194 -0.05219301
v 0.05844512 0.00346850 -0.05119469
v 0.05859340 0.00328911 -0.05012391
v 0.05962471 0.00402183 -0.04713163
v 0.05955639 0.00440008 -0.04867741
v 0.05971467 0.00384459 -0.04563682
v 0.05978132 0.00371491 -0.04413934
v 0.05978298 0.00371058 -0.04405346
v 0.04554803 0.00006427 -0.04405346
v 0.04480663 0.00075808 -0.04428694
v 0.04553470 0.00006859 -0.04405346
v 0.04480663 0.00229485 -0.06467742
v 0.04480663 0.00257151 -0.06512828
v 0.04577128 0.00296057 -0.06522488
v 0.04713080 0.00319833 -0.06485186
v 0.04870358 0.00307080 -0.06368983
v 0.05012307 0.00336908 -0.06320946
v 0.05093945 0.00354848 -0.06291157
v 0.05380677 0.00363710 -0.05976363
v 0.05548451 0.00346634 -0.05706923
v 0.05617593 0.00275740 -0.05471029
v 0.05193743 0.00397428 -0.06244730
v 0.05097944 0.00495988 -0.06443589
v 0.05246058 0.00497069 -0.06294109
v 0.05295873 0.00452760 -0.06189714
v 0.05386675 0.00508092 -0.06134699
v 0.05351520 0.00399589 -0.06059557
v 0.05705895 0.00333233 -0.05424870
v 0.05678571 0.00369978 -0.05524702
v 0.05811524 0.00425526 -0.05321012
v 0.05852509 0.00470051 -0.05277268
v 0.05871336 0.00425526 -0.05166433
v 0.05919319 0.00433740 -0.05012391
v 0.05991793 0.00494043 -0.04821314
v 0.05999957 0.00476968 -0.04713163
v 0.05981130 0.00518251 -0.04921146
v 0.06008788 0.00459244 -0.04563682
v 0.06014619 0.00446276 -0.04413934
v 0.06014785 0.00446060 -0.04405346
v 0.04480663 0.00114930 -0.04428963
v 0.04553470 0.00126386 -0.04405346
v 0.04480663 0.00311619 -0.06597094
v 0.04480663 0.00333450 -0.06629567
v 0.04825707 0.00343176 -0.06453787
v 0.04536310 0.00339934 -0.06609171
v 0.04636107 0.00359819 -0.06582066
v 0.04925338 0.00364142 -0.06425877
v 0.05012307 0.00390727 -0.06395820
v 0.04941499 0.00505283 -0.06586628
v 0.05413832 0.00474374 -0.06059557
v 0.05513463 0.00384027 -0.05806487
v 0.05551283 0.00483668 -0.05862039
v 0.05043963 0.00583310 -0.06545568
v 0.05123935 0.00583310 -0.06470694
v 0.05268883 0.00583310 -0.06319604
v 0.05343523 0.00583310 -0.06231579
v 0.05198908 0.00583310 -0.06394478
v 0.05403669 0.00583310 -0.06156705
v 0.05545785 0.00636048 -0.05999174
v 0.05522293 0.00536407 -0.05961603
v 0.05706895 0.00469619 -0.05573545
v 0.05738050 0.00425310 -0.05469419
v 0.05831017 0.00518251 -0.05376832
v 0.05947143 0.00594333 -0.05151673
v 0.05876834 0.00574232 -0.05321012
v 0.05969968 0.00548295 -0.05012391
v 0.06012120 0.00574232 -0.04867741
v 0.06042442 0.00583310 -0.04713163
v 0.06059936 0.00583310 -0.04563682
v 0.05997125 0.00623080 -0.05012391
v 0.06070099 0.00583310 -0.04413934
v 0.06067100 0.00575313 -0.04405346
v 0.04641772 0.01177268 -0.04405346
v 0.04643605 0.01191966 -0.04405346
v 0.04480663 0.01520069 -0.05412525
v 0.04480663 0.00361548 -0.06668212
v 0.04480663 0.00381433 -0.06694780
v 0.04480663 0.00513064 -0.06869486
v 0.04661598 0.00498150 -0.06746038
v 0.04862694 0.00486262 -0.06611586
v 0.04761396 0.00524735 -0.06717323
v 0.04650269 0.00648152 -0.06889882
v 0.04819042 0.00624593 -0.06758383
v 0.04969156 0.00583310 -0.06611049
v 0.04918674 0.00692462 -0.06716518
v 0.05075451 0.00684464 -0.06572942
v 0.05369847 0.00707375 -0.06263515
v 0.05225399 0.00692029 -0.06421046
v 0.05509798 0.00733096 -0.06100617
v 0.05564612 0.00733096 -0.06025743
v 0.05641085 0.00741958 -0.05898537
v 0.05672907 0.00697865 -0.05811586
v 0.05699564 0.00624809 -0.05712290
v 0.05573442 0.00585039 -0.05911150
v 0.05678071 0.00525168 -0.05673109
v 0.05732052 0.00578338 -0.05618362
v 0.05810858 0.00574232 -0.05467004
v 0.05851677 0.00618109 -0.05421113
v 0.05987128 0.00651395 -0.05094780
v 0.05933647 0.00733096 -0.05311619
v 0.06063101 0.00733096 -0.04862911
v 0.06089425 0.00733096 -0.04713163
v 0.06106253 0.00733096 -0.04563682
v 0.06117582 0.00747362 -0.04405346
v 0.06100255 0.00687274 -0.04405346
v 0.06070266 0.00583310 -0.04405346
v 0.04646270 0.01202341 -0.04405346
v 0.04480663 0.01699899 -0.05542146
v 0.04480663 0.01677637 -0.05525239
v 0.04480663 0.01630518 -0.05490352
v 0.04480663 0.00516738 -0.06873780
v 0.04563466 0.00543324 -0.06849627
v 0.04558635 0.00738284 -0.06986763
v 0.04683924 0.00733096 -0.06913498
v 0.04758730 0.00733096 -0.06863583
v 0.04563466 0.00618109 -0.06912694
v 0.04480663 0.00675386 -0.06991862
v 0.04480663 0.00703052 -0.07008232
v 0.04480663 0.00738284 -0.07027822
v 0.04866359 0.00738500 -0.06781731
v 0.04945331 0.00792103 -0.06739866
v 0.05096111 0.00784322 -0.06592264
v 0.05306036 0.00749523 -0.06352613
v 0.05386508 0.00807233 -0.06284179
v 0.05528291 0.00842032 -0.06124770
v 0.05242226 0.00791887 -0.06439295
v 0.05660244 0.00882666 -0.05936108
v 0.05577607 0.00888286 -0.06068681
v 0.05688568 0.00797723 -0.05841375
v 0.05842346 0.00783457 -0.05549124
v 0.05827352 0.00683600 -0.05520677
v 0.05867504 0.00733312 -0.05467004
v 0.05973300 0.00733096 -0.05202394
v 0.05997458 0.00733096 -0.05127520
v 0.06029280 0.00733096 -0.05012391
v 0.05965969 0.00871211 -0.05310814
v 0.05983463 0.00813501 -0.05232988
v 0.05906324 0.00882666 -0.05461368
v 0.06095257 0.00882666 -0.04862911
v 0.06121914 0.00882234 -0.04714236
v 0.06139075 0.00931731 -0.04665125
v 0.06129744 0.00833386 -0.04563682
v 0.06132577 0.00817608 -0.04441575
v 0.06133243 0.00813933 -0.04405346
v 0.04773725 0.01583183 -0.04405346
v 0.04480663 0.01710706 -0.05556906
v 0.04480663 0.00596062 -0.06938725
v 0.04480663 0.00778054 -0.07046877
v 0.04505487 0.00791671 -0.07040168
v 0.04786887 0.00810691 -0.06881563
v 0.04607118 0.00882666 -0.07016283
v 0.04959659 0.00882666 -0.06752479
v 0.05034466 0.00882666 -0.06681898
v 0.05109939 0.00882666 -0.06607024
v 0.05184746 0.00882666 -0.06527588
v 0.05395838 0.00882666 -0.06295182
v 0.05329528 0.00882666 -0.06370057
v 0.05479142 0.00888286 -0.06196692
v 0.05539121 0.00941889 -0.06138456
v 0.05254721 0.00882666 -0.06452713
v 0.05671407 0.01032237 -0.05959993
v 0.05713392 0.01032237 -0.05885118
v 0.05780035 0.01032237 -0.05760597
v 0.05854176 0.00882666 -0.05571398
v 0.05547784 0.01032237 -0.06149191
v 0.05608596 0.01032237 -0.06059557
v 0.06012453 0.00871211 -0.05174753
v 0.06060269 0.00882666 -0.05012391
v 0.05993793 0.00913359 -0.05260362
v 0.05865338 0.01032237 -0.05595819
v 0.05927150 0.01032237 -0.05461368
v 0.06079429 0.01032237 -0.05012391
v 0.06114083 0.01032237 -0.04862911
v 0.06131244 0.01032237 -0.04770593
v 0.06143740 0.01032237 -0.04695718
v 0.06158901 0.01032237 -0.04563682
v 0.06169564 0.01032237 -0.04413934
v 0.06143240 0.00908171 -0.04563682
v 0.06144572 0.00874669 -0.04405346
v 0.04819542 0.01657968 -0.04405346
v 0.04480663 0.01737292 -0.05613263
v 0.04480663 0.00816095 -0.07062174
v 0.04727575 0.00869482 -0.06936578
v 0.04801882 0.00910549 -0.06893908
v 0.04856196 0.00869482 -0.06837819
v 0.04480663 0.00887638 -0.07086863
v 0.04480663 0.01032669 -0.07122556
v 0.04573296 0.01032885 -0.07070493
v 0.04629776 0.00983821 -0.07026749
v 0.05050294 0.01032237 -0.06696927
v 0.04889684 0.01032237 -0.06841040
v 0.04975487 0.01032237 -0.06766165
v 0.05124268 0.01032237 -0.06622053
v 0.05199074 0.01032237 -0.06543421
v 0.05269383 0.01032237 -0.06468547
v 0.05410333 0.01032237 -0.06311553
v 0.05485140 0.01032237 -0.06224065
v 0.05344023 0.01032237 -0.06386427
v 0.05620592 0.01181591 -0.06059557
v 0.05676572 0.01181591 -0.05969117
v 0.05718890 0.01181591 -0.05894243
v 0.05791531 0.01181591 -0.05760597
v 0.05826852 0.01032237 -0.05670694
v 0.05554782 0.01181591 -0.06158584
v 0.05492637 0.01181591 -0.06233458
v 0.06037610 0.01032237 -0.05162140
v 0.05971634 0.01032237 -0.05353216
v 0.06000624 0.01032237 -0.05278342
v 0.05869504 0.01181591 -0.05606554
v 0.05832850 0.01181591 -0.05681160
v 0.05934980 0.01181591 -0.05461368
v 0.06088426 0.01181591 -0.05012391
v 0.06123747 0.01167542 -0.04850566
v 0.06134409 0.01108319 -0.04787768
v 0.06166065 0.01181591 -0.04563682
v 0.06182226 0.01181591 -0.04413934
v 0.06182726 0.01181591 -0.04405346
v 0.06169897 0.01032237 -0.04405346
v 0.04894349 0.01748315 -0.04405346
v 0.04480663 0.01847092 -0.05860160
v 0.04480663 0.01804296 -0.05757376
v 0.04645271 0.01083246 -0.07036947
v 0.04814877 0.01032237 -0.06904642
v 0.04480663 0.01148089 -0.07142147
v 0.04983317 0.01181591 -0.06775290
v 0.05058125 0.01181591 -0.06704173
v 0.04826373 0.01181591 -0.06914572
v 0.04901180 0.01181591 -0.06850164
v 0.05131598 0.01181591 -0.06629298
v 0.05206405 0.01181591 -0.06550935
v 0.05276214 0.01181591 -0.06476061
v 0.05350854 0.01181591 -0.06394478
v 0.05417830 0.01181591 -0.06319604
v 0.05552116 0.01331377 -0.06155900
v 0.05616093 0.01331377 -0.06059557
v 0.05674739 0.01331377 -0.05966165
v 0.05717391 0.01331377 -0.05891559
v 0.05788699 0.01331377 -0.05760597
v 0.05492637 0.01331377 -0.06230775
v 0.05417830 0.01331377 -0.06320140
v 0.06046108 0.01181591 -0.05162140
v 0.05975466 0.01181591 -0.05362072
v 0.06003956 0.01181591 -0.05287467
v 0.05867504 0.01331377 -0.05603602
v 0.05931815 0.01331377 -0.05461368
v 0.05831517 0.01331377 -0.05678208
v 0.05974133 0.01331377 -0.05358852
v 0.06043108 0.01331377 -0.05162140
v 0.06083594 0.01331377 -0.05012391
v 0.06135243 0.01264589 -0.04792331
v 0.06135243 0.01208176 -0.04792331
v 0.06144073 0.01167542 -0.04727922
v 0.06178061 0.01331377 -0.04413934
v 0.06178727 0.01331377 -0.04405346
v 0.05210237 0.02029516 -0.04405346
v 0.04480663 0.01871300 -0.05935571
v 0.04480663 0.01181591 -0.07146977
v 0.04563466 0.01181591 -0.07097598
v 0.04652935 0.01181591 -0.07041777
v 0.04727741 0.01181591 -0.06989446
v 0.04982151 0.01331377 -0.06773948
v 0.05056958 0.01331377 -0.06704173
v 0.05131765 0.01331377 -0.06629298
v 0.04823708 0.01331377 -0.06911620
v 0.04898515 0.01331377 -0.06848554
v 0.05206572 0.01331377 -0.06551204
v 0.05276880 0.01331377 -0.06476330
v 0.05351520 0.01331377 -0.06395015
v 0.05544952 0.01453498 -0.06146507
v 0.05664076 0.01480948 -0.05948721
v 0.05707728 0.01480948 -0.05873847
v 0.05767540 0.01480948 -0.05760597
v 0.05406668 0.01480948 -0.06307796
v 0.06002790 0.01331377 -0.05283978
v 0.05912155 0.01480948 -0.05461368
v 0.05820188 0.01480948 -0.05654323
v 0.05966469 0.01480948 -0.05339798
v 0.05995292 0.01480948 -0.05264924
v 0.06026948 0.01480948 -0.05162140
v 0.06064934 0.01480948 -0.05012391
v 0.06118582 0.01321219 -0.04850566
v 0.06129744 0.01364447 -0.04755296
v 0.06140741 0.01321219 -0.04708600
v 0.06158901 0.01331377 -0.04563682
v 0.06154402 0.01488729 -0.04405346
v 0.06136742 0.01413944 -0.04655732
v 0.05305203 0.02085281 -0.04405346
v 0.04480663 0.01948895 -0.06209037
v 0.04480663 0.01333539 -0.07133559
v 0.04650769 0.01293985 -0.07039899
v 0.05040964 0.01480948 -0.06692096
v 0.05120436 0.01480948 -0.06617222
v 0.04806381 0.01441394 -0.06896860
v 0.04966157 0.01480948 -0.06757041
v 0.04705583 0.01338942 -0.06994009
v 0.05195243 0.01480948 -0.06539127
v 0.05265718 0.01480948 -0.06464521
v 0.05340358 0.01480948 -0.06382402
v 0.05491971 0.01494348 -0.06201522
v 0.05535289 0.01553355 -0.06133626
v 0.05584105 0.01494348 -0.06074048
v 0.05695565 0.01590964 -0.05852646
v 0.05394005 0.01575618 -0.06293035
v 0.05873335 0.01631815 -0.05469151
v 0.05953640 0.01625330 -0.05302763
v 0.05988461 0.01571943 -0.05246675
v 0.06002290 0.01625330 -0.05162676
v 0.06038277 0.01630518 -0.05012391
v 0.06092591 0.01480948 -0.04862911
v 0.06152570 0.01489377 -0.04419838
v 0.06127079 0.01633760 -0.04419838
v 0.06131244 0.01618846 -0.04405346
v 0.06062602 0.01630518 -0.04862911
v 0.05311535 0.02088955 -0.04405346
v 0.04480663 0.01976993 -0.06358785
v 0.04480663 0.01475544 -0.07082570
v 0.04528812 0.01480948 -0.07055733
v 0.04633942 0.01393842 -0.07029433
v 0.04575796 0.01338942 -0.07077470
v 0.05103275 0.01586641 -0.06599510
v 0.04948497 0.01572592 -0.06741475
v 0.04722743 0.01487000 -0.06935505
v 0.04778890 0.01541035 -0.06876464
v 0.05249890 0.01581021 -0.06447615
v 0.05519961 0.01630518 -0.06112693
v 0.05569610 0.01630518 -0.06037819
v 0.05649748 0.01636786 -0.05905514
v 0.05437990 0.01627492 -0.06215209
v 0.05680737 0.01690605 -0.05826346
v 0.05723888 0.01636786 -0.05770258
v 0.05372513 0.01675259 -0.06269419
v 0.05857008 0.01747018 -0.05424602
v 0.05976799 0.01671585 -0.05212861
v 0.05992793 0.01727349 -0.05113028
v 0.06001123 0.01778359 -0.04999510
v 0.06023449 0.01780088 -0.04862911
v 0.06070599 0.01780088 -0.04563682
v 0.06089759 0.01774685 -0.04405346
v 0.06127412 0.01638299 -0.04405346
v 0.05452651 0.02123970 -0.04405346
v 0.04480663 0.01975480 -0.06505045
v 0.05461148 0.02136722 -0.04862911
v 0.04480663 0.01569133 -0.07040168
v 0.04496657 0.01562649 -0.07036411
v 0.04603619 0.01480948 -0.07012794
v 0.05012141 0.01629437 -0.06657477
v 0.05075951 0.01686499 -0.06571600
v 0.04906345 0.01672233 -0.06715444
v 0.04679092 0.01592477 -0.06909205
v 0.05415498 0.01744641 -0.06169587
v 0.05550117 0.01728430 -0.06006420
v 0.05653413 0.01787005 -0.05770258
v 0.05705395 0.01741615 -0.05726782
v 0.05578440 0.01779007 -0.05906051
v 0.05273048 0.01745073 -0.06319872
v 0.05829018 0.01846876 -0.05376028
v 0.05884331 0.01790247 -0.05320207
v 0.05953474 0.01778359 -0.05162676
v 0.05972301 0.01826991 -0.05040838
v 0.05985629 0.01856170 -0.04941274
v 0.06087260 0.01780088 -0.04413934
v 0.05991627 0.01864167 -0.04862911
v 0.06087593 0.01780088 -0.04405346
v 0.05461148 0.02125483 -0.04405346
v 0.05161921 0.01956460 -0.06059557
v 0.04563466 0.01958405 -0.06508265
v 0.04480663 0.01932684 -0.06656404
v 0.05461148 0.02129157 -0.05012391
v 0.05610762 0.02106679 -0.05012391
v 0.05610762 0.02123754 -0.04862911
v 0.04480663 0.01583399 -0.07030506
v 0.04480663 0.01650619 -0.06982469
v 0.04558135 0.01627492 -0.06954827
v 0.04976154 0.01742047 -0.06615612
v 0.05222566 0.01844931 -0.06273445
v 0.05324530 0.01794786 -0.06221382
v 0.04806714 0.01717623 -0.06743622
v 0.05375845 0.01844282 -0.06121281
v 0.05464480 0.01786356 -0.06063850
v 0.05513463 0.01828072 -0.05953284
v 0.05547284 0.01864383 -0.05853451
v 0.05675072 0.01841472 -0.05666400
v 0.05853342 0.01874110 -0.05276195
v 0.05876834 0.01898534 -0.05162140
v 0.05906824 0.01924903 -0.04997631
v 0.05841180 0.02009631 -0.04954155
v 0.06019617 0.01892050 -0.04413934
v 0.06001790 0.01875407 -0.04713163
v 0.06012286 0.01884917 -0.04563682
v 0.06019784 0.01892266 -0.04405346
v 0.05602265 0.02104733 -0.04405346
v 0.05320365 0.01903073 -0.06066802
v 0.05168419 0.01900263 -0.06217624
v 0.04713080 0.01924903 -0.06508265
v 0.04809712 0.01862222 -0.06594143
v 0.04480663 0.01875191 -0.06758383
v 0.05760375 0.02063018 -0.04862911
v 0.05765374 0.02041188 -0.05007292
v 0.05718890 0.02023464 -0.05136108
v 0.05610762 0.02103004 -0.04405346
v 0.05760375 0.02049833 -0.04405346
v 0.04480663 0.01735347 -0.06912157
v 0.04619447 0.01692118 -0.06871365
v 0.04858029 0.01779872 -0.06654793
v 0.04909344 0.01841905 -0.06558718
v 0.05276380 0.01880594 -0.06173612
v 0.05413665 0.01873245 -0.06021717
v 0.05462648 0.01889024 -0.05906051
v 0.05574108 0.01882756 -0.05760597
v 0.05818688 0.01993853 -0.05053988
v 0.05845179 0.02012657 -0.04862911
v 0.06014619 0.01896372 -0.04405346
v 0.04860861 0.01881459 -0.06508533
v 0.04480663 0.01810564 -0.06834867
v 0.04617114 0.01845579 -0.06719738
v 0.05850177 0.02012441 -0.04405346
v 0.05854342 0.02010063 -0.04405346
v 0.05924984 0.01967051 -0.04405346
v 0.04025359 0.00479038 -0.07076425
v 0.04025359 0.00515131 -0.07117314
v 0.04114583 0.00491386 -0.07054087
v 0.04043899 0.00479038 -0.07068846
v 0.04025359 0.00479038 -0.05867738
v 0.04025359 0.00550433 -0.07151221
v 0.04192220 0.00507374 -0.07033543
v 0.04113157 0.00479038 -0.07036734
v 0.04124255 0.00582093 -0.07136660
v 0.04480663 0.00479038 -0.05622011
v 0.04480663 0.01032307 -0.05315651
v 0.04480663 0.01181903 -0.05276359
v 0.04025359 0.01181903 -0.05792943
v 0.04025359 0.00619136 -0.07209062
v 0.04080846 0.00631009 -0.07200485
v 0.04480663 0.00516714 -0.06873980
v 0.04475626 0.00515131 -0.06875376
v 0.04480663 0.00512915 -0.06869593
v 0.04480663 0.00479038 -0.06824316
v 0.04180588 0.00668210 -0.07177149
v 0.04480663 0.01331341 -0.05312460
v 0.04025359 0.01307279 -0.05811093
v 0.04025359 0.00680874 -0.07240974
v 0.04124255 0.00724091 -0.07225417
v 0.04480663 0.00596024 -0.06938603
v 0.04218783 0.00767941 -0.07197494
v 0.04480663 0.00777914 -0.07046707
v 0.04480663 0.00738338 -0.07027958
v 0.04480663 0.00702878 -0.07008412
v 0.04480663 0.00675334 -0.06991857
v 0.04480663 0.01436454 -0.05367908
v 0.04025359 0.01624043 -0.05936350
v 0.04025359 0.01480937 -0.05874320
v 0.04025359 0.00736755 -0.07264909
v 0.04114583 0.00882552 -0.07272887
v 0.04266827 0.00895533 -0.07205871
v 0.04318481 0.00854216 -0.07169171
v 0.04480663 0.00887618 -0.07086997
v 0.04480663 0.00816065 -0.07062264
v 0.04480663 0.01520196 -0.05412586
v 0.04025359 0.01703036 -0.05984817
v 0.04025359 0.00882552 -0.07304800
v 0.04264153 0.01181903 -0.07251346
v 0.04378914 0.01181903 -0.07202281
v 0.04264153 0.01032307 -0.07230005
v 0.04354536 0.01032307 -0.07189316
v 0.04340542 0.00953947 -0.07182535
v 0.04480663 0.00957588 -0.07104150
v 0.04480663 0.01630534 -0.05490173
v 0.04025359 0.01718075 -0.05994191
v 0.04025359 0.01032307 -0.07313775
v 0.04114583 0.01032307 -0.07288444
v 0.04114583 0.01181903 -0.07295625
v 0.04114583 0.01331341 -0.07282461
v 0.04264153 0.01331341 -0.07235988
v 0.04365411 0.01331341 -0.07195699
v 0.04440240 0.01331341 -0.07157603
v 0.04453744 0.01181903 -0.07162789
v 0.04429365 0.01032307 -0.07151221
v 0.04480663 0.01032623 -0.07122499
v 0.04480663 0.01677550 -0.05525077
v 0.04025359 0.01780130 -0.06043855
v 0.04480663 0.01699870 -0.05542031
v 0.04025359 0.01270711 -0.07306794
v 0.04025359 0.01412234 -0.07298616
v 0.04025359 0.01570220 -0.07266305
v 0.04340140 0.01407326 -0.07182135
v 0.04480663 0.01475713 -0.07082608
v 0.04480663 0.01333557 -0.07133668
v 0.04480663 0.01181903 -0.07146832
v 0.04480663 0.01148343 -0.07142046
v 0.04025359 0.01867830 -0.06119249
v 0.04480663 0.01710635 -0.05556790
v 0.04025359 0.02008878 -0.06278811
v 0.04025359 0.01625626 -0.07248155
v 0.04399549 0.01466690 -0.07127884
v 0.04025359 0.01736596 -0.07199688
v 0.04480663 0.01569112 -0.07040125
v 0.04480663 0.01737230 -0.05613236
v 0.04025359 0.02046395 -0.06357795
v 0.04025359 0.01779972 -0.07170966
v 0.04480663 0.01583518 -0.07030551
v 0.04480663 0.01804192 -0.05757241
v 0.04025359 0.02093886 -0.06508382
v 0.04480663 0.01847250 -0.05860358
v 0.04480663 0.01871471 -0.05935951
v 0.04025359 0.01813057 -0.07148229
v 0.04480663 0.01650638 -0.06982682
v 0.04114583 0.02075681 -0.06508382
v 0.04025359 0.02096261 -0.06568817
v 0.04480663 0.01949039 -0.06209401
v 0.04480663 0.01976900 -0.06358792
v 0.04025359 0.01899807 -0.07074830
v 0.04075988 0.01881919 -0.07057278
v 0.04480663 0.01735330 -0.06912275
v 0.04114583 0.02081539 -0.06657972
v 0.04025359 0.02094994 -0.06657972
v 0.04480663 0.01975634 -0.06505191
v 0.04025359 0.01951255 -0.07018584
v 0.04480663 0.01810682 -0.06834887
v 0.04267183 0.02027716 -0.06648398
v 0.04219317 0.02019800 -0.06761289
v 0.04114494 0.02038797 -0.06809756
v 0.04025359 0.02057477 -0.06808559
v 0.04480663 0.01932734 -0.06656376
v 0.04025359 0.01972943 -0.06993852
v 0.04480663 0.01875270 -0.06758497
v 0.04164321 0.01989565 -0.06861016
v 0.04064578 0.02015368 -0.06901704
v 0.04025359 0.02019009 -0.06920852
v 0.04025359 -0.00038380 -0.05311702
v 0.04025359 -0.00037873 -0.05251312
v 0.04025359 -0.00023589 -0.05461253
v 0.04114583 -0.00022323 -0.05461253
v 0.04480663 -0.00016093 -0.05461253
v 0.04480663 -0.00019132 -0.05394383
v 0.04480663 -0.00034935 -0.04945472
v 0.04480663 -0.00037215 -0.04862791
v 0.04025359 -0.00036202 -0.05162152
v 0.04480663 -0.00035796 -0.04713241
v 0.04413766 -0.00001201 -0.05610803
v 0.04025359 0.00073107 -0.06170646
v 0.04114583 0.00061153 -0.06114143
v 0.04480663 -0.00007786 -0.05543933
v 0.04025359 -0.00034834 -0.05101502
v 0.04025359 -0.00023133 -0.04862791
v 0.04025359 -0.00028553 -0.04951951
v 0.04025359 -0.00031136 -0.05012342
v 0.04480663 -0.00031339 -0.04646371
v 0.04480663 0.00000927 -0.05610803
v 0.04025359 0.00080350 -0.06209006
v 0.04114583 0.00079084 -0.06209006
v 0.04264153 0.00053808 -0.06025761
v 0.04025359 -0.00018575 -0.04802401
v 0.04480663 -0.00023032 -0.04563431
v 0.04480663 0.00013641 -0.05693743
v 0.04025359 0.00098940 -0.06298425
v 0.04114583 0.00118238 -0.06358815
v 0.04264153 0.00068194 -0.06100407
v 0.04352174 0.00056949 -0.05994659
v 0.04025359 -0.00009609 -0.04713241
v 0.04480663 -0.00003683 -0.04488526
v 0.04480663 0.00043779 -0.05842516
v 0.04025359 0.00114743 -0.06358815
v 0.04264153 0.00143818 -0.06358815
v 0.04264153 0.00097775 -0.06209006
v 0.04025359 0.00138550 -0.06447976
v 0.04025359 0.00181656 -0.06592342
v 0.04114583 0.00166207 -0.06508366
v 0.04413766 0.00127660 -0.06209006
v 0.04406725 0.00083187 -0.06050643
v 0.04480663 0.00099345 -0.06054790
v 0.04480663 0.00069662 -0.05944895
v 0.04480663 0.00061305 -0.05913792
v 0.04480663 0.00051580 -0.05874396
v 0.04025359 0.00006499 -0.04661144
v 0.04480663 0.00018301 -0.04428913
v 0.04025359 0.00029394 -0.04593497
v 0.04480663 0.00207185 -0.06426723
v 0.04427047 0.00179528 -0.06372811
v 0.04480663 0.00185151 -0.06356742
v 0.04025359 0.00196700 -0.06634849
v 0.04114583 0.00200347 -0.06604784
v 0.04195028 0.00207995 -0.06585603
v 0.04480663 0.00141235 -0.06209006
v 0.04480663 0.00123101 -0.06142395
v 0.04480663 0.00114946 -0.04428913
v 0.04300386 0.00046666 -0.04477122
v 0.04025359 0.00134447 -0.04555655
v 0.04480663 0.00212098 -0.06438386
v 0.04025359 0.00215897 -0.06684872
v 0.04294726 0.00221570 -0.06556316
v 0.04025359 0.00225166 -0.06702238
v 0.04025359 0.00241173 -0.04600495
v 0.04300386 0.00081617 -0.04477122
v 0.04480663 0.00187126 -0.04530773
v 0.04480663 0.00229320 -0.06467933
v 0.04480663 0.00257128 -0.06512772
v 0.04427047 0.00235500 -0.06507330
v 0.04252609 0.00263865 -0.06644439
v 0.04025359 0.00252012 -0.06743967
v 0.04480663 0.00218227 -0.04605419
v 0.04025359 0.00286861 -0.04713241
v 0.04480663 0.00311428 -0.06597008
v 0.04025359 0.00289344 -0.06801506
v 0.04105714 0.00321407 -0.06809022
v 0.04400842 0.00324193 -0.06658694
v 0.04480663 0.00479038 -0.05622208
v 0.04025359 0.00479038 -0.05867398
v 0.04480663 0.00333411 -0.06629665
v 0.04025359 0.00350684 -0.06894554
v 0.04049916 0.00354736 -0.06888852
v 0.04113157 0.00479038 -0.07036588
v 0.04480663 0.00479038 -0.06824315
v 0.04025359 0.00479038 -0.07076503
v 0.04480663 0.00361473 -0.06668284
v 0.04025359 0.00365069 -0.06916325
v 0.04025359 0.00400830 -0.06967904
v 0.04043899 0.00479038 -0.07068727
v 0.04480663 0.00417343 -0.06742670
v 0.04480663 0.00381329 -0.06694721
v 0.04025359 0.00475796 -0.07072615
v 0.03248164 0.02119769 -0.01662253
v 0.03756886 0.02052847 -0.01662253
v 0.04025359 0.02091207 -0.01870284
v 0.04025359 0.02104550 -0.01930783
v 0.04025359 0.02116641 -0.02019940
v 0.04025359 0.02133320 -0.02618207
v 0.03964878 0.02132694 -0.02618207
v 0.03248164 0.02121853 -0.02468906
v 0.03248164 0.00052701 -0.01662253
v 0.03903257 0.02027621 -0.01662253
v 0.04025359 0.02055349 -0.01778828
v 0.04025359 0.02125189 -0.02678706
v 0.03248164 0.02096210 -0.02618207
v 0.03248164 0.02116641 -0.02500216
v 0.03248164 0.00051450 -0.01689318
v 0.03964878 0.00020595 -0.01870284
v 0.03275247 0.00051866 -0.01662253
v 0.04025359 0.02000310 -0.01662253
v 0.04025359 0.02032207 -0.01724344
v 0.04025359 0.02106217 -0.02767862
v 0.03248164 0.02085786 -0.02648456
v 0.03248164 0.00050616 -0.01708423
v 0.03248164 0.00045195 -0.01838973
v 0.04025359 0.00012673 -0.02019940
v 0.04025359 0.00019552 -0.01870284
v 0.03815312 0.00034146 -0.01720806
v 0.03366463 0.00049573 -0.01662253
v 0.04025359 0.00045404 -0.01662253
v 0.04025359 0.02077030 -0.02832961
v 0.03248164 0.02038879 -0.02777238
v 0.03248164 0.00039566 -0.01988629
v 0.04025359 0.00010171 -0.02169595
v 0.03248164 0.00034980 -0.02138284
v 0.03248164 0.00034146 -0.02169595
v 0.03248164 0.00031019 -0.02287939
v 0.03248164 0.00030393 -0.02319250
v 0.04025359 0.00036022 -0.01720806
v 0.03964878 0.00033729 -0.01720806
v 0.03814628 0.00040192 -0.01662253
v 0.03424889 0.00048322 -0.01662253
v 0.04012122 0.00044570 -0.01662253
v 0.04025359 0.02039921 -0.02908496
v 0.03248164 0.02033250 -0.02789090
v 0.04025359 0.00008920 -0.02258751
v 0.03248164 0.00028308 -0.02468906
v 0.03964878 0.00042068 -0.01662253
v 0.04025359 0.01979254 -0.03006674
v 0.03248164 0.02005939 -0.02843221
v 0.04025359 0.00008086 -0.02319250
v 0.03248164 0.00029351 -0.02618207
v 0.04025359 0.00003916 -0.02917518
v 0.04025359 0.00003499 -0.02767862
v 0.04025359 0.00004959 -0.02618207
v 0.04025359 0.00006418 -0.02468906
v 0.04025359 0.01897739 -0.03131033
v 0.04025359 0.01827064 -0.03236995
v 0.04025359 0.01792248 -0.03282280
v 0.04025359 0.01743881 -0.03338888
v 0.03248164 0.01932138 -0.02923178
v 0.03248164 0.00032687 -0.02767862
v 0.03366463 0.00034354 -0.03067173
v 0.04025359 0.00007252 -0.03067173
v 0.03248164 0.01780156 -0.03041700
v 0.03248164 0.01841866 -0.03006674
v 0.03248164 0.01858545 -0.02995530
v 0.04025359 0.01679878 -0.03366837
v 0.03248164 0.01621296 -0.03113166
v 0.03248164 0.00036439 -0.02917518
v 0.03248164 0.00041234 -0.03067173
v 0.03366463 0.00046863 -0.03185517
v 0.04025359 0.00016634 -0.03216828
v 0.03248164 0.01478904 -0.03160752
v 0.04025359 0.01331093 -0.03452633
v 0.03248164 0.01445131 -0.03169420
v 0.03248164 0.00051866 -0.03161459
v 0.04025359 0.00038941 -0.03357639
v 0.03560077 0.00056661 -0.03296078
v 0.04025359 0.01327966 -0.03452986
v 0.03248164 0.01331301 -0.03190647
v 0.03248164 0.00127544 -0.03172250
v 0.04025359 0.00134633 -0.03422914
v 0.03248164 0.01300030 -0.03191532
v 0.04025359 0.01181614 -0.03469261
v 0.02768059 0.02206962 -0.01662421
v 0.02618433 0.02194368 -0.01662421
v 0.02921379 0.02194151 -0.01662421
v 0.02618433 0.02243877 -0.02169549
v 0.02468807 0.02243009 -0.02169549
v 0.02349616 0.02223248 -0.02169549
v 0.02490182 0.02168093 -0.01662421
v 0.02768059 0.02219340 -0.02319259
v 0.03015148 0.02177430 -0.01662421
v 0.02618433 0.02243226 -0.02319259
v 0.02468807 0.02246483 -0.02319259
v 0.02349616 0.02239317 -0.02319259
v 0.02444617 0.02156801 -0.01662421
v 0.02349616 0.02130744 -0.01662421
v 0.03248164 0.02121841 -0.02468801
v 0.03102408 0.02159190 -0.01662421
v 0.02349616 0.02168527 -0.02792668
v 0.02349616 0.02204791 -0.02618343
v 0.02349616 0.02230631 -0.02468801
v 0.03248164 0.02116629 -0.02500159
v 0.03248164 0.02096218 -0.02618343
v 0.03067135 0.02120104 -0.02618343
v 0.02349616 0.00091518 -0.01662421
v 0.03158529 0.02147247 -0.01662421
v 0.03248164 0.02119669 -0.01662421
v 0.02349616 0.02156584 -0.02843245
v 0.03248164 0.02085795 -0.02648521
v 0.02349616 0.00090866 -0.01720754
v 0.02468807 0.00081095 -0.01720754
v 0.02468807 0.00081963 -0.01662421
v 0.03248164 0.00052649 -0.01662421
v 0.03248164 0.02038674 -0.02777326
v 0.02349616 0.02139430 -0.02885899
v 0.02349616 0.00089564 -0.01839950
v 0.02690123 0.00059380 -0.02070584
v 0.02618433 0.00067415 -0.01870296
v 0.02349616 0.00087609 -0.02020007
v 0.02618433 0.00070455 -0.01720754
v 0.02618433 0.00072192 -0.01662421
v 0.03114108 0.00056340 -0.01662421
v 0.03248164 0.00051346 -0.01689396
v 0.03248164 0.02033245 -0.02789127
v 0.02349616 0.02124664 -0.02921810
v 0.02697776 0.00060032 -0.01970946
v 0.02468807 0.00074798 -0.02319259
v 0.02768059 0.00050477 -0.02319259
v 0.02768059 0.00052214 -0.02169549
v 0.02349616 0.00083266 -0.02438454
v 0.02720910 0.00060683 -0.01870296
v 0.02917597 0.00041791 -0.02169549
v 0.02917597 0.00046786 -0.02020007
v 0.02772457 0.00063072 -0.01728847
v 0.02770609 0.00066112 -0.01662421
v 0.02917597 0.00061117 -0.01679449
v 0.03067135 0.00042226 -0.02020007
v 0.03248164 0.00045048 -0.01838938
v 0.02825235 0.00059163 -0.01784145
v 0.03248164 0.02005884 -0.02843245
v 0.03181927 0.02013702 -0.02853698
v 0.02349616 0.02044754 -0.03059381
v 0.02917597 0.00038968 -0.02319259
v 0.02349616 0.00079575 -0.02887080
v 0.03067135 0.00031585 -0.02319259
v 0.03067135 0.00035928 -0.02169549
v 0.03216761 0.00038968 -0.02020007
v 0.03248164 0.00039620 -0.01988648
v 0.02349616 0.01993941 -0.03128841
v 0.03248164 0.01932055 -0.02923158
v 0.02917597 0.00039403 -0.02468801
v 0.03067135 0.00031368 -0.02468801
v 0.02349616 0.00079575 -0.02917595
v 0.03216761 0.00028328 -0.02468801
v 0.03216761 0.00030282 -0.02319259
v 0.03216761 0.00034191 -0.02169549
v 0.03248164 0.00035060 -0.02138190
v 0.03248164 0.01858659 -0.02995485
v 0.02349616 0.01924672 -0.03192064
v 0.02685109 0.00059380 -0.02993124
v 0.03067135 0.00034625 -0.02618343
v 0.03216761 0.00030065 -0.02618343
v 0.03248164 0.00029414 -0.02618343
v 0.02349616 0.00131690 -0.03043871
v 0.03248164 0.00028111 -0.02468801
v 0.03248164 0.00030282 -0.02319259
v 0.03248164 0.00034191 -0.02169549
v 0.03248164 0.01841939 -0.03006612
v 0.03248164 0.01780052 -0.03041679
v 0.02349616 0.01791560 -0.03263884
v 0.03216761 0.00053300 -0.03154973
v 0.03248164 0.00051997 -0.03161380
v 0.03248164 0.00041140 -0.03067137
v 0.03067135 0.00042226 -0.02917595
v 0.03067135 0.00038317 -0.02767884
v 0.03216761 0.00033540 -0.02767884
v 0.03248164 0.00032671 -0.02767884
v 0.02349616 0.00145370 -0.03070171
v 0.03248164 0.01621317 -0.03113163
v 0.02349616 0.01767023 -0.03273157
v 0.02349616 0.01000712 -0.03343292
v 0.02349616 0.01032198 -0.03351216
v 0.02349616 0.01182029 -0.03375999
v 0.03248164 0.00127347 -0.03172170
v 0.02349616 0.00284127 -0.03122435
v 0.02349616 0.00902996 -0.03315642
v 0.03248164 0.00036363 -0.02917595
v 0.03248164 0.01478869 -0.03160706
v 0.02349616 0.01624357 -0.03325927
v 0.02349616 0.01331209 -0.03384597
v 0.03248164 0.01299940 -0.03191558
v 0.03248164 0.01445211 -0.03169304
v 0.02349616 0.01480606 -0.03370267
v 0.03248164 0.01331209 -0.03190715
v 0.02349429 0.02130788 -0.01662253
v 0.02349429 0.02223216 -0.02169548
v 0.01838745 0.02308433 -0.02522116
v 0.01720688 0.02308652 -0.02518915
v 0.01720688 0.02291171 -0.02444218
v 0.01577589 0.02277406 -0.02476871
v 0.02169462 0.02096920 -0.01662253
v 0.02349429 0.00091478 -0.01662253
v 0.02349429 0.02239386 -0.02319155
v 0.02019804 0.02285272 -0.02618368
v 0.01838745 0.02308433 -0.02592971
v 0.01571030 0.02311274 -0.03027704
v 0.01421472 0.02311711 -0.02917580
v 0.01631847 0.02305811 -0.02532360
v 0.01334321 0.02252933 -0.02618368
v 0.01334321 0.02196995 -0.02484341
v 0.02019804 0.02063270 -0.01662253
v 0.02169462 0.00105681 -0.01662253
v 0.01334321 0.00128624 -0.03004655
v 0.01334321 0.00126876 -0.03067186
v 0.01870246 0.00099563 -0.03067186
v 0.02349429 0.00090823 -0.01720729
v 0.02349429 0.02230645 -0.02468761
v 0.01661859 0.02307122 -0.03005082
v 0.01881177 0.02302097 -0.02633093
v 0.02169462 0.02253151 -0.02618368
v 0.02019804 0.02266043 -0.02767974
v 0.01421472 0.02310400 -0.03029411
v 0.01571030 0.02294012 -0.03102614
v 0.01334321 0.02281557 -0.03216793
v 0.01334321 0.02306030 -0.03007643
v 0.01334321 0.02305593 -0.02917580
v 0.01344755 0.02304063 -0.02841816
v 0.01334321 0.02301004 -0.02831359
v 0.01334321 0.02026343 -0.02203055
v 0.01919436 0.02020880 -0.01662253
v 0.02078236 0.00113766 -0.01662253
v 0.01334321 0.00135179 -0.02855048
v 0.01334321 0.00129061 -0.03216793
v 0.01421472 0.00124254 -0.03216793
v 0.02019804 0.00095411 -0.03067186
v 0.02349429 0.00079461 -0.02917580
v 0.02169462 0.00087108 -0.02917580
v 0.02349429 0.00084486 -0.02319155
v 0.02349429 0.00089512 -0.01840030
v 0.01571030 0.00117481 -0.03216793
v 0.02349429 0.02204862 -0.02618581
v 0.02169462 0.02228242 -0.02767974
v 0.02096621 0.02155480 -0.03144657
v 0.01715322 0.02278717 -0.03059717
v 0.01571030 0.02257959 -0.03216793
v 0.01334321 0.02238730 -0.03366399
v 0.01421472 0.02275439 -0.03216793
v 0.01334321 0.02302971 -0.02850994
v 0.01334321 0.01952270 -0.02134761
v 0.01866072 0.01964069 -0.01662253
v 0.02019804 0.00121632 -0.01662253
v 0.01334321 0.00142390 -0.02767974
v 0.01334321 0.00134742 -0.03303867
v 0.01421472 0.00139331 -0.03366399
v 0.01334321 0.00153534 -0.03453474
v 0.01334321 0.00186310 -0.03584940
v 0.02169462 0.00105900 -0.03067186
v 0.02349429 0.00079679 -0.02887061
v 0.02349429 0.00131683 -0.03043924
v 0.02349429 0.00083394 -0.02438456
v 0.01334321 0.00141079 -0.03366399
v 0.02349429 0.02168590 -0.02792517
v 0.02349429 0.02156572 -0.02843310
v 0.01720688 0.02127511 -0.03404601
v 0.01813802 0.02161598 -0.03304508
v 0.01720688 0.02176237 -0.03329904
v 0.01720688 0.02224964 -0.03216793
v 0.02349429 0.02139529 -0.02885994
v 0.02349429 0.02124670 -0.02921848
v 0.02349429 0.02044697 -0.03059503
v 0.02349429 0.01994004 -0.03128864
v 0.02109340 0.02016947 -0.03300453
v 0.01832683 0.02028091 -0.03461797
v 0.01421472 0.02222998 -0.03366399
v 0.01334321 0.02180171 -0.03473535
v 0.01334321 0.01879507 -0.02078205
v 0.01846396 0.01935445 -0.01662253
v 0.01928579 0.00144138 -0.01662253
v 0.01334321 0.00199420 -0.02314246
v 0.01334321 0.00148508 -0.02705442
v 0.01334321 0.00205320 -0.03601159
v 0.02269631 0.00190243 -0.03150846
v 0.02349429 0.00145231 -0.03070174
v 0.01720688 0.02052563 -0.03482072
v 0.01607600 0.02144773 -0.03429571
v 0.01421472 0.02170556 -0.03461370
v 0.02349429 0.01924738 -0.03192036
v 0.02349429 0.01791668 -0.03263958
v 0.01932355 0.01988541 -0.03431705
v 0.01877600 0.01935008 -0.03489328
v 0.01779617 0.01839521 -0.03584726
v 0.01726154 0.01928889 -0.03560183
v 0.01334321 0.01870112 -0.03750552
v 0.01334321 0.01945933 -0.03699972
v 0.01334321 0.02112652 -0.03548231
v 0.01334321 0.01782054 -0.02033388
v 0.01755866 0.01770692 -0.01662253
v 0.01791641 0.01835806 -0.01662253
v 0.01869551 0.00166426 -0.01662253
v 0.01334321 0.00209690 -0.02248940
v 0.01334321 0.00888367 -0.03767412
v 0.01720688 0.01032362 -0.03658996
v 0.01837950 0.01032362 -0.03611190
v 0.01810125 0.00939497 -0.03597531
v 0.02349429 0.00284200 -0.03122462
v 0.02112123 0.00932724 -0.03449846
v 0.02349429 0.00903007 -0.03315605
v 0.01421472 0.02024376 -0.03607775
v 0.01334321 0.02037924 -0.03625702
v 0.01421472 0.02099105 -0.03536067
v 0.01966242 0.01888684 -0.03457102
v 0.02349429 0.01766977 -0.03273135
v 0.01959782 0.01576440 -0.03600946
v 0.01334321 0.01780087 -0.03785553
v 0.01356382 0.01862245 -0.03745004
v 0.01869451 0.01628008 -0.03625062
v 0.01720688 0.01630630 -0.03684606
v 0.01334321 0.01634344 -0.01987503
v 0.01721582 0.01679793 -0.01662253
v 0.01817975 0.00190461 -0.01662253
v 0.01790747 0.00205320 -0.01662253
v 0.01334321 0.00213404 -0.02242111
v 0.01334321 0.01033673 -0.03799639
v 0.01720688 0.01181820 -0.03693996
v 0.01880382 0.01179198 -0.03624209
v 0.01937125 0.01127412 -0.03586647
v 0.01912679 0.01032362 -0.03575336
v 0.02019804 0.01032362 -0.03522194
v 0.02349429 0.01032362 -0.03351246
v 0.02349429 0.01000679 -0.03343136
v 0.02349429 0.01624293 -0.03326063
v 0.02349429 0.01480517 -0.03370241
v 0.01970614 0.01480954 -0.03607349
v 0.01870246 0.01480954 -0.03657715
v 0.01334321 0.01726991 -0.03802413
v 0.01638406 0.01523125 -0.03737747
v 0.01334321 0.01633252 -0.03824182
v 0.01334321 0.01574037 -0.01976405
v 0.01709359 0.01637185 -0.01662253
v 0.01753183 0.00287041 -0.01662253
v 0.01334321 0.00344071 -0.02102748
v 0.01334321 0.00297747 -0.02139670
v 0.01334321 0.01181820 -0.03824608
v 0.01642977 0.01277088 -0.03739455
v 0.01616743 0.01181820 -0.03731131
v 0.01870246 0.01331277 -0.03651740
v 0.01955410 0.01227050 -0.03596464
v 0.02349429 0.01182257 -0.03376003
v 0.02349429 0.01331277 -0.03384540
v 0.01967434 0.01331277 -0.03603934
v 0.01708167 0.01328655 -0.03718113
v 0.01649834 0.01376727 -0.03741802
v 0.01649834 0.01423268 -0.03741802
v 0.01708167 0.01476365 -0.03719393
v 0.01334321 0.01558523 -0.03837414
v 0.01686106 0.01480954 -0.01662253
v 0.01334321 0.01480954 -0.01967655
v 0.01680342 0.01181820 -0.01662253
v 0.01334321 0.01181820 -0.01971710
v 0.01334321 0.01129816 -0.01975765
v 0.01334321 0.01032362 -0.01984088
v 0.01334321 0.00882686 -0.02003296
v 0.01341277 0.00352592 -0.02092077
v 0.01334321 0.01336085 -0.03841895
v 0.01584247 0.01328655 -0.03761864
v 0.01334321 0.01419991 -0.03842536
v 0.01334321 0.01480954 -0.03842322
v 0.01581564 0.01476365 -0.03761650
v 0.01334321 0.01437471 -0.01965307
v 0.01678454 0.01331277 -0.01662253
v 0.01679845 0.01210881 -0.01662253
v 0.01334321 0.01331277 -0.01964667
v 0.01334321 0.01288013 -0.01966374
v 0.01334241 0.00126722 -0.03067323
v 0.01334241 0.00128655 -0.03004756
v 0.00513459 0.00129729 -0.02468953
v 0.00513459 0.00131018 -0.02618432
v 0.00513459 0.00138535 -0.03366280
v 0.01334241 0.00129085 -0.03216802
v 0.01334241 0.00135099 -0.02855277
v 0.00523744 0.00129944 -0.02468953
v 0.00513459 0.00138535 -0.02319247
v 0.00513459 0.00138750 -0.03376519
v 0.00513459 0.00141971 -0.03515987
v 0.01122115 0.00157864 -0.03964878
v 0.01334241 0.00134669 -0.03303713
v 0.01334241 0.00142401 -0.02768138
v 0.01334241 0.00148629 -0.02705571
v 0.00523744 0.00139179 -0.02319247
v 0.01334241 0.00209839 -0.02248944
v 0.00513459 0.00178268 -0.02196615
v 0.00513459 0.00142401 -0.03526225
v 0.00513459 0.00193517 -0.04288862
v 0.01122115 0.00171825 -0.04114357
v 0.01269558 0.00196523 -0.04288862
v 0.01290851 0.00198456 -0.04288862
v 0.00513459 0.00152066 -0.03675704
v 0.01334241 0.00140897 -0.03366280
v 0.01334241 0.00159797 -0.02618432
v 0.01334241 0.00199530 -0.02314241
v 0.01334241 0.00213490 -0.02242119
v 0.01334241 0.00297896 -0.02139508
v 0.01334241 0.00344072 -0.02102878
v 0.00513459 0.00284150 -0.02137233
v 0.00513459 0.01611227 -0.04288862
v 0.01122115 0.00193087 -0.04288862
v 0.01122115 0.00189436 -0.04264063
v 0.01333839 0.00284150 -0.04288862
v 0.01334241 0.00153569 -0.03453419
v 0.01334241 0.00882720 -0.02003226
v 0.01334241 0.00967770 -0.01992305
v 0.01334241 0.01032201 -0.01984114
v 0.00513459 0.01025973 -0.02067840
v 0.00850449 0.01425019 -0.04288862
v 0.00513459 0.01918566 -0.04148484
v 0.01332714 0.00334622 -0.04288862
v 0.01334241 0.01780252 -0.03785595
v 0.01334241 0.01726989 -0.03802431
v 0.01334241 0.01633134 -0.03824045
v 0.01334241 0.01558393 -0.03837468
v 0.01334241 0.01480860 -0.03842246
v 0.01334241 0.01420080 -0.03842474
v 0.01334241 0.01336104 -0.03841791
v 0.01334241 0.01181897 -0.03824500
v 0.01334241 0.01033705 -0.03799473
v 0.01334241 0.00888519 -0.03767393
v 0.01334241 0.00205329 -0.03601078
v 0.01334241 0.00186214 -0.03584924
v 0.01334241 0.01129923 -0.01975696
v 0.00513459 0.01039289 -0.02066703
v 0.00981501 0.01342332 -0.04288862
v 0.00513459 0.01927371 -0.04143251
v 0.00723978 0.01991159 -0.04031995
v 0.01311501 0.00414087 -0.04288862
v 0.01334241 0.01870242 -0.03750557
v 0.01037908 0.01254705 -0.04288862
v 0.01334241 0.01181897 -0.01971601
v 0.00513459 0.01170729 -0.02058740
v 0.00920515 0.02020368 -0.03906861
v 0.00513459 0.02029173 -0.04069081
v 0.00663393 0.02073846 -0.03962148
v 0.00822970 0.02040341 -0.03934390
v 0.01334241 0.01946056 -0.03700048
v 0.01334241 0.01287995 -0.01966368
v 0.00513459 0.01181897 -0.02058285
v 0.01334241 0.01331379 -0.01964548
v 0.01334241 0.02180158 -0.03473441
v 0.01334241 0.02112719 -0.03548294
v 0.01334241 0.02037979 -0.03625650
v 0.00513459 0.02104558 -0.03973069
v 0.00602809 0.02155674 -0.03892072
v 0.00513459 0.01331379 -0.02058285
v 0.01334241 0.01437476 -0.01965230
v 0.01334241 0.02238791 -0.03366280
v 0.00513459 0.02158681 -0.03898443
v 0.00513459 0.02161688 -0.03890935
v 0.00673357 0.02288188 -0.03528500
v 0.00809310 0.02279812 -0.03501881
v 0.00513459 0.01476779 -0.02062608
v 0.01334241 0.01480860 -0.01967505
v 0.01271728 0.02249959 -0.03366280
v 0.01334241 0.02281745 -0.03216802
v 0.00513459 0.02188964 -0.03815171
v 0.00513459 0.02242227 -0.03665693
v 0.00565285 0.02307947 -0.03456605
v 0.00673357 0.02307088 -0.03453874
v 0.00750333 0.02304081 -0.03442499
v 0.01334241 0.01574071 -0.01976379
v 0.00513459 0.01630556 -0.02088317
v 0.01334241 0.02306014 -0.03007713
v 0.00513459 0.02288618 -0.03510526
v 0.00513459 0.02289047 -0.03505521
v 0.00513459 0.02320834 -0.02930130
v 0.01334241 0.01634207 -0.01987527
v 0.00513459 0.01772521 -0.02123127
v 0.01334241 0.02305800 -0.02944236
v 0.00513459 0.02312672 -0.02767456
v 0.01334241 0.02303008 -0.02851182
v 0.01334241 0.02305585 -0.02917617
v 0.01334241 0.01782185 -0.02033258
v 0.00513459 0.01929734 -0.02182282
v 0.00513459 0.02312028 -0.02764498
v 0.01334241 0.02300860 -0.02831615
v 0.01334241 0.01879477 -0.02078306
v 0.00513459 0.02011562 -0.02223690
v 0.00513459 0.02276376 -0.02636861
v 0.00553152 0.02299786 -0.02716492
v 0.01334241 0.02252966 -0.02618432
v 0.01334241 0.01952285 -0.02134958
v 0.00513459 0.02020153 -0.02228467
v 0.00513459 0.02275087 -0.02632765
v 0.00822970 0.02263275 -0.02618432
v 0.00822970 0.02204642 -0.02468953
v 0.01334241 0.02196910 -0.02484424
v 0.01334241 0.02026166 -0.02202986
v 0.00513459 0.02090168 -0.02306733
v 0.00513459 0.02199917 -0.02468953
v 0.00822970 0.02161902 -0.02383179
v 0.00941728 0.02159969 -0.02386137
v 0.00513459 0.02153956 -0.02384089
v 0.00513459 0.02196481 -0.02462355
v 0.00513459 0.02157392 -0.02389094
f 1 2 9
f 1 9 23
f 1 23 32
f 1 32 42
f 1 42 55
f 1 55 70
f 1 70 83
f 1 83 82
f 1 82 81
f 1 81 80
f 1 80 79
f 1 79 96
f 1 96 95
f 1 95 94
f 1 94 109
f 1 109 108
f 1 108 107
f 1 107 124
f 1 124 143
f 1 143 142
f 1 142 153
f 1 153 144
f 1 144 128
f 1 128 127
f 1 127 126
f 1 126 114
f 1 114 113
f 1 113 112
f 1 112 100
f 1 100 87
f 1 87 71
f 1 71 59
f 1 59 48
f 1 48 38
f 1 38 37
f 1 37 36
f 1 36 25
f 1 25 10
f 1 10 3
f 1 3 4
f 1 4 5
f 1 5 6
f 1 6 7
f 1 7 2
f 2 7 8
f 2 8 9
f 3 10 11
f 3 11 4
f 4 11 12
f 4 12 13
f 4 13 14
f 4 14 5
f 5 14 15
f 5 15 6
f 6 15 7
f 7 15 16
f 7 16 17
f 7 17 18
f 7 18 19
f 7 19 8
f 8 19 20
f 8 20 21
f 8 21 22
f 8 22 9
f 9 22 23
f 10 24 11
f 10 25 24
f 11 24 12
f 12 24 26
f 12 26 13
f 13 26 35
f 13 35 47
f 13 47 46
f 13 46 45
f 13 45 58
f 13 58 57
f 13 57 56
f 13 56 65
f 13 65 64
f 13 64 63
f 13 63 62
f 13 62 61
f 13 61 60
f 13 60 72
f 13 72 89
f 13 89 103
f 13 103 117
f 13 117 130
f 13 130 146
f 13 146 164
f 13 164 182
f 13 182 173
f 13 173 172
f 13 172 171
f 13 171 170
f 13 170 169
f 13 169 168
f 13 168 167
f 13 167 192
f 13 192 191
f 13 191 190
f 13 190 189
f 13 189 188
f 13 188 187
f 13 187 186
f 13 186 185
f 13 185 184
f 13 184 198
f 13 198 203
f 13 203 205
f 13 205 200
f 13 200 195
f 13 195 194
f 13 194 179
f 13 179 161
f 13 161 160
f 13 160 159
f 13 159 158
f 13 158 157
f 13 157 156
f 13 156 148
f 13 148 139
f 13 139 138
f 13 138 137
f 13 137 136
f 13 136 125
f 13 125 110
f 13 110 98
f 13 98 97
f 13 97 91
f 13 91 90
f 13 90 73
f 13 73 66
f 13 66 50
f 13 50 49
f 13 49 39
f 13 39 29
f 13 29 20
f 13 20 28
f 13 28 27
f 13 27 18
f 13 18 17
f 13 17 16
f 13 16 14
f 14 16 15
f 18 27 19
f 19 27 28
f 19 28 20
f 20 29 21
f 21 30 31
f 21 31 22
f 21 29 30
f 22 31 23
f 23 31 32
f 24 33 34
f 24 34 35
f 24 35 26
f 24 25 36
f 24 36 37
f 24 37 38
f 24 38 33
f 29 39 30
f 30 39 40
f 30 40 41
f 30 41 31
f 31 41 32
f 32 41 42
f 33 43 44
f 33 44 34
f 33 38 43
f 34 44 45
f 34 45 46
f 34 46 47
f 34 47 35
f 38 48 43
f 39 49 40
f 40 49 50
f 40 50 51
f 40 51 52
f 40 52 41
f 41 52 42
f 42 53 54
f 42 54 55
f 42 52 53
f 43 56 57
f 43 57 58
f 43 58 45
f 43 45 44
f 43 48 56
f 48 59 60
f 48 60 61
f 48 61 62
f 48 62 63
f 48 63 64
f 48 64 65
f 48 65 56
f 50 66 67
f 50 67 51
f 51 67 52
f 52 67 68
f 52 68 54
f 52 54 53
f 54 69 55
f 54 68 69
f 55 69 70
f 59 71 60
f 60 71 72
f 66 73 67
f 67 73 74
f 67 74 75
f 67 75 68
f 68 75 69
f 69 76 77
f 69 77 78
f 69 78 79
f 69 79 80
f 69 80 81
f 69 81 82
f 69 82 83
f 69 83 70
f 69 75 84
f 69 84 85
f 69 85 86
f 69 86 76
f 71 87 88
f 71 88 72
f 72 88 89
f 73 90 74
f 74 90 91
f 74 91 85
f 74 85 84
f 74 84 75
f 76 92 77
f 76 86 92
f 77 92 93
f 77 93 94
f 77 94 95
f 77 95 96
f 77 96 79
f 77 79 78
f 85 91 97
f 85 97 98
f 85 98 99
f 85 99 86
f 86 99 92
f 87 100 88
f 88 100 89
f 89 100 101
f 89 101 102
f 89 102 103
f 92 99 104
f 92 104 105
f 92 105 106
f 92 106 93
f 93 106 107
f 93 107 108
f 93 108 109
f 93 109 94
f 98 110 99
f 99 110 111
f 99 111 105
f 99 105 104
f 100 112 101
f 101 112 113
f 101 113 114
f 101 114 102
f 102 114 115
f 102 115 103
f 103 116 117
f 103 115 118
f 103 118 116
f 105 111 119
f 105 119 120
f 105 120 121
f 105 121 106
f 106 122 141
f 106 141 123
f 106 123 124
f 106 124 107
f 106 121 120
f 106 120 122
f 110 125 111
f 111 125 119
f 114 126 115
f 115 126 127
f 115 127 128
f 115 128 118
f 116 118 117
f 117 129 130
f 117 118 131
f 117 131 132
f 117 132 129
f 118 128 133
f 118 133 134
f 118 134 135
f 118 135 131
f 119 136 120
f 119 125 136
f 120 136 137
f 120 137 138
f 120 138 139
f 120 139 140
f 120 140 122
f 122 140 141
f 123 141 142
f 123 142 143
f 123 143 124
f 128 144 154
f 128 154 178
f 128 178 181
f 128 181 196
f 128 196 202
f 128 202 201
f 128 201 208
f 128 208 207
f 128 207 206
f 128 206 210
f 128 210 209
f 128 209 204
f 128 204 199
f 128 199 197
f 128 197 183
f 128 183 166
f 128 166 147
f 128 147 134
f 128 134 133
f 129 132 145
f 129 145 130
f 130 145 146
f 131 135 132
f 132 135 134
f 132 134 145
f 134 147 145
f 139 148 149
f 139 149 140
f 140 149 150
f 140 150 141
f 141 151 152
f 141 152 153
f 141 153 142
f 141 150 151
f 144 153 152
f 144 152 155
f 144 155 156
f 144 156 157
f 144 157 158
f 144 158 159
f 144 159 160
f 144 160 161
f 144 161 162
f 144 162 163
f 144 163 154
f 145 147 164
f 145 164 165
f 145 165 146
f 146 165 164
f 147 166 167
f 147 167 168
f 147 168 169
f 147 169 170
f 147 170 171
f 147 171 172
f 147 172 173
f 147 173 174
f 147 174 164
f 148 156 175
f 148 175 150
f 148 150 149
f 150 175 176
f 150 176 152
f 150 152 177
f 150 177 151
f 151 177 152
f 152 176 155
f 154 163 178
f 155 176 175
f 155 175 156
f 161 179 163
f 161 163 162
f 163 179 180
f 163 180 181
f 163 181 178
f 164 174 182
f 166 183 184
f 166 184 185
f 166 185 186
f 166 186 187
f 166 187 188
f 166 188 189
f 166 189 190
f 166 190 191
f 166 191 192
f 166 192 193
f 166 193 167
f 167 193 192
f 173 182 174
f 179 194 180
f 180 195 181
f 180 194 195
f 181 195 196
f 183 197 184
f 184 197 199
f 184 199 198
f 195 200 201
f 195 201 202
f 195 202 196
f 198 199 203
f 199 204 203
f 200 205 206
f 200 206 207
f 200 207 208
f 200 208 201
f 203 204 209
f 203 209 210
f 203 210 206
f 203 206 205
f 211 212 213
f 211 213 219
f 211 219 232
f 211 232 231
f 211 231 230
f 211 230 252
f 211 252 251
f 211 251 250
f 211 250 249
f 211 249 266
f 211 266 285
f 211 285 284
f 211 284 283
f 211 283 303
f 211 303 302
f 211 302 301
f 211 301 323
f 211 323 322
f 211 322 348
f 211 348 347
f 211 347 372
f 211 372 394
f 211 394 393
f 211 393 413
f 211 413 437
f 211 437 445
f 211 445 470
f 211 470 469
f 211 469 497
f 211 497 498
f 211 498 495
f 211 495 515
f 211 515 526
f 211 526 545
f 211 545 566
f 211 566 570
f 211 570 569
f 211 569 568
f 211 568 548
f 211 548 530
f 211 530 520
f 211 520 512
f 211 512 511
f 211 511 482
f 211 482 472
f 211 472 446
f 211 446 423
f 211 423 422
f 211 422 421
f 211 421 398
f 211 398 382
f 211 382 376
f 211 376 373
f 211 373 351
f 211 351 350
f 211 350 349
f 211 349 327
f 211 327 325
f 211 325 309
f 211 309 324
f 211 324 307
f 211 307 290
f 211 290 269
f 211 269 268
f 211 268 267
f 211 267 253
f 211 253 237
f 211 237 220
f 211 220 214
f 211 214 215
f 211 215 216
f 211 216 217
f 211 217 212
f 212 218 219
f 212 219 213
f 212 217 218
f 214 220 221
f 214 221 222
f 214 222 223
f 214 223 215
f 215 223 216
f 216 224 243
f 216 243 262
f 216 262 279
f 216 279 278
f 216 278 277
f 216 277 276
f 216 276 274
f 216 274 297
f 216 297 296
f 216 296 317
f 216 317 336
f 216 336 365
f 216 365 388
f 216 388 410
f 216 410 409
f 216 409 436
f 216 436 462
f 216 462 492
f 216 492 491
f 216 491 490
f 216 490 487
f 216 487 485
f 216 485 484
f 216 484 510
f 216 510 509
f 216 509 508
f 216 508 479
f 216 479 507
f 216 507 506
f 216 506 505
f 216 505 519
f 216 519 518
f 216 518 529
f 216 529 547
f 216 547 558
f 216 558 538
f 216 538 524
f 216 524 514
f 216 514 494
f 216 494 493
f 216 493 466
f 216 466 465
f 216 465 464
f 216 464 439
f 216 439 420
f 216 420 419
f 216 419 418
f 216 418 417
f 216 417 397
f 216 397 396
f 216 396 390
f 216 390 367
f 216 367 343
f 216 343 342
f 216 342 341
f 216 341 340
f 216 340 339
f 216 339 338
f 216 338 320
f 216 320 319
f 216 319 306
f 216 306 305
f 216 305 289
f 216 289 288
f 216 288 287
f 216 287 286
f 216 286 265
f 216 265 248
f 216 248 236
f 216 236 235
f 216 235 234
f 216 234 233
f 216 233 225
f 216 225 217
f 216 223 224
f 217 225 218
f 218 226 227
f 218 227 228
f 218 228 229
f 218 229 230
f 218 230 231
f 218 231 232
f 218 232 219
f 218 225 233
f 218 233 234
f 218 234 235
f 218 235 236
f 218 236 226
f 220 237 238
f 220 238 239
f 220 239 221
f 221 239 222
f 222 239 240
f 222 240 241
f 222 241 242
f 222 242 243
f 222 243 223
f 223 243 224
f 226 244 245
f 226 245 246
f 226 246 247
f 226 247 227
f 226 236 248
f 226 248 244
f 227 247 249
f 227 249 228
f 228 249 250
f 228 250 251
f 228 251 252
f 228 252 229
f 229 252 230
f 237 253 254
f 237 254 238
f 238 254 239
f 239 254 255
f 239 255 240
f 240 255 254
f 240 254 256
f 240 256 257
f 240 257 258
f 240 258 259
f 240 259 241
f 241 259 260
f 241 260 261
f 241 261 262
f 241 262 242
f 242 262 243
f 244 263 264
f 244 264 246
f 244 246 245
f 244 248 265
f 244 265 263
f 246 264 266
f 246 266 249
f 246 249 247
f 253 267 254
f 254 267 268
f 254 268 269
f 254 269 270
f 254 270 271
f 254 271 256
f 256 272 273
f 256 273 274
f 256 274 275
f 256 275 258
f 256 258 257
f 256 271 272
f 258 275 274
f 258 274 276
f 258 276 277
f 258 277 259
f 259 277 278
f 259 278 261
f 259 261 260
f 261 278 279
f 261 279 262
f 263 280 281
f 263 281 282
f 263 282 283
f 263 283 284
f 263 284 285
f 263 285 264
f 263 265 286
f 263 286 287
f 263 287 288
f 263 288 289
f 263 289 280
f 264 285 266
f 269 290 270
f 270 290 291
f 270 291 292
f 270 292 271
f 271 292 293
f 271 293 294
f 271 294 272
f 272 294 295
f 272 295 296
f 272 296 273
f 273 296 297
f 273 297 274
f 280 298 299
f 280 299 300
f 280 300 301
f 280 301 302
f 280 302 303
f 280 303 304
f 280 304 281
f 280 289 305
f 280 305 306
f 280 306 298
f 281 304 282
f 282 304 283
f 283 304 303
f 290 307 291
f 291 307 308
f 291 308 309
f 291 309 310
f 291 310 311
f 291 311 312
f 291 312 292
f 292 312 313
f 292 313 314
f 292 314 293
f 293 314 315
f 293 315 294
f 294 315 295
f 295 315 316
f 295 316 296
f 296 316 317
f 298 318 299
f 298 306 319
f 298 319 320
f 298 320 318
f 299 318 321
f 299 321 322
f 299 322 300
f 300 322 323
f 300 323 301
f 307 324 308
f 308 324 309
f 309 325 310
f 310 326 311
f 310 325 327
f 310 327 326
f 311 326 328
f 311 328 329
f 311 329 312
f 312 329 330
f 312 330 331
f 312 331 332
f 312 332 313
f 313 332 314
f 314 332 333
f 314 333 334
f 314 334 315
f 315 335 316
f 315 334 335
f 316 335 336
f 316 336 317
f 318 337 321
f 318 320 338
f 318 338 339
f 318 339 340
f 318 340 341
f 318 341 342
f 318 342 343
f 318 343 337
f 321 337 344
f 321 344 345
f 321 345 346
f 321 346 347
f 321 347 348
f 321 348 322
f 326 327 349
f 326 349 350
f 326 350 351
f 326 351 328
f 328 352 329
f 328 351 353
f 328 353 354
f 328 354 352
f 329 352 330
f 330 355 331
f 330 352 355
f 331 356 357
f 331 357 358
f 331 358 332
f 331 355 359
f 331 359 356
f 332 360 361
f 332 361 362
f 332 362 363
f 332 363 334
f 332 334 333
f 332 358 360
f 334 363 335
f 335 363 364
f 335 364 365
f 335 365 336
f 337 366 344
f 337 343 367
f 337 367 366
f 344 366 368
f 344 368 345
f 345 369 370
f 345 370 346
f 345 368 371
f 345 371 369
f 346 370 347
f 347 370 372
f 351 373 353
f 352 354 374
f 352 374 375
f 352 375 355
f 353 373 376
f 353 376 354
f 354 376 374
f 355 375 359
f 356 359 377
f 356 377 378
f 356 378 357
f 357 379 380
f 357 380 358
f 357 378 381
f 357 381 379
f 358 380 360
f 359 375 382
f 359 382 377
f 360 380 383
f 360 383 361
f 361 383 384
f 361 384 362
f 362 384 385
f 362 385 386
f 362 386 363
f 363 386 364
f 364 386 385
f 364 385 387
f 364 387 365
f 365 387 388
f 366 389 368
f 366 367 389
f 367 390 389
f 368 389 390
f 368 390 371
f 369 371 391
f 369 391 392
f 369 392 393
f 369 393 394
f 369 394 370
f 370 394 372
f 371 395 391
f 371 390 396
f 371 396 397
f 371 397 395
f 374 376 375
f 375 376 382
f 377 382 378
f 378 382 398
f 378 398 399
f 378 399 381
f 379 400 401
f 379 401 402
f 379 402 380
f 379 381 403
f 379 403 400
f 380 402 404
f 380 404 383
f 381 399 403
f 383 404 384
f 384 405 406
f 384 406 407
f 384 407 385
f 384 404 405
f 385 406 387
f 385 407 406
f 387 408 409
f 387 409 410
f 387 410 388
f 387 406 408
f 391 395 392
f 392 395 411
f 392 411 412
f 392 412 413
f 392 413 393
f 395 414 415
f 395 415 416
f 395 416 411
f 395 397 417
f 395 417 418
f 395 418 419
f 395 419 420
f 395 420 414
f 398 421 399
f 399 421 422
f 399 422 423
f 399 423 424
f 399 424 425
f 399 425 426
f 399 426 403
f 400 427 401
f 400 403 427
f 401 404 402
f 401 427 428
f 401 428 429
f 401 429 430
f 401 430 431
f 401 431 404
f 403 426 432
f 403 432 429
f 403 429 428
f 403 428 427
f 404 431 405
f 405 431 433
f 405 433 406
f 406 434 435
f 406 435 408
f 406 433 434
f 408 436 409
f 408 435 436
f 411 416 412
f 412 416 437
f 412 437 413
f 414 438 415
f 414 420 439
f 414 439 438
f 415 438 440
f 415 440 416
f 416 440 441
f 416 441 442
f 416 442 443
f 416 443 444
f 416 444 445
f 416 445 437
f 423 446 424
f 424 447 448
f 424 448 426
f 424 426 425
f 424 446 449
f 424 449 447
f 426 448 450
f 426 450 451
f 426 451 452
f 426 452 453
f 426 453 432
f 429 432 454
f 429 454 455
f 429 455 430
f 430 455 456
f 430 456 457
f 430 457 458
f 430 458 431
f 431 458 433
f 432 453 459
f 432 459 454
f 433 458 434
f 434 460 461
f 434 461 435
f 434 458 460
f 435 461 462
f 435 462 436
f 438 463 441
f 438 441 440
f 438 439 464
f 438 464 465
f 438 465 466
f 438 466 463
f 441 467 443
f 441 443 442
f 441 463 468
f 441 468 467
f 443 469 470
f 443 470 445
f 443 445 444
f 443 467 471
f 443 471 469
f 446 472 449
f 447 449 473
f 447 473 474
f 447 474 475
f 447 475 476
f 447 476 448
f 448 476 477
f 448 477 478
f 448 478 479
f 448 479 480
f 448 480 481
f 448 481 450
f 449 472 482
f 449 482 483
f 449 483 473
f 450 481 484
f 450 484 451
f 451 484 485
f 451 485 486
f 451 486 452
f 452 486 485
f 452 485 487
f 452 487 488
f 452 488 459
f 452 459 453
f 454 459 488
f 454 488 455
f 455 489 490
f 455 490 491
f 455 491 456
f 455 488 489
f 456 491 492
f 456 492 461
f 456 461 457
f 457 461 460
f 457 460 458
f 461 492 462
f 463 466 493
f 463 493 494
f 463 494 468
f 467 468 471
f 468 495 471
f 468 494 496
f 468 496 495
f 469 471 497
f 471 495 498
f 471 498 497
f 473 483 474
f 474 483 475
f 475 483 499
f 475 499 500
f 475 500 501
f 475 501 502
f 475 502 476
f 476 502 503
f 476 503 504
f 476 504 505
f 476 505 506
f 476 506 477
f 477 506 507
f 477 507 479
f 477 479 478
f 479 508 480
f 480 508 509
f 480 509 481
f 481 509 510
f 481 510 484
f 482 511 483
f 483 511 512
f 483 512 513
f 483 513 500
f 483 500 499
f 487 490 489
f 487 489 488
f 494 514 496
f 495 496 515
f 496 514 515
f 500 516 501
f 500 513 516
f 501 516 504
f 501 504 503
f 501 503 502
f 504 516 517
f 504 517 518
f 504 518 519
f 504 519 505
f 512 520 521
f 512 521 513
f 513 521 522
f 513 522 523
f 513 523 516
f 514 524 525
f 514 525 515
f 515 525 526
f 516 523 522
f 516 522 527
f 516 527 517
f 517 527 528
f 517 528 529
f 517 529 518
f 520 530 531
f 520 531 521
f 521 531 532
f 521 532 533
f 521 533 534
f 521 534 535
f 521 535 536
f 521 536 522
f 522 536 537
f 522 537 527
f 524 538 539
f 524 539 525
f 525 539 538
f 525 538 540
f 525 540 541
f 525 541 542
f 525 542 526
f 526 543 544
f 526 544 545
f 526 542 543
f 527 537 546
f 527 546 528
f 528 547 529
f 528 546 547
f 530 548 531
f 531 548 532
f 532 548 549
f 532 549 550
f 532 550 551
f 532 551 552
f 532 552 533
f 533 552 553
f 533 553 554
f 533 554 535
f 533 535 534
f 535 554 555
f 535 555 537
f 535 537 536
f 537 555 554
f 537 554 556
f 537 556 557
f 537 557 546
f 538 558 559
f 538 559 560
f 538 560 540
f 540 561 541
f 540 560 561
f 541 561 562
f 541 562 542
f 542 562 563
f 542 563 543
f 543 564 565
f 543 565 545
f 543 545 544
f 543 563 564
f 545 565 566
f 546 557 567
f 546 567 547
f 547 567 558
f 548 568 549
f 549 551 550
f 549 568 569
f 549 569 551
f 551 569 570
f 551 570 571
f 551 571 572
f 551 572 552
f 552 572 573
f 552 573 553
f 553 573 563
f 553 563 574
f 553 574 554
f 554 575 557
f 554 557 556
f 554 574 575
f 557 575 567
f 558 567 576
f 558 576 559
f 559 576 562
f 559 562 560
f 560 562 561
f 562 576 574
f 562 574 563
f 563 573 565
f 563 565 564
f 565 577 578
f 565 578 579
f 565 579 566
f 565 573 577
f 566 579 578
f 566 578 580
f 566 580 570
f 567 575 576
f 570 580 581
f 570 581 571
f 571 581 572
f 572 581 573
f 573 581 582
f 573 582 577
f 574 576 575
f 577 582 581
f 577 581 578
f 578 581 580
f 583 584 589
f 583 589 600
f 583 600 613
f 583 613 630
f 583 630 632
f 583 632 651
f 583 651 673
f 583 673 672
f 583 672 699
f 583 699 733
f 583 733 732
f 583 732 731
f 583 731 730
f 583 730 729
f 583 729 728
f 583 728 769
f 583 769 807
f 583 807 845
f 583 845 891
f 583 891 935
f 583 935 986
f 583 986 1028
f 583 1028 1073
f 583 1073 1118
f 583 1118 1117
f 583 1117 1115
f 583 1115 1114
f 583 1114 1146
f 583 1146 1145
f 583 1145 1144
f 583 1144 1143
f 583 1143 1154
f 583 1154 1159
f 583 1159 1158
f 583 1158 1157
f 583 1157 1149
f 583 1149 1125
f 583 1125 1088
f 583 1088 1085
f 583 1085 1042
f 583 1042 1041
f 583 1041 1040
f 583 1040 995
f 583 995 994
f 583 994 946
f 583 946 945
f 583 945 944
f 583 944 943
f 583 943 903
f 583 903 858
f 583 858 819
f 583 819 785
f 583 785 745
f 583 745 708
f 583 708 679
f 583 679 658
f 583 658 657
f 583 657 656
f 583 656 655
f 583 655 652
f 583 652 634
f 583 634 633
f 583 633 615
f 583 615 602
f 583 602 592
f 583 592 585
f 583 585 586
f 583 586 587
f 583 587 588
f 583 588 584
f 584 588 590
f 584 590 591
f 584 591 589
f 585 592 593
f 585 593 586
f 586 593 594
f 586 594 595
f 586 595 587
f 587 595 596
f 587 596 597
f 587 597 588
f 588 598 590
f 588 597 599
f 588 599 598
f 589 591 600
f 590 598 591
f 591 598 601
f 591 601 600
f 592 602 593
f 593 602 594
f 594 602 603
f 594 603 604
f 594 604 605
f 594 605 595
f 595 605 606
f 595 606 607
f 595 607 596
f 596 607 597
f 597 607 608
f 597 608 609
f 597 609 599
f 598 610 601
f 598 599 611
f 598 611 610
f 599 609 612
f 599 612 611
f 600 601 613
f 601 610 614
f 601 614 613
f 602 615 616
f 602 616 603
f 603 616 604
f 604 616 617
f 604 617 618
f 604 618 605
f 605 619 620
f 605 620 606
f 605 618 619
f 606 620 621
f 606 621 607
f 607 621 622
f 607 622 623
f 607 623 608
f 608 623 624
f 608 624 609
f 609 624 625
f 609 625 626
f 609 626 612
f 610 611 627
f 610 627 614
f 611 612 627
f 612 628 627
f 612 626 629
f 612 629 628
f 613 614 630
f 614 627 631
f 614 631 632
f 614 632 630
f 615 633 616
f 616 633 634
f 616 634 617
f 617 635 618
f 617 634 635
f 618 635 619
f 619 636 637
f 619 637 620
f 619 635 636
f 620 637 621
f 621 638 639
f 621 639 640
f 621 640 641
f 621 641 622
f 621 637 638
f 622 641 642
f 622 642 623
f 623 642 643
f 623 643 625
f 623 625 624
f 625 643 644
f 625 644 626
f 626 644 629
f 627 628 645
f 627 645 646
f 627 646 647
f 627 647 631
f 628 629 648
f 628 648 645
f 629 644 649
f 629 649 650
f 629 650 648
f 631 647 651
f 631 651 632
f 634 652 635
f 635 653 654
f 635 654 636
f 635 652 655
f 635 655 656
f 635 656 657
f 635 657 658
f 635 658 653
f 636 654 637
f 637 659 638
f 637 654 659
f 638 659 639
f 639 659 660
f 639 660 661
f 639 661 662
f 639 662 640
f 640 662 641
f 641 662 663
f 641 663 643
f 641 643 642
f 643 664 665
f 643 665 644
f 643 663 664
f 644 665 666
f 644 666 649
f 645 667 668
f 645 668 669
f 645 669 646
f 645 648 670
f 645 670 667
f 646 669 647
f 647 671 672
f 647 672 673
f 647 673 651
f 647 669 671
f 648 650 670
f 649 666 674
f 649 674 650
f 650 674 675
f 650 675 670
f 653 658 654
f 654 676 677
f 654 677 678
f 654 678 659
f 654 658 676
f 658 679 680
f 658 680 676
f 659 678 681
f 659 681 660
f 660 682 683
f 660 683 661
f 660 681 684
f 660 684 682
f 661 683 662
f 662 664 663
f 662 683 685
f 662 685 664
f 664 686 687
f 664 687 665
f 664 685 688
f 664 688 689
f 664 689 686
f 665 687 690
f 665 690 666
f 666 690 674
f 667 670 675
f 667 675 691
f 667 691 692
f 667 692 693
f 667 693 668
f 668 693 669
f 669 693 694
f 669 694 695
f 669 695 696
f 669 696 697
f 669 697 698
f 669 698 671
f 671 698 699
f 671 699 672
f 674 690 700
f 674 700 701
f 674 701 702
f 674 702 675
f 675 702 691
f 676 680 677
f 677 703 704
f 677 704 705
f 677 705 706
f 677 706 681
f 677 681 678
f 677 680 707
f 677 707 703
f 679 708 707
f 679 707 680
f 681 706 709
f 681 709 684
f 682 688 683
f 682 684 710
f 682 710 711
f 682 711 688
f 683 688 685
f 684 709 712
f 684 712 713
f 684 713 710
f 686 689 714
f 686 714 715
f 686 715 716
f 686 716 717
f 686 717 687
f 687 717 718
f 687 718 690
f 688 711 719
f 688 719 714
f 688 714 689
f 690 718 700
f 691 702 720
f 691 720 721
f 691 721 722
f 691 722 692
f 692 722 723
f 692 723 693
f 693 723 694
f 694 723 724
f 694 724 725
f 694 725 726
f 694 726 727
f 694 727 695
f 695 727 728
f 695 728 729
f 695 729 730
f 695 730 731
f 695 731 732
f 695 732 696
f 696 732 697
f 697 732 733
f 697 733 698
f 698 733 699
f 700 734 735
f 700 735 736
f 700 736 701
f 700 718 734
f 701 736 737
f 701 737 738
f 701 738 702
f 702 738 720
f 703 707 704
f 704 739 740
f 704 740 705
f 704 707 741
f 704 741 739
f 705 740 742
f 705 742 706
f 706 742 743
f 706 743 709
f 707 708 741
f 708 744 741
f 708 745 744
f 709 743 712
f 710 713 746
f 710 746 711
f 711 746 719
f 712 743 747
f 712 747 713
f 713 747 748
f 713 748 749
f 713 749 750
f 713 750 751
f 713 751 752
f 713 752 753
f 713 753 754
f 713 754 746
f 714 719 755
f 714 755 715
f 715 755 756
f 715 756 716
f 716 756 757
f 716 757 717
f 717 757 758
f 717 758 759
f 717 759 718
f 718 759 760
f 718 760 734
f 719 746 761
f 719 761 762
f 719 762 755
f 720 738 721
f 721 738 722
f 722 738 763
f 722 763 764
f 722 764 765
f 722 765 723
f 723 765 724
f 724 765 725
f 725 765 766
f 725 766 767
f 725 767 768
f 725 768 726
f 726 768 769
f 726 769 728
f 726 728 727
f 734 760 735
f 735 737 736
f 735 760 770
f 735 770 771
f 735 771 772
f 735 772 773
f 735 773 737
f 737 773 774
f 737 774 775
f 737 775 776
f 737 776 738
f 738 776 763
f 739 777 778
f 739 778 779
f 739 779 780
f 739 780 740
f 739 741 777
f 740 780 749
f 740 749 742
f 741 744 781
f 741 781 782
f 741 782 783
f 741 783 777
f 742 749 748
f 742 748 743
f 743 748 747
f 744 745 784
f 744 784 781
f 745 785 784
f 746 754 761
f 749 780 786
f 749 786 750
f 750 786 751
f 751 786 752
f 752 787 753
f 752 786 788
f 752 788 789
f 752 789 790
f 752 790 787
f 753 787 791
f 753 791 754
f 754 791 761
f 755 762 756
f 756 762 792
f 756 792 757
f 757 792 793
f 757 793 758
f 758 760 759
f 758 793 794
f 758 794 760
f 760 794 770
f 761 791 795
f 761 795 796
f 761 796 797
f 761 797 762
f 762 797 798
f 762 798 799
f 762 799 800
f 762 800 792
f 763 776 775
f 763 775 764
f 764 775 801
f 764 801 766
f 764 766 765
f 766 801 802
f 766 802 767
f 767 802 803
f 767 803 804
f 767 804 768
f 768 804 805
f 768 805 806
f 768 806 807
f 768 807 769
f 770 794 808
f 770 808 771
f 771 809 772
f 771 808 810
f 771 810 811
f 771 811 774
f 771 774 809
f 772 809 773
f 773 809 774
f 774 811 812
f 774 812 813
f 774 813 801
f 774 801 775
f 777 783 778
f 778 814 779
f 778 783 782
f 778 782 815
f 778 815 814
f 779 814 780
f 780 814 786
f 781 784 816
f 781 816 782
f 782 816 815
f 784 785 817
f 784 817 818
f 784 818 816
f 785 819 820
f 785 820 821
f 785 821 822
f 785 822 823
f 785 823 817
f 786 814 788
f 787 790 824
f 787 824 791
f 788 814 825
f 788 825 789
f 789 825 826
f 789 826 827
f 789 827 790
f 790 827 828
f 790 828 829
f 790 829 824
f 791 824 829
f 791 829 795
f 792 800 830
f 792 830 793
f 793 830 794
f 794 831 808
f 794 830 831
f 795 829 832
f 795 832 796
f 796 832 833
f 796 833 834
f 796 834 797
f 797 834 835
f 797 835 836
f 797 836 837
f 797 837 798
f 798 837 799
f 799 837 800
f 800 837 838
f 800 838 839
f 800 839 830
f 801 813 840
f 801 840 802
f 802 840 841
f 802 841 803
f 803 841 842
f 803 842 805
f 803 805 804
f 805 842 843
f 805 843 844
f 805 844 806
f 806 844 807
f 807 844 845
f 808 831 846
f 808 846 810
f 810 847 848
f 810 848 811
f 810 846 847
f 811 848 849
f 811 849 812
f 812 849 850
f 812 850 851
f 812 851 852
f 812 852 840
f 812 840 813
f 814 815 825
f 815 853 825
f 815 816 818
f 815 818 854
f 815 854 853
f 817 855 856
f 817 856 818
f 817 823 855
f 818 856 857
f 818 857 854
f 819 858 859
f 819 859 860
f 819 860 820
f 820 860 821
f 821 861 822
f 821 860 862
f 821 862 863
f 821 863 861
f 822 861 864
f 822 864 865
f 822 865 866
f 822 866 867
f 822 867 855
f 822 855 823
f 825 853 826
f 826 853 868
f 826 868 827
f 827 869 828
f 827 868 870
f 827 870 871
f 827 871 869
f 828 869 872
f 828 872 873
f 828 873 829
f 829 873 874
f 829 874 832
f 830 839 831
f 831 839 879
f 831 879 846
f 832 874 875
f 832 875 833
f 833 876 877
f 833 877 835
f 833 835 834
f 833 875 878
f 833 878 876
f 835 877 838
f 835 838 837
f 835 837 836
f 838 877 879
f 838 879 839
f 840 852 880
f 840 880 881
f 840 881 841
f 841 881 852
f 841 852 882
f 841 882 883
f 841 883 884
f 841 884 842
f 842 884 885
f 842 885 886
f 842 886 887
f 842 887 843
f 843 887 888
f 843 888 844
f 844 888 889
f 844 889 890
f 844 890 845
f 845 890 891
f 846 879 892
f 846 892 847
f 847 892 893
f 847 893 894
f 847 894 848
f 848 894 895
f 848 895 849
f 849 895 896
f 849 896 897
f 849 897 850
f 850 897 851
f 851 898 899
f 851 899 852
f 851 897 898
f 852 881 880
f 852 899 900
f 852 900 882
f 853 854 901
f 853 901 868
f 854 857 902
f 854 902 901
f 855 867 856
f 856 867 902
f 856 902 857
f 858 903 859
f 859 862 860
f 859 903 862
f 861 904 864
f 861 863 904
f 862 903 905
f 862 905 906
f 862 906 863
f 863 906 907
f 863 907 904
f 864 904 908
f 864 908 909
f 864 909 865
f 865 910 911
f 865 911 912
f 865 912 913
f 865 913 914
f 865 914 866
f 865 909 910
f 866 914 915
f 866 915 867
f 867 915 916
f 867 916 902
f 868 901 917
f 868 917 870
f 869 871 872
f 870 917 918
f 870 918 871
f 871 918 919
f 871 919 872
f 872 920 873
f 872 919 921
f 872 921 920
f 873 922 874
f 873 920 922
f 874 922 875
f 875 922 923
f 875 923 924
f 875 924 878
f 876 878 925
f 876 925 893
f 876 893 892
f 876 892 879
f 876 879 877
f 878 924 925
f 882 900 926
f 882 926 883
f 883 926 884
f 884 926 927
f 884 927 928
f 884 928 885
f 885 928 886
f 886 928 929
f 886 929 930
f 886 930 931
f 886 931 887
f 887 931 888
f 888 931 932
f 888 932 889
f 889 932 890
f 890 933 934
f 890 934 935
f 890 935 891
f 890 932 933
f 893 925 924
f 893 924 936
f 893 936 937
f 893 937 894
f 894 937 896
f 894 896 895
f 896 937 897
f 897 937 938
f 897 938 898
f 898 938 939
f 898 939 940
f 898 940 899
f 899 940 941
f 899 941 942
f 899 942 926
f 899 926 900
f 901 902 916
f 901 916 917
f 903 943 905
f 904 907 908
f 905 943 944
f 905 944 945
f 905 945 906
f 906 945 946
f 906 946 947
f 906 947 948
f 906 948 949
f 906 949 950
f 906 950 907
f 907 951 952
f 907 952 908
f 907 950 953
f 907 953 951
f 908 952 909
f 909 952 954
f 909 954 955
f 909 955 910
f 910 955 911
f 911 955 956
f 911 956 957
f 911 957 958
f 911 958 912
f 912 958 959
f 912 959 913
f 913 959 960
f 913 960 961
f 913 961 915
f 913 915 914
f 915 961 916
f 916 961 918
f 916 918 917
f 918 962 919
f 918 961 962
f 919 962 963
f 919 963 921
f 920 921 964
f 920 964 922
f 921 963 965
f 921 965 966
f 921 966 964
f 922 964 923
f 923 964 967
f 923 967 924
f 924 967 936
f 926 968 969
f 926 969 927
f 926 942 970
f 926 970 971
f 926 971 972
f 926 972 973
f 926 973 974
f 926 974 975
f 926 975 968
f 927 969 976
f 927 976 928
f 928 976 929
f 929 976 968
f 929 968 977
f 929 977 978
f 929 978 979
f 929 979 930
f 930 979 980
f 930 980 931
f 931 980 981
f 931 981 982
f 931 982 983
f 931 983 932
f 932 983 933
f 933 984 985
f 933 985 934
f 933 983 984
f 934 985 935
f 935 985 986
f 936 967 987
f 936 987 938
f 936 938 937
f 938 987 939
f 939 987 988
f 939 988 989
f 939 989 940
f 940 989 990
f 940 990 941
f 941 990 991
f 941 991 992
f 941 992 993
f 941 993 970
f 941 970 942
f 946 994 947
f 947 994 995
f 947 995 996
f 947 996 997
f 947 997 998
f 947 998 999
f 947 999 949
f 947 949 948
f 949 953 950
f 949 999 1000
f 949 1000 1001
f 949 1001 953
f 951 1001 1002
f 951 1002 952
f 951 953 1001
f 952 1002 954
f 954 1002 1001
f 954 1001 1003
f 954 1003 1004
f 954 1004 1005
f 954 1005 955
f 955 1006 1007
f 955 1007 956
f 955 1005 1008
f 955 1008 1006
f 956 1009 1010
f 956 1010 957
f 956 1007 1009
f 957 1011 958
f 957 1010 1011
f 958 1011 1012
f 958 1012 959
f 959 965 963
f 959 963 961
f 959 961 960
f 959 1012 965
f 961 963 962
f 964 966 967
f 965 1012 1013
f 965 1013 966
f 966 1013 988
f 966 988 967
f 967 988 987
f 968 976 969
f 968 975 977
f 970 993 992
f 970 992 1014
f 970 1014 971
f 971 1014 972
f 972 1014 1015
f 972 1015 1016
f 972 1016 973
f 973 1016 1015
f 973 1015 1017
f 973 1017 1018
f 973 1018 1019
f 973 1019 1020
f 973 1020 975
f 973 975 974
f 975 1020 1021
f 975 1021 1022
f 975 1022 1023
f 975 1023 977
f 977 1023 978
f 978 1023 979
f 979 1023 1021
f 979 1021 1024
f 979 1024 1025
f 979 1025 980
f 980 1025 981
f 981 1025 1024
f 981 1024 1026
f 981 1026 983
f 981 983 982
f 983 1026 1027
f 983 1027 984
f 984 1028 985
f 984 1027 1026
f 984 1026 1024
f 984 1024 1028
f 985 1028 986
f 988 1013 1029
f 988 1029 1030
f 988 1030 1031
f 988 1031 989
f 989 1031 1032
f 989 1032 990
f 990 1032 1033
f 990 1033 991
f 991 1033 1034
f 991 1034 1035
f 991 1035 992
f 992 1035 1036
f 992 1036 1037
f 992 1037 1038
f 992 1038 1039
f 992 1039 1014
f 995 1040 996
f 996 1040 1041
f 996 1041 1042
f 996 1042 1043
f 996 1043 1044
f 996 1044 998
f 996 998 997
f 998 1044 1045
f 998 1045 1000
f 998 1000 999
f 1000 1045 1046
f 1000 1046 1047
f 1000 1047 1048
f 1000 1048 1049
f 1000 1049 1050
f 1000 1050 1001
f 1001 1050 1003
f 1003 1050 1051
f 1003 1051 1004
f 1004 1051 1052
f 1004 1052 1008
f 1004 1008 1053
f 1004 1053 1005
f 1005 1053 1008
f 1006 1008 1007
f 1007 1008 1009
f 1008 1052 1054
f 1008 1054 1009
f 1009 1055 1056
f 1009 1056 1057
f 1009 1057 1010
f 1009 1054 1058
f 1009 1058 1055
f 1010 1057 1011
f 1011 1059 1012
f 1011 1057 1060
f 1011 1060 1059
f 1012 1059 1013
f 1013 1059 1061
f 1013 1061 1029
f 1014 1039 1038
f 1014 1038 1062
f 1014 1062 1063
f 1014 1063 1015
f 1015 1063 1062
f 1015 1062 1064
f 1015 1064 1065
f 1015 1065 1066
f 1015 1066 1067
f 1015 1067 1017
f 1017 1067 1018
f 1018 1067 1068
f 1018 1068 1069
f 1018 1069 1019
f 1019 1069 1070
f 1019 1070 1071
f 1019 1071 1072
f 1019 1072 1020
f 1020 1072 1021
f 1021 1023 1022
f 1021 1072 1024
f 1024 1072 1073
f 1024 1073 1028
f 1029 1061 1074
f 1029 1074 1075
f 1029 1075 1076
f 1029 1076 1030
f 1030 1076 1031
f 1031 1076 1032
f 1032 1076 1077
f 1032 1077 1033
f 1033 1077 1078
f 1033 1078 1034
f 1034 1078 1079
f 1034 1079 1080
f 1034 1080 1036
f 1034 1036 1035
f 1036 1081 1082
f 1036 1082 1038
f 1036 1038 1037
f 1036 1080 1079
f 1036 1079 1081
f 1038 1082 1083
f 1038 1083 1084
f 1038 1084 1062
f 1042 1085 1043
f 1043 1086 1087
f 1043 1087 1045
f 1043 1045 1044
f 1043 1085 1088
f 1043 1088 1089
f 1043 1089 1086
f 1045 1087 1046
f 1046 1048 1047
f 1046 1087 1048
f 1048 1087 1090
f 1048 1090 1091
f 1048 1091 1051
f 1048 1051 1049
f 1049 1051 1050
f 1051 1091 1092
f 1051 1092 1052
f 1052 1058 1054
f 1052 1092 1058
f 1055 1093 1094
f 1055 1094 1056
f 1055 1058 1095
f 1055 1095 1096
f 1055 1096 1093
f 1056 1094 1057
f 1057 1097 1060
f 1057 1094 1097
f 1058 1092 1091
f 1058 1091 1098
f 1058 1098 1095
f 1059 1060 1099
f 1059 1099 1061
f 1060 1097 1099
f 1061 1099 1100
f 1061 1100 1101
f 1061 1101 1102
f 1061 1102 1074
f 1062 1084 1103
f 1062 1103 1064
f 1064 1103 1104
f 1064 1104 1065
f 1065 1104 1105
f 1065 1105 1066
f 1066 1105 1106
f 1066 1106 1107
f 1066 1107 1067
f 1067 1107 1068
f 1068 1107 1108
f 1068 1108 1109
f 1068 1109 1110
f 1068 1110 1070
f 1068 1070 1069
f 1070 1110 1111
f 1070 1111 1071
f 1071 1111 1112
f 1071 1112 1113
f 1071 1113 1114
f 1071 1114 1115
f 1071 1115 1116
f 1071 1116 1117
f 1071 1117 1118
f 1071 1118 1073
f 1071 1073 1072
f 1074 1102 1075
f 1075 1102 1076
f 1076 1102 1077
f 1077 1102 1119
f 1077 1119 1078
f 1078 1119 1120
f 1078 1120 1079
f 1079 1120 1081
f 1081 1120 1082
f 1082 1120 1121
f 1082 1121 1122
f 1082 1122 1083
f 1083 1122 1096
f 1083 1096 1084
f 1084 1096 1103
f 1086 1123 1124
f 1086 1124 1087
f 1086 1089 1123
f 1087 1124 1090
f 1088 1125 1126
f 1088 1126 1123
f 1088 1123 1089
f 1090 1124 1127
f 1090 1127 1091
f 1091 1128 1129
f 1091 1129 1130
f 1091 1130 1098
f 1091 1127 1128
f 1093 1131 1094
f 1093 1096 1131
f 1094 1131 1121
f 1094 1121 1132
f 1094 1132 1097
f 1095 1098 1130
f 1095 1130 1133
f 1095 1133 1096
f 1096 1133 1103
f 1096 1122 1131
f 1097 1132 1121
f 1097 1121 1134
f 1097 1134 1099
f 1099 1134 1100
f 1100 1134 1135
f 1100 1135 1101
f 1101 1135 1119
f 1101 1119 1102
f 1103 1133 1104
f 1104 1133 1136
f 1104 1136 1105
f 1105 1136 1137
f 1105 1137 1106
f 1106 1137 1107
f 1107 1127 1138
f 1107 1138 1139
f 1107 1139 1140
f 1107 1140 1141
f 1107 1141 1109
f 1107 1109 1108
f 1107 1137 1127
f 1109 1141 1110
f 1110 1141 1142
f 1110 1142 1112
f 1110 1112 1111
f 1112 1142 1113
f 1113 1139 1143
f 1113 1143 1144
f 1113 1144 1145
f 1113 1145 1146
f 1113 1146 1114
f 1113 1142 1141
f 1113 1141 1140
f 1113 1140 1139
f 1115 1117 1116
f 1119 1135 1121
f 1119 1121 1120
f 1121 1131 1122
f 1121 1135 1134
f 1123 1147 1148
f 1123 1148 1124
f 1123 1126 1147
f 1124 1148 1138
f 1124 1138 1127
f 1125 1149 1126
f 1126 1149 1150
f 1126 1150 1147
f 1127 1137 1129
f 1127 1129 1128
f 1129 1137 1136
f 1129 1136 1130
f 1130 1136 1133
f 1138 1148 1151
f 1138 1151 1152
f 1138 1152 1153
f 1138 1153 1139
f 1139 1153 1143
f 1143 1153 1154
f 1147 1150 1148
f 1148 1150 1155
f 1148 1155 1156
f 1148 1156 1151
f 1149 1157 1155
f 1149 1155 1150
f 1151 1156 1158
f 1151 1158 1159
f 1151 1159 1152
f 1152 1159 1154
f 1152 1154 1153
f 1155 1157 1156
f 1156 1157 1158
f 1160 1161 1164
f 1160 1164 1170
f 1160 1170 1178
f 1160 1178 1190
f 1160 1190 1209
f 1160 1209 1219
f 1160 1219 1239
f 1160 1239 1238
f 1160 1238 1237
f 1160 1237 1256
f 1160 1256 1274
f 1160 1274 1287
f 1160 1287 1294
f 1160 1294 1301
f 1160 1301 1310
f 1160 1310 1309
f 1160 1309 1319
f 1160 1319 1323
f 1160 1323 1326
f 1160 1326 1332
f 1160 1332 1348
f 1160 1348 1347
f 1160 1347 1358
f 1160 1358 1367
f 1160 1367 1368
f 1160 1368 1366
f 1160 1366 1365
f 1160 1365 1364
f 1160 1364 1361
f 1160 1361 1351
f 1160 1351 1333
f 1160 1333 1327
f 1160 1327 1320
f 1160 1320 1311
f 1160 1311 1302
f 1160 1302 1295
f 1160 1295 1288
f 1160 1288 1277
f 1160 1277 1276
f 1160 1276 1275
f 1160 1275 1261
f 1160 1261 1260
f 1160 1260 1259
f 1160 1259 1240
f 1160 1240 1221
f 1160 1221 1220
f 1160 1220 1201
f 1160 1201 1184
f 1160 1184 1173
f 1160 1173 1166
f 1160 1166 1162
f 1160 1162 1163
f 1160 1163 1161
f 1161 1163 1165
f 1161 1165 1164
f 1162 1166 1167
f 1162 1167 1163
f 1163 1167 1168
f 1163 1168 1165
f 1164 1165 1169
f 1164 1169 1170
f 1165 1171 1169
f 1165 1168 1172
f 1165 1172 1171
f 1166 1173 1174
f 1166 1174 1167
f 1167 1175 1168
f 1167 1174 1175
f 1168 1175 1176
f 1168 1176 1172
f 1169 1171 1177
f 1169 1177 1170
f 1170 1177 1178
f 1171 1172 1179
f 1171 1179 1180
f 1171 1180 1181
f 1171 1181 1182
f 1171 1182 1177
f 1172 1176 1183
f 1172 1183 1179
f 1173 1184 1185
f 1173 1185 1174
f 1174 1185 1186
f 1174 1186 1187
f 1174 1187 1175
f 1175 1187 1188
f 1175 1188 1176
f 1176 1188 1189
f 1176 1189 1183
f 1177 1182 1190
f 1177 1190 1178
f 1179 1183 1191
f 1179 1191 1192
f 1179 1192 1180
f 1180 1193 1194
f 1180 1194 1181
f 1180 1192 1195
f 1180 1195 1193
f 1181 1194 1196
f 1181 1196 1182
f 1182 1196 1197
f 1182 1197 1190
f 1183 1198 1191
f 1183 1189 1199
f 1183 1199 1200
f 1183 1200 1198
f 1184 1201 1185
f 1185 1201 1186
f 1186 1201 1202
f 1186 1202 1203
f 1186 1203 1187
f 1187 1203 1204
f 1187 1204 1205
f 1187 1205 1206
f 1187 1206 1207
f 1187 1207 1188
f 1188 1207 1189
f 1189 1208 1199
f 1189 1207 1208
f 1190 1197 1209
f 1191 1198 1200
f 1191 1200 1199
f 1191 1199 1208
f 1191 1208 1231
f 1191 1231 1230
f 1191 1230 1229
f 1191 1229 1252
f 1191 1252 1264
f 1191 1264 1269
f 1191 1269 1250
f 1191 1250 1249
f 1191 1249 1268
f 1191 1268 1282
f 1191 1282 1281
f 1191 1281 1292
f 1191 1292 1298
f 1191 1298 1305
f 1191 1305 1313
f 1191 1313 1321
f 1191 1321 1330
f 1191 1330 1346
f 1191 1346 1345
f 1191 1345 1344
f 1191 1344 1343
f 1191 1343 1342
f 1191 1342 1341
f 1191 1341 1356
f 1191 1356 1339
f 1191 1339 1350
f 1191 1350 1331
f 1191 1331 1324
f 1191 1324 1322
f 1191 1322 1314
f 1191 1314 1306
f 1191 1306 1299
f 1191 1299 1293
f 1191 1293 1283
f 1191 1283 1270
f 1191 1270 1258
f 1191 1258 1257
f 1191 1257 1253
f 1191 1253 1233
f 1191 1233 1215
f 1191 1215 1232
f 1191 1232 1213
f 1191 1213 1212
f 1191 1212 1211
f 1191 1211 1210
f 1191 1210 1193
f 1191 1193 1195
f 1191 1195 1192
f 1193 1210 1194
f 1194 1210 1211
f 1194 1211 1212
f 1194 1212 1213
f 1194 1213 1214
f 1194 1214 1196
f 1196 1214 1215
f 1196 1215 1216
f 1196 1216 1217
f 1196 1217 1218
f 1196 1218 1197
f 1197 1218 1219
f 1197 1219 1209
f 1201 1220 1202
f 1202 1220 1203
f 1203 1220 1221
f 1203 1221 1222
f 1203 1222 1223
f 1203 1223 1205
f 1203 1205 1204
f 1205 1224 1225
f 1205 1225 1226
f 1205 1226 1227
f 1205 1227 1206
f 1205 1223 1228
f 1205 1228 1224
f 1206 1227 1207
f 1207 1227 1229
f 1207 1229 1230
f 1207 1230 1231
f 1207 1231 1208
f 1213 1232 1214
f 1214 1232 1215
f 1215 1233 1216
f 1216 1233 1234
f 1216 1234 1217
f 1217 1235 1218
f 1217 1234 1235
f 1218 1235 1236
f 1218 1236 1237
f 1218 1237 1238
f 1218 1238 1239
f 1218 1239 1219
f 1221 1240 1222
f 1222 1240 1241
f 1222 1241 1242
f 1222 1242 1223
f 1223 1242 1243
f 1223 1243 1228
f 1224 1244 1225
f 1224 1228 1243
f 1224 1243 1245
f 1224 1245 1246
f 1224 1246 1247
f 1224 1247 1248
f 1224 1248 1249
f 1224 1249 1250
f 1224 1250 1251
f 1224 1251 1244
f 1225 1244 1226
f 1226 1244 1227
f 1227 1244 1252
f 1227 1252 1229
f 1233 1253 1234
f 1234 1253 1235
f 1235 1254 1255
f 1235 1255 1256
f 1235 1256 1237
f 1235 1237 1236
f 1235 1253 1257
f 1235 1257 1258
f 1235 1258 1254
f 1240 1259 1241
f 1241 1259 1260
f 1241 1260 1261
f 1241 1261 1242
f 1242 1245 1243
f 1242 1261 1262
f 1242 1262 1263
f 1242 1263 1245
f 1244 1251 1264
f 1244 1264 1252
f 1245 1263 1265
f 1245 1265 1266
f 1245 1266 1246
f 1246 1266 1247
f 1247 1266 1248
f 1248 1266 1265
f 1248 1265 1267
f 1248 1267 1268
f 1248 1268 1249
f 1250 1269 1251
f 1251 1269 1264
f 1254 1258 1270
f 1254 1270 1271
f 1254 1271 1272
f 1254 1272 1273
f 1254 1273 1255
f 1255 1273 1274
f 1255 1274 1256
f 1261 1275 1262
f 1262 1275 1276
f 1262 1276 1263
f 1263 1276 1277
f 1263 1277 1278
f 1263 1278 1279
f 1263 1279 1280
f 1263 1280 1265
f 1265 1280 1267
f 1267 1280 1281
f 1267 1281 1282
f 1267 1282 1268
f 1270 1283 1271
f 1271 1283 1284
f 1271 1284 1272
f 1272 1285 1273
f 1272 1284 1285
f 1273 1285 1286
f 1273 1286 1274
f 1274 1286 1287
f 1277 1288 1278
f 1278 1288 1289
f 1278 1289 1290
f 1278 1290 1279
f 1279 1290 1291
f 1279 1291 1280
f 1280 1291 1290
f 1280 1290 1292
f 1280 1292 1281
f 1283 1293 1284
f 1284 1293 1285
f 1285 1293 1286
f 1286 1293 1294
f 1286 1294 1287
f 1288 1295 1289
f 1289 1295 1296
f 1289 1296 1297
f 1289 1297 1290
f 1290 1297 1292
f 1292 1297 1298
f 1293 1299 1300
f 1293 1300 1294
f 1294 1300 1301
f 1295 1302 1303
f 1295 1303 1296
f 1296 1303 1297
f 1297 1304 1305
f 1297 1305 1298
f 1297 1303 1304
f 1299 1306 1307
f 1299 1307 1300
f 1300 1307 1308
f 1300 1308 1309
f 1300 1309 1310
f 1300 1310 1301
f 1302 1311 1303
f 1303 1312 1304
f 1303 1311 1312
f 1304 1312 1313
f 1304 1313 1305
f 1306 1314 1307
f 1307 1315 1308
f 1307 1314 1316
f 1307 1316 1317
f 1307 1317 1315
f 1308 1318 1309
f 1308 1315 1318
f 1309 1318 1319
f 1311 1320 1312
f 1312 1321 1313
f 1312 1320 1321
f 1314 1322 1316
f 1315 1323 1319
f 1315 1319 1318
f 1315 1317 1323
f 1316 1322 1317
f 1317 1322 1324
f 1317 1324 1325
f 1317 1325 1326
f 1317 1326 1323
f 1320 1327 1328
f 1320 1328 1329
f 1320 1329 1321
f 1321 1329 1328
f 1321 1328 1330
f 1324 1331 1325
f 1325 1331 1332
f 1325 1332 1326
f 1327 1333 1334
f 1327 1334 1335
f 1327 1335 1336
f 1327 1336 1328
f 1328 1336 1335
f 1328 1335 1337
f 1328 1337 1338
f 1328 1338 1339
f 1328 1339 1340
f 1328 1340 1341
f 1328 1341 1342
f 1328 1342 1343
f 1328 1343 1344
f 1328 1344 1345
f 1328 1345 1346
f 1328 1346 1330
f 1331 1347 1348
f 1331 1348 1349
f 1331 1349 1332
f 1331 1350 1347
f 1332 1349 1348
f 1333 1351 1352
f 1333 1352 1335
f 1333 1335 1334
f 1335 1352 1337
f 1337 1352 1353
f 1337 1353 1354
f 1337 1354 1355
f 1337 1355 1338
f 1338 1355 1339
f 1339 1356 1340
f 1339 1355 1354
f 1339 1354 1357
f 1339 1357 1350
f 1340 1356 1341
f 1347 1350 1358
f 1350 1357 1359
f 1350 1359 1360
f 1350 1360 1358
f 1351 1361 1362
f 1351 1362 1352
f 1352 1362 1353
f 1353 1362 1363
f 1353 1363 1354
f 1354 1363 1361
f 1354 1361 1364
f 1354 1364 1365
f 1354 1365 1357
f 1357 1365 1366
f 1357 1366 1359
f 1358 1360 1367
f 1359 1366 1368
f 1359 1368 1360
f 1360 1368 1367
f 1361 1363 1362
f 1369 1370 1375
f 1369 1375 1385
f 1369 1385 1397
f 1369 1397 1418
f 1369 1418 1442
f 1369 1442 1480
f 1369 1480 1523
f 1369 1523 1575
f 1369 1575 1624
f 1369 1624 1671
f 1369 1671 1730
f 1369 1730 1793
f 1369 1793 1854
f 1369 1854 1915
f 1369 1915 1955
f 1369 1955 1954
f 1369 1954 1996
f 1369 1996 2036
f 1369 2036 2066
f 1369 2066 2065
f 1369 2065 2064
f 1369 2064 2089
f 1369 2089 2095
f 1369 2095 2094
f 1369 2094 2092
f 1369 2092 2091
f 1369 2091 2071
f 1369 2071 2041
f 1369 2041 2037
f 1369 2037 1998
f 1369 1998 1997
f 1369 1997 1958
f 1369 1958 1917
f 1369 1917 1860
f 1369 1860 1855
f 1369 1855 1797
f 1369 1797 1796
f 1369 1796 1795
f 1369 1795 1736
f 1369 1736 1735
f 1369 1735 1682
f 1369 1682 1678
f 1369 1678 1628
f 1369 1628 1582
f 1369 1582 1537
f 1369 1537 1490
f 1369 1490 1452
f 1369 1452 1451
f 1369 1451 1445
f 1369 1445 1422
f 1369 1422 1402
f 1369 1402 1387
f 1369 1387 1376
f 1369 1376 1371
f 1369 1371 1372
f 1369 1372 1373
f 1369 1373 1374
f 1369 1374 1370
f 1370 1374 1375
f 1371 1376 1377
f 1371 1377 1372
f 1372 1377 1378
f 1372 1378 1379
f 1372 1379 1380
f 1372 1380 1381
f 1372 1381 1373
f 1373 1381 1382
f 1373 1382 1374
f 1374 1382 1383
f 1374 1383 1384
f 1374 1384 1375
f 1375 1384 1386
f 1375 1386 1385
f 1376 1387 1388
f 1376 1388 1378
f 1376 1378 1377
f 1378 1388 1389
f 1378 1389 1379
f 1379 1389 1390
f 1379 1390 1391
f 1379 1391 1392
f 1379 1392 1380
f 1380 1392 1381
f 1381 1392 1393
f 1381 1393 1382
f 1382 1394 1383
f 1382 1393 1395
f 1382 1395 1394
f 1383 1396 1386
f 1383 1386 1384
f 1383 1394 1396
f 1385 1386 1396
f 1385 1396 1398
f 1385 1398 1399
f 1385 1399 1400
f 1385 1400 1401
f 1385 1401 1397
f 1387 1402 1403
f 1387 1403 1404
f 1387 1404 1405
f 1387 1405 1406
f 1387 1406 1388
f 1388 1406 1407
f 1388 1407 1408
f 1388 1408 1409
f 1388 1409 1389
f 1389 1409 1410
f 1389 1410 1390
f 1390 1410 1391
f 1391 1411 1392
f 1391 1410 1412
f 1391 1412 1413
f 1391 1413 1411
f 1392 1411 1393
f 1393 1411 1414
f 1393 1414 1395
f 1394 1395 1396
f 1395 1415 1396
f 1395 1414 1416
f 1395 1416 1415
f 1396 1399 1398
f 1396 1415 1417
f 1396 1417 1399
f 1397 1401 1419
f 1397 1419 1420
f 1397 1420 1421
f 1397 1421 1418
f 1399 1417 1400
f 1400 1417 1401
f 1401 1417 1419
f 1402 1422 1423
f 1402 1423 1424
f 1402 1424 1425
f 1402 1425 1403
f 1403 1425 1426
f 1403 1426 1427
f 1403 1427 1404
f 1404 1406 1405
f 1404 1427 1406
f 1406 1428 1429
f 1406 1429 1407
f 1406 1427 1430
f 1406 1430 1428
f 1407 1429 1431
f 1407 1431 1408
f 1408 1410 1409
f 1408 1431 1432
f 1408 1432 1433
f 1408 1433 1434
f 1408 1434 1410
f 1410 1434 1412
f 1411 1413 1435
f 1411 1435 1436
f 1411 1436 1414
f 1412 1434 1437
f 1412 1437 1438
f 1412 1438 1413
f 1413 1438 1435
f 1414 1436 1439
f 1414 1439 1416
f 1415 1416 1440
f 1415 1440 1441
f 1415 1441 1419
f 1415 1419 1417
f 1416 1439 1440
f 1418 1421 1443
f 1418 1443 1442
f 1419 1441 1420
f 1420 1441 1421
f 1421 1441 1444
f 1421 1444 1443
f 1422 1445 1423
f 1423 1446 1447
f 1423 1447 1448
f 1423 1448 1449
f 1423 1449 1450
f 1423 1450 1424
f 1423 1445 1451
f 1423 1451 1452
f 1423 1452 1453
f 1423 1453 1454
f 1423 1454 1446
f 1424 1450 1426
f 1424 1426 1425
f 1426 1449 1455
f 1426 1455 1456
f 1426 1456 1457
f 1426 1457 1458
f 1426 1458 1427
f 1426 1450 1449
f 1427 1459 1460
f 1427 1460 1461
f 1427 1461 1432
f 1427 1432 1430
f 1427 1458 1462
f 1427 1462 1463
f 1427 1463 1459
f 1428 1430 1432
f 1428 1432 1431
f 1428 1431 1429
f 1432 1461 1464
f 1432 1464 1465
f 1432 1465 1466
f 1432 1466 1467
f 1432 1467 1468
f 1432 1468 1433
f 1433 1468 1469
f 1433 1469 1434
f 1434 1469 1437
f 1435 1439 1436
f 1435 1438 1470
f 1435 1470 1471
f 1435 1471 1439
f 1437 1469 1472
f 1437 1472 1473
f 1437 1473 1438
f 1438 1473 1470
f 1439 1471 1474
f 1439 1474 1440
f 1440 1474 1471
f 1440 1471 1475
f 1440 1475 1476
f 1440 1476 1477
f 1440 1477 1478
f 1440 1478 1441
f 1441 1478 1479
f 1441 1479 1444
f 1442 1443 1480
f 1443 1481 1482
f 1443 1482 1480
f 1443 1444 1483
f 1443 1483 1484
f 1443 1484 1485
f 1443 1485 1486
f 1443 1486 1481
f 1444 1479 1483
f 1446 1454 1487
f 1446 1487 1488
f 1446 1488 1489
f 1446 1489 1447
f 1447 1449 1448
f 1447 1489 1456
f 1447 1456 1449
f 1449 1456 1455
f 1452 1490 1491
f 1452 1491 1492
f 1452 1492 1453
f 1453 1492 1491
f 1453 1491 1454
f 1454 1493 1494
f 1454 1494 1487
f 1454 1491 1493
f 1456 1489 1495
f 1456 1495 1496
f 1456 1496 1497
f 1456 1497 1498
f 1456 1498 1499
f 1456 1499 1500
f 1456 1500 1457
f 1457 1500 1462
f 1457 1462 1458
f 1459 1501 1464
f 1459 1464 1461
f 1459 1461 1460
f 1459 1463 1502
f 1459 1502 1503
f 1459 1503 1504
f 1459 1504 1501
f 1462 1500 1499
f 1462 1499 1505
f 1462 1505 1506
f 1462 1506 1463
f 1463 1506 1507
f 1463 1507 1508
f 1463 1508 1503
f 1463 1503 1502
f 1464 1509 1510
f 1464 1510 1465
f 1464 1501 1509
f 1465 1510 1511
f 1465 1511 1512
f 1465 1512 1466
f 1466 1512 1469
f 1466 1469 1467
f 1467 1469 1468
f 1469 1512 1472
f 1470 1473 1513
f 1470 1513 1514
f 1470 1514 1515
f 1470 1515 1471
f 1471 1515 1516
f 1471 1516 1517
f 1471 1517 1475
f 1472 1512 1511
f 1472 1511 1510
f 1472 1510 1518
f 1472 1518 1473
f 1473 1518 1513
f 1475 1517 1519
f 1475 1519 1476
f 1476 1519 1520
f 1476 1520 1479
f 1476 1479 1477
f 1477 1479 1478
f 1479 1520 1484
f 1479 1484 1483
f 1480 1521 1522
f 1480 1522 1523
f 1480 1482 1481
f 1480 1481 1524
f 1480 1524 1525
f 1480 1525 1526
f 1480 1526 1527
f 1480 1527 1528
f 1480 1528 1521
f 1481 1486 1524
f 1484 1520 1485
f 1485 1529 1530
f 1485 1530 1486
f 1485 1520 1519
f 1485 1519 1531
f 1485 1531 1532
f 1485 1532 1533
f 1485 1533 1534
f 1485 1534 1529
f 1486 1530 1524
f 1487 1494 1535
f 1487 1535 1536
f 1487 1536 1495
f 1487 1495 1488
f 1488 1495 1489
f 1490 1537 1538
f 1490 1538 1491
f 1491 1538 1539
f 1491 1539 1493
f 1493 1539 1540
f 1493 1540 1494
f 1494 1540 1541
f 1494 1541 1542
f 1494 1542 1535
f 1495 1536 1543
f 1495 1543 1496
f 1496 1543 1544
f 1496 1544 1545
f 1496 1545 1546
f 1496 1546 1497
f 1497 1547 1498
f 1497 1546 1547
f 1498 1547 1505
f 1498 1505 1499
f 1501 1504 1509
f 1503 1508 1548
f 1503 1548 1549
f 1503 1549 1504
f 1504 1549 1550
f 1504 1550 1551
f 1504 1551 1509
f 1505 1508 1507
f 1505 1507 1506
f 1505 1547 1546
f 1505 1546 1552
f 1505 1552 1553
f 1505 1553 1554
f 1505 1554 1508
f 1508 1555 1548
f 1508 1554 1556
f 1508 1556 1555
f 1509 1557 1558
f 1509 1558 1510
f 1509 1551 1557
f 1510 1558 1518
f 1513 1518 1558
f 1513 1558 1557
f 1513 1557 1559
f 1513 1559 1514
f 1514 1560 1515
f 1514 1559 1561
f 1514 1561 1562
f 1514 1562 1560
f 1515 1560 1516
f 1516 1560 1563
f 1516 1563 1564
f 1516 1564 1565
f 1516 1565 1517
f 1517 1565 1519
f 1519 1566 1531
f 1519 1565 1564
f 1519 1564 1567
f 1519 1567 1568
f 1519 1568 1566
f 1521 1528 1522
f 1522 1569 1523
f 1522 1528 1570
f 1522 1570 1571
f 1522 1571 1572
f 1522 1572 1573
f 1522 1573 1574
f 1522 1574 1569
f 1523 1569 1575
f 1524 1530 1525
f 1525 1530 1526
f 1526 1576 1570
f 1526 1570 1527
f 1526 1530 1576
f 1527 1570 1528
f 1529 1534 1576
f 1529 1576 1530
f 1531 1566 1532
f 1532 1577 1578
f 1532 1578 1533
f 1532 1566 1579
f 1532 1579 1568
f 1532 1568 1580
f 1532 1580 1581
f 1532 1581 1577
f 1533 1578 1576
f 1533 1576 1534
f 1535 1542 1543
f 1535 1543 1536
f 1537 1582 1583
f 1537 1583 1538
f 1538 1583 1539
f 1539 1583 1540
f 1540 1583 1584
f 1540 1584 1585
f 1540 1585 1586
f 1540 1586 1541
f 1541 1586 1587
f 1541 1587 1588
f 1541 1588 1542
f 1542 1588 1589
f 1542 1589 1543
f 1543 1589 1590
f 1543 1590 1591
f 1543 1591 1544
f 1544 1591 1592
f 1544 1592 1593
f 1544 1593 1552
f 1544 1552 1594
f 1544 1594 1545
f 1545 1594 1546
f 1546 1594 1552
f 1548 1595 1549
f 1548 1555 1595
f 1549 1595 1596
f 1549 1596 1550
f 1550 1596 1597
f 1550 1597 1598
f 1550 1598 1557
f 1550 1557 1551
f 1552 1593 1599
f 1552 1599 1600
f 1552 1600 1553
f 1553 1600 1554
f 1554 1600 1601
f 1554 1601 1602
f 1554 1602 1603
f 1554 1603 1556
f 1555 1604 1595
f 1555 1556 1605
f 1555 1605 1604
f 1556 1603 1606
f 1556 1606 1605
f 1557 1598 1559
f 1559 1598 1607
f 1559 1607 1561
f 1560 1562 1564
f 1560 1564 1563
f 1561 1607 1608
f 1561 1608 1609
f 1561 1609 1562
f 1562 1609 1610
f 1562 1610 1611
f 1562 1611 1564
f 1564 1611 1612
f 1564 1612 1613
f 1564 1613 1614
f 1564 1614 1567
f 1566 1568 1579
f 1567 1614 1568
f 1568 1614 1615
f 1568 1615 1616
f 1568 1616 1617
f 1568 1617 1580
f 1569 1618 1575
f 1569 1574 1618
f 1570 1619 1572
f 1570 1572 1571
f 1570 1576 1619
f 1572 1581 1620
f 1572 1620 1573
f 1572 1619 1581
f 1573 1620 1574
f 1574 1620 1621
f 1574 1621 1622
f 1574 1622 1618
f 1575 1623 1624
f 1575 1618 1622
f 1575 1622 1623
f 1576 1578 1619
f 1577 1625 1578
f 1577 1581 1625
f 1578 1625 1619
f 1580 1617 1581
f 1581 1617 1626
f 1581 1626 1627
f 1581 1627 1620
f 1581 1619 1625
f 1582 1628 1629
f 1582 1629 1630
f 1582 1630 1583
f 1583 1630 1584
f 1584 1631 1585
f 1584 1630 1629
f 1584 1629 1632
f 1584 1632 1631
f 1585 1631 1633
f 1585 1633 1634
f 1585 1634 1635
f 1585 1635 1586
f 1586 1635 1587
f 1587 1635 1636
f 1587 1636 1637
f 1587 1637 1588
f 1588 1637 1638
f 1588 1638 1590
f 1588 1590 1589
f 1590 1638 1591
f 1591 1638 1639
f 1591 1639 1592
f 1592 1639 1640
f 1592 1640 1641
f 1592 1641 1599
f 1592 1599 1593
f 1595 1604 1642
f 1595 1642 1596
f 1596 1642 1643
f 1596 1643 1597
f 1597 1644 1608
f 1597 1608 1598
f 1597 1643 1645
f 1597 1645 1644
f 1598 1608 1607
f 1599 1641 1646
f 1599 1646 1601
f 1599 1601 1600
f 1601 1646 1602
f 1602 1646 1647
f 1602 1647 1648
f 1602 1648 1649
f 1602 1649 1650
f 1602 1650 1603
f 1603 1650 1606
f 1604 1651 1642
f 1604 1605 1652
f 1604 1652 1651
f 1605 1606 1653
f 1605 1653 1652
f 1606 1650 1654
f 1606 1654 1655
f 1606 1655 1653
f 1608 1644 1609
f 1609 1644 1610
f 1610 1612 1611
f 1610 1644 1645
f 1610 1645 1656
f 1610 1656 1612
f 1612 1656 1657
f 1612 1657 1613
f 1613 1658 1659
f 1613 1659 1660
f 1613 1660 1661
f 1613 1661 1614
f 1613 1657 1662
f 1613 1662 1663
f 1613 1663 1658
f 1614 1661 1660
f 1614 1660 1615
f 1615 1660 1664
f 1615 1664 1626
f 1615 1626 1616
f 1616 1626 1617
f 1620 1665 1622
f 1620 1622 1621
f 1620 1627 1626
f 1620 1626 1666
f 1620 1666 1667
f 1620 1667 1665
f 1622 1665 1668
f 1622 1668 1623
f 1623 1668 1669
f 1623 1669 1670
f 1623 1670 1624
f 1624 1670 1671
f 1626 1664 1672
f 1626 1672 1673
f 1626 1673 1674
f 1626 1674 1675
f 1626 1675 1676
f 1626 1676 1677
f 1626 1677 1666
f 1628 1678 1632
f 1628 1632 1629
f 1631 1679 1633
f 1631 1632 1680
f 1631 1680 1681
f 1631 1681 1679
f 1632 1678 1682
f 1632 1682 1680
f 1633 1679 1683
f 1633 1683 1684
f 1633 1684 1685
f 1633 1685 1686
f 1633 1686 1634
f 1634 1686 1685
f 1634 1685 1687
f 1634 1687 1688
f 1634 1688 1635
f 1635 1688 1636
f 1636 1688 1689
f 1636 1689 1690
f 1636 1690 1637
f 1637 1690 1691
f 1637 1691 1639
f 1637 1639 1638
f 1639 1691 1640
f 1640 1692 1693
f 1640 1693 1694
f 1640 1694 1695
f 1640 1695 1641
f 1640 1691 1692
f 1641 1695 1646
f 1642 1651 1643
f 1643 1651 1696
f 1643 1696 1697
f 1643 1697 1645
f 1645 1697 1656
f 1646 1695 1647
f 1647 1695 1648
f 1648 1695 1694
f 1648 1694 1698
f 1648 1698 1699
f 1648 1699 1700
f 1648 1700 1649
f 1649 1700 1752
f 1649 1752 1701
f 1649 1701 1650
f 1650 1701 1654
f 1651 1652 1696
f 1652 1653 1704
f 1652 1704 1702
f 1652 1702 1697
f 1652 1697 1696
f 1653 1703 1704
f 1653 1655 1703
f 1654 1701 1705
f 1654 1705 1655
f 1655 1705 1706
f 1655 1706 1703
f 1656 1697 1707
f 1656 1707 1657
f 1657 1707 1662
f 1658 1708 1659
f 1658 1663 1708
f 1659 1708 1709
f 1659 1709 1660
f 1660 1709 1664
f 1662 1707 1663
f 1663 1710 1711
f 1663 1711 1712
f 1663 1712 1713
f 1663 1713 1672
f 1663 1672 1664
f 1663 1664 1714
f 1663 1714 1708
f 1663 1707 1710
f 1664 1709 1708
f 1664 1708 1714
f 1665 1667 1715
f 1665 1715 1716
f 1665 1716 1717
f 1665 1717 1718
f 1665 1718 1719
f 1665 1719 1670
f 1665 1670 1669
f 1665 1669 1668
f 1666 1677 1720
f 1666 1720 1667
f 1667 1720 1721
f 1667 1721 1722
f 1667 1722 1723
f 1667 1723 1724
f 1667 1724 1725
f 1667 1725 1715
f 1670 1719 1726
f 1670 1726 1727
f 1670 1727 1671
f 1671 1728 1729
f 1671 1729 1730
f 1671 1727 1731
f 1671 1731 1728
f 1672 1713 1712
f 1672 1712 1732
f 1672 1732 1673
f 1673 1732 1733
f 1673 1733 1675
f 1673 1675 1674
f 1675 1677 1676
f 1675 1733 1677
f 1677 1733 1734
f 1677 1734 1720
f 1679 1681 1683
f 1680 1682 1681
f 1681 1682 1735
f 1681 1735 1736
f 1681 1736 1737
f 1681 1737 1738
f 1681 1738 1683
f 1683 1738 1684
f 1684 1738 1739
f 1684 1739 1685
f 1685 1739 1740
f 1685 1740 1741
f 1685 1741 1687
f 1687 1742 1743
f 1687 1743 1689
f 1687 1689 1688
f 1687 1741 1742
f 1689 1743 1744
f 1689 1744 1690
f 1690 1744 1691
f 1691 1744 1745
f 1691 1745 1692
f 1692 1745 1746
f 1692 1746 1747
f 1692 1747 1748
f 1692 1748 1693
f 1693 1748 1694
f 1694 1748 1698
f 1697 1702 1707
f 1698 1749 1699
f 1698 1748 1749
f 1699 1749 1750
f 1699 1750 1700
f 1700 1750 1751
f 1700 1751 1752
f 1701 1752 1753
f 1701 1753 1705
f 1702 1704 1754
f 1702 1754 1710
f 1702 1710 1707
f 1703 1755 1704
f 1703 1706 1755
f 1704 1755 1756
f 1704 1756 1754
f 1705 1753 1706
f 1706 1757 1755
f 1706 1753 1758
f 1706 1758 1759
f 1706 1759 1757
f 1710 1754 1760
f 1710 1760 1711
f 1711 1761 1712
f 1711 1760 1762
f 1711 1762 1763
f 1711 1763 1761
f 1712 1761 1764
f 1712 1764 1765
f 1712 1765 1766
f 1712 1766 1767
f 1712 1767 1768
f 1712 1768 1732
f 1715 1725 1716
f 1716 1725 1769
f 1716 1769 1717
f 1717 1769 1724
f 1717 1724 1770
f 1717 1770 1771
f 1717 1771 1772
f 1717 1772 1718
f 1718 1773 1774
f 1718 1774 1775
f 1718 1775 1776
f 1718 1776 1719
f 1718 1772 1773
f 1719 1776 1775
f 1719 1775 1777
f 1719 1777 1726
f 1720 1734 1778
f 1720 1778 1779
f 1720 1779 1721
f 1721 1780 1781
f 1721 1781 1722
f 1721 1779 1780
f 1722 1781 1723
f 1723 1781 1782
f 1723 1782 1783
f 1723 1783 1784
f 1723 1784 1785
f 1723 1785 1724
f 1724 1769 1725
f 1724 1785 1770
f 1726 1777 1786
f 1726 1786 1787
f 1726 1787 1788
f 1726 1788 1789
f 1726 1789 1790
f 1726 1790 1791
f 1726 1791 1792
f 1726 1792 1727
f 1727 1792 1728
f 1727 1728 1731
f 1728 1791 1729
f 1728 1792 1791
f 1729 1791 1730
f 1730 1791 1793
f 1732 1768 1767
f 1732 1767 1733
f 1733 1767 1734
f 1734 1767 1794
f 1734 1794 1778
f 1736 1795 1737
f 1737 1795 1796
f 1737 1796 1797
f 1737 1797 1798
f 1737 1798 1738
f 1738 1798 1739
f 1739 1798 1740
f 1740 1799 1741
f 1740 1798 1800
f 1740 1800 1799
f 1741 1799 1801
f 1741 1801 1742
f 1742 1802 1803
f 1742 1803 1743
f 1742 1801 1802
f 1743 1803 1804
f 1743 1804 1805
f 1743 1805 1744
f 1744 1805 1806
f 1744 1806 1746
f 1744 1746 1745
f 1746 1807 1808
f 1746 1808 1809
f 1746 1809 1747
f 1746 1806 1807
f 1747 1810 1748
f 1747 1809 1810
f 1748 1810 1811
f 1748 1811 1749
f 1749 1811 1812
f 1749 1812 1750
f 1750 1812 1813
f 1750 1813 1814
f 1750 1814 1751
f 1751 1815 1752
f 1751 1814 1876
f 1751 1876 1815
f 1752 1815 1753
f 1753 1815 1758
f 1754 1756 1760
f 1755 1816 1817
f 1755 1817 1756
f 1755 1757 1816
f 1756 1817 1760
f 1757 1818 1816
f 1757 1759 1819
f 1757 1819 1818
f 1758 1815 1820
f 1758 1820 1759
f 1759 1820 1821
f 1759 1821 1822
f 1759 1822 1819
f 1760 1817 1762
f 1761 1763 1764
f 1762 1817 1763
f 1763 1817 1816
f 1763 1816 1823
f 1763 1823 1824
f 1763 1824 1764
f 1764 1824 1825
f 1764 1825 1765
f 1765 1825 1826
f 1765 1826 1827
f 1765 1827 1767
f 1765 1767 1766
f 1767 1827 1828
f 1767 1828 1829
f 1767 1829 1794
f 1770 1830 1773
f 1770 1773 1771
f 1770 1785 1784
f 1770 1784 1831
f 1770 1831 1830
f 1771 1773 1772
f 1773 1832 1774
f 1773 1830 1832
f 1774 1832 1833
f 1774 1833 1775
f 1775 1786 1777
f 1775 1833 1834
f 1775 1834 1786
f 1778 1829 1828
f 1778 1828 1835
f 1778 1835 1779
f 1778 1794 1829
f 1779 1835 1836
f 1779 1836 1837
f 1779 1837 1838
f 1779 1838 1839
f 1779 1839 1840
f 1779 1840 1780
f 1780 1841 1782
f 1780 1782 1781
f 1780 1840 1839
f 1780 1839 1842
f 1780 1842 1841
f 1782 1841 1783
f 1783 1843 1784
f 1783 1841 1842
f 1783 1842 1843
f 1784 1844 1831
f 1784 1843 1845
f 1784 1845 1846
f 1784 1846 1844
f 1786 1834 1847
f 1786 1847 1848
f 1786 1848 1787
f 1787 1849 1788
f 1787 1848 1849
f 1788 1850 1789
f 1788 1849 1850
f 1789 1850 1851
f 1789 1851 1790
f 1790 1851 1791
f 1791 1851 1852
f 1791 1852 1853
f 1791 1853 1793
f 1793 1853 1854
f 1797 1855 1798
f 1798 1855 1800
f 1799 1856 1857
f 1799 1857 1858
f 1799 1858 1801
f 1799 1800 1856
f 1800 1855 1859
f 1800 1859 1860
f 1800 1860 1861
f 1800 1861 1856
f 1801 1858 1862
f 1801 1862 1802
f 1802 1862 1863
f 1802 1863 1864
f 1802 1864 1803
f 1803 1864 1804
f 1804 1806 1805
f 1804 1864 1865
f 1804 1865 1866
f 1804 1866 1867
f 1804 1867 1868
f 1804 1868 1806
f 1806 1868 1807
f 1807 1868 1869
f 1807 1869 1870
f 1807 1870 1808
f 1808 1870 1809
f 1809 1870 1871
f 1809 1871 1810
f 1810 1871 1811
f 1811 1871 1872
f 1811 1872 1873
f 1811 1873 1812
f 1812 1873 1813
f 1813 1874 1875
f 1813 1875 1876
f 1813 1876 1814
f 1813 1873 1874
f 1815 1876 1878
f 1815 1878 1820
f 1816 1818 1823
f 1818 1819 1877
f 1818 1877 1823
f 1819 1822 1877
f 1820 1878 1879
f 1820 1879 1821
f 1821 1879 1880
f 1821 1880 1822
f 1822 1881 1877
f 1822 1880 1838
f 1822 1838 1881
f 1823 1877 1882
f 1823 1882 1883
f 1823 1883 1824
f 1824 1883 1825
f 1825 1883 1826
f 1826 1883 1827
f 1827 1883 1884
f 1827 1884 1885
f 1827 1885 1886
f 1827 1886 1887
f 1827 1887 1828
f 1828 1887 1837
f 1828 1837 1836
f 1828 1836 1835
f 1830 1831 1832
f 1831 1844 1888
f 1831 1888 1889
f 1831 1889 1890
f 1831 1890 1832
f 1832 1834 1833
f 1832 1890 1891
f 1832 1891 1847
f 1832 1847 1834
f 1837 1887 1886
f 1837 1886 1838
f 1838 1880 1879
f 1838 1879 1892
f 1838 1892 1893
f 1838 1893 1894
f 1838 1894 1895
f 1838 1895 1896
f 1838 1896 1842
f 1838 1842 1839
f 1838 1886 1897
f 1838 1897 1881
f 1842 1896 1898
f 1842 1898 1899
f 1842 1899 1843
f 1843 1899 1845
f 1844 1846 1900
f 1844 1900 1888
f 1845 1899 1846
f 1846 1899 1901
f 1846 1901 1902
f 1846 1902 1900
f 1847 1891 1903
f 1847 1903 1904
f 1847 1904 1905
f 1847 1905 1906
f 1847 1906 1907
f 1847 1907 1848
f 1848 1907 1908
f 1848 1908 1909
f 1848 1909 1910
f 1848 1910 1850
f 1848 1850 1849
f 1850 1910 1909
f 1850 1909 1911
f 1850 1911 1912
f 1850 1912 1913
f 1850 1913 1851
f 1851 1914 1853
f 1851 1853 1852
f 1851 1913 1912
f 1851 1912 1914
f 1853 1914 1915
f 1853 1915 1854
f 1855 1860 1859
f 1856 1916 1857
f 1856 1861 1860
f 1856 1860 1917
f 1856 1917 1916
f 1857 1918 1919
f 1857 1919 1858
f 1857 1916 1918
f 1858 1919 1862
f 1862 1920 1863
f 1862 1919 1920
f 1863 1921 1865
f 1863 1865 1864
f 1863 1920 1922
f 1863 1922 1923
f 1863 1923 1924
f 1863 1924 1866
f 1863 1866 1921
f 1865 1921 1866
f 1866 1924 1925
f 1866 1925 1926
f 1866 1926 1927
f 1866 1927 1928
f 1866 1928 1867
f 1867 1928 1868
f 1868 1928 1869
f 1869 1928 1929
f 1869 1929 1870
f 1870 1929 1930
f 1870 1930 1872
f 1870 1872 1871
f 1872 1930 1931
f 1872 1931 1873
f 1873 1931 1874
f 1874 1932 1875
f 1874 1931 1933
f 1874 1933 1934
f 1874 1934 1932
f 1875 1932 1935
f 1875 1935 1893
f 1875 1893 1878
f 1875 1878 1876
f 1877 1897 1882
f 1877 1881 1897
f 1878 1893 1879
f 1879 1893 1892
f 1882 1897 1885
f 1882 1885 1883
f 1883 1885 1884
f 1885 1897 1886
f 1888 1900 1902
f 1888 1902 1905
f 1888 1905 1890
f 1888 1890 1889
f 1890 1905 1891
f 1891 1905 1904
f 1891 1904 1903
f 1893 1935 1894
f 1894 1935 1895
f 1895 1936 1937
f 1895 1937 1938
f 1895 1938 1896
f 1895 1935 1939
f 1895 1939 1936
f 1896 1938 1898
f 1898 1938 1940
f 1898 1940 1941
f 1898 1941 1942
f 1898 1942 1943
f 1898 1943 1944
f 1898 1944 1901
f 1898 1901 1899
f 1901 1945 1946
f 1901 1946 1902
f 1901 1944 1945
f 1902 1946 1906
f 1902 1906 1905
f 1906 1946 1945
f 1906 1945 1947
f 1906 1947 1948
f 1906 1948 1907
f 1907 1948 1908
f 1908 1948 1949
f 1908 1949 1950
f 1908 1950 1951
f 1908 1951 1909
f 1909 1951 1912
f 1909 1912 1911
f 1912 1951 1952
f 1912 1952 1953
f 1912 1953 1954
f 1912 1954 1955
f 1912 1955 1914
f 1914 1955 1915
f 1916 1956 1957
f 1916 1957 1918
f 1916 1917 1956
f 1917 1958 1959
f 1917 1959 1956
f 1918 1960 1961
f 1918 1961 1962
f 1918 1962 1963
f 1918 1963 1919
f 1918 1957 1960
f 1919 1963 1964
f 1919 1964 1965
f 1919 1965 1920
f 1920 1965 1966
f 1920 1966 1922
f 1922 1967 1968
f 1922 1968 1923
f 1922 1966 1967
f 1923 1968 1969
f 1923 1969 1924
f 1924 1969 1925
f 1925 1969 1968
f 1925 1968 1970
f 1925 1970 1971
f 1925 1971 1927
f 1925 1927 1926
f 1927 1971 1972
f 1927 1972 1973
f 1927 1973 1929
f 1927 1929 1928
f 1929 1973 1930
f 1930 1973 1974
f 1930 1974 1931
f 1931 1974 1933
f 1932 1934 1975
f 1932 1975 1976
f 1932 1976 1935
f 1933 1974 1977
f 1933 1977 1934
f 1934 1977 1978
f 1934 1978 1975
f 1935 1976 1939
f 1936 1939 1976
f 1936 1976 1979
f 1936 1979 1980
f 1936 1980 1981
f 1936 1981 1982
f 1936 1982 1983
f 1936 1983 1937
f 1937 1983 1938
f 1938 1983 1984
f 1938 1984 1940
f 1940 1984 1985
f 1940 1985 1941
f 1941 1985 1986
f 1941 1986 1942
f 1942 1986 1987
f 1942 1987 1988
f 1942 1988 1989
f 1942 1989 1944
f 1942 1944 1943
f 1944 1989 1945
f 1945 1989 1990
f 1945 1990 1948
f 1945 1948 1947
f 1948 1990 1991
f 1948 1991 1992
f 1948 1992 1949
f 1949 1993 1952
f 1949 1952 1950
f 1949 1992 1991
f 1949 1991 1994
f 1949 1994 1993
f 1950 1952 1951
f 1952 1993 1995
f 1952 1995 1953
f 1953 1995 1954
f 1954 1995 1996
f 1956 1959 1958
f 1956 1958 1997
f 1956 1997 1998
f 1956 1998 1999
f 1956 1999 1957
f 1957 2000 2001
f 1957 2001 2002
f 1957 2002 2003
f 1957 2003 1960
f 1957 1999 2000
f 1960 2004 1961
f 1960 2003 2004
f 1961 2004 2005
f 1961 2005 2006
f 1961 2006 1964
f 1961 1964 1962
f 1962 1964 1963
f 1964 2006 2007
f 1964 2007 1966
f 1964 1966 1965
f 1966 2007 2008
f 1966 2008 1967
f 1967 2009 1968
f 1967 2008 2009
f 1968 2009 1970
f 1970 2010 2011
f 1970 2011 1971
f 1970 2009 2012
f 1970 2012 2010
f 1971 2011 2013
f 1971 2013 1972
f 1972 1974 1973
f 1972 2013 1974
f 1974 2013 2014
f 1974 2014 1977
f 1975 1978 2015
f 1975 2015 1976
f 1976 2015 2016
f 1976 2016 1979
f 1977 2014 2017
f 1977 2017 1978
f 1978 2017 2015
f 1979 2018 2019
f 1979 2019 1980
f 1979 2016 2018
f 1980 2019 2018
f 1980 2018 2020
f 1980 2020 2021
f 1980 2021 1981
f 1981 2021 2022
f 1981 2022 2023
f 1981 2023 1982
f 1982 2023 1985
f 1982 1985 2024
f 1982 2024 1983
f 1983 2024 1984
f 1984 2024 1985
f 1985 2023 2025
f 1985 2025 2026
f 1985 2026 1986
f 1986 2026 2027
f 1986 2027 1987
f 1987 2027 1988
f 1988 2027 2028
f 1988 2028 2029
f 1988 2029 1989
f 1989 2029 1990
f 1990 2029 1991
f 1991 2030 1994
f 1991 2029 2030
f 1993 1994 2031
f 1993 2031 1995
f 1994 2030 2032
f 1994 2032 2033
f 1994 2033 2034
f 1994 2034 2031
f 1995 2031 2034
f 1995 2034 2035
f 1995 2035 2036
f 1995 2036 1996
f 1998 2037 1999
f 1999 2037 2002
f 1999 2002 2038
f 1999 2038 2001
f 1999 2001 2000
f 2001 2038 2002
f 2002 2039 2040
f 2002 2040 2004
f 2002 2004 2003
f 2002 2037 2041
f 2002 2041 2039
f 2004 2042 2005
f 2004 2040 2042
f 2005 2042 2043
f 2005 2043 2044
f 2005 2044 2006
f 2006 2044 2008
f 2006 2008 2007
f 2008 2044 2045
f 2008 2045 2009
f 2009 2045 2012
f 2010 2012 2046
f 2010 2046 2047
f 2010 2047 2048
f 2010 2048 2013
f 2010 2013 2011
f 2012 2045 2049
f 2012 2049 2050
f 2012 2050 2051
f 2012 2051 2046
f 2013 2048 2052
f 2013 2052 2053
f 2013 2053 2014
f 2014 2053 2017
f 2015 2017 2018
f 2015 2018 2016
f 2017 2053 2020
f 2017 2020 2018
f 2020 2053 2052
f 2020 2052 2021
f 2021 2052 2022
f 2022 2052 2048
f 2022 2048 2047
f 2022 2047 2054
f 2022 2054 2025
f 2022 2025 2023
f 2025 2054 2055
f 2025 2055 2026
f 2026 2056 2057
f 2026 2057 2058
f 2026 2058 2027
f 2026 2055 2056
f 2027 2058 2032
f 2027 2032 2028
f 2028 2032 2030
f 2028 2030 2029
f 2032 2058 2059
f 2032 2059 2033
f 2033 2059 2060
f 2033 2060 2061
f 2033 2061 2034
f 2034 2061 2035
f 2035 2061 2062
f 2035 2062 2063
f 2035 2063 2064
f 2035 2064 2065
f 2035 2065 2066
f 2035 2066 2036
f 2039 2041 2040
f 2040 2067 2042
f 2040 2041 2068
f 2040 2068 2069
f 2040 2069 2070
f 2040 2070 2067
f 2041 2071 2068
f 2042 2067 2043
f 2043 2067 2072
f 2043 2072 2073
f 2043 2073 2044
f 2044 2073 2045
f 2045 2073 2049
f 2046 2074 2047
f 2046 2051 2074
f 2047 2074 2054
f 2049 2073 2072
f 2049 2072 2075
f 2049 2075 2076
f 2049 2076 2050
f 2050 2076 2077
f 2050 2077 2051
f 2051 2077 2078
f 2051 2078 2074
f 2054 2074 2055
f 2055 2074 2056
f 2056 2078 2077
f 2056 2077 2079
f 2056 2079 2057
f 2056 2074 2078
f 2057 2079 2080
f 2057 2080 2058
f 2058 2080 2059
f 2059 2080 2081
f 2059 2081 2082
f 2059 2082 2060
f 2060 2082 2061
f 2061 2082 2083
f 2061 2083 2084
f 2061 2084 2062
f 2062 2084 2085
f 2062 2085 2086
f 2062 2086 2087
f 2062 2087 2063
f 2063 2087 2088
f 2063 2088 2064
f 2064 2088 2089
f 2067 2084 2083
f 2067 2083 2072
f 2067 2070 2084
f 2068 2071 2069
f 2069 2090 2070
f 2069 2071 2091
f 2069 2091 2092
f 2069 2092 2093
f 2069 2093 2094
f 2069 2094 2095
f 2069 2095 2090
f 2070 2090 2086
f 2070 2086 2085
f 2070 2085 2084
f 2072 2083 2096
f 2072 2096 2075
f 2075 2096 2076
f 2076 2097 2077
f 2076 2096 2097
f 2077 2097 2080
f 2077 2080 2079
f 2080 2097 2096
f 2080 2096 2081
f 2081 2096 2083
f 2081 2083 2082
f 2086 2090 2087
f 2087 2090 2095
f 2087 2095 2088
f 2088 2095 2089
f 2092 2094 2093
f 2098 2099 2100
f 2098 2100 2108
f 2098 2108 2125
f 2098 2125 2139
f 2098 2139 2159
f 2098 2159 2158
f 2098 2158 2157
f 2098 2157 2172
f 2098 2172 2180
f 2098 2180 2179
f 2098 2179 2173
f 2098 2173 2160
f 2098 2160 2140
f 2098 2140 2128
f 2098 2128 2112
f 2098 2112 2101
f 2098 2101 2111
f 2098 2111 2117
f 2098 2117 2102
f 2098 2102 2103
f 2098 2103 2099
f 2099 2104 2105
f 2099 2105 2106
f 2099 2106 2100
f 2099 2103 2107
f 2099 2107 2104
f 2100 2106 2109
f 2100 2109 2110
f 2100 2110 2108
f 2101 2112 2113
f 2101 2113 2114
f 2101 2114 2115
f 2101 2115 2116
f 2101 2116 2111
f 2102 2117 2116
f 2102 2116 2118
f 2102 2118 2119
f 2102 2119 2103
f 2103 2119 2115
f 2103 2115 2107
f 2104 2107 2120
f 2104 2120 2124
f 2104 2124 2123
f 2104 2123 2136
f 2104 2136 2154
f 2104 2154 2153
f 2104 2153 2169
f 2104 2169 2168
f 2104 2168 2175
f 2104 2175 2166
f 2104 2166 2165
f 2104 2165 2164
f 2104 2164 2163
f 2104 2163 2162
f 2104 2162 2161
f 2104 2161 2146
f 2104 2146 2145
f 2104 2145 2142
f 2104 2142 2141
f 2104 2141 2140
f 2104 2140 2160
f 2104 2160 2174
f 2104 2174 2182
f 2104 2182 2176
f 2104 2176 2170
f 2104 2170 2155
f 2104 2155 2137
f 2104 2137 2127
f 2104 2127 2126
f 2104 2126 2110
f 2104 2110 2109
f 2104 2109 2106
f 2104 2106 2105
f 2107 2115 2121
f 2107 2121 2122
f 2107 2122 2123
f 2107 2123 2124
f 2107 2124 2120
f 2108 2110 2126
f 2108 2126 2127
f 2108 2127 2125
f 2111 2116 2117
f 2112 2128 2129
f 2112 2129 2130
f 2112 2130 2131
f 2112 2131 2113
f 2113 2131 2132
f 2113 2132 2133
f 2113 2133 2114
f 2114 2133 2134
f 2114 2134 2115
f 2115 2119 2118
f 2115 2118 2116
f 2115 2134 2133
f 2115 2133 2135
f 2115 2135 2121
f 2121 2135 2122
f 2122 2135 2123
f 2123 2135 2136
f 2125 2127 2137
f 2125 2137 2138
f 2125 2138 2139
f 2128 2140 2141
f 2128 2141 2142
f 2128 2142 2143
f 2128 2143 2144
f 2128 2144 2129
f 2129 2144 2145
f 2129 2145 2146
f 2129 2146 2147
f 2129 2147 2148
f 2129 2148 2130
f 2130 2148 2149
f 2130 2149 2150
f 2130 2150 2132
f 2130 2132 2131
f 2132 2150 2135
f 2132 2135 2151
f 2132 2151 2133
f 2133 2151 2135
f 2135 2150 2152
f 2135 2152 2153
f 2135 2153 2154
f 2135 2154 2136
f 2137 2155 2156
f 2137 2156 2157
f 2137 2157 2158
f 2137 2158 2159
f 2137 2159 2139
f 2137 2139 2138
f 2142 2145 2144
f 2142 2144 2143
f 2146 2161 2147
f 2147 2161 2148
f 2148 2161 2162
f 2148 2162 2163
f 2148 2163 2164
f 2148 2164 2165
f 2148 2165 2166
f 2148 2166 2149
f 2149 2166 2167
f 2149 2167 2150
f 2150 2167 2168
f 2150 2168 2169
f 2150 2169 2153
f 2150 2153 2152
f 2155 2170 2171
f 2155 2171 2156
f 2156 2171 2172
f 2156 2172 2157
f 2160 2173 2174
f 2166 2175 2167
f 2167 2175 2168
f 2170 2176 2171
f 2171 2176 2177
f 2171 2177 2178
f 2171 2178 2179
f 2171 2179 2180
f 2171 2180 2172
f 2173 2179 2181
f 2173 2181 2174
f 2174 2181 2182
f 2176 2182 2177
f 2177 2182 2181
f 2177 2181 2178
f 2178 2181 2179
f 2183 2184 2189
f 2183 2189 2185
f 2183 2185 2186
f 2183 2186 2187
f 2183 2187 2194
f 2183 2194 2205
f 2183 2205 2211
f 2183 2211 2210
f 2183 2210 2228
f 2183 2228 2250
f 2183 2250 2282
f 2183 2282 2305
f 2183 2305 2321
f 2183 2321 2323
f 2183 2323 2341
f 2183 2341 2340
f 2183 2340 2339
f 2183 2339 2359
f 2183 2359 2360
f 2183 2360 2358
f 2183 2358 2368
f 2183 2368 2349
f 2183 2349 2362
f 2183 2362 2344
f 2183 2344 2324
f 2183 2324 2306
f 2183 2306 2284
f 2183 2284 2283
f 2183 2283 2251
f 2183 2251 2229
f 2183 2229 2212
f 2183 2212 2197
f 2183 2197 2188
f 2183 2188 2184
f 2184 2188 2189
f 2185 2189 2190
f 2185 2190 2191
f 2185 2191 2192
f 2185 2192 2193
f 2185 2193 2186
f 2186 2194 2187
f 2186 2193 2195
f 2186 2195 2196
f 2186 2196 2194
f 2188 2197 2198
f 2188 2198 2189
f 2189 2198 2199
f 2189 2199 2190
f 2190 2200 2201
f 2190 2201 2202
f 2190 2202 2191
f 2190 2199 2200
f 2191 2203 2192
f 2191 2202 2203
f 2192 2203 2204
f 2192 2204 2195
f 2192 2195 2193
f 2194 2196 2205
f 2195 2204 2206
f 2195 2206 2207
f 2195 2207 2208
f 2195 2208 2209
f 2195 2209 2210
f 2195 2210 2196
f 2196 2210 2211
f 2196 2211 2205
f 2197 2212 2198
f 2198 2212 2213
f 2198 2213 2214
f 2198 2214 2199
f 2199 2214 2200
f 2200 2214 2215
f 2200 2215 2216
f 2200 2216 2217
f 2200 2217 2201
f 2201 2217 2218
f 2201 2218 2202
f 2202 2219 2220
f 2202 2220 2203
f 2202 2218 2219
f 2203 2220 2204
f 2204 2220 2206
f 2206 2221 2222
f 2206 2222 2207
f 2206 2220 2223
f 2206 2223 2221
f 2207 2222 2224
f 2207 2224 2208
f 2208 2224 2225
f 2208 2225 2226
f 2208 2226 2209
f 2209 2226 2227
f 2209 2227 2210
f 2210 2227 2228
f 2212 2229 2213
f 2213 2229 2214
f 2214 2229 2230
f 2214 2230 2215
f 2215 2230 2231
f 2215 2231 2216
f 2216 2231 2232
f 2216 2232 2217
f 2217 2233 2234
f 2217 2234 2218
f 2217 2232 2235
f 2217 2235 2233
f 2218 2234 2233
f 2218 2233 2236
f 2218 2236 2219
f 2219 2237 2223
f 2219 2223 2220
f 2219 2236 2237
f 2221 2223 2238
f 2221 2238 2239
f 2221 2239 2240
f 2221 2240 2241
f 2221 2241 2222
f 2222 2241 2242
f 2222 2242 2243
f 2222 2243 2224
f 2223 2237 2244
f 2223 2244 2245
f 2223 2245 2238
f 2224 2243 2246
f 2224 2246 2225
f 2225 2246 2247
f 2225 2247 2248
f 2225 2248 2226
f 2226 2248 2227
f 2227 2248 2249
f 2227 2249 2228
f 2228 2249 2250
f 2229 2251 2252
f 2229 2252 2230
f 2230 2252 2231
f 2231 2252 2253
f 2231 2253 2232
f 2232 2253 2254
f 2232 2254 2235
f 2233 2244 2237
f 2233 2237 2236
f 2233 2235 2255
f 2233 2255 2256
f 2233 2256 2257
f 2233 2257 2258
f 2233 2258 2259
f 2233 2259 2260
f 2233 2260 2261
f 2233 2261 2262
f 2233 2262 2263
f 2233 2263 2264
f 2233 2264 2244
f 2235 2254 2265
f 2235 2265 2266
f 2235 2266 2255
f 2238 2245 2244
f 2238 2244 2267
f 2238 2267 2268
f 2238 2268 2269
f 2238 2269 2270
f 2238 2270 2271
f 2238 2271 2272
f 2238 2272 2239
f 2239 2272 2240
f 2240 2272 2273
f 2240 2273 2242
f 2240 2242 2241
f 2242 2274 2246
f 2242 2246 2243
f 2242 2273 2274
f 2244 2264 2267
f 2246 2275 2273
f 2246 2273 2247
f 2246 2274 2275
f 2247 2249 2248
f 2247 2273 2276
f 2247 2276 2249
f 2249 2276 2277
f 2249 2277 2278
f 2249 2278 2279
f 2249 2279 2280
f 2249 2280 2281
f 2249 2281 2282
f 2249 2282 2250
f 2251 2283 2252
f 2252 2284 2285
f 2252 2285 2286
f 2252 2286 2253
f 2252 2283 2284
f 2253 2286 2287
f 2253 2287 2288
f 2253 2288 2254
f 2254 2288 2287
f 2254 2287 2286
f 2254 2286 2285
f 2254 2285 2306
f 2254 2306 2324
f 2254 2324 2343
f 2254 2343 2361
f 2254 2361 2372
f 2254 2372 2355
f 2254 2355 2354
f 2254 2354 2353
f 2254 2353 2370
f 2254 2370 2378
f 2254 2378 2377
f 2254 2377 2376
f 2254 2376 2375
f 2254 2375 2363
f 2254 2363 2345
f 2254 2345 2325
f 2254 2325 2307
f 2254 2307 2293
f 2254 2293 2263
f 2254 2263 2262
f 2254 2262 2261
f 2254 2261 2260
f 2254 2260 2259
f 2254 2259 2258
f 2254 2258 2292
f 2254 2292 2291
f 2254 2291 2290
f 2254 2290 2289
f 2254 2289 2266
f 2254 2266 2265
f 2255 2266 2289
f 2255 2289 2256
f 2256 2289 2290
f 2256 2290 2291
f 2256 2291 2292
f 2256 2292 2257
f 2257 2292 2258
f 2263 2293 2264
f 2264 2293 2294
f 2264 2294 2270
f 2264 2270 2269
f 2264 2269 2268
f 2264 2268 2267
f 2270 2294 2295
f 2270 2295 2296
f 2270 2296 2271
f 2271 2296 2297
f 2271 2297 2298
f 2271 2298 2272
f 2272 2298 2299
f 2272 2299 2273
f 2273 2299 2276
f 2273 2275 2274
f 2276 2299 2300
f 2276 2300 2301
f 2276 2301 2278
f 2276 2278 2277
f 2278 2301 2279
f 2279 2301 2280
f 2280 2301 2302
f 2280 2302 2281
f 2281 2303 2282
f 2281 2302 2304
f 2281 2304 2303
f 2282 2303 2305
f 2284 2306 2285
f 2293 2307 2294
f 2294 2307 2308
f 2294 2308 2309
f 2294 2309 2296
f 2294 2296 2295
f 2296 2309 2297
f 2297 2310 2328
f 2297 2328 2349
f 2297 2349 2368
f 2297 2368 2357
f 2297 2357 2356
f 2297 2356 2333
f 2297 2333 2332
f 2297 2332 2331
f 2297 2331 2315
f 2297 2315 2314
f 2297 2314 2311
f 2297 2311 2300
f 2297 2300 2298
f 2297 2309 2312
f 2297 2312 2310
f 2298 2300 2299
f 2300 2313 2301
f 2300 2311 2314
f 2300 2314 2315
f 2300 2315 2316
f 2300 2316 2317
f 2300 2317 2313
f 2301 2313 2318
f 2301 2318 2319
f 2301 2319 2302
f 2302 2319 2320
f 2302 2320 2304
f 2303 2304 2321
f 2303 2321 2305
f 2304 2320 2322
f 2304 2322 2323
f 2304 2323 2321
f 2307 2325 2326
f 2307 2326 2308
f 2308 2327 2309
f 2308 2326 2327
f 2309 2327 2312
f 2310 2312 2327
f 2310 2327 2329
f 2310 2329 2330
f 2310 2330 2328
f 2313 2317 2318
f 2315 2331 2316
f 2316 2331 2332
f 2316 2332 2333
f 2316 2333 2334
f 2316 2334 2335
f 2316 2335 2336
f 2316 2336 2337
f 2316 2337 2338
f 2316 2338 2317
f 2317 2338 2320
f 2317 2320 2319
f 2317 2319 2318
f 2320 2338 2337
f 2320 2337 2322
f 2322 2339 2340
f 2322 2340 2341
f 2322 2341 2323
f 2322 2337 2342
f 2322 2342 2339
f 2324 2344 2343
f 2325 2345 2346
f 2325 2346 2326
f 2326 2346 2327
f 2327 2346 2347
f 2327 2347 2329
f 2328 2348 2367
f 2328 2367 2373
f 2328 2373 2380
f 2328 2380 2384
f 2328 2384 2383
f 2328 2383 2382
f 2328 2382 2381
f 2328 2381 2374
f 2328 2374 2362
f 2328 2362 2349
f 2328 2330 2350
f 2328 2350 2351
f 2328 2351 2352
f 2328 2352 2353
f 2328 2353 2354
f 2328 2354 2355
f 2328 2355 2348
f 2329 2347 2350
f 2329 2350 2330
f 2333 2356 2334
f 2334 2336 2335
f 2334 2356 2357
f 2334 2357 2336
f 2336 2357 2358
f 2336 2358 2342
f 2336 2342 2337
f 2339 2342 2359
f 2342 2358 2360
f 2342 2360 2359
f 2343 2344 2362
f 2343 2362 2361
f 2345 2363 2346
f 2346 2363 2364
f 2346 2364 2347
f 2347 2365 2350
f 2347 2364 2366
f 2347 2366 2365
f 2348 2355 2367
f 2350 2365 2369
f 2350 2369 2351
f 2351 2369 2352
f 2352 2369 2353
f 2353 2369 2371
f 2353 2371 2370
f 2355 2372 2373
f 2355 2373 2367
f 2357 2368 2358
f 2361 2362 2372
f 2362 2374 2372
f 2363 2375 2364
f 2364 2375 2376
f 2364 2376 2366
f 2365 2371 2369
f 2365 2366 2377
f 2365 2377 2378
f 2365 2378 2379
f 2365 2379 2371
f 2366 2376 2377
f 2370 2379 2378
f 2370 2371 2379
f 2372 2380 2373
f 2372 2374 2381
f 2372 2381 2382
f 2372 2382 2383
f 2372 2383 2384
f 2372 2384 2380
f 2385 2386 2396
f 2385 2396 2401
f 2385 2401 2408
f 2385 2408 2417
f 2385 2417 2428
f 2385 2428 2444
f 2385 2444 2468
f 2385 2468 2467
f 2385 2467 2440
f 2385 2440 2473
f 2385 2473 2485
f 2385 2485 2484
f 2385 2484 2483
f 2385 2483 2480
f 2385 2480 2461
f 2385 2461 2460
f 2385 2460 2459
f 2385 2459 2458
f 2385 2458 2457
f 2385 2457 2456
f 2385 2456 2455
f 2385 2455 2454
f 2385 2454 2453
f 2385 2453 2452
f 2385 2452 2479
f 2385 2479 2488
f 2385 2488 2491
f 2385 2491 2495
f 2385 2495 2494
f 2385 2494 2492
f 2385 2492 2489
f 2385 2489 2486
f 2385 2486 2474
f 2385 2474 2446
f 2385 2446 2429
f 2385 2429 2418
f 2385 2418 2409
f 2385 2409 2402
f 2385 2402 2397
f 2385 2397 2387
f 2385 2387 2388
f 2385 2388 2389
f 2385 2389 2390
f 2385 2390 2391
f 2385 2391 2392
f 2385 2392 2393
f 2385 2393 2394
f 2385 2394 2395
f 2385 2395 2386
f 2386 2395 2396
f 2387 2397 2398
f 2387 2398 2388
f 2388 2398 2403
f 2388 2403 2410
f 2388 2410 2420
f 2388 2420 2419
f 2388 2419 2431
f 2388 2431 2465
f 2388 2465 2434
f 2388 2434 2433
f 2388 2433 2423
f 2388 2423 2415
f 2388 2415 2413
f 2388 2413 2412
f 2388 2412 2405
f 2388 2405 2399
f 2388 2399 2393
f 2388 2393 2392
f 2388 2392 2391
f 2388 2391 2390
f 2388 2390 2389
f 2393 2399 2404
f 2393 2404 2411
f 2393 2411 2421
f 2393 2421 2432
f 2393 2432 2442
f 2393 2442 2441
f 2393 2441 2443
f 2393 2443 2427
f 2393 2427 2417
f 2393 2417 2408
f 2393 2408 2407
f 2393 2407 2406
f 2393 2406 2400
f 2393 2400 2395
f 2393 2395 2394
f 2395 2400 2396
f 2396 2400 2401
f 2397 2402 2403
f 2397 2403 2398
f 2399 2405 2404
f 2400 2406 2401
f 2401 2406 2407
f 2401 2407 2408
f 2402 2409 2410
f 2402 2410 2403
f 2404 2405 2412
f 2404 2412 2413
f 2404 2413 2414
f 2404 2414 2415
f 2404 2415 2416
f 2404 2416 2411
f 2409 2418 2419
f 2409 2419 2420
f 2409 2420 2410
f 2411 2416 2422
f 2411 2422 2421
f 2413 2415 2414
f 2415 2423 2416
f 2416 2423 2424
f 2416 2424 2425
f 2416 2425 2426
f 2416 2426 2422
f 2417 2427 2428
f 2418 2429 2430
f 2418 2430 2419
f 2419 2430 2450
f 2419 2450 2449
f 2419 2449 2448
f 2419 2448 2447
f 2419 2447 2477
f 2419 2477 2476
f 2419 2476 2475
f 2419 2475 2487
f 2419 2487 2490
f 2419 2490 2493
f 2419 2493 2491
f 2419 2491 2488
f 2419 2488 2478
f 2419 2478 2451
f 2419 2451 2431
f 2421 2422 2426
f 2421 2426 2432
f 2423 2433 2424
f 2424 2433 2434
f 2424 2434 2425
f 2425 2435 2426
f 2425 2434 2436
f 2425 2436 2437
f 2425 2437 2438
f 2425 2438 2439
f 2425 2439 2440
f 2425 2440 2435
f 2426 2435 2441
f 2426 2441 2442
f 2426 2442 2432
f 2427 2443 2428
f 2428 2443 2445
f 2428 2445 2435
f 2428 2435 2444
f 2429 2446 2447
f 2429 2447 2448
f 2429 2448 2449
f 2429 2449 2450
f 2429 2450 2430
f 2431 2451 2452
f 2431 2452 2453
f 2431 2453 2454
f 2431 2454 2455
f 2431 2455 2456
f 2431 2456 2457
f 2431 2457 2458
f 2431 2458 2459
f 2431 2459 2460
f 2431 2460 2461
f 2431 2461 2462
f 2431 2462 2463
f 2431 2463 2464
f 2431 2464 2465
f 2434 2465 2463
f 2434 2463 2466
f 2434 2466 2436
f 2435 2467 2468
f 2435 2468 2444
f 2435 2445 2443
f 2435 2443 2441
f 2435 2440 2467
f 2436 2466 2437
f 2437 2466 2469
f 2437 2469 2470
f 2437 2470 2438
f 2438 2470 2471
f 2438 2471 2472
f 2438 2472 2439
f 2439 2472 2473
f 2439 2473 2440
f 2446 2474 2475
f 2446 2475 2476
f 2446 2476 2477
f 2446 2477 2447
f 2451 2478 2452
f 2452 2478 2479
f 2461 2480 2463
f 2461 2463 2462
f 2463 2481 2469
f 2463 2469 2466
f 2463 2465 2464
f 2463 2480 2481
f 2469 2481 2482
f 2469 2482 2483
f 2469 2483 2470
f 2470 2483 2484
f 2470 2484 2471
f 2471 2484 2472
f 2472 2485 2473
f 2472 2484 2485
f 2474 2486 2487
f 2474 2487 2475
f 2478 2488 2479
f 2480 2483 2481
f 2481 2483 2482
f 2486 2489 2490
f 2486 2490 2487
f 2489 2492 2490
f 2490 2492 2494
f 2490 2494 2493
f 2491 2493 2495
f 2493 2494 2495
f 2496 2497 2502
f 2496 2502 2507
f 2496 2507 2513
f 2496 2513 2517
f 2496 2517 2522
f 2496 2522 2531
f 2496 2531 2542
f 2496 2542 2541
f 2496 2541 2558
f 2496 2558 2570
f 2496 2570 2571
f 2496 2571 2581
f 2496 2581 2595
f 2496 2595 2594
f 2496 2594 2593
f 2496 2593 2607
f 2496 2607 2618
f 2496 2618 2621
f 2496 2621 2620
f 2496 2620 2635
f 2496 2635 2649
f 2496 2649 2648
f 2496 2648 2667
f 2496 2667 2666
f 2496 2666 2685
f 2496 2685 2702
f 2496 2702 2701
f 2496 2701 2713
f 2496 2713 2716
f 2496 2716 2714
f 2496 2714 2703
f 2496 2703 2686
f 2496 2686 2672
f 2496 2672 2671
f 2496 2671 2670
f 2496 2670 2651
f 2496 2651 2637
f 2496 2637 2623
f 2496 2623 2610
f 2496 2610 2597
f 2496 2597 2582
f 2496 2582 2572
f 2496 2572 2560
f 2496 2560 2559
f 2496 2559 2545
f 2496 2545 2544
f 2496 2544 2543
f 2496 2543 2533
f 2496 2533 2532
f 2496 2532 2523
f 2496 2523 2518
f 2496 2518 2514
f 2496 2514 2508
f 2496 2508 2503
f 2496 2503 2498
f 2496 2498 2499
f 2496 2499 2500
f 2496 2500 2501
f 2496 2501 2497
f 2497 2501 2502
f 2498 2503 2504
f 2498 2504 2505
f 2498 2505 2499
f 2499 2505 2504
f 2499 2504 2509
f 2499 2509 2515
f 2499 2515 2520
f 2499 2520 2519
f 2499 2519 2524
f 2499 2524 2535
f 2499 2535 2550
f 2499 2550 2549
f 2499 2549 2562
f 2499 2562 2574
f 2499 2574 2585
f 2499 2585 2601
f 2499 2601 2613
f 2499 2613 2629
f 2499 2629 2628
f 2499 2628 2627
f 2499 2627 2641
f 2499 2641 2656
f 2499 2656 2655
f 2499 2655 2676
f 2499 2676 2690
f 2499 2690 2708
f 2499 2708 2709
f 2499 2709 2710
f 2499 2710 2695
f 2499 2695 2694
f 2499 2694 2693
f 2499 2693 2692
f 2499 2692 2677
f 2499 2677 2658
f 2499 2658 2660
f 2499 2660 2657
f 2499 2657 2642
f 2499 2642 2630
f 2499 2630 2614
f 2499 2614 2602
f 2499 2602 2588
f 2499 2588 2587
f 2499 2587 2586
f 2499 2586 2575
f 2499 2575 2565
f 2499 2565 2564
f 2499 2564 2563
f 2499 2563 2551
f 2499 2551 2536
f 2499 2536 2526
f 2499 2526 2525
f 2499 2525 2521
f 2499 2521 2516
f 2499 2516 2512
f 2499 2512 2511
f 2499 2511 2510
f 2499 2510 2506
f 2499 2506 2501
f 2499 2501 2500
f 2501 2506 2507
f 2501 2507 2502
f 2503 2508 2509
f 2503 2509 2504
f 2506 2510 2507
f 2507 2510 2511
f 2507 2511 2512
f 2507 2512 2513
f 2508 2514 2509
f 2509 2514 2515
f 2512 2516 2517
f 2512 2517 2513
f 2514 2518 2519
f 2514 2519 2520
f 2514 2520 2515
f 2516 2521 2517
f 2517 2521 2522
f 2518 2523 2524
f 2518 2524 2519
f 2521 2525 2522
f 2522 2525 2526
f 2522 2526 2527
f 2522 2527 2528
f 2522 2528 2529
f 2522 2529 2530
f 2522 2530 2531
f 2523 2532 2524
f 2524 2532 2533
f 2524 2533 2534
f 2524 2534 2535
f 2526 2536 2527
f 2527 2536 2528
f 2528 2536 2537
f 2528 2537 2538
f 2528 2538 2529
f 2529 2538 2539
f 2529 2539 2540
f 2529 2540 2541
f 2529 2541 2542
f 2529 2542 2530
f 2530 2542 2531
f 2533 2543 2534
f 2534 2544 2545
f 2534 2545 2546
f 2534 2546 2547
f 2534 2547 2548
f 2534 2548 2549
f 2534 2549 2550
f 2534 2550 2535
f 2534 2543 2544
f 2536 2551 2537
f 2537 2551 2552
f 2537 2552 2538
f 2538 2552 2553
f 2538 2553 2554
f 2538 2554 2555
f 2538 2555 2539
f 2539 2555 2556
f 2539 2556 2540
f 2540 2556 2557
f 2540 2557 2558
f 2540 2558 2541
f 2545 2559 2546
f 2546 2559 2547
f 2547 2559 2560
f 2547 2560 2561
f 2547 2561 2562
f 2547 2562 2548
f 2548 2562 2549
f 2551 2563 2552
f 2552 2563 2564
f 2552 2564 2565
f 2552 2565 2553
f 2553 2565 2566
f 2553 2566 2567
f 2553 2567 2554
f 2554 2567 2555
f 2555 2567 2568
f 2555 2568 2556
f 2556 2568 2569
f 2556 2569 2557
f 2557 2570 2558
f 2557 2569 2571
f 2557 2571 2570
f 2560 2572 2573
f 2560 2573 2561
f 2561 2573 2562
f 2562 2573 2574
f 2565 2575 2566
f 2566 2575 2576
f 2566 2576 2577
f 2566 2577 2567
f 2567 2577 2578
f 2567 2578 2568
f 2568 2578 2579
f 2568 2579 2569
f 2569 2579 2580
f 2569 2580 2581
f 2569 2581 2571
f 2572 2582 2583
f 2572 2583 2573
f 2573 2583 2584
f 2573 2584 2585
f 2573 2585 2574
f 2575 2586 2576
f 2576 2586 2587
f 2576 2587 2588
f 2576 2588 2589
f 2576 2589 2577
f 2577 2589 2590
f 2577 2590 2578
f 2578 2590 2591
f 2578 2591 2579
f 2579 2591 2592
f 2579 2592 2580
f 2580 2592 2593
f 2580 2593 2594
f 2580 2594 2595
f 2580 2595 2581
f 2582 2596 2584
f 2582 2584 2583
f 2582 2597 2598
f 2582 2598 2596
f 2584 2599 2600
f 2584 2600 2601
f 2584 2601 2585
f 2584 2596 2599
f 2588 2602 2603
f 2588 2603 2589
f 2589 2603 2590
f 2590 2603 2604
f 2590 2604 2591
f 2591 2604 2605
f 2591 2605 2606
f 2591 2606 2592
f 2592 2606 2607
f 2592 2607 2593
f 2596 2598 2608
f 2596 2608 2599
f 2597 2609 2598
f 2597 2610 2609
f 2598 2609 2608
f 2599 2611 2600
f 2599 2608 2611
f 2600 2611 2612
f 2600 2612 2613
f 2600 2613 2601
f 2602 2614 2603
f 2603 2614 2615
f 2603 2615 2616
f 2603 2616 2604
f 2604 2616 2617
f 2604 2617 2605
f 2605 2617 2606
f 2606 2618 2607
f 2606 2617 2619
f 2606 2619 2620
f 2606 2620 2621
f 2606 2621 2618
f 2608 2609 2611
f 2609 2610 2622
f 2609 2622 2611
f 2610 2623 2624
f 2610 2624 2622
f 2611 2622 2625
f 2611 2625 2626
f 2611 2626 2612
f 2612 2626 2627
f 2612 2627 2628
f 2612 2628 2629
f 2612 2629 2613
f 2614 2630 2615
f 2615 2630 2631
f 2615 2631 2632
f 2615 2632 2616
f 2616 2632 2617
f 2617 2632 2633
f 2617 2633 2619
f 2619 2633 2634
f 2619 2634 2635
f 2619 2635 2620
f 2622 2624 2636
f 2622 2636 2625
f 2623 2637 2638
f 2623 2638 2624
f 2624 2638 2636
f 2625 2636 2639
f 2625 2639 2640
f 2625 2640 2626
f 2626 2640 2641
f 2626 2641 2627
f 2630 2642 2631
f 2631 2642 2643
f 2631 2643 2644
f 2631 2644 2632
f 2632 2644 2645
f 2632 2645 2633
f 2633 2645 2646
f 2633 2646 2647
f 2633 2647 2634
f 2634 2647 2648
f 2634 2648 2649
f 2634 2649 2635
f 2636 2638 2650
f 2636 2650 2639
f 2637 2651 2638
f 2638 2651 2652
f 2638 2652 2650
f 2639 2650 2653
f 2639 2653 2640
f 2640 2653 2654
f 2640 2654 2655
f 2640 2655 2656
f 2640 2656 2641
f 2642 2657 2643
f 2643 2658 2659
f 2643 2659 2644
f 2643 2657 2660
f 2643 2660 2658
f 2644 2659 2661
f 2644 2661 2662
f 2644 2662 2645
f 2645 2662 2663
f 2645 2663 2646
f 2646 2663 2664
f 2646 2664 2665
f 2646 2665 2647
f 2647 2665 2666
f 2647 2666 2667
f 2647 2667 2648
f 2650 2652 2668
f 2650 2668 2669
f 2650 2669 2653
f 2651 2670 2652
f 2652 2670 2671
f 2652 2671 2672
f 2652 2672 2668
f 2653 2669 2673
f 2653 2673 2674
f 2653 2674 2654
f 2654 2674 2675
f 2654 2675 2676
f 2654 2676 2655
f 2658 2677 2659
f 2659 2677 2678
f 2659 2678 2679
f 2659 2679 2680
f 2659 2680 2661
f 2661 2680 2662
f 2662 2680 2681
f 2662 2681 2663
f 2663 2681 2664
f 2664 2681 2682
f 2664 2682 2683
f 2664 2683 2665
f 2665 2683 2684
f 2665 2684 2685
f 2665 2685 2666
f 2668 2672 2686
f 2668 2686 2669
f 2669 2686 2687
f 2669 2687 2673
f 2673 2687 2688
f 2673 2688 2674
f 2674 2689 2675
f 2674 2688 2689
f 2675 2690 2676
f 2675 2689 2691
f 2675 2691 2690
f 2677 2692 2678
f 2678 2692 2693
f 2678 2693 2694
f 2678 2694 2695
f 2678 2695 2679
f 2679 2695 2696
f 2679 2696 2697
f 2679 2697 2698
f 2679 2698 2680
f 2680 2698 2681
f 2681 2698 2699
f 2681 2699 2682
f 2682 2699 2683
f 2683 2699 2700
f 2683 2700 2701
f 2683 2701 2702
f 2683 2702 2684
f 2684 2702 2685
f 2686 2703 2704
f 2686 2704 2687
f 2687 2704 2688
f 2688 2704 2705
f 2688 2705 2706
f 2688 2706 2689
f 2689 2706 2707
f 2689 2707 2691
f 2690 2691 2708
f 2691 2707 2709
f 2691 2709 2708
f 2695 2710 2696
f 2696 2710 2707
f 2696 2707 2706
f 2696 2706 2697
f 2697 2711 2698
f 2697 2706 2705
f 2697 2705 2711
f 2698 2711 2699
f 2699 2711 2712
f 2699 2712 2700
f 2700 2712 2713
f 2700 2713 2701
f 2703 2714 2715
f 2703 2715 2704
f 2704 2715 2705
f 2705 2715 2711
f 2707 2710 2709
f 2711 2715 2712
f 2712 2715 2714
f 2712 2714 2716
f 2712 2716 2713
f 2717 2718 2719
f 2717 2719 2720
f 2717 2720 2721
f 2717 2721 2722
f 2717 2722 2723
f 2717 2723 2724
f 2717 2724 2725
f 2717 2725 2718
f 2718 2725 2719
f 2719 2726 2720
f 2719 2725 2727
f 2719 2727 2728
f 2719 2728 2729
f 2719 2729 2746
f 2719 2746 2768
f 2719 2768 2784
f 2719 2784 2783
f 2719 2783 2799
f 2719 2799 2803
f 2719 2803 2802
f 2719 2802 2822
f 2719 2822 2843
f 2719 2843 2863
f 2719 2863 2890
f 2719 2890 2900
f 2719 2900 2899
f 2719 2899 2898
f 2719 2898 2897
f 2719 2897 2918
f 2719 2918 2934
f 2719 2934 2937
f 2719 2937 2925
f 2719 2925 2924
f 2719 2924 2904
f 2719 2904 2881
f 2719 2881 2879
f 2719 2879 2878
f 2719 2878 2869
f 2719 2869 2848
f 2719 2848 2847
f 2719 2847 2846
f 2719 2846 2826
f 2719 2826 2825
f 2719 2825 2824
f 2719 2824 2808
f 2719 2808 2807
f 2719 2807 2806
f 2719 2806 2805
f 2719 2805 2789
f 2719 2789 2772
f 2719 2772 2758
f 2719 2758 2742
f 2719 2742 2726
f 2720 2730 2721
f 2720 2726 2731
f 2720 2731 2730
f 2721 2730 2732
f 2721 2732 2733
f 2721 2733 2734
f 2721 2734 2735
f 2721 2735 2736
f 2721 2736 2722
f 2722 2736 2735
f 2722 2735 2737
f 2722 2737 2723
f 2723 2737 2738
f 2723 2738 2739
f 2723 2739 2724
f 2724 2739 2740
f 2724 2740 2725
f 2725 2740 2741
f 2725 2741 2727
f 2726 2742 2731
f 2727 2741 2743
f 2727 2743 2744
f 2727 2744 2745
f 2727 2745 2728
f 2728 2745 2746
f 2728 2746 2729
f 2730 2747 2732
f 2730 2731 2748
f 2730 2748 2749
f 2730 2749 2747
f 2731 2742 2748
f 2732 2747 2750
f 2732 2750 2751
f 2732 2751 2770
f 2732 2770 2787
f 2732 2787 2780
f 2732 2780 2779
f 2732 2779 2797
f 2732 2797 2821
f 2732 2821 2842
f 2732 2842 2862
f 2732 2862 2861
f 2732 2861 2860
f 2732 2860 2859
f 2732 2859 2858
f 2732 2858 2857
f 2732 2857 2889
f 2732 2889 2888
f 2732 2888 2913
f 2732 2913 2931
f 2732 2931 2944
f 2732 2944 2943
f 2732 2943 2946
f 2732 2946 2940
f 2732 2940 2928
f 2732 2928 2910
f 2732 2910 2885
f 2732 2885 2853
f 2732 2853 2834
f 2732 2834 2816
f 2732 2816 2794
f 2732 2794 2777
f 2732 2777 2776
f 2732 2776 2775
f 2732 2775 2793
f 2732 2793 2815
f 2732 2815 2833
f 2732 2833 2852
f 2732 2852 2884
f 2732 2884 2883
f 2732 2883 2882
f 2732 2882 2909
f 2732 2909 2927
f 2732 2927 2907
f 2732 2907 2875
f 2732 2875 2874
f 2732 2874 2873
f 2732 2873 2872
f 2732 2872 2906
f 2732 2906 2926
f 2732 2926 2939
f 2732 2939 2945
f 2732 2945 2932
f 2732 2932 2914
f 2732 2914 2894
f 2732 2894 2893
f 2732 2893 2892
f 2732 2892 2868
f 2732 2868 2844
f 2732 2844 2823
f 2732 2823 2801
f 2732 2801 2798
f 2732 2798 2782
f 2732 2782 2767
f 2732 2767 2766
f 2732 2766 2755
f 2732 2755 2754
f 2732 2754 2753
f 2732 2753 2752
f 2732 2752 2734
f 2732 2734 2733
f 2734 2752 2735
f 2735 2752 2737
f 2737 2752 2753
f 2737 2753 2738
f 2738 2753 2739
f 2739 2753 2740
f 2740 2753 2754
f 2740 2754 2755
f 2740 2755 2756
f 2740 2756 2741
f 2741 2756 2757
f 2741 2757 2743
f 2742 2758 2771
f 2742 2771 2788
f 2742 2788 2804
f 2742 2804 2818
f 2742 2818 2840
f 2742 2840 2839
f 2742 2839 2838
f 2742 2838 2837
f 2742 2837 2836
f 2742 2836 2835
f 2742 2835 2855
f 2742 2855 2886
f 2742 2886 2911
f 2742 2911 2929
f 2742 2929 2941
f 2742 2941 2947
f 2742 2947 2942
f 2742 2942 2930
f 2742 2930 2912
f 2742 2912 2887
f 2742 2887 2856
f 2742 2856 2841
f 2742 2841 2820
f 2742 2820 2796
f 2742 2796 2778
f 2742 2778 2759
f 2742 2759 2760
f 2742 2760 2761
f 2742 2761 2762
f 2742 2762 2748
f 2743 2757 2744
f 2744 2763 2764
f 2744 2764 2765
f 2744 2765 2745
f 2744 2757 2766
f 2744 2766 2767
f 2744 2767 2763
f 2745 2765 2768
f 2745 2768 2746
f 2747 2749 2750
f 2748 2762 2749
f 2749 2762 2750
f 2750 2762 2761
f 2750 2761 2769
f 2750 2769 2751
f 2751 2769 2770
f 2755 2766 2757
f 2755 2757 2756
f 2758 2772 2773
f 2758 2773 2774
f 2758 2774 2775
f 2758 2775 2776
f 2758 2776 2777
f 2758 2777 2771
f 2759 2778 2779
f 2759 2779 2780
f 2759 2780 2760
f 2760 2780 2769
f 2760 2769 2761
f 2763 2781 2764
f 2763 2767 2782
f 2763 2782 2781
f 2764 2783 2784
f 2764 2784 2765
f 2764 2781 2785
f 2764 2785 2786
f 2764 2786 2783
f 2765 2784 2768
f 2769 2780 2787
f 2769 2787 2770
f 2771 2777 2788
f 2772 2789 2790
f 2772 2790 2773
f 2773 2790 2774
f 2774 2790 2791
f 2774 2791 2775
f 2775 2792 2793
f 2775 2791 2792
f 2777 2794 2795
f 2777 2795 2788
f 2778 2796 2797
f 2778 2797 2779
f 2781 2782 2798
f 2781 2798 2785
f 2783 2786 2799
f 2785 2800 2786
f 2785 2798 2801
f 2785 2801 2800
f 2786 2800 2802
f 2786 2802 2803
f 2786 2803 2799
f 2788 2795 2804
f 2789 2805 2790
f 2790 2805 2791
f 2791 2805 2806
f 2791 2806 2807
f 2791 2807 2808
f 2791 2808 2809
f 2791 2809 2792
f 2792 2810 2793
f 2792 2809 2811
f 2792 2811 2812
f 2792 2812 2813
f 2792 2813 2814
f 2792 2814 2810
f 2793 2810 2815
f 2794 2816 2795
f 2795 2817 2818
f 2795 2818 2804
f 2795 2816 2819
f 2795 2819 2817
f 2796 2820 2821
f 2796 2821 2797
f 2800 2801 2822
f 2800 2822 2802
f 2801 2823 2822
f 2808 2824 2811
f 2808 2811 2809
f 2810 2814 2815
f 2811 2824 2825
f 2811 2825 2826
f 2811 2826 2812
f 2812 2826 2827
f 2812 2827 2828
f 2812 2828 2813
f 2813 2828 2829
f 2813 2829 2830
f 2813 2830 2831
f 2813 2831 2814
f 2814 2831 2830
f 2814 2830 2832
f 2814 2832 2833
f 2814 2833 2815
f 2816 2834 2819
f 2817 2835 2836
f 2817 2836 2837
f 2817 2837 2838
f 2817 2838 2839
f 2817 2839 2840
f 2817 2840 2818
f 2817 2819 2834
f 2817 2834 2835
f 2820 2841 2842
f 2820 2842 2821
f 2822 2823 2843
f 2823 2844 2845
f 2823 2845 2843
f 2826 2846 2827
f 2827 2846 2828
f 2828 2846 2847
f 2828 2847 2848
f 2828 2848 2829
f 2829 2849 2830
f 2829 2848 2849
f 2830 2849 2850
f 2830 2850 2851
f 2830 2851 2832
f 2832 2851 2852
f 2832 2852 2833
f 2834 2853 2854
f 2834 2854 2835
f 2835 2854 2853
f 2835 2853 2855
f 2841 2856 2857
f 2841 2857 2858
f 2841 2858 2859
f 2841 2859 2860
f 2841 2860 2861
f 2841 2861 2862
f 2841 2862 2842
f 2843 2845 2864
f 2843 2864 2865
f 2843 2865 2866
f 2843 2866 2863
f 2844 2866 2867
f 2844 2867 2845
f 2844 2868 2866
f 2845 2867 2864
f 2848 2869 2850
f 2848 2850 2849
f 2850 2870 2871
f 2850 2871 2872
f 2850 2872 2873
f 2850 2873 2874
f 2850 2874 2875
f 2850 2875 2876
f 2850 2876 2877
f 2850 2877 2851
f 2850 2869 2878
f 2850 2878 2879
f 2850 2879 2880
f 2850 2880 2881
f 2850 2881 2870
f 2851 2877 2882
f 2851 2882 2883
f 2851 2883 2884
f 2851 2884 2852
f 2853 2885 2855
f 2855 2885 2886
f 2856 2887 2888
f 2856 2888 2889
f 2856 2889 2857
f 2863 2866 2890
f 2864 2867 2891
f 2864 2891 2865
f 2865 2891 2866
f 2866 2891 2867
f 2866 2868 2892
f 2866 2892 2893
f 2866 2893 2894
f 2866 2894 2895
f 2866 2895 2896
f 2866 2896 2897
f 2866 2897 2898
f 2866 2898 2899
f 2866 2899 2900
f 2866 2900 2890
f 2870 2901 2902
f 2870 2902 2903
f 2870 2903 2871
f 2870 2881 2904
f 2870 2904 2905
f 2870 2905 2901
f 2871 2903 2872
f 2872 2903 2906
f 2875 2907 2876
f 2876 2907 2908
f 2876 2908 2877
f 2877 2908 2909
f 2877 2909 2882
f 2879 2881 2880
f 2885 2910 2886
f 2886 2910 2911
f 2887 2912 2888
f 2888 2912 2913
f 2894 2914 2915
f 2894 2915 2916
f 2894 2916 2895
f 2895 2916 2896
f 2896 2916 2917
f 2896 2917 2918
f 2896 2918 2897
f 2901 2919 2920
f 2901 2920 2921
f 2901 2921 2922
f 2901 2922 2902
f 2901 2905 2919
f 2902 2922 2923
f 2902 2923 2903
f 2903 2923 2906
f 2904 2924 2905
f 2905 2924 2925
f 2905 2925 2919
f 2906 2923 2926
f 2907 2927 2908
f 2908 2927 2909
f 2910 2928 2911
f 2911 2928 2929
f 2912 2930 2913
f 2913 2930 2931
f 2914 2932 2915
f 2915 2932 2933
f 2915 2933 2917
f 2915 2917 2916
f 2917 2933 2918
f 2918 2933 2935
f 2918 2935 2936
f 2918 2936 2934
f 2919 2936 2923
f 2919 2923 2920
f 2919 2925 2937
f 2919 2937 2936
f 2920 2923 2921
f 2921 2923 2922
f 2923 2936 2938
f 2923 2938 2939
f 2923 2939 2926
f 2928 2940 2941
f 2928 2941 2929
f 2930 2942 2943
f 2930 2943 2944
f 2930 2944 2931
f 2932 2945 2938
f 2932 2938 2936
f 2932 2936 2935
f 2932 2935 2933
f 2934 2936 2937
f 2938 2945 2939
f 2940 2946 2941
f 2941 2946 2947
f 2942 2947 2946
f 2942 2946 2943
f 2948 2949 2950
f 2948 2950 2951
f 2948 2951 2952
f 2948 2952 2953
f 2948 2953 2954
f 2948 2954 2949
f 2949 2954 2955
f 2949 2955 2950
f 2950 2955 2956
f 2950 2956 2957
f 2950 2957 2958
f 2950 2958 2951
f 2951 2958 2959
f 2951 2959 2960
f 2951 2960 2961
f 2951 2961 2952
f 2952 2961 2982
f 2952 2982 2998
f 2952 2998 2997
f 2952 2997 3014
f 2952 3014 3028
f 2952 3028 3046
f 2952 3046 3057
f 2952 3057 3059
f 2952 3059 3075
f 2952 3075 3074
f 2952 3074 3104
f 2952 3104 3103
f 2952 3103 3136
f 2952 3136 3135
f 2952 3135 3161
f 2952 3161 3195
f 2952 3195 3232
f 2952 3232 3264
f 2952 3264 3296
f 2952 3296 3335
f 2952 3335 3364
f 2952 3364 3379
f 2952 3379 3385
f 2952 3385 3384
f 2952 3384 3387
f 2952 3387 3386
f 2952 3386 3381
f 2952 3381 3367
f 2952 3367 3348
f 2952 3348 3347
f 2952 3347 3306
f 2952 3306 3305
f 2952 3305 3304
f 2952 3304 3269
f 2952 3269 3240
f 2952 3240 3202
f 2952 3202 3165
f 2952 3165 3163
f 2952 3163 3140
f 2952 3140 3139
f 2952 3139 3138
f 2952 3138 3137
f 2952 3137 3106
f 2952 3106 3105
f 2952 3105 3076
f 2952 3076 3061
f 2952 3061 3060
f 2952 3060 3051
f 2952 3051 3048
f 2952 3048 3030
f 2952 3030 3015
f 2952 3015 2999
f 2952 2999 2983
f 2952 2983 2962
f 2952 2962 2953
f 2953 2962 2963
f 2953 2963 2954
f 2954 2964 2965
f 2954 2965 2966
f 2954 2966 2967
f 2954 2967 2968
f 2954 2968 2955
f 2954 2963 2964
f 2955 2968 2989
f 2955 2989 2969
f 2955 2969 2970
f 2955 2970 2971
f 2955 2971 2956
f 2956 2971 2972
f 2956 2972 2957
f 2957 2972 2973
f 2957 2973 2958
f 2958 2973 2974
f 2958 2974 2975
f 2958 2975 2959
f 2959 2975 2976
f 2959 2976 2977
f 2959 2977 2978
f 2959 2978 2979
f 2959 2979 2980
f 2959 2980 2960
f 2960 2981 2982
f 2960 2982 2961
f 2960 2980 2981
f 2962 2983 2984
f 2962 2984 2964
f 2962 2964 2963
f 2964 2984 2985
f 2964 2985 2986
f 2964 2986 2965
f 2965 2986 2987
f 2965 2987 2988
f 2965 2988 2966
f 2966 2988 2967
f 2967 2988 2989
f 2967 2989 2968
f 2969 2989 2990
f 2969 2990 2970
f 2970 2990 2971
f 2971 2990 2991
f 2971 2991 2972
f 2972 2991 2992
f 2972 2992 2973
f 2973 2993 2974
f 2973 2992 2994
f 2973 2994 2993
f 2974 2993 2975
f 2975 2993 2976
f 2976 2993 2995
f 2976 2995 2977
f 2977 2995 3012
f 2977 3012 3011
f 2977 3011 3010
f 2977 3010 3009
f 2977 3009 3008
f 2977 3008 3007
f 2977 3007 3027
f 2977 3027 3045
f 2977 3045 3044
f 2977 3044 3043
f 2977 3043 3042
f 2977 3042 3041
f 2977 3041 3056
f 2977 3056 3072
f 2977 3072 3099
f 2977 3099 3130
f 2977 3130 3158
f 2977 3158 3192
f 2977 3192 3229
f 2977 3229 3260
f 2977 3260 3262
f 2977 3262 3294
f 2977 3294 3332
f 2977 3332 3362
f 2977 3362 3336
f 2977 3336 3297
f 2977 3297 3266
f 2977 3266 3233
f 2977 3233 3198
f 2977 3198 3197
f 2977 3197 3196
f 2977 3196 3162
f 2977 3162 3160
f 2977 3160 3134
f 2977 3134 3102
f 2977 3102 3073
f 2977 3073 3058
f 2977 3058 3047
f 2977 3047 3029
f 2977 3029 3013
f 2977 3013 2996
f 2977 2996 2980
f 2977 2980 2979
f 2977 2979 2978
f 2980 2996 2981
f 2981 2997 2998
f 2981 2998 2982
f 2981 2996 2997
f 2983 2999 3000
f 2983 3000 2984
f 2984 3000 3001
f 2984 3001 2985
f 2985 3001 3002
f 2985 3002 3003
f 2985 3003 2986
f 2986 3003 2987
f 2987 3003 3004
f 2987 3004 2988
f 2988 3004 3005
f 2988 3005 2989
f 2989 3005 3006
f 2989 3006 2990
f 2990 3006 3007
f 2990 3007 3008
f 2990 3008 2991
f 2991 3008 3009
f 2991 3009 2992
f 2992 3009 3010
f 2992 3010 3011
f 2992 3011 3012
f 2992 3012 2994
f 2993 2994 3012
f 2993 3012 2995
f 2996 3013 2997
f 2997 3013 3014
f 2999 3015 3016
f 2999 3016 3000
f 3000 3017 3018
f 3000 3018 3002
f 3000 3002 3001
f 3000 3016 3017
f 3002 3018 3019
f 3002 3019 3003
f 3003 3019 3020
f 3003 3020 3004
f 3004 3020 3021
f 3004 3021 3022
f 3004 3022 3023
f 3004 3023 3024
f 3004 3024 3005
f 3005 3024 3025
f 3005 3025 3026
f 3005 3026 3006
f 3006 3026 3027
f 3006 3027 3007
f 3013 3028 3014
f 3013 3029 3028
f 3015 3030 3031
f 3015 3031 3016
f 3016 3031 3017
f 3017 3031 3032
f 3017 3032 3033
f 3017 3033 3034
f 3017 3034 3018
f 3018 3034 3019
f 3019 3034 3035
f 3019 3035 3021
f 3019 3021 3020
f 3021 3035 3036
f 3021 3036 3037
f 3021 3037 3038
f 3021 3038 3022
f 3022 3038 3023
f 3023 3039 3025
f 3023 3025 3024
f 3023 3038 3037
f 3023 3037 3040
f 3023 3040 3041
f 3023 3041 3042
f 3023 3042 3043
f 3023 3043 3039
f 3025 3039 3044
f 3025 3044 3045
f 3025 3045 3026
f 3026 3045 3027
f 3028 3029 3047
f 3028 3047 3046
f 3030 3048 3031
f 3031 3049 3050
f 3031 3050 3032
f 3031 3048 3051
f 3031 3051 3049
f 3032 3052 3033
f 3032 3050 3052
f 3033 3053 3054
f 3033 3054 3034
f 3033 3052 3053
f 3034 3054 3035
f 3035 3055 3036
f 3035 3054 3053
f 3035 3053 3055
f 3036 3055 3041
f 3036 3041 3040
f 3036 3040 3037
f 3039 3043 3044
f 3041 3055 3056
f 3046 3047 3057
f 3047 3058 3059
f 3047 3059 3057
f 3049 3051 3060
f 3049 3060 3050
f 3050 3060 3061
f 3050 3061 3062
f 3050 3062 3063
f 3050 3063 3064
f 3050 3064 3065
f 3050 3065 3066
f 3050 3066 3067
f 3050 3067 3068
f 3050 3068 3069
f 3050 3069 3052
f 3052 3069 3053
f 3053 3069 3070
f 3053 3070 3071
f 3053 3071 3055
f 3055 3071 3056
f 3056 3071 3072
f 3058 3073 3074
f 3058 3074 3075
f 3058 3075 3059
f 3061 3076 3062
f 3062 3076 3077
f 3062 3077 3063
f 3063 3077 3078
f 3063 3078 3079
f 3063 3079 3064
f 3064 3080 3065
f 3064 3079 3080
f 3065 3081 3082
f 3065 3082 3066
f 3065 3080 3083
f 3065 3083 3081
f 3066 3082 3067
f 3067 3084 3085
f 3067 3085 3086
f 3067 3086 3087
f 3067 3087 3088
f 3067 3088 3068
f 3067 3082 3089
f 3067 3089 3084
f 3068 3088 3069
f 3069 3087 3090
f 3069 3090 3070
f 3069 3088 3087
f 3070 3090 3091
f 3070 3091 3092
f 3070 3092 3093
f 3070 3093 3071
f 3071 3093 3094
f 3071 3094 3095
f 3071 3095 3096
f 3071 3096 3072
f 3072 3097 3098
f 3072 3098 3099
f 3072 3096 3100
f 3072 3100 3101
f 3072 3101 3097
f 3073 3102 3103
f 3073 3103 3104
f 3073 3104 3074
f 3076 3105 3077
f 3077 3105 3106
f 3077 3106 3107
f 3077 3107 3078
f 3078 3107 3079
f 3079 3107 3108
f 3079 3108 3080
f 3080 3108 3083
f 3081 3109 3082
f 3081 3083 3109
f 3082 3109 3089
f 3083 3108 3110
f 3083 3110 3111
f 3083 3111 3109
f 3084 3089 3109
f 3084 3109 3112
f 3084 3112 3085
f 3085 3112 3113
f 3085 3113 3114
f 3085 3114 3115
f 3085 3115 3116
f 3085 3116 3117
f 3085 3117 3086
f 3086 3117 3118
f 3086 3118 3087
f 3087 3118 3090
f 3090 3118 3119
f 3090 3119 3091
f 3091 3119 3120
f 3091 3120 3121
f 3091 3121 3092
f 3092 3121 3122
f 3092 3122 3093
f 3093 3122 3123
f 3093 3123 3124
f 3093 3124 3094
f 3094 3124 3095
f 3095 3124 3123
f 3095 3123 3125
f 3095 3125 3126
f 3095 3126 3096
f 3096 3126 3101
f 3096 3101 3100
f 3097 3101 3127
f 3097 3127 3098
f 3098 3128 3099
f 3098 3127 3129
f 3098 3129 3128
f 3099 3128 3131
f 3099 3131 3130
f 3101 3132 3133
f 3101 3133 3127
f 3101 3126 3132
f 3102 3134 3135
f 3102 3135 3136
f 3102 3136 3103
f 3106 3137 3107
f 3107 3137 3138
f 3107 3138 3139
f 3107 3139 3140
f 3107 3140 3141
f 3107 3141 3142
f 3107 3142 3108
f 3108 3142 3110
f 3109 3111 3143
f 3109 3143 3144
f 3109 3144 3112
f 3110 3142 3145
f 3110 3145 3111
f 3111 3146 3143
f 3111 3145 3146
f 3112 3144 3147
f 3112 3147 3113
f 3113 3147 3114
f 3114 3147 3148
f 3114 3148 3149
f 3114 3149 3150
f 3114 3150 3115
f 3115 3150 3116
f 3116 3118 3117
f 3116 3150 3151
f 3116 3151 3123
f 3116 3123 3118
f 3118 3123 3120
f 3118 3120 3119
f 3120 3123 3122
f 3120 3122 3121
f 3123 3151 3125
f 3125 3151 3126
f 3126 3151 3152
f 3126 3152 3153
f 3126 3153 3132
f 3127 3133 3129
f 3128 3129 3131
f 3129 3133 3154
f 3129 3154 3155
f 3129 3155 3156
f 3129 3156 3157
f 3129 3157 3131
f 3130 3131 3157
f 3130 3157 3159
f 3130 3159 3158
f 3132 3153 3154
f 3132 3154 3133
f 3134 3160 3135
f 3135 3160 3162
f 3135 3162 3161
f 3140 3163 3141
f 3141 3164 3142
f 3141 3163 3165
f 3141 3165 3164
f 3142 3164 3166
f 3142 3166 3145
f 3143 3167 3144
f 3143 3146 3167
f 3144 3167 3147
f 3145 3166 3168
f 3145 3168 3146
f 3146 3168 3167
f 3147 3169 3170
f 3147 3170 3148
f 3147 3167 3171
f 3147 3171 3172
f 3147 3172 3173
f 3147 3173 3174
f 3147 3174 3169
f 3148 3170 3169
f 3148 3169 3175
f 3148 3175 3176
f 3148 3176 3149
f 3149 3176 3177
f 3149 3177 3178
f 3149 3178 3179
f 3149 3179 3180
f 3149 3180 3150
f 3150 3180 3179
f 3150 3179 3181
f 3150 3181 3182
f 3150 3182 3183
f 3150 3183 3184
f 3150 3184 3185
f 3150 3185 3186
f 3150 3186 3151
f 3151 3186 3152
f 3152 3187 3153
f 3152 3186 3187
f 3153 3188 3154
f 3153 3187 3188
f 3154 3188 3189
f 3154 3189 3155
f 3155 3189 3190
f 3155 3190 3191
f 3155 3191 3156
f 3156 3191 3159
f 3156 3159 3157
f 3158 3159 3193
f 3158 3193 3191
f 3158 3191 3194
f 3158 3194 3192
f 3159 3191 3193
f 3161 3162 3196
f 3161 3196 3197
f 3161 3197 3198
f 3161 3198 3195
f 3164 3165 3199
f 3164 3199 3200
f 3164 3200 3201
f 3164 3201 3166
f 3165 3202 3199
f 3166 3201 3168
f 3167 3168 3203
f 3167 3203 3204
f 3167 3204 3205
f 3167 3205 3206
f 3167 3206 3207
f 3167 3207 3208
f 3167 3208 3171
f 3168 3209 3206
f 3168 3206 3205
f 3168 3205 3203
f 3168 3201 3200
f 3168 3200 3209
f 3169 3174 3175
f 3171 3208 3172
f 3172 3210 3211
f 3172 3211 3174
f 3172 3174 3173
f 3172 3208 3212
f 3172 3212 3210
f 3174 3211 3213
f 3174 3213 3175
f 3175 3213 3214
f 3175 3214 3176
f 3176 3214 3178
f 3176 3178 3177
f 3178 3214 3215
f 3178 3215 3216
f 3178 3216 3179
f 3179 3216 3181
f 3181 3216 3183
f 3181 3183 3182
f 3183 3217 3184
f 3183 3216 3218
f 3183 3218 3219
f 3183 3219 3217
f 3184 3217 3220
f 3184 3220 3221
f 3184 3221 3185
f 3185 3221 3186
f 3186 3221 3222
f 3186 3222 3223
f 3186 3223 3187
f 3187 3223 3224
f 3187 3224 3225
f 3187 3225 3188
f 3188 3225 3189
f 3189 3225 3226
f 3189 3226 3190
f 3190 3226 3227
f 3190 3227 3191
f 3191 3228 3194
f 3191 3227 3228
f 3192 3194 3230
f 3192 3230 3231
f 3192 3231 3229
f 3194 3228 3230
f 3195 3198 3232
f 3198 3233 3234
f 3198 3234 3232
f 3199 3202 3235
f 3199 3235 3200
f 3200 3235 3236
f 3200 3236 3237
f 3200 3237 3238
f 3200 3238 3239
f 3200 3239 3209
f 3202 3240 3235
f 3203 3205 3204
f 3206 3209 3239
f 3206 3239 3238
f 3206 3238 3241
f 3206 3241 3207
f 3207 3241 3208
f 3208 3241 3242
f 3208 3242 3212
f 3210 3243 3211
f 3210 3212 3244
f 3210 3244 3245
f 3210 3245 3243
f 3211 3243 3246
f 3211 3246 3213
f 3212 3242 3244
f 3213 3246 3247
f 3213 3247 3214
f 3214 3247 3248
f 3214 3248 3219
f 3214 3219 3215
f 3215 3219 3216
f 3216 3219 3218
f 3217 3249 3220
f 3217 3219 3248
f 3217 3248 3250
f 3217 3250 3249
f 3220 3249 3251
f 3220 3251 3222
f 3220 3222 3221
f 3222 3252 3224
f 3222 3224 3223
f 3222 3251 3252
f 3224 3252 3253
f 3224 3253 3254
f 3224 3254 3255
f 3224 3255 3225
f 3225 3255 3226
f 3226 3255 3256
f 3226 3256 3227
f 3227 3256 3257
f 3227 3257 3258
f 3227 3258 3259
f 3227 3259 3228
f 3228 3259 3231
f 3228 3231 3230
f 3229 3231 3260
f 3231 3259 3261
f 3231 3261 3262
f 3231 3262 3260
f 3232 3263 3264
f 3232 3234 3265
f 3232 3265 3263
f 3233 3266 3267
f 3233 3267 3234
f 3234 3267 3268
f 3234 3268 3265
f 3235 3240 3269
f 3235 3269 3270
f 3235 3270 3236
f 3236 3271 3272
f 3236 3272 3237
f 3236 3270 3271
f 3237 3272 3273
f 3237 3273 3238
f 3238 3273 3242
f 3238 3242 3241
f 3242 3273 3274
f 3242 3274 3244
f 3243 3275 3246
f 3243 3245 3276
f 3243 3276 3275
f 3244 3274 3245
f 3245 3277 3278
f 3245 3278 3276
f 3245 3274 3279
f 3245 3279 3277
f 3246 3275 3247
f 3247 3280 3281
f 3247 3281 3248
f 3247 3275 3280
f 3248 3281 3280
f 3248 3280 3250
f 3249 3282 3283
f 3249 3283 3253
f 3249 3253 3252
f 3249 3252 3251
f 3249 3250 3280
f 3249 3280 3284
f 3249 3284 3282
f 3253 3283 3254
f 3254 3283 3255
f 3255 3283 3285
f 3255 3285 3256
f 3256 3285 3286
f 3256 3286 3287
f 3256 3287 3288
f 3256 3288 3257
f 3257 3288 3289
f 3257 3289 3258
f 3258 3290 3259
f 3258 3289 3291
f 3258 3291 3292
f 3258 3292 3290
f 3259 3290 3293
f 3259 3293 3261
f 3261 3294 3262
f 3261 3293 3294
f 3263 3295 3264
f 3263 3265 3295
f 3264 3295 3296
f 3265 3268 3295
f 3266 3297 3298
f 3266 3298 3267
f 3267 3298 3299
f 3267 3299 3300
f 3267 3300 3268
f 3268 3301 3302
f 3268 3302 3295
f 3268 3300 3303
f 3268 3303 3301
f 3269 3304 3270
f 3270 3304 3305
f 3270 3305 3271
f 3271 3305 3306
f 3271 3306 3272
f 3272 3306 3307
f 3272 3307 3308
f 3272 3308 3309
f 3272 3309 3273
f 3273 3309 3310
f 3273 3310 3274
f 3274 3310 3279
f 3275 3276 3311
f 3275 3311 3312
f 3275 3312 3313
f 3275 3313 3314
f 3275 3314 3280
f 3276 3278 3315
f 3276 3315 3311
f 3277 3279 3316
f 3277 3316 3317
f 3277 3317 3278
f 3278 3317 3318
f 3278 3318 3319
f 3278 3319 3315
f 3279 3310 3316
f 3280 3314 3284
f 3282 3320 3283
f 3282 3284 3314
f 3282 3314 3313
f 3282 3313 3321
f 3282 3321 3320
f 3283 3320 3322
f 3283 3322 3323
f 3283 3323 3286
f 3283 3286 3285
f 3286 3323 3287
f 3287 3323 3322
f 3287 3322 3324
f 3287 3324 3288
f 3288 3324 3325
f 3288 3325 3326
f 3288 3326 3327
f 3288 3327 3328
f 3288 3328 3329
f 3288 3329 3291
f 3288 3291 3289
f 3290 3292 3293
f 3291 3329 3292
f 3292 3329 3328
f 3292 3328 3293
f 3293 3328 3330
f 3293 3330 3331
f 3293 3331 3332
f 3293 3332 3294
f 3295 3333 3334
f 3295 3334 3296
f 3295 3302 3333
f 3296 3334 3335
f 3297 3336 3298
f 3298 3336 3337
f 3298 3337 3338
f 3298 3338 3339
f 3298 3339 3299
f 3299 3339 3340
f 3299 3340 3300
f 3300 3340 3341
f 3300 3341 3303
f 3301 3342 3302
f 3301 3303 3342
f 3302 3342 3343
f 3302 3343 3333
f 3303 3341 3344
f 3303 3344 3324
f 3303 3324 3345
f 3303 3345 3346
f 3303 3346 3342
f 3306 3347 3307
f 3307 3310 3308
f 3307 3347 3310
f 3308 3310 3309
f 3310 3347 3348
f 3310 3348 3349
f 3310 3349 3350
f 3310 3350 3316
f 3311 3351 3312
f 3311 3315 3351
f 3312 3351 3313
f 3313 3352 3353
f 3313 3353 3321
f 3313 3351 3352
f 3315 3354 3351
f 3315 3319 3354
f 3316 3350 3317
f 3317 3350 3355
f 3317 3355 3318
f 3318 3355 3356
f 3318 3356 3357
f 3318 3357 3319
f 3319 3357 3354
f 3320 3321 3322
f 3321 3353 3322
f 3322 3345 3324
f 3322 3353 3358
f 3322 3358 3359
f 3322 3359 3360
f 3322 3360 3345
f 3324 3344 3325
f 3325 3344 3326
f 3326 3344 3341
f 3326 3341 3328
f 3326 3328 3327
f 3328 3341 3361
f 3328 3361 3340
f 3328 3340 3330
f 3330 3337 3331
f 3330 3340 3337
f 3331 3337 3336
f 3331 3336 3362
f 3331 3362 3332
f 3333 3335 3334
f 3333 3343 3363
f 3333 3363 3335
f 3335 3363 3364
f 3337 3340 3338
f 3338 3340 3339
f 3340 3361 3341
f 3342 3346 3365
f 3342 3365 3343
f 3343 3365 3363
f 3345 3360 3366
f 3345 3366 3346
f 3346 3366 3365
f 3348 3367 3368
f 3348 3368 3349
f 3349 3368 3350
f 3350 3368 3355
f 3351 3369 3352
f 3351 3354 3370
f 3351 3370 3369
f 3352 3369 3359
f 3352 3359 3353
f 3353 3359 3358
f 3354 3357 3371
f 3354 3371 3372
f 3354 3372 3370
f 3355 3368 3373
f 3355 3373 3356
f 3356 3373 3374
f 3356 3374 3375
f 3356 3375 3357
f 3357 3375 3376
f 3357 3376 3371
f 3359 3369 3370
f 3359 3370 3377
f 3359 3377 3360
f 3360 3377 3366
f 3363 3365 3364
f 3364 3378 3379
f 3364 3365 3380
f 3364 3380 3378
f 3365 3366 3377
f 3365 3377 3380
f 3367 3381 3368
f 3368 3381 3373
f 3370 3372 3377
f 3371 3376 3382
f 3371 3382 3383
f 3371 3383 3384
f 3371 3384 3372
f 3372 3380 3377
f 3372 3384 3385
f 3372 3385 3379
f 3372 3379 3378
f 3372 3378 3380
f 3373 3381 3386
f 3373 3386 3374
f 3374 3386 3387
f 3374 3387 3376
f 3374 3376 3375
f 3376 3387 3382
f 3382 3387 3383
f 3383 3387 3384
f 3388 3389 3392
f 3388 3392 3398
f 3388 3398 3406
f 3388 3406 3412
f 3388 3412 3422
f 3388 3422 3429
f 3388 3429 3430
f 3388 3430 3445
f 3388 3445 3450
f 3388 3450 3449
f 3388 3449 3448
f 3388 3448 3463
f 3388 3463 3488
f 3388 3488 3498
f 3388 3498 3506
f 3388 3506 3513
f 3388 3513 3510
f 3388 3510 3509
f 3388 3509 3508
f 3388 3508 3503
f 3388 3503 3493
f 3388 3493 3475
f 3388 3475 3456
f 3388 3456 3439
f 3388 3439 3438
f 3388 3438 3454
f 3388 3454 3466
f 3388 3466 3474
f 3388 3474 3473
f 3388 3473 3472
f 3388 3472 3471
f 3388 3471 3470
f 3388 3470 3469
f 3388 3469 3468
f 3388 3468 3492
f 3388 3492 3500
f 3388 3500 3490
f 3388 3490 3465
f 3388 3465 3452
f 3388 3452 3444
f 3388 3444 3428
f 3388 3428 3421
f 3388 3421 3420
f 3388 3420 3419
f 3388 3419 3418
f 3388 3418 3417
f 3388 3417 3416
f 3388 3416 3413
f 3388 3413 3407
f 3388 3407 3399
f 3388 3399 3393
f 3388 3393 3390
f 3388 3390 3391
f 3388 3391 3389
f 3389 3391 3392
f 3390 3393 3394
f 3390 3394 3395
f 3390 3395 3391
f 3391 3396 3397
f 3391 3397 3392
f 3391 3395 3394
f 3391 3394 3396
f 3392 3397 3398
f 3393 3399 3400
f 3393 3400 3394
f 3394 3401 3402
f 3394 3402 3403
f 3394 3403 3404
f 3394 3404 3396
f 3394 3400 3401
f 3396 3404 3403
f 3396 3403 3402
f 3396 3402 3409
f 3396 3409 3415
f 3396 3415 3425
f 3396 3425 3435
f 3396 3435 3453
f 3396 3453 3458
f 3396 3458 3457
f 3396 3457 3476
f 3396 3476 3485
f 3396 3485 3484
f 3396 3484 3483
f 3396 3483 3482
f 3396 3482 3481
f 3396 3481 3480
f 3396 3480 3479
f 3396 3479 3478
f 3396 3478 3477
f 3396 3477 3495
f 3396 3495 3494
f 3396 3494 3504
f 3396 3504 3511
f 3396 3511 3512
f 3396 3512 3505
f 3396 3505 3497
f 3396 3497 3496
f 3396 3496 3487
f 3396 3487 3486
f 3396 3486 3461
f 3396 3461 3446
f 3396 3446 3431
f 3396 3431 3423
f 3396 3423 3411
f 3396 3411 3410
f 3396 3410 3405
f 3396 3405 3397
f 3397 3405 3406
f 3397 3406 3398
f 3399 3407 3408
f 3399 3408 3400
f 3400 3408 3401
f 3401 3408 3402
f 3402 3408 3407
f 3402 3407 3409
f 3405 3410 3406
f 3406 3411 3412
f 3406 3410 3411
f 3407 3413 3409
f 3409 3414 3424
f 3409 3424 3434
f 3409 3434 3451
f 3409 3451 3464
f 3409 3464 3489
f 3409 3489 3499
f 3409 3499 3501
f 3409 3501 3507
f 3409 3507 3502
f 3409 3502 3491
f 3409 3491 3467
f 3409 3467 3455
f 3409 3455 3443
f 3409 3443 3442
f 3409 3442 3441
f 3409 3441 3436
f 3409 3436 3426
f 3409 3426 3415
f 3409 3413 3416
f 3409 3416 3417
f 3409 3417 3418
f 3409 3418 3419
f 3409 3419 3420
f 3409 3420 3421
f 3409 3421 3414
f 3411 3422 3412
f 3411 3423 3422
f 3414 3421 3424
f 3415 3426 3427
f 3415 3427 3425
f 3421 3428 3424
f 3422 3423 3429
f 3423 3430 3429
f 3423 3431 3432
f 3423 3432 3433
f 3423 3433 3430
f 3424 3428 3434
f 3425 3427 3435
f 3426 3436 3427
f 3427 3437 3438
f 3427 3438 3439
f 3427 3439 3440
f 3427 3440 3435
f 3427 3436 3441
f 3427 3441 3442
f 3427 3442 3443
f 3427 3443 3437
f 3428 3444 3434
f 3430 3433 3445
f 3431 3446 3447
f 3431 3447 3432
f 3432 3447 3433
f 3433 3447 3448
f 3433 3448 3449
f 3433 3449 3450
f 3433 3450 3445
f 3434 3444 3452
f 3434 3452 3451
f 3435 3440 3453
f 3437 3454 3438
f 3437 3443 3455
f 3437 3455 3454
f 3439 3456 3440
f 3440 3457 3458
f 3440 3458 3453
f 3440 3456 3459
f 3440 3459 3460
f 3440 3460 3457
f 3446 3461 3462
f 3446 3462 3447
f 3447 3462 3463
f 3447 3463 3448
f 3451 3452 3465
f 3451 3465 3464
f 3454 3455 3466
f 3455 3467 3468
f 3455 3468 3469
f 3455 3469 3470
f 3455 3470 3471
f 3455 3471 3472
f 3455 3472 3473
f 3455 3473 3474
f 3455 3474 3466
f 3456 3475 3459
f 3457 3460 3476
f 3459 3475 3460
f 3460 3475 3477
f 3460 3477 3478
f 3460 3478 3479
f 3460 3479 3480
f 3460 3480 3481
f 3460 3481 3482
f 3460 3482 3483
f 3460 3483 3484
f 3460 3484 3485
f 3460 3485 3476
f 3461 3486 3462
f 3462 3486 3487
f 3462 3487 3488
f 3462 3488 3463
f 3464 3465 3490
f 3464 3490 3489
f 3467 3491 3468
f 3468 3491 3492
f 3475 3493 3494
f 3475 3494 3495
f 3475 3495 3477
f 3487 3496 3488
f 3488 3496 3497
f 3488 3497 3498
f 3489 3490 3499
f 3490 3500 3501
f 3490 3501 3499
f 3491 3502 3492
f 3492 3502 3500
f 3493 3503 3494
f 3494 3503 3504
f 3497 3505 3498
f 3498 3505 3506
f 3500 3502 3507
f 3500 3507 3501
f 3503 3508 3504
f 3504 3508 3509
f 3504 3509 3510
f 3504 3510 3511
f 3505 3512 3513
f 3505 3513 3506
f 3510 3513 3511
f 3511 3513 3512
f 3514 3515 3516
f 3514 3516 3517
f 3514 3517 3518
f 3514 3518 3519
f 3514 3519 3520
f 3514 3520 3528
f 3514 3528 3545
f 3514 3545 3574
f 3514 3574 3572
f 3514 3572 3571
f 3514 3571 3570
f 3514 3570 3598
f 3514 3598 3619
f 3514 3619 3644
f 3514 3644 3649
f 3514 3649 3689
f 3514 3689 3688
f 3514 3688 3731
f 3514 3731 3730
f 3514 3730 3770
f 3514 3770 3817
f 3514 3817 3860
f 3514 3860 3904
f 3514 3904 3903
f 3514 3903 3956
f 3514 3956 3955
f 3514 3955 3954
f 3514 3954 3957
f 3514 3957 3999
f 3514 3999 4044
f 3514 4044 4077
f 3514 4077 4082
f 3514 4082 4081
f 3514 4081 4080
f 3514 4080 4105
f 3514 4105 4104
f 3514 4104 4124
f 3514 4124 4127
f 3514 4127 4126
f 3514 4126 4125
f 3514 4125 4107
f 3514 4107 4088
f 3514 4088 4053
f 3514 4053 4001
f 3514 4001 3959
f 3514 3959 3908
f 3514 3908 3866
f 3514 3866 3865
f 3514 3865 3825
f 3514 3825 3861
f 3514 3861 3821
f 3514 3821 3820
f 3514 3820 3819
f 3514 3819 3772
f 3514 3772 3733
f 3514 3733 3693
f 3514 3693 3655
f 3514 3655 3627
f 3514 3627 3626
f 3514 3626 3603
f 3514 3603 3599
f 3514 3599 3577
f 3514 3577 3550
f 3514 3550 3549
f 3514 3549 3548
f 3514 3548 3546
f 3514 3546 3531
f 3514 3531 3530
f 3514 3530 3529
f 3514 3529 3521
f 3514 3521 3515
f 3515 3521 3522
f 3515 3522 3523
f 3515 3523 3516
f 3516 3523 3524
f 3516 3524 3517
f 3517 3524 3518
f 3518 3524 3525
f 3518 3525 3519
f 3519 3525 3520
f 3520 3525 3526
f 3520 3526 3527
f 3520 3527 3528
f 3521 3529 3522
f 3522 3529 3530
f 3522 3530 3531
f 3522 3531 3532
f 3522 3532 3533
f 3522 3533 3534
f 3522 3534 3535
f 3522 3535 3523
f 3523 3535 3536
f 3523 3536 3524
f 3524 3536 3537
f 3524 3537 3538
f 3524 3538 3539
f 3524 3539 3540
f 3524 3540 3541
f 3524 3541 3526
f 3524 3526 3525
f 3526 3541 3527
f 3527 3541 3539
f 3527 3539 3542
f 3527 3542 3543
f 3527 3543 3544
f 3527 3544 3528
f 3528 3544 3545
f 3531 3546 3532
f 3532 3546 3533
f 3533 3547 3534
f 3533 3546 3548
f 3533 3548 3549
f 3533 3549 3550
f 3533 3550 3551
f 3533 3551 3547
f 3534 3547 3552
f 3534 3552 3553
f 3534 3553 3554
f 3534 3554 3555
f 3534 3555 3535
f 3535 3555 3556
f 3535 3556 3536
f 3536 3556 3557
f 3536 3557 3537
f 3537 3557 3558
f 3537 3558 3538
f 3538 3558 3559
f 3538 3559 3560
f 3538 3560 3561
f 3538 3561 3562
f 3538 3562 3539
f 3539 3563 3543
f 3539 3543 3542
f 3539 3541 3540
f 3539 3562 3564
f 3539 3564 3563
f 3543 3563 3544
f 3544 3563 3565
f 3544 3565 3566
f 3544 3566 3567
f 3544 3567 3568
f 3544 3568 3569
f 3544 3569 3570
f 3544 3570 3571
f 3544 3571 3572
f 3544 3572 3573
f 3544 3573 3545
f 3545 3573 3574
f 3547 3575 3576
f 3547 3576 3552
f 3547 3551 3575
f 3550 3577 3551
f 3551 3577 3575
f 3552 3576 3553
f 3553 3576 3578
f 3553 3578 3579
f 3553 3579 3580
f 3553 3580 3581
f 3553 3581 3582
f 3553 3582 3554
f 3554 3582 3583
f 3554 3583 3555
f 3555 3583 3556
f 3556 3583 3584
f 3556 3584 3585
f 3556 3585 3586
f 3556 3586 3557
f 3557 3586 3587
f 3557 3587 3588
f 3557 3588 3560
f 3557 3560 3559
f 3557 3559 3558
f 3560 3588 3587
f 3560 3587 3589
f 3560 3589 3561
f 3561 3589 3562
f 3562 3589 3590
f 3562 3590 3591
f 3562 3591 3564
f 3563 3564 3565
f 3564 3591 3592
f 3564 3592 3565
f 3565 3592 3593
f 3565 3593 3566
f 3566 3594 3595
f 3566 3595 3568
f 3566 3568 3567
f 3566 3593 3596
f 3566 3596 3597
f 3566 3597 3594
f 3568 3595 3569
f 3569 3595 3570
f 3570 3595 3598
f 3572 3574 3573
f 3575 3577 3599
f 3575 3599 3576
f 3576 3600 3601
f 3576 3601 3602
f 3576 3602 3578
f 3576 3599 3603
f 3576 3603 3600
f 3578 3602 3579
f 3579 3602 3604
f 3579 3604 3580
f 3580 3605 3606
f 3580 3606 3607
f 3580 3607 3581
f 3580 3604 3608
f 3580 3608 3605
f 3581 3607 3609
f 3581 3609 3582
f 3582 3609 3583
f 3583 3609 3584
f 3584 3609 3610
f 3584 3610 3585
f 3585 3611 3612
f 3585 3612 3586
f 3585 3610 3611
f 3586 3612 3613
f 3586 3613 3587
f 3587 3613 3612
f 3587 3612 3614
f 3587 3614 3615
f 3587 3615 3589
f 3589 3615 3590
f 3590 3615 3616
f 3590 3616 3617
f 3590 3617 3591
f 3591 3617 3592
f 3592 3617 3618
f 3592 3618 3593
f 3593 3618 3596
f 3594 3597 3595
f 3595 3619 3598
f 3595 3597 3620
f 3595 3620 3621
f 3595 3621 3619
f 3596 3618 3622
f 3596 3622 3597
f 3597 3622 3623
f 3597 3623 3624
f 3597 3624 3620
f 3600 3625 3601
f 3600 3603 3626
f 3600 3626 3627
f 3600 3627 3625
f 3601 3625 3602
f 3602 3625 3628
f 3602 3628 3629
f 3602 3629 3604
f 3604 3629 3608
f 3605 3608 3630
f 3605 3630 3606
f 3606 3630 3631
f 3606 3631 3632
f 3606 3632 3633
f 3606 3633 3607
f 3607 3633 3609
f 3608 3629 3634
f 3608 3634 3630
f 3609 3633 3610
f 3610 3633 3635
f 3610 3635 3636
f 3610 3636 3611
f 3611 3637 3638
f 3611 3638 3614
f 3611 3614 3612
f 3611 3636 3637
f 3614 3639 3615
f 3614 3638 3639
f 3615 3640 3641
f 3615 3641 3616
f 3615 3639 3640
f 3616 3641 3642
f 3616 3642 3643
f 3616 3643 3617
f 3617 3643 3622
f 3617 3622 3618
f 3619 3621 3644
f 3620 3624 3621
f 3621 3624 3645
f 3621 3645 3646
f 3621 3646 3647
f 3621 3647 3648
f 3621 3648 3649
f 3621 3649 3644
f 3622 3643 3623
f 3623 3650 3651
f 3623 3651 3652
f 3623 3652 3624
f 3623 3643 3650
f 3624 3652 3645
f 3625 3653 3654
f 3625 3654 3628
f 3625 3627 3653
f 3627 3655 3653
f 3628 3654 3629
f 3629 3654 3656
f 3629 3656 3657
f 3629 3657 3658
f 3629 3658 3659
f 3629 3659 3630
f 3629 3630 3634
f 3630 3660 3661
f 3630 3661 3631
f 3630 3659 3658
f 3630 3658 3662
f 3630 3662 3663
f 3630 3663 3664
f 3630 3664 3660
f 3631 3661 3665
f 3631 3665 3666
f 3631 3666 3632
f 3632 3666 3667
f 3632 3667 3635
f 3632 3635 3633
f 3635 3667 3636
f 3636 3668 3637
f 3636 3667 3668
f 3637 3669 3670
f 3637 3670 3671
f 3637 3671 3639
f 3637 3639 3638
f 3637 3668 3672
f 3637 3672 3669
f 3639 3671 3673
f 3639 3673 3674
f 3639 3674 3640
f 3640 3674 3675
f 3640 3675 3641
f 3641 3675 3676
f 3641 3676 3677
f 3641 3677 3678
f 3641 3678 3642
f 3642 3678 3650
f 3642 3650 3643
f 3645 3652 3679
f 3645 3679 3646
f 3646 3680 3647
f 3646 3679 3681
f 3646 3681 3682
f 3646 3682 3683
f 3646 3683 3680
f 3647 3680 3648
f 3648 3680 3684
f 3648 3684 3685
f 3648 3685 3686
f 3648 3686 3687
f 3648 3687 3688
f 3648 3688 3689
f 3648 3689 3649
f 3650 3678 3651
f 3651 3678 3677
f 3651 3677 3690
f 3651 3690 3652
f 3652 3690 3679
f 3653 3656 3654
f 3653 3655 3691
f 3653 3691 3692
f 3653 3692 3656
f 3655 3693 3694
f 3655 3694 3691
f 3656 3692 3695
f 3656 3695 3696
f 3656 3696 3697
f 3656 3697 3658
f 3656 3658 3657
f 3658 3697 3696
f 3658 3696 3662
f 3660 3664 3698
f 3660 3698 3699
f 3660 3699 3661
f 3661 3699 3665
f 3662 3696 3700
f 3662 3700 3701
f 3662 3701 3663
f 3663 3701 3664
f 3664 3701 3702
f 3664 3702 3703
f 3664 3703 3698
f 3665 3704 3705
f 3665 3705 3666
f 3665 3699 3704
f 3666 3705 3706
f 3666 3706 3667
f 3667 3706 3707
f 3667 3707 3668
f 3668 3707 3672
f 3669 3672 3708
f 3669 3708 3670
f 3670 3708 3709
f 3670 3709 3710
f 3670 3710 3711
f 3670 3711 3673
f 3670 3673 3671
f 3672 3712 3708
f 3672 3707 3713
f 3672 3713 3712
f 3673 3711 3714
f 3673 3714 3674
f 3674 3714 3675
f 3675 3715 3676
f 3675 3714 3715
f 3676 3716 3717
f 3676 3717 3718
f 3676 3718 3719
f 3676 3719 3677
f 3676 3715 3716
f 3677 3719 3720
f 3677 3720 3690
f 3679 3690 3681
f 3680 3683 3684
f 3681 3690 3721
f 3681 3721 3682
f 3682 3721 3722
f 3682 3722 3723
f 3682 3723 3724
f 3682 3724 3683
f 3683 3724 3725
f 3683 3725 3684
f 3684 3726 3685
f 3684 3725 3726
f 3685 3726 3727
f 3685 3727 3728
f 3685 3728 3687
f 3685 3687 3686
f 3687 3728 3729
f 3687 3729 3730
f 3687 3730 3731
f 3687 3731 3688
f 3690 3720 3721
f 3691 3694 3732
f 3691 3732 3692
f 3692 3732 3695
f 3693 3733 3732
f 3693 3732 3694
f 3695 3732 3696
f 3696 3732 3734
f 3696 3734 3735
f 3696 3735 3736
f 3696 3736 3700
f 3698 3703 3737
f 3698 3737 3704
f 3698 3704 3699
f 3700 3736 3738
f 3700 3738 3701
f 3701 3738 3739
f 3701 3739 3740
f 3701 3740 3741
f 3701 3741 3702
f 3702 3741 3742
f 3702 3742 3703
f 3703 3742 3743
f 3703 3743 3744
f 3703 3744 3737
f 3704 3737 3745
f 3704 3745 3746
f 3704 3746 3705
f 3705 3746 3747
f 3705 3747 3707
f 3705 3707 3706
f 3707 3747 3713
f 3708 3712 3709
f 3709 3748 3710
f 3709 3712 3748
f 3710 3748 3749
f 3710 3749 3711
f 3711 3749 3750
f 3711 3750 3751
f 3711 3751 3714
f 3712 3752 3748
f 3712 3713 3753
f 3712 3753 3752
f 3713 3747 3754
f 3713 3754 3753
f 3714 3751 3750
f 3714 3750 3715
f 3715 3750 3755
f 3715 3755 3756
f 3715 3756 3716
f 3716 3756 3717
f 3717 3756 3718
f 3718 3757 3758
f 3718 3758 3759
f 3718 3759 3720
f 3718 3720 3719
f 3718 3756 3760
f 3718 3760 3757
f 3720 3759 3723
f 3720 3723 3722
f 3720 3722 3721
f 3723 3761 3762
f 3723 3762 3763
f 3723 3763 3724
f 3723 3759 3758
f 3723 3758 3761
f 3724 3763 3764
f 3724 3764 3765
f 3724 3765 3725
f 3725 3765 3726
f 3726 3765 3766
f 3726 3766 3727
f 3727 3766 3767
f 3727 3767 3768
f 3727 3768 3728
f 3728 3768 3729
f 3729 3768 3769
f 3729 3769 3770
f 3729 3770 3730
f 3732 3733 3771
f 3732 3771 3734
f 3733 3772 3771
f 3734 3771 3773
f 3734 3773 3735
f 3735 3773 3736
f 3736 3773 3774
f 3736 3774 3738
f 3737 3744 3775
f 3737 3775 3746
f 3737 3746 3745
f 3738 3776 3739
f 3738 3774 3777
f 3738 3777 3778
f 3738 3778 3776
f 3739 3776 3779
f 3739 3779 3740
f 3740 3780 3741
f 3740 3779 3780
f 3741 3780 3781
f 3741 3781 3782
f 3741 3782 3783
f 3741 3783 3784
f 3741 3784 3742
f 3742 3784 3743
f 3743 3784 3785
f 3743 3785 3786
f 3743 3786 3787
f 3743 3787 3788
f 3743 3788 3789
f 3743 3789 3744
f 3744 3789 3775
f 3746 3790 3791
f 3746 3791 3753
f 3746 3753 3754
f 3746 3754 3747
f 3746 3775 3789
f 3746 3789 3790
f 3748 3752 3792
f 3748 3792 3793
f 3748 3793 3794
f 3748 3794 3795
f 3748 3795 3796
f 3748 3796 3797
f 3748 3797 3798
f 3748 3798 3799
f 3748 3799 3800
f 3748 3800 3749
f 3749 3800 3801
f 3749 3801 3750
f 3750 3801 3755
f 3752 3753 3792
f 3753 3791 3792
f 3755 3801 3756
f 3756 3801 3800
f 3756 3800 3802
f 3756 3802 3803
f 3756 3803 3760
f 3757 3760 3803
f 3757 3803 3804
f 3757 3804 3805
f 3757 3805 3806
f 3757 3806 3758
f 3758 3806 3761
f 3761 3807 3762
f 3761 3806 3807
f 3762 3807 3808
f 3762 3808 3809
f 3762 3809 3763
f 3763 3809 3810
f 3763 3810 3764
f 3764 3810 3811
f 3764 3811 3765
f 3765 3811 3812
f 3765 3812 3766
f 3766 3812 3767
f 3767 3813 3814
f 3767 3814 3768
f 3767 3812 3815
f 3767 3815 3813
f 3768 3814 3816
f 3768 3816 3769
f 3769 3816 3817
f 3769 3817 3770
f 3771 3818 3773
f 3771 3772 3819
f 3771 3819 3820
f 3771 3820 3821
f 3771 3821 3818
f 3773 3818 3777
f 3773 3777 3774
f 3776 3822 3779
f 3776 3778 3822
f 3777 3823 3824
f 3777 3824 3778
f 3777 3818 3825
f 3777 3825 3823
f 3778 3824 3826
f 3778 3826 3827
f 3778 3827 3822
f 3779 3822 3828
f 3779 3828 3780
f 3780 3829 3830
f 3780 3830 3781
f 3780 3828 3829
f 3781 3830 3782
f 3782 3830 3831
f 3782 3831 3783
f 3783 3831 3784
f 3784 3831 3786
f 3784 3786 3785
f 3786 3831 3832
f 3786 3832 3787
f 3787 3832 3788
f 3788 3832 3833
f 3788 3833 3834
f 3788 3834 3789
f 3789 3834 3792
f 3789 3792 3790
f 3790 3792 3791
f 3792 3834 3793
f 3793 3834 3833
f 3793 3833 3835
f 3793 3835 3795
f 3793 3795 3794
f 3795 3836 3837
f 3795 3837 3838
f 3795 3838 3796
f 3795 3835 3836
f 3796 3838 3839
f 3796 3839 3797
f 3797 3840 3841
f 3797 3841 3842
f 3797 3842 3798
f 3797 3839 3843
f 3797 3843 3840
f 3798 3842 3799
f 3799 3842 3844
f 3799 3844 3803
f 3799 3803 3802
f 3799 3802 3800
f 3803 3845 3804
f 3803 3844 3845
f 3804 3846 3847
f 3804 3847 3805
f 3804 3845 3846
f 3805 3847 3806
f 3806 3848 3807
f 3806 3847 3848
f 3807 3849 3850
f 3807 3850 3808
f 3807 3848 3851
f 3807 3851 3852
f 3807 3852 3853
f 3807 3853 3849
f 3808 3850 3854
f 3808 3854 3809
f 3809 3854 3810
f 3810 3854 3855
f 3810 3855 3811
f 3811 3855 3815
f 3811 3815 3812
f 3813 3815 3856
f 3813 3856 3857
f 3813 3857 3858
f 3813 3858 3859
f 3813 3859 3814
f 3814 3859 3816
f 3815 3855 3856
f 3816 3859 3860
f 3816 3860 3817
f 3818 3821 3861
f 3818 3861 3825
f 3822 3862 3828
f 3822 3827 3862
f 3823 3863 3864
f 3823 3864 3826
f 3823 3826 3824
f 3823 3825 3865
f 3823 3865 3866
f 3823 3866 3863
f 3826 3864 3867
f 3826 3867 3827
f 3827 3867 3868
f 3827 3868 3862
f 3828 3862 3869
f 3828 3869 3870
f 3828 3870 3829
f 3829 3870 3871
f 3829 3871 3830
f 3830 3871 3872
f 3830 3872 3873
f 3830 3873 3831
f 3831 3873 3919
f 3831 3919 3874
f 3831 3874 3832
f 3832 3874 3875
f 3832 3875 3876
f 3832 3876 3877
f 3832 3877 3833
f 3833 3877 3878
f 3833 3878 3835
f 3835 3878 3879
f 3835 3879 3836
f 3836 3879 3880
f 3836 3880 3881
f 3836 3881 3837
f 3837 3881 3882
f 3837 3882 3839
f 3837 3839 3838
f 3839 3882 3843
f 3840 3883 3884
f 3840 3884 3885
f 3840 3885 3841
f 3840 3843 3882
f 3840 3882 3886
f 3840 3886 3883
f 3841 3885 3842
f 3842 3885 3844
f 3844 3887 3845
f 3844 3885 3887
f 3845 3887 3888
f 3845 3888 3846
f 3846 3888 3889
f 3846 3889 3890
f 3846 3890 3891
f 3846 3891 3847
f 3847 3891 3848
f 3848 3891 3851
f 3849 3853 3892
f 3849 3892 3850
f 3850 3892 3854
f 3851 3891 3893
f 3851 3893 3894
f 3851 3894 3852
f 3852 3894 3853
f 3853 3895 3896
f 3853 3896 3892
f 3853 3894 3897
f 3853 3897 3895
f 3854 3892 3898
f 3854 3898 3899
f 3854 3899 3855
f 3855 3900 3856
f 3855 3899 3900
f 3856 3901 3857
f 3856 3900 3901
f 3857 3901 3902
f 3857 3902 3858
f 3858 3902 3859
f 3859 3902 3903
f 3859 3903 3904
f 3859 3904 3860
f 3862 3905 3906
f 3862 3906 3869
f 3862 3868 3905
f 3863 3907 3864
f 3863 3866 3907
f 3864 3907 3867
f 3866 3908 3868
f 3866 3868 3907
f 3867 3907 3868
f 3868 3908 3909
f 3868 3909 3910
f 3868 3910 3911
f 3868 3911 3905
f 3869 3906 3870
f 3870 3912 3913
f 3870 3913 3914
f 3870 3914 3871
f 3870 3906 3915
f 3870 3915 3912
f 3871 3914 3916
f 3871 3916 3872
f 3872 3916 3917
f 3872 3917 3873
f 3873 3917 3918
f 3873 3918 3919
f 3874 3919 3920
f 3874 3920 3875
f 3875 3920 3876
f 3876 3920 3879
f 3876 3879 3877
f 3877 3879 3878
f 3879 3920 3921
f 3879 3921 3880
f 3880 3922 3923
f 3880 3923 3881
f 3880 3921 3924
f 3880 3924 3922
f 3881 3923 3925
f 3881 3925 3882
f 3882 3925 3886
f 3883 3926 3927
f 3883 3927 3928
f 3883 3928 3884
f 3883 3886 3926
f 3884 3928 3885
f 3885 3928 3887
f 3886 3925 3929
f 3886 3929 3926
f 3887 3930 3888
f 3887 3928 3930
f 3888 3930 3889
f 3889 3930 3931
f 3889 3931 3932
f 3889 3932 3933
f 3889 3933 3934
f 3889 3934 3890
f 3890 3893 3891
f 3890 3934 3893
f 3892 3896 3935
f 3892 3935 3898
f 3893 3934 3936
f 3893 3936 3894
f 3894 3936 3934
f 3894 3934 3937
f 3894 3937 3897
f 3895 3938 3939
f 3895 3939 3940
f 3895 3940 3941
f 3895 3941 3896
f 3895 3897 3942
f 3895 3942 3943
f 3895 3943 3938
f 3896 3944 3945
f 3896 3945 3935
f 3896 3941 3946
f 3896 3946 3944
f 3897 3947 3948
f 3897 3948 3942
f 3897 3937 3947
f 3898 3935 3949
f 3898 3949 3950
f 3898 3950 3900
f 3898 3900 3899
f 3900 3950 3901
f 3901 3950 3951
f 3901 3951 3952
f 3901 3952 3953
f 3901 3953 3902
f 3902 3954 3955
f 3902 3955 3956
f 3902 3956 3903
f 3902 3953 3952
f 3902 3952 3957
f 3902 3957 3954
f 3905 3958 3915
f 3905 3915 3906
f 3905 3911 3958
f 3908 3959 3909
f 3909 3960 3910
f 3909 3959 3960
f 3910 3960 3961
f 3910 3961 3962
f 3910 3962 3963
f 3910 3963 3911
f 3911 3963 3958
f 3912 3915 3913
f 3913 3964 3965
f 3913 3965 3966
f 3913 3966 3967
f 3913 3967 3914
f 3913 3915 3968
f 3913 3968 3964
f 3914 3967 3969
f 3914 3969 3916
f 3915 3958 3963
f 3915 3963 3962
f 3915 3962 3970
f 3915 3970 3971
f 3915 3971 3968
f 3916 3969 3972
f 3916 3972 3917
f 3917 3972 3973
f 3917 3973 3918
f 3918 3973 3920
f 3918 3920 3919
f 3920 3973 3974
f 3920 3974 3921
f 3921 3974 3973
f 3921 3973 3924
f 3922 3975 3923
f 3922 3924 3973
f 3922 3973 3975
f 3923 3975 3976
f 3923 3976 3977
f 3923 3977 3978
f 3923 3978 3925
f 3925 3978 3929
f 3926 3929 3978
f 3926 3978 3948
f 3926 3948 3979
f 3926 3979 3932
f 3926 3932 3931
f 3926 3931 3927
f 3927 3931 3928
f 3928 3931 3930
f 3932 3979 3947
f 3932 3947 3934
f 3932 3934 3933
f 3934 3947 3937
f 3935 3945 3949
f 3938 3943 3980
f 3938 3980 3939
f 3939 3981 3941
f 3939 3941 3940
f 3939 3980 3982
f 3939 3982 3983
f 3939 3983 3984
f 3939 3984 3985
f 3939 3985 3986
f 3939 3986 3987
f 3939 3987 3988
f 3939 3988 3981
f 3941 3989 3946
f 3941 3981 3989
f 3942 3948 3982
f 3942 3982 3980
f 3942 3980 3943
f 3944 3990 3991
f 3944 3991 3945
f 3944 3946 3992
f 3944 3992 3993
f 3944 3993 3994
f 3944 3994 3990
f 3945 3991 3949
f 3946 3989 3995
f 3946 3995 3992
f 3947 3979 3948
f 3948 3978 3982
f 3949 3991 3996
f 3949 3996 3950
f 3950 3996 3951
f 3951 3996 3997
f 3951 3997 3952
f 3952 3997 3998
f 3952 3998 3957
f 3957 3998 4000
f 3957 4000 3999
f 3959 4001 4002
f 3959 4002 4003
f 3959 4003 3960
f 3960 4003 4004
f 3960 4004 3961
f 3961 4004 3962
f 3962 4004 3970
f 3964 4005 3965
f 3964 3968 4006
f 3964 4006 4005
f 3965 4007 4008
f 3965 4008 4009
f 3965 4009 3966
f 3965 4005 4010
f 3965 4010 4007
f 3966 4009 4011
f 3966 4011 3967
f 3967 4011 3969
f 3968 3971 4012
f 3968 4012 4006
f 3969 4013 3972
f 3969 4011 4014
f 3969 4014 4013
f 3970 4004 3971
f 3971 4004 4012
f 3972 4013 4014
f 3972 4014 3973
f 3973 4014 4015
f 3973 4015 4016
f 3973 4016 4017
f 3973 4017 3975
f 3975 4018 4019
f 3975 4019 4020
f 3975 4020 3976
f 3975 4017 4018
f 3976 4020 4021
f 3976 4021 3983
f 3976 3983 3982
f 3976 3982 3978
f 3976 3978 3977
f 3981 4022 3995
f 3981 3995 3989
f 3981 3988 4023
f 3981 4023 4022
f 3983 4021 4024
f 3983 4024 3984
f 3984 4024 4025
f 3984 4025 3985
f 3985 4025 4026
f 3985 4026 4027
f 3985 4027 3986
f 3986 4028 3987
f 3986 4027 4029
f 3986 4029 4028
f 3987 4028 3988
f 3988 4030 4031
f 3988 4031 4023
f 3988 4028 4032
f 3988 4032 4033
f 3988 4033 4030
f 3990 3996 3991
f 3990 3994 4034
f 3990 4034 3996
f 3992 4035 4036
f 3992 4036 4037
f 3992 4037 3993
f 3992 3995 4038
f 3992 4038 4035
f 3993 4037 4039
f 3993 4039 3994
f 3994 4039 4034
f 3995 4022 4038
f 3996 4034 4040
f 3996 4040 3997
f 3997 4040 3998
f 3998 4040 4034
f 3998 4034 4041
f 3998 4041 4042
f 3998 4042 4043
f 3998 4043 4000
f 3999 4000 4045
f 3999 4045 4044
f 4000 4043 4042
f 4000 4042 4046
f 4000 4046 4047
f 4000 4047 4045
f 4001 4048 4049
f 4001 4049 4050
f 4001 4050 4051
f 4001 4051 4052
f 4001 4052 4002
f 4001 4053 4048
f 4002 4054 4012
f 4002 4012 4004
f 4002 4004 4003
f 4002 4052 4054
f 4005 4006 4055
f 4005 4055 4010
f 4006 4012 4055
f 4007 4010 4055
f 4007 4055 4056
f 4007 4056 4008
f 4008 4056 4057
f 4008 4057 4058
f 4008 4058 4059
f 4008 4059 4060
f 4008 4060 4009
f 4009 4060 4011
f 4011 4060 4014
f 4012 4061 4055
f 4012 4054 4061
f 4014 4060 4062
f 4014 4062 4063
f 4014 4063 4064
f 4014 4064 4016
f 4014 4016 4015
f 4016 4064 4027
f 4016 4027 4065
f 4016 4065 4017
f 4017 4065 4018
f 4018 4026 4025
f 4018 4025 4024
f 4018 4024 4021
f 4018 4021 4019
f 4018 4065 4066
f 4018 4066 4027
f 4018 4027 4026
f 4019 4021 4020
f 4022 4067 4038
f 4022 4023 4031
f 4022 4031 4068
f 4022 4068 4069
f 4022 4069 4067
f 4027 4066 4065
f 4027 4064 4029
f 4028 4029 4032
f 4029 4064 4032
f 4030 4033 4070
f 4030 4070 4031
f 4031 4070 4068
f 4032 4064 4063
f 4032 4063 4060
f 4032 4060 4071
f 4032 4071 4072
f 4032 4072 4073
f 4032 4073 4033
f 4033 4073 4070
f 4034 4039 4041
f 4035 4038 4036
f 4036 4038 4074
f 4036 4074 4042
f 4036 4042 4039
f 4036 4039 4037
f 4038 4067 4075
f 4038 4075 4076
f 4038 4076 4074
f 4039 4042 4041
f 4042 4074 4046
f 4044 4045 4077
f 4045 4078 4079
f 4045 4079 4080
f 4045 4080 4081
f 4045 4081 4082
f 4045 4082 4077
f 4045 4047 4076
f 4045 4076 4078
f 4046 4074 4047
f 4047 4074 4076
f 4048 4053 4083
f 4048 4083 4084
f 4048 4084 4085
f 4048 4085 4086
f 4048 4086 4087
f 4048 4087 4050
f 4048 4050 4049
f 4050 4087 4061
f 4050 4061 4054
f 4050 4054 4052
f 4050 4052 4051
f 4053 4088 4089
f 4053 4089 4084
f 4053 4084 4083
f 4055 4090 4056
f 4055 4061 4090
f 4056 4090 4091
f 4056 4091 4092
f 4056 4092 4057
f 4057 4092 4058
f 4058 4092 4059
f 4059 4093 4094
f 4059 4094 4060
f 4059 4092 4095
f 4059 4095 4093
f 4060 4094 4071
f 4060 4063 4062
f 4061 4087 4090
f 4067 4069 4096
f 4067 4096 4075
f 4068 4097 4098
f 4068 4098 4096
f 4068 4096 4069
f 4068 4070 4099
f 4068 4099 4097
f 4070 4073 4072
f 4070 4072 4100
f 4070 4100 4101
f 4070 4101 4099
f 4071 4094 4072
f 4072 4094 4093
f 4072 4093 4114
f 4072 4114 4100
f 4075 4096 4078
f 4075 4078 4076
f 4078 4096 4079
f 4079 4096 4102
f 4079 4102 4103
f 4079 4103 4104
f 4079 4104 4105
f 4079 4105 4080
f 4084 4106 4085
f 4084 4089 4106
f 4085 4092 4091
f 4085 4091 4086
f 4085 4106 4095
f 4085 4095 4092
f 4086 4091 4087
f 4087 4091 4090
f 4088 4107 4108
f 4088 4108 4089
f 4089 4108 4109
f 4089 4109 4110
f 4089 4110 4111
f 4089 4111 4112
f 4089 4112 4106
f 4093 4095 4113
f 4093 4113 4114
f 4095 4106 4111
f 4095 4111 4113
f 4096 4098 4102
f 4097 4099 4115
f 4097 4115 4116
f 4097 4116 4098
f 4098 4116 4117
f 4098 4117 4103
f 4098 4103 4102
f 4099 4101 4118
f 4099 4118 4119
f 4099 4119 4115
f 4100 4114 4120
f 4100 4120 4101
f 4101 4120 4121
f 4101 4121 4118
f 4103 4117 4122
f 4103 4122 4123
f 4103 4123 4104
f 4104 4123 4119
f 4104 4119 4124
f 4106 4112 4111
f 4107 4125 4109
f 4107 4109 4108
f 4109 4111 4110
f 4109 4125 4126
f 4109 4126 4127
f 4109 4127 4128
f 4109 4128 4111
f 4111 4121 4120
f 4111 4120 4113
f 4111 4128 4121
f 4113 4120 4114
f 4115 4122 4116
f 4115 4119 4122
f 4116 4122 4117
f 4118 4121 4128
f 4118 4128 4119
f 4119 4128 4124
f 4119 4123 4122
f 4124 4128 4127
f 4129 4130 4131
f 4129 4131 4132
f 4129 4132 4133
f 4129 4133 4134
f 4129 4134 4135
f 4129 4135 4130
f 4130 4136 4131
f 4130 4135 4137
f 4130 4137 4136
f 4131 4138 4139
f 4131 4139 4132
f 4131 4136 4138
f 4132 4139 4140
f 4132 4140 4141
f 4132 4141 4142
f 4132 4142 4133
f 4133 4143 4144
f 4133 4144 4145
f 4133 4145 4146
f 4133 4146 4134
f 4133 4142 4147
f 4133 4147 4143
f 4134 4146 4148
f 4134 4148 4149
f 4134 4149 4150
f 4134 4150 4135
f 4135 4150 4137
f 4136 4137 4151
f 4136 4151 4152
f 4136 4152 4153
f 4136 4153 4154
f 4136 4154 4155
f 4136 4155 4138
f 4137 4150 4156
f 4137 4156 4157
f 4137 4157 4158
f 4137 4158 4151
f 4138 4155 4159
f 4138 4159 4160
f 4138 4160 4139
f 4139 4160 4161
f 4139 4161 4162
f 4139 4162 4140
f 4140 4162 4141
f 4141 4163 4164
f 4141 4164 4147
f 4141 4147 4142
f 4141 4162 4165
f 4141 4165 4166
f 4141 4166 4163
f 4143 4167 4168
f 4143 4168 4169
f 4143 4169 4144
f 4143 4147 4167
f 4144 4169 4145
f 4145 4170 4171
f 4145 4171 4172
f 4145 4172 4148
f 4145 4148 4146
f 4145 4169 4168
f 4145 4168 4170
f 4147 4164 4167
f 4148 4173 4149
f 4148 4172 4171
f 4148 4171 4174
f 4148 4174 4175
f 4148 4175 4176
f 4148 4176 4173
f 4149 4173 4177
f 4149 4177 4150
f 4150 4177 4178
f 4150 4178 4179
f 4150 4179 4156
f 4151 4158 4180
f 4151 4180 4152
f 4152 4180 4158
f 4152 4158 4157
f 4152 4157 4187
f 4152 4187 4186
f 4152 4186 4206
f 4152 4206 4207
f 4152 4207 4248
f 4152 4248 4285
f 4152 4285 4307
f 4152 4307 4332
f 4152 4332 4352
f 4152 4352 4373
f 4152 4373 4356
f 4152 4356 4336
f 4152 4336 4335
f 4152 4335 4310
f 4152 4310 4308
f 4152 4308 4286
f 4152 4286 4249
f 4152 4249 4215
f 4152 4215 4213
f 4152 4213 4212
f 4152 4212 4210
f 4152 4210 4209
f 4152 4209 4208
f 4152 4208 4184
f 4152 4184 4183
f 4152 4183 4182
f 4152 4182 4181
f 4152 4181 4153
f 4153 4181 4154
f 4154 4181 4155
f 4155 4181 4182
f 4155 4182 4183
f 4155 4183 4184
f 4155 4184 4185
f 4155 4185 4159
f 4156 4179 4186
f 4156 4186 4187
f 4156 4187 4157
f 4159 4185 4188
f 4159 4188 4160
f 4160 4188 4161
f 4161 4188 4189
f 4161 4189 4190
f 4161 4190 4162
f 4162 4190 4165
f 4163 4191 4192
f 4163 4192 4164
f 4163 4166 4193
f 4163 4193 4194
f 4163 4194 4191
f 4164 4192 4167
f 4165 4190 4195
f 4165 4195 4166
f 4166 4195 4196
f 4166 4196 4194
f 4166 4194 4193
f 4167 4192 4168
f 4168 4192 4197
f 4168 4197 4198
f 4168 4198 4170
f 4170 4198 4199
f 4170 4199 4200
f 4170 4200 4201
f 4170 4201 4171
f 4171 4201 4202
f 4171 4202 4175
f 4171 4175 4174
f 4173 4176 4203
f 4173 4203 4177
f 4175 4202 4247
f 4175 4247 4246
f 4175 4246 4245
f 4175 4245 4244
f 4175 4244 4242
f 4175 4242 4241
f 4175 4241 4284
f 4175 4284 4305
f 4175 4305 4282
f 4175 4282 4281
f 4175 4281 4304
f 4175 4304 4330
f 4175 4330 4349
f 4175 4349 4348
f 4175 4348 4370
f 4175 4370 4389
f 4175 4389 4401
f 4175 4401 4400
f 4175 4400 4399
f 4175 4399 4398
f 4175 4398 4393
f 4175 4393 4378
f 4175 4378 4355
f 4175 4355 4334
f 4175 4334 4333
f 4175 4333 4331
f 4175 4331 4306
f 4175 4306 4285
f 4175 4285 4248
f 4175 4248 4205
f 4175 4205 4204
f 4175 4204 4203
f 4175 4203 4176
f 4177 4203 4204
f 4177 4204 4178
f 4178 4204 4205
f 4178 4205 4179
f 4179 4206 4186
f 4179 4205 4207
f 4179 4207 4206
f 4184 4208 4185
f 4185 4208 4209
f 4185 4209 4210
f 4185 4210 4211
f 4185 4211 4188
f 4188 4211 4189
f 4189 4211 4212
f 4189 4212 4213
f 4189 4213 4214
f 4189 4214 4215
f 4189 4215 4216
f 4189 4216 4190
f 4190 4216 4217
f 4190 4217 4218
f 4190 4218 4219
f 4190 4219 4195
f 4191 4194 4220
f 4191 4220 4221
f 4191 4221 4222
f 4191 4222 4192
f 4192 4223 4224
f 4192 4224 4197
f 4192 4222 4225
f 4192 4225 4223
f 4194 4196 4226
f 4194 4226 4220
f 4195 4219 4227
f 4195 4227 4228
f 4195 4228 4196
f 4196 4228 4229
f 4196 4229 4230
f 4196 4230 4231
f 4196 4231 4232
f 4196 4232 4233
f 4196 4233 4234
f 4196 4234 4235
f 4196 4235 4226
f 4197 4224 4236
f 4197 4236 4237
f 4197 4237 4238
f 4197 4238 4198
f 4198 4238 4199
f 4199 4239 4240
f 4199 4240 4241
f 4199 4241 4242
f 4199 4242 4243
f 4199 4243 4244
f 4199 4244 4245
f 4199 4245 4200
f 4199 4238 4239
f 4200 4245 4246
f 4200 4246 4247
f 4200 4247 4201
f 4201 4247 4202
f 4205 4248 4207
f 4210 4212 4211
f 4213 4215 4214
f 4215 4249 4250
f 4215 4250 4216
f 4216 4250 4251
f 4216 4251 4252
f 4216 4252 4218
f 4216 4218 4253
f 4216 4253 4217
f 4217 4253 4218
f 4218 4252 4254
f 4218 4254 4255
f 4218 4255 4256
f 4218 4256 4257
f 4218 4257 4219
f 4219 4257 4256
f 4219 4256 4258
f 4219 4258 4259
f 4219 4259 4260
f 4219 4260 4261
f 4219 4261 4262
f 4219 4262 4227
f 4220 4226 4263
f 4220 4263 4221
f 4221 4263 4264
f 4221 4264 4222
f 4222 4264 4225
f 4223 4225 4224
f 4224 4265 4236
f 4224 4225 4266
f 4224 4266 4267
f 4224 4267 4268
f 4224 4268 4265
f 4225 4264 4269
f 4225 4269 4270
f 4225 4270 4271
f 4225 4271 4272
f 4225 4272 4273
f 4225 4273 4267
f 4225 4267 4266
f 4226 4235 4263
f 4227 4262 4228
f 4228 4262 4261
f 4228 4261 4260
f 4228 4260 4229
f 4229 4260 4259
f 4229 4259 4292
f 4229 4292 4315
f 4229 4315 4314
f 4229 4314 4313
f 4229 4313 4339
f 4229 4339 4338
f 4229 4338 4358
f 4229 4358 4357
f 4229 4357 4373
f 4229 4373 4352
f 4229 4352 4345
f 4229 4345 4344
f 4229 4344 4326
f 4229 4326 4299
f 4229 4299 4298
f 4229 4298 4273
f 4229 4273 4272
f 4229 4272 4271
f 4229 4271 4270
f 4229 4270 4269
f 4229 4269 4277
f 4229 4277 4274
f 4229 4274 4232
f 4229 4232 4231
f 4229 4231 4230
f 4232 4274 4234
f 4232 4234 4233
f 4234 4275 4264
f 4234 4264 4276
f 4234 4276 4263
f 4234 4263 4235
f 4234 4274 4277
f 4234 4277 4275
f 4236 4265 4278
f 4236 4278 4237
f 4237 4279 4280
f 4237 4280 4281
f 4237 4281 4239
f 4237 4239 4238
f 4237 4278 4279
f 4239 4281 4282
f 4239 4282 4283
f 4239 4283 4240
f 4240 4283 4241
f 4241 4283 4284
f 4242 4244 4243
f 4249 4286 4287
f 4249 4287 4250
f 4250 4287 4251
f 4251 4287 4288
f 4251 4288 4289
f 4251 4289 4254
f 4251 4254 4252
f 4254 4289 4290
f 4254 4290 4255
f 4255 4291 4292
f 4255 4292 4258
f 4255 4258 4256
f 4255 4290 4291
f 4258 4292 4259
f 4263 4276 4264
f 4264 4275 4269
f 4265 4293 4278
f 4265 4268 4294
f 4265 4294 4295
f 4265 4295 4293
f 4267 4296 4297
f 4267 4297 4268
f 4267 4273 4298
f 4267 4298 4299
f 4267 4299 4300
f 4267 4300 4301
f 4267 4301 4296
f 4268 4297 4294
f 4269 4275 4277
f 4278 4293 4302
f 4278 4302 4303
f 4278 4303 4280
f 4278 4280 4279
f 4280 4303 4304
f 4280 4304 4281
f 4282 4305 4283
f 4283 4305 4284
f 4285 4306 4307
f 4286 4308 4287
f 4287 4308 4288
f 4288 4308 4289
f 4289 4309 4290
f 4289 4308 4310
f 4289 4310 4311
f 4289 4311 4291
f 4289 4291 4309
f 4290 4309 4291
f 4291 4311 4312
f 4291 4312 4313
f 4291 4313 4314
f 4291 4314 4315
f 4291 4315 4292
f 4293 4316 4302
f 4293 4295 4316
f 4294 4297 4295
f 4295 4297 4317
f 4295 4317 4296
f 4295 4296 4301
f 4295 4301 4318
f 4295 4318 4319
f 4295 4319 4320
f 4295 4320 4321
f 4295 4321 4322
f 4295 4322 4323
f 4295 4323 4324
f 4295 4324 4325
f 4295 4325 4302
f 4295 4302 4316
f 4296 4317 4297
f 4299 4326 4300
f 4300 4327 4328
f 4300 4328 4301
f 4300 4326 4327
f 4301 4328 4318
f 4302 4325 4324
f 4302 4324 4303
f 4303 4324 4329
f 4303 4329 4330
f 4303 4330 4304
f 4306 4331 4307
f 4307 4331 4333
f 4307 4333 4334
f 4307 4334 4332
f 4310 4335 4311
f 4311 4335 4336
f 4311 4336 4337
f 4311 4337 4338
f 4311 4338 4312
f 4312 4338 4339
f 4312 4339 4313
f 4318 4328 4320
f 4318 4320 4319
f 4320 4340 4321
f 4320 4328 4340
f 4321 4340 4341
f 4321 4341 4322
f 4322 4341 4323
f 4323 4341 4342
f 4323 4342 4343
f 4323 4343 4329
f 4323 4329 4324
f 4326 4344 4327
f 4327 4344 4345
f 4327 4345 4328
f 4328 4345 4346
f 4328 4346 4340
f 4329 4347 4348
f 4329 4348 4349
f 4329 4349 4330
f 4329 4343 4350
f 4329 4350 4347
f 4332 4351 4372
f 4332 4372 4377
f 4332 4377 4383
f 4332 4383 4367
f 4332 4367 4345
f 4332 4345 4352
f 4332 4334 4353
f 4332 4353 4354
f 4332 4354 4351
f 4334 4355 4353
f 4336 4356 4357
f 4336 4357 4358
f 4336 4358 4337
f 4337 4358 4338
f 4340 4359 4360
f 4340 4360 4361
f 4340 4361 4342
f 4340 4342 4341
f 4340 4346 4345
f 4340 4345 4359
f 4342 4362 4343
f 4342 4361 4363
f 4342 4363 4362
f 4343 4362 4350
f 4345 4364 4365
f 4345 4365 4366
f 4345 4366 4360
f 4345 4360 4359
f 4345 4367 4368
f 4345 4368 4369
f 4345 4369 4364
f 4347 4370 4348
f 4347 4350 4370
f 4350 4362 4371
f 4350 4371 4370
f 4351 4354 4372
f 4353 4374 4375
f 4353 4375 4354
f 4353 4355 4374
f 4354 4375 4376
f 4354 4376 4377
f 4354 4377 4372
f 4355 4378 4375
f 4355 4375 4374
f 4356 4373 4357
f 4360 4366 4379
f 4360 4379 4363
f 4360 4363 4361
f 4362 4363 4379
f 4362 4379 4371
f 4364 4369 4365
f 4365 4369 4380
f 4365 4380 4381
f 4365 4381 4382
f 4365 4382 4379
f 4365 4379 4366
f 4367 4383 4384
f 4367 4384 4368
f 4368 4385 4386
f 4368 4386 4387
f 4368 4387 4388
f 4368 4388 4380
f 4368 4380 4369
f 4368 4384 4385
f 4370 4371 4389
f 4371 4379 4382
f 4371 4382 4390
f 4371 4390 4389
f 4375 4391 4392
f 4375 4392 4376
f 4375 4378 4391
f 4376 4392 4383
f 4376 4383 4377
f 4378 4393 4391
f 4380 4388 4381
f 4381 4388 4394
f 4381 4394 4395
f 4381 4395 4390
f 4381 4390 4382
f 4383 4392 4391
f 4383 4391 4396
f 4383 4396 4384
f 4384 4396 4385
f 4385 4396 4386
f 4386 4397 4387
f 4386 4396 4391
f 4386 4391 4398
f 4386 4398 4399
f 4386 4399 4400
f 4386 4400 4401
f 4386 4401 4389
f 4386 4389 4397
f 4387 4397 4388
f 4388 4397 4394
f 4389 4390 4402
f 4389 4402 4394
f 4389 4394 4397
f 4390 4395 4394
f 4390 4394 4402
f 4391 4393 4398
f 4403 4404 4405
f 4403 4405 4415
f 4403 4415 4406
f 4403 4406 4407
f 4403 4407 4408
f 4403 4408 4409
f 4403 4409 4410
f 4403 4410 4411
f 4403 4411 4404
f 4404 4412 4413
f 4404 4413 4405
f 4404 4411 4414
f 4404 4414 4412
f 4405 4413 4416
f 4405 4416 4417
f 4405 4417 4415
f 4406 4418 4419
f 4406 4419 4420
f 4406 4420 4407
f 4406 4415 4418
f 4407 4420 4421
f 4407 4421 4408
f 4408 4421 4409
f 4409 4421 4422
f 4409 4422 4423
f 4409 4423 4424
f 4409 4424 4425
f 4409 4425 4426
f 4409 4426 4410
f 4410 4426 4427
f 4410 4427 4428
f 4410 4428 4429
f 4410 4429 4430
f 4410 4430 4431
f 4410 4431 4411
f 4411 4431 4430
f 4411 4430 4429
f 4411 4429 4428
f 4411 4428 4427
f 4411 4427 4447
f 4411 4447 4461
f 4411 4461 4486
f 4411 4486 4510
f 4411 4510 4536
f 4411 4536 4566
f 4411 4566 4601
f 4411 4601 4636
f 4411 4636 4635
f 4411 4635 4634
f 4411 4634 4672
f 4411 4672 4707
f 4411 4707 4747
f 4411 4747 4746
f 4411 4746 4782
f 4411 4782 4814
f 4411 4814 4841
f 4411 4841 4867
f 4411 4867 4893
f 4411 4893 4922
f 4411 4922 4940
f 4411 4940 4928
f 4411 4928 4898
f 4411 4898 4897
f 4411 4897 4869
f 4411 4869 4842
f 4411 4842 4815
f 4411 4815 4783
f 4411 4783 4750
f 4411 4750 4713
f 4411 4713 4712
f 4411 4712 4708
f 4411 4708 4674
f 4411 4674 4645
f 4411 4645 4644
f 4411 4644 4643
f 4411 4643 4673
f 4411 4673 4637
f 4411 4637 4604
f 4411 4604 4603
f 4411 4603 4602
f 4411 4602 4569
f 4411 4569 4568
f 4411 4568 4539
f 4411 4539 4538
f 4411 4538 4511
f 4411 4511 4487
f 4411 4487 4466
f 4411 4466 4465
f 4411 4465 4464
f 4411 4464 4463
f 4411 4463 4462
f 4411 4462 4449
f 4411 4449 4448
f 4411 4448 4433
f 4411 4433 4432
f 4411 4432 4414
f 4412 4416 4413
f 4412 4414 4416
f 4414 4432 4433
f 4414 4433 4434
f 4414 4434 4435
f 4414 4435 4416
f 4415 4417 4436
f 4415 4436 4437
f 4415 4437 4418
f 4416 4438 4436
f 4416 4436 4417
f 4416 4435 4438
f 4418 4439 4440
f 4418 4440 4419
f 4418 4437 4439
f 4419 4440 4441
f 4419 4441 4420
f 4420 4441 4442
f 4420 4442 4421
f 4421 4442 4443
f 4421 4443 4422
f 4422 4443 4442
f 4422 4442 4458
f 4422 4458 4457
f 4422 4457 4483
f 4422 4483 4497
f 4422 4497 4508
f 4422 4508 4507
f 4422 4507 4506
f 4422 4506 4534
f 4422 4534 4565
f 4422 4565 4598
f 4422 4598 4632
f 4422 4632 4631
f 4422 4631 4630
f 4422 4630 4670
f 4422 4670 4705
f 4422 4705 4744
f 4422 4744 4743
f 4422 4743 4780
f 4422 4780 4811
f 4422 4811 4838
f 4422 4838 4865
f 4422 4865 4864
f 4422 4864 4889
f 4422 4889 4916
f 4422 4916 4938
f 4422 4938 4944
f 4422 4944 4943
f 4422 4943 4942
f 4422 4942 4927
f 4422 4927 4926
f 4422 4926 4917
f 4422 4917 4890
f 4422 4890 4866
f 4422 4866 4840
f 4422 4840 4813
f 4422 4813 4781
f 4422 4781 4745
f 4422 4745 4706
f 4422 4706 4671
f 4422 4671 4633
f 4422 4633 4600
f 4422 4600 4599
f 4422 4599 4567
f 4422 4567 4537
f 4422 4537 4535
f 4422 4535 4509
f 4422 4509 4485
f 4422 4485 4459
f 4422 4459 4444
f 4422 4444 4424
f 4422 4424 4423
f 4424 4444 4425
f 4425 4444 4426
f 4426 4444 4445
f 4426 4445 4446
f 4426 4446 4447
f 4426 4447 4427
f 4433 4448 4434
f 4434 4448 4449
f 4434 4449 4450
f 4434 4450 4438
f 4434 4438 4435
f 4436 4438 4450
f 4436 4450 4437
f 4437 4450 4451
f 4437 4451 4452
f 4437 4452 4453
f 4437 4453 4454
f 4437 4454 4439
f 4439 4454 4453
f 4439 4453 4455
f 4439 4455 4440
f 4440 4455 4456
f 4440 4456 4441
f 4441 4456 4457
f 4441 4457 4458
f 4441 4458 4442
f 4444 4459 4445
f 4445 4459 4460
f 4445 4460 4446
f 4446 4460 4461
f 4446 4461 4447
f 4449 4462 4450
f 4450 4462 4463
f 4450 4463 4464
f 4450 4464 4465
f 4450 4465 4466
f 4450 4466 4467
f 4450 4467 4468
f 4450 4468 4451
f 4451 4468 4469
f 4451 4469 4452
f 4452 4469 4470
f 4452 4470 4471
f 4452 4471 4472
f 4452 4472 4473
f 4452 4473 4453
f 4453 4474 4455
f 4453 4473 4475
f 4453 4475 4476
f 4453 4476 4477
f 4453 4477 4478
f 4453 4478 4479
f 4453 4479 4480
f 4453 4480 4481
f 4453 4481 4482
f 4453 4482 4474
f 4455 4474 4456
f 4456 4474 4457
f 4457 4474 4484
f 4457 4484 4483
f 4459 4485 4461
f 4459 4461 4460
f 4461 4485 4486
f 4466 4487 4488
f 4466 4488 4467
f 4467 4488 4468
f 4468 4488 4489
f 4468 4489 4490
f 4468 4490 4491
f 4468 4491 4469
f 4469 4491 4492
f 4469 4492 4493
f 4469 4493 4494
f 4469 4494 4470
f 4470 4495 4471
f 4470 4494 4495
f 4471 4495 4496
f 4471 4496 4475
f 4471 4475 4473
f 4471 4473 4472
f 4474 4482 4497
f 4474 4497 4484
f 4475 4496 4498
f 4475 4498 4499
f 4475 4499 4476
f 4476 4499 4500
f 4476 4500 4477
f 4477 4500 4501
f 4477 4501 4478
f 4478 4501 4479
f 4479 4501 4502
f 4479 4502 4503
f 4479 4503 4480
f 4480 4503 4504
f 4480 4504 4481
f 4481 4505 4506
f 4481 4506 4507
f 4481 4507 4508
f 4481 4508 4482
f 4481 4504 4505
f 4482 4508 4497
f 4483 4484 4497
f 4485 4509 4510
f 4485 4510 4486
f 4487 4511 4512
f 4487 4512 4488
f 4488 4512 4513
f 4488 4513 4514
f 4488 4514 4515
f 4488 4515 4489
f 4489 4515 4516
f 4489 4516 4517
f 4489 4517 4491
f 4489 4491 4490
f 4491 4517 4518
f 4491 4518 4519
f 4491 4519 4520
f 4491 4520 4521
f 4491 4521 4492
f 4492 4521 4493
f 4493 4522 4494
f 4493 4521 4520
f 4493 4520 4523
f 4493 4523 4522
f 4494 4524 4495
f 4494 4522 4524
f 4495 4524 4496
f 4496 4524 4525
f 4496 4525 4526
f 4496 4526 4527
f 4496 4527 4498
f 4498 4527 4528
f 4498 4528 4499
f 4499 4528 4529
f 4499 4529 4500
f 4500 4529 4502
f 4500 4502 4501
f 4502 4530 4503
f 4502 4529 4531
f 4502 4531 4530
f 4503 4530 4504
f 4504 4532 4505
f 4504 4530 4532
f 4505 4533 4506
f 4505 4532 4533
f 4506 4533 4534
f 4509 4535 4510
f 4510 4535 4537
f 4510 4537 4567
f 4510 4567 4536
f 4511 4513 4512
f 4511 4538 4513
f 4513 4538 4539
f 4513 4539 4540
f 4513 4540 4541
f 4513 4541 4514
f 4514 4541 4542
f 4514 4542 4515
f 4515 4542 4543
f 4515 4543 4516
f 4516 4543 4544
f 4516 4544 4517
f 4517 4544 4518
f 4518 4523 4519
f 4518 4544 4523
f 4519 4523 4520
f 4522 4545 4546
f 4522 4546 4547
f 4522 4547 4525
f 4522 4525 4524
f 4522 4523 4545
f 4523 4544 4548
f 4523 4548 4549
f 4523 4549 4550
f 4523 4550 4551
f 4523 4551 4552
f 4523 4552 4553
f 4523 4553 4545
f 4525 4547 4554
f 4525 4554 4526
f 4526 4554 4527
f 4527 4554 4555
f 4527 4555 4556
f 4527 4556 4557
f 4527 4557 4558
f 4527 4558 4559
f 4527 4559 4528
f 4528 4559 4529
f 4529 4559 4531
f 4530 4531 4560
f 4530 4560 4561
f 4530 4561 4532
f 4531 4559 4562
f 4531 4562 4560
f 4532 4561 4563
f 4532 4563 4533
f 4533 4564 4534
f 4533 4563 4564
f 4534 4564 4565
f 4536 4567 4566
f 4539 4568 4540
f 4540 4568 4569
f 4540 4569 4541
f 4541 4570 4542
f 4541 4569 4571
f 4541 4571 4572
f 4541 4572 4570
f 4542 4573 4543
f 4542 4570 4573
f 4543 4573 4544
f 4544 4549 4548
f 4544 4573 4574
f 4544 4574 4575
f 4544 4575 4549
f 4545 4553 4576
f 4545 4576 4577
f 4545 4577 4546
f 4546 4577 4578
f 4546 4578 4555
f 4546 4555 4554
f 4546 4554 4547
f 4549 4579 4580
f 4549 4580 4550
f 4549 4575 4579
f 4550 4581 4582
f 4550 4582 4552
f 4550 4552 4551
f 4550 4580 4583
f 4550 4583 4581
f 4552 4582 4584
f 4552 4584 4585
f 4552 4585 4586
f 4552 4586 4576
f 4552 4576 4553
f 4555 4587 4588
f 4555 4588 4556
f 4555 4578 4587
f 4556 4588 4589
f 4556 4589 4557
f 4557 4590 4558
f 4557 4589 4591
f 4557 4591 4590
f 4558 4590 4592
f 4558 4592 4559
f 4559 4592 4562
f 4560 4562 4593
f 4560 4593 4594
f 4560 4594 4561
f 4561 4594 4595
f 4561 4595 4563
f 4562 4592 4596
f 4562 4596 4593
f 4563 4595 4564
f 4564 4597 4565
f 4564 4595 4597
f 4565 4597 4598
f 4566 4567 4599
f 4566 4599 4600
f 4566 4600 4601
f 4569 4602 4571
f 4570 4572 4573
f 4571 4602 4572
f 4572 4602 4603
f 4572 4603 4604
f 4572 4604 4573
f 4573 4604 4605
f 4573 4605 4606
f 4573 4606 4575
f 4573 4575 4574
f 4575 4606 4605
f 4575 4605 4607
f 4575 4607 4608
f 4575 4608 4609
f 4575 4609 4610
f 4575 4610 4579
f 4576 4586 4578
f 4576 4578 4577
f 4578 4586 4587
f 4579 4610 4611
f 4579 4611 4612
f 4579 4612 4580
f 4580 4612 4583
f 4581 4613 4582
f 4581 4583 4614
f 4581 4614 4613
f 4582 4613 4584
f 4583 4612 4614
f 4584 4615 4585
f 4584 4613 4615
f 4585 4616 4617
f 4585 4617 4618
f 4585 4618 4619
f 4585 4619 4620
f 4585 4620 4586
f 4585 4615 4616
f 4586 4620 4621
f 4586 4621 4587
f 4587 4622 4623
f 4587 4623 4589
f 4587 4589 4588
f 4587 4621 4622
f 4589 4623 4624
f 4589 4624 4591
f 4590 4625 4592
f 4590 4591 4626
f 4590 4626 4625
f 4591 4624 4626
f 4592 4625 4596
f 4593 4596 4627
f 4593 4627 4594
f 4594 4627 4628
f 4594 4628 4595
f 4595 4629 4597
f 4595 4628 4629
f 4596 4625 4627
f 4597 4629 4630
f 4597 4630 4631
f 4597 4631 4632
f 4597 4632 4598
f 4600 4633 4634
f 4600 4634 4635
f 4600 4635 4636
f 4600 4636 4601
f 4604 4637 4605
f 4605 4637 4607
f 4607 4637 4638
f 4607 4638 4608
f 4608 4639 4640
f 4608 4640 4641
f 4608 4641 4609
f 4608 4638 4637
f 4608 4637 4642
f 4608 4642 4643
f 4608 4643 4644
f 4608 4644 4645
f 4608 4645 4639
f 4609 4611 4610
f 4609 4641 4611
f 4611 4641 4646
f 4611 4646 4647
f 4611 4647 4612
f 4612 4647 4648
f 4612 4648 4614
f 4613 4614 4649
f 4613 4649 4650
f 4613 4650 4651
f 4613 4651 4615
f 4614 4652 4649
f 4614 4648 4652
f 4615 4651 4616
f 4616 4653 4617
f 4616 4651 4654
f 4616 4654 4653
f 4617 4653 4655
f 4617 4655 4656
f 4617 4656 4657
f 4617 4657 4618
f 4618 4657 4619
f 4619 4657 4622
f 4619 4622 4620
f 4620 4622 4621
f 4622 4657 4623
f 4623 4657 4624
f 4624 4657 4658
f 4624 4658 4626
f 4625 4626 4659
f 4625 4659 4660
f 4625 4660 4661
f 4625 4661 4627
f 4626 4662 4663
f 4626 4663 4659
f 4626 4658 4664
f 4626 4664 4662
f 4627 4661 4665
f 4627 4665 4666
f 4627 4666 4628
f 4628 4667 4668
f 4628 4668 4629
f 4628 4666 4667
f 4629 4668 4669
f 4629 4669 4630
f 4630 4669 4670
f 4633 4671 4634
f 4634 4671 4672
f 4637 4673 4642
f 4639 4645 4674
f 4639 4674 4675
f 4639 4675 4640
f 4640 4676 4641
f 4640 4675 4677
f 4640 4677 4676
f 4641 4676 4646
f 4642 4673 4643
f 4646 4676 4647
f 4647 4678 4679
f 4647 4679 4648
f 4647 4676 4678
f 4648 4679 4680
f 4648 4680 4681
f 4648 4681 4652
f 4649 4652 4650
f 4650 4682 4651
f 4650 4652 4683
f 4650 4683 4682
f 4651 4684 4685
f 4651 4685 4654
f 4651 4682 4684
f 4652 4681 4686
f 4652 4686 4683
f 4653 4687 4688
f 4653 4688 4689
f 4653 4689 4690
f 4653 4690 4656
f 4653 4656 4655
f 4653 4654 4687
f 4654 4685 4691
f 4654 4691 4692
f 4654 4692 4687
f 4656 4690 4664
f 4656 4664 4658
f 4656 4658 4657
f 4659 4663 4660
f 4660 4663 4693
f 4660 4693 4694
f 4660 4694 4661
f 4661 4694 4665
f 4662 4695 4663
f 4662 4664 4695
f 4663 4695 4693
f 4664 4690 4696
f 4664 4696 4697
f 4664 4697 4695
f 4665 4694 4698
f 4665 4698 4699
f 4665 4699 4667
f 4665 4667 4666
f 4667 4699 4700
f 4667 4700 4701
f 4667 4701 4702
f 4667 4702 4703
f 4667 4703 4704
f 4667 4704 4668
f 4668 4704 4705
f 4668 4705 4669
f 4669 4705 4670
f 4671 4706 4672
f 4672 4706 4707
f 4674 4708 4675
f 4675 4708 4677
f 4676 4677 4709
f 4676 4709 4710
f 4676 4710 4711
f 4676 4711 4678
f 4677 4708 4712
f 4677 4712 4713
f 4677 4713 4714
f 4677 4714 4715
f 4677 4715 4709
f 4678 4716 4679
f 4678 4711 4710
f 4678 4710 4717
f 4678 4717 4718
f 4678 4718 4716
f 4679 4716 4680
f 4680 4716 4719
f 4680 4719 4720
f 4680 4720 4681
f 4681 4720 4721
f 4681 4721 4686
f 4682 4722 4723
f 4682 4723 4685
f 4682 4685 4684
f 4682 4683 4724
f 4682 4724 4722
f 4683 4686 4724
f 4685 4723 4691
f 4686 4721 4724
f 4687 4692 4725
f 4687 4725 4726
f 4687 4726 4727
f 4687 4727 4688
f 4688 4727 4728
f 4688 4728 4689
f 4689 4728 4729
f 4689 4729 4690
f 4690 4729 4696
f 4691 4730 4692
f 4691 4723 4731
f 4691 4731 4730
f 4692 4730 4725
f 4693 4695 4694
f 4694 4695 4732
f 4694 4732 4698
f 4695 4697 4733
f 4695 4733 4734
f 4695 4734 4732
f 4696 4735 4697
f 4696 4729 4736
f 4696 4736 4735
f 4697 4737 4733
f 4697 4735 4737
f 4698 4732 4738
f 4698 4738 4699
f 4699 4739 4740
f 4699 4740 4700
f 4699 4738 4739
f 4700 4740 4701
f 4701 4741 4702
f 4701 4740 4741
f 4702 4741 4742
f 4702 4742 4703
f 4703 4742 4743
f 4703 4743 4744
f 4703 4744 4705
f 4703 4705 4704
f 4706 4745 4746
f 4706 4746 4747
f 4706 4747 4707
f 4709 4715 4748
f 4709 4748 4710
f 4710 4749 4717
f 4710 4748 4749
f 4713 4750 4714
f 4714 4750 4748
f 4714 4748 4715
f 4716 4718 4751
f 4716 4751 4752
f 4716 4752 4719
f 4717 4749 4753
f 4717 4753 4754
f 4717 4754 4718
f 4718 4754 4751
f 4719 4755 4756
f 4719 4756 4720
f 4719 4752 4755
f 4720 4756 4721
f 4721 4756 4757
f 4721 4757 4758
f 4721 4758 4724
f 4722 4759 4731
f 4722 4731 4723
f 4722 4724 4759
f 4724 4758 4759
f 4725 4730 4760
f 4725 4760 4761
f 4725 4761 4762
f 4725 4762 4726
f 4726 4762 4763
f 4726 4763 4727
f 4727 4763 4764
f 4727 4764 4728
f 4728 4764 4736
f 4728 4736 4729
f 4730 4731 4765
f 4730 4765 4760
f 4731 4759 4766
f 4731 4766 4765
f 4732 4734 4767
f 4732 4767 4738
f 4733 4737 4768
f 4733 4768 4734
f 4734 4769 4767
f 4734 4768 4769
f 4735 4770 4771
f 4735 4771 4737
f 4735 4736 4772
f 4735 4772 4770
f 4736 4764 4772
f 4737 4771 4773
f 4737 4773 4768
f 4738 4767 4774
f 4738 4774 4775
f 4738 4775 4776
f 4738 4776 4739
f 4739 4776 4777
f 4739 4777 4740
f 4740 4777 4778
f 4740 4778 4741
f 4741 4779 4742
f 4741 4778 4776
f 4741 4776 4779
f 4742 4779 4780
f 4742 4780 4743
f 4745 4781 4746
f 4746 4781 4782
f 4748 4750 4783
f 4748 4783 4784
f 4748 4784 4785
f 4748 4785 4786
f 4748 4786 4749
f 4749 4786 4753
f 4751 4787 4788
f 4751 4788 4752
f 4751 4754 4787
f 4752 4788 4789
f 4752 4789 4755
f 4753 4786 4790
f 4753 4790 4791
f 4753 4791 4754
f 4754 4791 4787
f 4755 4789 4792
f 4755 4792 4756
f 4756 4792 4793
f 4756 4793 4757
f 4757 4793 4794
f 4757 4794 4758
f 4758 4794 4759
f 4759 4794 4766
f 4760 4765 4795
f 4760 4795 4761
f 4761 4795 4762
f 4762 4795 4796
f 4762 4796 4797
f 4762 4797 4763
f 4763 4797 4764
f 4764 4798 4772
f 4764 4797 4798
f 4765 4799 4795
f 4765 4766 4799
f 4766 4794 4799
f 4767 4769 4800
f 4767 4800 4774
f 4768 4773 4800
f 4768 4800 4769
f 4770 4801 4771
f 4770 4772 4802
f 4770 4802 4801
f 4771 4801 4803
f 4771 4803 4773
f 4772 4798 4802
f 4773 4803 4804
f 4773 4804 4800
f 4774 4800 4804
f 4774 4804 4805
f 4774 4805 4775
f 4775 4805 4806
f 4775 4806 4807
f 4775 4807 4776
f 4776 4808 4809
f 4776 4809 4810
f 4776 4810 4779
f 4776 4778 4777
f 4776 4807 4808
f 4779 4811 4780
f 4779 4810 4812
f 4779 4812 4811
f 4781 4813 4814
f 4781 4814 4782
f 4783 4815 4816
f 4783 4816 4784
f 4784 4816 4785
f 4785 4816 4786
f 4786 4816 4790
f 4787 4817 4788
f 4787 4791 4817
f 4788 4817 4818
f 4788 4818 4789
f 4789 4818 4822
f 4789 4822 4792
f 4790 4819 4820
f 4790 4820 4791
f 4790 4816 4821
f 4790 4821 4819
f 4791 4820 4817
f 4792 4822 4823
f 4792 4823 4793
f 4793 4823 4794
f 4794 4824 4799
f 4794 4823 4824
f 4795 4799 4825
f 4795 4825 4826
f 4795 4826 4827
f 4795 4827 4796
f 4796 4828 4797
f 4796 4827 4826
f 4796 4826 4828
f 4797 4828 4798
f 4798 4828 4802
f 4799 4829 4826
f 4799 4826 4825
f 4799 4824 4829
f 4801 4830 4831
f 4801 4831 4803
f 4801 4802 4830
f 4802 4828 4830
f 4803 4831 4832
f 4803 4832 4804
f 4804 4832 4805
f 4805 4832 4833
f 4805 4833 4806
f 4806 4833 4834
f 4806 4834 4835
f 4806 4835 4807
f 4807 4835 4808
f 4808 4835 4812
f 4808 4812 4810
f 4808 4810 4809
f 4811 4812 4836
f 4811 4836 4837
f 4811 4837 4838
f 4812 4837 4836
f 4812 4835 4839
f 4812 4839 4837
f 4813 4840 4814
f 4814 4840 4841
f 4815 4842 4843
f 4815 4843 4844
f 4815 4844 4845
f 4815 4845 4816
f 4816 4844 4821
f 4816 4845 4844
f 4817 4846 4818
f 4817 4820 4847
f 4817 4847 4846
f 4818 4846 4822
f 4819 4821 4844
f 4819 4844 4848
f 4819 4848 4849
f 4819 4849 4847
f 4819 4847 4820
f 4822 4850 4823
f 4822 4846 4850
f 4823 4850 4829
f 4823 4829 4824
f 4826 4851 4852
f 4826 4852 4853
f 4826 4853 4828
f 4826 4829 4854
f 4826 4854 4851
f 4828 4853 4855
f 4828 4855 4856
f 4828 4856 4830
f 4829 4857 4854
f 4829 4850 4857
f 4830 4856 4855
f 4830 4855 4858
f 4830 4858 4831
f 4831 4859 4832
f 4831 4858 4859
f 4832 4859 4833
f 4833 4860 4834
f 4833 4859 4860
f 4834 4861 4862
f 4834 4862 4839
f 4834 4839 4835
f 4834 4860 4861
f 4837 4863 4864
f 4837 4864 4865
f 4837 4865 4838
f 4837 4839 4863
f 4839 4862 4863
f 4840 4866 4841
f 4841 4866 4868
f 4841 4868 4867
f 4842 4869 4870
f 4842 4870 4843
f 4843 4870 4871
f 4843 4871 4844
f 4844 4871 4848
f 4846 4847 4872
f 4846 4872 4873
f 4846 4873 4857
f 4846 4857 4850
f 4847 4874 4872
f 4847 4849 4874
f 4848 4871 4849
f 4849 4871 4870
f 4849 4870 4875
f 4849 4875 4874
f 4851 4854 4857
f 4851 4857 4876
f 4851 4876 4877
f 4851 4877 4852
f 4852 4877 4855
f 4852 4855 4853
f 4855 4878 4879
f 4855 4879 4858
f 4855 4877 4880
f 4855 4880 4878
f 4857 4881 4876
f 4857 4873 4881
f 4858 4879 4882
f 4858 4882 4883
f 4858 4883 4859
f 4859 4883 4884
f 4859 4884 4860
f 4860 4884 4885
f 4860 4885 4886
f 4860 4886 4861
f 4861 4886 4862
f 4862 4886 4863
f 4863 4887 4864
f 4863 4886 4888
f 4863 4888 4887
f 4864 4887 4889
f 4866 4890 4868
f 4867 4891 4892
f 4867 4892 4893
f 4867 4868 4894
f 4867 4894 4895
f 4867 4895 4891
f 4868 4890 4896
f 4868 4896 4894
f 4869 4897 4870
f 4870 4897 4898
f 4870 4898 4899
f 4870 4899 4875
f 4872 4874 4873
f 4873 4874 4900
f 4873 4900 4901
f 4873 4901 4902
f 4873 4902 4881
f 4874 4903 4900
f 4874 4875 4903
f 4875 4899 4903
f 4876 4904 4905
f 4876 4905 4877
f 4876 4881 4902
f 4876 4902 4904
f 4877 4906 4880
f 4877 4905 4906
f 4878 4880 4907
f 4878 4907 4908
f 4878 4908 4882
f 4878 4882 4879
f 4880 4906 4907
f 4882 4908 4907
f 4882 4907 4909
f 4882 4909 4883
f 4883 4909 4884
f 4884 4909 4885
f 4885 4909 4910
f 4885 4910 4886
f 4886 4910 4911
f 4886 4911 4912
f 4886 4912 4888
f 4887 4913 4889
f 4887 4888 4914
f 4887 4914 4915
f 4887 4915 4913
f 4888 4912 4914
f 4889 4913 4916
f 4890 4917 4896
f 4891 4918 4919
f 4891 4919 4920
f 4891 4920 4892
f 4891 4895 4918
f 4892 4920 4893
f 4893 4921 4922
f 4893 4920 4921
f 4894 4896 4895
f 4895 4896 4923
f 4895 4923 4924
f 4895 4924 4925
f 4895 4925 4918
f 4896 4917 4926
f 4896 4926 4927
f 4896 4927 4923
f 4898 4928 4929
f 4898 4929 4899
f 4899 4929 4903
f 4900 4903 4930
f 4900 4930 4931
f 4900 4931 4901
f 4901 4931 4932
f 4901 4932 4904
f 4901 4904 4902
f 4903 4929 4928
f 4903 4928 4930
f 4904 4932 4933
f 4904 4933 4907
f 4904 4907 4906
f 4904 4906 4905
f 4907 4933 4934
f 4907 4934 4935
f 4907 4935 4936
f 4907 4936 4909
f 4909 4936 4910
f 4910 4936 4912
f 4910 4912 4911
f 4912 4936 4924
f 4912 4924 4923
f 4912 4923 4937
f 4912 4937 4913
f 4912 4913 4915
f 4912 4915 4914
f 4913 4937 4916
f 4916 4937 4938
f 4918 4934 4933
f 4918 4933 4932
f 4918 4932 4919
f 4918 4925 4934
f 4919 4932 4931
f 4919 4931 4921
f 4919 4921 4939
f 4919 4939 4920
f 4920 4939 4921
f 4921 4930 4940
f 4921 4940 4941
f 4921 4941 4922
f 4921 4931 4930
f 4922 4941 4940
f 4923 4927 4942
f 4923 4942 4943
f 4923 4943 4937
f 4924 4936 4925
f 4925 4936 4935
f 4925 4935 4934
f 4928 4940 4930
f 4937 4943 4944
f 4937 4944 4938
f 4945 4946 4947
f 4945 4947 4948
f 4945 4948 4952
f 4945 4952 4963
f 4945 4963 4954
f 4945 4954 4949
f 4945 4949 4957
f 4945 4957 4966
f 4945 4966 4977
f 4945 4977 4976
f 4945 4976 4985
f 4945 4985 4994
f 4945 4994 5006
f 4945 5006 5016
f 4945 5016 5018
f 4945 5018 5024
f 4945 5024 5028
f 4945 5028 5034
f 4945 5034 5041
f 4945 5041 5048
f 4945 5048 5054
f 4945 5054 5050
f 4945 5050 5043
f 4945 5043 5037
f 4945 5037 5031
f 4945 5031 5025
f 4945 5025 5021
f 4945 5021 5019
f 4945 5019 5010
f 4945 5010 5009
f 4945 5009 5008
f 4945 5008 4995
f 4945 4995 4986
f 4945 4986 4978
f 4945 4978 4967
f 4945 4967 4958
f 4945 4958 4950
f 4945 4950 4946
f 4946 4950 4947
f 4947 4951 4952
f 4947 4952 4948
f 4947 4950 4953
f 4947 4953 4951
f 4949 4954 4955
f 4949 4955 4956
f 4949 4956 4957
f 4950 4958 4959
f 4950 4959 4953
f 4951 4953 4960
f 4951 4960 4961
f 4951 4961 4962
f 4951 4962 4963
f 4951 4963 4952
f 4953 4959 4964
f 4953 4964 4960
f 4954 4963 4962
f 4954 4962 4960
f 4954 4960 4969
f 4954 4969 4974
f 4954 4974 4973
f 4954 4973 4972
f 4954 4972 4971
f 4954 4971 4983
f 4954 4983 4982
f 4954 4982 4992
f 4954 4992 5004
f 4954 5004 5015
f 4954 5015 5014
f 4954 5014 5013
f 4954 5013 5012
f 4954 5012 5022
f 4954 5022 5026
f 4954 5026 5032
f 4954 5032 5039
f 4954 5039 5044
f 4954 5044 5051
f 4954 5051 5049
f 4954 5049 5042
f 4954 5042 5036
f 4954 5036 5035
f 4954 5035 5030
f 4954 5030 5029
f 4954 5029 5027
f 4954 5027 5023
f 4954 5023 5017
f 4954 5017 5007
f 4954 5007 5005
f 4954 5005 4993
f 4954 4993 4984
f 4954 4984 4975
f 4954 4975 4965
f 4954 4965 4956
f 4954 4956 4955
f 4956 4965 4966
f 4956 4966 4957
f 4958 4967 4959
f 4959 4967 4968
f 4959 4968 4964
f 4960 4962 4961
f 4960 4964 4969
f 4964 4968 4970
f 4964 4970 4971
f 4964 4971 4972
f 4964 4972 4973
f 4964 4973 4974
f 4964 4974 4969
f 4965 4975 4976
f 4965 4976 4977
f 4965 4977 4966
f 4967 4978 4968
f 4968 4978 4979
f 4968 4979 4970
f 4970 4979 4980
f 4970 4980 4981
f 4970 4981 4982
f 4970 4982 4983
f 4970 4983 4971
f 4975 4984 4976
f 4976 4984 4985
f 4978 4986 4979
f 4979 4986 4987
f 4979 4987 4988
f 4979 4988 4989
f 4979 4989 4990
f 4979 4990 4991
f 4979 4991 4980
f 4980 4991 4981
f 4981 4991 4982
f 4982 4991 4992
f 4984 4993 4994
f 4984 4994 4985
f 4986 4995 4996
f 4986 4996 4987
f 4987 4996 4997
f 4987 4997 4998
f 4987 4998 4999
f 4987 4999 5000
f 4987 5000 4988
f 4988 5000 5001
f 4988 5001 5002
f 4988 5002 5003
f 4988 5003 4990
f 4988 4990 4989
f 4990 5003 4991
f 4991 5003 5004
f 4991 5004 4992
f 4993 5005 4994
f 4994 5005 5007
f 4994 5007 5006
f 4995 5008 4997
f 4995 4997 4996
f 4997 5009 4998
f 4997 5008 5009
f 4998 5009 4999
f 4999 5009 5010
f 4999 5010 5000
f 5000 5010 5011
f 5000 5011 5001
f 5001 5012 5013
f 5001 5013 5002
f 5001 5011 5012
f 5002 5013 5014
f 5002 5014 5015
f 5002 5015 5003
f 5003 5015 5004
f 5006 5007 5016
f 5007 5017 5018
f 5007 5018 5016
f 5010 5019 5011
f 5011 5019 5020
f 5011 5020 5012
f 5012 5020 5021
f 5012 5021 5022
f 5017 5023 5024
f 5017 5024 5018
f 5019 5021 5020
f 5021 5025 5022
f 5022 5025 5026
f 5023 5027 5024
f 5024 5027 5029
f 5024 5029 5030
f 5024 5030 5028
f 5025 5031 5026
f 5026 5031 5032
f 5028 5033 5034
f 5028 5030 5035
f 5028 5035 5036
f 5028 5036 5033
f 5031 5037 5038
f 5031 5038 5039
f 5031 5039 5032
f 5033 5036 5040
f 5033 5040 5034
f 5034 5040 5041
f 5036 5042 5040
f 5037 5043 5038
f 5038 5043 5044
f 5038 5044 5039
f 5040 5045 5046
f 5040 5046 5047
f 5040 5047 5048
f 5040 5048 5041
f 5040 5042 5045
f 5042 5049 5046
f 5042 5046 5045
f 5043 5050 5044
f 5044 5050 5051
f 5046 5051 5052
f 5046 5052 5053
f 5046 5053 5047
f 5046 5049 5051
f 5047 5053 5054
f 5047 5054 5048
f 5050 5054 5053
f 5050 5053 5052
f 5050 5052 5051
f 5055 5056 5063
f 5055 5063 5069
f 5055 5069 5072
f 5055 5072 5071
f 5055 5071 5070
f 5055 5070 5078
f 5055 5078 5085
f 5055 5085 5100
f 5055 5100 5102
f 5055 5102 5113
f 5055 5113 5118
f 5055 5118 5127
f 5055 5127 5133
f 5055 5133 5139
f 5055 5139 5146
f 5055 5146 5142
f 5055 5142 5141
f 5055 5141 5135
f 5055 5135 5129
f 5055 5129 5125
f 5055 5125 5117
f 5055 5117 5115
f 5055 5115 5106
f 5055 5106 5092
f 5055 5092 5091
f 5055 5091 5088
f 5055 5088 5081
f 5055 5081 5075
f 5055 5075 5066
f 5055 5066 5057
f 5055 5057 5058
f 5055 5058 5059
f 5055 5059 5060
f 5055 5060 5061
f 5055 5061 5062
f 5055 5062 5056
f 5056 5062 5064
f 5056 5064 5063
f 5057 5065 5058
f 5057 5066 5067
f 5057 5067 5065
f 5058 5065 5068
f 5058 5068 5059
f 5059 5068 5074
f 5059 5074 5080
f 5059 5080 5087
f 5059 5087 5099
f 5059 5099 5098
f 5059 5098 5097
f 5059 5097 5096
f 5059 5096 5110
f 5059 5110 5109
f 5059 5109 5105
f 5059 5105 5103
f 5059 5103 5114
f 5059 5114 5121
f 5059 5121 5122
f 5059 5122 5128
f 5059 5128 5134
f 5059 5134 5140
f 5059 5140 5145
f 5059 5145 5144
f 5059 5144 5138
f 5059 5138 5132
f 5059 5132 5126
f 5059 5126 5120
f 5059 5120 5111
f 5059 5111 5101
f 5059 5101 5086
f 5059 5086 5079
f 5059 5079 5073
f 5059 5073 5064
f 5059 5064 5062
f 5059 5062 5061
f 5059 5061 5060
f 5063 5064 5069
f 5064 5070 5071
f 5064 5071 5072
f 5064 5072 5069
f 5064 5073 5070
f 5065 5074 5068
f 5065 5067 5074
f 5066 5075 5067
f 5067 5075 5076
f 5067 5076 5077
f 5067 5077 5074
f 5070 5073 5078
f 5073 5079 5078
f 5074 5077 5080
f 5075 5081 5076
f 5076 5081 5082
f 5076 5082 5083
f 5076 5083 5077
f 5077 5083 5084
f 5077 5084 5080
f 5078 5079 5085
f 5079 5086 5085
f 5080 5084 5087
f 5081 5088 5082
f 5082 5089 5090
f 5082 5090 5083
f 5082 5088 5091
f 5082 5091 5092
f 5082 5092 5093
f 5082 5093 5089
f 5083 5090 5084
f 5084 5090 5094
f 5084 5094 5095
f 5084 5095 5096
f 5084 5096 5097
f 5084 5097 5098
f 5084 5098 5099
f 5084 5099 5087
f 5085 5086 5100
f 5086 5101 5102
f 5086 5102 5100
f 5089 5093 5103
f 5089 5103 5104
f 5089 5104 5090
f 5090 5104 5105
f 5090 5105 5094
f 5092 5106 5093
f 5093 5106 5107
f 5093 5107 5108
f 5093 5108 5103
f 5094 5105 5109
f 5094 5109 5110
f 5094 5110 5095
f 5095 5110 5096
f 5101 5111 5119
f 5101 5119 5112
f 5101 5112 5102
f 5102 5112 5113
f 5103 5108 5114
f 5103 5105 5104
f 5106 5115 5107
f 5107 5115 5108
f 5108 5116 5114
f 5108 5115 5117
f 5108 5117 5116
f 5111 5118 5113
f 5111 5113 5119
f 5111 5120 5118
f 5112 5119 5113
f 5114 5116 5121
f 5116 5122 5123
f 5116 5123 5121
f 5116 5117 5124
f 5116 5124 5122
f 5117 5125 5124
f 5118 5126 5127
f 5118 5120 5126
f 5121 5123 5122
f 5122 5124 5128
f 5124 5125 5129
f 5124 5129 5130
f 5124 5130 5131
f 5124 5131 5128
f 5126 5132 5127
f 5127 5132 5133
f 5128 5131 5134
f 5129 5135 5136
f 5129 5136 5130
f 5130 5136 5131
f 5131 5136 5137
f 5131 5137 5134
f 5132 5138 5137
f 5132 5137 5143
f 5132 5143 5139
f 5132 5139 5133
f 5134 5137 5140
f 5135 5141 5136
f 5136 5141 5137
f 5137 5141 5142
f 5137 5142 5143
f 5137 5138 5144
f 5137 5144 5145
f 5137 5145 5140
f 5139 5143 5146
f 5142 5146 5143
f 5147 5148 5149
f 5147 5149 5150
f 5147 5150 5151
f 5147 5151 5152
f 5147 5152 5153
f 5147 5153 5154
f 5147 5154 5160
f 5147 5160 5159
f 5147 5159 5167
f 5147 5167 5176
f 5147 5176 5189
f 5147 5189 5194
f 5147 5194 5205
f 5147 5205 5211
f 5147 5211 5210
f 5147 5210 5209
f 5147 5209 5213
f 5147 5213 5218
f 5147 5218 5220
f 5147 5220 5225
f 5147 5225 5228
f 5147 5228 5226
f 5147 5226 5221
f 5147 5221 5215
f 5147 5215 5214
f 5147 5214 5206
f 5147 5206 5196
f 5147 5196 5191
f 5147 5191 5182
f 5147 5182 5181
f 5147 5181 5180
f 5147 5180 5179
f 5147 5179 5177
f 5147 5177 5169
f 5147 5169 5168
f 5147 5168 5161
f 5147 5161 5155
f 5147 5155 5163
f 5147 5163 5173
f 5147 5173 5186
f 5147 5186 5185
f 5147 5185 5192
f 5147 5192 5187
f 5147 5187 5174
f 5147 5174 5164
f 5147 5164 5156
f 5147 5156 5148
f 5148 5156 5157
f 5148 5157 5149
f 5149 5157 5165
f 5149 5165 5164
f 5149 5164 5174
f 5149 5174 5183
f 5149 5183 5171
f 5149 5171 5170
f 5149 5170 5178
f 5149 5178 5190
f 5149 5190 5195
f 5149 5195 5200
f 5149 5200 5199
f 5149 5199 5198
f 5149 5198 5197
f 5149 5197 5208
f 5149 5208 5217
f 5149 5217 5222
f 5149 5222 5227
f 5149 5227 5229
f 5149 5229 5224
f 5149 5224 5219
f 5149 5219 5212
f 5149 5212 5204
f 5149 5204 5203
f 5149 5203 5202
f 5149 5202 5201
f 5149 5201 5193
f 5149 5193 5188
f 5149 5188 5175
f 5149 5175 5166
f 5149 5166 5158
f 5149 5158 5152
f 5149 5152 5151
f 5149 5151 5150
f 5152 5158 5153
f 5153 5158 5159
f 5153 5159 5160
f 5153 5160 5154
f 5155 5161 5162
f 5155 5162 5163
f 5156 5164 5165
f 5156 5165 5157
f 5158 5166 5159
f 5159 5166 5167
f 5161 5168 5162
f 5162 5169 5170
f 5162 5170 5171
f 5162 5171 5172
f 5162 5172 5163
f 5162 5168 5169
f 5163 5172 5173
f 5166 5175 5176
f 5166 5176 5167
f 5169 5177 5170
f 5170 5177 5179
f 5170 5179 5180
f 5170 5180 5181
f 5170 5181 5182
f 5170 5182 5178
f 5171 5183 5184
f 5171 5184 5172
f 5172 5184 5185
f 5172 5185 5186
f 5172 5186 5173
f 5174 5187 5183
f 5175 5188 5189
f 5175 5189 5176
f 5178 5182 5190
f 5182 5191 5190
f 5183 5187 5192
f 5183 5192 5184
f 5184 5192 5185
f 5188 5193 5194
f 5188 5194 5189
f 5190 5191 5195
f 5191 5196 5197
f 5191 5197 5198
f 5191 5198 5199
f 5191 5199 5200
f 5191 5200 5195
f 5193 5201 5194
f 5194 5201 5202
f 5194 5202 5203
f 5194 5203 5204
f 5194 5204 5205
f 5196 5206 5207
f 5196 5207 5197
f 5197 5207 5208
f 5204 5209 5210
f 5204 5210 5211
f 5204 5211 5205
f 5204 5212 5213
f 5204 5213 5209
f 5206 5214 5207
f 5207 5214 5215
f 5207 5215 5216
f 5207 5216 5217
f 5207 5217 5208
f 5212 5218 5213
f 5212 5219 5220
f 5212 5220 5218
f 5215 5221 5216
f 5216 5222 5217
f 5216 5221 5223
f 5216 5223 5222
f 5219 5224 5225
f 5219 5225 5220
f 5221 5226 5223
f 5222 5223 5227
f 5223 5226 5228
f 5223 5228 5229
f 5223 5229 5227
f 5224 5229 5225
f 5225 5229 5228
f 5230 5231 5236
f 5230 5236 5242
f 5230 5242 5243
f 5230 5243 5252
f 5230 5252 5259
f 5230 5259 5268
f 5230 5268 5282
f 5230 5282 5269
f 5230 5269 5260
f 5230 5260 5254
f 5230 5254 5253
f 5230 5253 5245
f 5230 5245 5238
f 5230 5238 5232
f 5230 5232 5233
f 5230 5233 5234
f 5230 5234 5231
f 5231 5234 5235
f 5231 5235 5236
f 5232 5237 5233
f 5232 5238 5237
f 5233 5237 5239
f 5233 5239 5240
f 5233 5240 5234
f 5234 5240 5241
f 5234 5241 5235
f 5235 5242 5236
f 5235 5241 5248
f 5235 5248 5247
f 5235 5247 5246
f 5235 5246 5255
f 5235 5255 5262
f 5235 5262 5272
f 5235 5272 5289
f 5235 5289 5296
f 5235 5296 5306
f 5235 5306 5317
f 5235 5317 5327
f 5235 5327 5336
f 5235 5336 5340
f 5235 5340 5337
f 5235 5337 5330
f 5235 5330 5329
f 5235 5329 5328
f 5235 5328 5333
f 5235 5333 5332
f 5235 5332 5325
f 5235 5325 5311
f 5235 5311 5300
f 5235 5300 5291
f 5235 5291 5277
f 5235 5277 5266
f 5235 5266 5263
f 5235 5263 5257
f 5235 5257 5252
f 5235 5252 5243
f 5235 5243 5242
f 5237 5238 5244
f 5237 5244 5239
f 5238 5245 5244
f 5239 5246 5247
f 5239 5247 5248
f 5239 5248 5240
f 5239 5244 5249
f 5239 5249 5250
f 5239 5250 5251
f 5239 5251 5246
f 5240 5248 5241
f 5244 5253 5254
f 5244 5254 5260
f 5244 5260 5270
f 5244 5270 5285
f 5244 5285 5295
f 5244 5295 5304
f 5244 5304 5314
f 5244 5314 5313
f 5244 5313 5312
f 5244 5312 5310
f 5244 5310 5324
f 5244 5324 5334
f 5244 5334 5320
f 5244 5320 5319
f 5244 5319 5331
f 5244 5331 5338
f 5244 5338 5341
f 5244 5341 5339
f 5244 5339 5335
f 5244 5335 5326
f 5244 5326 5316
f 5244 5316 5315
f 5244 5315 5305
f 5244 5305 5297
f 5244 5297 5287
f 5244 5287 5271
f 5244 5271 5261
f 5244 5261 5256
f 5244 5256 5250
f 5244 5250 5249
f 5244 5245 5253
f 5246 5251 5255
f 5250 5256 5255
f 5250 5255 5251
f 5252 5257 5258
f 5252 5258 5259
f 5255 5256 5261
f 5255 5261 5262
f 5257 5263 5258
f 5258 5264 5265
f 5258 5265 5259
f 5258 5263 5266
f 5258 5266 5264
f 5259 5265 5267
f 5259 5267 5268
f 5260 5269 5270
f 5261 5271 5272
f 5261 5272 5262
f 5264 5273 5265
f 5264 5266 5274
f 5264 5274 5275
f 5264 5275 5276
f 5264 5276 5273
f 5265 5273 5267
f 5266 5277 5274
f 5267 5273 5278
f 5267 5278 5268
f 5268 5278 5279
f 5268 5279 5280
f 5268 5280 5281
f 5268 5281 5282
f 5269 5282 5283
f 5269 5283 5270
f 5270 5284 5293
f 5270 5293 5285
f 5270 5283 5286
f 5270 5286 5284
f 5271 5287 5288
f 5271 5288 5272
f 5272 5288 5289
f 5273 5276 5290
f 5273 5290 5279
f 5273 5279 5278
f 5274 5277 5275
f 5275 5290 5276
f 5275 5277 5291
f 5275 5291 5290
f 5279 5290 5292
f 5279 5292 5293
f 5279 5293 5280
f 5280 5293 5281
f 5281 5286 5283
f 5281 5283 5282
f 5281 5293 5286
f 5284 5286 5293
f 5285 5293 5294
f 5285 5294 5295
f 5287 5296 5288
f 5287 5297 5296
f 5288 5296 5289
f 5290 5298 5299
f 5290 5299 5292
f 5290 5291 5300
f 5290 5300 5298
f 5292 5299 5301
f 5292 5301 5302
f 5292 5302 5303
f 5292 5303 5293
f 5293 5303 5294
f 5294 5303 5295
f 5295 5303 5304
f 5296 5297 5305
f 5296 5305 5306
f 5298 5300 5307
f 5298 5307 5299
f 5299 5308 5309
f 5299 5309 5310
f 5299 5310 5301
f 5299 5307 5308
f 5300 5311 5307
f 5301 5310 5312
f 5301 5312 5302
f 5302 5312 5313
f 5302 5313 5314
f 5302 5314 5303
f 5303 5314 5304
f 5305 5315 5306
f 5306 5315 5316
f 5306 5316 5317
f 5307 5318 5319
f 5307 5319 5320
f 5307 5320 5321
f 5307 5321 5322
f 5307 5322 5308
f 5307 5311 5318
f 5308 5322 5323
f 5308 5323 5309
f 5309 5323 5324
f 5309 5324 5310
f 5311 5325 5318
f 5316 5326 5317
f 5317 5326 5327
f 5318 5325 5319
f 5319 5328 5329
f 5319 5329 5330
f 5319 5330 5331
f 5319 5325 5332
f 5319 5332 5333
f 5319 5333 5328
f 5320 5334 5321
f 5321 5334 5322
f 5322 5334 5323
f 5323 5334 5324
f 5326 5335 5336
f 5326 5336 5327
f 5330 5337 5331
f 5331 5337 5338
f 5335 5339 5340
f 5335 5340 5336
f 5337 5340 5341
f 5337 5341 5338
f 5339 5341 5340
f 5342 5343 5344
f 5342 5344 5345
f 5342 5345 5346
f 5342 5346 5347
f 5342 5347 5348
f 5342 5348 5358
f 5342 5358 5377
f 5342 5377 5397
f 5342 5397 5424
f 5342 5424 5445
f 5342 5445 5444
f 5342 5444 5466
f 5342 5466 5486
f 5342 5486 5503
f 5342 5503 5517
f 5342 5517 5518
f 5342 5518 5505
f 5342 5505 5487
f 5342 5487 5468
f 5342 5468 5467
f 5342 5467 5446
f 5342 5446 5425
f 5342 5425 5398
f 5342 5398 5378
f 5342 5378 5359
f 5342 5359 5349
f 5342 5349 5363
f 5342 5363 5386
f 5342 5386 5385
f 5342 5385 5407
f 5342 5407 5405
f 5342 5405 5383
f 5342 5383 5406
f 5342 5406 5430
f 5342 5430 5452
f 5342 5452 5454
f 5342 5454 5477
f 5342 5477 5476
f 5342 5476 5495
f 5342 5495 5496
f 5342 5496 5479
f 5342 5479 5478
f 5342 5478 5459
f 5342 5459 5435
f 5342 5435 5434
f 5342 5434 5418
f 5342 5418 5417
f 5342 5417 5416
f 5342 5416 5415
f 5342 5415 5410
f 5342 5410 5409
f 5342 5409 5388
f 5342 5388 5364
f 5342 5364 5350
f 5342 5350 5343
f 5343 5350 5344
f 5344 5351 5352
f 5344 5352 5353
f 5344 5353 5354
f 5344 5354 5345
f 5344 5350 5351
f 5345 5354 5355
f 5345 5355 5346
f 5346 5355 5347
f 5347 5355 5356
f 5347 5356 5357
f 5347 5357 5358
f 5347 5358 5348
f 5349 5359 5360
f 5349 5360 5361
f 5349 5361 5362
f 5349 5362 5363
f 5350 5364 5351
f 5351 5365 5366
f 5351 5366 5352
f 5351 5364 5367
f 5351 5367 5368
f 5351 5368 5365
f 5352 5365 5353
f 5352 5366 5365
f 5353 5369 5354
f 5353 5365 5370
f 5353 5370 5371
f 5353 5371 5369
f 5354 5369 5372
f 5354 5372 5373
f 5354 5373 5374
f 5354 5374 5355
f 5355 5374 5375
f 5355 5375 5356
f 5356 5375 5395
f 5356 5395 5373
f 5356 5373 5372
f 5356 5372 5371
f 5356 5371 5393
f 5356 5393 5422
f 5356 5422 5442
f 5356 5442 5456
f 5356 5456 5441
f 5356 5441 5440
f 5356 5440 5461
f 5356 5461 5482
f 5356 5482 5484
f 5356 5484 5502
f 5356 5502 5514
f 5356 5514 5513
f 5356 5513 5511
f 5356 5511 5490
f 5356 5490 5470
f 5356 5470 5448
f 5356 5448 5428
f 5356 5428 5403
f 5356 5403 5402
f 5356 5402 5408
f 5356 5408 5400
f 5356 5400 5380
f 5356 5380 5361
f 5356 5361 5360
f 5356 5360 5379
f 5356 5379 5399
f 5356 5399 5427
f 5356 5427 5426
f 5356 5426 5447
f 5356 5447 5469
f 5356 5469 5489
f 5356 5489 5488
f 5356 5488 5509
f 5356 5509 5508
f 5356 5508 5507
f 5356 5507 5506
f 5356 5506 5520
f 5356 5520 5519
f 5356 5519 5516
f 5356 5516 5504
f 5356 5504 5485
f 5356 5485 5465
f 5356 5465 5443
f 5356 5443 5423
f 5356 5423 5396
f 5356 5396 5376
f 5356 5376 5357
f 5357 5376 5377
f 5357 5377 5358
f 5359 5378 5360
f 5360 5378 5379
f 5361 5380 5381
f 5361 5381 5362
f 5362 5382 5383
f 5362 5383 5384
f 5362 5384 5385
f 5362 5385 5386
f 5362 5386 5363
f 5362 5381 5387
f 5362 5387 5382
f 5364 5388 5389
f 5364 5389 5367
f 5365 5368 5389
f 5365 5389 5390
f 5365 5390 5391
f 5365 5391 5392
f 5365 5392 5370
f 5367 5389 5368
f 5369 5371 5372
f 5370 5392 5393
f 5370 5393 5394
f 5370 5394 5371
f 5371 5394 5393
f 5373 5395 5374
f 5374 5395 5375
f 5376 5396 5377
f 5377 5396 5397
f 5378 5398 5379
f 5379 5398 5399
f 5380 5400 5381
f 5381 5400 5387
f 5382 5401 5402
f 5382 5402 5403
f 5382 5403 5404
f 5382 5404 5383
f 5382 5387 5401
f 5383 5405 5384
f 5383 5404 5406
f 5384 5405 5407
f 5384 5407 5385
f 5387 5400 5408
f 5387 5408 5401
f 5388 5409 5389
f 5389 5409 5410
f 5389 5410 5390
f 5390 5411 5412
f 5390 5412 5413
f 5390 5413 5414
f 5390 5414 5391
f 5390 5410 5415
f 5390 5415 5416
f 5390 5416 5417
f 5390 5417 5418
f 5390 5418 5419
f 5390 5419 5420
f 5390 5420 5411
f 5391 5414 5392
f 5392 5414 5413
f 5392 5413 5421
f 5392 5421 5393
f 5393 5421 5422
f 5396 5423 5397
f 5397 5423 5424
f 5398 5425 5426
f 5398 5426 5427
f 5398 5427 5399
f 5401 5408 5402
f 5403 5428 5429
f 5403 5429 5430
f 5403 5430 5406
f 5403 5406 5404
f 5411 5431 5432
f 5411 5432 5413
f 5411 5413 5412
f 5411 5420 5431
f 5413 5432 5433
f 5413 5433 5421
f 5418 5434 5419
f 5419 5434 5435
f 5419 5435 5436
f 5419 5436 5420
f 5420 5436 5437
f 5420 5437 5438
f 5420 5438 5439
f 5420 5439 5440
f 5420 5440 5441
f 5420 5441 5431
f 5421 5433 5422
f 5422 5433 5442
f 5423 5443 5444
f 5423 5444 5445
f 5423 5445 5424
f 5425 5446 5447
f 5425 5447 5426
f 5428 5448 5449
f 5428 5449 5450
f 5428 5450 5451
f 5428 5451 5429
f 5429 5452 5430
f 5429 5451 5453
f 5429 5453 5454
f 5429 5454 5452
f 5431 5441 5455
f 5431 5455 5456
f 5431 5456 5432
f 5432 5456 5457
f 5432 5457 5433
f 5433 5457 5442
f 5435 5458 5436
f 5435 5459 5460
f 5435 5460 5458
f 5436 5458 5437
f 5437 5458 5460
f 5437 5460 5438
f 5438 5461 5462
f 5438 5462 5440
f 5438 5440 5439
f 5438 5460 5463
f 5438 5463 5464
f 5438 5464 5461
f 5440 5462 5461
f 5441 5456 5455
f 5442 5457 5456
f 5443 5465 5466
f 5443 5466 5444
f 5446 5467 5447
f 5447 5468 5469
f 5447 5467 5468
f 5448 5470 5471
f 5448 5471 5449
f 5449 5471 5450
f 5450 5471 5472
f 5450 5472 5473
f 5450 5473 5474
f 5450 5474 5451
f 5451 5474 5453
f 5453 5474 5475
f 5453 5475 5476
f 5453 5476 5477
f 5453 5477 5454
f 5459 5478 5460
f 5460 5478 5479
f 5460 5479 5480
f 5460 5480 5481
f 5460 5481 5464
f 5460 5464 5463
f 5461 5464 5482
f 5464 5481 5483
f 5464 5483 5484
f 5464 5484 5482
f 5465 5485 5486
f 5465 5486 5466
f 5468 5487 5488
f 5468 5488 5489
f 5468 5489 5469
f 5470 5490 5491
f 5470 5491 5492
f 5470 5492 5471
f 5471 5492 5491
f 5471 5491 5493
f 5471 5493 5472
f 5472 5493 5494
f 5472 5494 5473
f 5473 5476 5475
f 5473 5475 5474
f 5473 5494 5476
f 5476 5494 5495
f 5479 5496 5480
f 5480 5496 5497
f 5480 5497 5481
f 5481 5497 5493
f 5481 5493 5498
f 5481 5498 5499
f 5481 5499 5500
f 5481 5500 5501
f 5481 5501 5483
f 5483 5502 5484
f 5483 5501 5502
f 5485 5503 5486
f 5485 5504 5503
f 5487 5505 5506
f 5487 5506 5507
f 5487 5507 5508
f 5487 5508 5509
f 5487 5509 5510
f 5487 5510 5488
f 5488 5510 5509
f 5490 5511 5491
f 5491 5511 5512
f 5491 5512 5499
f 5491 5499 5498
f 5491 5498 5493
f 5493 5497 5494
f 5494 5497 5495
f 5495 5497 5496
f 5499 5511 5513
f 5499 5513 5500
f 5499 5512 5511
f 5500 5513 5514
f 5500 5514 5515
f 5500 5515 5501
f 5501 5515 5502
f 5502 5515 5514
f 5503 5504 5516
f 5503 5516 5517
f 5505 5518 5519
f 5505 5519 5520
f 5505 5520 5506
f 5516 5519 5517
f 5517 5519 5518
f 5521 5522 5523
f 5521 5523 5524
f 5521 5524 5525
f 5521 5525 5526
f 5521 5526 5533
f 5521 5533 5545
f 5521 5545 5556
f 5521 5556 5575
f 5521 5575 5574
f 5521 5574 5573
f 5521 5573 5572
f 5521 5572 5571
f 5521 5571 5570
f 5521 5570 5569
f 5521 5569 5568
f 5521 5568 5567
f 5521 5567 5566
f 5521 5566 5565
f 5521 5565 5564
f 5521 5564 5582
f 5521 5582 5590
f 5521 5590 5596
f 5521 5596 5595
f 5521 5595 5594
f 5521 5594 5601
f 5521 5601 5609
f 5521 5609 5617
f 5521 5617 5623
f 5521 5623 5626
f 5521 5626 5625
f 5521 5625 5630
f 5521 5630 5635
f 5521 5635 5641
f 5521 5641 5642
f 5521 5642 5636
f 5521 5636 5631
f 5521 5631 5627
f 5521 5627 5621
f 5521 5621 5615
f 5521 5615 5607
f 5521 5607 5600
f 5521 5600 5593
f 5521 5593 5591
f 5521 5591 5584
f 5521 5584 5576
f 5521 5576 5559
f 5521 5559 5558
f 5521 5558 5557
f 5521 5557 5550
f 5521 5550 5549
f 5521 5549 5548
f 5521 5548 5537
f 5521 5537 5547
f 5521 5547 5546
f 5521 5546 5535
f 5521 5535 5534
f 5521 5534 5527
f 5521 5527 5522
f 5522 5527 5528
f 5522 5528 5523
f 5523 5528 5529
f 5523 5529 5538
f 5523 5538 5551
f 5523 5551 5560
f 5523 5560 5577
f 5523 5577 5585
f 5523 5585 5592
f 5523 5592 5599
f 5523 5599 5606
f 5523 5606 5616
f 5523 5616 5622
f 5523 5622 5628
f 5523 5628 5632
f 5523 5632 5637
f 5523 5637 5643
f 5523 5643 5647
f 5523 5647 5649
f 5523 5649 5648
f 5523 5648 5644
f 5523 5644 5638
f 5523 5638 5633
f 5523 5633 5629
f 5523 5629 5624
f 5523 5624 5620
f 5523 5620 5619
f 5523 5619 5618
f 5523 5618 5611
f 5523 5611 5610
f 5523 5610 5603
f 5523 5603 5602
f 5523 5602 5597
f 5523 5597 5587
f 5523 5587 5579
f 5523 5579 5562
f 5523 5562 5552
f 5523 5552 5540
f 5523 5540 5544
f 5523 5544 5539
f 5523 5539 5531
f 5523 5531 5530
f 5523 5530 5525
f 5523 5525 5524
f 5525 5530 5526
f 5526 5530 5531
f 5526 5531 5532
f 5526 5532 5533
f 5527 5534 5529
f 5527 5529 5528
f 5529 5534 5535
f 5529 5535 5536
f 5529 5536 5537
f 5529 5537 5538
f 5531 5539 5532
f 5532 5540 5541
f 5532 5541 5542
f 5532 5542 5543
f 5532 5543 5533
f 5532 5539 5544
f 5532 5544 5540
f 5533 5543 5545
f 5535 5546 5536
f 5536 5546 5547
f 5536 5547 5537
f 5537 5548 5538
f 5538 5548 5549
f 5538 5549 5550
f 5538 5550 5551
f 5540 5552 5561
f 5540 5561 5578
f 5540 5578 5583
f 5540 5583 5581
f 5540 5581 5563
f 5540 5563 5555
f 5540 5555 5543
f 5540 5543 5542
f 5540 5542 5553
f 5540 5553 5554
f 5540 5554 5541
f 5541 5554 5542
f 5542 5554 5553
f 5543 5555 5556
f 5543 5556 5545
f 5550 5557 5551
f 5551 5557 5558
f 5551 5558 5559
f 5551 5559 5560
f 5552 5562 5561
f 5555 5563 5564
f 5555 5564 5565
f 5555 5565 5566
f 5555 5566 5567
f 5555 5567 5568
f 5555 5568 5569
f 5555 5569 5570
f 5555 5570 5571
f 5555 5571 5572
f 5555 5572 5573
f 5555 5573 5574
f 5555 5574 5575
f 5555 5575 5556
f 5559 5576 5560
f 5560 5576 5577
f 5561 5562 5578
f 5562 5579 5580
f 5562 5580 5578
f 5563 5581 5564
f 5564 5581 5583
f 5564 5583 5582
f 5576 5584 5577
f 5577 5584 5585
f 5578 5580 5586
f 5578 5586 5582
f 5578 5582 5583
f 5579 5587 5580
f 5580 5587 5588
f 5580 5588 5589
f 5580 5589 5586
f 5582 5586 5590
f 5584 5591 5585
f 5585 5591 5593
f 5585 5593 5592
f 5586 5594 5595
f 5586 5595 5596
f 5586 5596 5590
f 5586 5589 5594
f 5587 5597 5598
f 5587 5598 5588
f 5588 5598 5589
f 5589 5598 5594
f 5592 5593 5599
f 5593 5600 5599
f 5594 5598 5601
f 5597 5602 5598
f 5598 5602 5603
f 5598 5603 5604
f 5598 5604 5605
f 5598 5605 5601
f 5599 5600 5606
f 5600 5607 5606
f 5601 5605 5608
f 5601 5608 5609
f 5603 5610 5604
f 5604 5611 5612
f 5604 5612 5613
f 5604 5613 5614
f 5604 5614 5605
f 5604 5610 5611
f 5605 5614 5609
f 5605 5609 5608
f 5606 5607 5615
f 5606 5615 5616
f 5609 5614 5617
f 5611 5618 5612
f 5612 5618 5619
f 5612 5619 5620
f 5612 5620 5613
f 5613 5620 5617
f 5613 5617 5614
f 5615 5621 5616
f 5616 5621 5622
f 5617 5620 5623
f 5620 5624 5625
f 5620 5625 5626
f 5620 5626 5623
f 5621 5627 5622
f 5622 5627 5628
f 5624 5629 5630
f 5624 5630 5625
f 5627 5631 5628
f 5628 5631 5632
f 5629 5633 5634
f 5629 5634 5635
f 5629 5635 5630
f 5631 5636 5637
f 5631 5637 5632
f 5633 5638 5635
f 5633 5635 5634
f 5635 5638 5639
f 5635 5639 5640
f 5635 5640 5641
f 5636 5642 5637
f 5637 5642 5643
f 5638 5644 5640
f 5638 5640 5639
f 5640 5644 5645
f 5640 5645 5646
f 5640 5646 5641
f 5641 5646 5642
f 5642 5645 5643
f 5642 5646 5645
f 5643 5645 5647
f 5644 5648 5645
f 5645 5648 5649
f 5645 5649 5647

