# https://github.com/mikedh/trimesh
v 0.18006900 -0.16507900 0.31512000
v 0.18175100 -0.13514900 0.31513200
v 0.16732700 -0.16700700 0.31398100
v 0.17203100 -0.13326300 0.31398500
v 0.17714100 -0.13282500 0.31472000
v 0.17504000 -0.12784500 0.31476300
v 0.18241900 -0.14042000 0.31497200
v 0.17519700 -0.13968300 0.31405100
v 0.16584900 -0.15116200 0.31315700
v 0.16897200 -0.14139600 0.31339000
v 0.17459000 -0.16945700 0.31477500
v 0.17412500 -0.16131800 0.31435900
v 0.17133500 -0.14617400 0.31346000
v 0.16664600 -0.15823500 0.31360400
v 0.16266400 -0.16328300 0.31331100
v 0.16140400 -0.15868700 0.31315900
v 0.16887500 -0.12720900 0.31386200
v 0.18771200 -0.13709700 0.31562200
v 0.18944500 -0.14512100 0.31583300
v 0.18960000 -0.15417600 0.31606800
v 0.18675800 -0.16644300 0.31600500
v 0.16941500 -0.21017000 0.31405700
v 0.17128200 -0.21225100 0.31417800
v 0.18054700 -0.19459000 0.31571300
v 0.17672100 -0.19160100 0.31534100
v 0.18814800 -0.19433000 0.31597200
v 0.16704100 -0.18091700 0.31463400
v 0.16963400 -0.17373200 0.31464600
v 0.17274000 -0.18578300 0.31506600
v 0.16486300 -0.19139300 0.31418600
v 0.16688900 -0.18748000 0.31447500
v 0.18022400 -0.18327800 0.31590400
v 0.18205500 -0.18936300 0.31594300
v 0.18756800 -0.18514100 0.31648300
v 0.19007700 -0.17010200 0.32489700
v 0.18174600 -0.17398100 0.31576400
v 0.18767200 -0.17376800 0.31636800
v 0.17449900 -0.17771900 0.31520700
v 0.18647600 -0.16735900 0.32517500
v 0.18851100 -0.17497100 0.32489200
v 0.18336100 -0.18010300 0.32505600
v 0.18819400 -0.18128500 0.32479100
v 0.18219200 -0.18600300 0.32510900
v 0.18760200 -0.18650600 0.32492500
v 0.18040200 -0.19209600 0.32487600
v 0.16626100 -0.20916600 0.31411300
v 0.17420000 -0.21014800 0.31444900
v 0.17590300 -0.20536300 0.31492500
v 0.17936300 -0.20380600 0.31553200
v 0.16821600 -0.20671100 0.31423700
v 0.17125200 -0.20384300 0.31439500
v 0.16082700 -0.18903500 0.31422300
v 0.16381200 -0.18799600 0.31430200
v 0.18822200 -0.20334900 0.32474200
v 0.17006800 -0.19429500 0.31444800
v 0.18858600 -0.18935900 0.31631400
v 0.18257200 -0.15667000 0.31504600
v 0.13849900 -0.18941800 0.32190400
v 0.18050000 -0.14688500 0.31456400
v 0.17900800 -0.09897700 0.31552400
v 0.18091000 -0.11205200 0.32456200
v 0.17560900 -0.12089800 0.31559500
v 0.16206900 -0.11328500 0.31399700
v 0.17324000 -0.13427100 0.32513300
v 0.18138600 -0.10573300 0.32495200
v 0.16689600 -0.01011200 0.31468300
v 0.17555700 -0.10998500 0.32482300
v 0.17933100 -0.11086300 0.32472600
v 0.16817000 -0.12052900 0.31416500
v 0.17261400 -0.11815400 0.31539200
v 0.16509200 -0.13806900 0.31336200
v 0.16250600 -0.14002900 0.31329900
v 0.19329200 -0.02094400 0.32582800
v 0.16041500 -0.14173900 0.31347300
v 0.16961700 -0.13697100 0.31364900
v 0.14555200 -0.15068700 0.32144100
v 0.16732000 -0.13275700 0.31349900
v 0.16222300 -0.11900900 0.31353600
v 0.14429100 -0.04206500 0.31474400
v 0.17249100 -0.11910500 0.32508100
v 0.18127600 -0.12774000 0.31546600
v 0.16570600 -0.14474200 0.31307000
v 0.16254200 -0.14291200 0.31313300
v 0.17047200 -0.11454200 0.31518200
v 0.18712400 -0.14225900 0.31549200
v 0.19490800 -0.14065800 0.31630900
v 0.17351200 -0.15317500 0.31383000
v 0.17235500 -0.12338500 0.31476800
v 0.17524400 -0.12391800 0.31517700
v 0.16413800 -0.13253200 0.31346600
v 0.16305200 -0.13502900 0.31354100
v 0.18664900 -0.12216500 0.31599000
v 0.16384200 -0.15523200 0.31328000
v 0.16065700 -0.15403700 0.31308400
v 0.16215700 -0.13263300 0.31370300
v 0.15627200 -0.15610300 0.31299000
v 0.16645400 -0.11434100 0.31434000
v 0.15911600 -0.19338600 0.31435800
v 0.15329300 -0.17683600 0.31369500
v 0.16418900 -0.11968300 0.31355900
v 0.16371800 -0.11132000 0.31410100
v 0.16593800 -0.10784100 0.31480400
v 0.19535000 -0.10315200 0.31585400
v 0.20017900 -0.10336000 0.31607600
v 0.18974300 -0.09118300 0.31551600
v 0.19283000 -0.10671400 0.31593400
v 0.17351400 -0.12360800 0.32531900
v 0.20796100 -0.14594400 0.31831700
v 0.20663800 0.00863900 0.31744300
v 0.20720500 0.00911400 0.31828900
v 0.20797600 0.00711400 0.31773800
v 0.20821600 0.00783000 0.31869100
v 0.19148900 -0.11239300 0.31603100
v 0.19137800 -0.11747100 0.31619600
v 0.18790900 -0.12929900 0.31597900
v 0.17047600 -0.13287200 0.32539700
v 0.18973800 -0.12488600 0.31628100
v 0.19944200 -0.12586300 0.31659900
v 0.19200300 -0.12691300 0.31645200
v 0.19451700 -0.13273600 0.31635300
v 0.19433400 -0.11917000 0.31654600
v 0.19715800 -0.12152500 0.31657800
v 0.19674800 -0.11668400 0.31647900
v 0.20943900 -0.13765800 0.31858900
v 0.20666800 -0.12033900 0.31735900
v 0.20842700 -0.13288100 0.31837800
v 0.20550800 -0.20588600 0.31654500
v 0.20636600 -0.20433500 0.31677500
v 0.19965400 -0.11186700 0.31635500
v 0.20838200 -0.12664300 0.31812400
v 0.20743000 -0.11910100 0.31756700
v 0.21013700 -0.11998700 0.31902100
v 0.20924900 -0.12386100 0.31850700
v 0.20782100 -0.11508200 0.31761400
v 0.21311000 -0.08909000 0.31963400
v 0.20616400 -0.10339400 0.31698500
v 0.20814800 -0.10198000 0.31748600
v 0.21077700 -0.11199900 0.31998900
v 0.21064500 -0.10374600 0.31861300
v 0.15298900 -0.15811500 0.31307300
v 0.15808500 -0.15861300 0.31297300
v 0.15485600 -0.18652900 0.31428600
v 0.15516900 -0.17156000 0.31310900
v 0.15478900 -0.16082500 0.31273100
v 0.15709600 -0.16458700 0.31264900
v 0.19077000 -0.09460000 0.31553200
v 0.15682700 -0.14777000 0.31316300
v 0.15033900 -0.15910200 0.31357600
v 0.14253500 -0.00204100 0.31441300
v 0.19333900 -0.09225200 0.31569000
v 0.15399200 -0.15412800 0.31312900
v 0.16011800 -0.16921700 0.31318300
v 0.15289400 -0.16856700 0.31295000
v 0.16018700 -0.18210600 0.31404600
v 0.15942300 -0.14599700 0.31303800
v 0.16181700 -0.14812700 0.31287600
v 0.15414200 -0.15042600 0.31326900
v 0.21011800 -0.08236300 0.31762200
v 0.21176700 -0.08497900 0.31866200
v 0.19924800 -0.08426200 0.31628200
v 0.20843900 -0.08358800 0.31745900
v 0.15193500 -0.15300900 0.31324300
v 0.20652300 -0.10031100 0.31704300
v 0.15779700 -0.14478900 0.31345200
v 0.15683600 -0.18698300 0.31419100
v 0.21178000 -0.10547100 0.32064800
v 0.21245100 -0.08436700 0.32310500
v 0.21300500 -0.09101400 0.32172600
v 0.20881800 -0.09336300 0.32501200
v 0.20903100 -0.09740500 0.32501600
v 0.21125900 -0.12141500 0.32042100
v 0.21186400 -0.09348400 0.32361300
v 0.21084900 -0.10255300 0.32433300
v 0.18853400 -0.11084800 0.32568300
v 0.19150200 -0.12538900 0.32542500
v 0.21036600 -0.13916100 0.31917000
v 0.15765100 -0.15076500 0.31293300
v 0.15744500 -0.20793500 0.31458000
v 0.15767100 -0.21066900 0.31399500
v 0.19595800 -0.12649700 0.31664200
v 0.19461300 -0.14672800 0.31657800
v 0.18918600 -0.14977600 0.31590100
v 0.15364600 -0.18316700 0.31399000
v 0.15276400 -0.21213500 0.31396400
v 0.16742700 -0.13183400 0.32517400
v 0.19272700 -0.15545900 0.31659400
v 0.19013700 -0.15923400 0.31629300
v 0.15042100 -0.17960000 0.31406100
v 0.16220200 -0.19407000 0.31410600
v 0.19204600 -0.17176500 0.31656400
v 0.18359900 -0.19573200 0.32473700
v 0.18639400 -0.19204800 0.32495200
v 0.15315400 -0.17206900 0.32544200
v 0.15511300 -0.17240600 0.32577100
v 0.15381600 -0.18311100 0.32474000
v 0.18688800 -0.09663500 0.31587800
v 0.19313800 -0.16500900 0.31668200
v 0.15619000 -0.17645400 0.32562700
v 0.17962200 -0.16461000 0.32501100
v 0.19667900 -0.17610400 0.31697200
v 0.19641100 -0.16996800 0.31678300
v 0.18171500 -0.16622500 0.32524400
v 0.18372500 -0.19572100 0.31584800
v 0.20954700 -0.14535000 0.31901400
v 0.20824600 -0.15245900 0.31832700
v 0.20810400 -0.15796700 0.31838300
v 0.20849000 -0.16130600 0.31827800
v 0.20999600 -0.14938700 0.31903300
v 0.20933500 -0.15660500 0.31869500
v 0.20852400 -0.17176300 0.31807900
v 0.20760100 -0.19896100 0.31692900
v 0.20773900 -0.19517700 0.31693800
v 0.20847400 -0.17661800 0.31832700
v 0.20729000 -0.17235100 0.31768700
v 0.21033300 -0.15449300 0.31941600
v 0.20944000 -0.17177200 0.31918200
v 0.21076200 -0.16309200 0.31952200
v 0.20667100 -0.16524500 0.32503900
v 0.20819300 -0.16693000 0.32448400
v 0.20894900 -0.16045000 0.32449800
v 0.20815200 -0.19848800 0.31777400
v 0.20585900 -0.20900900 0.31646100
v 0.20457100 -0.21192600 0.31637000
v 0.19304400 -0.16191300 0.32485000
v 0.15688000 -0.05406500 0.31471400
v 0.15552400 -0.03617100 0.31499600
v 0.15603900 -0.04253400 0.31487700
v 0.15558700 -0.02010600 0.32455100
v 0.15446300 -0.01582600 0.32467700
v 0.18639100 -0.21014900 0.32519900
v 0.16412800 -0.02796800 0.32587500
v 0.17909300 -0.20748700 0.31512700
v 0.17909900 -0.21134500 0.31490900
v 0.17574300 -0.21419500 0.31452000
v 0.18464500 -0.16249200 0.32538900
v 0.18255800 -0.20506900 0.31591700
v 0.18370600 -0.20355300 0.31599400
v 0.16959900 -0.21405800 0.31412200
v 0.15597000 -0.21408400 0.31376400
v 0.16285800 -0.20967500 0.31427900
v 0.16546500 -0.20612400 0.31444000
v 0.16025100 -0.21322000 0.31384000
v 0.16181500 -0.21532200 0.31402500
v 0.16308200 -0.20711900 0.31457300
v 0.14073200 -0.20217900 0.32377900
v 0.16520700 -0.21312700 0.31406700
v 0.17624300 -0.21632300 0.31487700
v 0.18689000 -0.19765000 0.32491600
v 0.16042600 -0.19910600 0.31481700
v 0.16353400 -0.19823300 0.31444600
v 0.16740900 -0.19986800 0.31424600
v 0.16337900 -0.17461100 0.31394800
v 0.17333300 -0.19257700 0.32460900
v 0.17715900 -0.18765900 0.32499200
v 0.18468900 -0.19786000 0.31568700
v 0.16175300 -0.17946100 0.32568900
v 0.18697900 -0.19908200 0.31579100
v 0.19232700 -0.18454000 0.32470700
v 0.16342600 -0.18525700 0.31432100
v 0.15670500 -0.16354000 0.32482300
v 0.16893100 -0.16978800 0.32445500
v 0.16145900 -0.20471900 0.31578400
v 0.16318500 -0.16126400 0.32402800
v 0.15914900 -0.15988800 0.32458100
v 0.16057500 -0.16477800 0.32454000
v 0.15731300 -0.18122900 0.32529300
v 0.15614000 -0.18573600 0.32487400
v 0.17326100 -0.17715600 0.32521700
v 0.16629100 -0.17292600 0.32504500
v 0.15858200 -0.17742300 0.32579000
v 0.16496100 -0.18308600 0.32521800
v 0.18482300 -0.19161800 0.31599300
v 0.17181700 -0.19881800 0.32428700
v 0.19187200 -0.16633300 0.32481000
v 0.18607800 -0.17890700 0.31642400
v 0.20799500 -0.05986500 0.32570600
v 0.19111600 -0.17808700 0.31673700
v 0.18905700 -0.16010000 0.32504300
v 0.15134800 -0.06629300 0.31792300
v 0.19035000 -0.19813700 0.31595900
v 0.19440200 -0.19521100 0.31648900
v 0.18054100 -0.17337800 0.32521600
v 0.19353600 -0.18161500 0.31685300
v 0.19273600 -0.18819000 0.31668300
v 0.17024800 -0.18252400 0.32508900
v 0.16004500 -0.17497300 0.32592200
v 0.17553500 -0.17230200 0.32504600
v 0.17075500 -0.17346600 0.32501200
v 0.18798500 -0.15450200 0.32504500
v 0.15582600 -0.15975700 0.32483400
v 0.16238400 -0.15644300 0.32429900
v 0.15753300 -0.17452000 0.32589400
v 0.16152300 -0.17228200 0.32560200
v 0.16955600 -0.12855000 0.32550900
v 0.15172300 -0.03253100 0.31446600
v 0.15182600 -0.02786300 0.31442400
v 0.15507800 -0.02995300 0.31501300
v 0.15358500 -0.02549200 0.31478100
v 0.15034400 -0.02378600 0.31435200
v 0.16996500 -0.12337500 0.32550300
v 0.15184900 -0.04397400 0.31430100
v 0.14994600 -0.04769100 0.31417200
v 0.15406700 -0.04838100 0.31451400
v 0.15785900 -0.04806200 0.31487000
v 0.15223400 -0.05308200 0.31434500
v 0.18900500 -0.12343700 0.32549700
v 0.19780500 0.00934500 0.32456400
v 0.19800500 0.00870300 0.32525000
v 0.17099700 -0.13006200 0.32544000
v 0.17243800 -0.13105700 0.32527600
v 0.17249300 -0.12758500 0.32545200
v 0.17519800 -0.00114300 0.32561100
v 0.19508800 -0.13992100 0.32538500
v 0.18860000 -0.14627200 0.32535400
v 0.17044800 0.00040500 0.32582600
v 0.19120800 -0.14232200 0.32554200
v 0.19374700 -0.14656200 0.32506400
v 0.17868200 0.00550100 0.32514800
v 0.18273000 0.00451700 0.32543200
v 0.17843800 0.00018900 0.32543700
v 0.17372500 -0.00489000 0.32597100
v 0.18217700 0.00084000 0.32551900
v 0.18534300 -0.00112400 0.32561900
v 0.18356900 -0.00326500 0.32546200
v 0.18269900 -0.00961600 0.32506800
v 0.21122300 -0.12555900 0.32339800
v 0.17924500 -0.00535400 0.32544700
v 0.18134700 0.00645900 0.32519200
v 0.20955200 -0.12544500 0.32449400
v 0.20790700 -0.13141800 0.32512600
v 0.20768700 -0.12211200 0.32519200
v 0.18088400 -0.00204200 0.32541300
v 0.17399100 -0.01915300 0.32606200
v 0.18382800 -0.01903700 0.32474900
v 0.18405400 -0.01371700 0.32471500
v 0.18758000 -0.01996300 0.32463700
v 0.17568800 -0.04149900 0.31534300
v 0.17479700 -0.05860700 0.31531900
v 0.16879700 -0.06329000 0.31495800
v 0.21191300 -0.15295500 0.32293700
v 0.17179000 -0.06138300 0.31504700
v 0.21041200 -0.13396300 0.32387400
v 0.21102400 -0.14479500 0.32381300
v 0.16668900 -0.05754100 0.31483200
v 0.15758300 -0.03919700 0.31512600
v 0.18709400 -0.15081000 0.32528200
v 0.19248400 -0.15351600 0.32474600
v 0.17832600 -0.05929300 0.31576000
v 0.17174400 -0.05506800 0.31497400
v 0.17729100 -0.05288800 0.31568900
v 0.17355500 -0.08168600 0.31566100
v 0.19173200 -0.13837000 0.32558600
v 0.19455300 -0.13511600 0.32527200
v 0.17111500 -0.03911800 0.31521200
v 0.16916800 -0.04931300 0.31484000
v 0.16468700 -0.05368000 0.31496700
v 0.16609400 -0.05064800 0.31485600
v 0.18247700 -0.04565900 0.31599800
v 0.17707600 -0.01556100 0.32565000
v 0.18092000 -0.01628700 0.32501300
v 0.16327000 -0.03725600 0.31500500
v 0.19658700 -0.15070900 0.32483200
v 0.17544200 -0.00913600 0.32582400
v 0.18444800 -0.00672400 0.32515100
v 0.16831800 -0.03462600 0.31478600
v 0.17874500 -0.02348300 0.31606900
v 0.18010200 -0.03819300 0.31569400
v 0.16497600 -0.02465400 0.31489800
v 0.16847000 -0.01640100 0.31507400
v 0.17018800 -0.02011800 0.31526700
v 0.17347100 -0.02620400 0.31551900
v 0.16411600 -0.02848100 0.31480400
v 0.16851500 -0.02408200 0.31506900
v 0.16809400 -0.02891200 0.31486900
v 0.18459800 -0.05287100 0.31634200
v 0.16562100 -0.01930900 0.31499600
v 0.18995800 -0.15037300 0.32504000
v 0.17652400 -0.01446300 0.31565800
v 0.17514000 -0.01916900 0.31571900
v 0.16644000 -0.01549400 0.31490800
v 0.18231400 -0.02565200 0.31643500
v 0.17531500 -0.03118500 0.31553500
v 0.17986800 -0.03083800 0.31615900
v 0.18375400 -0.02865400 0.31664400
v 0.21094500 -0.15365400 0.32434700
v 0.20990700 -0.15675200 0.32457400
v 0.17479800 -0.03540400 0.31535000
v 0.18131400 -0.05167800 0.31609200
v 0.17168300 -0.01657800 0.32595200
v 0.17283800 -0.01257900 0.32594400
v 0.16548400 -0.03146800 0.31469100
v 0.17242400 -0.03142000 0.31515000
v 0.17977200 -0.01715500 0.31608400
v 0.20896400 -0.15592200 0.32493500
v 0.17510700 -0.00987300 0.31524700
v 0.17438500 -0.04781600 0.31527200
v 0.17141300 -0.00391700 0.31509900
v 0.17979400 -0.00681700 0.31578100
v 0.17263700 0.00358700 0.31536600
v 0.17481100 0.00644800 0.31574000
v 0.20918100 -0.13996400 0.32452100
v 0.17213400 -0.01538600 0.31534200
v 0.19066300 -0.13348600 0.32543500
v 0.18542600 -0.13457900 0.32547600
v 0.18793000 -0.14000100 0.32571300
v 0.18397200 -0.14025300 0.32535400
v 0.18452900 0.00265100 0.31576100
v 0.18474100 -0.14851600 0.32544700
v 0.18538700 -0.18312300 0.32497700
v 0.17583700 0.00946000 0.31610200
v 0.17390300 0.00948700 0.31615400
v 0.17667000 -0.00367500 0.31538900
v 0.18073600 -0.00039300 0.31563700
v 0.17861200 0.00174100 0.31556600
v 0.20981200 -0.00122600 0.31726800
v 0.17371100 0.00036500 0.31521300
v 0.21009800 0.00122300 0.31799000
v 0.20991000 -0.00457000 0.31745600
v 0.21037200 -0.00913600 0.31749600
v 0.20740100 -0.16151800 0.32480900
v 0.21301600 -0.07323300 0.32187900
v 0.20730300 -0.21501800 0.32328700
v 0.20862300 -0.00262100 0.31706300
v 0.21346900 -0.01163400 0.32045300
v 0.21206900 -0.01267800 0.31867400
v 0.20894200 0.00167400 0.31710200
v 0.20835200 -0.00628600 0.31717800
v 0.20961600 -0.18281800 0.31846300
v 0.20999500 -0.18184400 0.31986600
v 0.21030200 -0.17530400 0.31938500
v 0.21023200 -0.01717700 0.31765300
v 0.20348800 -0.21889200 0.32412900
v 0.21211400 -0.02761100 0.32015300
v 0.20590700 -0.21414700 0.32527200
v 0.21194600 -0.03279000 0.32056800
v 0.20433900 -0.21401100 0.32583300
v 0.21121600 -0.03700600 0.31971900
v 0.21086200 -0.03890300 0.31896700
v 0.18308700 -0.02069000 0.31629600
v 0.20767000 -0.21106200 0.32354600
v 0.20082000 -0.04847400 0.31673700
v 0.19915900 -0.05846600 0.31622000
v 0.20473900 -0.04973200 0.31739300
v 0.20481900 -0.21898100 0.32332900
v 0.20171700 -0.05354200 0.31669200
v 0.20262100 -0.05846700 0.31665400
v 0.21174100 -0.06418900 0.31993300
v 0.21160500 -0.05467600 0.31997000
v 0.21159000 -0.04458400 0.31927500
v 0.21039400 -0.05858200 0.31834400
v 0.19872600 -0.06402700 0.31599400
v 0.19204500 -0.08706500 0.31558900
v 0.19146800 -0.08286800 0.31561500
v 0.20809200 -0.20883700 0.31848000
v 0.19366400 -0.08235700 0.31542500
v 0.20176200 -0.06426200 0.31631200
v 0.19688400 -0.06676300 0.31572200
v 0.20755500 -0.21451800 0.31885500
v 0.19829900 -0.01253600 0.32664300
v 0.20673100 -0.21754600 0.31827100
v 0.21129000 -0.02315800 0.31866300
v 0.20679900 -0.21768700 0.31957700
v 0.21025900 -0.02299500 0.31758500
v 0.21320800 -0.02250500 0.32040200
v 0.21367200 -0.01647100 0.32016600
v 0.20563200 -0.21945800 0.31858500
v 0.21074200 -0.02034700 0.32547000
v 0.15998200 -0.09392800 0.32458900
v 0.20813600 -0.18248300 0.32466700
v 0.20632900 -0.21894100 0.32058400
v 0.20856700 -0.17428300 0.32424900
v 0.20692500 -0.18127500 0.32496100
v 0.20628500 -0.18894100 0.32520500
v 0.20743300 -0.17418000 0.32460700
v 0.18347800 -0.03095300 0.32540300
v 0.21259100 -0.03956900 0.32139000
v 0.21260100 -0.04904500 0.32154000
v 0.21058800 -0.02525600 0.32548400
v 0.21127300 -0.02329600 0.32509100
v 0.21011700 -0.02125600 0.32562300
v 0.18296100 -0.03860600 0.32522500
v 0.21148300 -0.04141500 0.32460500
v 0.20469500 -0.22004300 0.32064200
v 0.21063400 -0.04295400 0.32528000
v 0.20935000 -0.04216600 0.32557000
v 0.21003400 -0.02874600 0.32553000
v 0.20904000 -0.02856900 0.32576300
v 0.20947300 -0.03145000 0.32566900
v 0.19144300 -0.19037300 0.32499700
v 0.20223100 -0.02410300 0.32676000
v 0.16369900 -0.19332500 0.32436600
v 0.18184600 -0.02443200 0.32536000
v 0.17513400 -0.02515000 0.32619800
v 0.17895600 -0.02575700 0.32567400
v 0.17148400 -0.02295900 0.32636300
v 0.17309900 -0.03096900 0.32622300
v 0.16874800 -0.02610600 0.32634900
v 0.18131700 -0.02748000 0.32550900
v 0.17210900 -0.02629400 0.32637700
v 0.16488000 -0.02385700 0.32601800
v 0.17608100 -0.04140900 0.32586500
v 0.17388300 -0.03920200 0.32585900
v 0.20290300 -0.21788800 0.31605900
v 0.17164200 -0.03639400 0.32586600
v 0.17381400 -0.04292700 0.32589400
v 0.17956900 -0.04197400 0.32563800
v 0.19405300 -0.03349000 0.32571000
v 0.17730000 -0.03651100 0.32564300
v 0.17622200 -0.04572600 0.32577100
v 0.20485400 -0.21895300 0.31728300
v 0.18379700 -0.04290000 0.32552600
v 0.18133000 -0.04660000 0.32551700
v 0.20367500 -0.21971600 0.31770800
v 0.20590200 -0.21675300 0.31690100
v 0.20371200 -0.21850200 0.31656100
v 0.19187200 -0.17941400 0.32472000
v 0.19173400 -0.19718100 0.32495200
v 0.18484900 -0.02668100 0.32546100
v 0.17807200 -0.05072700 0.32552000
v 0.16721200 -0.17792800 0.32540200
v 0.20860000 -0.04487600 0.32570200
v 0.14863900 -0.05206900 0.31416900
v 0.16057800 -0.18593900 0.32491200
v 0.17691400 -0.18197100 0.32514400
v 0.18477300 -0.15830200 0.32521600
v 0.16775600 -0.19959600 0.32433500
v 0.16363400 -0.17268100 0.32531300
v 0.17580700 -0.16949100 0.32485200
v 0.16351200 -0.17045200 0.32491100
v 0.16558700 -0.16916000 0.32442500
v 0.15533500 -0.16935800 0.32561800
v 0.15731900 -0.16735200 0.32519800
v 0.15800600 -0.17124500 0.32583100
v 0.21133200 -0.04611600 0.32480100
v 0.21202000 -0.04827300 0.32418900
v 0.21227100 -0.04061500 0.32402800
v 0.15037200 -0.06531400 0.31646300
v 0.21286600 -0.04491700 0.32320900
v 0.15573800 -0.19371600 0.32416600
v 0.18426500 -0.19864900 0.32462300
v 0.16262200 -0.00624000 0.31651800
v 0.16289300 -0.00758700 0.31639200
v 0.20201300 -0.21959300 0.31792200
v 0.20096100 -0.07767300 0.31637200
v 0.20356000 -0.08106900 0.31700600
v 0.16642600 -0.19603300 0.32436700
v 0.21133100 -0.07654200 0.32437600
v 0.20251200 -0.21924900 0.31705400
v 0.17821300 -0.16828100 0.32495300
v 0.20972600 -0.07187700 0.32515300
v 0.16658100 -0.18907100 0.32466100
v 0.20746400 -0.08027600 0.32567100
v 0.20665100 0.00701200 0.32659000
v 0.20764700 0.00566900 0.32648900
v 0.20913300 -0.08022100 0.32514500
v 0.16025600 -0.19200600 0.32436900
v 0.17248300 -0.18670500 0.32484300
v 0.19722000 -0.00651300 0.32707900
v 0.21145700 -0.09031900 0.31849300
v 0.17354300 -0.21273500 0.32467300
v 0.17946500 -0.19822100 0.32434200
v 0.17684300 -0.19967200 0.31536400
v 0.17986800 -0.08019500 0.31624900
v 0.17649900 -0.08514100 0.31614200
v 0.18148800 -0.20341400 0.32431500
v 0.17879400 -0.20661300 0.32434600
v 0.17742700 -0.20988000 0.32461300
v 0.16876900 -0.20335500 0.32429100
v 0.18092300 -0.05525200 0.31614400
v 0.21042200 -0.09372300 0.31803100
v 0.20822300 -0.09323200 0.31765000
v 0.20963700 -0.09780600 0.31790700
v 0.17710000 -0.07541800 0.32563500
v 0.18338100 -0.07618200 0.32522500
v 0.18015100 -0.07084300 0.32523700
v 0.16251700 -0.19892000 0.32417600
v 0.18289900 -0.21161400 0.31535100
v 0.15848500 -0.19629800 0.32396200
v 0.20712200 -0.21610100 0.32180400
v 0.17556500 -0.20300600 0.32418500
v 0.20608700 -0.21807500 0.32292700
v 0.17548800 -0.07517300 0.31563400
v 0.17124700 -0.04147800 0.32566600
v 0.18856600 -0.20034900 0.32510500
v 0.20549700 -0.21918400 0.32204400
v 0.19040500 -0.20255400 0.32513700
v 0.17547200 -0.07073800 0.32552300
v 0.16726100 -0.02180200 0.32609500
v 0.17951000 -0.21627100 0.32469100
v 0.17799100 -0.21756700 0.32465800
v 0.18040000 -0.21293000 0.32478400
v 0.18175500 -0.20885400 0.32468500
v 0.18506000 -0.21457300 0.32511300
v 0.20009600 -0.02534300 0.32674200
v 0.21110900 -0.05195800 0.32523300
v 0.17232700 -0.21633900 0.32452500
v 0.19083300 -0.21188300 0.32525800
v 0.20956800 -0.05197400 0.32562400
v 0.18521800 -0.21660900 0.32486500
v 0.20909200 -0.06037000 0.32548100
v 0.20843100 -0.05799300 0.32553300
v 0.20988900 -0.05635500 0.32552500
v 0.18873000 -0.21434400 0.32521300
v 0.20890800 -0.06351500 0.32554400
v 0.20664100 -0.06207900 0.32604000
v 0.17597000 -0.21590600 0.32468400
v 0.18243100 -0.20624000 0.32448100
v 0.17854700 -0.03020000 0.32567400
v 0.15439400 -0.17893400 0.32498500
v 0.19403200 -0.15786600 0.32481500
v 0.19917200 0.00840100 0.31667700
v 0.16334200 -0.17515400 0.32559000
v 0.18775600 -0.21725400 0.32496800
v 0.18645000 -0.20830600 0.31576000
v 0.19942300 -0.10701600 0.31613900
v 0.18635800 -0.21200200 0.31542500
v 0.17507800 -0.10022000 0.31538500
v 0.19243800 0.00908100 0.31683900
v 0.19125700 0.00897100 0.31687900
v 0.15634800 -0.18962900 0.32460700
v 0.18898000 -0.20937400 0.31578900
v 0.16759200 -0.20378700 0.31427800
v 0.16490800 -0.20231900 0.31456300
v 0.16322800 -0.20231800 0.31475000
v 0.20104300 -0.13654000 0.31662300
v 0.16583900 -0.19567900 0.31412700
v 0.18259600 -0.21599200 0.32485400
v 0.17273600 0.00794400 0.31574600
v 0.17309500 -0.20781200 0.32436500
v 0.17065000 -0.21485200 0.32439200
v 0.15723900 -0.17645600 0.31362200
v 0.15651200 -0.19085500 0.31476700
v 0.15535300 -0.18850000 0.31456100
v 0.15336400 -0.16451600 0.31262600
v 0.17025800 -0.21067900 0.32439600
v 0.15058900 -0.21967900 0.31881900
v 0.15063600 -0.21977300 0.31737500
v 0.14882800 -0.21986500 0.31776700
v 0.16323100 -0.11589700 0.31381800
v 0.16484300 0.00637800 0.31533100
v 0.15168600 -0.03876800 0.31440600
v 0.17623700 -0.01220800 0.32568700
v 0.17953000 -0.01196500 0.32528000
v 0.14666000 -0.02432800 0.31412400
v 0.19656200 -0.07154000 0.31567200
v 0.14917700 -0.02837300 0.31405900
v 0.18251700 -0.00291800 0.31577900
v 0.16937200 -0.02266200 0.32631400
v 0.16334800 0.00346700 0.31506500
v 0.16221900 -0.00058400 0.31520800
v 0.17084700 -0.00774000 0.31480500
v 0.17615300 0.00395800 0.31562600
v 0.17405300 -0.03585600 0.32585900
v 0.20013300 -0.13051700 0.31674300
v 0.21136300 -0.02012500 0.32511700
v 0.21065800 -0.01375900 0.32573400
v 0.21216100 -0.01639600 0.32441700
v 0.21308600 -0.01152400 0.32282100
v 0.21426200 -0.01862800 0.32260000
v 0.21090000 -0.03279900 0.32533900
v 0.21187300 -0.03633600 0.32476300
v 0.21044600 -0.03795100 0.32552900
v 0.20912700 -0.02569100 0.32577300
v 0.16359500 -0.03343300 0.31477900
v 0.20018100 -0.07273500 0.31606400
v 0.18340600 -0.08366500 0.31645300
v 0.19835300 -0.05204700 0.31635300
v 0.19572700 -0.05524800 0.31625500
v 0.20992700 -0.07294800 0.31759900
v 0.21122100 -0.07884600 0.31813100
v 0.21188800 -0.07271200 0.31896700
v 0.20972100 -0.09047500 0.31767900
v 0.19849100 -0.22051800 0.32058100
v 0.20033900 -0.22038700 0.32025700
v 0.20832200 -0.07244600 0.32558200
v 0.18244000 -0.02169300 0.32513000
v 0.17934700 -0.02079600 0.32543200
v 0.15013200 -0.21919600 0.32076200
v 0.20733800 -0.20101700 0.32493700
v 0.20757400 -0.20632200 0.32455700
v 0.17096300 -0.04352100 0.31515100
v 0.20986500 -0.17581600 0.32377800
v 0.21174600 -0.16412300 0.32244800
v 0.21036100 -0.17797500 0.32250300
v 0.15929800 -0.09296800 0.31567900
v 0.15877300 -0.09187900 0.31629200
v 0.15782500 -0.09260400 0.31911400
v 0.15773000 -0.09484100 0.32009800
v 0.15792100 -0.09102600 0.32076400
v 0.15811000 -0.09505500 0.31733000
v 0.15792100 -0.09638700 0.32228900
v 0.15805100 -0.09449500 0.32241900
v 0.15760600 -0.10095700 0.31984500
v 0.15785400 -0.10127200 0.31846100
v 0.16005300 -0.08851000 0.31507100
v 0.15784100 -0.10233900 0.31901300
v 0.15797100 -0.10032900 0.32279300
v 0.15740600 -0.09816300 0.32026800
v 0.15767800 -0.10271800 0.32225700
v 0.15746400 -0.10228000 0.32095300
v 0.15840400 -0.09734700 0.31637800
v 0.15778400 -0.09517400 0.31848100
v 0.15780500 -0.10331300 0.31886500
v 0.15957300 -0.10734900 0.32460300
v 0.16163700 -0.10815100 0.32476200
v 0.15761000 -0.09922000 0.31851100
v 0.15771700 -0.10302700 0.31985500
v 0.15856000 -0.10416100 0.32360600
v 0.15777200 -0.09578600 0.32139500
v 0.15765000 -0.09790900 0.32156000
v 0.15811100 -0.09050900 0.31791300
v 0.15757100 -0.09712400 0.31902800
v 0.15868700 -0.09540000 0.31631400
v 0.15761400 -0.10504700 0.31913800
v 0.15827200 -0.09686600 0.32312600
v 0.15824600 -0.10197200 0.32323200
v 0.15752100 -0.10010200 0.32150000
v 0.15961500 -0.10335700 0.31508900
v 0.15772900 -0.10659100 0.31799000
v 0.15796800 -0.10276100 0.31777700
v 0.15759900 -0.10427100 0.32100700
v 0.16001400 -0.10878600 0.31480000
v 0.15841600 -0.09984200 0.31635100
v 0.15977000 -0.09491600 0.31531900
v 0.17966800 0.00893500 0.31606300
v 0.16016100 -0.09331300 0.31492500
v 0.15834800 -0.10349500 0.31630800
v 0.15898200 -0.10018500 0.31563000
v 0.15794400 -0.09701000 0.31756600
v 0.20624700 -0.01382900 0.31658400
v 0.15916900 -0.09683000 0.31556300
v 0.15827900 -0.09213800 0.31697300
v 0.20804600 -0.01636100 0.31706700
v 0.18228700 -0.08853000 0.31624600
v 0.15928900 -0.11563700 0.31521800
v 0.15756500 -0.10740600 0.31950800
v 0.16509300 -0.09581100 0.31481100
v 0.14066800 -0.00574600 0.31541500
v 0.15758100 -0.10875400 0.32027300
v 0.15798500 -0.10452000 0.32283400
v 0.20297100 -0.21360700 0.32602100
v 0.16440500 -0.09179500 0.31486100
v 0.20136200 -0.21408600 0.32574500
v 0.20027500 -0.04321300 0.31650400
v 0.16034200 -0.09653400 0.31469200
v 0.15754600 -0.10742900 0.32132700
v 0.16023700 -0.09448800 0.31475300
v 0.15766600 -0.10918700 0.31899000
v 0.15795400 -0.10768600 0.31736300
v 0.16279700 -0.09422300 0.31452800
v 0.15875400 -0.09855100 0.31595900
v 0.16228400 -0.09103300 0.31469100
v 0.18375700 -0.04805000 0.32534600
v 0.16064400 -0.09474300 0.32467300
v 0.15957600 -0.10562900 0.31514600
v 0.16105000 -0.09372700 0.31453300
v 0.20273300 -0.21498100 0.32583900
v 0.15873800 -0.10859400 0.31581900
v 0.18465500 -0.09361100 0.31575600
v 0.20147800 -0.21954400 0.32421600
v 0.18658300 -0.09335000 0.31586200
v 0.15909100 -0.10216300 0.31558000
v 0.15843200 -0.10593300 0.31632800
v 0.16318300 -0.09731100 0.31448700
v 0.15765500 -0.11174700 0.31841100
v 0.15814900 -0.11103100 0.31691500
v 0.15803200 -0.10055300 0.31737100
v 0.15842300 -0.10154400 0.31639000
v 0.15744200 -0.11337000 0.32094800
v 0.16153100 -0.10967300 0.31424800
v 0.15968400 -0.11034100 0.31495400
v 0.16041400 -0.11213300 0.31439500
v 0.17352600 -0.11429700 0.31575300
v 0.15777500 -0.11360400 0.31750400
v 0.19169000 -0.04791400 0.31644600
v 0.17527700 -0.11048000 0.31575400
v 0.17567800 -0.11247400 0.31588200
v 0.16155500 -0.09620000 0.31437200
v 0.15970200 -0.11439200 0.31471600
v 0.15944200 -0.09184300 0.32427500
v 0.15894400 -0.10406800 0.31559200
v 0.15795600 -0.11812400 0.31699900
v 0.15859500 -0.11187400 0.31613300
v 0.16117600 -0.11608900 0.31402500
v 0.15742600 0.01043700 0.31742400
v 0.15933500 -0.11170500 0.31535400
v 0.15923600 -0.11700700 0.31531100
v 0.15852700 -0.10016100 0.32351200
v 0.15839600 -0.11952300 0.31618400
v 0.15957700 -0.12624700 0.31439600
v 0.15875300 -0.11401700 0.31578800
v 0.15890800 -0.08976300 0.32373200
v 0.17764800 -0.11042500 0.31563700
v 0.16058500 -0.11985800 0.31394200
v 0.15828400 -0.11729300 0.31623300
v 0.20121800 -0.21638600 0.32548600
v 0.15839800 -0.12341800 0.31610600
v 0.15910300 -0.12479100 0.31528800
v 0.15809600 -0.12515700 0.31638500
v 0.15912400 -0.12689600 0.31518100
v 0.19943300 -0.21423100 0.32528400
v 0.19280300 -0.21972700 0.32416600
v 0.15788100 -0.12317800 0.31709900
v 0.15803500 -0.13057800 0.32320500
v 0.15842200 -0.13177700 0.32348200
v 0.15984600 -0.13952300 0.31388800
v 0.15934200 -0.13188700 0.31491100
v 0.19858100 0.00835200 0.32550800
v 0.20012900 -0.14057400 0.32532800
v 0.15933300 -0.13508200 0.31482100
v 0.16031100 -0.13365100 0.31429800
v 0.15866100 -0.13906700 0.31457300
v 0.18409500 -0.21923800 0.32402100
v 0.15902300 -0.09634700 0.32392800
v 0.15779900 -0.13860100 0.31541700
v 0.15864400 -0.13687800 0.31507300
v 0.15823000 -0.13304500 0.31599600
v 0.17855200 -0.15967700 0.32469900
v 0.15782900 -0.12761800 0.32285100
v 0.18958200 -0.22014400 0.31955500
v 0.15800000 -0.12614700 0.32321000
v 0.15697200 -0.13581300 0.31802200
v 0.15851000 -0.13460600 0.32364900
v 0.16574400 -0.09742800 0.32498100
v 0.15789800 -0.13346600 0.32287500
v 0.19680600 0.00902000 0.32503900
v 0.15847700 -0.09252000 0.32321600
v 0.16106600 0.00999000 0.31624600
v 0.15908400 -0.12199400 0.31547400
v 0.19072600 -0.21953600 0.32366000
v 0.17892600 -0.16275100 0.32492500
v 0.15651500 -0.13713200 0.32047200
v 0.15745500 -0.12770800 0.32165100
v 0.18177700 -0.21951400 0.32376400
v 0.15952400 -0.12775700 0.31473000
v 0.20865500 0.00253200 0.32603700
v 0.20779700 0.00661600 0.32554500
v 0.16669500 -0.15690300 0.32418800
v 0.16869800 -0.15427300 0.32437300
v 0.15647200 -0.13747300 0.31922100
v 0.15856000 -0.09492500 0.32334700
v 0.15373400 0.00950200 0.32383600
v 0.15870000 -0.12837000 0.31566500
v 0.15347300 -0.14415200 0.31616100
v 0.15741800 -0.12081800 0.32106500
v 0.15847100 -0.09831000 0.32338500
v 0.15027800 0.00193300 0.32468200
v 0.15784500 -0.09831200 0.32244100
v 0.15715500 -0.13404200 0.31903900
v 0.15726400 -0.13187900 0.31949900
v 0.15326900 0.00665900 0.31493200
v 0.15757600 -0.12949800 0.31784200
v 0.15750800 -0.13105800 0.31768000
v 0.18669000 -0.21978200 0.31755900
v 0.15609000 -0.13842800 0.32025600
v 0.17636800 -0.11627600 0.31603400
v 0.15888200 -0.11541400 0.32398900
v 0.15742000 -0.13259600 0.31814800
v 0.15912300 -0.13362100 0.31500100
v 0.16070800 -0.13073500 0.31397700
v 0.15761200 -0.11431800 0.32292500
v 0.15771400 -0.11122500 0.32303500
v 0.15751300 -0.11791000 0.32226600
v 0.15877400 -0.11807500 0.32389200
v 0.15939100 -0.11679400 0.32440300
v 0.14213000 0.00573000 0.31432600
v 0.19261400 -0.21654900 0.31595600
v 0.16082100 -0.12736800 0.31377100
v 0.14333400 -0.00734100 0.32445700
v 0.15880500 -0.12410600 0.32407300
v 0.15882700 -0.12564900 0.32395300
v 0.16069500 -0.09308600 0.32467600
v 0.15925900 -0.10298900 0.32422100
v 0.15750800 -0.11443200 0.31867800
v 0.18257600 -0.09984800 0.32496300
v 0.15754800 -0.11754700 0.31811200
v 0.16535000 -0.11916800 0.32478400
v 0.18065100 -0.21995500 0.31731900
v 0.15742300 -0.11557600 0.32205300
v 0.15773900 -0.10525800 0.32210700
v 0.15862600 -0.11619300 0.31577100
v 0.17617600 -0.21987700 0.32128200
v 0.15775100 -0.12038200 0.31771100
v 0.15901000 -0.11332500 0.32421000
v 0.15744000 -0.12338900 0.32006400
v 0.15754800 -0.12566300 0.31807000
v 0.15746100 -0.12497600 0.32157700
v 0.15752800 -0.11061900 0.32127900
v 0.15893700 -0.12078800 0.32418600
v 0.15754100 -0.10959400 0.32239800
v 0.15737000 -0.11900600 0.31937500
v 0.15811100 -0.11369400 0.32357500
v 0.15745100 -0.12219600 0.32188700
v 0.16007300 -0.10295000 0.32472300
v 0.15931900 -0.10491300 0.32443600
v 0.15770600 -0.11532400 0.32313600
v 0.15821500 -0.11624000 0.32356800
v 0.15739200 -0.12649900 0.32001700
v 0.15731700 -0.12958100 0.32028300
v 0.15743000 -0.12838600 0.31873900
v 0.15801900 -0.12723000 0.31667000
v 0.15929600 -0.09781700 0.32416400
v 0.15797500 -0.10690700 0.32304400
v 0.15739200 -0.11951300 0.32046100
v 0.15903500 -0.10119300 0.32406300
v 0.14391300 -0.05681900 0.31486500
v 0.16038000 -0.10120300 0.32479800
v 0.15750400 -0.11313100 0.32242200
v 0.14266400 -0.02838300 0.31441100
v 0.16305600 -0.13072700 0.32448800
v 0.15775100 -0.13655500 0.31561200
v 0.15626300 -0.13956600 0.31610400
v 0.15770700 -0.13229000 0.31696800
v 0.16212900 -0.09652000 0.32468300
v 0.15870400 -0.10654100 0.32387400
v 0.15410900 -0.14195700 0.32033700
v 0.17433000 -0.21906700 0.31696900
v 0.15756900 -0.13514700 0.31646200
v 0.15689700 -0.13722200 0.31664700
v 0.15779800 -0.13601900 0.32337500
v 0.15874400 -0.10860700 0.32390500
v 0.15569000 -0.14067400 0.31653800
v 0.15333100 -0.14351500 0.31737200
v 0.14012000 -0.01944800 0.31600500
v 0.15903900 -0.09925100 0.32402200
v 0.15278000 -0.14564000 0.31571500
v 0.20114200 -0.13653500 0.32541700
v 0.19923800 -0.13832000 0.32535700
v 0.16706800 -0.21968600 0.31749800
v 0.15086700 -0.14547700 0.31969200
v 0.15948000 -0.12952000 0.31479000
v 0.15612500 -0.13916100 0.31707600
v 0.16018000 -0.09917900 0.32474500
v 0.15807600 -0.13735900 0.31542300
v 0.15404400 -0.14235500 0.31849900
v 0.15582400 -0.13924600 0.31878800
v 0.15691100 -0.13595400 0.32139200
v 0.15716200 -0.13368200 0.32113300
v 0.15797200 -0.10942700 0.32329900
v 0.15684900 -0.13566200 0.31993300
v 0.15737000 -0.14081400 0.31501600
v 0.14971400 -0.06438200 0.32067300
v 0.15654700 -0.13974400 0.31574700
v 0.15848100 -0.13496100 0.31552200
v 0.15747900 -0.12100800 0.31946800
v 0.15522200 -0.14079200 0.31780400
v 0.18363300 -0.21961600 0.31905300
v 0.15566700 -0.14176700 0.31573600
v 0.15916500 -0.10935200 0.31544300
v 0.14148400 -0.02301700 0.31476700
v 0.18273800 -0.21995900 0.31801200
v 0.15971000 -0.10141800 0.32459600
v 0.17535500 -0.16636600 0.32447000
v 0.16484900 -0.21938600 0.31639600
v 0.19642100 -0.15815700 0.31705400
v 0.16706100 -0.09511500 0.31516500
v 0.16680900 -0.21973900 0.31675400
v 0.15121900 0.00861700 0.31489900
v 0.15796700 -0.08910300 0.31959900
v 0.14899900 0.00756900 0.31458600
v 0.14832200 0.00905800 0.31483000
v 0.17986500 -0.21917200 0.31618000
v 0.20796300 -0.14119300 0.31826600
v 0.20350000 -0.13357700 0.31681900
v 0.17888300 -0.21982900 0.32023700
v 0.16537700 -0.21954600 0.32086200
v 0.20415400 -0.13995400 0.31689400
v 0.15691500 -0.13906100 0.31576800
v 0.15837700 -0.12293500 0.32365800
v 0.15451800 -0.14398800 0.31542000
v 0.15777400 -0.13751600 0.31547500
v 0.16023100 -0.12518400 0.31377500
v 0.15968000 -0.12465400 0.31429400
v 0.16005400 -0.13675000 0.31415000
v 0.20005100 -0.16413400 0.31699600
v 0.16290400 -0.21938600 0.32154400
v 0.19700100 -0.16538000 0.31687400
v 0.15834600 -0.13075000 0.31604100
v 0.15791400 -0.12153000 0.32318300
v 0.15961100 -0.12326800 0.31470500
v 0.15763200 -0.12803900 0.31755100
v 0.15649100 -0.14096900 0.31544400
v 0.15691000 -0.13997700 0.31554400
v 0.16256500 -0.12934600 0.31352500
v 0.15984400 -0.09688100 0.32448100
v 0.15715200 -0.13616800 0.32249300
v 0.15712900 -0.13764400 0.32310800
v 0.15640000 -0.13808900 0.32173300
v 0.15618200 -0.14051700 0.31580900
v 0.15755300 -0.11996300 0.32246600
v 0.14279300 0.00230900 0.32439800
v 0.15769900 -0.12507700 0.32263400
v 0.15817100 -0.12457400 0.32339100
v 0.15745200 -0.13379400 0.31743800
v 0.15856100 -0.12662700 0.31587500
v 0.15761200 -0.12630200 0.32233200
v 0.16449000 -0.11297600 0.32445300
v 0.15900400 -0.10755400 0.31564600
v 0.15985900 -0.11712600 0.31460200
v 0.15994900 -0.21948700 0.32086700
v 0.15944200 -0.11914200 0.31505600
v 0.15831700 -0.10834200 0.31645500
v 0.15660300 -0.13850700 0.31616400
v 0.15865300 -0.10988200 0.31598500
v 0.16270500 -0.21838600 0.32373300
v 0.15798800 -0.10473400 0.31738300
v 0.15792800 -0.10942100 0.31754900
v 0.17483900 -0.09287800 0.31553700
v 0.15753200 -0.11176000 0.31988200
v 0.16834800 -0.10518400 0.31539800
v 0.15760000 -0.12261500 0.31850300
v 0.15742400 -0.11349500 0.31963000
v 0.15739100 -0.11784100 0.32071500
v 0.15914400 -0.12299800 0.32424000
v 0.15820000 -0.11313700 0.31658200
v 0.16169900 -0.21776500 0.32388600
v 0.16008000 -0.21801800 0.32362200
v 0.15727600 -0.11732800 0.31941000
v 0.16192700 -0.21887600 0.32324000
v 0.16083900 -0.10679600 0.31451800
v 0.15733600 -0.11620700 0.31881500
v 0.15755300 -0.11550400 0.31796300
v 0.15880200 -0.11782300 0.31568600
v 0.15823500 -0.12162600 0.31637900
v 0.16325300 -0.21772700 0.32401700
v 0.17937000 -0.11912800 0.31600200
v 0.15742400 -0.11920600 0.32146800
v 0.15818200 -0.11968300 0.32349900
v 0.14885600 -0.16224700 0.31379000
v 0.16920800 -0.21940000 0.32197900
v 0.15230100 -0.14448000 0.31766300
v 0.14360600 -0.16042900 0.31421100
v 0.14733900 -0.15941300 0.31452500
v 0.14456000 -0.16095300 0.31437100
v 0.16505000 -0.21847500 0.31541600
v 0.15511400 -0.14419600 0.31515400
v 0.14504400 -0.16287100 0.31449800
v 0.14733900 -0.21954300 0.31932900
v 0.15793700 -0.11568000 0.31680000
v 0.15267200 -0.14387400 0.32009700
v 0.15455700 -0.14593100 0.31428700
v 0.14696600 -0.16324800 0.31452500
v 0.15762800 -0.12860900 0.32251900
v 0.14456600 -0.16804200 0.31431800
v 0.14578800 -0.17110200 0.31435000
v 0.14554100 -0.16502700 0.31433100
v 0.15017700 -0.17255600 0.31382900
v 0.16164800 -0.13993700 0.32452600
v 0.14897000 -0.16850600 0.31394400
v 0.19931600 -0.21842400 0.31692400
v 0.14764700 -0.17906000 0.31431700
v 0.15321200 -0.14308400 0.32150000
v 0.16462200 -0.13109600 0.32458900
v 0.14906400 -0.17391000 0.31420500
v 0.15809600 -0.14180500 0.31406100
v 0.14615300 -0.16028300 0.31451500
v 0.14939200 -0.16576500 0.31333000
v 0.14979900 -0.16420800 0.31325300
v 0.14812700 -0.16498700 0.31436500
v 0.14604700 -0.16938100 0.31442500
v 0.14889800 -0.16464800 0.31371400
v 0.14877600 -0.16631700 0.31388900
v 0.14984400 -0.16881800 0.31351600
v 0.14523200 -0.17309400 0.31438100
v 0.14725900 -0.17494300 0.31439200
v 0.14843000 -0.17724500 0.31426000
v 0.15073500 -0.16659000 0.31302900
v 0.14931400 -0.17104700 0.31396300
v 0.14420300 -0.02338600 0.31443000
v 0.14772300 -0.17249100 0.31448000
v 0.14419100 -0.16499700 0.31423900
v 0.14320800 -0.16265200 0.31413000
v 0.16843100 -0.08415500 0.32491900
v 0.14567900 -0.17636600 0.31434000
v 0.14727800 -0.16885400 0.31457200
v 0.14814700 -0.16745900 0.31448300
v 0.14665900 -0.16662500 0.31447700
v 0.14814300 -0.16989500 0.31452600
v 0.14673000 -0.17093200 0.31446600
v 0.14255200 -0.16944500 0.31404400
v 0.15757300 -0.13183300 0.32247500
v 0.14949800 -0.16707500 0.31340600
v 0.15733600 -0.13151300 0.32113700
v 0.18524500 -0.02265200 0.32497500
v 0.14381700 -0.17086000 0.31427200
v 0.16389400 -0.05756900 0.32514500
v 0.15751600 -0.12992300 0.32214500
v 0.14500400 -0.17065100 0.31442000
v 0.13838400 -0.16166200 0.31699700
v 0.13891700 -0.16253500 0.31572200
v 0.16589500 -0.21993900 0.31741200
v 0.13870600 -0.16774900 0.31595100
v 0.14039900 -0.17685600 0.31418300
v 0.13948800 -0.16733500 0.31491000
v 0.14916400 -0.15480600 0.31376500
v 0.14118100 -0.17048400 0.31405100
v 0.14999300 -0.15370500 0.31341700
v 0.16954300 -0.21950200 0.31851600
v 0.17531300 -0.21885500 0.31609600
v 0.17708700 -0.21811700 0.31559100
v 0.20402600 -0.12590700 0.31683000
v 0.20605900 -0.13330700 0.31727000
v 0.14137200 -0.18053000 0.31402800
v 0.13992000 -0.17341300 0.31445900
v 0.20493100 -0.13186200 0.31693000
v 0.20326800 -0.13070600 0.31692000
v 0.13922500 -0.16920000 0.31520100
v 0.16980800 -0.21924300 0.31594400
v 0.13990300 -0.16570400 0.31461000
v 0.14030700 -0.16374000 0.31438800
v 0.13943300 -0.16259600 0.31492100
v 0.13981700 -0.17678900 0.31464400
v 0.13924500 -0.16120200 0.31517500
v 0.18109900 -0.22005800 0.31855500
v 0.14186700 -0.16423200 0.31397000
v 0.13998300 -0.16133800 0.31461900
v 0.18236000 -0.21990900 0.31919700
v 0.20517100 -0.14649700 0.31707800
v 0.20650400 -0.14800400 0.31751100
v 0.20679000 -0.14420700 0.31776900
v 0.15811200 -0.12910300 0.32328200
v 0.15528800 -0.14446400 0.31475600
v 0.14252600 -0.15991900 0.31403700
v 0.16985500 -0.21893500 0.32323200
v 0.14014300 -0.16916100 0.31447100
v 0.17112100 -0.21944400 0.31834800
v 0.14524800 -0.05814200 0.31491600
v 0.14352000 -0.15580300 0.31452900
v 0.14544100 -0.15693500 0.31447900
v 0.17423600 -0.21963300 0.31871000
v 0.14765700 -0.16078100 0.31445300
v 0.14835000 -0.15917300 0.31424700
v 0.15682100 -0.14233100 0.31463400
v 0.15570700 -0.14327300 0.31517800
v 0.15543900 -0.14682100 0.31358500
v 0.15101300 -0.15566900 0.31341200
v 0.14882800 -0.14930100 0.31538900
v 0.19371200 -0.21859600 0.32529100
v 0.15643600 -0.14194600 0.31531200
v 0.19803200 -0.21899500 0.32502900
v 0.15730900 -0.13788300 0.31576000
v 0.15081100 -0.14973300 0.31441600
v 0.15150800 -0.14617700 0.31629000
v 0.15296500 -0.14686000 0.31497900
v 0.19879300 -0.21764600 0.32532100
v 0.15305900 -0.06221400 0.32476400
v 0.15741000 -0.13019300 0.31879600
v 0.15496000 -0.14089900 0.31923200
v 0.14680700 -0.15753900 0.31462200
v 0.14804500 -0.15177500 0.31463900
v 0.14877300 -0.15016900 0.31496300
v 0.14814000 -0.15085000 0.31498100
v 0.14597200 -0.15268900 0.31499200
v 0.14922400 -0.15059300 0.31444100
v 0.19699300 -0.21829300 0.32537100
v 0.14795100 -0.15029400 0.31521400
v 0.14560100 -0.15158900 0.31586000
v 0.14453900 -0.15244600 0.31587200
v 0.15795700 -0.11817300 0.32320700
v 0.14553200 -0.15557700 0.31444100
v 0.15140600 -0.14723100 0.31554200
v 0.17172100 -0.21964000 0.32003400
v 0.14739300 -0.14983000 0.31585500
v 0.14991100 -0.14951000 0.31491400
v 0.14287900 -0.15399100 0.31533400
v 0.14196200 -0.15478600 0.31522100
v 0.14488800 -0.15121300 0.31731000
v 0.14646500 -0.15007300 0.31672700
v 0.14866600 -0.14782300 0.31723900
v 0.15692300 -0.14417700 0.32490200
v 0.14845200 -0.05978700 0.32402100
v 0.15232600 -0.14485800 0.31687000
v 0.19323600 -0.21311400 0.32520900
v 0.15143800 -0.16237700 0.31288700
v 0.15006100 -0.14620900 0.32082900
v 0.15136200 -0.14845200 0.31495600
v 0.15169900 -0.14483900 0.31856600
v 0.14854500 -0.14859900 0.31609700
v 0.14999300 -0.14745600 0.31619400
v 0.14915600 -0.14699900 0.31989300
v 0.15419300 -0.14516800 0.31516700
v 0.15372800 -0.14468800 0.31549800
v 0.15012400 -0.14840000 0.31532000
v 0.17605400 -0.21922600 0.31650500
v 0.17917000 -0.21921200 0.32382500
v 0.14753000 -0.14916700 0.31669900
v 0.14793900 -0.14826300 0.31887700
v 0.14616800 -0.15073300 0.31620600
v 0.14311600 -0.15753300 0.31430000
v 0.18825300 -0.21985200 0.31991500
v 0.14273300 -0.15281000 0.31793800
v 0.18580500 -0.21986700 0.31958800
v 0.18871600 -0.21991700 0.31842000
v 0.15726900 -0.13470900 0.32225600
v 0.14310400 -0.15464300 0.31491200
v 0.14328600 -0.15287800 0.31656000
v 0.15480100 -0.14303800 0.31583800
v 0.14854200 -0.14948900 0.32305600
v 0.14690900 -0.15116700 0.31542200
v 0.14825000 -0.15486400 0.31405700
v 0.14407100 -0.15349100 0.31516700
v 0.14732500 -0.15522900 0.31446300
v 0.15850300 -0.13603500 0.32383700
v 0.14001100 -0.15986900 0.31453600
v 0.14079800 -0.15965600 0.31414800
v 0.14356400 -0.16648600 0.32410200
v 0.15770300 -0.12350700 0.32277400
v 0.14807500 -0.15349500 0.31420700
v 0.14472700 -0.15427100 0.31464900
v 0.14206700 -0.15699500 0.31447300
v 0.14341000 -0.15337000 0.31575300
v 0.14229800 -0.15398400 0.31580900
v 0.17876000 -0.21972000 0.31939100
v 0.14635300 -0.15412800 0.31458500
v 0.14217600 -0.16659900 0.32412000
v 0.15243100 -0.14525000 0.31627900
v 0.14062500 -0.18555800 0.32385100
v 0.14041000 -0.15535500 0.31691000
v 0.15905600 -0.13002200 0.32423200
v 0.14123200 -0.15433300 0.31813600
v 0.13994500 -0.15893600 0.31454500
v 0.14075200 -0.15767400 0.31447400
v 0.13902300 -0.16586900 0.31536500
v 0.14445100 -0.15673200 0.31453100
v 0.14455700 -0.15862700 0.31443700
v 0.13866900 -0.15999000 0.31599900
v 0.14171300 -0.15401900 0.31678100
v 0.20154200 -0.20005000 0.32559900
v 0.14020700 -0.15554500 0.31811300
v 0.14027400 -0.15661400 0.31500000
v 0.14984100 -0.14640100 0.31853800
v 0.15086500 -0.14590800 0.31728900
v 0.18533000 -0.22000700 0.32083000
v 0.13971000 -0.15658000 0.31606600
v 0.14110400 -0.16401000 0.31408200
v 0.13946300 -0.15978800 0.31485400
v 0.19847500 -0.21977200 0.32432200
v 0.13925900 -0.16415100 0.31498500
v 0.16563500 -0.11585300 0.32455900
v 0.13828200 -0.16564600 0.31866500
v 0.19981000 -0.21950400 0.32440800
v 0.14130800 -0.16223000 0.31405000
v 0.14047900 -0.18051300 0.31414100
v 0.14035900 -0.17148800 0.31428600
v 0.19618000 -0.22044600 0.32132300
v 0.13955300 -0.17088900 0.31487300
v 0.13831300 -0.15968300 0.31804500
v 0.13848100 -0.16569000 0.31679700
v 0.13823400 -0.16172300 0.31858500
v 0.13864700 -0.16344500 0.31654300
v 0.13833800 -0.16936300 0.31697100
v 0.13891300 -0.17071300 0.31548600
v 0.15918100 -0.13164600 0.32417600
v 0.13884400 -0.16434500 0.31588100
v 0.15916700 -0.13555400 0.32428400
v 0.14932100 -0.14846300 0.31565800
v 0.14874900 -0.15657000 0.31408800
v 0.16657300 -0.12624300 0.32522500
v 0.14092700 -0.15520300 0.31568500
v 0.19314900 -0.21970900 0.32349800
v 0.14165400 -0.15591900 0.31485900
v 0.15251700 -0.14384400 0.32142600
v 0.15077700 -0.14575600 0.32172900
v 0.18434800 -0.21995200 0.31828700
v 0.15970100 -0.11244700 0.32469900
v 0.14975400 -0.14665900 0.32193400
v 0.15975200 -0.10983400 0.32462800
v 0.18592900 -0.21994100 0.31818500
v 0.19586900 -0.21902600 0.32512700
v 0.15867000 -0.11120300 0.32389900
v 0.15953900 -0.12447600 0.32456400
v 0.15971200 -0.12664000 0.32456000
v 0.13883000 -0.15682800 0.32005700
v 0.13937900 -0.15621400 0.31897500
v 0.13828700 -0.16769200 0.31804500
v 0.14266800 -0.16620500 0.31404900
v 0.13931200 -0.15651300 0.31755400
v 0.15956100 -0.11490500 0.32458200
v 0.13835800 -0.16374400 0.31930500
v 0.14037000 -0.15507800 0.31925700
v 0.13847700 -0.15892600 0.31996000
v 0.13942800 -0.15813300 0.31520600
v 0.13953500 -0.15573100 0.32044400
v 0.15522400 0.00806200 0.31508600
v 0.14160800 -0.15357900 0.31976100
v 0.18359900 -0.21992500 0.32037600
v 0.16345500 -0.10999600 0.32462200
v 0.19512500 -0.21985200 0.32318400
v 0.13880900 -0.15797800 0.31676600
v 0.19664400 -0.21957900 0.32448100
v 0.16156800 -0.11207100 0.32478400
v 0.16572900 -0.12996500 0.32489100
v 0.19445900 -0.21945400 0.32459400
v 0.16454100 -0.12853400 0.32472400
v 0.14572800 -0.15026000 0.31983600
v 0.14361600 -0.15178800 0.31938200
v 0.14686800 -0.14943800 0.31778100
v 0.14078900 -0.18772200 0.32387200
v 0.16206000 -0.10186600 0.32491600
v 0.16276300 -0.11671300 0.32458300
v 0.14291100 -0.15226300 0.32081500
v 0.14089100 -0.15468600 0.32207300
v 0.14048700 -0.15475600 0.32014800
v 0.14312300 -0.15275400 0.32213300
v 0.14429300 -0.15139500 0.32124600
v 0.16453000 -0.21750400 0.32393600
v 0.16945900 -0.21825600 0.32362300
v 0.14414700 -0.15138100 0.32037000
v 0.14656300 -0.14963000 0.32148600
v 0.15137000 -0.14566600 0.32282400
v 0.15050800 -0.14625700 0.32236800
v 0.15183900 -0.14473800 0.32156400
v 0.14883600 -0.14744400 0.32119100
v 0.16488700 -0.10746400 0.32461700
v 0.17640600 -0.21958900 0.32280200
v 0.16408000 -0.10010000 0.32485400
v 0.15538500 -0.14261500 0.32369200
v 0.15427600 -0.14267400 0.32313900
v 0.14898300 -0.14767800 0.32237400
v 0.15370900 -0.18989400 0.31479400
v 0.14589600 -0.15160200 0.32299900
v 0.14763400 -0.14858400 0.32047000
v 0.15136800 -0.14522600 0.32078000
v 0.13866600 -0.16054500 0.32179800
v 0.16931800 -0.21681700 0.32398200
v 0.14850100 -0.14869800 0.32265800
v 0.14041100 -0.15484700 0.32109300
v 0.20357600 -0.11841700 0.32543000
v 0.14072100 -0.15548600 0.32259900
v 0.14488300 -0.15152200 0.32233200
v 0.15869400 -0.12748200 0.32383000
v 0.15940700 -0.11865600 0.32450900
v 0.16040200 -0.11752700 0.32462100
v 0.16087400 -0.12486600 0.32477200
v 0.14024500 -0.15544900 0.32214200
v 0.13831000 -0.16225100 0.32014600
v 0.13822500 -0.17001400 0.31876600
v 0.13813100 -0.17286500 0.31684700
v 0.13819500 -0.17132700 0.31741000
v 0.18113500 -0.21874800 0.32432100
v 0.16150800 -0.12118100 0.32469400
v 0.16350800 -0.12099700 0.32469300
v 0.13808900 -0.17304900 0.31843300
v 0.13840900 -0.16361900 0.31779900
v 0.13829900 -0.16045300 0.31972900
v 0.18754400 -0.21947300 0.32374500
v 0.13831800 -0.16117700 0.32096300
v 0.13805600 -0.18940200 0.31697500
v 0.16326700 -0.12545200 0.32472500
v 0.18717400 -0.21980900 0.32182900
v 0.13869300 -0.15764400 0.31885300
v 0.13834600 -0.16587700 0.32038000
v 0.19896100 -0.21868200 0.32524800
v 0.13854600 -0.15783900 0.32063000
v 0.17258100 -0.21387600 0.31433300
v 0.13836100 -0.16416700 0.32081900
v 0.19749700 -0.21603500 0.32530800
v 0.13877400 -0.15810200 0.32182800
v 0.17973000 -0.21782700 0.32449500
v 0.13825400 -0.16795200 0.31997900
v 0.16626900 -0.10236300 0.32492200
v 0.13829200 -0.18198600 0.31688200
v 0.13840700 -0.17152900 0.31613300
v 0.13819500 -0.17438800 0.31715900
v 0.13832300 -0.17762500 0.31741300
v 0.19530700 -0.21778700 0.32543700
v 0.13854600 -0.18156000 0.31615700
v 0.13845100 -0.16751300 0.31691100
v 0.13904400 -0.17268600 0.31523100
v 0.13837500 -0.17990200 0.31699400
v 0.16703500 -0.12163000 0.32512400
v 0.13900700 -0.18216600 0.31531000
v 0.14169900 -0.15822700 0.31418400
v 0.13819600 -0.17597400 0.31830700
v 0.14047100 -0.17447100 0.31413900
v 0.13856700 -0.17734300 0.31645300
v 0.13869600 -0.17919400 0.31604000
v 0.13961200 -0.18361200 0.31463400
v 0.13837400 -0.17587000 0.31695400
v 0.13856100 -0.17464700 0.31605000
v 0.13914700 -0.17740900 0.31537400
v 0.14104800 -0.17933300 0.31398300
v 0.13948000 -0.18129600 0.31481200
v 0.13999800 -0.18146300 0.31448100
v 0.15767900 -0.13494600 0.32303900
v 0.17954300 -0.21977600 0.31843800
v 0.13867600 -0.16955600 0.31597200
v 0.14236500 -0.17222800 0.31406200
v 0.14287900 -0.17582000 0.31403900
v 0.14451400 -0.17806100 0.31430300
v 0.15798700 -0.13720700 0.32374100
v 0.13941600 -0.17495200 0.31498500
v 0.14249100 -0.17890800 0.31404100
v 0.15099800 -0.20346600 0.31416100
v 0.14540300 -0.18590300 0.31423100
v 0.14242000 -0.18171400 0.31414300
v 0.14478400 -0.18033500 0.31439100
v 0.14711000 -0.18024600 0.31431700
v 0.20336800 -0.21732300 0.32536000
v 0.14098700 -0.17565200 0.31399400
v 0.14127500 -0.17757500 0.31397700
v 0.14822700 -0.18309900 0.31458200
v 0.13909800 -0.18009500 0.31535600
v 0.15881500 -0.12880500 0.32397800
v 0.14778900 -0.19104500 0.31433600
v 0.15162800 -0.19106500 0.31456300
v 0.20594800 -0.21102000 0.32530300
v 0.14103000 -0.17365900 0.31396700
v 0.19902200 -0.21925700 0.32493500
v 0.14843500 -0.17961400 0.31434400
v 0.14644500 -0.19461100 0.31428400
v 0.14681300 -0.19611800 0.31438200
v 0.18591100 -0.21758200 0.32484600
v 0.15285800 -0.14485600 0.32329800
v 0.14848600 -0.18131200 0.31451100
v 0.14814200 -0.19450700 0.31439400
v 0.14571900 -0.18862700 0.31436800
v 0.16518800 -0.12923000 0.31341500
v 0.15141200 -0.18793100 0.31443000
v 0.14656600 -0.18208300 0.31442000
v 0.14354400 -0.19606800 0.31388600
v 0.14994600 -0.18263000 0.31429500
v 0.14678700 -0.19302000 0.31427300
v 0.19349100 -0.21072800 0.32512900
v 0.14001200 -0.17896300 0.31452600
v 0.14435000 -0.18350800 0.31440100
v 0.14683400 -0.18422600 0.31435900
v 0.16226600 -0.14868300 0.32416700
v 0.14733000 -0.18843800 0.31441400
v 0.14540900 -0.20081600 0.31413900
v 0.16206600 -0.14543200 0.32442200
v 0.15895200 -0.13292000 0.32394000
v 0.14729400 -0.18661600 0.31439900
v 0.15347200 -0.14305500 0.32249000
v 0.14298700 -0.18723900 0.31394600
v 0.14016700 -0.17543500 0.31435000
v 0.16848000 -0.21953400 0.31709700
v 0.14634000 -0.17858800 0.31430100
v 0.14363300 -0.19083700 0.31386800
v 0.14804900 -0.19760200 0.31435500
v 0.14722200 -0.20042300 0.31416900
v 0.14565100 -0.19168000 0.31431000
v 0.14871300 -0.18815600 0.31434900
v 0.13816500 -0.17473000 0.31919700
v 0.20716400 -0.07437600 0.32588100
v 0.14108500 -0.16564200 0.31413600
v 0.14042200 -0.16719000 0.31427000
v 0.14127400 -0.16795700 0.31401500
v 0.15898000 -0.13703500 0.32422700
v 0.14047800 -0.18364000 0.31414100
v 0.14069400 -0.18234400 0.31415600
v 0.14455600 -0.20364600 0.31399700
v 0.13907000 -0.18795600 0.31508700
v 0.14984100 -0.19004900 0.31436000
v 0.14014500 -0.19969800 0.31409700
v 0.16295000 -0.13604700 0.32442900
v 0.13880900 -0.18602300 0.31525500
v 0.15761300 -0.13812200 0.32364600
v 0.14106400 -0.17199700 0.31394300
v 0.17292400 -0.16465300 0.32421600
v 0.14931800 -0.18513800 0.31432700
v 0.14200700 -0.19786900 0.31357900
v 0.14073700 -0.19106200 0.31383800
v 0.16076900 -0.12877500 0.32464700
v 0.14055600 -0.19286000 0.31398500
v 0.14126400 -0.19195300 0.31363900
v 0.13834100 -0.21428900 0.31560700
v 0.13989000 -0.20190500 0.31417200
v 0.13829900 -0.20573600 0.31622300
v 0.14181000 -0.19016000 0.31358900
v 0.14564100 -0.19814400 0.31424300
v 0.16002000 -0.12249600 0.32461400
v 0.14116000 -0.20067700 0.31365000
v 0.14339700 -0.20017900 0.31367900
v 0.15860800 -0.13980800 0.32449500
v 0.15646300 -0.13896800 0.32288500
v 0.14025000 -0.21361800 0.31386700
v 0.14006000 -0.21072000 0.31400600
v 0.13992200 -0.18613900 0.31438100
v 0.13940300 -0.21207900 0.31440400
v 0.13911400 -0.21349600 0.31476800
v 0.14218600 -0.20419700 0.31361200
v 0.13987800 -0.20659600 0.31403300
v 0.13866300 -0.20294800 0.31527600
v 0.13793000 -0.20114000 0.31752800
v 0.13916800 -0.20179300 0.31463300
v 0.16679200 -0.13491900 0.32493300
v 0.13976700 -0.20407700 0.31413400
v 0.14466200 -0.19364700 0.31415100
v 0.20708800 -0.12766600 0.31777900
v 0.20609000 -0.13043900 0.31733600
v 0.20729900 -0.13610100 0.31776000
v 0.20388300 -0.11489200 0.31656700
v 0.13962200 -0.20916000 0.31426400
v 0.13905600 -0.21031900 0.31472100
v 0.14129000 -0.18438600 0.31387200
v 0.14088300 -0.18683300 0.31379500
v 0.13912900 -0.20581600 0.31487600
v 0.14039100 -0.19740900 0.31389100
v 0.16851100 -0.13682200 0.32509200
v 0.13954500 -0.20763100 0.31436700
v 0.14980300 -0.20026700 0.31421200
v 0.13890500 -0.19510400 0.31520300
v 0.13800900 -0.19662600 0.31781600
v 0.13964800 -0.19834100 0.31431700
v 0.16679100 -0.15035200 0.32439200
v 0.13866200 -0.19209700 0.31560900
v 0.13827200 -0.19445100 0.31618200
v 0.14019700 -0.20784400 0.31380500
v 0.16761200 -0.14745500 0.32446300
v 0.13934900 -0.20002400 0.31454800
v 0.16109400 -0.14331400 0.32465200
v 0.19133300 -0.08976300 0.32556100
v 0.15744900 -0.14077200 0.32426000
v 0.14057800 -0.20380800 0.31366600
v 0.14214800 -0.19190400 0.31362100
v 0.13933300 -0.20330000 0.31461000
v 0.16431700 -0.21580600 0.32405100
v 0.14007700 -0.19473200 0.31420000
v 0.16234500 -0.21491100 0.32396200
v 0.15820200 -0.13859600 0.32404700
v 0.15440700 -0.14166900 0.32201400
v 0.20067900 -0.10593700 0.32560800
v 0.16430300 -0.13358000 0.32446400
v 0.13860800 -0.20464000 0.31558300
v 0.16561100 -0.13303400 0.32468500
v 0.13982900 -0.19212600 0.31455400
v 0.14150800 -0.19438400 0.31371600
v 0.13801400 -0.19490100 0.31725500
v 0.15617700 -0.14134400 0.32383200
v 0.20429100 -0.08683700 0.32597200
v 0.14557900 -0.19431200 0.31437400
v 0.13814100 -0.19743900 0.31645600
v 0.13825200 -0.20073200 0.31599400
v 0.13790800 -0.19854700 0.31802600
v 0.13797300 -0.19509100 0.31867800
v 0.15713200 -0.13906800 0.32353100
v 0.15625900 -0.14020800 0.32342000
v 0.15524300 -0.14134600 0.32324800
v 0.13785700 -0.20593100 0.31850300
v 0.13869300 -0.20034700 0.31508300
v 0.13781600 -0.20014400 0.31934200
v 0.13806400 -0.20461800 0.31749300
v 0.13810100 -0.19543700 0.31991400
v 0.13800100 -0.19736800 0.31933800
v 0.13890600 -0.20845600 0.31487200
v 0.15554500 -0.14007000 0.32237400
v 0.13825400 -0.20339900 0.31632000
v 0.13840100 -0.19880000 0.31546900
v 0.13781400 -0.20347100 0.31912500
v 0.15969700 -0.13245100 0.32444400
v 0.14034700 -0.21788700 0.31497000
v 0.18868400 -0.21889300 0.32455800
v 0.13794800 -0.21256900 0.31660200
v 0.15980300 -0.12149800 0.31458600
v 0.13941800 -0.19681200 0.31462000
v 0.14143500 -0.21647600 0.31381400
v 0.13792900 -0.21013800 0.31643400
v 0.15295000 -0.14365500 0.31841500
v 0.13839800 -0.20985700 0.31546200
v 0.13848100 -0.21190900 0.31537200
v 0.13754000 -0.21112800 0.31824300
v 0.13825700 -0.20798400 0.31577700
v 0.13751000 -0.21547800 0.31906100
v 0.15532400 -0.14013300 0.32069300
v 0.13784000 -0.20779500 0.31728600
v 0.13775900 -0.20631500 0.31961700
v 0.15644000 -0.13781400 0.31793900
v 0.15466300 -0.14230600 0.31682600
v 0.13805900 -0.21318400 0.32173700
v 0.14120000 -0.21540200 0.32343300
v 0.18651500 -0.21847900 0.32460300
v 0.13807400 -0.21687600 0.31721500
v 0.13764700 -0.21368000 0.32066100
v 0.13782100 -0.21257700 0.32115300
v 0.13783600 -0.21491700 0.32134400
v 0.20802200 -0.05417800 0.32564700
v 0.13760100 -0.21549200 0.32033700
v 0.17232800 -0.21806400 0.32418200
v 0.13757500 -0.20890100 0.31969700
v 0.13819400 -0.20786600 0.32196500
v 0.13851500 -0.21104800 0.32218900
v 0.13958100 -0.20710300 0.32341400
v 0.19865500 -0.04258700 0.32680700
v 0.13781300 -0.21726900 0.31980800
v 0.13919600 -0.20650000 0.32297600
v 0.13934400 -0.20509700 0.32331400
v 0.13763500 -0.20803800 0.31864200
v 0.13887700 -0.20270800 0.32265800
v 0.14015300 -0.21451400 0.32336900
v 0.13905900 -0.20849800 0.32287800
v 0.13835000 -0.20137600 0.32178600
v 0.17078800 -0.21815900 0.32401400
v 0.13804700 -0.21652300 0.32126500
v 0.13932500 -0.21309600 0.32307300
v 0.13816200 -0.20357600 0.32177000
v 0.18447700 -0.20481600 0.32467100
v 0.13994200 -0.20099800 0.32365900
v 0.13923200 -0.19662800 0.32289800
v 0.13860500 -0.19800300 0.32188800
v 0.14028200 -0.21621400 0.31384800
v 0.14109100 -0.21725500 0.31401800
v 0.17391700 -0.21746200 0.32449100
v 0.13942300 -0.20115100 0.32311700
v 0.13947200 -0.19802500 0.32317000
v 0.13971900 -0.21602000 0.32314700
v 0.13844800 -0.21505900 0.32222200
v 0.13758300 -0.21104500 0.31982300
v 0.13934400 -0.21890200 0.31679600
v 0.20568700 -0.08832700 0.32601500
v 0.13893600 -0.21691300 0.31490900
v 0.13812900 -0.21737700 0.31802700
v 0.13776500 -0.21468200 0.31739700
v 0.13816700 -0.21762000 0.31864000
v 0.13902400 -0.19781000 0.32253600
v 0.13747700 -0.21267500 0.31962000
v 0.13752300 -0.21429300 0.31967800
v 0.14690700 -0.21372300 0.32310700
v 0.15342900 -0.14377100 0.32307000
v 0.14965800 -0.20504300 0.32381100
v 0.13904900 -0.19433500 0.32263400
v 0.14547400 -0.19579500 0.32365600
v 0.13976000 -0.19626900 0.32349100
v 0.13796400 -0.20197700 0.32068300
v 0.20782800 -0.07637100 0.32561200
v 0.14834300 -0.19573500 0.32375400
v 0.13772100 -0.21189300 0.32064800
v 0.13865500 -0.19637700 0.32208800
v 0.14459400 -0.20772300 0.32326500
v 0.14085300 -0.20544900 0.32375100
v 0.18380600 -0.20104300 0.32451400
v 0.14288900 -0.20583300 0.32350900
v 0.14685800 -0.21112700 0.32311600
v 0.17359200 -0.21869000 0.32405700
v 0.17581400 -0.21840600 0.32437600
v 0.14054800 -0.19780100 0.32381400
v 0.14277400 -0.19769700 0.32392000
v 0.18759800 -0.20179300 0.32481200
v 0.14100500 -0.19987800 0.32390800
v 0.13861600 -0.20568100 0.32251400
v 0.13966200 -0.19962300 0.32353500
v 0.13922700 -0.21058100 0.32299200
v 0.14717300 -0.21744700 0.32305800
v 0.16096100 -0.13276400 0.32457900
v 0.14086900 -0.21893800 0.31844500
v 0.13962600 -0.21904500 0.31888500
v 0.14332900 -0.21569300 0.32331000
v 0.14587700 -0.20533000 0.32328700
v 0.14863100 -0.20925300 0.32339600
v 0.16660200 -0.06363900 0.31495900
v 0.13752200 -0.21380400 0.31874100
v 0.14083400 -0.21291000 0.32349800
v 0.14955600 -0.20703300 0.32366300
v 0.15194500 -0.21319600 0.32394200
v 0.16039700 -0.13619400 0.32448700
v 0.16468100 -0.20088000 0.32427600
v 0.16820000 -0.21368700 0.32432300
v 0.15986600 -0.21916700 0.32257200
v 0.14988500 -0.21590000 0.32363600
v 0.15155900 -0.21744200 0.32368300
v 0.15320200 -0.21833800 0.32362400
v 0.15602600 -0.21190400 0.32386500
v 0.18494300 -0.20293000 0.32454100
v 0.15086600 -0.20340500 0.32397200
v 0.15884900 -0.20321600 0.32349300
v 0.15335500 -0.21123000 0.32395400
v 0.15861000 -0.20006900 0.32389400
v 0.15793600 -0.19847300 0.32389500
v 0.15916100 -0.20644300 0.32376800
v 0.15438000 -0.20206500 0.32394700
v 0.16256400 -0.20244400 0.32417500
v 0.15260200 -0.14408500 0.32241000
v 0.16087700 -0.21277600 0.32374000
v 0.15400200 -0.21376900 0.32400100
v 0.16009100 -0.20305200 0.32322000
v 0.15236900 -0.14632600 0.32371300
v 0.15822700 -0.20172200 0.32361600
v 0.15695000 -0.20494200 0.32387000
v 0.16640500 -0.16179300 0.32388200
v 0.16109300 -0.20642900 0.32391800
v 0.15631300 -0.20068600 0.32369600
v 0.14993100 -0.21224800 0.32370100
v 0.15841400 -0.21499100 0.32374400
v 0.15863400 -0.21188700 0.32367800
v 0.16572500 -0.13685100 0.32466600
v 0.15667700 -0.20262500 0.32374000
v 0.15724300 -0.19986000 0.32374200
v 0.18608000 -0.20365200 0.31632800
v 0.18464900 -0.20399800 0.31569600
v 0.16057300 -0.21617700 0.32380500
v 0.14480300 -0.21256600 0.32322200
v 0.15918200 -0.21688800 0.32368700
v 0.18136800 -0.19920900 0.31570200
v 0.17972900 -0.20149800 0.31572500
v 0.15607800 -0.21802800 0.31485600
v 0.15849300 -0.21598400 0.31404300
v 0.15778600 -0.21954700 0.31739200
v 0.15574700 -0.21960000 0.31859900
v 0.15353600 -0.21792200 0.31438500
v 0.15437100 -0.21830300 0.31520600
v 0.15059500 -0.20942700 0.31407000
v 0.19999600 -0.14442800 0.31702300
v 0.14933200 -0.21093400 0.31429500
v 0.15201100 -0.21930600 0.31628700
v 0.19248800 -0.03886400 0.31643800
v 0.16124900 -0.15220200 0.32439100
v 0.14631500 -0.21143500 0.31432900
v 0.15244200 -0.21515800 0.31380500
v 0.14995500 -0.21185400 0.31407700
v 0.15485300 -0.21660000 0.31396700
v 0.15421100 -0.20900100 0.31423500
v 0.20608200 -0.13566900 0.31744900
v 0.14595500 -0.21369400 0.31424900
v 0.15485500 -0.21967400 0.31717100
v 0.14501000 -0.20970300 0.31424200
v 0.15999300 -0.13111100 0.32451400
v 0.16011500 -0.20825200 0.32373700
v 0.14189100 -0.21097500 0.31378400
v 0.18620500 -0.20552800 0.32459300
v 0.14367600 -0.21752400 0.31442900
v 0.14211200 -0.21850000 0.31517300
v 0.13869000 -0.21576000 0.31521200
v 0.18715100 -0.20415600 0.32418700
v 0.14798200 -0.21881500 0.32159900
v 0.15063400 -0.21850300 0.31532200
v 0.15951300 -0.01820600 0.31530400
v 0.14318700 -0.21885700 0.31807800
v 0.14336200 -0.21857100 0.31677700
v 0.15274200 -0.21856700 0.31526300
v 0.15134100 -0.21774700 0.31462900
v 0.14886200 -0.21020600 0.31418100
v 0.14846500 -0.20847500 0.31417600
v 0.14703600 -0.20936800 0.31416600
v 0.14794100 -0.21671700 0.32333400
v 0.14846500 -0.21782300 0.32301800
v 0.16195200 -0.20351100 0.32390300
v 0.16125700 -0.20330300 0.32349600
v 0.17582100 -0.12122100 0.32490900
v 0.18954500 -0.20475200 0.32507500
v 0.13863400 -0.21820900 0.31923700
v 0.14891600 -0.21952200 0.31645300
v 0.17152800 -0.11387700 0.32482100
v 0.16866000 -0.11787500 0.32491400
v 0.14510400 -0.21706800 0.31440300
v 0.13786500 -0.20448500 0.32068600
v 0.14896500 -0.21834600 0.31544100
v 0.14432100 -0.21289500 0.31406900
v 0.13803500 -0.20567200 0.32160000
v 0.17920700 -0.11604700 0.31605700
v 0.13918800 -0.21521800 0.31462300
v 0.14590800 -0.20238700 0.32346400
v 0.16633900 -0.21707100 0.32405700
v 0.14571700 -0.19874700 0.32366400
v 0.15158500 -0.19871700 0.32385500
v 0.14579100 -0.19352300 0.31435700
v 0.14664000 -0.20618600 0.31412800
v 0.18203500 -0.12219400 0.31581300
v 0.15028800 -0.19288200 0.31448900
v 0.14632600 -0.20257300 0.31423000
v 0.14848800 -0.20042600 0.32369600
v 0.18229500 -0.14466500 0.32525700
v 0.14540600 -0.19552500 0.31439100
v 0.14152700 -0.20774800 0.31372100
v 0.15417300 -0.19747700 0.31473100
v 0.15989200 -0.20103400 0.31538800
v 0.16244500 -0.06154700 0.32480700
v 0.15909000 -0.20166700 0.31534700
v 0.14803800 -0.21209100 0.31413200
v 0.14951100 -0.20613000 0.31422400
v 0.18787500 -0.11264200 0.32551300
v 0.15108600 -0.19684100 0.31445400
v 0.15573600 -0.19960600 0.31474200
v 0.16191700 -0.19593100 0.32419400
v 0.18571100 -0.11146300 0.32530100
v 0.15783800 -0.19896100 0.31478200
v 0.18532000 -0.14404100 0.32542200
v 0.16960200 -0.10935200 0.31543600
v 0.19922300 -0.16838400 0.31682700
v 0.14804100 -0.21012300 0.31425000
v 0.20114000 -0.14114100 0.31684000
v 0.19908400 -0.14974700 0.31704300
v 0.15544500 -0.21901500 0.31595400
v 0.15096900 -0.20931600 0.32380900
v 0.15788700 -0.20019900 0.31484000
v 0.15613600 -0.19794500 0.31491300
v 0.15560300 -0.19638100 0.31502500
v 0.15643700 -0.20150800 0.31485200
v 0.15339700 -0.20104500 0.31438900
v 0.16143300 -0.20238000 0.32374100
v 0.16000300 -0.19647200 0.31446900
v 0.15787300 -0.20194800 0.31513100
v 0.17709600 -0.16319600 0.32452600
v 0.17297200 -0.07219900 0.32565300
v 0.17451100 -0.16218200 0.32423700
v 0.14732100 -0.16770400 0.32365100
v 0.14794600 -0.16333400 0.32386700
v 0.17429100 -0.05322300 0.32529700
v 0.15404400 -0.19394300 0.31486300
v 0.18153600 -0.11418500 0.31587900
v 0.15631500 -0.19523100 0.31501600
v 0.18514300 -0.12975500 0.32553400
v 0.15194000 -0.16369800 0.32443300
v 0.14263000 -0.16097800 0.32422900
v 0.14385100 -0.16233500 0.32416300
v 0.14484800 -0.15669600 0.32360400
v 0.14591200 -0.16312600 0.32380600
v 0.14501200 -0.16002200 0.32383400
v 0.15725200 -0.11553700 0.32008200
v 0.14396400 -0.15520200 0.32352200
v 0.15145400 -0.16031300 0.32450800
v 0.17022300 -0.07749900 0.32531900
v 0.20197000 -0.08284600 0.32596300
v 0.14287800 -0.15438300 0.32306000
v 0.14145200 -0.15491800 0.32259100
v 0.14436100 -0.15282100 0.32295000
v 0.17597100 -0.13508400 0.32480200
v 0.15008000 -0.14691100 0.32273100
v 0.18091800 -0.13913700 0.32500500
v 0.14787900 -0.14947500 0.32262700
v 0.14788800 -0.14876500 0.32187700
v 0.17315000 -0.07653700 0.32565200
v 0.14710200 -0.14966600 0.32229000
v 0.14281000 -0.15630200 0.32348300
v 0.16607300 -0.08326300 0.32490500
v 0.14899500 -0.15217900 0.32406500
v 0.14830100 -0.15456900 0.32393000
v 0.15929400 -0.14178400 0.32478100
v 0.15956000 -0.13885800 0.32451000
v 0.18084800 -0.12912800 0.32481200
v 0.15348200 -0.14516800 0.32367800
v 0.17711300 -0.12653900 0.32488400
v 0.17876700 -0.13324000 0.32466500
v 0.15083900 -0.14700000 0.32338600
v 0.17506500 -0.13142300 0.32495500
v 0.14170000 -0.15363700 0.32138300
v 0.14663300 -0.15496900 0.32359300
v 0.15115300 -0.15095200 0.32429000
v 0.14957100 -0.14933300 0.32341400
v 0.15075700 -0.14808300 0.32370200
v 0.15046500 -0.14966000 0.32395700
v 0.15419200 -0.14402200 0.32362000
v 0.18318000 -0.11176900 0.31601900
v 0.18101600 -0.12372500 0.32467800
v 0.18140900 -0.13205900 0.32481400
v 0.15238000 -0.15722800 0.32454700
v 0.15337100 -0.16013700 0.32477000
v 0.16518000 -0.12259700 0.32488000
v 0.16757100 -0.14060800 0.32463400
v 0.18155500 -0.11645900 0.31586900
v 0.15183100 -0.14783100 0.32412700
v 0.14856900 -0.15057300 0.32372400
v 0.14773600 -0.15769900 0.32366600
v 0.15079300 -0.15405100 0.32432600
v 0.14565300 -0.15266200 0.32341000
v 0.14944200 -0.16134900 0.32410400
v 0.14965100 -0.14822400 0.32314400
v 0.14948300 -0.16811600 0.32406900
v 0.16079800 -0.20753300 0.31472200
v 0.15419900 -0.16300900 0.32477700
v 0.15022500 -0.17220100 0.32418900
v 0.15045900 -0.16982500 0.32437100
v 0.15238200 -0.17717200 0.32453000
v 0.14936900 -0.16534900 0.32400800
v 0.15160500 -0.16951200 0.32491500
v 0.15073400 -0.17635400 0.32406500
v 0.15164000 -0.17402600 0.32457700
v 0.15898000 -0.20446500 0.32387100
v 0.15125100 -0.18225700 0.32425100
v 0.15214600 -0.19483700 0.32395500
v 0.15053700 -0.17926500 0.32402200
v 0.20030000 -0.21525200 0.32541600
v 0.15382200 -0.20713400 0.32399100
v 0.14893200 -0.17675200 0.32375900
v 0.20770000 -0.08773700 0.31744900
v 0.21005700 -0.08667100 0.31769800
v 0.14946700 -0.19130900 0.32386800
v 0.15097300 -0.18864500 0.32418800
v 0.19322700 -0.10503600 0.32599400
v 0.15962100 -0.20097000 0.32381700
v 0.19666900 -0.08606400 0.32570500
v 0.14802700 -0.19300400 0.32367400
v 0.15330500 -0.18767900 0.32462400
v 0.15112200 -0.18536500 0.32431500
v 0.15007800 -0.17448300 0.32404900
v 0.14762100 -0.18072300 0.32357400
v 0.14440500 -0.18639000 0.32367300
v 0.16755500 -0.11299100 0.32453000
v 0.14739400 -0.16496500 0.32371800
v 0.14845500 -0.17059300 0.32374900
v 0.14471500 -0.17423600 0.32351900
v 0.20494000 -0.11326400 0.31671800
v 0.13986000 -0.16367800 0.32325600
v 0.14887700 -0.18255400 0.32387600
v 0.14197300 -0.18593000 0.32394000
v 0.20045000 -0.05824700 0.32581200
v 0.14845100 -0.17961300 0.32365900
v 0.14634100 -0.19338600 0.32350100
v 0.18321800 -0.11887200 0.31588000
v 0.20280000 -0.22010200 0.31939700
v 0.14706900 -0.18859900 0.32346200
v 0.17302600 -0.11039300 0.31579800
v 0.14341800 -0.19367500 0.32368600
v 0.17803300 -0.12288700 0.32475800
v 0.14646900 -0.18127500 0.32368200
v 0.16614000 -0.05655200 0.32524300
v 0.20266600 -0.22006900 0.32217800
v 0.14235500 -0.18972800 0.32378800
v 0.14680800 -0.18480300 0.32355300
v 0.14492700 -0.18269400 0.32389900
v 0.19285900 -0.08450500 0.32549200
v 0.14390100 -0.17854100 0.32418800
v 0.14898300 -0.18701300 0.32393000
v 0.13986600 -0.18037200 0.32369300
v 0.13981100 -0.17200500 0.32344200
v 0.19295000 -0.08816200 0.32562100
v 0.19187100 -0.07488500 0.32569200
v 0.13883700 -0.17854600 0.32225700
v 0.13932900 -0.18046400 0.32281900
v 0.13995600 -0.17406900 0.32349700
v 0.13835500 -0.18707300 0.32148200
v 0.18692300 -0.08808200 0.32488600
v 0.13920700 -0.17679200 0.32277000
v 0.13795000 -0.19351100 0.31979300
v 0.13870300 -0.18275700 0.32221300
v 0.13796300 -0.19104400 0.31978100
v 0.13834400 -0.17892000 0.32124600
v 0.14001600 -0.18412600 0.32369900
v 0.13954500 -0.18247000 0.32330900
v 0.13854200 -0.17285700 0.32134600
v 0.14041700 -0.16106600 0.32403200
v 0.13871500 -0.17725600 0.32217700
v 0.18453800 -0.07179100 0.32517400
v 0.13874700 -0.18555800 0.32220700
v 0.13821300 -0.19207700 0.32133600
v 0.13858400 -0.17617400 0.32188100
v 0.13981700 -0.18819000 0.32346600
v 0.13937400 -0.17055000 0.32292200
v 0.14051900 -0.16263500 0.32405700
v 0.14030400 -0.17841300 0.32428700
v 0.15307200 -0.16972800 0.32536300
v 0.13951500 -0.17357000 0.32305800
v 0.14254900 -0.18219200 0.32440900
v 0.14146300 -0.16542900 0.32426400
v 0.13878500 -0.16754400 0.32231900
v 0.13897800 -0.17043400 0.32254000
v 0.14058400 -0.16485200 0.32399300
v 0.20523500 -0.20861000 0.32534100
v 0.13827400 -0.17365300 0.32017200
v 0.13861000 -0.17014500 0.32198400
v 0.13821900 -0.18010500 0.32041400
v 0.13977200 -0.16671800 0.32319800
v 0.14030300 -0.16805500 0.32371200
v 0.20608700 -0.20729000 0.32523800
v 0.14680000 -0.17838800 0.32355600
v 0.13806900 -0.18860100 0.31982000
v 0.13794700 -0.18944200 0.31825600
v 0.13781900 -0.19273500 0.31828600
v 0.13833300 -0.19477200 0.32123800
v 0.13876900 -0.17149300 0.32216400
v 0.14217600 -0.17126900 0.32373400
v 0.13819700 -0.17760800 0.31985700
v 0.19287200 -0.06323400 0.32568500
v 0.13898500 -0.19154700 0.32263800
v 0.13953400 -0.19100100 0.32316600
v 0.13862200 -0.18391800 0.31564000
v 0.17870800 -0.11968000 0.32451300
v 0.17827000 -0.12371500 0.31550400
v 0.20690400 -0.07875600 0.32578200
v 0.13821500 -0.18378700 0.31662400
v 0.20403800 -0.08333600 0.32592000
v 0.13828700 -0.18800100 0.31610700
v 0.18044900 -0.10992900 0.31577400
v 0.20430800 -0.07889300 0.32591800
v 0.19244300 -0.12226300 0.31651300
v 0.13798300 -0.19204300 0.31693900
v 0.20387900 -0.20678300 0.32556300
v 0.13865400 -0.19718300 0.31525100
v 0.13793400 -0.18645400 0.31725500
v 0.14230200 -0.17470300 0.32386300
v 0.19789200 -0.04837000 0.32640200
v 0.13826000 -0.17575700 0.32050600
v 0.18188000 -0.21764900 0.32470400
v 0.20689100 -0.08868400 0.32590500
v 0.13844800 -0.17737100 0.32141300
v 0.13816200 -0.17945000 0.31862600
v 0.16600700 -0.11026400 0.32454000
v 0.13794500 -0.18584900 0.31916200
v 0.13806600 -0.18277900 0.31789300
v 0.14200500 -0.16344400 0.32440300
v 0.14130600 -0.16004300 0.32412200
v 0.14471300 -0.15377600 0.32340600
v 0.14267800 -0.15857500 0.32393300
v 0.14097500 -0.15851700 0.32380300
v 0.16002100 -0.12017800 0.32464800
v 0.13943200 -0.15773900 0.32258300
v 0.18844200 -0.00721800 0.32493600
v 0.13904800 -0.17320900 0.32244300
v 0.14077300 -0.15764300 0.32335800
v 0.14178800 -0.15414100 0.32232400
v 0.14131000 -0.16172100 0.32425900
v 0.14100000 -0.16700900 0.32397700
v 0.13916500 -0.15964300 0.32251000
v 0.13922300 -0.16432200 0.32265500
v 0.20579800 -0.07125100 0.32606100
v 0.13854000 -0.16593500 0.32162300
v 0.13843700 -0.17085500 0.32135600
v 0.14938000 -0.06244800 0.31525500
v 0.14011400 -0.05299300 0.31607200
v 0.20345400 -0.14393700 0.31686600
v 0.13970900 -0.05364400 0.31712700
v 0.13967600 -0.05213300 0.31693400
v 0.14290200 -0.05760100 0.31676200
v 0.13983600 -0.05403900 0.31859100
v 0.14497000 -0.05912100 0.31553800
v 0.14154800 -0.05624200 0.31691200
v 0.14042300 -0.05500900 0.31705400
v 0.19941300 -0.21594000 0.32526100
v 0.14801600 -0.06262200 0.31605200
v 0.14152700 -0.05485500 0.31486700
v 0.14199300 -0.05739600 0.32080200
v 0.14677500 -0.06145700 0.31618800
v 0.14340400 -0.05884100 0.31782200
v 0.14526500 -0.06076900 0.31795900
v 0.15362100 -0.06372700 0.31444500
v 0.15258800 -0.06725300 0.31646400
v 0.15213600 -0.06600400 0.31580400
v 0.15134200 -0.06428200 0.31529800
v 0.15349700 -0.06539200 0.31491700
v 0.15201200 -0.06668900 0.31882200
v 0.15319100 -0.06771900 0.31873800
v 0.14664700 -0.06211100 0.31735400
v 0.14578700 -0.06033800 0.31593400
v 0.14710200 -0.06231400 0.31663800
v 0.14589800 -0.06101800 0.31680600
v 0.14731900 -0.06124300 0.31562600
v 0.14427700 -0.05925700 0.31650400
v 0.17981200 -0.11504000 0.32436800
v 0.17572500 -0.11589700 0.32474900
v 0.14120500 -0.05642200 0.32076300
v 0.14390400 -0.05864400 0.32203900
v 0.14600600 -0.05968300 0.32283200
v 0.14200000 -0.05729700 0.31819000
v 0.14294800 -0.05829300 0.32114500
v 0.14446000 -0.05814900 0.32291600
v 0.14238700 -0.05804700 0.31983300
v 0.14061200 -0.05490600 0.32180600
v 0.17730600 -0.11281100 0.32470800
v 0.19974800 -0.08402600 0.32590500
v 0.14198000 -0.05667600 0.32185200
v 0.16289400 -0.10506600 0.32483300
v 0.14874600 -0.05904000 0.31487500
v 0.14573200 -0.05399600 0.32430400
v 0.14596200 -0.05647100 0.32416300
v 0.14397700 -0.05967700 0.31910600
v 0.14303000 -0.05687300 0.32271500
v 0.14315000 -0.05455600 0.32361800
v 0.14160200 -0.05505900 0.32275000
v 0.14192600 -0.05390000 0.32340600
v 0.14964500 -0.05385400 0.32467600
v 0.14708600 -0.05514100 0.32458500
v 0.14579300 -0.05519900 0.32429200
v 0.14776900 -0.06062800 0.32352600
v 0.14405200 -0.05939100 0.32137000
v 0.14288100 -0.05557100 0.32329000
v 0.20952300 -0.06503900 0.31783000
v 0.21327500 -0.08202800 0.32025200
v 0.20816100 -0.07770100 0.31738400
v 0.20675100 -0.05221800 0.32588100
v 0.14446800 -0.05432800 0.32398700
v 0.14428200 -0.05611900 0.32365400
v 0.18062400 -0.09324100 0.31582800
v 0.14480100 -0.05272500 0.32422300
v 0.14362400 -0.05886800 0.32155300
v 0.14706000 -0.05914900 0.32361900
v 0.14799400 -0.05752400 0.32443500
v 0.14945400 -0.06132700 0.32380100
v 0.14683400 -0.05793900 0.32390100
v 0.14198000 -0.05712500 0.32117700
v 0.14553900 -0.05790600 0.32352800
v 0.15494900 -0.06679100 0.32423800
v 0.14779600 -0.05864800 0.32414100
v 0.15453500 -0.06500300 0.32457500
v 0.16980800 -0.10773900 0.32468200
v 0.14877600 -0.05887200 0.32441600
v 0.17148800 -0.10269900 0.31558300
v 0.18789500 -0.20592200 0.32490100
v 0.14864800 -0.06324100 0.32161300
v 0.14755000 -0.06170100 0.32250500
v 0.15280200 -0.06350100 0.32441400
v 0.15074100 -0.06342200 0.32367100
v 0.17207500 -0.10093100 0.31543100
v 0.15241800 -0.05619300 0.32454700
v 0.15159500 -0.06597500 0.31990900
v 0.17118800 -0.10169200 0.32485000
v 0.14995100 -0.06018800 0.32448800
v 0.15091900 -0.06421500 0.32330300
v 0.19088100 -0.10199000 0.32574800
v 0.18971400 -0.10069000 0.32544800
v 0.14395300 -0.05696000 0.32326900
v 0.18882000 -0.10183800 0.32524500
v 0.14857000 -0.06164900 0.32327900
v 0.19563100 -0.04854300 0.32616500
v 0.15438900 -0.05988100 0.32470500
v 0.20039200 -0.21178500 0.32542300
v 0.15500400 -0.05492300 0.32435000
v 0.15055400 -0.05851000 0.32465900
v 0.20006400 -0.20174700 0.32536800
v 0.14938000 -0.05626000 0.32464700
v 0.19320200 -0.07266500 0.32597500
v 0.14838800 -0.06374900 0.31993100
v 0.14286500 -0.05850300 0.31869300
v 0.19028300 -0.09490900 0.32535200
v 0.14552400 -0.06070700 0.32149700
v 0.15004300 -0.06420700 0.32221300
v 0.14932300 -0.06457600 0.31872300
v 0.14996100 -0.06518100 0.31771200
v 0.15041400 -0.06529200 0.31911500
v 0.18726500 -0.10229500 0.31606800
v 0.15178900 -0.06589800 0.32277600
v 0.15098400 -0.06532300 0.32217500
v 0.15109500 -0.06498100 0.32286800
v 0.18549500 -0.09933800 0.31606000
v 0.15110900 -0.06557900 0.32072600
v 0.14716200 -0.06249200 0.32114400
v 0.15112500 -0.06579700 0.32149400
v 0.15264300 -0.06694000 0.32280800
v 0.15132200 -0.06207000 0.32435300
v 0.21066700 -0.03631000 0.31847100
v 0.20806600 -0.03429200 0.31719500
v 0.20750100 -0.03843900 0.31751600
v 0.15061700 -0.06508100 0.32028500
v 0.15188900 -0.06646300 0.32201300
v 0.15318400 -0.06803900 0.32150000
v 0.18270600 -0.11006500 0.32491200
v 0.15780200 -0.08109100 0.32106900
v 0.18565000 -0.10497500 0.32512100
v 0.15753900 -0.07632100 0.32280600
v 0.15349200 -0.06664800 0.32357400
v 0.15476300 -0.06328800 0.32481800
v 0.15873200 -0.06012500 0.32451100
v 0.15182200 -0.06061200 0.32473100
v 0.15400100 -0.06912700 0.32184000
v 0.18673600 -0.10782500 0.32535200
v 0.15200700 -0.06551500 0.32335000
v 0.15339500 -0.05262800 0.32447000
v 0.15152100 -0.06639900 0.31684600
v 0.15780200 -0.07393200 0.32386200
v 0.15823000 -0.07816100 0.32310700
v 0.16115000 -0.09646100 0.32467800
v 0.15966000 -0.06874800 0.32484500
v 0.15394000 -0.06899800 0.32134900
v 0.15713100 -0.07417500 0.32306000
v 0.15383200 -0.06836200 0.32270800
v 0.15788100 -0.08724600 0.32142200
v 0.15795400 -0.08241200 0.32188500
v 0.15793300 -0.09281000 0.32180000
v 0.15823300 -0.09048100 0.32282100
v 0.15800800 -0.08992900 0.32194700
v 0.15853900 -0.08566900 0.32343500
v 0.18632800 -0.20698800 0.32491000
v 0.18657000 -0.11495700 0.32514800
v 0.15936500 -0.09344900 0.32412300
v 0.20201900 -0.05449400 0.32594000
v 0.16118100 -0.09088300 0.32489000
v 0.15813400 -0.07993400 0.32286300
v 0.15812100 -0.08602500 0.32265700
v 0.18346000 -0.11675300 0.32453600
v 0.18819000 -0.10410400 0.32528200
v 0.15826700 -0.08354300 0.32299800
v 0.16052900 -0.07451000 0.32483000
v 0.16003300 -0.08245400 0.32473400
v 0.15888900 -0.08176100 0.32367200
v 0.19296800 -0.01698300 0.32569400
v 0.19233700 -0.01837700 0.32564200
v 0.15700300 -0.07471500 0.32186500
v 0.18584900 -0.07808600 0.31653700
v 0.15828200 -0.07360400 0.32424800
v 0.15070400 -0.06271600 0.32379500
v 0.20342900 -0.05115400 0.32596800
v 0.18603600 -0.10223400 0.32499000
v 0.15609800 -0.07029200 0.32358500
v 0.15206400 -0.06409200 0.32380600
v 0.15886500 -0.07156000 0.32474200
v 0.15655100 -0.07232800 0.32316300
v 0.15957300 -0.06503500 0.32467900
v 0.15645000 -0.07337200 0.32118400
v 0.15782100 -0.07077900 0.32453300
v 0.15799800 -0.06973900 0.32476300
v 0.15902500 -0.07041300 0.32481800
v 0.20519600 -0.06595600 0.32609200
v 0.15680800 -0.06311300 0.32480700
v 0.15938500 -0.08026400 0.32410300
v 0.16018600 -0.08390600 0.32497800
v 0.15731700 -0.07286300 0.32375700
v 0.15771700 -0.07835500 0.32216200
v 0.20422600 -0.20405700 0.32582000
v 0.15890200 -0.07811500 0.32375300
v 0.17911800 -0.09961500 0.32475400
v 0.18104700 -0.09506100 0.32466300
v 0.15988800 -0.07590000 0.32443900
v 0.15950600 -0.07894200 0.32421300
v 0.15796600 -0.08605600 0.31984900
v 0.15958700 -0.08452900 0.32442800
v 0.15819900 -0.08491600 0.32287300
v 0.15892600 -0.08739100 0.32377500
v 0.15864200 -0.07657400 0.32370000
v 0.15896100 -0.08405500 0.32387800
v 0.15954000 -0.08328100 0.32426300
v 0.15829800 -0.08796300 0.32294600
v 0.18557500 -0.20189900 0.32470400
v 0.15820400 -0.08694200 0.31829400
v 0.18292800 -0.13716100 0.32510800
v 0.18326300 -0.09425900 0.31580800
v 0.15630900 -0.06722100 0.32465200
v 0.15970100 -0.08779100 0.32461800
v 0.15962900 -0.07751500 0.32424000
v 0.15849400 -0.08433300 0.31710200
v 0.15856800 -0.08859800 0.31675700
v 0.15899000 -0.08670900 0.31618800
v 0.16068500 -0.08613600 0.31486700
v 0.18254300 -0.09745600 0.31579800
v 0.15961900 -0.09862600 0.31521400
v 0.17713200 -0.09741200 0.32458400
v 0.16530300 -0.09365100 0.32503900
v 0.15920100 -0.07710800 0.31551800
v 0.16044400 -0.09103500 0.31484300
v 0.16921700 -0.09362600 0.31526600
v 0.15919900 -0.08347600 0.31580300
v 0.15969300 -0.08672200 0.31534200
v 0.15965200 -0.08347000 0.31535500
v 0.15767600 -0.07684700 0.31847900
v 0.20300000 -0.19112900 0.32552500
v 0.15867800 -0.08245600 0.31659400
v 0.15823700 -0.07900500 0.31769000
v 0.15870200 -0.06999400 0.31466300
v 0.15880200 -0.07854200 0.31631600
v 0.15483500 -0.06855300 0.32348700
v 0.15372100 -0.06390600 0.32463900
v 0.15368200 -0.06497600 0.32409800
v 0.15751200 -0.07678800 0.32005400
v 0.15738000 -0.07662200 0.32139600
v 0.15874400 -0.08037200 0.31667700
v 0.15922900 -0.08573600 0.32416800
v 0.15838400 -0.07630300 0.31626400
v 0.15519000 -0.07090400 0.32132900
v 0.16011600 -0.08565000 0.32489500
v 0.15791200 -0.08350900 0.32070500
v 0.15813900 -0.08328300 0.31849100
v 0.15922800 -0.08820400 0.31578800
v 0.16532800 -0.10132800 0.31489800
v 0.15853400 -0.08608300 0.31717500
v 0.16258200 -0.09805500 0.32471100
v 0.15998600 -0.08547300 0.31512000
v 0.15944400 -0.08491100 0.31564300
v 0.15810800 -0.07725400 0.31714300
v 0.15765800 -0.07584200 0.31733500
v 0.16463900 -0.09053200 0.32532200
v 0.15814500 -0.08056400 0.31857500
v 0.15889100 -0.08404800 0.31630200
v 0.15577900 -0.07156000 0.32237800
v 0.15648900 -0.07318700 0.32218500
v 0.16659900 -0.08110400 0.32458300
v 0.16265800 -0.09030800 0.32525800
v 0.16002700 -0.09563100 0.32447700
v 0.15820100 -0.07431700 0.31567900
v 0.15839200 -0.08112500 0.31757900
v 0.15383000 -0.06888800 0.32099600
v 0.16909000 -0.08154700 0.32472100
v 0.15581200 -0.07206600 0.32113900
v 0.15585900 -0.06855600 0.32404100
v 0.15787600 -0.07515400 0.32351500
v 0.17019800 -0.09877500 0.31551300
v 0.15441400 -0.06966600 0.32114900
v 0.16772200 -0.09775800 0.31534500
v 0.15384900 -0.06877000 0.31996900
v 0.16774000 -0.05259600 0.32540800
v 0.15612500 -0.07250000 0.32015500
v 0.16343200 -0.04920800 0.31509400
v 0.15901100 -0.07576500 0.31536200
v 0.15768500 -0.07892800 0.32084500
v 0.15715100 -0.06875200 0.32475600
v 0.15955300 -0.06360800 0.32462200
v 0.15709500 -0.07147100 0.32391700
v 0.17728500 -0.09196600 0.32458400
v 0.15481100 -0.06999200 0.32239700
v 0.15854800 -0.09076100 0.31676100
v 0.20590700 -0.18633400 0.32547600
v 0.17410100 -0.09726700 0.32460500
v 0.15824800 -0.06601100 0.32484400
v 0.15527300 -0.05678900 0.32432100
v 0.18705700 -0.09187300 0.32508900
v 0.18459400 -0.09365200 0.32500300
v 0.17571800 -0.10283300 0.32480800
v 0.14458600 -0.03996700 0.31463900
v 0.14819500 -0.06377500 0.31848000
v 0.15259400 -0.06732700 0.31997800
v 0.17233900 -0.09751800 0.31534100
v 0.15592000 -0.06537800 0.32480000
v 0.17930200 -0.10217600 0.32489000
v 0.18006900 -0.11516100 0.31591200
v 0.17090100 -0.10541800 0.31568100
v 0.15573000 -0.07188600 0.31931600
v 0.17372900 -0.10445400 0.31543200
v 0.15608400 -0.07029900 0.31588700
v 0.15241400 -0.06739300 0.31754200
v 0.14985900 -0.06110000 0.31478100
v 0.15424000 -0.06891800 0.31844000
v 0.19326000 -0.22027500 0.32037200
v 0.15429600 -0.06861900 0.31627400
v 0.17296500 -0.10736200 0.31581700
v 0.19149200 -0.22016200 0.31928200
v 0.15362200 -0.06765400 0.31594000
v 0.14014200 -0.05479400 0.32018700
v 0.15592000 -0.06773500 0.31479000
v 0.15798300 -0.08094100 0.31987300
v 0.18834800 -0.10866700 0.31593900
v 0.15881500 -0.07461700 0.32418700
v 0.18766700 -0.10526300 0.31604000
v 0.15505800 -0.07004800 0.31746900
v 0.17176500 -0.10820300 0.31580900
v 0.14609600 -0.06186800 0.31963800
v 0.15511400 -0.06958600 0.31638800
v 0.15519400 -0.07071600 0.31946800
v 0.19604400 -0.04357000 0.32641500
v 0.15672200 -0.07150100 0.31589600
v 0.15691900 -0.07425300 0.31821700
v 0.15699400 -0.07217400 0.31592300
v 0.15420700 -0.06716800 0.31540400
v 0.15851700 -0.07267700 0.31497500
v 0.15930900 -0.07458800 0.31503600
v 0.15882400 -0.05878900 0.31473200
v 0.17081500 -0.10097500 0.31551900
v 0.16012200 -0.07641400 0.31488200
v 0.17382900 -0.05034200 0.32564500
v 0.15969900 -0.07868400 0.31523800
v 0.16918900 -0.10170100 0.31554000
v 0.18879300 -0.09566100 0.31561400
v 0.15588200 -0.07139100 0.31757000
v 0.16731800 -0.06030900 0.32497200
v 0.16611800 -0.06569900 0.32478900
v 0.15593100 -0.07084600 0.31652600
v 0.15754200 -0.07486200 0.31668600
v 0.15812000 -0.08159000 0.32265500
v 0.15624600 -0.07290200 0.31926500
v 0.15652800 -0.07263100 0.31736800
v 0.15710200 -0.05557400 0.32440300
v 0.18359400 -0.10313800 0.31603700
v 0.15703200 -0.07056700 0.31525900
v 0.17568900 -0.05330000 0.32505900
v 0.17717100 -0.05669800 0.32510000
v 0.15798300 -0.07306400 0.32413400
v 0.15693800 -0.07455000 0.32026200
v 0.19785500 -0.07599900 0.31577700
v 0.15725400 -0.07555600 0.31932300
v 0.15710500 -0.07354500 0.31656600
v 0.18751900 -0.01650700 0.32465400
v 0.18019300 -0.11230200 0.31588400
v 0.16881500 -0.03806800 0.32550400
v 0.15694100 -0.05798600 0.32447900
v 0.18375900 -0.09085100 0.32494200
v 0.15712800 -0.07022200 0.32423400
v 0.16642400 -0.09037200 0.31529600
v 0.15798800 -0.07199600 0.32430800
v 0.15606600 -0.07218800 0.31847100
v 0.16026000 -0.05604200 0.32469900
v 0.17701900 -0.05405900 0.32514600
v 0.15965000 -0.03189800 0.32473700
v 0.16061800 -0.02352600 0.32532400
v 0.15699800 -0.03087900 0.32451600
v 0.15920800 -0.02703400 0.32518300
v 0.15028900 -0.02857800 0.32485200
v 0.20857300 -0.18606500 0.32140300
v 0.18447400 -0.05326000 0.32555200
v 0.14983200 -0.02593000 0.32470600
v 0.14338400 -0.02980700 0.32425200
v 0.14465300 -0.02587700 0.32425600
v 0.18490300 -0.09576000 0.31590400
v 0.14106900 -0.05640400 0.31945100
v 0.14375300 -0.02413900 0.32424900
v 0.14878300 -0.02338000 0.32454200
v 0.20522100 -0.20706100 0.32545400
v 0.14786300 -0.02797900 0.32475900
v 0.20489400 -0.20564800 0.32562200
v 0.14668700 -0.03052000 0.32462500
v 0.14347800 -0.02780600 0.32421000
v 0.16166900 -0.05501700 0.32502100
v 0.14427600 -0.02273500 0.32417700
v 0.14278900 -0.03561300 0.32434400
v 0.18890400 -0.00696300 0.31741400
v 0.18966200 -0.00736500 0.31752500
v 0.18939300 -0.00606500 0.31726500
v 0.14526100 -0.02842100 0.32435600
v 0.14525300 -0.02374200 0.32428400
v 0.20650000 -0.17693700 0.32510000
v 0.14461800 -0.01829200 0.32416900
v 0.14352600 -0.00896000 0.32447100
v 0.14498400 -0.01573200 0.32419600
v 0.17540300 -0.05432200 0.32500100
v 0.15087900 -0.01490200 0.32462400
v 0.14815100 -0.03187900 0.32482700
v 0.19553100 -0.09659500 0.31602900
v 0.19675500 -0.10008200 0.31597700
v 0.14799200 -0.01604000 0.32452200
v 0.18209700 -0.05058900 0.32548500
v 0.20811300 -0.18975800 0.32397100
v 0.14312400 -0.01892300 0.32426300
v 0.14618000 -0.01396900 0.32431600
v 0.18330600 -0.06328500 0.32498200
v 0.14854000 -0.01203000 0.32447100
v 0.14638500 -0.00639600 0.32479400
v 0.14764600 -0.01984600 0.32450300
v 0.14258800 -0.01602600 0.32427200
v 0.15306800 -0.01178700 0.32457400
v 0.16017000 -0.00857300 0.32406400
v 0.15623100 -0.01005100 0.32448300
v 0.14633900 -0.04510600 0.31434700
v 0.14858500 -0.00783500 0.32460600
v 0.20632500 -0.19389700 0.32508600
v 0.15695900 -0.01235200 0.32455200
v 0.15675800 -0.02353800 0.32478700
v 0.15876100 -0.01472900 0.32460400
v 0.15236300 -0.02688900 0.32477500
v 0.14458300 -0.01341000 0.32408700
v 0.14680400 -0.02279700 0.32444600
v 0.15207500 -0.02311400 0.32466900
v 0.15120800 -0.01832400 0.32467000
v 0.15457800 -0.00807900 0.32425400
v 0.20341400 -0.18013900 0.32539200
v 0.15827300 -0.00805400 0.32429800
v 0.15883300 -0.02954300 0.32493200
v 0.15263800 -0.03406900 0.32457000
v 0.16559100 -0.03268600 0.32551900
v 0.14694600 -0.02550900 0.32453100
v 0.14494100 -0.02109600 0.32424900
v 0.15347200 -0.03029200 0.32461800
v 0.15755100 -0.02844000 0.32478900
v 0.15152300 -0.03818200 0.32481400
v 0.15841100 -0.03483900 0.32441100
v 0.15039500 -0.03130600 0.32483300
v 0.15551600 -0.03351800 0.32433500
v 0.16371100 -0.02029600 0.32547500
v 0.15551900 -0.02707800 0.32477600
v 0.16041500 -0.03742300 0.32467000
v 0.19212600 -0.00494700 0.31639500
v 0.16235300 -0.03420600 0.32505000
v 0.14968400 -0.03437300 0.32476800
v 0.15135500 -0.04241700 0.32492400
v 0.14995700 -0.06419300 0.31583500
v 0.16471400 -0.00617600 0.31521600
v 0.15916000 -0.05403100 0.32457900
v 0.16098800 -0.05809900 0.32479500
v 0.15699800 -0.05122800 0.32422500
v 0.15914400 -0.05133800 0.32465200
v 0.15685300 -0.04911300 0.32438000
v 0.16010500 -0.04009500 0.32465500
v 0.15719700 -0.04356400 0.32464900
v 0.15918100 -0.09038600 0.31573000
v 0.16068000 -0.05344000 0.32476600
v 0.20592100 -0.17922400 0.32539800
v 0.15385200 -0.04491100 0.32470400
v 0.20285300 -0.19549500 0.32544500
v 0.16421500 0.01045900 0.32209000
v 0.16381100 0.01004200 0.32312700
v 0.16075000 -0.05042200 0.32475300
v 0.15404600 -0.04889300 0.32451600
v 0.15873400 -0.04947900 0.32452400
v 0.15443400 -0.04118300 0.32480400
v 0.14964400 -0.04644800 0.32465500
v 0.16067700 -0.04776600 0.32462900
v 0.14710200 -0.04459500 0.32462900
v 0.14192200 -0.02312200 0.32424200
v 0.14916000 -0.04068200 0.32483800
v 0.14656800 -0.05194700 0.32454100
v 0.14434000 -0.04702100 0.32419500
v 0.14346000 -0.05200500 0.32431000
v 0.14410100 -0.05979800 0.32047900
v 0.14507300 -0.04906500 0.32428500
v 0.14984500 -0.05038900 0.32460800
v 0.18504700 -0.03522600 0.32512700
v 0.14724600 -0.04899600 0.32459000
v 0.14297900 -0.04598500 0.32426100
v 0.14693700 -0.03996800 0.32452100
v 0.15933800 -0.04233800 0.32457400
v 0.17013900 -0.01965100 0.32611200
v 0.14486100 -0.04480100 0.32416900
v 0.17078300 -0.08773500 0.31547000
v 0.18719400 -0.08885000 0.31613900
v 0.14527900 -0.04204500 0.32416500
v 0.14531000 -0.03938400 0.32417500
v 0.19163600 -0.01730500 0.32551200
v 0.16412400 -0.00302700 0.31525000
v 0.16252500 -0.00285100 0.31523600
v 0.14425000 -0.03440400 0.32427000
v 0.14449000 -0.03729900 0.32421000
v 0.14457300 -0.03167200 0.32412000
v 0.14856600 -0.02990800 0.32482300
v 0.14318400 -0.04364600 0.32430800
v 0.14628700 -0.03775800 0.32449400
v 0.18932100 -0.10197900 0.31626100
v 0.14646600 -0.03431700 0.32465300
v 0.14726900 -0.04234700 0.32461500
v 0.19013100 -0.10091700 0.31593200
v 0.20079900 -0.09982200 0.31615400
v 0.18682600 -0.11141500 0.31592700
v 0.14141200 -0.03285800 0.32416200
v 0.16640700 -0.09327600 0.31512700
v 0.16280100 -0.10583700 0.31452100
v 0.14063100 -0.03547900 0.32350400
v 0.14312300 -0.03142900 0.32431700
v 0.20809600 -0.03206800 0.32565700
v 0.14610400 -0.04676000 0.32444800
v 0.14069500 -0.05319700 0.32285000
v 0.14135900 -0.04690000 0.32403600
v 0.14023100 -0.05009800 0.32305100
v 0.14266400 -0.02602300 0.32426200
v 0.13947900 -0.05242700 0.31858800
v 0.14429900 -0.05070800 0.32432400
v 0.20022800 -0.05064200 0.32612400
v 0.14076200 -0.04493100 0.32359700
v 0.20681500 -0.02827800 0.32626800
v 0.15897500 -0.05687400 0.32440100
v 0.14540100 -0.03817800 0.32427000
v 0.14287300 -0.04868500 0.32438100
v 0.18975300 -0.10391500 0.31612100
v 0.16126300 -0.12462400 0.31342700
v 0.14007300 -0.04673000 0.32308600
v 0.16390000 -0.12505000 0.31332900
v 0.14168000 -0.02546300 0.32405900
v 0.20884100 -0.02247900 0.32578000
v 0.14152400 -0.04175900 0.32419700
v 0.20775800 -0.02440500 0.32594800
v 0.14171200 -0.04015500 0.32419900
v 0.14175000 -0.04321400 0.32425000
v 0.20605700 -0.06487000 0.32614300
v 0.14162000 -0.03627300 0.32425100
v 0.14308900 -0.05050300 0.32440700
v 0.14022200 -0.04187400 0.32316900
v 0.20825500 -0.02728100 0.32583400
v 0.14086100 -0.04104900 0.32362600
v 0.13918700 -0.17480700 0.32271300
v 0.18530500 -0.10703800 0.31611500
v 0.14186700 -0.04491400 0.32427900
v 0.20306300 -0.15401800 0.31694500
v 0.19209900 -0.02956200 0.32562800
v 0.14142800 -0.05231000 0.32375900
v 0.17857100 -0.11384000 0.31599100
v 0.13961000 -0.05085700 0.32180500
v 0.13983100 -0.04880600 0.32258700
v 0.20727900 -0.01548500 0.32612600
v 0.13992200 -0.04401000 0.32275800
v 0.14073400 -0.04288900 0.32357300
v 0.14206200 -0.05088600 0.32436900
v 0.14591700 -0.04350900 0.32426400
v 0.13953800 -0.05273100 0.32057500
v 0.13934300 -0.04920700 0.32124100
v 0.14086300 -0.03798600 0.32361700
v 0.13929200 -0.04967900 0.31970500
v 0.20604300 -0.04761000 0.32626700
v 0.13936100 -0.05104800 0.32021300
v 0.14018500 -0.04291300 0.32297800
v 0.14026400 -0.03729900 0.32320100
v 0.13977000 -0.04230800 0.32223400
v 0.13928500 -0.04614900 0.32030900
v 0.17514600 -0.10817900 0.31561300
v 0.13996200 -0.04070400 0.32264500
v 0.13958000 -0.04773900 0.32208900
v 0.14119500 -0.04930600 0.32398600
v 0.14081400 -0.05128600 0.32348600
v 0.14123700 -0.03023000 0.32396700
v 0.14121300 -0.03908600 0.32387800
v 0.14042500 -0.04086800 0.32317600
v 0.14232200 -0.03820200 0.32427100
v 0.14058300 -0.03099300 0.32335700
v 0.14268500 -0.03300900 0.32436400
v 0.20922200 -0.03435000 0.32565700
v 0.14128000 -0.03759200 0.32411300
v 0.21298500 -0.02933000 0.32385000
v 0.19216900 -0.02597200 0.32574400
v 0.18513400 -0.10944300 0.31603400
v 0.18276100 -0.10801100 0.31604100
v 0.14844500 -0.03745100 0.32474400
v 0.14123000 -0.02727700 0.32387100
v 0.14418800 -0.00716700 0.32442000
v 0.14500300 -0.00765700 0.32457600
v 0.14138500 -0.02877500 0.32405100
v 0.14171500 -0.02815400 0.32424700
v 0.18322500 -0.11345700 0.32453800
v 0.14020900 -0.02664200 0.32275900
v 0.19397400 -0.02789400 0.32567500
v 0.14237100 -0.02408500 0.32426800
v 0.18201500 0.00923200 0.31640000
v 0.18394000 -0.12092400 0.32476700
v 0.14094100 -0.03186800 0.32365400
v 0.19300700 0.00926000 0.32455300
v 0.14007100 -0.04534500 0.32290800
v 0.16364100 -0.00409000 0.31527100
v 0.14050200 -0.04847800 0.32335600
v 0.18567900 -0.11556800 0.31577200
v 0.19459500 0.00939500 0.32439700
v 0.14094500 -0.03659400 0.32382600
v 0.13997400 -0.03085600 0.32262900
v 0.14149300 -0.03458700 0.32415800
v 0.14312300 -0.04076400 0.32426100
v 0.13988400 -0.05347700 0.32165400
v 0.20638700 0.00833300 0.32590200
v 0.20513100 0.00765400 0.32653700
v 0.14000100 -0.05196400 0.32234500
v 0.13952900 -0.04378500 0.32106000
v 0.13929800 -0.04816300 0.32037100
v 0.13934400 -0.04732400 0.32126700
v 0.13958600 -0.04584300 0.32198000
v 0.13958900 -0.04040700 0.32181600
v 0.13961600 -0.03516500 0.31986100
v 0.19818100 -0.09730600 0.31629100
v 0.14049700 -0.03372400 0.32334300
v 0.13947400 -0.03934800 0.32104100
v 0.13940800 -0.04769300 0.31888900
v 0.20409200 -0.16896800 0.31687400
v 0.13945200 -0.04989800 0.31830900
v 0.19785300 -0.00328900 0.32670500
v 0.13943600 -0.05101700 0.31898100
v 0.20101600 0.00959100 0.31832900
v 0.13944200 -0.04120000 0.32058300
v 0.20184400 0.00875000 0.31675900
v 0.14085400 -0.02566300 0.32346100
v 0.13960700 -0.03426700 0.32111600
v 0.13953300 -0.04485800 0.31849100
v 0.13951300 -0.03167200 0.32148500
v 0.13988500 -0.03310700 0.32236800
v 0.13950500 -0.04665600 0.31767800
v 0.18852800 -0.09951300 0.31587000
v 0.20221400 0.00829900 0.32578200
v 0.14070700 -0.05560700 0.31838700
v 0.19980100 -0.08841100 0.31645000
v 0.20497900 0.00976400 0.31926500
v 0.18432700 -0.09631400 0.32507600
v 0.20633900 0.01007900 0.31932200
v 0.20706100 0.00766100 0.32608900
v 0.13958400 -0.05125000 0.31785100
v 0.13966400 -0.04287400 0.31807800
v 0.13946600 -0.04435900 0.31979900
v 0.20438600 -0.09794300 0.31673800
v 0.13947600 -0.04066600 0.31906400
v 0.13953700 -0.04277700 0.31931000
v 0.14263400 -0.05300100 0.32403300
v 0.20020500 -0.11961500 0.31638100
v 0.20439400 -0.10772900 0.31660800
v 0.14208800 -0.03117700 0.32429400
v 0.20237800 -0.10954500 0.31651000
v 0.13946000 -0.03903600 0.31973100
v 0.13975200 -0.05040600 0.31699400
v 0.19632200 -0.04217600 0.31609100
v 0.13966400 -0.02963800 0.32187100
v 0.14215100 -0.02898200 0.32424300
v 0.20228700 -0.15695900 0.31694100
v 0.15739600 0.01013500 0.31631300
v 0.15927400 0.01035400 0.31700600
v 0.15833700 0.00971000 0.31586300
v 0.15951600 0.00996600 0.31601900
v 0.14106700 -0.01956400 0.32355000
v 0.20597000 -0.11660000 0.31695100
v 0.13958400 -0.03702000 0.32080200
v 0.14282600 -0.02189700 0.32424800
v 0.14187000 -0.01976100 0.32409000
v 0.20467500 -0.13653400 0.31689800
v 0.20007200 -0.02076900 0.32675800
v 0.14529400 -0.00951300 0.32450100
v 0.14267400 -0.01371200 0.32420300
v 0.14231300 -0.02754600 0.32427800
v 0.14107500 -0.03568700 0.32399000
v 0.20250400 -0.12714400 0.31669900
v 0.13982700 -0.03561600 0.32244500
v 0.20532200 -0.11769600 0.31654900
v 0.14111300 -0.01447900 0.32358500
v 0.13942800 -0.03000300 0.32078800
v 0.20281700 0.00968700 0.32092700
v 0.14151700 -0.02232400 0.32407900
v 0.14015900 -0.02856600 0.32270600
v 0.19780800 0.00672200 0.32580800
v 0.14033100 -0.03217600 0.32309600
v 0.20366300 -0.14689900 0.31687600
v 0.14239800 -0.00799400 0.32454200
v 0.13970100 -0.03860000 0.32222400
v 0.14135100 -0.01829900 0.32382900
v 0.19465000 -0.10918500 0.32592800
v 0.13979300 -0.02353400 0.32215600
v 0.14110800 -0.02096000 0.32376700
v 0.14062200 -0.01825200 0.32316700
v 0.14021800 -0.02475800 0.32278500
v 0.14130100 -0.01676200 0.32382100
v 0.14034900 0.00259900 0.32295600
v 0.14018200 0.00372500 0.32290800
v 0.20098000 -0.12282700 0.31643800
v 0.19621000 -0.00050100 0.32601500
v 0.19192200 0.00875800 0.32514700
v 0.13968300 -0.00466900 0.32061100
v 0.19406200 -0.01774700 0.32577900
v 0.14092500 0.00354700 0.32340100
v 0.13982600 -0.00554200 0.32201900
v 0.14013500 -0.00050900 0.32262800
v 0.13967500 -0.00148900 0.32198600
v 0.21001100 -0.00526300 0.32505400
v 0.21456600 -0.01442400 0.32164700
v 0.13970800 -0.00704900 0.32108700
v 0.13975500 -0.00339500 0.32187900
v 0.14247300 0.00951700 0.32333400
v 0.14171700 0.00268500 0.32415800
v 0.14000500 -0.00246000 0.32285200
v 0.14194700 -0.01781200 0.32416400
v 0.14014200 -0.00417900 0.32279700
v 0.14039100 -0.03935100 0.32322300
v 0.20240700 -0.16156300 0.31702100
v 0.13995000 0.00446900 0.32253800
v 0.14098200 -0.00346200 0.32346300
v 0.20563000 -0.14264600 0.31717900
v 0.14042700 0.00471900 0.32301500
v 0.14152300 -0.00122000 0.32406200
v 0.14273800 0.00003200 0.32434100
v 0.19495700 -0.01929800 0.32611600
v 0.14167500 -0.00432100 0.32409500
v 0.20484300 0.00974700 0.32122300
v 0.13973700 0.00017600 0.32166600
v 0.14012100 0.00137600 0.32239500
v 0.14093400 0.00099500 0.32338500
v 0.14179000 0.00082200 0.32412300
v 0.14221800 0.00149900 0.32437400
v 0.14246200 0.00459700 0.32441400
v 0.20435000 0.00900000 0.32560800
v 0.20316400 0.00719500 0.32623200
v 0.20472600 -0.02580000 0.32657700
v 0.13996200 -0.01081900 0.32220500
v 0.20188400 -0.14671600 0.31705800
v 0.14000100 -0.00799000 0.32226700
v 0.14115900 -0.00555200 0.32359600
v 0.20618400 -0.13906400 0.31723200
v 0.14051700 -0.01065600 0.32310600
v 0.13969500 -0.00939600 0.32092400
v 0.14177700 -0.02119300 0.32423100
v 0.20173700 -0.15166900 0.32540100
v 0.14091500 -0.00777800 0.32332100
v 0.14163600 -0.00702700 0.32418600
v 0.14183100 -0.00569600 0.32428400
v 0.14039000 -0.00930000 0.32293900
v 0.14151600 -0.00833900 0.32404500
v 0.14213400 -0.01088900 0.32426200
v 0.14051400 -0.01218700 0.32312000
v 0.14110000 -0.01103700 0.32366400
v 0.14194600 -0.00943500 0.32439200
v 0.14108800 -0.00952500 0.32360700
v 0.13977900 -0.01550000 0.32185600
v 0.14149800 -0.01243600 0.32398000
v 0.14072400 -0.00127900 0.32323500
v 0.13986500 -0.02191100 0.32211200
v 0.20661800 -0.14197800 0.31763100
v 0.13986000 -0.01365900 0.32223400
v 0.19783600 -0.12823600 0.32507200
v 0.13961600 -0.01694800 0.32115100
v 0.18998900 -0.00696900 0.32541400
v 0.19427700 -0.12811200 0.32496100
v 0.13984700 -0.01873500 0.32212400
v 0.19181300 -0.01573500 0.32543500
v 0.13949600 -0.02418500 0.31878800
v 0.13951000 -0.02077200 0.32097200
v 0.14050000 -0.02266400 0.32307500
v 0.13949700 -0.01871600 0.32059600
v 0.13954000 -0.01961100 0.31915000
v 0.13968000 -0.01068100 0.31937700
v 0.13967100 -0.01279600 0.31958600
v 0.13948600 -0.01465200 0.32054400
v 0.13944500 -0.02211900 0.31964600
v 0.13969100 -0.02114000 0.31743400
v 0.20787500 -0.01717900 0.32588200
v 0.13965800 -0.01207800 0.32081800
v 0.13968100 -0.01949600 0.31778500
v 0.20375400 -0.09740500 0.32548600
v 0.14241400 -0.01212100 0.32418800
v 0.14022900 -0.01718700 0.32272500
v 0.14253700 -0.00640700 0.32454200
v 0.20253800 -0.11741200 0.31638400
v 0.19554000 -0.11381700 0.32569300
v 0.13970000 -0.01426500 0.31846500
v 0.13947500 -0.01692500 0.31943000
v 0.14039500 -0.00600400 0.32292300
v 0.14064200 -0.00491800 0.32323100
v 0.13956400 -0.02743700 0.32148100
v 0.20800000 -0.02510200 0.31718200
v 0.20322000 -0.11003700 0.32563000
v 0.19989600 -0.11056400 0.32561800
v 0.19207900 -0.09988100 0.32568200
v 0.19379700 -0.10116200 0.32582100
v 0.14043900 -0.02053400 0.32280600
v 0.13989900 -0.02066000 0.32196600
v 0.13949900 -0.02292200 0.32116500
v 0.19020400 -0.10553900 0.32580400
v 0.13938800 -0.02396200 0.32023500
v 0.13992500 -0.01685600 0.32216200
v 0.20277500 -0.10123500 0.32522600
v 0.13982000 -0.02598200 0.32217300
v 0.19727400 -0.10474700 0.32578300
v 0.19530300 -0.02138500 0.32631900
v 0.14021000 -0.01565200 0.32265100
v 0.13940800 -0.03229700 0.31973900
v 0.20402900 -0.09949300 0.32534000
v 0.13975400 -0.01204100 0.31856600
v 0.13943800 -0.02864700 0.31940500
v 0.13961200 -0.03700400 0.31897400
v 0.13944800 -0.02593200 0.32012200
v 0.14116400 -0.02401000 0.32386800
v 0.20281300 -0.10479100 0.32554800
v 0.13953000 -0.03132500 0.31819900
v 0.13977800 -0.03664800 0.31723100
v 0.20464700 -0.10151600 0.32551400
v 0.13952300 -0.03303800 0.31800200
v 0.13963000 -0.04141600 0.31787000
v 0.13957600 -0.03911400 0.31789400
v 0.13962300 -0.03486700 0.31836700
v 0.20467700 -0.10714100 0.32567200
v 0.20659600 -0.10898100 0.32561600
v 0.20386000 -0.15580200 0.32552300
v 0.20653100 -0.09258500 0.32612700
v 0.13958200 -0.02495100 0.32149700
v 0.13955500 -0.02623300 0.31895800
v 0.20679300 -0.09454500 0.32589100
v 0.14154300 -0.05319000 0.31466100
v 0.19378300 -0.03199100 0.32571200
v 0.13976900 -0.04684900 0.31656600
v 0.14069400 -0.05307100 0.31520400
v 0.18712000 -0.09818600 0.32514100
v 0.19020700 -0.09889600 0.32529400
v 0.14031900 -0.05111900 0.31576200
v 0.19505600 -0.09581900 0.32548000
v 0.14014600 -0.04490200 0.31592600
v 0.14049600 -0.04870200 0.31526400
v 0.14070600 -0.04632700 0.31504500
v 0.14152900 -0.04586500 0.31467300
v 0.14112600 -0.05208500 0.31488400
v 0.14089300 -0.03450900 0.31507200
v 0.14011200 -0.03702600 0.31605600
v 0.13986000 -0.04039900 0.31686000
v 0.20192600 -0.05905700 0.32585700
v 0.13963600 -0.02961200 0.31738100
v 0.14031200 -0.03407700 0.31562900
v 0.20638700 -0.11885300 0.32535800
v 0.20258400 -0.10776600 0.32558300
v 0.13982000 -0.02371600 0.31684900
v 0.20898800 -0.14972800 0.32484000
v 0.13971400 -0.02662900 0.31748600
v 0.20836000 -0.15428400 0.32500400
v 0.13965400 -0.00781000 0.31943300
v 0.20534100 -0.13416900 0.31704900
v 0.13965400 -0.00952000 0.31869500
v 0.13966800 -0.00501900 0.31924300
v 0.20424000 -0.05942900 0.32606000
v 0.19371400 -0.06750100 0.31572300
v 0.18988600 -0.02740600 0.32571300
v 0.14091200 -0.02481700 0.31501700
v 0.14102200 -0.05061800 0.31496100
v 0.14064800 -0.02949300 0.32344500
v 0.20408600 -0.11529700 0.32557400
v 0.20557100 -0.11664800 0.32550500
v 0.14001300 -0.03030000 0.31594200
v 0.13974300 -0.04515900 0.31702500
v 0.14044100 -0.03812800 0.31540500
v 0.14069900 -0.04411100 0.31520600
v 0.20696400 -0.11617200 0.32528900
v 0.14093800 -0.03301800 0.31493200
v 0.20338600 -0.15282600 0.32552600
v 0.13999100 -0.03310500 0.31604700
v 0.13996400 -0.02842800 0.31641400
v 0.13980800 -0.03201200 0.31674800
v 0.14170600 -0.03398700 0.31475200
v 0.13963900 -0.01809300 0.31771100
v 0.14015500 -0.02439300 0.31562000
v 0.14069300 -0.01078300 0.31505800
v 0.20536400 -0.11998300 0.31679400
v 0.13961700 -0.01628800 0.31773700
v 0.13986600 -0.01471600 0.31708700
v 0.14200800 -0.00946300 0.31450700
v 0.13976600 -0.00621300 0.31783000
v 0.14130000 -0.01057600 0.31475600
v 0.14029000 -0.01090200 0.31541300
v 0.20722400 -0.14001500 0.31755600
v 0.20955700 -0.14102600 0.31892600
v 0.14005300 -0.01169500 0.31604300
v 0.21220500 -0.10040300 0.32228300
v 0.20737900 -0.10198200 0.32560300
v 0.20601300 -0.09648300 0.32586000
v 0.14096100 0.00530300 0.32329300
v 0.13984300 0.00194900 0.32158600
v 0.19324300 -0.04841300 0.31631000
v 0.13996700 0.00100200 0.31738000
v 0.13969200 0.00464100 0.32156000
v 0.19603500 -0.02878000 0.32609600
v 0.19249000 -0.07957900 0.31552100
v 0.13952300 -0.00274300 0.31955300
v 0.13944200 -0.00025700 0.31964100
v 0.13970800 0.00200400 0.32064200
v 0.13963100 -0.00091300 0.31835700
v 0.13994200 -0.00086300 0.31733700
v 0.20729900 -0.14193700 0.31771100
v 0.20523200 -0.14998400 0.31714300
v 0.20626800 -0.13988200 0.32539900
v 0.13972800 0.00667000 0.31807700
v 0.20633600 -0.05836800 0.31737000
v 0.13979600 0.00288400 0.32143600
v 0.13992800 0.00315100 0.32223100
v 0.19363900 -0.00987000 0.32593600
v 0.14020000 0.00555000 0.32274300
v 0.14109400 0.00705000 0.32324100
v 0.13948600 0.00529400 0.31984400
v 0.13972400 -0.00368600 0.31847100
v 0.14011200 0.00640700 0.32215300
v 0.19604300 -0.01713400 0.32611600
v 0.19631500 -0.01473500 0.32610600
v 0.13968800 0.00478400 0.31814900
v 0.14014600 -0.00555700 0.31630500
v 0.14259500 0.01007200 0.32080200
v 0.14018500 0.00746500 0.31652300
v 0.14039300 0.00220700 0.31607500
v 0.14137000 0.00243100 0.31468700
v 0.13997400 -0.00307300 0.31734800
v 0.20472600 -0.19397400 0.31651900
v 0.14190000 0.00149000 0.31444900
v 0.14360400 -0.00271700 0.31449000
v 0.14182000 -0.00364600 0.31449100
v 0.14181900 -0.00040900 0.31450700
v 0.14476000 -0.00197000 0.31439700
v 0.14218400 0.00378500 0.31440400
v 0.20788000 -0.02868100 0.31717500
v 0.20828800 -0.10509800 0.32524300
v 0.14087300 0.00881500 0.31640200
v 0.14144900 0.00970000 0.31668300
v 0.14206500 0.00700100 0.31437300
v 0.16725100 -0.01455200 0.32545400
v 0.14365400 0.00627900 0.31423500
v 0.14105500 0.00070900 0.31516900
v 0.14290100 0.00216000 0.31429300
v 0.14116500 0.00795400 0.31502100
v 0.14540800 0.01033500 0.31780500
v 0.14281500 0.01029300 0.31675900
v 0.14568400 0.00952100 0.31487600
v 0.14629800 0.01008600 0.31586400
v 0.14175500 0.00971700 0.32206800
v 0.14164800 0.00969100 0.31779900
v 0.14515400 0.01032500 0.31964900
v 0.14030300 0.00455200 0.31578200
v 0.13992500 0.00362900 0.31708300
v 0.20771700 -0.11320100 0.32526600
v 0.19638000 -0.00945900 0.32685000
v 0.14419400 0.00125400 0.31432700
v 0.14088100 -0.00206200 0.31543600
v 0.19175400 -0.01167000 0.31634200
v 0.13972300 0.00645100 0.32131800
v 0.14667400 -0.00139300 0.31429200
v 0.14410800 -0.00020200 0.31444200
v 0.18425600 0.00856400 0.31623000
v 0.15996300 -0.00092300 0.31521200
v 0.18597700 0.00813100 0.31610700
v 0.15619300 0.01063800 0.31999700
v 0.14608500 0.01021200 0.32205900
v 0.15465800 0.00915900 0.31520200
v 0.15313100 0.01035100 0.32229000
v 0.15436300 0.01042900 0.31931200
v 0.14864900 0.01007500 0.31636800
v 0.19853100 -0.09320500 0.31645200
v 0.15758000 0.00847300 0.31523200
v 0.19938500 0.00735300 0.32584300
v 0.15973700 0.00138100 0.31508700
v 0.15316500 0.00941300 0.31542200
v 0.14126800 -0.00086500 0.31491200
v 0.14413400 -0.00430200 0.31450300
v 0.14417800 0.00856900 0.31457500
v 0.14038900 0.00632600 0.31564200
v 0.15683900 0.00621300 0.31505300
v 0.15262900 0.00034300 0.31494800
v 0.14301100 0.01009100 0.31809900
v 0.20102500 -0.14659600 0.32530800
v 0.15165900 0.00599300 0.31487800
v 0.15167100 -0.00664600 0.31474300
v 0.15761900 -0.00040200 0.31520500
v 0.15447400 -0.00619100 0.31500500
v 0.15674700 -0.00451400 0.31526800
v 0.15937100 0.00778800 0.31510000
v 0.14894800 -0.00014900 0.31444800
v 0.15865500 -0.00839000 0.31528700
v 0.21198800 -0.11498500 0.32225400
v 0.14202600 0.00974300 0.31920800
v 0.20770900 -0.00871300 0.31707400
v 0.20852800 -0.10909100 0.31793500
v 0.14923500 -0.00844300 0.31451800
v 0.14596400 -0.00429000 0.31434100
v 0.14271900 -0.00448900 0.31436900
v 0.14073800 -0.00721200 0.31500400
v 0.14290900 0.00015300 0.31435200
v 0.20456000 -0.09107400 0.31681400
v 0.14034300 -0.00050900 0.31638300
v 0.13976100 -0.00918400 0.31788100
v 0.20681700 0.00030500 0.31688500
v 0.14347100 -0.00977900 0.31446300
v 0.20789400 0.00034100 0.31702200
v 0.14661600 -0.00711000 0.31436400
v 0.20773900 -0.00695000 0.31699300
v 0.14126800 -0.00820600 0.31470200
v 0.14047900 -0.00914900 0.31512800
v 0.14080800 -0.01240200 0.31504700
v 0.14098300 -0.01412300 0.31490600
v 0.14258100 -0.01715100 0.31450900
v 0.14050000 -0.01607000 0.31536800
v 0.14517300 -0.00915600 0.31444500
v 0.14465700 -0.02097500 0.31436400
v 0.14671000 -0.00955500 0.31435200
v 0.20090400 -0.09650400 0.31646000
v 0.14023900 -0.01420200 0.31591300
v 0.20662900 -0.09941100 0.32574000
v 0.16086300 -0.03162000 0.31512700
v 0.15965800 -0.02251100 0.31520400
v 0.14111600 -0.03965700 0.31465800
v 0.14053700 -0.03594000 0.31539300
v 0.14199700 -0.03709100 0.31454900
v 0.14091000 -0.03014600 0.31485900
v 0.14148700 -0.02087900 0.31464800
v 0.14128700 -0.01937500 0.31468400
v 0.14280300 -0.02429500 0.31441900
v 0.20050400 0.00598700 0.31609100
v 0.14395100 -0.01850700 0.31457500
v 0.14034700 -0.02852500 0.31549200
v 0.19173900 0.00793200 0.31636500
v 0.19145800 0.00867300 0.31653400
v 0.14112300 -0.00387700 0.31502600
v 0.14250200 -0.03074900 0.31438100
v 0.14126900 -0.01604100 0.31471200
v 0.14038300 -0.01258200 0.31547300
v 0.19801200 -0.00076600 0.31632900
v 0.14060100 -0.01365600 0.31535400
v 0.13972600 -0.01198400 0.31718800
v 0.14714700 -0.01493300 0.31458400
v 0.20488500 0.00986100 0.32199600
v 0.15683700 -0.00777400 0.31508900
v 0.15998800 -0.00931400 0.31542800
v 0.16048800 -0.01091700 0.31530400
v 0.16123300 -0.02861700 0.31501300
v 0.14456300 -0.02623300 0.31446900
v 0.14045700 -0.04281800 0.31566300
v 0.19574600 0.01000100 0.32108500
v 0.14229900 -0.00721000 0.31443700
v 0.19641200 -0.09968500 0.32552200
v 0.19586600 0.00886400 0.32500700
v 0.20638400 -0.09456100 0.31713400
v 0.14007400 -0.03557900 0.31611600
v 0.14174000 -0.03252700 0.31458600
v 0.14377500 -0.02790600 0.31433700
v 0.14200400 -0.03871800 0.31456800
v 0.20547700 0.00945600 0.31804400
v 0.13990200 -0.04284900 0.31687300
v 0.19958500 -0.09795700 0.32521200
v 0.19708900 0.00668800 0.31660400
v 0.19901000 0.00703400 0.31654900
v 0.14040600 -0.05439000 0.31586900
v 0.20496200 0.00024400 0.31632100
v 0.20332300 0.00210100 0.31590200
v 0.20375300 0.00948200 0.31854000
v 0.20220400 0.00944600 0.31772200
v 0.20198400 0.00959600 0.31935400
v 0.19746800 -0.09382200 0.32547900
v 0.14378800 -0.04984000 0.31471300
v 0.14013800 -0.04707400 0.31568800
v 0.14368300 -0.02941800 0.31438900
v 0.20746000 -0.02095400 0.31720400
v 0.13995400 -0.03858600 0.31636200
v 0.14035600 -0.04061900 0.31567200
v 0.14521800 -0.03838100 0.31458500
v 0.14530500 -0.03693500 0.31447900
v 0.15287900 -0.06218900 0.31435200
v 0.15175200 -0.06304600 0.31469500
v 0.15562600 -0.03721400 0.32442700
v 0.14693600 -0.00979000 0.32450400
v 0.14801600 -0.03414700 0.31414000
v 0.16090700 -0.04752300 0.31509900
v 0.14298300 -0.05579500 0.31466400
v 0.14257700 -0.05672000 0.31557900
v 0.14650200 -0.05121700 0.31434900
v 0.14147300 -0.04696000 0.31473800
v 0.14127800 -0.04829300 0.31468500
v 0.20447000 -0.09534100 0.32572500
v 0.16362900 -0.00508000 0.31564000
v 0.16295000 -0.00407200 0.31543800
v 0.14115800 -0.04236000 0.31483000
v 0.20037900 0.00818700 0.32567300
v 0.19794900 0.00802700 0.31664000
v 0.20510300 -0.09359300 0.31688000
v 0.14275300 -0.02204200 0.31441800
v 0.20280500 -0.09365800 0.31662200
v 0.16045200 -0.01194100 0.32472000
v 0.15107800 -0.00102800 0.32449700
v 0.19742600 -0.09035900 0.32561900
v 0.15317100 -0.00481300 0.32417200
v 0.15927500 -0.03685800 0.31521100
v 0.16022300 -0.00567400 0.32427000
v 0.15627600 -0.01528900 0.31544000
v 0.20491800 0.00568600 0.32694500
v 0.15976200 -0.00766900 0.31533500
v 0.15352800 -0.01043900 0.31495800
v 0.15928700 0.00215700 0.32470400
v 0.15578400 0.00232800 0.31513200
v 0.20677400 0.00447100 0.32693000
v 0.14810700 -0.00548600 0.32476500
v 0.15708100 0.00131700 0.32441600
v 0.15340600 0.00311800 0.32468400
v 0.14979900 -0.00486700 0.32458500
v 0.15122600 -0.00837900 0.32444500
v 0.14733000 0.01036500 0.32057800
v 0.14412400 0.00119500 0.32431900
v 0.14763200 -0.00252400 0.32468300
v 0.20230400 -0.09000700 0.31664100
v 0.19771300 -0.00195800 0.31647000
v 0.14741000 0.01047000 0.32248900
v 0.19207400 -0.09854700 0.31570600
v 0.14485100 -0.00594600 0.32456500
v 0.14208200 -0.00361700 0.32435600
v 0.13974500 0.00227900 0.31868100
v 0.14146000 -0.01028000 0.32402900
v 0.14245500 0.00826200 0.32396100
v 0.14545000 0.00890200 0.32411200
v 0.14469600 0.00989400 0.32276900
v 0.14068500 0.00914600 0.31895300
v 0.14372400 0.00974300 0.32331800
v 0.14157900 0.00574000 0.32402100
v 0.14258300 0.00663200 0.32440100
v 0.19913700 0.00921100 0.32487600
v 0.19915300 0.00961500 0.32420100
v 0.20152300 -0.09414200 0.32554700
v 0.14154200 0.00450700 0.32390100
v 0.14032800 0.00775300 0.32187000
v 0.14134500 0.00870900 0.32284800
v 0.14895600 -0.00423600 0.31441600
v 0.19604900 -0.00728700 0.31648000
v 0.14422100 0.00536300 0.32437900
v 0.14022400 0.00862500 0.32064200
v 0.14916000 0.01037500 0.31868000
v 0.14850900 0.00674100 0.32481800
v 0.16752500 -0.14396700 0.32441100
v 0.14389700 0.00896900 0.32375700
v 0.18989800 -0.09110100 0.32546500
v 0.14806800 0.00847100 0.32428400
v 0.15502900 0.00988900 0.32304700
v 0.15917500 0.00398100 0.31509700
v 0.14904500 0.01034300 0.31999700
v 0.19281400 0.00711100 0.31638000
v 0.15026900 0.01013700 0.32004600
v 0.14594400 0.00016400 0.32449000
v 0.19442400 -0.00727900 0.32626900
v 0.14359900 -0.00127200 0.31442000
v 0.14944400 0.01042600 0.32091200
v 0.15147800 0.01040600 0.32140900
v 0.15725300 0.01054700 0.32154800
v 0.20029100 0.00925500 0.31733700
v 0.19690400 -0.08916500 0.31614800
v 0.15821700 0.00989600 0.32325700
v 0.16137200 0.00647300 0.31517900
v 0.16027000 0.00450200 0.32492900
v 0.20046100 0.00902500 0.32531600
v 0.18818700 -0.08992600 0.32518300
v 0.15522700 -0.00068600 0.31530000
v 0.15196200 0.01020100 0.31937200
v 0.19524300 0.00919700 0.32484200
v 0.19630000 0.00960200 0.32417200
v 0.20060400 0.00783700 0.31661400
v 0.20236800 0.00741700 0.31631000
v 0.15194500 0.00724700 0.32455800
v 0.15857000 -0.00267700 0.31518300
v 0.15127200 -0.00153300 0.31473500
v 0.14906300 0.00408000 0.32492900
v 0.15222500 0.00819500 0.32429600
v 0.15886800 0.00909900 0.32451800
v 0.20611100 -0.02748900 0.31718600
v 0.15019800 0.00791000 0.32440000
v 0.20115600 0.00696500 0.32623700
v 0.15947700 -0.00105100 0.32450800
v 0.19928800 0.00985100 0.31921700
v 0.20632100 -0.09138100 0.31700000
v 0.14383500 0.00343400 0.32441800
v 0.19323300 0.00834300 0.31634800
v 0.15897300 0.01061100 0.31940300
v 0.15071800 0.00988900 0.32379700
v 0.15408900 0.00854400 0.32413100
v 0.15100900 0.00901200 0.32423200
v 0.15662900 0.00956000 0.32426700
v 0.18754000 0.00923500 0.31732000
v 0.18672800 0.00891400 0.31645800
v 0.15565500 0.00776100 0.32422500
v 0.20251200 -0.09816600 0.32528100
v 0.20165100 0.00415300 0.32668800
v 0.15494700 0.00946600 0.32426000
v 0.20615200 -0.10341100 0.32568700
v 0.19764500 0.00942000 0.31735300
v 0.17300800 0.00840300 0.32489900
v 0.19669900 0.00978800 0.31932200
v 0.15540400 0.00513100 0.32463900
v 0.15705400 0.00641900 0.32457500
v 0.16122900 0.00924600 0.32436900
v 0.16621100 0.00774400 0.32480000
v 0.16397500 0.00602700 0.32498600
v 0.15972500 0.00737300 0.32482700
v 0.16449000 0.00771800 0.32485700
v 0.16821400 0.00767700 0.32483800
v 0.16093700 0.00963100 0.32380200
v 0.16119600 0.00856200 0.32477300
v 0.16938900 0.00810300 0.32488900
v 0.17477600 0.00358400 0.32519500
v 0.16508300 0.00278900 0.32522400
v 0.16763100 0.00835900 0.32456000
v 0.17381500 0.00677300 0.32497900
v 0.16584800 0.00074300 0.31513100
v 0.16308000 0.00844500 0.32468000
v 0.17836000 0.00815800 0.32487100
v 0.17946500 0.00893500 0.32453900
v 0.20524200 -0.09907600 0.32568300
v 0.18123800 0.00834100 0.31593700
v 0.18255000 0.00810500 0.31601200
v 0.19025800 0.00803100 0.31638600
v 0.17758300 0.00920900 0.32393700
v 0.18562100 0.00884400 0.32478800
v 0.18772000 0.00945700 0.32465500
v 0.18863400 0.00992400 0.32304200
v 0.18558400 0.00773900 0.32529300
v 0.18849700 -0.10021900 0.32522600
v 0.20685300 0.00896600 0.32381300
v 0.20010100 -0.10216100 0.32531300
v 0.16846400 0.00581500 0.32523300
v 0.13975500 0.00774600 0.31932000
v 0.19139400 0.00945600 0.31743200
v 0.17661300 0.00861800 0.32457600
v 0.17492600 0.00816000 0.32474900
v 0.17655000 0.00758400 0.32489800
v 0.16136900 -0.00600000 0.31619600
v 0.18047300 0.00790100 0.32500200
v 0.20790600 -0.09488600 0.32550300
v 0.18675100 -0.09494700 0.32513100
v 0.13991200 0.00567400 0.31677500
v 0.19084700 0.00502500 0.32608600
v 0.17472300 0.00932900 0.32381800
v 0.19144800 0.00226400 0.32586600
v 0.18589600 0.00181600 0.32583500
v 0.16476900 -0.14097800 0.32429100
v 0.19302600 -0.09820000 0.32556300
v 0.18719600 0.00714600 0.32579600
v 0.18569600 0.00571000 0.32570400
v 0.16507000 0.01024000 0.31971100
v 0.16719000 0.01020500 0.31823100
v 0.16850800 0.01015400 0.31704900
v 0.18861700 0.00607400 0.32610200
v 0.19003800 -0.00798800 0.32557000
v 0.18910300 -0.00703000 0.32499000
v 0.18797400 -0.00166300 0.32568000
v 0.17743600 0.00949700 0.31617200
v 0.19075800 -0.00498500 0.32568100
v 0.17588200 0.00855700 0.31585500
v 0.18668500 -0.00543000 0.32504500
v 0.18908500 -0.00783700 0.32531600
v 0.17166400 0.00599100 0.32511700
v 0.17559300 0.00650800 0.32494900
v 0.18907600 0.00860600 0.32515800
v 0.17018700 -0.00631400 0.32620500
v 0.18914800 -0.00611500 0.32492100
v 0.18579200 -0.00993300 0.32485700
v 0.16691500 0.00317000 0.32547100
v 0.17090900 0.00842500 0.32491400
v 0.18870700 -0.00572000 0.32516300
v 0.15569200 -0.00165800 0.32407800
v 0.16470000 0.00866700 0.32448700
v 0.14860400 -0.04340600 0.32480200
v 0.15906400 -0.00404900 0.32435000
v 0.16396800 -0.00066500 0.32499400
v 0.19464700 0.00914200 0.31694000
v 0.16622400 -0.00022800 0.32560300
v 0.15656800 -0.00551300 0.32406600
v 0.18907000 0.00767300 0.32577000
v 0.16290300 -0.14315300 0.32440300
v 0.15955300 -0.00907700 0.32437000
v 0.16431100 -0.00317900 0.32521400
v 0.16189300 -0.00458500 0.32449300
v 0.16133900 -0.00566700 0.32403100
v 0.16231700 -0.00237800 0.32482600
v 0.16350400 -0.00792200 0.32504800
v 0.16332100 -0.00664000 0.32495200
v 0.16660200 -0.00707000 0.32589100
v 0.16213400 0.00108600 0.32482100
v 0.15995200 -0.15023800 0.32447800
v 0.16443300 -0.00580000 0.32548800
v 0.16586300 -0.00371500 0.32573100
v 0.16384700 -0.00478700 0.32516100
v 0.16107300 -0.00995100 0.31542300
v 0.18536600 -0.00473400 0.32528300
v 0.16491600 -0.00738500 0.32550400
v 0.16250000 -0.00608800 0.32413600
v 0.18592000 0.00926700 0.31782600
v 0.18643200 0.00904800 0.31696900
v 0.16429300 0.00142200 0.32511000
v 0.15857000 -0.01007200 0.32452200
v 0.15782400 -0.01760700 0.32462600
v 0.15934600 -0.02003400 0.32480100
v 0.16133200 -0.01717800 0.32479000
v 0.16180700 -0.00866000 0.32438700
v 0.20322600 -0.11269800 0.32566000
v 0.14372400 -0.01157100 0.32412300
v 0.16581400 -0.03693600 0.32516300
v 0.16372700 -0.01222800 0.32493400
v 0.16973700 -0.01546100 0.32582000
v 0.18852300 0.00357800 0.32597300
v 0.18918900 -0.00362900 0.32552000
v 0.18693600 -0.00733200 0.32509900
v 0.19005500 -0.01440500 0.32495300
v 0.18710800 -0.03408400 0.31659100
v 0.18281500 -0.05882000 0.31619600
v 0.17635400 -0.06452500 0.31561400
v 0.15855600 -0.06355300 0.31463300
v 0.15667800 -0.07214200 0.31641000
v 0.16137300 -0.06028900 0.31507200
v 0.14892900 0.00966200 0.32408300
v 0.14807900 0.01055300 0.32333200
v 0.14945800 0.01041200 0.32248000
v 0.15794800 -0.07871600 0.31930500
v 0.16158600 -0.00747300 0.31634600
v 0.16246500 -0.00861600 0.31602500
v 0.16124100 -0.00891100 0.31588900
v 0.18931200 -0.06373600 0.31624900
v 0.16666700 -0.06889000 0.31506400
v 0.16115000 -0.06682100 0.31483000
v 0.16544900 -0.07458800 0.31527300
v 0.18327100 0.00890600 0.31655300
v 0.17208100 -0.06859500 0.31529400
v 0.16373400 -0.06075400 0.31521000
v 0.16003700 -0.08220500 0.31514000
v 0.16487900 -0.06385900 0.31516600
v 0.16220500 -0.06401600 0.31515700
v 0.14445900 -0.03517800 0.31463000
v 0.15741100 -0.07248400 0.31577200
v 0.16136400 -0.07031600 0.31472000
v 0.15506700 -0.06241700 0.31430100
v 0.17843100 0.00985100 0.32144700
v 0.20707600 -0.09699100 0.32570800
v 0.16343400 -0.05698900 0.31502100
v 0.15838800 -0.03817300 0.32449900
v 0.16105000 -0.08214900 0.31492400
v 0.15936100 -0.08077400 0.31568400
v 0.16339800 -0.06798200 0.31504400
v 0.20448700 -0.10365900 0.32560100
v 0.18093000 -0.06342800 0.31583800
v 0.18746100 -0.05789600 0.31627900
v 0.18853900 -0.00919900 0.32501000
v 0.16650300 -0.04471000 0.31500500
v 0.16240200 -0.04452000 0.31502100
v 0.16647200 0.00892200 0.32436700
v 0.18422800 0.00687500 0.31591000
v 0.18662400 -0.04099100 0.31619900
v 0.17276700 -0.00797200 0.32604800
v 0.18746300 0.00694700 0.31609700
v 0.16878000 -0.03241800 0.32599500
v 0.18797000 -0.00458600 0.32514200
v 0.16519200 -0.00464300 0.31525200
v 0.18776700 -0.01253600 0.32477400
v 0.19061100 -0.00917800 0.32558000
v 0.18952200 -0.05280200 0.31638600
v 0.16380000 -0.04112600 0.31506400
v 0.20621300 -0.11275800 0.32573400
v 0.18898600 -0.00518700 0.32511400
v 0.16785100 -0.00317800 0.32605600
v 0.18654100 -0.00356600 0.32545600
v 0.16169100 -0.01432400 0.32472200
v 0.16492800 -0.01670900 0.32503400
v 0.16063300 -0.05161200 0.31508900
v 0.16698900 -0.03950700 0.31510300
v 0.16460700 -0.14562600 0.32428700
v 0.20963400 -0.11552200 0.32453700
v 0.15393100 -0.01806000 0.31528800
v 0.16626100 -0.01131600 0.32545300
v 0.17017900 0.00719300 0.32503000
v 0.16309800 -0.00453500 0.32488700
v 0.15488200 -0.00316300 0.31528700
v 0.16086800 -0.00349300 0.32467700
v 0.15743900 -0.04699000 0.32452500
v 0.15672000 -0.02490900 0.31517000
v 0.15014800 -0.01871000 0.31475300
v 0.15956900 -0.02608100 0.31521700
v 0.14660600 -0.02845000 0.31405200
v 0.17767400 0.00879700 0.31575100
v 0.17631200 0.00980500 0.31751000
v 0.14511400 -0.03011300 0.31424600
v 0.16077400 -0.00713800 0.32393600
v 0.16069400 -0.00479300 0.32435900
v 0.16080000 -0.02018800 0.31522900
v 0.16259500 -0.00996800 0.32484100
v 0.20158700 -0.12080800 0.32529500
v 0.16219300 0.00960800 0.31598000
v 0.19882400 -0.11783200 0.32548100
v 0.20433000 -0.12528900 0.32555500
v 0.16801100 0.01016300 0.32068900
v 0.16254000 0.01021900 0.32262600
v 0.16344300 -0.00564100 0.32489400
v 0.18801500 -0.00341000 0.32557400
v 0.16883500 -0.01122500 0.32586500
v 0.19101000 -0.01998500 0.31629100
v 0.19020900 -0.01716100 0.31644700
v 0.18956000 -0.02200900 0.31627900
v 0.18624700 -0.02479000 0.31650400
v 0.17435900 0.00979000 0.32175300
v 0.17487100 0.00982800 0.32266300
v 0.20572400 -0.12574100 0.32553500
v 0.20590500 -0.12364300 0.32560300
v 0.18719400 -0.01939000 0.31639100
v 0.19005600 -0.02567600 0.31631100
v 0.18815600 -0.02832700 0.31657800
v 0.18983900 -0.02818500 0.31633800
v 0.16471100 0.00963800 0.31621400
v 0.19036900 -0.03224200 0.31640000
v 0.16602300 0.00944200 0.31611400
v 0.18961200 -0.02990800 0.31638500
v 0.18906700 -0.04817600 0.31641900
v 0.19174000 -0.02860000 0.31626800
v 0.18776800 -0.03156300 0.31660400
v 0.19102500 -0.12902200 0.32533500
v 0.16421400 0.00830800 0.31575400
v 0.16906300 0.00559900 0.31540600
v 0.18969100 -0.04322100 0.31637200
v 0.18399700 0.00835000 0.32498000
v 0.18628300 -0.02925400 0.31672600
v 0.16195000 0.01047300 0.31812100
v 0.16057100 -0.07342600 0.31477400
v 0.16214000 -0.07318700 0.31482700
v 0.16273600 -0.05362100 0.31507700
v 0.16364900 -0.01493600 0.32482100
v 0.16967100 -0.00225000 0.31512000
v 0.19072200 -0.11352100 0.32583900
v 0.16328600 0.00341100 0.32496600
v 0.14409600 -0.03253300 0.31450100
v 0.16534700 -0.01425900 0.32499700
v 0.19276100 -0.11931200 0.32570200
v 0.15610800 -0.01246100 0.31515600
v 0.16365000 -0.00682000 0.31575900
v 0.16245400 -0.00743400 0.32444500
v 0.19769000 -0.13189900 0.32520100
v 0.18500800 -0.03249900 0.31655500
v 0.20036500 -0.13231100 0.32564300
v 0.16470600 -0.00942200 0.32517700
v 0.16237400 -0.02171700 0.31501600
v 0.16871200 -0.04138200 0.31519800
v 0.16023800 -0.04087800 0.31518500
v 0.19296100 0.00991500 0.31820900
v 0.15943600 -0.04473700 0.31503700
v 0.19602100 -0.01390100 0.31656200
v 0.14686300 -0.05890500 0.31478100
v 0.16183600 -0.02544500 0.31497100
v 0.14852400 -0.04209400 0.31416200
v 0.20568400 -0.09314200 0.32603100
v 0.20719300 -0.09207000 0.32586500
v 0.19143400 -0.03566300 0.31646300
v 0.16151800 -0.01441700 0.31502700
v 0.20784200 -0.09961900 0.32549100
v 0.14763100 -0.02109000 0.31428000
v 0.16215600 -0.01826200 0.31507400
v 0.16127100 -0.01606000 0.31502900
v 0.16682700 -0.00633800 0.31494600
v 0.16454700 -0.00830500 0.31504300
v 0.16351300 -0.00806900 0.31551900
v 0.16053200 -0.00799500 0.31569900
v 0.14883700 -0.01162900 0.31460400
v 0.16407300 -0.01394700 0.31485100
v 0.14009900 0.00830800 0.31777900
v 0.20546000 -0.11490500 0.32566400
v 0.16880900 -0.01267500 0.31484800
v 0.17813300 -0.10579500 0.31553400
v 0.18743200 -0.00744300 0.31668100
v 0.16092000 -0.03442400 0.31512000
v 0.19886700 -0.02696100 0.31609100
v 0.18158300 -0.01085800 0.31622900
v 0.20376900 -0.01313100 0.31654700
v 0.14862500 0.00968900 0.31535600
v 0.16885800 -0.04168200 0.32529600
v 0.15968100 -0.01465500 0.31521600
v 0.14088500 0.00930400 0.31739200
v 0.16452600 -0.00718900 0.31505300
v 0.16207200 -0.00488900 0.31589700
v 0.16692600 -0.00242900 0.31515300
v 0.19237600 -0.02549700 0.31624800
v 0.15125600 0.01015100 0.31712000
v 0.15001900 0.00508500 0.31453600
v 0.15340100 -0.00191100 0.31511800
v 0.15276100 0.00481100 0.31488500
v 0.15912500 -0.00564500 0.31501400
v 0.16047500 -0.00658500 0.31559300
v 0.16304500 -0.01140400 0.31503200
v 0.16159100 0.00875900 0.31560300
v 0.16334500 0.00951300 0.31602000
v 0.17291900 0.01001100 0.31826100
v 0.16887900 0.01017400 0.31847900
v 0.17232600 0.00904000 0.31563500
v 0.14170000 -0.00295300 0.32407800
v 0.20653800 -0.11500900 0.32548300
v 0.19086300 -0.10842600 0.32591500
v 0.18596300 -0.11874000 0.32511900
v 0.16019900 0.01038000 0.32201100
v 0.15896000 -0.00614600 0.32426900
v 0.15108400 0.00707400 0.31475000
v 0.16408200 0.01026700 0.31648000
v 0.15181600 0.00889100 0.32428100
v 0.16503000 0.00975800 0.32341000
v 0.16588400 0.01034000 0.32218700
v 0.19786300 -0.13525500 0.32536700
v 0.15017400 0.00144200 0.31456600
v 0.16545600 0.01022800 0.31724200
v 0.16992900 0.01007600 0.32128900
v 0.20543600 -0.01583000 0.32634800
v 0.16700700 0.01029000 0.31669000
v 0.20184700 -0.01600800 0.32651000
v 0.17037000 0.01005500 0.31755300
v 0.16185900 0.00908800 0.32434000
v 0.17208400 0.00993500 0.32146000
v 0.17217900 0.00973800 0.32367800
v 0.16881300 0.00831200 0.31556300
v 0.17744700 0.00763400 0.32487400
v 0.16394800 0.01039000 0.31764000
v 0.16295400 -0.03082500 0.31481400
v 0.17034000 0.01007900 0.31955100
v 0.18968000 -0.00925300 0.31660800
v 0.20496100 -0.11097200 0.32578800
v 0.18670700 -0.00212400 0.31600200
v 0.18241900 0.00762000 0.32498500
v 0.18103000 0.00910800 0.32428000
v 0.18244500 0.00872900 0.32466800
v 0.17620100 0.00985300 0.32197900
v 0.18156300 0.00980900 0.32173700
v 0.18424400 0.00986800 0.32230100
v 0.18561100 0.00958200 0.32392600
v 0.15811000 -0.01147500 0.31521100
v 0.17559200 0.00990800 0.32006000
v 0.18651800 0.00978800 0.32258400
v 0.18400100 0.00724200 0.32529300
v 0.18107300 0.00953400 0.32331800
v 0.20483700 -0.11356800 0.32581400
v 0.17910100 0.00987100 0.31928100
v 0.18988900 0.00968800 0.31835000
v 0.17168500 0.00968700 0.31631200
v 0.17072300 0.00847900 0.31561200
v 0.17882000 0.00972000 0.31718300
v 0.16078000 -0.00328700 0.31502000
v 0.17976700 0.00975600 0.32270000
v 0.17961300 0.00944300 0.32371200
v 0.16240500 0.01042600 0.32068000
v 0.18581400 0.00982100 0.32094300
v 0.16978600 0.00967900 0.31596400
v 0.18379500 0.00967200 0.32083900
v 0.18238100 0.00967900 0.31946600
v 0.16789500 0.00947200 0.31592500
v 0.16688500 0.00800900 0.31565100
v 0.18769000 -0.05396600 0.32572500
v 0.18110100 0.00961400 0.31774800
v 0.15237800 -0.00396200 0.31489100
v 0.14033800 -0.21191300 0.31381900
v 0.19025200 -0.00308100 0.31641200
v 0.19285400 0.00296900 0.31634700
v 0.19408900 -0.00267300 0.31647700
v 0.18713900 0.00960500 0.31906800
v 0.18477900 0.00962100 0.31942800
v 0.18861700 0.00987600 0.32099900
v 0.18006000 0.00629200 0.31583300
v 0.16721000 -0.01831900 0.32565600
v 0.18807000 -0.00480400 0.31639600
v 0.18904700 0.00849000 0.31624000
v 0.18895300 0.00921400 0.31684500
v 0.18550700 0.00903600 0.31668500
v 0.19514800 0.00681100 0.31655800
v 0.18768700 0.00850600 0.31631000
v 0.19400300 0.00693800 0.31642600
v 0.19152900 0.01004700 0.32033700
v 0.20568500 -0.12099700 0.32541300
v 0.19048100 0.00989800 0.32225000
v 0.19021800 0.00908800 0.31691400
v 0.19042400 0.00958200 0.32420900
v 0.18368600 0.00920300 0.31751100
v 0.19819500 0.00971200 0.32362600
v 0.18935200 0.00113800 0.31619400
v 0.20790400 -0.11728000 0.32517800
v 0.19690800 -0.00359700 0.31653100
v 0.16465500 -0.05385200 0.32530700
v 0.19626800 0.00806900 0.31662700
v 0.18490000 0.00975600 0.32317800
v 0.19507000 0.00998900 0.32309600
v 0.20274200 0.00988100 0.32406700
v 0.20548900 0.01000300 0.32050600
v 0.19041100 -0.00774800 0.31649100
v 0.15646100 0.00944400 0.31551000
v 0.15558400 0.01052000 0.31803400
v 0.20425100 -0.12937900 0.31693100
v 0.18951100 -0.00854400 0.31733100
v 0.18847000 -0.00790900 0.31740100
v 0.19748300 0.00989200 0.32038000
v 0.20294500 0.00979600 0.32242500
v 0.20362200 -0.00166200 0.31628900
v 0.19540400 0.01009100 0.31813400
v 0.19919000 0.00019100 0.31596500
v 0.14655200 -0.05371400 0.31434900
v 0.14571900 -0.03459800 0.31438600
v 0.20454200 0.00702800 0.31638000
v 0.20695600 0.01017500 0.32121600
v 0.19798200 0.00466400 0.31629000
v 0.20602500 0.00229200 0.31643100
v 0.20259500 0.00522000 0.31589800
v 0.19437300 0.00779900 0.31648400
v 0.20616900 -0.00017900 0.31667000
v 0.15192700 -0.05704300 0.31451300
v 0.15128500 -0.05910200 0.31469500
v 0.19758300 0.00147300 0.31627900
v 0.20028400 0.00285400 0.31579500
v 0.19551800 0.00507100 0.31666200
v 0.17776300 0.00793600 0.31580600
v 0.19340500 0.00581400 0.31644400
v 0.21116300 -0.00437400 0.31988100
v 0.20194400 -0.00387400 0.31631100
v 0.20167600 -0.00857300 0.31656400
v 0.19557000 0.00264600 0.31637700
v 0.19663100 -0.00104000 0.31659100
v 0.19060400 -0.00966600 0.31626900
v 0.20390400 -0.12228600 0.32548500
v 0.19208600 -0.00868600 0.31618500
v 0.19784700 -0.00700100 0.31641300
v 0.17896500 -0.08752800 0.31631500
v 0.19554300 0.00029200 0.31643500
v 0.20136100 -0.12505100 0.32529300
v 0.19629800 -0.00942700 0.31652800
v 0.19289000 -0.01777700 0.31630800
v 0.18954500 -0.08627900 0.31594100
v 0.18562500 -0.00511000 0.31602300
v 0.19019100 -0.01400700 0.31646900
v 0.19180700 -0.01491100 0.31627000
v 0.20184800 -0.11504700 0.32562100
v 0.18435400 -0.01538900 0.31649900
v 0.19503600 -0.04615800 0.32623300
v 0.18820600 -0.00662400 0.31692500
v 0.20879100 0.00417900 0.31758900
v 0.18939700 -0.01119500 0.31647600
v 0.19461100 -0.03467900 0.32586300
v 0.16466000 -0.00998000 0.31490100
v 0.18558600 -0.00789900 0.31627000
v 0.19398300 -0.00696600 0.31637600
v 0.20752600 -0.01220900 0.31720700
v 0.19345800 -0.02342300 0.32584600
v 0.19434400 0.01007400 0.31989800
v 0.18311000 -0.00663900 0.31610600
v 0.20435500 -0.02372800 0.31674600
v 0.19318400 -0.03205500 0.31648700
v 0.19649700 -0.02732400 0.31606700
v 0.18632700 -0.12194400 0.32523600
v 0.18855600 -0.00940900 0.31690500
v 0.14267200 -0.00444000 0.32443400
v 0.18702700 -0.03667800 0.31642100
v 0.16924600 -0.14532200 0.32444300
v 0.19553600 -0.01640900 0.31642200
v 0.19594200 -0.00546500 0.31655300
v 0.18949600 -0.01967000 0.31631900
v 0.19182000 -0.00673300 0.31632300
v 0.19394900 -0.01027200 0.31632000
v 0.19836700 -0.01544400 0.31649600
v 0.18748600 -0.00858600 0.31668200
v 0.19655600 -0.02191900 0.31638700
v 0.21161500 -0.17042000 0.32070900
v 0.19546200 -0.01188200 0.31638300
v 0.19395400 -0.01363100 0.31632900
v 0.20062700 -0.03044000 0.31617200
v 0.15212700 0.00998300 0.32305500
v 0.17040300 -0.14707400 0.32452700
v 0.20678600 -0.01015200 0.31683600
v 0.20336000 -0.01601600 0.31655100
v 0.19944900 -0.01977700 0.31669300
v 0.19503300 -0.01922400 0.31635100
v 0.20170500 -0.01776400 0.31674500
v 0.21035700 -0.16335200 0.32404700
v 0.20500100 -0.00970100 0.31657100
v 0.20526700 -0.03773100 0.31696200
v 0.20722800 -0.03251200 0.31738400
v 0.20408100 -0.02668600 0.31678200
v 0.16118100 -0.01261500 0.31515100
v 0.20619500 -0.03089900 0.31724300
v 0.19962800 -0.02341400 0.31647300
v 0.20412500 -0.02968800 0.31683000
v 0.17362600 0.00985400 0.32264600
v 0.20649900 -0.01759500 0.31649300
v 0.20506100 -0.01611700 0.31632600
v 0.20806100 -0.03108300 0.31714900
v 0.19867900 -0.01123900 0.31639800
v 0.19205100 -0.00020600 0.31642700
v 0.19527000 -0.03213700 0.31622000
v 0.20622800 -0.02339800 0.31689300
v 0.17637000 0.00972000 0.32304900
v 0.18875500 -0.03414800 0.31651800
v 0.19436100 -0.03449800 0.31637500
v 0.17796700 0.00977300 0.32283100
v 0.16699400 0.00970100 0.32348900
v 0.16735100 0.01009100 0.32221600
v 0.16938300 0.00975600 0.32337300
v 0.20186300 -0.02535600 0.31653900
v 0.19000800 -0.03922500 0.31636400
v 0.19213800 -0.04207800 0.31640100
v 0.19165400 -0.04071100 0.31638600
v 0.18849200 -0.11849300 0.32559600
v 0.19699800 -0.01230200 0.31639800
v 0.18394800 -0.03974800 0.31607800
v 0.20553200 -0.12994200 0.32548900
v 0.19175000 -0.05705200 0.31636900
v 0.15413300 0.01054900 0.32108800
v 0.19464600 -0.02565700 0.31636400
v 0.20503000 -0.12747600 0.32553800
v 0.16930000 -0.05906600 0.31483400
v 0.20467400 -0.01883500 0.31655800
v 0.20175000 -0.03866000 0.31630000
v 0.20006500 -0.03522800 0.31608200
v 0.18309200 0.00641200 0.32526500
v 0.20616900 -0.03411300 0.31710200
v 0.20685500 -0.03610900 0.31737200
v 0.20341200 -0.03423600 0.31657600
v 0.19818200 -0.03878600 0.31594500
v 0.19716000 -0.03014800 0.31593800
v 0.15156200 0.00980000 0.31568400
v 0.15342700 0.01006200 0.31666800
v 0.20474400 -0.04260100 0.31719800
v 0.15575100 0.00871900 0.32420900
v 0.20405400 0.00962500 0.32013200
v 0.20985200 -0.03934600 0.31768500
v 0.20725000 -0.05515500 0.31759000
v 0.15227700 0.00926700 0.32411200
v 0.20753700 -0.04331600 0.31784000
v 0.20759500 -0.04881700 0.31820100
v 0.19330200 -0.05199900 0.31629500
v 0.20678300 -0.05150000 0.31777000
v 0.20320100 -0.04596000 0.31714500
v 0.20913900 -0.05040200 0.31785000
v 0.15029200 0.00995500 0.31599000
v 0.20486600 -0.06115300 0.31704200
v 0.19551800 -0.06196100 0.31599200
v 0.19156700 -0.05008700 0.31654100
v 0.18706900 -0.00632300 0.31647700
v 0.18216100 -0.13481800 0.32494800
v 0.19515500 -0.08626500 0.31575100
v 0.20644000 -0.06093400 0.31739500
v 0.19469000 -0.02943700 0.31634300
v 0.16316300 -0.00956500 0.31533400
v 0.19195100 -0.04593100 0.31639100
v 0.20832100 -0.05578700 0.31745500
v 0.20088000 -0.19014800 0.32528600
v 0.19713200 -0.03424600 0.31598200
v 0.19528100 -0.04999000 0.31623500
v 0.19947700 -0.06828300 0.31586200
v 0.20684600 -0.04457300 0.31775000
v 0.20568700 -0.04610200 0.31758000
v 0.19590000 -0.12269900 0.32535000
v 0.20792300 -0.04605900 0.31797900
v 0.20818900 -0.04307100 0.31754900
v 0.19243500 -0.04352500 0.31630600
v 0.20679200 -0.04120100 0.31773000
v 0.20659000 -0.04268200 0.31758100
v 0.20633200 -0.02042500 0.31676700
v 0.19019300 -0.01690000 0.32508100
v 0.19781000 -0.12502400 0.32513500
v 0.18936200 -0.01855500 0.32483500
v 0.19412500 -0.01523800 0.32572600
v 0.20716700 -0.04665900 0.31811600
v 0.19352200 -0.04122900 0.31635500
v 0.20487900 -0.13329000 0.32555000
v 0.19925400 -0.12223700 0.32528200
v 0.19083600 -0.01148100 0.32523500
v 0.19806900 -0.14235500 0.32530900
v 0.16067600 -0.00968200 0.32447100
v 0.18592900 -0.12605300 0.32546800
v 0.19444100 -0.04534700 0.31621600
v 0.19453800 -0.01113000 0.32603800
v 0.19051200 -0.00570900 0.31673700
v 0.19007900 -0.00672200 0.31702200
v 0.19547400 -0.01104500 0.32625400
v 0.19455600 -0.01246000 0.32584500
v 0.21023400 -0.02990800 0.31780400
v 0.20908100 -0.02196700 0.31718800
v 0.19177400 -0.05282800 0.31639200
v 0.18768200 -0.02456600 0.32531000
v 0.18869900 -0.02237400 0.32502100
v 0.19228600 -0.01373500 0.32540900
v 0.20231100 -0.01225200 0.32666300
v 0.20659800 -0.04950600 0.31788800
v 0.21210100 -0.01839900 0.31885200
v 0.19748100 -0.04668200 0.31628400
v 0.20767700 -0.05939600 0.31753200
v 0.20323100 -0.12939300 0.32549300
v 0.20890400 -0.01101900 0.32604800
v 0.19084400 -0.02025100 0.32522600
v 0.20872500 -0.01158200 0.31726800
v 0.20606900 -0.00827000 0.32682700
v 0.20803600 -0.00695500 0.32634200
v 0.20419700 -0.00714900 0.32680400
v 0.20300500 -0.16529500 0.32529200
v 0.20728200 -0.00841200 0.32674100
v 0.20712700 -0.00711900 0.32665400
v 0.14633900 0.00585600 0.32474000
v 0.18647800 -0.01105700 0.31655300
v 0.20422500 -0.00547700 0.31649600
v 0.20723700 -0.00226400 0.31709600
v 0.19934100 -0.00318400 0.31627500
v 0.20668300 -0.00641000 0.31668100
v 0.19395600 0.00066200 0.31638900
v 0.19293400 -0.00277400 0.32588900
v 0.19273400 -0.02212700 0.31621300
v 0.19765900 0.00115500 0.32622600
v 0.16781700 0.00919000 0.32425700
v 0.16856600 0.00869900 0.32461200
v 0.19718800 -0.02494100 0.31613700
v 0.20252600 -0.13449900 0.32566100
v 0.19687400 -0.01862000 0.31647300
v 0.18959200 -0.00488600 0.31669300
v 0.18901100 0.00094000 0.32586200
v 0.20027600 -0.12900600 0.32532900
v 0.19167100 -0.00745400 0.32597300
v 0.20129800 -0.01391600 0.31657500
v 0.19462200 0.00076900 0.32586900
v 0.19973600 -0.00487600 0.32701000
v 0.19632100 -0.00318300 0.32639000
v 0.18808100 -0.00593600 0.32499500
v 0.19500200 -0.00259300 0.32604500
v 0.19337100 0.00283900 0.32596500
v 0.19346400 -0.00514200 0.32608900
v 0.19083900 -0.00149900 0.32580900
v 0.20484700 -0.00141800 0.32685500
v 0.18742300 0.00834400 0.32536400
v 0.17419200 -0.13860600 0.32489700
v 0.19557000 -0.00478600 0.32643100
v 0.19819300 0.00785000 0.32547800
v 0.18736600 0.00983800 0.32366500
v 0.18856000 0.00988600 0.32403600
v 0.18312600 0.00954800 0.32355500
v 0.18408700 0.00913900 0.32441200
v 0.19079300 0.00828600 0.32550000
v 0.19302400 0.01018300 0.32260400
v 0.19091000 0.00691800 0.32603800
v 0.19034800 0.00538400 0.31627900
v 0.19724100 -0.00144500 0.32629000
v 0.19477000 0.00378700 0.32594800
v 0.19506500 0.00632100 0.32579400
v 0.19659300 0.00800300 0.32543900
v 0.15004300 -0.05525500 0.31442500
v 0.15038400 -0.05761200 0.31502800
v 0.19475200 0.00843400 0.32521300
v 0.20035100 -0.13523900 0.32553300
v 0.19256500 0.00617200 0.32602600
v 0.20029900 0.00970400 0.32315500
v 0.19309400 0.00443500 0.32598500
v 0.18821900 -0.12892900 0.32562400
v 0.20532400 0.00987900 0.32133200
v 0.19786400 0.00978500 0.32204400
v 0.20349700 0.00964500 0.32493800
v 0.20569600 0.01009900 0.32154200
v 0.20583700 0.01010300 0.32242500
v 0.20214000 0.00935400 0.32529600
v 0.20553600 -0.00244100 0.31655800
v 0.20066000 0.00953500 0.32453100
v 0.20751400 0.00572600 0.31703700
v 0.20763400 0.00341000 0.31689800
v 0.20627600 0.00531500 0.31652500
v 0.20457700 0.00464200 0.31611800
v 0.18347400 -0.12742900 0.32508800
v 0.19380700 0.00998200 0.32379200
v 0.20947500 0.00496300 0.31943500
v 0.19923500 0.00867800 0.32549900
v 0.20453200 0.00993300 0.32453700
v 0.19501300 -0.13124400 0.32498700
v 0.20134900 0.00877900 0.32564600
v 0.18438200 -0.12394700 0.32502000
v 0.13981400 -0.01908100 0.31699600
v 0.13997600 -0.01706500 0.31635300
v 0.19288300 0.00790200 0.32569800
v 0.20158300 -0.00111400 0.32673600
v 0.19926600 -0.00010200 0.32644400
v 0.19948800 0.00594800 0.32616500
v 0.20393000 0.00961800 0.32135500
v 0.20963600 0.00328800 0.32334800
v 0.20693700 0.00120500 0.32684300
v 0.20393700 0.00642000 0.32668400
v 0.20462800 0.01014200 0.32330100
v 0.20128700 -0.00046300 0.31599500
v 0.20459000 0.00255800 0.32697700
v 0.20846900 -0.00071300 0.32655800
v 0.20969600 0.00069200 0.32492100
v 0.20650800 -0.01042100 0.32668000
v 0.20497000 -0.01253600 0.32652700
v 0.20274400 -0.00466400 0.32685100
v 0.20557300 -0.00458600 0.32671200
v 0.20736200 -0.00305200 0.32658100
v 0.20709000 -0.01708700 0.32629100
v 0.20045500 -0.00843500 0.32704700
v 0.20393800 -0.01407500 0.32644800
v 0.20772200 -0.00947900 0.32634100
v 0.20989400 -0.01696700 0.32574600
v 0.14798700 -0.06046700 0.31499100
v 0.20429200 -0.00984900 0.32676200
v 0.14623500 -0.05967700 0.31528500
v 0.19917900 0.00807700 0.32553000
v 0.20697700 -0.00560500 0.32656700
v 0.20205200 -0.13877100 0.32520300
v 0.20767800 -0.01152300 0.32607000
v 0.14253000 -0.04725200 0.31464100
v 0.20394500 -0.02061100 0.32663200
v 0.20685700 -0.01321600 0.32621400
v 0.19738300 0.00421200 0.32601800
v 0.20741300 -0.01869700 0.32617700
v 0.20884900 -0.01874700 0.32585300
v 0.20632800 -0.01901000 0.32634600
v 0.15390400 0.00656100 0.32455500
v 0.20794000 -0.01981900 0.32586400
v 0.14259500 0.00901400 0.31456000
v 0.14408600 0.01004100 0.31548600
v 0.20519200 -0.02149200 0.31665800
v 0.20652400 -0.04826400 0.31783900
v 0.20843100 0.00773500 0.32145300
v 0.20790400 0.00873300 0.31960000
v 0.20644800 -0.03289100 0.32600200
v 0.19479600 -0.03768600 0.31623300
v 0.20713900 -0.04113700 0.32608900
v 0.20522100 -0.04530600 0.32645400
v 0.20371600 -0.04781900 0.32626200
v 0.20765300 -0.03464800 0.32561800
v 0.20821000 -0.01467000 0.32583900
v 0.20751500 -0.02197400 0.32606800
v 0.20844600 -0.02953600 0.32574400
v 0.20401500 -0.03343300 0.32617500
v 0.20522900 -0.02996100 0.32628700
v 0.18301200 -0.13114400 0.32510000
v 0.19601300 -0.03500300 0.32622100
v 0.20627200 -0.02248000 0.32643700
v 0.19737300 -0.03278700 0.32637700
v 0.20597800 -0.04011600 0.32630000
v 0.13988400 -0.02529200 0.31642200
v 0.20712700 -0.02038300 0.32620000
v 0.14099900 -0.02817600 0.31484200
v 0.19445400 -0.04082800 0.32572300
v 0.20611800 -0.03645900 0.32598500
v 0.20048200 -0.03403200 0.32639300
v 0.19844900 -0.01663300 0.32644400
v 0.19486700 -0.03734600 0.32577100
v 0.19423200 -0.04304300 0.32575300
v 0.19432400 -0.03016100 0.32574100
v 0.19887500 -0.02885500 0.32645900
v 0.20264900 -0.02150800 0.31670800
v 0.20639000 -0.13520400 0.32551300
v 0.19703000 -0.01973600 0.32656600
v 0.19704800 -0.02400400 0.32659200
v 0.19323400 -0.01945700 0.32589900
v 0.19091000 -0.01853900 0.32524800
v 0.19248900 -0.03377600 0.32563000
v 0.20669200 -0.02564400 0.32625700
v 0.16201800 -0.00958800 0.31549900
v 0.18946600 -0.02555300 0.32564200
v 0.19043700 -0.02394600 0.32553800
v 0.18838300 -0.03017100 0.32563800
v 0.19146200 -0.02218700 0.32549500
v 0.18803400 -0.01455700 0.31659000
v 0.16349300 -0.03100400 0.32547900
v 0.15409400 -0.05670200 0.31441900
v 0.15673400 -0.02009900 0.31537700
v 0.15996300 -0.04477000 0.32439200
v 0.16907800 -0.04387000 0.32524700
v 0.16288400 -0.03890700 0.32483700
v 0.16189300 -0.01066900 0.31530100
v 0.16756700 -0.03489200 0.32560900
v 0.18121300 -0.03413100 0.32524600
v 0.18762200 -0.03912200 0.32529100
v 0.18818200 -0.03585900 0.32529300
v 0.19150700 -0.03771900 0.32545600
v 0.18685600 -0.03305400 0.32536000
v 0.18934400 -0.00852100 0.32543700
v 0.18315000 -0.03592100 0.31612400
v 0.18997400 -0.07285000 0.31617200
v 0.18931100 -0.06122000 0.31622200
v 0.17729300 -0.07055300 0.31573700
v 0.20347700 -0.15878100 0.31681500
v 0.16412400 -0.05138300 0.32510700
v 0.18571500 -0.06423300 0.31589500
v 0.16710100 -0.04685600 0.32509300
v 0.16244000 -0.07614700 0.31496600
v 0.15961600 -0.06762700 0.31459500
v 0.16263100 -0.08413200 0.31483900
v 0.16042700 -0.08042400 0.31502500
v 0.15010100 -0.05886000 0.31511300
v 0.16642000 -0.08570600 0.31513200
v 0.15886100 -0.08515400 0.31647900
v 0.15942200 -0.08251300 0.31566100
v 0.16386700 -0.08830200 0.31490700
v 0.14788900 -0.04591100 0.31415200
v 0.14571700 -0.01146200 0.31454800
v 0.16888700 -0.08203700 0.31522600
v 0.18391900 -0.07423800 0.31637500
v 0.19154700 -0.06306800 0.31613000
v 0.20661200 -0.13171900 0.32566500
v 0.18161600 -0.06901500 0.31587100
v 0.19308600 -0.07239700 0.31575000
v 0.20700800 -0.07398500 0.31784400
v 0.20580500 -0.07284100 0.31744900
v 0.18989900 -0.06653400 0.31620800
v 0.20692700 -0.06438300 0.31755500
v 0.20666000 -0.12917500 0.32579800
v 0.18745200 -0.07003300 0.31619100
v 0.20518000 -0.06843800 0.31706500
v 0.14488800 -0.05212300 0.31465400
v 0.19679500 -0.08084700 0.31570100
v 0.20411400 -0.14990800 0.32576700
v 0.21178100 -0.04420900 0.32415400
v 0.20670000 -0.07144700 0.31761900
v 0.20714800 -0.08441400 0.31757100
v 0.20902700 -0.05798100 0.31762100
v 0.20517800 -0.08827900 0.31694200
v 0.14546200 -0.04981000 0.31458200
v 0.20293100 -0.08551000 0.31688000
v 0.20524600 -0.07633800 0.31736400
v 0.20502400 -0.15184900 0.32570900
v 0.14560000 -0.04227300 0.31461600
v 0.14365400 -0.03402100 0.31460700
v 0.19150500 -0.07614100 0.31592300
v 0.16079500 -0.00503600 0.31554000
v 0.19079000 -0.07959100 0.31590100
v 0.18914400 -0.07874400 0.31624500
v 0.14421300 -0.01350400 0.31464600
v 0.18939000 -0.08219600 0.31610900
v 0.19461800 -0.07689800 0.31552600
v 0.18683200 -0.08230900 0.31638500
v 0.14285800 -0.02647000 0.31442300
v 0.20601400 -0.12755500 0.32564600
v 0.19339700 -0.09191700 0.32564200
v 0.14214600 -0.01132800 0.31442400
v 0.20476000 -0.08311000 0.31720100
v 0.20610700 -0.07367500 0.32610900
v 0.19266000 -0.08013100 0.32552800
v 0.14278300 -0.03319700 0.31449500
v 0.19663500 -0.07465100 0.32635000
v 0.19007700 -0.07527200 0.32539500
v 0.14658200 -0.05676100 0.31448600
v 0.14174500 -0.02538400 0.31465200
v 0.18738800 -0.07407100 0.32520000
v 0.14417700 -0.04433000 0.31467200
v 0.20364300 -0.07345600 0.32610000
v 0.20133900 -0.07672400 0.32614500
v 0.20221600 -0.08031500 0.32598800
v 0.21002400 -0.08903800 0.32477400
v 0.20769800 -0.08516000 0.32559800
v 0.20587000 -0.08566500 0.32597000
v 0.20616200 -0.08196200 0.32605800
v 0.20821300 -0.09056800 0.32551100
v 0.19124700 -0.07264700 0.32559800
v 0.20611400 -0.07657100 0.32589900
v 0.20604900 -0.07944700 0.32592200
v 0.20381900 -0.09225000 0.32569300
v 0.14874900 0.00265700 0.31429100
v 0.20466000 -0.08991500 0.32596700
v 0.20108500 -0.14309000 0.32541000
v 0.19553900 -0.08140400 0.32576500
v 0.20156500 -0.08873500 0.32592900
v 0.18762300 -0.08364200 0.32484400
v 0.19145000 -0.07789100 0.32547700
v 0.14512500 -0.00001700 0.31425900
v 0.18971100 -0.08883100 0.32530500
v 0.20614700 -0.14392600 0.32547000
v 0.20742300 -0.14114700 0.32505200
v 0.15805200 -0.10337200 0.32303700
v 0.17145100 -0.08682400 0.32503200
v 0.17609700 -0.08837000 0.31605400
v 0.17413300 -0.08740000 0.31585200
v 0.18425300 -0.08157300 0.32490600
v 0.17313700 -0.09182300 0.32486900
v 0.17519200 -0.08678800 0.32497800
v 0.17925100 -0.08579400 0.32488700
v 0.16298000 -0.09234600 0.32502300
v 0.17099600 -0.08277200 0.32496300
v 0.16019200 -0.09164000 0.32473400
v 0.16796500 -0.09401500 0.32506300
v 0.20016900 -0.16765400 0.32519400
v 0.14620400 -0.01831400 0.31440900
v 0.19855000 -0.16480900 0.32492100
v 0.15947500 -0.09473700 0.32425800
v 0.15981500 -0.09020900 0.32458700
v 0.20672300 -0.12645400 0.32554100
v 0.15166500 -0.01478600 0.31503100
v 0.16094600 -0.08735400 0.32522900
v 0.16584700 -0.08839900 0.32541800
v 0.14151400 -0.00217100 0.31469200
v 0.20596600 -0.13255900 0.32560600
v 0.20542300 -0.14602100 0.32563900
v 0.16803900 -0.08911400 0.31536000
v 0.15986900 -0.08114000 0.32449100
v 0.20492900 -0.14418900 0.32552200
v 0.18369300 -0.08604800 0.32469200
v 0.14249000 -0.01958900 0.31439300
v 0.15877200 -0.07959800 0.32358200
v 0.16115200 -0.08148200 0.32475000
v 0.17797500 -0.16501000 0.32472400
v 0.16139200 -0.08524000 0.32516800
v 0.16717200 -0.09098200 0.32518500
v 0.16144300 -0.07883600 0.32468700
v 0.16050100 -0.07991700 0.32463700
v 0.16139200 -0.00421900 0.31525000
v 0.16053200 -0.07827400 0.32456300
v 0.16193900 -0.07689100 0.32493200
v 0.14339900 -0.00650700 0.31441900
v 0.14676100 0.00902700 0.32412500
v 0.16123500 -0.07183700 0.32483900
v 0.16207700 -0.08011600 0.31489900
v 0.16093200 -0.07836600 0.31489000
v 0.16255700 -0.07810100 0.32492600
v 0.14737500 0.00965000 0.31514800
v 0.16967200 -0.07607900 0.31535600
v 0.20542100 -0.14133500 0.32546600
v 0.19907200 -0.15313000 0.32496200
v 0.17335800 -0.08353700 0.32514300
v 0.15681500 -0.00226300 0.31537500
v 0.19818200 -0.15734600 0.32501900
v 0.16611700 -0.07837600 0.32477600
v 0.16377200 -0.08227100 0.32489700
v 0.16372900 -0.07210200 0.31508400
v 0.15333400 0.01022300 0.31805300
v 0.16153100 -0.08324900 0.32490300
v 0.16346100 -0.07592900 0.32505100
v 0.16548300 -0.07275400 0.32506800
v 0.16663100 0.01028100 0.32126300
v 0.16410300 -0.07941000 0.32484800
v 0.21219100 -0.09647700 0.31950300
v 0.16279600 0.01025800 0.31660500
v 0.20721500 -0.09783900 0.31735100
v 0.17991300 -0.07373300 0.31599900
v 0.18526800 -0.08679000 0.31621600
v 0.18195300 -0.08336100 0.32489900
v 0.18789200 -0.08505800 0.31625900
v 0.16937700 -0.07340400 0.32537600
v 0.16134800 -0.07593800 0.32482100
v 0.20375200 -0.14157100 0.32536800
v 0.17235700 -0.08029000 0.32529400
v 0.20628000 -0.15491500 0.31721000
v 0.16299600 -0.08466500 0.32529000
v 0.15305800 0.00823300 0.31502000
v 0.20510200 -0.06412700 0.32614000
v 0.18993200 -0.08602400 0.32512200
v 0.16996100 -0.09150200 0.32509500
v 0.15718100 0.00820600 0.32430300
v 0.18081400 -0.08972800 0.32478200
v 0.16187400 -0.00386000 0.31533100
v 0.18798800 -0.07832200 0.32510300
v 0.14972900 0.00945600 0.31516700
v 0.20696200 -0.15466500 0.31760100
v 0.16840300 -0.07931100 0.32470700
v 0.20647400 -0.15185800 0.31749100
v 0.18082200 -0.08040100 0.32524700
v 0.16824800 -0.08776200 0.32515500
v 0.16313400 0.00938700 0.32387100
v 0.15154500 0.00270300 0.31477700
v 0.16056000 -0.08913700 0.32504700
v 0.16166900 -0.08893700 0.32515900
v 0.16541300 -0.08525000 0.32528200
v 0.16956400 0.00100000 0.31507100
v 0.16085600 -0.07697600 0.32462700
v 0.14251200 -0.00247800 0.32429600
v 0.15957400 0.00923000 0.31550800
v 0.16225600 -0.07997700 0.32475400
v 0.14362600 0.01022600 0.31944100
v 0.16163000 -0.08808300 0.31479900
v 0.15717100 0.00384900 0.32456800
v 0.14627800 0.00165300 0.31409800
v 0.17040200 -0.08027400 0.32497000
v 0.18966600 -0.07185300 0.32540900
v 0.18665000 -0.06120900 0.32524600
v 0.18288700 -0.05992900 0.32531800
v 0.16330500 -0.16764600 0.32445900
v 0.14750300 0.00941700 0.32427000
v 0.18750000 -0.07402200 0.31646900
v 0.15547100 0.01008800 0.31625000
v 0.18796100 -0.02671100 0.32563700
v 0.18580900 -0.04115600 0.32540200
v 0.17421000 -0.06208400 0.32513700
v 0.18758700 -0.07028000 0.32529000
v 0.20628100 -0.16156400 0.32525800
v 0.19090100 -0.05996300 0.32549800
v 0.18715800 -0.06675200 0.32502800
v 0.16077400 -0.05607400 0.31494200
v 0.20346600 -0.15129400 0.31696500
v 0.14642700 0.00806300 0.31446100
v 0.17079100 -0.06477100 0.32519700
v 0.16710400 -0.06991400 0.32490800
v 0.16973400 -0.06900000 0.32515800
v 0.16733300 -0.07613300 0.32509100
v 0.20492100 -0.16359800 0.31699400
v 0.18407700 -0.06601600 0.32489000
v 0.15898100 -0.07293700 0.32466700
v 0.16346600 -0.06906400 0.32476000
v 0.16141800 -0.06568300 0.32468600
v 0.17265400 -0.06870200 0.32541900
v 0.16612600 -0.04202600 0.32496700
v 0.16621600 -0.16543200 0.32392700
v 0.16034800 -0.05220000 0.32468300
v 0.17060500 -0.06116900 0.32515500
v 0.17146400 -0.04606900 0.32564400
v 0.20585200 -0.16404100 0.31701700
v 0.16332400 -0.04917800 0.32488600
v 0.20408400 -0.14889300 0.31683200
v 0.18510300 -0.04603100 0.32546800
v 0.16611000 -0.05057800 0.32516000
v 0.16945000 -0.05013700 0.32561600
v 0.14411400 0.00340700 0.31413600
v 0.14678500 0.00510500 0.31409100
v 0.20091800 0.00960800 0.32117300
v 0.18619600 -0.06425600 0.32497400
v 0.16220300 -0.05217700 0.32495100
v 0.17439600 -0.05750400 0.32521900
v 0.14066100 -0.00406100 0.31568800
v 0.17101000 -0.05428000 0.32553100
v 0.14108700 0.00559500 0.31477000
v 0.19842700 -0.14654700 0.32512300
v 0.15125400 0.00126900 0.31481500
v 0.15083400 0.00031600 0.31479900
v 0.17086800 -0.05862700 0.32526500
v 0.19082600 -0.06977300 0.31613600
v 0.18504400 -0.04973800 0.32531200
v 0.18674300 -0.05120600 0.32548500
v 0.19129900 -0.05323700 0.32571100
v 0.18788300 -0.04357600 0.32548500
v 0.17569800 -0.05552400 0.32499800
v 0.18066000 -0.05584700 0.32546100
v 0.14147700 -0.00569300 0.31474400
v 0.18934700 -0.06048800 0.32533000
v 0.19142000 -0.06816200 0.32557300
v 0.18529000 -0.05720000 0.32563300
v 0.17599400 -0.08106000 0.32540300
v 0.16842300 -0.05677900 0.32530700
v 0.18788400 -0.04792300 0.32556100
v 0.17577700 -0.05221300 0.32533400
v 0.18970700 -0.06303600 0.32524900
v 0.19429100 -0.05666000 0.32589100
v 0.19936400 -0.06458700 0.32608100
v 0.20133400 -0.06124800 0.32584400
v 0.19223300 -0.08212500 0.32541800
v 0.19949200 -0.08010600 0.32598300
v 0.19335900 -0.07594800 0.32593900
v 0.19487200 -0.06955800 0.32623600
v 0.14025900 -0.00733000 0.31559800
v 0.19780500 -0.06859600 0.32639000
v 0.20219000 -0.06922000 0.31627400
v 0.17907700 -0.15338200 0.32458800
v 0.20008300 -0.07219500 0.32637500
v 0.18063900 -0.15528100 0.32467200
v 0.17974900 -0.06496300 0.32485300
v 0.14095000 0.00893600 0.32162300
v 0.17513700 -0.06704300 0.32525400
v 0.18054700 -0.05949900 0.32510100
v 0.20411000 -0.15579800 0.31680400
v 0.14202900 0.00806500 0.31448900
v 0.19518000 -0.06018100 0.32590000
v 0.14289800 0.00789500 0.31443700
v 0.18947500 -0.05754600 0.32562300
v 0.19793200 -0.06075200 0.32595300
v 0.13972200 0.00727300 0.32068800
v 0.19551500 -0.06461500 0.32619700
v 0.20565900 -0.15673800 0.31698100
v 0.20559700 -0.16241500 0.31698400
v 0.20147800 -0.06839200 0.32618700
v 0.20726900 -0.16149100 0.31775600
v 0.20227300 -0.14938200 0.31699200
v 0.20474500 -0.13769800 0.32545500
v 0.19379600 -0.07812300 0.32585700
v 0.19520900 -0.03264000 0.32609100
v 0.20171300 -0.04196400 0.32683200
v 0.18930700 -0.03411700 0.32552500
v 0.19264200 -0.06012200 0.32554900
v 0.19782300 -0.05621800 0.32600700
v 0.18914100 -0.05104000 0.32562800
v 0.18553900 -0.04786600 0.32543100
v 0.19243900 -0.04843000 0.32575800
v 0.19381900 -0.05102300 0.32578400
v 0.19238800 -0.05580000 0.32575200
v 0.19370200 -0.04491800 0.32583000
v 0.20054700 -0.04579800 0.32677100
v 0.20225100 -0.02882100 0.32644800
v 0.14222100 -0.01506300 0.31446300
v 0.19701000 -0.04006100 0.32639600
v 0.19368300 -0.05377000 0.32579500
v 0.17820700 -0.05977200 0.32497700
v 0.19633100 -0.05189400 0.32605300
v 0.19090700 -0.04555400 0.32560900
v 0.19983000 -0.03902900 0.32661600
v 0.20448400 -0.16099500 0.31690400
v 0.19761600 -0.03651800 0.32634200
v 0.20579500 -0.05025300 0.32605900
v 0.20032100 -0.15879900 0.31710500
v 0.19185800 -0.04235900 0.32548100
v 0.17420300 -0.14845000 0.32455700
v 0.14452300 0.01016900 0.32114200
v 0.20700900 -0.03068300 0.32597400
v 0.20333200 -0.03795500 0.32640500
v 0.20703600 -0.04459600 0.32619400
v 0.20315200 -0.04451900 0.32665400
v 0.14442000 -0.01624700 0.31452100
v 0.20330100 -0.07304900 0.31665900
v 0.20829200 -0.03779400 0.32571000
v 0.20717600 -0.03922600 0.32595700
v 0.20795300 -0.04150600 0.32571900
v 0.20457600 -0.04235900 0.32657000
v 0.20450600 -0.05578500 0.32605000
v 0.20512300 -0.05289800 0.32595100
v 0.20145600 -0.15476000 0.32529400
v 0.20854600 -0.04892200 0.32562500
v 0.21002100 -0.04717600 0.32551400
v 0.16058200 -0.16867000 0.32507700
v 0.20498100 -0.05543600 0.31706700
v 0.20780500 -0.07061800 0.31745300
v 0.18190200 -0.15785500 0.32500700
v 0.20409200 -0.06230100 0.32612700
v 0.20108800 -0.15388500 0.31711700
v 0.20623700 -0.05680500 0.32613000
v 0.14101200 0.00334000 0.31504400
v 0.20282700 -0.06500000 0.32610700
v 0.19206300 -0.05816600 0.32560300
v 0.18128900 -0.16138100 0.32520700
v 0.20619800 -0.05925000 0.32613800
v 0.20737600 -0.05868300 0.32590400
v 0.14186100 0.00972000 0.31543900
v 0.14126800 0.00946000 0.32060100
v 0.20249000 -0.05733000 0.32593700
v 0.20434700 -0.06859000 0.32596000
v 0.20682900 -0.06718600 0.32607400
v 0.20889500 -0.06807500 0.32543400
v 0.20667200 -0.08025500 0.32595200
v 0.20731900 -0.07115900 0.32604900
v 0.18381000 -0.06863600 0.32502000
v 0.21168800 -0.06049700 0.32398800
v 0.19455200 -0.02586100 0.32596100
v 0.20616800 -0.00662100 0.32671500
v 0.13944700 -0.00144200 0.32085200
v 0.19738000 -0.04556800 0.32672200
v 0.18094000 -0.06194400 0.32490000
v 0.20734500 -0.04970700 0.32592400
v 0.20205200 -0.21499300 0.31612700
v 0.20033100 -0.21575600 0.31624300
v 0.19026600 -0.21990800 0.32051200
v 0.19833900 -0.21626000 0.31607400
v 0.19818700 -0.21809900 0.31649100
v 0.20180400 -0.20549400 0.32549100
v 0.19945500 -0.20846200 0.32499900
v 0.19189300 -0.20810200 0.31597500
v 0.19249100 -0.21919800 0.32464400
v 0.20232500 -0.21855400 0.32477300
v 0.20044600 -0.21849900 0.32509800
v 0.20245200 -0.21753500 0.32526600
v 0.19207000 -0.21542000 0.32513600
v 0.19076200 -0.20393200 0.31580500
v 0.13931400 -0.18937900 0.32295100
v 0.13938300 -0.18689500 0.32289100
v 0.18602200 -0.20395600 0.32431000
v 0.18662600 -0.20262900 0.32435200
v 0.14061600 -0.02295000 0.31511100
v 0.16000900 -0.21022000 0.32356500
v 0.14395200 -0.03053000 0.31443600
v 0.20587000 -0.14724100 0.32559100
v 0.15786700 -0.20883800 0.32372600
v 0.20664600 -0.14893900 0.32526500
v 0.18478600 -0.22014800 0.32142200
v 0.15827600 -0.21947900 0.31941100
v 0.13994600 -0.00909700 0.31632600
v 0.20637000 -0.05446900 0.32587900
v 0.19597100 -0.15444400 0.32473600
v 0.19880000 -0.18252300 0.32519100
v 0.19769300 -0.17553300 0.32517600
v 0.19982000 -0.17913400 0.32531700
v 0.19337100 -0.17217000 0.32482100
v 0.19750200 -0.16969800 0.32478000
v 0.16229700 -0.20109500 0.32414000
v 0.16100200 -0.20089100 0.32387800
v 0.14272800 -0.01320500 0.31445200
v 0.14158100 -0.01337300 0.31461800
v 0.19712700 -0.17916400 0.32522700
v 0.19532300 -0.18170200 0.32489200
v 0.20513500 -0.18659900 0.32566600
v 0.17509800 -0.14266800 0.32463500
v 0.20160400 -0.19764800 0.32534400
v 0.18639000 -0.20063700 0.32497600
v 0.20675300 -0.19738100 0.32521500
v 0.17740500 -0.13917600 0.32482000
v 0.20302100 -0.17167400 0.32533200
v 0.20157100 -0.18442400 0.32542400
v 0.20455100 -0.15833900 0.31685400
v 0.20605000 -0.17385700 0.32530800
v 0.20454100 -0.12754900 0.31685300
v 0.14148700 -0.03564300 0.31478900
v 0.20279000 -0.16574600 0.31679100
v 0.20469100 -0.15284300 0.31696600
v 0.17158800 -0.13710800 0.32510700
v 0.14195700 -0.01453300 0.32424100
v 0.20370000 -0.19477200 0.31637100
v 0.14068300 -0.01502700 0.31519500
v 0.20274800 -0.19515500 0.31648700
v 0.20375600 -0.16369200 0.31698700
v 0.20387100 -0.17482000 0.31688200
v 0.15990300 -0.19887700 0.32419500
v 0.15962000 -0.20316100 0.31570500
v 0.15938200 -0.12841200 0.32439100
v 0.20220300 -0.16843900 0.32537100
v 0.14174400 -0.02744200 0.31452900
v 0.14311300 -0.01517200 0.31445700
v 0.14054700 -0.02655300 0.31524000
v 0.14004800 -0.02657900 0.31603100
v 0.20481500 -0.16571700 0.31694900
v 0.20173500 -0.16952100 0.31673500
v 0.20046600 -0.19832600 0.31641000
v 0.17233700 -0.21911300 0.31787900
v 0.20367100 -0.18749300 0.31660300
v 0.20603000 -0.18851900 0.31710000
v 0.14033700 -0.03214300 0.31545800
v 0.20437000 -0.19096300 0.31657400
v 0.20556200 -0.19737300 0.32538200
v 0.20390100 -0.19764300 0.32552300
v 0.14466900 -0.00681900 0.31447400
v 0.13973000 -0.01075900 0.31821100
v 0.13993700 -0.18792000 0.31427300
v 0.20090000 -0.21324800 0.31642000
v 0.19905200 -0.21115800 0.31633000
v 0.20258600 -0.19057100 0.31647800
v 0.18925200 -0.20662200 0.31588000
v 0.14161900 -0.01806100 0.31461900
v 0.18113900 -0.15030900 0.32513000
v 0.18425100 -0.20051000 0.31568400
v 0.15901700 -0.20521600 0.31524900
v 0.20221300 -0.21848700 0.31648500
v 0.20083500 -0.21875100 0.31707300
v 0.18413300 -0.15381500 0.32514300
v 0.20081800 -0.20796200 0.31659700
v 0.20320100 -0.20734000 0.31638600
v 0.19510800 -0.16507400 0.32472400
v 0.19362400 -0.21711500 0.32533300
v 0.20538200 -0.12559700 0.31679600
v 0.20630600 -0.20066800 0.32543700
v 0.20592800 -0.19925200 0.32546600
v 0.20737900 -0.16492600 0.31804000
v 0.17802000 -0.15021200 0.32475200
v 0.20922000 -0.16426800 0.31863600
v 0.19384500 -0.15206300 0.31662700
v 0.20325400 -0.19348800 0.32545200
v 0.20480200 -0.19432500 0.32537100
v 0.20452200 -0.19152800 0.32558700
v 0.20586200 -0.19343300 0.31682800
v 0.20510800 -0.20310400 0.31651400
v 0.20605400 -0.20306000 0.31684500
v 0.20616100 -0.16533400 0.31730500
v 0.20121100 -0.19482400 0.31631600
v 0.14120100 -0.03174800 0.31472400
v 0.15366700 -0.18746600 0.31441000
v 0.20371700 0.00890700 0.31698800
v 0.14211400 -0.05398600 0.31470500
v 0.16397200 -0.21253300 0.32407900
v 0.20545100 0.00854100 0.31697000
v 0.20216700 -0.17891600 0.32524900
v 0.14073000 -0.01812200 0.31512600
v 0.14073300 -0.02010200 0.31514200
v 0.20384600 -0.17745500 0.32531700
v 0.20611200 -0.16089800 0.31722800
v 0.20548000 -0.15448700 0.31703300
v 0.14214300 -0.05014500 0.31468200
v 0.20334800 -0.17640600 0.31688800
v 0.14164500 -0.05171800 0.31471900
v 0.20215100 -0.17411000 0.31676900
v 0.14016100 -0.02183800 0.31578300
v 0.20652700 -0.15621900 0.31705000
v 0.14115800 -0.04449900 0.31481000
v 0.17092800 -0.15837600 0.32417300
v 0.15900800 -0.19784900 0.31487200
v 0.19037900 -0.08121300 0.32511700
v 0.19055200 -0.08348300 0.32510500
v 0.17512100 -0.15833100 0.32425800
v 0.14267000 -0.05459500 0.31455900
v 0.17373200 -0.21857600 0.31567700
v 0.20239100 -0.08520800 0.32601400
v 0.17169600 -0.21865700 0.31514500
v 0.20573500 -0.08510800 0.31721700
v 0.17211500 -0.21925000 0.31637800
v 0.20633100 -0.08168400 0.31752300
v 0.15889800 -0.20453300 0.31498600
v 0.18904200 -0.07561600 0.31641700
v 0.20458200 -0.17627800 0.31680700
v 0.20529300 -0.17528300 0.31690300
v 0.18430700 -0.09105200 0.31598500
v 0.20593600 -0.07921000 0.31743400
v 0.14437200 -0.05506400 0.31458300
v 0.20332500 -0.10251000 0.31636900
v 0.14288400 -0.03561400 0.31452500
v 0.19146900 -0.10271800 0.31588100
v 0.20620900 -0.09080600 0.32613600
v 0.20421000 -0.18145200 0.31662500
v 0.20349400 -0.12382400 0.31663500
v 0.20460400 -0.12172700 0.31664400
v 0.20256600 -0.12091600 0.31641400
v 0.14268900 -0.04132600 0.31459300
v 0.21129500 -0.13972900 0.32012100
v 0.20650500 -0.12361000 0.31728300
v 0.20717500 -0.16902600 0.31772900
v 0.20589000 -0.17229000 0.31719600
v 0.14111400 -0.02645000 0.31484300
v 0.20000000 -0.16354500 0.32512600
v 0.14080600 -0.02163900 0.31498700
v 0.20680900 -0.16384300 0.31740500
v 0.16366600 -0.21967400 0.31779600
v 0.16322300 -0.08750500 0.32546200
v 0.20636600 -0.16256700 0.31748400
v 0.20653200 0.00735000 0.31693500
v 0.16233600 -0.21942500 0.31648900
v 0.18148700 -0.11925700 0.32446900
v 0.19480100 -0.17729900 0.32506400
v 0.16063100 -0.11457900 0.32471600
v 0.15798700 -0.20344300 0.32386600
v 0.20120900 -0.18345600 0.31651800
v 0.16139700 -0.21728200 0.31452700
v 0.19955800 -0.19376900 0.31645000
v 0.16190100 -0.13792100 0.31355500
v 0.16401700 -0.21642700 0.31442900
v 0.16155700 -0.13511700 0.31378100
v 0.18955500 -0.20105800 0.31594800
v 0.13967600 -0.04843800 0.31735100
v 0.18848800 -0.20227800 0.31643900
v 0.15291400 -0.14857300 0.31421700
v 0.18735900 -0.20135200 0.31636200
v 0.20409600 -0.17227400 0.31681100
v 0.20495700 -0.17993400 0.31673600
v 0.15934900 -0.20429900 0.31527200
v 0.19951300 -0.17812700 0.31692900
v 0.20482700 -0.17092000 0.31680500
v 0.20565400 -0.16980600 0.31703900
v 0.15758900 -0.20597800 0.31491700
v 0.16194300 -0.12198600 0.31343300
v 0.14282000 -0.05264400 0.31469000
v 0.16506900 -0.15921100 0.32400400
v 0.14213900 -0.04431000 0.31464000
v 0.16363500 -0.21775300 0.31490100
v 0.19587400 -0.21001000 0.31633000
v 0.19803900 -0.20992700 0.31630600
v 0.17099500 -0.14256700 0.32462800
v 0.14435500 -0.03756100 0.31464200
v 0.19994800 -0.18784800 0.31651500
v 0.19771600 -0.18947400 0.31675900
v 0.14471700 0.00965100 0.32361600
v 0.20032800 -0.19060900 0.31640400
v 0.20263900 -0.18135900 0.31667500
v 0.15745100 -0.19691000 0.31476100
v 0.20392100 -0.17985900 0.31668200
v 0.20119400 -0.17599500 0.32517400
v 0.20058900 -0.17077700 0.32506700
v 0.15627600 -0.14419900 0.31415500
v 0.20562200 -0.17705000 0.32545700
v 0.20480200 -0.18026600 0.32548400
v 0.15391800 -0.14537300 0.32415600
v 0.15309100 -0.14677200 0.32441800
v 0.16474100 -0.15233000 0.32434400
v 0.19445400 -0.16826200 0.32471400
v 0.14115600 -0.03746100 0.31482800
v 0.15959000 -0.13404300 0.32435900
v 0.16272000 -0.09524600 0.32481900
v 0.15771900 -0.11674600 0.32290400
v 0.14172700 -0.02911700 0.31461900
v 0.19858200 -0.20212800 0.31654700
v 0.19943700 -0.19616900 0.31643700
v 0.16030100 -0.09891100 0.31477200
v 0.15989800 -0.10087900 0.31491100
v 0.18629100 -0.20221900 0.31651900
v 0.18939300 -0.20256900 0.31589500
v 0.15767100 -0.10852800 0.32261400
v 0.16744400 -0.21891400 0.31573900
v 0.16131000 -0.20347800 0.31633300
v 0.16284000 -0.20459400 0.31522000
v 0.16065700 -0.10510800 0.32485500
v 0.19509800 -0.18896300 0.32511200
v 0.16221900 -0.21653700 0.32405100
v 0.19598500 -0.19289800 0.32521300
v 0.19768000 -0.18243200 0.31684800
v 0.20004100 -0.18249000 0.31667000
v 0.16981300 -0.09685600 0.32494900
v 0.16062300 -0.10367600 0.31468600
v 0.14042800 -0.00312400 0.31629300
v 0.14320900 0.01004400 0.32229000
v 0.16166000 -0.10009800 0.31454900
v 0.16529700 -0.21761400 0.31480300
v 0.19961300 -0.18527700 0.31669500
v 0.19063600 -0.21948200 0.31745200
v 0.20113400 -0.18603900 0.31646000
v 0.20553600 -0.15891900 0.31697300
v 0.15786900 -0.12931300 0.31685200
v 0.19232700 -0.17602000 0.32489700
v 0.20110600 -0.18144100 0.31654900
v 0.15846500 -0.09353900 0.31666600
v 0.15605700 -0.14881900 0.32495600
v 0.15121500 -0.17398600 0.31376000
v 0.15449500 -0.14653300 0.32476700
v 0.15242200 -0.14845200 0.32451400
v 0.17242800 -0.21671400 0.31472000
v 0.20067500 -0.17997900 0.31672600
v 0.20695200 -0.15748300 0.31738200
v 0.16041500 -0.12305800 0.31391200
v 0.15814500 -0.09884200 0.31700900
v 0.17083200 -0.21951700 0.31724900
v 0.20590800 -0.16746600 0.31719700
v 0.16935000 -0.21825100 0.31490400
v 0.20547600 -0.14912800 0.32580800
v 0.20508400 -0.14796900 0.32573700
v 0.13913200 -0.16204200 0.32260300
v 0.19227700 -0.21981500 0.32202500
v 0.20441700 -0.16897200 0.32557800
v 0.14148700 -0.15722600 0.32340700
v 0.18484300 -0.21988100 0.31736600
v 0.20444900 -0.17800400 0.31681000
v 0.20515000 -0.17685400 0.31678900
v 0.13877800 -0.15686400 0.32136000
v 0.20692500 -0.17649100 0.31757800
v 0.20557000 -0.17800800 0.31704700
v 0.18300300 -0.21928600 0.31656000
v 0.20420300 -0.14703100 0.32560900
v 0.18492400 -0.21774400 0.31555500
v 0.20547600 -0.18244800 0.31694100
v 0.15048800 -0.15134600 0.31372300
v 0.20771300 -0.18365200 0.31767400
v 0.20322300 -0.18425600 0.31674300
v 0.17653000 -0.15269500 0.32444500
v 0.17355800 -0.15442500 0.32419700
v 0.17747200 -0.15588800 0.32443400
v 0.20529700 -0.16044100 0.32544200
v 0.13899500 -0.16591200 0.32243400
v 0.20523700 -0.18652100 0.31662100
v 0.20719200 -0.20400100 0.31701700
v 0.20623000 -0.20147400 0.31707000
v 0.14616200 -0.15057500 0.32232600
v 0.14569200 0.00317900 0.32462100
v 0.14440200 0.00754700 0.32421500
v 0.18747500 -0.20280300 0.31692200
v 0.18718300 -0.20405200 0.31676100
v 0.20633700 -0.19852800 0.31688000
v 0.20616600 -0.18528500 0.31707700
v 0.14521900 -0.15474500 0.32354900
v 0.20729700 -0.19053700 0.31722700
v 0.13861100 -0.16226700 0.32189000
v 0.16257200 -0.21861500 0.31555900
v 0.13981000 -0.03424600 0.31682200
v 0.14487700 -0.04752500 0.31476800
v 0.20644700 -0.15829200 0.32516900
v 0.20783300 -0.15714200 0.32490800
v 0.13831600 -0.16997800 0.32075300
v 0.15045800 -0.15816700 0.32416400
v 0.20477900 -0.19648900 0.31652700
v 0.15176400 -0.17130000 0.32491600
v 0.14158900 -0.15593300 0.32291900
v 0.20483400 -0.20066000 0.31671400
v 0.15312700 -0.15014900 0.32475100
v 0.14739900 -0.15340700 0.32380200
v 0.14727900 -0.15053000 0.32299700
v 0.20915200 -0.17835500 0.31880100
v 0.14026100 -0.15795300 0.32326200
v 0.14075900 -0.05175900 0.31518300
v 0.18228800 -0.20255000 0.31581800
v 0.13948600 -0.15602400 0.32187200
v 0.14036100 -0.15666400 0.32284200
v 0.20378500 -0.20274500 0.31652100
v 0.15468900 -0.15671100 0.32481800
v 0.20216500 -0.20492600 0.31654400
v 0.15783500 -0.15356600 0.32473900
v 0.20431300 -0.20476600 0.31650400
v 0.20566000 -0.21176900 0.31673600
v 0.13870700 -0.18980700 0.31562800
v 0.20405100 -0.20951500 0.31633000
v 0.20511400 -0.21379700 0.31650000
v 0.15378100 -0.02189600 0.31501400
v 0.20679800 -0.21153900 0.31701200
v 0.17784500 -0.21986100 0.31839100
v 0.16964200 -0.15050400 0.32447000
v 0.14074100 -0.01639900 0.32317300
v 0.17419900 -0.05508100 0.32528800
v 0.16756300 -0.15182800 0.32445700
v 0.13829300 -0.18206100 0.32102300
v 0.14660000 0.00782900 0.32445300
v 0.18678300 -0.21522100 0.31539700
v 0.19123000 -0.21751400 0.31604900
v 0.14068300 -0.18922600 0.31378400
v 0.15076800 -0.17025600 0.31346300
v 0.20865300 -0.19154300 0.31896100
v 0.13944000 -0.18985300 0.31485600
v 0.19960300 -0.17222700 0.31690000
v 0.14380700 -0.16955600 0.32360700
v 0.19977400 -0.20083500 0.31642600
v 0.19798000 -0.19853200 0.31647400
v 0.17618600 -0.21962000 0.31778100
v 0.14443500 -0.00292300 0.32435600
v 0.16102900 -0.20575400 0.31532600
v 0.20205600 -0.18777800 0.31653300
v 0.17683200 -0.21997100 0.31973400
v 0.14661300 0.01015700 0.32369100
v 0.14433700 -0.21564500 0.31401200
v 0.19731800 -0.20650900 0.32497500
v 0.14000500 -0.04879000 0.31623300
v 0.14122500 -0.16886400 0.32391400
v 0.14257700 -0.16835700 0.32390700
v 0.14721000 -0.21948800 0.31733500
v 0.13893800 -0.19849200 0.31478500
v 0.14363100 -0.20702400 0.31392300
v 0.20289300 -0.19791500 0.31637200
v 0.14093800 -0.17351500 0.32382000
v 0.13818200 -0.18235700 0.31952800
v 0.13821700 -0.18574700 0.31621600
v 0.13827000 -0.21621500 0.31603900
v 0.19904400 -0.18586900 0.32519600
v 0.13815000 -0.19926300 0.32095900
v 0.13777800 -0.20990700 0.32100400
v 0.20168300 -0.16490800 0.32526500
v 0.14722500 -0.04842000 0.31428400
v 0.13892600 -0.19970500 0.32249700
v 0.20309400 -0.17441000 0.32528700
v 0.15820200 -0.03292600 0.31527000
v 0.15850100 -0.02899500 0.31522400
v 0.20458700 -0.18501600 0.31667700
v 0.20307100 -0.19957700 0.32574400
v 0.13994300 -0.20531200 0.31394100
v 0.13845600 -0.21766500 0.31633000
v 0.13912500 -0.21822500 0.31560200
v 0.17808400 -0.21960700 0.31703400
v 0.20162000 -0.17343600 0.32509100
v 0.13781600 -0.21667400 0.31836600
v 0.14176900 -0.21913700 0.32057200
v 0.13985400 -0.21798100 0.32284500
v 0.19437500 -0.22018400 0.31908100
v 0.19532700 -0.22046100 0.31996300
v 0.14154700 -0.21738100 0.32300800
v 0.14341900 -0.05777100 0.31607500
v 0.19749300 -0.22018800 0.31913800
v 0.14840500 -0.20305200 0.31423500
v 0.13860200 -0.21801800 0.31786700
v 0.13856900 -0.21795300 0.32113200
v 0.14422000 -0.21782500 0.32265800
v 0.14508300 -0.21921400 0.31775800
v 0.14141300 -0.21783900 0.31453800
v 0.14010500 -0.20968200 0.32353300
v 0.13780000 -0.20720800 0.32081600
v 0.20425700 -0.18366200 0.32561400
v 0.20262000 -0.17893400 0.31678900
v 0.20151200 -0.17706200 0.31674500
v 0.14737200 -0.21084300 0.31418800
v 0.14070500 -0.20603200 0.31367200
v 0.14086000 -0.21843800 0.32234000
v 0.15737000 -0.04039100 0.32461600
v 0.13858400 -0.21318600 0.32241100
v 0.18121900 -0.21785000 0.31554200
v 0.18301900 -0.21634900 0.31511600
v 0.16118700 -0.03006600 0.32524300
v 0.14652200 -0.21801800 0.32252000
v 0.16739800 -0.05478200 0.32537500
v 0.15156800 -0.06102600 0.31449900
v 0.19994300 -0.22015600 0.32340900
v 0.19929500 -0.22053100 0.32185500
v 0.14812900 -0.05513600 0.31432700
v 0.19764900 -0.22027900 0.32313700
v 0.16753300 -0.21802400 0.31507200
v 0.19061300 -0.21584200 0.31573300
v 0.19585500 -0.20931000 0.32493600
v 0.19531300 -0.20646400 0.32506700
v 0.16742600 -0.21661800 0.31452600
v 0.16648300 -0.21803900 0.31507900
v 0.19322700 -0.20130200 0.31614300
v 0.19682700 -0.20397700 0.31663500
v 0.20175700 -0.18027400 0.31662200
v 0.14891500 -0.05700500 0.31466800
v 0.15797100 -0.02175600 0.32473200
v 0.20470200 -0.17343800 0.32536200
v 0.16489800 -0.21944300 0.31950700
v 0.16717900 -0.21933900 0.31839800
v 0.18079300 -0.21996600 0.32010900
v 0.14061400 -0.20930300 0.31376700
v 0.20088900 -0.18791700 0.31639400
v 0.13873000 -0.21860600 0.32017200
v 0.18870500 -0.20205500 0.32508800
v 0.14024200 -0.19028900 0.32372900
v 0.20333700 -0.18222000 0.32553800
v 0.14811100 0.00113000 0.32461300
v 0.14611000 -0.21612900 0.32306200
v 0.15114400 0.00591500 0.32487500
v 0.14841400 -0.21310100 0.32334200
v 0.14223400 -0.20978300 0.32352600
v 0.20498100 -0.16398200 0.32551500
v 0.20474300 -0.16151700 0.32552000
v 0.20480400 -0.18891700 0.32568000
v 0.19577800 -0.21988600 0.31791700
v 0.20324400 -0.18741900 0.32558700
v 0.19627100 -0.21634800 0.31624200
v 0.14371300 -0.00564100 0.32448400
v 0.14967000 -0.21434000 0.31400500
v 0.14097300 -0.21900300 0.31714900
v 0.14583500 -0.01181600 0.32433100
v 0.14190100 -0.21898400 0.31809900
v 0.20602700 -0.15439900 0.32548500
v 0.20743200 -0.15340400 0.32493800
v 0.20497700 -0.21014800 0.32560200
v 0.20428300 -0.20910700 0.32552400
v 0.20237600 -0.20918100 0.32551000
v 0.20359300 -0.21079300 0.32577400
v 0.14031200 -0.21872400 0.31599000
v 0.16327200 -0.04560500 0.32489900
v 0.16191100 -0.04249800 0.32471300
v 0.14137900 -0.21906100 0.31939100
v 0.14617700 -0.03847800 0.31424900
v 0.14306200 -0.03832200 0.31454000
v 0.14241300 -0.21882200 0.31877300
v 0.14502000 -0.05675100 0.31469100
v 0.14789000 -0.21538500 0.32334000
v 0.15680500 -0.21935200 0.32160500
v 0.15354900 -0.21945100 0.32026000
v 0.15290500 -0.21968700 0.31802400
v 0.15829900 -0.08514300 0.31784000
v 0.14963200 -0.21898600 0.31578400
v 0.15361900 -0.21925500 0.32251700
v 0.13880300 -0.21730600 0.32216100
v 0.14003200 -0.21896700 0.32125500
v 0.16360700 -0.20479400 0.32421100
v 0.20600600 -0.20441800 0.31686400
v 0.18478500 -0.20707500 0.32479600
v 0.14806200 -0.20477000 0.32354600
v 0.15182800 -0.21913400 0.32188500
v 0.15079300 -0.20618800 0.32389300
v 0.19490900 -0.21495600 0.32516800
v 0.20559400 -0.20426400 0.31662200
v 0.19506100 -0.21202900 0.32503200
v 0.19759800 -0.21234500 0.32503500
v 0.15913500 -0.20024400 0.31521900
v 0.16125800 -0.20438900 0.32386600
v 0.19883900 -0.19219100 0.31658300
v 0.14750100 -0.21722900 0.31431600
v 0.19783400 -0.19811200 0.32513600
v 0.20352000 -0.16428600 0.32541600
v 0.14242500 -0.21877200 0.32165400
v 0.15323200 -0.05979000 0.31427500
v 0.14528500 -0.21886500 0.32126200
v 0.14356000 -0.21920100 0.31957400
v 0.14972400 -0.21763800 0.32323400
v 0.19278800 -0.21978100 0.31799200
v 0.16047300 -0.08406700 0.31497000
v 0.19268400 -0.21869700 0.31686000
v 0.18252800 -0.22003500 0.32224300
v 0.17868200 -0.21983100 0.32154800
v 0.15235700 -0.21785300 0.32379000
v 0.19567400 -0.20335000 0.32510100
v 0.15301000 -0.21648400 0.32392400
v 0.18610300 -0.20522900 0.31629900
v 0.15514300 -0.21827400 0.32377000
v 0.16523600 -0.07975600 0.31511200
v 0.19993800 -0.16133100 0.32520200
v 0.20573200 -0.17095700 0.32536500
v 0.13828400 -0.19678800 0.32092900
v 0.20349900 -0.16081800 0.32548400
v 0.20689800 -0.15590000 0.32502400
v 0.17410300 -0.21979400 0.32180700
v 0.17453700 -0.21989300 0.32027000
v 0.16232200 -0.20921400 0.32406800
v 0.20305300 -0.14507000 0.32553300
v 0.15620700 -0.20391300 0.31500700
v 0.20510700 -0.15784000 0.32545100
v 0.20350600 -0.16607600 0.32548500
v 0.16024700 -0.20479500 0.31575100
v 0.19977900 -0.17301400 0.32504000
v 0.19632100 -0.16118800 0.32492100
v 0.19854800 -0.19100400 0.32520700
v 0.20059800 -0.19389600 0.32524200
v 0.19502500 -0.21924600 0.31709300
v 0.20047000 -0.21980900 0.31846400
v 0.14253500 -0.21341100 0.32342800
v 0.16770600 -0.21946900 0.32021700
v 0.19216300 -0.21780600 0.32510200
v 0.19046300 -0.21846500 0.32478200
v 0.15802800 -0.09320200 0.31775200
v 0.19019900 -0.21686000 0.32508400
v 0.18818700 -0.21725200 0.31586500
v 0.18787500 -0.21901200 0.31681100
v 0.15349500 -0.20439700 0.31445800
v 0.15223600 -0.20657200 0.31426400
v 0.15697800 -0.21718500 0.31426600
v 0.16049300 -0.20180200 0.31595500
v 0.16089700 -0.20070000 0.31525100
v 0.16212500 -0.20216700 0.31562600
v 0.15525500 -0.19800600 0.32386600
v 0.19172600 -0.20708900 0.32518900
v 0.15613500 -0.21933700 0.31989400
v 0.14663800 -0.20813200 0.32320700
v 0.15830300 -0.20302100 0.31483100
v 0.16558800 -0.21951000 0.31814200
v 0.16645000 -0.21947600 0.31782100
v 0.18741900 -0.20489600 0.31649200
v 0.20671900 -0.17077600 0.32501300
v 0.20585600 -0.16757600 0.32541900
v 0.16138700 -0.21948300 0.31915400
v 0.16146800 -0.07780800 0.32483700
v 0.15853900 -0.20268200 0.31507300
v 0.15878700 -0.21775200 0.31469200
v 0.15929000 -0.21885500 0.31589200
v 0.15782600 -0.08032400 0.32187600
v 0.16057900 -0.21818200 0.31516000
v 0.16627500 -0.21941000 0.32201600
v 0.16785300 -0.21866200 0.32338300
v 0.16444600 -0.21872500 0.32341600
v 0.15228500 -0.21687700 0.31406100
v 0.14406800 -0.05790100 0.31553900
v 0.15786000 -0.21784500 0.32371700
v 0.19945900 -0.18943500 0.32516500
v 0.14952000 -0.06281800 0.32316200
v 0.15579100 -0.21580600 0.32400900
v 0.15968100 -0.21964000 0.31826400
v 0.16077400 -0.21970800 0.31745200
v 0.13795700 -0.21172200 0.32143900
v 0.19950500 -0.20542700 0.31651500
v 0.20846800 -0.20302200 0.31980300
v 0.15186800 -0.06654300 0.32096900
v 0.14682600 -0.21565700 0.31415100
v 0.14859700 -0.21631000 0.31413500
v 0.19733900 -0.21983300 0.31771000
v 0.19866500 -0.21926400 0.31747000
v 0.18927600 -0.20336000 0.31598100
v 0.18912300 -0.20449600 0.31598000
v 0.17972700 -0.21516300 0.31502000
v 0.20832500 -0.21036900 0.32063300
v 0.20877800 -0.20633600 0.32167200
v 0.20055400 -0.18767500 0.32528500
v 0.14235300 -0.21706900 0.31408000
v 0.13970400 -0.20279100 0.32346000
v 0.18366200 -0.21412500 0.31513200
v 0.18472700 -0.20515700 0.31585800
v 0.20501300 -0.18491700 0.32570300
v 0.20150400 -0.20070600 0.31660800
v 0.18345200 -0.20762500 0.31572000
v 0.14213100 -0.21479000 0.31373400
v 0.19803300 -0.20807500 0.31645600
v 0.14627600 -0.21864400 0.31610100
v 0.14999700 -0.21866300 0.32258900
v 0.15056000 -0.21782300 0.32353800
v 0.15183700 -0.21858200 0.32324100
v 0.20372100 -0.21773500 0.32507500
v 0.20589600 -0.21666400 0.32422400
v 0.20381000 -0.21634300 0.32562500
v 0.20227100 -0.20268000 0.31664300
v 0.15044800 -0.06497600 0.32124700
v 0.14680500 -0.06244900 0.31818700
v 0.14913600 -0.21766200 0.31459600
v 0.15804300 -0.20479900 0.31492000
v 0.14303400 -0.19335300 0.31380400
v 0.15644000 -0.05352800 0.32420700
v 0.19915000 -0.21410400 0.31620100
v 0.14293400 -0.20180900 0.32377300
v 0.20289500 -0.21235000 0.31626200
v 0.20181900 -0.21040900 0.31656000
v 0.20879500 -0.19973300 0.32249900
v 0.15277300 -0.19116000 0.32428000
v 0.15782400 -0.20096500 0.31516500
v 0.15785500 -0.19531900 0.31455000
v 0.16273100 -0.20068300 0.31491500
v 0.14624000 -0.21760200 0.31475000
v 0.20009300 -0.17535100 0.31699300
v 0.20482700 -0.20068500 0.32579200
v 0.14782100 -0.06284800 0.31648700
v 0.20271700 -0.20186600 0.32587200
v 0.19680000 -0.19032200 0.32524500
v 0.19789500 -0.18830200 0.32519900
v 0.14441600 -0.21814200 0.31525000
v 0.14570000 -0.20982000 0.32317200
v 0.15933900 -0.20636400 0.31511200
v 0.15505400 -0.20647800 0.31460200
v 0.15847200 -0.20369000 0.31489200
v 0.15760200 -0.20287600 0.31490800
v 0.15031500 -0.05992600 0.31482900
v 0.14820600 -0.21871100 0.31576800
v 0.17201200 -0.21924400 0.32290500
v 0.17436700 -0.21936200 0.32332300
v 0.14760800 -0.21813100 0.31515000
v 0.15803300 -0.08457300 0.32219100
v 0.15702900 -0.20029400 0.31482800
v 0.15247000 -0.17281900 0.32513500
v 0.19617500 -0.20046200 0.31642300
v 0.15671900 -0.19385000 0.31480800
v 0.19741000 -0.21730600 0.31623200
v 0.13841100 -0.15989500 0.32082500
v 0.19602800 -0.21804900 0.31662100
v 0.19690500 -0.21916500 0.31707700
v 0.15774100 -0.06692200 0.31448600
v 0.14543600 -0.17062500 0.32337400
v 0.16016600 -0.20498200 0.32390200
v 0.14683000 -0.17276700 0.32339300
v 0.13885500 -0.16317800 0.32236900
v 0.18825100 -0.20382800 0.31651800
v 0.20162400 -0.18143000 0.32533000
v 0.14849700 -0.17361600 0.32380400
v 0.15032900 -0.21642700 0.31410400
v 0.18786100 -0.20566600 0.31618000
v 0.20572500 -0.20383200 0.32561000
v 0.18624000 -0.20637900 0.31603400
v 0.20041900 -0.19944900 0.32538100
v 0.14158200 -0.17858300 0.32443400
v 0.15405200 -0.16640800 0.32503800
v 0.15143100 -0.16760200 0.32464400
v 0.14109300 -0.05567400 0.31594200
v 0.15633900 -0.14239700 0.32428500
v 0.15609600 -0.05951400 0.31436900
v 0.18435000 -0.21766800 0.32465600
v 0.20372900 -0.21409100 0.31608900
v 0.16720000 -0.20871800 0.32424500
v 0.14708900 -0.15206300 0.32363800
v 0.20361100 -0.21641600 0.31610900
v 0.15410900 -0.15329400 0.32480500
v 0.15538500 -0.14399200 0.32434800
v 0.20578600 -0.18181500 0.32538200
v 0.20592600 -0.18445200 0.32555500
v 0.20161100 -0.21729600 0.31605800
v 0.16793100 -0.15997100 0.32406700
v 0.17003300 -0.16294500 0.32412600
v 0.15937600 -0.14676600 0.32476100
v 0.20062500 -0.20292500 0.31657000
v 0.14173800 -0.17664100 0.32413700
v 0.15251400 -0.18025800 0.32448400
v 0.14484300 -0.16806600 0.32372000
v 0.14681000 -0.17553300 0.32354400
v 0.14528500 -0.19056300 0.32348100
v 0.14724400 -0.19145200 0.32347700
v 0.20309900 -0.20094800 0.31657300
v 0.14557300 -0.17665100 0.32366700
v 0.20006100 -0.14956500 0.32523200
v 0.18481800 -0.20251800 0.31590900
v 0.13975800 -0.17810700 0.32348300
v 0.13967400 -0.21855700 0.31576700
v 0.19388800 -0.21533500 0.31598600
v 0.19398300 -0.21713400 0.31630000
v 0.15332800 -0.06807600 0.31676200
v 0.17835300 -0.14526100 0.32484500
v 0.14726400 -0.16105400 0.32368100
v 0.19784100 -0.19459000 0.31662800
v 0.17119400 -0.16674800 0.32426000
v 0.17317200 -0.17014400 0.32474900
v 0.19473500 -0.20596900 0.31641200
v 0.14090300 -0.18351800 0.32416500
v 0.15366600 -0.17479900 0.32524400
v 0.19899900 -0.20507800 0.32514600
v 0.15517900 -0.06882400 0.31565200
v 0.13973100 -0.19256000 0.32331500
v 0.13824000 -0.18460000 0.32089100
v 0.15417800 -0.06886800 0.31711200
v 0.15343500 -0.06819200 0.31765600
v 0.18582700 -0.20111600 0.31634700
v 0.14427900 -0.20443500 0.32336300
v 0.14012800 -0.15949800 0.32354200
v 0.19975800 -0.21756000 0.31626700
v 0.14049900 -0.17697200 0.32405400
v 0.14073300 -0.17512900 0.32384600
v 0.14560400 -0.16584900 0.32382700
v 0.14396500 -0.16442200 0.32419500
v 0.19646800 -0.21383700 0.31624800
v 0.13912300 -0.16915200 0.32265600
v 0.19148400 -0.21244900 0.31582500
v 0.14823500 -0.06347000 0.31696900
v 0.14950100 -0.05809800 0.31498400
v 0.20407200 -0.21217900 0.32587100
v 0.20242800 -0.21203500 0.32587600
v 0.14014000 -0.16962600 0.32361100
v 0.15566300 -0.06510700 0.31449800
v 0.13840600 -0.16271200 0.32116100
v 0.13816500 -0.18836400 0.32095600
v 0.14065200 -0.18063400 0.32445300
v 0.19642800 -0.18526100 0.32500000
v 0.13991400 -0.18625200 0.32359600
v 0.14253900 -0.16524900 0.32430800
v 0.14002000 -0.19438800 0.32347800
v 0.14118800 -0.19546500 0.32381600
v 0.14108500 -0.19282400 0.32374700
v 0.20143600 -0.15793500 0.32534300
v 0.14001600 -0.18216600 0.32402400
v 0.13810500 -0.18990900 0.32080800
v 0.14601300 -0.15362700 0.32372200
v 0.14006400 -0.17918000 0.32402400
v 0.13851400 -0.17434600 0.32159000
v 0.20241100 -0.14840700 0.32556400
v 0.13821500 -0.17600600 0.31942900
v 0.13933200 -0.18470300 0.32300300
v 0.13989100 -0.16142000 0.32329800
v 0.13860800 -0.15898500 0.32133500
v 0.13866800 -0.16411500 0.32193500
v 0.13847300 -0.16881700 0.32161100
v 0.13839100 -0.16735100 0.32125800
v 0.20292500 -0.19336500 0.31644400
v 0.13828600 -0.19035000 0.31629900
v 0.13880300 -0.18767600 0.32231900
v 0.13815500 -0.18684200 0.32045100
v 0.13985500 -0.17590400 0.32346800
v 0.13830800 -0.17165300 0.32047500
v 0.13847500 -0.18032400 0.32175900
v 0.16519000 -0.14887500 0.32423700
f 172 4046 173
f 173 4046 170
f 170 169 3237
f 170 4046 169
f 343 342 401
f 401 2846 343
f 2675 2805 2802
f 2810 2802 2805
f 74 83 155
f 155 164 74
f 164 1055 74
f 156 155 83
f 4551 1055 164
f 83 82 156
f 158 2067 670
f 421 2066 671
f 161 2067 158
f 671 2066 670
f 670 669 671
f 4481 2067 161
f 669 670 2067
f 2948 3374 2930
f 139 4127 166
f 572 4127 139
f 3374 2986 173
f 2930 3374 173
f 172 173 2885
f 2885 2986 166
f 2986 2885 173
f 2930 173 170
f 4127 2885 166
f 1142 1176 4524
f 4621 4524 157
f 1164 1176 1142
f 4621 157 162
f 162 157 151
f 1142 4524 4621
f 1164 1137 1183
f 1142 1154 1164
f 1137 1164 1151
f 1183 1176 1164
f 1142 4621 1154
f 1164 1154 1151
f 1154 4621 1150
f 4524 1135 157
f 177 156 94
f 1135 164 147
f 14 9 87
f 157 147 177
f 151 177 96
f 151 157 177
f 9 94 156
f 156 82 9
f 87 12 14
f 155 156 177
f 155 177 147
f 177 94 96
f 147 164 155
f 4551 164 1135
f 94 9 93
f 157 1135 147
f 93 9 14
f 1521 1391 1458
f 832 988 937
f 937 940 832
f 988 987 986
f 1476 987 988
f 987 1458 1391
f 840 855 832
f 1547 1476 988
f 1538 1547 1539
f 1538 1476 1547
f 1537 1476 1538
f 1476 1537 987
f 940 937 938
f 986 1194 937
f 1537 1458 987
f 940 822 840
f 987 1391 920
f 1521 1458 1537
f 832 940 840
f 937 988 986
f 937 1194 938
f 986 987 920
f 832 855 988
f 138 139 166
f 329 326 3374
f 166 2986 138
f 2986 4498 171
f 3582 2843 331
f 4498 2986 326
f 137 4129 572
f 139 138 2989
f 132 138 171
f 3374 3582 331
f 137 139 2989
f 138 132 2989
f 2642 4129 163
f 136 2642 163
f 136 137 2989
f 132 133 134
f 133 131 134
f 134 2989 132
f 2642 136 4489
f 131 1891 134
f 2647 2989 134
f 2986 171 138
f 137 136 163
f 171 4498 132
f 1891 2661 1493
f 1891 2647 134
f 131 2661 1891
f 139 137 572
f 2989 2647 136
f 163 4129 137
f 136 2647 4489
f 133 132 4498
f 329 3374 331
f 2986 3374 326
f 3374 2948 3582
f 1177 1031 1232
f 1031 1177 1559
f 1559 935 923
f 935 1559 1040
f 1232 1031 1172
f 1559 923 1031
f 1040 1559 1177
f 1172 1031 923
f 1183 1137 1256
f 926 844 1182
f 926 1161 1143
f 1161 1183 1179
f 1216 844 926
f 1172 844 1216
f 1172 1216 1143
f 1161 1144 1176
f 1179 1232 1143
f 1144 926 1181
f 1143 1216 926
f 1041 4524 1144
f 970 1181 1182
f 1183 1161 1176
f 1161 926 1144
f 1179 1143 1161
f 1256 1179 1183
f 1036 1122 1181
f 923 844 1172
f 4524 1176 1144
f 1144 1181 1041
f 1122 1041 1181
f 1122 4551 1041
f 4524 1041 1135
f 4551 1135 1041
f 1036 1181 970
f 1182 844 970
f 1143 1232 1172
f 1181 926 1182
f 161 158 1875
f 571 1874 672
f 570 559 4127
f 571 570 572
f 135 4127 559
f 159 135 559
f 159 158 670
f 1874 571 3180
f 571 672 570
f 167 168 2066
f 135 159 2066
f 1874 1875 672
f 2885 4127 168
f 421 167 2066
f 168 167 172
f 2066 168 135
f 168 4127 135
f 1875 1874 161
f 570 4127 572
f 559 1875 159
f 670 2066 159
f 4016 4479 4014
f 172 2885 168
f 158 159 1875
f 559 570 672
f 167 4046 172
f 672 1875 559
f 4479 4481 4012
f 1874 4012 161
f 4479 4033 4481
f 4016 4033 4479
f 3180 2995 4014
f 4012 1874 4479
f 4012 4481 161
f 571 3048 3180
f 3090 2995 3180
f 3180 3048 3090
f 4129 3048 571
f 2642 3090 3048
f 4129 2642 3048
f 1874 4014 4479
f 2642 3092 3090
f 3092 2995 3090
f 4014 1874 3180
f 572 4129 571
f 547 4046 167
f 555 4046 547
f 547 550 555
f 1625 555 550
f 552 4047 555
f 552 555 1625
f 4047 552 4049
f 4049 4048 4047
f 1968 4329 552
f 1625 1968 552
f 4048 1970 1531
f 4329 1968 4053
f 1625 4052 1968
f 4048 1531 1610
f 4049 4329 4053
f 167 421 547
f 1973 4049 4053
f 4048 4049 1970
f 1531 4056 1610
f 1983 4050 4047
f 3237 4050 3455
f 1983 1610 4492
f 4050 3237 169
f 4477 4059 1531
f 4492 3455 1983
f 1983 3455 4050
f 4046 4050 169
f 1973 4045 1970
f 1983 4048 1610
f 1968 4052 4053
f 4058 2048 4240
f 4059 4056 1531
f 4050 4046 4047
f 4048 1983 4047
f 552 4329 4049
f 1812 2048 4477
f 4477 2048 4059
f 4056 4492 1610
f 4049 1973 1970
f 4477 1970 1812
f 1531 1970 4477
f 4045 4240 1812
f 4047 4046 555
f 1812 4240 2048
f 4053 4052 1973
f 1812 1970 4045
f 943 983 989
f 1040 916 935
f 1133 941 1055
f 1133 4551 1134
f 983 982 989
f 935 1148 946
f 812 1055 941
f 941 1139 982
f 935 916 1148
f 946 1148 936
f 1148 1565 936
f 932 922 946
f 815 983 968
f 916 1522 1565
f 1139 1133 1134
f 1522 1547 1565
f 1568 932 936
f 988 855 1565
f 4551 1122 1134
f 822 1568 840
f 948 1139 1134
f 840 936 855
f 968 983 943
f 1134 1197 948
f 912 1003 968
f 1565 1547 988
f 1036 970 1134
f 1134 970 1197
f 919 1003 932
f 948 989 982
f 912 968 943
f 982 983 941
f 912 932 1003
f 1133 1055 4551
f 855 936 1565
f 812 941 815
f 948 922 989
f 1197 844 1569
f 970 844 1197
f 936 840 1568
f 1522 1539 1547
f 916 1565 1148
f 919 932 1568
f 948 1197 1569
f 1568 822 919
f 932 946 936
f 815 941 983
f 912 943 989
f 912 989 922
f 922 1569 946
f 1569 922 948
f 1569 844 923
f 1133 1139 941
f 1122 1036 1134
f 1139 948 982
f 923 935 1569
f 935 946 1569
f 922 932 912
f 850 853 858
f 919 911 1141
f 994 918 822
f 75 4 8
f 91 95 90
f 9 82 13
f 1147 853 850
f 82 83 71
f 4520 974 811
f 974 810 811
f 4518 974 4520
f 91 4520 95
f 849 994 822
f 83 74 72
f 4520 811 95
f 71 90 77
f 849 850 858
f 90 71 91
f 934 816 815
f 8 10 75
f 918 994 817
f 919 1141 1003
f 978 807 817
f 913 853 978
f 911 971 1141
f 913 817 994
f 918 911 919
f 95 811 860
f 18 7 2
f 71 10 82
f 860 811 807
f 859 944 817
f 812 815 816
f 1055 806 74
f 911 944 816
f 7 59 8
f 815 1141 971
f 918 944 911
f 4518 71 72
f 74 4518 72
f 72 71 83
f 850 849 938
f 4518 4520 91
f 918 919 822
f 75 77 4
f 911 816 934
f 938 849 940
f 13 87 9
f 811 859 807
f 822 940 849
f 806 974 4518
f 59 87 13
f 13 10 8
f 816 944 810
f 859 811 810
f 4 5 8
f 59 13 8
f 859 810 944
f 2 8 5
f 82 10 13
f 1055 812 806
f 810 974 816
f 1141 968 1003
f 806 4518 74
f 815 968 1141
f 944 918 817
f 815 971 934
f 913 978 817
f 71 4518 91
f 816 974 812
f 934 971 911
f 853 913 858
f 807 859 817
f 75 10 71
f 994 849 858
f 913 994 858
f 77 75 71
f 2 7 8
f 806 812 974
f 4499 4495 2875
f 1101 2671 4494
f 18 120 86
f 85 7 18
f 963 2882 1492
f 2735 1712 1492
f 625 964 2665
f 1490 1491 4436
f 2779 2875 4495
f 2671 654 118
f 654 120 180
f 4436 4495 4499
f 85 86 19
f 1780 625 967
f 108 2883 204
f 2646 4496 2693
f 1120 2900 963
f 1120 963 108
f 967 2665 2735
f 967 2735 2715
f 2735 2754 2715
f 654 2671 1106
f 2883 108 963
f 1780 2009 1702
f 120 654 625
f 4499 1490 4436
f 1492 1491 126
f 1702 181 86
f 1490 130 126
f 1102 1491 1492
f 124 126 4498
f 4499 2875 125
f 2882 2735 1492
f 2883 963 124
f 120 625 86
f 4498 176 124
f 1491 1490 126
f 4498 2883 176
f 2883 4498 204
f 130 4499 125
f 3593 1105 1106
f 118 654 180
f 1101 4494 4436
f 131 130 125
f 133 4498 130
f 4389 3593 2671
f 4495 4494 4496
f 130 131 133
f 4496 4494 2693
f 2900 2754 2882
f 59 7 85
f 964 1106 1105
f 2665 1712 2735
f 124 1492 126
f 2900 1120 2754
f 4436 4389 1101
f 1780 86 625
f 86 1780 1702
f 967 2715 2009
f 2673 2661 125
f 1120 2715 2754
f 1712 2850 1102
f 963 1492 124
f 1491 4389 4436
f 4496 2779 4495
f 176 2883 124
f 2009 2715 1118
f 1120 1118 2715
f 1102 1492 1712
f 2779 1493 2673
f 625 2665 967
f 2850 1712 2665
f 125 2661 131
f 19 59 85
f 2875 2673 125
f 2671 3593 1106
f 19 86 181
f 85 18 86
f 2671 2693 4494
f 1105 3593 1491
f 4436 4494 4495
f 2665 964 2850
f 1493 2661 2673
f 2673 2875 2779
f 130 4498 126
f 967 2009 1780
f 1105 1102 2850
f 964 1105 2850
f 118 2693 2671
f 4496 2646 2779
f 964 654 1106
f 625 654 964
f 2671 1101 4389
f 2900 2882 963
f 1491 3593 4389
f 1102 1105 1491
f 130 1490 4499
f 2882 2754 2735
f 4216 4057 3770
f 4367 610 4117
f 4362 4360 4605
f 42 40 41
f 516 4590 40
f 274 4434 224
f 4796 4018 2819
f 274 39 35
f 4861 2819 4854
f 4557 4434 274
f 41 43 409
f 4851 4117 4865
f 2819 4861 4796
f 4117 610 4865
f 347 377 289
f 4371 40 4590
f 525 289 4431
f 39 274 278
f 4434 4372 4080
f 282 40 39
f 4434 4557 4372
f 4851 5073 4117
f 4080 4851 4865
f 235 278 525
f 39 235 202
f 282 41 40
f 35 4371 274
f 4371 35 40
f 317 377 347
f 347 289 278
f 4371 4557 274
f 4080 4865 4434
f 4018 4796 4362
f 4065 2846 401
f 289 525 278
f 4851 4854 5073
f 4865 610 224
f 42 41 409
f 4854 2819 5073
f 289 377 346
f 4371 4372 4557
f 224 610 278
f 4065 4362 2846
f 40 42 516
f 278 610 347
f 347 4367 362
f 202 282 39
f 4064 4362 4065
f 4064 4360 4362
f 4065 2902 4064
f 4367 4117 4114
f 278 274 224
f 5026 2739 5079
f 4089 4064 4092
f 4216 5026 2977
f 4606 4009 4605
f 43 41 524
f 2902 4266 4113
f 5079 2739 4009
f 4431 289 346
f 4216 317 362
f 4618 4092 4859
f 278 235 39
f 4114 4117 4307
f 4434 4865 224
f 4606 4605 4360
f 4114 362 4367
f 4618 4009 4606
f 4605 4018 4362
f 347 610 4367
f 2867 4018 4009
f 4307 2867 2739
f 347 362 317
f 4360 4089 4606
f 5026 362 4114
f 3770 317 4216
f 4089 4618 4606
f 5073 4307 4117
f 5073 2819 4307
f 4136 4092 4113
f 4859 2977 5079
f 4136 4859 4092
f 4113 4266 4136
f 4089 4360 4064
f 4618 5079 4009
f 2977 5026 5079
f 4136 4057 4859
f 4018 4605 4009
f 4057 2977 4859
f 4064 4113 4092
f 2819 2867 4307
f 5026 4216 362
f 4064 2902 4113
f 4114 4307 2739
f 4216 2977 4057
f 524 41 282
f 2867 4009 2739
f 2819 4018 2867
f 39 40 35
f 4618 4089 4092
f 5026 4114 2739
f 4618 4859 5079
f 220 4646 420
f 218 4785 4893
f 4078 4080 4372
f 4377 4369 4512
f 4372 4550 4078
f 4512 4371 4590
f 219 4892 474
f 4180 218 420
f 4715 4724 4549
f 4893 4785 4609
f 2394 4388 4552
f 386 3676 385
f 409 43 44
f 4370 4457 4549
f 4362 4796 4797
f 4372 4864 4550
f 4370 4377 4368
f 2848 4646 394
f 2846 386 385
f 4770 4388 4852
f 4786 4854 4785
f 44 42 409
f 2846 4797 2848
f 394 4646 220
f 4388 4770 4552
f 4770 4852 4609
f 4369 4549 4864
f 683 4498 340
f 258 4378 516
f 2846 394 386
f 4645 420 4646
f 4180 4785 218
f 4080 4078 4712
f 2846 385 343
f 420 218 219
f 4609 4385 4770
f 4609 4852 4893
f 4861 4645 4796
f 471 219 474
f 4645 4627 4180
f 4852 4892 4893
f 219 471 3676
f 4549 4460 4715
f 4715 4385 4724
f 3797 4834 4712
f 4078 4403 4712
f 4834 3797 4862
f 4460 4770 4715
f 4549 4724 4864
f 4855 4646 4797
f 220 219 3676
f 4609 4862 4403
f 4724 4385 4550
f 4385 4609 4403
f 4712 4862 3797
f 4370 4369 4377
f 4403 4550 4385
f 4864 4724 4550
f 3676 683 340
f 4512 516 4378
f 4892 4388 2394
f 385 3676 340
f 4627 4785 4180
f 4712 4834 4854
f 4377 4378 4368
f 4627 4854 4786
f 4645 4855 4796
f 4590 516 4512
f 4854 4627 4861
f 4864 4372 4369
f 220 386 394
f 2846 2848 394
f 342 343 4498
f 4503 4851 4080
f 4645 4646 4855
f 4362 4797 2846
f 4369 4371 4512
f 4377 4512 4378
f 4369 4372 4371
f 4403 4862 4712
f 4712 4854 4851
f 4770 4385 4715
f 4180 420 4645
f 4550 4403 4078
f 4797 4796 4855
f 4786 4785 4627
f 258 42 44
f 4552 4770 4460
f 343 340 4498
f 4797 4646 2848
f 4852 4388 4892
f 4370 4549 4369
f 4861 4627 4645
f 4712 4851 4503
f 340 343 385
f 4080 4712 4503
f 219 220 420
f 218 4892 219
f 516 42 258
f 4893 4892 218
f 386 220 3676
f 4785 4834 4862
f 4854 4834 4785
f 4862 4609 4785
f 4549 4457 4460
f 4892 2394 474
f 4923 440 579
f 440 422 579
f 4923 579 458
f 454 4923 458
f 4652 4631 4448
f 127 4666 4826
f 4563 4913 4766
f 4664 4666 4433
f 4826 4448 4820
f 4447 4448 4826
f 4931 4688 4410
f 4662 4942 5024
f 4666 4664 4662
f 4820 127 4826
f 4448 4630 128
f 4447 4662 4652
f 4432 4934 4913
f 4448 4631 4630
f 4666 127 4433
f 4942 4662 4664
f 4448 128 4820
f 4433 4952 4432
f 5024 4652 4662
f 5017 4664 4913
f 4662 4447 4666
f 4942 4931 5024
f 4410 4688 4689
f 4820 128 127
f 4688 4931 5017
f 5017 4931 4942
f 4666 4447 4826
f 4563 4689 4688
f 4448 4447 4652
f 4979 4689 4563
f 4664 5017 4942
f 4563 5017 4913
f 4979 4563 4766
f 4432 4664 4433
f 4913 4664 4432
f 4669 4433 127
f 4688 5017 4563
f 4766 4913 4934
f 4669 127 222
f 4669 4952 4433
f 4432 4952 4422
f 4432 4422 4934
f 127 4630 222
f 128 4630 127
f 1290 1155 1269
f 1140 1155 1290
f 1140 1237 1409
f 4755 1241 1237
f 4755 760 1241
f 760 4349 1241
f 1409 1353 1140
f 760 4755 1906
f 581 444 585
f 515 4429 503
f 510 514 466
f 466 470 483
f 4670 5005 223
f 1906 4756 674
f 444 581 4940
f 483 1906 1899
f 514 4672 458
f 4951 5005 4339
f 462 470 466
f 460 462 466
f 460 458 462
f 466 513 510
f 4952 4669 4951
f 4755 4756 1906
f 466 514 460
f 514 458 460
f 470 462 579
f 4667 4672 4670
f 223 4669 222
f 515 513 548
f 513 466 1899
f 585 470 579
f 1899 1906 674
f 5013 503 4429
f 4670 4672 514
f 579 581 585
f 515 548 4429
f 454 458 4672
f 579 462 458
f 514 515 5008
f 515 503 5008
f 4667 4670 223
f 4422 4952 4421
f 223 5005 4951
f 5008 4670 514
f 4339 5008 5013
f 515 510 513
f 4339 5005 5008
f 454 4672 4630
f 4951 4669 223
f 4339 4421 4951
f 1906 483 585
f 4951 4421 4952
f 4630 4672 222
f 222 4667 223
f 5008 5005 4670
f 585 444 1906
f 515 514 510
f 483 1899 466
f 5013 5008 503
f 4672 4667 222
f 585 483 470
f 579 4940 581
f 579 422 4940
f 4940 422 440
f 1906 444 432
f 4348 4939 4350
f 4940 432 444
f 1409 1237 1241
f 4349 1409 1241
f 4939 432 4940
f 4350 4349 4348
f 432 4939 4348
f 4348 760 432
f 760 4348 4349
f 1290 1237 1140
f 760 1906 432
f 4349 1353 1409
f 261 288 5037
f 4625 839 4470
f 530 269 261
f 4197 4172 530
f 282 287 268
f 549 528 287
f 5037 528 953
f 261 5037 5036
f 1524 1526 1053
f 530 261 4197
f 1500 4540 4393
f 265 4172 4197
f 5037 953 5036
f 263 264 265
f 287 5037 288
f 4097 953 549
f 4197 5036 5015
f 263 291 264
f 953 4097 1792
f 4440 4246 4426
f 4674 4293 3670
f 5036 1460 5015
f 3656 3141 1510
f 268 287 288
f 524 282 268
f 1292 1053 1526
f 1526 1487 185
f 3278 3244 1048
f 1431 1512 5016
f 4097 199 831
f 1794 953 1792
f 5014 4535 1679
f 291 4535 838
f 3373 3278 1431
f 265 4197 263
f 4197 1679 263
f 4556 1428 1706
f 199 202 4320
f 4320 831 199
f 839 838 4470
f 1526 185 1292
f 185 1500 116
f 838 4535 5014
f 4556 291 838
f 1706 291 4556
f 1848 3244 3141
f 1794 4474 4470
f 1428 3288 1706
f 1510 3670 3656
f 4556 838 839
f 525 4320 235
f 5016 3288 1428
f 4320 525 4313
f 4293 4380 4540
f 4677 1506 4556
f 4556 5094 1428
f 1848 1685 3244
f 3141 4540 1848
f 4431 4313 525
f 818 4313 4248
f 1685 1456 3244
f 4474 4626 4625
f 1506 1510 5094
f 1431 1428 3373
f 1456 1685 1524
f 4626 4624 4625
f 4248 4313 4431
f 4674 839 4625
f 346 408 4431
f 1506 5094 4556
f 1510 1506 4674
f 1510 3373 5094
f 5015 1679 4197
f 4426 4431 408
f 1512 1431 3278
f 287 528 5037
f 4625 4624 4293
f 264 291 4665
f 4625 4293 4674
f 1428 1431 5016
f 287 282 549
f 1792 4097 831
f 838 5014 4470
f 4624 4440 4293
f 818 4474 1794
f 263 1679 4535
f 5016 4665 3288
f 1048 3244 1456
f 1500 185 1487
f 1706 4665 291
f 5015 1794 4470
f 1679 5015 5014
f 831 818 1792
f 4625 4470 4474
f 549 282 202
f 1706 3288 4665
f 4248 4431 4426
f 4556 839 4677
f 1460 5036 953
f 3830 4393 4540
f 4293 4540 3670
f 5015 1460 1794
f 4674 4677 839
f 1685 1487 1526
f 1794 1460 953
f 1848 4540 1500
f 3373 1428 5094
f 4677 4674 1506
f 4440 5033 4293
f 4540 4380 3830
f 3670 4540 3656
f 549 953 528
f 3373 1510 3141
f 4626 818 4248
f 1524 1685 1526
f 263 4535 291
f 4626 4246 4624
f 261 269 288
f 1500 1685 1848
f 4474 818 4626
f 1512 3278 1048
f 3244 3278 3373
f 4426 5033 4440
f 202 199 549
f 4440 4624 4246
f 4380 4293 5033
f 4248 4246 4626
f 4674 3670 1510
f 4393 116 1500
f 235 4320 202
f 1685 1500 1487
f 818 831 4320
f 5014 5015 4470
f 3141 3244 3373
f 199 4097 549
f 4197 261 5036
f 818 4320 4313
f 4246 4248 4426
f 1792 818 1794
f 4540 3141 3656
f 1323 930 1175
f 1163 1137 1156
f 1833 1310 1817
f 1262 1672 1052
f 1295 1187 1297
f 1199 1157 1188
f 1521 1514 1475
f 1827 1170 5016
f 1310 1672 1312
f 1157 1167 1188
f 1475 1828 1521
f 1156 1137 1151
f 1297 1169 1186
f 1040 1052 916
f 1188 1163 1199
f 1052 1040 1262
f 1851 1838 1198
f 1152 1156 1151
f 1839 1856 1838
f 1186 1169 1178
f 1156 1152 1199
f 1150 1152 1154
f 1151 1154 1152
f 1514 1827 1475
f 1833 1676 1310
f 5016 1512 1827
f 1522 1318 1539
f 1187 1231 1169
f 1822 4632 4655
f 1137 1163 1178
f 1199 1152 1150
f 1296 1308 1295
f 1187 1322 1180
f 1232 1169 1231
f 1187 1180 1231
f 1305 1295 1308
f 1414 1672 1310
f 1052 1672 1434
f 1833 1817 1856
f 1840 1838 1851
f 1839 1838 1840
f 1828 1475 1827
f 1827 1512 1048
f 1839 1676 1833
f 1310 1676 1414
f 1322 1295 1309
f 1313 1180 1322
f 1231 1177 1232
f 1295 76 1309
f 1295 1305 76
f 1322 1309 1820
f 1851 4655 5007
f 1434 1672 1619
f 1262 1312 1672
f 1825 1840 1851
f 1850 1839 1840
f 1830 1414 1676
f 1322 1820 1313
f 1839 1833 1856
f 1313 1175 1180
f 1522 1434 1318
f 1619 1414 1841
f 4596 1850 1840
f 1619 1318 1434
f 1169 1232 1179
f 1169 1179 1178
f 1256 1178 1179
f 1175 930 1180
f 1839 1850 1676
f 1434 1522 1052
f 1830 1841 1414
f 1187 1169 1297
f 1850 4555 1676
f 1853 4653 1837
f 5016 1170 4593
f 1231 930 1177
f 1309 76 4632
f 1841 4554 5010
f 1841 1318 1619
f 1311 1310 1263
f 930 1323 1040
f 4555 1850 4596
f 1319 1313 1820
f 1318 1841 1317
f 4655 1321 5007
f 1309 4632 1822
f 4632 76 1330
f 4595 4554 4555
f 1318 1317 1539
f 1827 1514 1170
f 1828 1827 1048
f 4653 1853 5009
f 1820 1822 1819
f 1825 1851 5007
f 1819 1326 1820
f 930 1231 1180
f 1266 1263 1175
f 1326 1319 1820
f 1514 1537 1538
f 1319 1266 1313
f 1256 1137 1178
f 1167 1295 1297
f 1309 1822 1820
f 1837 1825 1853
f 1323 1175 1263
f 1263 1266 1311
f 1530 1539 1317
f 1330 1321 4632
f 4555 4596 4595
f 1840 1825 1837
f 5009 4593 4653
f 5010 1170 5002
f 4595 4653 4593
f 5010 1317 1841
f 1295 1167 1296
f 1322 1187 1295
f 1822 4655 1819
f 4596 1837 4653
f 1539 1530 1538
f 4595 4596 4653
f 1198 1326 1819
f 1319 1326 1856
f 1311 1266 1817
f 1040 1323 1312
f 1817 1266 1319
f 1312 1323 1263
f 1312 1262 1040
f 1052 1522 916
f 1514 1538 1530
f 4554 1841 1830
f 5010 5002 1317
f 1414 1619 1672
f 1830 1676 4554
f 1040 1177 930
f 4655 4632 1321
f 4655 1198 1819
f 1198 1856 1326
f 5002 1514 1530
f 1170 4595 4593
f 1319 1856 1817
f 4595 5010 4554
f 1310 1311 1817
f 1170 5010 4595
f 1312 1263 1310
f 1186 1163 1168
f 1198 4655 1851
f 4554 1676 4555
f 1313 1266 1175
f 4593 4665 5016
f 1178 1163 1186
f 1297 1168 1167
f 4665 4593 5009
f 1514 5002 1170
f 1521 1537 1514
f 5002 1530 1317
f 1186 1168 1297
f 1188 1167 1168
f 1156 1199 1163
f 1163 1188 1168
f 1838 1856 1198
f 1330 76 1305
f 4596 1840 1837
f 3665 4498 683
f 4498 3665 217
f 2712 4391 975
f 4500 4531 4603
f 4291 4315 2655
f 4530 4531 4501
f 4526 4485 4399
f 4398 4408 4391
f 4501 4485 4526
f 4466 4409 4526
f 2618 4408 4603
f 4288 3979 4387
f 4291 975 955
f 4531 2618 4603
f 4501 4500 214
f 2618 4530 4526
f 4526 4530 4501
f 4526 4409 2618
f 4391 2618 4409
f 2655 4315 2543
f 975 4391 4409
f 2618 4531 4530
f 4686 4466 4959
f 2712 4398 4391
f 4409 1778 975
f 2712 4288 4398
f 4408 2618 4391
f 4526 4399 4466
f 2712 3979 4288
f 2655 2712 4291
f 4409 4466 4686
f 4501 4531 4500
f 4253 2655 2543
f 2712 975 4291
f 2655 3979 2712
f 955 1781 4315
f 4291 955 4315
f 3979 2655 4253
f 4387 3979 4253
f 1778 4409 4686
f 21 37 36
f 197 977 201
f 201 977 1778
f 37 275 36
f 36 1 21
f 190 197 201
f 21 57 187
f 190 37 21
f 955 197 187
f 12 57 1
f 977 955 975
f 37 190 277
f 277 190 200
f 200 201 4686
f 197 21 187
f 955 977 197
f 4686 4959 200
f 4686 201 1778
f 201 200 190
f 37 277 275
f 1 57 21
f 975 1778 977
f 197 190 21
f 182 57 59
f 182 19 181
f 182 4442 20
f 4442 182 181
f 57 182 20
f 4442 181 1781
f 186 187 20
f 20 187 57
f 1781 955 4442
f 182 59 19
f 186 955 187
f 20 4442 186
f 955 186 4442
f 4588 4461 4288
f 204 205 108
f 1781 1702 2732
f 1781 4265 4315
f 4151 4149 4138
f 1781 2732 4265
f 4265 4184 4315
f 2543 4392 4253
f 2009 1118 2681
f 4588 4288 4387
f 4151 4462 4392
f 4603 4408 4449
f 4462 4151 4138
f 217 4441 215
f 2681 4203 4265
f 1120 1119 1118
f 4265 4203 4184
f 4315 4184 2543
f 1118 2901 4203
f 1118 1119 2901
f 4261 4588 4387
f 4500 4441 210
f 2543 4184 4392
f 2732 2009 2681
f 4203 2901 4184
f 4449 4201 4505
f 4261 4253 4462
f 4265 2732 2681
f 4203 2681 1118
f 1119 108 4151
f 2901 4392 4184
f 4151 205 4149
f 4261 4138 4468
f 4149 205 4599
f 4599 4261 4468
f 4462 4253 4392
f 4461 4508 4262
f 4151 4392 2901
f 4151 108 205
f 1119 1120 108
f 1702 1781 181
f 4190 4262 4201
f 4151 2901 1119
f 205 204 208
f 4138 4261 4462
f 4264 4508 4461
f 4441 4439 207
f 4264 4505 4508
f 4498 217 215
f 4253 4261 4387
f 204 4498 208
f 217 216 4441
f 208 209 205
f 4599 205 206
f 4138 4149 4468
f 208 4498 215
f 206 205 209
f 209 208 215
f 4264 4599 206
f 4449 4505 4439
f 4588 4599 4461
f 207 206 209
f 4449 4408 4201
f 215 4441 209
f 206 207 4264
f 4461 4599 4264
f 2732 1702 2009
f 209 4441 207
f 4505 4264 4439
f 4439 4264 207
f 4262 4288 4461
f 4261 4599 4588
f 4508 4505 4201
f 4262 4190 4288
f 210 4441 216
f 4439 4441 4500
f 4408 4398 4190
f 4262 4508 4201
f 4288 4190 4398
f 4439 4500 4603
f 4603 4449 4439
f 4408 4190 4201
f 214 4500 210
f 4149 4599 4468
f 59 57 87
f 57 12 87
f 4941 436 757
f 4941 4939 4940
f 192 517 489
f 248 540 4382
f 4995 4960 2196
f 4345 2104 4800
f 4801 4798 4799
f 2017 796 1871
f 2017 801 1357
f 4800 2104 5061
f 540 561 1631
f 436 4941 434
f 230 603 597
f 4940 434 4941
f 4355 1719 1723
f 4435 1366 4825
f 4833 517 4846
f 4777 54 586
f 4350 1399 4941
f 4799 4800 4801
f 1638 54 4777
f 248 4382 584
f 1638 4777 584
f 5060 1407 4798
f 4799 4798 1947
f 4761 1424 4827
f 1407 5060 436
f 584 4382 1638
f 4777 586 584
f 4924 4953 440
f 489 44 192
f 4344 1976 2196
f 1638 4356 54
f 54 4356 1723
f 1228 4997 2107
f 454 4914 4923
f 4924 440 4923
f 2210 4382 1631
f 757 796 4941
f 4914 4953 4924
f 4924 4923 4914
f 454 4630 4914
f 2107 4997 4833
f 4435 4825 4351
f 440 4953 680
f 1228 4962 4719
f 4356 1663 4355
f 1597 4355 1663
f 4821 1719 1597
f 4799 1947 2381
f 4798 1953 1947
f 4885 4761 4762
f 1719 4355 1597
f 434 440 1407
f 1145 4349 796
f 2196 4960 4962
f 1663 4356 2210
f 4833 4867 4576
f 2381 1953 4995
f 1597 565 607
f 586 4846 517
f 1663 565 1597
f 4437 679 4383
f 5061 2104 743
f 1140 1145 1155
f 1357 1366 1155
f 1357 1155 1145
f 4825 1173 4351
f 603 4351 597
f 4821 2160 1719
f 2381 4995 2383
f 1597 607 4821
f 1947 1953 2381
f 248 517 192
f 2210 4356 4382
f 679 1953 680
f 1631 1663 2210
f 4825 1366 1357
f 4825 4827 1173
f 565 1631 561
f 5041 4697 4345
f 1424 4885 597
f 1424 597 1173
f 1173 4827 1424
f 4719 4381 1228
f 4833 4576 517
f 796 743 1871
f 4828 801 2104
f 4761 4828 4345
f 586 54 1739
f 248 191 540
f 192 45 191
f 5060 4798 4801
f 2196 4962 4344
f 45 192 43
f 801 1871 743
f 4761 4697 4762
f 801 743 2104
f 4350 4941 796
f 4941 1399 4939
f 4828 4827 4825
f 1953 4798 1407
f 565 1663 1631
f 2196 1976 2383
f 4381 4997 1228
f 743 796 757
f 2104 4345 4828
f 4885 4762 4846
f 586 1739 4885
f 1140 1353 1145
f 248 192 191
f 44 43 192
f 230 2086 2160
f 4827 4828 4761
f 4349 4350 796
f 4801 4800 5061
f 2017 1145 796
f 1723 2086 54
f 1976 4800 4799
f 4437 4960 4995
f 4995 1953 679
f 4960 4437 4438
f 741 5061 743
f 1631 4382 540
f 4867 4833 4381
f 4885 1424 4761
f 54 2086 1739
f 1353 4349 1145
f 4825 1357 4828
f 5041 4846 4697
f 1638 4382 4356
f 230 4885 2086
f 517 584 586
f 4344 4345 4800
f 1357 1145 2017
f 45 561 191
f 2160 2086 1719
f 1953 1407 680
f 1407 440 680
f 4885 230 597
f 4960 4438 4416
f 4437 4995 679
f 1719 2086 1723
f 517 4576 489
f 4953 679 680
f 4761 4345 4697
f 4833 4846 2107
f 4828 1357 801
f 2383 4995 2196
f 5041 4344 2107
f 1976 4799 2381
f 4416 4438 4383
f 440 434 4940
f 436 741 757
f 1976 2381 2383
f 4355 1723 4356
f 4962 4960 4719
f 1155 1366 1269
f 741 436 5060
f 584 517 248
f 4381 4833 4997
f 4344 5041 4345
f 2160 4821 230
f 4762 4697 4846
f 4719 4417 4381
f 4960 4417 4719
f 4962 1228 2107
f 1173 597 4351
f 540 191 561
f 4438 4437 4383
f 434 1407 436
f 4800 1976 4344
f 5061 741 5060
f 1739 2086 4885
f 741 743 757
f 4350 4939 1399
f 2107 4344 4962
f 4416 4417 4960
f 5041 2107 4846
f 2017 1871 801
f 4846 586 4885
f 5061 5060 4801
f 1513 1915 4063
f 2809 3347 2797
f 3055 3064 2831
f 1880 2048 4058
f 2288 4579 2094
f 2797 3347 2812
f 4031 1513 3143
f 3131 3084 4054
f 2887 3454 3084
f 4058 1910 1880
f 4031 3095 1915
f 2775 3191 2803
f 1880 1910 1915
f 3162 4063 1921
f 3433 3499 174
f 4063 4142 1921
f 3237 3341 3458
f 1915 3095 1880
f 3014 3341 2887
f 3143 2112 4031
f 3458 3014 2886
f 2291 2112 3143
f 1915 4142 4063
f 2223 2284 2288
f 2812 3217 2803
f 2788 2844 1523
f 1910 4142 1915
f 3162 1921 2291
f 4059 1880 3095
f 1513 4031 1915
f 1328 2860 2859
f 3469 3539 2859
f 2360 2291 1921
f 3143 4063 3162
f 1513 4063 3143
f 3525 3365 2818
f 3162 2291 3143
f 2948 3498 2865
f 3194 3347 2817
f 3365 2948 2818
f 3525 2787 3304
f 2930 2818 2948
f 3525 3539 3365
f 2809 2844 2817
f 3365 3498 2948
f 2817 2844 2787
f 2865 2860 2843
f 2843 2860 1328
f 1328 3635 3395
f 3304 3539 3525
f 2198 2293 2299
f 3635 2859 3304
f 2787 3525 2817
f 3365 3539 3469
f 3498 3469 2860
f 2818 2930 3194
f 3304 2859 3539
f 2788 3635 3304
f 2865 2843 3582
f 2844 2788 2787
f 3194 2817 2818
f 3498 3365 3469
f 3469 2859 2860
f 3498 2860 2865
f 3395 3635 2788
f 2844 2809 1523
f 1328 2859 3635
f 3525 2818 2817
f 2948 2865 3582
f 3191 3055 2797
f 2098 3226 2100
f 2112 3238 2828
f 65 2136 2180
f 2291 2292 3238
f 2293 2198 2223
f 2180 2136 2168
f 2199 2292 2360
f 2180 875 65
f 2180 2100 3226
f 65 2143 2136
f 2831 3064 4031
f 2136 2143 2168
f 2794 2097 2168
f 2098 2829 3226
f 2098 2097 2829
f 875 2828 2636
f 2828 875 2180
f 2097 2098 2100
f 2828 3238 2636
f 2360 4145 2199
f 2199 4145 2284
f 2292 2199 2636
f 2360 2292 2291
f 875 2636 2199
f 2292 2636 3238
f 3238 2112 2291
f 2180 3226 2828
f 2112 2828 2829
f 2828 3226 2829
f 3064 3131 3095
f 3055 2831 3046
f 2168 2100 2180
f 2100 2168 2097
f 2168 2143 2794
f 1774 1770 174
f 2788 3304 2787
f 2809 2817 3347
f 2831 4031 2112
f 3245 2831 2112
f 2199 2284 2223
f 2829 3245 2112
f 3228 2797 3055
f 3245 3046 2831
f 3245 2789 2790
f 2809 2797 3228
f 67 65 2293
f 2097 2790 2789
f 4059 3095 3131
f 3084 3131 2775
f 65 2134 2143
f 2799 3046 2790
f 3055 3191 3131
f 68 65 67
f 3131 4054 4059
f 3046 2799 3228
f 3237 2823 3341
f 2775 3217 3084
f 3454 4056 4054
f 1523 3228 2799
f 2789 3245 2829
f 2812 2803 2797
f 2820 2823 3455
f 2790 1878 2799
f 65 2299 2293
f 3217 2775 2803
f 174 3499 2143
f 1878 2794 3499
f 2788 1523 2799
f 3014 3458 3341
f 3341 2823 2887
f 2823 3454 2887
f 3454 2823 2820
f 2223 2288 2293
f 2293 2094 2083
f 2788 2799 2685
f 3237 3458 170
f 2887 3217 3014
f 1878 2685 2799
f 3455 2823 3237
f 3084 3454 4054
f 3014 3217 3194
f 4492 2820 3455
f 3014 3194 2886
f 2809 3228 1523
f 4059 4054 4056
f 3194 2930 2886
f 3458 2930 170
f 2789 2829 2097
f 2797 2803 3191
f 2780 2788 2685
f 2198 2299 875
f 2097 1878 2790
f 3454 4492 4056
f 2685 3499 3433
f 2886 2930 3458
f 3245 2790 3046
f 2288 2284 4071
f 3347 3194 2812
f 3194 3217 2812
f 1878 2097 2794
f 1878 3499 2685
f 1770 3433 174
f 3228 3055 3046
f 1774 174 2143
f 68 2134 65
f 4031 3064 3095
f 2887 3084 3217
f 2685 3433 2780
f 2794 2143 3499
f 3395 2788 2780
f 4492 3454 2820
f 2775 3131 3191
f 3064 3055 3131
f 4059 2048 1880
f 2293 2288 2094
f 1774 2143 2134
f 875 2299 65
f 2293 2083 67
f 2198 875 2199
f 2199 2223 2198
f 2288 4071 4579
f 1831 1738 107
f 2038 67 1742
f 342 4498 326
f 1742 2083 1887
f 1966 2038 1738
f 67 2083 1742
f 2161 3500 3704
f 107 311 1831
f 80 1738 2038
f 1843 1829 3865
f 3741 1818 2212
f 3433 3437 2780
f 3931 1801 3865
f 3704 3437 3433
f 3652 3772 306
f 3768 3754 3762
f 3437 306 175
f 3813 3848 927
f 928 3508 313
f 3817 3441 3443
f 4083 3408 4030
f 3768 3628 3393
f 3767 3707 3790
f 3628 3790 3396
f 3443 3790 3817
f 107 80 300
f 3409 3408 4083
f 3396 3408 3409
f 1743 1371 300
f 3628 3623 3393
f 3628 3817 3790
f 2902 3948 4266
f 330 3948 4065
f 927 3903 3813
f 4030 3711 3707
f 1834 311 310
f 4065 3948 2902
f 3767 4088 3707
f 3767 3790 3813
f 331 4083 330
f 2756 3441 3817
f 4004 3707 3997
f 3628 3396 3623
f 4004 3997 330
f 3711 3790 3707
f 4088 3767 3948
f 3997 3948 330
f 927 928 3903
f 4083 331 3409
f 928 3848 3508
f 3508 3848 3443
f 3623 3409 3575
f 4088 3948 3997
f 3443 3813 3790
f 3396 3409 3623
f 927 3848 928
f 3848 3813 3443
f 3813 3903 4266
f 4266 3948 3767
f 3711 4030 3408
f 4266 3767 3813
f 3997 3707 4088
f 4030 4004 4083
f 3508 3443 3441
f 4030 3707 4004
f 3396 3790 3711
f 3817 3628 2756
f 2037 1966 4511
f 3396 3711 3408
f 4004 330 4083
f 1844 3931 1829
f 3754 2759 3762
f 2759 2756 3762
f 3421 175 3852
f 331 2843 3575
f 2759 3421 403
f 3623 3575 1328
f 1328 3575 2843
f 3872 3652 2592
f 1328 3395 3393
f 3393 3395 3768
f 331 3575 3409
f 1829 1832 1844
f 3393 3623 1328
f 1966 1738 1903
f 300 1258 294
f 403 3421 3852
f 353 3508 3441
f 403 3852 404
f 1742 1887 1743
f 313 3508 353
f 3754 3437 175
f 2587 1774 2134
f 313 353 352
f 1776 406 1761
f 1843 2592 4511
f 2212 404 3741
f 408 1761 4426
f 2047 2037 68
f 2038 2047 67
f 404 2212 406
f 1761 5033 4426
f 1818 406 2212
f 405 406 1776
f 313 352 316
f 352 405 316
f 405 1776 314
f 313 316 317
f 314 317 316
f 1801 3772 3865
f 1903 1843 1966
f 317 314 377
f 314 346 377
f 3870 403 353
f 300 311 107
f 2047 68 67
f 314 316 405
f 4384 4380 5033
f 3931 3741 404
f 1371 1258 300
f 3865 3772 3872
f 2037 2038 1966
f 3870 2756 2759
f 326 329 342
f 330 342 329
f 330 329 331
f 1801 3852 3772
f 1816 64 3830
f 116 64 310
f 3872 3772 3652
f 310 309 116
f 1832 1834 1816
f 1829 1831 1832
f 1834 310 64
f 2592 3652 3500
f 3872 1843 3865
f 1258 1292 185
f 80 1742 1743
f 3500 2167 2592
f 1818 4384 5033
f 1832 4384 1818
f 2038 2037 2047
f 2134 68 61
f 2161 2167 3500
f 185 116 294
f 3754 3395 3437
f 80 2038 1742
f 2759 3754 175
f 2037 4511 2167
f 2167 2587 2037
f 175 3421 2759
f 309 310 311
f 405 404 406
f 1903 1831 1843
f 311 300 294
f 80 107 1738
f 116 309 294
f 408 346 314
f 116 4393 64
f 2759 403 3870
f 311 1834 1831
f 403 405 352
f 405 403 404
f 3628 3768 3762
f 2592 2167 4511
f 306 3704 3652
f 3852 175 306
f 408 314 1776
f 1816 3830 4384
f 2161 3704 3433
f 3870 353 3441
f 1903 1738 1831
f 330 4065 401
f 3872 2592 1843
f 3437 3704 306
f 2756 3870 3441
f 342 330 401
f 64 1816 1834
f 406 1818 1761
f 3762 2756 3628
f 80 1743 300
f 4136 3903 4057
f 809 4057 3903
f 68 2037 61
f 2587 2134 61
f 313 317 3770
f 2161 3433 1770
f 3437 3395 2780
f 3772 3852 306
f 928 313 3770
f 3770 4057 809
f 928 3770 809
f 403 352 353
f 4380 4384 3830
f 4136 4266 3903
f 928 809 3903
f 3768 3395 3754
f 2037 2587 61
f 1832 1816 4384
f 1843 1831 1829
f 1829 3931 3865
f 1831 1834 1832
f 185 294 1258
f 309 311 294
f 1832 3741 1844
f 408 1776 1761
f 3652 3704 3500
f 1761 1818 5033
f 4511 1966 1843
f 3931 404 1801
f 404 3852 1801
f 1818 3741 1832
f 2587 2167 2161
f 3830 64 4393
f 1774 2161 1770
f 1774 2587 2161
f 1844 3741 3931
f 907 952 894
f 1464 1644 910
f 873 895 894
f 1986 2083 1314
f 990 893 979
f 861 896 892
f 805 1253 1219
f 824 4560 2252
f 1385 825 1194
f 952 933 905
f 2252 933 1299
f 915 704 895
f 939 1270 921
f 997 1986 1287
f 857 884 892
f 1716 1551 1644
f 705 1267 1291
f 1291 1300 997
f 2083 1361 1314
f 1472 1014 1271
f 1385 1194 986
f 902 925 933
f 1314 705 1287
f 920 1385 986
f 1083 899 850
f 1655 1456 1644
f 1404 4402 1331
f 4402 1464 1272
f 969 993 870
f 969 979 1207
f 1331 1272 871
f 990 979 1028
f 845 893 990
f 938 1083 850
f 1456 910 1644
f 1331 4402 1272
f 969 889 979
f 1271 1014 870
f 823 4559 1432
f 871 1272 1271
f 1028 979 889
f 1655 1828 1048
f 1028 1159 990
f 845 990 1027
f 1159 863 990
f 1194 825 938
f 864 1159 1028
f 969 1014 889
f 1272 1334 1271
f 864 1028 889
f 1027 990 863
f 873 708 895
f 814 2264 4081
f 1472 1334 1341
f 887 1207 893
f 920 823 1385
f 1349 1464 910
f 1292 1258 1294
f 889 1014 1472
f 1334 1472 1271
f 889 1332 864
f 897 1159 864
f 4561 1159 897
f 1292 1294 1053
f 933 925 905
f 899 1083 1087
f 2149 985 933
f 895 708 915
f 985 902 933
f 1081 1083 938
f 833 996 887
f 2083 2094 1361
f 1743 1887 1239
f 997 1300 1239
f 1272 1464 1334
f 845 885 893
f 754 2264 2149
f 833 899 1087
f 1265 1267 1270
f 1239 1887 997
f 2252 914 2149
f 1219 804 805
f 1294 1258 1349
f 1014 969 870
f 1385 823 825
f 1299 894 4573
f 1207 993 969
f 1314 2050 705
f 920 1203 823
f 907 894 1299
f 1655 1644 4559
f 1203 1391 1449
f 879 896 861
f 1391 1521 1449
f 1081 825 805
f 1203 1255 823
f 1994 1332 889
f 1087 1043 833
f 1299 1361 1316
f 893 1207 979
f 4513 1333 1300
f 899 833 898
f 1147 899 900
f 850 899 1147
f 900 899 898
f 2050 1299 4573
f 4402 1219 1464
f 4513 1291 1265
f 1087 1083 1081
f 1253 1551 1716
f 933 952 907
f 2252 2149 933
f 863 4561 879
f 1334 1464 1349
f 873 952 905
f 1432 825 823
f 1828 1449 1521
f 894 952 873
f 1255 4559 823
f 4560 914 2252
f 2252 1316 824
f 1081 804 1087
f 705 704 1267
f 704 915 921
f 889 1472 1994
f 704 921 1267
f 4561 863 1159
f 4573 895 704
f 1287 1291 997
f 997 1887 1986
f 825 1432 805
f 805 804 1081
f 1270 939 862
f 824 1316 1361
f 1121 1043 1087
f 1270 892 884
f 1267 921 1270
f 1291 1267 1265
f 1043 819 833
f 1361 2094 4579
f 1316 2252 1299
f 857 897 864
f 2264 814 985
f 1464 1716 1644
f 1291 4513 1300
f 1432 4559 1551
f 1341 1300 1333
f 996 992 887
f 4513 1265 1278
f 833 819 996
f 887 898 833
f 1524 910 1456
f 1986 1887 2083
f 877 1239 1300
f 877 1371 1743
f 864 1332 865
f 1743 1239 877
f 1287 705 1291
f 4559 1644 1551
f 1265 1270 884
f 1255 1449 1655
f 1655 1449 1828
f 1342 877 1300
f 1087 804 1121
f 1253 805 1432
f 819 1043 1121
f 992 1207 887
f 996 819 821
f 993 992 821
f 885 898 887
f 1294 1349 910
f 1464 1219 1716
f 1986 1314 1287
f 1551 1253 1432
f 804 1219 1121
f 1331 819 1121
f 1342 1847 877
f 985 814 902
f 1053 1294 910
f 920 1391 1203
f 897 896 4561
f 871 1271 870
f 905 708 873
f 992 993 1207
f 821 819 1331
f 871 993 821
f 879 4561 896
f 1270 862 892
f 914 4560 2149
f 1371 1847 1258
f 2264 985 2149
f 1456 1655 1048
f 1219 1404 1121
f 1342 1300 1341
f 884 1278 1265
f 1219 1253 1716
f 1334 1349 1341
f 1847 1349 1258
f 1121 1404 1331
f 4513 1278 1333
f 1081 938 825
f 1333 865 1332
f 996 821 992
f 1331 871 821
f 1371 877 1847
f 865 1278 857
f 1219 4402 1404
f 1341 1994 1472
f 1341 1333 1994
f 1333 1278 865
f 1333 1332 1994
f 897 857 892
f 1255 1655 4559
f 1361 2050 1314
f 2149 4560 754
f 2264 754 4081
f 857 1278 884
f 1449 1255 1203
f 705 2050 4573
f 865 857 864
f 896 897 892
f 705 4573 704
f 1341 1349 1342
f 2050 1361 1299
f 895 4573 894
f 993 871 870
f 887 893 885
f 4579 824 1361
f 1349 1847 1342
f 1524 1053 910
f 907 1299 933
f 5087 4423 4415
f 4775 4587 4693
f 4395 5087 4415
f 4450 4517 4545
f 4423 5087 4450
f 4446 4637 4649
f 4546 4493 4623
f 4598 4767 4591
f 4577 4529 4598
f 4964 4963 4866
f 4543 4585 4542
f 4585 4587 4542
f 4423 4545 4693
f 4423 4450 4545
f 258 4574 5067
f 4612 4464 4484
f 4585 4515 4587
f 4767 4546 4591
f 4693 4545 4775
f 4704 4450 4397
f 4466 4464 4743
f 5087 4395 4397
f 4450 5087 4397
f 4704 4395 4649
f 4718 4623 4620
f 4652 4649 4637
f 4577 4598 4578
f 4742 4767 4598
f 4578 4585 4577
f 4542 4775 4545
f 4637 4631 4652
f 4423 4693 4412
f 4517 5035 4831
f 4585 4543 4577
f 4450 4564 4517
f 4704 4652 5024
f 4631 4637 4630
f 4543 4545 4831
f 4517 4831 4545
f 5035 4517 4564
f 4615 4501 214
f 4931 4410 4704
f 4704 5024 4931
f 5035 4543 4831
f 5035 4564 4689
f 4466 4399 4464
f 4395 4415 2922
f 4543 5035 281
f 4410 4689 4564
f 4620 4527 4616
f 4501 4615 4485
f 4591 4546 4515
f 428 429 4684
f 281 4689 4979
f 4515 4578 4591
f 281 5035 4689
f 4446 4649 2922
f 4622 4684 4640
f 4493 4527 4620
f 4959 4743 4529
f 2922 4415 4446
f 4623 4693 4587
f 4546 4767 4742
f 4515 4546 4623
f 4515 4585 4578
f 4743 4959 4466
f 4742 4743 4464
f 4412 4718 4629
f 4397 4395 4704
f 4742 4612 4548
f 4423 4412 4415
f 430 3665 429
f 4612 4742 4464
f 473 4787 4445
f 4741 4779 4386
f 4493 4546 4548
f 682 3676 471
f 4542 4587 4775
f 4742 4598 4743
f 4485 4484 4399
f 4413 4446 4415
f 4413 4640 4446
f 4629 4413 4415
f 4412 4623 4718
f 4564 4450 4410
f 4598 4529 4743
f 4629 4415 4412
f 4413 4638 4622
f 4620 4623 4493
f 4546 4742 4548
f 4612 4484 4613
f 4718 4620 4629
f 4615 214 210
f 4527 4493 4548
f 4704 4410 4450
f 4629 4638 4413
f 4616 4527 4612
f 4484 4485 4613
f 429 428 430
f 4485 4615 4616
f 210 213 4615
f 4620 4638 4629
f 4591 4578 4598
f 4515 4623 4587
f 4622 4656 428
f 4545 4543 4542
f 4684 4622 428
f 4464 4399 4484
f 4616 4615 4620
f 430 4656 216
f 4616 4613 4485
f 4622 4638 4620
f 216 4656 213
f 4649 4395 2922
f 4652 4704 4649
f 4622 4615 213
f 4620 4615 4622
f 4616 4612 4613
f 213 210 216
f 4412 4693 4623
f 4548 4612 4527
f 4413 4622 4640
f 4656 4622 213
f 428 4656 430
f 212 4684 221
f 211 212 221
f 4637 212 211
f 221 4630 211
f 4637 4446 212
f 4640 4684 212
f 4446 4640 212
f 4630 4637 211
f 2372 3665 684
f 4576 4574 489
f 4787 4789 2232
f 4789 4925 3748
f 5067 4964 4709
f 2428 4991 4779
f 4963 4574 4576
f 3665 2372 429
f 4370 4991 4457
f 4709 4964 4925
f 4368 4709 4386
f 2372 2405 4953
f 2232 3748 4867
f 4953 4684 2372
f 4866 4907 4964
f 4925 4964 4907
f 4684 4914 221
f 2394 5011 472
f 4443 4444 4445
f 5012 2287 472
f 4925 4386 4709
f 258 489 4574
f 2405 2372 684
f 4386 4925 4789
f 4789 4787 4379
f 472 5011 5012
f 4444 473 4445
f 258 44 489
f 4553 4741 5011
f 4443 4445 2232
f 4460 2428 4553
f 4443 4867 2461
f 4789 4930 4741
f 216 217 430
f 4741 4386 4789
f 4907 4866 3748
f 4386 4991 4368
f 4368 4378 5067
f 4457 4991 2428
f 4553 2428 4779
f 4552 4460 4553
f 4779 4991 4386
f 4789 3748 2232
f 4460 4457 2428
f 4914 4630 221
f 473 2418 2405
f 217 3665 430
f 2232 4867 4443
f 2459 4552 4553
f 4741 4930 5011
f 4370 4368 4991
f 4684 4953 4914
f 2372 4684 429
f 3748 4866 4867
f 2418 473 4444
f 277 34 275
f 4543 281 284
f 200 4577 283
f 277 283 34
f 4529 4577 200
f 200 283 277
f 283 284 34
f 284 4577 4543
f 4577 284 283
f 4529 200 4959
f 682 2405 684
f 4866 4576 4867
f 5067 4574 4964
f 471 469 682
f 473 2405 469
f 469 472 473
f 474 472 471
f 683 682 684
f 469 471 472
f 679 4953 2405
f 5067 4709 4368
f 4964 4574 4963
f 4444 4416 2418
f 472 2287 473
f 4383 2418 4416
f 2461 4417 4444
f 4416 4444 4417
f 2418 4383 2405
f 684 3665 683
f 4378 258 5067
f 2459 2394 4552
f 2394 472 474
f 4787 2287 4379
f 4576 4866 4963
f 4930 4789 4379
f 2459 5011 2394
f 4417 2461 4381
f 4907 3748 4925
f 4553 5011 2459
f 679 2405 4383
f 469 2405 682
f 4443 2461 4444
f 4381 2461 4867
f 5011 4930 5012
f 4930 4379 5012
f 4779 4741 4553
f 2287 5012 4379
f 2287 4787 473
f 4445 4787 2232
f 682 683 3676
f 396 349 355
f 355 349 344
f 357 355 344
f 3715 3720 3749
f 3714 3720 3715
f 3418 3424 3746
f 3765 3755 3731
f 3753 3752 3765
f 3765 3731 3917
f 3724 3752 3753
f 3753 3765 3917
f 3724 744 3714
f 744 2652 3720
f 3766 2652 3773
f 3731 3786 3917
f 3788 2652 744
f 3739 3363 3418
f 2890 3739 775
f 3773 2652 3788
f 443 3917 3786
f 443 3734 3753
f 441 744 3734
f 441 3788 744
f 3739 3781 3363
f 3773 3750 2890
f 3732 3739 2890
f 3750 3773 3788
f 3728 3733 3735
f 3733 443 3786
f 441 667 3788
f 3747 3735 4013
f 3747 3789 3728
f 3732 3781 3739
f 667 3750 3788
f 443 445 441
f 667 441 445
f 3732 3708 3781
f 445 442 667
f 2065 3789 4013
f 3977 3349 3708
f 3732 668 3708
f 3981 3977 3326
f 667 442 668
f 4311 2904 3737
f 3746 3773 2890
f 445 4311 446
f 4003 3789 2065
f 3977 3996 3326
f 3708 668 3738
f 442 3738 668
f 4003 2065 4312
f 4002 3326 3996
f 3789 3743 2904
f 4005 3981 4002
f 3737 4003 4006
f 3737 456 446
f 4312 4006 4003
f 3738 2854 3996
f 4220 4005 4002
f 3998 3981 4005
f 457 3738 451
f 456 3751 451
f 2067 4312 669
f 4011 4006 4312
f 4220 4002 2854
f 457 2854 3738
f 3976 4005 4220
f 4001 4011 4000
f 2854 457 645
f 4220 3999 3976
f 4005 4174 3995
f 2176 4174 4483
f 2652 3766 3921
f 457 3751 645
f 4006 4300 4245
f 4245 665 3751
f 4024 2176 4483
f 4174 2176 3995
f 442 445 446
f 448 447 450
f 442 456 451
f 450 3735 448
f 665 645 3751
f 3753 3917 443
f 4245 4300 665
f 4017 2067 4487
f 775 3739 3418
f 4017 4300 4001
f 3999 645 4027
f 4027 4021 3999
f 447 2065 450
f 665 4300 544
f 2894 4023 4021
f 666 2176 4028
f 4023 4026 4024
f 4028 4133 4131
f 544 2353 665
f 3746 775 3418
f 544 4017 545
f 4008 4027 2353
f 4028 4131 666
f 3626 563 666
f 2353 645 665
f 4133 2487 4131
f 3999 4220 2854
f 4016 545 4033
f 3995 2176 563
f 2894 455 453
f 4131 734 666
f 453 3631 4026
f 2487 4133 3631
f 160 545 4016
f 160 4008 544
f 4008 3742 455
f 452 453 455
f 4486 734 4131
f 3746 2890 775
f 734 2071 3626
f 3976 4021 4483
f 4026 3631 4133
f 4002 3981 3326
f 455 2894 4027
f 4013 3789 3747
f 4006 456 3737
f 3743 4003 3737
f 354 3446 3372
f 3921 3720 2652
f 3742 4008 160
f 3706 3655 3355
f 744 3724 3734
f 354 681 3446
f 2071 734 4486
f 545 160 544
f 358 396 337
f 4027 2894 4021
f 1650 339 3327
f 3708 3349 3363
f 4481 545 4487
f 3786 3731 3733
f 3349 3314 375
f 351 564 4069
f 3720 3714 744
f 3331 582 4112
f 3446 681 3351
f 357 3351 355
f 2854 645 3999
f 3750 667 668
f 4017 4001 4000
f 3706 3355 358
f 388 569 350
f 358 3355 3424
f 3701 3456 1705
f 4017 4487 545
f 3701 3655 3456
f 3701 3424 3355
f 3995 563 4130
f 734 3626 666
f 544 4300 4017
f 4130 3998 3995
f 4024 4026 4028
f 3348 348 3314
f 348 3315 338
f 3424 3703 3702
f 2067 4000 4312
f 1008 4069 4068
f 349 3712 344
f 4068 564 3626
f 3789 2904 3728
f 569 3314 348
f 4311 3737 446
f 3750 668 3732
f 3703 3701 1705
f 3315 341 338
f 4000 2067 4017
f 4023 2894 453
f 3702 3766 3757
f 3702 3703 3766
f 563 2176 666
f 2486 4069 1008
f 3372 3351 3364
f 4483 4174 3976
f 3752 3755 3765
f 1705 3921 3766
f 337 396 681
f 3703 3424 3701
f 388 350 358
f 350 338 349
f 3372 3446 3351
f 3750 3732 2890
f 396 355 681
f 4245 3751 456
f 3351 681 355
f 3626 2071 1008
f 3996 2854 4002
f 396 358 350
f 3921 1705 3456
f 3702 3757 3424
f 351 4112 582
f 4008 2353 544
f 456 442 446
f 358 337 367
f 456 4006 4245
f 351 2486 3994
f 3751 457 451
f 3731 3755 3735
f 563 3626 564
f 367 3706 358
f 3418 358 3424
f 4130 582 3978
f 4130 563 582
f 453 452 3631
f 354 337 681
f 564 4068 4069
f 3994 4850 4112
f 4068 3626 1008
f 4023 4024 4021
f 4069 2486 351
f 3981 3349 3977
f 4006 4011 4001
f 1705 3766 3703
f 4312 2065 669
f 4311 3733 3728
f 3701 3355 3655
f 675 1625 550
f 4005 3995 3998
f 4330 1445 675
f 1445 1625 675
f 1445 4330 4034
f 4112 351 3994
f 3720 3921 3749
f 563 564 351
f 3315 3998 3978
f 443 4311 445
f 4332 4328 550
f 2487 4486 4131
f 4034 4330 2004
f 3996 3708 3738
f 4332 547 421
f 3746 3757 3773
f 582 563 351
f 3712 349 341
f 545 4481 4033
f 3773 3757 3766
f 4021 4024 4483
f 4024 4028 2176
f 4312 4000 4011
f 453 4026 4023
f 4001 4300 4006
f 2004 4043 4034
f 3733 3731 3735
f 4311 443 3733
f 1445 4052 1625
f 3737 2904 3743
f 4052 4034 4043
f 4487 2067 4481
f 3747 3728 3735
f 4133 4028 4026
f 2904 4311 3728
f 3724 3753 3734
f 4052 1445 4034
f 4003 3743 3789
f 550 547 4332
f 455 4027 4008
f 582 3331 3978
f 3738 442 451
f 675 4328 4330
f 4328 675 550
f 4112 3327 3331
f 4027 645 2353
f 455 3742 452
f 2065 4013 450
f 4330 4327 2004
f 4327 4330 4328
f 3315 3978 3331
f 3327 339 3331
f 3998 4130 3978
f 441 3734 443
f 3708 3363 3781
f 447 421 671
f 669 2065 671
f 4013 3735 450
f 4005 3976 4174
f 3315 3331 341
f 3746 3424 3757
f 4021 3976 3999
f 3331 339 341
f 3708 3996 3977
f 671 2065 447
f 358 375 388
f 421 447 4332
f 3998 3315 3348
f 358 3418 375
f 375 3418 3363
f 3363 3349 375
f 388 375 569
f 569 375 3314
f 3314 3349 3981
f 348 350 569
f 396 350 349
f 3348 3314 3981
f 338 350 348
f 344 3712 339
f 3348 3981 3998
f 348 3348 3315
f 338 341 349
f 339 3712 341
f 344 339 1650
f 447 448 4332
f 4240 4045 4044
f 4074 2263 2164
f 2206 2137 2148
f 4061 4241 1916
f 4158 4086 4153
f 1916 2109 4051
f 4041 4038 4169
f 4244 4037 4247
f 4041 4147 4038
f 2215 2243 2205
f 827 692 841
f 4899 2280 2135
f 4098 4085 4507
f 2169 2155 4976
f 4075 4115 4137
f 2137 2195 2148
f 2201 2216 2197
f 4247 4263 4244
f 4082 2164 4156
f 2209 792 2205
f 4267 4058 4037
f 4182 4179 4229
f 4235 4182 4229
f 4122 2193 4098
f 4472 4147 4060
f 4077 2224 824
f 4043 4044 1973
f 4091 2171 4096
f 4244 4242 4037
f 2203 2246 2193
f 2209 2205 2159
f 4044 4247 4037
f 4035 4267 4061
f 4075 4137 4168
f 2224 2257 4074
f 4331 1932 4179
f 1793 587 4195
f 2166 2209 2159
f 2209 2154 2158
f 1932 575 574
f 4210 4170 2408
f 4075 2268 1073
f 827 780 792
f 2262 2268 4150
f 4247 4043 4263
f 4073 4132 4152
f 4061 4038 4147
f 4060 4147 4070
f 4152 573 4231
f 4124 4123 4189
f 4152 574 573
f 4145 4093 4073
f 4115 4067 4072
f 4163 4096 4119
f 4137 1811 4168
f 587 1793 573
f 4119 1824 2262
f 4067 4071 4072
f 573 1793 1821
f 2204 4976 2166
f 4195 4188 1793
f 4199 4186 4178
f 4231 4073 4152
f 2155 2247 4976
f 2340 4188 4186
f 4158 1824 4119
f 4096 4122 4119
f 4082 780 4076
f 872 2164 4076
f 1073 4158 4153
f 4096 4163 4101
f 2171 4122 4096
f 827 2162 780
f 4061 4472 4035
f 2171 2208 2193
f 692 827 2156
f 2203 2207 2243
f 575 4331 4249
f 4060 4473 4472
f 2340 4193 4187
f 1073 4153 4067
f 4284 4226 2350
f 4037 4242 2109
f 4043 4247 4044
f 709 2156 688
f 4249 4191 2408
f 4284 4252 4226
f 2192 2172 4091
f 2352 2241 2175
f 2203 2208 2207
f 2262 4126 4119
f 2263 4157 2164
f 2268 4075 4168
f 4160 4104 4135
f 2207 2159 2243
f 4134 4189 1811
f 2207 2208 2172
f 754 872 468
f 2363 2194 2351
f 4071 4067 4143
f 2109 1916 4241
f 4145 2360 4093
f 4081 2162 841
f 1073 4067 4075
f 4251 4186 4195
f 2351 2194 2147
f 4074 872 4560
f 2351 2147 2177
f 2177 2147 2317
f 2246 2203 2243
f 4178 4212 4219
f 2317 4192 2177
f 2177 4192 2351
f 2363 2351 4192
f 2228 3990 2230
f 1824 4158 1073
f 2271 2152 2137
f 2233 2217 2248
f 959 2154 2202
f 2408 4337 4249
f 4143 4077 4579
f 2241 2195 2137
f 4074 4560 2224
f 2354 2231 2240
f 2362 2227 2506
f 686 685 4592
f 2147 2152 2271
f 4086 4158 4507
f 2171 2193 4122
f 2197 2206 2148
f 2183 2363 4192
f 2211 2248 4814
f 4150 4189 4118
f 4226 4252 4171
f 4093 4060 4070
f 2457 685 686
f 2226 726 685
f 2205 2243 2159
f 2251 4814 2217
f 4098 2193 2246
f 2242 2236 3345
f 2206 2200 2317
f 2362 3991 3988
f 685 724 713
f 754 4560 872
f 4103 4100 4895
f 4073 2284 4145
f 4085 2215 4156
f 4560 824 2224
f 4472 4239 4035
f 4178 4219 4199
f 2204 2159 2169
f 2147 2271 2317
f 2211 959 2202
f 2229 2219 2254
f 3990 2233 3345
f 2362 2506 742
f 2166 2159 2204
f 4082 4156 2215
f 4219 2339 4199
f 2258 2234 2266
f 4239 1910 4058
f 4052 4043 1973
f 4109 3986 2335
f 3322 2258 2315
f 2231 3322 2240
f 4212 4178 4284
f 4061 4147 4472
f 2271 2137 2206
f 2280 2195 2241
f 4212 4284 2350
f 2219 2251 3989
f 4110 4126 4123
f 4110 4104 4895
f 2248 2202 2247
f 2339 2340 4186
f 4072 2284 4073
f 792 780 4082
f 2339 4186 4199
f 4093 2360 1921
f 4284 4178 4249
f 2241 2352 2240
f 4179 1932 4041
f 2192 4091 4101
f 4037 4240 4044
f 575 4251 587
f 4284 4249 4337
f 4058 4240 4037
f 4103 2201 4101
f 4337 4252 4284
f 4107 4192 2170
f 2195 4899 2165
f 1910 4239 4473
f 2192 4101 2201
f 4142 4060 1921
f 4098 2246 4085
f 4473 4142 1910
f 4229 4242 4260
f 2162 468 872
f 841 2162 827
f 4067 4153 4143
f 2208 2203 2193
f 2156 827 2157
f 4099 4143 4153
f 1921 4060 4093
f 4074 2257 2263
f 3345 3333 3990
f 695 2226 2457
f 2158 2157 2209
f 2317 2271 2206
f 4098 4507 4139
f 2148 2195 2165
f 688 2156 689
f 2266 2242 2233
f 2211 711 959
f 4082 4076 2164
f 3991 742 752
f 2194 2152 2147
f 756 752 750
f 2242 2234 2236
f 2137 2152 2175
f 2241 2137 2175
f 4045 1973 4044
f 4101 4163 4100
f 4158 4139 4507
f 4139 4119 4122
f 2280 4899 2195
f 2169 2172 2343
f 2354 2240 2352
f 2158 689 2156
f 2457 686 2286
f 4242 4244 4260
f 4126 4110 4163
f 2246 2215 4085
f 2216 2201 4103
f 4160 2200 2216
f 2157 827 792
f 2286 711 2218
f 4178 4251 4249
f 750 752 742
f 4178 4186 4251
f 4103 4895 4160
f 4895 4100 4110
f 3322 2315 2280
f 2315 2135 2280
f 4165 3991 752
f 4123 4107 2170
f 2408 4171 4337
f 4192 2317 2170
f 1008 2227 2486
f 2226 752 756
f 4252 4337 4171
f 2217 3989 2251
f 4170 4171 2408
f 575 4249 4251
f 3991 2362 742
f 4090 2227 2362
f 4188 2340 4187
f 2486 2227 4090
f 2209 2157 792
f 2216 2200 2206
f 4874 711 732
f 2226 4165 752
f 726 2226 756
f 732 711 2286
f 4195 4186 4188
f 4195 587 4251
f 2284 4072 4071
f 2317 2200 2170
f 2257 4099 4086
f 4115 4075 4067
f 2362 3988 4090
f 4170 4210 4235
f 2197 2148 4095
f 2486 4090 3988
f 2229 2220 695
f 1824 1073 2262
f 2226 695 4165
f 3991 4165 3985
f 4191 4210 2408
f 4187 4193 4124
f 2197 2216 2206
f 4187 4134 4188
f 685 726 724
f 1932 4331 575
f 2155 4899 2135
f 4191 4249 4331
f 3991 3985 3988
f 575 587 573
f 2315 2247 2135
f 2170 4135 4123
f 2162 4081 468
f 4098 4139 4122
f 1073 2268 2262
f 3994 2486 3988
f 4165 2220 3985
f 4070 4152 4132
f 2220 4165 695
f 4163 4119 4126
f 2457 2226 685
f 3345 2233 2242
f 3985 4850 3988
f 4163 4110 4100
f 4101 4100 4103
f 4191 4182 4210
f 4182 4235 4210
f 3994 3988 4850
f 4134 4187 4124
f 2169 2207 2172
f 4135 2170 2200
f 3985 2220 4841
f 695 2457 2249
f 4193 4107 4124
f 1793 4188 4134
f 4191 4331 4182
f 574 575 573
f 713 4592 685
f 4095 2201 2197
f 2240 3322 2280
f 2202 2248 2211
f 4850 3985 4108
f 2228 2233 3990
f 4189 4134 4124
f 4124 4107 4123
f 1821 1793 4134
f 574 4041 1932
f 2343 2172 2165
f 2248 2217 4814
f 2154 959 689
f 4182 4331 4179
f 4841 2220 2253
f 1811 1821 4134
f 4147 4041 574
f 3985 4841 3344
f 4077 824 4579
f 4070 574 4152
f 695 2249 2229
f 687 688 689
f 2249 2457 2218
f 2253 2220 2229
f 713 690 4592
f 2192 4095 2172
f 1821 4231 573
f 2247 2315 2248
f 2215 792 4082
f 4899 2343 2165
f 2155 2343 4899
f 3985 3344 4108
f 4189 4123 4118
f 4108 3983 4850
f 4150 1811 4189
f 2254 4841 2253
f 4137 1821 1811
f 4841 3333 3344
f 4070 4147 574
f 2155 2135 2247
f 1821 4137 4231
f 2249 2218 2219
f 2286 2218 2457
f 4118 4123 4126
f 4150 4168 1811
f 4507 2263 2257
f 4231 4072 4073
f 2266 2233 2248
f 4070 4132 4093
f 2253 2229 2254
f 4231 4137 4115
f 732 686 4592
f 2254 2219 3989
f 2262 4118 4126
f 686 732 2286
f 4239 4058 4035
f 4118 2262 4150
f 4473 4239 4472
f 4035 4058 4267
f 690 4874 4592
f 4841 2230 3333
f 3344 3986 4108
f 959 687 689
f 4109 3983 4108
f 4168 4150 2268
f 2201 4095 2192
f 2109 4242 4229
f 2209 2166 2154
f 4143 4579 4071
f 2166 4976 2154
f 4060 4142 4473
f 2207 2169 2159
f 2230 4841 2254
f 3333 3986 3344
f 4085 4156 4157
f 2219 2218 2251
f 732 4592 4874
f 4091 4096 4101
f 702 4874 690
f 2156 2157 2158
f 4073 4093 4132
f 4158 4119 4139
f 4061 1916 4038
f 2200 4160 4135
f 2255 2234 2231
f 4109 4108 3986
f 2246 2243 2215
f 4086 4099 4153
f 4507 4085 4157
f 4160 2216 4103
f 2215 2205 792
f 4157 4156 2164
f 4895 4104 4160
f 2228 2230 2254
f 4076 780 872
f 4976 2247 2154
f 3345 3986 3333
f 709 692 2156
f 2165 4095 2148
f 2172 2208 2171
f 2230 3990 3333
f 4104 4110 4123
f 2218 2211 2251
f 2211 2218 711
f 687 4874 702
f 2169 4976 2204
f 4231 4115 4072
f 2183 4192 4107
f 2240 2280 2241
f 2259 2228 2254
f 3986 3345 2335
f 4507 4157 2263
f 2172 2171 4091
f 2211 4814 2251
f 4143 4099 4077
f 2224 4099 2257
f 3989 2259 2254
f 711 4874 687
f 754 468 4081
f 687 702 688
f 2154 689 2158
f 2219 2229 2249
f 4135 4104 4123
f 2172 4095 2165
f 2234 3322 2231
f 2234 2258 3322
f 4086 4507 2257
f 2164 872 4074
f 2315 2258 2248
f 2266 2248 2258
f 2109 4241 4037
f 2234 2255 2236
f 2234 2242 2266
f 2343 2155 2169
f 4169 4051 4229
f 4038 1916 4051
f 2255 2244 2236
f 2247 2202 2154
f 4051 4169 4038
f 4077 4099 2224
f 2244 2225 2236
f 2217 2233 2259
f 2162 872 780
f 4179 4041 4169
f 4267 4037 4241
f 4229 4179 4169
f 2335 2236 2225
f 959 711 687
f 3989 2217 2259
f 2236 2335 3345
f 2259 2233 2228
f 4051 2109 4229
f 4061 4267 4241
f 123 121 114
f 115 81 92
f 903 4569 939
f 2221 2071 2213
f 81 115 2
f 2965 3157 2634
f 92 114 1974
f 688 712 698
f 702 712 688
f 150 146 105
f 2071 4486 2213
f 120 119 180
f 2579 2541 2316
f 106 615 129
f 700 693 707
f 698 693 717
f 92 1974 117
f 2377 2213 759
f 729 712 702
f 117 1974 119
f 717 848 710
f 939 890 862
f 115 92 117
f 707 721 700
f 693 696 707
f 862 890 888
f 845 904 945
f 699 716 697
f 904 891 945
f 129 113 106
f 706 712 729
f 702 690 729
f 2524 4491 106
f 18 2 115
f 123 122 121
f 1013 904 1027
f 2965 2634 3114
f 888 908 862
f 2598 2504 113
f 104 2503 4489
f 2693 122 2646
f 694 693 706
f 693 694 696
f 888 746 739
f 721 714 746
f 707 714 721
f 703 707 696
f 4489 2647 104
f 103 3117 2402
f 1012 769 1009
f 4601 706 729
f 713 729 690
f 129 123 113
f 2598 1842 2504
f 863 1013 1027
f 904 845 1027
f 114 113 123
f 890 746 888
f 2779 2646 123
f 694 706 767
f 694 720 696
f 1009 888 748
f 2504 1842 2579
f 739 746 736
f 746 714 736
f 3114 2634 4016
f 696 720 703
f 123 129 2779
f 707 703 714
f 3092 3012 2965
f 113 2316 106
f 1493 129 1891
f 874 1808 1012
f 1009 765 1012
f 767 706 4601
f 701 4601 729
f 701 729 713
f 122 2693 118
f 122 1974 121
f 2316 2504 2579
f 697 788 846
f 767 720 694
f 765 1009 748
f 180 122 118
f 739 736 748
f 945 883 1011
f 2579 1842 2580
f 1006 727 763
f 2118 2499 2524
f 2316 2318 106
f 691 710 848
f 765 874 1012
f 4601 701 751
f 90 984 1418
f 2118 2347 2122
f 800 835 843
f 2320 1777 2301
f 617 1008 60
f 767 768 720
f 1007 765 748
f 719 714 1006
f 861 892 908
f 3117 2631 2337
f 1021 876 1018
f 765 774 874
f 62 1967 89
f 731 751 701
f 874 1022 1021
f 715 691 848
f 121 1974 114
f 615 106 103
f 1974 122 180
f 768 727 720
f 2580 3471 2347
f 1021 1022 876
f 803 886 1011
f 196 761 2337
f 129 615 2649
f 106 4491 103
f 891 883 945
f 115 120 18
f 876 891 1018
f 70 856 62
f 97 101 102
f 1002 766 1007
f 728 723 751
f 726 747 724
f 767 723 768
f 745 731 724
f 751 723 4601
f 2122 2221 2377
f 891 876 883
f 2580 2541 2579
f 768 762 727
f 713 731 701
f 2524 106 2318
f 104 2647 615
f 150 2965 2401
f 814 841 715
f 876 1039 782
f 104 615 103
f 765 1007 766
f 1039 1022 774
f 129 2649 1891
f 1808 769 1012
f 1015 774 766
f 2546 2300 1749
f 751 2222 728
f 762 768 728
f 908 888 769
f 747 745 724
f 114 92 2598
f 1021 1808 874
f 617 2297 1008
f 2507 2250 102
f 885 1011 886
f 2318 2118 2524
f 883 876 782
f 1039 774 1015
f 766 783 1015
f 2222 4566 728
f 2222 745 4565
f 756 745 747
f 750 737 764
f 2499 4491 2524
f 84 1777 1901
f 876 1022 1039
f 2506 2227 956
f 2091 2297 617
f 639 101 97
f 737 2506 956
f 903 746 4569
f 103 4491 3117
f 772 784 779
f 898 886 900
f 2118 2318 2347
f 1901 2320 2310
f 883 1024 803
f 115 119 120
f 782 789 883
f 1901 776 777
f 881 795 1039
f 949 786 1004
f 756 750 778
f 742 737 750
f 782 795 789
f 2091 2332 2272
f 4 17 6
f 1006 714 720
f 2598 1898 1849
f 4600 972 973
f 2297 2272 2227
f 886 901 981
f 2274 956 2227
f 617 2303 2091
f 117 119 115
f 1024 797 803
f 799 886 803
f 2546 1799 2300
f 998 949 758
f 803 797 799
f 852 900 981
f 755 1020 722
f 708 903 915
f 4491 2502 3117
f 95 860 984
f 1004 786 783
f 1024 883 789
f 758 949 1004
f 747 726 756
f 791 881 1039
f 2598 113 114
f 783 786 791
f 2502 4491 2499
f 771 786 949
f 4583 4566 4565
f 778 750 764
f 2272 2274 2227
f 2118 2631 2499
f 765 766 774
f 1555 794 4600
f 2274 737 956
f 1972 793 3471
f 1015 791 1039
f 773 84 1901
f 770 2507 101
f 2303 617 3471
f 2303 2085 2091
f 102 1777 97
f 2580 1842 1972
f 886 799 901
f 853 1147 852
f 2487 105 761
f 981 4589 852
f 1024 789 829
f 1023 1001 789
f 122 123 2646
f 881 787 1023
f 791 735 881
f 779 791 786
f 2377 196 2122
f 4600 2525 972
f 6 88 89
f 772 786 771
f 2631 2502 2499
f 998 758 1002
f 4583 4565 745
f 2527 69 17
f 639 78 784
f 691 715 841
f 722 771 949
f 3117 2401 2402
f 881 735 787
f 639 784 63
f 1013 1808 1018
f 4566 4583 4580
f 1010 2336 2301
f 2250 764 737
f 779 786 772
f 2274 2272 2336
f 2631 3117 2502
f 755 4580 1020
f 795 1023 789
f 84 773 70
f 868 2527 984
f 2274 2250 737
f 2564 2303 3471
f 1011 885 945
f 829 797 1024
f 898 885 886
f 2250 2274 2336
f 829 798 797
f 799 995 901
f 995 799 798
f 2310 2564 1901
f 1007 748 749
f 1842 2357 1972
f 2402 2614 2503
f 829 789 1001
f 764 4583 778
f 779 735 791
f 888 739 748
f 1972 3471 2580
f 981 901 4589
f 2347 2221 2122
f 4583 764 2250
f 973 980 4600
f 1020 770 722
f 2546 2357 1799
f 2402 2401 2614
f 2503 2642 4489
f 1749 856 2546
f 901 995 843
f 995 798 800
f 1799 2598 1849
f 692 691 841
f 829 1001 1555
f 691 709 710
f 763 727 781
f 2527 1418 984
f 999 1001 787
f 776 2564 793
f 2507 770 1020
f 2995 3092 3114
f 718 781 762
f 2647 1891 2649
f 852 1147 900
f 1023 787 1001
f 196 2631 2122
f 2357 2546 793
f 745 778 4583
f 2541 2347 2318
f 731 2222 751
f 2221 2347 60
f 2300 1799 1849
f 798 980 973
f 3117 150 2401
f 719 748 736
f 719 736 714
f 2303 2301 2085
f 843 995 800
f 2300 1849 1749
f 800 798 790
f 2347 2541 2580
f 3471 793 2564
f 2527 4533 100
f 4589 843 978
f 843 931 978
f 4600 980 1555
f 2965 3114 3092
f 1777 84 97
f 1555 1001 794
f 749 763 1002
f 2507 4580 4583
f 799 797 798
f 794 1001 999
f 2614 2401 2965
f 63 772 770
f 2301 2303 2310
f 1901 2564 776
f 793 777 776
f 790 972 868
f 69 100 97
f 2301 1777 1010
f 4580 755 718
f 1002 758 1004
f 1418 2527 17
f 92 1898 2598
f 1010 102 2250
f 748 719 749
f 1010 1777 102
f 2546 777 793
f 793 1972 2357
f 766 1002 1004
f 4589 978 853
f 2347 3471 60
f 2316 2541 2318
f 843 4589 901
f 2525 2527 868
f 790 798 973
f 3471 617 60
f 772 771 722
f 795 881 1023
f 999 784 794
f 196 2337 2631
f 807 978 931
f 2310 2303 2564
f 2310 2320 2301
f 980 798 829
f 800 790 835
f 97 84 69
f 63 770 101
f 2301 2336 2085
f 4016 4014 3114
f 1901 1777 2320
f 719 763 749
f 81 1757 92
f 1849 1026 1749
f 89 1967 6
f 2506 737 742
f 772 63 784
f 763 719 1006
f 3117 2337 146
f 2598 1799 1842
f 2272 2332 2336
f 856 70 773
f 790 973 972
f 835 931 843
f 2527 2525 4533
f 3012 2642 2503
f 768 723 728
f 2614 2965 3012
f 790 868 835
f 4600 794 4533
f 856 773 777
f 999 779 784
f 1008 2297 2227
f 769 888 1009
f 745 2222 731
f 4 6 5
f 2085 2332 2091
f 1007 749 1002
f 1901 777 773
f 722 949 998
f 90 95 984
f 762 781 727
f 69 2527 100
f 856 1749 1026
f 835 868 931
f 900 886 981
f 4533 2525 4600
f 1799 2357 1842
f 1967 81 6
f 3157 3742 160
f 4533 794 78
f 1021 1018 1808
f 62 856 1026
f 2614 3012 2503
f 972 2525 868
f 615 2647 2649
f 698 706 693
f 860 931 868
f 2377 2221 2213
f 1022 874 774
f 781 755 763
f 2071 2221 60
f 2332 2085 2336
f 708 740 903
f 714 703 720
f 1026 1849 1898
f 102 101 2507
f 1015 783 791
f 698 717 710
f 89 88 62
f 2965 150 3157
f 2337 105 146
f 119 1974 180
f 2507 1020 4580
f 868 984 860
f 883 803 1011
f 856 777 2546
f 717 700 699
f 728 4566 762
f 1008 2071 60
f 63 101 639
f 62 88 70
f 763 998 1002
f 755 781 718
f 1004 783 766
f 69 84 70
f 807 931 860
f 727 1006 720
f 745 756 778
f 17 88 6
f 999 735 779
f 2377 761 196
f 1026 1757 1967
f 3742 3157 150
f 70 88 69
f 718 4566 4580
f 77 1418 17
f 5 81 2
f 2504 2316 113
f 1026 1967 62
f 718 762 4566
f 722 998 755
f 150 105 452
f 69 88 17
f 767 4601 723
f 1010 2250 2336
f 4565 4566 2222
f 78 639 100
f 795 782 1039
f 100 639 97
f 5 6 81
f 761 105 2337
f 784 78 794
f 759 761 2377
f 706 698 712
f 1757 1026 1898
f 90 1418 77
f 787 735 999
f 759 2213 4486
f 4583 2250 2507
f 2297 2091 2272
f 853 852 4589
f 731 713 724
f 92 1757 1898
f 78 100 4533
f 755 998 763
f 81 1967 1757
f 1555 980 829
f 722 770 772
f 2122 2631 2118
f 17 4 77
f 452 3742 150
f 2634 3157 160
f 105 3631 452
f 692 709 691
f 761 759 4486
f 1013 879 1808
f 1018 891 1013
f 4569 746 890
f 699 740 4066
f 699 880 740
f 697 846 848
f 746 880 721
f 892 862 908
f 709 688 698
f 908 769 879
f 848 717 697
f 160 4016 2634
f 846 814 715
f 2487 3631 105
f 3114 4014 2995
f 845 945 885
f 921 903 939
f 761 4486 2487
f 879 861 908
f 3012 3092 2642
f 104 103 2402
f 879 1013 863
f 150 3117 146
f 2779 129 1493
f 2402 2503 104
f 693 700 717
f 1013 891 904
f 846 715 848
f 699 697 717
f 708 4066 740
f 905 716 708
f 814 846 902
f 746 903 880
f 880 903 740
f 721 699 700
f 4569 890 939
f 4066 708 716
f 905 925 788
f 905 788 716
f 814 4081 841
f 879 769 1808
f 925 846 788
f 699 4066 716
f 716 788 697
f 699 721 880
f 709 698 710
f 915 903 921
f 902 846 925
f 3710 3651 3744
f 3812 3474 3651
f 3683 3947 3700
f 3812 3651 3710
f 3700 3474 3683
f 3664 3683 3812
f 3673 3675 3947
f 3664 3710 3808
f 3713 3947 3675
f 3664 3814 3673
f 3808 3630 3674
f 3651 3474 3721
f 3675 3819 3672
f 3687 3713 3672
f 3814 3674 3657
f 3689 3819 3662
f 3744 3721 3691
f 3476 3672 3819
f 3689 3619 3819
f 3619 3476 3819
f 3619 3677 3476
f 410 3255 3257
f 3619 3802 3677
f 3618 3619 3804
f 3618 3804 3884
f 3474 3668 3721
f 3544 725 3255
f 3540 3387 3535
f 725 3544 3556
f 3386 3615 3257
f 3615 400 3257
f 3544 3540 3556
f 3255 725 3386
f 3721 3668 3749
f 3255 410 3387
f 3615 3386 725
f 3615 3565 400
f 3387 3540 3544
f 3323 541 542
f 3387 3544 3255
f 3255 3386 3257
f 3565 3615 725
f 3749 3695 3691
f 3465 3101 3490
f 3235 3323 3490
f 3323 3235 541
f 3086 3085 3482
f 542 3324 3323
f 3482 3085 541
f 3324 542 3464
f 3039 3101 3465
f 3749 3668 3715
f 541 3235 3482
f 3695 3749 3921
f 3465 3325 3039
f 3323 3324 3325
f 3439 541 3085
f 3465 3323 3325
f 3439 542 541
f 3490 3323 3465
f 3683 3474 3812
f 3664 3808 3674
f 3039 2985 3101
f 3673 3662 3675
f 542 3439 3464
f 3039 3534 2985
f 2869 3026 2861
f 3625 3804 3619
f 2841 2869 2861
f 3026 3938 3020
f 3664 3812 3710
f 3619 3689 3625
f 3683 3664 3673
f 3819 3675 3662
f 3721 3744 3651
f 3476 3687 3672
f 3531 3540 3340
f 3540 3535 3340
f 3673 3814 3662
f 3713 3675 3672
f 3474 3700 3668
f 3673 3947 3683
f 3664 3674 3814
f 3802 3618 3598
f 3657 3674 3630
f 3086 2491 2596
f 2596 2491 3085
f 3938 3026 4406
f 3026 3020 2861
f 3085 3086 2596
f 3884 3804 3600
f 3115 3033 3804
f 3612 3600 3033
f 3621 3033 3115
f 3804 3583 3115
f 3033 3621 3612
f 3115 3583 3621
f 3620 3612 3627
f 3612 3621 3627
f 3658 3583 3625
f 3561 3583 3658
f 3804 3625 3583
f 3620 3627 3806
f 3627 3621 3561
f 3561 3806 3627
f 3658 3136 3644
f 3644 2444 3561
f 3806 3690 3560
f 3690 3806 3561
f 3559 3561 2444
f 2391 3775 3776
f 3705 3629 3689
f 3629 3644 3136
f 3660 2444 3644
f 3561 3559 3690
f 3643 3740 3472
f 3815 3775 2391
f 3590 3775 3660
f 3705 3666 3629
f 3666 3705 3450
f 3662 3450 3705
f 3590 3524 3594
f 3559 3775 3815
f 3567 3815 2391
f 3590 2390 3776
f 3660 3624 3590
f 3624 3644 3661
f 3581 3560 3690
f 3559 3815 3567
f 2391 3638 3567
f 3594 2390 3590
f 413 407 647
f 3622 3590 3624
f 3020 3938 4562
f 2391 2390 2389
f 3667 3450 3657
f 337 354 387
f 384 381 3405
f 3581 3526 407
f 3595 3638 2389
f 3740 3567 3638
f 3372 3364 361
f 3595 2389 2390
f 3661 3629 3666
f 4502 3938 4406
f 3622 3624 2952
f 3020 4562 3030
f 3033 3600 3804
f 3559 3567 3526
f 3442 3975 383
f 3667 2952 3661
f 407 3526 647
f 413 414 407
f 3660 3775 2444
f 3667 3657 3630
f 3638 3472 3740
f 3524 3622 3640
f 371 392 374
f 2952 3667 3634
f 3644 3561 3658
f 3938 4502 4404
f 3632 647 3526
f 3659 3404 3410
f 3640 2952 3633
f 414 413 412
f 3643 3632 3740
f 4404 909 4562
f 3653 3663 3595
f 3524 3640 3653
f 3634 3630 3403
f 3801 3663 3653
f 3472 3638 3595
f 3410 439 3636
f 3808 3402 3630
f 3030 3067 4359
f 909 4404 4029
f 4359 3435 3030
f 3403 3630 3402
f 3633 2952 3634
f 3808 3710 3484
f 3640 3633 3960
f 3403 3633 3634
f 378 402 395
f 3661 3644 3629
f 647 3648 398
f 367 3975 3706
f 651 412 395
f 3643 3663 3801
f 3484 3710 3419
f 3659 3403 3402
f 4029 4404 4040
f 3691 3650 3744
f 3663 3643 3472
f 395 412 398
f 3975 3655 3706
f 400 652 399
f 3067 3388 4359
f 3388 3435 4359
f 3643 3801 3475
f 3475 3648 3643
f 3484 3419 3411
f 3404 3411 3405
f 3522 664 3015
f 3411 3808 3484
f 3415 3419 3650
f 3650 3456 3415
f 3808 3404 3402
f 3051 909 4029
f 3636 3801 3960
f 3602 3435 3388
f 3636 3475 3801
f 4717 297 3382
f 3051 3388 3067
f 647 398 412
f 3410 3960 3403
f 3456 3694 3415
f 3655 3442 3313
f 402 378 379
f 3420 3417 3415
f 395 398 3475
f 337 387 367
f 3042 3388 3051
f 3602 3388 3077
f 3689 3629 3625
f 3384 3016 3452
f 3413 3419 3417
f 3016 3384 3382
f 3419 3413 3411
f 354 365 387
f 3808 3411 3404
f 378 395 3475
f 3450 3662 3657
f 3023 1069 3042
f 2389 3638 2391
f 3417 3419 3415
f 3960 3801 3640
f 3388 3042 3385
f 3077 3388 3385
f 3636 393 3475
f 3412 3413 3417
f 3691 3695 3650
f 3559 3581 3690
f 3412 3411 3413
f 402 379 370
f 3313 3694 3655
f 3695 3921 3456
f 2390 3594 3595
f 3420 3415 3694
f 3385 3042 644
f 3077 3385 646
f 3460 3391 1726
f 3292 3039 3325
f 3420 3412 3417
f 3023 3042 4029
f 3462 651 66
f 299 296 646
f 3044 3838 3587
f 646 3385 644
f 3077 295 641
f 376 369 370
f 3077 646 295
f 3097 3447 345
f 4029 3042 3051
f 3479 1726 3099
f 644 299 646
f 3097 345 226
f 3460 376 3445
f 361 3447 3097
f 297 4717 4716
f 3526 3581 3559
f 397 3432 416
f 4404 4562 3938
f 226 4716 3097
f 3470 651 395
f 296 297 295
f 3473 3097 4716
f 3467 3491 3642
f 3442 3655 3975
f 3042 1069 644
f 2449 3481 3439
f 3483 3213 4159
f 3459 3383 299
f 3483 2491 3213
f 2491 3483 3360
f 664 361 3473
f 298 296 299
f 3445 3452 3016
f 297 296 298
f 361 365 3372
f 4671 3382 298
f 371 374 373
f 368 373 374
f 367 387 383
f 3166 3047 826
f 226 297 4716
f 4716 3015 3473
f 371 370 379
f 4671 298 299
f 3432 397 3462
f 4084 3375 3383
f 3467 3681 3491
f 299 644 3459
f 3041 3015 4717
f 3534 3099 3438
f 365 664 391
f 3955 3292 3325
f 3745 3463 3642
f 374 392 365
f 295 646 296
f 3522 391 664
f 3479 3534 3681
f 3099 3102 3438
f 3384 4717 3382
f 3015 3041 3522
f 372 391 3522
f 3391 3016 1726
f 4084 3102 3099
f 3565 414 652
f 3292 3040 3039
f 3099 3963 3375
f 3384 3452 3041
f 3030 4562 909
f 3522 3041 372
f 3963 1726 3016
f 3457 3681 3467
f 3391 3445 3016
f 3360 3085 2491
f 3467 380 376
f 3432 4159 416
f 3324 3955 3325
f 3382 4671 3963
f 3452 372 3041
f 3662 3814 3657
f 3481 2449 3462
f 3802 3619 3618
f 3412 3405 3411
f 3467 3470 380
f 3598 3618 3884
f 376 380 369
f 393 379 378
f 3462 3483 3432
f 3426 3405 3412
f 2391 3776 2390
f 4084 3099 3375
f 3963 3016 3382
f 368 372 3452
f 3040 3534 3039
f 3099 3534 3479
f 361 3097 3473
f 3636 3960 3410
f 382 371 383
f 651 397 412
f 3695 3456 3650
f 3653 3640 3801
f 3472 3595 3663
f 372 374 391
f 366 371 379
f 3594 3524 3653
f 400 3565 652
f 392 382 387
f 414 3565 407
f 3634 3667 3630
f 3463 3462 3642
f 4716 4717 3015
f 3632 3567 3740
f 3650 3419 3744
f 66 3470 3467
f 439 393 3636
f 384 383 381
f 369 402 370
f 3745 3491 3967
f 416 399 652
f 909 3051 3067
f 3775 3590 3776
f 3102 3534 3438
f 295 226 641
f 3292 3955 3967
f 3426 3412 3420
f 365 392 387
f 3463 3481 3462
f 3460 1726 3461
f 3479 3457 3461
f 3806 3560 3620
f 371 373 370
f 366 393 439
f 2449 3439 3085
f 3030 909 3067
f 647 3632 3648
f 3460 3467 376
f 3460 3461 3467
f 3975 367 383
f 3633 3403 3960
f 3391 3460 3445
f 373 376 370
f 3955 3745 3967
f 3420 3442 3426
f 365 361 664
f 3384 3041 4717
f 4029 4040 3023
f 3479 3681 3457
f 3403 3659 3410
f 413 647 412
f 3445 376 368
f 3467 3461 3457
f 371 382 392
f 297 226 295
f 2449 3085 3360
f 3661 3666 3667
f 3439 3481 3464
f 652 414 416
f 3967 3681 3040
f 3447 361 3364
f 3658 3625 3136
f 3442 384 3426
f 3745 3324 3464
f 397 416 412
f 3461 1726 3479
f 3491 3681 3967
f 376 373 368
f 3524 3590 3622
f 3644 3624 3660
f 384 3442 383
f 391 374 365
f 3360 3462 2449
f 382 383 387
f 3745 3955 3324
f 299 3383 4671
f 3705 3689 3662
f 297 298 3382
f 439 381 366
f 365 354 3372
f 3967 3040 3292
f 3640 3622 2952
f 3410 3404 3405
f 4671 3383 3375
f 3426 384 3405
f 383 371 366
f 3442 3420 3313
f 664 3473 3015
f 398 3648 3475
f 3464 3463 3745
f 3963 4671 3375
f 3481 3463 3464
f 393 366 379
f 3099 1726 3963
f 3470 402 369
f 3666 3450 3667
f 374 372 368
f 3745 3642 3491
f 416 414 412
f 3643 3648 3632
f 366 381 383
f 3470 369 380
f 3621 3583 3561
f 4159 399 416
f 402 3470 395
f 3483 4159 3432
f 397 651 3462
f 4040 4404 4502
f 3470 66 651
f 66 3467 3642
f 3681 3534 3040
f 3462 66 3642
f 3452 3445 368
f 2952 3624 3661
f 3360 3483 3462
f 3546 3547 3538
f 3528 3538 3547
f 3340 3546 3531
f 3538 3528 3835
f 3538 3531 3546
f 3330 2591 3579
f 3540 3552 3556
f 3219 2591 3330
f 3579 2956 3330
f 3531 3552 3540
f 3586 3835 3533
f 3189 2958 3570
f 3579 3570 2956
f 3565 725 3218
f 2591 3219 3218
f 3219 3330 2956
f 3586 3532 3835
f 3551 3552 3531
f 3551 3531 3532
f 3579 3552 3563
f 3579 3296 3570
f 3536 3586 3533
f 2958 3189 3572
f 3532 3586 3536
f 3532 3549 3551
f 3579 3563 3296
f 3189 3297 3188
f 3572 3189 3188
f 2956 3354 3219
f 3834 3833 3223
f 3533 3833 3536
f 3572 3568 3357
f 3572 3357 2958
f 2958 3354 2956
f 3549 3532 3536
f 3549 3563 3551
f 3297 3296 3188
f 3556 2591 725
f 3568 3572 3569
f 3834 3223 3578
f 3833 3224 3536
f 3357 3568 3220
f 3564 3549 3536
f 3563 3549 3562
f 3562 3188 3296
f 3577 3568 3569
f 3541 3569 3188
f 3577 3220 3568
f 3220 3840 3357
f 3562 3549 3564
f 3541 3188 3562
f 3028 3220 619
f 3027 3220 3028
f 3562 3564 3541
f 3647 3599 3448
f 619 618 3028
f 3834 3224 3833
f 3027 3182 3148
f 3552 3551 3563
f 3541 3448 3231
f 3027 618 3182
f 3576 3838 3574
f 3565 3354 407
f 3037 2721 3879
f 3840 3148 3616
f 3607 3168 3603
f 3560 3581 3840
f 3448 3541 3574
f 3448 618 3231
f 618 3274 3182
f 3574 3838 3647
f 3577 3541 3231
f 3053 3061 2635
f 3571 3616 3573
f 3182 3274 3608
f 2998 3606 3000
f 3585 3571 3608
f 3853 3589 2721
f 3647 3448 3574
f 3608 3573 3148
f 407 3840 3581
f 3560 3616 3614
f 3578 3576 3224
f 3853 2721 3037
f 3148 3573 3616
f 3677 3802 3805
f 618 619 3231
f 3056 3614 3571
f 3195 3585 3274
f 3838 3576 3578
f 3089 3056 3585
f 3024 3613 3605
f 3044 3596 3197
f 3027 3028 618
f 3805 3802 3859
f 3053 109 4456
f 3605 3620 3614
f 3089 3585 3195
f 3596 3179 3197
f 3024 3605 3057
f 3573 3608 3571
f 3605 3056 3057
f 611 3057 3089
f 3854 3850 4209
f 3854 3596 3044
f 3596 3854 3179
f 3148 3840 3027
f 3179 3195 3197
f 3060 3884 3613
f 3859 3609 3803
f 3884 3600 3613
f 3859 3802 3598
f 2635 3726 3589
f 611 3089 3195
f 3598 3884 3060
f 4209 3850 3597
f 3037 3597 3883
f 3588 3883 3597
f 3057 611 3167
f 611 3195 3156
f 3562 3296 3563
f 3854 4209 3179
f 3156 3195 3179
f 3606 3609 3059
f 3531 3835 3532
f 3597 2676 4209
f 2676 3063 4209
f 3856 3589 3853
f 2676 3597 3879
f 4209 3063 3179
f 3857 3037 3883
f 3864 3863 3606
f 3357 3354 2958
f 3024 3057 3167
f 3179 2622 3156
f 3156 3167 611
f 3448 3599 3274
f 3606 3059 3060
f 3864 3603 3863
f 3856 3037 3857
f 3053 2637 110
f 3024 3167 3168
f 109 110 111
f 3603 4456 4509
f 619 3577 3231
f 3167 3156 2624
f 2624 3062 4453
f 3156 2622 3062
f 3574 3564 3576
f 3538 3835 3531
f 3197 3599 3647
f 4509 111 3861
f 3357 3840 407
f 3218 725 2591
f 3864 3606 3060
f 618 3448 3274
f 3607 3864 3060
f 3726 3063 2676
f 3061 3063 3726
f 3863 3862 3606
f 3726 3879 2721
f 3803 2998 3000
f 3197 3195 3599
f 3600 3612 3613
f 3024 3168 3607
f 2624 3156 3062
f 3556 3552 3579
f 2622 3063 3062
f 3603 4453 4456
f 3224 3576 3564
f 3850 3588 3597
f 3056 3605 3614
f 2591 3556 3579
f 3598 3059 3859
f 3354 3565 3219
f 3024 3607 3613
f 3603 3864 3607
f 3585 3056 3571
f 3840 3220 3027
f 3612 3605 3613
f 3726 2721 3589
f 3061 4453 3062
f 3533 3223 3833
f 3218 3219 3565
f 3859 3803 3805
f 2998 3609 3606
f 2956 3570 2958
f 2624 4453 3168
f 4509 4456 109
f 3861 3862 3863
f 3613 3607 3060
f 3057 3056 3089
f 3834 3578 3224
f 3061 3726 2635
f 3044 3197 3647
f 3647 3838 3044
f 3603 3168 4453
f 3148 3182 3608
f 3614 3620 3560
f 3053 2635 2637
f 4509 3863 3603
f 3577 3569 3541
f 2998 3803 3609
f 3861 3863 4509
f 619 3220 3577
f 3560 3840 3616
f 3053 4456 4453
f 3571 3614 3616
f 3053 4453 3061
f 2676 3879 3726
f 2624 3168 3167
f 3570 3297 3189
f 111 4509 109
f 3274 3585 3608
f 3569 3572 3188
f 3059 3598 3060
f 3605 3612 3620
f 3862 3000 3606
f 407 3354 3357
f 3597 3037 3879
f 3609 3859 3059
f 3570 3296 3297
f 3063 3061 3062
f 3853 3037 3856
f 3224 3564 3536
f 3541 3564 3574
f 3599 3195 3274
f 2622 3179 3063
f 110 109 3053
f 2635 3589 2637
f 3850 3130 3860
f 3580 3130 3850
f 3850 3860 3588
f 3587 3854 3044
f 3130 307 3129
f 3587 3166 3854
f 307 3580 3166
f 3587 2599 3166
f 3130 3129 3860
f 3838 3866 3587
f 3165 3047 3166
f 3847 3165 2599
f 3165 3847 3047
f 3838 3578 2594
f 3130 3580 307
f 2695 2594 3578
f 3578 3837 2695
f 3866 3838 2594
f 3578 3223 3262
f 3533 3222 3223
f 3836 3533 3835
f 3223 3222 3829
f 3836 3222 3533
f 2599 3165 3166
f 826 307 3166
f 3425 3222 3836
f 3222 3225 3829
f 3835 3528 3529
f 3262 3277 3837
f 3829 3246 3277
f 3829 3225 3246
f 3529 3527 3425
f 3854 3166 3580
f 3527 3537 3425
f 3425 3537 3225
f 3225 3247 3246
f 3225 3222 3425
f 3225 3537 3247
f 3425 3836 3529
f 3526 3567 3632
f 3694 3456 3655
f 3537 3527 3716
f 3537 3716 3247
f 3629 3136 3625
f 3710 3744 3419
f 3578 3262 3837
f 3866 2594 2599
f 3594 3653 3595
f 3405 381 439
f 3313 3420 3694
f 3402 3404 3659
f 3262 3829 3277
f 3475 393 378
f 2444 3775 3559
f 3854 3580 3850
f 3262 3223 3829
f 3410 3405 439
f 3835 3529 3836
f 2594 3847 2599
f 3866 2599 3587
f 3721 3749 3691
f 4235 4271 4181
f 4236 4319 4271
f 3308 390 3401
f 481 3970 2479
f 4181 4271 4319
f 4224 4204 4233
f 4276 4275 4223
f 3692 3175 3680
f 3752 3724 3759
f 4274 4204 753
f 3476 3677 730
f 3724 3678 3758
f 3649 3680 3700
f 2129 3688 3779
f 2929 3779 3688
f 3758 3759 3724
f 3680 3649 3692
f 3649 3700 3947
f 3566 2934 3370
f 4273 4275 4233
f 2373 4230 3555
f 4275 4273 4223
f 3175 3692 2786
f 4222 2373 3555
f 4236 4277 4319
f 4236 4283 4277
f 3401 2934 3308
f 3968 3358 2432
f 3682 3679 3717
f 3431 3370 3436
f 3436 2934 3376
f 653 504 502
f 390 3308 389
f 512 753 4204
f 511 4224 4177
f 3713 3686 3760
f 2702 3887 836
f 3886 3892 2702
f 2702 836 3886
f 733 3068 3686
f 836 3881 3886
f 4257 4181 4319
f 836 3880 837
f 4228 4235 4181
f 2404 753 512
f 2370 2368 2420
f 588 2484 3566
f 3892 3886 3881
f 4751 2445 3961
f 519 4226 2404
f 836 3105 3881
f 4230 4170 4257
f 4283 4285 4276
f 3302 3370 3431
f 3308 2484 389
f 583 3965 4200
f 3649 3947 3916
f 554 836 837
f 333 2484 495
f 231 3358 497
f 3887 3880 836
f 4177 3970 481
f 3678 3714 3719
f 4223 4283 4276
f 836 554 3105
f 4279 2518 3924
f 2173 2490 2174
f 753 2404 4221
f 504 496 3358
f 660 2575 662
f 4234 2366 519
f 519 2404 512
f 2510 3920 3925
f 3370 3302 2441
f 4278 3637 2324
f 608 496 508
f 511 506 512
f 4268 2893 3945
f 2334 4234 519
f 4230 4226 4171
f 509 519 512
f 2441 3566 3370
f 333 389 2484
f 2358 4196 3478
f 4304 3923 4297
f 4298 4279 3924
f 2420 2368 4769
f 2479 475 3969
f 501 508 502
f 3956 3957 3782
f 3959 3957 3646
f 2697 2174 3951
f 2373 2404 4226
f 3242 3240 3309
f 518 3958 4176
f 3875 3849 3843
f 3763 336 3792
f 3882 3100 2606
f 509 2334 519
f 3782 518 4176
f 481 506 511
f 588 3566 2441
f 3849 3875 3839
f 608 475 498
f 3891 3892 3828
f 3192 3908 3809
f 3252 3259 3974
f 3956 2855 2578
f 837 3227 2605
f 2368 2441 3301
f 518 1084 492
f 2694 3841 3809
f 1084 3782 3783
f 3356 363 321
f 3782 1084 518
f 4308 1577 598
f 4204 511 512
f 3782 3957 3783
f 3969 475 608
f 3783 336 1084
f 4223 4273 3555
f 492 498 518
f 3937 3909 3911
f 495 497 499
f 2432 3358 231
f 2544 2578 2855
f 3259 1996 3350
f 509 512 506
f 3268 3264 3366
f 2761 3312 3761
f 3161 3088 3871
f 363 390 642
f 3246 3247 3251
f 492 1084 676
f 4226 519 2366
f 3939 3972 4292
f 4176 3958 2855
f 3264 3823 1996
f 508 653 502
f 2358 3968 3306
f 653 508 496
f 643 360 335
f 482 536 661
f 2620 3822 3831
f 3958 475 3973
f 837 2638 553
f 390 363 3356
f 332 327 324
f 493 499 496
f 3972 4270 3971
f 496 608 493
f 3946 4280 594
f 2173 3764 2761
f 2441 500 588
f 321 327 312
f 3841 3824 3822
f 336 334 1084
f 588 497 648
f 3779 2786 3780
f 231 4751 3961
f 3928 2510 488
f 3243 3254 3816
f 3959 3646 73
f 4751 2370 2430
f 3306 2432 2445
f 3555 4230 4257
f 2529 3913 3927
f 504 2358 583
f 2638 837 2605
f 3939 4292 3944
f 508 506 481
f 3969 508 481
f 501 506 508
f 3923 4298 3924
f 3957 3956 2578
f 4221 2373 4222
f 3809 3820 2694
f 3889 3785 3895
f 307 308 3129
f 4177 4224 3970
f 500 2441 2368
f 2432 3961 2445
f 4200 509 505
f 2334 509 4200
f 2367 4751 2430
f 676 1084 334
f 3875 2695 3837
f 3763 3792 3952
f 4275 4286 4233
f 359 677 360
f 3306 4196 2358
f 3252 3818 2758
f 3949 3942 2913
f 4769 2368 3301
f 425 419 3617
f 497 588 500
f 3780 431 463
f 437 3779 435
f 419 418 3617
f 501 502 505
f 659 2577 464
f 3637 4275 2102
f 583 4200 505
f 424 425 3617
f 497 496 499
f 3787 431 425
f 583 505 502
f 461 431 3787
f 437 435 476
f 2479 3969 481
f 488 2575 660
f 2350 4226 2366
f 2358 3478 583
f 3308 3566 2484
f 3969 608 508
f 2128 437 438
f 431 461 463
f 3787 464 461
f 464 465 659
f 419 425 431
f 465 3787 425
f 448 449 477
f 461 3779 463
f 495 493 333
f 3965 3478 4196
f 3888 3889 3907
f 4274 4233 4204
f 465 2703 659
f 424 2703 465
f 3566 3308 2934
f 2128 3779 437
f 476 477 449
f 433 461 464
f 2432 231 3961
f 500 2368 231
f 4224 4286 4292
f 465 464 3787
f 3779 3780 463
f 496 504 653
f 449 3727 438
f 461 433 3779
f 464 2577 433
f 435 3779 433
f 2577 435 433
f 2068 4338 4290
f 583 502 504
f 4295 3920 2510
f 435 2577 476
f 511 4204 4224
f 476 449 437
f 4270 3973 3971
f 3727 3779 2128
f 449 448 3735
f 437 449 438
f 4297 4303 3922
f 3727 2128 438
f 4269 4298 4304
f 449 3735 3727
f 583 3478 3965
f 324 3368 323
f 335 3265 325
f 3911 3893 3512
f 3358 2358 504
f 496 497 3358
f 425 424 465
f 3436 3370 2934
f 2432 3306 3968
f 3376 2934 3401
f 2358 3358 3968
f 4336 1584 2324
f 495 648 497
f 231 497 500
f 492 494 498
f 2370 231 2368
f 2367 2445 4751
f 3940 4301 3925
f 3177 2729 2632
f 478 479 480
f 2324 4282 3939
f 3922 4303 4302
f 2179 4306 4290
f 3904 3896 3888
f 3950 3946 594
f 3893 3909 2772
f 1584 4269 4287
f 3924 2558 3923
f 536 482 4010
f 4290 2558 3924
f 3794 3899 3888
f 3798 3799 3794
f 2575 4301 662
f 4304 4298 3923
f 661 662 482
f 3953 3641 507
f 3944 2324 3939
f 2719 2913 2697
f 4336 3637 2102
f 3929 3920 3930
f 4295 3930 3920
f 3777 2907 3774
f 3950 4333 2893
f 459 2949 3777
f 4289 4282 4287
f 4304 4296 4269
f 4296 3941 4287
f 3940 3929 4296
f 3943 3939 4282
f 3935 4296 4304
f 3913 3937 3927
f 676 677 492
f 3933 3927 3937
f 4289 3932 3943
f 4334 3799 3902
f 4278 4275 3637
f 4338 2558 4290
f 4287 3941 4289
f 3943 3972 3939
f 4292 4278 3944
f 459 3785 3894
f 3837 3839 3875
f 3831 3826 3151
f 3922 3935 4297
f 332 322 320
f 2549 3926 3907
f 4282 4289 3943
f 534 535 4010
f 663 2538 486
f 4278 4286 4275
f 4268 3934 2893
f 3930 4295 2520
f 2324 3637 4336
f 3727 3735 3756
f 3727 3756 2130
f 4297 2558 4338
f 4282 1584 4287
f 595 598 602
f 4338 2068 1577
f 2577 661 536
f 3973 475 2479
f 4302 4301 3940
f 2558 4297 3923
f 2578 2544 2589
f 521 4303 4297
f 4289 3941 3934
f 2179 3924 2518
f 492 677 494
f 3926 2772 3910
f 4296 3935 3940
f 2520 3928 2538
f 3925 3920 3940
f 3778 3777 3774
f 655 3897 467
f 2531 2538 663
f 3929 4280 3941
f 4296 4287 4269
f 1584 4282 2324
f 3943 3953 3972
f 4280 490 594
f 656 655 657
f 3949 3950 2666
f 3930 2730 4280
f 3641 3943 3932
f 3763 2356 336
f 3934 3932 4289
f 3934 3941 3946
f 3293 3368 324
f 482 484 534
f 3820 3827 3807
f 3935 4302 3940
f 3929 3930 4280
f 2666 3906 3514
f 3946 3941 4280
f 3929 3940 3920
f 3400 3310 3254
f 3970 4292 3972
f 4296 3929 3941
f 3953 3943 3641
f 4269 4279 4298
f 4338 1577 4308
f 4297 4308 521
f 4279 1980 2518
f 3641 3932 4268
f 4268 3932 3934
f 3796 3794 4334
f 4309 521 4308
f 2893 3934 3946
f 4268 507 3641
f 2730 490 4280
f 3946 3950 2893
f 2520 2730 3930
f 3924 2179 4290
f 2913 3764 2697
f 3953 507 2825
f 598 1577 602
f 4309 4308 598
f 2538 2531 3954
f 73 2800 2719
f 4303 521 485
f 662 4301 485
f 3945 2544 2825
f 521 4309 485
f 2825 507 4268
f 3925 4301 2575
f 2529 663 478
f 3947 3713 3916
f 4301 4303 485
f 3954 2730 2520
f 2702 3791 656
f 3782 4176 3956
f 595 4332 535
f 2730 3906 490
f 2068 4290 4306
f 2130 3756 3758
f 4224 4292 3970
f 2510 3925 2575
f 484 482 662
f 3880 3918 3227
f 3735 3755 3756
f 2666 3950 594
f 3953 2825 2544
f 598 595 4309
f 485 4309 484
f 4302 3935 3922
f 3945 2825 4268
f 538 2577 536
f 658 657 659
f 3894 2949 459
f 3945 2893 2589
f 4279 4269 1584
f 4333 2589 2893
f 4333 3950 3646
f 657 658 2702
f 2520 4295 3928
f 2538 3954 2520
f 657 2577 659
f 3514 3906 3512
f 3933 2730 3954
f 3906 2666 490
f 3906 2730 3933
f 2510 2575 488
f 3907 3889 3512
f 602 4332 595
f 2800 3949 2719
f 660 2577 486
f 2914 2913 3942
f 4297 3935 4304
f 534 4309 595
f 661 660 662
f 2510 3928 4295
f 485 484 662
f 2800 73 3646
f 3068 3780 2786
f 535 4332 538
f 4303 4301 4302
f 2772 3913 3910
f 4309 534 484
f 2666 594 490
f 2544 3945 2589
f 2531 3927 3933
f 2578 2589 4333
f 3646 3950 2800
f 2578 4333 3646
f 2531 3933 3954
f 3906 3933 3911
f 2697 3764 2173
f 488 486 3928
f 3942 3949 2666
f 487 486 2538
f 3950 3949 2800
f 3944 4278 2324
f 535 534 595
f 479 478 2577
f 2538 3928 487
f 487 3928 486
f 2913 2719 3949
f 3942 2666 3514
f 3937 3911 3933
f 1980 4279 4336
f 486 488 660
f 534 4010 482
f 3645 730 3671
f 3906 3911 3512
f 4297 4338 4308
f 660 661 2577
f 3793 2988 427
f 3645 2988 3793
f 2529 2531 663
f 3777 3778 459
f 3927 2531 2529
f 3942 3514 459
f 3645 3671 2988
f 3512 3895 3514
f 3780 733 431
f 4279 1584 4336
f 536 535 538
f 3951 73 2719
f 535 536 4010
f 4278 4292 4286
f 419 3793 427
f 3888 3907 3904
f 486 478 663
f 2988 3671 3805
f 3514 3785 459
f 2914 3942 459
f 3512 3889 3895
f 3895 3785 3514
f 3893 2549 3512
f 2988 3002 427
f 3892 3795 2702
f 431 3793 419
f 3911 3909 3893
f 3937 3913 3909
f 2913 2914 3764
f 478 486 2577
f 3951 2719 2697
f 480 2529 478
f 3913 2529 3910
f 3778 2914 459
f 730 3645 733
f 427 3002 3805
f 3907 3512 2549
f 3068 3760 3686
f 2772 2549 3893
f 3909 3913 2772
f 3764 2914 3778
f 3910 2529 480
f 3894 3785 3899
f 3899 3785 3889
f 427 3805 3803
f 2772 3926 2549
f 2577 655 479
f 2697 2173 2174
f 479 467 480
f 110 2637 3919
f 467 479 655
f 480 3897 3910
f 3894 3899 3796
f 3889 3888 3899
f 3907 3926 3904
f 418 419 427
f 655 2577 657
f 3897 480 467
f 3926 3910 3897
f 657 2702 656
f 3883 3588 3869
f 2949 2907 3777
f 3899 3794 3796
f 733 3793 431
f 3778 3774 2907
f 3926 3791 3904
f 3791 3926 3897
f 3888 3798 3794
f 3896 3798 3888
f 3805 3002 2988
f 3791 3896 3904
f 3677 3671 730
f 655 656 3897
f 3803 3000 423
f 3791 3897 656
f 3794 3799 4334
f 3891 3796 4334
f 3896 3795 3798
f 3896 3791 3795
f 3891 4334 3902
f 3795 3799 3798
f 3795 3791 2702
f 418 415 3617
f 3799 3795 3902
f 3892 3891 3902
f 3902 3795 3892
f 4258 4255 4260
f 4366 4305 4316
f 423 3000 415
f 4271 4255 4236
f 2163 4325 4305
f 4238 2853 2840
f 4141 2534 605
f 417 415 426
f 4322 4316 4321
f 1962 4271 4235
f 3918 3919 3604
f 1962 4255 4271
f 4316 4305 2853
f 2518 4272 2163
f 3604 3589 3856
f 2102 1980 4336
f 1577 2068 4366
f 4237 4244 4263
f 4325 2853 4305
f 4260 1962 4229
f 4306 2179 2163
f 2130 2129 3727
f 602 1577 601
f 415 3000 426
f 276 4322 605
f 4238 2840 1895
f 1895 4272 4258
f 4318 4263 4326
f 4258 4272 4255
f 4043 4326 4263
f 415 418 423
f 427 423 418
f 601 600 602
f 4238 4237 4318
f 604 600 605
f 2190 4141 4318
f 3645 3793 733
f 3604 3857 3227
f 4258 4238 1895
f 3857 3604 3856
f 3916 3713 3760
f 4366 2068 4306
f 2853 4238 4314
f 4263 4318 4237
f 659 2703 658
f 4260 4255 1962
f 3000 3862 426
f 4326 4043 2004
f 4236 4272 4285
f 2163 4272 1895
f 4238 4258 4237
f 2102 4275 4276
f 4318 4326 2190
f 4327 4328 604
f 1962 4235 4229
f 3227 3857 3883
f 4326 2004 4327
f 110 112 111
f 3639 3861 111
f 4285 4283 4236
f 2518 4285 4272
f 4326 4327 2190
f 3869 3227 3883
f 4236 4255 4272
f 1895 2840 4325
f 4238 4318 4314
f 605 2853 4314
f 415 417 3617
f 3867 3639 111
f 3677 3805 3671
f 4314 4141 605
f 3639 3867 417
f 3919 112 110
f 2534 4141 2190
f 4228 4181 4257
f 2518 2163 2179
f 3604 3919 2637
f 4328 4332 604
f 4306 4305 4366
f 426 3639 417
f 4237 4260 4244
f 276 601 4322
f 4314 4318 4141
f 600 604 4332
f 2637 3589 3604
f 658 2703 424
f 4228 4170 4235
f 2102 4285 1980
f 2929 2786 3779
f 4258 4260 4237
f 2163 4305 4306
f 4321 2853 605
f 2534 4327 605
f 3867 112 3919
f 3604 3227 3918
f 4277 4257 4319
f 2102 4276 4285
f 1980 4285 2518
f 2840 2853 4325
f 600 4332 602
f 3862 3639 426
f 427 3803 423
f 605 4322 4321
f 2853 4321 4316
f 605 4327 604
f 2163 1895 4325
f 3760 3068 3692
f 1577 4366 4316
f 276 605 600
f 4316 4322 1577
f 4277 4283 4223
f 111 112 3867
f 2534 2190 4327
f 600 601 276
f 601 1577 4322
f 3918 3867 3919
f 3684 3680 3175
f 3755 3752 3730
f 3713 3687 3686
f 3780 3068 733
f 3717 3679 2129
f 3862 3861 3639
f 2129 3679 3688
f 509 501 505
f 3916 3692 3649
f 4257 4170 4228
f 4223 4257 4277
f 2484 588 648
f 2130 3678 3718
f 730 3686 3687
f 3717 3719 3682
f 3858 3588 3860
f 3869 3588 3855
f 3759 3730 3752
f 4257 4223 3555
f 308 3868 3129
f 2728 3869 3855
f 2728 3227 3869
f 4273 4222 3555
f 3687 3476 730
f 4222 4273 4233
f 308 307 826
f 3868 3088 3161
f 3855 3858 2728
f 3871 2632 3858
f 2605 3227 2728
f 3918 3880 3867
f 308 826 3844
f 3871 3088 2632
f 3858 2632 2728
f 2728 2606 2605
f 2638 2605 553
f 511 4177 481
f 2702 3617 3880
f 826 3047 3844
f 3724 3714 3678
f 2967 3901 3832
f 3088 3177 2632
f 2632 2729 2728
f 554 837 553
f 3175 2786 2929
f 2606 2728 2729
f 2605 2606 553
f 3302 3301 2441
f 2967 3832 2679
f 3177 3088 2967
f 2729 3882 2606
f 2594 3875 3847
f 2594 2695 3875
f 3715 3719 3714
f 3844 3843 2679
f 2679 3878 2967
f 3129 3161 3860
f 506 501 509
f 2967 3878 3177
f 2729 3177 3192
f 3192 3882 2729
f 3617 658 424
f 4170 4230 4171
f 3843 3908 2679
f 3192 3177 3878
f 3100 3882 3192
f 3617 3867 3880
f 4222 4233 4221
f 3851 3842 3843
f 3842 3908 3843
f 3878 3908 3192
f 554 553 3105
f 3885 3881 3105
f 3828 3892 3881
f 3680 3668 3700
f 3192 3885 3100
f 3719 3717 3678
f 3839 3837 3277
f 2130 3758 3678
f 3730 3759 3758
f 3715 3668 3719
f 3820 3908 3842
f 3828 3881 3885
f 3192 3876 3885
f 2702 3880 3887
f 3617 2702 658
f 3839 3277 3251
f 495 499 493
f 3692 3916 3760
f 3851 3242 3825
f 3841 3877 3809
f 3828 3890 3891
f 3885 3876 3828
f 3877 3876 3192
f 495 2484 648
f 3901 3088 3868
f 2679 3832 3844
f 3240 3242 3851
f 3839 3251 3240
f 3251 3277 3246
f 3867 3617 417
f 3100 553 2606
f 3755 3730 3756
f 3756 3730 3758
f 3901 2967 3088
f 3668 3684 3719
f 538 4332 477
f 3825 3242 3820
f 3841 2620 3877
f 3828 3876 3890
f 3876 3877 2620
f 3240 3851 3849
f 389 333 390
f 3824 3841 2694
f 3820 3824 2694
f 477 476 538
f 3841 3822 2620
f 2620 3821 3876
f 3820 3809 3908
f 3718 2129 2130
f 3868 808 3901
f 231 2370 4751
f 3192 3809 3877
f 3827 3242 3816
f 3251 3247 3309
f 2129 3718 3717
f 2577 538 476
f 4274 753 4221
f 477 4332 448
f 3825 3842 3851
f 359 360 643
f 3827 3816 3254
f 3243 3816 3309
f 3847 3844 3047
f 3682 3688 3679
f 3247 3716 319
f 3871 3858 3161
f 4233 4274 4221
f 3807 3827 3256
f 3792 73 3951
f 3807 3826 3824
f 3831 558 2620
f 3821 558 3894
f 4270 3958 3973
f 493 494 677
f 390 359 642
f 319 3243 3247
f 3826 3831 3824
f 3823 3366 3359
f 3151 558 3831
f 3894 558 2949
f 3952 2490 3761
f 3824 3831 3822
f 390 3263 3401
f 2679 3908 3878
f 3368 3400 3254
f 335 360 334
f 3824 3820 3807
f 3849 3851 3843
f 3243 323 3254
f 73 3792 3959
f 3826 3256 3818
f 3243 319 322
f 4224 4233 4286
f 3256 3366 3264
f 3310 3827 3254
f 2907 3362 3769
f 3254 323 3368
f 3256 3264 2758
f 3827 3820 3242
f 3783 3792 336
f 3310 3359 3366
f 733 3686 730
f 3894 3890 3821
f 3717 3718 3678
f 3682 3719 3684
f 3680 3684 3668
f 3890 3894 3796
f 3971 3973 2479
f 3682 3684 3175
f 323 3243 322
f 3818 3151 3826
f 3890 3876 3821
f 3151 2907 2949
f 2758 3259 3252
f 3823 3268 3366
f 1996 3253 3264
f 3821 2620 558
f 2761 3784 3312
f 2758 3264 3253
f 608 498 494
f 2373 4226 4230
f 3875 3843 3847
f 323 322 324
f 3818 2907 3151
f 2404 2373 4221
f 3309 3247 3243
f 2490 2173 2761
f 3761 3763 3952
f 3253 3259 2758
f 3823 3264 3268
f 327 320 312
f 3807 3256 3826
f 2786 3692 3068
f 642 643 363
f 332 324 322
f 2855 3958 2544
f 3310 3400 3359
f 3974 3350 3362
f 3818 3362 2907
f 3959 3783 3957
f 3769 3784 3778
f 3974 3362 3252
f 3253 1996 3259
f 808 3868 308
f 677 334 360
f 3293 364 3258
f 364 3293 324
f 518 475 3958
f 320 327 332
f 3784 3764 3778
f 498 475 518
f 3769 3778 2907
f 2758 3818 3256
f 3311 1996 3823
f 2490 3952 2174
f 364 3311 3258
f 327 321 363
f 327 364 324
f 3105 553 3100
f 3310 3256 3827
f 3361 3265 335
f 3769 3362 3350
f 3252 3362 3818
f 3350 1996 3311
f 2479 3970 3971
f 363 643 327
f 335 334 2356
f 325 643 335
f 3784 3769 3312
f 3847 3843 3844
f 3240 3849 3839
f 3361 3769 3350
f 333 359 390
f 3350 3311 3265
f 3311 3823 3258
f 3858 3855 3588
f 325 364 327
f 3259 3350 3974
f 2761 3764 3784
f 2761 3761 2490
f 3293 3258 3368
f 808 3832 3901
f 390 3356 3263
f 3682 2929 3688
f 3792 3783 3959
f 308 3832 808
f 3175 2929 3682
f 3312 3769 3361
f 3310 3366 3256
f 2544 3958 3953
f 3265 3361 3350
f 3792 2174 3952
f 3161 3129 3868
f 677 359 333
f 3885 3105 3100
f 3761 3312 2356
f 3825 3820 3842
f 558 3151 2949
f 3359 3368 3258
f 3312 3361 2356
f 3972 3971 3970
f 3727 2129 3779
f 3242 3309 3816
f 2855 3956 4176
f 608 494 493
f 3240 3251 3309
f 642 359 643
f 3263 3356 321
f 333 493 677
f 3844 3832 308
f 335 2356 3361
f 3763 3761 2356
f 3951 2174 3792
f 3823 3359 3258
f 364 325 3265
f 3858 3860 3161
f 327 643 325
f 3891 3890 3796
f 2356 334 336
f 3265 3311 364
f 3368 3359 3400
f 2578 3646 3957
f 334 677 676
f 3958 4270 3953
f 3227 837 3880
f 4270 3972 3953
f 1733 1715 1756
f 251 623 250
f 1790 189 250
f 1471 1474 1421
f 1790 4956 98
f 1713 4696 1747
f 31 30 53
f 1419 183 4452
f 1419 1454 1443
f 251 626 55
f 4980 1798 632
f 626 189 30
f 165 632 633
f 1709 1703 1701
f 4957 250 623
f 1707 1713 1747
f 252 631 152
f 1461 1422 183
f 1798 1320 632
f 28 11 38
f 1561 1558 1560
f 4973 1124 1030
f 1603 1579 1634
f 4902 4901 1030
f 1635 1603 1634
f 4856 4973 1162
f 1306 4903 1752
f 4974 1635 1634
f 1579 596 1593
f 4902 1752 4903
f 1307 1124 1593
f 1307 1325 4902
f 1520 1690 4575
f 1634 4973 4974
f 1307 1593 1325
f 4906 1683 4909
f 1124 1307 4902
f 1593 4973 1579
f 1030 1124 4902
f 4856 4974 4973
f 596 1325 1593
f 4903 976 4901
f 1030 1162 4973
f 1593 1124 4973
f 1752 4902 1325
f 1025 1005 4903
f 1019 976 4903
f 1518 4455 1520
f 1579 4973 1634
f 1019 4903 1005
f 1752 1657 1518
f 1692 4906 1017
f 1658 1019 1017
f 1016 1019 1005
f 4575 1016 1025
f 1657 4455 1518
f 1025 1016 1005
f 1520 1673 1690
f 1658 976 1019
f 1016 1690 1017
f 1752 1325 1657
f 1683 1690 1673
f 1016 1017 1019
f 4903 1306 1025
f 1673 1520 4455
f 4575 1690 1016
f 1692 1690 1683
f 1025 1518 4575
f 4575 1518 1520
f 1603 596 1579
f 1690 1692 1017
f 1658 1017 4906
f 1518 1025 1306
f 1692 1683 4906
f 1518 1306 1752
f 4901 4902 4903
f 4938 4936 4823
f 1727 4838 4808
f 1613 1573 4725
f 4835 4837 4736
f 1660 4938 4845
f 4936 4839 1735
f 4452 142 633
f 1552 4738 1721
f 4838 1727 4737
f 4849 4816 4811
f 4817 4818 4727
f 4811 4816 4812
f 1740 4734 1646
f 4946 4860 4969
f 1573 1612 4725
f 1614 1740 1585
f 4936 1724 678
f 4726 4805 4838
f 632 52 98
f 4726 4818 4805
f 1461 183 1419
f 4937 4938 1660
f 1573 1613 4708
f 1735 4839 1659
f 623 622 241
f 4812 4823 678
f 4838 4837 4835
f 4938 1661 4845
f 4980 632 98
f 4849 4909 4847
f 4812 4816 4823
f 4736 4730 4835
f 4737 1727 1728
f 1659 4839 4937
f 4752 4736 4837
f 1735 4752 1724
f 31 29 55
f 4886 4811 4812
f 189 52 30
f 1724 4752 4837
f 4847 1659 1660
f 1612 1573 4734
f 1585 4725 1614
f 678 1038 636
f 1661 4938 4816
f 4746 4835 4730
f 55 51 251
f 4936 1735 1724
f 4936 4937 4839
f 4795 1645 4793
f 4845 4847 1660
f 4727 4746 4730
f 1412 1411 1416
f 4849 1661 4816
f 4835 4818 4726
f 4726 4838 4835
f 4837 4838 1038
f 1482 1515 1473
f 1661 4847 4845
f 678 4823 4936
f 4937 1660 1659
f 1614 4725 1612
f 4746 4818 4835
f 4906 4909 4849
f 1740 1614 4734
f 4849 4847 1661
f 1038 1724 4837
f 4823 4816 4938
f 4727 4818 4746
f 4838 4805 4808
f 4906 4849 4811
f 4818 4735 4776
f 626 30 55
f 4805 1646 1645
f 1609 1646 4734
f 4818 4776 1646
f 4805 4795 4808
f 4812 678 636
f 1724 1038 678
f 250 626 251
f 1764 1771 1798
f 4735 1585 4776
f 4776 1585 1740
f 4793 1645 1646
f 1645 4795 4805
f 4817 4735 4818
f 4808 4795 1727
f 1646 4776 1740
f 1727 4795 1728
f 38 27 28
f 4938 4937 4936
f 4734 4721 1609
f 1646 1609 4793
f 4805 4818 1646
f 1038 4838 4737
f 4734 1614 1612
f 4795 4793 1728
f 4734 1573 4721
f 4708 4721 1573
f 1764 1785 1772
f 4811 1658 4906
f 596 560 630
f 606 1603 1635
f 1325 596 630
f 606 560 596
f 589 591 606
f 599 593 627
f 627 5004 599
f 1982 627 589
f 589 627 591
f 5004 813 1572
f 599 613 593
f 599 5004 1413
f 1572 1346 1553
f 1293 1260 1288
f 591 627 593
f 1657 1325 630
f 599 1413 613
f 4875 4351 603
f 603 613 4875
f 1413 5004 1572
f 1603 606 596
f 1350 830 1346
f 1572 613 1413
f 4875 613 4873
f 1269 1366 1293
f 1982 5004 627
f 4875 4873 4872
f 4872 4351 4875
f 606 1635 590
f 1572 1553 613
f 830 1553 1346
f 4873 613 1553
f 1288 4758 1290
f 560 606 591
f 4347 1138 4872
f 1293 1290 1269
f 4843 1350 813
f 1346 1572 813
f 1553 830 4873
f 1290 1293 1288
f 589 606 590
f 4347 4872 4873
f 4347 1293 1138
f 1346 813 1350
f 1293 4347 802
f 593 613 603
f 560 1657 630
f 1260 1293 802
f 1260 830 4608
f 4873 830 4347
f 1293 1366 1138
f 813 5004 1982
f 1689 1688 4929
f 4659 5027 237
f 4929 4932 236
f 4891 4848 4636
f 236 4659 237
f 5027 1689 237
f 4848 1688 4636
f 4929 4848 4932
f 236 237 1689
f 1689 5027 1688
f 4929 1688 4848
f 4996 4932 4848
f 1689 4929 236
f 4891 4996 4848
f 4891 4636 4990
f 4888 4969 4970
f 4528 4863 4428
f 4528 4401 4863
f 4528 4428 4482
f 4969 4528 4482
f 4401 4969 4896
f 4970 4896 4888
f 4896 1767 4401
f 4969 4401 4528
f 4896 4969 4888
f 1767 4896 1791
f 4970 1791 4896
f 4452 633 1320
f 1320 1419 4452
f 1800 1798 4980
f 241 4572 623
f 188 99 183
f 624 4957 623
f 1419 1443 1461
f 142 183 165
f 4347 830 802
f 4608 1288 1260
f 4956 4980 98
f 1350 4608 830
f 830 1260 802
f 1185 4844 4843
f 4843 834 1185
f 622 251 51
f 154 183 631
f 4856 882 1315
f 1765 1767 4829
f 882 4844 1315
f 4974 1315 1635
f 1185 1635 1315
f 4452 183 142
f 4980 4956 1800
f 834 813 1340
f 1406 1320 1798
f 249 1790 250
f 1185 834 1340
f 30 31 55
f 623 251 622
f 1419 1406 1454
f 1340 813 1982
f 1340 1982 1359
f 1185 1315 4844
f 1711 178 179
f 1359 1185 1340
f 590 1635 1185
f 590 1185 1359
f 4974 4856 1315
f 813 834 4843
f 590 1359 589
f 4832 4958 4916
f 1982 589 1359
f 4856 1162 4857
f 241 622 50
f 951 1117 1114
f 94 16 141
f 94 93 16
f 1790 4547 4956
f 4732 4729 4728
f 98 52 189
f 1798 1800 1786
f 5030 4790 5031
f 1758 1406 1798
f 4690 917 1184
f 4732 4869 674
f 4728 4729 2308
f 5055 4949 4342
f 4411 917 1130
f 249 4471 1790
f 4977 1775 1784
f 31 27 29
f 4958 1744 4916
f 1758 1454 1406
f 1405 1454 1758
f 4857 882 4856
f 1193 820 1190
f 673 4732 674
f 1899 543 513
f 1786 1800 4547
f 543 1899 4869
f 566 629 567
f 4343 4919 4984
f 4586 4877 4842
f 14 16 93
f 46 50 22
f 1763 1718 4774
f 4877 4611 4617
f 4480 4478 4476
f 1440 1502 1441
f 16 14 15
f 4597 4476 4478
f 4981 4342 4343
f 4869 4732 4919
f 4430 543 4869
f 4343 4984 4983
f 4738 4926 1721
f 1728 1721 4965
f 4586 4842 4840
f 4869 1899 674
f 4821 592 230
f 1394 1788 4878
f 4547 1785 1786
f 1786 1785 1764
f 4882 4829 249
f 965 4694 1213
f 4933 1747 4696
f 673 674 4756
f 548 543 4430
f 603 230 593
f 4882 4957 4883
f 4758 4756 4755
f 4981 4983 4790
f 241 244 4572
f 4430 4869 4919
f 1771 1416 1758
f 4883 624 4572
f 154 259 52
f 4965 1720 1744
f 4476 1100 1099
f 4572 244 1858
f 1784 1775 4829
f 2308 4729 1245
f 1288 1245 4758
f 1405 1416 1423
f 820 2311 4341
f 4572 624 623
f 1701 1703 1731
f 4729 4732 1245
f 1771 1440 1416
f 4788 4918 4732
f 244 241 240
f 4843 4844 4773
f 4917 4832 4916
f 4773 1213 1386
f 4984 4919 4918
f 1050 4430 4919
f 252 28 27
f 1286 1117 947
f 1190 1350 1192
f 1732 1756 1769
f 4673 1213 4694
f 1423 1416 1411
f 1772 1785 1775
f 1130 917 4690
f 1764 1772 1788
f 1502 1771 1788
f 1416 1440 1412
f 1440 1771 1502
f 240 246 242
f 46 240 241
f 1858 244 240
f 4340 4421 4339
f 1715 1733 1707
f 1709 184 4792
f 1430 1452 1474
f 1721 4926 1720
f 154 165 183
f 4788 4840 4868
f 1416 1405 1758
f 1394 1502 1788
f 548 513 543
f 1713 1707 1768
f 1747 4933 1718
f 1788 1772 1787
f 1440 1471 1412
f 632 165 52
f 1731 1703 1768
f 4955 4829 1767
f 4732 4728 4788
f 4977 1784 4955
f 179 1858 240
f 1050 5050 4430
f 4792 4917 4916
f 4788 4984 4918
f 188 183 1422
f 4430 5050 5013
f 4957 624 4883
f 184 1711 179
f 4429 548 4430
f 4843 4773 1286
f 4611 1268 1264
f 4728 4840 4788
f 4918 4919 4732
f 4611 951 4617
f 4983 4984 4868
f 4868 4984 4788
f 4343 5050 1050
f 2308 1245 4608
f 878 951 1114
f 4728 2308 2311
f 4694 1130 4690
f 4840 4728 2311
f 4343 4983 4981
f 1245 4732 673
f 4877 4617 4619
f 4341 2308 4608
f 4342 5050 4343
f 2311 2308 4341
f 145 634 144
f 4340 5050 4342
f 4341 4608 1350
f 4343 1050 4919
f 867 5031 4681
f 4840 2311 1193
f 4340 5013 5050
f 4868 4840 4842
f 4868 4842 4983
f 1193 1190 1192
f 1193 4586 4840
f 1264 1268 1192
f 4749 4617 962
f 4949 4340 4342
f 4756 1245 673
f 1190 4341 1350
f 1288 4608 1245
f 4983 4842 5031
f 4342 4981 4790
f 1130 1162 4411
f 4694 4857 1130
f 4673 4694 4690
f 4340 4949 4421
f 1193 4877 4586
f 5055 4342 4790
f 820 4341 1190
f 5055 4422 4949
f 4673 4690 4723
f 4340 4339 5013
f 4422 4421 4949
f 1233 1192 1350
f 4877 1193 854
f 5031 4842 4681
f 4877 4681 4842
f 5031 867 5030
f 1268 1193 1192
f 1192 1233 1286
f 4363 1233 1350
f 1117 1286 4773
f 1268 854 1193
f 854 4611 4877
f 4681 4877 4876
f 962 4723 1100
f 1192 1286 947
f 867 4681 4760
f 4843 1286 4363
f 867 4760 5030
f 4681 4876 4760
f 4844 965 4773
f 1286 1233 4363
f 4363 1350 4843
f 854 1268 4611
f 152 143 145
f 4773 1386 1114
f 4877 4619 4876
f 1386 4723 878
f 4723 4690 1184
f 4983 5031 4790
f 1264 1192 947
f 947 951 1264
f 4611 1264 951
f 1245 4756 4758
f 951 947 1117
f 4617 951 878
f 4749 4619 4617
f 1114 1117 4773
f 878 962 4617
f 1114 1386 878
f 878 4723 962
f 5013 4429 4430
f 1100 4749 962
f 4773 965 1213
f 99 143 631
f 1162 1130 4857
f 1386 1213 4673
f 965 4844 4694
f 4694 4844 882
f 4673 4723 1386
f 1193 2311 820
f 1100 4723 1184
f 4694 882 4857
f 1100 1184 1099
f 917 1099 1184
f 4476 1099 917
f 4597 1100 4476
f 4476 917 4480
f 4480 917 4411
f 4411 4602 4480
f 1786 1764 1798
f 52 259 53
f 232 233 47
f 1355 47 234
f 99 188 4594
f 4990 4994 4891
f 33 25 32
f 4921 4990 4920
f 4922 234 233
f 234 4922 247
f 1 36 11
f 1100 4597 247
f 1694 4659 49
f 5038 4538 4346
f 33 34 272
f 250 4957 249
f 275 32 36
f 4703 1452 1756
f 5038 4346 4352
f 4891 4994 4996
f 49 236 232
f 4597 234 247
f 4597 4763 238
f 1775 4547 4471
f 29 38 32
f 4920 4352 4921
f 11 12 1
f 4424 614 4994
f 1483 4720 4745
f 33 24 25
f 26 272 56
f 4352 4568 4521
f 4619 4680 4876
f 4636 4635 4990
f 51 55 562
f 25 29 32
f 1355 238 23
f 4635 1688 4567
f 33 32 34
f 22 238 246
f 14 12 3
f 4521 4568 4523
f 27 154 252
f 1715 1747 1718
f 25 55 29
f 4680 4928 616
f 5057 4680 616
f 4957 4882 249
f 56 284 26
f 4352 4765 5038
f 38 11 36
f 5057 5030 4760
f 1772 1775 4977
f 275 34 32
f 4659 1694 1693
f 34 56 272
f 55 25 562
f 4969 4860 4970
f 38 36 32
f 4922 1100 247
f 4860 4968 4878
f 284 281 26
f 4935 1728 4965
f 234 47 233
f 47 1355 23
f 284 56 34
f 203 24 272
f 4568 4920 4523
f 51 562 48
f 255 1693 203
f 24 562 25
f 52 53 30
f 203 1693 24
f 4427 1693 255
f 203 272 26
f 1693 1694 562
f 616 4928 577
f 48 562 49
f 257 4521 4525
f 4597 1355 234
f 26 255 203
f 577 4932 614
f 48 49 232
f 562 1694 49
f 48 232 47
f 51 47 22
f 26 281 280
f 1693 4427 4659
f 23 22 47
f 4538 5055 5057
f 257 26 280
f 233 4932 577
f 621 5057 616
f 4994 4990 4921
f 281 4765 280
f 4567 4525 4635
f 257 4427 255
f 255 26 257
f 4750 4680 4619
f 236 49 4659
f 4597 238 1355
f 23 238 22
f 614 616 577
f 4994 4921 4424
f 236 4932 232
f 280 4521 257
f 47 51 48
f 232 4932 233
f 4750 4619 4749
f 280 4765 4521
f 4521 4765 4352
f 1693 562 24
f 33 272 24
f 577 4922 233
f 4763 246 238
f 4525 5047 257
f 4521 4523 4525
f 4928 4922 577
f 614 4932 4996
f 4567 5047 4525
f 4749 4922 4750
f 4635 4525 4523
f 4352 4920 4568
f 4928 4750 4922
f 1100 4922 4749
f 621 616 614
f 4994 614 4996
f 4636 1688 4635
f 4567 5027 5047
f 4635 4523 4990
f 4346 4424 4352
f 4750 4928 4680
f 621 614 4424
f 1688 5027 4567
f 4920 4990 4523
f 4921 4352 4424
f 621 4424 4346
f 4346 4538 5057
f 4346 5057 621
f 5057 4760 4680
f 5057 5055 5030
f 4760 4876 4680
f 5030 5055 4790
f 4427 257 5047
f 4659 4427 5027
f 4427 5047 5027
f 242 179 240
f 632 1320 633
f 1756 1732 1733
f 28 252 3
f 259 27 31
f 1758 1798 1771
f 99 631 183
f 1787 4955 1791
f 143 152 631
f 560 629 635
f 1482 4703 1763
f 1769 1756 4733
f 51 22 50
f 240 46 246
f 189 1790 98
f 1552 4802 5029
f 259 154 27
f 143 4594 153
f 4955 1767 1791
f 1441 1471 1440
f 96 94 141
f 52 165 154
f 4882 1765 4829
f 3 11 28
f 11 3 12
f 1609 5029 4802
f 631 252 154
f 153 145 143
f 634 1174 144
f 929 4890 1091
f 1091 4890 4889
f 4480 1108 4478
f 4597 4478 4604
f 1126 1162 1098
f 4478 1108 4604
f 1437 4602 1098
f 4597 4604 4763
f 4759 4763 4604
f 4772 929 1437
f 4901 966 4871
f 4890 929 4772
f 4772 1098 4871
f 4763 4759 4764
f 1098 4772 1437
f 966 4771 4871
f 4604 1108 4570
f 4889 4890 4772
f 4763 4764 4584
f 4771 4889 4772
f 957 954 4570
f 4519 246 4763
f 1108 4602 1437
f 1000 1658 4811
f 4737 1728 4935
f 4506 1091 4889
f 1091 954 957
f 4771 4506 4889
f 4894 976 1000
f 954 1035 4570
f 1162 4871 1098
f 1000 976 1658
f 4642 954 4510
f 4519 4584 4537
f 246 4519 243
f 4584 1035 4537
f 4411 1162 1126
f 1038 4701 638
f 4480 4602 1108
f 1730 4993 4904
f 1000 4364 4894
f 4880 1710 1696
f 1710 4904 1708
f 4642 1035 954
f 4516 4519 4537
f 976 4894 4771
f 1725 4945 1730
f 1000 4811 4364
f 243 4519 4516
f 976 966 4901
f 4975 4958 4832
f 1696 242 243
f 4886 4364 4811
f 4570 1108 1437
f 4972 4935 4975
f 4537 4642 4516
f 4516 1696 243
f 4972 1741 4935
f 4894 4506 4771
f 4832 4917 4945
f 1714 1782 1697
f 184 239 1708
f 4975 4832 4945
f 4364 4886 1698
f 4764 4759 4570
f 4764 1035 4584
f 637 636 638
f 1725 1729 1704
f 4975 1746 4972
f 638 1741 637
f 242 1696 239
f 4911 4510 4506
f 636 1038 638
f 1697 1698 1714
f 4911 4894 4910
f 4759 4604 4570
f 4771 4772 4871
f 1699 1695 1700
f 4364 1697 4910
f 4897 1696 4516
f 4975 4945 1746
f 4993 4792 1708
f 4894 4364 4910
f 1782 4898 1697
f 4945 4917 4993
f 239 1696 1710
f 4516 4642 4900
f 1697 4364 1698
f 4701 1741 638
f 1437 929 957
f 1698 4812 4813
f 1038 4737 4701
f 4900 4642 4898
f 4972 1746 4815
f 4911 4898 4510
f 1700 1782 1729
f 1697 4911 4910
f 4900 4897 4516
f 1746 4945 1725
f 4904 4993 1708
f 1741 1704 637
f 4900 4898 4897
f 4506 4894 4911
f 1714 1698 4813
f 976 4771 966
f 1704 4813 637
f 636 637 4813
f 1782 1714 1704
f 4897 4880 1696
f 1730 4945 4993
f 1725 4815 1746
f 4642 4510 4898
f 4904 1710 1699
f 1704 1714 4813
f 1098 4602 1126
f 4570 1437 957
f 4815 1704 1741
f 4764 4570 1035
f 1730 4904 1699
f 1710 4880 1695
f 4993 4917 4792
f 4813 4812 636
f 4898 1695 4897
f 246 243 242
f 1729 1725 1730
f 4935 4701 4737
f 1091 957 929
f 1710 1708 239
f 4871 1162 1030
f 1782 1695 4898
f 1030 4901 4871
f 1729 1730 1699
f 1741 4701 4935
f 4897 1695 4880
f 4763 4584 4519
f 4815 1725 1704
f 4935 4958 4975
f 1729 1699 1700
f 4886 4812 1698
f 1695 1782 1700
f 4506 954 1091
f 4411 1126 4602
f 1035 4642 4537
f 1729 1782 1704
f 4510 954 4506
f 1710 1695 1699
f 4792 184 1708
f 4815 1741 4972
f 1697 4898 4911
f 46 22 246
f 1558 1563 1560
f 1138 1366 4435
f 4435 4872 1138
f 4435 4351 4872
f 4829 1775 249
f 27 38 29
f 4965 1744 4958
f 1800 4956 4547
f 140 96 144
f 184 1709 1701
f 4879 1701 1769
f 1733 1779 4744
f 4965 1721 1720
f 1471 1430 1474
f 1720 4926 4696
f 1421 1474 1462
f 1779 1731 1768
f 4879 4968 1711
f 1732 1701 1731
f 1412 1762 1411
f 4946 4969 4482
f 4977 1787 1772
f 1787 4860 1788
f 1462 1474 1473
f 4733 1502 1394
f 1412 1471 1762
f 4539 4422 4538
f 1441 1502 4733
f 1733 1732 1779
f 4977 4955 1787
f 4765 281 4979
f 242 239 179
f 178 1858 179
f 1715 1718 4703
f 1759 1452 1430
f 4792 1768 1709
f 1759 1430 1441
f 4482 4428 4946
f 4860 1787 4970
f 4860 4878 1788
f 4733 1394 1769
f 4879 1394 4878
f 1421 1762 1471
f 4744 1768 1707
f 1784 4829 4955
f 1471 1441 1430
f 1791 4970 1787
f 144 141 145
f 1611 4708 1722
f 4946 4532 4860
f 4547 1775 1785
f 1441 4733 1759
f 184 179 239
f 4547 1790 4471
f 626 250 189
f 4946 4428 4532
f 4878 4968 4879
f 4733 1756 1759
f 152 15 3
f 4933 4696 4926
f 1711 4968 178
f 1467 1554 1561
f 634 145 153
f 1452 1759 1756
f 184 1701 1711
f 4471 249 1775
f 4538 4934 4539
f 31 53 259
f 1701 1732 1769
f 1701 4879 1711
f 1452 1482 1474
f 4703 1756 1715
f 1474 1482 1473
f 4703 1482 1452
f 1731 1779 1732
f 1703 1709 1768
f 1747 1715 1707
f 1473 1515 1468
f 145 15 152
f 1482 4745 1515
f 1763 4745 1482
f 4703 1718 1763
f 591 230 592
f 607 592 4821
f 1768 4792 4916
f 1468 1515 1488
f 4745 4720 1515
f 230 591 593
f 4755 1237 4758
f 4532 4968 4860
f 4745 1763 1509
f 1713 1768 4916
f 567 591 592
f 591 567 560
f 566 567 592
f 1468 1488 1517
f 4720 1488 1515
f 1509 1763 4774
f 152 3 252
f 4745 1509 1483
f 1718 1478 4774
f 1718 4933 1477
f 1713 4916 4696
f 1488 1498 1517
f 1498 1488 4720
f 141 144 96
f 1483 1498 4720
f 4774 1494 1509
f 1501 1483 1509
f 3558 1478 1718
f 141 16 145
f 4774 1478 1494
f 144 1174 140
f 1454 1405 1443
f 4744 1779 1768
f 4532 178 4968
f 4594 143 99
f 3558 1718 1477
f 165 633 142
f 51 50 622
f 3 15 14
f 1769 1394 4879
f 1707 1733 4744
f 1764 1788 1771
f 4965 4958 4935
f 4933 1601 1477
f 50 46 241
f 1406 1419 1320
f 4696 1744 1720
f 15 145 16
f 4696 4916 1744
f 4538 4422 5055
f 5038 4934 4538
f 1501 1498 1483
f 5038 4766 4934
f 4766 5038 4765
f 4979 4766 4765
f 1509 1494 1501
f 1478 3558 1480
f 1494 1478 1495
f 4758 1237 1290
f 1480 3558 1477
f 1601 1750 1477
f 1601 4933 1557
f 1557 4933 4926
f 1501 1546 1498
f 1501 1494 1546
f 1480 1495 1478
f 1494 1495 1546
f 1480 1477 1481
f 1481 1477 1750
f 1601 1611 1750
f 1602 1601 1557
f 4926 1602 1557
f 1498 1546 1563
f 1561 1495 1480
f 1560 1546 1495
f 1480 1481 1561
f 1467 1481 1750
f 1552 1611 1601
f 1722 1750 1611
f 1602 1552 1601
f 1602 4926 4738
f 1560 1563 1546
f 1657 560 635
f 1495 1561 1560
f 1561 1481 1467
f 1467 1750 1722
f 4539 4934 4422
f 1611 1552 4722
f 1552 1602 4738
f 1467 1722 4708
f 1552 5029 4722
f 1611 4722 4721
f 4721 4708 1611
f 4793 1721 1728
f 1552 1721 4802
f 1561 1554 1558
f 4967 1858 178
f 1613 1554 1467
f 4708 1613 1467
f 1609 4722 5029
f 4721 4722 1609
f 1721 4793 4802
f 4793 1609 4802
f 4401 4881 4571
f 4967 4428 4863
f 4863 4571 262
f 4863 4692 4967
f 4967 4532 4428
f 1765 4881 1767
f 4692 1858 4967
f 1767 4881 4401
f 4863 4401 4571
f 178 4532 4967
f 4692 4572 1858
f 4572 4571 4883
f 4571 4572 262
f 4881 4882 4883
f 4863 262 4692
f 4883 4571 4881
f 262 4572 4692
f 4882 4881 1765
f 629 560 567
f 566 592 607
f 537 2448 2026
f 2494 2603 2489
f 2314 2235 2348
f 2473 2517 2072
f 2181 2285 2260
f 2281 2188 2150
f 2244 2279 2225
f 2089 2127 2182
f 2545 2552 2568
f 2070 2064 2099
f 2052 2072 2069
f 2057 2055 2064
f 2127 2095 2076
f 2526 2513 2519
f 2447 3271 2468
f 2045 2378 2042
f 2123 4943 2131
f 2627 2640 3054
f 5032 2312 2309
f 2326 2364 2345
f 2040 2063 2113
f 2283 2194 2363
f 2298 2214 2289
f 2278 3351 357
f 2187 2283 2363
f 2121 2120 2119
f 2669 2385 2515
f 2616 2662 2650
f 2802 2816 2613
f 2054 2023 2321
f 2302 2277 2323
f 2813 2816 2802
f 3317 2338 2341
f 2650 2806 2815
f 3078 2278 3371
f 3271 2470 2468
f 2670 2508 2600
f 2600 2576 2535
f 2565 2571 2711
f 2602 2574 2505
f 2103 2290 2092
f 2495 2509 2574
f 2326 2344 2364
f 2114 2120 2121
f 2039 2049 2046
f 2574 2493 2495
f 2022 2042 2012
f 2045 2043 2020
f 2189 4107 2150
f 2133 2275 2267
f 2514 2567 2597
f 2045 2020 2039
f 2081 2075 2077
f 2114 2121 2096
f 2841 2870 2810
f 2582 2678 2858
f 2672 2626 2662
f 2512 2046 2057
f 2062 2076 1171
f 2186 2175 2261
f 2042 2111 2045
f 2548 2514 2597
f 2008 3058 2010
f 2573 2569 2858
f 2187 2189 2188
f 2030 2029 2305
f 942 2117 2131
f 2082 2080 2298
f 2602 2388 2574
f 2526 2566 2548
f 2056 2070 2069
f 344 356 357
f 4985 2314 5063
f 2045 2054 2476
f 2617 2619 2557
f 3271 2447 2472
f 2178 2182 2127
f 2278 3352 3351
f 2554 2547 2559
f 2826 4698 4522
f 2045 2039 2378
f 2802 2810 2813
f 2021 2034 2032
f 2582 2669 2515
f 2075 2053 2077
f 2124 2110 2087
f 2571 2539 2711
f 2480 2473 2478
f 2106 2103 2092
f 4757 522 3845
f 3845 522 305
f 2517 2473 2477
f 3846 3845 3610
f 225 3962 305
f 5003 4836 3962
f 3987 5059 3846
f 303 225 305
f 5003 3962 225
f 3610 4836 3611
f 3962 3610 305
f 2051 3987 4971
f 3610 3962 4836
f 4768 5059 2051
f 305 3610 3845
f 3846 3610 3611
f 3846 4768 3845
f 3987 3846 3611
f 4768 3846 5059
f 3987 3611 4971
f 5059 3987 2051
f 3080 906 4905
f 3054 3070 3043
f 2832 2826 2862
f 3043 2864 2832
f 2824 2836 4465
f 2864 3043 3087
f 2836 4658 2857
f 2830 2857 4658
f 2832 3066 2826
f 2830 4698 2833
f 2864 3087 4469
f 2864 2834 2832
f 3065 4007 4534
f 2832 2862 3054
f 3065 4644 4015
f 2836 2857 4465
f 4042 4644 3905
f 2833 2857 2830
f 3043 3070 3087
f 4698 3066 2833
f 4007 3065 4015
f 4534 4463 3065
f 2830 4658 2827
f 4465 4463 4534
f 4463 4465 2857
f 4465 4534 2824
f 3082 3905 3083
f 3905 4536 4042
f 3082 2834 2835
f 2857 3083 4463
f 2834 2864 4469
f 2833 2834 3083
f 4536 4469 3087
f 3066 2832 2834
f 2836 2824 2827
f 3905 4463 3083
f 3905 4644 3065
f 2834 2833 3066
f 2833 3083 2857
f 3043 2832 3054
f 3905 3065 4463
f 4469 2835 2834
f 2835 4536 3905
f 4698 2826 3066
f 3905 3082 2835
f 4658 2836 2827
f 2835 4469 4536
f 3082 3083 2834
f 3081 4015 4713
f 522 4713 302
f 305 522 302
f 4713 3992 302
f 3087 3070 3017
f 303 305 302
f 4644 2416 4713
f 3453 302 3992
f 3049 2811 4643
f 2842 4643 2868
f 3070 3069 2863
f 2838 2863 3069
f 2054 2321 2476
f 2108 2059 2060
f 3018 2838 3049
f 2092 2108 2106
f 3069 2811 2838
f 301 641 227
f 2416 4042 4019
f 2032 2036 2014
f 3070 2863 3017
f 2868 2870 4414
f 2863 2838 3018
f 2153 2138 2126
f 4039 2051 3451
f 2842 4414 2866
f 4042 4536 4497
f 4019 4042 79
f 3087 3017 4497
f 3453 2416 4019
f 2802 2613 2626
f 3080 3079 906
f 4558 3017 2863
f 4414 2842 2868
f 4451 4414 3020
f 2842 3018 3049
f 4039 3601 4757
f 3453 4019 4806
f 3087 4497 4536
f 2239 2138 2080
f 2093 4915 2123
f 3018 2842 2837
f 1127 2014 4905
f 3079 4475 4488
f 2281 2289 2214
f 4414 4451 2866
f 3081 4713 522
f 303 227 304
f 4497 79 4042
f 4039 4768 2051
f 1146 2089 2238
f 79 2294 4019
f 2824 4454 2019
f 3052 4497 3017
f 3845 4768 4757
f 2868 4643 2870
f 4806 4019 2294
f 2866 2837 2842
f 4806 2294 3071
f 3050 4451 3030
f 2043 2078 2020
f 4558 3052 3017
f 2645 2069 2475
f 3030 4451 3020
f 4807 4497 3052
f 303 304 225
f 2838 2811 3049
f 79 4497 2294
f 522 4757 3601
f 3077 4806 3602
f 3081 522 3601
f 2837 2871 4390
f 3019 4390 4490
f 2519 2533 2551
f 4541 3071 2294
f 2597 2513 2526
f 302 3453 301
f 3071 3072 4806
f 4490 4390 2871
f 2627 2563 2641
f 3030 4036 3050
f 4541 4490 3336
f 4807 3019 4490
f 3072 3336 3602
f 4042 2416 4644
f 4497 4807 2294
f 4534 4454 2824
f 3030 3435 4036
f 3336 3072 4541
f 3435 3336 4020
f 2871 4036 4490
f 3453 3077 641
f 3019 3052 4558
f 3019 4807 3052
f 3453 4806 3077
f 2866 3050 2871
f 2152 2261 2175
f 4809 906 4488
f 4541 4807 4490
f 3072 3602 4806
f 3071 4541 3072
f 906 1127 4905
f 3336 4490 4020
f 4809 4039 1127
f 2617 2630 4522
f 4558 3018 4390
f 2842 3049 4643
f 4558 2863 3018
f 2866 4451 3050
f 4713 2416 3992
f 5001 2019 3080
f 301 303 302
f 2561 2508 2672
f 301 227 303
f 4036 2871 3050
f 4020 4036 3435
f 4390 3018 2837
f 2416 3453 3992
f 2557 2619 2621
f 3435 3602 3336
f 4905 2036 4731
f 4713 4015 4644
f 3019 4558 4390
f 4541 2294 4807
f 2871 2837 2866
f 2059 2478 2473
f 3453 641 301
f 4020 4490 4036
f 2615 2680 2629
f 2815 2643 2650
f 2313 2378 2039
f 2669 2586 2654
f 2523 2481 2513
f 2281 2214 2270
f 2184 2261 2152
f 2572 2570 2532
f 2049 2040 2055
f 2607 2514 2547
f 2816 2811 2806
f 2494 2572 2603
f 2530 2533 2603
f 2245 2273 2323
f 2081 2077 2074
f 2055 2044 2099
f 2090 4908 2096
f 2187 2363 2183
f 2305 2025 5032
f 2470 2553 2485
f 2132 2125 4915
f 2565 2612 2562
f 537 2116 5058
f 2378 2633 2042
f 2364 2338 2345
f 2628 2626 2629
f 2103 2141 1146
f 2270 2181 2281
f 2076 2062 2101
f 2603 2497 2488
f 2153 2133 2142
f 2473 2480 2477
f 2539 2570 2711
f 2551 2530 2539
f 3070 3054 2839
f 2815 3069 2839
f 2512 2057 2058
f 1171 2076 2095
f 2062 2041 2088
f 2495 2392 2375
f 2392 2376 2385
f 2056 2645 2058
f 2460 2468 2465
f 2555 2548 2566
f 2560 2551 2537
f 2498 2489 2482
f 3900 2014 1127
f 2585 2569 2654
f 1171 2081 2074
f 2612 2565 2683
f 2117 2115 2116
f 2539 2571 2537
f 2532 2603 2572
f 2478 2145 2465
f 2494 2489 2522
f 2231 2354 2326
f 2601 2678 2653
f 2611 2610 2566
f 2096 2182 2090
f 2607 2554 2604
f 2472 2482 2501
f 4414 2870 2861
f 2547 2514 2548
f 2830 2008 2011
f 2645 2552 2545
f 2537 2562 2560
f 2488 2485 2553
f 2643 2815 2814
f 2064 2058 2057
f 2188 2281 2361
f 1171 2095 2084
f 2532 2570 2539
f 2813 2810 2870
f 3337 2329 2265
f 2542 2481 2497
f 2675 2802 2628
f 2552 2567 2568
f 4475 4454 4534
f 2032 2034 2036
f 2079 2044 2041
f 5058 2018 2448
f 2653 2628 2601
f 2070 2079 2053
f 4944 2031 5058
f 2475 2536 2552
f 4908 2101 2088
f 2361 2181 2283
f 2482 2489 2488
f 2680 2601 2629
f 2567 2514 2568
f 2150 2289 2281
f 2283 2181 2184
f 2511 2468 2470
f 2672 2615 2629
f 2313 2633 2378
f 2609 2610 2563
f 279 2116 2146
f 2064 2070 2056
f 2277 2344 2352
f 2103 2139 2191
f 5001 3080 2015
f 2345 2355 2326
f 2238 2082 2139
f 2617 2609 2563
f 2641 2608 2644
f 2074 2062 1171
f 2481 2523 2474
f 2627 2630 2617
f 4107 4193 2150
f 2862 2627 3054
f 2132 4915 2133
f 4194 2185 2289
f 2645 2475 2552
f 2302 2344 2277
f 2593 2680 2615
f 2125 2120 4943
f 4944 5058 2295
f 2261 2269 2186
f 4908 2076 2101
f 2189 2183 4107
f 2013 2010 2016
f 2275 2030 2307
f 2133 2296 2275
f 2290 2346 2105
f 2561 2683 2711
f 2261 2184 2260
f 2530 2551 2533
f 2116 279 2117
f 2551 2560 2550
f 2572 2494 2388
f 2497 2603 2533
f 2608 2562 2623
f 2539 2537 2551
f 2053 2060 2061
f 2305 279 2146
f 2839 3054 2814
f 2127 1146 2141
f 2033 2031 2034
f 4908 2088 2087
f 2023 2036 2034
f 2861 3020 4414
f 5001 2015 2016
f 2150 4193 4194
f 2105 4948 2145
f 2346 2290 2359
f 2560 2562 2550
f 5046 5032 5045
f 2443 3343 2455
f 2178 2127 2076
f 2644 2608 2623
f 2640 2814 3054
f 2361 2281 2181
f 3271 2501 2470
f 2184 2181 2260
f 2289 2282 2191
f 2349 1797 2398
f 2629 2601 2628
f 2650 2662 2806
f 2452 2145 4948
f 2296 2093 2029
f 2075 2106 2108
f 2105 2346 4948
f 2080 2270 2214
f 2379 2376 2393
f 2648 2593 2505
f 2144 2126 2138
f 2621 2639 2516
f 4193 2340 4194
f 2816 2813 4643
f 4194 1766 2282
f 2352 2175 2186
f 2114 4943 2120
f 2547 2555 2559
f 2115 2110 2295
f 2182 2138 2239
f 2477 2480 2511
f 2615 2508 2602
f 2574 2509 2648
f 2468 2478 2465
f 2382 2374 2433
f 1797 4676 2398
f 2613 2816 2806
f 2111 2042 2022
f 2127 2089 1146
f 2016 3058 5001
f 2452 2465 2145
f 2344 2302 2364
f 2313 2554 2013
f 4219 4214 4232
f 2433 2424 2393
f 2030 2305 5046
f 2186 2269 2277
f 2269 2261 2260
f 2474 2511 2485
f 2516 2559 2621
f 4109 2335 2333
f 2433 2392 2382
f 2346 2359 2521
f 2526 2595 2611
f 2282 2289 2185
f 4643 2813 2870
f 2182 2239 2089
f 2323 2307 2319
f 2056 2069 2645
f 2460 2447 2468
f 2189 2187 2183
f 2061 2052 2069
f 2586 2582 2585
f 2493 2494 2500
f 4194 2340 1766
f 2648 2569 2593
f 2806 2811 2815
f 2464 2466 2453
f 2355 2345 3317
f 2557 2559 2555
f 2141 2103 2106
f 2116 537 2146
f 2062 2088 2101
f 4698 2651 4522
f 2464 2469 2466
f 2069 2070 2053
f 3381 2465 2454
f 2609 2555 2610
f 2080 2237 2270
f 2555 2566 2610
f 2010 2516 2011
f 2352 2186 2277
f 2018 4961 2033
f 2639 2011 2516
f 2366 4225 2350
f 2319 5045 2322
f 2276 4753 4214
f 2476 2321 2113
f 2621 2619 2639
f 2433 2380 2424
f 2019 5001 3058
f 2547 2548 2555
f 2839 3069 3070
f 2616 2683 2662
f 2131 2117 2093
f 2123 2131 2093
f 2087 2110 942
f 2526 2548 2597
f 2565 2537 2571
f 2576 2570 2572
f 5042 2314 2348
f 5046 2305 5032
f 2384 2500 2400
f 2033 2021 2018
f 2460 3381 2456
f 4698 2830 2651
f 2552 2523 2567
f 2556 2711 2570
f 2384 2400 2496
f 2126 2132 2133
f 2307 5045 2319
f 5058 2448 537
f 2623 2616 2650
f 2505 2615 2602
f 2482 2581 2498
f 2521 2450 2346
f 2365 2450 2521
f 2565 2711 2683
f 2322 2309 5042
f 2521 2451 2365
f 2615 2505 2593
f 2451 2140 1766
f 2386 2450 2365
f 2043 2040 2049
f 2388 2602 2535
f 2040 2043 2073
f 2150 2188 2189
f 4643 2811 2816
f 4985 3984 2235
f 3316 4985 5063
f 2235 3984 3338
f 2474 2477 2511
f 2380 2433 2374
f 4676 1797 4214
f 2489 2603 2488
f 2861 2870 2841
f 3984 4985 3316
f 3984 3328 3338
f 2049 2078 2043
f 2058 2064 2056
f 2099 2079 2070
f 2496 2371 2382
f 2039 2046 2313
f 2500 2446 2400
f 2542 2497 2533
f 3316 3328 3984
f 2451 1766 1086
f 2235 3338 3428
f 942 4943 2114
f 2121 2119 2144
f 1766 2339 1086
f 2554 2559 2516
f 2522 2498 2494
f 2282 2185 4194
f 2040 2113 2041
f 2043 2476 2063
f 2314 4985 2235
f 2607 2547 2554
f 2376 2433 2393
f 2178 4908 2090
f 2508 2670 2602
f 2505 2574 2648
f 1086 3584 2386
f 2627 2644 2640
f 2039 2020 2078
f 3316 3318 3335
f 2512 2604 2046
f 2013 2633 2313
f 2194 2184 2152
f 2375 2648 2509
f 2573 2601 2680
f 2030 2275 2296
f 1146 2238 2139
f 2369 2442 2435
f 2043 2045 2476
f 2519 2595 2526
f 2374 2371 2422
f 2331 3318 3316
f 3316 5003 2331
f 2096 2121 2144
f 2446 2500 2581
f 2608 2550 2562
f 2472 2437 2581
f 2133 4915 2296
f 2371 2496 2439
f 2858 2569 2585
f 2348 2325 2304
f 2567 2513 2597
f 2400 2446 2439
f 2450 2453 2452
f 2073 2063 2040
f 2669 2654 2385
f 2331 5003 225
f 3342 3332 3318
f 2450 2452 4948
f 1766 2340 2339
f 3075 2440 2431
f 2265 2330 2279
f 2325 3317 2341
f 2386 2458 2450
f 2018 2021 2035
f 4211 2458 2386
f 2341 2304 2325
f 2451 1086 2386
f 4212 4676 4214
f 2325 2327 3317
f 2563 2610 2611
f 4183 2331 225
f 2304 5042 2348
f 3430 3342 4183
f 2325 3337 2327
f 2191 2282 2140
f 4225 4212 2350
f 2628 2653 2675
f 4198 2453 2450
f 3337 3317 2327
f 2103 2140 2359
f 4205 3980 3584
f 4219 4232 2339
f 2061 2069 2053
f 2468 2480 2478
f 4232 1905 2339
f 1086 2339 1905
f 2355 2342 2326
f 2326 2342 2256
f 2045 2111 2054
f 2364 2302 2323
f 2307 5046 5045
f 2469 3381 2466
f 225 3371 4183
f 2245 2269 2260
f 2344 2326 2352
f 2612 2616 2623
f 2422 2425 2374
f 2325 2348 3337
f 2260 2285 2245
f 3337 2355 3317
f 2273 2285 2142
f 2355 2265 2342
f 2342 2244 2256
f 2385 2654 2375
f 2349 2398 2366
f 356 3430 2278
f 2371 2435 2422
f 2088 2124 2087
f 2447 2437 2472
f 2084 2075 2081
f 2244 2255 2256
f 2437 2446 2581
f 2431 2439 2446
f 3335 3346 3328
f 2329 3337 2348
f 2458 4198 2450
f 4212 4214 4219
f 4225 2398 4676
f 3337 2265 2355
f 2627 2641 2644
f 2651 2619 4522
f 2116 2115 2295
f 2359 2140 2521
f 2304 2322 5042
f 2456 4747 2467
f 3342 3430 356
f 2806 2662 2613
f 3078 3371 304
f 2278 357 356
f 4232 4753 1905
f 2512 2058 2545
f 2366 4234 2349
f 2329 2348 2235
f 2438 2367 2369
f 2244 2265 2279
f 5058 2033 4961
f 2060 2075 2108
f 2542 2519 2513
f 2113 2321 2124
f 2465 3381 2460
f 3428 2329 2235
f 4205 4202 3980
f 2330 2265 2329
f 304 3449 3078
f 2063 2073 2043
f 3078 3352 2278
f 2425 2422 2442
f 3447 227 345
f 2535 2602 2670
f 2495 2375 2509
f 942 2110 2117
f 2013 2016 2633
f 2026 2146 537
f 1650 3327 3334
f 2307 2323 2275
f 2431 2446 2437
f 3429 3428 3338
f 4211 4198 2458
f 3352 3078 3449
f 2453 4198 2464
f 2542 2533 2519
f 2442 2370 2420
f 2569 2573 2593
f 2279 2330 2333
f 641 226 227
f 2369 2435 2440
f 2015 2042 2633
f 2430 2369 2367
f 2678 2601 2858
f 2435 2431 2440
f 4234 1797 2349
f 2466 2454 2452
f 2087 942 2114
f 3328 3346 3338
f 4753 4232 4214
f 2561 2672 2683
f 3449 227 3447
f 3351 3352 3364
f 3584 1086 1905
f 2439 2496 2400
f 1905 4753 3584
f 2430 2436 2369
f 2711 2556 2561
f 2077 2079 2074
f 4120 3338 3346
f 2447 2467 2437
f 2576 2556 2570
f 2572 2535 2576
f 2641 2563 2608
f 4915 2125 2123
f 2244 2342 2265
f 2298 2139 2082
f 2375 2392 2385
f 3447 3364 3352
f 4676 4212 4225
f 3584 4211 2386
f 2521 2140 2451
f 344 3334 3332
f 2437 2467 3075
f 2437 3075 2431
f 3429 3338 4120
f 2464 4198 4211
f 3334 3335 3332
f 2442 2422 2435
f 2092 2290 2105
f 3428 3429 3983
f 2333 2330 3428
f 3982 4196 4803
f 2562 2612 2623
f 2562 2537 2565
f 2436 2442 2369
f 2117 2029 2093
f 2025 2146 2026
f 2827 3058 2008
f 2442 2436 2370
f 2269 2323 2277
f 3983 4120 3329
f 2550 2519 2551
f 2626 2628 2802
f 2132 2119 2120
f 2467 2460 2456
f 3346 3327 4120
f 2080 2214 2298
f 345 227 226
f 3449 3447 3352
f 2022 2054 2111
f 2467 4747 3075
f 2270 2237 2181
f 2536 2523 2552
f 2464 4211 4202
f 2450 4948 2346
f 2370 2436 2430
f 227 3449 304
f 4202 4211 3980
f 3584 2276 4205
f 2654 2648 2375
f 3429 4120 3983
f 2452 2454 2465
f 3983 2333 3428
f 2683 2672 2662
f 2468 2511 2480
f 2493 2388 2494
f 4905 2014 2036
f 3900 2032 2014
f 2036 2012 4731
f 1127 906 4809
f 4809 4488 4039
f 4039 3451 1127
f 4905 4731 3080
f 3080 2019 3079
f 906 3079 4488
f 4731 2012 3080
f 4039 4488 3601
f 2019 4475 3079
f 2035 2032 3900
f 4475 2019 4454
f 4488 4475 4534
f 4488 4007 3601
f 4488 4534 4007
f 4039 4757 4768
f 3601 4007 3081
f 3081 4007 4015
f 2827 2824 2019
f 2181 2237 2285
f 3371 2278 3430
f 2015 2633 2016
f 2604 2554 2313
f 2466 2452 2453
f 2188 2361 2187
f 3964 2456 3381
f 2469 2464 4202
f 2388 2535 2572
f 2055 2040 2044
f 2581 2482 2472
f 4214 2334 4206
f 2451 2386 2365
f 2569 2648 2654
f 4120 3327 3329
f 2256 2231 2326
f 2498 2581 2500
f 2501 3271 2472
f 4109 2333 3983
f 2126 2144 2119
f 2057 2046 2049
f 2438 2369 2440
f 2862 2630 2627
f 2321 2110 2124
f 2639 2651 2011
f 2010 2011 2008
f 2126 2119 2132
f 5032 2309 5045
f 3966 2455 4804
f 2485 2511 2470
f 2095 2106 2084
f 2532 2539 2530
f 2015 2012 2042
f 2398 4225 2366
f 4747 2455 3343
f 4747 3343 3075
f 2276 4206 4205
f 2494 2498 2500
f 3964 2483 2456
f 2142 2285 2153
f 3428 2330 2329
f 2095 2127 2141
f 2095 2141 2106
f 2862 2826 2630
f 2460 2467 2447
f 2075 2060 2053
f 3329 3327 4112
f 2586 2669 2582
f 2016 2010 3058
f 2466 3381 2454
f 2034 2031 2023
f 2498 2522 2489
f 2139 2298 2191
f 2237 2153 2285
f 2075 2084 2106
f 4850 3983 3329
f 2144 2182 2096
f 2289 2150 4194
f 4206 2334 4200
f 2140 2103 2191
f 2830 2827 2008
f 2092 2105 2145
f 3343 2438 3075
f 2469 4202 4803
f 4234 2334 1797
f 2131 4943 942
f 2269 2245 2323
f 2609 2557 2555
f 2057 2049 2055
f 2380 2374 2425
f 2607 2512 2568
f 3964 3381 2469
f 2608 2563 2611
f 2285 2273 2245
f 2276 3584 4753
f 2076 4908 2178
f 344 3332 3342
f 2435 2371 2439
f 2096 4908 2114
f 4804 2483 3964
f 2064 2055 2099
f 2267 2273 2151
f 2354 2352 2326
f 2382 2384 2496
f 279 2029 2117
f 4183 3318 2331
f 2376 2515 2385
f 2567 2523 2513
f 4747 2483 2455
f 2013 2516 2010
f 2298 2289 2191
f 1650 3334 344
f 2145 2059 2092
f 2153 2126 2133
f 2049 2039 2078
f 2090 2182 2178
f 2290 2103 2359
f 2431 2435 2439
f 2545 2058 2645
f 2858 2585 2582
f 4183 3371 3430
f 2438 2445 2367
f 2273 2275 2323
f 2485 2481 2474
f 2643 2623 2650
f 2034 2021 2033
f 2814 2815 2839
f 3317 2345 2338
f 2644 2623 2643
f 2125 4943 2123
f 2132 2120 2125
f 3965 4196 3982
f 2133 2267 2151
f 2341 2322 2304
f 4200 3965 3982
f 1127 3451 3900
f 3451 2051 3898
f 3898 2035 3900
f 4754 4971 3611
f 3898 2051 2306
f 4754 2306 4971
f 2018 2035 2007
f 3339 4836 5003
f 3074 2306 4754
f 3074 2007 2306
f 2026 2448 2027
f 2007 2448 2018
f 3339 3316 5063
f 4836 3073 4754
f 3339 5003 3316
f 2026 2028 2328
f 2028 2027 3074
f 2328 2314 5042
f 3900 3451 3898
f 3898 2007 2035
f 5063 2024 3339
f 4971 2306 2051
f 2007 2027 2448
f 2024 2028 3074
f 3073 3074 4754
f 3074 2027 2007
f 2028 2026 2027
f 3074 3073 2024
f 4836 4754 3611
f 2314 2028 5063
f 3898 2306 2007
f 2028 2024 5063
f 2328 2028 2314
f 2328 5042 2312
f 2328 2312 2026
f 4836 3339 3073
f 3339 2024 3073
f 4202 4205 3982
f 2338 2319 2341
f 4112 4850 3329
f 2110 2321 2295
f 2144 2138 2182
f 2683 2616 2612
f 2140 2282 1766
f 2477 2474 2523
f 2052 2061 2060
f 2022 2036 2023
f 2151 2142 2133
f 3335 3334 3346
f 2603 2532 2530
f 2512 2607 2604
f 2438 3343 2443
f 2063 2476 2113
f 2600 2561 2556
f 2295 2321 4944
f 4803 4202 3982
f 2644 2643 2814
f 2542 2513 2481
f 2117 2110 2115
f 4747 2456 2483
f 2626 2672 2629
f 4804 4803 4196
f 2030 5046 2307
f 3966 2445 2443
f 4206 2276 4214
f 304 3371 225
f 2376 2392 2433
f 3966 3306 2445
f 3982 4205 4206
f 2420 2425 2442
f 2025 2312 5032
f 4908 2087 2114
f 4206 4200 3982
f 4804 4196 3966
f 2662 2626 2613
f 2517 2477 2523
f 2023 2054 2022
f 2438 2443 2445
f 2319 2322 2341
f 279 2305 2029
f 2473 2052 2060
f 2309 2322 5045
f 2295 5058 2116
f 2473 2060 2059
f 2384 2495 2500
f 2012 2015 3080
f 2382 2392 2384
f 2108 2092 2059
f 2103 1146 2139
f 2074 2079 2041
f 2488 2553 2501
f 2338 2323 2319
f 2237 2138 2153
f 4804 3964 4803
f 3335 3328 3316
f 2237 2080 2138
f 2611 2595 2550
f 2238 2239 2082
f 2099 2044 2079
f 2556 2576 2600
f 4196 3306 3966
f 2275 2273 2267
f 2475 2069 2072
f 2609 2617 2557
f 2046 2604 2313
f 2072 2052 2473
f 2438 2440 3075
f 4803 3964 2469
f 2601 2573 2858
f 2585 2654 2586
f 3332 3335 3318
f 2379 2515 2376
f 2574 2388 2493
f 2826 4522 2630
f 4214 1797 2334
f 2483 4804 2455
f 2142 2151 2273
f 3346 3334 3327
f 2371 2374 2382
f 2443 2455 3966
f 2023 2031 4944
f 2557 2621 2559
f 3342 356 344
f 3342 3318 4183
f 2488 2497 2485
f 3980 4211 3584
f 2517 2523 2536
f 2338 2364 2323
f 2497 2481 2485
f 2651 2830 2011
f 2031 2033 5058
f 2508 2561 2600
f 2296 4915 2093
f 2018 5058 4961
f 2514 2607 2568
f 2617 4522 2619
f 2475 2072 2517
f 2333 2335 2225
f 2651 2639 2619
f 2023 4944 2321
f 2470 2501 2553
f 2672 2508 2615
f 2044 2040 2041
f 2526 2611 2566
f 3058 2827 2019
f 2554 2516 2013
f 2550 2595 2519
f 2030 2296 2029
f 2600 2535 2670
f 2495 2493 2500
f 2113 2124 2088
f 2361 2283 2187
f 2053 2079 2077
f 2573 2680 2593
f 2333 2225 2279
f 2568 2512 2545
f 2644 2814 2640
f 2041 2062 2074
f 2081 1171 2084
f 2184 2194 2283
f 5042 2309 2312
f 2488 2501 2482
f 2617 2563 2627
f 2550 2608 2611
f 2238 2089 2239
f 2255 2231 2256
f 2036 2022 2012
f 2041 2113 2088
f 2312 2025 2026
f 2495 2384 2392
f 2035 2021 2032
f 3069 2815 2811
f 2082 2239 2080
f 2536 2475 2517
f 2145 2478 2059
f 2025 2305 2146
f 2663 2738 2677
f 2471 2677 2808
f 2753 2792 2763
f 2793 2753 2763
f 2765 2766 2763
f 2872 2774 2766
f 2771 3873 924
f 2821 2785 2798
f 2528 2625 2582
f 2771 2774 3873
f 2660 2688 2791
f 3482 3235 4022
f 3170 3489 2982
f 3235 3490 4022
f 3482 4146 3086
f 4146 2492 3086
f 3482 4022 4102
f 3490 3489 4022
f 3874 924 3873
f 2763 2792 2760
f 3482 4102 4146
f 4022 3545 4102
f 3101 3489 3490
f 3489 3545 4022
f 2492 4146 3545
f 2677 2738 2687
f 4146 4102 3545
f 3101 2985 3489
f 3170 3545 3489
f 3489 2985 3038
f 2985 3534 3038
f 3489 3038 2982
f 2845 2847 2762
f 4675 2688 2690
f 2471 2663 2677
f 2808 2677 2764
f 3164 3709 2963
f 4148 3477 2964
f 785 2657 2656
f 2961 1284 4140
f 3503 4140 851
f 960 961 4148
f 958 4140 3503
f 4148 3722 958
f 3915 2939 2942
f 2983 4162 3492
f 3722 3723 2969
f 3145 3709 2962
f 3153 3321 3154
f 2964 3485 3736
f 1284 2966 2974
f 3592 785 4175
f 2978 3488 3486
f 3477 961 4111
f 3723 3592 4175
f 2959 3155 3183
f 2942 2964 4111
f 3155 3709 3145
f 4111 961 4185
f 3159 2974 2983
f 4185 960 4208
f 3159 2983 3492
f 4121 3592 3723
f 2964 2939 3139
f 851 3488 2978
f 4162 2983 2966
f 3548 3427 3183
f 4208 960 3486
f 958 2969 4140
f 2974 2966 2983
f 3492 4162 828
f 2657 3183 3427
f 3485 3722 3736
f 828 2657 3427
f 2658 2659 4162
f 2978 3503 851
f 3736 4148 2964
f 3669 2962 3154
f 2774 2872 3873
f 785 3183 2657
f 3873 2872 3874
f 2792 2791 2760
f 2791 2687 2660
f 2974 851 1284
f 3153 3111 3321
f 2765 2760 2757
f 4162 2659 828
f 2658 2657 2659
f 2738 2664 2687
f 3723 3722 3485
f 3592 3183 785
f 3149 3154 3164
f 2961 3591 1284
f 2658 3591 2656
f 3592 2959 3183
f 2939 2964 2942
f 3591 2961 4175
f 3592 2963 2959
f 2959 2963 3709
f 4175 2961 2969
f 4121 2963 3592
f 2978 3486 3503
f 2658 4162 2966
f 3548 3183 3501
f 3155 2959 3709
f 3503 960 958
f 2941 2972 3915
f 4148 3736 3722
f 3485 3139 3164
f 3164 2963 4121
f 3486 960 3503
f 961 960 4185
f 3485 3164 4121
f 3492 828 3394
f 851 2974 3488
f 958 3722 2969
f 2962 3709 3154
f 2656 2657 2658
f 4148 961 3477
f 3501 3183 3155
f 3139 3149 3164
f 3669 3154 3321
f 4185 2972 2941
f 2656 4175 785
f 3153 3154 3149
f 2953 2912 3133
f 2892 2908 2912
f 2912 2908 2909
f 2892 2905 2906
f 2905 2892 2897
f 2713 2716 2908
f 2716 2713 2692
f 2906 2692 2713
f 2909 2888 3127
f 2908 2716 2888
f 2723 2906 2889
f 2897 2722 2889
f 2716 2692 2698
f 2692 2906 2691
f 3132 3127 2888
f 2716 2698 2888
f 2691 2906 2723
f 4335 2701 2722
f 2905 2897 2889
f 2701 2700 2722
f 2892 2713 2908
f 2696 2705 4335
f 2727 3128 3127
f 3127 3132 2727
f 2912 2909 3133
f 2692 2691 2698
f 2888 2698 3132
f 2723 2724 2691
f 2723 2722 2700
f 4335 2705 2701
f 2704 2696 2849
f 2699 2705 2696
f 2737 2704 2849
f 2908 2888 2909
f 2727 3137 3128
f 3132 2707 2727
f 2724 2698 2691
f 3132 2698 2707
f 3128 2909 3127
f 2704 2699 2696
f 2699 2710 2705
f 2737 2733 2704
f 2731 2755 2746
f 3181 3137 2727
f 2707 991 2727
f 2707 2698 2724
f 2724 2700 2752
f 2699 2704 2733
f 2700 2701 2708
f 2674 2746 2755
f 4691 2718 4161
f 2736 2731 2746
f 2726 991 2707
f 2726 2707 2725
f 4691 3118 2410
f 2717 2724 2752
f 2752 2714 2717
f 3150 3112 4691
f 2783 2699 2733
f 4691 2410 3113
f 2733 2731 2743
f 2733 2737 2731
f 2746 2747 2736
f 2674 2668 2751
f 3181 3112 4633
f 2718 991 2726
f 2784 2783 2734
f 3137 3181 4633
f 2783 2733 2740
f 2583 4791 869
f 2740 2733 2743
f 2736 2747 2749
f 2752 2708 2714
f 2725 2717 2718
f 3497 4161 2717
f 2674 2751 2746
f 2734 2714 2784
f 2714 2720 3497
f 2734 2783 2740
f 2740 2743 2749
f 2749 2747 3121
f 3654 4691 4161
f 2747 2751 2745
f 3305 2776 2668
f 2705 2710 2708
f 2776 2745 2751
f 3112 991 2718
f 2682 869 2778
f 2778 4791 3654
f 4691 3112 2718
f 2726 2725 2718
f 3119 4161 3497
f 2784 2710 2783
f 2717 2725 2724
f 3150 3113 4780
f 2720 3119 3497
f 2740 2741 2734
f 2410 2584 2667
f 2744 2740 2749
f 2744 2748 2682
f 2682 2396 869
f 2953 2892 2912
f 2905 2889 2906
f 2396 2584 2583
f 2682 2778 2741
f 991 3112 3181
f 3121 2748 2749
f 2700 2708 2752
f 2747 2745 3121
f 3150 4691 3113
f 4780 4633 3150
f 2784 2714 2710
f 3119 3654 4161
f 2740 2744 2741
f 2720 2742 3654
f 2718 2717 4161
f 2744 2682 2741
f 4633 3112 3150
f 2734 2742 2720
f 2742 2734 2741
f 2749 2743 2736
f 2723 2700 2724
f 3305 2396 2745
f 2710 2714 2708
f 2748 2396 2682
f 2725 2707 2724
f 2584 2410 3118
f 2736 2743 2731
f 3118 4691 4791
f 2713 2892 2906
f 2722 2723 2889
f 4791 4691 3654
f 2583 2584 3118
f 3118 4791 2583
f 2747 2746 2751
f 2778 3654 2742
f 2783 2710 2699
f 2897 4335 2722
f 2396 2667 2584
f 2668 2776 2751
f 869 4791 2778
f 2396 2748 2745
f 3181 2727 991
f 2741 2778 2742
f 2720 3654 3119
f 2745 2748 3121
f 2749 2748 2744
f 2717 2714 3497
f 2583 869 2396
f 2714 2734 2720
f 2745 2776 3305
f 2705 2708 2701
f 2396 3305 2667
f 2966 3591 2658
f 3591 4175 2656
f 3153 3147 3111
f 2939 3915 2940
f 3147 3149 3139
f 851 4140 1284
f 2961 4140 2969
f 3485 4121 3723
f 3147 3153 3149
f 4111 2964 3477
f 2659 2657 828
f 3111 3139 2939
f 2941 2942 4111
f 1284 3591 2966
f 3147 3139 3111
f 3709 3164 3154
f 3915 2942 2941
f 3139 3485 2964
f 3723 4175 2969
f 958 960 4148
f 3145 2962 3669
f 2941 4111 4185
f 2753 2686 2764
f 4467 2771 924
f 2434 2387 2393
f 2663 2379 2387
f 2763 2770 2793
f 2845 2873 3936
f 2690 2688 2684
f 2515 2590 2528
f 2379 2393 2387
f 2686 2793 2821
f 2795 2793 2770
f 2689 2686 2821
f 2847 2845 3936
f 2771 2845 2762
f 2664 2738 2663
f 4634 3800 4679
f 3221 3241 3232
f 3172 3800 4633
f 3232 3520 3215
f 3142 3122 4634
f 3160 3203 3199
f 3134 3122 2706
f 3201 3211 3353
f 4582 2943 2706
f 4154 3398 3206
f 4679 3140 3144
f 3169 3173 3176
f 3275 3210 3298
f 3123 4634 4679
f 3266 315 3229
f 3248 2462 3507
f 3221 3696 3693
f 3144 3319 4173
f 3216 3221 3215
f 3190 3185 3912
f 3699 3267 3518
f 4695 3124 4544
f 3234 3232 3233
f 3172 3140 3800
f 3506 3507 2462
f 3128 3122 2909
f 3206 3207 3200
f 3128 3137 4634
f 847 3172 4780
f 3174 4144 3203
f 318 3234 3261
f 3215 3520 318
f 3172 3108 4782
f 4679 4106 3123
f 2463 4154 3506
f 4106 4695 3123
f 3516 3214 4154
f 3506 4154 3270
f 3176 3140 4782
f 3108 3172 847
f 3201 3229 3205
f 3267 3260 3196
f 3134 2909 3122
f 4633 3800 3137
f 3140 3172 4782
f 318 3236 3215
f 2706 3122 3142
f 3725 3190 4144
f 3547 3546 3696
f 3144 3140 3176
f 4679 3144 4106
f 4106 3144 4173
f 3134 3133 2909
f 3207 3174 3203
f 3266 3275 315
f 3201 3205 3211
f 3912 3169 4782
f 3193 842 3185
f 4544 3142 3123
f 3810 3811 3699
f 4782 3169 3176
f 3699 3397 3698
f 3210 3266 3202
f 2706 3142 3126
f 3144 3176 3319
f 3221 3216 3547
f 3123 4695 4544
f 3172 4633 4780
f 3126 3142 4544
f 3196 3260 3212
f 3528 3547 3216
f 3912 3198 3199
f 4782 3108 3912
f 4106 4173 4695
f 4582 2706 3126
f 3203 3202 3207
f 3198 3912 3108
f 4634 3123 3142
f 4250 3133 3134
f 3697 3353 3810
f 4166 3103 3160
f 2943 3134 2706
f 3203 3160 3202
f 4544 3124 3126
f 3203 4144 3199
f 3216 3236 3528
f 4173 3319 4695
f 3187 3725 4144
f 3260 3377 3229
f 3173 3169 3912
f 3137 3800 4634
f 3198 3108 4166
f 3108 3107 4166
f 4250 3134 2943
f 3206 3398 3501
f 4582 3126 3124
f 2960 3124 4695
f 3912 3199 3190
f 3187 4144 3174
f 3287 3273 3298
f 3319 3320 4695
f 3912 3185 3173
f 3140 4679 3800
f 3198 4166 3199
f 3173 3185 3729
f 3697 3507 3506
f 4166 3160 3199
f 3267 3196 3518
f 3160 3103 3287
f 4166 3107 3103
f 3199 4144 3190
f 3729 3505 3173
f 3193 3187 3145
f 842 3729 3185
f 3229 3377 3208
f 3725 3185 3190
f 3725 3193 3185
f 3214 3207 3202
f 842 3193 3145
f 3187 3193 3725
f 3287 3434 3160
f 3434 3202 3160
f 3202 3434 3210
f 3287 3298 3434
f 3234 3233 3261
f 3174 3158 3187
f 3214 3516 3207
f 3122 3128 4634
f 3206 3174 3207
f 3158 3145 3187
f 3210 3434 3298
f 3202 3204 3214
f 3174 3206 3158
f 3158 3155 3145
f 3275 3298 3273
f 3377 3267 3208
f 3699 3698 3697
f 3202 3266 3229
f 3275 3266 3210
f 3204 3202 3201
f 3270 3214 3204
f 3200 3207 3516
f 3501 3158 3206
f 3206 3200 3516
f 3158 3501 3155
f 3201 3202 3229
f 3270 3204 3201
f 3233 3212 3261
f 3270 4154 3214
f 3516 4154 3206
f 315 3260 3229
f 3201 3353 3270
f 3398 3548 3501
f 3208 3205 3229
f 3270 3353 3506
f 3518 3196 3241
f 4154 2463 3398
f 3697 3810 3699
f 3548 3398 2462
f 3236 3216 3215
f 3205 3811 3211
f 3208 3811 3205
f 3267 3377 3260
f 3810 3353 3211
f 3697 3506 3353
f 4125 3248 3507
f 3506 2462 2463
f 3398 2463 2462
f 3248 3548 2462
f 3520 3234 318
f 3811 3810 3211
f 3811 3208 3699
f 3267 3699 3208
f 3698 3507 3697
f 3233 3196 3212
f 3698 4125 3507
f 3248 4125 3397
f 3241 3196 3233
f 3397 4125 3698
f 3233 3232 3241
f 3234 3520 3232
f 3232 3215 3221
f 3696 3221 3547
f 3236 3527 3529
f 321 315 3263
f 315 3367 3263
f 3209 318 3261
f 3367 315 3275
f 319 318 322
f 315 321 312
f 3209 312 320
f 320 322 318
f 315 3209 3260
f 318 319 328
f 318 3209 320
f 3209 315 312
f 3209 3212 3260
f 3209 3261 3212
f 328 3236 318
f 3716 328 319
f 328 3527 3236
f 3716 3527 328
f 3528 3236 3529
f 4243 2993 3004
f 2898 2895 2896
f 3001 2990 3011
f 3170 2982 4116
f 2856 4040 4502
f 2947 2891 3120
f 4365 4243 3004
f 4323 3914 2938
f 2999 3993 4025
f 2994 2926 2923
f 4055 4167 4208
f 4207 2935 4208
f 2968 2980 3104
f 644 3010 3459
f 2990 2979 3102
f 4055 4208 3486
f 2937 2923 2928
f 4406 2873 2856
f 3545 2957 650
f 3170 2957 3545
f 3146 3159 649
f 2954 2984 3135
f 3022 4094 3021
f 3135 3171 3557
f 649 3213 650
f 2933 4256 2935
f 2946 2973 4215
f 4167 2954 4062
f 3171 3487 3557
f 738 4227 2993
f 3213 3423 4159
f 3468 2918 2903
f 3379 3557 3487
f 4105 3045 2992
f 3152 2994 2955
f 4215 4317 2946
f 4159 3423 399
f 4167 4055 2984
f 3102 2981 3038
f 4259 2910 2953
f 3104 4155 3488
f 3005 3032 2881
f 3010 4079 3459
f 3915 3914 4323
f 4365 2881 2884
f 2980 3170 4116
f 649 3159 640
f 2991 2927 2954
f 3379 4116 2982
f 2971 4418 4105
f 3146 2974 3159
f 3008 4396 3031
f 4317 2920 2936
f 2981 2982 3038
f 4504 950 4357
f 4079 3036 3383
f 3423 3213 649
f 2984 3171 3135
f 3010 3025 4079
f 2898 2921 2911
f 2991 3135 3001
f 3423 649 640
f 4087 2925 3029
f 4213 3029 738
f 4040 950 3023
f 3010 644 1069
f 738 3029 4227
f 3013 3008 3874
f 2954 3135 2991
f 3045 4105 2999
f 3993 3011 3466
f 3152 149 2994
f 3993 3036 4025
f 4040 2856 950
f 2491 2492 650
f 3010 1069 3091
f 2982 2981 3379
f 2927 3152 2955
f 2918 3468 2931
f 3045 3003 4227
f 3036 3993 3466
f 2937 2950 2994
f 2957 2968 650
f 4299 4025 3036
f 2968 3146 649
f 2992 2925 149
f 3038 3534 3102
f 2878 2880 3003
f 2923 2920 2928
f 3011 2990 3466
f 399 3423 400
f 3466 4084 3036
f 2968 2957 2980
f 2849 2696 2852
f 4025 4375 2999
f 3102 2979 2981
f 3466 3102 4084
f 3146 2968 3104
f 2933 4215 2938
f 4155 4055 3486
f 3509 2984 4055
f 2996 2936 2951
f 4217 4218 3509
f 4243 738 2993
f 3146 3104 2974
f 2957 3170 2980
f 2990 3102 3466
f 3036 4084 3383
f 3045 2999 2878
f 866 2935 2928
f 3104 2980 3163
f 3135 3557 2979
f 3488 2974 3104
f 3557 2981 2979
f 3031 4396 3006
f 3005 3034 3032
f 4459 4504 4467
f 3163 2980 4116
f 3163 2975 3104
f 3045 2878 3003
f 2981 3557 3379
f 2950 2955 2994
f 4079 3383 3459
f 4208 2935 4185
f 3379 3163 4116
f 4396 3034 3006
f 4335 2895 2696
f 2928 2935 4207
f 3487 2975 3163
f 2880 4032 4376
f 3009 3001 3011
f 3009 3011 3993
f 2924 149 3152
f 4062 2955 2950
f 2927 2971 2924
f 3025 4299 4079
f 4299 3036 4079
f 3163 3379 3487
f 2975 4217 4155
f 2975 3487 3171
f 3009 3993 2999
f 2873 4467 4357
f 3008 4458 3874
f 4418 3009 2999
f 2933 4254 4256
f 3171 2984 4218
f 4094 3022 4425
f 3025 3007 4299
f 4218 4217 2975
f 3091 3021 4094
f 3004 2874 2881
f 3509 4155 4217
f 649 650 2968
f 2975 3171 4218
f 4458 4459 924
f 3023 950 3091
f 3509 4055 4155
f 2991 3001 4418
f 4405 4375 4025
f 2954 2927 4062
f 4207 2950 2937
f 4299 3007 4405
f 4032 2999 4375
f 4218 2984 3509
f 4185 2935 2972
f 4425 3031 3007
f 2975 4155 3104
f 3025 3010 4094
f 3007 3025 4094
f 2971 2991 4418
f 4105 4418 2999
f 4405 4281 4375
f 3007 4281 4405
f 2999 4032 2878
f 4375 4376 4032
f 4167 2984 2954
f 4458 4425 3022
f 3005 2874 2880
f 3010 3091 4094
f 4418 3001 3009
f 3007 4094 4425
f 3091 1069 3023
f 4207 4208 4167
f 2971 2927 2991
f 4376 4375 4281
f 3007 3031 4281
f 4032 2880 2878
f 3032 3013 2884
f 2877 3035 3013
f 4207 4167 2950
f 4155 3486 3488
f 2927 2955 4062
f 2992 2971 4105
f 3031 4376 4281
f 3005 2880 4376
f 4062 2950 4167
f 2935 866 2933
f 3021 3091 950
f 4425 4458 3031
f 2927 2924 3152
f 2899 2891 2996
f 2924 2971 2992
f 2992 3045 4227
f 3031 3006 4376
f 3003 2880 3004
f 4376 3006 3005
f 950 4504 3021
f 3031 4458 3008
f 3001 3135 2990
f 3022 4459 4458
f 3135 2979 2990
f 2937 2928 4207
f 2925 4227 3029
f 3021 4459 3022
f 2992 149 2924
f 2992 4227 2925
f 4405 4025 4299
f 3004 2880 2874
f 3004 2993 3003
f 2874 3005 2881
f 3034 3005 3006
f 4227 3003 2993
f 650 3213 2491
f 4504 4459 3021
f 2856 4357 950
f 2937 2994 2923
f 4215 866 2928
f 4256 2972 2935
f 4357 4467 4504
f 4396 3008 3013
f 4458 924 3874
f 2951 2970 4087
f 4467 924 4459
f 2873 4357 2856
f 4502 4406 2856
f 866 4215 2933
f 4215 2928 4317
f 3914 2972 4256
f 149 2926 2994
f 149 2925 4087
f 4396 3013 3034
f 2881 4365 3004
f 3120 2891 2898
f 2881 3032 2884
f 3034 3013 3032
f 3874 2877 3013
f 2923 2926 2936
f 2923 2936 2920
f 2920 4317 2928
f 3914 3915 2972
f 4256 4254 3914
f 2926 149 4087
f 2897 3120 2896
f 3029 2951 4087
f 738 4243 2916
f 4243 4365 2916
f 2970 2936 2926
f 2938 4254 2933
f 4215 2973 2938
f 2946 4317 2919
f 3914 4254 2938
f 2951 3029 4213
f 2895 2852 2696
f 4213 738 2916
f 2884 3035 4365
f 2916 4365 2879
f 2903 2918 3239
f 2884 3013 3035
f 2936 2970 2951
f 2919 4317 2936
f 2918 2938 2973
f 2973 2946 3239
f 2946 2919 2947
f 4323 2940 3915
f 2951 4213 4581
f 2916 4581 4213
f 4365 3035 2997
f 2921 2916 2879
f 4365 2997 2879
f 2919 2936 2996
f 2918 2931 2938
f 3239 2918 2973
f 4335 2897 2896
f 2946 2947 3239
f 2947 2919 2891
f 2931 4323 2938
f 2932 2940 4323
f 2951 4581 2996
f 4581 2916 2921
f 2911 2921 2879
f 2997 2849 2879
f 2919 2996 2891
f 2915 3239 2947
f 2931 2932 4323
f 4581 2921 2996
f 2879 2852 2911
f 2879 2849 2852
f 3239 2915 2903
f 2947 3120 2915
f 2996 2921 2899
f 2852 2895 2911
f 2911 2895 2898
f 2921 2898 2899
f 2891 2899 2898
f 3230 3468 2903
f 2915 2910 2903
f 2910 2915 3120
f 3120 2898 2896
f 2903 2910 3230
f 2910 3120 2897
f 2896 2895 4335
f 2910 4259 3230
f 2897 2892 2910
f 3230 4259 3138
f 2953 2910 2892
f 3133 4259 2953
f 3138 4259 3133
f 3138 3133 4250
f 3545 650 2492
f 3086 2492 2491
f 2926 4087 2970
f 2785 2588 2798
f 2515 2379 2590
f 2807 2805 2785
f 2793 2795 2821
f 2807 2795 2762
f 2689 2821 2798
f 2798 2588 2689
f 2582 2625 2588
f 2434 2395 2406
f 2791 2753 2764
f 3294 3286 3289
f 2668 2674 4394
f 3440 3295 3389
f 3378 3399 3291
f 3286 3290 3289
f 3272 3276 3502
f 3281 3295 3378
f 2424 2434 2393
f 3390 3272 3098
f 2766 2770 2763
f 228 2426 2425
f 3399 3295 3285
f 2409 3076 4794
f 2411 2424 2380
f 2429 2414 3389
f 3378 3295 3399
f 3286 3263 3367
f 2841 2810 2805
f 2684 2664 2709
f 3284 3294 3289
f 2426 229 2399
f 3771 3093 3392
f 228 2420 4769
f 4769 3301 228
f 3399 3285 3289
f 3693 3241 3221
f 3693 3407 3241
f 3406 3517 3685
f 3406 3407 3530
f 3530 3693 3696
f 3530 3696 3340
f 3530 3407 3693
f 3407 3406 3685
f 3406 3535 3517
f 3771 2414 3279
f 3535 3406 3530
f 2426 228 229
f 3546 3340 3696
f 3340 3535 3530
f 3468 3480 2931
f 3125 3468 3230
f 2944 3480 3125
f 2931 3480 2932
f 2945 3111 2939
f 3480 2944 2932
f 3176 3186 3319
f 3138 4324 3125
f 4324 3138 4250
f 2917 2987 4324
f 3125 3480 3468
f 2976 2987 4164
f 2976 2939 2940
f 2944 2976 2940
f 3125 4324 2987
f 4164 2939 2976
f 2917 4582 4294
f 2945 2939 4164
f 2944 3125 2987
f 2945 4294 3111
f 2917 4164 2987
f 4695 3116 2960
f 3505 3186 3173
f 4582 3124 4294
f 3230 3138 3125
f 3320 3116 4695
f 842 3145 3669
f 2945 4164 4294
f 2940 2932 2944
f 2917 4324 2943
f 2960 3111 4294
f 3729 842 3669
f 3729 3186 3505
f 3116 3111 2960
f 3321 3319 3184
f 3321 3320 3319
f 3184 3186 3729
f 2960 4294 3124
f 3116 3321 3111
f 2944 2987 2976
f 3184 3319 3186
f 3321 3116 3320
f 3173 3186 3176
f 2943 4582 2917
f 3184 3669 3321
f 4294 4164 2917
f 3669 3184 3729
f 2943 4324 4250
f 2412 2406 2395
f 3302 3300 3301
f 4394 2412 2668
f 2425 2420 228
f 3301 3300 228
f 3300 3302 2421
f 2412 2674 2690
f 3299 3093 3771
f 2419 3299 2415
f 3178 3287 3103
f 2872 2782 2876
f 2395 2434 2411
f 3272 3390 3380
f 2845 2771 4467
f 2791 2688 2760
f 2757 2760 2796
f 2781 2768 2804
f 2757 2769 2782
f 3302 3431 3369
f 2421 229 3300
f 3369 2421 3302
f 3094 4780 3113
f 3076 2417 2410
f 3389 3295 3282
f 3389 3502 2429
f 3307 3369 3431
f 3280 3291 3289
f 3392 3284 3303
f 3272 3380 3178
f 3093 2421 3369
f 3178 3380 3283
f 3378 3283 3281
f 3305 2423 4794
f 2876 2877 3874
f 2688 2777 2760
f 3401 3286 3376
f 2688 2660 2684
f 2757 2796 2750
f 2777 2796 2760
f 2426 2411 2425
f 3431 3436 3307
f 3282 3098 3389
f 229 2421 2419
f 3369 3307 3093
f 3436 3376 3307
f 3279 2414 2429
f 2425 2411 2380
f 2426 2403 2411
f 2413 229 2419
f 2781 2877 2876
f 2419 2421 3093
f 4675 2777 2688
f 2750 2796 2801
f 3376 3444 3307
f 828 4128 3394
f 3249 3510 3248
f 3414 3422 3493
f 3515 3550 3250
f 3492 3422 3159
f 4128 3521 3504
f 3510 3504 3521
f 3250 3513 3249
f 3159 3422 640
f 3394 3493 3492
f 410 411 3387
f 3427 4128 828
f 3504 3414 3493
f 3399 3289 3291
f 4128 3504 3493
f 3248 3427 3548
f 3248 3397 3249
f 3492 3493 3422
f 3495 3250 3249
f 3423 628 400
f 3422 3414 3416
f 3510 3416 3414
f 3510 3513 3416
f 3250 3550 3553
f 3699 3511 3397
f 3513 3510 3249
f 3553 3416 3513
f 3394 4128 3493
f 4128 3427 3521
f 3299 2429 2415
f 2417 2409 3110
f 3553 3519 3554
f 3550 3519 3553
f 3554 3519 3423
f 3518 3685 3517
f 3523 3397 3511
f 3422 3554 640
f 3699 3517 3511
f 3397 3495 3249
f 3495 3397 3523
f 3523 3515 3495
f 3699 3518 3517
f 3287 3283 3273
f 3427 3248 3521
f 2413 2399 229
f 3550 3543 3519
f 3423 3543 628
f 3519 3543 3423
f 3494 3523 3517
f 2426 2399 2403
f 3495 3515 3250
f 3094 3109 3096
f 2403 2397 2411
f 3515 3542 3550
f 3494 3515 3523
f 3543 3542 3496
f 3093 3307 3392
f 2821 2807 2785
f 3250 3553 3513
f 3496 411 628
f 3241 3685 3518
f 3517 3523 3511
f 628 3543 3496
f 2419 2415 2413
f 3286 3401 3263
f 3387 411 3494
f 3407 3685 3241
f 2419 3093 3299
f 3257 628 411
f 3387 3494 3535
f 3494 3542 3515
f 3510 3414 3504
f 3517 3535 3494
f 3553 3554 3416
f 400 628 3257
f 3416 3554 3422
f 3496 3542 411
f 410 3257 411
f 3248 3510 3521
f 3494 411 3542
f 3286 3444 3376
f 3554 3423 640
f 3392 3307 3444
f 3550 3542 3543
f 2413 2409 2399
f 2403 2399 2409
f 2424 2411 2434
f 2397 2403 2407
f 2411 2397 2395
f 2415 2427 2413
f 3294 3444 3286
f 3284 3392 3444
f 228 3300 229
f 2667 4794 3076
f 2409 2417 3076
f 3290 3286 3367
f 3108 3269 3107
f 2409 2413 3110
f 2409 2407 2403
f 2423 2397 2407
f 2395 2397 2412
f 2766 2765 2782
f 3303 3771 3392
f 3096 2427 3276
f 2413 2427 3110
f 3280 3273 3283
f 2415 2429 2427
f 3771 3279 3299
f 3094 3113 3109
f 3936 2873 4407
f 3444 3294 3284
f 4794 2407 2409
f 2423 2668 2397
f 2423 2407 4794
f 3275 3290 3367
f 2397 2668 2412
f 3771 3303 2414
f 3096 3110 2427
f 3276 2427 2429
f 2429 3299 3279
f 3440 3303 3284
f 3285 3284 3289
f 3094 3108 847
f 3290 3280 3289
f 3290 3275 3280
f 3110 3109 2417
f 2663 2434 2406
f 2668 2423 3305
f 2406 2412 2709
f 2414 3303 3389
f 3109 3110 3096
f 3276 2429 3502
f 3440 3284 3285
f 3389 3303 3440
f 3076 2410 2667
f 2774 2771 2766
f 3280 3275 3273
f 3035 2877 2781
f 3106 2417 3109
f 2801 2777 4675
f 2801 2755 2750
f 2663 2406 2664
f 2755 2773 2769
f 4794 2667 3305
f 2406 2709 2664
f 2412 2690 2709
f 4394 2674 2412
f 3096 3276 3269
f 3285 3295 3440
f 3280 3378 3291
f 2417 3106 2410
f 3109 3113 3106
f 2684 2709 2690
f 3269 3094 3096
f 3276 3272 3269
f 3389 3098 3502
f 3098 3272 3502
f 2781 2804 3035
f 2674 2755 2801
f 2755 2731 2773
f 2773 2767 2768
f 2767 2804 2768
f 3283 3378 3280
f 2410 3106 3113
f 3269 3108 3094
f 2773 2731 2737
f 3178 3269 3272
f 3295 3281 3282
f 2773 2737 2767
f 2804 2767 4419
f 3178 3283 3287
f 3107 3269 3178
f 4780 3094 847
f 3098 3282 3390
f 3390 3282 3281
f 3281 3283 3380
f 3103 3107 3178
f 3035 4419 2997
f 2767 2737 2849
f 4406 3026 4407
f 2851 4419 2767
f 3281 3380 3390
f 2782 2781 2876
f 2785 2678 2588
f 2997 4419 2851
f 4407 2847 3936
f 4467 2873 2845
f 2663 2387 2434
f 4407 2873 4406
f 2757 2782 2765
f 2689 2588 2625
f 2770 2762 2795
f 2590 2379 2663
f 2785 2653 2678
f 2773 2768 2769
f 2796 2777 2801
f 2766 2771 2770
f 2755 2769 2750
f 2625 2528 2808
f 2795 2807 2821
f 2653 2785 2675
f 2841 2805 2847
f 3026 2869 4407
f 2847 2805 2822
f 3874 2872 2876
f 2847 2869 2841
f 2762 2847 2822
f 2805 2807 2822
f 2808 2764 2689
f 2851 2849 2997
f 4675 2690 2674
f 2769 2768 2781
f 2471 2590 2663
f 2753 2791 2792
f 3035 2804 4419
f 2782 2769 2781
f 2762 2822 2807
f 2664 2684 2660
f 2766 2782 2872
f 2808 2528 2590
f 2677 2687 2764
f 4407 2869 2847
f 2582 2515 2528
f 2757 2750 2769
f 2582 2588 2678
f 2770 2771 2762
f 2625 2808 2689
f 2689 2764 2686
f 2793 2686 2753
f 2765 2763 2760
f 2764 2687 2791
f 2471 2808 2590
f 2851 2767 2849
f 2785 2805 2675
f 2664 2660 2687
f 2801 4675 2674
f 520 285 268
f 527 269 529
f 578 1773 556
f 1274 1273 1283
f 5049 1930 1990
f 1854 5007 1321
f 1347 1345 1336
f 1863 1855 1796
f 4999 5000 1940
f 4354 5081 1933
f 5000 1802 1863
f 1922 1917 5028
f 4594 4683 153
f 1783 1654 1666
f 1223 1238 1109
f 1665 1867 1675
f 148 1136 140
f 4830 1737 1675
f 5092 4647 1337
f 4358 4858 1717
f 1447 1109 1446
f 1212 1211 1165
f 4654 5007 5076
f 1304 1305 1301
f 4685 4682 1527
f 1257 1136 148
f 1680 4830 4987
f 1933 5089 4354
f 1128 1195 1209
f 1280 1229 1274
f 268 288 520
f 1281 1247 1345
f 1503 1519 1556
f 5064 4641 1347
f 1881 5023 1897
f 269 530 529
f 1220 1191 1227
f 529 530 4172
f 1061 1058 1057
f 1336 1356 5064
f 1681 1686 1677
f 1360 5085 5086
f 1872 1670 1664
f 4683 1067 153
f 1489 1442 1755
f 1760 1626 1753
f 1900 1912 1908
f 1209 1214 1160
f 5023 1876 1900
f 4685 1453 4420
f 1855 1852 5034
f 1225 1129 1149
f 5006 635 629
f 1363 1387 1252
f 254 45 43
f 1092 1368 1248
f 1029 1059 1042
f 1528 1462 1499
f 1623 1636 5071
f 1077 1046 1042
f 1296 1167 1191
f 1889 4988 4992
f 1381 1377 1376
f 1078 1049 1068
f 1949 5085 4647
f 1826 1836 1852
f 1046 1044 1071
f 5071 1902 5072
f 1508 1975 1507
f 1823 4610 1992
f 1077 1060 1044
f 1381 1380 1392
f 1049 1063 1068
f 1941 2540 1919
f 1914 1997 1941
f 188 1422 1415
f 1289 1282 1226
f 1939 4998 5051
f 1913 1918 1928
f 1337 1251 1339
f 1904 1893 1885
f 1422 1461 1402
f 1257 1149 1202
f 1959 1914 1937
f 5048 1751 4950
f 1438 1074 1066
f 5084 2005 4628
f 96 140 151
f 1079 1075 1078
f 5018 1911 1979
f 1951 1944 5056
f 1497 4420 1479
f 1201 1195 1165
f 1519 1527 1465
f 1281 5083 1354
f 5086 1352 1360
f 1327 1335 1302
f 285 557 524
f 4651 1823 1813
f 1279 1344 1240
f 5088 1971 4668
f 4614 1273 1354
f 1062 1082 1049
f 1097 1095 1208
f 1218 1229 1220
f 4654 5076 1836
f 1088 1060 1045
f 551 253 557
f 1637 1636 1639
f 1372 1383 1378
f 1049 1082 1063
f 4607 4641 4989
f 578 539 4884
f 1078 1076 1049
f 265 260 532
f 1654 1674 1666
f 5071 5072 5070
f 1356 1279 1352
f 1128 1261 1195
f 4685 4668 1453
f 5089 1920 58
f 1882 195 1883
f 1859 1802 4999
f 1279 1336 1249
f 1136 1095 1097
f 533 531 194
f 5043 1964 1963
f 1859 4999 260
f 4950 1632 5048
f 1236 1116 1113
f 1324 1347 4641
f 4982 1324 5083
f 1273 4614 1283
f 1657 635 5006
f 1855 1810 4648
f 1426 1396 1397
f 1826 1825 4654
f 1276 1071 1044
f 4989 5084 2003
f 1686 1681 1670
f 1736 1737 4830
f 1893 1912 1883
f 1116 1204 1205
f 1836 1805 1852
f 1329 1302 1335
f 1282 1221 1236
f 1158 1211 1196
f 1051 1398 1438
f 1358 2002 1995
f 1736 1789 1737
f 1174 148 140
f 4707 1978 1969
f 4999 1940 531
f 4819 4830 1680
f 527 612 269
f 1893 1908 1912
f 5023 1881 1876
f 1681 1677 1687
f 1964 5043 4778
f 1861 4650 1864
f 1783 1653 1649
f 1687 1677 1667
f 533 4310 532
f 1545 4853 1544
f 1760 1754 1626
f 1997 1929 5078
f 1751 1760 1753
f 1941 1919 1914
f 260 4999 532
f 5018 5052 5051
f 1855 4648 1852
f 527 529 293
f 1886 1894 1907
f 264 260 265
f 4950 1630 1632
f 1859 1846 1802
f 5051 4998 5018
f 1939 5028 5077
f 546 1773 576
f 1942 1911 4998
f 2001 4700 1215
f 1896 1885 1893
f 1628 1600 1615
f 1937 5062 5056
f 273 568 580
f 1810 1855 1802
f 556 1773 491
f 5062 1952 1951
f 529 4310 293
f 1914 5062 1937
f 4660 4614 1995
f 1303 1280 1283
f 1886 1909 1942
f 4628 2003 5084
f 1629 4966 4887
f 1815 1813 1991
f 1951 4628 1944
f 1636 1637 5071
f 1354 5083 1358
f 531 532 4999
f 1358 4614 1354
f 2003 4607 4989
f 1845 1810 1846
f 1217 1894 5039
f 264 290 260
f 1853 4648 1845
f 4310 4172 265
f 1485 1550 1542
f 5081 5068 1927
f 4641 4607 1324
f 1622 1626 1897
f 4660 1283 4614
f 1667 1677 1879
f 1931 1984 1917
f 1677 1675 1879
f 4950 1751 1753
f 1671 1789 1736
f 4819 1680 4858
f 1881 1626 1876
f 2003 1951 1892
f 1927 5039 5074
f 1681 1687 4884
f 1935 1984 1931
f 5019 1862 1870
f 4663 1845 1846
f 1240 1248 1275
f 4663 1846 290
f 1909 1911 1942
f 1687 1667 1668
f 1275 1360 1240
f 1504 1535 1545
f 4665 290 264
f 1301 1835 1304
f 1913 5077 5028
f 1670 4884 1754
f 1845 5009 1853
f 1886 1907 5022
f 4648 1810 1845
f 1911 1904 1954
f 1637 4950 1753
f 1599 1628 1615
f 1535 1542 1545
f 4705 1914 1919
f 198 5040 609
f 5018 1979 5052
f 45 253 561
f 4998 1911 5018
f 1620 4822 1653
f 1845 4663 5009
f 290 4665 4663
f 4650 1861 1860
f 1783 4824 1653
f 270 198 266
f 5006 629 568
f 1885 1896 1954
f 1675 1867 4987
f 5071 1637 1902
f 1952 5062 4699
f 5022 1907 1902
f 1914 1960 5062
f 1303 1283 1327
f 1285 1280 1303
f 2003 4628 1951
f 5083 2002 1358
f 1859 260 290
f 1641 1604 1598
f 1987 5044 4706
f 1345 1247 1249
f 1358 1995 4614
f 1897 1626 1881
f 1998 4657 1993
f 2003 1892 4607
f 1836 5076 4639
f 612 527 293
f 4660 1327 1283
f 1624 1550 1745
f 4647 5085 1360
f 4374 1879 1675
f 4647 2006 1949
f 5077 5066 1939
f 4373 1789 1671
f 273 546 526
f 4853 1545 4710
f 1360 1352 1240
f 5009 4663 4665
f 5090 1987 1955
f 4400 1667 1879
f 4374 1789 4373
f 1805 1807 1852
f 4819 4858 5006
f 1866 1865 1862
f 1279 1240 1352
f 1883 1912 1877
f 1893 1883 1868
f 1668 1667 4400
f 1826 1853 1825
f 1803 1990 2000
f 5092 1948 1929
f 1626 1869 1876
f 1621 1963 1934
f 4514 1665 1677
f 1993 4610 1998
f 285 551 557
f 1687 1668 4884
f 4373 576 4374
f 4887 1648 1629
f 5092 1959 2006
f 1877 1876 4954
f 1629 5048 1632
f 1896 1870 1873
f 1669 1678 4361
f 1599 1623 1621
f 4654 1825 5007
f 1954 5025 1911
f 1298 4778 1907
f 4999 1802 5000
f 1902 1907 5072
f 5076 1854 1991
f 1529 1504 1536
f 1217 1927 5068
f 1991 1813 1809
f 5052 1979 4705
f 1914 4705 1960
f 5078 1929 1948
f 1896 1873 1954
f 1298 1907 1894
f 1298 1894 1217
f 620 556 523
f 1807 5034 1852
f 1960 4699 5062
f 1922 5091 2540
f 1285 1303 1327
f 5039 1927 1217
f 1754 1664 1670
f 4982 5083 1281
f 1886 1900 1908
f 1783 1682 1654
f 1927 5074 1928
f 1870 1865 1873
f 1892 5082 4607
f 5082 2002 4607
f 4822 1648 4887
f 1605 1623 1599
f 1890 1979 1911
f 1826 1852 1853
f 1335 1327 4660
f 5074 1913 1928
f 1673 4858 4358
f 1975 1529 1957
f 1995 4661 4660
f 1536 1957 1529
f 5019 1868 195
f 1656 4373 1671
f 1956 1955 1987
f 1656 1671 4819
f 1626 1622 1753
f 5006 568 4819
f 1653 4822 1649
f 1883 195 1868
f 1648 4822 1751
f 4400 1879 4374
f 1882 1877 4954
f 4650 1866 4978
f 1913 5028 1918
f 1864 1940 5000
f 1981 1935 5078
f 2001 4699 4700
f 524 268 285
f 2006 1959 1949
f 4887 1633 1649
f 5025 1954 5021
f 1890 1911 5025
f 1673 4455 4858
f 1960 4700 4699
f 1648 5048 1629
f 1639 1636 1641
f 267 195 1882
f 1862 1865 1870
f 1285 1327 1835
f 4887 1649 4822
f 1296 1285 1301
f 1900 5022 5023
f 5049 1995 2002
f 1301 1285 1835
f 1853 1852 4648
f 5049 2002 5082
f 5066 5074 5039
f 1889 4986 4988
f 1335 4660 4661
f 2002 5083 1324
f 1662 1666 1674
f 4661 1995 4657
f 1662 1684 4361
f 1961 1984 1981
f 1876 1869 4954
f 1681 4884 1670
f 520 288 269
f 1302 1835 1327
f 1536 1545 1544
f 2000 1930 1938
f 1639 4950 1637
f 1893 1868 1870
f 1656 576 4373
f 568 1656 4819
f 1605 1641 1636
f 629 580 568
f 1877 1882 1883
f 4400 1773 578
f 539 4954 1869
f 4954 620 1882
f 1876 1877 1912
f 1884 1873 1865
f 491 1773 546
f 5021 1890 5025
f 1508 1533 1529
f 1979 1890 1960
f 4687 4700 1960
f 1533 1504 1529
f 1862 5019 609
f 1301 1308 1296
f 1637 1622 1902
f 1535 1533 1485
f 4784 1632 1630
f 1893 1870 1896
f 1923 1958 1934
f 2001 1952 4699
f 1892 1946 1938
f 1884 1865 1866
f 1630 4950 245
f 2001 1215 1943
f 1304 1330 1305
f 1653 4824 1620
f 1943 1946 2001
f 4998 1939 5066
f 4978 1866 5040
f 1930 5082 1938
f 1930 5049 5082
f 5078 2540 1997
f 1888 1795 1863
f 1329 1335 4661
f 1562 1554 1613
f 1558 1562 1566
f 4661 4657 1998
f 1343 1374 1444
f 1919 5052 4705
f 4678 5044 1924
f 1329 1814 1302
f 1999 1302 1814
f 1558 1566 1563
f 4353 5089 58
f 1985 1988 4706
f 1999 1835 1302
f 576 1773 4400
f 1893 1904 1908
f 546 576 1656
f 1469 1563 1566
f 568 526 1656
f 561 580 565
f 609 195 266
f 1978 1348 1956
f 620 4954 539
f 4824 1872 1664
f 1563 1469 1498
f 1525 1469 1548
f 1469 1566 1543
f 539 578 556
f 267 1882 620
f 1957 1536 1923
f 1863 1802 1855
f 286 293 533
f 4361 1678 1872
f 5021 4988 1890
f 4700 4687 5020
f 1995 5049 4657
f 1498 1469 1525
f 1548 1484 1525
f 1543 1548 1469
f 2002 1324 4607
f 198 609 266
f 1872 4824 1783
f 1993 1992 4610
f 1937 5056 1945
f 1305 1308 1301
f 1989 1938 1946
f 5040 1862 609
f 1206 5069 1215
f 1498 1525 1484
f 1534 1484 1548
f 1543 1485 1548
f 1215 5069 1943
f 1908 1904 1909
f 1946 1943 1989
f 4657 5049 1993
f 1329 4661 4651
f 1928 1924 5081
f 4661 1998 4610
f 1814 1329 4651
f 1498 1484 1517
f 1541 1484 1534
f 1484 1541 1486
f 1486 1517 1484
f 1249 1247 1089
f 1374 5080 1444
f 1999 1304 1835
f 1873 4992 5021
f 1620 4824 1664
f 1656 526 546
f 1535 1485 1542
f 1796 1855 5034
f 568 273 526
f 4628 2005 1944
f 1534 1485 1533
f 1541 1511 1486
f 1468 1517 1486
f 267 620 523
f 1917 1918 5028
f 1664 4822 1620
f 1997 1914 1959
f 1760 1751 4822
f 4858 1680 1717
f 4700 5020 1206
f 4702 1511 1541
f 1541 1549 4702
f 1549 1534 1533
f 1468 1486 1511
f 4374 576 4400
f 1866 1860 1884
f 271 285 520
f 1860 4992 1884
f 1505 1511 4702
f 1549 1977 4702
f 1977 1549 1533
f 1505 1455 1511
f 1511 1455 1468
f 1275 1251 1337
f 1364 1374 1343
f 1343 1337 1339
f 1362 1988 1370
f 1365 1370 1985
f 1379 1374 1364
f 1374 1379 1365
f 1251 1275 1368
f 1542 1550 1624
f 4687 4986 5020
f 5021 4992 4988
f 1637 1753 1622
f 1900 1886 5022
f 4998 5066 1942
f 1556 1505 4702
f 1556 4702 1977
f 1503 1977 1533
f 1499 1455 1505
f 1473 1468 1455
f 1343 1338 1364
f 1362 1370 1367
f 1370 1365 1376
f 1380 1379 1364
f 1275 1248 1368
f 1092 1251 1368
f 1149 1033 1056
f 1989 2000 1938
f 1408 1400 1375
f 1935 1922 2540
f 1499 1505 1556
f 1978 1988 1969
f 1389 1401 1400
f 1978 1971 1348
f 1367 1969 1362
f 1499 1473 1455
f 1339 1251 1363
f 1364 1338 1380
f 1339 1363 1338
f 1367 1370 1377
f 1376 1377 1370
f 1251 1092 1387
f 5022 1902 1897
f 1926 1917 1984
f 1242 1116 1205
f 1206 5054 5069
f 1519 1499 1556
f 1971 1978 4707
f 1969 1367 1965
f 1682 1783 1649
f 1507 1503 1508
f 1251 1387 1363
f 1380 1381 1376
f 1250 1254 1248
f 1250 1089 1090
f 4705 1979 1960
f 1993 5049 1990
f 1373 1123 1205
f 1990 1930 2000
f 4651 4661 4610
f 1499 1519 1528
f 1519 1503 1527
f 1869 4884 539
f 1971 1453 4668
f 1363 1369 1380
f 1107 1252 1387
f 1403 1377 1381
f 1372 1403 1383
f 1226 1089 1247
f 1274 1277 1351
f 1250 1090 1254
f 1092 1223 1094
f 5075 58 5065
f 5044 1987 5090
f 5072 1907 4778
f 1457 1453 1971
f 1457 4707 1965
f 1378 1965 1372
f 1369 1363 1252
f 1381 1425 1403
f 1220 1280 1285
f 1274 1229 1277
f 4651 1813 1814
f 1247 1289 1226
f 1277 1289 1351
f 1238 1254 1090
f 1113 1090 1226
f 1813 1304 1999
f 1904 1885 1954
f 5028 5091 1922
f 58 1963 4353
f 266 267 523
f 1965 1378 1457
f 1528 4947 1421
f 1252 1107 1246
f 4647 1360 1337
f 1762 1421 1489
f 491 551 556
f 1532 1762 1489
f 256 270 266
f 1425 1384 1383
f 1503 1556 1977
f 1191 1220 1285
f 1229 1218 1277
f 1111 1090 1113
f 1384 1378 1383
f 1238 1090 1111
f 1113 1226 1236
f 5039 1894 1942
f 1544 1923 1536
f 1960 1890 4986
f 5092 2006 4647
f 1206 5020 5053
f 1736 4830 4819
f 1925 1934 5075
f 1109 1238 1110
f 4650 1860 1866
f 1153 1201 1158
f 4992 1860 1889
f 1249 1089 1344
f 5062 1951 5056
f 5020 4986 1795
f 1080 1085 1388
f 194 5040 198
f 1470 1466 1463
f 1378 1479 1457
f 4685 4420 4682
f 1092 1107 1387
f 1683 1673 1684
f 1942 1894 1886
f 1489 1421 4947
f 4514 1867 1665
f 609 5019 195
f 1104 1436 1392
f 1959 1945 1949
f 1369 1246 1104
f 1285 1296 1191
f 1277 1218 1234
f 1282 1289 1234
f 1466 1528 1465
f 4978 5040 193
f 1113 1116 1111
f 1110 1238 1111
f 1479 4420 1453
f 1236 1221 1204
f 607 565 566
f 1107 1092 1094
f 1959 1929 1997
f 1275 1337 1360
f 1092 1248 1223
f 1989 1803 2000
f 1248 1240 1344
f 1913 5074 5066
f 5040 1866 1862
f 1343 1948 5092
f 1365 1985 1374
f 5054 1206 5053
f 1639 245 4950
f 5085 1944 5086
f 1990 1992 1993
f 5078 1935 2540
f 1516 1466 1470
f 1378 1496 1479
f 1380 1338 1363
f 1815 1304 1813
f 4909 1683 1662
f 1532 1755 1411
f 1356 5084 5064
f 1244 1459 1408
f 2005 1356 1352
f 1439 1489 4947
f 1243 1384 1425
f 5021 1954 1873
f 1684 1662 1683
f 491 546 551
f 1104 1375 1436
f 1952 2001 1951
f 253 546 273
f 1643 4781 4752
f 1608 1627 4711
f 1125 1096 1244
f 1659 1734 1735
f 1243 1425 1382
f 1904 1911 1909
f 1400 1093 1436
f 1585 1594 1578
f 1392 1380 1369
f 4783 1649 1633
f 4870 1652 1571
f 4752 4781 4736
f 4817 4727 1606
f 1691 4781 1618
f 4817 1606 1607
f 1566 1562 1588
f 1647 4730 4736
f 1616 1627 1608
f 1640 1589 1596
f 1496 1378 1450
f 1103 1451 1243
f 1243 1382 1103
f 1570 1574 1576
f 1647 4781 1691
f 1869 1626 1754
f 1571 1652 1590
f 1234 1218 1259
f 1659 4783 4810
f 1734 1659 4810
f 4711 4912 1582
f 1691 4870 1647
f 1259 1218 1227
f 1651 1617 1616
f 1282 1234 1230
f 1659 1682 4783
f 1640 1748 1581
f 267 266 195
f 1580 1588 1562
f 1425 1381 1112
f 1682 1659 1654
f 523 256 266
f 1643 1734 4781
f 1564 4725 1585
f 1618 4783 1633
f 1282 1222 1221
f 1110 1111 1116
f 620 539 556
f 1691 4784 4870
f 1691 1618 1633
f 1576 1578 1594
f 1246 1107 1125
f 1585 1578 1564
f 1735 1643 4752
f 523 556 551
f 1734 4810 4781
f 1204 1221 1205
f 4870 4784 1652
f 1462 1473 1499
f 1204 1116 1236
f 4870 1571 1647
f 1735 1734 1643
f 4858 4455 5006
f 5054 1989 5069
f 1674 4909 1662
f 1595 1606 1590
f 4847 1654 1659
f 1617 1651 1564
f 1465 1463 1466
f 1647 4736 4781
f 1674 4847 4909
f 4784 4739 1652
f 1981 5078 1948
f 4730 1606 4727
f 1446 1110 1235
f 1223 1109 1094
f 4730 1647 1571
f 4730 1571 1606
f 1607 1595 4748
f 1298 5068 1936
f 270 256 286
f 1598 245 1639
f 1352 5086 2005
f 580 629 566
f 612 286 256
f 1958 1621 1934
f 1496 1497 1479
f 4739 1591 1642
f 1669 4987 1867
f 1244 1246 1125
f 4783 1618 4810
f 1590 1606 1571
f 1652 1595 1590
f 4912 4711 1627
f 4682 1497 1435
f 1567 1550 1540
f 1436 1112 1392
f 1755 1423 1411
f 1442 1489 1439
f 1574 1617 1578
f 4817 1607 1594
f 4783 1682 1649
f 1570 1607 4748
f 1370 1988 1985
f 1442 1423 1755
f 1375 1104 1408
f 1618 4781 4810
f 1945 5056 1949
f 4739 1595 1652
f 1096 1459 1244
f 1425 1401 1382
f 5086 1944 2005
f 1093 1400 1401
f 1595 1607 1606
f 1589 1592 1596
f 1376 1379 1380
f 1103 1396 1451
f 1393 1103 1382
f 5020 1795 5053
f 1582 4748 1595
f 1227 1196 1212
f 1674 1654 4847
f 1167 1196 1191
f 1745 1550 1567
f 1583 1591 4739
f 1576 1594 1607
f 1259 1230 1234
f 1581 1582 1591
f 1575 1574 1570
f 1470 1439 1516
f 1227 1212 1259
f 1582 1570 4748
f 561 253 273
f 1221 1222 1205
f 1642 1595 4739
f 1570 1576 1607
f 1581 1591 1640
f 1591 1583 1586
f 4735 1594 1585
f 1582 4912 1570
f 1591 1586 1640
f 292 270 286
f 1666 1872 1783
f 1242 1110 1116
f 1564 1578 1617
f 1581 4711 1582
f 5089 4353 4354
f 1587 1586 1583
f 1235 1115 1446
f 1651 1562 1613
f 1276 1448 1446
f 1929 1959 5092
f 193 4650 4978
f 1196 1227 1191
f 1616 1617 1574
f 1544 1958 1923
f 1574 1578 1576
f 1627 1574 1575
f 4912 1575 1570
f 1889 1860 1861
f 1587 1640 1586
f 4986 4687 1960
f 4986 1889 1795
f 1112 1381 1392
f 1737 1789 1675
f 1562 1616 1608
f 1575 4912 1627
f 1596 1745 1748
f 1581 1748 4740
f 4711 4740 1580
f 1640 1596 1748
f 1587 1589 1640
f 1651 1616 1562
f 4711 1580 1608
f 1580 4740 1567
f 1567 1588 1580
f 1574 1627 1616
f 1745 1567 4740
f 193 5040 194
f 1562 1608 1580
f 1595 1642 1582
f 1564 1613 4725
f 1588 1567 1540
f 1439 1470 1435
f 1566 1540 1543
f 1642 1591 1582
f 4740 1748 1745
f 1754 4884 1869
f 4711 1581 4740
f 198 292 194
f 1442 1439 1417
f 1566 1588 1540
f 1564 1651 1613
f 4817 1594 4735
f 1550 1543 1540
f 1104 1392 1369
f 1442 1405 1423
f 1388 1459 1096
f 1096 1080 1388
f 1382 1401 1393
f 1223 1254 1238
f 1396 1496 1451
f 4947 1528 1516
f 1211 1212 1196
f 1444 1948 1343
f 1230 1259 1261
f 1507 1527 1503
f 1212 1166 1259
f 4651 4610 1823
f 1261 1222 1230
f 1242 1115 1235
f 5085 1949 5056
f 1115 1276 1446
f 1448 1276 1080
f 1080 1044 1085
f 1330 1304 1815
f 1912 1900 1876
f 1109 1110 1446
f 1417 1439 1435
f 1888 1796 1806
f 612 256 520
f 1989 1804 1803
f 1417 1405 1442
f 1408 1389 1400
f 1388 1408 1459
f 5092 1337 1343
f 1211 1158 1201
f 5054 5053 1806
f 1804 1989 5054
f 1088 1064 1085
f 1401 1389 1393
f 1496 1396 1426
f 1157 1158 1167
f 270 292 198
f 1166 1261 1259
f 1444 1981 1948
f 1222 1210 1373
f 1261 1210 1222
f 1367 1372 1965
f 1348 1971 5088
f 1115 1242 1072
f 1351 1289 1247
f 1276 1115 1072
f 1383 1403 1425
f 1044 1080 1276
f 1451 1384 1243
f 1823 1809 1813
f 523 551 271
f 1351 1247 1281
f 5088 4668 1507
f 1621 5043 1963
f 1457 1479 1453
f 1872 1666 1662
f 1235 1110 1242
f 253 45 254
f 253 551 546
f 1872 1662 4361
f 1435 1395 1417
f 1093 1112 1436
f 1417 1429 1405
f 1389 1408 1388
f 4707 1969 1965
f 1045 1060 1079
f 1088 1045 1064
f 1393 1389 1390
f 1390 1397 1393
f 1298 1936 4778
f 1160 1128 1209
f 271 256 523
f 1153 1158 1157
f 1448 1447 1446
f 4172 4310 529
f 1195 1261 1166
f 5069 1989 1943
f 5044 1920 1933
f 1373 1210 1189
f 1210 1261 1128
f 1470 1463 4682
f 1123 1373 1189
f 1123 1072 1242
f 1071 1276 1072
f 1044 1060 1088
f 1519 1465 1528
f 4358 4361 1684
f 1961 1950 1926
f 1242 1205 1123
f 4778 1936 4353
f 1208 1153 1150
f 1150 1153 1199
f 1421 1462 1528
f 1814 1813 1999
f 293 286 612
f 5066 5077 1913
f 1395 1433 1417
f 1417 1433 1429
f 1928 1918 1924
f 1226 1090 1089
f 1926 5093 1917
f 193 1940 4650
f 1093 1425 1112
f 1429 1443 1405
f 1377 1403 1367
f 1071 1072 1037
f 1150 4621 1208
f 5006 4455 1657
f 1507 1975 5088
f 5093 1924 1918
f 1890 4988 4986
f 1199 1153 1157
f 1795 1889 1857
f 1940 193 194
f 4884 1668 578
f 1395 1435 1426
f 1931 1917 1922
f 1165 1195 1166
f 292 533 194
f 4641 5064 5084
f 1047 4683 4594
f 1433 1395 1427
f 1125 1107 1094
f 1988 1362 1969
f 1433 1443 1429
f 1079 1070 1064
f 1060 1075 1079
f 1068 1063 4683
f 1438 1390 1074
f 1033 1131 1056
f 1398 1420 1397
f 1629 1632 4784
f 1922 1935 1931
f 1545 1536 1504
f 5064 1347 1336
f 1201 1153 1209
f 1971 4707 1457
f 1136 1097 162
f 1815 1321 1330
f 1463 1527 4682
f 4514 1686 1678
f 1128 1224 1189
f 1438 1397 1390
f 1072 1032 1034
f 1071 1037 1046
f 1433 1461 1443
f 1636 1623 1605
f 5071 5070 1623
f 1075 1077 1076
f 1917 5093 1918
f 1281 1345 4982
f 5072 5043 5070
f 1351 1273 1274
f 4778 5043 5072
f 1678 1669 1867
f 1888 1806 5053
f 1089 1250 1344
f 4354 1936 5068
f 1070 1054 1065
f 1669 1717 1680
f 1085 1044 1088
f 1461 1433 1427
f 1078 1070 1079
f 1065 1074 1064
f 1065 1064 1070
f 1420 1398 1415
f 1427 1395 1426
f 1397 1438 1398
f 1077 1075 1060
f 1344 1250 1248
f 1919 5091 5052
f 5080 1981 1444
f 4354 5068 5081
f 1226 1282 1236
f 1933 5081 1924
f 1926 1984 1961
f 1389 1388 1064
f 1085 1064 1388
f 5093 1926 1950
f 5093 4678 1924
f 4374 1675 1789
f 5080 1961 1981
f 1160 1224 1128
f 1056 1037 1034
f 1641 1598 1639
f 1803 1804 1807
f 1598 4927 245
f 1367 1403 1372
f 1059 1076 1077
f 245 4927 1630
f 1062 1049 1076
f 1211 1201 1165
f 1206 1215 4700
f 5054 1806 1804
f 1244 1104 1246
f 1034 1032 1225
f 1992 1803 1807
f 1402 1420 1415
f 1427 1402 1461
f 1992 1805 1823
f 1070 1078 1068
f 5088 1975 1348
f 1410 1398 1051
f 1470 4682 1435
f 1438 1066 1051
f 1252 1246 1369
f 1410 1415 1398
f 1066 1074 1065
f 1064 1074 1389
f 1630 4739 4784
f 1075 1076 1078
f 1629 1691 4966
f 4887 4966 1633
f 5070 1621 1623
f 1621 5070 5043
f 4353 1936 4354
f 1534 1549 1541
f 1823 1805 1809
f 1132 1257 148
f 1991 1809 4639
f 1200 1257 1202
f 4353 1964 4778
f 1032 1123 1225
f 1991 1854 1815
f 140 1136 151
f 5044 1933 1924
f 1411 1762 1532
f 1160 1214 1202
f 1950 4678 5093
f 1961 5080 1374
f 1214 1153 1208
f 1037 1042 1046
f 1160 1129 1224
f 1034 1225 1056
f 1908 1909 1886
f 551 285 271
f 1037 1056 1042
f 1096 1125 1448
f 4358 1717 4361
f 1034 1037 1072
f 1629 4784 1691
f 1527 1507 4685
f 4361 1717 1669
f 1209 1195 1201
f 1641 1605 4714
f 4987 4830 1675
f 254 557 253
f 256 271 520
f 5023 5022 1897
f 1888 5053 1795
f 1673 4358 1684
f 5000 1861 1864
f 1604 4927 1598
f 1125 1094 1447
f 1254 1223 1248
f 4927 1587 1630
f 1422 1402 1415
f 1940 1864 4650
f 4739 1630 1583
f 1128 1189 1210
f 58 1934 1963
f 1054 1066 1065
f 1393 1396 1103
f 1415 1410 188
f 1691 1633 4966
f 1448 1080 1096
f 1615 1605 1599
f 1067 1057 1058
f 1420 1402 1427
f 1070 1068 1054
f 1963 1964 4353
f 1097 4621 162
f 286 533 292
f 5000 1857 1861
f 1985 1950 1961
f 1279 1249 1344
f 1950 4706 4678
f 1376 1365 1379
f 5044 4678 4706
f 1059 1077 1042
f 1870 1868 5019
f 1202 1149 1160
f 1985 1961 1374
f 1863 1795 1857
f 4714 1605 1615
f 4714 1604 1641
f 1589 4927 1604
f 1630 1587 1583
f 1202 1214 1208
f 1336 1279 1356
f 1503 1533 1508
f 1095 1257 1200
f 565 580 566
f 1160 1149 1129
f 1149 1056 1225
f 1587 4927 1589
f 1059 1061 1062
f 1056 1131 1042
f 531 1940 194
f 1981 1984 1935
f 1109 1447 1094
f 1321 1815 1854
f 1902 1622 1897
f 4514 1677 1686
f 1062 1057 1082
f 1061 1057 1062
f 1408 1104 1244
f 1872 1678 1670
f 1804 1806 1807
f 1628 1599 1621
f 2001 1946 1951
f 1807 1805 1992
f 151 1136 162
f 1225 1224 1129
f 1558 1554 1562
f 1809 1805 4639
f 1946 1892 1951
f 1378 1384 1451
f 1068 1047 1054
f 1054 4594 1066
f 1225 1123 1189
f 1425 1093 1401
f 1410 1066 188
f 2540 5091 1919
f 4639 5076 1991
f 1059 1062 1076
f 5090 1920 5044
f 1497 4682 4420
f 1051 1066 1410
f 1664 1760 4822
f 1220 1227 1218
f 2540 1941 1997
f 4706 1950 1985
f 5066 5039 1942
f 4714 1615 1600
f 524 254 43
f 1047 4594 1054
f 1589 1604 4714
f 1466 1516 1528
f 1621 1958 1628
f 1200 1202 1208
f 1132 1131 1033
f 5065 1920 5090
f 1057 1067 1082
f 1497 1496 1435
f 1123 1032 1072
f 1282 1230 1222
f 557 254 524
f 5051 5091 5028
f 520 269 612
f 1686 1670 1678
f 273 580 561
f 5028 1939 5051
f 5091 5051 5052
f 1987 4706 1988
f 1937 1945 1959
f 1600 4710 4714
f 4714 1592 1589
f 1450 1378 1451
f 1047 1068 4683
f 1343 1339 1338
f 1066 4594 188
f 1063 1082 1067
f 1280 1220 1229
f 1067 634 153
f 1628 4853 1600
f 1628 1958 4853
f 1668 4400 578
f 1042 1131 1029
f 1516 1439 4947
f 1336 1345 1249
f 1992 1990 1803
f 58 5075 1934
f 1796 1888 1863
f 1132 1033 1149
f 1755 1532 1489
f 1029 1058 1061
f 1029 1131 1132
f 1167 1158 1196
f 5065 58 1920
f 1063 1067 4683
f 1029 1061 1059
f 1397 1420 1426
f 293 4310 533
f 1396 1393 1397
f 1174 1058 1029
f 1846 1859 290
f 1955 5065 5090
f 1889 1861 1857
f 1987 1988 1978
f 4853 4710 1600
f 1975 1956 1348
f 1485 1534 1548
f 1648 1751 5048
f 1345 1347 4982
f 2005 5084 1356
f 1592 4714 4710
f 1958 1544 4853
f 4987 1669 1680
f 1863 1857 5000
f 1200 1208 1095
f 1136 1257 1095
f 1934 1925 1923
f 1217 5068 1298
f 5075 5065 1955
f 533 532 531
f 1920 5089 1933
f 1956 1987 1978
f 1944 5085 5056
f 1496 1426 1435
f 1677 1665 1675
f 1592 4710 1624
f 1274 1283 1280
f 1277 1234 1289
f 1029 1132 148
f 1846 1810 1802
f 1592 1624 1596
f 1067 1174 634
f 1923 1925 1957
f 1447 1448 1125
f 5075 1955 1925
f 1955 1956 1925
f 1420 1427 1426
f 1281 1354 1351
f 1067 1058 1174
f 1873 1884 4992
f 1045 1079 1064
f 1542 4710 1545
f 1046 1077 1044
f 1165 1166 1212
f 1550 1485 1543
f 1542 1624 4710
f 1927 1928 5081
f 1596 1624 1745
f 1925 1956 1957
f 1836 1826 4654
f 1451 1496 1450
f 1354 1273 1351
f 1390 1389 1074
f 1956 1975 1957
f 5034 1806 1796
f 532 4310 265
f 1867 4514 1678
f 1533 1535 1504
f 1975 1508 1529
f 5034 1807 1806
f 4621 1097 1208
f 4639 1805 1836
f 1153 1214 1209
f 5076 5007 1854
f 1671 1736 4819
f 1436 1375 1400
f 1465 1527 1463
f 1174 1029 148
f 1938 5082 1892
f 4641 5084 4989
f 4982 1347 1324
f 1225 1189 1224
f 4668 4685 1507
f 1664 1754 1760
f 1257 1132 1149
f 1205 1222 1373

