# https://github.com/mikedh/trimesh
v 0.03925059 0.03181614 -0.03513901
v 0.03925059 0.00927442 -0.02872282
v 0.03925059 0.03181614 -0.03819755
v 0.03910742 0.03181614 -0.03497498
v 0.03925059 0.00789922 -0.02833881
v 0.01669067 0.03181614 -0.02718486
v 0.03925059 0.03095478 -0.03804124
v 0.02900670 0.03181614 -0.03580668
v 0.02682907 0.00645701 -0.02428648
v 0.03925059 0.00645701 -0.02810339
v 0.01790004 0.01824295 -0.02414176
v 0.01597484 0.03181614 -0.02706522
v 0.01517989 0.01865749 -0.02371723
v 0.01670951 0.01871707 -0.02401054
v 0.03925059 0.01922594 -0.03538600
v 0.00076535 0.01311453 -0.02432894
v 0.00076535 0.03181614 -0.02818058
v 0.02593617 0.00645701 -0.02401826
v 0.03925059 0.00645701 -0.02978221
v 0.01671704 0.01712095 -0.02367671
v 0.01049686 0.00645701 -0.02038660
v 0.01649099 0.00645701 -0.02177790
v 0.02437641 0.00645701 -0.02363618
v 0.01517989 0.03181614 -0.02696102
v 0.00749415 0.02941328 -0.02522817
v 0.00917823 0.02956222 -0.02550604
v 0.00903130 0.02787674 -0.02504485
v 0.00076535 0.00645701 -0.01848587
v 0.00248711 0.00645701 -0.01878497
v 0.00277344 0.00645701 -0.01883514
v 0.03925059 0.01835714 -0.03511778
v 0.00076535 0.01097231 -0.02362653
v 0.00076535 0.03181614 -0.02587075
v 0.03925059 0.01592200 -0.03414715
v 0.03506487 0.00645701 -0.02912226
v 0.00869222 0.00645701 -0.02000645
v 0.00903130 0.00645701 -0.02007785
v 0.00441985 0.03181614 -0.02609073
v 0.00441985 0.03161011 -0.02592671
v 0.00595700 0.03066684 -0.02552727
v 0.00595700 0.02941328 -0.02505836
v 0.00076535 0.03167713 -0.02579549
v 0.00076535 0.00645701 -0.02123180
v 0.00441985 0.02941328 -0.02505836
v 0.03925059 0.01711599 -0.03467588
v 0.03924682 0.01712095 -0.03467781
v 0.00076535 0.00937619 -0.02309008
v 0.00077666 0.03181614 -0.02587075
v 0.00076535 0.03180373 -0.02585917
v 0.03480868 0.00645701 -0.02907402
v 0.00441985 0.03084060 -0.02549446
v 0.00076535 0.00678219 -0.02146529
v 0.03332051 0.00645701 -0.02874212
v 0.00076535 0.00876058 -0.02277169
v 0.03403257 0.00645701 -0.02890614
v 0.00076535 0.00868115 -0.02272923
v -0.04453536 0.00403069 0.00600258
v -0.04453536 0.00579212 0.00600258
v -0.04434027 0.00393605 0.00600258
v -0.04453536 0.00210177 0.04102634
v -0.04453536 0.00796136 0.04111938
v -0.03246622 0.00796136 0.03413398
v -0.03101190 0.00796136 0.03331151
v -0.02803673 0.00796136 0.03174845
v -0.02797909 0.00796136 0.03171868
v -0.02631637 0.00796136 0.03088504
v -0.02491969 0.00796136 0.03023004
v -0.02165632 0.00796136 0.02881585
v -0.01556411 0.00796136 0.02659034
v -0.01483252 0.00796136 0.02634100
v -0.01402554 0.00796136 0.02607304
v -0.01265103 0.00796136 0.02563762
v -0.00771164 0.00796136 0.02426436
v -0.00326885 0.00796136 0.02304368
v -0.00178792 0.00796136 0.02264175
v -0.00019614 0.00796136 0.02225099
v 0.00076159 0.00796136 0.02202769
v -0.00173028 0.00644083 0.00600258
v -0.04322292 0.00361772 0.00600258
v -0.04453536 0.00219239 0.04254102
v -0.04289924 0.00357011 0.00600258
v -0.04168435 0.00339230 0.00600258
v -0.04136067 0.00338083 0.00600258
v -0.04015021 0.00333896 0.00600258
v -0.03861164 0.00328619 0.00600258
v -0.03828796 0.00327587 0.00600258
v -0.03707307 0.00324318 0.00600258
v -0.03553893 0.00322826 0.00600258
v -0.03400036 0.00324432 0.00600258
v -0.03246622 0.00327357 0.00600258
v -0.03092765 0.00330741 0.00600258
v -0.02938908 0.00334871 0.00600258
v -0.02477780 0.00348407 0.00600258
v -0.02324367 0.00352939 0.00600258
v -0.02291999 0.00353914 0.00600258
v -0.02138585 0.00358617 0.00600258
v -0.01985172 0.00364582 0.00600258
v -0.01831314 0.00372612 0.00600258
v 0.00076159 0.00477747 0.00600258
v 0.00076159 0.00480157 0.00663525
v 0.00076159 0.00482795 0.00721954
v 0.00076159 0.00547322 0.02046463
v 0.00076159 0.00550534 0.02111962
v -0.04453536 0.00796136 0.04294667
v 0.00076159 0.00796136 0.02452487
v 0.00076159 0.00639953 0.00600258
v 0.00055763 0.00640814 0.00600258
v -0.00019171 0.00643911 0.00600258
v -0.04453536 0.00252048 0.04354584
v 0.00076159 0.00554376 0.02170019
v 0.00076159 0.00556212 0.02192349
v -0.04453536 0.00505967 0.04394777
v -0.04196368 0.00796136 0.04198278
v -0.04453536 0.00331889 0.04402221
v -0.04453536 0.00326497 0.04401848
v -0.04453536 0.00319729 0.04397755
v 0.00076159 0.00744114 0.02413782
v -0.04453536 0.00475740 0.04401104
v 0.00076159 0.00592576 0.02261198
v 0.00076159 0.00675687 0.02362797
v 0.06777851 0.03181614 -0.01439806
v 0.06911892 0.04264439 -0.01439806
v 0.06965824 0.03181614 -0.01439806
v 0.06978768 0.03181614 -0.00285845
v 0.07151639 0.04264439 0.00813196
v 0.07066785 0.04264439 -0.01439806
v 0.06996961 0.03240652 -0.01439806
v 0.06982291 0.03181614 -0.01379594
v 0.06982148 0.03181614 -0.00267760
v 0.06998255 0.03181614 -0.00187697
v 0.07008035 0.03181614 -0.00144909
v 0.07030615 0.03181614 -0.00047201
v 0.07057150 0.03181614 0.00045874
v 0.07076206 0.03181614 0.00106087
v 0.07109500 0.03181614 0.00207543
v 0.07313940 0.03181614 0.00813196
v 0.07321850 0.04264439 0.00813196
v 0.07144017 0.03972852 -0.01439806
v 0.07131576 0.04264439 -0.01218145
v 0.07000988 0.03248390 -0.01439806
v 0.07002498 0.03242984 -0.01423705
v 0.07141428 0.03296299 -0.00968914
v 0.07100943 0.03219454 -0.00968914
v 0.07451360 0.03181614 0.00592418
v 0.07492205 0.03181614 0.00813196
v 0.07330479 0.04239319 0.00813196
v 0.07323648 0.04264439 0.00790699
v 0.07167532 0.03871629 -0.01439806
v 0.07140565 0.04264439 -0.01179327
v 0.07062255 0.03402610 -0.01439806
v 0.07137401 0.03456878 -0.01240201
v 0.07279855 0.03480833 -0.00735784
v 0.07160772 0.03262911 -0.00815185
v 0.07488393 0.03181614 0.00777907
v 0.07497957 0.03248920 0.00721444
v 0.07507737 0.03248920 0.00813196
v 0.07349607 0.04170953 0.00813196
v 0.07330911 0.04264439 0.00628148
v 0.07170623 0.03863574 -0.01429881
v 0.07168538 0.03863574 -0.01439806
v 0.07165590 0.04264439 -0.01062210
v 0.07283163 0.03791498 -0.00913995
v 0.07136610 0.03601665 -0.01439806
v 0.07282587 0.03628163 -0.00897894
v 0.07290785 0.03592019 -0.00815185
v 0.07493427 0.03402610 0.00567936
v 0.07512411 0.03310820 0.00813196
v 0.07445248 0.03827112 0.00813196
v 0.07336232 0.04264439 0.00474419
v 0.07161922 0.03721119 -0.01439806
v 0.07283666 0.03709990 -0.00912892
v 0.07182129 0.04264439 -0.00968914
v 0.07297545 0.03709990 -0.00815185
v 0.07368879 0.04017263 -0.00046981
v 0.07467252 0.03556300 0.00414207
v 0.07161203 0.03709990 -0.01439806
v 0.07509535 0.03402610 0.00721444
v 0.07511980 0.03402610 0.00813196
v 0.07337742 0.04264439 0.00414207
v 0.07460133 0.03754083 0.00813196
v 0.07358237 0.04170953 0.00260477
v 0.07336520 0.04264439 0.00260477
v 0.07190543 0.04264439 -0.00908702
v 0.07352196 0.04170953 0.00106748
v 0.07482138 0.03556300 0.00567936
v 0.07490838 0.03556300 0.00721444
v 0.07493859 0.03556300 0.00813196
v 0.07468762 0.03709990 0.00813196
v 0.07322066 0.04264439 0.00115571
v 0.07464951 0.03709990 0.00721444
v -0.04167225 0.00182183 -0.01548308
v -0.04167225 0.00339788 -0.01548308
v -0.04133165 0.00181063 -0.01548308
v -0.03861100 0.00328587 0.00600258
v -0.03982803 0.00332788 0.00600258
v -0.04136488 0.00338108 0.00600258
v -0.04167225 0.00339182 0.00600258
v -0.04167225 0.00408907 -0.01070685
v -0.00634118 0.00544531 -0.01548308
v -0.03829117 0.00327561 0.00600258
v -0.03672108 0.00168975 -0.01548308
v -0.03553729 0.00172102 -0.01429901
v -0.04167225 0.00485120 0.00600258
v -0.04167225 0.00464445 -0.00663097
v -0.00599643 0.00545698 -0.01548308
v -0.04167225 0.00464631 -0.00661414
v -0.04167225 0.00481386 -0.00507885
v -0.03707414 0.00324294 0.00600258
v -0.03553729 0.00167388 -0.01548308
v -0.03553729 0.00322847 0.00600258
v -0.03518423 0.00167995 -0.01548308
v -0.03400043 0.00174762 -0.01429901
v -0.03400043 0.00184189 -0.01276162
v -0.03135455 0.00249668 -0.00408197
v -0.04047184 0.00492074 0.00600258
v -0.04167225 0.00492727 0.00599838
v -0.00480432 0.00545325 -0.01548308
v -0.00575136 0.00560353 -0.01221270
v -0.00326747 0.00616823 -0.00046877
v -0.00173061 0.00639972 0.00414131
v -0.00173061 0.00633158 0.00260391
v -0.04167225 0.00487593 -0.00354356
v -0.03400043 0.00324434 0.00600258
v -0.03400043 0.00170142 -0.01548308
v -0.03246358 0.00209952 -0.00968893
v 0.00076159 0.00343102 -0.01276162
v -0.02324244 0.00337782 0.00414131
v -0.02477930 0.00332415 0.00414131
v -0.02631615 0.00328261 0.00414131
v -0.02938986 0.00332135 0.00567870
v -0.03092672 0.00328028 0.00567870
v -0.03246358 0.00327327 0.00600258
v -0.02017288 0.00361023 0.00567870
v -0.00326747 0.00638619 0.00600258
v -0.00205460 0.00643332 0.00600258
v -0.00173061 0.00625131 0.00106862
v -0.00019376 0.00637498 0.00414131
v -0.00024360 0.00518442 -0.01548308
v -0.00173061 0.00643799 0.00567870
v -0.00019376 0.00643426 0.00567870
v 0.00076159 0.00351456 -0.01548308
v 0.00076159 0.00345856 -0.01488368
v 0.00076159 0.00340769 -0.01429901
v 0.00076159 0.00341609 -0.01334629
v 0.00076159 0.00392946 -0.00566142
v -0.01831204 0.00372598 0.00600258
v -0.01984890 0.00364570 0.00600258
v -0.02170558 0.00354910 0.00567870
v -0.02138160 0.00358597 0.00600258
v -0.02291846 0.00353883 0.00600258
v -0.02445531 0.00349356 0.00600258
v -0.02906588 0.00335821 0.00600258
v -0.02938986 0.00334888 0.00600258
v -0.03092672 0.00330734 0.00600258
v -0.00173061 0.00644126 0.00600258
v 0.00076159 0.00639459 0.00567870
v 0.00076159 0.00631198 0.00414131
v 0.00076159 0.00506915 -0.01548308
v -0.00019376 0.00643939 0.00600258
v 0.00076159 0.00402280 -0.00433645
v 0.00076159 0.00404193 -0.00406514
v 0.00076159 0.00477699 0.00600258
v 0.00076159 0.00639972 0.00600258
v -0.04048668 0.04247558 0.03340119
v -0.04048668 0.04271731 0.03319919
v -0.04561125 0.04247558 0.03552949
v -0.04048668 0.04247558 0.03067860
v -0.04048668 0.04291340 0.03300597
v -0.04230682 0.04564268 0.03114408
v -0.04571355 0.04247558 0.03556462
v -0.06020518 0.04247558 0.03120555
v -0.06020518 0.05120237 0.00728776
v -0.06020518 0.05122210 0.00723507
v -0.04048668 0.05252322 0.00600551
v -0.04048668 0.04649612 0.02931145
v -0.04168917 0.04693147 0.02932023
v -0.04322558 0.04576354 0.03130216
v -0.04048668 0.04724596 0.02850931
v -0.04670372 0.04256315 0.03574320
v -0.04665547 0.04247558 0.03581346
v -0.06020518 0.04247558 0.03427066
v -0.06020518 0.05125046 0.00718530
v -0.06020518 0.05128746 0.00712382
v -0.06020518 0.05198304 0.00600551
v -0.04048668 0.05442743 0.00600551
v -0.04287622 0.04705233 0.02946661
v -0.04048668 0.04795634 0.02756665
v -0.04048668 0.04859642 0.02669718
v -0.04476391 0.04586714 0.03145439
v -0.04476391 0.04525666 0.03222433
v -0.04602044 0.04393087 0.03403061
v -0.04476391 0.04448832 0.03310844
v -0.04704536 0.04401967 0.03411550
v -0.04783672 0.04259521 0.03577833
v -0.04685041 0.04247558 0.03584859
v -0.05990600 0.04247558 0.03437020
v -0.06020518 0.04253232 0.03419455
v -0.06020518 0.05436946 0.00600551
v -0.05697988 0.05482085 0.00600551
v -0.04048668 0.05490594 0.01182834
v -0.04048668 0.05040689 0.02401558
v -0.04390113 0.04709427 0.02950760
v -0.04476391 0.04663548 0.03030681
v -0.04630032 0.04590044 0.03153051
v -0.04630032 0.04533066 0.03230045
v -0.04722293 0.04401967 0.03411550
v -0.04783672 0.04590044 0.03155100
v -0.05243436 0.04247558 0.03563781
v -0.04783672 0.04247558 0.03590714
v -0.04824785 0.04400117 0.03410086
v -0.05859350 0.04247558 0.03474492
v -0.05981914 0.04258041 0.03425602
v -0.06020518 0.04379891 0.03228581
v -0.06020518 0.05027000 0.01912956
v -0.06015306 0.05440029 0.00600551
v -0.05842171 0.05482948 0.00600551
v -0.04937313 0.05507491 0.01182834
v -0.04630032 0.05503297 0.01182834
v -0.04048668 0.05491334 0.01216500
v -0.04048668 0.05107904 0.02286214
v -0.04630032 0.04713620 0.02957786
v -0.04630032 0.04666878 0.03034779
v -0.04783672 0.04533682 0.03231801
v -0.04937313 0.04532819 0.03227995
v -0.04783672 0.04666878 0.03033315
v -0.04937313 0.04587084 0.03151294
v -0.05398235 0.04247558 0.03546802
v -0.04937313 0.04395800 0.03406574
v -0.05090954 0.04452408 0.03322554
v -0.04937313 0.04455985 0.03329580
v -0.05784459 0.04247558 0.03489715
v -0.05859350 0.04270251 0.03442875
v -0.05802989 0.04405667 0.03263418
v -0.06020518 0.04428236 0.03155393
v -0.06020518 0.04912550 0.02258402
v -0.05451507 0.05469505 0.01080956
v -0.05554577 0.05454829 0.01029432
v -0.05857998 0.05457666 0.00719701
v -0.05957015 0.05461982 0.00600551
v -0.05885020 0.05476782 0.00600551
v -0.05805691 0.05479865 0.00667006
v -0.05505165 0.05481468 0.00978493
v -0.05399393 0.05487018 0.01029432
v -0.05090954 0.05502434 0.01182834
v -0.04630032 0.05498857 0.01336528
v -0.04476391 0.05499597 0.01336528
v -0.04168917 0.05495034 0.01336528
v -0.04048668 0.05492321 0.01336528
v -0.05090954 0.05029096 0.02362622
v -0.05090954 0.04989014 0.02439616
v -0.04937313 0.04875058 0.02664449
v -0.04783672 0.04877401 0.02669133
v -0.04783672 0.04834113 0.02746126
v -0.04630032 0.04835099 0.02747883
v -0.04630032 0.04762828 0.02873180
v -0.04048668 0.05449649 0.01503689
v -0.04168917 0.05484675 0.01429916
v -0.04322558 0.05484921 0.01431672
v -0.04476391 0.05485661 0.01432258
v -0.04630032 0.05483565 0.01426403
v -0.04783672 0.04712880 0.02956615
v -0.05090954 0.04529243 0.03220091
v -0.04891182 0.04710660 0.02952809
v -0.04940401 0.04670825 0.03013116
v -0.05090954 0.04580917 0.03143390
v -0.05398235 0.04298740 0.03480640
v -0.05651278 0.04247558 0.03511379
v -0.05244594 0.04444392 0.03313186
v -0.05705709 0.04247558 0.03503474
v -0.05705709 0.04281474 0.03457805
v -0.05705709 0.04358308 0.03350658
v -0.05705709 0.04413313 0.03273665
v -0.05489338 0.04557855 0.03107674
v -0.05545120 0.04591277 0.03035657
v -0.05705709 0.04583384 0.02997307
v -0.06020518 0.04430702 0.03151587
v -0.06020518 0.04909713 0.02265428
v -0.06012990 0.04914153 0.02258402
v -0.05177232 0.05479495 0.01264219
v -0.05349016 0.05482085 0.01123405
v -0.05908182 0.05470245 0.00625142
v -0.05234943 0.05487511 0.01177857
v -0.05090954 0.05485785 0.01280905
v -0.04937313 0.05491828 0.01309302
v -0.04048668 0.05482578 0.01426696
v -0.05207149 0.05024410 0.02351205
v -0.04733488 0.05479741 0.01418499
v -0.05190550 0.04865685 0.02647762
v -0.05090954 0.04919950 0.02565791
v -0.05090954 0.04870495 0.02655959
v -0.04937313 0.04831153 0.02741150
v -0.04783672 0.04761102 0.02873180
v -0.05244594 0.04521226 0.03208674
v -0.05244594 0.04573518 0.03131973
v -0.04940401 0.04746179 0.02887525
v -0.05090954 0.04749139 0.02865276
v -0.05398235 0.04510743 0.03194036
v -0.05398235 0.04564391 0.03117335
v -0.05398235 0.04732119 0.02836001
v -0.05551875 0.04675141 0.02891916
v -0.05639311 0.04711153 0.02800285
v -0.05950067 0.04558595 0.02955736
v -0.05980949 0.04718800 0.02660057
v -0.06020518 0.04713497 0.02652446
v -0.06020518 0.04871975 0.02354718
v -0.05632169 0.05016887 0.02183165
v -0.04835980 0.05472958 0.01404446
v -0.06012990 0.04872715 0.02356181
v -0.05551875 0.04878634 0.02519829
v -0.05398235 0.04892571 0.02544713
v -0.05242857 0.04897874 0.02577209
v -0.05244594 0.04741492 0.02852102
v -0.05090954 0.04826096 0.02732953
v -0.05551875 0.04719786 0.02814923
v -0.05696444 0.04740506 0.02725634
v -0.05859350 0.04731379 0.02682599
v -0.05658227 0.04868398 0.02500215
v -0.06012990 0.04832263 0.02433175
v -0.06020518 0.04748892 0.02587162
v -0.06020518 0.04827823 0.02438445
v 0.06156231 0.03181614 -0.03222764
v 0.06156231 0.03226237 -0.03238395
v 0.06157024 0.03181614 -0.03222205
v 0.06156231 0.03181614 -0.02974515
v 0.06156231 0.03227933 -0.03238954
v 0.06200132 0.03186914 -0.03191872
v 0.06198942 0.03181614 -0.03190756
v 0.06156231 0.04264439 -0.03021225
v 0.06777770 0.03181614 -0.01439806
v 0.06156231 0.03251994 -0.03246025
v 0.06271284 0.03181614 -0.03112038
v 0.06203203 0.03181614 -0.03186475
v 0.06217275 0.03289409 -0.03208248
v 0.06311319 0.03402610 -0.03147396
v 0.06367110 0.03300962 -0.03053047
v 0.06156231 0.04264439 -0.03246025
v 0.06911849 0.04264439 -0.01439806
v 0.06965758 0.03181614 -0.01439806
v 0.06156231 0.03353641 -0.03272264
v 0.06349273 0.03198467 -0.03032018
v 0.06346399 0.03181614 -0.03027552
v 0.06333715 0.03556300 -0.03171402
v 0.06234518 0.03402610 -0.03223508
v 0.06383065 0.03402610 -0.03070539
v 0.06523883 0.03445643 -0.02905475
v 0.06219951 0.04264439 -0.03209551
v 0.06156231 0.03863574 -0.03326603
v 0.07066738 0.04264439 -0.01439806
v 0.06967938 0.03185748 -0.01439806
v 0.06928893 0.03181614 -0.01583842
v 0.06156231 0.03394342 -0.03282500
v 0.06354922 0.03181614 -0.03015084
v 0.06256815 0.03556300 -0.03242117
v 0.06349570 0.03678086 -0.03187592
v 0.06403579 0.03556300 -0.03094546
v 0.06156231 0.03540401 -0.03318043
v 0.06159997 0.03556300 -0.03318974
v 0.06480379 0.03556300 -0.03002802
v 0.06635466 0.03709990 -0.02839784
v 0.06682835 0.03709990 -0.02762928
v 0.06670051 0.03620319 -0.02742644
v 0.06554801 0.03397734 -0.02822664
v 0.06503766 0.03343254 -0.02880166
v 0.06395551 0.03181614 -0.02954417
v 0.06539837 0.03556300 -0.02925945
v 0.06233924 0.04264439 -0.03196524
v 0.06360372 0.03790650 -0.03198571
v 0.06163763 0.03863574 -0.03321579
v 0.06156231 0.03741999 -0.03337955
v 0.07143934 0.03972852 -0.01439806
v 0.07049792 0.04264439 -0.01583842
v 0.06996874 0.03240652 -0.01439806
v 0.06889948 0.03181614 -0.01728809
v 0.06987163 0.03296935 -0.01583842
v 0.07000838 0.03248390 -0.01439806
v 0.06360372 0.03780475 -0.03198571
v 0.06408633 0.03721543 -0.03130089
v 0.06496928 0.03709990 -0.03026063
v 0.06156231 0.03556300 -0.03321393
v 0.06156231 0.03565415 -0.03322696
v 0.06174564 0.03709990 -0.03328278
v 0.06558666 0.03709990 -0.02949207
v 0.06642700 0.03863574 -0.02855230
v 0.06693636 0.03863574 -0.02778373
v 0.06820679 0.03936391 -0.02583534
v 0.06848030 0.03876505 -0.02514121
v 0.06736644 0.03709990 -0.02659460
v 0.06695916 0.03564037 -0.02661507
v 0.06532306 0.03248920 -0.02772046
v 0.06487217 0.03248920 -0.02848903
v 0.06474730 0.03181614 -0.02826758
v 0.06375138 0.04264439 -0.03060677
v 0.06156231 0.03709990 -0.03340747
v 0.06500892 0.03863574 -0.03032204
v 0.06565801 0.03863574 -0.02955534
v 0.07167520 0.03871629 -0.01439806
v 0.07135610 0.03955257 -0.01540483
v 0.07017783 0.04264439 -0.01737555
v 0.06975172 0.03322797 -0.01664979
v 0.06844165 0.03181614 -0.01873217
v 0.07029081 0.03402610 -0.01583842
v 0.07062179 0.03402610 -0.01439806
v 0.07005099 0.03258989 -0.01439806
v 0.06517639 0.04264439 -0.02896356
v 0.06820679 0.03941372 -0.02583534
v 0.06914921 0.03863574 -0.02352220
v 0.06835742 0.03709990 -0.02461457
v 0.06679961 0.03443099 -0.02611634
v 0.06519720 0.03181614 -0.02748785
v 0.06395452 0.04264439 -0.03037601
v 0.07168610 0.03863574 -0.01439806
v 0.07141953 0.03863574 -0.01564489
v 0.06987460 0.03965645 -0.02166127
v 0.06985082 0.04264439 -0.01861679
v 0.06990829 0.03410983 -0.01724715
v 0.06835147 0.03291741 -0.02044981
v 0.06737636 0.03181614 -0.02192366
v 0.07128773 0.03629011 -0.01511452
v 0.07136502 0.03601665 -0.01439806
v 0.06686699 0.04264439 -0.02616100
v 0.06810967 0.04264439 -0.02348871
v 0.06831778 0.04264439 -0.02302161
v 0.06985874 0.03863574 -0.02161289
v 0.06877462 0.03709990 -0.02352220
v 0.06821769 0.03628799 -0.02432985
v 0.06559260 0.03181614 -0.02655924
v 0.06824048 0.03469915 -0.02285041
v 0.06702952 0.03396144 -0.02512632
v 0.06680952 0.03288667 -0.02465923
v 0.07161970 0.03721119 -0.01439806
v 0.07136799 0.03709990 -0.01542716
v 0.06869930 0.04264439 -0.02198694
v 0.06978046 0.03467689 -0.01826880
v 0.06821175 0.03323539 -0.02124629
v 0.06836436 0.03412255 -0.02184923
v 0.06688384 0.03181614 -0.02330261
v 0.07161178 0.03709990 -0.01439806
v 0.07034432 0.03556300 -0.01737555
v 0.06990730 0.03565627 -0.01883266
v 0.06976361 0.03778037 -0.02130025
v 0.06836634 0.03569019 -0.02342730
v 0.07337786 0.04264439 0.00414200
v 0.07326220 0.04324727 0.00414200
v 0.07336166 0.04264439 0.00474423
v 0.07336513 0.04264439 0.00260413
v 0.07322403 0.04324727 0.00260413
v 0.07295455 0.04432212 0.00414200
v 0.07291985 0.04431552 0.00567812
v 0.07323560 0.04264439 0.00790550
v 0.07330846 0.04264439 0.00628035
v 0.07322056 0.04264439 0.00115529
v 0.07132957 0.04570831 -0.00969880
v 0.07253009 0.04509003 0.00414200
v 0.07260295 0.04508452 0.00567812
v 0.07101729 0.04647621 -0.00969880
v 0.07101267 0.04648502 -0.00969880
v 0.07286434 0.04417910 0.00678308
v 0.07321825 0.04264439 0.00813417
v 0.07190554 0.04264439 -0.00908610
v 0.07178063 0.04324727 -0.00968833
v 0.07177832 0.04325608 -0.00969880
v 0.07153775 0.04479298 -0.00969880
v 0.07024933 0.04776009 -0.00968833
v 0.07133882 0.04715501 0.00721599
v 0.07134923 0.04717151 0.00813417
v 0.07180376 0.04632109 0.00813417
v 0.07024817 0.04776009 -0.00969880
v 0.07303898 0.04316586 0.00813417
v 0.07151578 0.04264439 0.00813417
v 0.07182111 0.04264439 -0.00968833
v 0.07181880 0.04264879 -0.00969880
v 0.06963519 0.04852799 -0.00968833
v 0.06967220 0.04856540 -0.00815221
v 0.06828663 0.05026293 -0.00507822
v 0.06524947 0.05331585 0.00106801
v 0.06519395 0.05328284 0.00210140
v 0.06503319 0.05316623 0.00312606
v 0.06364762 0.05327844 0.00657361
v 0.06337466 0.05305071 0.00759827
v 0.06250261 0.05342476 0.00813417
v 0.06684091 0.05193186 -0.00354035
v 0.06684091 0.05194396 -0.00200423
v 0.06604750 0.05263706 -0.00046986
v 0.06963750 0.04852249 -0.00969880
v 0.06267378 0.05070739 0.00813417
v 0.07052459 0.04264439 -0.00568045
v 0.07033145 0.04264439 -0.00969880
v 0.06962941 0.04853130 -0.00969880
v 0.06659919 0.05163702 -0.00859035
v 0.06669518 0.05173273 -0.00756569
v 0.06675185 0.05179984 -0.00661434
v 0.06681547 0.05188125 -0.00507822
v 0.06826465 0.05023433 -0.00661434
v 0.06436006 0.05360079 0.00106801
v 0.06601627 0.05271187 -0.00200423
v 0.06527954 0.05332025 -0.00046986
v 0.06445606 0.05349077 0.00261111
v 0.06409058 0.05348967 0.00414200
v 0.06381994 0.05338516 0.00567812
v 0.06284611 0.05350397 0.00713743
v 0.06188500 0.05367780 0.00813417
v 0.06156231 0.05172723 0.00813417
v 0.07042744 0.04264439 -0.00721832
v 0.07031641 0.04264439 -0.00969880
v 0.06642454 0.05148190 -0.00969880
v 0.06601049 0.05216509 -0.00810857
v 0.06566005 0.05211669 -0.00969880
v 0.06589715 0.05246653 -0.00661434
v 0.06589715 0.05261615 -0.00507822
v 0.06577571 0.05280428 -0.00366604
v 0.06282298 0.05387693 0.00106801
v 0.06282298 0.05387363 0.00260413
v 0.06282298 0.05382742 0.00414200
v 0.06436006 0.05358098 -0.00046986
v 0.06524831 0.05329385 -0.00200423
v 0.06282298 0.05372510 0.00567812
v 0.06156231 0.05375701 0.00813417
v 0.06156231 0.05144669 -0.00633854
v 0.06156231 0.05142359 -0.00969880
v 0.06566121 0.05211778 -0.00968833
v 0.06436006 0.05272067 -0.00969880
v 0.06436006 0.05272287 -0.00968833
v 0.06468853 0.05313432 -0.00661434
v 0.06509680 0.05323004 -0.00426128
v 0.06518239 0.05326084 -0.00323662
v 0.06156231 0.05385822 0.00106801
v 0.06156231 0.05388353 0.00232833
v 0.06282298 0.05379221 -0.00046986
v 0.06156231 0.05375811 -0.00354035
v 0.06156231 0.05388243 0.00260413
v 0.06156231 0.05385492 0.00693844
v 0.06436006 0.05349517 -0.00200423
v 0.06374477 0.05326414 -0.00772803
v 0.06156231 0.05295940 -0.00969880
v 0.06279406 0.05302211 -0.00969880
v 0.06328445 0.05316183 -0.00875269
v 0.06429876 0.05302321 -0.00820458
v 0.06156231 0.05373611 -0.00381790
v 0.06225973 0.05324544 -0.00906341
v 0.06156231 0.05304191 -0.00946664
v 0.06198677 0.05324544 -0.00906341
v 0.06156231 0.05354908 -0.00535402
v -0.05979108 0.05453827 0.00600258
v -0.05979108 0.05229109 0.00600258
v -0.05979108 0.05458313 0.00588995
v -0.06014002 0.05452447 0.00571397
v -0.06015558 0.05440027 0.00600258
v -0.06094298 0.05133540 0.00600258
v -0.06916327 0.04311488 -0.01197606
v -0.05979108 0.05232214 -0.01197606
v -0.05979108 0.05480278 0.00512794
v -0.06065760 0.05470388 0.00460350
v -0.06723954 0.05030036 0.00600258
v -0.07115965 0.04311488 0.00600258
v -0.07081978 0.04311488 -0.01197606
v -0.05979108 0.05378844 -0.01197606
v -0.05979108 0.05483154 0.00487804
v -0.06098708 0.05480164 0.00357927
v -0.06156693 0.05434737 0.00411074
v -0.06800877 0.04979089 0.00600258
v -0.06323901 0.05367459 0.00249872
v -0.06415093 0.05339053 0.00106796
v -0.07304187 0.04311488 0.00600258
v -0.07203007 0.04311488 -0.00511616
v -0.07080162 0.04324713 -0.01197606
v -0.06013224 0.05381604 -0.01197606
v -0.05979108 0.05482808 0.00268350
v -0.05979108 0.05486374 0.00411778
v -0.06014002 0.05485339 0.00411074
v -0.06176021 0.05452677 0.00260431
v -0.06099227 0.05480049 0.00260431
v -0.06320528 0.05408861 -0.00200650
v -0.06457770 0.05362629 -0.00354109
v -0.06909841 0.04902266 0.00600258
v -0.06433902 0.05353428 -0.00046839
v -0.06320528 0.05394830 0.00106796
v -0.07303798 0.04311488 0.00579844
v -0.07298350 0.04324023 0.00600258
v -0.07176544 0.04580138 0.00260431
v -0.07227653 0.04311488 -0.00367308
v -0.07068747 0.04478474 -0.01122636
v -0.07067839 0.04403491 -0.01197606
v -0.06091963 0.05384250 -0.01197606
v -0.06022174 0.05482808 0.00255151
v -0.06447004 0.05360214 -0.00200650
v -0.06093519 0.05477978 0.00176134
v -0.06320528 0.05394715 -0.00815190
v -0.06320528 0.05399315 -0.00661555
v -0.06320528 0.05408286 -0.00354109
v -0.06461532 0.05360099 -0.00507744
v -0.06538326 0.05309612 -0.00507744
v -0.06534564 0.05303976 -0.00354109
v -0.06993640 0.04845454 0.00414242
v -0.06970550 0.04849594 0.00600258
v -0.07303539 0.04311488 0.00567877
v -0.07175117 0.04576688 0.00106796
v -0.07210400 0.04502165 0.00600258
v -0.07224021 0.04478474 0.00567877
v -0.07138925 0.04656961 0.00260431
v -0.07226356 0.04324713 -0.00354109
v -0.07056554 0.04632120 -0.00968825
v -0.07023086 0.04593824 -0.01197606
v -0.07052013 0.04480659 -0.01197606
v -0.06166941 0.05384365 -0.01197606
v -0.06079510 0.05477978 0.00176134
v -0.06320528 0.05385515 -0.00968825
v -0.06449339 0.05353774 -0.00815190
v -0.06457900 0.05356649 -0.00661555
v -0.06534694 0.05308117 -0.00661555
v -0.06987413 0.04832803 -0.00661555
v -0.06992602 0.04843844 0.00260431
v -0.07062002 0.04766905 0.00260431
v -0.07059148 0.04768516 0.00414242
v -0.06989230 0.04835908 0.00567877
v -0.06986635 0.04831998 0.00600258
v -0.07172393 0.04567718 -0.00046839
v -0.07169798 0.04561507 -0.00139935
v -0.07203785 0.04478474 -0.00046839
v -0.07191072 0.04483419 -0.00194842
v -0.07040469 0.04755980 -0.00661555
v -0.07175376 0.04570248 0.00600258
v -0.07176154 0.04571973 0.00567877
v -0.07136071 0.04652131 0.00414242
v -0.07077049 0.04632120 -0.00815190
v -0.07021530 0.04726194 -0.00968825
v -0.07014006 0.04712853 -0.01053826
v -0.07029313 0.04630395 -0.01112077
v -0.06990916 0.04664091 -0.01197606
v -0.06245680 0.05375624 -0.01197606
v -0.06320528 0.05371829 -0.01122636
v -0.06421839 0.05339283 -0.01122636
v -0.06437275 0.05347678 -0.00968825
v -0.06526262 0.05299836 -0.00815190
v -0.06897259 0.04897666 -0.00968825
v -0.06982225 0.04821878 -0.00815190
v -0.07137757 0.04626255 0.00600258
v -0.07047603 0.04759085 0.00567877
v -0.07044749 0.04755175 0.00600258
v -0.07033204 0.04745055 -0.00815190
v -0.06974052 0.04803017 -0.00968825
v -0.06874428 0.04879380 -0.01197606
v -0.06935137 0.04779556 -0.01197606
v -0.06325846 0.05361594 -0.01197606
v -0.06413147 0.05333993 -0.01197606
v -0.06514068 0.05286726 -0.00968825
v -0.06882730 0.04887315 -0.01122636
v 0.00076754 0.04818058 -0.01149705
v 0.00076754 0.04965281 -0.01149705
v 0.00135079 0.04816424 -0.01149705
v 0.00076754 0.04821326 -0.01122610
v 0.00076754 0.05031189 -0.00949473
v 0.01544994 0.05200433 -0.01149705
v 0.00288628 0.04820703 -0.01149705
v 0.06156231 0.05172809 0.00813225
v 0.00135079 0.04820003 -0.01122610
v 0.00076754 0.05145108 0.00813225
v 0.00076754 0.05217941 -0.00354156
v 0.01671761 0.05218330 -0.01149705
v 0.04898675 0.05053677 -0.01149705
v 0.04564200 0.05013525 -0.00902009
v 0.04564200 0.05013525 -0.00842823
v 0.05667016 0.05088459 -0.00815152
v 0.05821161 0.05099042 -0.00815152
v 0.05974710 0.05116783 -0.00815152
v 0.06156231 0.05132424 -0.01149705
v 0.06156231 0.05375747 0.00813225
v 0.04898675 0.05165106 0.00813225
v 0.04898675 0.05148687 0.00721564
v 0.00595726 0.05146897 0.00813225
v 0.00076754 0.05282293 0.00813225
v 0.00076754 0.05251712 -0.00200427
v 0.02525209 0.05322133 -0.01149705
v 0.06156231 0.05269842 -0.01149705
v 0.06156231 0.05385551 0.00693892
v 0.06128259 0.05382516 0.00813225
v 0.00076754 0.05281514 0.00721564
v 0.01662239 0.05487565 0.00813225
v 0.03128098 0.05478927 -0.00741938
v 0.03207848 0.05483518 -0.00766343
v 0.00076754 0.05257159 -0.00046890
v 0.01690211 0.05490988 0.00813225
v 0.01825310 0.05504372 0.00813225
v 0.03361993 0.05524059 -0.00507885
v 0.02601984 0.05329914 -0.01149705
v 0.06155041 0.05272955 -0.01149705
v 0.06156231 0.05275445 -0.01122610
v 0.06156231 0.05388274 0.00260376
v 0.05912814 0.05481884 -0.00403542
v 0.05831278 0.05503049 -0.00353003
v 0.05667016 0.05542656 -0.00200427
v 0.06036606 0.05398235 0.00813225
v 0.03361993 0.05508185 -0.00661422
v 0.03361993 0.05487565 -0.00775566
v 0.04311260 0.05426792 -0.01149705
v 0.01979455 0.05512231 0.00813225
v 0.03361993 0.05533474 -0.00354156
v 0.04437433 0.05611366 0.00721564
v 0.05513467 0.05552383 -0.00354156
v 0.05661660 0.05504839 -0.00511344
v 0.05667016 0.05545924 -0.00354156
v 0.05821161 0.05493167 -0.00464073
v 0.05912814 0.05481884 -0.00443319
v 0.06156231 0.05304236 -0.00946590
v 0.06156231 0.05388352 0.00232897
v 0.05513467 0.05558997 -0.00200427
v 0.04437433 0.05601717 0.00813225
v 0.06156231 0.05385862 0.00106839
v 0.06156231 0.05375824 -0.00354156
v 0.06156231 0.05373646 -0.00381828
v 0.06156231 0.05354893 -0.00535365
v 0.00292082 0.00749002 0.02063017
v 0.00439019 0.00749002 0.02114115
v 0.00076548 0.00749002 0.02118598
v 0.00076548 0.01688302 0.02798335
v 0.00087072 0.01688302 0.02797439
v 0.00134622 0.01688302 0.02794525
v 0.00221926 0.01688302 0.02798559
v 0.00283117 0.01688302 0.02803938
v 0.00755108 0.01688302 0.02887756
v 0.00787458 0.01688302 0.02894032
v 0.00902045 0.01688302 0.02919133
v 0.00903214 0.01687934 0.02919133
v 0.01056777 0.01688302 0.02956111
v 0.01518244 0.01688302 0.03067944
v 0.01535004 0.01688302 0.03072426
v 0.01666351 0.01688302 0.03109630
v 0.01825370 0.01688302 0.03158710
v 0.03064004 0.01688302 0.03547324
v 0.03078815 0.01688302 0.03552030
v 0.03128314 0.01688302 0.03567942
v 0.03363335 0.01688302 0.03643693
v 0.03385551 0.01688302 0.03650865
v 0.03505595 0.01688302 0.03693446
v 0.03518456 0.01688302 0.03698153
v 0.04057874 0.01176399 0.03655795
v 0.04057874 0.01097044 0.03619041
v 0.04057874 0.01032309 0.03591474
v 0.04057874 0.00920586 0.03551134
v 0.04057874 0.00866702 0.03543962
v 0.04057874 0.00789829 0.03534549
v 0.04057874 0.00749002 0.03534774
v 0.00076548 0.00749002 0.02417117
v 0.00076548 0.01688302 0.02973816
v 0.03578088 0.01688302 0.03725943
v 0.04057874 0.01233686 0.03683585
v 0.04057874 0.00749002 0.03698153
v 0.00076548 0.01030470 0.02632715
v 0.03376197 0.00749002 0.03577355
v 0.00076548 0.01662095 0.02965972
v 0.04057874 0.01688302 0.04352117
v 0.03665004 0.01688302 0.03769645
v 0.04057874 0.01291708 0.03721012
v 0.03673578 0.01688302 0.03774127
v 0.03933543 0.00749002 0.03684930
v 0.00076548 0.01061182 0.02654230
v 0.03515728 0.00749002 0.03617248
v 0.00076548 0.01307800 0.02808420
v 0.00076548 0.01177871 0.02729308
v 0.00076548 0.01103113 0.02682244
v 0.00076548 0.01624395 0.02954094
v 0.00076548 0.01555981 0.02924735
v 0.00076548 0.01498327 0.02899186
v 0.00076548 0.01404535 0.02856829
v 0.00076548 0.01364260 0.02838003
v 0.03669291 0.00749002 0.03648623
v 0.04057874 0.01688302 0.04032755
v 0.04057874 0.01343938 0.03759112
v 0.03808822 0.01688302 0.03848533
v 0.03816617 0.01688302 0.03853015
v 0.03873911 0.01688302 0.03889994
v 0.04057874 0.01678095 0.04023566
v 0.04053197 0.01688302 0.04027824
v 0.04057874 0.01454006 0.03842482
v 0.03964334 0.01688302 0.03956556
v 0.04046961 0.01688302 0.04022670
v 0.03966672 0.01688302 0.03958349
v 0.03979144 0.01688302 0.03968210
v 0.06156332 0.04264439 -0.03246167
v 0.06156332 0.04322342 -0.03239036
v 0.06218782 0.04285264 -0.03208511
v 0.06219987 0.04264439 -0.03209402
v 0.06156332 0.04264439 -0.03021123
v 0.06156332 0.04346823 -0.03231906
v 0.06199505 0.04387761 -0.03191577
v 0.06233943 0.04264439 -0.03196478
v 0.06358644 0.04400459 -0.03043181
v 0.06373403 0.04298063 -0.03059001
v 0.07031646 0.04264439 -0.00969880
v 0.06156332 0.05142422 -0.00969880
v 0.06156332 0.04412243 -0.03206728
v 0.06156332 0.04462323 -0.03172860
v 0.06217778 0.04564617 -0.03054545
v 0.06252819 0.04478475 -0.03085739
v 0.06375110 0.04264439 -0.03060784
v 0.06473907 0.04478475 -0.02844207
v 0.06502622 0.04369476 -0.02878075
v 0.06517482 0.04266979 -0.02896123
v 0.06329628 0.04478475 -0.03013324
v 0.06368684 0.04564820 -0.02901025
v 0.06514470 0.04558217 -0.02738369
v 0.06517582 0.04264439 -0.02896346
v 0.06395392 0.04264439 -0.03037611
v 0.07033152 0.04264439 -0.00969880
v 0.06156332 0.05296016 -0.00969880
v 0.06156332 0.04488125 -0.03154589
v 0.06156332 0.04584324 -0.03075935
v 0.06378022 0.04726642 -0.02751515
v 0.06533546 0.04478475 -0.02767335
v 0.06672303 0.04417525 -0.02592648
v 0.06552221 0.04320818 -0.02821257
v 0.06635455 0.04324780 -0.02687122
v 0.06682043 0.04324780 -0.02610250
v 0.06686661 0.04264439 -0.02616043
v 0.06518988 0.04264439 -0.02894118
v 0.06480533 0.04660715 -0.02693584
v 0.06517884 0.04716179 -0.02591311
v 0.06538667 0.04618558 -0.02649243
v 0.06651721 0.04520022 -0.02559003
v 0.07181950 0.04264846 -0.00969880
v 0.07165584 0.04264439 -0.01062572
v 0.06279426 0.05302212 -0.00969880
v 0.06156332 0.05259243 -0.01430218
v 0.06156332 0.04652182 -0.02991711
v 0.06156332 0.04790335 -0.02815241
v 0.06156332 0.04820403 -0.02773574
v 0.06292779 0.04832492 -0.02663058
v 0.06351014 0.04858497 -0.02571258
v 0.06431939 0.04752140 -0.02649243
v 0.06612765 0.04472685 -0.02650134
v 0.06698107 0.04472685 -0.02506864
v 0.06807747 0.04512810 -0.02255750
v 0.06779333 0.04468316 -0.02339306
v 0.06821804 0.04410313 -0.02279369
v 0.06730738 0.04324780 -0.02505750
v 0.06810960 0.04264439 -0.02348664
v 0.06680737 0.04722681 -0.02298754
v 0.06681842 0.04581378 -0.02456508
v 0.07177934 0.04324780 -0.00969880
v 0.07150925 0.04324780 -0.01122732
v 0.07140483 0.04264439 -0.01179550
v 0.07130945 0.04324780 -0.01216315
v 0.06156332 0.05245630 -0.01582178
v 0.06436055 0.05272144 -0.00969880
v 0.06282337 0.05263611 -0.01276475
v 0.06156332 0.04854840 -0.02725000
v 0.06178621 0.04850066 -0.02716533
v 0.06248502 0.04878407 -0.02614038
v 0.06540574 0.04881150 -0.02167738
v 0.06590977 0.04828022 -0.02210742
v 0.06707545 0.04745130 -0.02198487
v 0.06292779 0.04898318 -0.02514440
v 0.06156332 0.05207841 -0.01727677
v 0.06231032 0.05188744 -0.01690244
v 0.06282237 0.05203677 -0.01574380
v 0.06390572 0.05193112 -0.01430218
v 0.06834053 0.04587677 -0.02153255
v 0.06842687 0.04468316 -0.02202052
v 0.06831844 0.04264439 -0.02301873
v 0.06979437 0.04478475 -0.01831286
v 0.06831141 0.04722681 -0.01996838
v 0.06809354 0.04690072 -0.02099111
v 0.07177833 0.04325592 -0.00969880
v 0.07128335 0.04408382 -0.01203614
v 0.07136166 0.04467199 -0.01115602
v 0.07044598 0.04478475 -0.01583961
v 0.07017791 0.04264439 -0.01737481
v 0.06282337 0.05240754 -0.01430218
v 0.06565976 0.05211702 -0.00969880
v 0.06436055 0.05247154 -0.01122732
v 0.06156332 0.04892832 -0.02651471
v 0.06156332 0.04938849 -0.02530705
v 0.06156332 0.04947179 -0.02507309
v 0.06570997 0.04901772 -0.02044967
v 0.06695798 0.04881150 -0.01862926
v 0.06745497 0.04829546 -0.01905038
v 0.06441778 0.05211194 -0.01273801
v 0.06854234 0.04636233 -0.02046749
v 0.06957850 0.04669756 -0.01737481
v 0.06974316 0.04556694 -0.01815689
v 0.06869997 0.04264439 -0.02198487
v 0.07007650 0.04478475 -0.01737481
v 0.06985160 0.04264439 -0.01861812
v 0.06852025 0.04746146 -0.01891224
v 0.06972308 0.04706529 -0.01655708
v 0.07129439 0.04560960 -0.01059452
v 0.07153937 0.04478373 -0.00969880
v 0.07015783 0.04324780 -0.01737481
v 0.06986967 0.04592857 -0.01737481
v 0.07005943 0.04645985 -0.01596216
v 0.06540374 0.05193417 -0.01122732
v 0.06642383 0.05148212 -0.00969880
v 0.06831141 0.04871093 -0.01541180
v 0.06799313 0.04846917 -0.01737481
v 0.06523004 0.05178179 -0.01220548
v 0.06722405 0.04900959 -0.01737481
v 0.06881042 0.04770221 -0.01737481
v 0.06901725 0.04789218 -0.01598444
v 0.06982851 0.04721462 -0.01553435
v 0.07101728 0.04647611 -0.00969880
v 0.07132953 0.04570814 -0.00969880
v 0.07153737 0.04479287 -0.00969880
v 0.06643387 0.05147298 -0.00969880
v 0.06952328 0.04842955 -0.01122732
v 0.06919496 0.04810651 -0.01430218
v 0.07017289 0.04766158 -0.01122732
v 0.07024919 0.04776012 -0.00969880
v 0.06962971 0.04853113 -0.00969880
v 0.06963774 0.04852301 -0.00969880
v -0.05978978 0.05378865 -0.01197606
v -0.06013204 0.05381596 -0.01197606
v -0.05978978 0.05232144 -0.01197606
v -0.05978978 0.05372039 -0.01464203
v -0.06091913 0.05384222 -0.01197606
v -0.05978978 0.05367943 -0.01618081
v -0.06013204 0.05379285 -0.01276415
v -0.06916254 0.04311592 -0.01197606
v -0.05978978 0.04311592 -0.03364994
v -0.06166844 0.05384432 -0.01197606
v -0.06013204 0.05369413 -0.01583938
v -0.05978978 0.05357545 -0.01771725
v -0.07081879 0.04311592 -0.01197606
v -0.05978978 0.04311592 -0.03586690
v -0.06166844 0.05379705 -0.01276415
v -0.06245661 0.05375715 -0.01197606
v -0.06013204 0.05358595 -0.01737582
v -0.06166844 0.05370253 -0.01430060
v -0.05978978 0.05337275 -0.01913208
v -0.07081015 0.04318314 -0.01197606
v -0.07068706 0.04311592 -0.01276415
v -0.06020330 0.04311592 -0.03555821
v -0.06025944 0.04319575 -0.03550910
v -0.05978978 0.04321570 -0.03585521
v -0.06325774 0.05361536 -0.01197606
v -0.06007374 0.05338010 -0.01885613
v -0.06138772 0.05337590 -0.01737582
v -0.06182067 0.05347883 -0.01599138
v -0.06293167 0.05344102 -0.01430060
v -0.05978978 0.05333494 -0.01936594
v -0.07080151 0.04324721 -0.01197606
v -0.07066979 0.04324721 -0.01276415
v -0.07066223 0.04311592 -0.01289745
v -0.06023461 0.04311592 -0.03553482
v -0.06035554 0.04311592 -0.03544362
v -0.06085651 0.04367256 -0.03500163
v -0.05978978 0.04461254 -0.03554418
v -0.06331712 0.05349773 -0.01283431
v -0.06408478 0.05331184 -0.01236894
v -0.06413120 0.05333914 -0.01197606
v -0.06104114 0.05329293 -0.01830423
v -0.06243502 0.05323517 -0.01660409
v -0.06265419 0.05334439 -0.01557979
v -0.06054772 0.05308288 -0.01932853
v -0.05978978 0.04873796 -0.03137685
v -0.05998736 0.04878837 -0.03108686
v -0.07067842 0.04403490 -0.01197606
v -0.07033184 0.04483205 -0.01282028
v -0.07031889 0.04328081 -0.01433801
v -0.07027570 0.04311592 -0.01468880
v -0.07052079 0.04480684 -0.01197606
v -0.06135209 0.04311592 -0.03450118
v -0.06136181 0.04478479 -0.03404516
v -0.06064813 0.04478479 -0.03481221
v -0.05987939 0.04478479 -0.03543894
v -0.06145142 0.04311592 -0.03439360
v -0.06300185 0.04311592 -0.03264201
v -0.06370041 0.04311592 -0.03184690
v -0.06376843 0.04324721 -0.03174634
v -0.06358164 0.04478479 -0.03152417
v -0.06281291 0.04478479 -0.03239880
v -0.05978978 0.04479004 -0.03549507
v -0.06874471 0.04879257 -0.01197606
v -0.06390447 0.05319106 -0.01339323
v -0.06718888 0.04875476 -0.02006517
v -0.06732060 0.04888184 -0.01891226
v -0.06131430 0.04883878 -0.02966969
v -0.06276108 0.04884193 -0.02785730
v -0.06411393 0.04871800 -0.02603789
v -0.06441840 0.04889865 -0.02505803
v -0.06545058 0.04857622 -0.02417638
v -0.06697402 0.04856152 -0.02108947
v -0.05978978 0.04811411 -0.03241283
v -0.06040304 0.04836512 -0.03151950
v -0.06095368 0.04865604 -0.03049520
v -0.07020444 0.04578043 -0.01234321
v -0.06861406 0.04568171 -0.01979624
v -0.06915283 0.04324721 -0.01891226
v -0.06916254 0.04311592 -0.01891226
v -0.07023036 0.04593797 -0.01197606
v -0.06111888 0.04587285 -0.03375517
v -0.06405995 0.04570166 -0.03054431
v -0.06259373 0.04581299 -0.03215091
v -0.05978978 0.04599573 -0.03485898
v -0.05978978 0.04508516 -0.03537113
v -0.06433634 0.04311592 -0.03105178
v -0.06438277 0.04324721 -0.03097695
v -0.06422514 0.04478479 -0.03075479
v -0.06935149 0.04779588 -0.01197606
v -0.06858383 0.04862663 -0.01353588
v -0.06752034 0.04797337 -0.02052588
v -0.06795330 0.04785784 -0.01891226
v -0.06733679 0.04755432 -0.02198514
v -0.06242314 0.04861088 -0.02888393
v -0.06378570 0.04848590 -0.02706218
v -0.06518606 0.04836512 -0.02505803
v -0.06569027 0.04730331 -0.02616885
v -0.06715217 0.04726130 -0.02303984
v -0.06003163 0.04780953 -0.03266306
v -0.05978978 0.04744824 -0.03336697
v -0.06122793 0.04734112 -0.03231461
v -0.06160366 0.04784419 -0.03113831
v -0.06208303 0.04840608 -0.02966969
v -0.06871124 0.04600624 -0.01891226
v -0.06867129 0.04478479 -0.02000203
v -0.06844779 0.04677398 -0.01891226
v -0.06777623 0.04632131 -0.02198514
v -0.06732168 0.04633497 -0.02354029
v -0.06714245 0.04583084 -0.02455289
v -0.06764019 0.04478479 -0.02352392
v -0.06876090 0.04324721 -0.02023355
v -0.06876198 0.04311592 -0.02025928
v -0.06990969 0.04664059 -0.01197606
v -0.06854928 0.04705229 -0.01799788
v -0.06068592 0.04689686 -0.03333891
v -0.06225255 0.04683699 -0.03178142
v -0.06433526 0.04625620 -0.02961824
v -0.06372740 0.04672566 -0.03009531
v -0.06316056 0.04626880 -0.03116170
v -0.06502734 0.04477008 -0.02958316
v -0.06539336 0.04527211 -0.02874595
v -0.06570647 0.04591591 -0.02772166
v -0.05978978 0.04700398 -0.03388847
v -0.06438385 0.04311592 -0.03098397
v -0.06515151 0.04324721 -0.02986379
v -0.06557690 0.04424810 -0.02901255
v -0.06324586 0.04830105 -0.02827590
v -0.06270278 0.04732326 -0.03075479
v -0.06321131 0.04760263 -0.02961824
v -0.06409341 0.04721298 -0.02907101
v -0.06540847 0.04693992 -0.02719314
v -0.06693623 0.04685590 -0.02406179
v -0.06583603 0.04477008 -0.02819405
v -0.06722559 0.04478479 -0.02479377
v -0.06725258 0.04324721 -0.02491303
v -0.06725582 0.04311592 -0.02491771
v -0.06514503 0.04638538 -0.02819405
v -0.06508565 0.04311592 -0.02996669
v -0.06561901 0.04324721 -0.02909440
v -0.06515151 0.04311592 -0.02986379
v -0.06604441 0.04324721 -0.02813091
v -0.06604333 0.04311592 -0.02813091
v -0.06561901 0.04311592 -0.02909440
v -0.06600770 0.04311592 -0.02821510
v 0.00075809 0.03014612 -0.02551742
v 0.00075809 0.00818841 -0.02032450
v 0.00075809 0.03014612 -0.02719531
v -0.00099748 0.03014612 -0.02547761
v -0.00172838 0.00818841 -0.02017093
v -0.00166893 0.00818841 -0.02017283
v -0.00019313 0.00818841 -0.02024867
v 0.00075809 0.00818841 -0.02238157
v 0.00075809 0.02693437 -0.02685405
v -0.02631684 0.03014612 -0.03730056
v -0.00247677 0.03014612 -0.02550415
v -0.00321817 0.00818841 -0.02024867
v 0.00075809 0.00860547 -0.02267734
v -0.03496530 0.00818841 -0.03237876
v 0.00075809 0.02480180 -0.02654880
v -0.03496530 0.02171474 -0.03754703
v -0.02785559 0.03014612 -0.03771956
v 0.00075809 0.02326687 -0.02632319
v 0.00075809 0.01311353 -0.02432868
v -0.00326713 0.03014612 -0.02558757
v -0.00326713 0.02941305 -0.02537333
v -0.00543536 0.03010742 -0.02586058
v -0.00326713 0.00818841 -0.02025625
v 0.00075809 0.00868286 -0.02273042
v -0.03496530 0.00818841 -0.03055678
v -0.03496530 0.01565455 -0.03537241
v -0.02690087 0.01160439 -0.03201663
v -0.02785559 0.01056606 -0.03180050
v -0.03496530 0.02019486 -0.03709390
v -0.03496530 0.03014612 -0.03953964
v -0.02527469 0.01299744 -0.03206782
v 0.00075809 0.01097236 -0.02362719
v -0.00516958 0.03014612 -0.02584163
v -0.01374459 0.03014612 -0.02728442
v -0.00491429 0.00818841 -0.02055391
v 0.00075809 0.00937724 -0.02309065
v -0.02422555 0.00818841 -0.02521408
v -0.01713333 0.03014612 -0.02840301
v -0.03496530 0.01224072 -0.03181946
v -0.02587620 0.01197415 -0.03186496
v -0.03496530 0.03014612 -0.03745602
v -0.01401387 0.00818841 -0.02243845
v -0.00941512 0.00818841 -0.02146395
v -0.00787637 0.00818841 -0.02114923
v -0.01552114 0.03014612 -0.02781148
v -0.02138586 0.00818841 -0.02408980
v -0.02016885 0.00818841 -0.02379972
v -0.02324285 0.00818841 -0.02477043
v -0.01636395 0.03014612 -0.02812052
v -0.02315192 0.00818841 -0.02473062
v -0.02229162 0.00818841 -0.02439125
v -0.03496595 0.00818841 -0.03055683
v -0.03678909 0.00818841 -0.03115928
v -0.03496595 0.00818841 -0.03237975
v -0.03496595 0.01224072 -0.03182042
v -0.04167225 0.02633888 -0.03743651
v -0.03707205 0.00818841 -0.03126109
v -0.03496595 0.01565455 -0.03537524
v -0.03909346 0.00818841 -0.03608309
v -0.03924971 0.00854958 -0.03676340
v -0.03950706 0.01027799 -0.03956365
v -0.03896741 0.01130128 -0.04006310
v -0.03794390 0.01187096 -0.03948461
v -0.03763534 0.01289425 -0.03991698
v -0.03743510 0.01404653 -0.04022120
v -0.03620480 0.01751840 -0.03979481
v -0.03496595 0.03014612 -0.03745568
v -0.04167225 0.02728908 -0.03795512
v -0.04167225 0.02480180 -0.03716223
v -0.03831089 0.00818841 -0.03178569
v -0.03814873 0.00818841 -0.03170784
v -0.03496595 0.02019486 -0.03709516
v -0.04015110 0.00818841 -0.03697299
v -0.04053188 0.01003292 -0.03987626
v -0.04006379 0.01092077 -0.04048230
v -0.03959635 0.01197415 -0.04108715
v -0.03858138 0.01243420 -0.04050267
v -0.03813954 0.01404653 -0.04099013
v -0.03601900 0.03014612 -0.04151474
v -0.03510973 0.03014612 -0.03985350
v -0.03496595 0.03014612 -0.03953850
v -0.03496595 0.02171474 -0.03754670
v -0.03556141 0.03014612 -0.03765210
v -0.04167225 0.03014612 -0.04054698
v -0.04167225 0.00818841 -0.03472249
v -0.04160069 0.00818841 -0.03747843
v -0.04106760 0.00868931 -0.03810843
v -0.04167225 0.00989318 -0.04009664
v -0.04167225 0.01055746 -0.04085360
v -0.04167225 0.01056821 -0.04086438
v -0.04062052 0.01156355 -0.04130513
v -0.04012550 0.01249439 -0.04144047
v -0.03921885 0.01299744 -0.04129196
v -0.03890701 0.01404653 -0.04136382
v -0.03639847 0.03014612 -0.04178182
v -0.04167225 0.03014612 -0.04263101
v -0.04167225 0.00818841 -0.03747963
v -0.04162433 0.00818841 -0.03748562
v -0.04162301 0.00819702 -0.03749880
v -0.04167225 0.00822066 -0.03753353
v -0.04167225 0.01133782 -0.04142611
v -0.04167225 0.01249439 -0.04176745
v -0.04167225 0.01250944 -0.04177105
v -0.04015110 0.01404653 -0.04162972
v -0.03911447 0.03014612 -0.04278072
v -0.03820848 0.03014612 -0.04257950
v -0.03795244 0.03014612 -0.04250644
v -0.03704119 0.03014612 -0.04208964
v -0.04105972 0.03014612 -0.04274719
v -0.04015110 0.03014612 -0.04279270
v -0.03917487 0.03014612 -0.04278671
v -0.04098422 0.03014612 -0.04275198
v -0.06457933 0.03014827 -0.02824103
v -0.06278089 0.03014827 -0.02824103
v -0.06416421 0.03014827 -0.02930476
v -0.06447620 0.02941285 -0.02824103
v -0.05140878 0.03014827 -0.03723896
v -0.05140878 0.00500315 -0.02824103
v -0.06375295 0.03014827 -0.03007338
v -0.06409073 0.02941285 -0.02914655
v -0.06421191 0.02802165 -0.02824103
v -0.05140878 0.03014827 -0.03970304
v -0.05140878 0.00302520 -0.02824103
v -0.06298201 0.03014827 -0.03122912
v -0.06366786 0.02941285 -0.02991517
v -0.06399919 0.02853671 -0.02895355
v -0.06417839 0.02790217 -0.02824103
v -0.05140878 0.02164974 -0.03722213
v -0.05469497 0.02412151 -0.03652756
v -0.05497730 0.02514632 -0.03668802
v -0.05522999 0.02633840 -0.03681369
v -0.05599836 0.02633840 -0.03639515
v -0.05667648 0.03014827 -0.03680808
v -0.05198118 0.00329866 -0.02824103
v -0.05259872 0.00360133 -0.02827245
v -0.05140878 0.00317653 -0.02883012
v -0.06281054 0.02955621 -0.03124483
v -0.06268806 0.02787562 -0.03076795
v -0.06245085 0.03014827 -0.03196408
v -0.06252692 0.02684284 -0.03056036
v -0.06347448 0.02796589 -0.02954713
v -0.06267775 0.02480383 -0.02928568
v -0.06383159 0.02751455 -0.02870108
v -0.06373104 0.02638354 -0.02824103
v -0.05140878 0.00636248 -0.03178342
v -0.05244788 0.00636248 -0.03134581
v -0.05567348 0.02311263 -0.03563214
v -0.05550202 0.02470029 -0.03627958
v -0.05364942 0.00636248 -0.03073092
v -0.05800050 0.02662248 -0.03518444
v -0.05744485 0.03014827 -0.03633905
v -0.05688533 0.02480383 -0.03547730
v -0.05257422 0.00358540 -0.02824103
v -0.05259614 0.00359602 -0.02824103
v -0.05321109 0.00406063 -0.02887725
v -0.05218488 0.00376328 -0.02967056
v -0.05140878 0.00340486 -0.02967056
v -0.06243925 0.03014827 -0.03197979
v -0.06208729 0.02787562 -0.03153657
v -0.06091798 0.02552067 -0.03199550
v -0.06073105 0.02449586 -0.03178118
v -0.06113070 0.02326661 -0.03074101
v -0.06096181 0.02234269 -0.03052333
v -0.06251274 0.02379761 -0.02902536
v -0.06364466 0.02610476 -0.02824103
v -0.05140878 0.00492615 -0.03117638
v -0.05239373 0.00487571 -0.03074438
v -0.05336579 0.00542263 -0.03053455
v -0.05658108 0.02352414 -0.03526298
v -0.05466789 0.00739261 -0.03035390
v -0.05781614 0.02559767 -0.03503408
v -0.05898030 0.02787562 -0.03471204
v -0.05968936 0.03014827 -0.03476590
v -0.05934901 0.03014827 -0.03503520
v -0.05821193 0.02787562 -0.03533255
v -0.05861030 0.03014827 -0.03556258
v -0.05765370 0.02480383 -0.03490841
v -0.05264899 0.00363053 -0.02824103
v -0.05383120 0.00449605 -0.02824103
v -0.05388019 0.00453322 -0.02824103
v -0.05387503 0.00453322 -0.02827245
v -0.05411611 0.00473234 -0.02824103
v -0.05494250 0.00543325 -0.02824103
v -0.05481874 0.00553148 -0.02900516
v -0.05295325 0.00431551 -0.02967056
v -0.05184582 0.00395975 -0.03052445
v -0.05140878 0.00359336 -0.03012612
v -0.06173405 0.03014827 -0.03278432
v -0.06131892 0.02787562 -0.03243647
v -0.06106237 0.02633840 -0.03215595
v -0.05940703 0.02545164 -0.03355631
v -0.06006968 0.02497375 -0.03267772
v -0.05973320 0.02326661 -0.03236017
v -0.06050157 0.02326661 -0.03150852
v -0.06129830 0.02179046 -0.02969973
v -0.05951274 0.02217542 -0.03212902
v -0.06012898 0.02174532 -0.03120107
v -0.05727081 0.00919267 -0.02824103
v -0.05745130 0.00961481 -0.02824103
v -0.05802629 0.01097415 -0.02824103
v -0.06111007 0.02046298 -0.02920601
v -0.06231549 0.02277279 -0.02870108
v -0.06273706 0.02332237 -0.02824103
v -0.06319344 0.02468171 -0.02824103
v -0.05140878 0.00385355 -0.03060188
v -0.05392015 0.00514917 -0.02957855
v -0.05441779 0.00636248 -0.03006777
v -0.05708001 0.02311263 -0.03470980
v -0.05507271 0.00636248 -0.02929915
v -0.05613888 0.00749881 -0.02865620
v -0.05896741 0.02326661 -0.03312767
v -0.05819904 0.02326661 -0.03385927
v -0.05854455 0.02620034 -0.03457627
v -0.05865542 0.02488614 -0.03404104
v -0.06063049 0.03014827 -0.03391986
v -0.05956174 0.02633840 -0.03370217
v -0.05930389 0.03014827 -0.03506774
v -0.05564125 0.00629611 -0.02824103
v -0.05660171 0.00787316 -0.02824103
v -0.06097084 0.03014827 -0.03358323
v -0.06058923 0.02787562 -0.03320510
v -0.06033010 0.02633840 -0.03292457
v -0.05920978 0.02442683 -0.03335882
v -0.05855357 0.01233083 -0.02824103
v -0.06269580 0.02320555 -0.02824103
v 0.03925059 0.00645701 -0.02978161
v 0.03925059 0.00645701 -0.02810050
v 0.03925059 0.00636076 -0.02976648
v 0.03506487 0.00645701 -0.02912265
v 0.03925059 0.00182262 -0.01572880
v 0.02682907 0.00645701 -0.02428430
v 0.02600775 0.00414495 -0.01572880
v 0.02680646 0.00406281 -0.01572880
v 0.03925059 0.00482323 -0.02949959
v 0.03480868 0.00645701 -0.02907450
v 0.03925059 0.00374196 -0.02924646
v 0.03925059 0.00020680 -0.01572880
v 0.02593617 0.00645701 -0.02401604
v 0.02599268 0.00414623 -0.01572880
v 0.03403257 0.00645701 -0.02890666
v 0.03925059 0.00340121 -0.02916117
v 0.03925059 0.00019654 -0.01583748
v 0.03833885 0.00025750 -0.01572880
v 0.02437641 0.00645701 -0.02363497
v 0.01649099 0.00645701 -0.02177777
v 0.01049686 0.00645701 -0.02038556
v 0.00903130 0.00645701 -0.02007740
v 0.00869222 0.00645701 -0.02000724
v 0.00277344 0.00645701 -0.01883514
v 0.00248711 0.00645701 -0.01878424
v 0.00076535 0.00645701 -0.01848433
v 0.02590602 0.00415072 -0.01572880
v 0.03738190 0.00400441 -0.02892455
v 0.03332051 0.00645701 -0.02874295
v 0.03925059 0.00266710 -0.02881724
v 0.00076535 0.00645701 -0.02123161
v 0.03925059 0.00016188 -0.01635612
v 0.03822959 0.00025365 -0.01583748
v 0.03669244 0.00023632 -0.01737552
v 0.03822959 0.00026520 -0.01572880
v 0.00076535 0.00511649 -0.01572880
v 0.01045919 0.00482130 -0.01572880
v 0.01199634 0.00477446 -0.01572880
v 0.01353348 0.00471414 -0.01572880
v 0.01660778 0.00458901 -0.01572880
v 0.01671704 0.00458452 -0.01572880
v 0.01825419 0.00451970 -0.01572880
v 0.01979134 0.00445040 -0.01572880
v 0.02132472 0.00437724 -0.01572880
v 0.02275261 0.00430666 -0.01572880
v 0.03925059 0.00179374 -0.02806611
v 0.00076535 0.00630493 -0.02112156
v 0.03822959 0.00015097 -0.01737552
v 0.03925059 0.00012274 -0.01737552
v 0.03669244 0.00038263 -0.01572880
v 0.03669244 0.00037172 -0.01583748
v 0.03515529 0.00035054 -0.01737552
v 0.03515529 0.00025493 -0.01891218
v 0.03669244 0.00014327 -0.01891218
v 0.00076535 0.00353725 -0.01572880
v 0.03925059 0.00115268 -0.02741127
v 0.00076535 0.00553937 -0.02038831
v 0.00076535 0.00601231 -0.02086430
v 0.03925059 -0.00009865 -0.02352078
v 0.03515529 0.00050327 -0.01572880
v 0.03361814 0.00061429 -0.01583748
v 0.03669244 0.00008937 -0.02044884
v 0.00076535 0.00354688 -0.01583748
v 0.03925059 0.00003739 -0.02505882
v 0.03669244 0.00011504 -0.02198550
v 0.03361814 0.00062455 -0.01572880
v 0.03925059 0.00103974 -0.02729571
v 0.00076535 0.00526087 -0.02009528
v 0.00076535 0.00385554 -0.01711826
v 0.03925059 0.00059118 -0.02656522
v 0.06902931 0.00385264 0.03186775
v 0.06908428 0.00386870 0.03186775
v 0.06898766 0.00385465 0.03186775
v 0.06809475 0.00394500 0.03026940
v 0.06846458 0.00394500 0.03026940
v 0.06826134 0.00402531 0.02939821
v 0.06968899 0.00405342 0.03186775
v 0.06812807 0.00390484 0.03186775
v 0.06816139 0.00402531 0.02939821
v 0.06809642 0.00391488 0.03180502
v 0.05999363 0.00692260 0.00813417
v 0.06052671 0.00694067 0.00813417
v 0.06096317 0.00695674 0.00813417
v 0.06217758 0.00705110 0.00936545
v 0.07251764 0.00749885 0.03180502
v 0.07252929 0.00748278 0.03186775
v 0.06531608 0.00698886 0.01520824
v 0.06674706 0.00702701 0.01844907
v 0.06809975 0.00391890 0.03186775
v 0.05958716 0.00789840 0.00813417
v 0.06175445 0.00790644 0.00813417
v 0.06185441 0.00789840 0.00826427
v 0.06926419 0.02096331 0.00813417
v 0.06377182 0.00824174 0.01079421
v 0.07289912 0.00853890 0.03083625
v 0.07306737 0.00826584 0.03180502
v 0.07307403 0.00824776 0.03186775
v 0.06529443 0.00820359 0.01377020
v 0.06554264 0.00777392 0.01477846
v 0.07442339 0.01928678 0.02011015
v 0.07429179 0.01487559 0.02496094
v 0.07423182 0.01344602 0.02664757
v 0.07292577 0.01157473 0.02621778
v 0.07307570 0.01102659 0.02734684
v 0.07281416 0.01020138 0.02796016
v 0.06809808 0.00464975 0.03186775
v 0.05993699 0.00896657 0.00813417
v 0.07451668 0.02436456 0.03186775
v 0.07003716 0.02237079 0.00813417
v 0.07297575 0.00996445 0.02873146
v 0.07375371 0.01111694 0.02887085
v 0.07435675 0.01172531 0.02947720
v 0.07339055 0.00881397 0.03186775
v 0.07445837 0.02075249 0.01855362
v 0.07417018 0.01972649 0.01908795
v 0.07465994 0.02022041 0.01956652
v 0.07450335 0.01446800 0.02598546
v 0.07445004 0.01308662 0.02767209
v 0.07392696 0.01254852 0.02717260
v 0.07416185 0.01206263 0.02845267
v 0.06009525 0.00943640 0.00813417
v 0.06910760 0.02436456 0.00813417
v 0.06127302 0.01187590 0.00813417
v 0.06090819 0.01124745 0.00813417
v 0.06050339 0.01042224 0.00813417
v 0.07612091 0.02436456 0.03186775
v 0.07101335 0.02436456 0.00813417
v 0.07457998 0.02436456 0.01518036
v 0.07486484 0.01251037 0.03026940
v 0.07445670 0.01152855 0.03026940
v 0.07385366 0.00964521 0.03186775
v 0.07455333 0.01254852 0.02887085
v 0.07543290 0.02185880 0.01964087
v 0.07589934 0.02245713 0.02023792
v 0.07467660 0.01399415 0.02717260
v 0.07627917 0.02326628 0.03186775
v 0.07629582 0.02436456 0.03070848
v 0.07467660 0.02436456 0.01540571
v 0.07589769 0.01477921 0.03098494
v 0.07459164 0.01104266 0.03186775
v 0.07457165 0.01099246 0.03186775
v 0.07424347 0.01036602 0.03186775
v 0.07536627 0.02436456 0.01707143
v 0.07573110 0.02436456 0.01802858
v 0.07575109 0.02436456 0.01808666
v 0.07587602 0.02404130 0.01875109
v 0.07600763 0.02326628 0.01987086
v 0.07623752 0.02326628 0.02104871
v 0.07598264 0.02213788 0.02104871
v 0.07628750 0.02320605 0.03186775
v 0.07634080 0.02436456 0.03026940
v 0.07645408 0.02166805 0.03186775
v 0.07616922 0.01558034 0.03180502
v 0.07616422 0.01553215 0.03186775
v 0.07594100 0.01462060 0.03180502
v 0.07594432 0.01460855 0.03186775
v 0.07605260 0.02436456 0.01907401
v 0.07621587 0.02436456 0.01971521
v 0.07616755 0.02436456 0.01946895
v 0.07642909 0.02436456 0.02104871
v 0.07644576 0.01711833 0.03180502
v 0.07626250 0.01711833 0.03026940
v 0.07644741 0.02436456 0.02917054
v 0.07659235 0.02019230 0.03186775
v 0.07617421 0.01558034 0.03186775
v 0.07646575 0.02436456 0.02148779
v 0.07651905 0.01865431 0.03026940
v 0.07660401 0.01865431 0.03180502
v 0.07644908 0.01711833 0.03186775
v 0.07643909 0.01705809 0.03186775
v 0.07647741 0.02436456 0.02873146
v 0.07659568 0.02013207 0.03186775
v 0.07654571 0.02326628 0.02873146
v 0.07650406 0.02436456 0.02719584
v 0.07654571 0.02326628 0.02719584
v 0.07660401 0.02019230 0.03026940
v 0.07660568 0.01865431 0.03186775
v 0.07660067 0.01859408 0.03186775
v 0.07650572 0.02436456 0.02763492
v 0.05722221 0.00398058 -0.02198435
v 0.05719582 0.00398058 -0.02169350
v 0.05601718 0.00237084 -0.02044659
v 0.05600487 0.00240239 -0.02198435
v 0.05594506 0.00248239 -0.02283962
v 0.05703222 0.00398058 -0.02297784
v 0.05596089 0.00244079 -0.01942718
v 0.05337316 0.00398058 0.00077386
v 0.05329223 0.00379817 0.00069322
v 0.05513760 0.00176142 -0.02044659
v 0.05513760 0.00183182 -0.02198435
v 0.05516047 0.00215414 -0.02341844
v 0.05568998 0.00272561 -0.02386479
v 0.05637078 0.00325732 -0.02341844
v 0.05693195 0.00398058 -0.02348467
v 0.05524315 0.00202521 -0.01891172
v 0.05160520 0.00235987 -0.00077254
v 0.05238451 0.00398058 0.00155425
v 0.05203444 0.00357140 0.00115109
v 0.05089098 0.00253497 0.00025263
v 0.05382878 0.00119223 -0.01890884
v 0.05402229 0.00114056 -0.02044659
v 0.05398711 0.00117942 -0.02198435
v 0.05354732 0.00127726 -0.02360849
v 0.05277329 0.00102032 -0.02418155
v 0.05466439 0.00229175 -0.02460775
v 0.05615967 0.00375016 -0.02460487
v 0.05624939 0.00398058 -0.02468838
v 0.04978270 0.00097369 -0.00426848
v 0.05120235 0.00100478 -0.00923595
v 0.05152779 0.00398058 0.00185662
v 0.05146974 0.00398058 0.00186814
v 0.04986715 0.00251440 0.00030734
v 0.05325529 0.00085620 -0.02044659
v 0.05321835 0.00085711 -0.02198435
v 0.05300022 0.00091700 -0.02315638
v 0.05218220 0.00074830 -0.02360849
v 0.05174769 0.00084751 -0.02464231
v 0.05106162 0.00107016 -0.02566747
v 0.05218220 0.00125257 -0.02511458
v 0.05362296 0.00198544 -0.02509442
v 0.05312511 0.00233061 -0.02604183
v 0.05414895 0.00272150 -0.02563292
v 0.05517806 0.00323583 -0.02512033
v 0.05552110 0.00398058 -0.02546302
v 0.05597672 0.00398058 -0.02500226
v 0.04961910 0.00097369 -0.00426848
v 0.04591782 0.00032129 -0.01122870
v 0.04591782 0.00018140 -0.01276646
v 0.04371710 -0.00056884 -0.02101965
v 0.04391413 -0.00059947 -0.02198435
v 0.05052683 0.00023946 -0.02044659
v 0.05206258 0.00053343 -0.02044659
v 0.05088218 0.00398058 0.00186814
v 0.04975280 0.00251440 0.00030734
v 0.05206258 0.00053937 -0.02198435
v 0.05052683 0.00032358 -0.02351923
v 0.04898932 0.00032815 -0.02505698
v 0.05054090 0.00069252 -0.02511458
v 0.05193592 0.00213402 -0.02656882
v 0.05003778 0.00089780 -0.02593241
v 0.04775087 0.00121554 -0.02754791
v 0.05133956 0.00249017 -0.02738953
v 0.05236516 0.00295695 -0.02706700
v 0.05352445 0.00335150 -0.02655730
v 0.05466615 0.00374605 -0.02604759
v 0.05477169 0.00398058 -0.02610519
v 0.04859527 0.00105233 -0.00447870
v 0.04650538 0.00097049 -0.00576017
v 0.04745357 0.00094032 -0.00552403
v 0.04745357 0.00080133 -0.00661831
v 0.04591782 0.00050782 -0.00969094
v 0.04284280 0.00031215 -0.01276646
v 0.04438031 0.00022757 -0.01276646
v 0.04340749 -0.00056884 -0.02101965
v 0.04284280 -0.00068954 -0.02351923
v 0.04416217 -0.00063971 -0.02351923
v 0.05052683 0.00023214 -0.02198435
v 0.04975280 0.00398058 0.00109638
v 0.03925059 0.00263006 -0.00573425
v 0.03925059 0.00230958 -0.00573425
v 0.03925059 0.00216328 -0.00597614
v 0.03925059 0.00183502 -0.00659528
v 0.03976954 0.00171296 -0.00661831
v 0.04398977 -0.00061593 -0.02505698
v 0.04368016 -0.00056884 -0.02585753
v 0.04898932 0.00074647 -0.02620022
v 0.04794086 0.00108021 -0.02724267
v 0.04685193 0.00094032 -0.02754791
v 0.05120235 0.00262686 -0.02754791
v 0.05178464 0.00316451 -0.02754791
v 0.05289818 0.00398058 -0.02740393
v 0.04342860 0.00097003 -0.00729504
v 0.04438031 0.00093986 -0.00705603
v 0.04438031 0.00080042 -0.00815319
v 0.03976954 0.00031123 -0.01429845
v 0.04130705 0.00022711 -0.01429845
v 0.04185063 -0.00057022 -0.02253725
v 0.04287446 -0.00059993 -0.02200739
v 0.03925059 0.00029203 -0.01481680
v 0.03925059 0.00019648 -0.01583621
v 0.04158851 -0.00060542 -0.02351923
v 0.04165185 -0.00060679 -0.02459911
v 0.04291317 -0.00063468 -0.02508866
v 0.04953114 0.00398058 0.00074794
v 0.03925059 0.00282894 -0.00659528
v 0.03925059 0.00163661 -0.00713666
v 0.04035006 0.00097003 -0.00882992
v 0.04743774 0.00061617 -0.02667825
v 0.04347082 -0.00056884 -0.02585753
v 0.04286215 0.00034598 -0.02754791
v 0.04434513 0.00037478 -0.02754791
v 0.04625382 0.00076430 -0.02754791
v 0.05219980 0.00355632 -0.02754791
v 0.05261144 0.00398058 -0.02754791
v 0.04130705 0.00093940 -0.00859090
v 0.03981000 0.00090191 -0.00963335
v 0.03925059 0.00073458 -0.01122870
v 0.03925059 0.00066875 -0.01174704
v 0.03925059 0.00053937 -0.01276646
v 0.03925059 0.00034598 -0.01429845
v 0.03925059 0.00016174 -0.01635455
v 0.03925059 0.00012288 -0.01737396
v 0.03925059 -0.00009840 -0.02351923
v 0.03925059 0.00003738 -0.02505698
v 0.04244699 -0.00045820 -0.02562140
v 0.04912653 0.00398058 -0.00047017
v 0.03925059 0.00393578 -0.02754791
v 0.03925059 0.00107884 -0.00915532
v 0.03925059 0.00091517 -0.00980901
v 0.04130705 0.00013293 -0.02659474
v 0.04291317 -0.00022047 -0.02645939
v 0.04152167 0.00058189 -0.02754791
v 0.04862693 0.00398058 -0.02754791
v 0.03925059 0.00086534 -0.01020065
v 0.03925059 0.00059103 -0.02656306
v 0.04892951 0.00398058 -0.00131392
v 0.04868850 0.00398058 -0.00279696
v 0.03925059 0.00128549 -0.02754791
v 0.03971852 0.00054303 -0.02669840
v 0.04130705 0.00061983 -0.02754791
v 0.03925059 0.00103953 -0.02729450
v 0.04019702 0.00087037 -0.02750760
v 0.04016535 0.00092203 -0.02754791
v 0.04041163 0.00083882 -0.02754791
v 0.07265607 0.03844085 0.00813417
v 0.05949124 0.05034899 0.01391191
v 0.05949124 0.05233088 0.00813417
v 0.07437609 0.03844085 0.00813417
v 0.06838168 0.03844085 0.03186775
v 0.05949124 0.04419077 0.03186775
v 0.05949124 0.05397939 0.00813417
v 0.07349481 0.04171035 0.00813417
v 0.07438342 0.03844085 0.00826427
v 0.07063105 0.03844085 0.03186775
v 0.05949124 0.04606408 0.03186775
v 0.05949124 0.05399162 0.00823871
v 0.05974932 0.05398092 0.00813417
v 0.07330419 0.04239392 0.00813417
v 0.07446553 0.03844085 0.01029240
v 0.07440834 0.03844085 0.00875446
v 0.07074396 0.03844085 0.03162381
v 0.07051521 0.03861824 0.03186775
v 0.05949124 0.04727370 0.02924720
v 0.05988569 0.04599220 0.03186775
v 0.05949124 0.05404820 0.00875446
v 0.06036812 0.05398245 0.00813417
v 0.07446847 0.03844085 0.01182802
v 0.07303878 0.04316618 0.00813417
v 0.07444794 0.03844085 0.01951309
v 0.06985828 0.04109254 0.02976527
v 0.07130997 0.03844085 0.03026940
v 0.07288481 0.03952355 0.02506781
v 0.06985975 0.03960919 0.03186775
v 0.05949124 0.04880752 0.02583678
v 0.06101771 0.04876164 0.02517467
v 0.05961589 0.04885493 0.02567648
v 0.05996634 0.04597079 0.03186775
v 0.05949124 0.05406350 0.00901465
v 0.05974932 0.05404820 0.00875446
v 0.06128605 0.05382494 0.00813417
v 0.05974932 0.05398551 0.01029240
v 0.07180412 0.04631946 0.00813417
v 0.07177333 0.04631946 0.00875446
v 0.07310623 0.04142591 0.01951309
v 0.07349041 0.04017347 0.02104871
v 0.07426318 0.03844085 0.02102083
v 0.07007824 0.04135557 0.02873146
v 0.06963100 0.04236792 0.02768603
v 0.06938759 0.04212477 0.02873146
v 0.06835382 0.04262789 0.02974436
v 0.06897408 0.04170424 0.03026708
v 0.06959434 0.04075611 0.03078979
v 0.07128797 0.04095797 0.02645939
v 0.07306224 0.03844085 0.02576011
v 0.07306224 0.03858613 0.02561143
v 0.07346842 0.03863659 0.02412227
v 0.07301972 0.03975752 0.02412227
v 0.07285842 0.04100843 0.02197798
v 0.07269273 0.04078058 0.02300250
v 0.07249624 0.04052673 0.02412227
v 0.06937293 0.04024841 0.03186775
v 0.05949124 0.04887940 0.02567416
v 0.06204268 0.04861484 0.02488195
v 0.06143268 0.04901856 0.02427096
v 0.05974932 0.05025724 0.02206858
v 0.05949124 0.05027559 0.02215919
v 0.06101771 0.04568636 0.03186775
v 0.05949124 0.05401150 0.01029240
v 0.06188432 0.05367813 0.00813417
v 0.06128605 0.05378518 0.00875446
v 0.05949124 0.05399927 0.01055027
v 0.05949124 0.05367048 0.01180711
v 0.05974639 0.05358943 0.01180247
v 0.06123033 0.05348086 0.01015069
v 0.07134955 0.04716971 0.00813417
v 0.07135689 0.04718042 0.00875446
v 0.07130263 0.04712537 0.00965817
v 0.07298453 0.04120723 0.02104871
v 0.07315022 0.04023005 0.02252857
v 0.07353001 0.03844085 0.02411066
v 0.06806935 0.04390633 0.02770229
v 0.06861923 0.04289245 0.02873146
v 0.07144047 0.04267530 0.02221959
v 0.06977910 0.04406231 0.02345784
v 0.06924242 0.04501502 0.02258433
v 0.06847406 0.04582705 0.02258433
v 0.06827024 0.04561754 0.02349966
v 0.06672178 0.04405467 0.02957477
v 0.06736697 0.04319677 0.03017183
v 0.06801363 0.04231593 0.03077121
v 0.06849899 0.04122253 0.03186775
v 0.06776142 0.04366165 0.02873146
v 0.07144340 0.04112924 0.02565789
v 0.07310330 0.03844085 0.02561608
v 0.07242585 0.04197491 0.02104871
v 0.06282277 0.04846345 0.02456135
v 0.06365859 0.04866072 0.02343461
v 0.06282277 0.04880446 0.02379238
v 0.06218198 0.04561143 0.03115221
v 0.06052355 0.05016395 0.02182000
v 0.05949124 0.05359402 0.01206266
v 0.06161011 0.04547074 0.03186775
v 0.06250165 0.05342428 0.00813417
v 0.06228756 0.05337534 0.00875446
v 0.06586837 0.04887328 0.01943178
v 0.06672911 0.04867142 0.01886492
v 0.06953862 0.04852156 0.01029240
v 0.06957822 0.04850626 0.01182802
v 0.07027619 0.04773859 0.01182802
v 0.07007824 0.04753673 0.01336596
v 0.06699159 0.04424888 0.02873146
v 0.06741976 0.04666048 0.02268887
v 0.06661620 0.04703514 0.02327199
v 0.07165749 0.04292303 0.02104871
v 0.06994480 0.04424582 0.02258433
v 0.06958995 0.04692351 0.01675548
v 0.06794177 0.04687304 0.02104871
v 0.06824971 0.04866683 0.01577974
v 0.06524224 0.04562060 0.02809723
v 0.06579652 0.04426417 0.03016021
v 0.06624228 0.04376564 0.03059929
v 0.06684348 0.04262178 0.03186775
v 0.06698865 0.04274106 0.03148210
v 0.06519971 0.04712842 0.02498185
v 0.06741682 0.04214924 0.03186775
v 0.06747108 0.04210337 0.03186775
v 0.06320695 0.04536369 0.03065505
v 0.06372164 0.04561601 0.02963053
v 0.06474515 0.04536981 0.02912175
v 0.06471729 0.04689598 0.02600637
v 0.06552818 0.04731958 0.02412227
v 0.06274213 0.04495844 0.03186775
v 0.06274652 0.04503491 0.03172139
v 0.06693880 0.04880140 0.01797515
v 0.06745935 0.04894821 0.01635125
v 0.06841100 0.04878764 0.01490158
v 0.06865149 0.04890998 0.01336596
v 0.06690067 0.04725841 0.02224747
v 0.06941985 0.04830593 0.01336596
v 0.06975564 0.04711007 0.01573096
v 0.07098151 0.04369071 0.02104871
v 0.06918083 0.04802456 0.01490158
v 0.06428472 0.04505020 0.03019273
v 0.06521731 0.04406384 0.03111736
v 0.06589476 0.04322735 0.03186775
v 0.06596368 0.04318606 0.03186775
v 0.06407943 0.04426111 0.03186775
v 0.06424806 0.04426264 0.03170048
v 0.06414395 0.04422594 0.03186775
v 0.06425979 0.04416171 0.03186775
v 0.06482873 0.04384210 0.03186775
v 0.05948978 0.04606436 0.03186775
v 0.05601523 0.04710866 0.03107554
v 0.05659648 0.04659114 0.03186775
v 0.05948978 0.04419109 0.03186775
v 0.05948978 0.04727538 0.02924720
v 0.05924543 0.04715728 0.02965376
v 0.05821065 0.04727075 0.02989072
v 0.05359952 0.04888583 0.02844803
v 0.05524516 0.04681690 0.03186775
v 0.05200755 0.04895529 0.02882903
v 0.04057874 0.04428371 0.03186775
v 0.04899208 0.05165057 0.00813417
v 0.04933454 0.05166909 0.00813417
v 0.05948978 0.05034808 0.01391191
v 0.05948978 0.04880941 0.02583678
v 0.05484347 0.04874342 0.02819016
v 0.05948978 0.04888120 0.02567416
v 0.05359952 0.05027862 0.02519558
v 0.05135226 0.05017094 0.02644777
v 0.05513780 0.04683427 0.03186775
v 0.05052666 0.04986529 0.02731432
v 0.05052666 0.04918106 0.02873146
v 0.05052666 0.04871100 0.02965608
v 0.05145777 0.04865080 0.02954457
v 0.04057874 0.04719202 0.03186775
v 0.04057874 0.05383295 0.00813417
v 0.04815353 0.05165867 0.00813417
v 0.05948978 0.05233133 0.00813417
v 0.05948978 0.05027630 0.02215919
v 0.05813291 0.05037703 0.02263079
v 0.05756832 0.05018484 0.02341138
v 0.05206309 0.05408419 0.01643953
v 0.05052666 0.05021031 0.02654767
v 0.05052666 0.05428332 0.01643953
v 0.04745380 0.05399156 0.01797515
v 0.05206309 0.04740505 0.03159129
v 0.05206309 0.04722559 0.03186775
v 0.05052666 0.04828147 0.03042505
v 0.04899208 0.05025546 0.02665686
v 0.04899208 0.04989076 0.02742583
v 0.04899208 0.04926326 0.02873146
v 0.04899208 0.04876773 0.02975830
v 0.04138028 0.04745599 0.03186775
v 0.04057874 0.04740389 0.03163078
v 0.04057874 0.05571084 0.00813417
v 0.05948978 0.05397999 0.00813417
v 0.05948978 0.05359445 0.01206266
v 0.05820510 0.05361992 0.01337293
v 0.05667423 0.05409461 0.01336596
v 0.05513780 0.05396725 0.01490158
v 0.05359952 0.05421501 0.01490158
v 0.04591737 0.05410734 0.01797515
v 0.04284451 0.05598523 0.01182802
v 0.05052666 0.04751272 0.03171906
v 0.05052666 0.04740968 0.03186775
v 0.04899208 0.04833357 0.03052727
v 0.04745380 0.05027283 0.02668474
v 0.04438095 0.05417912 0.01797515
v 0.04745380 0.04877931 0.02976759
v 0.04139324 0.04745946 0.03186775
v 0.04057874 0.04823748 0.03029728
v 0.04192636 0.05584399 0.00813417
v 0.04057874 0.05572126 0.00875446
v 0.05948978 0.05399156 0.00823871
v 0.04438095 0.05601765 0.00813417
v 0.05948978 0.05366971 0.01180711
v 0.05821065 0.05407145 0.01182802
v 0.05948978 0.05399967 0.01055027
v 0.04130623 0.05576526 0.01029240
v 0.04057874 0.05557191 0.01034583
v 0.04057874 0.05423701 0.01716668
v 0.04057874 0.05407724 0.01797515
v 0.04130623 0.05411776 0.01797515
v 0.04284451 0.05418723 0.01797515
v 0.04899208 0.04756482 0.03176088
v 0.04899208 0.04748956 0.03186775
v 0.04591737 0.04878394 0.02976992
v 0.04438095 0.04834052 0.03054354
v 0.04284451 0.04757524 0.03186775
v 0.04591737 0.05027977 0.02670332
v 0.04438095 0.04990582 0.02748856
v 0.04140434 0.04746062 0.03186775
v 0.04130623 0.04829652 0.03043202
v 0.04057874 0.04867280 0.02958871
v 0.05948978 0.05404714 0.00875446
v 0.05948978 0.05406334 0.00901465
v 0.05948978 0.05401125 0.01029240
v 0.04057874 0.04906065 0.02878257
v 0.04130623 0.04915790 0.02873146
v 0.04284451 0.04989655 0.02742118
v 0.04284451 0.05025083 0.02665221
v 0.04438095 0.05027862 0.02671958
v 0.04438095 0.04755556 0.03186775
v 0.04878661 0.04749651 0.03186775
v 0.04438095 0.04878278 0.02977456
v 0.04277787 0.04757408 0.03186775
v 0.04284451 0.04834515 0.03052263
v 0.04284451 0.04926557 0.02873146
v 0.04284451 0.04876426 0.02975598
v 0.04130623 0.04871100 0.02966305
v -0.07556744 0.00522125 0.03583423
v -0.07514994 0.00450119 0.03583423
v -0.07563753 0.00522125 0.03701592
v -0.07347080 0.00522125 0.03583423
v -0.07482386 0.00395281 0.03583423
v -0.07566495 0.00522125 0.03856082
v -0.07483605 0.00393898 0.03641812
v -0.04453536 0.00522125 0.04114491
v -0.04453536 0.00433906 0.03583423
v -0.07428142 0.00359183 0.03583423
v -0.07311729 0.00259282 0.03795607
v -0.07317215 0.00254036 0.03949227
v -0.07564058 0.00522125 0.04008139
v -0.07481167 0.00395901 0.03795607
v -0.04453536 0.00522125 0.04387324
v -0.04453536 0.00282791 0.03583423
v -0.07335195 0.00298098 0.03583423
v -0.07293140 0.00272014 0.03583423
v -0.07216040 0.00224280 0.03583423
v -0.07220916 0.00221562 0.03641812
v -0.07234934 0.00218367 0.03795607
v -0.07240420 0.00216365 0.03949227
v -0.07231277 0.00219178 0.04103022
v -0.07308072 0.00260855 0.04103022
v -0.07408943 0.00350790 0.04091900
v -0.07473549 0.00404818 0.04033510
v -0.07561315 0.00522125 0.04096940
v -0.07521393 0.00469575 0.04091900
v -0.04850922 0.00258233 0.04800744
v -0.04453536 0.00505959 0.04394971
v -0.06033633 0.00522125 0.05298795
v -0.04453536 0.00242163 0.03798561
v -0.04552273 0.00253989 0.03583423
v -0.07134368 0.00196861 0.03583423
v -0.07088962 0.00177358 0.03641812
v -0.07088962 0.00159380 0.03949227
v -0.07088962 0.00162480 0.04103022
v -0.07217259 0.00226092 0.04256642
v -0.07294055 0.00268866 0.04256642
v -0.07383040 0.00345688 0.04256642
v -0.07468368 0.00409825 0.04135866
v -0.07523527 0.00496803 0.04256642
v -0.07538764 0.00522125 0.04259249
v -0.05744431 0.00127622 0.05275509
v -0.05439992 0.00133773 0.05120498
v -0.04850922 0.00237728 0.04800744
v -0.04683313 0.00283172 0.04664502
v -0.04453536 0.00475679 0.04401226
v -0.06128714 0.00522125 0.05333029
v -0.04453536 0.00223279 0.03949227
v -0.04476392 0.00219703 0.03949227
v -0.04628764 0.00242735 0.03583423
v -0.07088962 0.00181745 0.03583423
v -0.06935066 0.00165103 0.03583423
v -0.06935066 0.00143549 0.03949227
v -0.06012911 0.00044887 0.04871299
v -0.07088962 0.00179027 0.04256642
v -0.07199889 0.00233341 0.04410263
v -0.06012911 0.00052470 0.05024919
v -0.06278952 0.00090046 0.04984081
v -0.07276684 0.00281360 0.04410263
v -0.07369021 0.00358229 0.04410263
v -0.07459835 0.00419982 0.04256642
v -0.07445817 0.00440153 0.04410263
v -0.07503413 0.00516974 0.04410263
v -0.07506156 0.00522125 0.04410263
v -0.05744431 0.00082035 0.05275509
v -0.06166807 0.00522125 0.05345889
v -0.05439992 0.00083227 0.05120498
v -0.05161761 0.00096102 0.04950542
v -0.04683313 0.00228477 0.04664502
v -0.04453536 0.00331859 0.04402269
v -0.04453536 0.00210213 0.04103022
v -0.04476392 0.00204300 0.04103022
v -0.04995980 0.00096388 0.04472128
v -0.04937469 0.00206017 0.03583423
v -0.06781475 0.00162146 0.03583423
v -0.05859624 0.00035064 0.04871299
v -0.05859624 0.00036399 0.05024919
v -0.07088962 0.00196385 0.04410263
v -0.07181299 0.00242067 0.04511229
v -0.05859624 0.00057238 0.05178714
v -0.06221660 0.00105448 0.05086611
v -0.06326188 0.00119611 0.05031175
v -0.07344642 0.00382596 0.04563884
v -0.07428142 0.00485693 0.04572051
v -0.07467454 0.00522125 0.04540945
v -0.07499452 0.00522125 0.04437025
v -0.06320398 0.00522125 0.05358749
v -0.06166807 0.00328664 0.05326773
v -0.05859624 0.00085563 0.05271164
v -0.05698415 0.00066251 0.05186534
v -0.05552138 0.00041597 0.05024919
v -0.05392757 0.00067777 0.05030480
v -0.05007561 0.00096245 0.04800744
v -0.04631202 0.00213313 0.04555369
v -0.04545264 0.00243307 0.04498369
v -0.04453536 0.00326471 0.04402269
v -0.04453536 0.00219226 0.04254210
v -0.04467249 0.00215506 0.04261856
v -0.04629983 0.00176833 0.04410263
v -0.04629983 0.00168679 0.04256642
v -0.05091060 0.00188373 0.03583423
v -0.04987143 0.00093765 0.04563884
v -0.05091060 0.00083513 0.04563884
v -0.05398547 0.00051564 0.04717504
v -0.05244956 0.00074119 0.04563884
v -0.05091060 0.00093718 0.04446757
v -0.05244956 0.00176023 0.03583423
v -0.06627884 0.00160859 0.03583423
v -0.05706034 0.00047510 0.04717504
v -0.05706034 0.00035017 0.04871299
v -0.05706034 0.00036829 0.05024919
v -0.07184651 0.00392515 0.04816037
v -0.07238591 0.00371915 0.04707425
v -0.07325443 0.00400431 0.04649383
v -0.06327102 0.00193380 0.05186012
v -0.05999807 0.00084371 0.05173500
v -0.06118962 0.00093479 0.05118933
v -0.05939467 0.00097485 0.05256566
v -0.06041557 0.00110694 0.05221463
v -0.06168940 0.00126048 0.05173500
v -0.07445512 0.00522125 0.04597249
v -0.06481912 0.00522125 0.05338069
v -0.06166807 0.00204443 0.05289585
v -0.05552138 0.00035970 0.04871299
v -0.05398547 0.00044268 0.04871299
v -0.05244956 0.00066060 0.04871299
v -0.05091060 0.00079316 0.04717504
v -0.04995980 0.00093670 0.04717504
v -0.04783878 0.00142929 0.04563884
v -0.04516618 0.00226665 0.04410263
v -0.04453536 0.00252034 0.04355001
v -0.04910042 0.00107833 0.04563884
v -0.05244956 0.00062483 0.04717504
v -0.05303162 0.00173019 0.03583423
v -0.05552138 0.00047606 0.04717504
v -0.05456753 0.00167630 0.03583423
v -0.05764240 0.00163672 0.03583423
v -0.07117303 0.00430330 0.04918567
v -0.07205679 0.00522125 0.04951237
v -0.07241638 0.00483595 0.04870951
v -0.07287350 0.00434383 0.04751913
v -0.06280476 0.00227332 0.05272554
v -0.07346166 0.00522125 0.04790665
v -0.07362317 0.00484310 0.04707425
v -0.06627884 0.00522125 0.05292886
v -0.05610649 0.00164769 0.03583423
v -0.07047516 0.00522125 0.05069407
v -0.07165757 0.00522125 0.04983038
v -0.07312644 0.00522125 0.04836369
v -0.06657140 0.00522125 0.05280374
v -0.06934152 0.00522125 0.05140830
v -0.06936894 0.00522125 0.05139266
v -0.06883704 0.03014827 -0.01518570
v -0.06725978 0.03014827 -0.01518570
v -0.06888617 0.03014827 -0.01504465
v -0.07055406 0.03556668 -0.01518570
v -0.06681846 0.03015335 -0.01518570
v -0.06681930 0.03014827 -0.01518363
v -0.07172895 0.03154825 -0.00759816
v -0.07473522 0.03014827 0.00336001
v -0.07169676 0.03622161 -0.01213865
v -0.07167558 0.03778658 -0.01359269
v -0.07073195 0.03620764 -0.01518570
v -0.07473776 0.03016350 0.00335171
v -0.06837030 0.04311487 -0.01518570
v -0.07115972 0.04311487 0.00600051
v -0.07010934 0.03014827 -0.00426279
v -0.07473946 0.03014827 0.00337453
v -0.07167558 0.03794524 -0.01359269
v -0.07103266 0.03859382 -0.01518570
v -0.07097251 0.03714054 -0.01518570
v -0.07481231 0.03095170 0.00308206
v -0.07508506 0.03095170 0.00414200
v -0.07487584 0.03258522 0.00253861
v -0.07375261 0.03556287 -0.00354303
v -0.07378650 0.03709865 -0.00354303
v -0.07529937 0.03014827 0.00567900
v -0.07011782 0.04311487 -0.01518570
v -0.07304107 0.04311487 0.00600051
v -0.07371026 0.03014827 0.00600051
v -0.07174589 0.03852782 -0.01261158
v -0.07066333 0.04311487 -0.01289367
v -0.07027707 0.04311487 -0.01468581
v -0.07021523 0.04287626 -0.01518570
v -0.07543067 0.03095170 0.00567900
v -0.07521212 0.03248876 0.00414200
v -0.07407027 0.03556287 -0.00200603
v -0.07474623 0.03485717 0.00173796
v -0.07400420 0.03709865 -0.00200603
v -0.07346884 0.03854432 -0.00354303
v -0.07331129 0.03829301 -0.00473987
v -0.07532733 0.03014827 0.00589265
v -0.07326385 0.04263256 0.00600051
v -0.07303599 0.04311487 0.00567900
v -0.07534088 0.03014827 0.00600051
v -0.07068874 0.04311487 -0.01276300
v -0.07547133 0.03095170 0.00600051
v -0.07543660 0.03248876 0.00567900
v -0.07511556 0.03402581 0.00414200
v -0.07529937 0.03402581 0.00567900
v -0.07510963 0.03556287 0.00567900
v -0.07479282 0.03663411 0.00452780
v -0.07486228 0.03692731 0.00567900
v -0.07388391 0.04017277 0.00414200
v -0.07227701 0.04311487 -0.00367578
v -0.07242610 0.04170982 -0.00507797
v -0.07214910 0.04170982 -0.00661497
v -0.07361031 0.04170982 0.00600051
v -0.07326046 0.04262749 0.00567900
v -0.07322235 0.04254498 0.00467093
v -0.07202966 0.04311487 -0.00511530
v -0.07546540 0.03248876 0.00600051
v -0.07543999 0.03281241 0.00600051
v -0.07533156 0.03402581 0.00600051
v -0.07513928 0.03556287 0.00600051
v -0.07487160 0.03699838 0.00600051
v -0.07359506 0.04170982 0.00567900
v -0.05978978 0.03014827 -0.03467521
v -0.06088477 0.03328965 -0.03503015
v -0.05978978 0.03030692 -0.03473047
v -0.05978978 0.03014827 -0.03229268
v -0.06063275 0.03014827 -0.03391858
v -0.06173214 0.03384050 -0.03434791
v -0.06207000 0.03556287 -0.03465396
v -0.06107626 0.03431520 -0.03520868
v -0.06011442 0.03542706 -0.03624585
v -0.06027619 0.03389254 -0.03563800
v -0.05978978 0.03208894 -0.03534470
v -0.06097281 0.03014827 -0.03358065
v -0.06173545 0.03014827 -0.03278151
v -0.06238804 0.03336453 -0.03346588
v -0.05978978 0.04311487 -0.03365079
v -0.06681752 0.03015335 -0.01518778
v -0.06655450 0.03014827 -0.01584026
v -0.06227359 0.03709865 -0.03487500
v -0.06130185 0.03556287 -0.03540846
v -0.06256191 0.03439008 -0.03366354
v -0.06273249 0.03556287 -0.03388458
v -0.06054912 0.03709865 -0.03633937
v -0.05978978 0.03568598 -0.03653490
v -0.05978978 0.03517067 -0.03637975
v -0.05978978 0.03394839 -0.03597593
v -0.06201167 0.03014827 -0.03246696
v -0.06282713 0.03248876 -0.03249671
v -0.06244086 0.03014827 -0.03197813
v -0.06245297 0.03014827 -0.03196325
v -0.05978978 0.04311487 -0.03586541
v -0.06836921 0.04311487 -0.01518778
v -0.06725881 0.03014827 -0.01518778
v -0.06291848 0.03709865 -0.03410774
v -0.06299771 0.03863571 -0.03416088
v -0.06231651 0.03863571 -0.03493025
v -0.06150544 0.03709865 -0.03556999
v -0.06299111 0.03393696 -0.03286866
v -0.06356226 0.03547529 -0.03267950
v -0.06368662 0.03709865 -0.03308757
v -0.06058984 0.03863571 -0.03635850
v -0.05982170 0.03863571 -0.03688134
v -0.05978978 0.03709865 -0.03683670
v -0.05978978 0.03610991 -0.03663480
v -0.06154837 0.03863571 -0.03559124
v -0.06298340 0.03014827 -0.03122788
v -0.06380437 0.03402581 -0.03172096
v -0.06391882 0.03490413 -0.03192925
v -0.05978978 0.03884133 -0.03686221
v -0.06020356 0.04311487 -0.03555936
v -0.07011679 0.04311487 -0.01518778
v -0.06883581 0.03014827 -0.01518778
v -0.06376585 0.03863571 -0.03322359
v -0.06281503 0.04017277 -0.03391646
v -0.06135138 0.04311487 -0.03450306
v -0.06091888 0.04264652 -0.03506628
v -0.06035543 0.04311487 -0.03544459
v -0.06406739 0.03592841 -0.03212265
v -0.06418844 0.03709865 -0.03232031
v -0.06426988 0.03863571 -0.03245421
v -0.05978978 0.03863571 -0.03689834
v -0.06375485 0.03014827 -0.03007168
v -0.06424347 0.03402581 -0.03095158
v -0.06916266 0.04311487 -0.01891141
v -0.07021473 0.04287626 -0.01518778
v -0.07055368 0.03556668 -0.01518778
v -0.07036880 0.03556921 -0.01583176
v -0.06705632 0.03015588 -0.02124931
v -0.06705192 0.03014827 -0.02125568
v -0.06417634 0.03983388 -0.03230331
v -0.06433591 0.04311487 -0.03105147
v -0.06370093 0.04311487 -0.03184848
v -0.06300211 0.04311487 -0.03264337
v -0.06145152 0.04311487 -0.03439466
v -0.06437112 0.03547529 -0.03133202
v -0.06470787 0.03709865 -0.03120662
v -0.06568401 0.03863571 -0.02934693
v -0.06561798 0.04311487 -0.02909401
v -0.06557946 0.04311487 -0.02915990
v -0.06515247 0.04311487 -0.02986339
v -0.06416533 0.03014827 -0.02930230
v -0.06558607 0.03014827 -0.02600161
v -0.06553545 0.03619368 -0.02897074
v -0.06876208 0.04311487 -0.02026101
v -0.07026976 0.03982245 -0.01710273
v -0.07084201 0.03863571 -0.01583814
v -0.07103240 0.03859382 -0.01518778
v -0.07019272 0.04278995 -0.01537056
v -0.07073086 0.03620764 -0.01518778
v -0.07097187 0.03714054 -0.01518778
v -0.07076168 0.03709865 -0.01583814
v -0.07019713 0.03608580 -0.01681580
v -0.06589310 0.03014827 -0.02509833
v -0.06508644 0.04311487 -0.02996754
v -0.06438323 0.04311487 -0.03098558
v -0.06561358 0.03709865 -0.02918965
v -0.06713005 0.03981357 -0.02603774
v -0.06711245 0.03863571 -0.02599099
v -0.06600756 0.04311487 -0.02821411
v -0.06569061 0.03014827 -0.02572319
v -0.06862782 0.03616195 -0.02133432
v -0.06872357 0.03709865 -0.02157023
v -0.06725661 0.04311487 -0.02491980
v -0.07037650 0.03863571 -0.01735777
v -0.07032258 0.03709865 -0.01714311
v -0.06749432 0.03863571 -0.02506008
v -0.06604387 0.04311487 -0.02813123
v -0.06880280 0.03863571 -0.02182315
v 0.00075860 0.05275973 0.00599845
v 0.00075860 0.05141392 0.00599845
v 0.00075860 0.05275074 0.00567607
v -0.01716006 0.05466119 0.00599845
v -0.00019375 0.05139268 0.00599845
v 0.00075860 0.04821323 -0.01122840
v 0.00075860 0.05257179 -0.00046988
v -0.01798405 0.05474618 0.00599845
v 0.00075860 0.05251705 -0.00200741
v -0.00140585 0.05137552 0.00599845
v -0.00172827 0.05137307 0.00599845
v -0.00294335 0.05137307 0.00599845
v -0.00326578 0.05137633 0.00599845
v -0.00634080 0.05141229 0.00599845
v -0.00787830 0.05143598 0.00599845
v -0.00019375 0.04823529 -0.01122840
v -0.00926952 0.04672115 -0.02168107
v -0.00694684 0.04672115 -0.02135869
v -0.00634080 0.04672115 -0.02129669
v -0.00478836 0.04672115 -0.02115203
v -0.00356433 0.04672115 -0.02110243
v -0.00326578 0.04672115 -0.02109416
v -0.00207160 0.04672115 -0.02106523
v -0.00019375 0.04672115 -0.02106523
v 0.00038841 0.04672115 -0.02106937
v 0.00075860 0.04672115 -0.02107350
v -0.02012760 0.05495454 0.00599845
v -0.02017537 0.05495863 0.00599845
v 0.00075860 0.04926896 -0.01890774
v -0.02750465 0.05319118 -0.02101150
v -0.02682695 0.05327779 -0.01998649
v -0.00909039 0.05149727 0.00599845
v -0.01402534 0.04672115 -0.02268542
v -0.01265502 0.04672115 -0.02231757
v -0.01248784 0.04672115 -0.02228037
v 0.00075860 0.04672115 -0.02428080
v -0.02170691 0.05505423 0.00599845
v 0.00075860 0.04904180 -0.01986249
v 0.00075860 0.04864712 -0.02125949
v -0.02939145 0.05258977 -0.02352031
v -0.02853164 0.05324266 -0.02125536
v 0.00075860 0.04890043 -0.02044526
v -0.02973777 0.05278180 0.00599845
v -0.02973777 0.05276709 0.00592819
v -0.02973777 0.05271561 0.00567607
v -0.01546134 0.04672115 -0.02316486
v -0.01484336 0.04672115 -0.02294994
v -0.02973777 0.04672115 -0.03622139
v -0.02831072 0.04719999 -0.03518398
v -0.02939145 0.04736423 -0.03539477
v 0.00075860 0.04745657 -0.02327646
v -0.02324441 0.05506812 0.00599845
v 0.00075860 0.04822548 -0.02202412
v -0.02973777 0.04759711 -0.03512198
v -0.02973777 0.04803591 -0.03427056
v -0.02973777 0.04817972 -0.03394404
v -0.02973777 0.05263063 -0.02352031
v -0.02871674 0.05324266 -0.02125536
v -0.02973777 0.05427796 0.00599845
v -0.02973777 0.04672115 -0.03293143
v -0.02199649 0.04672115 -0.02661602
v -0.02175766 0.04672115 -0.02642176
v -0.02167406 0.04672115 -0.02635563
v -0.02004401 0.04672115 -0.02522729
v -0.01972158 0.04672115 -0.02506196
v -0.01863189 0.04672115 -0.02452052
v -0.01712125 0.04672115 -0.02378069
v -0.02973777 0.04738711 -0.03548983
v -0.02336383 0.05506404 0.00599845
v -0.02973777 0.05296565 -0.02188772
v -0.02885108 0.05325818 -0.02044526
v -0.02973777 0.05380239 -0.00652491
v -0.02631644 0.05482380 0.00599845
v -0.02501478 0.05497415 0.00599845
v -0.02481177 0.05499458 0.00599845
v -0.02478192 0.05499703 0.00599845
v -0.02939145 0.05433679 0.00599845
v -0.02766586 0.05462034 0.00599845
v -0.04048668 0.02581496 0.04066084
v -0.04048668 0.02583966 0.04065514
v -0.04048668 0.02581496 0.03821441
v -0.03281487 0.02581496 0.03563967
v -0.03281487 0.02593643 0.03563824
v -0.03281487 0.02634203 0.03563111
v -0.03281487 0.03228607 0.03527755
v -0.03281487 0.03379525 0.03515922
v -0.03281487 0.04684866 0.03348407
v -0.04048668 0.03248991 0.03906267
v -0.04012547 0.02581496 0.03786370
v -0.04048668 0.04684866 0.02612623
v -0.03281487 0.02581496 0.03391319
v -0.03281487 0.04684866 0.03113458
v -0.04048668 0.04684866 0.02892908
v -0.04048668 0.04649453 0.02931401
v -0.04048668 0.04291205 0.03300790
v -0.04048668 0.04271645 0.03320036
v -0.04048668 0.04130199 0.03454048
v -0.04048668 0.03983194 0.03586349
v -0.04048668 0.03958899 0.03605596
v -0.04048668 0.03884367 0.03663620
v -0.04048668 0.03834541 0.03699547
v -0.04048668 0.03729743 0.03754720
v -0.04048668 0.03700095 0.03767408
v -0.04048668 0.03522206 0.03829282
v -0.04048668 0.03468263 0.03845820
v -0.04048668 0.03267109 0.03901705
v -0.03940230 0.02581496 0.03717082
v -0.04018705 0.04684866 0.02609915
v -0.03310249 0.02581496 0.03397735
v -0.03340588 0.02581496 0.03406146
v -0.03642324 0.02581496 0.03520341
v -0.03682275 0.02581496 0.03536736
v -0.03732814 0.02581496 0.03567103
v -0.03759098 0.02581496 0.03584353
v -0.03840502 0.02581496 0.03642948
v -0.04015100 0.04684866 0.02609772
v -0.03861379 0.04684866 0.02629019
v -0.03758647 0.04684866 0.02661096
v -0.03713064 0.04684866 0.02680770
v -0.03618969 0.04684866 0.02745067
v -0.03601396 0.04684866 0.02760179
v -0.03281487 0.03709772 0.03224802
v -0.03281487 0.04665513 0.03115169
v -0.03472907 0.04684866 0.02892480
v -0.03281487 0.04631953 0.03118305
v -0.00326532 0.02634156 0.02566079
v -0.00326532 0.02581496 0.02568887
v -0.00480240 0.02634156 0.02581951
v -0.00326532 0.02787800 0.02595991
v -0.00172825 0.02787800 0.02590497
v -0.00172825 0.02634156 0.02566323
v -0.00427696 0.02581496 0.02579387
v -0.00172825 0.02581496 0.02569376
v -0.00480022 0.02795999 0.02614916
v -0.00480240 0.02581496 0.02587933
v -0.00715270 0.02581496 0.02639944
v -0.00648991 0.02647400 0.02622485
v -0.00710255 0.02707549 0.02643241
v -0.00607784 0.02750197 0.02624195
v -0.00326532 0.03386848 0.02724432
v -0.00310835 0.03386848 0.02722844
v -0.00172825 0.03386848 0.02711124
v -0.00157127 0.03386848 0.02710879
v -0.00019336 0.03386848 0.02709414
v -0.00019336 0.02787800 0.02592085
v -0.00019336 0.02634156 0.02573038
v -0.00019336 0.02581496 0.02575969
v -0.00120281 0.02581496 0.02571573
v -0.00715270 0.02605067 0.02639944
v -0.02150961 0.02581496 0.03387876
v -0.00563961 0.03386848 0.02795000
v -0.00488306 0.03386848 0.02763989
v -0.00479585 0.03386848 0.02761669
v -0.00003638 0.03386848 0.02710513
v 0.00076159 0.02787800 0.02599776
v 0.00076159 0.02692571 0.02587689
v 0.00076159 0.02634156 0.02580364
v 0.00033426 0.02581496 0.02578532
v 0.00013368 0.02581496 0.02577556
v -0.02150961 0.02581496 0.03587983
v -0.02150961 0.03386848 0.03672226
v -0.00635037 0.03386848 0.02833947
v 0.00076159 0.03386848 0.02716984
v 0.00076159 0.02581496 0.02581829
v -0.02042603 0.02581496 0.03583100
v -0.02150961 0.02632421 0.03618506
v -0.02150961 0.03386848 0.03813242
v 0.00076159 0.03386848 0.02880220
v 0.00076159 0.02581496 0.02739449
v -0.02014260 0.02620597 0.03603855
v -0.02150961 0.02758869 0.03692005
v -0.01936207 0.02581496 0.03571623
v -0.01863387 0.02643379 0.03605931
v -0.02150961 0.03248812 0.03809213
v -0.02017094 0.03248812 0.03808725
v -0.02017094 0.03386848 0.03812509
v -0.01279081 0.03386848 0.03592501
v 0.00076159 0.03248812 0.02877046
v 0.00076159 0.03095089 0.02850796
v -0.01170723 0.02709756 0.03411928
v -0.01476829 0.02708968 0.03566007
v -0.01351029 0.02581496 0.03429509
v -0.02017094 0.02770299 0.03688220
v -0.02150961 0.02835730 0.03732296
v -0.01863387 0.02581496 0.03563565
v -0.01922689 0.02858355 0.03721551
v -0.02017094 0.02847082 0.03727290
v -0.01729520 0.02581496 0.03545984
v -0.01712950 0.02581496 0.03543787
v -0.01709680 0.02583782 0.03544885
v -0.01709680 0.02660565 0.03594576
v -0.02150961 0.03114718 0.03798469
v -0.02150961 0.03095089 0.03796515
v -0.02017094 0.03095089 0.03792853
v -0.01863387 0.03248812 0.03799812
v -0.01863387 0.03386848 0.03807137
v -0.01879085 0.03386848 0.03807992
v -0.01580173 0.03386848 0.03739987
v -0.01291727 0.03248812 0.03584565
v -0.01308951 0.03128750 0.03574187
v -0.01458515 0.02787800 0.03574187
v -0.01623560 0.03160205 0.03722284
v -0.01717964 0.03103445 0.03734981
v -0.01555972 0.02787800 0.03608129
v -0.01868183 0.02944992 0.03732906
v -0.01555972 0.02690600 0.03576385
v -0.01555972 0.02613738 0.03529380
v -0.01418617 0.02581496 0.03457956
v -0.02150961 0.02847792 0.03736202
v -0.01863387 0.03095089 0.03771243
v -0.02017094 0.02941523 0.03757568
v -0.01709462 0.02581496 0.03543298
v -0.02150961 0.02961153 0.03770632
v -0.01709680 0.03248812 0.03766725
v -0.01725377 0.03386848 0.03785649
v -0.01591074 0.03386848 0.03743650
v -0.01602848 0.03248812 0.03730464
v -0.01389184 0.03084525 0.03602512
v -0.01555972 0.02581496 0.03507037
v -0.02150961 0.02941523 0.03766115
v -0.01709680 0.03386848 0.03782231
v 0.01183849 0.01688302 0.02988390
v 0.01517949 0.01688302 0.03067771
v 0.01183849 0.01688302 0.03184343
v 0.01183849 0.03864727 0.03496869
v 0.02537610 0.03864727 0.03757402
v 0.01534780 0.01688302 0.03072288
v 0.02439938 0.01688302 0.03561450
v 0.01183849 0.01854048 0.03280542
v 0.01183849 0.03864727 0.03703681
v 0.02537610 0.01688302 0.03402112
v 0.01978877 0.01688302 0.03210675
v 0.01825279 0.01688302 0.03158684
v 0.01666247 0.01688302 0.03109576
v 0.02537610 0.03864727 0.03917125
v 0.01183849 0.01869387 0.03288903
v 0.02537610 0.01688302 0.03589608
v 0.01732113 0.02393041 0.03724055
v 0.01245872 0.03864727 0.03744717
v 0.01183849 0.03554113 0.03750291
v 0.02439938 0.03864727 0.03933943
v 0.02439938 0.03556031 0.03958353
v 0.02537610 0.03863448 0.03917221
v 0.01183849 0.02004454 0.03356079
v 0.02537610 0.01710458 0.03600083
v 0.01825279 0.02368541 0.03737221
v 0.01677114 0.02479962 0.03747696
v 0.01263366 0.02079871 0.03418737
v 0.01746956 0.02709833 0.03872822
v 0.01246667 0.03864727 0.03745101
v 0.01197367 0.03562848 0.03756441
v 0.01430217 0.03512357 0.03876858
v 0.01183849 0.03402428 0.03761535
v 0.01210487 0.03402428 0.03775854
v 0.02286207 0.03864727 0.03944514
v 0.02286207 0.03709846 0.03957776
v 0.02286207 0.03556031 0.03969405
v 0.02439938 0.03402428 0.03965272
v 0.02537610 0.03402428 0.03950472
v 0.01562081 0.02530878 0.03731167
v 0.01183849 0.02023841 0.03364632
v 0.02537610 0.02052389 0.03728572
v 0.02132476 0.02534500 0.03880990
v 0.02045406 0.02551756 0.03874648
v 0.01825279 0.02688315 0.03881471
v 0.01825279 0.02787592 0.03900499
v 0.01671548 0.03248826 0.03930675
v 0.01516757 0.03256282 0.03890505
v 0.01434325 0.03312738 0.03874840
v 0.01357062 0.02792492 0.03743660
v 0.01403446 0.02677024 0.03732128
v 0.01513709 0.02629303 0.03753558
v 0.01364218 0.03864727 0.03793729
v 0.01351098 0.03402428 0.03843991
v 0.01427831 0.03402428 0.03877531
v 0.01517817 0.03402428 0.03908572
v 0.01506950 0.03560504 0.03897136
v 0.01578912 0.03864727 0.03877146
v 0.01183849 0.03354494 0.03759613
v 0.01183849 0.03248826 0.03754904
v 0.01210487 0.03248826 0.03768935
v 0.02133669 0.03864727 0.03947109
v 0.02132476 0.03709846 0.03961044
v 0.02132476 0.03556031 0.03970077
v 0.02286207 0.03402428 0.03968732
v 0.02286207 0.03248826 0.03960563
v 0.02132476 0.02787592 0.03937402
v 0.02286207 0.02787592 0.03930964
v 0.02537610 0.02634203 0.03894060
v 0.01183849 0.02149322 0.03415278
v 0.02537610 0.02169774 0.03765956
v 0.02286207 0.02524487 0.03884738
v 0.02132476 0.02634203 0.03911647
v 0.01988022 0.02632073 0.03891850
v 0.01978877 0.02787592 0.03924909
v 0.01825279 0.03248826 0.03952587
v 0.01671548 0.03402428 0.03946724
v 0.01211018 0.03109071 0.03742795
v 0.01301003 0.02744558 0.03709736
v 0.01671548 0.03556031 0.03940093
v 0.01671548 0.03864727 0.03897136
v 0.01183849 0.03221770 0.03752021
v 0.01183849 0.03129949 0.03734722
v 0.02132476 0.03864727 0.03947109
v 0.01978877 0.03709846 0.03955854
v 0.01978877 0.03556031 0.03966137
v 0.01978877 0.03402428 0.03964888
v 0.02132476 0.03402428 0.03967963
v 0.02132476 0.03248826 0.03962581
v 0.02286207 0.02634203 0.03912128
v 0.01978877 0.03248826 0.03960179
v 0.02439938 0.02634203 0.03901460
v 0.02537610 0.02530878 0.03879357
v 0.01202403 0.02627599 0.03612096
v 0.01183849 0.02636973 0.03605753
v 0.01825279 0.03402428 0.03960852
v 0.01825279 0.03556031 0.03957872
v 0.01222547 0.02792492 0.03678695
v 0.01183849 0.02791001 0.03656591
v 0.01183849 0.02752015 0.03644963
v 0.01825279 0.03709846 0.03941150
v 0.01825279 0.03864727 0.03923275
v 0.01672608 0.03864727 0.03897328
v 0.01978877 0.03864727 0.03940862
v -0.05717267 0.01228825 -0.01353692
v -0.05698221 0.01187414 -0.01353692
v -0.06429503 0.01228825 0.00600258
v -0.05530571 0.01228825 -0.01353692
v -0.05659464 0.01120896 -0.01353692
v -0.06373693 0.01191515 0.00600258
v -0.06076264 0.01228825 0.00600258
v -0.05611407 0.01043974 -0.01353692
v -0.05534558 0.00961652 -0.01353692
v -0.05496244 0.00923441 -0.01353692
v -0.05456380 0.00884830 -0.01353692
v -0.05379531 0.00814811 -0.01353692
v -0.05093176 0.00554739 -0.01353692
v -0.05054862 0.00521530 -0.01353692
v -0.04963618 0.00444709 -0.01353692
v -0.04924861 0.00416301 -0.01353692
v -0.04886769 0.00389093 -0.01353692
v -0.05529685 0.01228825 -0.01276230
v -0.04167446 0.00487620 -0.00354339
v -0.04167446 0.00481419 -0.00507732
v -0.04167446 0.00464714 -0.00661508
v -0.04167446 0.00464514 -0.00663038
v -0.04167446 0.00408999 -0.01070813
v -0.04167446 0.00349282 -0.01353692
v -0.06324971 0.01160306 0.00600258
v -0.06055003 0.01228825 0.00568126
v -0.04168997 0.00492822 0.00600258
v -0.04167446 0.00492822 0.00599876
v -0.04783787 0.00350082 -0.01353692
v -0.05331030 0.00709782 0.00600258
v -0.05551832 0.00798506 0.00600258
v -0.05667880 0.00846920 0.00600258
v -0.06261410 0.01125897 0.00600258
v -0.06297287 0.01143202 0.00600258
v -0.05529464 0.01228825 -0.01237212
v -0.04167446 0.00206943 -0.01353692
v -0.06009824 0.01228825 0.00472877
v -0.04167446 0.00485220 0.00600258
v -0.05532564 0.01228825 -0.01084775
v -0.05546517 0.01228825 -0.00907282
v -0.05564234 0.01228825 -0.00797306
v -0.05593468 0.01228825 -0.00661508
v -0.05633996 0.01228825 -0.00507732
v -0.05676074 0.01228825 -0.00362946
v -0.05684933 0.01228825 -0.00333682
v -0.05718596 0.01228825 -0.00243215
v -0.05734542 0.01228825 -0.00200563
v -0.05795224 0.01228825 -0.00044874
v -0.05849482 0.01228825 0.00094175
v -0.05917251 0.01228825 0.00262678
v -0.04447158 0.00237951 -0.01353692
v -0.04434313 0.00393594 0.00600258
v -0.04783787 0.00515028 0.00600258
v -0.04167446 0.00339179 0.00600258
v -0.04246289 0.00209944 -0.01353692
v -0.04329338 0.00216945 -0.01353692
v -0.04322694 0.00361786 0.00600258
v -0.04168997 0.00339279 0.00600258
v 0.01183849 0.03402428 0.03761457
v 0.01120311 0.03402428 0.03727232
v 0.01183849 0.03354494 0.03759607
v 0.01183849 0.03554113 0.03750241
v 0.01125624 0.03516192 0.03723763
v 0.01125299 0.03248826 0.03723879
v 0.01043436 0.03402428 0.03674738
v 0.00076159 0.01960994 0.03016596
v 0.00076159 0.01865765 0.03016480
v 0.01183849 0.03248826 0.03754867
v 0.01183849 0.03864727 0.03703644
v 0.01137117 0.03618665 0.03714513
v 0.01067290 0.03562848 0.03675432
v 0.00947370 0.03556031 0.03590793
v 0.01132347 0.03169575 0.03719254
v 0.00939130 0.03402428 0.03597847
v 0.00076159 0.02019367 0.03014746
v 0.00076159 0.01807392 0.03004455
v 0.01183849 0.03129949 0.03734632
v 0.01183849 0.03221770 0.03751976
v 0.01183849 0.03864727 0.03496790
v 0.01168886 0.03864727 0.03693816
v 0.01060459 0.03864727 0.03617040
v 0.00076159 0.03556031 0.02865126
v 0.00076159 0.03497657 0.02871254
v 0.00076159 0.03402428 0.02880735
v 0.00983693 0.03864727 0.03560499
v 0.00076159 0.03864727 0.02817835
v 0.00076159 0.01703428 0.02978092
v 0.01183849 0.02791001 0.03656585
v 0.00654617 0.03864727 0.02816101
v 0.01183849 0.01688302 0.02988499
v 0.00076159 0.03864727 0.02658040
v 0.00076159 0.01688302 0.02973699
v 0.01183849 0.02752015 0.03645022
v 0.00578393 0.03864727 0.02757131
v 0.01183849 0.01688302 0.03184253
v 0.01098301 0.01688302 0.02966414
v 0.00371731 0.02396663 0.02638962
v 0.00385393 0.02480388 0.02632487
v 0.00386260 0.02634203 0.02633065
v 0.00577200 0.03864727 0.02756553
v 0.00092965 0.03864727 0.02657231
v 0.00076159 0.02634203 0.02580339
v 0.00076159 0.01688302 0.02798178
v 0.01183849 0.01854048 0.03280338
v 0.01183849 0.01869387 0.03288779
v 0.01183849 0.02004454 0.03355957
v 0.01183849 0.02023841 0.03364514
v 0.01183849 0.02149322 0.03415158
v 0.01183849 0.02636973 0.03605709
v 0.01056665 0.01688302 0.02956123
v 0.00288351 0.02379619 0.02630174
v 0.00288351 0.02480388 0.02608090
v 0.00901831 0.01688302 0.02919008
v 0.00787115 0.01688302 0.02894032
v 0.00754804 0.01688302 0.02887673
v 0.00283146 0.01688302 0.02803844
v 0.00288351 0.02634203 0.02607627
v 0.00441992 0.03864727 0.02704637
v 0.00118120 0.03864727 0.02656999
v 0.00134601 0.03864727 0.02656884
v 0.00134601 0.02634203 0.02584965
v 0.00134601 0.02480388 0.02588896
v 0.00076159 0.02538974 0.02582883
v 0.00086785 0.01688302 0.02797369
v 0.00076159 0.02405823 0.02606124
v 0.00221885 0.01688302 0.02798410
v 0.00276749 0.03864727 0.02670528
v 0.00283038 0.03864727 0.02671799
v 0.00076159 0.02480388 0.02586236
v 0.00134601 0.01688302 0.02794478
v 0.03925232 0.01407517 -0.03061731
v 0.03925059 0.01440513 -0.03070311
v 0.03925059 0.01413422 -0.03066593
v 0.03925059 0.01407517 -0.03073743
v 0.03970728 0.01407517 -0.03081275
v 0.04810378 0.02551928 -0.03349745
v 0.04810378 0.02561653 -0.03349745
v 0.03925059 0.03181614 -0.03514011
v 0.03925059 0.01407517 -0.03312849
v 0.04810378 0.01407517 -0.03701540
v 0.04810378 0.02165016 -0.03467296
v 0.04810378 0.02563737 -0.03350603
v 0.04810378 0.02631116 -0.03382732
v 0.04810378 0.02755108 -0.03460527
v 0.04810378 0.03181614 -0.03838159
v 0.03925059 0.03181614 -0.03819663
v 0.04051062 0.01407517 -0.03659782
v 0.03925059 0.01592116 -0.03414765
v 0.03982514 0.01558253 -0.03581701
v 0.04041270 0.01449195 -0.03681329
v 0.04810378 0.01407517 -0.03872575
v 0.04810378 0.03181614 -0.04001853
v 0.04019778 0.03181614 -0.03946653
v 0.04013019 0.01711941 -0.03716413
v 0.03925059 0.03167374 -0.03817184
v 0.04090579 0.01407517 -0.03726232
v 0.03925059 0.01711420 -0.03467773
v 0.03961196 0.01711941 -0.03581701
v 0.04026191 0.01558253 -0.03707546
v 0.04809078 0.01407517 -0.03872766
v 0.04745296 0.03181614 -0.04008717
v 0.04745296 0.01407517 -0.03880489
v 0.04041530 0.03181614 -0.03974110
v 0.04087460 0.01558253 -0.03784388
v 0.03925059 0.01922936 -0.03538799
v 0.03925059 0.03095479 -0.03804123
v 0.04095606 0.01407517 -0.03732525
v 0.03925059 0.01835760 -0.03511819
v 0.04597021 0.03181614 -0.04023495
v 0.04742350 0.01407517 -0.03880774
v 0.04132436 0.03181614 -0.04002330
v 0.04044216 0.03152092 -0.03971917
v 0.04177846 0.01407517 -0.03830913
v 0.04176373 0.01407517 -0.03830055
v 0.04098292 0.01407517 -0.03735862
v 0.04437913 0.03181614 -0.04035698
v 0.04591648 0.01407517 -0.03886685
v 0.04284351 0.03181614 -0.04031884
v 0.04284351 0.01407517 -0.03863804
v 0.04282011 0.01407517 -0.03863328
v 0.04351513 0.03181614 -0.04033791
v 0.04588614 0.01407517 -0.03886685
v 0.04437913 0.01407517 -0.03882681
v 0.04434967 0.01407517 -0.03882491
v 0.05776801 0.03217441 0.04942844
v 0.05776801 0.03268845 0.04898645
v 0.05513645 0.03279095 0.04908079
v 0.05513645 0.03217441 0.04960663
v 0.05776801 0.03217441 0.04715037
v 0.05776801 0.03354769 0.04821778
v 0.05513645 0.03367130 0.04831212
v 0.05360025 0.03284673 0.04912796
v 0.05380721 0.03217441 0.04968874
v 0.05360025 0.03373612 0.04836103
v 0.04057874 0.03217441 0.04236014
v 0.05776801 0.04458372 0.03186775
v 0.05513645 0.03526769 0.04684814
v 0.05513645 0.03443859 0.04761681
v 0.05360025 0.03450492 0.04768145
v 0.05776801 0.03431498 0.04745784
v 0.05513645 0.03603498 0.04611441
v 0.05360025 0.03217441 0.04970097
v 0.05206405 0.03376326 0.04837850
v 0.05206405 0.03453206 0.04771115
v 0.04057874 0.03217441 0.04506622
v 0.04057874 0.03938755 0.03409865
v 0.04057874 0.03940112 0.03408816
v 0.04057874 0.04076536 0.03325485
v 0.04057874 0.04144371 0.03290021
v 0.04057874 0.04235571 0.03254208
v 0.04057874 0.04428223 0.03186775
v 0.05776801 0.04637307 0.03186775
v 0.05360025 0.03533553 0.04691278
v 0.05360025 0.03610282 0.04618603
v 0.05206405 0.03537020 0.04694248
v 0.05776801 0.03507323 0.04668916
v 0.05667433 0.03592946 0.04599387
v 0.05513645 0.03677966 0.04534574
v 0.05360025 0.03685503 0.04541736
v 0.05206405 0.03217441 0.04971494
v 0.05206405 0.03285879 0.04914717
v 0.05052617 0.03374366 0.04835928
v 0.05052617 0.03451246 0.04769543
v 0.05052617 0.03614503 0.04622796
v 0.05052617 0.03537623 0.04692675
v 0.04165055 0.03217441 0.04604977
v 0.04057874 0.03305626 0.04483037
v 0.04057874 0.04719161 0.03186775
v 0.05659693 0.04658863 0.03186775
v 0.05776801 0.04582888 0.03311160
v 0.05206405 0.03613900 0.04621923
v 0.05206405 0.03769167 0.04468363
v 0.05206405 0.03692438 0.04545230
v 0.05052617 0.03696357 0.04545929
v 0.05776801 0.03584203 0.04589079
v 0.05667433 0.03666660 0.04522519
v 0.05667433 0.03743540 0.04441110
v 0.05667433 0.03815898 0.04364417
v 0.05513645 0.03754846 0.04452290
v 0.05206405 0.03918856 0.04310435
v 0.05052617 0.03925941 0.04318821
v 0.05052617 0.03280603 0.04912796
v 0.05052617 0.03217441 0.04961711
v 0.04899166 0.03531894 0.04686212
v 0.04899166 0.03442503 0.04763079
v 0.04899166 0.03365623 0.04827718
v 0.04899166 0.03608774 0.04618778
v 0.04899166 0.03770222 0.04470809
v 0.04899166 0.03693342 0.04541911
v 0.04210485 0.03217441 0.04640615
v 0.04058716 0.03310902 0.04482339
v 0.04057874 0.03310299 0.04481640
v 0.04137965 0.04745391 0.03186775
v 0.04057874 0.04686449 0.03234642
v 0.04094723 0.04695645 0.03243027
v 0.05513645 0.04683284 0.03186775
v 0.05667433 0.04591631 0.03326009
v 0.05590203 0.04555000 0.03411262
v 0.05776801 0.04569924 0.03333347
v 0.05052617 0.03773086 0.04472905
v 0.04899166 0.03927750 0.04320917
v 0.05776801 0.03786050 0.04376821
v 0.05776801 0.03806853 0.04354634
v 0.05667433 0.03892778 0.04281785
v 0.05513645 0.03825395 0.04375423
v 0.05513645 0.03902275 0.04291568
v 0.05206405 0.03988501 0.04233568
v 0.05206405 0.04065380 0.04146743
v 0.05052617 0.03992571 0.04241953
v 0.04899166 0.03267789 0.04904410
v 0.04899166 0.03217441 0.04941796
v 0.04745378 0.03593097 0.04606549
v 0.04745378 0.03516368 0.04671537
v 0.04745378 0.03344971 0.04810073
v 0.04745378 0.03421851 0.04748405
v 0.04745378 0.03680680 0.04529682
v 0.04745378 0.03917198 0.04311484
v 0.04285864 0.03217441 0.04687959
v 0.04235723 0.03289497 0.04624892
v 0.04167242 0.03402555 0.04517453
v 0.04090348 0.03402555 0.04459628
v 0.04057874 0.03402555 0.04428706
v 0.04139311 0.04745692 0.03186775
v 0.04139816 0.04745541 0.03187473
v 0.04057874 0.03672087 0.04230423
v 0.04087824 0.03609377 0.04315501
v 0.04190293 0.03641034 0.04342230
v 0.04197192 0.04711473 0.03261196
v 0.04591758 0.03963175 0.04204568
v 0.05206405 0.04722327 0.03186775
v 0.05776801 0.04476311 0.03488129
v 0.05776801 0.04537664 0.03388027
v 0.05052617 0.04740868 0.03186775
v 0.05487733 0.04560577 0.03420172
v 0.05528788 0.04518218 0.03478172
v 0.05667433 0.04425058 0.03595394
v 0.05776801 0.04416918 0.03584912
v 0.04899166 0.03993626 0.04244050
v 0.04745378 0.03987747 0.04234791
v 0.05776801 0.03883733 0.04270953
v 0.05667433 0.03962422 0.04204917
v 0.05513645 0.03971768 0.04214701
v 0.05360025 0.03980813 0.04223435
v 0.05360025 0.04057542 0.04137833
v 0.05360025 0.04122513 0.04061141
v 0.05206405 0.04129749 0.04070050
v 0.05052617 0.04069451 0.04149538
v 0.04845660 0.03217441 0.04931838
v 0.04622886 0.03497072 0.04654941
v 0.04660576 0.03329896 0.04797669
v 0.04768766 0.03217441 0.04912970
v 0.04591758 0.03652490 0.04504525
v 0.04414414 0.03217441 0.04763603
v 0.04338192 0.03344669 0.04652844
v 0.04200221 0.03485465 0.04492122
v 0.04463209 0.03217441 0.04791730
v 0.04057874 0.03515915 0.04362845
v 0.04140321 0.04745843 0.03186775
v 0.04277788 0.04757299 0.03186775
v 0.04151931 0.04746898 0.03186775
v 0.04057874 0.03596564 0.04300128
v 0.04057874 0.03553149 0.04335941
v 0.04284350 0.03507624 0.04512037
v 0.04284350 0.03584354 0.04438839
v 0.04745378 0.04204066 0.03972394
v 0.04745378 0.04265871 0.03895526
v 0.04899166 0.04268283 0.03899370
v 0.04284350 0.04712377 0.03262419
v 0.04284350 0.04757450 0.03186775
v 0.04745378 0.04064476 0.04143773
v 0.04745378 0.04127186 0.04067080
v 0.04411385 0.03613447 0.04465218
v 0.04899166 0.04748858 0.03186775
v 0.05206405 0.04572788 0.03437292
v 0.05360025 0.04566909 0.03429256
v 0.05360025 0.04514902 0.03506123
v 0.05206405 0.04261650 0.03892032
v 0.05360025 0.04254113 0.03881376
v 0.05360025 0.04199393 0.03958243
v 0.05513645 0.04111659 0.04047863
v 0.05638156 0.04102162 0.04036159
v 0.05740626 0.04092665 0.04025153
v 0.05776801 0.04088143 0.04019737
v 0.04899166 0.04070355 0.04149713
v 0.05776801 0.03953076 0.04194086
v 0.05206405 0.04206628 0.03968900
v 0.05052617 0.04131558 0.04072845
v 0.05052617 0.04208437 0.03973791
v 0.04579643 0.03551491 0.04591525
v 0.04520417 0.03477023 0.04637995
v 0.04602358 0.03249549 0.04831736
v 0.04599666 0.03217441 0.04853224
v 0.04738143 0.03217441 0.04903012
v 0.04452776 0.03559933 0.04533351
v 0.04437970 0.03376627 0.04675555
v 0.04495010 0.03217441 0.04807278
v 0.04437970 0.03453356 0.04621399
v 0.04899166 0.04131407 0.04073020
v 0.04899166 0.04208287 0.03976237
v 0.05052617 0.04265570 0.03896924
v 0.04899166 0.04450684 0.03637846
v 0.04437970 0.04710870 0.03260497
v 0.04878638 0.04749461 0.03186775
v 0.04426697 0.04755641 0.03186775
v 0.04899166 0.04527413 0.03523244
v 0.05052617 0.04576255 0.03443057
v 0.05052617 0.04524700 0.03519750
v 0.05052617 0.04447820 0.03633479
v 0.04899166 0.04578215 0.03446376
v -0.07083772 0.02581496 0.04284881
v -0.06020518 0.02582106 0.04865098
v -0.06020518 0.02581496 0.04875826
v -0.07083772 0.02581496 0.04603977
v -0.07083772 0.03741475 0.02748058
v -0.06020518 0.04464099 0.02748058
v -0.06020518 0.02581496 0.05079427
v -0.07033607 0.02581496 0.04656476
v -0.07083772 0.02627854 0.04565175
v -0.07083772 0.04052566 0.02748058
v -0.06020518 0.04653803 0.02748058
v -0.06042374 0.02581496 0.05074406
v -0.06020518 0.02733788 0.04965529
v -0.06166850 0.02893399 0.04816480
v -0.06320573 0.03052401 0.04666290
v -0.06274883 0.02878556 0.04804383
v -0.07031525 0.02581496 0.04658530
v -0.07038186 0.02741107 0.04513133
v -0.07083772 0.02636597 0.04557642
v -0.07033607 0.04119867 0.02748058
v -0.07083772 0.03773194 0.03235377
v -0.07032774 0.03814470 0.03293353
v -0.06020934 0.04658683 0.02748058
v -0.06020518 0.04656853 0.02751253
v -0.06167683 0.02581496 0.05044733
v -0.06020518 0.02810035 0.04906412
v -0.06166850 0.03073343 0.04681583
v -0.06580245 0.02581496 0.04930607
v -0.06544131 0.02581496 0.04942019
v -0.06166850 0.03150201 0.04621325
v -0.06320573 0.03129258 0.04603064
v -0.06422048 0.03030441 0.04650313
v -0.07028923 0.02581496 0.04660584
v -0.06924013 0.02624398 0.04708745
v -0.06980736 0.02682752 0.04615618
v -0.06989374 0.02843584 0.04464972
v -0.07083772 0.02782789 0.04418865
v -0.07083772 0.02714268 0.04488025
v -0.07018828 0.04101974 0.02810599
v -0.06984794 0.04172732 0.02748058
v -0.07083772 0.03706503 0.03326221
v -0.06999157 0.03771161 0.03395610
v -0.06941082 0.03869165 0.03340829
v -0.06985419 0.03916947 0.03208214
v -0.07083772 0.03435469 0.03679555
v -0.07017995 0.03485690 0.03726804
v -0.06020518 0.04587112 0.02874966
v -0.06064750 0.04647703 0.02748058
v -0.06255837 0.04404728 0.03109381
v -0.06166850 0.04415301 0.03126500
v -0.06020518 0.03331772 0.04492134
v -0.06095766 0.03327299 0.04488482
v -0.06648520 0.02581496 0.04905727
v -0.06320573 0.03213232 0.04526372
v -0.06430583 0.03188223 0.04502634
v -0.06198178 0.03313472 0.04474330
v -0.06477522 0.03096726 0.04565631
v -0.06524460 0.03004619 0.04628857
v -0.06882591 0.02581496 0.04776080
v -0.06878219 0.02727484 0.04655791
v -0.06886858 0.02889129 0.04507883
v -0.07083772 0.02796005 0.04405398
v -0.06885609 0.03048131 0.04360432
v -0.06882382 0.03199609 0.04208644
v -0.07035896 0.02889943 0.04362486
v -0.06961690 0.04196928 0.02748058
v -0.06864793 0.03639202 0.03726119
v -0.06883007 0.03958629 0.03286049
v -0.06896641 0.03821180 0.03454042
v -0.06834299 0.03923656 0.03388534
v -0.06858340 0.04094044 0.03103903
v -0.06835756 0.04228443 0.02915595
v -0.06867291 0.04256096 0.02813110
v -0.06938688 0.04220310 0.02748058
v -0.07083772 0.03346208 0.03789801
v -0.07083772 0.03219942 0.03939307
v -0.07083772 0.03159147 0.04008239
v -0.06976988 0.03440552 0.03829289
v -0.06874472 0.03494230 0.03890004
v -0.06920891 0.03541198 0.03777704
v -0.06020518 0.04430550 0.03151836
v -0.06197345 0.04612121 0.02748058
v -0.06312455 0.04430347 0.03028808
v -0.06358353 0.04388868 0.03081306
v -0.06312455 0.04349423 0.03168727
v -0.06320573 0.04268905 0.03287418
v -0.06166850 0.04365689 0.03203193
v -0.06262810 0.04561493 0.02808545
v -0.06020518 0.03422659 0.04398550
v -0.06154881 0.03378334 0.04417952
v -0.06020518 0.03482640 0.04336694
v -0.06020518 0.03558278 0.04256577
v -0.06020518 0.03631476 0.04178515
v -0.06081090 0.03476947 0.04330988
v -0.06166850 0.03466984 0.04320488
v -0.06320573 0.03668684 0.04063933
v -0.06694939 0.02706135 0.04789090
v -0.06781531 0.02598372 0.04826980
v -0.06782676 0.02581496 0.04838849
v -0.06320573 0.03290090 0.04451048
v -0.06437139 0.03499923 0.04198830
v -0.06533099 0.03163011 0.04477982
v -0.06320573 0.03596097 0.04140854
v -0.06320573 0.03519239 0.04221427
v -0.06434641 0.03652825 0.04046357
v -0.06627809 0.02973917 0.04600097
v -0.06712008 0.02870627 0.04645519
v -0.06627809 0.02897262 0.04666062
v -0.06854906 0.02581496 0.04795709
v -0.06814524 0.02829961 0.04610368
v -0.06820664 0.02991606 0.04462689
v -0.07083772 0.03084323 0.04091323
v -0.06821289 0.03150608 0.04311130
v -0.06818583 0.03302086 0.04152494
v -0.06878948 0.03346411 0.04050009
v -0.06981360 0.03291513 0.03988153
v -0.06810048 0.03596707 0.03828604
v -0.06767897 0.03664618 0.03784780
v -0.06694731 0.03779701 0.03710826
v -0.06747706 0.03819146 0.03608341
v -0.06733239 0.04267685 0.02982701
v -0.06731886 0.03956595 0.03435554
v -0.06707532 0.04096078 0.03260256
v -0.06783301 0.04291881 0.02867890
v -0.06800890 0.04338443 0.02748058
v -0.06884984 0.04271345 0.02748058
v -0.06814003 0.03448888 0.03992261
v -0.06707636 0.03635135 0.03874711
v -0.06020518 0.04379718 0.03228757
v -0.06300694 0.04580199 0.02748058
v -0.06340139 0.04566169 0.02748058
v -0.06424234 0.04415707 0.02978821
v -0.06676101 0.04235153 0.03085186
v -0.06410079 0.04254876 0.03267560
v -0.06084525 0.04244913 0.03409533
v -0.06166850 0.04288831 0.03317091
v -0.06397486 0.03940329 0.03718815
v -0.06020518 0.04253046 0.03419804
v -0.06020518 0.03686984 0.04118713
v -0.06020518 0.03698370 0.04106387
v -0.06020518 0.03704673 0.04099540
v -0.06320573 0.03745542 0.03980164
v -0.06825868 0.02581496 0.04813513
v -0.06539551 0.03472881 0.04173037
v -0.06535596 0.03318352 0.04325738
v -0.06627809 0.03056874 0.04523176
v -0.06423921 0.03800034 0.03888635
v -0.06480540 0.03712603 0.03952774
v -0.06537158 0.03624766 0.04016913
v -0.06718252 0.03027391 0.04495786
v -0.06637280 0.03744525 0.03800301
v -0.06526334 0.03772381 0.03854397
v -0.06592318 0.03812030 0.03752140
v -0.06668295 0.03921623 0.03538039
v -0.06694627 0.04395375 0.02788915
v -0.06783197 0.04351659 0.02748058
v -0.06627809 0.03662178 0.03905982
v -0.06654349 0.04430754 0.02748058
v -0.06365222 0.04542380 0.02775220
v -0.06499898 0.03914507 0.03679555
v -0.06020518 0.04173545 0.03527768
v -0.06461910 0.03857168 0.03786606
v -0.06320573 0.03890311 0.03806692
v -0.06020518 0.04058259 0.03681610
v -0.06020518 0.04120273 0.03599667
v -0.06020518 0.03778888 0.04017597
v -0.06320573 0.03813453 0.03903471
v -0.06756657 0.04370772 0.02748058
v -0.06020518 0.03982011 0.03779074
v -0.06020518 0.03985061 0.03775193
v -0.06020518 0.03835209 0.03953002
v -0.06020518 0.03918370 0.03856451
v -0.06020518 0.03922030 0.03852114
v 0.00076159 0.00796136 0.02202714
v -0.00308106 0.01844817 0.02857184
v -0.00149160 0.01844817 0.02854991
v 0.00076159 0.01844817 0.02852689
v 0.00076159 0.00796136 0.02452401
v -0.00019471 0.00796136 0.02224745
v -0.01709581 0.01844817 0.03035516
v -0.01251302 0.01844817 0.02939061
v -0.01234053 0.01844817 0.02936430
v -0.01074234 0.01844817 0.02914399
v -0.00920746 0.01844817 0.02896862
v -0.00787782 0.01844817 0.02883928
v -0.00634076 0.01844817 0.02872090
v -0.00613335 0.01844817 0.02870994
v -0.00459629 0.01844817 0.02862993
v 0.00076159 0.01844817 0.03012060
v 0.00076159 0.01030511 0.02632706
v -0.02154106 0.00796136 0.03108076
v -0.00178635 0.00796136 0.02264095
v -0.01871584 0.01844817 0.03079469
v -0.00326664 0.00796136 0.02304211
v -0.02154106 0.01844817 0.03322470
v -0.02154106 0.01573690 0.03296492
v -0.02154106 0.01419698 0.03280490
v -0.02154106 0.01411794 0.03279393
v 0.00076159 0.01807140 0.03004278
v 0.00076159 0.01061104 0.02654299
v -0.02154106 0.00826627 0.03125394
v -0.02154106 0.00796136 0.02878557
v 0.00076159 0.01103093 0.02682139
v 0.00076159 0.01177932 0.02729161
v 0.00076159 0.01307901 0.02808298
v -0.01910883 0.01844817 0.03090539
v -0.00770752 0.00796136 0.02426205
v -0.01264838 0.00796136 0.02563872
v -0.02154106 0.01844817 0.03161674
v -0.02154106 0.01097857 0.03211436
v 0.00076159 0.01703350 0.02978081
v -0.02154106 0.00944379 0.03168470
v 0.00076159 0.01364262 0.02837893
v 0.00076159 0.01404504 0.02856635
v 0.00076159 0.01498337 0.02899054
v 0.00076159 0.01555929 0.02924702
v 0.00076159 0.01624404 0.02953967
v -0.01555875 0.00796136 0.02659451
v -0.01402169 0.00796136 0.02607606
v -0.01483170 0.00796136 0.02634241
v -0.02154106 0.00959983 0.03172854
v 0.00076159 0.01662081 0.02965805
v 0.05821195 0.01695603 0.05864540
v 0.05776888 0.01695603 0.05862443
v 0.05893423 0.01695603 0.05861919
v 0.05821195 0.02014087 0.05752093
v 0.05776888 0.02013511 0.05750782
v 0.05776888 0.01695603 0.05687613
v 0.05974929 0.01695603 0.05857987
v 0.05974929 0.01865788 0.05796652
v 0.05974929 0.01999401 0.05747899
v 0.06128662 0.02284194 0.05581456
v 0.05821195 0.02090973 0.05709106
v 0.05776888 0.02300608 0.05592465
v 0.05776888 0.02090397 0.05708582
v 0.06662610 0.01695603 0.05441749
v 0.05776888 0.04458293 0.03186775
v 0.06662610 0.04034416 0.03186775
v 0.06110020 0.01695603 0.05842785
v 0.06128662 0.01865788 0.05781974
v 0.06128662 0.01985003 0.05736366
v 0.06253608 0.02268644 0.05573593
v 0.06128662 0.02361079 0.05536373
v 0.05974929 0.02575610 0.05421304
v 0.05974929 0.02293121 0.05586174
v 0.05821195 0.02299168 0.05591678
v 0.05821195 0.02580793 0.05424974
v 0.05776888 0.02581081 0.05424974
v 0.06662610 0.01695603 0.05672410
v 0.05776888 0.04637405 0.03186775
v 0.06662610 0.04275727 0.03186775
v 0.06121205 0.01695603 0.05841474
v 0.06282222 0.01865788 0.05762839
v 0.06282222 0.01962830 0.05724833
v 0.06282222 0.02039716 0.05687875
v 0.06295835 0.02187727 0.05607930
v 0.06356097 0.02248775 0.05561011
v 0.06295835 0.02322781 0.05531130
v 0.06206613 0.02557756 0.05409509
v 0.06128662 0.02564379 0.05413965
v 0.05974929 0.02652207 0.05366784
v 0.05821195 0.02657678 0.05370978
v 0.05776888 0.02657966 0.05371502
v 0.06634430 0.01695603 0.05694428
v 0.06662610 0.01775656 0.05639121
v 0.05776888 0.04582980 0.03311279
v 0.05821195 0.04579237 0.03304988
v 0.05947616 0.04566854 0.03280874
v 0.05988629 0.04599106 0.03186775
v 0.06596279 0.04318345 0.03186775
v 0.06662610 0.04244339 0.03243915
v 0.06262366 0.01695603 0.05818670
v 0.06435956 0.01712017 0.05777780
v 0.06421995 0.01857725 0.05732696
v 0.06361473 0.01944401 0.05717232
v 0.06282222 0.01695603 0.05814738
v 0.06415059 0.01695603 0.05787478
v 0.06435956 0.02143381 0.05589582
v 0.06435956 0.02219979 0.05543974
v 0.06399885 0.02432781 0.05428381
v 0.06308928 0.02535007 0.05393782
v 0.06267568 0.02482598 0.05440176
v 0.06279274 0.02632914 0.05331923
v 0.06249533 0.02730532 0.05270064
v 0.06128662 0.02745794 0.05282121
v 0.06128662 0.02641265 0.05358920
v 0.05974929 0.02756161 0.05289985
v 0.05821195 0.02764224 0.05294178
v 0.05776888 0.02765375 0.05294702
v 0.06557694 0.01695603 0.05739250
v 0.06629228 0.01712017 0.05691282
v 0.06522143 0.01800997 0.05721425
v 0.06552405 0.01712017 0.05737153
v 0.06662610 0.01938354 0.05565205
v 0.05776888 0.04537770 0.03388079
v 0.05821195 0.04534027 0.03382050
v 0.05965738 0.04437272 0.03492925
v 0.05989322 0.04526828 0.03333035
v 0.06050105 0.04553896 0.03256759
v 0.05989322 0.04595075 0.03195686
v 0.06101696 0.04568582 0.03186775
v 0.06589255 0.04322664 0.03186775
v 0.06659922 0.04242035 0.03250731
v 0.06662610 0.04119076 0.03450986
v 0.06434655 0.01695603 0.05783022
v 0.06539745 0.01695603 0.05746589
v 0.06463962 0.01903511 0.05698621
v 0.06421995 0.02005160 0.05665595
v 0.06523964 0.02108826 0.05570185
v 0.06445060 0.02337467 0.05467174
v 0.06502374 0.02395922 0.05402694
v 0.06445060 0.02482598 0.05368881
v 0.06352022 0.02707783 0.05251453
v 0.06293321 0.02784381 0.05212923
v 0.06282222 0.02898125 0.05128522
v 0.06128662 0.02921738 0.05145821
v 0.06128662 0.02822392 0.05222883
v 0.05890388 0.03017629 0.05100475
v 0.05787899 0.03021948 0.05104669
v 0.05776888 0.03022236 0.05104931
v 0.06593851 0.01871259 0.05643053
v 0.06558907 0.02019558 0.05593251
v 0.06662610 0.01949296 0.05559438
v 0.05776888 0.04416827 0.03584927
v 0.05821195 0.04413660 0.03580733
v 0.05908424 0.04404445 0.03568938
v 0.06010913 0.04388031 0.03547445
v 0.06128662 0.04419995 0.03439453
v 0.06160918 0.04546985 0.03186775
v 0.06128662 0.04480754 0.03334607
v 0.06128662 0.04538922 0.03227140
v 0.06585354 0.04324968 0.03186775
v 0.06508357 0.04243475 0.03407213
v 0.06557520 0.04273423 0.03304726
v 0.06601048 0.04221302 0.03347451
v 0.06590296 0.04142401 0.03488731
v 0.06662610 0.04092296 0.03494497
v 0.06588995 0.02171314 0.05484998
v 0.06551538 0.02293409 0.05437031
v 0.06635818 0.02019558 0.05539518
v 0.06597493 0.02337467 0.05369405
v 0.06519889 0.02564955 0.05261152
v 0.06435956 0.02598934 0.05286839
v 0.06373612 0.02875952 0.05110698
v 0.06282222 0.02975010 0.05063517
v 0.06128662 0.02998623 0.05083176
v 0.05946835 0.03182342 0.04956836
v 0.05821195 0.03190117 0.04963651
v 0.05831947 0.03082132 0.05051984
v 0.05776888 0.03165064 0.04987242
v 0.06662610 0.02074271 0.05486046
v 0.05776888 0.04087977 0.04019776
v 0.05898799 0.03940541 0.04180190
v 0.06128662 0.03966745 0.04060928
v 0.06091204 0.04106982 0.03890291
v 0.06001201 0.03926431 0.04162366
v 0.06128662 0.04366146 0.03516253
v 0.06193693 0.04087401 0.03867225
v 0.06210515 0.04404157 0.03415339
v 0.06274072 0.04495728 0.03186775
v 0.06482691 0.04384000 0.03186775
v 0.06437083 0.04324680 0.03335918
v 0.06312917 0.04375649 0.03367110
v 0.06539572 0.04111013 0.03590431
v 0.06642061 0.04077322 0.03540105
v 0.06662610 0.03942845 0.03714936
v 0.06654027 0.02233513 0.05398500
v 0.06662610 0.02400242 0.05267443
v 0.06622378 0.02508803 0.05218689
v 0.06578504 0.02466761 0.05287101
v 0.06662610 0.02584248 0.05126425
v 0.06577637 0.02621395 0.05168887
v 0.06532982 0.02731396 0.05118824
v 0.06476101 0.02833910 0.05074526
v 0.06428845 0.02934984 0.05019220
v 0.06381589 0.03034618 0.04963913
v 0.06282222 0.03058231 0.04986717
v 0.06128662 0.03160745 0.04936654
v 0.06128662 0.03083859 0.05006376
v 0.06049324 0.03171111 0.04947138
v 0.05988802 0.03239646 0.04897860
v 0.05974929 0.03340432 0.04809004
v 0.05821195 0.03352526 0.04820013
v 0.05821195 0.03267002 0.04896812
v 0.05776888 0.03191844 0.04964962
v 0.05776888 0.03268730 0.04898647
v 0.06662610 0.02229481 0.05393258
v 0.05776888 0.03952923 0.04194344
v 0.05821195 0.03948892 0.04189888
v 0.05923944 0.03792817 0.04340342
v 0.05962616 0.03859624 0.04253320
v 0.06128662 0.03830828 0.04232089
v 0.06225428 0.03949468 0.04038648
v 0.06128662 0.03907714 0.04137727
v 0.06282222 0.04124260 0.03761068
v 0.06365895 0.04405309 0.03264885
v 0.06269909 0.04424026 0.03323336
v 0.06374393 0.04101511 0.03729352
v 0.06476795 0.04076458 0.03692918
v 0.06407862 0.04425754 0.03186775
v 0.06425897 0.04415963 0.03186775
v 0.06562896 0.03973944 0.03762641
v 0.06602435 0.04025489 0.03654125
v 0.06662610 0.03937949 0.03721751
v 0.06662610 0.02249927 0.05378841
v 0.06662610 0.02410608 0.05259579
v 0.06662610 0.02553149 0.05150539
v 0.06662610 0.02665741 0.05060896
v 0.06635384 0.02677836 0.05074788
v 0.06662610 0.02705480 0.05028918
v 0.06662610 0.02753857 0.04988290
v 0.06662610 0.02790428 0.04957099
v 0.06662610 0.02860690 0.04896812
v 0.06662610 0.02919434 0.04845962
v 0.06540612 0.02891502 0.04972301
v 0.06483992 0.02994016 0.04925907
v 0.06282222 0.03134828 0.04909131
v 0.06654460 0.03162760 0.04631290
v 0.06654980 0.03316243 0.04478477
v 0.06552578 0.03353390 0.04516221
v 0.06475668 0.03455904 0.04461963
v 0.06425637 0.03396296 0.04557635
v 0.06373179 0.03487868 0.04497087
v 0.06282222 0.03438050 0.04597477
v 0.06282222 0.03361165 0.04677422
v 0.06282222 0.03287159 0.04754222
v 0.06167074 0.03312500 0.04781481
v 0.06064585 0.03329777 0.04798519
v 0.05974929 0.03417317 0.04728534
v 0.05821195 0.03503705 0.04665889
v 0.05821195 0.03429412 0.04742689
v 0.05776888 0.03431427 0.04745572
v 0.05776888 0.03354542 0.04821585
v 0.05776888 0.03883525 0.04271144
v 0.05821195 0.03879781 0.04266688
v 0.06026347 0.03778419 0.04326450
v 0.05821195 0.03803184 0.04350827
v 0.05974929 0.03489595 0.04651734
v 0.06056348 0.03480669 0.04642298
v 0.06247886 0.03808079 0.04205353
v 0.06128662 0.03763158 0.04308888
v 0.06287858 0.03866535 0.04106273
v 0.06327917 0.03924991 0.04005621
v 0.06414278 0.04422298 0.03186775
v 0.06399972 0.03962714 0.03903134
v 0.06526045 0.03794833 0.04036551
v 0.06628534 0.03760566 0.03992778
v 0.06662610 0.03786194 0.03926987
v 0.06662610 0.03016477 0.04758677
v 0.06650211 0.03004094 0.04781219
v 0.06662610 0.03158441 0.04627096
v 0.06662610 0.03170247 0.04615563
v 0.06662610 0.03323730 0.04463536
v 0.06651772 0.03468862 0.04322256
v 0.06549283 0.03503129 0.04359477
v 0.06420001 0.03546899 0.04399580
v 0.06364335 0.03636167 0.04336935
v 0.06282222 0.03656324 0.04358690
v 0.06282222 0.03509465 0.04520939
v 0.06158836 0.03464543 0.04624475
v 0.06111667 0.03397160 0.04711759
v 0.05776888 0.03584046 0.04589089
v 0.05776888 0.03507161 0.04668772
v 0.05776888 0.03785906 0.04377038
v 0.05776888 0.03806639 0.04354758
v 0.06350288 0.03780435 0.04174161
v 0.06435956 0.03819886 0.04068005
v 0.06435956 0.03756534 0.04144804
v 0.06539051 0.03649989 0.04199849
v 0.06641454 0.03616010 0.04158959
v 0.06662610 0.03632712 0.04118069
v 0.06662610 0.03463103 0.04316752
v 0.06595412 0.03559570 0.04260921
v 0.06662610 0.03478365 0.04300239
v 0.06466824 0.03605643 0.04302336
v 0.06423730 0.03672162 0.04253320
v 0.00076159 0.00511674 -0.01572880
v 0.00076159 0.00353736 -0.01572880
v 0.00076159 0.00341605 -0.01334624
v 0.00076159 0.00340796 -0.01429927
v 0.01423210 0.00250600 -0.01180458
v 0.01423210 0.00250600 -0.01209189
v 0.02899025 0.00159548 -0.01276228
v 0.02899025 0.00167635 -0.01429927
v 0.02899025 0.00179861 -0.01572880
v 0.02680457 0.00406303 -0.01572880
v 0.02899025 0.00344507 -0.01572880
v 0.02899025 0.00224816 -0.00869324
v 0.02899025 0.00310540 -0.00968831
v 0.02899025 0.00276765 -0.00869324
v 0.00993386 0.00573419 0.01431259
v 0.01297720 0.00565502 0.00969479
v 0.00354230 0.00717370 0.01962074
v 0.01027699 0.00586098 0.01336474
v 0.00851513 0.00585247 0.01599577
v 0.00413751 0.00684063 0.01962074
v 0.00300649 0.00724688 0.01962074
v 0.02599496 0.00414628 -0.01572880
v 0.02132518 0.00437700 -0.01572880
v 0.01364354 0.00470952 -0.01572880
v 0.01824976 0.00451971 -0.01572880
v 0.01199668 0.00477422 -0.01572880
v 0.00076159 0.00631222 0.00414221
v 0.00185434 0.00714595 0.01825014
v 0.00134360 0.00717938 0.01962074
v 0.00076159 0.00711188 0.01962074
v 0.00076159 0.00543897 0.01962074
v 0.00443842 0.00549259 0.01962074
v 0.00440542 0.00650756 0.01962074
v 0.00553381 0.00595434 0.01918336
v 0.00703173 0.00589820 0.01760924
v 0.00703173 0.00542604 0.01760924
v 0.00553381 0.00549984 0.01918336
v 0.01442552 0.00404495 0.00800336
v 0.02899025 0.00180860 -0.00968831
v 0.01364104 0.00403194 0.00819488
v 0.02286151 0.00247651 -0.00400988
v 0.02176453 0.00249458 -0.00397484
v 0.02439784 0.00200602 -0.00815133
v 0.02286151 0.00201268 -0.00968831
v 0.02439784 0.00191135 -0.00968831
v 0.00076159 0.00343127 -0.01276228
v 0.02899025 0.00161451 -0.01122530
v 0.02593417 0.00182145 -0.00968831
v 0.00851513 0.00537999 0.01599577
v 0.00993386 0.00542793 0.01431259
v 0.03925059 0.00393682 -0.02754904
v 0.03925059 0.00128531 -0.02754904
v 0.04810378 0.00368014 -0.02754904
v 0.03925059 0.00789728 -0.02833783
v 0.03925059 0.00179465 -0.02806777
v 0.03969428 0.00170595 -0.02815779
v 0.04016572 0.00092246 -0.02754904
v 0.04810378 0.00136192 -0.02754904
v 0.04810378 0.00416259 -0.02795525
v 0.03970728 0.01407517 -0.03081225
v 0.03926185 0.01367872 -0.03028789
v 0.03925059 0.01368275 -0.03028789
v 0.03925059 0.01007305 -0.02897810
v 0.03925059 0.00927209 -0.02872379
v 0.04021685 0.00235774 -0.02902311
v 0.03925059 0.00266684 -0.02881944
v 0.04130616 0.00139014 -0.02848524
v 0.04041010 0.00083914 -0.02754904
v 0.04774934 0.00121543 -0.02754904
v 0.04591648 0.00116436 -0.02856513
v 0.04745296 0.00224889 -0.02919977
v 0.04810378 0.00240612 -0.02902648
v 0.04810378 0.00624295 -0.02982428
v 0.04810378 0.01407517 -0.03701573
v 0.03925232 0.01407517 -0.03061758
v 0.03925059 0.01407517 -0.03073798
v 0.04437913 0.01038618 -0.03792605
v 0.04540431 0.01021281 -0.03811059
v 0.03925059 0.00340195 -0.02916264
v 0.04051062 0.01407517 -0.03659714
v 0.04090579 0.01407517 -0.03726216
v 0.04192838 0.01300006 -0.03823662
v 0.04225509 0.01197466 -0.03790693
v 0.04328028 0.01146129 -0.03829064
v 0.04284351 0.00116436 -0.02872379
v 0.04130616 0.00070609 -0.02771670
v 0.04130616 0.00062008 -0.02754904
v 0.04685067 0.00094128 -0.02754904
v 0.04625358 0.00076523 -0.02754904
v 0.04591648 0.00080688 -0.02779659
v 0.04434360 0.00037549 -0.02754904
v 0.04437913 0.00061874 -0.02805652
v 0.04437913 0.00104341 -0.02882507
v 0.04591648 0.00193173 -0.02942595
v 0.04671028 0.01019400 -0.03813085
v 0.04773461 0.01037677 -0.03793618
v 0.04810378 0.01019669 -0.03752884
v 0.04810378 0.01407517 -0.03872611
v 0.03925059 0.01407517 -0.03312801
v 0.04437913 0.01115489 -0.03851568
v 0.04591648 0.01082429 -0.03851568
v 0.04642864 0.01019400 -0.03813085
v 0.03925059 0.01404695 -0.03311900
v 0.04098292 0.01407517 -0.03735893
v 0.04176373 0.01407517 -0.03830076
v 0.04178106 0.01404426 -0.03830976
v 0.04284351 0.01404426 -0.03864059
v 0.04279758 0.01249609 -0.03844030
v 0.04437913 0.01250819 -0.03891852
v 0.04284351 0.00055961 -0.02795525
v 0.04286171 0.00034727 -0.02754904
v 0.04731431 0.01092105 -0.03843917
v 0.04810378 0.01116833 -0.03838403
v 0.04810378 0.01044128 -0.03778990
v 0.04810378 0.01404426 -0.03873173
v 0.04745296 0.01407517 -0.03880487
v 0.04591648 0.01250819 -0.03904343
v 0.04745296 0.01250819 -0.03893428
v 0.04177846 0.01407517 -0.03830976
v 0.04437913 0.01404426 -0.03883076
v 0.04282011 0.01407517 -0.03863383
v 0.04284351 0.01407517 -0.03863834
v 0.04434967 0.01407517 -0.03882513
v 0.04810378 0.01205798 -0.03867547
v 0.04810378 0.01250819 -0.03882063
v 0.04745296 0.01404426 -0.03881050
v 0.04742350 0.01407517 -0.03880712
v 0.04437913 0.01407517 -0.03882738
v 0.04591648 0.01404426 -0.03887126
v 0.04591648 0.01407517 -0.03886676
v 0.04588614 0.01407517 -0.03886676
v -0.04168863 0.03699889 -0.04394526
v -0.04168154 0.03699889 -0.04384944
v -0.04168154 0.03248188 -0.04351294
v -0.04168863 0.03248858 -0.04351408
v -0.04476221 0.03402488 -0.04360305
v -0.04476221 0.03699889 -0.04384488
v -0.04168863 0.03699889 -0.04168667
v -0.04168154 0.03556184 -0.04211101
v -0.04168154 0.03092077 -0.04302814
v -0.04322542 0.03248858 -0.04343879
v -0.04629900 0.03402488 -0.04353461
v -0.04629900 0.03699889 -0.04378785
v -0.04168154 0.03015028 -0.04054710
v -0.05978801 0.03699889 -0.03470555
v -0.05978801 0.03095162 -0.03255988
v -0.05978801 0.03014827 -0.03229296
v -0.04168154 0.03086646 -0.04301103
v -0.04476221 0.03248858 -0.04335894
v -0.04629900 0.03248858 -0.04317187
v -0.04783756 0.03402488 -0.04327795
v -0.04783756 0.03556184 -0.04353119
v -0.04783756 0.03699889 -0.04366009
v -0.04168863 0.03014827 -0.04054596
v -0.04168154 0.03014827 -0.04206994
v -0.05978801 0.03699889 -0.03681700
v -0.05978801 0.03014827 -0.03467703
v -0.04168154 0.03022740 -0.04268250
v -0.04322542 0.03114139 -0.04300646
v -0.04476221 0.03129026 -0.04293688
v -0.04629900 0.03153771 -0.04282053
v -0.04711259 0.03169596 -0.04274296
v -0.04770994 0.03253150 -0.04289011
v -0.04873269 0.03307266 -0.04278973
v -0.04895958 0.03402488 -0.04290494
v -0.04942753 0.03564231 -0.04301673
v -0.04937789 0.03699889 -0.04323575
v -0.04927331 0.03699889 -0.04326997
v -0.04168154 0.03014827 -0.04263003
v -0.05978801 0.03610836 -0.03663677
v -0.05976319 0.03699889 -0.03683411
v -0.05978801 0.03208825 -0.03534663
v -0.05968875 0.03014827 -0.03476715
v -0.04476221 0.03052178 -0.04252965
v -0.04629900 0.03076922 -0.04244752
v -0.04770994 0.03109110 -0.04231520
v -0.04813712 0.03204802 -0.04257984
v -0.04950020 0.03082421 -0.04163191
v -0.05009755 0.03022740 -0.04117335
v -0.05038115 0.03125204 -0.04137754
v -0.04929636 0.03253150 -0.04233116
v -0.04972709 0.03402488 -0.04251254
v -0.05018440 0.03620828 -0.04276007
v -0.05026239 0.03699889 -0.04281369
v -0.04476221 0.03014827 -0.04224903
v -0.05958771 0.03584684 -0.03671547
v -0.05978801 0.03568590 -0.03653638
v -0.05978801 0.03234039 -0.03543218
v -0.05934842 0.03014827 -0.03503635
v -0.04629900 0.03014827 -0.04203686
v -0.04779857 0.03014827 -0.04178933
v -0.04917583 0.03014827 -0.04144255
v -0.04982103 0.03014827 -0.04123039
v -0.05004082 0.03014827 -0.04113685
v -0.05744472 0.03014827 -0.03634018
v -0.05065412 0.03248858 -0.04157716
v -0.05934665 0.03482220 -0.03656490
v -0.05978801 0.03517023 -0.03638239
v -0.05978801 0.03394776 -0.03597630
v -0.05930411 0.03014827 -0.03506943
v -0.05861104 0.03014827 -0.03556336
v -0.04167225 0.00087398 -0.02576639
v -0.04167225 0.00258054 -0.02576639
v -0.04014786 0.00087327 -0.02576639
v -0.04167225 0.00091336 -0.02505876
v -0.04167225 0.00338586 -0.01583841
v -0.02516974 0.00818627 -0.02576639
v -0.04014786 0.00097635 -0.02421725
v -0.03869823 0.00091479 -0.02576639
v -0.03937112 0.00098136 -0.02428268
v -0.04167225 0.00097563 -0.02420316
v -0.04167225 0.00339803 -0.01548308
v -0.02445946 0.00818627 -0.02534161
v -0.02011889 0.00818627 -0.02576639
v -0.03553729 0.00167357 -0.01548308
v -0.03707830 0.00098637 -0.02576639
v -0.02785301 0.00142518 -0.02352170
v -0.03400043 0.00170149 -0.01548308
v -0.04167225 0.00177665 -0.01582230
v -0.03672108 0.00169004 -0.01548308
v -0.02138575 0.00818627 -0.02408841
v -0.02229125 0.00818627 -0.02438938
v -0.02315106 0.00818627 -0.02472860
v -0.02324244 0.00818627 -0.02476886
v -0.02422271 0.00818627 -0.02521378
v -0.04167225 0.00182175 -0.01548308
v -0.00634118 0.00544461 -0.01548308
v -0.00634118 0.00578964 -0.01608200
v -0.00321762 0.00818627 -0.02024827
v -0.00326747 0.00818627 -0.02025532
v -0.00491647 0.00818627 -0.02055327
v -0.00787804 0.00818627 -0.02114816
v -0.00941489 0.00818627 -0.02146322
v -0.01387177 0.00818627 -0.02240640
v -0.02017288 0.00818627 -0.02379851
v 0.00076159 0.00818627 -0.02238123
v -0.02833068 0.00226772 -0.02576639
v -0.03168269 0.00124694 -0.02576639
v 0.00076159 0.00351471 -0.01548308
v -0.04133165 0.00181102 -0.01548308
v -0.00599643 0.00545678 -0.01548308
v -0.00480432 0.00583617 -0.01607093
v -0.00173061 0.00818627 -0.02017177
v 0.00076159 0.00818627 -0.02032377
v 0.00076159 0.00797653 -0.02225038
v -0.02882081 0.00200214 -0.02576639
v -0.03004199 0.00157694 -0.02576639
v 0.00076159 0.00385688 -0.01711879
v 0.00076159 0.00354764 -0.01583841
v 0.00076159 0.00506879 -0.01548308
v -0.00480432 0.00545320 -0.01548308
v -0.00024360 0.00518404 -0.01548308
v -0.00019376 0.00818627 -0.02024827
v -0.00167246 0.00818627 -0.02017378
v 0.00076159 0.00678108 -0.02146423
v 0.00076159 0.00630433 -0.02111998
v 0.00076159 0.00601227 -0.02086330
v 0.00076159 0.00553910 -0.02038819
v 0.00076159 0.00526064 -0.02009527
v 0.00076159 0.00470228 -0.01891152
v 0.00688718 0.00748568 0.02467076
v 0.00751378 0.00748910 0.02500791
v 0.00722686 0.00748910 0.02477919
v 0.00724006 0.00748910 0.02467076
v 0.00782379 0.00539570 0.02467076
v 0.00802826 0.00544287 0.02501638
v 0.02814228 0.00245318 0.03570173
v 0.00772485 0.00748910 0.02512481
v 0.01201215 0.00748910 0.02467076
v 0.00824262 0.00528904 0.02467076
v 0.01430091 0.00400306 0.02802867
v 0.02625257 0.00233354 0.03435483
v 0.04032480 0.00087800 0.04191099
v 0.03117637 0.00240259 0.03725531
v 0.02814228 0.00260085 0.03570173
v 0.03117637 0.00259880 0.03725531
v 0.04032480 0.00119386 0.04191099
v 0.03431929 0.00254821 0.03875468
v 0.03052008 0.00748910 0.03446326
v 0.01240790 0.00748910 0.02480799
v 0.01290589 0.00716641 0.02487915
v 0.01296855 0.00636036 0.02467076
v 0.00903083 0.00518991 0.02467076
v 0.01517815 0.00389299 0.02743570
v 0.01430091 0.00400306 0.02764917
v 0.02198836 0.00248668 0.03113076
v 0.02354168 0.00248463 0.03263013
v 0.03849116 0.00086159 0.04049802
v 0.04057874 0.00083971 0.04197706
v 0.04057874 0.00123830 0.04197706
v 0.03376194 0.00748910 0.03577458
v 0.04057874 0.00748910 0.03534764
v 0.01321259 0.00636036 0.02476055
v 0.01311036 0.00552901 0.02467076
v 0.00957498 0.00512155 0.02467076
v 0.01106565 0.00501489 0.02467076
v 0.01671498 0.00380958 0.02741537
v 0.02286561 0.00241421 0.03080378
v 0.02198836 0.00248668 0.03093762
v 0.02439914 0.00235063 0.03295542
v 0.02747280 0.00174558 0.03334339
v 0.03589240 0.00097440 0.03873944
v 0.03669379 0.00089783 0.03911725
v 0.04057874 0.00056488 0.04102322
v 0.03979384 0.00072486 0.04101814
v 0.04057874 0.00072691 0.04161111
v 0.04057874 0.00748910 0.03698255
v 0.03933543 0.00748910 0.03685040
v 0.03669379 0.00748910 0.03648614
v 0.03515696 0.00748910 0.03617441
v 0.04057874 0.00708710 0.03535272
v 0.01764830 0.00536357 0.02636327
v 0.01764830 0.00580522 0.02636327
v 0.01329504 0.00537450 0.02473006
v 0.01295535 0.00532460 0.02467076
v 0.01234524 0.00515368 0.02467076
v 0.01979194 0.00386701 0.02769830
v 0.02593597 0.00239233 0.03084444
v 0.02439914 0.00236772 0.03075465
v 0.02593597 0.00204639 0.03180845
v 0.02900964 0.00162799 0.03334339
v 0.03549335 0.00094500 0.03707912
v 0.03557580 0.00094842 0.03795333
v 0.04057874 0.00050472 0.04030149
v 0.04057874 0.00636036 0.03539846
v 0.02114409 0.00482347 0.02774744
v 0.02097260 0.00394085 0.02783384
v 0.02709354 0.00244497 0.03094609
v 0.02900964 0.00211134 0.03201683
v 0.02755195 0.00214553 0.03167630
v 0.03620900 0.00094500 0.03707912
v 0.03976746 0.00060385 0.03949167
v 0.04057874 0.00065376 0.03944762
v 0.04057874 0.00590093 0.03546962
v 0.02518735 0.00403109 0.02949416
v 0.02811920 0.00271092 0.03107485
v 0.03028263 0.00225286 0.03230654
v 0.04057874 0.00091013 0.03860390
v 0.03976746 0.00084655 0.03845481
v 0.04057874 0.00076725 0.03896307
v 0.04057874 0.00544971 0.03556958
v 0.03130829 0.00255505 0.03258270
v 0.04057874 0.00108447 0.03844803
v 0.04057874 0.00468126 0.03603548
v 0.04057874 0.00342262 0.03680296
v 0.04057874 0.00170046 0.03799060
v -0.07083772 0.03741607 0.02747830
v -0.06020518 0.04464201 0.02747830
v -0.07083772 0.04052784 0.02747830
v -0.07083772 0.04373089 0.00600258
v -0.06020518 0.04653895 0.02747830
v -0.06020518 0.05120245 0.00728911
v -0.07083772 0.04067721 0.02723024
v -0.07033607 0.04119998 0.02747830
v -0.07083772 0.04699202 0.00600258
v -0.06128966 0.05106802 0.00600258
v -0.06020518 0.05122071 0.00723445
v -0.06020934 0.04658542 0.02747830
v -0.06020518 0.04676465 0.02715877
v -0.07040268 0.04127964 0.02719450
v -0.07083772 0.04104730 0.02657857
v -0.06984794 0.04172940 0.02747830
v -0.06997596 0.04233848 0.02609507
v -0.07044743 0.04754965 0.00600258
v -0.07083772 0.04605766 0.01183189
v -0.07017475 0.04715134 0.01132316
v -0.06094309 0.05133522 0.00600258
v -0.06068497 0.05145803 0.00614133
v -0.06020518 0.05124892 0.00718400
v -0.06020518 0.04677627 0.02713985
v -0.06020518 0.04680283 0.02709570
v -0.06020518 0.04713309 0.02652602
v -0.06166850 0.04740360 0.02543079
v -0.06064750 0.04647588 0.02747830
v -0.07063789 0.04178085 0.02561368
v -0.07083772 0.04152527 0.02562419
v -0.06961690 0.04197170 0.02747830
v -0.06969495 0.04204804 0.02719450
v -0.07018932 0.04254593 0.02506922
v -0.06938688 0.04220405 0.02747830
v -0.06884984 0.04271521 0.02747830
v -0.06892686 0.04277993 0.02719450
v -0.06832009 0.04685593 0.01951109
v -0.06881966 0.04581868 0.02077660
v -0.06986668 0.04831805 0.00600258
v -0.07083772 0.04568093 0.01336436
v -0.07041204 0.04442129 0.01951109
v -0.06981672 0.04518969 0.01951109
v -0.07004361 0.04701692 0.01234902
v -0.06854698 0.04858359 0.01231749
v -0.06885713 0.04890887 0.00875432
v -0.06970536 0.04849563 0.00600258
v -0.06073389 0.05150948 0.00600258
v -0.06053614 0.05168042 0.00600258
v -0.06020518 0.05198247 0.00600258
v -0.06020518 0.04748824 0.02587435
v -0.06274779 0.04723267 0.02512177
v -0.06300694 0.04580540 0.02747830
v -0.06197345 0.04612073 0.02747830
v -0.06166850 0.04620371 0.02747830
v -0.06096494 0.04864167 0.02338748
v -0.06155402 0.04817034 0.02398870
v -0.07083772 0.04160659 0.02545812
v -0.07083772 0.04198166 0.02454157
v -0.06904863 0.04608753 0.01951109
v -0.06800890 0.04338569 0.02747830
v -0.06732927 0.04423375 0.02686236
v -0.06726995 0.04724096 0.02059371
v -0.06755096 0.04744675 0.01951109
v -0.06734592 0.04885576 0.01490315
v -0.06839607 0.04844916 0.01336436
v -0.06852096 0.04702521 0.01827292
v -0.07083772 0.04402464 0.01880476
v -0.07083772 0.04379063 0.01956365
v -0.06762797 0.04903168 0.01336436
v -0.06794229 0.04978017 0.00721763
v -0.06900179 0.04901177 0.00721763
v -0.06909859 0.04902338 0.00600258
v -0.06020518 0.05437065 0.00600258
v -0.06020518 0.04827656 0.02438391
v -0.06323799 0.04749986 0.02417159
v -0.06654349 0.04431009 0.02747830
v -0.06430270 0.04570582 0.02672572
v -0.06340139 0.04566267 0.02747830
v -0.06199010 0.04847239 0.02307426
v -0.06269574 0.04871802 0.02205051
v -0.06020518 0.04871802 0.02354725
v -0.06020518 0.04909807 0.02265593
v -0.06155402 0.04883585 0.02257185
v -0.06783197 0.04351846 0.02747830
v -0.06756657 0.04371097 0.02747830
v -0.06426731 0.04727250 0.02369230
v -0.06684427 0.04697874 0.02161956
v -0.06372091 0.04850725 0.02153338
v -0.06412577 0.04870308 0.02050752
v -0.06616464 0.04817864 0.01939547
v -0.06662987 0.04842261 0.01797441
v -0.06693690 0.04854376 0.01699480
v -0.06714609 0.04870474 0.01597105
v -0.06563489 0.05022826 0.01283672
v -0.06582535 0.05033282 0.01182768
v -0.06659344 0.04990464 0.01182768
v -0.06708781 0.05018345 0.00812156
v -0.06717420 0.05023988 0.00721763
v -0.06723976 0.05029962 0.00600258
v -0.06800890 0.04979178 0.00600258
v -0.06604704 0.05046392 0.01029100
v -0.06480123 0.05047222 0.01335595
v -0.06426211 0.05028967 0.01490315
v -0.06400504 0.05017515 0.01571879
v -0.06320677 0.04888564 0.02103096
v -0.06166850 0.04931547 0.02104777
v -0.06020518 0.05026975 0.01912640
v -0.06320677 0.04826660 0.02257185
v -0.06020518 0.04912628 0.02258446
v -0.06467946 0.04883253 0.01939547
v -0.06557557 0.04864997 0.01880687
v -0.06586074 0.04878108 0.01797441
v -0.06636656 0.04896198 0.01646506
v 0.06156231 0.04616490 -0.02720203
v 0.06156231 0.04616490 -0.03036134
v 0.04846097 0.04616490 -0.03321239
v 0.06156231 0.03181614 -0.02974613
v 0.06108397 0.04616490 -0.03074113
v 0.06156231 0.04584186 -0.03076065
v 0.04846097 0.04616490 -0.03374436
v 0.04846097 0.03181614 -0.03833049
v 0.05569390 0.03181614 -0.03339969
v 0.06156231 0.03181614 -0.03222909
v 0.06057356 0.04616490 -0.03108321
v 0.06128531 0.04593175 -0.03085689
v 0.06156231 0.04487975 -0.03154754
v 0.06140329 0.04489520 -0.03166070
v 0.06041454 0.04548370 -0.03191303
v 0.04891496 0.04616490 -0.03557439
v 0.04846097 0.04616350 -0.03566544
v 0.04846097 0.03181614 -0.03998103
v 0.06125197 0.03181614 -0.03249312
v 0.06156231 0.03227964 -0.03239167
v 0.06001442 0.04616490 -0.03145650
v 0.06156231 0.04462131 -0.03172964
v 0.06096983 0.04445839 -0.03227462
v 0.05737132 0.04550617 -0.03346732
v 0.05938987 0.04579270 -0.03220308
v 0.05849089 0.04616490 -0.03237347
v 0.05910261 0.04616490 -0.03202749
v 0.05974639 0.04479547 -0.03275066
v 0.05821132 0.04520279 -0.03326572
v 0.04899062 0.04616490 -0.03556139
v 0.04899062 0.04611153 -0.03561472
v 0.04846097 0.04534886 -0.03644063
v 0.04846097 0.03248892 -0.04015533
v 0.04987294 0.03181614 -0.03983406
v 0.05442301 0.03181614 -0.03817702
v 0.06156231 0.03251982 -0.03246321
v 0.06156231 0.04412130 -0.03206781
v 0.05907824 0.04410725 -0.03356357
v 0.05634666 0.04579691 -0.03370144
v 0.05665829 0.04616490 -0.03327612
v 0.05689298 0.04616490 -0.03317077
v 0.05814591 0.04616490 -0.03255036
v 0.05821132 0.04443451 -0.03376127
v 0.05293539 0.03796240 -0.03970920
v 0.05397672 0.04534465 -0.03492276
v 0.05052826 0.04616490 -0.03522712
v 0.05052826 0.04594860 -0.03542482
v 0.04899062 0.04526178 -0.03638341
v 0.05206461 0.03815763 -0.03986138
v 0.04846097 0.04492750 -0.03668256
v 0.05052826 0.03402548 -0.04018004
v 0.04899062 0.03248892 -0.04009940
v 0.04846097 0.03402548 -0.04030360
v 0.05052826 0.03556345 -0.04033742
v 0.05036539 0.03181614 -0.03977813
v 0.05423705 0.03181614 -0.03829538
v 0.05292513 0.03447915 -0.03971180
v 0.05350350 0.03399037 -0.03923576
v 0.05450893 0.03248892 -0.03826546
v 0.06156231 0.03540474 -0.03318118
v 0.06156231 0.03394402 -0.03282610
v 0.06156231 0.03353670 -0.03272334
v 0.06156231 0.04346678 -0.03232014
v 0.05513732 0.04609467 -0.03394206
v 0.05513732 0.04616490 -0.03388744
v 0.05592987 0.04616490 -0.03357398
v 0.05381385 0.03710001 -0.03931380
v 0.05304439 0.03710001 -0.03977293
v 0.05206461 0.03710001 -0.04012541
v 0.06156231 0.04322239 -0.03239167
v 0.05295206 0.04559325 -0.03508405
v 0.05206461 0.04616490 -0.03484342
v 0.05206461 0.04573511 -0.03521281
v 0.05064881 0.04476458 -0.03624944
v 0.05021791 0.04424068 -0.03670077
v 0.05052826 0.03710001 -0.04036213
v 0.05052826 0.03830792 -0.03998624
v 0.04846097 0.03837814 -0.04009549
v 0.05215567 0.03399037 -0.03987699
v 0.05170425 0.03277544 -0.03977683
v 0.05065266 0.03235268 -0.03987699
v 0.05206461 0.03556345 -0.04010590
v 0.04846097 0.03609296 -0.04043497
v 0.04846097 0.03710001 -0.04048699
v 0.05118230 0.03181614 -0.03965587
v 0.05359199 0.03181614 -0.03863615
v 0.05360225 0.03248892 -0.03884036
v 0.05303798 0.03556345 -0.03977423
v 0.05380616 0.03556345 -0.03928128
v 0.05272891 0.03345524 -0.03958303
v 0.05466667 0.03402548 -0.03841894
v 0.06156231 0.03556345 -0.03321629
v 0.05346759 0.04616490 -0.03445062
v 0.06156231 0.03863658 -0.03326832
v 0.06156231 0.03710001 -0.03341009
v 0.05215567 0.03235268 -0.03948678
v 0.05134773 0.03181614 -0.03961295
v 0.05274558 0.03181614 -0.03903805
v 0.06156231 0.03565474 -0.03322800
v 0.05212104 0.03181614 -0.03930860
v 0.04057810 0.02326785 0.04711110
v 0.03396424 0.02400497 0.04020613
v 0.03396424 0.02326785 0.04024211
v 0.03396424 0.02187883 0.04011552
v 0.03396424 0.02166366 0.04008754
v 0.04057810 0.02173183 0.04689923
v 0.04057810 0.02480388 0.04693921
v 0.03396424 0.02464197 0.04013018
v 0.03396424 0.02058141 0.03982504
v 0.03396424 0.02019367 0.03972377
v 0.04057810 0.02102879 0.04668604
v 0.03396424 0.02634203 0.03973176
v 0.04057810 0.03214739 0.04507372
v 0.04044407 0.03208348 0.04497245
v 0.03396424 0.01919451 0.03940530
v 0.03396424 0.01867043 0.03923341
v 0.04057810 0.02073693 0.04657944
v 0.03396424 0.02669142 0.03962117
v 0.04057810 0.03305495 0.04483121
v 0.04057810 0.03310181 0.04481655
v 0.03396424 0.01789709 0.03891362
v 0.04057810 0.02026824 0.04626897
v 0.03396424 0.01746036 0.03872174
v 0.03396424 0.01710032 0.03853652
v 0.03396424 0.01688302 0.03842459
v 0.03396424 0.03864727 0.03532655
v 0.04057810 0.03402428 0.04428755
v 0.04033271 0.03506818 0.04352670
v 0.04057810 0.01991672 0.04603311
v 0.03396424 0.01688302 0.03654844
v 0.04057810 0.01688302 0.04352270
v 0.04057810 0.01705984 0.04368926
v 0.04057810 0.01864274 0.04504840
v 0.04057810 0.01897082 0.04530824
v 0.04057810 0.01955029 0.04576395
v 0.03911159 0.03612912 0.04169319
v 0.04013653 0.03665107 0.04213025
v 0.03904619 0.03783984 0.04023545
v 0.03705459 0.03864727 0.03789826
v 0.03396424 0.03864727 0.03349970
v 0.04057810 0.03515766 0.04362930
v 0.04057810 0.03553048 0.04335881
v 0.03396424 0.03863661 0.03350104
v 0.03440257 0.03476779 0.03410599
v 0.03505781 0.01688302 0.03693620
v 0.04057810 0.01688302 0.04032872
v 0.04057810 0.03596508 0.04300036
v 0.04057810 0.03671925 0.04230480
v 0.04007113 0.03802306 0.04051927
v 0.03823168 0.03864727 0.03880435
v 0.03512514 0.03864727 0.03384748
v 0.04057810 0.03864727 0.03581157
v 0.03518471 0.01688302 0.03698283
v 0.04053342 0.01688302 0.04027942
v 0.04057810 0.03749258 0.04136540
v 0.04057810 0.03807419 0.04062986
v 0.03966970 0.03864727 0.03939997
v 0.04057810 0.03864727 0.03952390
v 0.03968718 0.01688302 0.03959985
v 0.03964575 0.01688302 0.03956787
v 0.03874124 0.01688302 0.03890162
v 0.03816888 0.01688302 0.03853252
v 0.03809053 0.01688302 0.03848722
v 0.03673668 0.01688302 0.03774235
v 0.03665316 0.01688302 0.03769838
v 0.03578361 0.01688302 0.03725999
v -0.06973318 0.03014652 -0.01210598
v -0.06786178 0.03014652 -0.01210598
v -0.06970179 0.03004687 -0.01210598
v -0.07020789 0.03014652 -0.01073047
v -0.07010785 0.03014652 -0.00426059
v -0.05634305 0.01229000 -0.00507775
v -0.05593700 0.01229000 -0.00661456
v -0.05776132 0.01645081 -0.01210598
v -0.06947032 0.02944023 -0.01210598
v -0.07480989 0.02775843 0.00600258
v -0.07474123 0.02862031 0.00487877
v -0.07473927 0.03014652 0.00337564
v -0.07370941 0.03014652 0.00600258
v -0.05685112 0.01229000 -0.00333354
v -0.05676285 0.01229000 -0.00362778
v -0.05564471 0.01229000 -0.00797412
v -0.05546621 0.01229000 -0.00907312
v -0.05757496 0.01615012 -0.01210598
v -0.06887006 0.02803465 -0.01210598
v -0.07193609 0.02479341 0.00110498
v -0.07436460 0.02666228 0.00600258
v -0.07488835 0.02799793 0.00600258
v -0.07518064 0.02941401 0.00567820
v -0.07529834 0.03014652 0.00567820
v -0.07534149 0.03014652 0.00600258
v -0.06076654 0.01229000 0.00600258
v -0.06055076 0.01229000 0.00568175
v -0.06009959 0.01229000 0.00472988
v -0.05917565 0.01229000 0.00262584
v -0.05849693 0.01229000 0.00094190
v -0.05795356 0.01229000 -0.00044957
v -0.05734741 0.01229000 -0.00200588
v -0.05532889 0.01229000 -0.01084746
v -0.05607431 0.01364664 -0.01210598
v -0.06766758 0.02576718 -0.01210598
v -0.06871705 0.02685633 -0.01084214
v -0.07026674 0.02222874 -0.00005783
v -0.07172227 0.02390181 0.00164384
v -0.07426063 0.02642627 0.00600258
v -0.07525518 0.02941401 0.00600258
v -0.06429748 0.01229000 0.00600258
v -0.05530143 0.01229000 -0.01210598
v -0.05580361 0.01319209 -0.01210598
v -0.06729290 0.02506614 -0.01210598
v -0.07059433 0.01865185 0.00600258
v -0.07073949 0.01893156 0.00600258
v -0.07155161 0.02054869 0.00600258
v -0.07183801 0.02114134 0.00600258
v -0.06480359 0.01260818 0.00600258
v -0.05724737 0.01229000 -0.01210598
v -0.06702612 0.02461684 -0.01210598
v -0.06998819 0.01811164 0.00522620
v -0.07031775 0.01817807 0.00600258
v -0.06541758 0.01302776 0.00600258
v -0.06553332 0.02243678 -0.01210598
v -0.06584522 0.01336517 0.00600258
v -0.06643371 0.01388789 0.00600258
v -0.06718305 0.01456271 0.00600258
v -0.06730467 0.01467985 0.00600258
v -0.06800105 0.01539837 0.00600258
v -0.06862289 0.01605571 0.00600258
v -0.06888575 0.01634417 0.00600258
v -0.06948012 0.01701375 0.00600258
v -0.06685349 0.02432663 -0.01210598
v -0.06985088 0.01750150 0.00600258
v -0.06650040 0.02380216 -0.01210598
v -0.06613946 0.02327769 -0.01210598
v -0.06555489 0.02246476 -0.01210598
v 0.07063256 0.03844085 0.03186657
v 0.06838269 0.03844085 0.03186657
v 0.07114117 0.03767338 0.03186657
v 0.07074513 0.03844085 0.03162460
v 0.07261436 0.03844085 0.01986754
v 0.07457024 0.02436456 0.01986754
v 0.07451760 0.02436456 0.03186657
v 0.07131611 0.03792829 0.03112654
v 0.07161658 0.03695138 0.03186657
v 0.07131044 0.03844085 0.03027022
v 0.07440259 0.03844085 0.01986754
v 0.07624104 0.02436456 0.01986754
v 0.07612117 0.02436456 0.03186657
v 0.07306223 0.03844085 0.02576192
v 0.07147566 0.03819697 0.03027022
v 0.07290349 0.03494658 0.03186657
v 0.07426248 0.03844085 0.02102222
v 0.07445118 0.03814323 0.02077789
v 0.07449411 0.03826724 0.01986754
v 0.07653908 0.02598631 0.01986754
v 0.07642894 0.02436456 0.02104924
v 0.07629612 0.02436456 0.03070954
v 0.07630016 0.02480410 0.03027022
v 0.07604909 0.02486748 0.03186540
v 0.07604829 0.02487024 0.03186657
v 0.07310434 0.03844085 0.02561744
v 0.07297152 0.03504303 0.03150713
v 0.07322663 0.03430174 0.03186657
v 0.07418473 0.03844085 0.02135464
v 0.07433456 0.03785801 0.02180336
v 0.07591384 0.03336341 0.02190790
v 0.07594867 0.03349706 0.02104924
v 0.07485451 0.03713050 0.01986754
v 0.07656986 0.02634180 0.01986754
v 0.07663869 0.02634180 0.02104924
v 0.07650506 0.02480410 0.02104924
v 0.07646700 0.02436456 0.02148855
v 0.07634066 0.02436456 0.03027022
v 0.07603775 0.02635558 0.03025965
v 0.07644918 0.02480410 0.02873261
v 0.07639978 0.03095214 0.02104924
v 0.07594948 0.02585128 0.03139084
v 0.07586687 0.02565149 0.03186657
v 0.07353034 0.03844085 0.02411272
v 0.07329305 0.03415706 0.03186657
v 0.07439449 0.03187531 0.03123813
v 0.07455647 0.03090116 0.03186657
v 0.07497194 0.02941996 0.03186657
v 0.07498895 0.02935520 0.03186657
v 0.07593328 0.02729391 0.02974046
v 0.07614628 0.03248847 0.02104924
v 0.07594300 0.03347364 0.01986754
v 0.07497275 0.03674332 0.01986754
v 0.07615681 0.03248847 0.01986754
v 0.07664031 0.02752263 0.01986754
v 0.07650587 0.02436456 0.02763549
v 0.07650506 0.02436456 0.02719617
v 0.07664436 0.02787812 0.01986754
v 0.07665570 0.02787812 0.02104924
v 0.07644676 0.02436456 0.02917193
v 0.07647753 0.02436456 0.02873261
v 0.07658443 0.02941582 0.02104924
v 0.07647995 0.03059665 0.01986754
v 0.07643704 0.03095214 0.01986754
v 0.07358380 0.03343919 0.03186657
v 0.07398955 0.03243197 0.03186657
v 0.07428111 0.03165348 0.03186657
v 0.07454270 0.03094525 0.03186657
v 0.07662492 0.02905895 0.01986754
v 0.07660873 0.02941582 0.01986754
v -0.04162372 0.00818627 -0.03748635
v -0.04160051 0.00818627 -0.03747832
v -0.03770316 0.00092882 -0.03049751
v -0.03861261 0.00084823 -0.03061568
v -0.04015087 0.00077584 -0.03073040
v -0.04167225 0.00150643 -0.03151739
v -0.04167225 0.00818627 -0.03748062
v -0.04015087 0.00818627 -0.03697240
v -0.03714609 0.00081688 -0.02963710
v -0.03861261 0.00063106 -0.02967037
v -0.03477856 0.00252509 -0.03043441
v -0.03287947 0.00228330 -0.02915871
v -0.03252076 0.00172061 -0.02808147
v -0.03400204 0.00123628 -0.02838204
v -0.03318544 0.00096838 -0.02739429
v -0.04015087 0.00056241 -0.02967037
v -0.04167225 0.00077658 -0.03075793
v -0.04167225 0.00818627 -0.03472156
v -0.02749661 0.00818627 -0.03002142
v -0.03707646 0.00071464 -0.02813310
v -0.02011760 0.00818627 -0.02576754
v -0.02833221 0.00226837 -0.02576754
v -0.02882386 0.00200270 -0.02576754
v -0.03004561 0.00157658 -0.02576754
v -0.03168305 0.00124748 -0.02576754
v -0.03318544 0.00096838 -0.02714534
v -0.04015087 0.00064823 -0.02813310
v -0.04167225 0.00061614 -0.02965431
v -0.04167225 0.00061539 -0.02967037
v -0.04167225 0.00077435 -0.03074646
v -0.03861261 0.00065345 -0.02813310
v -0.04167225 0.00258106 -0.02576754
v -0.03830875 0.00818627 -0.03178469
v -0.03400204 0.00092882 -0.02687346
v -0.02517339 0.00818627 -0.02576754
v -0.03707857 0.00098628 -0.02576754
v -0.03646031 0.00100121 -0.02584555
v -0.03554031 0.00089076 -0.02666581
v -0.04015087 0.00087360 -0.02576754
v -0.04167225 0.00087434 -0.02576754
v -0.03814839 0.00818627 -0.03170668
v -0.03869701 0.00091464 -0.02576754
v 0.03545465 0.03181614 -0.03619637
v 0.04041605 0.03181614 -0.03974121
v 0.03545465 0.03181614 -0.03457463
v 0.03545465 0.03303528 -0.03664343
v 0.04132379 0.03181614 -0.04002267
v 0.03545465 0.03383868 -0.03684615
v 0.03545465 0.03402548 -0.03689140
v 0.03545465 0.03556345 -0.03725340
v 0.03545465 0.03710001 -0.03746517
v 0.04035366 0.03248892 -0.03979190
v 0.04130597 0.03402548 -0.04034394
v 0.04130597 0.03248892 -0.04016204
v 0.03602374 0.03181614 -0.03457644
v 0.03545465 0.04616490 -0.03197188
v 0.04284264 0.03181614 -0.04031860
v 0.04284264 0.03248892 -0.04047245
v 0.04013342 0.03556345 -0.03997108
v 0.04024036 0.03402548 -0.03988149
v 0.03545465 0.03863658 -0.03750680
v 0.04009777 0.03710001 -0.04001181
v 0.04130597 0.03556345 -0.04047335
v 0.04349703 0.03767868 -0.04121725
v 0.03669595 0.03181614 -0.03458549
v 0.04846097 0.04616490 -0.03321262
v 0.03545465 0.04616490 -0.03491310
v 0.04351485 0.03181614 -0.04033851
v 0.04437931 0.03248892 -0.04050503
v 0.04130597 0.03710001 -0.04058014
v 0.03545465 0.04017174 -0.03741268
v 0.03545465 0.04170971 -0.03726064
v 0.04349703 0.03789779 -0.04121725
v 0.04369564 0.03767868 -0.04121725
v 0.03752986 0.03181614 -0.03467237
v 0.04846097 0.04616490 -0.03374385
v 0.03819443 0.03181614 -0.03475563
v 0.03897486 0.03181614 -0.03493029
v 0.03911109 0.03181614 -0.03497554
v 0.04846097 0.03181614 -0.03833034
v 0.03611413 0.04616490 -0.03506332
v 0.03545465 0.04581096 -0.03533754
v 0.04437931 0.03181614 -0.04035661
v 0.04591598 0.03248892 -0.04041000
v 0.03545465 0.04332352 -0.03692489
v 0.04369564 0.03789779 -0.04121725
v 0.03545465 0.04391904 -0.03671131
v 0.03558578 0.04413394 -0.03665610
v 0.03669595 0.04431934 -0.03676471
v 0.03823263 0.04451035 -0.03687873
v 0.04052426 0.04555393 -0.03658914
v 0.04130597 0.04560308 -0.03663077
v 0.04284264 0.04563398 -0.03665701
v 0.04846097 0.03710001 -0.04048783
v 0.04846097 0.03609296 -0.04043444
v 0.04846097 0.03402548 -0.04030412
v 0.04846097 0.03248892 -0.04015570
v 0.04745265 0.03248892 -0.04026340
v 0.04845206 0.04616490 -0.03566695
v 0.04846097 0.04616350 -0.03566605
v 0.04846097 0.03181614 -0.03998104
v 0.03669595 0.04616490 -0.03519364
v 0.03669595 0.04592753 -0.03547962
v 0.03669595 0.04508762 -0.03624795
v 0.03545465 0.04564943 -0.03548505
v 0.04596945 0.03181614 -0.04023443
v 0.04846097 0.03837814 -0.04009597
v 0.04437931 0.04563258 -0.03665520
v 0.04591598 0.04561151 -0.03663891
v 0.04679317 0.04556938 -0.03660090
v 0.04781804 0.04545280 -0.03651131
v 0.04846097 0.04492750 -0.03668235
v 0.03545465 0.04428844 -0.03651312
v 0.04022890 0.04616490 -0.03585519
v 0.04127414 0.04616490 -0.03603981
v 0.04284264 0.04616490 -0.03613031
v 0.04846097 0.03204789 -0.04004167
v 0.04745265 0.03181614 -0.04008692
v 0.04717893 0.04616490 -0.03591764
v 0.04846097 0.04534886 -0.03644162
v 0.03545465 0.04478564 -0.03615655
v 0.04331752 0.04616490 -0.03612850
v 0.04437931 0.04616490 -0.03612216
v 0.04484018 0.04616490 -0.03611130
v 0.04591598 0.04616490 -0.03606515
v 0.04615024 0.04616490 -0.03604343
v -0.06786220 0.03014652 -0.01210598
v -0.06655483 0.03014652 -0.01584124
v -0.06973352 0.03014652 -0.01210598
v -0.05776077 0.01645081 -0.01210598
v -0.06605024 0.03014652 -0.01732586
v -0.06970101 0.03004687 -0.01210598
v -0.06933353 0.03014652 -0.01351638
v -0.06888973 0.02936855 -0.01428080
v -0.05757420 0.01615012 -0.01210598
v -0.05767738 0.01658193 -0.01276459
v -0.05786253 0.01785815 -0.01522528
v -0.05798126 0.01767108 -0.01430133
v -0.06278110 0.03014652 -0.02824103
v -0.06961055 0.02980736 -0.01210598
v -0.06398388 0.02400495 -0.02585615
v -0.06005893 0.01229000 -0.02527178
v -0.06888549 0.03014652 -0.01504523
v -0.06561210 0.02825318 -0.02467319
v -0.05607319 0.01364664 -0.01210598
v -0.05580324 0.01319209 -0.01210598
v -0.05530149 0.01229000 -0.01210598
v -0.06457892 0.03014652 -0.02824103
v -0.05529583 0.01229000 -0.01237448
v -0.05530007 0.01229000 -0.01276459
v -0.05531279 0.01229000 -0.01391280
v -0.05532693 0.01229000 -0.01430133
v -0.05537357 0.01229000 -0.01546376
v -0.05539336 0.01229000 -0.01583808
v -0.05607178 0.01229000 -0.02824103
v -0.06947063 0.02944023 -0.01210598
v -0.06412381 0.02480215 -0.02621941
v -0.05968297 0.01229000 -0.02659846
v -0.06009143 0.01229000 -0.02505856
v -0.06887135 0.02803465 -0.01210598
v -0.06705092 0.03014652 -0.02125381
v -0.06574072 0.02937904 -0.02513437
v -0.06541281 0.02884408 -0.02569821
v -0.06436833 0.02620074 -0.02673745
v -0.05724771 0.01229000 -0.01210598
v -0.06558524 0.03014652 -0.02599988
v -0.06447574 0.02941401 -0.02824103
v -0.05853813 0.01229000 -0.02824103
v -0.06394997 0.02559410 -0.02734551
v -0.05953739 0.01229000 -0.02690960
v -0.05995292 0.01229000 -0.02376978
v -0.06649970 0.02380216 -0.01210598
v -0.06685305 0.02432663 -0.01210598
v -0.06702689 0.02461684 -0.01210598
v -0.06729402 0.02506614 -0.01210598
v -0.06766857 0.02576718 -0.01210598
v -0.06589336 0.03014652 -0.02509804
v -0.06556405 0.02986855 -0.02595249
v -0.06412381 0.02661857 -0.02767561
v -0.05991335 0.01229000 -0.02352181
v -0.06553295 0.02243678 -0.01210598
v -0.06568984 0.03014652 -0.02572190
v -0.06421144 0.02802066 -0.02824103
v -0.05879819 0.01229000 -0.02793937
v -0.05855509 0.01233021 -0.02824103
v -0.06319381 0.02468152 -0.02824103
v -0.06273728 0.02332314 -0.02824103
v -0.06275848 0.02327769 -0.02816522
v -0.05932821 0.01229000 -0.02731077
v -0.06555556 0.02246476 -0.01210598
v -0.06613929 0.02327769 -0.01210598
v -0.06423406 0.02796647 -0.02816522
v -0.06417752 0.02790353 -0.02824103
v -0.06373089 0.02638431 -0.02824103
v -0.06364467 0.02610634 -0.02824103
v -0.06269629 0.02320776 -0.02824103
v 0.02537742 0.01688302 0.03402145
v 0.03064248 0.01688302 0.03547498
v 0.02537742 0.01688302 0.03589649
v 0.02537742 0.03864727 0.03757384
v 0.03006251 0.03864727 0.03430291
v 0.03082487 0.03864727 0.03387537
v 0.03208398 0.03864727 0.03347060
v 0.03362046 0.03864727 0.03339555
v 0.03078873 0.01688302 0.03552055
v 0.03396423 0.03863661 0.03350009
v 0.02583803 0.01688302 0.03603588
v 0.02537742 0.01710458 0.03600170
v 0.02537742 0.03864727 0.03917077
v 0.03396423 0.03864727 0.03349875
v 0.03363475 0.01688302 0.03643729
v 0.03396423 0.01688302 0.03654786
v 0.03385665 0.01688302 0.03651034
v 0.03396423 0.01688302 0.03842357
v 0.03396423 0.01746036 0.03872111
v 0.03396423 0.01789709 0.03891277
v 0.03396423 0.01867043 0.03923243
v 0.02537742 0.02052389 0.03728568
v 0.02593806 0.03864727 0.03907494
v 0.02537742 0.03863448 0.03917211
v 0.03396423 0.02400497 0.04020479
v 0.03396423 0.02464197 0.04012907
v 0.03396423 0.03864727 0.03532688
v 0.03396423 0.01919451 0.03940465
v 0.03396423 0.02019367 0.03972297
v 0.02537742 0.02169774 0.03765962
v 0.02689794 0.03864727 0.03880555
v 0.03396423 0.02634203 0.03973034
v 0.02537742 0.03402428 0.03950517
v 0.03396423 0.02326785 0.04024165
v 0.03396423 0.02669142 0.03961976
v 0.03396423 0.02058141 0.03982482
v 0.02537742 0.02530878 0.03879349
v 0.02537742 0.02634203 0.03894092
v 0.03396423 0.02187883 0.04011432
v 0.03396423 0.02166366 0.04008685
v 0.07440270 0.03844085 0.01986754
v 0.07444770 0.03844085 0.01951150
v 0.07261518 0.03844085 0.01986754
v 0.07449418 0.03826724 0.01986754
v 0.07446983 0.03844085 0.01182784
v 0.07451040 0.03831547 0.01951150
v 0.07240197 0.03844085 0.01643688
v 0.06910874 0.02436456 0.00813417
v 0.06923858 0.02436456 0.00866364
v 0.06958236 0.02436456 0.00990290
v 0.06960007 0.02436456 0.00996377
v 0.06961703 0.02436456 0.01002005
v 0.06986639 0.02436456 0.01075626
v 0.07010320 0.02436456 0.01137991
v 0.07030755 0.02436456 0.01190594
v 0.07091028 0.02436456 0.01314520
v 0.07457016 0.02436456 0.01986754
v 0.07485419 0.03713050 0.01986754
v 0.07490288 0.03709881 0.01951150
v 0.07450819 0.03836231 0.01182784
v 0.07446614 0.03844085 0.01029111
v 0.07265722 0.03844085 0.00813417
v 0.07101503 0.02436456 0.00813417
v 0.07624112 0.02436456 0.01986754
v 0.07497296 0.03674332 0.01986754
v 0.07488148 0.03709881 0.01336457
v 0.07594308 0.03347364 0.01986754
v 0.07448901 0.03838987 0.01029111
v 0.07446319 0.03832098 0.00875437
v 0.07440934 0.03844085 0.00875437
v 0.07437614 0.03844085 0.00813417
v 0.07410023 0.02973549 0.00813417
v 0.07457975 0.02436456 0.01517810
v 0.07621678 0.02436456 0.01971478
v 0.07654876 0.02634180 0.01951150
v 0.07653843 0.02598631 0.01986754
v 0.07594087 0.03346675 0.01951150
v 0.07615702 0.03248847 0.01986754
v 0.07615998 0.03248847 0.01951150
v 0.07445286 0.03827137 0.00813417
v 0.07438352 0.03844085 0.00826280
v 0.07434220 0.03016814 0.00813417
v 0.07467787 0.02436456 0.01540436
v 0.07616883 0.02436456 0.01946785
v 0.07621087 0.02465529 0.01936219
v 0.07629424 0.02634180 0.01797476
v 0.07629571 0.02787812 0.01643688
v 0.07650818 0.02787812 0.01797476
v 0.07664097 0.02787812 0.01951150
v 0.07656942 0.02634180 0.01986754
v 0.07643736 0.03095214 0.01986754
v 0.07644842 0.03095214 0.01951150
v 0.07468746 0.03709881 0.00813417
v 0.07460188 0.03754110 0.00813417
v 0.07468525 0.03094801 0.00813417
v 0.07595414 0.02695082 0.01550657
v 0.07536765 0.02436456 0.01706972
v 0.07605301 0.02436456 0.01907161
v 0.07507772 0.03248847 0.00813417
v 0.07512420 0.03310713 0.00813417
v 0.07511977 0.03402479 0.00813417
v 0.07647941 0.02941582 0.01797476
v 0.07661589 0.02941582 0.01951150
v 0.07664466 0.02787812 0.01986754
v 0.07664024 0.02752263 0.01986754
v 0.07662548 0.02905895 0.01986754
v 0.07648015 0.03059665 0.01986754
v 0.07493829 0.03556111 0.00813417
v 0.07482394 0.03139306 0.00813417
v 0.07575201 0.02436456 0.01808502
v 0.07573209 0.02436456 0.01802760
v 0.07660852 0.02941582 0.01986754
v -0.04453536 0.00796136 0.04112039
v -0.03524507 0.00796136 0.03591907
v -0.04453536 0.00796136 0.04294782
v -0.04453536 0.00921091 0.04119211
v -0.04096484 0.02581496 0.03867889
v -0.04073472 0.02581496 0.03845587
v -0.04012540 0.02581496 0.03786539
v -0.03940175 0.02581496 0.03717273
v -0.03840455 0.02581496 0.03642997
v -0.03769247 0.02581496 0.03591907
v -0.03156455 0.00796136 0.03591907
v -0.04196638 0.00796136 0.04198498
v -0.04453536 0.01720797 0.04548462
v -0.04453536 0.02581496 0.04238878
v -0.04424590 0.02581496 0.04205375
v -0.04399841 0.02581496 0.04178946
v -0.03356619 0.02581496 0.03591907
v -0.03613227 0.00796136 0.03882135
v -0.03124180 0.00824972 0.03591907
v -0.03892124 0.00796136 0.04052008
v -0.04453536 0.01743167 0.04554160
v -0.04453536 0.02581496 0.04483224
v -0.02975541 0.01250865 0.03591907
v -0.04381894 0.02285450 0.04499337
v -0.03313489 0.00854507 0.03724642
v -0.03058617 0.00912003 0.03591907
v -0.03025184 0.00961460 0.03591907
v -0.04453536 0.01865500 0.04583733
v -0.04453536 0.02314111 0.04548167
v -0.02974962 0.01241078 0.03591907
v -0.04365539 0.02172904 0.04512306
v -0.04453536 0.02172904 0.04580295
v -0.04453536 0.02019289 0.04595523
v -0.04453536 0.02188458 0.04576758
v -0.02977857 0.01097250 0.03591907
v -0.04453536 0.01877733 0.04584912
v -0.04048668 0.02581496 0.03821563
v -0.04948615 0.04247558 0.03317450
v -0.04128920 0.04247558 0.03086927
v -0.04048668 0.04247558 0.03067984
v -0.04048668 0.02581496 0.04066204
v -0.04948615 0.02581496 0.04686294
v -0.04948615 0.04247558 0.03572812
v -0.04048668 0.04247558 0.03340323
v -0.04124515 0.03248997 0.03990614
v -0.04256301 0.03095209 0.04169314
v -0.04075976 0.02581496 0.04095511
v -0.04048668 0.03248997 0.03906446
v -0.04948615 0.02581496 0.04893586
v -0.04910207 0.04247558 0.03580675
v -0.04948615 0.04050553 0.03817632
v -0.04561011 0.04247558 0.03553155
v -0.04222209 0.04103719 0.03576923
v -0.04219830 0.03956291 0.03734179
v -0.04119758 0.04078604 0.03551011
v -0.04048668 0.04130301 0.03454156
v -0.04201331 0.03248997 0.04073173
v -0.04048668 0.03267263 0.03901800
v -0.04048668 0.03468182 0.03846045
v -0.04205383 0.02581496 0.04230965
v -0.04152528 0.02581496 0.04176462
v -0.04277707 0.03248997 0.04150014
v -0.04586910 0.02634172 0.04608202
v -0.04510094 0.02634172 0.04531361
v -0.04346947 0.02581496 0.04376428
v -0.04875851 0.02581496 0.04850698
v -0.04837179 0.02634172 0.04811384
v -0.04857000 0.02716203 0.04796730
v -0.04948615 0.02622756 0.04880362
v -0.04815949 0.04247558 0.03588538
v -0.04948615 0.04044845 0.03824423
v -0.04783531 0.04247558 0.03591040
v -0.04571141 0.04247558 0.03556730
v -0.04567706 0.04243481 0.03560482
v -0.04322546 0.03975209 0.03754551
v -0.04349942 0.03815387 0.03896617
v -0.04247491 0.03785053 0.03870885
v -0.04117380 0.03916009 0.03700941
v -0.04055628 0.03976187 0.03598367
v -0.04048668 0.03983200 0.03586572
v -0.04048668 0.03521999 0.03829426
v -0.04048668 0.03700087 0.03767596
v -0.04227671 0.03402622 0.04044760
v -0.04378308 0.03358263 0.04195940
v -0.04354611 0.03248997 0.04217384
v -0.04685132 0.02759094 0.04659310
v -0.04663726 0.02634172 0.04678788
v -0.04607964 0.02581496 0.04637687
v -0.04581624 0.02581496 0.04613027
v -0.04504632 0.02581496 0.04536186
v -0.04828193 0.02581496 0.04818711
v -0.04777629 0.02581496 0.04782077
v -0.04760275 0.02634172 0.04755630
v -0.04815861 0.02941584 0.04668424
v -0.04850481 0.03027203 0.04645907
v -0.04909679 0.02818619 0.04774929
v -0.04708477 0.02861510 0.04638402
v -0.04739044 0.02941584 0.04621247
v -0.04948615 0.02773771 0.04812635
v -0.04948615 0.03973578 0.03908590
v -0.04684868 0.04247558 0.03584964
v -0.04948615 0.03968522 0.03914309
v -0.04937251 0.03973415 0.03908233
v -0.04665399 0.04247558 0.03581569
v -0.04682137 0.04104860 0.03729175
v -0.04823172 0.03646106 0.04191473
v -0.04629810 0.03609086 0.04160558
v -0.04629810 0.03532273 0.04221137
v -0.04519872 0.03504060 0.04197191
v -0.04071836 0.03813593 0.03735251
v -0.04554668 0.03324016 0.04331752
v -0.04417509 0.03460517 0.04168778
v -0.04048668 0.03884371 0.03663771
v -0.04048668 0.03958900 0.03605693
v -0.04048668 0.03710524 0.03763128
v -0.04048668 0.03729605 0.03754729
v -0.04687863 0.02581496 0.04710418
v -0.04658528 0.02581496 0.04684149
v -0.04937251 0.03053297 0.04663241
v -0.04948615 0.02952511 0.04723999
v -0.04948615 0.02929842 0.04736687
v -0.04948615 0.02927396 0.04737938
v -0.04948615 0.02919568 0.04741870
v -0.04657119 0.03359079 0.04356056
v -0.04783531 0.03202029 0.04507772
v -0.04948615 0.02778501 0.04810490
v -0.04948615 0.03891057 0.03990971
v -0.04937251 0.03895950 0.03984895
v -0.04937251 0.03738737 0.04134289
v -0.04937251 0.03661925 0.04205947
v -0.04937251 0.03573697 0.04282788
v -0.04937251 0.03496721 0.04348908
v -0.04787143 0.03554779 0.04255626
v -0.04751113 0.03461332 0.04319958
v -0.04048668 0.03834630 0.03699690
v -0.04937251 0.03130109 0.04612133
v -0.04948615 0.03056721 0.04664492
v -0.04948615 0.03046773 0.04670747
v -0.04893822 0.03311295 0.04474176
v -0.04783531 0.03278841 0.04456128
v -0.04948615 0.03739716 0.04135004
v -0.04948615 0.03734008 0.04140364
v -0.04948615 0.03662740 0.04206662
v -0.04948615 0.03656543 0.04212381
v -0.04948615 0.03569130 0.04288686
v -0.04853564 0.03481881 0.04335327
v -0.04948615 0.03497863 0.04349801
v -0.04948615 0.03491176 0.04355520
v -0.04948615 0.03384683 0.04437900
v -0.04941920 0.03255684 0.04529037
v -0.04948615 0.03128152 0.04616958
v -0.04948615 0.03265142 0.04524570
v -0.04948615 0.03249813 0.04534935
v -0.07724654 0.02581496 0.01794529
v -0.07716473 0.02787846 0.01794529
v -0.07577187 0.02581496 0.01794529
v -0.07771129 0.02581496 0.02004366
v -0.07706848 0.02938592 0.01794529
v -0.07083841 0.04123799 0.01794529
v -0.07083841 0.02581496 0.04284800
v -0.07783503 0.02581496 0.02100072
v -0.07706642 0.02941481 0.01794529
v -0.07083841 0.04425833 0.01794529
v -0.07083841 0.02581496 0.04604093
v -0.07783709 0.02581496 0.02103647
v -0.07783709 0.02582760 0.02105022
v -0.07683473 0.03095296 0.01794529
v -0.07134234 0.04356147 0.01794529
v -0.07134028 0.04355785 0.01797554
v -0.07083841 0.04402363 0.01880884
v -0.07083841 0.02627893 0.04565316
v -0.07174246 0.02581496 0.04508663
v -0.07783778 0.02581496 0.02105022
v -0.07786116 0.02581496 0.02258756
v -0.07785016 0.02591967 0.02258756
v -0.07692479 0.03095296 0.02105022
v -0.07689523 0.03095296 0.01951288
v -0.07683611 0.03095296 0.01797554
v -0.07643186 0.03266623 0.01794529
v -0.07187033 0.04279239 0.01794529
v -0.07186759 0.04278878 0.01797554
v -0.07212196 0.04155573 0.02105022
v -0.07083841 0.04378894 0.01956514
v -0.07194665 0.04132826 0.02258756
v -0.07083841 0.02636559 0.04557616
v -0.07179334 0.02581496 0.04503163
v -0.07783641 0.02581496 0.02320085
v -0.07693579 0.03095296 0.02258756
v -0.07495237 0.03717958 0.01794529
v -0.07355332 0.04009521 0.01794529
v -0.07347907 0.03989843 0.01951288
v -0.07299232 0.04066750 0.01951288
v -0.07289057 0.04041476 0.02105022
v -0.07179402 0.04112425 0.02382239
v -0.07119934 0.04166586 0.02425141
v -0.07083841 0.04197999 0.02454568
v -0.07083841 0.02714188 0.04487761
v -0.07140765 0.02680428 0.04456410
v -0.07179540 0.02730256 0.04353829
v -0.07182702 0.02581496 0.04498212
v -0.07713173 0.02941481 0.02412490
v -0.07748441 0.02581496 0.02788437
v -0.07701348 0.02941481 0.02566224
v -0.07681548 0.03095296 0.02412490
v -0.07649717 0.03223295 0.02258756
v -0.07494481 0.03685462 0.01951288
v -0.07442163 0.03831875 0.01794529
v -0.07356844 0.04006813 0.01794529
v -0.07374719 0.03970526 0.01794529
v -0.07430338 0.03857150 0.01794529
v -0.07484650 0.03660007 0.02105022
v -0.07477362 0.03641953 0.02209253
v -0.07487400 0.03507636 0.02566224
v -0.07332782 0.03964749 0.02105022
v -0.07478531 0.03489402 0.02661655
v -0.07347976 0.03678060 0.02719683
v -0.07315320 0.03629136 0.02940796
v -0.07163040 0.04091664 0.02484820
v -0.07083841 0.04160448 0.02546148
v -0.07083841 0.02782791 0.04419008
v -0.07088378 0.02786944 0.04409382
v -0.07176102 0.03032109 0.04040860
v -0.07272901 0.02581496 0.04357679
v -0.07210133 0.02631143 0.04407182
v -0.07732354 0.02581496 0.02960597
v -0.07704785 0.02787846 0.02873417
v -0.07689042 0.02941481 0.02719683
v -0.07642292 0.03204880 0.02412490
v -0.07647104 0.03073993 0.02719683
v -0.07498400 0.03532730 0.02412490
v -0.07532293 0.03402565 0.02566224
v -0.07638030 0.03046371 0.02845366
v -0.07490562 0.03358876 0.02873417
v -0.07478668 0.03336670 0.02968298
v -0.07351620 0.03528397 0.03027151
v -0.07332507 0.03497707 0.03127807
v -0.07296345 0.03605305 0.03027151
v -0.07121790 0.04014757 0.02726284
v -0.07148465 0.04070000 0.02566224
v -0.07083841 0.04152504 0.02562649
v -0.07083841 0.02789471 0.04412132
v -0.07083841 0.02795970 0.04405257
v -0.07303908 0.02581496 0.04304876
v -0.07083841 0.03084283 0.04091463
v -0.07083841 0.03159025 0.04008134
v -0.07083841 0.03219865 0.03939105
v -0.07083841 0.03229252 0.03928104
v -0.07083841 0.03346058 0.03789496
v -0.07169090 0.03176175 0.03876951
v -0.07196383 0.03088075 0.03936629
v -0.07332026 0.03038247 0.03743568
v -0.07305695 0.02992392 0.03845874
v -0.07725135 0.02581496 0.03026601
v -0.07710835 0.02581496 0.03130557
v -0.07691654 0.02634212 0.03180885
v -0.07681411 0.02787846 0.03027151
v -0.07659479 0.02955924 0.02887168
v -0.07643392 0.02913137 0.03027151
v -0.07624349 0.03016764 0.02947672
v -0.07503762 0.03252541 0.03022476
v -0.07489050 0.03203617 0.03147058
v -0.07428825 0.03393719 0.03022476
v -0.07083841 0.03773202 0.03235063
v -0.07422225 0.03083742 0.03477353
v -0.07345845 0.03211379 0.03488078
v -0.07325838 0.03181411 0.03577183
v -0.07083841 0.04067473 0.02723259
v -0.07083841 0.04104663 0.02658080
v -0.07340895 0.02592869 0.04223196
v -0.07344264 0.02581496 0.04228146
v -0.07083841 0.03435603 0.03679214
v -0.07191365 0.03207588 0.03795271
v -0.07299095 0.03140610 0.03679489
v -0.07270220 0.03091685 0.03794996
v -0.07083841 0.03706585 0.03326094
v -0.07350932 0.03091685 0.03633562
v -0.07431231 0.02937148 0.03641262
v -0.07459625 0.02843090 0.03692140
v -0.07702654 0.02581496 0.03180885
v -0.07673779 0.02581496 0.03337094
v -0.07645386 0.02581496 0.03488078
v -0.07636242 0.02581496 0.03535656
v -0.07632048 0.02879738 0.03123682
v -0.07569555 0.03095296 0.03027151
v -0.07491800 0.03056842 0.03334344
v -0.07476193 0.03024707 0.03418774
v -0.07628336 0.02581496 0.03568658
v -0.07621324 0.02581496 0.03591759
v -0.07482381 0.02882988 0.03589834
v -0.07242927 0.03249472 0.03642087
v -0.07487125 0.02740546 0.03746593
v -0.07556974 0.02581496 0.03744118
v -0.07507131 0.02790193 0.03641262
v -0.07595817 0.02581496 0.03654738
v -0.07584611 0.02625907 0.03635212
v -0.03769354 0.02581496 0.03591809
v -0.03356427 0.02581496 0.03591809
v -0.03759078 0.02581496 0.03584409
v -0.03524317 0.00796136 0.03591809
v -0.02324585 0.02581496 0.03591460
v -0.02975434 0.01250865 0.03591809
v -0.03732835 0.02581496 0.03567164
v -0.03393578 0.00796136 0.03500352
v -0.03156287 0.00796136 0.03591809
v -0.02170923 0.02581496 0.03589016
v -0.02974960 0.01241078 0.03591809
v -0.02977647 0.01097250 0.03591809
v -0.03025074 0.00961460 0.03591809
v -0.03682247 0.02581496 0.03536725
v -0.03246556 0.00796136 0.03413433
v -0.02154324 0.00796136 0.03108204
v -0.02154324 0.00806622 0.03114138
v -0.02154324 0.00826720 0.03125448
v -0.03124037 0.00824972 0.03591809
v -0.02154324 0.02581496 0.03588109
v -0.03058431 0.00912003 0.03591809
v -0.02154324 0.00944334 0.03168523
v -0.02154324 0.01097949 0.03211529
v -0.02234791 0.01149853 0.03263332
v -0.03642251 0.02581496 0.03520319
v -0.02165390 0.00796136 0.02881935
v -0.02491210 0.00796136 0.03022821
v -0.02492317 0.00796136 0.03023309
v -0.02631909 0.00796136 0.03088865
v -0.02793475 0.00796136 0.03169780
v -0.02798217 0.00796136 0.03172224
v -0.03100324 0.00796136 0.03330912
v -0.02154324 0.00796136 0.02878584
v -0.02154324 0.02581496 0.03388090
v -0.03340460 0.02581496 0.03406242
v -0.03310107 0.02581496 0.03397724
v -0.03246556 0.02581496 0.03383622
v -0.03194070 0.02581496 0.03373080
v -0.03092894 0.02581496 0.03360863
v -0.03040250 0.02581496 0.03356185
v -0.02154324 0.02172904 0.03215997
v -0.02886747 0.02581496 0.03356185
v -0.02154324 0.02575729 0.03385088
v -0.02154324 0.02277586 0.03245948
v -0.02154324 0.02263605 0.03241689
v -0.07083773 0.04425628 0.01794412
v -0.07083773 0.04567836 0.01336390
v -0.07129886 0.04508133 0.01336390
v -0.07175435 0.04414849 0.01446044
v -0.07085027 0.04423970 0.01794412
v -0.07083773 0.04123801 0.01794412
v -0.07083773 0.04605771 0.01183132
v -0.07187355 0.04431225 0.01336390
v -0.07319046 0.04247559 0.01256546
v -0.07355372 0.04009372 0.01794412
v -0.07188861 0.04276373 0.01794412
v -0.07187042 0.04279275 0.01794412
v -0.07134215 0.04356183 0.01794412
v -0.07083773 0.04372974 0.00600258
v -0.07577156 0.02581496 0.01794412
v -0.07197080 0.02581496 0.00600258
v -0.07173678 0.04565555 0.00687117
v -0.07198021 0.04447395 0.01182781
v -0.07083773 0.04699263 0.00600258
v -0.07175498 0.04570116 0.00600258
v -0.07321806 0.04251704 0.01154140
v -0.07349035 0.04186198 0.01196342
v -0.07473448 0.03787355 0.01724505
v -0.07430283 0.03857007 0.01794412
v -0.07356815 0.04006884 0.01794412
v -0.07724657 0.02581496 0.01794412
v -0.07396403 0.02581496 0.00600258
v -0.07137854 0.04626087 0.00600258
v -0.07210444 0.04501914 0.00600258
v -0.07327766 0.04264764 0.00721719
v -0.07363716 0.04170858 0.00875446
v -0.07482984 0.03813060 0.01336390
v -0.07495281 0.03720190 0.01784359
v -0.07495219 0.03718117 0.01794412
v -0.07442141 0.03831924 0.01794412
v -0.07710540 0.02581496 0.01643726
v -0.07716501 0.02787966 0.01794412
v -0.07707341 0.02787966 0.01643726
v -0.07710980 0.02634150 0.01643726
v -0.07461088 0.02581496 0.00757375
v -0.07426079 0.02642856 0.00600258
v -0.07298467 0.04323845 0.00600258
v -0.07326449 0.04263106 0.00600258
v -0.07366916 0.04170858 0.00721719
v -0.07485494 0.03825498 0.01029055
v -0.07484741 0.03818035 0.01182781
v -0.07516989 0.03709825 0.01336390
v -0.07628917 0.03331918 0.01748002
v -0.07643221 0.03266619 0.01794412
v -0.07683939 0.02581496 0.01489999
v -0.07630485 0.02941574 0.01064827
v -0.07629419 0.02847875 0.01085285
v -0.07706839 0.02938672 0.01794412
v -0.07706651 0.02941574 0.01794412
v -0.07696989 0.02941574 0.01643726
v -0.07681994 0.02941574 0.01489999
v -0.07629168 0.03047919 0.01071724
v -0.07472507 0.02581496 0.00787652
v -0.07473385 0.02710436 0.00644330
v -0.07436557 0.02666488 0.00600258
v -0.07361144 0.04170858 0.00600258
v -0.07481918 0.03819279 0.00875446
v -0.07516048 0.03709825 0.01029055
v -0.07628917 0.03331918 0.01693292
v -0.07683500 0.03095183 0.01794412
v -0.07644978 0.02581496 0.01334052
v -0.07525647 0.02941574 0.00600258
v -0.07546540 0.03248999 0.00600258
v -0.07547167 0.03095183 0.00600258
v -0.07677100 0.03095183 0.01643726
v -0.07667062 0.03095183 0.01489999
v -0.07651315 0.03095183 0.01336390
v -0.07629481 0.03189089 0.01228490
v -0.07533176 0.03402607 0.00600258
v -0.07544030 0.03281337 0.00600258
v -0.07504065 0.02581496 0.00877433
v -0.07481102 0.02775942 0.00600258
v -0.07624086 0.02581496 0.01259001
v -0.07487188 0.03699874 0.00600258
v -0.07470123 0.03784660 0.00651345
v -0.07476396 0.03799585 0.00753751
v -0.07507139 0.03709825 0.00875446
v -0.07641903 0.03230964 0.01489999
v -0.07643221 0.03260400 0.01642790
v -0.07488819 0.02799989 0.00600258
v -0.07522134 0.02787966 0.00721719
v -0.07538070 0.03556423 0.00875446
v -0.07524894 0.03556423 0.00721719
v -0.07513915 0.03556423 0.00600258
v -0.04948720 0.02581496 0.04686244
v -0.04948720 0.02581496 0.04893410
v -0.06013068 0.02581496 0.04867321
v -0.06020413 0.02582148 0.04865002
v -0.06020413 0.04247558 0.03120907
v -0.04948720 0.04247558 0.03317443
v -0.04948720 0.02622756 0.04880269
v -0.04989326 0.02581496 0.04919885
v -0.06020413 0.02581496 0.04875824
v -0.06020413 0.04247558 0.03427404
v -0.04948720 0.04247558 0.03572922
v -0.04948720 0.02773771 0.04812631
v -0.05035177 0.02581496 0.04939790
v -0.04948720 0.02778501 0.04810505
v -0.04951553 0.02775565 0.04813210
v -0.06020413 0.02581496 0.05079511
v -0.05990719 0.04247558 0.03437259
v -0.06020413 0.04173518 0.03527701
v -0.06013068 0.04121332 0.03601137
v -0.05244710 0.04247558 0.03563839
v -0.05090997 0.04113177 0.03743563
v -0.05090997 0.04053163 0.03820477
v -0.04948720 0.04050553 0.03817579
v -0.05118697 0.02595358 0.04965106
v -0.05113031 0.02581496 0.04967812
v -0.05012199 0.02866077 0.04795238
v -0.04948720 0.02919568 0.04741900
v -0.05977184 0.02581496 0.05089753
v -0.06020413 0.02733653 0.04965686
v -0.05859355 0.04247558 0.03474943
v -0.05859355 0.04138455 0.03625486
v -0.05859355 0.04215268 0.03519971
v -0.06020413 0.04120190 0.03599784
v -0.06020413 0.04058218 0.03681529
v -0.06013068 0.04062785 0.03678051
v -0.05244710 0.04187544 0.03641913
v -0.05398424 0.04247558 0.03547220
v -0.05552032 0.04101762 0.03729456
v -0.05552032 0.04045171 0.03806370
v -0.05552032 0.03968359 0.03907247
v -0.05398424 0.03972110 0.03913818
v -0.05244710 0.04111547 0.03740664
v -0.05398424 0.03910138 0.03990732
v -0.05090997 0.03976350 0.03913818
v -0.04948720 0.04044845 0.03824535
v -0.05201482 0.02697774 0.04936505
v -0.05249537 0.02641674 0.04977087
v -0.05251635 0.02581496 0.05004723
v -0.05133491 0.02581496 0.04974962
v -0.05090997 0.02888256 0.04807993
v -0.04951553 0.02927070 0.04739388
v -0.04948720 0.02952511 0.04724121
v -0.04948720 0.03046773 0.04670784
v -0.04948720 0.02929842 0.04736683
v -0.05938887 0.02581496 0.05094198
v -0.06013068 0.02734794 0.04966459
v -0.06020413 0.02809976 0.04906358
v -0.05784439 0.04247558 0.03489824
v -0.05859355 0.04079582 0.03702401
v -0.05760201 0.04089041 0.03715155
v -0.06020413 0.03984994 0.03775256
v -0.06013068 0.03985972 0.03776416
v -0.05651290 0.04247558 0.03511661
v -0.05657796 0.04097358 0.03723465
v -0.05705641 0.03958248 0.03894106
v -0.05552032 0.03904756 0.03983968
v -0.05244710 0.03910301 0.03991698
v -0.05552032 0.03827944 0.04069385
v -0.05398424 0.03833326 0.04074216
v -0.04948720 0.03968522 0.03914204
v -0.04948720 0.03973578 0.03908600
v -0.05090997 0.03906061 0.03990732
v -0.05303992 0.02717018 0.04951192
v -0.05315849 0.02581496 0.05019796
v -0.05090997 0.02965232 0.04763545
v -0.05244710 0.02921688 0.04827318
v -0.05098971 0.03102548 0.04679287
v -0.04948720 0.03056721 0.04664407
v -0.05859355 0.02581496 0.05094971
v -0.05859355 0.02641674 0.05051490
v -0.05859355 0.02745558 0.04974768
v -0.06013068 0.02811607 0.04906744
v -0.06020413 0.03331681 0.04492220
v -0.05705641 0.04247558 0.03503738
v -0.05864601 0.03994616 0.03808303
v -0.05816860 0.03947647 0.03881158
v -0.06020413 0.03982058 0.03778928
v -0.06020413 0.03922043 0.03852171
v -0.05919371 0.03934601 0.03867824
v -0.05705641 0.03893830 0.03971020
v -0.05705641 0.03817017 0.04059143
v -0.05244710 0.03833489 0.04073250
v -0.05705641 0.03742162 0.04135864
v -0.05552032 0.03751458 0.04146106
v -0.05398424 0.03757166 0.04150744
v -0.05090997 0.03829249 0.04068419
v -0.04948720 0.03896765 0.03985514
v -0.05398424 0.02728434 0.04958342
v -0.05619709 0.02581496 0.05072554
v -0.05482678 0.02581496 0.05049750
v -0.05244710 0.02998501 0.04778232
v -0.05398424 0.02933430 0.04836787
v -0.05740371 0.02581496 0.05087627
v -0.05677312 0.02581496 0.05079898
v -0.04948720 0.03132882 0.04613775
v -0.05053014 0.03158649 0.04628075
v -0.04996356 0.03333474 0.04492606
v -0.05155525 0.03176099 0.04643729
v -0.05398424 0.03010406 0.04784029
v -0.05398424 0.03189472 0.04655130
v -0.05859355 0.02822370 0.04914281
v -0.06013068 0.03332170 0.04492606
v -0.06020413 0.03425127 0.04395980
v -0.05859355 0.03727974 0.04118278
v -0.05859355 0.03800383 0.04041557
v -0.06020413 0.03918456 0.03856422
v -0.05946651 0.03789619 0.04029382
v -0.05244710 0.03756350 0.04149778
v -0.05552032 0.03674645 0.04217416
v -0.05398424 0.03680190 0.04222247
v -0.05244710 0.03679375 0.04221668
v -0.04948720 0.03891057 0.03991118
v -0.05090997 0.03750806 0.04145140
v -0.05244710 0.03184905 0.04651459
v -0.04948720 0.03249813 0.04534928
v -0.05090997 0.03343423 0.04501496
v -0.04948720 0.03265142 0.04524493
v -0.04948720 0.03384683 0.04437916
v -0.04948720 0.03491176 0.04355398
v -0.05090997 0.03420235 0.04439075
v -0.05244710 0.03261718 0.04587879
v -0.05244710 0.03352392 0.04510965
v -0.05398424 0.03266447 0.04589812
v -0.05398424 0.03354186 0.04513091
v -0.05552032 0.03588537 0.04294330
v -0.06020413 0.03482533 0.04336845
v -0.06020413 0.03631428 0.04178572
v -0.05962810 0.03639093 0.04185723
v -0.06020413 0.03835283 0.03953241
v -0.06020413 0.03778856 0.04017787
v -0.06020413 0.03704816 0.04099726
v -0.06020413 0.03698456 0.04106683
v -0.05090997 0.03673993 0.04217029
v -0.05090997 0.03511888 0.04362161
v -0.05090997 0.03588700 0.04293750
v -0.04948720 0.03739716 0.04135091
v -0.04948720 0.03497863 0.04349793
v -0.06020413 0.03556247 0.04258578
v -0.04948720 0.03656543 0.04212391
v -0.04948720 0.03662740 0.04206787
v -0.04948720 0.03569130 0.04288533
v -0.00326664 0.02581496 0.02568853
v -0.00326664 0.02480339 0.02574441
v -0.00427752 0.02581496 0.02579330
v -0.00172958 0.02581496 0.02569452
v -0.00172958 0.02480339 0.02575239
v -0.00172958 0.02359643 0.02616746
v -0.00326664 0.02367142 0.02617045
v -0.00480370 0.02386537 0.02629817
v -0.00480370 0.02480339 0.02599584
v -0.00480370 0.02581496 0.02587910
v -0.00120340 0.02581496 0.02571647
v -0.00019252 0.02480339 0.02581724
v 0.00076159 0.02405787 0.02606169
v 0.00076159 0.02358850 0.02620338
v -0.00019252 0.02356903 0.02619140
v -0.00149160 0.01844992 0.02855112
v -0.00308106 0.01844992 0.02857207
v 0.00076159 0.01844992 0.02852817
v -0.00459629 0.01844992 0.02863094
v -0.00613335 0.01844992 0.02871076
v -0.00634076 0.01844992 0.02872174
v -0.00787782 0.01844992 0.02884047
v -0.00920746 0.01844992 0.02897018
v -0.01074234 0.01844992 0.02914479
v -0.01234053 0.01844992 0.02936529
v -0.01251302 0.01844992 0.02939124
v -0.00715077 0.02544148 0.02639894
v -0.01709581 0.01844992 0.03035607
v -0.00715077 0.02581496 0.02639894
v -0.00019252 0.02581496 0.02576037
v 0.00033366 0.02581496 0.02578432
v 0.00076159 0.02480339 0.02586214
v 0.00076159 0.01844992 0.03012260
v -0.01871584 0.01844992 0.03079409
v -0.01910883 0.01844992 0.03090584
v -0.02154106 0.01844992 0.03161725
v -0.02154106 0.02003828 0.03179485
v -0.02154106 0.02019330 0.03182578
v -0.02154106 0.02173048 0.03215904
v -0.02154106 0.02263606 0.03241646
v -0.02154106 0.02277665 0.03245936
v -0.02154106 0.02575800 0.03385124
v -0.02154106 0.02581496 0.03388118
v 0.00076159 0.02581496 0.02581724
v 0.00076159 0.02538740 0.02582922
v 0.00076159 0.01865684 0.03016450
v -0.01709581 0.02581496 0.03543270
v -0.01712856 0.02581496 0.03543869
v -0.02154106 0.01844992 0.03322465
v -0.02154106 0.02581496 0.03588070
v 0.00076159 0.02581496 0.02739471
v 0.00076159 0.01960929 0.03016550
v -0.01555875 0.02581496 0.03507051
v -0.01863287 0.02581496 0.03563525
v -0.01936210 0.02581496 0.03571606
v -0.02042756 0.02581496 0.03583081
v 0.00076159 0.02139954 0.02975243
v -0.01350861 0.02581496 0.03429525
v 0.00076159 0.02019330 0.03014754
v -0.01418762 0.02581496 0.03458061
v 0.00076159 0.02095900 0.02989910
v -0.05140782 0.01329630 -0.03178047
v -0.05140782 0.01329630 -0.03386238
v -0.05129727 0.01329630 -0.03183251
v -0.04167226 0.02480367 -0.03716370
v -0.04167226 0.02633942 -0.03743669
v -0.05140782 0.03014827 -0.03723912
v -0.04878308 0.01404686 -0.03987444
v -0.04864679 0.01329630 -0.03971724
v -0.05140782 0.01757363 -0.03569149
v -0.05056627 0.01329630 -0.03217773
v -0.04167226 0.02326628 -0.03755990
v -0.05001826 0.01329630 -0.03249851
v -0.04937970 0.01329630 -0.03291808
v -0.04860009 0.01329630 -0.03350973
v -0.04168083 0.01329630 -0.04011238
v -0.04167226 0.02634932 -0.03744200
v -0.04167226 0.02728957 -0.03795504
v -0.04167226 0.03014827 -0.04054681
v -0.05140782 0.03014827 -0.03970343
v -0.04899180 0.01558260 -0.04006564
v -0.04798822 0.01404686 -0.04064241
v -0.04723340 0.01329630 -0.04117033
v -0.04985242 0.01706226 -0.03884411
v -0.05019553 0.01753734 -0.03830026
v -0.05140782 0.02165300 -0.03722213
v -0.04167226 0.01404686 -0.04027596
v -0.04167226 0.01329630 -0.04100569
v -0.04167226 0.03014827 -0.04263192
v -0.05003827 0.03014827 -0.04113740
v -0.04721910 0.01404686 -0.04128611
v -0.04714190 0.01329630 -0.04124681
v -0.04167226 0.01329630 -0.04178428
v -0.04476210 0.03014827 -0.04224952
v -0.04168846 0.01329630 -0.04178853
v -0.04247664 0.01329630 -0.04185757
v -0.04322575 0.01329630 -0.04190643
v -0.04401298 0.01329630 -0.04190962
v -0.04476210 0.01404686 -0.04194361
v -0.04981906 0.03014827 -0.04122981
v -0.04629939 0.01404686 -0.04163238
v -0.04622505 0.01329630 -0.04149749
v -0.04629939 0.03014827 -0.04203708
v -0.04476210 0.01329630 -0.04183314
v -0.04555028 0.01329630 -0.04167381
v -0.04779666 0.03014827 -0.04178853
v -0.04917384 0.03014827 -0.04144225
v -0.04168846 0.00061589 -0.02967001
v -0.04324767 0.00085796 -0.02982120
v -0.04399583 0.00098085 -0.03044070
v -0.04322575 0.00088899 -0.03059992
v -0.04168846 0.00077727 -0.03075780
v -0.04167226 0.00077478 -0.03074710
v -0.04167226 0.00061589 -0.02967001
v -0.04167226 0.00061589 -0.02965395
v -0.04167226 0.00072017 -0.02824237
v -0.04168846 0.00072141 -0.02824237
v -0.04284929 0.00088775 -0.02824237
v -0.04399583 0.00098085 -0.03043267
v -0.04945404 0.00236247 -0.02824237
v -0.04952933 0.00238358 -0.02824237
v -0.05078071 0.00273488 -0.02824237
v -0.04904708 0.00241337 -0.02967001
v -0.04877641 0.00246303 -0.03051563
v -0.04550167 0.00253502 -0.03196334
v -0.04447713 0.00235379 -0.03209714
v -0.04322575 0.00147863 -0.03136793
v -0.04167226 0.00077727 -0.03075780
v -0.04322575 0.01050574 -0.04090785
v -0.04167226 0.00230537 -0.02824237
v -0.05086553 0.00276716 -0.02824237
v -0.05090937 0.00317556 -0.02967001
v -0.05140782 0.00340521 -0.02967001
v -0.05140782 0.00359390 -0.03012627
v -0.05140782 0.00385334 -0.03060126
v -0.04555123 0.01172351 -0.04120623
v -0.04168846 0.00151463 -0.03152581
v -0.04167226 0.00150718 -0.03151778
v -0.04476210 0.01153607 -0.04131327
v -0.04322575 0.01127414 -0.04145643
v -0.04168846 0.01133249 -0.04142834
v -0.04168846 0.01056409 -0.04086771
v -0.04937970 0.01329506 -0.03291867
v -0.05001826 0.01329506 -0.03249854
v -0.05056627 0.01329506 -0.03217742
v -0.05129727 0.01329506 -0.03183221
v -0.05140782 0.01329506 -0.03178137
v -0.04308946 0.00271378 -0.02824237
v -0.04167226 0.00858537 -0.03514242
v -0.04168083 0.01329506 -0.04011308
v -0.04860105 0.01329506 -0.03350739
v -0.05091413 0.00278950 -0.02824237
v -0.05140782 0.00317680 -0.02882975
v -0.05140782 0.00492587 -0.03117660
v -0.04863250 0.01322058 -0.03970098
v -0.04713142 0.01319451 -0.04124102
v -0.04657483 0.01216916 -0.04086236
v -0.04615834 0.01261232 -0.04137481
v -0.04476210 0.01250805 -0.04171734
v -0.04167226 0.01055664 -0.04085434
v -0.04322575 0.01250805 -0.04187389
v -0.04167226 0.01133497 -0.04142700
v -0.04168846 0.01250805 -0.04177488
v -0.04167226 0.01056657 -0.04086370
v -0.05140782 0.01329506 -0.03386196
v -0.05140782 0.00500159 -0.02824237
v -0.04167226 0.01260239 -0.03995788
v -0.04167226 0.01329506 -0.04100553
v -0.05140782 0.00302536 -0.02824237
v -0.05140782 0.00316811 -0.02879764
v -0.05140782 0.00636087 -0.03178271
v -0.04864679 0.01329506 -0.03971703
v -0.04723340 0.01329506 -0.04117010
v -0.04714190 0.01329506 -0.04124637
v -0.04622505 0.01329506 -0.04149791
v -0.04555028 0.01329506 -0.04167319
v -0.04476210 0.01329506 -0.04183375
v -0.04401298 0.01329506 -0.04191002
v -0.04322575 0.01329506 -0.04190600
v -0.04247664 0.01329506 -0.04185783
v -0.04167226 0.01249315 -0.04176819
v -0.04168083 0.01329506 -0.04178692
v -0.04167226 0.01250805 -0.04177086
v -0.04168846 0.01329506 -0.04178825
v -0.05140782 0.00696913 -0.03199010
v -0.04167226 0.01329506 -0.04178424
v -0.05140782 0.00657438 -0.03185764
v 0.02899025 0.00179863 -0.01572880
v 0.02899025 0.00167627 -0.01430038
v 0.02899025 0.00344479 -0.01572880
v 0.03081011 0.00117764 -0.01572880
v 0.03121185 0.00094750 -0.01538637
v 0.02899025 0.00159576 -0.01276337
v 0.02899025 0.00319278 -0.01122635
v 0.03054798 0.00315632 -0.00969032
v 0.03515790 0.00302445 -0.00815330
v 0.03669454 0.00299243 -0.00815330
v 0.03823118 0.00289670 -0.00815330
v 0.03925059 0.00283235 -0.00815330
v 0.03925059 0.00269478 -0.00923733
v 0.03925059 0.00253786 -0.01047203
v 0.03925059 0.00182209 -0.01572880
v 0.03174616 0.00087111 -0.01572880
v 0.03121185 0.00094750 -0.01467021
v 0.02899025 0.00161414 -0.01122635
v 0.02899025 0.00310497 -0.00969032
v 0.03515790 0.00278670 -0.00709079
v 0.03925059 0.00282918 -0.00659574
v 0.03925059 0.00020669 -0.01572880
v 0.03362126 0.00062448 -0.01572880
v 0.03200427 0.00089583 -0.01421429
v 0.02899025 0.00180846 -0.00969032
v 0.03246326 0.00095099 -0.01322125
v 0.02899025 0.00276705 -0.00869532
v 0.03054798 0.00287007 -0.00851627
v 0.03925059 0.00263011 -0.00573477
v 0.03833965 0.00025740 -0.01572880
v 0.03925059 0.00029196 -0.01481794
v 0.03515790 0.00050339 -0.01572880
v 0.03362126 0.00075731 -0.01430038
v 0.03419373 0.00096937 -0.01189751
v 0.03054798 0.00165789 -0.00969032
v 0.03515790 0.00166771 -0.00815330
v 0.03054798 0.00211024 -0.00851627
v 0.02899025 0.00224781 -0.00869532
v 0.03515790 0.00063716 -0.01430038
v 0.03365742 0.00091327 -0.01273010
v 0.03878558 0.00258351 -0.00578956
v 0.03925059 0.00230931 -0.00573477
v 0.03925059 0.00034616 -0.01430038
v 0.03823118 0.00041432 -0.01430038
v 0.03823118 0.00026470 -0.01572880
v 0.03669454 0.00038262 -0.01572880
v 0.03515790 0.00080295 -0.01276337
v 0.03669454 0.00070088 -0.01276337
v 0.03673271 0.00090122 -0.01116863
v 0.03925059 0.00091485 -0.00980772
v 0.03823118 0.00093926 -0.01012373
v 0.03727103 0.00096969 -0.01036343
v 0.03925059 0.00107906 -0.00915417
v 0.03925059 0.00163665 -0.00713482
v 0.03925059 0.00183540 -0.00659574
v 0.03515790 0.00213686 -0.00709079
v 0.03388138 0.00230677 -0.00724537
v 0.03878558 0.00239680 -0.00578956
v 0.03669454 0.00052336 -0.01430038
v 0.03925059 0.00216318 -0.00597447
v 0.03925059 0.00053921 -0.01276337
v 0.03823118 0.00060356 -0.01276337
v 0.03925059 0.00066855 -0.01174489
v -0.05978684 0.05230169 -0.01446253
v -0.05978684 0.05229204 0.00600258
v -0.05978684 0.05372156 -0.01446253
v -0.05659513 0.05164716 -0.01446253
v -0.05660985 0.05164375 -0.01430027
v -0.05668633 0.05161534 -0.01276178
v -0.05670398 0.05160966 -0.01122529
v -0.04783487 0.05230624 0.00567806
v -0.04751128 0.05233919 0.00600258
v -0.05978684 0.05453802 0.00600258
v -0.05669809 0.05161364 -0.00968881
v -0.05659219 0.05163352 -0.00815232
v -0.05642452 0.05166932 -0.00661583
v -0.05631568 0.05169432 -0.00578649
v -0.02973777 0.05128239 -0.01156985
v -0.05978684 0.05482893 0.00268522
v -0.05329165 0.05637039 -0.00914192
v -0.04476377 0.05567665 -0.01446253
v -0.05562144 0.05148523 -0.01446253
v -0.05551849 0.05146307 -0.01430027
v -0.03708015 0.05238919 0.00567806
v -0.03708015 0.05242272 0.00600258
v -0.05956916 0.05462041 0.00600258
v -0.05978684 0.05458348 0.00589040
v -0.05551849 0.05147273 -0.01276178
v -0.05398294 0.05135455 -0.01430027
v -0.03109387 0.05115114 -0.01446253
v -0.03093208 0.05116023 -0.01430027
v -0.02973777 0.05126194 -0.01310834
v -0.02973777 0.05162954 -0.00677409
v -0.03554166 0.05241078 0.00567806
v -0.05978684 0.05486359 0.00411753
v -0.05347109 0.05649709 -0.00507735
v -0.05335637 0.05640050 -0.00815232
v -0.05244445 0.05666129 -0.00507735
v -0.05244445 0.05646470 -0.00815232
v -0.05244445 0.05638970 -0.00921003
v -0.04460198 0.05567778 -0.01446253
v -0.05551849 0.05147046 -0.01446253
v -0.05398294 0.05135114 -0.01446253
v -0.03554166 0.05245340 0.00600258
v -0.05884845 0.05476757 0.00600258
v -0.05963093 0.05482154 0.00522332
v -0.05978684 0.05480336 0.00512917
v -0.03093208 0.05116535 -0.01446253
v -0.03037022 0.05123580 -0.01446253
v -0.02973777 0.05131534 -0.01446253
v -0.02973777 0.05165909 -0.00638346
v -0.03246763 0.05238635 0.00414157
v -0.03093208 0.05245737 0.00414157
v -0.02973777 0.05251305 0.00414157
v -0.03400612 0.05248294 0.00567806
v -0.05978684 0.05483120 0.00487876
v -0.05342402 0.05646754 -0.00395553
v -0.04476377 0.05695504 0.00260509
v -0.03426498 0.05635448 -0.00634740
v -0.04015125 0.05567892 -0.01446253
v -0.03368253 0.05254317 0.00600258
v -0.05842191 0.05483007 0.00600258
v -0.02973777 0.05280339 -0.01446253
v -0.02973777 0.05238181 0.00260509
v -0.03093208 0.05232953 0.00260509
v -0.02973777 0.05271646 0.00567806
v -0.04476377 0.05666186 0.00388315
v -0.04322528 0.05665902 0.00396929
v -0.04168973 0.05690731 0.00260509
v -0.03385315 0.05638061 -0.00522959
v -0.03306478 0.05636755 -0.00481692
v -0.03324128 0.05630845 -0.00584258
v -0.03385315 0.05627436 -0.00676207
v -0.03400612 0.05591926 -0.00968881
v -0.03246763 0.05577323 -0.00968881
v -0.03557990 0.05498290 -0.01446253
v -0.03093208 0.05270112 0.00600258
v -0.05698049 0.05482154 0.00600258
v -0.04322528 0.05609766 0.00473854
v -0.03152923 0.05499029 -0.01065237
v -0.03138215 0.05517211 -0.00968881
v -0.02973777 0.05359145 -0.00968881
v -0.03538576 0.05491586 -0.01446253
v -0.03456503 0.05489257 -0.01384153
v -0.02973777 0.05276760 0.00593047
v -0.04168973 0.05664027 0.00391120
v -0.04015125 0.05655504 0.00370486
v -0.04015125 0.05676868 0.00260509
v -0.03306478 0.05636755 -0.00407372
v -0.03251764 0.05610448 -0.00522959
v -0.03246763 0.05601073 -0.00661583
v -0.03246763 0.05589482 -0.00815232
v -0.02973777 0.05278237 0.00600258
v -0.02973777 0.05427780 0.00600258
v -0.03132626 0.05525677 -0.00815232
v -0.02973777 0.05361872 -0.00938031
v -0.03131744 0.05528063 -0.00661583
v -0.02973777 0.05380338 -0.00652168
v -0.02973777 0.05370338 -0.00815232
v -0.04360770 0.04672203 -0.03901240
v -0.04476377 0.04746725 -0.03842845
v -0.04322528 0.04745841 -0.03843326
v -0.04322528 0.04672203 -0.03901000
v -0.04476377 0.04672203 -0.03898837
v -0.04476377 0.04823544 -0.03780365
v -0.04629638 0.04739387 -0.03837318
v -0.04322528 0.04822660 -0.03776520
v -0.04168973 0.04736205 -0.03838520
v -0.04168973 0.04672203 -0.03892589
v -0.04210451 0.04672203 -0.03895954
v -0.04521091 0.04672203 -0.03895473
v -0.04629638 0.04816207 -0.03771234
v -0.04476377 0.04905226 -0.03703467
v -0.04629050 0.04672203 -0.03883698
v -0.04783487 0.04722061 -0.03823381
v -0.04322528 0.04898950 -0.03699622
v -0.03554166 0.04766703 -0.03714761
v -0.04068957 0.04672203 -0.03881776
v -0.04015125 0.04722591 -0.03828187
v -0.04015125 0.04672203 -0.03873846
v -0.04783487 0.04798969 -0.03749606
v -0.04629638 0.04895237 -0.03694335
v -0.04476377 0.04982046 -0.03599894
v -0.04707592 0.04672203 -0.03870481
v -0.04783487 0.04672203 -0.03855822
v -0.04825552 0.04672203 -0.03847171
v -0.04866148 0.04710657 -0.03813528
v -0.04367830 0.05023948 -0.03519631
v -0.03554166 0.04843523 -0.03622002
v -0.03400612 0.04754504 -0.03700103
v -0.03554166 0.04686878 -0.03791660
v -0.03554166 0.04672203 -0.03804637
v -0.04783487 0.04874816 -0.03672707
v -0.04915273 0.04780582 -0.03729420
v -0.04626990 0.04973471 -0.03572018
v -0.04574040 0.05021030 -0.03514585
v -0.04476377 0.05025539 -0.03523236
v -0.04897329 0.04672203 -0.03831551
v -0.04968517 0.04693154 -0.03799831
v -0.05090890 0.04753266 -0.03704188
v -0.04476377 0.05058247 -0.03427834
v -0.03708015 0.05258473 -0.02659809
v -0.03554166 0.05244860 -0.02659809
v -0.03394434 0.05216837 -0.02671824
v -0.03428557 0.04871369 -0.03528283
v -0.03386492 0.04836716 -0.03580429
v -0.03246763 0.04727630 -0.03675832
v -0.03281769 0.04672203 -0.03740955
v -0.03400612 0.04672203 -0.03775800
v -0.03402671 0.04672203 -0.03776280
v -0.03412672 0.04672203 -0.03778203
v -0.03529750 0.04672203 -0.03800552
v -0.04964693 0.04850506 -0.03639785
v -0.05551849 0.04873756 -0.03370160
v -0.05633627 0.04864032 -0.03353098
v -0.05693048 0.04889137 -0.03275478
v -0.05551849 0.04918398 -0.03274277
v -0.05493310 0.05019174 -0.03051751
v -0.05790711 0.05325923 -0.02127046
v -0.05485956 0.05325658 -0.02281564
v -0.04952044 0.04672203 -0.03817853
v -0.05075300 0.04672203 -0.03783490
v -0.05551849 0.04672203 -0.03628971
v -0.05551849 0.04677596 -0.03623444
v -0.05784828 0.04709950 -0.03505934
v -0.05244445 0.05276684 -0.02506012
v -0.04476377 0.05558239 -0.01737506
v -0.04322528 0.05562570 -0.01737506
v -0.04168973 0.05558239 -0.01737506
v -0.03861570 0.05265457 -0.02659809
v -0.03246763 0.05259269 -0.02506012
v -0.03246763 0.05207732 -0.02631212
v -0.03325893 0.04861203 -0.03503531
v -0.02973777 0.04759719 -0.03512182
v -0.02973777 0.04738769 -0.03548949
v -0.03246763 0.04672203 -0.03729420
v -0.03062909 0.04690325 -0.03639785
v -0.03175574 0.04672203 -0.03702746
v -0.05551849 0.04820716 -0.03447058
v -0.05735997 0.04847766 -0.03327625
v -0.05937501 0.04863324 -0.03198339
v -0.05859252 0.04874816 -0.03219006
v -0.05859252 0.04916895 -0.03120480
v -0.05705698 0.05027218 -0.02922466
v -0.05978684 0.04873932 -0.03137541
v -0.05893081 0.05308508 -0.02087155
v -0.05952209 0.05329282 -0.01984543
v -0.05848957 0.05333879 -0.02039574
v -0.05751882 0.04672203 -0.03553034
v -0.05813656 0.04672203 -0.03523716
v -0.05887492 0.04681132 -0.03477097
v -0.05965741 0.04725420 -0.03374725
v -0.05845427 0.04741155 -0.03426632
v -0.05859252 0.04825312 -0.03295905
v -0.05978684 0.05337327 -0.01913172
v -0.05978684 0.05357482 -0.01771630
v -0.04476377 0.05574151 -0.01583950
v -0.04322528 0.05575212 -0.01583950
v -0.04015125 0.05571145 -0.01583950
v -0.04015125 0.05540559 -0.01737506
v -0.02973777 0.05263070 -0.02352215
v -0.03090561 0.05222141 -0.02513701
v -0.03129979 0.04870750 -0.03372562
v -0.03246763 0.04850948 -0.03481662
v -0.02973777 0.04803654 -0.03427353
v -0.02973777 0.04672203 -0.03622002
v -0.02976718 0.04672203 -0.03623444
v -0.03076735 0.04672203 -0.03663335
v -0.05978684 0.04811345 -0.03241114
v -0.05978684 0.05333525 -0.01936482
v -0.05879844 0.04672203 -0.03488872
v -0.05911320 0.04672203 -0.03467484
v -0.05978684 0.04672203 -0.03416058
v -0.05978684 0.04700403 -0.03388663
v -0.05978684 0.04744780 -0.03336757
v -0.05978684 0.05367913 -0.01618073
v -0.05978684 0.05372068 -0.01464276
v -0.05978684 0.05372068 -0.01446253
v -0.04476377 0.05567609 -0.01446253
v -0.04460198 0.05567786 -0.01446253
v -0.04015125 0.05567874 -0.01446253
v -0.03557990 0.05498215 -0.01446253
v -0.02973777 0.05296486 -0.02189286
v -0.02973777 0.04817975 -0.03394671
v -0.03027609 0.04855192 -0.03343005
v -0.03084383 0.04834329 -0.03425430
v -0.02973777 0.04672203 -0.03293261
v -0.05978684 0.04672203 -0.03099332
v -0.05978684 0.05230097 -0.01446253
v -0.03538576 0.05491585 -0.01446253
v -0.02973777 0.05301083 -0.02044861
v -0.02973777 0.05131442 -0.01446253
v -0.03093208 0.05116503 -0.01446253
v -0.03109387 0.05115177 -0.01446253
v -0.05398294 0.05135067 -0.01446253
v -0.05551849 0.05146912 -0.01446253
v -0.05562144 0.05148504 -0.01446253
v -0.05659513 0.05164593 -0.01446253
v -0.02973777 0.05280308 -0.01446253
v -0.02973777 0.05296309 -0.01844444
v -0.06758851 0.00816606 0.01889535
v -0.06758851 0.01013498 0.01889535
v -0.06715750 0.00804003 0.01889535
v -0.06758851 0.00530741 0.02432223
v -0.06758851 0.00312481 0.03583257
v -0.04453761 0.00433922 0.03583257
v -0.04502052 0.00566547 0.01889535
v -0.06474071 0.00687654 0.01976916
v -0.06310695 0.00686235 0.01889535
v -0.06593895 0.00395278 0.02621740
v -0.06758851 0.00379754 0.02739629
v -0.06758851 0.00161995 0.03583257
v -0.04453761 0.00282852 0.03583257
v -0.04453761 0.00556281 0.01889535
v -0.06075335 0.00633068 0.01889535
v -0.06474071 0.00384595 0.02595045
v -0.06638124 0.00368486 0.02706965
v -0.06014858 0.00620131 0.01889535
v -0.05967245 0.00552441 0.02012233
v -0.05859381 0.00542175 0.01988190
v -0.06275944 0.00399618 0.02476161
v -0.06758851 0.00245376 0.03082021
v -0.06627744 0.00160827 0.03583257
v -0.06758851 0.00164416 0.03488084
v -0.06320399 0.00163247 0.03334380
v -0.04453761 0.00327338 0.02588745
v -0.04552148 0.00254056 0.03583257
v -0.04453761 0.00389018 0.01889535
v -0.05655161 0.00551523 0.01889535
v -0.05697133 0.00534413 0.01944252
v -0.05552261 0.00509708 0.01951215
v -0.05027834 0.00403958 0.02023839
v -0.04597054 0.00396948 0.01889535
v -0.06627744 0.00239450 0.03062622
v -0.06758851 0.00240452 0.03099431
v -0.05763928 0.00163748 0.03583257
v -0.06758851 0.00181693 0.03334380
v -0.06474071 0.00167588 0.03334380
v -0.06166726 0.00176435 0.03180677
v -0.06013053 0.00172929 0.03180677
v -0.06166726 0.00163832 0.03334380
v -0.04453761 0.00335017 0.02435041
v -0.04628871 0.00242789 0.03583257
v -0.04476327 0.00375330 0.01951215
v -0.04476327 0.00388184 0.01889535
v -0.04453761 0.00376248 0.01951215
v -0.05552261 0.00535999 0.01889535
v -0.04631353 0.00385763 0.01941101
v -0.05705708 0.00243957 0.02771133
v -0.06474071 0.00193044 0.03180677
v -0.06627744 0.00206315 0.03180677
v -0.06758851 0.00218167 0.03180677
v -0.05610255 0.00164750 0.03583257
v -0.06320399 0.00183029 0.03180677
v -0.06013053 0.00201224 0.03026973
v -0.05859381 0.00194797 0.03026973
v -0.05859381 0.00176017 0.03180677
v -0.05859381 0.00167337 0.03334380
v -0.06013053 0.00165084 0.03334380
v -0.04453761 0.00336436 0.02412326
v -0.04671069 0.00237698 0.03583257
v -0.04811428 0.00246044 0.03180677
v -0.04476327 0.00356384 0.02104919
v -0.04629999 0.00350207 0.02104919
v -0.05552261 0.00241036 0.02746925
v -0.04453761 0.00358554 0.02104919
v -0.05705708 0.00165417 0.03488084
v -0.05456808 0.00167671 0.03583257
v -0.05705708 0.00220754 0.02873270
v -0.05552261 0.00222340 0.02873270
v -0.05705708 0.00198469 0.03026973
v -0.05705708 0.00184280 0.03180677
v -0.05552261 0.00179106 0.03334380
v -0.05398363 0.00174932 0.03488084
v -0.05705708 0.00171928 0.03334380
v -0.05552261 0.00168839 0.03488084
v -0.04453761 0.00346952 0.02258622
v -0.04841215 0.00249550 0.03068259
v -0.04476327 0.00333848 0.02412326
v -0.04937345 0.00206064 0.03583257
v -0.04937345 0.00211991 0.03488084
v -0.04476327 0.00344448 0.02258622
v -0.05091017 0.00195047 0.03488084
v -0.04932380 0.00245293 0.03021004
v -0.05091017 0.00207066 0.03334380
v -0.05091017 0.00220170 0.03180677
v -0.04629999 0.00332179 0.02258622
v -0.05303135 0.00173013 0.03583257
v -0.05552261 0.00207400 0.03026973
v -0.05552261 0.00193211 0.03180677
v -0.05398363 0.00188036 0.03334380
v -0.05244690 0.00182862 0.03488084
v -0.05244690 0.00176017 0.03583257
v -0.04937345 0.00221589 0.03334380
v -0.05091017 0.00188370 0.03583257
v -0.05244690 0.00225345 0.03026973
v -0.05244690 0.00239534 0.02873270
v -0.06758851 0.01760946 0.00600258
v -0.06758851 0.01497130 0.00600258
v -0.06758851 0.01340829 0.01354818
v -0.04502052 0.00566584 0.01889535
v -0.04453761 0.00556370 0.01889535
v -0.04453761 0.00582442 0.01820755
v -0.04453761 0.00585265 0.01812300
v -0.04453761 0.00616713 0.01642937
v -0.04453761 0.00618998 0.01489980
v -0.04453761 0.00613756 0.01336393
v -0.04453761 0.00607037 0.01182805
v -0.04453761 0.00579351 0.00600258
v -0.06758851 0.01475492 0.00640264
v -0.06730418 0.01467832 0.00600258
v -0.06758851 0.01292044 0.01436723
v -0.06758851 0.01013579 0.01889535
v -0.04453761 0.00389049 0.01889535
v -0.04453761 0.00403160 0.00600258
v -0.06758851 0.00845049 0.01830220
v -0.06718233 0.01456139 0.00600258
v -0.06725679 0.01461112 0.00603918
v -0.06758851 0.00816692 0.01889535
v -0.04476327 0.00388108 0.01889535
v -0.04783672 0.00514976 0.00600258
v -0.04597054 0.00396978 0.01889535
v -0.05552261 0.00535942 0.01889535
v -0.05655161 0.00551532 0.01889535
v -0.06014858 0.00620207 0.01889535
v -0.06075335 0.00633243 0.01889535
v -0.06310695 0.00686329 0.01889535
v -0.06715750 0.00804059 0.01889535
v -0.06758851 0.00832819 0.01855587
v -0.06643314 0.01388674 0.00600258
v -0.06584644 0.01336394 0.00600258
v -0.06567267 0.01313816 0.00615276
v -0.06541768 0.01302527 0.00600258
v -0.06480164 0.01260730 0.00600258
v -0.06373880 0.01191517 0.00600258
v -0.06297382 0.01143135 0.00600258
v -0.06261502 0.01125933 0.00600258
v -0.05668023 0.00846930 0.00600258
v -0.05552261 0.00798548 0.00600258
v -0.05331117 0.00709848 0.00600258
v -0.06324912 0.01160338 0.00600258
v -0.04168863 0.03709977 -0.04396486
v -0.04168863 0.03856819 -0.04345826
v -0.04168154 0.03856153 -0.04345953
v -0.04168154 0.03709311 -0.04396359
v -0.04168863 0.03699984 -0.04394581
v -0.04476221 0.03699984 -0.04384424
v -0.04476221 0.03709977 -0.04385821
v -0.04476221 0.03857486 -0.04339351
v -0.04168863 0.04568097 -0.03973306
v -0.04168154 0.04567717 -0.03973433
v -0.04322542 0.04570667 -0.03975084
v -0.04168154 0.03699984 -0.04384932
v -0.04629900 0.03699984 -0.04378837
v -0.04629900 0.03709977 -0.04379726
v -0.04476221 0.04567336 -0.03973306
v -0.04629900 0.03857581 -0.04332494
v -0.04168154 0.04644611 -0.03915790
v -0.04322542 0.04647562 -0.03920361
v -0.04476221 0.04644136 -0.03919853
v -0.04168154 0.03701317 -0.04168327
v -0.04168863 0.03699984 -0.04168707
v -0.04783756 0.03699984 -0.04366014
v -0.04783756 0.03709977 -0.04366902
v -0.04783756 0.03855297 -0.04322718
v -0.04576724 0.04560769 -0.03969243
v -0.04210340 0.04672115 -0.03896110
v -0.04168863 0.04672115 -0.03892682
v -0.04168154 0.04671924 -0.03892682
v -0.04476221 0.04672115 -0.03898904
v -0.04360651 0.04672115 -0.03901189
v -0.04322542 0.04672115 -0.03901062
v -0.04521420 0.04672115 -0.03895602
v -0.04168154 0.03901358 -0.03939025
v -0.05978801 0.03699984 -0.03470518
v -0.04927331 0.03699984 -0.04327035
v -0.04937435 0.03709977 -0.04325130
v -0.04937435 0.03836073 -0.04302657
v -0.04679176 0.04546304 -0.03957943
v -0.04629368 0.04672115 -0.03883667
v -0.04783756 0.04632050 -0.03882144
v -0.04783756 0.04672115 -0.03855989
v -0.04707891 0.04672115 -0.03870590
v -0.04168154 0.04672115 -0.03642685
v -0.04168154 0.04672115 -0.03640907
v -0.05978801 0.04672115 -0.03099395
v -0.05978801 0.03699984 -0.03681664
v -0.04937789 0.03699984 -0.04323480
v -0.05026239 0.03699984 -0.04281327
v -0.05027303 0.03709977 -0.04282089
v -0.05027480 0.03807428 -0.04282216
v -0.05516878 0.04434292 -0.03829072
v -0.05398295 0.04462938 -0.03845070
v -0.04925382 0.04637855 -0.03847482
v -0.05398295 0.04539738 -0.03801012
v -0.04897553 0.04672115 -0.03831611
v -0.04825765 0.04672115 -0.03847228
v -0.05978801 0.04672115 -0.03416177
v -0.05978801 0.03709977 -0.03683695
v -0.05977915 0.03709977 -0.03684457
v -0.05977915 0.03699984 -0.03682299
v -0.05976319 0.03699984 -0.03683314
v -0.05978801 0.03863671 -0.03690170
v -0.05978801 0.03884228 -0.03686361
v -0.05964266 0.03980441 -0.03676966
v -0.05831149 0.04324660 -0.03690170
v -0.05695017 0.04324851 -0.03771302
v -0.05619330 0.04376241 -0.03804567
v -0.05773009 0.04544401 -0.03652842
v -0.05561723 0.04482637 -0.03781460
v -0.05670557 0.04577328 -0.03678616
v -0.05551974 0.04600740 -0.03702867
v -0.05075516 0.04672115 -0.03783491
v -0.04952324 0.04672115 -0.03818026
v -0.05978801 0.04599502 -0.03486135
v -0.05974724 0.04672115 -0.03419351
v -0.05978801 0.03711880 -0.03683822
v -0.05978801 0.03747473 -0.03685346
v -0.05978801 0.04461130 -0.03554443
v -0.05908077 0.04324660 -0.03638114
v -0.05978801 0.04478926 -0.03549618
v -0.05807396 0.04441906 -0.03673665
v -0.05858978 0.04487205 -0.03624910
v -0.05958063 0.04578566 -0.03522066
v -0.05845506 0.04630717 -0.03543270
v -0.05813778 0.04672115 -0.03523844
v -0.05752093 0.04672115 -0.03553173
v -0.05551974 0.04672115 -0.03629227
v -0.05978801 0.04508428 -0.03537430
v -0.05911445 0.04672115 -0.03467598
v -0.05879894 0.04672115 -0.03489055
v 0.04810378 0.03181614 -0.04001932
v 0.04810378 0.03162090 -0.03996805
v 0.04810378 0.03181614 -0.03838105
v 0.04987374 0.03181614 -0.03983376
v 0.05022273 0.03154917 -0.03972878
v 0.04810378 0.03121248 -0.03986062
v 0.04810378 0.02755263 -0.03460397
v 0.06311007 0.03181614 -0.02754913
v 0.05036633 0.03181614 -0.03977761
v 0.05124797 0.03174940 -0.03962868
v 0.04900880 0.02163950 -0.03628010
v 0.04900045 0.02163950 -0.03628132
v 0.04810378 0.02163950 -0.03639119
v 0.04810378 0.02631243 -0.03382634
v 0.06145866 0.02785148 -0.02754913
v 0.06516223 0.03181614 -0.02754913
v 0.04810378 0.02563903 -0.03350650
v 0.04810378 0.02561712 -0.03349796
v 0.05118285 0.03181614 -0.03965553
v 0.05053664 0.02163950 -0.03600176
v 0.05134816 0.03181614 -0.03961281
v 0.05212126 0.03181614 -0.03930883
v 0.05206449 0.03095149 -0.03902195
v 0.05311812 0.02163950 -0.03523267
v 0.05206449 0.02163950 -0.03563309
v 0.04810378 0.02163950 -0.03467478
v 0.06019965 0.02461101 -0.02754913
v 0.06504701 0.03151431 -0.02754913
v 0.06365609 0.03001411 -0.02900795
v 0.06474478 0.03181614 -0.02826817
v 0.04810378 0.02552049 -0.03349796
v 0.05925789 0.02163950 -0.02754913
v 0.05927960 0.02173015 -0.02754913
v 0.05931801 0.02187260 -0.02754913
v 0.05970539 0.02327617 -0.02754913
v 0.05995920 0.02396750 -0.02754913
v 0.05274576 0.03181614 -0.03903904
v 0.05358065 0.03105807 -0.03840546
v 0.05440218 0.03164082 -0.03815398
v 0.05823432 0.02163950 -0.03126272
v 0.06127164 0.02163950 -0.02754913
v 0.06304328 0.02946623 -0.02958050
v 0.06331378 0.03095149 -0.03004683
v 0.06383475 0.03095149 -0.02927897
v 0.06094938 0.02163950 -0.02806308
v 0.06074567 0.02163950 -0.02835973
v 0.06395498 0.03181614 -0.02954509
v 0.05359234 0.03181614 -0.03863619
v 0.05423687 0.03181614 -0.03829559
v 0.05442388 0.03181614 -0.03817718
v 0.06198798 0.03181614 -0.03190973
v 0.06103120 0.03095149 -0.03239804
v 0.06051858 0.02864043 -0.03197810
v 0.05912264 0.02163950 -0.03057176
v 0.06007608 0.02163950 -0.02932902
v 0.06206980 0.02860855 -0.03045823
v 0.06224679 0.02941443 -0.03064867
v 0.06346239 0.03181614 -0.03027756
v 0.05997423 0.02163950 -0.02947307
v 0.05989909 0.02163950 -0.02957928
v 0.06354755 0.03181614 -0.03015182
v 0.06203139 0.03181614 -0.03186578
v 0.06180097 0.03095149 -0.03174493
v 0.06254402 0.03095149 -0.03097584
v 0.06271099 0.03181614 -0.03112111
v 0.04810506 0.00136167 -0.02754791
v 0.04810506 0.00240574 -0.02902661
v 0.05120406 0.00262805 -0.02754791
v 0.04810506 0.00368005 -0.02754791
v 0.04862328 0.00841009 -0.03531329
v 0.04832679 0.00245933 -0.02896702
v 0.04810506 0.01019849 -0.03752803
v 0.05178544 0.00316596 -0.02754791
v 0.04980538 0.01168717 -0.03816254
v 0.05925835 0.02163950 -0.02754791
v 0.04810506 0.02163950 -0.03467547
v 0.04810506 0.01044263 -0.03778956
v 0.05220182 0.00355698 -0.02754791
v 0.04899067 0.01144700 -0.03832255
v 0.04899067 0.01250694 -0.03866685
v 0.05000519 0.01250694 -0.03829055
v 0.05149668 0.01288010 -0.03685599
v 0.05121953 0.01185589 -0.03646094
v 0.05726669 0.01037713 -0.02754791
v 0.05616451 0.00846368 -0.02754791
v 0.05609361 0.00835253 -0.02754791
v 0.05603818 0.00827710 -0.02754791
v 0.05550062 0.00756650 -0.02754791
v 0.05478904 0.00662962 -0.02754791
v 0.05275484 0.00412864 -0.02754791
v 0.06127321 0.02163950 -0.02754791
v 0.04810506 0.02163950 -0.03639142
v 0.04810506 0.01117109 -0.03838435
v 0.04810506 0.01205835 -0.03867568
v 0.04810506 0.01250694 -0.03882134
v 0.04899067 0.01404524 -0.03862271
v 0.05006578 0.01404524 -0.03830600
v 0.05083408 0.01404524 -0.03779397
v 0.05172872 0.01404524 -0.03702483
v 0.05881877 0.01342794 -0.02754791
v 0.05861251 0.01301110 -0.02754791
v 0.05772432 0.01122270 -0.02754791
v 0.05886002 0.01979155 -0.03031220
v 0.05988743 0.01624651 -0.02754791
v 0.05966570 0.01558156 -0.02754791
v 0.05950457 0.01511114 -0.02754791
v 0.05919776 0.01429336 -0.02754791
v 0.06094965 0.02163950 -0.02806325
v 0.06117911 0.02111549 -0.02754791
v 0.04810506 0.02113732 -0.03665736
v 0.04899970 0.02163950 -0.03628217
v 0.04810506 0.01404524 -0.03873085
v 0.04810506 0.01493051 -0.03856091
v 0.04843507 0.01652836 -0.03817248
v 0.04896489 0.01556767 -0.03827731
v 0.04988789 0.01504762 -0.03818241
v 0.05154567 0.01838822 -0.03673130
v 0.05176353 0.01711788 -0.03688137
v 0.05185763 0.01558156 -0.03700938
v 0.05912170 0.02163950 -0.03057152
v 0.05901729 0.02081577 -0.03047662
v 0.05989903 0.02163950 -0.02957837
v 0.05940015 0.02025999 -0.02974831
v 0.06053198 0.01852320 -0.02754791
v 0.05928026 0.01865420 -0.02930911
v 0.06028834 0.01765579 -0.02754791
v 0.06074468 0.02163950 -0.02836009
v 0.06039018 0.02129611 -0.02875515
v 0.06085812 0.01982927 -0.02754791
v 0.04900872 0.02163950 -0.03628107
v 0.04851242 0.02106983 -0.03662536
v 0.04810506 0.01660379 -0.03819896
v 0.05026044 0.01983721 -0.03671474
v 0.05067424 0.01880307 -0.03693876
v 0.05128398 0.01941244 -0.03657350
v 0.05311837 0.02163950 -0.03523273
v 0.05253183 0.01711788 -0.03632300
v 0.05823352 0.02163950 -0.03126232
v 0.05997509 0.02163950 -0.02947243
v 0.06007564 0.02163950 -0.02932897
v 0.05053760 0.02163950 -0.03600188
v 0.05206517 0.02163950 -0.03563331
v 0.05321763 0.02019251 -0.03536185
v 0.06662611 0.01695856 0.05672644
v 0.06662611 0.01695856 0.05441723
v 0.06740725 0.01695856 0.05611568
v 0.06695851 0.01838818 0.05587478
v 0.06662611 0.01775672 0.05639308
v 0.07489893 0.01695856 0.03186775
v 0.06662611 0.04034531 0.03186775
v 0.06751479 0.01695856 0.05602565
v 0.06745613 0.01700150 0.05605728
v 0.06798308 0.01743594 0.05542218
v 0.06745613 0.01880495 0.05521536
v 0.06665740 0.01941367 0.05561929
v 0.06662611 0.01938336 0.05565335
v 0.07642111 0.01695856 0.03186775
v 0.06662611 0.04275749 0.03186775
v 0.06863907 0.01695856 0.05494769
v 0.06923055 0.01865845 0.05357531
v 0.06846212 0.01865845 0.05435153
v 0.06824900 0.01949955 0.05413253
v 0.06662611 0.01949450 0.05559495
v 0.06792931 0.02052504 0.05385757
v 0.06690474 0.02131058 0.05430287
v 0.06662611 0.02074227 0.05486009
v 0.07642992 0.01695856 0.03197238
v 0.07643969 0.01705959 0.03186775
v 0.06662611 0.04244176 0.03243958
v 0.06684314 0.04262109 0.03186775
v 0.06950527 0.01695856 0.05399384
v 0.06954046 0.01712021 0.05389164
v 0.06994814 0.01865845 0.05280638
v 0.06977705 0.01950713 0.05259955
v 0.06888642 0.02001482 0.05322978
v 0.06849830 0.02140656 0.05283315
v 0.06752652 0.02187132 0.05340984
v 0.06662611 0.02229566 0.05393300
v 0.07650128 0.01695856 0.03334477
v 0.07644947 0.01712021 0.03186775
v 0.06662611 0.04241397 0.03248824
v 0.06741800 0.04214623 0.03186775
v 0.06688128 0.04111064 0.03437649
v 0.06741018 0.04134554 0.03324257
v 0.07011336 0.01695856 0.05329547
v 0.07021015 0.01712021 0.05312271
v 0.07097955 0.01712021 0.05216885
v 0.07138234 0.01816843 0.05117120
v 0.07011239 0.02009060 0.05178439
v 0.06993054 0.02133584 0.05127096
v 0.06952385 0.02053262 0.05229538
v 0.07131782 0.02106052 0.04954331
v 0.06907706 0.02188395 0.05188659
v 0.06814732 0.02243205 0.05250222
v 0.06662611 0.02250025 0.05378944
v 0.07650617 0.01695856 0.03350780
v 0.07652572 0.01712021 0.03334477
v 0.07660198 0.01859783 0.03186775
v 0.06662611 0.04119147 0.03451032
v 0.06749914 0.04207804 0.03186775
v 0.06825584 0.04098687 0.03266344
v 0.06662611 0.04092373 0.03494588
v 0.06665446 0.03939307 0.03717723
v 0.06707192 0.03974921 0.03615037
v 0.06809649 0.03929961 0.03549094
v 0.06790585 0.04065851 0.03368786
v 0.07024143 0.01695856 0.05314461
v 0.07100204 0.01695856 0.05220048
v 0.07148108 0.01695856 0.05153619
v 0.07153290 0.01712021 0.05139993
v 0.07217717 0.01712021 0.05024897
v 0.07294560 0.01836040 0.04821229
v 0.07277940 0.01938589 0.04792029
v 0.07146935 0.02019416 0.04980124
v 0.07050638 0.02170966 0.05023437
v 0.07000387 0.02326811 0.04982557
v 0.06965485 0.02236133 0.05092543
v 0.07264252 0.02019416 0.04764289
v 0.07287618 0.02110599 0.04654060
v 0.07271389 0.02386420 0.04475212
v 0.07108319 0.02208349 0.04913208
v 0.06859704 0.02326811 0.05143399
v 0.06829983 0.02415720 0.05111280
v 0.06702694 0.02326811 0.05287451
v 0.06662611 0.02400313 0.05267498
v 0.07646804 0.01695856 0.03488262
v 0.07648368 0.01712021 0.03488262
v 0.07661274 0.01865845 0.03334477
v 0.07660492 0.01865845 0.03186775
v 0.06849927 0.04121925 0.03186775
v 0.06840249 0.03963555 0.03446652
v 0.06937426 0.04024680 0.03186775
v 0.06662611 0.03943096 0.03714803
v 0.06662611 0.03786241 0.03926988
v 0.06681480 0.03800386 0.03890488
v 0.06957566 0.03765782 0.03533521
v 0.06796841 0.03608674 0.03995850
v 0.06833503 0.03648077 0.03893408
v 0.06968222 0.03626355 0.03710423
v 0.07154366 0.01695856 0.05144616
v 0.07222019 0.01695856 0.05024410
v 0.07271389 0.01695856 0.04933405
v 0.07308637 0.01712021 0.04852619
v 0.07323987 0.01878727 0.04731440
v 0.07304336 0.02019416 0.04687397
v 0.07302772 0.01695856 0.04872815
v 0.06977314 0.02408648 0.04952141
v 0.06936547 0.02326811 0.05059450
v 0.07299155 0.02447546 0.04373013
v 0.07148793 0.02596065 0.04521445
v 0.07127285 0.02864309 0.04333350
v 0.06682946 0.02575353 0.05116146
v 0.06727233 0.02462196 0.05165056
v 0.06668966 0.02406375 0.05257521
v 0.06849145 0.02748626 0.04826339
v 0.06798308 0.02685732 0.04928781
v 0.06662611 0.02410668 0.05259711
v 0.07646120 0.01695856 0.03504565
v 0.07652670 0.01865845 0.03488262
v 0.07635268 0.01712021 0.03641803
v 0.07659514 0.02013354 0.03186775
v 0.07654528 0.02019416 0.03334477
v 0.06971057 0.03937539 0.03253691
v 0.06986211 0.03960524 0.03186775
v 0.06662611 0.03632670 0.04118002
v 0.06694384 0.03657928 0.04056440
v 0.06996770 0.03663485 0.03607980
v 0.07124743 0.03630649 0.03406746
v 0.06749621 0.03561189 0.04108269
v 0.06804760 0.03460913 0.04159855
v 0.06841129 0.03506378 0.04057413
v 0.07136768 0.03492486 0.03581701
v 0.06982789 0.03336641 0.04039163
v 0.07116531 0.03308857 0.03851798
v 0.07435927 0.01793858 0.04490542
v 0.07310006 0.01695856 0.04856755
v 0.07445508 0.02173240 0.04213388
v 0.07436122 0.02253814 0.04183458
v 0.07318316 0.02331862 0.04418516
v 0.06986798 0.02731198 0.04660874
v 0.06951602 0.02673861 0.04763316
v 0.07441108 0.02574595 0.03889271
v 0.07301403 0.02760750 0.04072256
v 0.07279406 0.02863299 0.04024077
v 0.07148988 0.02941600 0.04219471
v 0.07128654 0.03019901 0.04181755
v 0.07102844 0.02941600 0.04296364
v 0.07025023 0.02940590 0.04410486
v 0.06662611 0.02584194 0.05126366
v 0.06662611 0.02553126 0.05150456
v 0.06662611 0.02490990 0.05198149
v 0.06662611 0.02665778 0.05060910
v 0.06900374 0.02791060 0.04720733
v 0.06954242 0.02990854 0.04461342
v 0.06807595 0.02851175 0.04780836
v 0.06751772 0.02795354 0.04877682
v 0.06695851 0.02739280 0.04972338
v 0.06662611 0.02705434 0.05028790
v 0.07634388 0.01695856 0.03641803
v 0.07634095 0.01865845 0.03641803
v 0.07642405 0.02019416 0.03488262
v 0.07615422 0.01712021 0.03795589
v 0.07615128 0.01695856 0.03795589
v 0.07632824 0.01695856 0.03658350
v 0.07659220 0.02019416 0.03186775
v 0.07645436 0.02167177 0.03186775
v 0.07628815 0.02320749 0.03186775
v 0.07635953 0.02173240 0.03334477
v 0.07051713 0.03861764 0.03186775
v 0.06662611 0.03478594 0.04300257
v 0.06702303 0.03513450 0.04219715
v 0.07104115 0.03602612 0.03488262
v 0.07157690 0.03525827 0.03488262
v 0.07277744 0.03476573 0.03253447
v 0.07290356 0.03494506 0.03186775
v 0.07161698 0.03695058 0.03186775
v 0.07114184 0.03767297 0.03186775
v 0.06755976 0.03413680 0.04269598
v 0.06809649 0.03313151 0.04319237
v 0.06953069 0.03144930 0.04302691
v 0.07142829 0.03347755 0.03749356
v 0.07165511 0.03400293 0.03636450
v 0.07269043 0.03306079 0.03536198
v 0.07041154 0.03082289 0.04242101
v 0.07442281 0.01712021 0.04511955
v 0.07471317 0.01712021 0.04410486
v 0.07489404 0.01865845 0.04256701
v 0.07459781 0.02024720 0.04265948
v 0.07441401 0.01976982 0.04354277
v 0.07365145 0.01695856 0.04716110
v 0.07478845 0.02173240 0.04102916
v 0.07485298 0.02326811 0.03949374
v 0.07491750 0.02480634 0.03795589
v 0.06989535 0.02888557 0.04508792
v 0.07453622 0.02629154 0.03787802
v 0.07437687 0.02872645 0.03573671
v 0.07319392 0.03102243 0.03648860
v 0.07295831 0.03203530 0.03602384
v 0.06992468 0.03042381 0.04359143
v 0.07147913 0.03206561 0.03912144
v 0.06902427 0.03100981 0.04417056
v 0.06851785 0.03057031 0.04525582
v 0.06705138 0.02901439 0.04826582
v 0.06809062 0.03004999 0.04628024
v 0.06758029 0.03109568 0.04578385
v 0.06706898 0.03213886 0.04528745
v 0.06662611 0.03170441 0.04615614
v 0.06706605 0.03060062 0.04678637
v 0.06662611 0.02790555 0.04957007
v 0.06662611 0.02753930 0.04988154
v 0.07604766 0.01870896 0.03806052
v 0.07596163 0.01712021 0.03906791
v 0.07619723 0.02019416 0.03641803
v 0.07621190 0.02173240 0.03488262
v 0.07596260 0.01695856 0.03908251
v 0.07613369 0.01695856 0.03808972
v 0.07604766 0.02486949 0.03186775
v 0.07613760 0.02326811 0.03334477
v 0.06662611 0.03463186 0.04316804
v 0.06707192 0.03366446 0.04375933
v 0.07236488 0.03395241 0.03486315
v 0.07263471 0.03449041 0.03334477
v 0.07288400 0.03339167 0.03433756
v 0.07306193 0.03372256 0.03334477
v 0.07322618 0.03430097 0.03186775
v 0.06758322 0.03263392 0.04425329
v 0.06809355 0.03159327 0.04474726
v 0.06850612 0.03210602 0.04372283
v 0.07443161 0.01695856 0.04517065
v 0.07473664 0.01695856 0.04410486
v 0.07592447 0.01823158 0.03888298
v 0.07597238 0.02019416 0.03756656
v 0.07505144 0.02019416 0.04102916
v 0.07590296 0.02106305 0.03726239
v 0.07591861 0.02267201 0.03581214
v 0.07490088 0.02634205 0.03641803
v 0.07485982 0.02787776 0.03488262
v 0.07450103 0.02779694 0.03631827
v 0.07449907 0.02905228 0.03488262
v 0.07311961 0.03252278 0.03486315
v 0.06662611 0.02919373 0.04845805
v 0.06662611 0.02860521 0.04896905
v 0.06662611 0.03016112 0.04758693
v 0.06662611 0.02997926 0.04775239
v 0.06662611 0.03323760 0.04463289
v 0.06662611 0.03158317 0.04627051
v 0.07598704 0.02163641 0.03636207
v 0.07590687 0.02413194 0.03424022
v 0.07598118 0.02321759 0.03480475
v 0.07586680 0.02565250 0.03186775
v 0.07327408 0.03416205 0.03193588
v 0.07356249 0.03248742 0.03334477
v 0.07326822 0.03421004 0.03186775
v 0.07512085 0.02787776 0.03334477
v 0.07498887 0.02935538 0.03186775
v 0.07466527 0.02953724 0.03344940
v 0.07445214 0.03048696 0.03300654
v 0.07329266 0.03415700 0.03186775
v 0.07358400 0.03343966 0.03186775
v 0.07398972 0.03243185 0.03186775
v 0.07497127 0.02942105 0.03186775
v 0.07455675 0.03089867 0.03186775
v 0.07454209 0.03094161 0.03186775
v 0.07428105 0.03165137 0.03186775
v 0.06156231 0.05269765 -0.01149705
v 0.06156231 0.05132367 -0.01149705
v 0.06156231 0.05272892 -0.01150428
v 0.06155513 0.05272892 -0.01149705
v 0.04899213 0.05053612 -0.01149705
v 0.06156231 0.04616490 -0.02719853
v 0.06156231 0.05259287 -0.01430123
v 0.06128473 0.05263343 -0.01430123
v 0.04514904 0.05477383 -0.01507039
v 0.04520408 0.05479158 -0.01430123
v 0.04522083 0.05479749 -0.01343321
v 0.04311503 0.05426768 -0.01149705
v 0.03823340 0.05072625 -0.01149705
v 0.03711589 0.04616490 -0.03243076
v 0.06156231 0.04616490 -0.03035957
v 0.06156231 0.05245682 -0.01582026
v 0.06128473 0.05254893 -0.01583955
v 0.04130596 0.05438682 -0.01276532
v 0.04507486 0.05479158 -0.01430123
v 0.05974845 0.05257090 -0.01737546
v 0.05820978 0.05254301 -0.01891137
v 0.04438090 0.05422289 -0.01891137
v 0.04505093 0.05479749 -0.01343321
v 0.04122699 0.05406149 -0.01149705
v 0.03711589 0.05079131 -0.01149705
v 0.03711589 0.04616490 -0.03526387
v 0.06108372 0.04616490 -0.03073812
v 0.06037302 0.04699047 -0.03032822
v 0.06097125 0.04742058 -0.02930348
v 0.06156231 0.04652149 -0.02991591
v 0.06156231 0.05207826 -0.01727901
v 0.06132063 0.05213995 -0.01739957
v 0.03962371 0.05387137 -0.01263753
v 0.03711589 0.05255231 -0.02198560
v 0.05978196 0.05215262 -0.01894995
v 0.05820022 0.05208925 -0.02047139
v 0.05667351 0.05242978 -0.02044969
v 0.03823340 0.05228782 -0.02352392
v 0.03711589 0.05247795 -0.02240755
v 0.05360096 0.05239429 -0.02198560
v 0.05052601 0.05227008 -0.02352392
v 0.04899213 0.05239345 -0.02352392
v 0.04745346 0.05203601 -0.02480907
v 0.04591718 0.05203939 -0.02486453
v 0.04284463 0.05197517 -0.02484765
v 0.04130596 0.05195404 -0.02480666
v 0.03976968 0.05192785 -0.02470057
v 0.04017170 0.05371673 -0.01149705
v 0.03711589 0.05247034 -0.01149705
v 0.03711589 0.04672852 -0.03459598
v 0.04070772 0.04706145 -0.03502517
v 0.04022913 0.04616490 -0.03585460
v 0.06057402 0.04616490 -0.03108292
v 0.05934883 0.04734199 -0.03069231
v 0.05973171 0.04789378 -0.02965792
v 0.06156231 0.04790392 -0.02815335
v 0.06156231 0.04947226 -0.02507189
v 0.03711589 0.05255569 -0.01431329
v 0.03711589 0.05249147 -0.01159350
v 0.04004008 0.05368546 -0.01154768
v 0.03711589 0.05256921 -0.02086923
v 0.03711589 0.05257005 -0.02044969
v 0.03711589 0.05256752 -0.01779741
v 0.06128473 0.04957112 -0.02505742
v 0.05667351 0.05199038 -0.02170591
v 0.05820978 0.04879879 -0.02932277
v 0.05678837 0.04897793 -0.02979777
v 0.05524252 0.05209854 -0.02211098
v 0.05360096 0.05198024 -0.02325146
v 0.03711589 0.05213910 -0.02361073
v 0.04130596 0.04891286 -0.03255614
v 0.05209100 0.05203179 -0.02363002
v 0.05133244 0.05016854 -0.02891287
v 0.05052601 0.05020572 -0.02902861
v 0.04899213 0.05196841 -0.02469816
v 0.04899213 0.05026572 -0.02922391
v 0.04745346 0.05030712 -0.02935411
v 0.04591718 0.05030966 -0.02935894
v 0.04284463 0.04895849 -0.03267428
v 0.03711589 0.04734622 -0.03382682
v 0.03976968 0.04760479 -0.03414027
v 0.04130596 0.04849120 -0.03332530
v 0.04125331 0.04762000 -0.03441996
v 0.04173190 0.04712905 -0.03508545
v 0.04125331 0.04649952 -0.03568583
v 0.04127485 0.04616490 -0.03603786
v 0.06001407 0.04616490 -0.03145424
v 0.05757326 0.04717975 -0.03205462
v 0.05813560 0.04758367 -0.03120589
v 0.05820978 0.04840839 -0.03009193
v 0.06011458 0.04844557 -0.02857772
v 0.06156231 0.04820475 -0.02773381
v 0.06156231 0.04939029 -0.02530818
v 0.06127755 0.04897370 -0.02662950
v 0.05909039 0.04866950 -0.02899003
v 0.05737704 0.04859599 -0.03039815
v 0.05635285 0.04873457 -0.03064408
v 0.05513723 0.04886301 -0.03090690
v 0.03976968 0.04881062 -0.03233190
v 0.03711589 0.05201066 -0.02391453
v 0.04284463 0.04856134 -0.03344345
v 0.05356746 0.04893230 -0.03130233
v 0.05206228 0.04916637 -0.03120589
v 0.05052601 0.04931255 -0.03120589
v 0.04899213 0.04892131 -0.03247175
v 0.04745346 0.04898131 -0.03259472
v 0.04591718 0.04898384 -0.03265017
v 0.04438090 0.04896779 -0.03267911
v 0.03976968 0.04837290 -0.03310106
v 0.03711589 0.04800195 -0.03272492
v 0.03861388 0.04870922 -0.03212695
v 0.04284463 0.04717299 -0.03512161
v 0.04284463 0.04787604 -0.03428012
v 0.04284463 0.04640404 -0.03589077
v 0.04284463 0.04616490 -0.03612948
v 0.05910236 0.04616490 -0.03202568
v 0.05848976 0.04616490 -0.03237047
v 0.05814518 0.04616490 -0.03254890
v 0.05689366 0.04616490 -0.03316857
v 0.05678358 0.04631447 -0.03310106
v 0.05667351 0.04739269 -0.03226438
v 0.05678837 0.04823601 -0.03117695
v 0.06156231 0.04854951 -0.02725158
v 0.06156231 0.04892892 -0.02651618
v 0.05513723 0.04842191 -0.03167365
v 0.05405801 0.04855204 -0.03188101
v 0.05303143 0.04865852 -0.03202327
v 0.03711589 0.04888329 -0.03106604
v 0.04438090 0.04855965 -0.03344585
v 0.05206228 0.04872612 -0.03213660
v 0.05052601 0.04882498 -0.03231261
v 0.04899213 0.04842952 -0.03324090
v 0.04745346 0.04849881 -0.03336387
v 0.04591718 0.04853346 -0.03341933
v 0.03711589 0.04849881 -0.03181591
v 0.03711589 0.04871091 -0.03141084
v 0.04438090 0.04786759 -0.03428012
v 0.04438090 0.04716623 -0.03511438
v 0.04438090 0.04640150 -0.03588354
v 0.04332082 0.04616490 -0.03612706
v 0.05665676 0.04616490 -0.03327466
v 0.05513723 0.04686457 -0.03333012
v 0.05427338 0.04705638 -0.03347479
v 0.05513723 0.04765380 -0.03256096
v 0.05324919 0.04721778 -0.03362187
v 0.05206228 0.04738594 -0.03378101
v 0.05206228 0.04815405 -0.03290575
v 0.05052601 0.04832305 -0.03307936
v 0.05052601 0.04755494 -0.03395220
v 0.04899213 0.04766056 -0.03407999
v 0.04669728 0.04709187 -0.03504928
v 0.04591718 0.04616490 -0.03606438
v 0.04484274 0.04616490 -0.03611019
v 0.04438090 0.04616490 -0.03611983
v 0.05592930 0.04616490 -0.03357123
v 0.05513723 0.04616490 -0.03388710
v 0.05507501 0.04616490 -0.03390880
v 0.05346695 0.04616490 -0.03445131
v 0.05206228 0.04616490 -0.03484433
v 0.05206228 0.04650544 -0.03455017
v 0.05052601 0.04616490 -0.03522530
v 0.04899213 0.04616490 -0.03556044
v 0.04845371 0.04616490 -0.03566653
v 0.04718066 0.04616490 -0.03591488
v 0.04615169 0.04616490 -0.03604268
v 0.03711589 0.04616490 -0.03526583
v 0.03711589 0.04672849 -0.03459577
v 0.03711589 0.04616490 -0.03243200
v 0.03669242 0.04616490 -0.03519138
v 0.03711589 0.04734656 -0.03382798
v 0.03669242 0.04669776 -0.03454923
v 0.03711589 0.05079167 -0.01149705
v 0.02284605 0.04616490 -0.02461920
v 0.03611238 0.04616490 -0.03506109
v 0.03515512 0.04655250 -0.03437939
v 0.03711589 0.04800164 -0.03272516
v 0.03515512 0.04716847 -0.03361161
v 0.03436156 0.04709724 -0.03352086
v 0.00288605 0.04820696 -0.01149705
v 0.01825194 0.04616490 -0.02265553
v 0.01876081 0.04616490 -0.02280676
v 0.01967536 0.04616490 -0.02316274
v 0.02132298 0.04616490 -0.02386770
v 0.03711589 0.05247058 -0.01149705
v 0.03515512 0.04616490 -0.03484471
v 0.03711589 0.04849889 -0.03181545
v 0.00076159 0.04822512 -0.02202967
v 0.00076159 0.04864694 -0.02126189
v 0.00076159 0.04616490 -0.02509616
v 0.00076159 0.04745690 -0.02327907
v 0.00134875 0.04816436 -0.01149705
v 0.01518090 0.04616490 -0.02214368
v 0.01671820 0.04616490 -0.02236703
v 0.01751176 0.04616490 -0.02250430
v 0.03711589 0.05249153 -0.01159477
v 0.02710921 0.05328489 -0.01149705
v 0.03711589 0.04871120 -0.03141062
v 0.00076159 0.04890046 -0.02044990
v 0.03515512 0.05247686 -0.02198547
v 0.03662837 0.05207460 -0.02364667
v 0.03711589 0.04888300 -0.03106395
v 0.00076159 0.04616490 -0.02187611
v 0.00076159 0.04818043 -0.01149705
v 0.00785025 0.04616490 -0.02155969
v 0.00903169 0.04616490 -0.02153177
v 0.00944093 0.04616490 -0.02152247
v 0.01112057 0.04616490 -0.02164112
v 0.03711589 0.05255578 -0.01431226
v 0.02694195 0.05325696 -0.01223459
v 0.02612704 0.05329956 -0.01149705
v 0.03711589 0.05256765 -0.01779754
v 0.03711589 0.05257045 -0.02044990
v 0.03711589 0.05256905 -0.02087101
v 0.03711589 0.05255229 -0.02198547
v 0.00076159 0.04904153 -0.01986591
v 0.03208408 0.05249363 -0.02044990
v 0.03054678 0.05262143 -0.01891200
v 0.02640817 0.05325696 -0.01223459
v 0.03669242 0.05255019 -0.02198547
v 0.03711589 0.05247826 -0.02240658
v 0.03711589 0.05213955 -0.02360712
v 0.03711589 0.05201035 -0.02391424
v 0.00076159 0.04965261 -0.01149705
v 0.02601317 0.05329956 -0.01149705
v 0.00076159 0.04926850 -0.01891200
v 0.01671820 0.05218983 -0.01276506
v 0.02524808 0.05322134 -0.01149705
v 0.00076159 0.04936907 -0.01737643
v 0.01545135 0.05200336 -0.01149705
v 0.00076159 0.04930971 -0.01832802
v 0.01671820 0.05218355 -0.01149705
v -0.00172825 0.04684866 0.02300561
v -0.00157127 0.03386848 0.02710840
v -0.00172825 0.03386848 0.02711136
v -0.00326532 0.04684866 0.02304116
v -0.00019336 0.04684866 0.02310633
v -0.00009525 0.03386848 0.02710099
v -0.00019336 0.03386848 0.02709507
v -0.00310835 0.03386848 0.02722837
v -0.00480240 0.04684866 0.02327666
v -0.00326532 0.03386848 0.02724466
v 0.00076159 0.04684866 0.02323222
v 0.00076159 0.03386848 0.02716912
v -0.00003638 0.03386848 0.02710543
v -0.00479585 0.03386848 0.02761643
v -0.00541286 0.04684866 0.02343514
v 0.00076159 0.04684866 0.02543173
v 0.00076159 0.03386848 0.02880135
v -0.00488306 0.03386848 0.02764013
v -0.00635473 0.03558248 0.02757644
v -0.00582929 0.04684866 0.02363510
v 0.00076159 0.04632010 0.02576203
v -0.01377192 0.04684866 0.03499849
v 0.00076159 0.03402603 0.02880728
v -0.01277773 0.03402603 0.03593457
v -0.01279081 0.03386848 0.03592569
v -0.00563961 0.03386848 0.02794969
v -0.00585109 0.03440593 0.02782379
v -0.00635037 0.03386848 0.02833923
v -0.02150961 0.03386848 0.03672255
v -0.00720939 0.03610850 0.02785490
v -0.02150961 0.03709955 0.03640706
v -0.02150961 0.04684866 0.03553763
v 0.00076159 0.04596307 0.02598272
v -0.01409896 0.04684866 0.03519844
v 0.00076159 0.04324659 0.02716764
v 0.00076159 0.04414488 0.02688474
v 0.00076159 0.04466328 0.02671145
v 0.00076159 0.04513974 0.02647002
v 0.00076159 0.04543197 0.02630709
v 0.00076159 0.03497896 0.02871248
v -0.01283442 0.03556342 0.03591236
v -0.01402265 0.03556342 0.03650482
v -0.01577557 0.03402603 0.03740980
v -0.01580173 0.03386848 0.03739943
v -0.02150961 0.03386848 0.03813112
v -0.02150961 0.04684866 0.03722762
v -0.01468108 0.04684866 0.03554355
v 0.00076159 0.03980333 0.02803412
v 0.00076159 0.03556342 0.02865176
v -0.01472033 0.04593893 0.03568574
v -0.01506481 0.03556342 0.03701137
v -0.01583225 0.03556342 0.03738314
v -0.01709680 0.03402603 0.03783933
v -0.01591074 0.03386848 0.03743646
v -0.02017094 0.03386848 0.03812520
v -0.02150961 0.03402603 0.03813705
v -0.02150961 0.04651831 0.03728687
v -0.02118257 0.04684866 0.03722170
v -0.01494489 0.04684866 0.03567241
v -0.01550958 0.04684866 0.03589903
v -0.01709680 0.03556342 0.03778601
v -0.01863387 0.03556342 0.03804818
v -0.01863387 0.03402603 0.03807928
v -0.01725377 0.03386848 0.03785563
v -0.01709680 0.03386848 0.03782156
v -0.02017094 0.03402603 0.03812816
v -0.01879085 0.03386848 0.03808076
v -0.02150961 0.03556342 0.03813260
v -0.02017094 0.03556342 0.03812668
v -0.02150961 0.04500887 0.03743498
v -0.02017094 0.04017434 0.03780971
v -0.02059827 0.04605455 0.03723799
v -0.02063533 0.04684866 0.03711505
v -0.01709680 0.04684866 0.03636855
v -0.01772907 0.04124670 0.03723058
v -0.01928576 0.04426940 0.03721133
v -0.01863387 0.04017434 0.03756532
v -0.02150961 0.04017434 0.03788821
v -0.02017094 0.03709955 0.03802448
v -0.01863387 0.03386848 0.03807039
v -0.02150961 0.03709955 0.03805706
v -0.02150961 0.03863694 0.03798004
v -0.03281487 0.02581496 0.03391438
v -0.03246635 0.02581496 0.03383758
v -0.03281487 0.02581496 0.03564023
v -0.03281487 0.03709772 0.03224681
v -0.03193970 0.02581496 0.03373199
v -0.02324553 0.02581496 0.03591450
v -0.02324553 0.02634203 0.03623403
v -0.02324553 0.02753414 0.03694508
v -0.02324553 0.02830211 0.03733660
v -0.02448803 0.02842358 0.03728106
v -0.02491289 0.02928008 0.03745385
v -0.02478234 0.03095191 0.03783852
v -0.02631914 0.03248991 0.03779875
v -0.02631914 0.03402584 0.03791806
v -0.02785484 0.03402584 0.03751214
v -0.02870124 0.03402584 0.03721524
v -0.02870235 0.03499970 0.03721524
v -0.03281487 0.02634203 0.03563200
v -0.02886610 0.02581496 0.03356263
v -0.03040290 0.02581496 0.03356263
v -0.03092955 0.02581496 0.03360925
v -0.03281487 0.04631953 0.03118263
v -0.02170873 0.02581496 0.03589050
v -0.02170873 0.02634203 0.03620592
v -0.02170873 0.02757326 0.03692588
v -0.02170873 0.02834123 0.03733112
v -0.02170873 0.02941597 0.03767396
v -0.02324553 0.02941597 0.03767464
v -0.02324553 0.03095191 0.03795920
v -0.02478234 0.03248991 0.03801954
v -0.02478234 0.03402584 0.03807302
v -0.02478234 0.03556384 0.03804697
v -0.02631914 0.03556384 0.03785292
v -0.02793118 0.03553296 0.03740928
v -0.03101253 0.03552266 0.03602901
v -0.03092955 0.03402584 0.03621277
v -0.02947020 0.03402584 0.03689571
v -0.02751185 0.03863572 0.03733112
v -0.02939275 0.04170965 0.03621826
v -0.03035201 0.04170965 0.03575885
v -0.03183570 0.03402584 0.03573417
v -0.03281487 0.03228607 0.03527751
v -0.02151179 0.02581496 0.03388009
v -0.03281487 0.04684866 0.03113395
v -0.02151179 0.02581496 0.03587953
v -0.02151179 0.02632556 0.03618466
v -0.02151179 0.02758973 0.03692040
v -0.02151179 0.02835770 0.03732357
v -0.02151179 0.02941597 0.03766161
v -0.02151179 0.02961157 0.03770687
v -0.02170873 0.03095191 0.03797017
v -0.02324553 0.03248991 0.03808194
v -0.02324553 0.03402584 0.03811005
v -0.02324553 0.03556384 0.03810525
v -0.02324553 0.03709772 0.03803599
v -0.02324553 0.04017165 0.03785977
v -0.02324553 0.04170965 0.03776995
v -0.02478234 0.04324559 0.03757796
v -0.02579028 0.04478359 0.03726392
v -0.02631914 0.03863572 0.03761499
v -0.03176710 0.03498117 0.03569371
v -0.02729610 0.04017165 0.03725912
v -0.02716554 0.04111875 0.03720975
v -0.02898116 0.04684866 0.03582331
v -0.03155578 0.04684866 0.03440807
v -0.03187000 0.04684866 0.03423390
v -0.03111985 0.04170965 0.03529739
v -0.03281487 0.03379525 0.03515957
v -0.02151179 0.04684866 0.03553875
v -0.03281487 0.04684866 0.03348446
v -0.02151179 0.03095191 0.03796468
v -0.02151179 0.03114956 0.03798525
v -0.02151179 0.03248991 0.03809222
v -0.02170873 0.03248991 0.03809222
v -0.02170873 0.03402584 0.03813816
v -0.02170873 0.03556384 0.03813473
v -0.02170873 0.03863572 0.03799005
v -0.02170873 0.04017165 0.03789954
v -0.02324553 0.04324559 0.03767464
v -0.02324553 0.04478359 0.03754299
v -0.02478234 0.04478359 0.03744494
v -0.02562985 0.04576156 0.03721044
v -0.02785484 0.04684866 0.03626968
v -0.03237452 0.04684866 0.03384101
v -0.03263785 0.04684866 0.03363325
v -0.02151179 0.04684866 0.03722758
v -0.02151179 0.03402584 0.03813679
v -0.02151179 0.03556384 0.03813336
v -0.02151179 0.03709772 0.03805725
v -0.02151179 0.03863572 0.03798045
v -0.02151179 0.04017165 0.03788789
v -0.02170873 0.04478359 0.03747785
v -0.02171758 0.04684866 0.03727009
v -0.02267020 0.04684866 0.03730643
v -0.02324553 0.04631953 0.03737294
v -0.02445484 0.04684866 0.03723718
v -0.02475578 0.04629276 0.03727078
v -0.02511869 0.04684866 0.03709044
v -0.02524924 0.04678484 0.03707330
v -0.02625054 0.04684866 0.03677915
v -0.02151179 0.04651718 0.03728655
v -0.02151179 0.04500801 0.03743534
v -0.02156269 0.04646777 0.03729615
v -0.02324553 0.04684866 0.03731192
v -0.02521937 0.04684866 0.03706370
v 0.01210017 0.06422744 0.02051180
v 0.02132572 0.06422744 0.01039856
v 0.03145953 0.06422744 0.01951056
v 0.02809616 0.06422744 0.01265387
v 0.03009964 0.06422744 0.01514486
v 0.03121278 0.06422744 0.01738361
v 0.03136378 0.06422744 0.01808714
v 0.03141994 0.06422744 0.01873341
v 0.03144941 0.06429485 0.01951056
v 0.03100930 0.06506331 0.01951056
v 0.03097708 0.06490411 0.02104852
v 0.03132787 0.06422744 0.02104852
v 0.03141810 0.06422744 0.02016092
v 0.03112808 0.06422744 0.02204928
v 0.03081872 0.06461066 0.02243104
v 0.03017053 0.06482006 0.02411078
v 0.02987406 0.06561979 0.02359132
v 0.03003979 0.06575662 0.02258510
v 0.03020828 0.06588483 0.02104852
v 0.02900951 0.06624655 0.02258510
v 0.02907673 0.06592442 0.02411078
v 0.02898742 0.06589545 0.02435893
v 0.02886496 0.06594306 0.02435893
v 0.02749402 0.06642525 0.02435893
v 0.02723622 0.06649783 0.02435893
v 0.02747284 0.06648606 0.02412169
v 0.02528246 0.06708070 0.02353132
v 0.02497586 0.06698374 0.02435893
v 0.02424942 0.06710336 0.02435893
v 0.02439397 0.06710909 0.02407533
v 0.02286282 0.06715786 0.02412169
v 0.02451367 0.06710795 0.02249103
v 0.02528246 0.06708070 0.02293960
v 0.02510200 0.06704599 0.02191566
v 0.02900951 0.06636071 0.01951056
v 0.02900951 0.06636874 0.02104852
v 0.03024143 0.06588254 0.01951056
v 0.02900951 0.06623364 0.01797398
v 0.02747284 0.06636301 0.01643875
v 0.02747284 0.06611316 0.01490216
v 0.02908041 0.06589746 0.01641694
v 0.03010792 0.06576751 0.01797398
v 0.03087580 0.06493021 0.01797398
v 0.02992102 0.06563729 0.01691459
v 0.03134721 0.06422744 0.01797398
v 0.03106547 0.06422744 0.01698958
v 0.03051212 0.06471364 0.01654237
v 0.03007938 0.06439840 0.01521166
v 0.02960982 0.06422744 0.01440860
v 0.02832818 0.06559111 0.01404184
v 0.02916327 0.06422744 0.01383187
v 0.02836685 0.06422744 0.01291019
v 0.02857494 0.06461497 0.01346374
v 0.02747284 0.06515108 0.01291564
v 0.02669668 0.06552828 0.01260206
v 0.02747284 0.06438262 0.01226392
v 0.02778957 0.06422744 0.01239754
v 0.02559919 0.06422744 0.01089095
v 0.02556788 0.06424752 0.01088413
v 0.02557617 0.06422744 0.01088277
v 0.02286282 0.06422744 0.01046147
v 0.02440042 0.06422744 0.01065508
v 0.02440042 0.06444917 0.01073279
v 0.02440042 0.06521763 0.01143087
v 0.02286282 0.06536736 0.01126998
v 0.02440042 0.06575518 0.01219984
v 0.02286282 0.06581370 0.01203759
v 0.02205352 0.06537654 0.01126589
v 0.02132572 0.06461638 0.01055846
v 0.02286282 0.06459890 0.01061008
v 0.02008935 0.06422744 0.01053796
v 0.01978829 0.06447070 0.01067326
v 0.01978829 0.06422744 0.01058169
v 0.01725416 0.06422744 0.01122538
v 0.01816123 0.06422744 0.01089055
v 0.01827814 0.06422744 0.01086459
v 0.01825184 0.06424547 0.01087689
v 0.01825184 0.06501390 0.01162171
v 0.01736718 0.06557112 0.01254010
v 0.01978829 0.06523914 0.01142218
v 0.02132572 0.06538481 0.01126365
v 0.02132572 0.06582441 0.01203171
v 0.02286282 0.06625114 0.01336421
v 0.02440042 0.06618516 0.01336421
v 0.02567192 0.06566253 0.01238118
v 0.02608532 0.06590721 0.01321424
v 0.02593709 0.06635325 0.01490216
v 0.02440042 0.06640833 0.01490216
v 0.02407725 0.06708758 0.02146300
v 0.02132572 0.06626257 0.01336420
v 0.01978829 0.06620648 0.01336420
v 0.01825184 0.06639394 0.01490168
v 0.01978829 0.06641597 0.01490168
v 0.02286282 0.06708557 0.02146709
v 0.02036020 0.06707193 0.02177595
v 0.01671538 0.06644287 0.01643917
v 0.01671538 0.06628375 0.01490168
v 0.01825184 0.06607969 0.01336420
v 0.01680015 0.06580237 0.01335463
v 0.01565828 0.06568188 0.01386029
v 0.01515944 0.06587936 0.01489348
v 0.01421730 0.06566843 0.01539915
v 0.01463430 0.06535705 0.01437552
v 0.01367365 0.06474545 0.01495498
v 0.01415495 0.06433247 0.01380973
v 0.01293027 0.06422744 0.01544698
v 0.01414326 0.06422744 0.01379743
v 0.01420756 0.06422744 0.01372499
v 0.01560956 0.06433218 0.01232144
v 0.01512144 0.06484476 0.01332320
v 0.01634418 0.06535705 0.01283530
v 0.01825184 0.06566471 0.01238977
v 0.01978829 0.06577146 0.01219024
v 0.01569822 0.06422744 0.01223671
v 0.01559690 0.06422744 0.01230914
v 0.01273638 0.06422744 0.01584467
v 0.01319235 0.06517532 0.01643917
v 0.01396009 0.06582441 0.01643917
v 0.01517893 0.06627574 0.01643917
v 0.01375451 0.06594404 0.01797392
v 0.01517893 0.06641826 0.01797392
v 0.01884226 0.06708395 0.02296221
v 0.01517893 0.06646892 0.01951141
v 0.01364150 0.06608656 0.02104753
v 0.01517893 0.06647807 0.02258501
v 0.01517893 0.06640281 0.02412250
v 0.01891630 0.06707794 0.02435893
v 0.01516139 0.06634385 0.02435893
v 0.01384220 0.06592286 0.02412250
v 0.01350315 0.06595892 0.02269024
v 0.01276074 0.06562579 0.02224745
v 0.01275879 0.06563122 0.02104753
v 0.01283284 0.06557084 0.02000887
v 0.01241584 0.06465387 0.01797392
v 0.01298580 0.06542230 0.01797392
v 0.01262044 0.06440688 0.01643917
v 0.01228041 0.06422744 0.01797392
v 0.01223170 0.06476405 0.02104753
v 0.01239538 0.06490229 0.02269024
v 0.01289909 0.06550644 0.02327244
v 0.01259608 0.06444638 0.02412250
v 0.01218201 0.06422744 0.02264788
v 0.01210212 0.06422744 0.02104753
v 0.01258342 0.06422744 0.01643917
v 0.01263018 0.06422744 0.02435893
v 0.01246553 0.06422744 0.02384643
v 0.01254542 0.06422744 0.02412250
v 0.01265941 0.06435279 0.02435893
v 0.01300334 0.06490744 0.02435893
v 0.01307349 0.06521481 0.02412250
v 0.01316312 0.06514870 0.02435893
v 0.01328296 0.06531727 0.02435893
v 0.01390066 0.06588622 0.02435893
v 0.02257648 0.06714782 0.02435893
v 0.02095062 0.06713031 0.02435893
v 0.01955252 0.06709797 0.02435893
v 0.01887733 0.06708137 0.02412250
v 0.01978829 0.06710971 0.02412250
v 0.02132572 0.06714520 0.02412250
v 0.01982434 0.06709139 0.02250438
v 0.02286282 0.06713778 0.02258510
v 0.02747284 0.06573338 0.01368462
v 0.02858691 0.06572850 0.01490216
v 0.02964020 0.06542301 0.01588929
v 0.02286282 0.06714753 0.02435893
v 0.03022762 0.06422744 0.02435893
v 0.02969452 0.06543248 0.02435893
v 0.02990721 0.06508941 0.02435893
v 0.03012634 0.06471278 0.02435893
v 0.03033442 0.06422744 0.02411487
v -0.06399875 0.01361822 0.05505890
v -0.06399875 0.01404563 0.05502880
v -0.06474305 0.01361822 0.05501186
v -0.06399875 0.01361822 0.05351958
v -0.06474305 0.01404563 0.05498175
v -0.06399875 0.01478943 0.05490648
v -0.06516956 0.01361822 0.05494412
v -0.06399875 0.02581496 0.04761442
v -0.07690172 0.01361822 0.03583423
v -0.06399875 0.01558336 0.05475593
v -0.06474305 0.01558336 0.05469007
v -0.06627965 0.01404563 0.05469383
v -0.06627965 0.01361822 0.05473523
v -0.06399875 0.02581496 0.04979734
v -0.07421407 0.02581496 0.03583423
v -0.07840161 0.01361822 0.03583423
v -0.06399875 0.01639043 0.05451506
v -0.06399875 0.01705423 0.05430994
v -0.06474305 0.01688111 0.05428736
v -0.06577828 0.01660771 0.05418009
v -0.06628671 0.01558336 0.05433628
v -0.06725274 0.01507118 0.05417445
v -0.06753662 0.01404563 0.05428548
v -0.06669064 0.01361822 0.05460727
v -0.06544214 0.02581496 0.04942097
v -0.06562716 0.02562274 0.04952071
v -0.06399875 0.02482164 0.05051431
v -0.07623934 0.02581496 0.03583423
v -0.07842703 0.01404563 0.03583423
v -0.07835359 0.01361822 0.03641947
v -0.06399875 0.02023832 0.05305477
v -0.06474446 0.02028130 0.05290798
v -0.06627965 0.01865642 0.05325424
v -0.06723297 0.01956735 0.05263136
v -0.06777389 0.01858956 0.05280448
v -0.06830492 0.01404563 0.05392793
v -0.06867354 0.01803202 0.05261066
v -0.06890798 0.01711989 0.05275744
v -0.06781202 0.01361822 0.05421585
v -0.06759876 0.01361822 0.05431182
v -0.06580370 0.02581496 0.04930618
v -0.06648726 0.02581496 0.04905778
v -0.06665250 0.02537441 0.04933817
v -0.06619491 0.02483836 0.04985379
v -0.06507918 0.02383430 0.05087562
v -0.06405383 0.02406591 0.05103934
v -0.06399875 0.02407666 0.05104686
v -0.06399875 0.02412680 0.05101111
v -0.07628595 0.02572661 0.03583423
v -0.07621251 0.02581496 0.03592079
v -0.07837760 0.01558336 0.03583423
v -0.07837195 0.01404563 0.03641947
v -0.07813750 0.01361822 0.03795504
v -0.06399875 0.02078512 0.05282142
v -0.06399875 0.02113015 0.05264076
v -0.06627965 0.01983359 0.05277626
v -0.06627965 0.02274190 0.05115413
v -0.06706490 0.02251148 0.05102616
v -0.06777389 0.02012370 0.05205552
v -0.06825690 0.01905637 0.05239801
v -0.06836706 0.01361822 0.05395616
v -0.06940512 0.01552486 0.05293057
v -0.06935286 0.01404563 0.05332198
v -0.06995027 0.01599883 0.05243000
v -0.06935569 0.01865761 0.05180712
v -0.07034573 0.01826005 0.05121623
v -0.06967628 0.01711989 0.05222677
v -0.07018755 0.01497448 0.05260689
v -0.06782897 0.02581496 0.04838974
v -0.06743634 0.02435006 0.04969384
v -0.06627965 0.02351076 0.05068556
v -0.06463712 0.02329944 0.05131220
v -0.06399875 0.02372088 0.05124257
v -0.07632267 0.02562752 0.03583423
v -0.07611506 0.02518936 0.03682406
v -0.07595829 0.02581496 0.03654932
v -0.07821801 0.01711989 0.03583423
v -0.07831263 0.01558336 0.03641947
v -0.07814033 0.01404563 0.03795504
v -0.07790447 0.01361822 0.03919892
v -0.06423319 0.02107284 0.05261442
v -0.06776259 0.02321706 0.05022451
v -0.06808884 0.02206735 0.05075330
v -0.06865376 0.02104300 0.05106757
v -0.06767220 0.02162442 0.05123316
v -0.06895741 0.02019295 0.05132161
v -0.06935286 0.01361822 0.05338220
v -0.07033160 0.01404563 0.05271792
v -0.06967064 0.01361822 0.05318650
v -0.07062254 0.01711989 0.05145710
v -0.07169732 0.01950766 0.04952259
v -0.07088947 0.01558097 0.05178830
v -0.07179618 0.01516311 0.05114660
v -0.07109991 0.01404563 0.05207246
v -0.06789535 0.02483836 0.04907848
v -0.06825973 0.02581496 0.04813569
v -0.06867354 0.02565736 0.04800960
v -0.06846169 0.02392265 0.04939839
v -0.07654441 0.02475359 0.03583423
v -0.07680710 0.02326601 0.03641947
v -0.07642860 0.02472733 0.03635549
v -0.07643001 0.02316811 0.03787036
v -0.07630855 0.02416381 0.03730017
v -0.07630149 0.02259147 0.03880562
v -0.07466320 0.02393459 0.04171115
v -0.07556990 0.02581496 0.03744318
v -0.07800334 0.01860508 0.03583423
v -0.07813609 0.01711989 0.03641947
v -0.07799909 0.01572543 0.03810370
v -0.07790165 0.01404563 0.03916505
v -0.07786069 0.01530757 0.03894864
v -0.07696246 0.01361822 0.04256738
v -0.06890798 0.02289710 0.04972959
v -0.07052085 0.02326601 0.04825424
v -0.07034149 0.02122566 0.04964679
v -0.07136542 0.02053082 0.04923467
v -0.07114510 0.01361822 0.05211762
v -0.07059147 0.01361822 0.05258243
v -0.07037680 0.01361822 0.05274991
v -0.07188374 0.01865642 0.04971454
v -0.07138943 0.01711989 0.05077965
v -0.07161540 0.02243149 0.04790046
v -0.07188516 0.02140713 0.04820908
v -0.07206170 0.02008789 0.04871905
v -0.07290061 0.02019295 0.04755232
v -0.07296276 0.01711989 0.04916881
v -0.07313647 0.01619821 0.04941721
v -0.07273961 0.01404563 0.05054066
v -0.07197131 0.01404563 0.05130467
v -0.07219446 0.01711989 0.05001186
v -0.07328900 0.01517386 0.04960162
v -0.07202498 0.01361822 0.05134984
v -0.07139367 0.01361822 0.05190309
v -0.06855066 0.02581496 0.04795692
v -0.06882607 0.02581496 0.04776120
v -0.07029064 0.02581496 0.04660765
v -0.06969888 0.02512847 0.04761630
v -0.07018472 0.02410412 0.04799267
v -0.06925259 0.02469151 0.04827118
v -0.07784657 0.01958884 0.03583423
v -0.07679015 0.02172948 0.03795504
v -0.07654441 0.01870179 0.04109015
v -0.07635516 0.01822065 0.04202542
v -0.07554731 0.02019295 0.04256738
v -0.07506571 0.02173306 0.04258432
v -0.07509536 0.02336033 0.04113155
v -0.07484115 0.02122208 0.04353840
v -0.07333561 0.02283621 0.04514171
v -0.07339775 0.02446825 0.04370776
v -0.07370988 0.02490999 0.04267464
v -0.07344154 0.02581496 0.04228323
v -0.07791577 0.01857643 0.03636302
v -0.07790588 0.01711989 0.03765959
v -0.07783103 0.01801053 0.03731334
v -0.07779149 0.01633312 0.03871529
v -0.07693703 0.01404563 0.04256738
v -0.07672942 0.01558336 0.04256738
v -0.07650769 0.01361822 0.04402014
v -0.07197131 0.02326601 0.04680524
v -0.07305032 0.02217241 0.04616542
v -0.07246703 0.02179037 0.04721171
v -0.07032313 0.02580063 0.04659260
v -0.07134706 0.02513564 0.04607321
v -0.07180607 0.02577795 0.04505138
v -0.07326782 0.02114806 0.04652297
v -0.07330030 0.01818245 0.04810182
v -0.07348673 0.01711989 0.04839914
v -0.07481855 0.01661726 0.04655496
v -0.07365197 0.01564425 0.04882820
v -0.07279328 0.01361822 0.05059523
v -0.07342035 0.01404563 0.04977287
v -0.07223823 0.01361822 0.05114660
v -0.07446406 0.01558336 0.04755420
v -0.07493860 0.01558336 0.04678642
v -0.07408414 0.01404563 0.04871153
v -0.07418442 0.01361822 0.04869647
v -0.07372400 0.01361822 0.04943226
v -0.07031607 0.02581496 0.04658695
v -0.07703307 0.01865642 0.03949248
v -0.07691726 0.01711989 0.04102993
v -0.07644413 0.01699453 0.04254856
v -0.07627889 0.01639759 0.04336527
v -0.07508124 0.01712586 0.04569497
v -0.07496543 0.02005804 0.04407284
v -0.07474228 0.01945632 0.04489143
v -0.07455727 0.02047948 0.04456399
v -0.07352627 0.02168770 0.04564604
v -0.07309551 0.02386176 0.04473336
v -0.07313506 0.02549261 0.04325801
v -0.07303761 0.02581496 0.04305101
v -0.07649498 0.01404563 0.04392794
v -0.07636787 0.01558336 0.04359109
v -0.07617155 0.01361822 0.04476535
v -0.07277068 0.02331615 0.04564604
v -0.07033725 0.02581496 0.04656625
v -0.07106742 0.02581496 0.04580035
v -0.07174110 0.02581496 0.04508902
v -0.07179194 0.02581496 0.04503445
v -0.07182584 0.02581496 0.04498552
v -0.07288085 0.02490999 0.04417257
v -0.07346272 0.01361822 0.04982744
v -0.07532699 0.01361822 0.04661329
v -0.07505582 0.01404563 0.04705364
v -0.07467591 0.01361822 0.04788352
v -0.07462647 0.01404563 0.04782331
v -0.07272831 0.02581496 0.04357980
v -0.07507983 0.01361822 0.04713644
v -0.07687078 0.01657921 0.02111867
v -0.07687805 0.01660543 0.02111867
v -0.07561387 0.01657921 0.02111867
v -0.07795235 0.01657921 0.02433086
v -0.07701833 0.01712078 0.02111867
v -0.07506219 0.01658011 0.02111867
v -0.07506219 0.01657921 0.02112011
v -0.07811272 0.01657921 0.02513318
v -0.07831030 0.01711988 0.02566038
v -0.07799897 0.01713887 0.02408742
v -0.07785227 0.01766417 0.02319579
v -0.07787152 0.02173369 0.02111867
v -0.07612878 0.02581496 0.02111867
v -0.07421455 0.02581496 0.03583279
v -0.07677157 0.01657921 0.03583279
v -0.07821365 0.01657921 0.02564310
v -0.07840353 0.01865691 0.02566038
v -0.07816105 0.01865691 0.02412343
v -0.07841124 0.01657921 0.02719734
v -0.07846512 0.01711988 0.02719734
v -0.07787708 0.02179426 0.02111867
v -0.07783902 0.02581496 0.02111867
v -0.07623998 0.02581496 0.03583279
v -0.07826583 0.01657921 0.03583279
v -0.07851516 0.01865691 0.02719734
v -0.07840055 0.02019394 0.02566038
v -0.07794722 0.02326620 0.02111867
v -0.07852200 0.01657921 0.02873285
v -0.07854082 0.01711988 0.02873285
v -0.07786083 0.02581496 0.02258648
v -0.07791600 0.02480323 0.02111867
v -0.07834152 0.02172917 0.02566038
v -0.07837018 0.02172917 0.02719734
v -0.07628659 0.02572726 0.03583279
v -0.07628403 0.02581496 0.03568730
v -0.07835093 0.01711988 0.03488065
v -0.07839797 0.01657921 0.03488065
v -0.07821836 0.01711988 0.03583279
v -0.07856990 0.01657921 0.03026980
v -0.07853654 0.01865691 0.02873285
v -0.07848394 0.02019394 0.02719734
v -0.07783645 0.02581496 0.02319867
v -0.07815934 0.02326620 0.02719734
v -0.07791771 0.02462240 0.02719734
v -0.07848522 0.02019394 0.02873285
v -0.07833554 0.02172917 0.02873285
v -0.07632380 0.02562780 0.03583279
v -0.07631653 0.02569019 0.03579822
v -0.07636314 0.02581496 0.03535888
v -0.07816020 0.01865691 0.03488065
v -0.07814951 0.02019394 0.03334370
v -0.07833682 0.01865691 0.03334370
v -0.07849420 0.01711988 0.03334370
v -0.07852841 0.01657921 0.03334370
v -0.07800324 0.01860447 0.03583279
v -0.07858316 0.01657921 0.03180675
v -0.07748448 0.02581496 0.02788299
v -0.07825685 0.02172917 0.03026980
v -0.07807809 0.02326620 0.02873285
v -0.07786724 0.02436020 0.02873285
v -0.07856135 0.01711988 0.03180675
v -0.07843005 0.02019394 0.03026980
v -0.07654533 0.02475441 0.03583279
v -0.07784843 0.02112159 0.03433329
v -0.07675873 0.02480323 0.03488065
v -0.07645381 0.02581496 0.03488065
v -0.07793097 0.02016411 0.03485905
v -0.07791728 0.02167130 0.03325584
v -0.07811101 0.02172917 0.03180675
v -0.07831373 0.02019394 0.03180675
v -0.07784671 0.01958908 0.03583279
v -0.07784372 0.01963247 0.03581118
v -0.07732368 0.02581496 0.02960287
v -0.07795363 0.02334486 0.03024819
v -0.07782833 0.02414231 0.02972243
v -0.07783175 0.02259623 0.03268686
v -0.07673778 0.02581496 0.03337251
v -0.07789462 0.02286205 0.03180675
v -0.07725140 0.02581496 0.03026260
v -0.07710814 0.02581496 0.03130260
v -0.07702688 0.02581496 0.03180675
v -0.06758851 0.00161977 0.03583423
v -0.06758851 0.00312499 0.03583423
v -0.06781610 0.00162270 0.03583423
v -0.06781610 0.00164613 0.03487936
v -0.06758851 0.00164466 0.03487936
v -0.07287265 0.00477225 0.03583423
v -0.06758851 0.01657684 0.00783932
v -0.06765058 0.01657684 0.00795028
v -0.06935851 0.01657684 0.01081489
v -0.07287265 0.01657684 0.01660835
v -0.06935282 0.00165198 0.03583423
v -0.06935282 0.00168859 0.03487936
v -0.06758851 0.00181744 0.03334339
v -0.07287265 0.00268573 0.03583423
v -0.06758851 0.01657684 0.00600258
v -0.07287265 0.01657684 0.01266623
v -0.07088955 0.00181744 0.03583423
v -0.07088955 0.00188919 0.03487936
v -0.06935282 0.00194629 0.03334339
v -0.06781610 0.00182769 0.03334339
v -0.06758851 0.00218203 0.03180450
v -0.07216300 0.00224353 0.03583423
v -0.07287265 0.00273844 0.03510420
v -0.06758851 0.01497058 0.00600258
v -0.06909420 0.01657684 0.00600258
v -0.07287265 0.01654609 0.01269543
v -0.07208593 0.00228746 0.03487936
v -0.07190437 0.00240020 0.03374344
v -0.07093817 0.00225085 0.03327623
v -0.07045817 0.00243388 0.03233596
v -0.06923748 0.00236945 0.03181618
v -0.06864834 0.00250563 0.03099856
v -0.06781610 0.00220253 0.03180450
v -0.06758851 0.00240459 0.03099272
v -0.07285403 0.00274430 0.03487936
v -0.07287265 0.00275601 0.03487936
v -0.06800178 0.01539668 0.00600258
v -0.06758851 0.01475534 0.00640264
v -0.07179576 0.00398010 0.02935747
v -0.07170161 0.00557025 0.02638189
v -0.07210248 0.00687927 0.02446924
v -0.07287265 0.00710623 0.02484593
v -0.07287265 0.00836253 0.02284859
v -0.07287265 0.00886476 0.02207184
v -0.07287265 0.00892772 0.02198424
v -0.06888627 0.01634256 0.00600258
v -0.07287265 0.01050616 0.01983213
v -0.07287265 0.01149744 0.01851517
v -0.07287265 0.01222223 0.01761286
v -0.07287265 0.01355175 0.01597177
v -0.07287265 0.01366157 0.01584329
v -0.07287265 0.01499548 0.01432484
v -0.07287265 0.01519608 0.01409999
v -0.07287265 0.00275894 0.03485600
v -0.07287265 0.00307375 0.03331127
v -0.07287265 0.00327142 0.03266009
v -0.07287265 0.00356426 0.03180450
v -0.07242627 0.00334463 0.03180450
v -0.07235541 0.00382490 0.03039702
v -0.07148282 0.00261837 0.03271849
v -0.07088955 0.00383954 0.02905378
v -0.06781610 0.00246463 0.03085255
v -0.06943817 0.00367701 0.02861284
v -0.06781610 0.00381904 0.02745649
v -0.06758851 0.00379854 0.02739517
v -0.06758851 0.00245438 0.03082043
v -0.06862506 0.01605411 0.00600258
v -0.06758851 0.00845039 0.01830492
v -0.06781610 0.00847967 0.01837793
v -0.06890334 0.00548533 0.02468824
v -0.07287265 0.00395082 0.03075327
v -0.07282041 0.00429345 0.02997068
v -0.07287265 0.00521005 0.02828287
v -0.07287265 0.00551461 0.02772806
v -0.07287265 0.00689538 0.02522262
v -0.06781610 0.00533158 0.02438163
v -0.06898196 0.00395960 0.02775726
v -0.06758851 0.00530669 0.02432031
v -0.07287265 0.00437984 0.02987432
v 0.00076159 0.00543907 0.01962074
v 0.00076159 0.00547346 0.02046180
v 0.00076159 0.00711203 0.01962074
v 0.00443793 0.00549259 0.01962074
v 0.01106430 0.00501501 0.02466907
v 0.00076159 0.00550567 0.02111903
v 0.00076159 0.00748910 0.02118574
v 0.00127400 0.00717136 0.01962074
v 0.00440530 0.00650755 0.01962074
v 0.01310792 0.00552940 0.02466907
v 0.01295323 0.00532500 0.02466907
v 0.01234292 0.00515427 0.02466907
v 0.00957176 0.00512181 0.02466907
v 0.00076159 0.00554417 0.02169769
v 0.00134410 0.00717935 0.01962074
v 0.00076159 0.00748910 0.02416997
v 0.00292002 0.00748910 0.02062833
v 0.00413822 0.00684055 0.01962074
v 0.01296652 0.00636055 0.02466907
v 0.00823996 0.00528964 0.02466907
v 0.00076159 0.00556258 0.02192105
v 0.00300703 0.00724668 0.01962074
v 0.00076159 0.00744091 0.02413439
v 0.00782302 0.00539596 0.02466907
v 0.00688762 0.00748595 0.02466907
v 0.00687554 0.00748910 0.02466659
v 0.00438838 0.00748910 0.02114028
v 0.00354241 0.00717378 0.01962074
v 0.00384817 0.00716749 0.01977443
v 0.01200937 0.00748910 0.02466907
v 0.00076159 0.00592633 0.02260941
v 0.00076159 0.00675724 0.02362491
v 0.00723809 0.00748910 0.02466907
v -0.06758952 0.01657921 0.00783735
v -0.06765138 0.01657921 0.00794980
v -0.06758952 0.01657921 0.00600406
v -0.06758952 0.01682513 0.00741121
v -0.07612848 0.02581496 0.02111867
v -0.07506174 0.01658011 0.02111867
v -0.07479911 0.01657921 0.02049574
v -0.06909431 0.01657921 0.00600406
v -0.06758952 0.01761083 0.00600406
v -0.07783809 0.02581496 0.02111867
v -0.07197105 0.02581496 0.00600406
v -0.07561337 0.01657921 0.02111867
v -0.06948166 0.01701410 0.00600406
v -0.07300229 0.01657921 0.01288147
v -0.07783809 0.02581496 0.02104765
v -0.07791617 0.02480323 0.02111867
v -0.07396357 0.02581496 0.00600406
v -0.07687073 0.01657921 0.02111867
v -0.06985279 0.01750052 0.00600406
v -0.07343223 0.01657921 0.01364645
v -0.07791313 0.02480323 0.02104765
v -0.07783505 0.02581496 0.02099882
v -0.07780970 0.02562147 0.02023680
v -0.07794761 0.02326620 0.02111867
v -0.07439047 0.02581496 0.00703982
v -0.07183923 0.02114057 0.00600406
v -0.07498671 0.01657921 0.01667233
v -0.07605750 0.01657921 0.01891991
v -0.07612138 0.01665064 0.01898945
v -0.07644688 0.01657921 0.01977367
v -0.07634142 0.01767502 0.01856036
v -0.07631506 0.01929523 0.01710142
v -0.07701776 0.01712078 0.02111867
v -0.07699748 0.01711988 0.02104765
v -0.07684843 0.01657921 0.02104321
v -0.07019451 0.01778261 0.00625116
v -0.07031923 0.01817862 0.00600406
v -0.07059605 0.01865149 0.00600406
v -0.07794254 0.02326620 0.02104765
v -0.07783404 0.02480323 0.02002077
v -0.07771134 0.02581496 0.02004297
v -0.07710497 0.02581496 0.01643706
v -0.07683930 0.02581496 0.01489971
v -0.07787662 0.02179426 0.02111867
v -0.07461051 0.02581496 0.00757397
v -0.07155328 0.02054837 0.00600406
v -0.07074106 0.01893177 0.00600406
v -0.07610617 0.01657921 0.01902349
v -0.07652495 0.01714520 0.01950585
v -0.07647730 0.01873286 0.01801881
v -0.07646513 0.02019394 0.01675371
v -0.07787156 0.02173369 0.02111867
v -0.07782694 0.02235302 0.02012139
v -0.07687276 0.02019394 0.01797442
v -0.07784722 0.02326620 0.01993347
v -0.07644992 0.02581496 0.01334164
v -0.07678860 0.02480323 0.01489971
v -0.07472509 0.02581496 0.00787730
v -0.07666083 0.02158812 0.01629206
v -0.07700154 0.02326620 0.01643706
v -0.07717392 0.02172917 0.01797442
v -0.07642660 0.02480323 0.01360502
v -0.07624002 0.02581496 0.01259146
v -0.07504045 0.02581496 0.00877396
v -0.07634142 0.02372369 0.01391278
v -0.07652495 0.02323365 0.01483016
v 0.02189463 0.06714237 0.02435893
v 0.02189463 0.06712446 0.02492077
v 0.02189463 0.06543840 0.02435893
v 0.02132484 0.06713700 0.02435893
v 0.02132484 0.06710475 0.02538981
v 0.02189463 0.06710475 0.02537369
v 0.02189463 0.05799004 0.02627731
v 0.01639751 0.05799004 0.02435893
v 0.02095023 0.06712983 0.02435893
v 0.01978846 0.06708414 0.02509138
v 0.02132484 0.06696499 0.02615839
v 0.02189463 0.06701695 0.02585774
v 0.02189463 0.05799004 0.02837965
v 0.01434777 0.05799004 0.02435893
v 0.01955259 0.06709758 0.02435893
v 0.01900686 0.06706981 0.02490688
v 0.01978846 0.06691303 0.02585996
v 0.01978846 0.06660395 0.02719649
v 0.02132484 0.06668995 0.02719649
v 0.02189463 0.06668010 0.02719649
v 0.02189463 0.06695693 0.02614227
v 0.02189463 0.06208153 0.02971840
v 0.02180583 0.05799004 0.02840021
v 0.01488148 0.05799004 0.02560988
v 0.01282711 0.06153504 0.02435893
v 0.01891621 0.06707787 0.02435893
v 0.01825116 0.06638804 0.02719649
v 0.01516174 0.06634325 0.02435893
v 0.01671570 0.06646150 0.02565990
v 0.01978846 0.06599117 0.02860972
v 0.02132484 0.06602610 0.02869308
v 0.02189463 0.06626172 0.02813901
v 0.02189463 0.06322647 0.03000405
v 0.02132484 0.06322647 0.03003573
v 0.01889309 0.05799004 0.02884146
v 0.01978846 0.05799004 0.02878366
v 0.02049792 0.05799004 0.02867529
v 0.01547809 0.05799004 0.02700032
v 0.01265507 0.06195073 0.02435893
v 0.01668980 0.06595354 0.02726818
v 0.01825116 0.06584693 0.02838076
v 0.01390008 0.06588635 0.02435893
v 0.01506185 0.06599117 0.02576771
v 0.01978846 0.06530402 0.02937774
v 0.02132484 0.06547603 0.02946110
v 0.02189463 0.06567761 0.02915600
v 0.02189463 0.06602342 0.02867196
v 0.02189463 0.06373354 0.02993125
v 0.02132484 0.06470826 0.02980676
v 0.01978846 0.06453535 0.02971785
v 0.01978846 0.06322647 0.02989179
v 0.01822433 0.05799004 0.02884090
v 0.01588137 0.05799004 0.02739489
v 0.01476401 0.06322647 0.02758717
v 0.01422845 0.06208780 0.02665077
v 0.01282804 0.06234671 0.02495856
v 0.01244602 0.06322647 0.02435893
v 0.01718466 0.06566596 0.02813123
v 0.01549659 0.06577615 0.02680470
v 0.01328312 0.06531657 0.02435893
v 0.01413965 0.06573673 0.02532701
v 0.01863040 0.06425853 0.02959336
v 0.01817161 0.06476829 0.02918212
v 0.02189463 0.06466615 0.02978676
v 0.02189463 0.06543482 0.02944054
v 0.01842783 0.06322647 0.02962893
v 0.01861929 0.06231446 0.02958003
v 0.01727161 0.05799004 0.02856637
v 0.01694232 0.05799004 0.02841299
v 0.01419330 0.06443143 0.02672690
v 0.01411190 0.06322647 0.02681915
v 0.01553266 0.06322647 0.02830129
v 0.01563626 0.06435797 0.02820626
v 0.01334325 0.06322647 0.02577049
v 0.01280121 0.06322647 0.02500191
v 0.01245620 0.06347284 0.02435893
v 0.01616072 0.06538196 0.02782892
v 0.01668980 0.06482741 0.02847968
v 0.01447171 0.06545632 0.02635123
v 0.01316288 0.06514814 0.02435893
v 0.01765917 0.06322647 0.02942442
v 0.01671570 0.06322647 0.02899262
v 0.01282249 0.06410981 0.02497190
v 0.01265969 0.06435259 0.02435893
v 0.01300378 0.06490715 0.02435893
v 0.03374748 0.03864839 0.03343291
v 0.04057272 0.03938954 0.03409048
v 0.03379497 0.03864839 0.03344626
v 0.03374748 0.03864839 0.03524829
v 0.03374748 0.04628497 0.03053244
v 0.03719421 0.05008479 0.02436041
v 0.03720892 0.05005344 0.02436041
v 0.03737009 0.04989223 0.02436041
v 0.03813781 0.04950709 0.02436041
v 0.03976822 0.04923392 0.02436041
v 0.04057874 0.04925295 0.02436041
v 0.04057874 0.03938730 0.03409791
v 0.04057874 0.03873123 0.03561345
v 0.03512510 0.03864839 0.03384704
v 0.03705444 0.03864839 0.03789790
v 0.03374748 0.04017772 0.03490244
v 0.03374748 0.04789379 0.03009306
v 0.03374748 0.04792962 0.03008416
v 0.03374748 0.04939402 0.02997728
v 0.03374748 0.05008479 0.03004408
v 0.04057874 0.05008479 0.02436041
v 0.04057874 0.03864839 0.03581087
v 0.03823144 0.03864839 0.03880337
v 0.03374748 0.05008479 0.03245173
v 0.04057874 0.05008479 0.02645635
v 0.04057874 0.03864839 0.03952329
v 0.03966992 0.03864839 0.03939861
v 0.04057874 0.04662532 0.03256158
v 0.04057874 0.04686491 0.03234486
v 0.04057874 0.04740342 0.03163236
v 0.04057874 0.04823638 0.03029939
v 0.04057874 0.04867190 0.02959135
v 0.04057874 0.04905927 0.02878533
v 0.03400094 0.05008479 0.03223650
v 0.04057874 0.04981050 0.02714510
v -0.07287266 0.00268467 0.03583423
v -0.07287266 0.00477225 0.03583423
v -0.07293175 0.00272003 0.03583423
v -0.07287266 0.00275539 0.03487946
v -0.07677156 0.01657830 0.03583423
v -0.07287266 0.01657830 0.01660956
v -0.07335333 0.00298250 0.03583423
v -0.07396403 0.00343266 0.03487946
v -0.07476892 0.00401473 0.03394963
v -0.07287266 0.00275811 0.03485678
v -0.07826538 0.01657830 0.03583423
v -0.07287266 0.01657830 0.01266801
v -0.07428317 0.00359314 0.03583423
v -0.07480438 0.00397665 0.03487946
v -0.07459724 0.00420921 0.03292456
v -0.07403664 0.00367746 0.03339854
v -0.07648394 0.00675375 0.03583423
v -0.07643497 0.00684759 0.03487946
v -0.07634266 0.00700399 0.03364801
v -0.07624754 0.00714271 0.03262294
v -0.07613891 0.00731271 0.03180651
v -0.07639388 0.00843062 0.03026889
v -0.07492595 0.00525368 0.03180651
v -0.07287266 0.00307362 0.03331010
v -0.07837851 0.01558143 0.03583423
v -0.07827551 0.01657830 0.03576392
v -0.07287266 0.01654702 0.01269523
v -0.07291937 0.01657830 0.01273832
v -0.07482520 0.00395354 0.03583423
v -0.07515053 0.00450161 0.03583423
v -0.07479987 0.00549984 0.03083132
v -0.07458430 0.00576096 0.02980625
v -0.07426910 0.00448529 0.03180651
v -0.07322500 0.00403650 0.03099688
v -0.07350024 0.00387194 0.03180651
v -0.07788657 0.00997692 0.03583423
v -0.07788432 0.00999732 0.03487946
v -0.07784211 0.01011020 0.03367522
v -0.07753254 0.00953357 0.03323526
v -0.07666968 0.00775334 0.03321938
v -0.07658412 0.00808110 0.03180651
v -0.07783310 0.01167963 0.02940030
v -0.07628750 0.00863461 0.02945020
v -0.07287266 0.00327218 0.03266149
v -0.07842691 0.01404465 0.03583423
v -0.07839821 0.01657830 0.03487946
v -0.07848489 0.01558143 0.03487946
v -0.07287266 0.01519520 0.01410130
v -0.07301337 0.01508640 0.01443241
v -0.07333645 0.01611047 0.01387905
v -0.07300380 0.01657830 0.01288119
v -0.07623515 0.01023396 0.02647930
v -0.07490175 0.00685847 0.02873128
v -0.07347491 0.00538152 0.02873128
v -0.07502389 0.00978108 0.02412299
v -0.07466873 0.00874069 0.02501879
v -0.07442670 0.00901405 0.02412299
v -0.07365840 0.00819806 0.02412299
v -0.07312763 0.00718079 0.02497117
v -0.07287266 0.00395081 0.03075422
v -0.07320418 0.00558552 0.02795114
v -0.07287266 0.00438057 0.02987429
v -0.07287266 0.00432209 0.02999221
v -0.07287266 0.00356458 0.03180651
v -0.07812804 0.01097107 0.03583423
v -0.07816181 0.01097107 0.03487946
v -0.07804811 0.01082827 0.03323526
v -0.07778132 0.01022172 0.03265242
v -0.07794342 0.01255274 0.02882653
v -0.07800309 0.01400793 0.02719140
v -0.07786744 0.01309537 0.02769941
v -0.07655992 0.01250514 0.02415247
v -0.07634491 0.01159531 0.02468315
v -0.07650420 0.01127163 0.02565833
v -0.07640908 0.00996876 0.02750210
v -0.07789952 0.01150283 0.03026889
v -0.07816632 0.01250786 0.03026889
v -0.07835262 0.01250786 0.03583423
v -0.07851584 0.01404465 0.03487946
v -0.07852823 0.01657830 0.03334412
v -0.07859127 0.01558143 0.03334412
v -0.07287266 0.01499528 0.01432582
v -0.07294977 0.01359585 0.01602672
v -0.07328917 0.01315249 0.01705179
v -0.07460119 0.01194754 0.02049668
v -0.07487980 0.01603839 0.01692252
v -0.07343270 0.01657830 0.01364773
v -0.07461920 0.01346257 0.01892958
v -0.07489330 0.01448800 0.01842158
v -0.07608206 0.01050188 0.02565833
v -0.07482464 0.01008028 0.02316595
v -0.07336403 0.00850406 0.02312059
v -0.07287266 0.00836262 0.02285072
v -0.07287266 0.00728550 0.02456068
v -0.07287266 0.00710599 0.02484644
v -0.07287266 0.00689519 0.02522290
v -0.07287266 0.00551480 0.02772889
v -0.07287266 0.00521016 0.02828225
v -0.07842917 0.01250786 0.03487946
v -0.07844830 0.01250786 0.03334412
v -0.07834361 0.01250786 0.03180651
v -0.07800083 0.01117779 0.03180651
v -0.07827438 0.01404465 0.02873128
v -0.07802672 0.01552975 0.02560844
v -0.07789952 0.01449616 0.02608696
v -0.07831153 0.01558143 0.02719594
v -0.07658581 0.01401881 0.02256270
v -0.07638150 0.01301650 0.02305709
v -0.07612146 0.01199242 0.02366034
v -0.07510156 0.01096835 0.02262620
v -0.07579894 0.01103771 0.02415247
v -0.07846463 0.01404465 0.03026889
v -0.07857664 0.01404465 0.03334412
v -0.07858283 0.01657830 0.03180651
v -0.07862223 0.01558143 0.03180651
v -0.07287266 0.01366249 0.01584075
v -0.07287266 0.01355233 0.01597229
v -0.07323007 0.01170139 0.01869372
v -0.07452970 0.01045428 0.02214087
v -0.07489837 0.01297162 0.01995466
v -0.07489049 0.01147835 0.02151948
v -0.07498730 0.01657830 0.01667533
v -0.07637756 0.01606831 0.02001589
v -0.07614397 0.01348977 0.02203429
v -0.07638262 0.01451384 0.02153536
v -0.07350530 0.00990212 0.02142650
v -0.07310117 0.01029244 0.02040143
v -0.07287266 0.01050596 0.01983219
v -0.07291374 0.00887805 0.02209552
v -0.07287266 0.00886445 0.02207511
v -0.07856144 0.01404465 0.03180651
v -0.07821359 0.01657830 0.02564019
v -0.07811284 0.01657830 0.02512992
v -0.07790458 0.01600711 0.02457429
v -0.07848714 0.01558143 0.02873128
v -0.07841116 0.01657830 0.02719594
v -0.07657005 0.01556647 0.02103416
v -0.07858621 0.01558143 0.03026889
v -0.07856988 0.01657830 0.03026889
v -0.07287266 0.01222226 0.01761195
v -0.07287266 0.01149739 0.01851683
v -0.07515898 0.01247930 0.02102509
v -0.07605786 0.01657830 0.01892278
v -0.07644735 0.01657830 0.01977550
v -0.07610626 0.01657830 0.01902483
v -0.07287266 0.00892701 0.02198666
v -0.07795187 0.01657830 0.02432936
v -0.07852204 0.01657830 0.02873128
v 0.04862821 0.00398058 -0.02754791
v 0.05261321 0.00398058 -0.02754791
v 0.04962446 0.00398058 -0.02671663
v 0.06483810 0.03082163 -0.02259896
v 0.06509894 0.03148373 -0.02259896
v 0.06516233 0.03164449 -0.02259896
v 0.06523117 0.03181614 -0.02259896
v 0.06311006 0.03181614 -0.02754791
v 0.05275631 0.00412772 -0.02754791
v 0.05290122 0.00398058 -0.02740404
v 0.05482307 0.00398058 -0.02259896
v 0.06458088 0.03013228 -0.02259896
v 0.06713310 0.03181614 -0.02259896
v 0.06516052 0.03181614 -0.02754791
v 0.05479047 0.00662899 -0.02754791
v 0.05400796 0.00482524 -0.02711338
v 0.05452420 0.00398058 -0.02628016
v 0.05577947 0.00729655 -0.02727324
v 0.05710720 0.00398058 -0.02259896
v 0.06492323 0.02172929 -0.02259896
v 0.06688313 0.03181614 -0.02330139
v 0.06519494 0.03181614 -0.02748930
v 0.06375491 0.01744334 -0.02305724
v 0.06220438 0.01558237 -0.02447274
v 0.06064479 0.01444072 -0.02597642
v 0.05966666 0.01558237 -0.02754791
v 0.05550234 0.00756629 -0.02754791
v 0.05516361 0.00484431 -0.02632376
v 0.05477236 0.00398058 -0.02610722
v 0.05612544 0.00832103 -0.02751836
v 0.05676485 0.00775430 -0.02668805
v 0.05604756 0.00537018 -0.02596479
v 0.05703475 0.00398058 -0.02298021
v 0.05722675 0.00435932 -0.02352229
v 0.05730102 0.00423126 -0.02259896
v 0.06418963 0.01865583 -0.02259896
v 0.06393785 0.01865583 -0.02330575
v 0.06559163 0.03181614 -0.02655919
v 0.06379657 0.01725806 -0.02259896
v 0.06350313 0.01648152 -0.02259896
v 0.06208845 0.01319553 -0.02283343
v 0.06184573 0.01377316 -0.02385800
v 0.06206128 0.01479765 -0.02430077
v 0.06044917 0.01341623 -0.02576133
v 0.05919752 0.01429631 -0.02754791
v 0.05950545 0.01511372 -0.02754791
v 0.05609646 0.00835373 -0.02754791
v 0.05569253 0.00434569 -0.02563102
v 0.05552407 0.00398058 -0.02546341
v 0.05616711 0.00846544 -0.02754791
v 0.05726841 0.01037818 -0.02754791
v 0.05743868 0.01021198 -0.02735753
v 0.05721951 0.00943544 -0.02718217
v 0.05771944 0.00820932 -0.02610334
v 0.05740427 0.00718483 -0.02578604
v 0.05693331 0.00398058 -0.02348741
v 0.05760714 0.00469173 -0.02259896
v 0.05625224 0.00398058 -0.02468929
v 0.05753468 0.00545737 -0.02440492
v 0.05772125 0.00512768 -0.02352229
v 0.06209932 0.01316828 -0.02259896
v 0.06064661 0.00995313 -0.02259896
v 0.06061581 0.01001307 -0.02299620
v 0.06082774 0.01098852 -0.02351406
v 0.06037853 0.01048717 -0.02402077
v 0.06156678 0.01261244 -0.02341620
v 0.06061581 0.01151166 -0.02444416
v 0.06082050 0.01250890 -0.02474063
v 0.06026622 0.01250890 -0.02550846
v 0.05917578 0.01097217 -0.02604618
v 0.05949820 0.01250890 -0.02641192
v 0.05897110 0.01329362 -0.02735559
v 0.05881894 0.01343258 -0.02754791
v 0.05713437 0.00636197 -0.02549780
v 0.05661633 0.00490153 -0.02501821
v 0.05597873 0.00398058 -0.02500368
v 0.05772669 0.01122284 -0.02754791
v 0.05878634 0.01250890 -0.02718023
v 0.05821576 0.01082503 -0.02692058
v 0.05822300 0.00957167 -0.02630583
v 0.05829002 0.00777882 -0.02513932
v 0.05899464 0.01017656 -0.02584320
v 0.05874286 0.00915207 -0.02551766
v 0.05780820 0.00636197 -0.02472998
v 0.05780458 0.00499962 -0.02259896
v 0.05912144 0.00837280 -0.02449358
v 0.05886060 0.00734832 -0.02394036
v 0.05851463 0.00646551 -0.02346561
v 0.05902544 0.00704860 -0.02291578
v 0.05904536 0.00701590 -0.02259896
v 0.05861245 0.01301297 -0.02754791
v 0.02189463 0.05712277 0.02656044
v 0.02189463 0.05712277 0.02740424
v 0.02189463 0.05761049 0.02633719
v 0.02520464 0.05712277 0.02435893
v 0.02190222 0.05712277 0.02881112
v 0.02189463 0.05712473 0.02881223
v 0.02516586 0.05719342 0.02435893
v 0.02189463 0.06543851 0.02435893
v 0.02805938 0.05712277 0.02435893
v 0.02261969 0.05712277 0.02864701
v 0.02403611 0.06227668 0.02961127
v 0.02286335 0.06322660 0.02994945
v 0.02189463 0.06322660 0.03000416
v 0.02189463 0.06714209 0.02435893
v 0.02745657 0.05712277 0.02545139
v 0.03016123 0.06172910 0.02435893
v 0.02997238 0.06211182 0.02518947
v 0.02268040 0.05712277 0.02862601
v 0.02506047 0.06295772 0.02944991
v 0.02448885 0.06337282 0.02964277
v 0.02517007 0.06399694 0.02950241
v 0.02440032 0.06422559 0.02959580
v 0.02286335 0.06459555 0.02975329
v 0.02189463 0.06373297 0.02993122
v 0.02189463 0.06712442 0.02492091
v 0.02257670 0.06714797 0.02435893
v 0.02737984 0.05712277 0.02555141
v 0.03046981 0.06297931 0.02435893
v 0.02858463 0.06201957 0.02676434
v 0.03050775 0.06322660 0.02435893
v 0.03007186 0.06322660 0.02535193
v 0.02953144 0.06322660 0.02612002
v 0.02440960 0.05712277 0.02796732
v 0.02701731 0.06212654 0.02820107
v 0.02578469 0.06337282 0.02915925
v 0.02517007 0.06398222 0.02950241
v 0.02722218 0.06322660 0.02834419
v 0.02708223 0.06445130 0.02823422
v 0.02589514 0.06473686 0.02871276
v 0.02440032 0.06499397 0.02918246
v 0.02286335 0.06536393 0.02940515
v 0.02189463 0.06466620 0.02978699
v 0.02189463 0.06543458 0.02944052
v 0.02189463 0.06710480 0.02537348
v 0.02286335 0.06710578 0.02534640
v 0.02286335 0.06714699 0.02435893
v 0.02591622 0.05712277 0.02703898
v 0.02583444 0.05712277 0.02711358
v 0.02876253 0.06322660 0.02696990
v 0.02799025 0.06322660 0.02773745
v 0.03012667 0.06471233 0.02435893
v 0.02997575 0.06434433 0.02520715
v 0.02859391 0.06450331 0.02681407
v 0.02765975 0.06499004 0.02736334
v 0.02661852 0.06547580 0.02791262
v 0.02559500 0.06570248 0.02816626
v 0.02440032 0.06589777 0.02841381
v 0.02286335 0.06601945 0.02863651
v 0.02189463 0.06567697 0.02915594
v 0.02189463 0.06701648 0.02585755
v 0.02189463 0.06695760 0.02614213
v 0.02286335 0.06694484 0.02611450
v 0.02387844 0.06708909 0.02508447
v 0.02424941 0.06710283 0.02435893
v 0.02990746 0.06508916 0.02435893
v 0.02963429 0.06536883 0.02461643
v 0.02911410 0.06493607 0.02581555
v 0.02823728 0.06552781 0.02642339
v 0.02721291 0.06581828 0.02688867
v 0.02603931 0.06601258 0.02731859
v 0.02440032 0.06645025 0.02719591
v 0.02286335 0.06666320 0.02719591
v 0.02189463 0.06626184 0.02813863
v 0.02189463 0.06602338 0.02867187
v 0.02189463 0.06667988 0.02719591
v 0.02497616 0.06698311 0.02435893
v 0.02593730 0.06656114 0.02565972
v 0.02969416 0.06543164 0.02435893
v 0.02860908 0.06577412 0.02539890
v 0.02762434 0.06605184 0.02581057
v 0.02723652 0.06649736 0.02435893
v 0.02898679 0.06589482 0.02435893
v 0.02886539 0.06594291 0.02435893
v 0.02749450 0.06642474 0.02435893
v 0.01750338 0.05694037 0.01749082
v 0.01634301 0.05694037 0.02435893
v 0.01604800 0.05619265 0.02435893
v 0.01730671 0.05658630 0.01749082
v 0.01442381 0.05694037 0.01749082
v 0.01358303 0.05694037 0.02435893
v 0.01703464 0.05620396 0.01749082
v 0.00443937 0.04643942 0.02435893
v 0.01413208 0.05694037 0.01797491
v 0.00903169 0.05548904 0.01749082
v 0.01352403 0.05694037 0.02427488
v 0.01343880 0.05690644 0.02435893
v 0.01650199 0.05580012 0.01749082
v 0.00340848 0.04586590 0.02435893
v 0.01531867 0.05504674 0.01749082
v 0.01384035 0.05694037 0.01874207
v 0.00903169 0.05554334 0.01797491
v 0.00792049 0.05513497 0.01749082
v 0.00737964 0.05502072 0.01800315
v 0.01342241 0.05694037 0.02104825
v 0.01117215 0.05631482 0.02435893
v 0.00285288 0.04569396 0.02435893
v 0.00441971 0.05092011 0.01749082
v 0.01460573 0.05471416 0.01749082
v 0.01469751 0.05474923 0.01749082
v 0.01366662 0.05694037 0.01921272
v 0.00749436 0.05516325 0.01951192
v 0.00749436 0.05524017 0.02104825
v 0.00903169 0.05562026 0.01951192
v 0.00751567 0.05499697 0.01749082
v 0.00678962 0.05471416 0.01750964
v 0.00669292 0.05478996 0.01853364
v 0.01343225 0.05694037 0.02081561
v 0.00903169 0.05575600 0.02258525
v 0.00903169 0.05573112 0.02412226
v 0.00879404 0.05565080 0.02435893
v 0.00228089 0.04557179 0.02435893
v 0.00294302 0.05056491 0.01749082
v 0.01361745 0.05694037 0.01952133
v 0.00749436 0.05528542 0.02258525
v 0.00659622 0.05484086 0.02104825
v 0.00679453 0.05471303 0.01749082
v 0.00076159 0.05209656 0.01749082
v 0.00749436 0.05525940 0.02412226
v 0.00749436 0.05525148 0.02435893
v 0.00134669 0.04544735 0.02435893
v 0.00086156 0.04539306 0.02435893
v 0.00076159 0.04538514 0.02435893
v 0.00134669 0.05047329 0.01749082
v 0.00655689 0.05486462 0.02258525
v 0.00656672 0.05486574 0.02412226
v 0.00076159 0.05046537 0.01749082
v 0.00076159 0.05193593 0.01805425
v 0.00580461 0.05430241 0.02435893
v 0.00592426 0.05440082 0.02435893
v 0.00657328 0.05486235 0.02435893
v 0.00735833 0.05519493 0.02435893
v 0.00076159 0.04815319 0.02435893
v 0.00128441 0.05047216 0.01749082
v 0.00076159 0.05182847 0.01832655
v 0.00496220 0.05353432 0.02435893
v 0.00076159 0.04858079 0.02391047
v 0.00076159 0.05165200 0.01876291
v 0.00076159 0.05137938 0.01942922
v 0.00076159 0.05056152 0.02107582
v 0.00076159 0.04937376 0.02286361
v 0.00076159 0.04885001 0.02361866
v -0.03192668 0.06316830 0.01937554
v -0.03190580 0.06434762 0.01937554
v -0.03185453 0.06279683 0.01937554
v -0.03190485 0.06316018 0.01957854
v -0.03178522 0.06362761 0.02072249
v -0.03178522 0.06425642 0.02072249
v -0.03182795 0.06434762 0.02023144
v -0.02994143 0.06434762 0.01937554
v -0.03174439 0.06239434 0.01937554
v -0.03162097 0.06260299 0.02013543
v -0.03152223 0.06316018 0.02116050
v -0.03108454 0.06322654 0.02258609
v -0.03172825 0.06434762 0.02080113
v -0.03176338 0.06434762 0.02061184
v -0.03102757 0.06434762 0.02258609
v -0.02961577 0.06434762 0.01965261
v -0.02222730 0.05946991 0.02427778
v -0.02839670 0.05996551 0.01937554
v -0.03024524 0.06074854 0.02200085
v -0.03047216 0.06030450 0.01937554
v -0.03046551 0.06029925 0.01951270
v -0.02987117 0.05946991 0.02070054
v -0.02984174 0.05946991 0.02104894
v -0.03051108 0.06169963 0.02254220
v -0.03061552 0.06434762 0.02343193
v -0.03030791 0.06221768 0.02356086
v -0.03047785 0.06322654 0.02378947
v -0.03045127 0.06434762 0.02375838
v -0.02222730 0.06434762 0.02676684
v -0.02222730 0.05988864 0.02446066
v -0.02222730 0.05946991 0.02643125
v -0.02823245 0.05946991 0.01937554
v -0.02961102 0.05946991 0.02185272
v -0.02935088 0.05946991 0.02258243
v -0.02993953 0.05946991 0.01937554
v -0.02995282 0.05946991 0.01951270
v -0.02989395 0.06322654 0.02455759
v -0.02895212 0.05946991 0.02326185
v -0.02876128 0.05946991 0.02355264
v -0.02823910 0.05946991 0.02431801
v -0.02889990 0.06198181 0.02523335
v -0.03003732 0.06434762 0.02431801
v -0.02222730 0.06434762 0.02856735
v -0.02222730 0.05974063 0.02681439
v -0.02249884 0.05946991 0.02676044
v -0.02987876 0.06434762 0.02452558
v -0.02912491 0.06322654 0.02549030
v -0.02740834 0.05946991 0.02538332
v -0.02823815 0.06155831 0.02571068
v -0.02739695 0.06169009 0.02670100
v -0.02847361 0.06322654 0.02625842
v -0.02222730 0.06322654 0.02871731
v -0.02242953 0.06434762 0.02856369
v -0.02222730 0.06080774 0.02755233
v -0.02322705 0.05946991 0.02687566
v -0.02222730 0.06165475 0.02813482
v -0.02911067 0.06434762 0.02545098
v -0.02659848 0.05946991 0.02605816
v -0.02713206 0.06085597 0.02646691
v -0.02594907 0.05946991 0.02658579
v -0.02623105 0.06178796 0.02744900
v -0.02565949 0.06236473 0.02800589
v -0.02661462 0.06322654 0.02771967
v -0.02770552 0.06322654 0.02695156
v -0.02830271 0.06434762 0.02622002
v -0.02222730 0.06278633 0.02858198
v -0.02324509 0.06434762 0.02854632
v -0.02324509 0.06322654 0.02865879
v -0.02324509 0.06192308 0.02825827
v -0.02392868 0.05946991 0.02695064
v -0.02222730 0.06191401 0.02829668
v -0.02632030 0.05946991 0.02628951
v -0.02517054 0.05946991 0.02683177
v -0.02584558 0.06322654 0.02809459
v -0.02478222 0.05946991 0.02693784
v -0.02478222 0.06213221 0.02811745
v -0.02478222 0.06322654 0.02840184
v -0.02583514 0.06427934 0.02809733
v -0.02590255 0.06434762 0.02801595
v -0.02366189 0.06434762 0.02847682
v -0.02568418 0.06434762 0.02811471
v -0.02579241 0.06434762 0.02807721
v -0.04771636 0.00531062 -0.01353835
v -0.05539151 0.01228757 -0.01583839
v -0.05537334 0.01228757 -0.01546417
v -0.05532610 0.01228757 -0.01430120
v -0.05531156 0.01228757 -0.01391258
v -0.05530671 0.01228757 -0.01353835
v -0.05065753 0.00531062 -0.01353835
v -0.04771999 0.00531062 -0.01355563
v -0.05607108 0.01228757 -0.02824103
v -0.05717341 0.01228757 -0.01353835
v -0.05093009 0.00554696 -0.01353835
v -0.05501720 0.00535229 -0.02352149
v -0.05496390 0.00531062 -0.02351573
v -0.04793198 0.00531062 -0.01440770
v -0.05200577 0.00531062 -0.02824103
v -0.05853619 0.01228757 -0.02824103
v -0.05698202 0.01187431 -0.01353835
v -0.05991229 0.01228757 -0.02352149
v -0.05954525 0.01142894 -0.02352149
v -0.05379615 0.00814949 -0.01353835
v -0.05578520 0.00607771 -0.02352149
v -0.05599719 0.00587689 -0.02505869
v -0.05535638 0.00531062 -0.02505869
v -0.05507413 0.00531062 -0.02393889
v -0.05417773 0.00849649 -0.01353835
v -0.05456415 0.00884828 -0.01353835
v -0.05479915 0.00531062 -0.02824103
v -0.05879663 0.01228757 -0.02793877
v -0.05802620 0.01097128 -0.02824103
v -0.05928117 0.01197882 -0.02724790
v -0.05688632 0.01170900 -0.01353835
v -0.05798502 0.00844116 -0.02385685
v -0.05995226 0.01228757 -0.02376906
v -0.05966881 0.01114342 -0.02505869
v -0.05655562 0.00684618 -0.02352149
v -0.05496269 0.00923490 -0.01353835
v -0.05670825 0.00664535 -0.02505869
v -0.05594268 0.00594656 -0.02659588
v -0.05522798 0.00531062 -0.02659588
v -0.05494209 0.00543152 -0.02824103
v -0.05482823 0.00531062 -0.02814891
v -0.05932599 0.01228757 -0.02731123
v -0.05744960 0.00961469 -0.02824103
v -0.05829755 0.01097128 -0.02792582
v -0.05802379 0.00970964 -0.02762068
v -0.05781301 0.00868571 -0.02734145
v -0.05955252 0.01130735 -0.02622310
v -0.05968213 0.01228757 -0.02659876
v -0.05953555 0.01228757 -0.02690966
v -0.05659560 0.01120831 -0.01353835
v -0.05806376 0.00833870 -0.02505869
v -0.05747746 0.00757024 -0.02505869
v -0.05611469 0.01043985 -0.01353835
v -0.06009036 0.01228757 -0.02505869
v -0.05798381 0.00845482 -0.02631666
v -0.05534548 0.00961674 -0.01353835
v -0.05661619 0.00671503 -0.02659588
v -0.05495906 0.00541718 -0.02813164
v -0.05510805 0.00531062 -0.02706942
v -0.05643691 0.00693498 -0.02763076
v -0.05563983 0.00629562 -0.02824103
v -0.05726911 0.00919186 -0.02824103
v -0.05746535 0.00792476 -0.02673550
v -0.05660044 0.00787216 -0.02824103
v -0.06005765 0.01228757 -0.02527171
v 0.04289932 0.02058533 0.04693847
v 0.04229414 0.02058533 0.04583092
v 0.04085908 0.02058533 0.04693847
v 0.05110922 0.00831328 0.04693847
v 0.04976871 0.00868435 0.04330150
v 0.04823019 0.01021551 0.04177068
v 0.04804330 0.00995563 0.04074711
v 0.04778855 0.00943988 0.03942055
v 0.04673728 0.01025972 0.03864323
v 0.04132631 0.02058533 0.04416960
v 0.04072336 0.02058533 0.04673761
v 0.04090691 0.02039243 0.04693847
v 0.05151526 0.00767965 0.04693847
v 0.05194356 0.00690135 0.04693847
v 0.04958182 0.00826907 0.04227679
v 0.04864959 0.00799044 0.03942055
v 0.04837370 0.00893084 0.03988468
v 0.04813786 0.00856513 0.03885997
v 0.04706101 0.00939032 0.03806109
v 0.04683184 0.00884912 0.03702503
v 0.04057985 0.02058533 0.04298376
v 0.04067552 0.02058533 0.04313128
v 0.04057985 0.02058533 0.04648001
v 0.04057985 0.02026517 0.04626895
v 0.04095364 0.02026517 0.04693847
v 0.04986661 0.00690135 0.04693847
v 0.04986438 0.00690135 0.04144840
v 0.04980431 0.00724428 0.04165607
v 0.04843711 0.00754033 0.03836294
v 0.04708659 0.00789801 0.03679467
v 0.04591740 0.00789801 0.03611721
v 0.04580727 0.00939032 0.03680715
v 0.04522212 0.01025034 0.03713511
v 0.04057985 0.01343992 0.03759356
v 0.04437999 0.01049280 0.03695127
v 0.04057985 0.01991419 0.04603405
v 0.04069110 0.01980167 0.04615887
v 0.04155659 0.01864157 0.04693847
v 0.04057985 0.00690135 0.03701709
v 0.04496403 0.01306483 0.04693847
v 0.04892881 0.00690135 0.03898480
v 0.04854502 0.00690135 0.03823471
v 0.04772625 0.00690135 0.03716121
v 0.04722676 0.00690135 0.03672545
v 0.04681627 0.00690135 0.03648828
v 0.04591740 0.00690135 0.03602302
v 0.04403847 0.00736485 0.03560542
v 0.04448234 0.00788595 0.03580628
v 0.04437999 0.00943586 0.03635665
v 0.04057985 0.01291748 0.03721114
v 0.04057985 0.01233743 0.03683779
v 0.04182135 0.01800393 0.04693847
v 0.04057985 0.00690135 0.03536485
v 0.04427653 0.01394897 0.04693847
v 0.04416863 0.01409498 0.04693847
v 0.04399842 0.01432807 0.04693847
v 0.04362686 0.01483712 0.04693847
v 0.04314740 0.01556318 0.04693847
v 0.04235978 0.01693091 0.04693847
v 0.04211727 0.01736360 0.04693847
v 0.04196486 0.01766903 0.04693847
v 0.04403847 0.00690135 0.03560542
v 0.04057985 0.00789801 0.03534556
v 0.04057985 0.00866693 0.03544088
v 0.04057985 0.00920545 0.03551237
v 0.04216844 0.00870578 0.03563833
v 0.04057985 0.01032402 0.03591635
v 0.04057985 0.01097104 0.03619097
v 0.04057985 0.01176408 0.03655977
v 0.04057985 0.00708889 0.03535350
v 0.06354480 0.00060710 0.05332448
v 0.06354480 0.00065831 0.05381285
v 0.06354480 0.00083755 0.05245764
v 0.06669040 0.00097677 0.05253736
v 0.06669040 0.00097677 0.05260616
v 0.06528979 0.00095277 0.05415019
v 0.06436037 0.00084715 0.05436334
v 0.06354480 0.00078473 0.05462431
v 0.06436037 0.00087595 0.05247190
v 0.06354480 0.00128724 0.05245764
v 0.06765963 0.00194977 0.05067781
v 0.06900008 0.00197218 0.05067781
v 0.06631363 0.00107279 0.05363076
v 0.06866867 0.00196418 0.05178800
v 0.06594705 0.00168412 0.05487102
v 0.06436037 0.00129524 0.05513116
v 0.06354480 0.00117041 0.05532751
v 0.06766148 0.00306840 0.05067781
v 0.06354480 0.01695443 0.05625057
v 0.06995264 0.01695443 0.05067781
v 0.06942591 0.00230504 0.05067781
v 0.06969344 0.00257230 0.05093878
v 0.06737359 0.00166491 0.05323133
v 0.06703107 0.00209700 0.05456725
v 0.06835763 0.00225703 0.05283190
v 0.06558046 0.00229704 0.05578904
v 0.06354480 0.00141686 0.05560275
v 0.06354480 0.01695443 0.05800019
v 0.07197256 0.01695443 0.05067781
v 0.07002762 0.00284596 0.05067781
v 0.07107739 0.00432946 0.05067781
v 0.07000448 0.00369413 0.05178800
v 0.06805584 0.00279314 0.05385649
v 0.07000263 0.00671875 0.05438348
v 0.06846779 0.00675875 0.05584527
v 0.06679408 0.00697960 0.05726258
v 0.06975454 0.00403340 0.05257680
v 0.06436037 0.00206499 0.05599128
v 0.06375494 0.00704681 0.05875542
v 0.06354480 0.00187136 0.05603491
v 0.06415208 0.01695443 0.05787516
v 0.06354480 0.01489161 0.05872437
v 0.07228731 0.01565977 0.05067781
v 0.07154303 0.01695443 0.05144731
v 0.07111535 0.00438707 0.05067781
v 0.07077931 0.00484476 0.05178212
v 0.07001652 0.00482396 0.05289651
v 0.07055992 0.00630906 0.05336056
v 0.07136807 0.00692519 0.05270770
v 0.07101352 0.00789818 0.05372642
v 0.07024517 0.00789818 0.05466878
v 0.06952681 0.00789818 0.05543660
v 0.06875846 0.00789818 0.05608610
v 0.06780405 0.00789818 0.05685476
v 0.06703569 0.00789818 0.05740943
v 0.06589706 0.00789818 0.05801278
v 0.06482878 0.00789818 0.05853724
v 0.06406043 0.00789818 0.05891318
v 0.07111812 0.00589938 0.05229065
v 0.06354480 0.00789818 0.05904409
v 0.06354480 0.00702441 0.05877304
v 0.06434740 0.01695443 0.05783236
v 0.06363275 0.01486121 0.05871598
v 0.06354480 0.01477159 0.05875123
v 0.07163560 0.01547733 0.05184758
v 0.07282978 0.01184939 0.05105039
v 0.07259558 0.01404504 0.05068201
v 0.07259743 0.01404504 0.05067781
v 0.07148008 0.01695443 0.05153877
v 0.07129586 0.01489481 0.05258267
v 0.07151248 0.00508321 0.05067781
v 0.07141436 0.00536967 0.05126605
v 0.07162727 0.00639228 0.05178212
v 0.07269278 0.00789818 0.05067781
v 0.07265297 0.00789818 0.05076005
v 0.07212346 0.00789818 0.05178800
v 0.07151341 0.00789818 0.05295861
v 0.06970270 0.00887118 0.05559352
v 0.07163375 0.00943450 0.05314070
v 0.07111164 0.00943450 0.05390936
v 0.06800400 0.00943450 0.05699489
v 0.06723565 0.00943450 0.05750929
v 0.06426502 0.00943450 0.05902479
v 0.06354480 0.00943450 0.05925052
v 0.06539809 0.01695443 0.05746565
v 0.06600444 0.01563737 0.05755796
v 0.06557769 0.01695443 0.05739349
v 0.06354480 0.01359375 0.05893332
v 0.06384474 0.01404504 0.05878815
v 0.06461308 0.01404504 0.05846508
v 0.07138936 0.01404504 0.05271945
v 0.07153655 0.01250713 0.05294602
v 0.07162727 0.01097081 0.05309874
v 0.07239562 0.01097081 0.05182157
v 0.07283071 0.01097081 0.05105291
v 0.07300197 0.01097081 0.05067781
v 0.07295290 0.01214065 0.05067781
v 0.07100148 0.01695443 0.05220254
v 0.07115053 0.01591902 0.05240057
v 0.07002948 0.01404504 0.05445229
v 0.07079783 0.01404504 0.05348811
v 0.07098852 0.01250713 0.05371468
v 0.07195868 0.00595539 0.05067781
v 0.07216234 0.00640668 0.05067781
v 0.07292421 0.00926646 0.05067781
v 0.07275850 0.00902962 0.05098074
v 0.06977491 0.00989539 0.05566653
v 0.07245116 0.00949851 0.05164199
v 0.07281867 0.01005543 0.05103277
v 0.07108295 0.01097081 0.05386656
v 0.06977491 0.01046191 0.05566653
v 0.06802344 0.01097081 0.05700329
v 0.06725509 0.01097081 0.05752188
v 0.06426224 0.01097081 0.05897192
v 0.06354480 0.01020586 0.05922282
v 0.06589706 0.01404504 0.05789530
v 0.06679593 0.01516207 0.05725671
v 0.06658765 0.01618628 0.05709727
v 0.06634511 0.01695443 0.05694622
v 0.06354480 0.01250713 0.05907430
v 0.06415578 0.01250713 0.05889640
v 0.07298993 0.01046991 0.05067781
v 0.07024054 0.01695443 0.05314490
v 0.06985637 0.01521328 0.05424250
v 0.06938517 0.01404504 0.05522010
v 0.06957865 0.01250713 0.05545674
v 0.07022018 0.01250713 0.05468892
v 0.06968696 0.01148772 0.05558177
v 0.07296401 0.00975296 0.05067781
v 0.06793550 0.01250713 0.05695294
v 0.06716715 0.01250713 0.05747992
v 0.06589706 0.01250713 0.05809334
v 0.06492413 0.01250713 0.05854731
v 0.06354480 0.01180298 0.05913555
v 0.06354480 0.01097081 0.05919429
v 0.06697182 0.01404504 0.05736496
v 0.06735877 0.01563737 0.05664413
v 0.06774017 0.01404504 0.05679938
v 0.06822803 0.01641032 0.05565394
v 0.06740784 0.01695443 0.05611547
v 0.07011279 0.01695443 0.05329678
v 0.06922873 0.01566777 0.05479801
v 0.06837244 0.01558135 0.05579743
v 0.06861683 0.01404504 0.05603072
v 0.06881030 0.01250713 0.05618428
v 0.06950459 0.01695443 0.05399495
v 0.06863812 0.01695443 0.05494990
v 0.06751522 0.01695443 0.05602652
v 0.04869167 0.00398058 -0.00279350
v 0.04880466 0.00398058 -0.00414984
v 0.04893048 0.00398058 -0.00131091
v 0.04902035 0.00482524 -0.00046801
v 0.04883547 0.00482524 -0.00200471
v 0.04934134 0.00636197 -0.00354141
v 0.04888426 0.00428575 -0.00414984
v 0.05098990 0.00398058 -0.00414984
v 0.04912820 0.00398058 -0.00046801
v 0.04953393 0.00398058 0.00075005
v 0.04948771 0.00482524 0.00084144
v 0.04963921 0.00585245 0.00053241
v 0.04948771 0.00636470 -0.00053053
v 0.04923349 0.00636197 -0.00200471
v 0.04969827 0.00722298 -0.00354141
v 0.04974192 0.00716031 -0.00414984
v 0.04946716 0.00631838 -0.00414984
v 0.05288498 0.00398058 -0.00128085
v 0.06650745 0.02422785 -0.00414984
v 0.04975476 0.00398058 0.00109755
v 0.04997560 0.00482524 0.00161099
v 0.05025549 0.00636470 0.00105427
v 0.04990113 0.00687694 -0.00005918
v 0.04970854 0.00720390 -0.00108365
v 0.04966232 0.00726930 -0.00200471
v 0.05018360 0.00799135 -0.00354141
v 0.05099247 0.00911665 -0.00414984
v 0.06078627 0.00693416 0.00765801
v 0.05300310 0.00398058 -0.00099106
v 0.06699278 0.02493627 -0.00414984
v 0.06175692 0.00790688 0.00813417
v 0.05088462 0.00398058 0.00187192
v 0.05090002 0.00400238 0.00189477
v 0.05278997 0.00718483 0.00339900
v 0.05104126 0.00636197 0.00207994
v 0.05074339 0.00482524 0.00212202
v 0.05958965 0.00789870 0.00813417
v 0.05129548 0.00713034 0.00183825
v 0.05101815 0.00747638 0.00106990
v 0.07313765 0.03181614 0.00813417
v 0.05135454 0.00861530 0.00021257
v 0.05050715 0.00790960 -0.00043554
v 0.05111316 0.00891774 -0.00081190
v 0.05291836 0.01165335 -0.00170651
v 0.05282849 0.01174871 -0.00273098
v 0.05095138 0.00916569 -0.00354141
v 0.05280024 0.01178685 -0.00354141
v 0.05279510 0.01178958 -0.00414984
v 0.06096345 0.00695868 0.00813417
v 0.05322651 0.00398058 -0.00044035
v 0.07144287 0.03148373 -0.00414984
v 0.07149679 0.03157637 -0.00414984
v 0.06985336 0.02383549 0.00458460
v 0.06926276 0.02096093 0.00813417
v 0.05147266 0.00398058 0.00187192
v 0.05999537 0.00692326 0.00813417
v 0.05993631 0.00896679 0.00813417
v 0.06009552 0.00943544 0.00813417
v 0.06050380 0.01042178 0.00813417
v 0.06090953 0.01124736 0.00813417
v 0.06127416 0.01187677 0.00813417
v 0.07121690 0.02863641 0.00813417
v 0.07492231 0.03181614 0.00813417
v 0.07109364 0.03181614 0.00207633
v 0.05437947 0.01326909 -0.00126161
v 0.05253832 0.01059071 -0.00046801
v 0.05426135 0.01339988 -0.00228608
v 0.05419459 0.01348162 -0.00354141
v 0.05342423 0.01255522 -0.00354141
v 0.06959144 0.03181614 -0.00414984
v 0.06052692 0.00694233 0.00813417
v 0.05152915 0.00398058 0.00185989
v 0.05238681 0.00398058 0.00155688
v 0.05337544 0.00398058 0.00077651
v 0.07163032 0.03181614 -0.00414984
v 0.07434198 0.03016497 0.00813417
v 0.07001000 0.02354395 0.00567881
v 0.07482216 0.03139109 0.00813417
v 0.07488379 0.03181614 0.00777945
v 0.07075982 0.03181614 0.00106389
v 0.07056980 0.03181614 0.00046027
v 0.07030531 0.03181614 -0.00047041
v 0.07007934 0.03181614 -0.00144678
v 0.06998176 0.03181614 -0.00187485
v 0.06981998 0.03181614 -0.00267567
v 0.06978660 0.03181614 -0.00285723
v 0.06967362 0.03181614 -0.00354743
v 0.07451146 0.03181614 0.00592410
v 0.07444983 0.03151370 0.00608162
v 0.07468350 0.03094696 0.00813417
v 0.07477081 0.03181614 0.00721551
v 0.03374682 0.05008479 0.03245285
v 0.03374682 0.04017772 0.03490213
v 0.03374682 0.05008479 0.03004442
v 0.03124087 0.05008479 0.03485478
v 0.03374682 0.03866630 0.03524473
v 0.03042296 0.05008479 0.03561519
v 0.03374682 0.04939402 0.02997664
v 0.02189463 0.05008479 0.03686211
v 0.03374682 0.03864839 0.03524845
v 0.03007723 0.05008479 0.03589373
v 0.03374682 0.04792962 0.03008341
v 0.02189463 0.04651896 0.03714808
v 0.02189463 0.05008479 0.03837643
v 0.03374682 0.03864839 0.03343330
v 0.02945075 0.05008479 0.03631803
v 0.02826390 0.04874915 0.03719914
v 0.02670581 0.04094126 0.03872275
v 0.02766062 0.03864839 0.03841729
v 0.03374682 0.04789379 0.03009270
v 0.03101812 0.04324758 0.03240642
v 0.03073156 0.04478363 0.03219009
v 0.02189463 0.03864839 0.03785835
v 0.02214522 0.04866518 0.03872646
v 0.02197352 0.05008479 0.03837365
v 0.02189463 0.04867525 0.03872646
v 0.03362036 0.03864839 0.03339616
v 0.03374682 0.04628497 0.03053279
v 0.02836948 0.05008479 0.03691689
v 0.02809684 0.05008479 0.03705988
v 0.02740306 0.05008479 0.03739691
v 0.02593662 0.05008479 0.03786578
v 0.02526721 0.04436379 0.03875432
v 0.02549924 0.04324758 0.03881652
v 0.02581017 0.04171041 0.03889637
v 0.02593778 0.03864839 0.03907464
v 0.02689724 0.03864839 0.03880539
v 0.03082438 0.03864839 0.03387525
v 0.02189463 0.03864839 0.03946088
v 0.02189463 0.04171041 0.03927890
v 0.02286336 0.04171041 0.03926683
v 0.02371144 0.04723549 0.03873575
v 0.02440057 0.05008479 0.03813596
v 0.02355714 0.05008479 0.03826316
v 0.03208315 0.03864839 0.03347137
v 0.02509087 0.05008479 0.03801619
v 0.02440057 0.04171041 0.03914984
v 0.02440057 0.04017324 0.03925012
v 0.02440057 0.03864839 0.03933925
v 0.02286336 0.03864839 0.03944509
v 0.02189463 0.03920593 0.03943209
v 0.02189463 0.04017324 0.03937639
v 0.02286336 0.04017324 0.03936618
v 0.00454381 0.05224046 0.02435893
v 0.00469666 0.05224046 0.02543126
v 0.00476969 0.05246898 0.02565999
v 0.00458627 0.05246898 0.02435893
v 0.00649866 0.05224046 0.02435893
v 0.00474761 0.05224046 0.02565999
v 0.00505163 0.05246898 0.02679287
v 0.00513145 0.05332058 0.02656683
v 0.00462703 0.05261814 0.02435893
v 0.01429260 0.05497482 0.02435893
v 0.02189463 0.05539471 0.02783291
v 0.02189463 0.05499001 0.02849084
v 0.02189463 0.05468100 0.02919720
v 0.02189463 0.05224046 0.03645192
v 0.00498879 0.05224046 0.02662468
v 0.00504314 0.05224046 0.02681708
v 0.00645111 0.05224046 0.03000851
v 0.00646130 0.05246898 0.02998564
v 0.00584478 0.05420820 0.02565999
v 0.00504483 0.05343991 0.02565999
v 0.00659037 0.05344779 0.02973135
v 0.00637468 0.05370276 0.02873436
v 0.00703196 0.05447106 0.02873436
v 0.00685872 0.05467200 0.02760149
v 0.00668039 0.05480483 0.02657625
v 0.00496331 0.05353503 0.02435893
v 0.01550526 0.05578589 0.02435893
v 0.02189463 0.05573017 0.02743734
v 0.02189463 0.05224046 0.03808935
v 0.00692496 0.05224046 0.03077677
v 0.00693685 0.05246898 0.03075390
v 0.00592290 0.05440126 0.02435893
v 0.00580572 0.05430333 0.02435893
v 0.00661415 0.05484423 0.02565999
v 0.00794060 0.05366055 0.03142663
v 0.00747014 0.05406637 0.03031797
v 0.00802552 0.05493204 0.02988070
v 0.00779963 0.05504011 0.02873436
v 0.00742089 0.05505530 0.02713192
v 0.00749392 0.05520784 0.02565999
v 0.01591118 0.05608252 0.02435893
v 0.02189463 0.05688121 0.02666774
v 0.02145984 0.05224046 0.03810011
v 0.02189463 0.05246898 0.03806647
v 0.02132567 0.05246898 0.03808128
v 0.00791003 0.05224046 0.03207514
v 0.00779624 0.05238793 0.03188678
v 0.00837879 0.05284666 0.03245187
v 0.00657339 0.05486281 0.02435893
v 0.00735975 0.05519546 0.02435893
v 0.00749392 0.05525174 0.02435893
v 0.00940292 0.05373653 0.03297122
v 0.00982073 0.05476093 0.03255816
v 0.00836690 0.05468551 0.03090459
v 0.00939103 0.05498495 0.03153292
v 0.00893926 0.05516112 0.03034354
v 0.01547639 0.05798947 0.02700007
v 0.01434695 0.05798947 0.02435893
v 0.01488025 0.05798947 0.02561021
v 0.01604875 0.05619284 0.02435893
v 0.02189463 0.05760955 0.02633810
v 0.02132567 0.05224046 0.03810280
v 0.02189463 0.05395379 0.03759153
v 0.02132567 0.05398194 0.03760229
v 0.01978862 0.05246898 0.03804764
v 0.00829047 0.05224046 0.03254605
v 0.00923478 0.05224046 0.03352555
v 0.00980714 0.05224046 0.03410813
v 0.00993112 0.05290688 0.03399646
v 0.01095695 0.05363859 0.03439740
v 0.01153611 0.05466355 0.03397358
v 0.01256194 0.05489320 0.03430860
v 0.01084486 0.05495737 0.03294969
v 0.01042705 0.05518476 0.03195001
v 0.01588060 0.05798947 0.02739563
v 0.01639692 0.05798947 0.02435893
v 0.01638163 0.05699716 0.02435893
v 0.02189463 0.05798947 0.02627755
v 0.01978862 0.05224046 0.03806916
v 0.02189463 0.05472266 0.03713945
v 0.02132567 0.05475023 0.03716233
v 0.01978862 0.05391777 0.03758345
v 0.01825157 0.05246898 0.03793866
v 0.01955933 0.05224046 0.03805571
v 0.01023683 0.05224046 0.03442970
v 0.01049329 0.05242451 0.03456424
v 0.01167028 0.05246898 0.03540515
v 0.01269781 0.05342921 0.03575901
v 0.01364042 0.05449188 0.03536883
v 0.01453378 0.05471815 0.03559217
v 0.01364042 0.05506375 0.03460057
v 0.01207110 0.05512510 0.03341387
v 0.01694210 0.05798947 0.02841415
v 0.02189463 0.05798947 0.02838051
v 0.02189463 0.05495512 0.03685422
v 0.02132567 0.05530577 0.03639407
v 0.01978862 0.05527707 0.03634294
v 0.01978862 0.05468607 0.03711120
v 0.01825157 0.05374441 0.03749196
v 0.01671452 0.05346974 0.03732109
v 0.01671452 0.05246898 0.03764265
v 0.01671452 0.05224046 0.03767898
v 0.01802228 0.05224046 0.03793058
v 0.01825157 0.05224046 0.03796287
v 0.01163631 0.05224046 0.03542534
v 0.01243795 0.05246898 0.03589490
v 0.01364042 0.05372359 0.03597428
v 0.01562924 0.05246898 0.03730629
v 0.01589079 0.05327330 0.03720538
v 0.01671452 0.05423804 0.03676810
v 0.01555791 0.05490164 0.03579937
v 0.01364042 0.05550615 0.03334391
v 0.01509934 0.05519546 0.03500017
v 0.01727159 0.05798947 0.02856753
v 0.02180461 0.05798947 0.02840069
v 0.02189463 0.05585118 0.03488042
v 0.02189463 0.05530465 0.03636985
v 0.02189463 0.05551459 0.03583436
v 0.01822439 0.05798947 0.02884200
v 0.01825157 0.05519433 0.03620167
v 0.01825157 0.05451327 0.03696992
v 0.01557829 0.05224046 0.03732647
v 0.01229019 0.05224046 0.03584243
v 0.01240399 0.05224046 0.03591239
v 0.01671452 0.05504742 0.03599985
v 0.01671452 0.05551403 0.03488042
v 0.02049685 0.05798947 0.02867651
v 0.01978862 0.05798947 0.02878415
v 0.01889356 0.05798947 0.02884335
v 0.07197299 0.01695456 0.05067699
v 0.06995427 0.01695456 0.05067699
v 0.07228705 0.01566038 0.05067699
v 0.07254294 0.01573236 0.05021724
v 0.07221991 0.01695456 0.05024608
v 0.07353887 0.01695456 0.04226065
v 0.07013183 0.00327821 0.04226065
v 0.06766104 0.00306814 0.05067699
v 0.07259516 0.01405917 0.05067699
v 0.07291072 0.01531957 0.04968334
v 0.07280777 0.01634346 0.04947901
v 0.07295250 0.01214066 0.05067699
v 0.07271377 0.01695456 0.04933482
v 0.07514428 0.01695456 0.04226065
v 0.07021762 0.00304905 0.04226065
v 0.06765880 0.00194877 0.05067699
v 0.07319868 0.01573236 0.04886519
v 0.07310021 0.01695456 0.04856775
v 0.07301815 0.01404448 0.04991321
v 0.07302785 0.01695456 0.04872842
v 0.07300174 0.01097134 0.05067699
v 0.07319645 0.01097134 0.05025020
v 0.07447213 0.01250791 0.04679468
v 0.07307037 0.01241977 0.05032023
v 0.07509803 0.01695456 0.04256633
v 0.07522634 0.01588660 0.04226065
v 0.07061151 0.00208392 0.04226065
v 0.07066299 0.00207510 0.04256633
v 0.07142840 0.00207510 0.04256633
v 0.06909711 0.00197521 0.05035566
v 0.06900088 0.00197227 0.05067699
v 0.07435277 0.01483774 0.04641733
v 0.07443109 0.01695456 0.04517321
v 0.07440200 0.01404448 0.04656481
v 0.07298980 0.01047042 0.05067699
v 0.07296443 0.00975208 0.05067699
v 0.07308603 0.00949941 0.05038038
v 0.07446840 0.01097134 0.04684824
v 0.07474069 0.01250791 0.04564037
v 0.07505849 0.01404448 0.04410294
v 0.07467653 0.01404448 0.04564037
v 0.07506968 0.01695456 0.04272946
v 0.07520322 0.01558105 0.04256633
v 0.07524275 0.01558105 0.04226065
v 0.07122100 0.00208392 0.04226065
v 0.07144183 0.00211917 0.04410294
v 0.07141795 0.00210154 0.04226065
v 0.07351648 0.00663340 0.04226065
v 0.07405138 0.00778950 0.04226065
v 0.07339563 0.00636163 0.04410294
v 0.07023179 0.00209420 0.04871276
v 0.06996845 0.00221612 0.04991321
v 0.06942685 0.00230426 0.05067699
v 0.07450719 0.01544297 0.04566426
v 0.07493465 0.01558105 0.04410294
v 0.07469295 0.01695456 0.04425536
v 0.07292415 0.00926878 0.05067699
v 0.07302486 0.00789820 0.04999066
v 0.07367688 0.00943477 0.04871276
v 0.07441170 0.00993570 0.04668015
v 0.07502791 0.01250791 0.04410294
v 0.07524947 0.01404448 0.04256633
v 0.07527931 0.01435003 0.04226065
v 0.07473621 0.01695456 0.04410294
v 0.07139557 0.00226460 0.04564037
v 0.07291221 0.00541266 0.04564037
v 0.07439678 0.00855778 0.04226065
v 0.07333446 0.00636163 0.04564037
v 0.07131724 0.00243060 0.04669416
v 0.07119116 0.00259072 0.04771830
v 0.07100018 0.00287717 0.04871276
v 0.07133962 0.00394954 0.04962732
v 0.07053542 0.00326058 0.05028233
v 0.07002888 0.00284632 0.05067699
v 0.07269289 0.00789820 0.05067699
v 0.07343144 0.00789820 0.04871276
v 0.07289730 0.00695951 0.04968581
v 0.07446094 0.00966394 0.04564037
v 0.07503835 0.01097134 0.04256633
v 0.07485334 0.01097134 0.04410294
v 0.07369105 0.00789820 0.04717616
v 0.07429756 0.00872819 0.04462036
v 0.07521217 0.01250791 0.04256633
v 0.07525021 0.01281346 0.04226065
v 0.07528006 0.01404448 0.04226065
v 0.07286596 0.00549492 0.04673701
v 0.07446392 0.00874435 0.04226065
v 0.07438932 0.00857247 0.04256633
v 0.07313005 0.00624558 0.04721982
v 0.07436172 0.00863417 0.04359540
v 0.07148211 0.00364546 0.04871276
v 0.07273541 0.00565505 0.04776196
v 0.07303531 0.00666425 0.04871276
v 0.07159550 0.00484416 0.05018346
v 0.07151270 0.00508360 0.05067699
v 0.07111656 0.00438730 0.05067699
v 0.07110313 0.00434470 0.05065145
v 0.07107852 0.00433001 0.05067699
v 0.07261306 0.00767345 0.05067699
v 0.07216247 0.00640717 0.05067699
v 0.07195956 0.00595472 0.05067699
v 0.07450794 0.00931872 0.04410541
v 0.07466683 0.00943477 0.04256633
v 0.07476307 0.00973885 0.04226065
v 0.07506073 0.01097134 0.04226065
v 0.07523306 0.01250791 0.04226065
v 0.07468623 0.00943477 0.04226065
v 0.02520495 0.05712277 0.02436030
v 0.02806170 0.05712277 0.02436030
v 0.02540613 0.05676315 0.02436030
v 0.02189463 0.05712277 0.02656126
v 0.02745816 0.05712277 0.02545255
v 0.02977722 0.05630778 0.02949907
v 0.03148542 0.05636565 0.02533042
v 0.03156406 0.05637736 0.02436030
v 0.02593103 0.05606597 0.02436030
v 0.02189463 0.05688096 0.02666829
v 0.02189463 0.05712277 0.02740514
v 0.02738135 0.05712277 0.02555271
v 0.03054902 0.05562575 0.03180706
v 0.03208347 0.05554102 0.03027161
v 0.03361975 0.05534881 0.02873340
v 0.03361975 0.05554653 0.02719657
v 0.02870731 0.05637874 0.03027161
v 0.02835250 0.05632638 0.03114568
v 0.03515786 0.05523858 0.02565974
v 0.03515786 0.05532676 0.02436030
v 0.02617244 0.05586136 0.02436030
v 0.02189463 0.05573047 0.02743670
v 0.02189463 0.05655786 0.03180706
v 0.02190194 0.05712277 0.02881299
v 0.02591639 0.05712277 0.02703877
v 0.02901091 0.05560302 0.03334389
v 0.03210359 0.05511044 0.03182216
v 0.03359232 0.05501882 0.03017418
v 0.03468052 0.05493270 0.02873340
v 0.03520359 0.05503466 0.02708131
v 0.02583409 0.05712277 0.02711424
v 0.02564937 0.05635463 0.03281286
v 0.02667356 0.05628711 0.03254392
v 0.02747462 0.05593094 0.03334389
v 0.03594612 0.05478803 0.02649265
v 0.03603757 0.05484452 0.02565974
v 0.03600831 0.05495957 0.02436030
v 0.02189463 0.05539428 0.02783326
v 0.03719344 0.05008548 0.02436030
v 0.02189463 0.05635876 0.03290892
v 0.02262070 0.05712277 0.02864833
v 0.02440023 0.05636083 0.03291578
v 0.02901091 0.05507806 0.03455689
v 0.03050695 0.05510424 0.03333292
v 0.02755875 0.05525994 0.03500559
v 0.03160430 0.05490032 0.03281424
v 0.03262848 0.05464060 0.03234633
v 0.03306194 0.05488999 0.03132269
v 0.03444459 0.05481007 0.02959650
v 0.03574677 0.05463785 0.02751766
v 0.02440937 0.05712277 0.02796911
v 0.02607185 0.05613142 0.03333292
v 0.02268106 0.05712277 0.02862775
v 0.02286395 0.05587032 0.03488072
v 0.02440023 0.05577249 0.03488072
v 0.02593651 0.05559682 0.03488072
v 0.04057692 0.05046576 0.02572149
v 0.04057692 0.05091631 0.02436030
v 0.03764518 0.05366578 0.02436030
v 0.03693190 0.05432508 0.02436030
v 0.03614364 0.05489895 0.02436030
v 0.02189463 0.05498919 0.02849053
v 0.04057692 0.05008548 0.02436030
v 0.02189463 0.05008548 0.03686214
v 0.02189463 0.05585103 0.03488072
v 0.02996560 0.05486174 0.03424129
v 0.02812754 0.05472603 0.03560111
v 0.02440023 0.05520207 0.03620212
v 0.02593651 0.05503397 0.03600179
v 0.02710336 0.05489274 0.03579871
v 0.03099161 0.05455793 0.03383925
v 0.03210542 0.05408671 0.03336173
v 0.03316984 0.05361618 0.03288559
v 0.03463297 0.05352456 0.03132955
v 0.03408613 0.05454897 0.03062151
v 0.03505179 0.05393446 0.03011381
v 0.03544866 0.05435057 0.02873340
v 0.03618388 0.05358242 0.02873340
v 0.02286395 0.05530265 0.03632973
v 0.02189463 0.05551484 0.03583438
v 0.02189463 0.05530472 0.03637090
v 0.04057692 0.05029836 0.02606179
v 0.04057692 0.05008548 0.02645560
v 0.02189463 0.05008548 0.03837701
v 0.02901091 0.05444288 0.03532531
v 0.02593651 0.05422656 0.03677020
v 0.02674672 0.05326552 0.03719969
v 0.02901091 0.05367474 0.03594964
v 0.02988878 0.05335577 0.03572323
v 0.02286395 0.05467436 0.03709815
v 0.02440023 0.05450971 0.03697054
v 0.03044111 0.05395650 0.03479702
v 0.03158235 0.05353420 0.03432911
v 0.03252607 0.05246913 0.03383101
v 0.03335822 0.05246913 0.03306260
v 0.03412636 0.05246913 0.03228869
v 0.03598270 0.05332063 0.02960610
v 0.02189463 0.05495406 0.03685390
v 0.02189463 0.05472189 0.03713932
v 0.03173598 0.05093216 0.03449789
v 0.03042465 0.05008548 0.03561484
v 0.02197327 0.05008548 0.03837290
v 0.02286395 0.05246913 0.03804220
v 0.02189463 0.05246913 0.03806690
v 0.02593651 0.05345911 0.03730123
v 0.02440023 0.05246913 0.03789264
v 0.02593651 0.05246913 0.03757978
v 0.02695156 0.05246913 0.03727928
v 0.02771970 0.05246913 0.03692937
v 0.02901091 0.05246913 0.03632973
v 0.03001863 0.05246913 0.03581929
v 0.03078678 0.05246913 0.03525121
v 0.03175610 0.05246913 0.03448279
v 0.02286395 0.05390621 0.03757155
v 0.02440023 0.05374087 0.03747138
v 0.03085993 0.05093216 0.03526630
v 0.02189463 0.05395306 0.03759076
v 0.03007899 0.05008548 0.03589339
v 0.02355711 0.05008548 0.03826312
v 0.02440023 0.05093216 0.03807514
v 0.02593651 0.05093216 0.03780893
v 0.02722589 0.05093216 0.03738905
v 0.02809828 0.05008548 0.03705973
v 0.02837079 0.05008548 0.03691702
v 0.02945167 0.05008548 0.03631739
v 0.03008996 0.05093216 0.03588515
v 0.02440023 0.05008548 0.03813551
v 0.02508973 0.05008548 0.03801613
v 0.02593651 0.05008548 0.03786519
v 0.02740330 0.05008548 0.03739591
v 0.04880495 0.00398058 -0.00414984
v 0.04882730 0.00398058 -0.00449481
v 0.05098820 0.00398058 -0.00414984
v 0.04888317 0.00428575 -0.00414984
v 0.04914015 0.00398058 -0.00593454
v 0.04946641 0.00631838 -0.00414984
v 0.04975468 0.00714124 -0.00433191
v 0.05491671 0.00398058 -0.01423759
v 0.06650780 0.02422785 -0.00414984
v 0.04928317 0.00398058 -0.00642084
v 0.04974127 0.00716031 -0.00414984
v 0.05091669 0.00800497 -0.00668795
v 0.05111558 0.00756084 -0.00784741
v 0.04991780 0.00670801 -0.00535601
v 0.04963177 0.00626388 -0.00493799
v 0.05105077 0.00904036 -0.00507933
v 0.05120049 0.00882238 -0.00622321
v 0.05136809 0.00858533 -0.00724732
v 0.05515358 0.00398058 -0.01496465
v 0.06699496 0.02493627 -0.00414984
v 0.05538598 0.00398058 -0.01579232
v 0.05554688 0.00398058 -0.01638642
v 0.05077591 0.00398058 -0.01038671
v 0.04973457 0.00568352 -0.00593335
v 0.05015692 0.00626388 -0.00651427
v 0.05088317 0.00648186 -0.00827741
v 0.05099044 0.00911665 -0.00414984
v 0.05135245 0.00707585 -0.00887151
v 0.05257927 0.00914117 -0.00969080
v 0.05277145 0.00880058 -0.01058554
v 0.06726759 0.03181614 -0.01638642
v 0.05895694 0.01946234 -0.01206241
v 0.05867315 0.01866128 -0.01265053
v 0.05879828 0.01815448 -0.01381717
v 0.07144413 0.03148373 -0.00414984
v 0.05351558 0.00398058 -0.01638642
v 0.06372567 0.01907816 -0.01638642
v 0.07163185 0.03181614 -0.00414984
v 0.05279603 0.01178958 -0.00414984
v 0.05279380 0.01179231 -0.00449121
v 0.05571447 0.01209747 -0.01393815
v 0.05549101 0.01104846 -0.01439091
v 0.06959161 0.03181614 -0.00414984
v 0.06913128 0.03181614 -0.01638642
v 0.05754018 0.01309471 -0.01638642
v 0.05721168 0.01365327 -0.01542460
v 0.05599604 0.01160975 -0.01496345
v 0.05697481 0.01253070 -0.01589652
v 0.05716029 0.01226095 -0.01638642
v 0.06511115 0.02164755 -0.01638642
v 0.07139050 0.03181614 -0.00633101
v 0.06928770 0.03181614 -0.01583663
v 0.06667987 0.02552208 -0.01638642
v 0.06530333 0.02204808 -0.01638642
v 0.07129441 0.03181614 -0.00718383
v 0.06982178 0.03181614 -0.01379681
v 0.07078491 0.03181614 -0.00972314
v 0.07112905 0.03181614 -0.00815284
v 0.07118939 0.03181614 -0.00781866
v 0.00076159 0.05145114 0.00813417
v 0.00076159 0.05046486 0.01748923
v 0.00076159 0.05282345 0.00813417
v 0.00595834 0.05146889 0.00813417
v 0.00134589 0.05047246 0.01748923
v 0.00076159 0.05209768 0.01748923
v 0.00749445 0.05148220 0.00813417
v 0.00076159 0.05283486 0.00875418
v 0.00903056 0.05548947 0.01748923
v 0.01442345 0.05694037 0.01748923
v 0.01503046 0.05694037 0.01645802
v 0.01509860 0.05694037 0.01636369
v 0.01514402 0.05694037 0.01631424
v 0.01519770 0.05694037 0.01627211
v 0.01688866 0.05694037 0.01496616
v 0.01983080 0.05694037 0.01326091
v 0.01517706 0.05540326 0.01029091
v 0.01517706 0.05497857 0.00893917
v 0.01661819 0.05505971 0.00861680
v 0.01661819 0.05487589 0.00813417
v 0.00294394 0.05056501 0.01748923
v 0.00076159 0.05239940 0.01643787
v 0.00679453 0.05471299 0.01748923
v 0.00899752 0.05160010 0.00813417
v 0.00076159 0.05281901 0.00933755
v 0.00751510 0.05499759 0.01748923
v 0.00791977 0.05513577 0.01748923
v 0.01750393 0.05694037 0.01748923
v 0.02132562 0.05694037 0.01264823
v 0.01825133 0.05529297 0.00875418
v 0.01689692 0.05491012 0.00813417
v 0.00442017 0.05091997 0.01748923
v 0.00982752 0.05167553 0.00813417
v 0.02185417 0.05332040 0.00813417
v 0.00076159 0.05258765 0.01490022
v 0.00076159 0.05276704 0.01087521
v 0.00076159 0.05269858 0.01241194
v 0.01730572 0.05658604 0.01748923
v 0.02185417 0.05694037 0.01495700
v 0.02185417 0.05694037 0.01256031
v 0.01978744 0.05537600 0.00875418
v 0.01825133 0.05504323 0.00813417
v 0.02185417 0.05447022 0.01197693
v 0.02185417 0.05474468 0.01265464
v 0.02185417 0.05510535 0.01333417
v 0.01460514 0.05471362 0.01748923
v 0.02185417 0.05513957 0.00813417
v 0.01703525 0.05620383 0.01748923
v 0.02185417 0.05595979 0.01447345
v 0.02132562 0.05514464 0.00813417
v 0.02062776 0.05513957 0.00813417
v 0.01978744 0.05512246 0.00813417
v 0.02185417 0.05534114 0.01365287
v 0.01531952 0.05504703 0.01748923
v 0.01469805 0.05474975 0.01748923
v 0.01650050 0.05580006 0.01748923
v 0.05776801 0.02058533 0.05725478
v 0.05667407 0.02058533 0.05723460
v 0.05776801 0.02058533 0.05535345
v 0.05776801 0.02090410 0.05708725
v 0.05513744 0.02306060 0.05593272
v 0.05615366 0.02058533 0.05718817
v 0.05360080 0.02298460 0.05587520
v 0.04771792 0.02058533 0.05250044
v 0.05776801 0.03217441 0.04715168
v 0.05776801 0.02300501 0.05592667
v 0.05667407 0.02304132 0.05595089
v 0.05513744 0.02580813 0.05425645
v 0.05360080 0.02575027 0.05421608
v 0.05360080 0.02375259 0.05541803
v 0.05513744 0.02058533 0.05707413
v 0.05201793 0.02493123 0.05452490
v 0.05206515 0.02353592 0.05535950
v 0.05206515 0.02276792 0.05576015
v 0.05360080 0.02058533 0.05687027
v 0.04771792 0.03217441 0.04694580
v 0.04771792 0.02058533 0.05462178
v 0.05776801 0.03217441 0.04942945
v 0.05776801 0.02581040 0.05425140
v 0.05667407 0.02581493 0.05425443
v 0.05206515 0.03034801 0.05114105
v 0.05249801 0.02565498 0.05414745
v 0.05087185 0.03028335 0.05109361
v 0.05206515 0.02766515 0.05286678
v 0.05042719 0.02955280 0.05146904
v 0.05052753 0.02822101 0.05229255
v 0.05052753 0.02458297 0.05443810
v 0.05116993 0.02258415 0.05566630
v 0.05206515 0.02173108 0.05617695
v 0.05214385 0.02058533 0.05659173
v 0.04771792 0.03217441 0.04913879
v 0.04876169 0.02058533 0.05533023
v 0.04771792 0.02075322 0.05459453
v 0.05513744 0.03217441 0.04960807
v 0.05776801 0.03191916 0.04965147
v 0.05776801 0.02657725 0.05371652
v 0.05667407 0.02658179 0.05372864
v 0.05360080 0.03034575 0.05113802
v 0.05360080 0.03111374 0.05055370
v 0.05206515 0.03111601 0.05055470
v 0.05052753 0.03203601 0.04972615
v 0.04899090 0.03217441 0.04942036
v 0.04899090 0.03190782 0.04961816
v 0.04804453 0.03178871 0.04953138
v 0.04984677 0.03015857 0.05098361
v 0.04899090 0.02920113 0.05136105
v 0.04944737 0.02724315 0.05262659
v 0.04933620 0.02429710 0.05424332
v 0.04842327 0.02702308 0.05246512
v 0.04831112 0.02394997 0.05402433
v 0.04889056 0.02336916 0.05448957
v 0.05014485 0.02215648 0.05547253
v 0.05060525 0.02167890 0.05582676
v 0.05054819 0.02058533 0.05612750
v 0.04845573 0.03217441 0.04932045
v 0.04771792 0.03214151 0.04916504
v 0.04906567 0.02058533 0.05550684
v 0.04772480 0.02173108 0.05443709
v 0.04771792 0.02170272 0.05443810
v 0.05360080 0.03217441 0.04970294
v 0.05513744 0.03202126 0.04973927
v 0.05776801 0.03022096 0.05105022
v 0.05776801 0.02765040 0.05294751
v 0.05360080 0.03207798 0.04978468
v 0.05206515 0.03208933 0.04978569
v 0.05052753 0.03217441 0.04961816
v 0.04771792 0.03171724 0.04947789
v 0.04771792 0.03132247 0.04971908
v 0.04777301 0.02889711 0.05116930
v 0.04771792 0.02621198 0.05265787
v 0.04771792 0.02600098 0.05276687
v 0.04771792 0.02888236 0.05115921
v 0.04771792 0.02878707 0.05121371
v 0.04771792 0.02676897 0.05234906
v 0.04797468 0.02292447 0.05424736
v 0.04964510 0.02113211 0.05568547
v 0.04771792 0.02480531 0.05331385
v 0.04951229 0.02058533 0.05575713
v 0.04771792 0.02173108 0.05443205
v 0.04771792 0.02172200 0.05443407
v 0.04771792 0.02314568 0.05400011
v 0.05206515 0.03217441 0.04971505
v 0.04771792 0.02354613 0.05383460
v 0.02640953 0.05694037 0.01643823
v 0.02663826 0.05649079 0.01643823
v 0.02530625 0.05694037 0.02435815
v 0.03031885 0.05694037 0.01643823
v 0.02592965 0.05606535 0.02435815
v 0.02540641 0.05676310 0.02435815
v 0.02745451 0.05578399 0.01643823
v 0.02839932 0.05694037 0.02435815
v 0.03044442 0.05694037 0.01654987
v 0.04057874 0.05435680 0.01643823
v 0.02617333 0.05586093 0.02435815
v 0.02753374 0.05574853 0.01643823
v 0.03813748 0.04950722 0.02435815
v 0.03736907 0.04989344 0.02435815
v 0.03156564 0.05637764 0.02435815
v 0.02993763 0.05694037 0.02259507
v 0.03100354 0.05694037 0.01757563
v 0.03515803 0.05532686 0.02435815
v 0.04057874 0.05423761 0.01716548
v 0.04057874 0.05279534 0.01643823
v 0.03112313 0.05694037 0.01797492
v 0.03127263 0.05694037 0.01951238
v 0.03099606 0.05694037 0.02101341
v 0.02910942 0.05516921 0.01643823
v 0.03436570 0.05326076 0.01643823
v 0.03504740 0.05303371 0.01643823
v 0.03889841 0.05011747 0.02166623
v 0.03976848 0.04923416 0.02435815
v 0.03071800 0.05458460 0.01643823
v 0.03050721 0.05694037 0.02184068
v 0.03600866 0.05495951 0.02435815
v 0.04057874 0.05407770 0.01797492
v 0.03614470 0.05489841 0.02435815
v 0.04057874 0.05150091 0.01851920
v 0.03976848 0.05147074 0.01848818
v 0.03976848 0.05275385 0.01643823
v 0.03505936 0.05302994 0.01643823
v 0.03976848 0.05095930 0.01951238
v 0.03976848 0.05009711 0.02162204
v 0.03976848 0.04977803 0.02258499
v 0.03507132 0.05302767 0.01643823
v 0.04057874 0.04979387 0.02258499
v 0.04057874 0.04925452 0.02435815
v 0.04057874 0.05382650 0.01849904
v 0.03693105 0.05432512 0.02435815
v 0.04057874 0.05100984 0.01951238
v 0.03871902 0.05153712 0.01856882
v 0.03669484 0.05281042 0.01643823
v 0.03823166 0.05277346 0.01643823
v 0.04057874 0.05069529 0.02025514
v 0.04057874 0.05010691 0.02165770
v 0.04057874 0.04994473 0.02212988
v 0.03666644 0.05281420 0.01643823
v 0.04057874 0.05091631 0.02435815
v 0.03764563 0.05366508 0.02435815
v -0.04167225 0.00349241 -0.01353835
v -0.04771610 0.00530994 -0.01353835
v -0.04167225 0.00206985 -0.01353835
v -0.04167225 0.00338548 -0.01583839
v -0.04772012 0.00530994 -0.01355563
v -0.05065631 0.00530994 -0.01353835
v -0.04168029 0.00206985 -0.01353835
v -0.04167225 0.00177644 -0.01582256
v -0.04793176 0.00530994 -0.01440770
v -0.04167225 0.00255108 -0.02653399
v -0.05054648 0.00521468 -0.01353835
v -0.05496416 0.00530994 -0.02351573
v -0.04246256 0.00209861 -0.01353835
v -0.04322608 0.00180025 -0.01583839
v -0.04167225 0.00177464 -0.01583839
v -0.05193956 0.00529196 -0.02824103
v -0.05200386 0.00530994 -0.02824103
v -0.04167225 0.00247829 -0.02738751
v -0.04963427 0.00444588 -0.01353835
v -0.05507400 0.00530994 -0.02393889
v -0.05340230 0.00391568 -0.02386405
v -0.05394212 0.00450744 -0.02341930
v -0.04329305 0.00216960 -0.01353835
v -0.04322608 0.00203705 -0.01430120
v -0.04630024 0.00164389 -0.01891134
v -0.04476249 0.00152796 -0.01891134
v -0.04267152 0.00097979 -0.02426274
v -0.04168832 0.00097529 -0.02420229
v -0.04167225 0.00097529 -0.02420229
v -0.04217055 0.00255018 -0.02776029
v -0.04167225 0.00230440 -0.02824103
v -0.05479940 0.00530994 -0.02824103
v -0.04924716 0.00416236 -0.01353835
v -0.05535664 0.00530994 -0.02505869
v -0.05522804 0.00519716 -0.02505869
v -0.05426092 0.00442881 -0.02505869
v -0.05349339 0.00384918 -0.02505869
v -0.04945076 0.00215747 -0.02057664
v -0.05001469 0.00262656 -0.02014916
v -0.04447048 0.00237944 -0.01353835
v -0.04783666 0.00159042 -0.02044854
v -0.04369624 0.00100540 -0.02433183
v -0.04320063 0.00093845 -0.02493059
v -0.04168832 0.00091329 -0.02505869
v -0.04167225 0.00091374 -0.02505005
v -0.04167225 0.00071963 -0.02824103
v -0.05411492 0.00472941 -0.02824103
v -0.05482753 0.00530994 -0.02814891
v -0.04886539 0.00389052 -0.01353835
v -0.05523876 0.00530994 -0.02647498
v -0.05517447 0.00526186 -0.02659588
v -0.05417653 0.00449351 -0.02659588
v -0.05340766 0.00391074 -0.02659588
v -0.05059068 0.00232821 -0.02505869
v -0.05244589 0.00333380 -0.02659588
v -0.05128186 0.00271014 -0.02659588
v -0.04891362 0.00230710 -0.01891134
v -0.04937173 0.00202312 -0.02198430
v -0.04783666 0.00350050 -0.01353835
v -0.04783666 0.00192562 -0.01891134
v -0.04937173 0.00194808 -0.02352149
v -0.04783666 0.00152077 -0.02198430
v -0.04415301 0.00095148 -0.02535663
v -0.04168832 0.00072053 -0.02824103
v -0.05387916 0.00453215 -0.02824103
v -0.05510749 0.00530994 -0.02706942
v -0.05522804 0.00530994 -0.02659588
v -0.05383094 0.00449306 -0.02824103
v -0.05328844 0.00399746 -0.02785241
v -0.05264816 0.00362991 -0.02824103
v -0.05259458 0.00359576 -0.02824103
v -0.05051299 0.00239157 -0.02659588
v -0.04937173 0.00191483 -0.02505869
v -0.05257315 0.00358408 -0.02824103
v -0.05086394 0.00275148 -0.02818489
v -0.04783666 0.00151628 -0.02352149
v -0.04415301 0.00095148 -0.02599137
v -0.04284968 0.00088768 -0.02824103
v -0.05032144 0.00248009 -0.02770704
v -0.04937173 0.00210580 -0.02659588
v -0.05197974 0.00329831 -0.02824103
v -0.05091350 0.00278967 -0.02824103
v -0.05086528 0.00276720 -0.02824103
v -0.05078089 0.00273395 -0.02824103
v -0.04945344 0.00236191 -0.02824103
v -0.04952845 0.00238258 -0.02824103
v 0.04057874 0.00690001 0.03536571
v 0.04057874 0.00636024 0.03539970
v 0.04057874 0.00690001 0.03701751
v 0.04403807 0.00690001 0.03560589
v 0.04403807 0.00680250 0.03560589
v 0.04057874 0.00590056 0.03547221
v 0.04130669 0.00636024 0.03545181
v 0.04221502 0.00557113 0.03563988
v 0.04057874 0.00123834 0.04197629
v 0.04986673 0.00690001 0.04693733
v 0.04591742 0.00690001 0.03602281
v 0.04591742 0.00636024 0.03597182
v 0.04448200 0.00631845 0.03573391
v 0.04277409 0.00631845 0.03557417
v 0.04057874 0.00544925 0.03557191
v 0.04130669 0.00548825 0.03559003
v 0.04591742 0.00482381 0.03620747
v 0.04057874 0.00083926 0.04197629
v 0.04327431 0.00119237 0.04351366
v 0.04327431 0.00078563 0.04351366
v 0.04632169 0.00072713 0.04504423
v 0.05039382 0.00045063 0.04693733
v 0.05194309 0.00690001 0.04693733
v 0.04681807 0.00690001 0.03648730
v 0.04730294 0.00636024 0.03668783
v 0.04732853 0.00482381 0.03678073
v 0.04057874 0.00468103 0.03603640
v 0.04591742 0.00353672 0.03678979
v 0.04437965 0.00482381 0.03609078
v 0.04710720 0.00368785 0.03694840
v 0.04057874 0.00072713 0.04161262
v 0.04130669 0.00072922 0.04216435
v 0.05180748 -0.00020894 0.04693733
v 0.05050128 0.00039561 0.04693733
v 0.05212092 0.00657475 0.04693733
v 0.04986417 0.00690001 0.04144835
v 0.04722746 0.00690001 0.03672521
v 0.04772640 0.00690001 0.03716025
v 0.04807182 0.00636024 0.03735851
v 0.04809613 0.00482381 0.03729621
v 0.04877162 0.00328738 0.03816062
v 0.04057874 0.00342180 0.03680452
v 0.04745262 0.00210406 0.03821160
v 0.04057874 0.00090961 0.03860472
v 0.04057874 0.00108442 0.03844952
v 0.04057874 0.00170080 0.03799295
v 0.04857460 0.00222177 0.03841553
v 0.04057874 0.00056485 0.04102464
v 0.05052687 -0.00021521 0.04563901
v 0.05052687 0.00007035 0.04410164
v 0.05214906 -0.00012048 0.04693733
v 0.04130669 0.00041650 0.04102917
v 0.04437965 0.00018388 0.04256541
v 0.05224885 0.00630870 0.04693733
v 0.04892770 0.00690001 0.03898539
v 0.04854518 0.00690001 0.03823539
v 0.04863601 0.00636024 0.03812663
v 0.04876010 0.00482381 0.03806546
v 0.04954050 0.00328738 0.03903070
v 0.04998443 0.00175025 0.03995403
v 0.04983986 0.00092911 0.04017948
v 0.04057874 0.00076752 0.03896386
v 0.04898910 0.00052933 0.04102917
v 0.04057874 0.00050495 0.04030184
v 0.04898910 0.00014348 0.04256541
v 0.04591742 0.00011771 0.04256541
v 0.04745262 0.00012746 0.04256541
v 0.05052687 0.00041232 0.04256541
v 0.05307147 0.00016995 0.04693733
v 0.04284317 0.00032248 0.04102917
v 0.05256101 0.00558018 0.04693733
v 0.05281432 0.00498469 0.04693733
v 0.04982451 0.00577589 0.04010358
v 0.04952771 0.00482381 0.03915759
v 0.05003177 0.00328738 0.03979882
v 0.05133925 0.00126411 0.04172818
v 0.05133925 0.00093329 0.04172818
v 0.05042196 0.00078563 0.04114246
v 0.04057874 0.00065330 0.03944988
v 0.05321859 0.00026885 0.04693733
v 0.05299343 0.00451318 0.04693733
v 0.04991662 0.00482381 0.03992684
v 0.05337339 0.00328738 0.04693733
v 0.05300238 0.00328738 0.04609897
v 0.05314439 0.00175025 0.04578063
v 0.05123946 0.00228863 0.04186300
v 0.05364717 0.00175025 0.04693733
v 0.05304716 0.00062196 0.04593470
v 0.07514429 0.01695458 0.04225963
v 0.07353876 0.01695458 0.04225963
v 0.07522658 0.01588603 0.04225963
v 0.07596228 0.01695458 0.03908154
v 0.07489906 0.01695458 0.03186775
v 0.06883079 0.00605361 0.03186775
v 0.06817986 0.00487587 0.03186775
v 0.06809921 0.00464877 0.03186775
v 0.06816505 0.00415962 0.03271008
v 0.07013184 0.00327741 0.04225963
v 0.07524304 0.01558177 0.04225963
v 0.07613427 0.01695458 0.03808864
v 0.07527925 0.01435017 0.04225963
v 0.07596393 0.01558177 0.03921684
v 0.07642147 0.01695458 0.03186775
v 0.06810086 0.00391941 0.03186775
v 0.06816505 0.00398638 0.03271008
v 0.06969651 0.00269509 0.04058920
v 0.06969651 0.00227146 0.04058920
v 0.07021825 0.00304885 0.04225963
v 0.07632848 0.01695458 0.03658199
v 0.07527925 0.01404445 0.04225963
v 0.07525045 0.01281285 0.04225963
v 0.07591784 0.01404445 0.03899507
v 0.07612357 0.01558177 0.03795435
v 0.07642971 0.01695458 0.03197049
v 0.07617542 0.01558177 0.03186775
v 0.06812966 0.00390486 0.03186775
v 0.06954674 0.00239957 0.03527881
v 0.06940026 0.00223215 0.03641820
v 0.06942413 0.00210986 0.03795435
v 0.06958788 0.00212005 0.03949152
v 0.07061161 0.00208366 0.04225963
v 0.07634412 0.01695458 0.03641820
v 0.07627170 0.01558177 0.03641820
v 0.07523317 0.01250713 0.04225963
v 0.07588657 0.01327433 0.03872649
v 0.07650130 0.01695458 0.03334489
v 0.07629310 0.01558177 0.03334489
v 0.07601001 0.01433561 0.03334489
v 0.07616390 0.01553227 0.03186775
v 0.06898880 0.00385390 0.03186775
v 0.06987673 0.00239957 0.03527881
v 0.07006189 0.00223215 0.03641820
v 0.07021990 0.00210986 0.03795435
v 0.07122057 0.00208366 0.04225963
v 0.07646097 0.01695458 0.03504483
v 0.07633424 0.01558177 0.03488206
v 0.07591126 0.01316952 0.03795435
v 0.07608654 0.01404445 0.03641820
v 0.07506118 0.01097127 0.04225963
v 0.07476328 0.00973821 0.04225963
v 0.07650624 0.01695458 0.03350766
v 0.07603470 0.01394982 0.03491868
v 0.07594500 0.01460930 0.03186775
v 0.07590139 0.01321756 0.03545582
v 0.06903077 0.00385390 0.03186775
v 0.07130863 0.00240539 0.04010598
v 0.06908590 0.00386846 0.03186775
v 0.06969075 0.00405335 0.03186775
v 0.06982901 0.00392087 0.03232452
v 0.07252985 0.00748319 0.03186775
v 0.07272818 0.00723571 0.03284335
v 0.07137529 0.00220304 0.04102868
v 0.07141726 0.00210113 0.04225963
v 0.07646756 0.01695458 0.03488206
v 0.07592196 0.01312730 0.03641820
v 0.07476492 0.00943541 0.04102868
v 0.07482993 0.00943541 0.03949152
v 0.07468592 0.00943541 0.04225963
v 0.07505953 0.01097127 0.03488206
v 0.07485051 0.01097127 0.03334489
v 0.07459211 0.01104115 0.03186775
v 0.07481183 0.00943541 0.03795435
v 0.07463654 0.00932040 0.03639582
v 0.07287548 0.00704937 0.03386779
v 0.07298987 0.00688632 0.03488206
v 0.07307381 0.00824894 0.03186775
v 0.07321617 0.00780784 0.03335100
v 0.07395105 0.00800873 0.03639582
v 0.07438720 0.00859542 0.03689329
v 0.07442176 0.00852409 0.03795435
v 0.07443740 0.00848187 0.03949152
v 0.07442423 0.00850079 0.04102868
v 0.07351654 0.00663301 0.04225963
v 0.07446373 0.00874391 0.04225963
v 0.07439625 0.00855903 0.04225963
v 0.07458305 0.00967707 0.03488206
v 0.07443987 0.01000754 0.03334489
v 0.07457730 0.01096254 0.03195320
v 0.07457153 0.01099165 0.03186775
v 0.07358731 0.00789810 0.03488206
v 0.07427775 0.00873226 0.03586885
v 0.07339064 0.00881379 0.03186775
v 0.07403828 0.00924034 0.03334489
v 0.07417817 0.00890987 0.03488206
v 0.07405144 0.00779037 0.04225963
v 0.07435264 0.01019534 0.03256359
v 0.07424401 0.01036566 0.03186775
v 0.07385312 0.00964359 0.03186775
v 0.07384489 0.00958390 0.03195320
v -0.02648432 0.04672041 -0.03085150
v -0.02323060 0.04672041 -0.02774019
v -0.02197445 0.04672041 -0.03085150
v -0.01840069 0.03920649 -0.03085150
v -0.01806998 0.03920649 -0.03032082
v -0.01804598 0.03923003 -0.03026238
v -0.02199578 0.04672041 -0.02661847
v -0.02021691 0.04581860 -0.03085150
v 0.00075892 0.04672041 -0.02428403
v 0.00075892 0.04562808 -0.02590099
v 0.00075892 0.04127567 -0.02925849
v 0.00075892 0.04060777 -0.02961100
v 0.00075892 0.04017378 -0.02982557
v -0.00543915 0.04100424 -0.03049420
v -0.00634059 0.04109693 -0.03057562
v -0.00634059 0.04017378 -0.03077774
v -0.01517897 0.03920649 -0.03085150
v -0.01798731 0.03920649 -0.03023652
v -0.02175842 0.04672041 -0.02642306
v -0.02016890 0.04578623 -0.03085150
v 0.00075892 0.04672041 -0.02107597
v 0.00075892 0.03920649 -0.03006697
v -0.00393764 0.03920649 -0.03054784
v -0.00537247 0.03920649 -0.03066854
v -0.01905410 0.04470714 -0.03085150
v -0.02167575 0.04672041 -0.02635888
v -0.01652847 0.03920649 -0.02914545
v 0.00038821 0.04672041 -0.02107214
v -0.00941295 0.03920649 -0.02761949
v 0.00075892 0.03920649 -0.02810133
v -0.01636311 0.03937936 -0.02888203
v -0.02004355 0.04672041 -0.02522949
v -0.01579238 0.03920649 -0.02878528
v -0.00019319 0.04672041 -0.02106735
v -0.00172937 0.04672041 -0.02106735
v -0.00207075 0.04672041 -0.02106926
v -0.00326556 0.04672041 -0.02109513
v -0.00478840 0.04672041 -0.02115356
v -0.01095180 0.03920649 -0.02773636
v -0.01709654 0.04672041 -0.02377346
v -0.01712054 0.04672041 -0.02378400
v -0.01863272 0.04672041 -0.02452542
v -0.01972085 0.04672041 -0.02506665
v -0.01556035 0.03920649 -0.02871822
v -0.01402150 0.04672041 -0.02268814
v -0.01484293 0.04672041 -0.02295061
v -0.01546167 0.04672041 -0.02316710
v -0.00634059 0.04672041 -0.02129820
v -0.01248799 0.03920649 -0.02794806
v -0.00694599 0.04672041 -0.02136047
v -0.01545901 0.03920649 -0.02868948
v -0.01399217 0.03920649 -0.02827854
v -0.01265601 0.04672041 -0.02231838
v -0.01248799 0.04672041 -0.02228486
v -0.00926894 0.04672041 -0.02168233
v 0.03545465 0.03931164 -0.03746050
v 0.03532333 0.03931164 -0.03745905
v 0.03545465 0.04017366 -0.03741267
v 0.03545465 0.03931164 -0.03578792
v 0.03515665 0.03931164 -0.03745615
v 0.03545465 0.04171055 -0.03726049
v 0.03515665 0.04017366 -0.03739817
v 0.03545465 0.04616490 -0.03197173
v 0.02284775 0.04616490 -0.02462053
v 0.01892998 0.03931164 -0.02739607
v 0.03361951 0.03931164 -0.03733585
v 0.03545465 0.04332391 -0.03692423
v 0.03515665 0.04171055 -0.03722715
v 0.03545465 0.04616490 -0.03491250
v 0.02132576 0.04616490 -0.02387120
v 0.01967919 0.04616490 -0.02316101
v 0.01875993 0.04616490 -0.02280591
v 0.01878350 0.03931164 -0.02734824
v 0.03208405 0.03931164 -0.03715903
v 0.03545465 0.04391961 -0.03671117
v 0.03361951 0.04293617 -0.03674451
v 0.03510614 0.04334538 -0.03685901
v 0.03256389 0.04266850 -0.03664740
v 0.03058396 0.03931164 -0.03695032
v 0.02833296 0.03931164 -0.03663291
v 0.03545465 0.04611928 -0.03496758
v 0.03515665 0.04616490 -0.03484439
v 0.01825485 0.04616490 -0.02265518
v 0.01825485 0.03931164 -0.02719316
v 0.03361951 0.04370494 -0.03642710
v 0.03545465 0.04428924 -0.03651261
v 0.03206554 0.04320651 -0.03627491
v 0.02822858 0.03941562 -0.03659087
v 0.03054692 0.04324676 -0.03580532
v 0.02820332 0.03931164 -0.03660392
v 0.03545465 0.04581137 -0.03533572
v 0.03515665 0.04578386 -0.03530238
v 0.03400506 0.04564835 -0.03515165
v 0.03373905 0.04616490 -0.03443856
v 0.01825485 0.04616490 -0.02607135
v 0.01825485 0.03931164 -0.02920633
v 0.03054692 0.04431004 -0.03528644
v 0.03208405 0.04460185 -0.03551979
v 0.03545465 0.04478633 -0.03615462
v 0.02810399 0.04264703 -0.03513426
v 0.02908554 0.04319377 -0.03531833
v 0.02522164 0.03931164 -0.03500671
v 0.02623013 0.03986508 -0.03531978
v 0.02964955 0.04409470 -0.03511252
v 0.03545465 0.04564903 -0.03548356
v 0.03298142 0.04550882 -0.03500526
v 0.03355890 0.04616490 -0.03438348
v 0.02286290 0.04582747 -0.02932953
v 0.02374175 0.04549943 -0.03038177
v 0.01825485 0.04597841 -0.02631629
v 0.02907544 0.04616490 -0.03241814
v 0.01825485 0.04324207 -0.02793669
v 0.02517787 0.03931164 -0.03497338
v 0.03054692 0.04507815 -0.03453422
v 0.03208405 0.04536996 -0.03484728
v 0.02862423 0.04367073 -0.03483279
v 0.02386802 0.04367677 -0.03182100
v 0.02489334 0.04423557 -0.03213551
v 0.01825485 0.04436437 -0.02755260
v 0.02967312 0.04559268 -0.03356314
v 0.02781441 0.04433955 -0.03380809
v 0.02864780 0.04536459 -0.03328341
v 0.03208405 0.04599182 -0.03407767
v 0.03299657 0.04616490 -0.03418492
v 0.01825485 0.04513517 -0.02708301
v 0.02961251 0.04616490 -0.03272830
v 0.02910069 0.04593883 -0.03276019
v 0.03054692 0.04575301 -0.03376605
v 0.03054186 0.04616490 -0.03321384
v 0.03208405 0.04616490 -0.03385447
v 0.04057944 0.02058533 0.04298482
v 0.04057944 0.02058533 0.04648111
v 0.04057944 0.03217441 0.04236070
v 0.04771722 0.03217441 0.04694681
v 0.04771722 0.02058533 0.05250031
v 0.04072340 0.02058533 0.04673916
v 0.04057944 0.02073734 0.04658073
v 0.04057944 0.03217441 0.04506843
v 0.04771722 0.03217441 0.04913724
v 0.04771722 0.02058533 0.05462113
v 0.04176395 0.02058533 0.04840029
v 0.04057944 0.02102888 0.04668755
v 0.04164934 0.03217441 0.04605023
v 0.04057944 0.03214718 0.04507563
v 0.04217765 0.02821647 0.04783858
v 0.04236284 0.02941440 0.04766575
v 0.04313154 0.02941440 0.04838589
v 0.04768717 0.03217441 0.04913004
v 0.04771722 0.03214151 0.04916364
v 0.04771722 0.02075322 0.05459472
v 0.04747333 0.02058533 0.05448550
v 0.04230484 0.02058533 0.04916725
v 0.04164934 0.02173108 0.04853832
v 0.04088133 0.02173108 0.04738969
v 0.04057944 0.02173108 0.04690000
v 0.04199665 0.03186925 0.04647391
v 0.04210357 0.03217441 0.04640790
v 0.04057944 0.02480418 0.04693961
v 0.04205745 0.02719097 0.04796461
v 0.04233908 0.02326706 0.04922726
v 0.04485065 0.02480418 0.05131687
v 0.04360255 0.02714105 0.04948891
v 0.04377516 0.02816542 0.04935328
v 0.04408683 0.02941440 0.04915404
v 0.04338032 0.03052725 0.04814824
v 0.04738039 0.03217441 0.04903042
v 0.04701909 0.03156523 0.04936169
v 0.04771722 0.03171724 0.04947571
v 0.04771722 0.02170272 0.05443749
v 0.04771722 0.02173108 0.05443269
v 0.04695550 0.02173108 0.05388538
v 0.04679617 0.02058533 0.05398860
v 0.04339780 0.02058533 0.05069395
v 0.04360604 0.02088368 0.05102281
v 0.04223076 0.02173108 0.04930647
v 0.04086805 0.02326706 0.04750852
v 0.04057944 0.02326706 0.04711124
v 0.04285900 0.03217441 0.04688079
v 0.04510572 0.03022323 0.04950571
v 0.04163676 0.02326706 0.04846031
v 0.04103368 0.02480418 0.04743650
v 0.04360604 0.02097897 0.05102281
v 0.04544604 0.02326706 0.05228066
v 0.04571788 0.02480418 0.05208503
v 0.04648659 0.02480418 0.05270675
v 0.04667178 0.02559146 0.05256392
v 0.04599462 0.03217441 0.04853232
v 0.04591635 0.03124987 0.04915404
v 0.04591635 0.03048187 0.04965694
v 0.04749988 0.03101164 0.04984298
v 0.04771722 0.03132247 0.04971815
v 0.04771722 0.02314568 0.05400061
v 0.04621405 0.02326706 0.05294679
v 0.04397432 0.02058533 0.05136848
v 0.04414344 0.03217441 0.04763814
v 0.04745306 0.02590682 0.05272955
v 0.04771722 0.02621198 0.05265754
v 0.04480662 0.03198723 0.04814104
v 0.04463052 0.03217441 0.04791900
v 0.04745306 0.02480418 0.05320844
v 0.04771722 0.02480531 0.05331407
v 0.04494778 0.03217441 0.04807383
v 0.04771722 0.02676897 0.05234908
v 0.04771722 0.02878707 0.05121245
v 0.04771722 0.02888236 0.05115844
v 0.04771722 0.02600098 0.05276676
v 0.02185600 0.05332027 0.00813417
v 0.02185600 0.05447077 0.01197732
v 0.02185600 0.05513969 0.00813417
v 0.02839201 0.05255815 0.00813417
v 0.03669490 0.05281037 0.01643823
v 0.03666740 0.05281402 0.01643823
v 0.03507098 0.05302740 0.01643823
v 0.03505998 0.05302968 0.01643823
v 0.02185600 0.05474492 0.01265442
v 0.02185600 0.05694037 0.01256013
v 0.02218592 0.05694037 0.01250485
v 0.02286408 0.05694037 0.01242357
v 0.04057874 0.05571128 0.00813417
v 0.02992978 0.05243296 0.00813417
v 0.03361934 0.05256683 0.01182775
v 0.03823084 0.05277336 0.01643823
v 0.03054746 0.05245260 0.00875356
v 0.03504715 0.05303379 0.01643823
v 0.02185600 0.05510542 0.01333396
v 0.02185600 0.05694037 0.01495641
v 0.02440002 0.05694037 0.01270969
v 0.04057874 0.05571631 0.00842761
v 0.04057874 0.05383384 0.00813417
v 0.02472627 0.05694037 0.01284381
v 0.02580950 0.05694037 0.01329901
v 0.02598545 0.05694037 0.01339330
v 0.02690922 0.05694037 0.01396229
v 0.02957604 0.05694037 0.01573918
v 0.03032018 0.05694037 0.01643823
v 0.03146389 0.05238864 0.00813417
v 0.03208340 0.05239503 0.00875356
v 0.03976861 0.05275416 0.01643823
v 0.03669490 0.05227304 0.00813417
v 0.03436532 0.05326179 0.01643823
v 0.02185600 0.05595984 0.01447357
v 0.02185600 0.05534119 0.01365260
v 0.02745541 0.05578439 0.01643823
v 0.02668561 0.05645102 0.01643823
v 0.02663979 0.05649077 0.01643823
v 0.02640884 0.05694037 0.01643823
v 0.04057874 0.05572134 0.00875356
v 0.04057874 0.05301734 0.01127014
v 0.03921876 0.05302420 0.00813417
v 0.04057874 0.05435746 0.01643823
v 0.04057874 0.05557238 0.01034430
v 0.04057874 0.05279483 0.01643823
v 0.03823084 0.05252571 0.00813417
v 0.04057874 0.05275325 0.01263654
v 0.04057874 0.05273817 0.01336403
v 0.03071792 0.05458500 0.01643823
v 0.02910866 0.05516939 0.01643823
v 0.02753422 0.05574875 0.01643823
v 0.04057874 0.05290220 0.01183425
v 0.00968624 0.03864727 0.03299211
v 0.02189463 0.03864727 0.03785846
v 0.00968624 0.03864727 0.03545472
v 0.00968624 0.05223990 0.03134267
v 0.02189463 0.03864727 0.03946174
v 0.02189463 0.05223990 0.03645250
v 0.00983800 0.03864727 0.03560510
v 0.00968624 0.04324822 0.03518658
v 0.00968624 0.05223990 0.03398670
v 0.02189463 0.03920609 0.03943230
v 0.02132460 0.03864727 0.03947129
v 0.02189463 0.05223990 0.03808920
v 0.01061358 0.03864727 0.03617560
v 0.01065182 0.04017338 0.03616765
v 0.01070798 0.04171013 0.03614298
v 0.00988341 0.04017338 0.03555975
v 0.00999097 0.04324822 0.03548018
v 0.00968624 0.04478497 0.03503063
v 0.00980693 0.05223990 0.03410844
v 0.00968624 0.05191924 0.03410128
v 0.02189463 0.04017338 0.03937581
v 0.02132460 0.04017338 0.03938218
v 0.01979975 0.03864727 0.03940923
v 0.02145964 0.05223990 0.03810034
v 0.02189463 0.04867542 0.03872654
v 0.01169029 0.03864727 0.03693866
v 0.01172495 0.04017338 0.03693627
v 0.01175961 0.04171013 0.03691160
v 0.01075937 0.04324822 0.03608171
v 0.01009852 0.04478497 0.03541176
v 0.00968624 0.05093066 0.03425882
v 0.00974001 0.05188198 0.03416811
v 0.01023714 0.05223990 0.03443069
v 0.00968624 0.05182211 0.03412356
v 0.02189463 0.04171013 0.03927874
v 0.02132460 0.04171013 0.03928510
v 0.01978780 0.03864727 0.03940843
v 0.01978780 0.04017338 0.03930977
v 0.02132460 0.05223990 0.03810352
v 0.02132460 0.04869937 0.03872813
v 0.01245870 0.03864727 0.03744789
v 0.01252801 0.04171013 0.03738424
v 0.01263556 0.04324822 0.03732536
v 0.01186716 0.04324822 0.03685034
v 0.01086692 0.04478497 0.03597430
v 0.01143934 0.05093066 0.03554543
v 0.00968624 0.05124333 0.03421586
v 0.01163532 0.05223990 0.03542608
v 0.02050481 0.04868474 0.03872654
v 0.01826294 0.03864727 0.03923418
v 0.01978780 0.05223990 0.03806931
v 0.01364177 0.03864727 0.03793723
v 0.01364177 0.04171013 0.03785607
v 0.01364177 0.04324822 0.03774627
v 0.01529450 0.05093066 0.03744232
v 0.01442093 0.05009775 0.03716622
v 0.01220774 0.05093066 0.03601408
v 0.01240373 0.05223990 0.03591303
v 0.01228900 0.05223990 0.03584301
v 0.01955955 0.05223990 0.03805658
v 0.01825099 0.05223990 0.03796349
v 0.01802274 0.05223990 0.03793086
v 0.01671419 0.05093066 0.03788392
v 0.01825099 0.04017338 0.03910687
v 0.01825099 0.03864727 0.03923259
v 0.01578924 0.03864727 0.03877189
v 0.01558011 0.05223990 0.03732695
v 0.01671419 0.05223990 0.03767864
v 0.01650267 0.05223990 0.03761339
v 0.01592308 0.03946288 0.03872893
v 0.01672494 0.03864727 0.03897320
v 0.01668977 0.03181614 -0.02718400
v 0.01811444 0.03928271 -0.02715964
v 0.01678909 0.03928271 -0.02688218
v 0.01825485 0.03928271 -0.02720114
v 0.01738841 0.03181614 -0.02745514
v 0.01825485 0.03181614 -0.02780928
v 0.00076159 0.03014827 -0.02551698
v 0.01597059 0.03181614 -0.02706535
v 0.01517778 0.03181614 -0.02695978
v 0.01516065 0.03928271 -0.02681181
v -0.00099657 0.03014827 -0.02547751
v -0.00247657 0.03014827 -0.02550330
v -0.00019325 0.03095159 -0.02560116
v 0.01364009 0.03928271 -0.02686098
v -0.00941371 0.03920649 -0.02762013
v -0.01094769 0.03920649 -0.02773694
v 0.00076159 0.03928271 -0.02805606
v 0.01825143 0.03928271 -0.02921369
v 0.00076159 0.03928271 -0.03004786
v -0.01839961 0.03920649 -0.03085246
v -0.01518013 0.03920649 -0.03085246
v -0.00537431 0.03920649 -0.03066882
v 0.01056645 0.03928271 -0.02962153
v 0.01825485 0.03863077 -0.02943295
v 0.00234037 0.03801538 -0.03047825
v 0.01825485 0.03709375 -0.02966574
v 0.01825485 0.03402191 -0.02969236
v 0.01825485 0.03555746 -0.02971356
v 0.00234037 0.03768137 -0.03047825
v 0.01825485 0.03248489 -0.02963596
v -0.01775613 0.03014827 -0.03085246
v -0.01500577 0.03495846 -0.03085246
v -0.02044215 0.03014827 -0.03085246
v -0.00054821 0.03014827 -0.02753751
v 0.01825485 0.03181614 -0.02959762
v 0.00076159 0.03014827 -0.02719392
v -0.01713133 0.03014827 -0.02840098
v -0.01815260 0.03014827 -0.02896347
v -0.01970525 0.03014827 -0.03017842
v -0.02010587 0.03014827 -0.03052938
v -0.01798654 0.03920649 -0.03023683
v -0.01652937 0.03920649 -0.02914605
v -0.01579248 0.03920649 -0.02878562
v -0.01796993 0.03014827 -0.02882982
v -0.01552055 0.03014827 -0.02781060
v -0.01374164 0.03014827 -0.02728389
v -0.00516674 0.03014827 -0.02584005
v -0.01248581 0.03920649 -0.02794846
v -0.01399280 0.03920649 -0.02827890
v -0.00326536 0.03014827 -0.02558748
v -0.01807164 0.03920649 -0.03032154
v -0.01421906 0.03709888 -0.03085246
v -0.01467988 0.03864435 -0.03085246
v 0.03545465 0.03863590 -0.03750734
v 0.03545465 0.03931164 -0.03746190
v 0.03545465 0.03709879 -0.03746493
v 0.03361951 0.03709879 -0.03744675
v 0.03515665 0.03863590 -0.03750229
v 0.03545465 0.03931164 -0.03578875
v 0.03515665 0.03931164 -0.03745685
v 0.03545465 0.03556242 -0.03725389
v 0.03361951 0.03556242 -0.03729125
v 0.03208405 0.03556242 -0.03727510
v 0.03208405 0.03709879 -0.03741646
v 0.03361951 0.03863590 -0.03742353
v 0.03545465 0.03181614 -0.03457403
v 0.01892998 0.03931164 -0.02739676
v 0.03361951 0.03931164 -0.03733568
v 0.03545465 0.03402605 -0.03689139
v 0.03361951 0.03402605 -0.03697419
v 0.03208405 0.03402605 -0.03697823
v 0.03054692 0.03556242 -0.03713171
v 0.03054692 0.03709879 -0.03730438
v 0.03208405 0.03863590 -0.03729226
v 0.01825485 0.03181614 -0.02780975
v 0.03545465 0.03181614 -0.03619568
v 0.01889799 0.03931164 -0.02738565
v 0.03054692 0.03863590 -0.03712767
v 0.03208405 0.03931164 -0.03715898
v 0.03545465 0.03383749 -0.03684596
v 0.03361951 0.03289835 -0.03669045
v 0.03208405 0.03288001 -0.03669651
v 0.03093078 0.03303922 -0.03664603
v 0.03046947 0.03392627 -0.03678840
v 0.02947445 0.03437236 -0.03668339
v 0.02898116 0.03561378 -0.03678032
v 0.02900978 0.03709879 -0.03702367
v 0.02900978 0.03863590 -0.03690755
v 0.01878350 0.03931164 -0.02734829
v 0.01825485 0.03931164 -0.02719178
v 0.01825485 0.03181614 -0.02959800
v 0.03545465 0.03303409 -0.03664300
v 0.03402863 0.03181614 -0.03622799
v 0.02833296 0.03931164 -0.03663391
v 0.03058396 0.03931164 -0.03695097
v 0.03361951 0.03181614 -0.03623304
v 0.03247465 0.03181614 -0.03624112
v 0.03208405 0.03181614 -0.03624011
v 0.03050314 0.03181614 -0.03612096
v 0.02900978 0.03181614 -0.03580592
v 0.02990714 0.03334811 -0.03650870
v 0.02900978 0.03248895 -0.03599474
v 0.02763426 0.03181614 -0.03530609
v 0.02740192 0.03247647 -0.03539394
v 0.02816460 0.03616039 -0.03661977
v 0.02798782 0.03709879 -0.03670661
v 0.02803496 0.03863590 -0.03668541
v 0.01825485 0.03931164 -0.02920623
v 0.01825485 0.03248528 -0.02963637
v 0.02326192 0.03709879 -0.03380056
v 0.02331411 0.03556242 -0.03374099
v 0.02349594 0.03402605 -0.03360467
v 0.02362221 0.03323219 -0.03351784
v 0.02384613 0.03220721 -0.03336436
v 0.02394041 0.03181614 -0.03330680
v 0.02820332 0.03931164 -0.03660362
v 0.02656012 0.03298126 -0.03512636
v 0.02597422 0.03181614 -0.03444074
v 0.02632273 0.03402605 -0.03525662
v 0.02587152 0.03564900 -0.03536567
v 0.02722009 0.03709879 -0.03630574
v 0.02726723 0.03863590 -0.03627848
v 0.01825485 0.03863076 -0.02943342
v 0.02517787 0.03931164 -0.03497389
v 0.02520649 0.03928376 -0.03501226
v 0.01825485 0.03402165 -0.02969292
v 0.02506338 0.03825951 -0.03512131
v 0.02429566 0.03709879 -0.03456898
v 0.01825485 0.03555802 -0.02971413
v 0.01825485 0.03709366 -0.02966667
v 0.02506338 0.03709879 -0.03511929
v 0.02513410 0.03621909 -0.03507082
v 0.02437479 0.03262762 -0.03380864
v 0.02463743 0.03181614 -0.03373695
v 0.02417949 0.03181614 -0.03345624
v 0.02522164 0.03931164 -0.03500620
v 0.02593718 0.03709879 -0.03560902
v 0.02580586 0.03871734 -0.03546159
v 0.02449096 0.03871734 -0.03455081
v 0.00968624 0.03864727 0.03545442
v 0.00076159 0.03864727 0.02817908
v 0.00968624 0.03864727 0.03299202
v 0.00968624 0.04324822 0.03518613
v 0.00076159 0.03936309 0.02809762
v 0.00076159 0.03864727 0.02658020
v 0.00968624 0.04478497 0.03502972
v 0.00709603 0.03864727 0.02892313
v 0.00669242 0.03956134 0.02799769
v 0.00649761 0.05223990 0.02435893
v 0.00968624 0.05223990 0.03134208
v 0.00076159 0.03980349 0.02803462
v 0.00966003 0.05093066 0.03423897
v 0.00093019 0.03864727 0.02657260
v 0.00076159 0.03873774 0.02654761
v 0.00968624 0.05093066 0.03425743
v 0.00654566 0.03864727 0.02816061
v 0.00552618 0.04772011 0.02435893
v 0.00586513 0.04915707 0.02435893
v 0.00454425 0.05223990 0.02435893
v 0.00968624 0.05223990 0.03398588
v 0.00076159 0.04324822 0.02716675
v 0.00968624 0.05124333 0.03421507
v 0.00968624 0.05182211 0.03412275
v 0.00968624 0.05191924 0.03409993
v 0.00134602 0.03864727 0.02656825
v 0.00076159 0.04538504 0.02435893
v 0.00578301 0.03864727 0.02757081
v 0.00543270 0.04749259 0.02435893
v 0.00469626 0.05223990 0.02543101
v 0.00076159 0.04815253 0.02435893
v 0.00923371 0.05223990 0.03352642
v 0.00076159 0.04414499 0.02688542
v 0.00822820 0.05182078 0.03261076
v 0.00828936 0.05223990 0.03254559
v 0.00086030 0.04539302 0.02435893
v 0.00134602 0.04544624 0.02435893
v 0.00228077 0.04557131 0.02435893
v 0.00285297 0.04569239 0.02435893
v 0.00216895 0.03927794 0.02642053
v 0.00276736 0.03864727 0.02670511
v 0.00577166 0.03864727 0.02756538
v 0.00505793 0.04698699 0.02435893
v 0.00470412 0.05223990 0.02546685
v 0.00076159 0.04812459 0.02438826
v 0.00644869 0.05223990 0.03000715
v 0.00504308 0.05223990 0.02681699
v 0.00498717 0.05223990 0.02662473
v 0.00474780 0.05223990 0.02566019
v 0.00076159 0.04466389 0.02671163
v 0.00790847 0.05223990 0.03207526
v 0.00340858 0.04586403 0.02435893
v 0.00442020 0.03864727 0.02704618
v 0.00443855 0.04643748 0.02435893
v 0.00076159 0.04783320 0.02468479
v 0.00692305 0.05223990 0.03077509
v 0.00076159 0.04735687 0.02511492
v 0.00076159 0.04514022 0.02646941
v 0.00076159 0.04632040 0.02576230
v 0.00076159 0.04543294 0.02630757
v 0.04605836 0.01867072 0.05348372
v 0.04612141 0.01991929 0.05348372
v 0.04622916 0.01707423 0.05348372
v 0.04664757 0.01753349 0.05413214
v 0.04665330 0.01865482 0.05412541
v 0.04678168 0.02047399 0.05399939
v 0.04617070 0.02016384 0.05348372
v 0.04668081 0.01945009 0.05409727
v 0.04623260 0.01704241 0.05348372
v 0.04671290 0.01650959 0.05406974
v 0.04829483 0.01558111 0.05554763
v 0.04824439 0.01711797 0.05560268
v 0.04836590 0.01865482 0.05551582
v 0.04735829 0.02005449 0.05450956
v 0.04679659 0.02058533 0.05398961
v 0.04627272 0.02058533 0.05348739
v 0.04626928 0.02058533 0.05348372
v 0.04652033 0.01598272 0.05348372
v 0.04686193 0.01558111 0.05380670
v 0.04852180 0.01404426 0.05520630
v 0.04763111 0.01558111 0.05477932
v 0.04906401 0.01558111 0.05615873
v 0.04929098 0.01404426 0.05608166
v 0.05014269 0.01404426 0.05684935
v 0.05019199 0.01558111 0.05692643
v 0.04901242 0.01711797 0.05610000
v 0.04913393 0.01865482 0.05597644
v 0.04864904 0.02019167 0.05537880
v 0.04747407 0.02058533 0.05448693
v 0.04905713 0.02058533 0.05348372
v 0.04665789 0.01558111 0.05348372
v 0.04797271 0.01404426 0.05443738
v 0.04955922 0.01287919 0.05587367
v 0.05091073 0.01404426 0.05740845
v 0.05124774 0.01164852 0.05721332
v 0.05108268 0.01250741 0.05733138
v 0.05096002 0.01558111 0.05733321
v 0.04941708 0.02019167 0.05580883
v 0.05112509 0.01678594 0.05723840
v 0.04906516 0.02058533 0.05550726
v 0.04876138 0.02058533 0.05533109
v 0.05776686 0.02058533 0.05535433
v 0.05776686 0.00258049 0.05348372
v 0.04678512 0.01530873 0.05348372
v 0.04819395 0.01322911 0.05413825
v 0.04983548 0.01185529 0.05552316
v 0.04736172 0.01408999 0.05348372
v 0.05319878 0.01097055 0.05845019
v 0.05396682 0.01097055 0.05888879
v 0.05313000 0.01250741 0.05850647
v 0.05389804 0.01250741 0.05889307
v 0.05205590 0.01106996 0.05760665
v 0.05154006 0.01062461 0.05685547
v 0.05256257 0.00980946 0.05743720
v 0.04951222 0.02058533 0.05575745
v 0.05133830 0.01780985 0.05711667
v 0.05414564 0.01404426 0.05878480
v 0.05433249 0.01486935 0.05871568
v 0.05193439 0.01722533 0.05744087
v 0.05776686 0.02058533 0.05725553
v 0.05776686 0.00027421 0.05348372
v 0.04801054 0.01296667 0.05348372
v 0.04954317 0.01140397 0.05449855
v 0.05116063 0.00999635 0.05583147
v 0.05419952 0.00997647 0.05879398
v 0.05511199 0.00945159 0.05905885
v 0.05513721 0.01097055 0.05934818
v 0.05513721 0.01250741 0.05929191
v 0.05291564 0.00878556 0.05705794
v 0.05355758 0.00938002 0.05800242
v 0.05394045 0.00818911 0.05754303
v 0.05054849 0.02058533 0.05612876
v 0.05052786 0.02019167 0.05623642
v 0.05243075 0.01865482 0.05728305
v 0.05513721 0.01404426 0.05909677
v 0.05523579 0.01546182 0.05882456
v 0.05276777 0.01947593 0.05718395
v 0.05667442 0.02058533 0.05723473
v 0.05776686 0.02013401 0.05750816
v 0.05776686 0.00073547 0.05472610
v 0.05705844 0.00079312 0.05445145
v 0.05662857 0.00055455 0.05348372
v 0.05577456 0.00093826 0.05348372
v 0.05458124 0.00895058 0.05856764
v 0.05667442 0.00943569 0.05960449
v 0.05560605 0.00839786 0.05887656
v 0.05667442 0.01097055 0.05963875
v 0.05667442 0.01250741 0.05955678
v 0.05667442 0.01404426 0.05942649
v 0.05603363 0.00113509 0.05398655
v 0.05776686 0.00127426 0.05545526
v 0.05214302 0.02058533 0.05659243
v 0.05581468 0.01642012 0.05872547
v 0.05360114 0.01970855 0.05727327
v 0.05615399 0.02058533 0.05718824
v 0.05667442 0.02012209 0.05747391
v 0.05776686 0.01661098 0.05879031
v 0.05776686 0.00123251 0.05542223
v 0.05673747 0.00789088 0.05906313
v 0.05776686 0.00789685 0.05932249
v 0.05776686 0.00943569 0.05973295
v 0.05776686 0.01097055 0.05967729
v 0.05776686 0.01250741 0.05958920
v 0.05776686 0.01360090 0.05949806
v 0.05776686 0.01404426 0.05946013
v 0.05667442 0.01558111 0.05907720
v 0.05776686 0.00695446 0.05883312
v 0.05729114 0.00704591 0.05876828
v 0.05360114 0.02058533 0.05687076
v 0.05667442 0.01654339 0.05877195
v 0.05513721 0.01998689 0.05740539
v 0.05513721 0.02058533 0.05707446
v 0.05776686 0.01633264 0.05887901
v 0.05776686 0.00748728 0.05911329
v 0.05776686 0.01558111 0.05910656
v 0.04085902 0.02058533 0.04693910
v 0.04090702 0.02039063 0.04693910
v 0.04180411 0.02019180 0.04835246
v 0.04176438 0.02058533 0.04839987
v 0.04289982 0.02058533 0.04693910
v 0.04155583 0.01864046 0.04693910
v 0.04169652 0.01864046 0.04722293
v 0.04196797 0.01914377 0.04811348
v 0.04329705 0.01865496 0.04998685
v 0.04379360 0.01865496 0.05075504
v 0.04365788 0.01985833 0.05097607
v 0.04230562 0.02058533 0.04916870
v 0.04905697 0.02058533 0.05348372
v 0.05110935 0.00831341 0.04693910
v 0.04182066 0.01800460 0.04693910
v 0.04220300 0.01812059 0.04776623
v 0.04348077 0.01759036 0.04968573
v 0.04665700 0.01558129 0.05348372
v 0.04652128 0.01598310 0.05348372
v 0.04623328 0.01704149 0.05348372
v 0.04509454 0.01920383 0.05260726
v 0.04397566 0.02058533 0.05136817
v 0.04339802 0.02058533 0.05069417
v 0.05776801 0.00258030 0.05348372
v 0.05776801 0.00250988 0.05335943
v 0.05776801 0.00112424 0.05112792
v 0.05212064 0.00657567 0.04693910
v 0.05151486 0.00767962 0.04693910
v 0.04626970 0.02058533 0.05348372
v 0.04196466 0.01766907 0.04693910
v 0.04318615 0.01709327 0.04876762
v 0.04373732 0.01656511 0.04931605
v 0.04504157 0.01611566 0.05120672
v 0.04637397 0.01558129 0.05303716
v 0.04659907 0.01465131 0.05270913
v 0.04678445 0.01530789 0.05348372
v 0.04605784 0.01866946 0.05348372
v 0.04509454 0.01963671 0.05260726
v 0.04599825 0.02058533 0.05324410
v 0.05776801 0.00027505 0.05348372
v 0.05776801 0.00049874 0.05112792
v 0.05762898 0.00106418 0.05090560
v 0.05224809 0.00631055 0.04693910
v 0.04626639 0.02057497 0.05348372
v 0.04341953 0.01604731 0.04829160
v 0.05039433 0.00045110 0.04693910
v 0.04736209 0.01409002 0.05348372
v 0.04612239 0.01991840 0.05348372
v 0.04617204 0.02016487 0.05348372
v 0.04617866 0.02019594 0.05348372
v 0.05662761 0.00055466 0.05348372
v 0.05776801 0.00022327 0.05334854
v 0.05776801 0.00032062 0.05144698
v 0.05289360 -0.00057415 0.04785080
v 0.05321801 0.00026883 0.04693910
v 0.05762898 0.00056709 0.05090560
v 0.05364835 0.00175182 0.04693910
v 0.05337194 0.00328866 0.04693910
v 0.05329746 0.00353306 0.04693910
v 0.05299291 0.00451481 0.04693910
v 0.05281415 0.00498705 0.04693910
v 0.05256092 0.00558149 0.04693910
v 0.05050026 0.00039725 0.04693910
v 0.05269995 -0.00057415 0.04802122
v 0.05411013 0.00070793 0.05140533
v 0.04801091 0.01296535 0.05348372
v 0.05577521 0.00093784 0.05348372
v 0.05550542 0.00073071 0.05296156
v 0.05776801 0.00006378 0.05288019
v 0.05776801 0.00020877 0.05177373
v 0.05269995 -0.00057415 0.04785080
v 0.05180782 -0.00020754 0.04693910
v 0.05214878 -0.00012055 0.04693910
v 0.05307070 0.00017149 0.04693910
v 0.05289360 -0.00057415 0.04802122
v 0.00076159 0.03928271 -0.03004738
v 0.00076159 0.04017330 -0.02982620
v 0.00083522 0.03928271 -0.03004488
v 0.00076159 0.03928271 -0.02805503
v 0.00076159 0.04060714 -0.02961085
v 0.01825485 0.04436486 -0.02755089
v 0.00134721 0.04017330 -0.02980116
v 0.00132666 0.03928271 -0.03002401
v 0.00076159 0.04616490 -0.02187431
v 0.01364009 0.03928271 -0.02686062
v 0.00076159 0.04127609 -0.02925862
v 0.01825485 0.04513486 -0.02708181
v 0.01825485 0.04324185 -0.02793484
v 0.00218968 0.03928271 -0.02998645
v 0.01056645 0.03928271 -0.02962087
v 0.00785067 0.04616490 -0.02155881
v 0.00076159 0.04616490 -0.02509697
v 0.01516065 0.03928271 -0.02681137
v 0.00076159 0.04562799 -0.02590075
v 0.01825485 0.04597829 -0.02631475
v 0.01825485 0.03971049 -0.02907249
v 0.01825143 0.03928271 -0.02921355
v 0.00903048 0.04616490 -0.02153043
v 0.00076159 0.04584760 -0.02557607
v 0.01825485 0.04616490 -0.02607019
v 0.01678909 0.03928271 -0.02688149
v 0.00943801 0.04616490 -0.02152124
v 0.01825485 0.03928271 -0.02842479
v 0.01825485 0.04616490 -0.02265556
v 0.01764697 0.03928271 -0.02706011
v 0.01825143 0.04616490 -0.02265473
v 0.01750998 0.04616490 -0.02250449
v 0.01671374 0.04616490 -0.02236593
v 0.01517778 0.04616490 -0.02214224
v 0.01111782 0.04616490 -0.02164060
v 0.01825485 0.03928271 -0.02720033
v 0.01811444 0.03928271 -0.02715943
v 0.01780451 0.03928271 -0.02709349
v -0.03656943 0.04684866 0.02987176
v -0.03653766 0.04684866 0.02992274
v -0.03567997 0.05246826 0.02987176
v -0.03392675 0.04684866 0.02987176
v -0.03481773 0.05246826 0.03109320
v -0.03477386 0.05324214 0.03104222
v -0.03354404 0.04684866 0.03286528
v -0.03348050 0.04939516 0.03281794
v -0.03342000 0.05093139 0.03275748
v -0.03534717 0.05339333 0.02987176
v -0.03280282 0.05339333 0.02987176
v -0.02111572 0.05339333 0.03442031
v -0.02111572 0.04684866 0.03548661
v -0.03454998 0.05339333 0.03111433
v -0.03470125 0.05339333 0.03096720
v -0.03482983 0.05339333 0.03081570
v -0.03332772 0.05207235 0.03266571
v -0.03319158 0.05309672 0.03252951
v -0.03271357 0.05339333 0.03272252
v -0.03323545 0.04684866 0.03312894
v -0.03259406 0.04939516 0.03358635
v -0.03177267 0.05061428 0.03416538
v -0.03235657 0.05104863 0.03363223
v -0.02111572 0.05339333 0.03625866
v -0.02111572 0.04684866 0.03720916
v -0.03168493 0.05163865 0.03409474
v -0.03259406 0.05253809 0.03314642
v -0.03152005 0.05246826 0.03398985
v -0.03057159 0.05339333 0.03424405
v -0.03263793 0.04684866 0.03363296
v -0.03182561 0.04939516 0.03420399
v -0.03092858 0.04939516 0.03470509
v -0.03107532 0.05104863 0.03451572
v -0.02111572 0.05302433 0.03637520
v -0.02166634 0.05339333 0.03628270
v -0.02170869 0.05246826 0.03657768
v -0.02111572 0.04691593 0.03720989
v -0.02118379 0.04684866 0.03722300
v -0.03075160 0.05246826 0.03445235
v -0.03048234 0.05339333 0.03429722
v -0.03237472 0.04684866 0.03384054
v -0.03186948 0.04684866 0.03423312
v -0.02961707 0.04939516 0.03538173
v -0.02949757 0.05093139 0.03534459
v -0.03155484 0.04684866 0.03440720
v -0.02898174 0.04684866 0.03582311
v -0.02864290 0.05174307 0.03565632
v -0.02111572 0.05246826 0.03655000
v -0.02324559 0.05339333 0.03635117
v -0.02324559 0.05246826 0.03658642
v -0.02324559 0.04752389 0.03723465
v -0.02197644 0.04748417 0.03722591
v -0.02171777 0.04684866 0.03727034
v -0.02924798 0.05234078 0.03523533
v -0.02842809 0.05276744 0.03553104
v -0.02751443 0.05339333 0.03575392
v -0.02884862 0.04939516 0.03573789
v -0.02873063 0.05093139 0.03568982
v -0.02785629 0.04684866 0.03626959
v -0.02785629 0.05093139 0.03597534
v -0.02789260 0.05234078 0.03584350
v -0.02385824 0.05339333 0.03632931
v -0.02478249 0.05246826 0.03653180
v -0.02422582 0.04727404 0.03721062
v -0.02324559 0.04684866 0.03731259
v -0.02266926 0.04684866 0.03730603
v -0.02743728 0.05339333 0.03578524
v -0.02625132 0.04684866 0.03677943
v -0.02631939 0.05246826 0.03630674
v -0.02481577 0.05339333 0.03625357
v -0.02445575 0.04684866 0.03723684
v -0.02631939 0.05339333 0.03605254
v -0.02521966 0.04684866 0.03706349
v -0.02511983 0.04684866 0.03709044
v -0.04014986 0.03778322 -0.04375492
v -0.04086500 0.03778322 -0.04374608
v -0.04167887 0.03856188 -0.04346065
v -0.04014986 0.03858375 -0.04346949
v -0.03861285 0.03856276 -0.04343160
v -0.03861285 0.03778322 -0.04369682
v -0.04167887 0.03778322 -0.04372713
v -0.04167887 0.04567740 -0.03973364
v -0.03707584 0.03839128 -0.04319542
v -0.04014986 0.04560828 -0.03969070
v -0.03936535 0.04555491 -0.03966038
v -0.03431669 0.04417870 -0.03973743
v -0.03707584 0.03778322 -0.04336592
v -0.04167887 0.03778322 -0.04104333
v -0.04167887 0.04644556 -0.03915772
v -0.03329202 0.04395823 -0.03962881
v -0.02370438 0.03955926 -0.03821681
v -0.02267971 0.03903345 -0.03804252
v -0.04167887 0.04671940 -0.03892660
v -0.04068622 0.04672115 -0.03881799
v -0.04014986 0.04637644 -0.03905037
v -0.03553883 0.04609910 -0.03859949
v -0.03400182 0.04593899 -0.03848582
v -0.03388441 0.04472814 -0.03931686
v -0.02321339 0.03856713 -0.03832796
v -0.02243955 0.03800807 -0.03814482
v -0.02243955 0.03778322 -0.03814482
v -0.04167887 0.03824517 -0.04027924
v -0.01745227 0.03778322 -0.03085246
v -0.03246481 0.04478326 -0.03888998
v -0.03105055 0.04477363 -0.03842268
v -0.02986043 0.04425482 -0.03826481
v -0.02554826 0.04401860 -0.03658885
v -0.02362966 0.04441055 -0.03531957
v -0.02079313 0.03954351 -0.03670757
v -0.02183915 0.03856713 -0.03766237
v -0.04167887 0.04672115 -0.03642593
v -0.04014986 0.04672115 -0.03873842
v -0.03553883 0.04672115 -0.03804758
v -0.03529600 0.04672115 -0.03800590
v -0.03400182 0.04672115 -0.03775962
v -0.03246481 0.04571064 -0.03827491
v -0.03164293 0.04557416 -0.03814356
v -0.02057966 0.03863625 -0.03683892
v -0.02062502 0.03778322 -0.03680103
v -0.04167887 0.03901420 -0.03939011
v -0.01442094 0.03778322 -0.03085246
v -0.02648487 0.04672115 -0.03085246
v -0.04167887 0.04672115 -0.03640825
v -0.03061826 0.04527932 -0.03792002
v -0.02631943 0.04501510 -0.03620617
v -0.02487582 0.04472639 -0.03577171
v -0.02420604 0.04543505 -0.03493689
v -0.02307196 0.04496436 -0.03442287
v -0.02251159 0.04551817 -0.03347690
v -0.01905866 0.04470714 -0.03085246
v -0.01928814 0.03953651 -0.03519833
v -0.01981115 0.03863625 -0.03619354
v -0.03281437 0.04672115 -0.03740978
v -0.03246481 0.04672115 -0.03729611
v -0.03175501 0.04672115 -0.03702963
v -0.03076502 0.04672115 -0.03663558
v -0.02976436 0.04672115 -0.03623522
v -0.02939079 0.04664153 -0.03616450
v -0.02806458 0.04672115 -0.03553175
v -0.02786445 0.04632832 -0.03581465
v -0.02631943 0.04599848 -0.03543829
v -0.02523072 0.04572289 -0.03519833
v -0.02019807 0.03778322 -0.03644361
v -0.01985651 0.03778322 -0.03615691
v -0.01468245 0.03864500 -0.03085246
v -0.02197791 0.04672115 -0.03085246
v -0.02353627 0.04585325 -0.03391263
v -0.02627140 0.04672115 -0.03465399
v -0.02617267 0.04672115 -0.03459084
v -0.02483579 0.04630032 -0.03425868
v -0.02021942 0.04581913 -0.03085246
v -0.02017406 0.04578589 -0.03085246
v -0.02752823 0.04672115 -0.03530062
v -0.02701856 0.04672115 -0.03507455
v -0.02254095 0.04672115 -0.03147258
v -0.02515600 0.04672115 -0.03391389
v -0.02430211 0.04672115 -0.03325588
v -0.02406462 0.04672115 -0.03303360
v -0.02350959 0.04672115 -0.03248674
v -0.02274108 0.04672115 -0.03168475
v -0.04453726 0.00787935 0.04111626
v -0.04453726 0.00921036 0.04119257
v -0.04453726 0.00522125 0.04114539
v -0.04476207 0.00789788 0.04120229
v -0.04476207 0.00943463 0.04128970
v -0.04453726 0.00943463 0.04121477
v -0.04586137 0.00789788 0.04165186
v -0.04453726 0.00522125 0.04387335
v -0.05188367 0.00522125 0.04475584
v -0.04892301 0.00636113 0.04318928
v -0.04899159 0.00789788 0.04313932
v -0.04483638 0.01091385 0.04152004
v -0.04453726 0.01092457 0.04140487
v -0.04574134 0.00943463 0.04170458
v -0.04453726 0.01518281 0.04470588
v -0.04970794 0.01518281 0.04991896
v -0.05067006 0.01518281 0.05088887
v -0.05123781 0.01518281 0.05141198
v -0.05146071 0.01518281 0.05161179
v -0.05315062 0.01311171 0.05260390
v -0.05390507 0.01256273 0.05298409
v -0.05443090 0.01097138 0.05281342
v -0.05638753 0.01045555 0.05401644
v -0.05741252 0.00978566 0.05431060
v -0.05793645 0.00876181 0.05401921
v -0.06033889 0.00522125 0.05298825
v -0.05194463 0.00636113 0.04470588
v -0.05091011 0.00636113 0.04418416
v -0.06399685 0.00522125 0.05154241
v -0.04975938 0.00789788 0.04357918
v -0.04877631 0.00943463 0.04324478
v -0.04650913 0.00943463 0.04208755
v -0.04453726 0.01192112 0.04157970
v -0.04559274 0.01036389 0.04176980
v -0.04453726 0.01518281 0.04256210
v -0.05235615 0.01518281 0.05234997
v -0.05304011 0.01404488 0.05268021
v -0.05524060 0.01250813 0.05382218
v -0.05617605 0.01148038 0.05414548
v -0.05696289 0.01096943 0.05441050
v -0.05859373 0.01097138 0.05494056
v -0.06013122 0.00943463 0.05510845
v -0.05850610 0.00933809 0.05455620
v -0.05895953 0.00838835 0.05431060
v -0.06021505 0.00788520 0.05448821
v -0.06128767 0.00522125 0.05332959
v -0.06399685 0.00522125 0.05343782
v -0.06399685 0.01518281 0.05317280
v -0.04861056 0.01021178 0.04333081
v -0.04539650 0.01138774 0.04190439
v -0.04453726 0.01250813 0.04171707
v -0.04453726 0.01390739 0.04214166
v -0.05292580 0.01518281 0.05273710
v -0.05600840 0.01250813 0.05422041
v -0.05317157 0.01518281 0.05287308
v -0.05705625 0.01250813 0.05461309
v -0.05859373 0.01250813 0.05494472
v -0.06013122 0.01097138 0.05514314
v -0.06166680 0.00943463 0.05526386
v -0.06166680 0.00789788 0.05482400
v -0.06166680 0.00522125 0.05345863
v -0.06320429 0.00522125 0.05358629
v -0.06399685 0.00670924 0.05434806
v -0.06399685 0.01518281 0.05483232
v -0.05522727 0.01404488 0.05384854
v -0.05599506 0.01404488 0.05421069
v -0.05430516 0.01518281 0.05340036
v -0.05705625 0.01404488 0.05451318
v -0.05859373 0.01404488 0.05481845
v -0.06013122 0.01404488 0.05499883
v -0.06166680 0.01097138 0.05529022
v -0.06320429 0.01097138 0.05526524
v -0.06320429 0.00943463 0.05515702
v -0.06399685 0.00864188 0.05495859
v -0.06399685 0.00789788 0.05481984
v -0.06320429 0.00789788 0.05486701
v -0.06320429 0.00666244 0.05437443
v -0.06399685 0.00730697 0.05458673
v -0.06399685 0.01478790 0.05490586
v -0.06360438 0.01518281 0.05486563
v -0.05615891 0.01505995 0.05413160
v -0.05602554 0.01518281 0.05404696
v -0.05704291 0.01518281 0.05430505
v -0.05859373 0.01518281 0.05461448
v -0.06013122 0.01518281 0.05483232
v -0.06052941 0.01518281 0.05485314
v -0.06166680 0.01404488 0.05507792
v -0.06166680 0.01250813 0.05519864
v -0.06320429 0.01250813 0.05522362
v -0.06399685 0.01250813 0.05515424
v -0.06399685 0.01097138 0.05517505
v -0.06399685 0.01017863 0.05514453
v -0.06399685 0.00943463 0.05509180
v -0.06399685 0.01404488 0.05502797
v -0.06341005 0.01518281 0.05487811
v -0.05636847 0.01518281 0.05415519
v -0.06166680 0.01518281 0.05490725
v -0.06320429 0.01404488 0.05507792
v -0.06320429 0.01518281 0.05489060
v -0.06206689 0.01518281 0.05490725
v -0.04014934 0.03709865 -0.04399674
v -0.04014934 0.03778322 -0.04375483
v -0.03861177 0.03778322 -0.04369693
v -0.03861177 0.03709865 -0.04392983
v -0.04014934 0.03248898 -0.04355152
v -0.04168154 0.03709192 -0.04396329
v -0.04086437 0.03778322 -0.04374582
v -0.03707689 0.03778322 -0.04336623
v -0.03707689 0.03709865 -0.04355667
v -0.03861177 0.03248898 -0.04340483
v -0.03861983 0.03086423 -0.04298534
v -0.04014934 0.03095167 -0.04314105
v -0.04168154 0.03248225 -0.04351292
v -0.04168154 0.03778322 -0.04372652
v -0.02244040 0.03778322 -0.03814454
v -0.03707689 0.03402479 -0.04315649
v -0.02244040 0.03775483 -0.03814454
v -0.02318499 0.03718534 -0.03838131
v -0.03703388 0.03263023 -0.04295060
v -0.03751773 0.03131788 -0.04287340
v -0.03911444 0.03014827 -0.04278075
v -0.03917357 0.03014827 -0.04278590
v -0.03811179 0.03029325 -0.04265336
v -0.04014934 0.03014827 -0.04279233
v -0.04098264 0.03014827 -0.04275244
v -0.04105522 0.03015200 -0.04274987
v -0.04161433 0.03085452 -0.04301108
v -0.04168154 0.03086647 -0.04301108
v -0.04168154 0.03092028 -0.04302781
v -0.04168154 0.03778322 -0.04104233
v -0.02062596 0.03778322 -0.03680117
v -0.02066359 0.03709865 -0.03677157
v -0.02263125 0.03673020 -0.03800944
v -0.02373066 0.03556209 -0.03826679
v -0.03703388 0.03086423 -0.04245263
v -0.02399678 0.03476616 -0.03813296
v -0.02543758 0.03312497 -0.03817157
v -0.02508814 0.03014827 -0.03679473
v -0.03820587 0.03014827 -0.04257873
v -0.03795051 0.03014827 -0.04250667
v -0.04105791 0.03014827 -0.04274730
v -0.04168154 0.03022749 -0.04268296
v -0.04168154 0.03015051 -0.04054693
v -0.03556082 0.03014827 -0.03765171
v -0.02044586 0.03014827 -0.03085375
v -0.02010447 0.03118559 -0.03085375
v -0.01978459 0.03208092 -0.03085375
v -0.01955879 0.03265041 -0.03085375
v -0.01745136 0.03778322 -0.03085375
v -0.02019855 0.03778322 -0.03644345
v -0.02090551 0.03626759 -0.03661716
v -0.02170656 0.03567793 -0.03697230
v -0.02296188 0.03556209 -0.03781384
v -0.01989480 0.03709865 -0.03612690
v -0.02386238 0.03145389 -0.03669179
v -0.02421720 0.03042927 -0.03646660
v -0.02441343 0.03374229 -0.03792965
v -0.02435429 0.03014827 -0.03641642
v -0.04168154 0.03014827 -0.04262891
v -0.04168154 0.03014827 -0.04206917
v -0.04077297 0.03014827 -0.04064086
v -0.01776048 0.03014827 -0.03085375
v -0.01442191 0.03778322 -0.03085375
v -0.01985717 0.03778322 -0.03615649
v -0.02242696 0.03014827 -0.03509363
v -0.02221460 0.03433718 -0.03679988
v -0.01422031 0.03709865 -0.03085375
v -0.01456707 0.03588719 -0.03085375
v -0.01466921 0.03557256 -0.03085375
v -0.02391614 0.03014827 -0.03614491
v -0.02326832 0.03014827 -0.03570741
v -0.01500791 0.03495898 -0.03085375
v -0.02196461 0.03014827 -0.03467929
v -0.01425525 0.03723392 -0.03085375
v -0.02248878 0.03014827 -0.03513995
v -0.00964051 0.04785774 0.02671275
v -0.00954533 0.05348664 0.02671275
v -0.00962651 0.04684866 0.02671275
v -0.02111432 0.05348664 0.03437789
v -0.00695750 0.05348664 0.02671275
v -0.00681894 0.04684866 0.02671275
v -0.02111432 0.04684866 0.03548671
v -0.02111432 0.05348664 0.03622867
v -0.00695890 0.05348664 0.02672303
v -0.00687073 0.05246846 0.02671275
v -0.00691411 0.05246846 0.02680832
v -0.00734379 0.05246846 0.02757699
v -0.00803658 0.05246846 0.02873411
v -0.00856842 0.05246846 0.02960863
v -0.00860481 0.05155685 0.02956136
v -0.01189664 0.04684866 0.03337800
v -0.02111432 0.04684866 0.03720903
v -0.02111432 0.05302401 0.03637562
v -0.02062306 0.05348664 0.03620709
v -0.00697289 0.05348664 0.02674666
v -0.00858382 0.05334824 0.02958499
v -0.00915625 0.05246846 0.03037628
v -0.00992602 0.05246846 0.03134637
v -0.01213037 0.04684866 0.03364108
v -0.02063706 0.04684866 0.03711449
v -0.02111432 0.04691624 0.03721006
v -0.02111432 0.05246846 0.03655032
v -0.02017100 0.05246846 0.03650613
v -0.02044811 0.05348664 0.03619887
v -0.00852784 0.05348664 0.02935275
v -0.00879936 0.05348664 0.02971961
v -0.01001420 0.05348664 0.03123949
v -0.01062442 0.05246846 0.03211401
v -0.01263422 0.04684866 0.03415901
v -0.02095057 0.04707998 0.03717718
v -0.01709610 0.04684866 0.03636945
v -0.01863425 0.05246846 0.03632218
v -0.01863425 0.05348664 0.03600464
v -0.01891977 0.05348664 0.03603856
v -0.02017100 0.05348664 0.03618551
v -0.01002679 0.05348664 0.03125285
v -0.01152155 0.05348664 0.03273162
v -0.01139279 0.05246846 0.03285802
v -0.01289874 0.04684866 0.03441900
v -0.01709610 0.04939508 0.03625642
v -0.01709610 0.05093112 0.03616290
v -0.01863425 0.05093112 0.03645886
v -0.01550897 0.04684866 0.03589983
v -0.01695055 0.05260946 0.03591010
v -0.01634033 0.05321634 0.03564189
v -0.01736482 0.05347365 0.03578267
v -0.01743061 0.05348664 0.03579089
v -0.01256004 0.05257243 0.03370479
v -0.01299252 0.05348664 0.03366780
v -0.01328783 0.05315396 0.03408091
v -0.01312128 0.05212929 0.03421039
v -0.01304430 0.05093112 0.03426897
v -0.01377349 0.04684866 0.03499859
v -0.01596944 0.05093112 0.03579706
v -0.01614299 0.05219166 0.03572307
v -0.01494634 0.04684866 0.03567272
v -0.01655167 0.05348664 0.03551549
v -0.01735503 0.05348664 0.03577034
v -0.01560275 0.05260946 0.03539320
v -0.01388965 0.05257243 0.03453409
v -0.01424095 0.05348664 0.03440667
v -0.01453206 0.05348664 0.03455465
v -0.01608980 0.05348664 0.03534182
v -0.01349637 0.05348664 0.03398534
v -0.01520106 0.05093112 0.03540245
v -0.01482318 0.04696497 0.03561311
v -0.01468182 0.04684866 0.03554426
v -0.01409959 0.04684866 0.03519795
v -0.02111572 0.05323631 0.00600258
v -0.02111572 0.05475501 0.01109797
v -0.02111572 0.05501741 0.00600258
v -0.01064605 0.05165117 0.00600258
v -0.00326653 0.04998148 0.01841424
v -0.00366056 0.05004993 0.01841424
v -0.00428158 0.05017945 0.01841424
v -0.01554360 0.05593010 0.01841424
v -0.02111572 0.05481608 0.01120853
v -0.02111572 0.05547577 0.00721751
v -0.02016919 0.05543684 0.00721751
v -0.02017561 0.05495835 0.00600258
v -0.01047473 0.05162567 0.00600258
v -0.00317230 0.04997611 0.01841424
v -0.00940613 0.05152635 0.00600258
v -0.00909134 0.05149749 0.00600258
v -0.01595690 0.05615022 0.01841424
v -0.02111572 0.05514827 0.01178197
v -0.02111572 0.05676629 0.01091209
v -0.02068528 0.05676629 0.01094246
v -0.02016919 0.05676629 0.01098741
v -0.01863375 0.05530061 0.00721751
v -0.02012850 0.05495432 0.00600258
v -0.01927191 0.05676629 0.01110405
v -0.01798060 0.05676629 0.01137983
v -0.00172895 0.04991101 0.01841424
v -0.00787712 0.05143709 0.00600258
v -0.01648799 0.05670925 0.01841424
v -0.02111572 0.05595829 0.01295923
v -0.02111572 0.05676629 0.01339418
v -0.01716041 0.05466105 0.00600258
v -0.01798488 0.05474628 0.00600258
v -0.01863375 0.05487581 0.00615931
v 0.00076159 0.05276117 0.00600258
v -0.01705762 0.05676629 0.01176010
v -0.00294316 0.05137334 0.00600258
v -0.00172895 0.05137401 0.00600258
v -0.00140558 0.05137602 0.00600258
v -0.00019137 0.05139347 0.00600258
v -0.00019137 0.04994390 0.01841424
v -0.00633954 0.05141293 0.00600258
v -0.01653510 0.05676629 0.01841424
v -0.02111572 0.05641195 0.01322530
v 0.00076159 0.05281620 0.00721751
v 0.00076159 0.05141428 0.00600258
v -0.01595048 0.05676629 0.01228374
v -0.01501037 0.05676629 0.01284989
v -0.01424801 0.05676629 0.01358370
v -0.01351991 0.05676629 0.01435032
v -0.01311731 0.05676629 0.01500759
v -0.01292243 0.05676629 0.01548870
v -0.01264618 0.05676629 0.01643756
v 0.00076159 0.04998618 0.01841424
v -0.01286890 0.05676629 0.01841424
v 0.00076159 0.05283499 0.00875438
v -0.01134417 0.05645692 0.01841424
v -0.01262691 0.05676629 0.01797687
v 0.00076159 0.05179278 0.01841424
v -0.01283892 0.05676092 0.01841424
v 0.00076159 0.05281956 0.00933755
v -0.01248557 0.05669583 0.01841424
v -0.00787712 0.05527645 0.01841424
v 0.00076159 0.05258736 0.01490068
v 0.00076159 0.05269876 0.01241130
v 0.00076159 0.05276654 0.01087442
v 0.00076159 0.05182901 0.01832555
v -0.00689633 0.05489594 0.01841424
v 0.00076159 0.05239945 0.01643756
v 0.00076159 0.05193639 0.01805341
v -0.04048478 0.05252411 0.00600258
v -0.04048478 0.05038112 0.01932726
v -0.04048478 0.05442830 0.00600258
v -0.03707553 0.05242284 0.00600258
v -0.04015107 0.05039174 0.01932726
v -0.04048478 0.05245472 0.01932726
v -0.03553965 0.05245347 0.00600258
v -0.04048478 0.05490653 0.01182814
v -0.02922930 0.05676634 0.01601794
v -0.02815798 0.05676634 0.01460134
v -0.02794372 0.05676634 0.01440307
v -0.02626942 0.05676634 0.01307516
v -0.02340436 0.05676634 0.01125028
v -0.02170921 0.05676634 0.01087199
v -0.02478285 0.05544978 0.00721700
v -0.02324508 0.05550980 0.00721700
v -0.02336644 0.05506407 0.00600258
v -0.04012073 0.05039612 0.01932726
v -0.03367954 0.05254349 0.00600258
v -0.02111572 0.05323615 0.00600258
v -0.04048478 0.05449706 0.01503441
v -0.03954051 0.05324990 0.01932726
v -0.04048478 0.05491341 0.01216337
v -0.03042007 0.05676634 0.01932726
v -0.03032906 0.05676634 0.01896594
v -0.03009015 0.05676634 0.01806850
v -0.02983607 0.05676634 0.01742281
v -0.02111572 0.05676634 0.01091243
v -0.02170921 0.05550042 0.00721700
v -0.02324508 0.05506845 0.00600258
v -0.02111572 0.05475462 0.01109766
v -0.02989864 0.05461084 0.01932726
v -0.02111572 0.05501718 0.00600258
v -0.04048478 0.05482527 0.01426610
v -0.03861330 0.05393568 0.01932726
v -0.03759886 0.05463772 0.01932726
v -0.04048478 0.05492279 0.01336344
v -0.02794941 0.05676634 0.01932726
v -0.03387863 0.05607743 0.01932726
v -0.02111572 0.05676634 0.01339475
v -0.02111572 0.05547604 0.00721700
v -0.02170921 0.05505469 0.00600258
v -0.02111572 0.05481589 0.01120853
v -0.02111572 0.05514846 0.01178248
v -0.02111572 0.05595803 0.01295907
v -0.02980762 0.05467398 0.01932726
v -0.03683092 0.05500031 0.01932726
v -0.03669251 0.05505907 0.01932726
v -0.03553965 0.05550417 0.01932726
v -0.02821866 0.05606680 0.01932726
v -0.02111572 0.05641251 0.01322517
v -0.02111572 0.05627372 0.01314430
v -0.02830019 0.05592739 0.01932726
v -0.02839879 0.05583550 0.01932726
v -0.02913070 0.05515909 0.01932726
v -0.02823572 0.05603742 0.01932726
v 0.05351469 0.00398058 -0.01638702
v 0.05361406 0.00398058 -0.01689237
v 0.05554640 0.00398058 -0.01638702
v 0.05716076 0.01226095 -0.01638702
v 0.06523104 0.03181614 -0.02259896
v 0.06516225 0.03164449 -0.02259896
v 0.06509804 0.03148373 -0.02259896
v 0.06483815 0.03082163 -0.02259896
v 0.05482330 0.00398058 -0.02259896
v 0.05595611 0.00398058 -0.01737096
v 0.05895705 0.00715214 -0.01973046
v 0.05877207 0.00749000 -0.01891133
v 0.05901055 0.00861258 -0.01809401
v 0.06347145 0.01809999 -0.01684676
v 0.06372675 0.01907816 -0.01638702
v 0.05749403 0.01299662 -0.01638702
v 0.06662220 0.03181614 -0.01835125
v 0.06713281 0.03181614 -0.02259896
v 0.05753989 0.01309471 -0.01638702
v 0.05710573 0.00398058 -0.02259896
v 0.05652786 0.00398058 -0.01890342
v 0.05919859 0.00825837 -0.01891133
v 0.05683208 0.00398058 -0.01990621
v 0.05860390 0.00642192 -0.02032521
v 0.05908087 0.00697503 -0.02075515
v 0.05940650 0.00775702 -0.02032521
v 0.06065702 0.00993951 -0.02082386
v 0.06385364 0.01736432 -0.01891133
v 0.06370229 0.01768856 -0.01787144
v 0.06511180 0.02164755 -0.01638702
v 0.06726734 0.03181614 -0.01638702
v 0.06737588 0.03181614 -0.02192213
v 0.06521881 0.02064214 -0.02148611
v 0.06534111 0.02172929 -0.02174456
v 0.06498491 0.02172929 -0.02251322
v 0.06492376 0.02172929 -0.02259896
v 0.05722497 0.00413317 -0.02259896
v 0.05722344 0.00398058 -0.02198476
v 0.05696203 0.00398058 -0.02044805
v 0.05776003 0.00514403 -0.02044805
v 0.05719745 0.00398058 -0.02169408
v 0.05734880 0.00414407 -0.02198476
v 0.05786093 0.00491243 -0.02198476
v 0.05862989 0.00618487 -0.02198476
v 0.05909005 0.00695323 -0.02198476
v 0.06069676 0.00986322 -0.02198476
v 0.06357388 0.01636435 -0.01977972
v 0.06389950 0.01697469 -0.02035439
v 0.06521881 0.02075385 -0.01786658
v 0.06530289 0.02204808 -0.01638702
v 0.06913241 0.03181614 -0.01638702
v 0.06844142 0.03181614 -0.01873193
v 0.06530748 0.02041871 -0.02044805
v 0.06385517 0.01700738 -0.02197990
v 0.06379707 0.01725806 -0.02259896
v 0.06418996 0.01865583 -0.02259896
v 0.06889852 0.03181614 -0.01728826
v 0.05729988 0.00423126 -0.02259896
v 0.05760716 0.00469173 -0.02259896
v 0.05780437 0.00499962 -0.02259896
v 0.05904724 0.00701590 -0.02259896
v 0.06064784 0.00995313 -0.02259896
v 0.06209863 0.01316828 -0.02259896
v 0.06119208 0.01097217 -0.02198476
v 0.06361362 0.01630169 -0.02146360
v 0.06361362 0.01630169 -0.02080440
v 0.06530901 0.02050318 -0.01891133
v 0.06668030 0.02552208 -0.01638702
v 0.06352954 0.01641885 -0.02248829
v 0.06350355 0.01648152 -0.02259896
v -0.02222730 0.06569533 0.01855529
v -0.02384290 0.05727327 0.02466227
v -0.02408836 0.05803237 0.02462081
v -0.02384290 0.05676709 0.02506454
v -0.01710409 0.05676709 0.01915735
v -0.01728912 0.05698667 0.01915735
v -0.01734626 0.05803237 0.01885409
v -0.01297914 0.05676709 0.01915735
v -0.01303124 0.05676709 0.01951284
v -0.01247361 0.06322746 0.02104933
v -0.01293715 0.06322746 0.02251881
v -0.01303530 0.06217618 0.02225444
v -0.01330739 0.06322746 0.02328697
v -0.01305182 0.06437334 0.02231629
v -0.01289050 0.06483708 0.02107027
v -0.01335210 0.06539771 0.02159602
v -0.01314802 0.06564150 0.02057147
v -0.01264562 0.06476325 0.01951200
v -0.01231327 0.06322746 0.01951200
v -0.01229967 0.06322746 0.01855529
v -0.01278944 0.06164554 0.01855529
v -0.01454349 0.05946991 0.01855529
v -0.01324617 0.06091187 0.01855529
v -0.01504611 0.05803237 0.01885409
v -0.01689032 0.05946991 0.01855529
v -0.02222730 0.06725803 0.01855529
v -0.02408836 0.05867536 0.02458241
v -0.02408836 0.05946991 0.02499438
v -0.02222730 0.06729956 0.01951200
v -0.02170740 0.06729264 0.01951200
v -0.02222730 0.06732648 0.02104933
v -0.02408836 0.05946991 0.02694862
v -0.02408836 0.05803237 0.02702621
v -0.02384290 0.05676709 0.02940527
v -0.02324420 0.05676709 0.02977636
v -0.02222730 0.06476325 0.02852545
v -0.02222730 0.06567611 0.02810545
v -0.02222730 0.06620752 0.02719563
v -0.02222730 0.06683198 0.02587279
v -0.02170740 0.06619598 0.02719563
v -0.02170740 0.06682122 0.02584486
v -0.02020213 0.06592374 0.02727444
v -0.02073563 0.06559382 0.02802365
v -0.02170740 0.06567611 0.02810645
v -0.02170740 0.06476325 0.02853642
v -0.02020213 0.06481400 0.02826906
v -0.01971138 0.06536003 0.02783809
v -0.01762693 0.06565765 0.02656913
v -0.01863368 0.06581838 0.02682352
v -0.01863368 0.06635825 0.02565930
v -0.01710897 0.06595065 0.02568923
v -0.01596714 0.06573994 0.02519641
v -0.01660365 0.06529466 0.02622096
v -0.01710897 0.06477478 0.02686043
v -0.01856080 0.06481400 0.02760864
v -0.01902434 0.06433566 0.02812640
v -0.02017103 0.06322746 0.02858431
v -0.01881249 0.06322746 0.02819025
v -0.01804382 0.06322746 0.02785106
v -0.01709828 0.06322746 0.02732332
v -0.01612748 0.06427029 0.02659207
v -0.01603613 0.06322746 0.02666789
v -0.01614109 0.06225155 0.02658309
v -0.01414357 0.05676709 0.02103979
v -0.01462609 0.06225308 0.02508368
v -0.01526746 0.06322746 0.02593963
v -0.01465136 0.06431028 0.02507171
v -0.01553470 0.06480247 0.02564633
v -0.01494192 0.06533465 0.02469660
v -0.01462706 0.06567534 0.02367205
v -0.01352993 0.06483708 0.02273130
v -0.01430929 0.06479862 0.02415889
v -0.01384478 0.06322746 0.02412198
v -0.01456195 0.06322746 0.02517147
v -0.01435691 0.06587913 0.02258665
v -0.01549680 0.06596680 0.02415889
v -0.01709828 0.06661742 0.02412198
v -0.01556094 0.06644592 0.02258665
v -0.01392836 0.06600372 0.02107027
v -0.01402359 0.06624135 0.01951200
v -0.01310527 0.06569303 0.01951200
v -0.01264950 0.06476325 0.01855529
v -0.01311401 0.06568687 0.01855529
v -0.01402359 0.06622828 0.01855529
v -0.01460471 0.06641823 0.01855529
v -0.01556094 0.06674354 0.01951200
v -0.01556094 0.06669355 0.02104933
v -0.01788056 0.06705885 0.02332987
v -0.01658130 0.06695349 0.02104933
v -0.01657158 0.06696349 0.01951200
v -0.01594284 0.06675892 0.01855529
v -0.01761624 0.06708807 0.01855529
v -0.01556094 0.06667510 0.01855529
v -0.02170740 0.06725111 0.01855529
v -0.02017103 0.06721112 0.01855529
v -0.01863757 0.06714114 0.01855529
v -0.01863368 0.06718574 0.01951200
v -0.02017103 0.06724573 0.01951200
v -0.02017103 0.06728110 0.02104933
v -0.02170740 0.06731879 0.02104933
v -0.02170740 0.06730571 0.02258665
v -0.02222730 0.06731417 0.02258665
v -0.02222730 0.06724573 0.02412198
v -0.02170740 0.06723265 0.02412198
v -0.02017103 0.06726495 0.02258665
v -0.01863368 0.06721420 0.02104933
v -0.01848889 0.06715421 0.02272532
v -0.01890481 0.06711422 0.02357129
v -0.02025946 0.06714652 0.02409803
v -0.02083086 0.06708577 0.02494401
v -0.01765414 0.06709499 0.02230532
v -0.01734900 0.06711576 0.02104933
v -0.01733928 0.06710961 0.01951200
v -0.02170740 0.06712114 0.02507669
v -0.02222730 0.06712806 0.02510463
v -0.04453628 0.01518281 0.04256161
v -0.04478895 0.01518281 0.04272422
v -0.05399051 0.02581496 0.04843877
v -0.04453628 0.02581496 0.04238944
v -0.04453628 0.01518281 0.04470630
v -0.04543126 0.01518281 0.04314401
v -0.04581258 0.01518281 0.04344159
v -0.04642343 0.01518281 0.04396023
v -0.04725917 0.01518281 0.04469354
v -0.04802921 0.01518281 0.04545130
v -0.05399051 0.01518281 0.05132953
v -0.05399051 0.02581496 0.05032627
v -0.04453628 0.02581496 0.04483277
v -0.04453628 0.01558245 0.04488378
v -0.05066788 0.01518281 0.05088848
v -0.05399051 0.01518281 0.05323722
v -0.05399051 0.02581288 0.05033902
v -0.05398311 0.02581496 0.05033690
v -0.04454183 0.02581496 0.04483914
v -0.04453628 0.02314131 0.04548213
v -0.04453628 0.01603413 0.04505808
v -0.05040596 0.01558245 0.05075776
v -0.05117415 0.01558245 0.05146663
v -0.05123708 0.01518281 0.05141243
v -0.04453628 0.01690939 0.04538010
v -0.04453628 0.01720912 0.04548531
v -0.05316957 0.01518281 0.05287375
v -0.05399051 0.01557413 0.05324678
v -0.05399051 0.02429965 0.05116055
v -0.05398311 0.02429861 0.05116055
v -0.05315754 0.02581496 0.05019767
v -0.04504717 0.02581496 0.04536203
v -0.04581721 0.02581496 0.04613042
v -0.04453628 0.02172903 0.04580415
v -0.05025880 0.01711962 0.05090230
v -0.04453628 0.01743288 0.04554270
v -0.04453628 0.01865678 0.04583815
v -0.05102699 0.01711962 0.05154315
v -0.05211540 0.01558245 0.05223502
v -0.05235604 0.01518281 0.05235086
v -0.05145921 0.01518281 0.05161223
v -0.05292431 0.01518281 0.05273665
v -0.05288359 0.01558245 0.05275684
v -0.05399051 0.01711337 0.05321171
v -0.05283639 0.01711962 0.05275684
v -0.05398311 0.01711962 0.05320959
v -0.05399051 0.02325995 0.05161223
v -0.05314088 0.02408838 0.05104470
v -0.05133426 0.02581496 0.04975131
v -0.05251523 0.02581496 0.05004676
v -0.04608006 0.02581496 0.04637805
v -0.04453628 0.02019395 0.04595613
v -0.04658632 0.02581496 0.04684248
v -0.04687971 0.02581496 0.04710499
v -0.04734340 0.02480336 0.04771396
v -0.04859378 0.02100468 0.04949093
v -0.04858175 0.01916154 0.04950474
v -0.05021715 0.01865678 0.05093524
v -0.04453628 0.01877855 0.04584985
v -0.05206728 0.01711962 0.05231154
v -0.05398311 0.01865678 0.05305655
v -0.05399051 0.01864950 0.05305867
v -0.05222739 0.01865678 0.05225309
v -0.05299557 0.01865678 0.05266651
v -0.05399051 0.02171862 0.05223076
v -0.05016162 0.02554124 0.04946010
v -0.05112879 0.02581496 0.04967904
v -0.04857990 0.02019395 0.04950580
v -0.04777747 0.02581496 0.04782130
v -0.04811158 0.02480336 0.04833037
v -0.04894548 0.02326620 0.04923692
v -0.04930644 0.02160206 0.04983845
v -0.05038282 0.02019395 0.05084172
v -0.05098534 0.01865678 0.05148470
v -0.05315477 0.01955494 0.05258574
v -0.05397108 0.02011797 0.05277066
v -0.05399051 0.02011902 0.05277597
v -0.05115193 0.02019395 0.05133697
v -0.05399051 0.02016064 0.05276641
v -0.04993579 0.02451716 0.04959933
v -0.04940361 0.02493866 0.04916253
v -0.04875945 0.02581496 0.04850679
v -0.04989229 0.02581496 0.04919866
v -0.05035043 0.02581496 0.04939740
v -0.05345001 0.02057798 0.05241463
v -0.05147679 0.02172903 0.05113717
v -0.04828281 0.02581496 0.04818796
v -0.04971366 0.02326620 0.04974811
v 0.02493625 0.05861662 0.02435831
v 0.02783092 0.05857454 0.01807610
v 0.02783092 0.05853887 0.01807610
v 0.02516544 0.05719359 0.02435831
v 0.02514520 0.05926644 0.02435831
v 0.02879602 0.06422744 0.01807610
v 0.02803138 0.05746678 0.01807610
v 0.02821618 0.05707946 0.01807610
v 0.02530649 0.05694108 0.02435831
v 0.02770358 0.06422744 0.02435831
v 0.03136224 0.06422744 0.01807610
v 0.02830041 0.05694108 0.01807610
v 0.02839836 0.05694108 0.02435831
v 0.03022801 0.06422744 0.02435831
v 0.03136420 0.06422744 0.01808717
v 0.03139620 0.06416538 0.01807610
v 0.03112978 0.05694108 0.01807610
v 0.02993678 0.05694108 0.02259511
v 0.03016141 0.06172875 0.02435831
v 0.03029592 0.06422744 0.02420333
v 0.03050749 0.06322668 0.02435831
v 0.03061131 0.06322668 0.02412215
v 0.03142036 0.06422744 0.01873476
v 0.03140599 0.06409976 0.01807610
v 0.03127148 0.05694108 0.01951212
v 0.03146672 0.06331441 0.01807610
v 0.03160645 0.06322668 0.01951212
v 0.03050553 0.05694108 0.02184051
v 0.03046962 0.06297916 0.02435831
v 0.03033445 0.06422744 0.02411539
v 0.03108603 0.06322668 0.02265538
v 0.03131523 0.06399561 0.02181775
v 0.03099461 0.05694108 0.02101395
v 0.03133808 0.06240139 0.02190939
v 0.03145888 0.06422744 0.01951212
v 0.03141840 0.06422744 0.02016156
v 0.03137595 0.06413471 0.02104901
v 0.03146215 0.06322668 0.02104901
v 0.03112847 0.06422744 0.02204899
v 0.03133220 0.06322668 0.02188663
v 0.03132829 0.06422744 0.02104901
v 0.01520742 0.06422744 0.02435831
v 0.01429326 0.06422744 0.01803959
v 0.01263025 0.06422744 0.02435831
v 0.01646396 0.05861520 0.02435831
v 0.01686738 0.05873289 0.01803959
v 0.01227771 0.06422744 0.01803959
v 0.01256463 0.06422744 0.02417521
v 0.01245576 0.06347277 0.02435831
v 0.01638308 0.05699815 0.02435831
v 0.01705204 0.05695250 0.01803959
v 0.01210067 0.06422744 0.02051265
v 0.01195671 0.06322668 0.01803959
v 0.01254580 0.06422744 0.02412202
v 0.01231434 0.06322668 0.02412202
v 0.01244559 0.06322668 0.02435831
v 0.01634390 0.05694108 0.02435831
v 0.01704543 0.05694108 0.01803959
v 0.01210220 0.06422744 0.02104895
v 0.01185547 0.06322668 0.01951242
v 0.01244152 0.06160392 0.01803959
v 0.01218766 0.06168952 0.01951242
v 0.01246492 0.06422744 0.02384675
v 0.01265467 0.06194987 0.02435831
v 0.01186615 0.06322668 0.02258548
v 0.01352560 0.05694108 0.02427480
v 0.01358359 0.05694108 0.02435831
v 0.01410808 0.05694108 0.01803959
v 0.01186005 0.06322668 0.02104895
v 0.01218207 0.06422744 0.02264796
v 0.01213221 0.06168952 0.02104895
v 0.01384151 0.05694108 0.01874167
v 0.01366804 0.05694108 0.01921241
v 0.01361768 0.05694108 0.01952108
v 0.01343352 0.05694108 0.02081575
v 0.01342284 0.05694108 0.02104895
v 0.01215358 0.06168952 0.02258548
v 0.02205352 0.06322668 0.01002057
v 0.02205352 0.06249911 0.01017670
v 0.02205352 0.06422744 0.01043060
v 0.02239446 0.06422744 0.01044322
v 0.02286348 0.06422744 0.01046136
v 0.02286348 0.06322668 0.01006158
v 0.02286348 0.06168952 0.01038960
v 0.02205352 0.06168952 0.01037146
v 0.02205352 0.06422744 0.01281667
v 0.02440049 0.06422744 0.01065454
v 0.02440049 0.06322668 0.01030129
v 0.02286348 0.05694108 0.01242398
v 0.02434888 0.06161105 0.01068451
v 0.02218621 0.05694108 0.01250599
v 0.02205352 0.05694108 0.01252728
v 0.02205352 0.05854815 0.01495040
v 0.02879587 0.06422744 0.01807531
v 0.02557627 0.06422744 0.01088243
v 0.02602318 0.06313323 0.01080515
v 0.02672626 0.06243135 0.01104644
v 0.02593657 0.06214746 0.01087296
v 0.02440049 0.05694108 0.01271101
v 0.02205352 0.05694108 0.01491492
v 0.02205352 0.05793970 0.01500008
v 0.02783017 0.05857454 0.01807531
v 0.03136215 0.06422744 0.01807531
v 0.02559839 0.06422744 0.01089110
v 0.02659265 0.06358261 0.01113318
v 0.02672626 0.06255832 0.01104644
v 0.02690687 0.05694108 0.01396318
v 0.02598540 0.05694108 0.01339465
v 0.02580940 0.05694108 0.01330003
v 0.02472668 0.05694108 0.01284505
v 0.02841070 0.06214103 0.01242950
v 0.02957543 0.05694108 0.01573971
v 0.02205352 0.05701170 0.01495277
v 0.02830012 0.05694108 0.01807531
v 0.02205352 0.05714366 0.01502216
v 0.02783017 0.05853887 0.01807531
v 0.03139624 0.06416538 0.01807531
v 0.03139163 0.06416110 0.01797438
v 0.03134740 0.06422744 0.01797438
v 0.02778963 0.06422744 0.01239717
v 0.02824668 0.06400275 0.01259036
v 0.02837200 0.06322668 0.01246656
v 0.02733166 0.06313323 0.01161496
v 0.02987767 0.06282937 0.01401364
v 0.02987767 0.06227585 0.01401364
v 0.03044345 0.05694108 0.01654874
v 0.03112994 0.05694108 0.01807531
v 0.02821535 0.05707946 0.01807531
v 0.02803013 0.05746678 0.01807531
v 0.03140638 0.06409976 0.01807531
v 0.03144692 0.06332725 0.01786793
v 0.03131976 0.06400346 0.01719453
v 0.03121287 0.06422744 0.01738299
v 0.02809555 0.06422744 0.01265423
v 0.02836739 0.06422744 0.01291050
v 0.02972931 0.06385438 0.01418633
v 0.02923909 0.06329587 0.01344670
v 0.03021216 0.06329587 0.01477930
v 0.03131976 0.06390645 0.01719453
v 0.03104240 0.06332725 0.01658422
v 0.03100278 0.05694108 0.01757460
v 0.03112164 0.05694108 0.01797438
v 0.03146719 0.06331441 0.01807531
v 0.03106544 0.06422744 0.01698873
v 0.03009974 0.06422744 0.01514359
v 0.02916261 0.06422744 0.01383228
v 0.02960952 0.06422744 0.01440790
v -0.06399778 0.01518281 0.05317335
v -0.05399052 0.01518281 0.05133015
v -0.06399778 0.01518281 0.05483166
v -0.06399778 0.02581496 0.04761589
v -0.05399052 0.01518281 0.05323688
v -0.05399052 0.02581496 0.04844041
v -0.06360395 0.01518281 0.05486664
v -0.06399778 0.01558245 0.05475599
v -0.06399778 0.02581496 0.04979961
v -0.05399052 0.01557413 0.05324616
v -0.05430793 0.01518281 0.05340036
v -0.05399052 0.02581496 0.05032716
v -0.06341095 0.01518281 0.05487878
v -0.06320425 0.01558245 0.05482595
v -0.06399778 0.01639110 0.05451542
v -0.06320425 0.02581496 0.05002377
v -0.06399778 0.02482210 0.05051562
v -0.06320425 0.02501359 0.05061413
v -0.05399052 0.01711337 0.05321190
v -0.05602724 0.01518281 0.05404784
v -0.05482715 0.02581496 0.05049849
v -0.05399052 0.02581288 0.05034001
v -0.06320425 0.01518281 0.05489091
v -0.06206686 0.01518281 0.05490733
v -0.06166814 0.01558245 0.05484737
v -0.06166814 0.01711962 0.05444332
v -0.06322090 0.01723618 0.05433196
v -0.06399778 0.01705405 0.05430983
v -0.06166814 0.02532165 0.05081545
v -0.06167598 0.02581496 0.05044852
v -0.06399778 0.02412688 0.05101247
v -0.06320425 0.02424553 0.05115668
v -0.05636914 0.01518281 0.05415634
v -0.05399052 0.01864950 0.05305913
v -0.05619770 0.02581496 0.05072621
v -0.05656213 0.02553188 0.05096108
v -0.05552075 0.02461291 0.05134585
v -0.05612324 0.02258348 0.05260011
v -0.05399052 0.02429965 0.05116167
v -0.06166814 0.01518281 0.05490804
v -0.06013105 0.01558245 0.05477455
v -0.06013105 0.01711962 0.05440834
v -0.05859493 0.02172903 0.05319834
v -0.06013105 0.02172903 0.05313337
v -0.06399778 0.02023974 0.05305414
v -0.06166814 0.02179668 0.05286639
v -0.06166814 0.02455255 0.05135870
v -0.06064439 0.02549961 0.05093324
v -0.06042299 0.02581496 0.05074549
v -0.06399778 0.02407693 0.05104745
v -0.06115577 0.02262615 0.05262653
v -0.05704413 0.01518281 0.05430483
v -0.05552075 0.02019395 0.05322261
v -0.05399052 0.02011902 0.05277644
v -0.05677472 0.02581496 0.05079974
v -0.05758686 0.02560369 0.05104032
v -0.05706764 0.02493241 0.05140082
v -0.05705785 0.02349932 0.05224889
v -0.05705785 0.02273022 0.05267935
v -0.05705785 0.02172903 0.05310196
v -0.05557561 0.02173736 0.05279714
v -0.05447545 0.02123156 0.05265865
v -0.05399052 0.02325995 0.05161212
v -0.06053075 0.01518281 0.05485379
v -0.06013105 0.01518281 0.05483309
v -0.05859493 0.01518281 0.05461536
v -0.05784647 0.01787311 0.05407853
v -0.05887120 0.01801569 0.05413207
v -0.05859493 0.02285615 0.05275074
v -0.06013105 0.02278434 0.05271434
v -0.06399778 0.02078509 0.05282284
v -0.06013105 0.02491368 0.05142580
v -0.05961966 0.02564011 0.05106744
v -0.06013105 0.02355240 0.05226031
v -0.05977151 0.02581496 0.05089897
v -0.06399778 0.02372100 0.05124377
v -0.06399778 0.02112957 0.05264152
v -0.05705785 0.02019395 0.05346246
v -0.05399052 0.02016064 0.05276645
v -0.05740465 0.02581496 0.05087755
v -0.05813646 0.02581496 0.05092253
v -0.05859493 0.02564636 0.05107101
v -0.05859493 0.02362525 0.05229886
v -0.05399052 0.02171862 0.05223033
v -0.05859493 0.02581496 0.05095037
v -0.05938846 0.02581496 0.05094323
v -0.02935081 0.05946991 0.02258261
v -0.02895186 0.05946991 0.02326147
v -0.02823949 0.05946991 0.02431863
v -0.03477724 0.05477765 0.02950785
v -0.03501610 0.05489555 0.02873303
v -0.03611594 0.05461815 0.02759496
v -0.03654375 0.05359378 0.02830646
v -0.03765250 0.05339366 0.02656187
v -0.03656871 0.05339366 0.02834479
v -0.03795910 0.05339366 0.02592035
v -0.03801615 0.05347027 0.02566042
v -0.03636550 0.05481068 0.02657020
v -0.02961142 0.05946991 0.02185245
v -0.03651701 0.05489191 0.02566042
v -0.02984217 0.05946991 0.02104936
v -0.02991565 0.05946991 0.01885409
v -0.02995353 0.05946991 0.01951211
v -0.03767924 0.05466703 0.02104983
v -0.03761685 0.05464688 0.01951186
v -0.03861330 0.05394415 0.01951186
v -0.03932633 0.05339366 0.01951186
v -0.03861330 0.05393590 0.01933023
v -0.03759903 0.05463830 0.01933023
v -0.03931563 0.05339366 0.01933023
v -0.03923720 0.05339366 0.02059827
v -0.03763111 0.05462113 0.02258614
v -0.03672736 0.05499329 0.02412411
v -0.03749564 0.05452371 0.02412411
v -0.03845109 0.05385268 0.02258614
v -0.03904290 0.05339366 0.02185131
v -0.03806962 0.05339366 0.02554211
v -0.03827283 0.05375526 0.02412411
v -0.03728530 0.05423872 0.02566042
v -0.03470059 0.05339366 0.03096584
v -0.03482893 0.05339366 0.03081421
v -0.03325493 0.05478591 0.03105915
v -0.02740888 0.05946991 0.02538381
v -0.03246526 0.05494211 0.03141907
v -0.03166311 0.05475586 0.03255047
v -0.03454907 0.05339366 0.03111247
v -0.03259360 0.05414824 0.03223721
v -0.03216757 0.05373116 0.03294204
v -0.03271303 0.05339366 0.03272209
v -0.03057218 0.05339366 0.03424340
v -0.03044741 0.05351452 0.03427673
v -0.02974864 0.05453923 0.03387516
v -0.02929944 0.05401846 0.03447335
v -0.02740280 0.05346994 0.03578138
v -0.02872367 0.05480671 0.03415676
v -0.02631900 0.05454022 0.03542146
v -0.02539564 0.05474199 0.03561142
v -0.02631900 0.05377178 0.03594800
v -0.02631900 0.05339366 0.03605131
v -0.02743666 0.05339366 0.03578471
v -0.02751510 0.05339366 0.03575305
v -0.03048306 0.05339366 0.03429672
v -0.02324587 0.05339366 0.03635124
v -0.02481630 0.05339366 0.03625293
v -0.02484304 0.05413998 0.03602799
v -0.02324587 0.05400558 0.03619461
v -0.02385729 0.05339366 0.03632792
v -0.02111750 0.05339366 0.03625793
v -0.02111750 0.05406403 0.03604632
v -0.02163088 0.05414725 0.03604132
v -0.02209077 0.05481233 0.03569140
v -0.02324587 0.05483743 0.03571972
v -0.02163088 0.05525682 0.03502322
v -0.02324587 0.05536315 0.03487992
v -0.02111750 0.05611872 0.03350024
v -0.02111750 0.05529050 0.03494324
v -0.02111750 0.05479912 0.03557476
v -0.02111750 0.05469906 0.03566807
v -0.02111750 0.05458612 0.02588536
v -0.02111750 0.05339366 0.03442003
v -0.03642610 0.05339366 0.01933023
v -0.02772172 0.05803237 0.01885409
v -0.03092870 0.05427736 0.01933023
v -0.02111750 0.05487672 0.02509555
v -0.02990016 0.05461122 0.01933023
v -0.02913188 0.05515907 0.01933023
v -0.02111750 0.05566003 0.02427241
v -0.02111750 0.05654240 0.02350259
v -0.02111750 0.05676696 0.02340261
v -0.02789952 0.05676709 0.01915735
v -0.02830121 0.05592752 0.01933023
v -0.02775961 0.05865650 0.01885409
v -0.02814191 0.05946991 0.01885409
v -0.02408929 0.05946991 0.02694831
v -0.02408929 0.05946991 0.02499428
v -0.02111750 0.05676696 0.02646523
v -0.02111750 0.05666657 0.03026934
v -0.02111750 0.05634526 0.03273209
v -0.02170931 0.05611707 0.03351691
v -0.02478213 0.05946991 0.02693789
v -0.02594913 0.05946991 0.02658604
v -0.02517018 0.05946991 0.02683209
v -0.02484304 0.05515874 0.03501156
v -0.02437245 0.05482025 0.03569973
v -0.02631900 0.05508411 0.03465331
v -0.02785735 0.05491734 0.03433172
v -0.03063814 0.05492428 0.03285040
v -0.02111750 0.05510227 0.02481561
v -0.02968948 0.05803237 0.01885409
v 0.05776857 0.00846930 0.05759264
v 0.06354480 0.00846930 0.05741271
v 0.05776857 0.00846930 0.05945364
v 0.05776857 0.01695603 0.05687708
v 0.06354480 0.01695603 0.05625166
v 0.06354480 0.00846930 0.05910522
v 0.05793369 0.00846930 0.05949525
v 0.05776857 0.00943544 0.05973273
v 0.05776857 0.01695603 0.05862437
v 0.06354480 0.01695603 0.05800068
v 0.06282214 0.00943544 0.05947618
v 0.06282214 0.00846930 0.05932017
v 0.06354480 0.00943544 0.05925049
v 0.05821246 0.00846930 0.05956493
v 0.05821246 0.00943544 0.05978508
v 0.05776857 0.01097228 0.05967725
v 0.05794161 0.01695603 0.05863269
v 0.05776857 0.01661128 0.05879044
v 0.06282214 0.01695603 0.05814872
v 0.06282214 0.01514504 0.05879494
v 0.06354480 0.01489167 0.05872456
v 0.06128577 0.00943544 0.05968592
v 0.06354480 0.01020635 0.05922310
v 0.06354480 0.01097228 0.05919433
v 0.06282214 0.01097228 0.05941828
v 0.06128577 0.00846930 0.05952506
v 0.05974940 0.00846930 0.05962594
v 0.05974940 0.00943544 0.05979305
v 0.05821246 0.01250913 0.05960272
v 0.05776857 0.01250913 0.05958954
v 0.05821246 0.01663869 0.05879806
v 0.05821246 0.01695603 0.05864517
v 0.05776857 0.01633382 0.05887884
v 0.06262366 0.01695603 0.05818859
v 0.06125410 0.01566508 0.05887953
v 0.06128577 0.01404515 0.05929348
v 0.06282214 0.01404515 0.05903970
v 0.06072030 0.01641274 0.05872456
v 0.06354480 0.01477204 0.05875091
v 0.06128577 0.01097228 0.05961624
v 0.06354480 0.01180468 0.05913573
v 0.06354480 0.01250913 0.05907472
v 0.06282214 0.01250913 0.05928481
v 0.06128577 0.01250913 0.05952922
v 0.05974940 0.01250913 0.05958539
v 0.05821246 0.01404515 0.05947375
v 0.05776857 0.01360071 0.05949802
v 0.05821246 0.01558201 0.05911840
v 0.05974940 0.01654482 0.05876235
v 0.05893400 0.01695603 0.05862125
v 0.05776857 0.01558201 0.05910661
v 0.06121113 0.01695603 0.05841671
v 0.05974940 0.01558201 0.05902445
v 0.05974940 0.01404515 0.05940095
v 0.05974940 0.01695603 0.05858000
v 0.06354480 0.01359490 0.05893361
v 0.05776857 0.01404515 0.05946023
v 0.02132512 0.06322668 0.00998407
v 0.02132512 0.06422744 0.01039725
v 0.02205352 0.06422744 0.01043037
v 0.02205352 0.06322668 0.01002113
v 0.02205352 0.06249911 0.01017647
v 0.02205352 0.06168952 0.01037202
v 0.02132512 0.06168952 0.01035546
v 0.01978826 0.06322668 0.01020959
v 0.02008871 0.06422744 0.01053761
v 0.02205352 0.06422744 0.01281643
v 0.02205352 0.05694108 0.01252784
v 0.02132512 0.05694108 0.01264848
v 0.01981000 0.06159750 0.01065273
v 0.01825140 0.06206614 0.01082148
v 0.01735202 0.06234433 0.01098391
v 0.01825140 0.06322668 0.01063854
v 0.01737969 0.06407122 0.01100284
v 0.01816146 0.06422744 0.01088929
v 0.01827808 0.06422744 0.01086485
v 0.01978826 0.06422744 0.01058177
v 0.02205352 0.05854815 0.01495017
v 0.01429411 0.06422744 0.01803881
v 0.02205352 0.05694108 0.01491548
v 0.01983076 0.05694108 0.01326116
v 0.01730754 0.06322668 0.01096105
v 0.01689046 0.05694108 0.01496673
v 0.01565999 0.06213604 0.01233623
v 0.01547913 0.06322668 0.01219429
v 0.01654059 0.06322668 0.01142627
v 0.01569755 0.06422744 0.01223608
v 0.01725417 0.06422744 0.01122520
v 0.02205352 0.05793970 0.01499985
v 0.01686773 0.05873289 0.01803881
v 0.01227791 0.06422744 0.01803881
v 0.02205352 0.05714366 0.01502193
v 0.01704464 0.05694108 0.01803881
v 0.01519844 0.05694108 0.01627252
v 0.01514606 0.05694108 0.01631431
v 0.01416168 0.06213604 0.01385019
v 0.01471020 0.06322668 0.01291027
v 0.01559773 0.06422744 0.01230863
v 0.01705156 0.05695250 0.01803881
v 0.01227989 0.06422744 0.01797415
v 0.01195671 0.06322668 0.01803881
v 0.01410831 0.05694108 0.01803881
v 0.01510059 0.05694108 0.01636399
v 0.01280470 0.06234575 0.01554787
v 0.01403220 0.06322668 0.01367829
v 0.01503141 0.05694108 0.01645782
v 0.01420714 0.06422744 0.01372402
v 0.01196165 0.06322668 0.01797415
v 0.01258331 0.06422744 0.01643732
v 0.01244198 0.06160392 0.01803881
v 0.01245581 0.06159893 0.01795601
v 0.01262976 0.06206828 0.01643732
v 0.01413301 0.05694108 0.01797415
v 0.01237774 0.06322668 0.01643732
v 0.01276417 0.06322668 0.01547769
v 0.01326328 0.06322668 0.01470888
v 0.01279580 0.06413400 0.01553446
v 0.01414290 0.06422744 0.01379735
v 0.01273650 0.06422744 0.01584356
v 0.01293021 0.06422744 0.01544615
v -0.00521902 0.05348664 0.01951112
v -0.00523770 0.05348664 0.01841424
v -0.00529683 0.05358008 0.01841424
v -0.00529994 0.05361315 0.01951286
v -0.00534662 0.05358779 0.02104919
v -0.00530616 0.05348664 0.02104919
v -0.00806817 0.05348664 0.01841424
v -0.00550845 0.05379971 0.01841424
v -0.00604062 0.05438154 0.01951286
v -0.00599861 0.05435617 0.02104919
v -0.00606552 0.05419305 0.02258726
v -0.00550845 0.05348664 0.02258726
v -0.00541664 0.05348664 0.02200133
v -0.01863380 0.05413558 0.02565991
v -0.02029256 0.05443516 0.02553784
v -0.01986153 0.05462493 0.02462407
v -0.02088698 0.05479993 0.02494319
v -0.01402320 0.05539749 0.01841424
v -0.02111572 0.05348664 0.03437739
v -0.00612776 0.05434847 0.01841424
v -0.00680932 0.05494763 0.01951286
v -0.00676730 0.05498456 0.02104919
v -0.00683421 0.05495758 0.02258726
v -0.00698671 0.05485901 0.02412359
v -0.00709096 0.05478708 0.02493971
v -0.00577298 0.05348664 0.02363008
v -0.02111572 0.05458608 0.02588487
v -0.02111572 0.05487667 0.02509491
v -0.02111572 0.05510272 0.02481589
v -0.01595738 0.05615078 0.01841424
v -0.01554347 0.05592986 0.01841424
v -0.02111572 0.05348664 0.03622761
v -0.00689645 0.05489658 0.01841424
v -0.00787677 0.05527643 0.01841424
v -0.00787677 0.05535735 0.01951286
v -0.00787677 0.05541996 0.02104919
v -0.00787677 0.05539588 0.02258726
v -0.00787677 0.05527129 0.02412359
v -0.00784565 0.05504556 0.02553610
v -0.00837160 0.05494057 0.02719799
v -0.00858945 0.05481373 0.02804375
v -0.00731192 0.05454273 0.02596509
v -0.00679998 0.05402063 0.02553610
v -0.00696025 0.05351811 0.02672192
v -0.00695870 0.05348664 0.02672366
v -0.02111572 0.05566014 0.02427181
v -0.01941028 0.05630330 0.02180776
v -0.01648800 0.05670981 0.01841424
v -0.02062245 0.05348664 0.03620669
v -0.02111572 0.05406397 0.03604625
v -0.01134678 0.05645743 0.01841424
v -0.01127831 0.05648857 0.01951286
v -0.01130166 0.05649275 0.02104919
v -0.01137790 0.05644811 0.02258726
v -0.01154907 0.05636816 0.02412359
v -0.01168912 0.05631839 0.02507573
v -0.00941416 0.05557505 0.02565991
v -0.00941416 0.05537790 0.02719799
v -0.00947018 0.05502052 0.02862619
v -0.01002102 0.05487346 0.02971435
v -0.01046450 0.05452924 0.03073973
v -0.00899558 0.05437351 0.02906913
v -0.00852876 0.05348664 0.02935163
v -0.00835448 0.05391884 0.02862619
v -0.02111572 0.05654252 0.02350278
v -0.02090254 0.05638068 0.02338943
v -0.01653624 0.05676696 0.01841424
v -0.02017119 0.05348664 0.03618576
v -0.02017119 0.05391113 0.03605149
v -0.02111572 0.05469910 0.03566784
v -0.01248737 0.05669632 0.01841424
v -0.01287016 0.05676696 0.01841424
v -0.01303199 0.05676696 0.01951286
v -0.01248737 0.05660481 0.02258726
v -0.01248737 0.05653706 0.02412359
v -0.01237534 0.05643559 0.02561632
v -0.01277991 0.05640284 0.02719799
v -0.01178870 0.05623555 0.02609936
v -0.01306311 0.05634793 0.02829486
v -0.01094999 0.05557345 0.02873257
v -0.01248737 0.05570638 0.03026890
v -0.01096555 0.05510208 0.03024448
v -0.01148838 0.05489112 0.03125242
v -0.01205479 0.05451254 0.03227780
v -0.01099356 0.05400874 0.03175640
v -0.01001635 0.05350462 0.03123673
v -0.00950596 0.05393907 0.03016078
v -0.00879951 0.05348664 0.02971784
v -0.02111572 0.05676696 0.02340338
v -0.01953787 0.05676696 0.02166128
v -0.01892012 0.05348664 0.03603928
v -0.01863380 0.05371976 0.03593116
v -0.02017119 0.05467952 0.03556670
v -0.02106437 0.05475369 0.03562947
v -0.02111572 0.05479928 0.03557542
v -0.01414302 0.05676696 0.02104047
v -0.01555903 0.05660128 0.02873257
v -0.01402320 0.05653770 0.02719799
v -0.01394229 0.05644394 0.02877791
v -0.01440132 0.05637587 0.02997070
v -0.01337588 0.05623202 0.02931850
v -0.01394229 0.05616041 0.03039794
v -0.01486347 0.05628885 0.03099608
v -0.01402320 0.05571023 0.03180697
v -0.01253561 0.05511171 0.03178255
v -0.01307867 0.05485708 0.03268935
v -0.01253561 0.05400232 0.03302592
v -0.01152106 0.05348793 0.03273120
v -0.01001480 0.05348664 0.03123847
v -0.02111572 0.05676696 0.02646383
v -0.01863380 0.05348664 0.03600440
v -0.01743097 0.05348664 0.03578991
v -0.01863380 0.05448814 0.03541498
v -0.01863380 0.05524496 0.03464595
v -0.02017119 0.05535221 0.03479766
v -0.02111572 0.05529056 0.03494414
v -0.01557771 0.05676696 0.02234312
v -0.02111572 0.05666646 0.03026890
v -0.01709642 0.05656307 0.03026890
v -0.01545011 0.05644394 0.03039794
v -0.01583912 0.05676696 0.02256459
v -0.01588892 0.05634601 0.03123324
v -0.01545011 0.05611803 0.03177035
v -0.01551079 0.05527129 0.03344967
v -0.01402320 0.05507093 0.03298406
v -0.01496773 0.05469268 0.03403211
v -0.01388783 0.05411053 0.03380716
v -0.01431107 0.05366806 0.03438088
v -0.01299309 0.05348664 0.03366765
v -0.01152106 0.05348664 0.03273120
v -0.01735472 0.05348664 0.03577073
v -0.01695015 0.05399397 0.03527722
v -0.01599162 0.05487827 0.03423091
v -0.01709642 0.05504877 0.03442099
v -0.01709642 0.05567973 0.03334330
v -0.01871939 0.05602266 0.03320902
v -0.02017119 0.05612092 0.03347234
v -0.02111572 0.05556125 0.03447679
v -0.02111572 0.05634536 0.03273120
v -0.02017119 0.05633701 0.03270330
v -0.01928890 0.05631807 0.03260739
v -0.01655180 0.05348664 0.03551438
v -0.01608965 0.05348664 0.03534174
v -0.01424105 0.05348664 0.03440704
v -0.01349570 0.05348664 0.03398503
v -0.02111572 0.05611867 0.03350024
v -0.01297931 0.05676709 0.01915735
v -0.01728958 0.05698667 0.01915735
v -0.01710406 0.05676709 0.01915735
v -0.02292873 0.05676709 0.01368792
v -0.02292873 0.05696364 0.01382338
v -0.02222730 0.06569569 0.01855529
v -0.01754971 0.05803223 0.01915735
v -0.02222730 0.06725785 0.01855529
v -0.01514806 0.05803223 0.01915735
v -0.01402388 0.06622861 0.01855529
v -0.01460449 0.06641845 0.01855529
v -0.01556050 0.06667538 0.01855529
v -0.01556050 0.06652518 0.01643744
v -0.01402388 0.06622098 0.01797401
v -0.01312038 0.06568349 0.01797401
v -0.01316707 0.06562784 0.01671988
v -0.01265162 0.06476327 0.01797401
v -0.01311455 0.06568730 0.01855529
v -0.01264967 0.06476327 0.01855529
v -0.01229275 0.06322703 0.01797401
v -0.01230053 0.06322703 0.01855529
v -0.01262844 0.05676709 0.01797716
v -0.01501195 0.05676709 0.01285083
v -0.01311845 0.05676709 0.01500843
v -0.01264861 0.05676709 0.01643764
v -0.01239292 0.06322703 0.01643744
v -0.01287336 0.06491194 0.01629959
v -0.01326335 0.06552339 0.01569518
v -0.01387508 0.06596634 0.01629959
v -0.01556050 0.06634678 0.01490086
v -0.01764175 0.06708631 0.01846660
v -0.01709810 0.06640320 0.01336429
v -0.01552549 0.06592822 0.01336332
v -0.01428063 0.06584359 0.01490086
v -0.01461519 0.06566290 0.01387327
v -0.01601371 0.06572923 0.01223258
v -0.01498962 0.06529848 0.01284953
v -0.01351232 0.06521766 0.01490086
v -0.01319721 0.06409693 0.01404003
v -0.01303188 0.06444916 0.01490086
v -0.01275957 0.06322703 0.01490086
v -0.01292386 0.05676709 0.01548862
v -0.01315539 0.06228622 0.01395906
v -0.01313692 0.06322703 0.01393400
v -0.01368349 0.06322703 0.01316667
v -0.01445180 0.06322703 0.01220945
v -0.01352175 0.05676709 0.01435061
v -0.01424870 0.05676709 0.01358490
v -0.01451890 0.06210782 0.01229813
v -0.01513647 0.06322703 0.01144116
v -0.01590478 0.06322703 0.01066227
v -0.01602246 0.06212231 0.01078373
v -0.01696486 0.06322703 0.00989398
v -0.01776818 0.06407787 0.00947658
v -0.01773317 0.06322703 0.00945923
v -0.01863374 0.06322703 0.00921823
v -0.01778569 0.06239753 0.00948429
v -0.01595264 0.05676709 0.01228548
v -0.01705869 0.05676709 0.01176068
v -0.01798124 0.05676709 0.01138026
v -0.02292873 0.05676709 0.01115071
v -0.02017116 0.05676709 0.01098686
v -0.01927180 0.05676709 0.01110448
v -0.01863374 0.06221151 0.00936765
v -0.02017037 0.06198965 0.00921341
v -0.02068638 0.05676709 0.01094225
v -0.02170796 0.06193323 0.00912473
v -0.02170774 0.05676709 0.01087087
v -0.02222730 0.06196068 0.00913630
v -0.02170796 0.06322703 0.00870733
v -0.02017037 0.06322703 0.00888952
v -0.01863374 0.06424788 0.00937247
v -0.01863374 0.06501639 0.00993736
v -0.01755033 0.06566824 0.01088784
v -0.02017037 0.06527789 0.00974553
v -0.02017037 0.06450939 0.00919896
v -0.02170796 0.06543876 0.00961636
v -0.01863374 0.06579556 0.01070661
v -0.01863374 0.06626368 0.01182771
v -0.01706211 0.06591602 0.01176313
v -0.01652624 0.06538692 0.01120788
v -0.01714769 0.06473201 0.01033452
v -0.01607011 0.06436225 0.01080590
v -0.01461227 0.06427381 0.01237814
v -0.01552938 0.06483036 0.01179301
v -0.02017037 0.06637728 0.01182771
v -0.02017037 0.06711300 0.01665144
v -0.01915503 0.06708250 0.01692135
v -0.02017037 0.06718924 0.01797401
v -0.01863764 0.06714120 0.01855529
v -0.01761549 0.06708860 0.01855529
v -0.02017037 0.06721058 0.01855529
v -0.02170796 0.06725099 0.01855529
v -0.02170796 0.06722583 0.01797401
v -0.02170796 0.06712672 0.01659167
v -0.02222730 0.06722431 0.01797401
v -0.02292873 0.05803223 0.01192290
v -0.02222730 0.06712291 0.01660324
v -0.02222730 0.06644132 0.01182771
v -0.02170796 0.06644056 0.01182771
v -0.02170796 0.06595338 0.01038464
v -0.02017037 0.06589468 0.01051382
v -0.02222730 0.06595414 0.01039043
v -0.02222730 0.06561335 0.00988241
v -0.02222730 0.06542808 0.00962214
v -0.02222730 0.06491956 0.00928378
v -0.02222730 0.06465958 0.00912377
v -0.02170796 0.06467026 0.00910545
v -0.02222730 0.06370353 0.00886060
v -0.02222730 0.06322703 0.00873818
v -0.02292873 0.05803223 0.01389394
v -0.01594271 0.06675848 0.01855529
v -0.06399987 0.01361822 0.05505875
v -0.06399987 0.01250778 0.05515545
v -0.06399987 0.01361822 0.05352135
v -0.06474217 0.01361822 0.05501282
v -0.06399987 0.01097074 0.05517478
v -0.06474217 0.01250778 0.05509018
v -0.06399987 0.00522207 0.05154238
v -0.07329885 0.01361822 0.04694387
v -0.06516955 0.01361822 0.05494433
v -0.06627963 0.01250778 0.05484442
v -0.06399987 0.01017757 0.05514416
v -0.06474217 0.01097074 0.05509098
v -0.06627963 0.01097074 0.05486214
v -0.06399987 0.00522207 0.05343835
v -0.07115968 0.00522207 0.04694387
v -0.07517147 0.01361822 0.04694387
v -0.06627963 0.01361822 0.05473645
v -0.06776085 0.01250778 0.05438110
v -0.06399987 0.00943453 0.05509179
v -0.06474217 0.00943453 0.05503135
v -0.06627963 0.00943453 0.05483475
v -0.06776535 0.01097074 0.05439722
v -0.06774623 0.00943453 0.05438835
v -0.06399987 0.00670979 0.05434806
v -0.06482315 0.00522207 0.05338114
v -0.07392418 0.00522207 0.04694387
v -0.07531430 0.01263929 0.04694387
v -0.07483068 0.01223243 0.04811223
v -0.07508037 0.01361822 0.04713806
v -0.06669127 0.01361822 0.05460752
v -0.06759890 0.01361822 0.05431342
v -0.06852902 0.01250778 0.05403140
v -0.06399987 0.00864135 0.05495964
v -0.06474217 0.00789832 0.05477432
v -0.06742570 0.00789832 0.05424654
v -0.06627963 0.00789832 0.05455273
v -0.06853352 0.01097074 0.05402656
v -0.06851552 0.00943453 0.05400642
v -0.06819386 0.00789832 0.05391134
v -0.06399987 0.00730734 0.05458657
v -0.06474217 0.00675417 0.05432309
v -0.06627963 0.00697527 0.05419013
v -0.06707366 0.00711665 0.05410150
v -0.06627963 0.00522207 0.05292911
v -0.07384095 0.00522207 0.04711792
v -0.07450677 0.00608018 0.04694387
v -0.07536041 0.01220941 0.04694387
v -0.07442130 0.01097074 0.04897360
v -0.07357215 0.01250778 0.04997114
v -0.07441117 0.01264997 0.04866015
v -0.07467660 0.01361822 0.04788581
v -0.07548863 0.01097074 0.04694387
v -0.07537841 0.01097074 0.04717673
v -0.07488242 0.01097074 0.04820489
v -0.06781259 0.01361822 0.05421592
v -0.06836706 0.01361822 0.05395727
v -0.06935342 0.01361822 0.05338276
v -0.06935342 0.01250778 0.05353908
v -0.07051073 0.00943453 0.05284853
v -0.06399987 0.00789832 0.05481944
v -0.06935342 0.00943453 0.05353101
v -0.06935342 0.00789832 0.05331346
v -0.07012721 0.00712158 0.05256087
v -0.06657317 0.00522207 0.05280422
v -0.06935342 0.00683718 0.05279455
v -0.06770012 0.00641964 0.05327801
v -0.07346193 0.00522207 0.04790837
v -0.07339895 0.00536919 0.04823390
v -0.07443367 0.00625772 0.04723395
v -0.07473508 0.00652896 0.04694387
v -0.07484305 0.00943453 0.04813963
v -0.07437743 0.00943453 0.04890752
v -0.07365313 0.01097074 0.05006058
v -0.07346305 0.01361822 0.04982851
v -0.07301093 0.01097074 0.05082928
v -0.07292883 0.01250778 0.05073984
v -0.07418511 0.01361822 0.04869722
v -0.07372399 0.01361822 0.04943288
v -0.07548413 0.01070525 0.04694387
v -0.07544589 0.00943453 0.04694387
v -0.07533117 0.00943453 0.04717673
v -0.07037577 0.01361822 0.05275023
v -0.07049498 0.01250778 0.05283161
v -0.07052198 0.01097074 0.05283322
v -0.07129127 0.01097074 0.05228852
v -0.07128002 0.00943453 0.05224340
v -0.07032853 0.00789832 0.05272606
v -0.07175014 0.00699746 0.05109760
v -0.07130589 0.00597332 0.05075998
v -0.07028129 0.00547851 0.05113466
v -0.06832658 0.00572263 0.05243356
v -0.06934217 0.00522207 0.05140943
v -0.06935342 0.00606867 0.05216685
v -0.07312677 0.00522207 0.04836605
v -0.07205943 0.00522207 0.04951346
v -0.07195934 0.00532810 0.04973585
v -0.07298394 0.00591990 0.04925803
v -0.07359802 0.00640402 0.04873348
v -0.07486780 0.00683801 0.04694387
v -0.07477895 0.00848600 0.04802521
v -0.07343494 0.00789832 0.04977211
v -0.07360927 0.00943453 0.04998725
v -0.07279274 0.01361822 0.05059722
v -0.07293220 0.00943453 0.05075515
v -0.07216403 0.00943453 0.05147470
v -0.07224164 0.01097074 0.05151982
v -0.07216066 0.01250778 0.05146422
v -0.07202457 0.01361822 0.05134980
v -0.07223826 0.01361822 0.05114756
v -0.07519958 0.00795256 0.04694387
v -0.07506687 0.00794352 0.04723395
v -0.07058946 0.01361822 0.05258343
v -0.07126315 0.01250778 0.05223212
v -0.07109670 0.00789832 0.05205646
v -0.07194247 0.00789832 0.05128776
v -0.07271063 0.00789832 0.05054082
v -0.07327748 0.00694486 0.04958356
v -0.07047587 0.00522207 0.05069552
v -0.06937254 0.00522207 0.05139251
v -0.07165904 0.00522207 0.04983174
v -0.07460349 0.00746186 0.04778429
v -0.07498027 0.00718487 0.04694387
v -0.07423235 0.00794352 0.04860778
v -0.07114506 0.01361822 0.05211770
v -0.07139362 0.01361822 0.05190417
v 0.05776857 0.00006261 0.05288068
v 0.05776857 0.00020744 0.05177434
v 0.05974940 0.00010129 0.05332488
v 0.05821246 0.00010540 0.05332488
v 0.05776857 0.00022390 0.05334901
v 0.05776857 0.00031936 0.05144826
v 0.06354480 0.00083696 0.05245728
v 0.06282214 0.00049052 0.05332488
v 0.06128577 0.00050204 0.05486128
v 0.05974940 0.00049710 0.05486128
v 0.05827693 0.00069377 0.05492284
v 0.05776857 0.00073492 0.05472569
v 0.05776857 0.00049710 0.05112800
v 0.06354480 0.00128708 0.05245728
v 0.06354480 0.00060737 0.05332488
v 0.06354480 0.00065757 0.05381234
v 0.06354480 0.00078429 0.05462421
v 0.06271809 0.00072093 0.05488957
v 0.06213566 0.00096368 0.05565485
v 0.05974940 0.00095216 0.05566899
v 0.05883221 0.00094723 0.05567315
v 0.05776857 0.00123277 0.05542111
v 0.05776857 0.00112415 0.05112800
v 0.06354480 0.00846930 0.05741253
v 0.06354480 0.00116941 0.05532794
v 0.06316029 0.00111016 0.05542028
v 0.06354480 0.00141627 0.05560328
v 0.06354480 0.00187051 0.05603500
v 0.06271809 0.00167384 0.05607826
v 0.06128577 0.00175037 0.05631284
v 0.05780759 0.00125745 0.05547518
v 0.05974940 0.00175037 0.05628123
v 0.05974940 0.00289666 0.05701075
v 0.05776857 0.00695352 0.05883330
v 0.05776857 0.00127309 0.05545438
v 0.05776857 0.00846930 0.05759220
v 0.06354480 0.00846930 0.05910531
v 0.06354480 0.00702347 0.05877258
v 0.06282214 0.00695188 0.05883247
v 0.06128577 0.00682927 0.05891981
v 0.05974940 0.00674698 0.05897055
v 0.05821246 0.00789739 0.05943472
v 0.05821246 0.00686877 0.05889319
v 0.05776857 0.00748594 0.05911280
v 0.05776857 0.00846930 0.05945385
v 0.06282214 0.00846930 0.05931992
v 0.06354480 0.00789739 0.05904375
v 0.06282214 0.00789739 0.05922759
v 0.06128577 0.00789739 0.05942973
v 0.05974940 0.00789739 0.05952705
v 0.05776857 0.00789492 0.05932242
v 0.05821246 0.00846930 0.05956448
v 0.06128577 0.00846930 0.05952456
v 0.05974940 0.00846930 0.05962604
v -0.07556844 0.00522207 0.03583423
v -0.07347199 0.00522207 0.03583423
v -0.07563862 0.00522207 0.03701631
v -0.07651350 0.00669499 0.03641820
v -0.07574072 0.00550810 0.03583423
v -0.07690202 0.01361822 0.03583423
v -0.07329971 0.01361822 0.04694387
v -0.07116072 0.00522207 0.04694387
v -0.07566769 0.00522207 0.03856053
v -0.07609946 0.00583441 0.03949249
v -0.07607323 0.00584674 0.03795589
v -0.07788608 0.00997701 0.03583423
v -0.07648373 0.00675335 0.03583423
v -0.07653194 0.00661526 0.03795589
v -0.07840293 0.01361822 0.03583423
v -0.07517141 0.01361822 0.04694387
v -0.07392502 0.00522207 0.04694387
v -0.07564075 0.00522207 0.04008190
v -0.07609875 0.00586072 0.04102909
v -0.07651704 0.00660293 0.03949249
v -0.07788750 0.00996386 0.03641820
v -0.07812784 0.01097074 0.03583423
v -0.07835259 0.01250778 0.03583423
v -0.07830580 0.01250778 0.03641820
v -0.07835401 0.01361822 0.03641820
v -0.07518984 0.01349246 0.04694387
v -0.07532667 0.01361822 0.04661328
v -0.07631924 0.01215023 0.04499729
v -0.07467229 0.00567660 0.04628812
v -0.07445676 0.00522207 0.04597275
v -0.07450781 0.00608018 0.04694387
v -0.07561310 0.00522207 0.04096928
v -0.07649720 0.00662924 0.04102909
v -0.07538764 0.00522207 0.04259179
v -0.07604274 0.00632100 0.04270707
v -0.07641425 0.00680677 0.04228948
v -0.07810728 0.01097074 0.03641820
v -0.07695520 0.00789832 0.04102909
v -0.07784709 0.01005921 0.03795589
v -0.07799597 0.01097074 0.03795589
v -0.07786907 0.01097074 0.03909883
v -0.07812926 0.01250778 0.03795589
v -0.07813777 0.01361822 0.03795589
v -0.07531462 0.01263929 0.04694387
v -0.07617106 0.01361822 0.04476457
v -0.07622211 0.01317519 0.04483634
v -0.07650854 0.01361822 0.04401856
v -0.07653974 0.01260066 0.04423606
v -0.07669500 0.01097074 0.04410230
v -0.07636249 0.01097074 0.04510277
v -0.07548832 0.01097074 0.04694387
v -0.07536071 0.01220941 0.04694387
v -0.07492610 0.00670156 0.04675900
v -0.07512390 0.00625772 0.04572155
v -0.07486159 0.00539221 0.04526372
v -0.07467796 0.00522207 0.04540944
v -0.07473539 0.00652896 0.04694387
v -0.07506152 0.00522207 0.04410230
v -0.07499487 0.00522207 0.04436981
v -0.07624409 0.00714624 0.04331388
v -0.07641708 0.00822627 0.04410230
v -0.07662907 0.00775447 0.04270707
v -0.07782085 0.01014880 0.03883566
v -0.07791302 0.01250778 0.03928805
v -0.07700128 0.00943453 0.04256569
v -0.07790522 0.01361822 0.03919887
v -0.07696299 0.01361822 0.04256569
v -0.07663828 0.00943453 0.04410230
v -0.07634760 0.00943453 0.04506471
v -0.07598886 0.00943453 0.04583247
v -0.07548407 0.01070525 0.04694387
v -0.07486868 0.00683801 0.04694387
v -0.07498069 0.00718487 0.04694387
v -0.07630010 0.00857477 0.04494509
v -0.07544578 0.00943453 0.04694387
v -0.07519977 0.00795256 0.04694387
v -0.03154133 0.06525128 0.01937554
v -0.02222730 0.06585650 0.01937554
v -0.02222730 0.06729398 0.01937554
v -0.02171516 0.05861625 0.01356587
v -0.02171516 0.05946991 0.01321874
v -0.02171516 0.05803237 0.01352788
v -0.02789992 0.05676709 0.01915735
v -0.02823203 0.05946991 0.01937554
v -0.02993968 0.05946991 0.01937554
v -0.03192584 0.06316870 0.01937554
v -0.03174467 0.06239473 0.01937554
v -0.03037641 0.05676709 0.01915735
v -0.03185453 0.06279744 0.01937554
v -0.03178707 0.06232186 0.01911002
v -0.03207136 0.06322700 0.01797401
v -0.03190560 0.06436916 0.01937554
v -0.03189308 0.06448345 0.01937554
v -0.03193066 0.06450953 0.01797401
v -0.03184007 0.06429552 0.01671202
v -0.03187862 0.06322700 0.01659123
v -0.03179671 0.06229271 0.01687966
v -0.03162517 0.06322700 0.01582279
v -0.03124452 0.06322700 0.01490024
v -0.03037623 0.06220143 0.01380693
v -0.02922820 0.05676709 0.01601770
v -0.02815581 0.05676709 0.01460305
v -0.03004473 0.06322700 0.01273861
v -0.03054777 0.06322700 0.01350705
v -0.03046200 0.06445200 0.01362367
v -0.02927667 0.06322700 0.01188895
v -0.02898467 0.06216538 0.01214926
v -0.02855872 0.06322700 0.01112050
v -0.02904442 0.06476343 0.01219091
v -0.02984621 0.06488386 0.01321238
v -0.03010062 0.06547680 0.01422551
v -0.03075689 0.06488386 0.01480237
v -0.03141220 0.06479027 0.01629448
v -0.03035600 0.06570462 0.01525010
v -0.02950988 0.06599380 0.01480237
v -0.02900202 0.06575217 0.01336440
v -0.02785523 0.06619631 0.01336440
v -0.02785523 0.06653995 0.01490024
v -0.02939231 0.06639037 0.01643713
v -0.02719029 0.06708610 0.01697233
v -0.02928630 0.06679002 0.01937554
v -0.03075785 0.06602679 0.01797401
v -0.03058439 0.06588564 0.01643713
v -0.03152688 0.06527813 0.01797401
v -0.03077327 0.06607127 0.01937554
v -0.02784848 0.06713596 0.01937554
v -0.02851825 0.06698869 0.01937554
v -0.02741675 0.06711602 0.01797401
v -0.02631912 0.06724489 0.01937554
v -0.02478204 0.06728784 0.01937554
v -0.02631912 0.06717662 0.01797401
v -0.02566766 0.06707460 0.01561871
v -0.02310908 0.06730625 0.01937554
v -0.02222730 0.06725562 0.01849360
v -0.02222730 0.06722417 0.01797401
v -0.02171516 0.05946991 0.01124394
v -0.02171516 0.05803448 0.01163279
v -0.02222730 0.06322700 0.00873812
v -0.02222730 0.06370334 0.00886099
v -0.02222730 0.06465987 0.00912443
v -0.02324592 0.06463840 0.00915983
v -0.02324592 0.06322700 0.00879852
v -0.02478204 0.06442362 0.00928166
v -0.02324592 0.06540623 0.00963360
v -0.02478204 0.06519222 0.00982102
v -0.02478204 0.06585343 0.01058947
v -0.02597123 0.06568928 0.01083833
v -0.02641837 0.06597463 0.01170985
v -0.02785523 0.06574604 0.01222319
v -0.02699562 0.06547833 0.01111842
v -0.02642801 0.06482863 0.01023336
v -0.02586040 0.06417969 0.00940661
v -0.02478204 0.06322700 0.00904321
v -0.02592015 0.06230805 0.00939932
v -0.02478204 0.06216001 0.00928374
v -0.02324592 0.06201580 0.00916087
v -0.02222730 0.06196057 0.00913692
v -0.02292946 0.05676709 0.01115069
v -0.02292946 0.05676709 0.01368764
v -0.02794293 0.05676709 0.01440398
v -0.02626983 0.05676709 0.01307711
v -0.02340332 0.05676709 0.01124944
v -0.02752854 0.06216921 0.01063424
v -0.02682891 0.06322700 0.00966692
v -0.02606085 0.06322700 0.00934309
v -0.02758347 0.06445353 0.01065298
v -0.02779066 0.06322700 0.01043536
v -0.02867533 0.06556118 0.01255222
v -0.02478204 0.06633975 0.01182751
v -0.02631912 0.06647935 0.01336440
v -0.02669206 0.06696644 0.01594774
v -0.02623527 0.06709684 0.01645171
v -0.02324592 0.06644177 0.01182751
v -0.02324592 0.06595621 0.01040204
v -0.02222730 0.06542847 0.00962214
v -0.02222730 0.06561334 0.00988246
v -0.02222730 0.06595391 0.01039059
v -0.02222730 0.06644100 0.01182751
v -0.02222730 0.06712292 0.01660373
v -0.02532266 0.06707460 0.01561871
v -0.02222730 0.06491914 0.00928374
v -0.03008917 0.05676709 0.01806796
v -0.02983474 0.05676709 0.01742294
v -0.03183911 0.06223211 0.01797401
v -0.03084073 0.06600531 0.01937554
v -0.03190670 0.06434791 0.01937554
v -0.03182806 0.06434791 0.02023127
v -0.03188964 0.06448095 0.01951231
v -0.03190575 0.06436989 0.01937554
v -0.02994163 0.06434791 0.01937554
v -0.03176363 0.06434791 0.02061189
v -0.03154287 0.06524957 0.01951231
v -0.03189343 0.06448358 0.01937554
v -0.02961571 0.06434791 0.01965268
v -0.02222825 0.06585644 0.01937554
v -0.03172763 0.06434791 0.02080085
v -0.03146233 0.06476694 0.02116078
v -0.03045706 0.06584765 0.02258610
v -0.03067687 0.06603841 0.02104920
v -0.03077446 0.06607621 0.01951231
v -0.03084079 0.06600559 0.01937554
v -0.03154097 0.06525221 0.01937554
v -0.02222825 0.06434791 0.02676666
v -0.02222825 0.06729405 0.01937554
v -0.03102744 0.06434791 0.02258610
v -0.03100660 0.06476401 0.02258610
v -0.03025904 0.06564311 0.02350301
v -0.02930020 0.06666374 0.02256630
v -0.02951243 0.06680703 0.02104920
v -0.03077257 0.06607182 0.01937554
v -0.02222825 0.06434791 0.02856810
v -0.02222825 0.06729991 0.01951231
v -0.02310940 0.06730607 0.01937554
v -0.02324583 0.06731398 0.01951231
v -0.03061529 0.06434791 0.02343193
v -0.03044095 0.06476401 0.02374686
v -0.02987342 0.06476401 0.02451441
v -0.02887383 0.06577937 0.02516228
v -0.02938831 0.06601116 0.02405730
v -0.02837167 0.06699751 0.02306570
v -0.02872697 0.06710886 0.02204080
v -0.02874403 0.06710944 0.02104920
v -0.02868150 0.06708307 0.02009359
v -0.02927367 0.06681729 0.01955370
v -0.02928693 0.06679004 0.01937554
v -0.02222825 0.06476401 0.02852581
v -0.02324583 0.06434791 0.02854650
v -0.02222825 0.06730929 0.02003151
v -0.02315488 0.06730607 0.01937554
v -0.02324583 0.06734094 0.02104920
v -0.02324583 0.06730548 0.01937554
v -0.02464620 0.06728995 0.01937554
v -0.02478264 0.06729669 0.01951231
v -0.02478264 0.06732394 0.02104920
v -0.03045138 0.06434791 0.02375856
v -0.03003733 0.06434791 0.02431735
v -0.02987910 0.06434791 0.02452611
v -0.02911070 0.06434791 0.02545112
v -0.02910502 0.06476401 0.02543673
v -0.02823903 0.06476401 0.02620517
v -0.02633650 0.06478101 0.02749641
v -0.02714280 0.06555930 0.02645802
v -0.02773497 0.06594845 0.02566798
v -0.02785719 0.06681143 0.02410409
v -0.02734650 0.06712146 0.02358040
v -0.02785719 0.06715721 0.02256630
v -0.02785530 0.06719237 0.02104920
v -0.02790362 0.06713845 0.01955370
v -0.02784867 0.06713582 0.01937554
v -0.02851853 0.06698901 0.01937554
v -0.02222825 0.06567622 0.02810559
v -0.02324583 0.06567652 0.02810469
v -0.02324583 0.06476401 0.02850421
v -0.02366178 0.06434791 0.02847632
v -0.02222825 0.06732629 0.02104920
v -0.02478264 0.06731720 0.02258610
v -0.02324583 0.06733156 0.02258610
v -0.02478264 0.06728819 0.01937554
v -0.02631944 0.06724482 0.01937554
v -0.02631944 0.06725127 0.01951231
v -0.02631944 0.06727061 0.02104920
v -0.02830250 0.06434791 0.02621957
v -0.02590255 0.06434791 0.02801561
v -0.02579265 0.06434791 0.02807770
v -0.02519479 0.06530437 0.02780595
v -0.02631944 0.06576560 0.02671537
v -0.02472200 0.06596662 0.02725436
v -0.02631944 0.06641877 0.02565898
v -0.02631944 0.06695414 0.02460799
v -0.02438565 0.06711442 0.02505520
v -0.02631944 0.06716688 0.02384045
v -0.02631944 0.06726270 0.02258610
v -0.02222825 0.06620749 0.02719587
v -0.02324583 0.06622917 0.02719587
v -0.02416962 0.06559476 0.02802101
v -0.02472200 0.06478101 0.02822527
v -0.02568463 0.06434791 0.02811459
v -0.02222825 0.06732306 0.02156840
v -0.02324583 0.06727296 0.02412209
v -0.02222825 0.06731456 0.02258610
v -0.02485180 0.06681465 0.02560409
v -0.02485180 0.06719852 0.02422197
v -0.02324583 0.06685363 0.02592803
v -0.02324583 0.06714285 0.02515958
v -0.02222825 0.06683224 0.02587314
v -0.02222825 0.06712849 0.02510469
v -0.02222825 0.06724629 0.02412209
v -0.02222825 0.06729464 0.02310529
v -0.02222825 0.06703091 0.02536384
v -0.00806728 0.05348664 0.01841505
v -0.00587915 0.05121247 0.01841505
v -0.00962514 0.04684866 0.02671172
v -0.00963939 0.04785774 0.02671172
v -0.00954368 0.05348664 0.02671172
v -0.00523667 0.05348664 0.01841505
v -0.00563682 0.05098505 0.01841505
v -0.00900607 0.04684866 0.02612450
v -0.00681692 0.04684866 0.02671172
v -0.00695642 0.05348664 0.02671172
v -0.00521834 0.05348664 0.01951071
v 0.00076057 0.05179206 0.01841505
v -0.00490168 0.05050423 0.01841505
v -0.00582723 0.04684866 0.02363428
v -0.00686885 0.05246846 0.02671172
v 0.00076057 0.04684866 0.02543006
v -0.00577122 0.05348664 0.02362940
v 0.00076057 0.04735743 0.02511412
v 0.00076057 0.04783370 0.02468365
v 0.00076057 0.04812545 0.02438719
v 0.00076057 0.04858093 0.02391043
v 0.00076057 0.04884993 0.02361885
v 0.00076057 0.04937429 0.02286350
v 0.00076057 0.05056011 0.02107664
v 0.00076057 0.05137946 0.01942949
v 0.00076057 0.05166731 0.01872531
v -0.00530590 0.05348664 0.02104903
v 0.00076057 0.04998572 0.01841505
v -0.00541485 0.05348664 0.02200012
v -0.00550649 0.05348664 0.02258491
v -0.00428159 0.05017870 0.01841505
v -0.00541180 0.04684866 0.02343366
v 0.00076057 0.04684866 0.02323142
v -0.00018229 0.04684866 0.02310634
v -0.00019145 0.04684866 0.02310553
v -0.00019145 0.04994348 0.01841505
v -0.00366048 0.05005004 0.01841505
v -0.00480189 0.04684866 0.02327528
v -0.00172894 0.04684866 0.02300482
v -0.00172894 0.04991165 0.01841505
v -0.00326542 0.04998117 0.01841505
v -0.00326542 0.04684866 0.02303974
v -0.00317174 0.04997597 0.01841505
v -0.03280293 0.05339333 0.02987073
v -0.03534889 0.05339333 0.02987073
v -0.03392887 0.04684866 0.02987073
v -0.03642744 0.05339333 0.01932857
v -0.04048668 0.04684866 0.02892745
v -0.03568133 0.05246826 0.02987073
v -0.03656959 0.05339333 0.02834436
v -0.03656959 0.04684866 0.02987073
v -0.03401009 0.04684866 0.02976856
v -0.03705396 0.05267583 0.01932857
v -0.03931562 0.05339333 0.01932857
v -0.04048668 0.04724521 0.02851052
v -0.04048668 0.04684866 0.02612550
v -0.03765341 0.05339333 0.02655998
v -0.03784821 0.05324086 0.02643201
v -0.03472913 0.04684866 0.02892436
v -0.03867781 0.05105696 0.01932857
v -0.03954050 0.05324919 0.01932857
v -0.03932614 0.05339333 0.01951227
v -0.04048668 0.04795631 0.02756724
v -0.04018658 0.04684866 0.02609764
v -0.04048668 0.05038045 0.01932857
v -0.03796028 0.05339333 0.02591806
v -0.04048668 0.04859566 0.02669724
v -0.04048668 0.05040672 0.02401707
v -0.04048668 0.04916774 0.02585305
v -0.03601377 0.04684866 0.02760130
v -0.03881921 0.05093588 0.01932857
v -0.04048668 0.05245417 0.01932857
v -0.03923664 0.05339333 0.02059899
v -0.04015123 0.04684866 0.02609764
v -0.04015123 0.05039134 0.01932857
v -0.03807084 0.05339333 0.02554137
v -0.04048668 0.05206274 0.02058042
v -0.04048668 0.05107938 0.02286429
v -0.03618977 0.04684866 0.02745062
v -0.04012115 0.05039583 0.01932857
v -0.03713068 0.04684866 0.02680561
v -0.04048668 0.05237857 0.01964953
v -0.03904334 0.05339333 0.02184981
v -0.03861388 0.04684866 0.02628856
v -0.03933442 0.05316719 0.02148757
v -0.03758647 0.04684866 0.02660952
f 1 2 5
f 1 5 10
f 1 10 19
f 1 19 34
f 1 34 45
f 1 45 31
f 1 31 15
f 1 15 7
f 1 7 3
f 1 3 8
f 1 8 17
f 1 17 33
f 1 33 48
f 1 48 38
f 1 38 24
f 1 24 12
f 1 12 6
f 1 6 4
f 1 4 2
f 2 4 6
f 2 6 5
f 3 7 8
f 5 9 10
f 5 6 11
f 5 11 9
f 6 12 13
f 6 13 14
f 6 14 11
f 7 15 8
f 8 15 16
f 8 16 17
f 9 11 18
f 9 18 23
f 9 23 22
f 9 22 21
f 9 21 37
f 9 37 36
f 9 36 30
f 9 30 29
f 9 29 28
f 9 28 43
f 9 43 53
f 9 53 55
f 9 55 50
f 9 50 35
f 9 35 19
f 9 19 10
f 11 14 20
f 11 20 21
f 11 21 22
f 11 22 23
f 11 23 18
f 12 24 25
f 12 25 26
f 12 26 27
f 12 27 28
f 12 28 13
f 13 28 29
f 13 29 30
f 13 30 14
f 14 30 20
f 15 31 16
f 16 32 47
f 16 47 54
f 16 54 56
f 16 56 52
f 16 52 43
f 16 43 28
f 16 28 42
f 16 42 49
f 16 49 33
f 16 33 17
f 16 31 32
f 19 35 34
f 20 30 36
f 20 36 37
f 20 37 21
f 24 38 39
f 24 39 40
f 24 40 41
f 24 41 25
f 25 41 28
f 25 28 27
f 25 27 26
f 28 41 44
f 28 44 42
f 31 45 46
f 31 46 47
f 31 47 32
f 33 49 48
f 34 46 45
f 34 35 50
f 34 50 46
f 38 48 49
f 38 49 39
f 39 49 51
f 39 51 40
f 40 51 41
f 41 51 44
f 42 44 51
f 42 51 49
f 43 52 53
f 46 50 47
f 47 50 55
f 47 55 54
f 52 56 55
f 52 55 53
f 54 55 56
f 57 58 78
f 57 78 108
f 57 108 107
f 57 107 106
f 57 106 99
f 57 99 98
f 57 98 97
f 57 97 96
f 57 96 95
f 57 95 94
f 57 94 93
f 57 93 92
f 57 92 91
f 57 91 90
f 57 90 89
f 57 89 88
f 57 88 87
f 57 87 86
f 57 86 85
f 57 85 84
f 57 84 83
f 57 83 82
f 57 82 81
f 57 81 79
f 57 79 59
f 57 59 60
f 57 60 80
f 57 80 109
f 57 109 116
f 57 116 115
f 57 115 114
f 57 114 118
f 57 118 112
f 57 112 104
f 57 104 61
f 57 61 58
f 58 61 62
f 58 62 63
f 58 63 64
f 58 64 65
f 58 65 66
f 58 66 67
f 58 67 68
f 58 68 69
f 58 69 70
f 58 70 71
f 58 71 72
f 58 72 73
f 58 73 74
f 58 74 75
f 58 75 76
f 58 76 77
f 58 77 78
f 59 79 60
f 60 79 81
f 60 81 82
f 60 82 83
f 60 83 84
f 60 84 85
f 60 85 86
f 60 86 87
f 60 87 88
f 60 88 89
f 60 89 90
f 60 90 91
f 60 91 92
f 60 92 93
f 60 93 94
f 60 94 95
f 60 95 96
f 60 96 97
f 60 97 98
f 60 98 99
f 60 99 100
f 60 100 101
f 60 101 102
f 60 102 103
f 60 103 80
f 61 104 113
f 61 113 105
f 61 105 77
f 61 77 76
f 61 76 75
f 61 75 74
f 61 74 73
f 61 73 72
f 61 72 71
f 61 71 70
f 61 70 69
f 61 69 68
f 61 68 67
f 61 67 66
f 61 66 65
f 61 65 64
f 61 64 63
f 61 63 62
f 77 105 117
f 77 117 120
f 77 120 119
f 77 119 111
f 77 111 110
f 77 110 103
f 77 103 102
f 77 102 101
f 77 101 100
f 77 100 99
f 77 99 106
f 77 106 107
f 77 107 108
f 77 108 78
f 80 103 110
f 80 110 111
f 80 111 109
f 104 112 113
f 105 114 115
f 105 115 116
f 105 116 109
f 105 109 117
f 105 113 112
f 105 112 118
f 105 118 114
f 109 111 119
f 109 119 120
f 109 120 117
f 121 122 126
f 121 126 138
f 121 138 148
f 121 148 160
f 121 160 170
f 121 170 176
f 121 176 163
f 121 163 150
f 121 150 140
f 121 140 127
f 121 127 123
f 121 123 128
f 121 128 144
f 121 144 154
f 121 154 145
f 121 145 136
f 121 136 135
f 121 135 134
f 121 134 133
f 121 133 132
f 121 132 131
f 121 131 130
f 121 130 129
f 121 129 124
f 121 124 125
f 121 125 122
f 122 125 137
f 122 137 147
f 122 147 158
f 122 158 169
f 122 169 179
f 122 179 182
f 122 182 189
f 122 189 183
f 122 183 172
f 122 172 161
f 122 161 149
f 122 149 139
f 122 139 126
f 123 127 128
f 124 129 125
f 125 129 130
f 125 130 131
f 125 131 132
f 125 132 133
f 125 133 134
f 125 134 135
f 125 135 136
f 125 136 145
f 125 145 156
f 125 156 167
f 125 167 178
f 125 178 187
f 125 187 188
f 125 188 180
f 125 180 168
f 125 168 157
f 125 157 146
f 125 146 137
f 126 139 138
f 127 140 141
f 127 141 128
f 128 141 142
f 128 142 143
f 128 143 144
f 137 146 147
f 138 139 148
f 139 149 148
f 140 150 151
f 140 151 152
f 140 152 142
f 140 142 141
f 142 152 144
f 142 144 153
f 142 153 143
f 143 153 144
f 144 152 154
f 145 154 155
f 145 155 156
f 146 157 158
f 146 158 147
f 148 159 160
f 148 149 161
f 148 161 162
f 148 162 159
f 150 163 151
f 151 163 152
f 152 163 164
f 152 164 165
f 152 165 155
f 152 155 154
f 155 166 156
f 155 165 164
f 155 164 166
f 156 166 167
f 157 168 158
f 158 168 169
f 159 162 160
f 160 162 171
f 160 171 170
f 161 172 162
f 162 173 171
f 162 172 174
f 162 174 175
f 162 175 166
f 162 166 173
f 163 176 164
f 164 176 170
f 164 170 171
f 164 171 166
f 166 175 177
f 166 177 167
f 166 171 173
f 167 177 178
f 168 179 169
f 168 180 181
f 168 181 182
f 168 182 179
f 172 183 174
f 174 184 185
f 174 185 175
f 174 183 184
f 175 185 177
f 177 186 187
f 177 187 178
f 177 185 186
f 180 188 181
f 181 184 182
f 181 188 184
f 182 184 189
f 183 189 184
f 184 188 190
f 184 190 185
f 185 190 186
f 186 190 188
f 186 188 187
f 191 192 199
f 191 199 205
f 191 205 217
f 191 217 238
f 191 238 258
f 191 258 241
f 191 241 224
f 191 224 211
f 191 211 209
f 191 209 201
f 191 201 193
f 191 193 194
f 191 194 195
f 191 195 196
f 191 196 197
f 191 197 203
f 191 203 216
f 191 216 222
f 191 222 207
f 191 207 206
f 191 206 204
f 191 204 198
f 191 198 192
f 192 198 199
f 193 200 194
f 193 201 202
f 193 202 200
f 194 200 208
f 194 208 210
f 194 210 223
f 194 223 232
f 194 232 254
f 194 254 253
f 194 253 252
f 194 252 251
f 194 251 250
f 194 250 249
f 194 249 247
f 194 247 246
f 194 246 262
f 194 262 263
f 194 263 259
f 194 259 255
f 194 255 235
f 194 235 234
f 194 234 215
f 194 215 203
f 194 203 197
f 194 197 196
f 194 196 195
f 198 204 199
f 199 204 206
f 199 206 207
f 199 207 205
f 200 202 208
f 201 209 202
f 202 210 208
f 202 209 211
f 202 211 212
f 202 212 213
f 202 213 214
f 202 214 210
f 203 215 216
f 205 207 218
f 205 218 219
f 205 219 220
f 205 220 221
f 205 221 217
f 207 222 219
f 207 219 218
f 210 214 223
f 211 224 212
f 212 225 213
f 212 224 226
f 212 226 225
f 213 225 214
f 214 227 228
f 214 228 229
f 214 229 230
f 214 230 231
f 214 231 232
f 214 232 223
f 214 225 233
f 214 233 227
f 215 234 216
f 216 234 235
f 216 235 222
f 217 221 236
f 217 236 237
f 217 237 238
f 219 222 220
f 220 239 240
f 220 240 237
f 220 237 221
f 220 222 239
f 221 237 236
f 222 235 239
f 224 241 242
f 224 242 243
f 224 243 244
f 224 244 226
f 225 226 233
f 226 244 243
f 226 243 242
f 226 242 241
f 226 241 258
f 226 258 257
f 226 257 256
f 226 256 263
f 226 263 262
f 226 262 261
f 226 261 260
f 226 260 245
f 226 245 246
f 226 246 247
f 226 247 233
f 227 248 228
f 227 233 247
f 227 247 248
f 228 248 249
f 228 249 250
f 228 250 251
f 228 251 252
f 228 252 230
f 228 230 229
f 230 252 253
f 230 253 254
f 230 254 231
f 231 254 232
f 235 255 239
f 237 240 256
f 237 256 257
f 237 257 238
f 238 257 258
f 239 255 259
f 239 259 240
f 240 259 263
f 240 263 256
f 245 260 246
f 246 260 261
f 246 261 262
f 247 249 248
f 264 265 266
f 264 266 270
f 264 270 280
f 264 280 295
f 264 295 309
f 264 309 308
f 264 308 327
f 264 327 367
f 264 367 369
f 264 369 331
f 264 331 311
f 264 311 296
f 264 296 281
f 264 281 271
f 264 271 267
f 264 267 274
f 264 274 285
f 264 285 300
f 264 300 319
f 264 319 348
f 264 348 385
f 264 385 356
f 264 356 320
f 264 320 301
f 264 301 288
f 264 288 287
f 264 287 278
f 264 278 275
f 264 275 268
f 264 268 265
f 265 268 269
f 265 269 266
f 266 269 270
f 267 271 272
f 267 272 273
f 267 273 274
f 268 275 269
f 269 276 277
f 269 277 270
f 269 275 278
f 269 278 276
f 270 279 280
f 270 277 279
f 271 281 297
f 271 297 313
f 271 313 334
f 271 334 376
f 271 376 404
f 271 404 419
f 271 419 420
f 271 420 405
f 271 405 377
f 271 377 335
f 271 335 314
f 271 314 298
f 271 298 284
f 271 284 283
f 271 283 282
f 271 282 273
f 271 273 272
f 273 282 274
f 274 282 283
f 274 283 284
f 274 284 298
f 274 298 315
f 274 315 339
f 274 339 340
f 274 340 316
f 274 316 299
f 274 299 285
f 276 286 277
f 276 278 287
f 276 287 288
f 276 288 286
f 277 286 289
f 277 289 290
f 277 290 291
f 277 291 292
f 277 292 279
f 279 291 293
f 279 293 294
f 279 294 295
f 279 295 280
f 279 292 291
f 281 296 297
f 285 299 300
f 286 288 301
f 286 301 302
f 286 302 303
f 286 303 289
f 289 303 304
f 289 304 305
f 289 305 293
f 289 293 290
f 290 293 291
f 293 306 294
f 293 305 304
f 293 304 307
f 293 307 306
f 294 308 309
f 294 309 295
f 294 306 310
f 294 310 308
f 296 311 312
f 296 312 297
f 297 312 313
f 298 314 315
f 299 316 317
f 299 317 318
f 299 318 300
f 300 318 319
f 301 320 321
f 301 321 322
f 301 322 303
f 301 303 302
f 303 322 304
f 304 322 307
f 306 307 323
f 306 323 324
f 306 324 310
f 307 322 325
f 307 325 326
f 307 326 324
f 307 324 323
f 308 310 328
f 308 328 329
f 308 329 327
f 310 324 330
f 310 330 329
f 310 329 328
f 311 331 332
f 311 332 312
f 312 332 333
f 312 333 313
f 313 333 334
f 314 335 336
f 314 336 337
f 314 337 338
f 314 338 339
f 314 339 315
f 316 340 341
f 316 341 342
f 316 342 343
f 316 343 344
f 316 344 317
f 317 344 345
f 317 345 346
f 317 346 318
f 318 346 347
f 318 347 319
f 319 347 348
f 320 349 350
f 320 350 351
f 320 351 352
f 320 352 353
f 320 353 354
f 320 354 355
f 320 355 321
f 320 356 357
f 320 357 358
f 320 358 359
f 320 359 360
f 320 360 349
f 321 361 325
f 321 325 322
f 321 355 361
f 324 362 329
f 324 329 330
f 324 326 362
f 325 361 363
f 325 363 326
f 326 363 364
f 326 364 365
f 326 365 362
f 327 366 367
f 327 329 368
f 327 368 366
f 329 362 368
f 331 369 370
f 331 370 371
f 331 371 332
f 332 371 372
f 332 372 333
f 333 372 373
f 333 373 374
f 333 374 375
f 333 375 376
f 333 376 334
f 335 377 378
f 335 378 379
f 335 379 336
f 336 379 380
f 336 380 342
f 336 342 381
f 336 381 338
f 336 338 337
f 338 381 339
f 339 381 340
f 340 381 341
f 341 381 342
f 342 380 343
f 343 380 344
f 344 380 382
f 344 382 379
f 344 379 383
f 344 383 384
f 344 384 345
f 345 384 360
f 345 360 359
f 345 359 346
f 346 359 357
f 346 357 347
f 347 357 385
f 347 385 348
f 349 386 350
f 349 360 387
f 349 387 386
f 350 386 388
f 350 388 389
f 350 389 351
f 351 389 390
f 351 390 391
f 351 391 353
f 351 353 352
f 353 391 392
f 353 392 354
f 354 392 355
f 355 392 361
f 356 385 357
f 357 359 358
f 360 384 387
f 361 392 391
f 361 391 363
f 362 393 368
f 362 365 394
f 362 394 393
f 363 391 395
f 363 395 396
f 363 396 364
f 364 396 365
f 365 396 394
f 366 368 367
f 367 368 369
f 368 393 370
f 368 370 369
f 370 393 371
f 371 393 372
f 372 393 397
f 372 397 398
f 372 398 373
f 373 398 399
f 373 399 400
f 373 400 374
f 374 400 375
f 375 400 401
f 375 401 376
f 376 401 402
f 376 402 403
f 376 403 404
f 377 405 378
f 378 405 406
f 378 406 379
f 379 382 380
f 379 406 386
f 379 386 383
f 383 407 387
f 383 387 384
f 383 386 407
f 386 406 405
f 386 405 408
f 386 408 409
f 386 409 410
f 386 410 411
f 386 411 388
f 386 387 407
f 388 390 389
f 388 411 399
f 388 399 412
f 388 412 413
f 388 413 390
f 390 413 391
f 391 413 395
f 393 394 398
f 393 398 397
f 394 396 412
f 394 412 398
f 395 413 396
f 396 413 412
f 398 412 399
f 399 414 400
f 399 411 410
f 399 410 414
f 400 414 401
f 401 414 409
f 401 409 415
f 401 415 416
f 401 416 403
f 401 403 402
f 403 416 417
f 403 417 418
f 403 418 419
f 403 419 404
f 405 420 418
f 405 418 417
f 405 417 408
f 408 417 409
f 409 417 415
f 409 414 410
f 415 417 416
f 418 420 419
f 421 422 423
f 421 423 427
f 421 427 432
f 421 432 431
f 421 431 441
f 421 441 452
f 421 452 464
f 421 464 491
f 421 491 509
f 421 509 526
f 421 526 536
f 421 536 517
f 421 517 500
f 421 500 473
f 421 473 450
f 421 450 438
f 421 438 429
f 421 429 424
f 421 424 428
f 421 428 436
f 421 436 447
f 421 447 469
f 421 469 493
f 421 493 480
f 421 480 479
f 421 479 456
f 421 456 451
f 421 451 439
f 421 439 430
f 421 430 425
f 421 425 422
f 422 425 426
f 422 426 423
f 423 426 427
f 424 429 428
f 425 430 426
f 426 431 432
f 426 432 427
f 426 430 433
f 426 433 434
f 426 434 435
f 426 435 431
f 428 429 437
f 428 437 448
f 428 448 471
f 428 471 498
f 428 498 514
f 428 514 532
f 428 532 522
f 428 522 521
f 428 521 520
f 428 520 504
f 428 504 510
f 428 510 492
f 428 492 466
f 428 466 446
f 428 446 436
f 429 438 449
f 429 449 472
f 429 472 475
f 429 475 503
f 429 503 502
f 429 502 519
f 429 519 537
f 429 537 530
f 429 530 511
f 429 511 496
f 429 496 470
f 429 470 448
f 429 448 437
f 430 439 433
f 431 435 440
f 431 440 441
f 433 442 434
f 433 439 443
f 433 443 442
f 434 442 444
f 434 444 435
f 435 444 445
f 435 445 440
f 436 446 447
f 438 450 449
f 439 451 443
f 440 445 441
f 441 445 452
f 442 443 453
f 442 453 454
f 442 454 455
f 442 455 444
f 443 451 456
f 443 456 457
f 443 457 453
f 444 458 445
f 444 455 458
f 445 459 460
f 445 460 461
f 445 461 462
f 445 462 463
f 445 463 464
f 445 464 452
f 445 458 465
f 445 465 459
f 446 466 467
f 446 467 468
f 446 468 447
f 447 468 467
f 447 467 469
f 448 470 471
f 449 450 472
f 450 473 474
f 450 474 475
f 450 475 472
f 453 457 476
f 453 476 454
f 454 476 477
f 454 477 478
f 454 478 455
f 455 478 458
f 456 479 457
f 457 479 480
f 457 480 481
f 457 481 476
f 458 478 482
f 458 482 465
f 459 465 482
f 459 482 483
f 459 483 484
f 459 484 460
f 460 484 485
f 460 485 486
f 460 486 487
f 460 487 461
f 461 487 488
f 461 488 462
f 462 489 463
f 462 488 489
f 463 489 490
f 463 490 464
f 464 490 491
f 466 492 467
f 467 476 481
f 467 481 493
f 467 493 469
f 467 492 494
f 467 494 495
f 467 495 476
f 470 496 497
f 470 497 471
f 471 497 498
f 473 499 474
f 473 500 499
f 474 499 501
f 474 501 502
f 474 502 503
f 474 503 475
f 476 495 478
f 476 478 477
f 478 495 482
f 480 493 481
f 482 495 483
f 483 504 505
f 483 505 484
f 483 495 504
f 484 505 485
f 485 505 506
f 485 506 486
f 486 507 487
f 486 506 507
f 487 507 488
f 488 507 508
f 488 508 489
f 489 509 491
f 489 491 490
f 489 508 509
f 492 510 494
f 494 510 504
f 494 504 495
f 496 511 497
f 497 511 512
f 497 512 513
f 497 513 498
f 498 513 514
f 499 515 501
f 499 500 516
f 499 516 515
f 500 517 516
f 501 515 518
f 501 518 519
f 501 519 502
f 504 520 505
f 505 520 521
f 505 521 522
f 505 522 513
f 505 513 506
f 506 513 523
f 506 523 524
f 506 524 507
f 507 525 508
f 507 524 525
f 508 526 509
f 508 525 527
f 508 527 528
f 508 528 529
f 508 529 526
f 511 530 512
f 512 530 531
f 512 531 523
f 512 523 513
f 513 522 532
f 513 532 514
f 515 533 518
f 515 516 534
f 515 534 535
f 515 535 533
f 516 517 534
f 517 536 534
f 518 537 519
f 518 533 538
f 518 538 539
f 518 539 540
f 518 540 523
f 518 523 531
f 518 531 537
f 523 540 524
f 524 540 541
f 524 541 525
f 525 541 527
f 526 529 536
f 527 541 540
f 527 540 533
f 527 533 535
f 527 535 536
f 527 536 529
f 527 529 528
f 530 537 531
f 533 540 539
f 533 539 538
f 534 536 535
f 542 543 544
f 542 544 550
f 542 550 549
f 542 549 558
f 542 558 569
f 542 569 586
f 542 586 603
f 542 603 604
f 542 604 587
f 542 587 570
f 542 570 559
f 542 559 551
f 542 551 545
f 542 545 543
f 543 545 546
f 543 546 547
f 543 547 548
f 543 548 549
f 543 549 550
f 543 550 544
f 545 551 546
f 546 551 552
f 546 552 547
f 547 553 554
f 547 554 548
f 547 552 555
f 547 555 556
f 547 556 553
f 548 554 557
f 548 557 558
f 548 558 549
f 551 559 560
f 551 560 561
f 551 561 562
f 551 562 552
f 552 562 561
f 552 561 571
f 552 571 587
f 552 587 604
f 552 604 619
f 552 619 634
f 552 634 635
f 552 635 621
f 552 621 607
f 552 607 605
f 552 605 588
f 552 588 584
f 552 584 567
f 552 567 556
f 552 556 555
f 553 556 563
f 553 563 554
f 554 564 565
f 554 565 566
f 554 566 557
f 554 563 564
f 556 567 563
f 557 566 568
f 557 568 558
f 558 568 566
f 558 566 565
f 558 565 580
f 558 580 601
f 558 601 617
f 558 617 602
f 558 602 585
f 558 585 569
f 559 570 560
f 560 570 561
f 561 570 571
f 563 567 572
f 563 572 573
f 563 573 564
f 564 573 574
f 564 574 565
f 565 575 576
f 565 576 577
f 565 577 578
f 565 578 579
f 565 579 580
f 565 574 581
f 565 581 582
f 565 582 583
f 565 583 575
f 567 584 572
f 569 585 586
f 570 587 571
f 572 584 588
f 572 588 589
f 572 589 590
f 572 590 591
f 572 591 592
f 572 592 593
f 572 593 573
f 573 593 574
f 574 593 581
f 575 594 576
f 575 583 595
f 575 595 596
f 575 596 594
f 576 594 597
f 576 597 598
f 576 598 599
f 576 599 577
f 577 599 578
f 578 599 600
f 578 600 580
f 578 580 579
f 580 600 601
f 581 593 592
f 581 592 595
f 581 595 582
f 582 595 583
f 585 602 586
f 586 602 603
f 588 605 589
f 589 606 590
f 589 605 607
f 589 607 606
f 590 606 608
f 590 608 591
f 591 608 609
f 591 609 592
f 592 609 610
f 592 610 595
f 594 611 612
f 594 612 613
f 594 613 597
f 594 596 614
f 594 614 611
f 595 615 596
f 595 610 615
f 596 615 614
f 597 613 598
f 598 613 616
f 598 616 599
f 599 616 600
f 600 616 601
f 601 616 617
f 602 617 631
f 602 631 630
f 602 630 627
f 602 627 626
f 602 626 629
f 602 629 638
f 602 638 642
f 602 642 640
f 602 640 634
f 602 634 619
f 602 619 618
f 602 618 604
f 602 604 603
f 604 618 619
f 606 607 620
f 606 620 608
f 607 621 622
f 607 622 623
f 607 623 620
f 608 620 623
f 608 623 624
f 608 624 609
f 609 624 625
f 609 625 610
f 610 625 615
f 611 626 627
f 611 627 612
f 611 614 628
f 611 628 629
f 611 629 626
f 612 627 630
f 612 630 631
f 612 631 613
f 613 631 616
f 614 615 625
f 614 625 624
f 614 624 632
f 614 632 633
f 614 633 628
f 616 631 617
f 621 635 636
f 621 636 622
f 622 636 633
f 622 633 637
f 622 637 623
f 623 637 633
f 623 633 624
f 624 633 632
f 628 633 629
f 629 633 638
f 633 636 639
f 633 639 638
f 634 640 641
f 634 641 635
f 635 641 639
f 635 639 636
f 638 639 641
f 638 641 642
f 640 642 641
f 643 644 650
f 643 650 656
f 643 656 667
f 643 667 668
f 643 668 657
f 643 657 651
f 643 651 645
f 643 645 646
f 643 646 647
f 643 647 653
f 643 653 660
f 643 660 674
f 643 674 694
f 643 694 715
f 643 715 738
f 643 738 736
f 643 736 721
f 643 721 697
f 643 697 678
f 643 678 663
f 643 663 654
f 643 654 648
f 643 648 644
f 644 648 649
f 644 649 650
f 645 651 652
f 645 652 646
f 646 652 647
f 647 652 653
f 648 654 649
f 649 655 665
f 649 665 682
f 649 682 703
f 649 703 702
f 649 702 728
f 649 728 742
f 649 742 741
f 649 741 744
f 649 744 743
f 649 743 729
f 649 729 704
f 649 704 683
f 649 683 666
f 649 666 656
f 649 656 650
f 649 654 663
f 649 663 677
f 649 677 695
f 649 695 680
f 649 680 664
f 649 664 655
f 651 657 658
f 651 658 652
f 652 659 653
f 652 658 659
f 653 659 661
f 653 661 662
f 653 662 660
f 655 664 665
f 656 666 667
f 657 668 669
f 657 669 658
f 658 670 661
f 658 661 659
f 658 669 671
f 658 671 672
f 658 672 673
f 658 673 670
f 660 662 675
f 660 675 674
f 661 670 676
f 661 676 662
f 662 676 675
f 663 678 679
f 663 679 677
f 664 680 681
f 664 681 682
f 664 682 665
f 666 683 667
f 667 684 668
f 667 683 684
f 668 684 669
f 669 684 671
f 670 673 685
f 670 685 675
f 670 675 676
f 671 684 686
f 671 686 687
f 671 687 688
f 671 688 689
f 671 689 672
f 672 689 673
f 673 689 690
f 673 690 691
f 673 691 692
f 673 692 685
f 674 693 694
f 674 675 685
f 674 685 692
f 674 692 693
f 677 679 696
f 677 696 695
f 678 697 698
f 678 698 679
f 679 699 696
f 679 698 699
f 680 695 700
f 680 700 701
f 680 701 681
f 681 701 702
f 681 702 703
f 681 703 682
f 683 704 705
f 683 705 684
f 684 705 686
f 686 705 704
f 686 704 706
f 686 706 687
f 687 706 707
f 687 707 708
f 687 708 688
f 688 708 690
f 688 690 689
f 690 708 709
f 690 709 691
f 691 709 710
f 691 710 711
f 691 711 693
f 691 693 692
f 693 711 712
f 693 712 713
f 693 713 714
f 693 714 694
f 694 714 715
f 695 696 716
f 695 716 717
f 695 717 718
f 695 718 719
f 695 719 700
f 696 699 720
f 696 720 716
f 697 721 722
f 697 722 698
f 698 722 699
f 699 722 723
f 699 723 713
f 699 713 712
f 699 712 710
f 699 710 720
f 700 724 701
f 700 719 724
f 701 724 725
f 701 725 726
f 701 726 727
f 701 727 702
f 702 727 726
f 702 726 728
f 704 729 706
f 706 729 730
f 706 730 731
f 706 731 732
f 706 732 707
f 707 732 733
f 707 733 709
f 707 709 708
f 709 733 734
f 709 734 710
f 710 734 735
f 710 735 720
f 710 712 711
f 713 723 721
f 713 721 736
f 713 736 737
f 713 737 714
f 714 737 715
f 715 737 738
f 716 720 717
f 717 719 718
f 717 720 739
f 717 739 724
f 717 724 719
f 720 735 739
f 721 723 722
f 724 739 725
f 725 740 726
f 725 739 740
f 726 740 741
f 726 741 742
f 726 742 728
f 729 743 730
f 730 743 744
f 730 744 731
f 731 745 733
f 731 733 732
f 731 744 745
f 733 745 746
f 733 746 734
f 734 746 735
f 735 746 740
f 735 740 739
f 736 738 737
f 740 746 741
f 741 746 745
f 741 745 744
f 747 748 752
f 747 752 758
f 747 758 772
f 747 772 784
f 747 784 794
f 747 794 785
f 747 785 773
f 747 773 765
f 747 765 759
f 747 759 753
f 747 753 749
f 747 749 750
f 747 750 756
f 747 756 770
f 747 770 776
f 747 776 780
f 747 780 771
f 747 771 757
f 747 757 751
f 747 751 748
f 748 751 752
f 749 753 754
f 749 754 755
f 749 755 750
f 750 755 756
f 751 757 752
f 752 757 758
f 753 759 760
f 753 760 761
f 753 761 754
f 754 761 762
f 754 762 763
f 754 763 764
f 754 764 765
f 754 765 773
f 754 773 786
f 754 786 803
f 754 803 810
f 754 810 809
f 754 809 808
f 754 808 807
f 754 807 804
f 754 804 787
f 754 787 774
f 754 774 766
f 754 766 775
f 754 775 791
f 754 791 806
f 754 806 795
f 754 795 782
f 754 782 781
f 754 781 777
f 754 777 770
f 754 770 756
f 754 756 769
f 754 769 767
f 754 767 768
f 754 768 755
f 755 769 756
f 755 768 769
f 757 771 772
f 757 772 758
f 759 765 760
f 760 765 763
f 760 763 762
f 760 762 761
f 763 765 764
f 766 774 775
f 767 769 768
f 770 777 776
f 771 778 779
f 771 779 772
f 771 780 777
f 771 777 781
f 771 781 782
f 771 782 783
f 771 783 778
f 772 779 784
f 773 785 786
f 774 787 788
f 774 788 789
f 774 789 790
f 774 790 775
f 775 790 791
f 776 777 780
f 778 783 792
f 778 792 779
f 779 792 793
f 779 793 794
f 779 794 784
f 782 795 796
f 782 796 783
f 783 796 797
f 783 797 798
f 783 798 792
f 785 799 800
f 785 800 801
f 785 801 802
f 785 802 803
f 785 803 786
f 785 794 799
f 787 804 788
f 788 802 800
f 788 800 789
f 788 804 802
f 789 800 790
f 790 800 805
f 790 805 797
f 790 797 791
f 791 797 806
f 792 798 794
f 792 794 793
f 794 798 800
f 794 800 799
f 795 806 797
f 795 797 796
f 797 805 798
f 798 805 800
f 800 802 801
f 802 804 807
f 802 807 808
f 802 808 809
f 802 809 810
f 802 810 803
f 811 812 841
f 811 841 846
f 811 846 854
f 811 854 865
f 811 865 856
f 811 856 848
f 811 848 842
f 811 842 813
f 811 813 814
f 811 814 815
f 811 815 816
f 811 816 817
f 811 817 818
f 811 818 819
f 811 819 820
f 811 820 821
f 811 821 822
f 811 822 823
f 811 823 824
f 811 824 825
f 811 825 826
f 811 826 827
f 811 827 828
f 811 828 829
f 811 829 830
f 811 830 831
f 811 831 832
f 811 832 812
f 812 832 833
f 812 833 834
f 812 834 835
f 812 835 836
f 812 836 837
f 812 837 838
f 812 838 839
f 812 839 840
f 812 840 841
f 813 842 847
f 813 847 855
f 813 855 859
f 813 859 858
f 813 858 857
f 813 857 864
f 813 864 863
f 813 863 862
f 813 862 861
f 813 861 860
f 813 860 849
f 813 849 843
f 813 843 814
f 814 843 850
f 814 850 866
f 814 866 872
f 814 872 875
f 814 875 877
f 814 877 876
f 814 876 874
f 814 874 870
f 814 870 869
f 814 869 868
f 814 868 853
f 814 853 851
f 814 851 844
f 814 844 834
f 814 834 833
f 814 833 832
f 814 832 831
f 814 831 830
f 814 830 829
f 814 829 828
f 814 828 827
f 814 827 826
f 814 826 825
f 814 825 824
f 814 824 823
f 814 823 821
f 814 821 820
f 814 820 819
f 814 819 818
f 814 818 817
f 814 817 816
f 814 816 815
f 821 823 822
f 834 844 845
f 834 845 835
f 835 845 852
f 835 852 867
f 835 867 873
f 835 873 871
f 835 871 866
f 835 866 850
f 835 850 846
f 835 846 841
f 835 841 840
f 835 840 839
f 835 839 838
f 835 838 837
f 835 837 836
f 842 848 847
f 843 849 850
f 844 851 845
f 845 851 853
f 845 853 852
f 846 850 854
f 847 848 855
f 848 856 850
f 848 850 857
f 848 857 858
f 848 858 859
f 848 859 855
f 849 860 850
f 850 860 861
f 850 861 862
f 850 862 863
f 850 863 864
f 850 864 857
f 850 856 865
f 850 865 854
f 852 853 868
f 852 868 869
f 852 869 870
f 852 870 867
f 866 871 872
f 867 870 873
f 870 874 873
f 871 873 872
f 872 873 875
f 873 874 876
f 873 876 877
f 873 877 875
f 878 879 880
f 878 880 881
f 878 881 885
f 878 885 894
f 878 894 902
f 878 902 901
f 878 901 914
f 878 914 913
f 878 913 935
f 878 935 958
f 878 958 980
f 878 980 982
f 878 982 966
f 878 966 940
f 878 940 920
f 878 920 903
f 878 903 888
f 878 888 882
f 878 882 889
f 878 889 904
f 878 904 922
f 878 922 942
f 878 942 952
f 878 952 972
f 878 972 971
f 878 971 970
f 878 970 945
f 878 945 925
f 878 925 924
f 878 924 923
f 878 923 906
f 878 906 905
f 878 905 891
f 878 891 890
f 878 890 883
f 878 883 879
f 879 883 884
f 879 884 880
f 880 885 881
f 880 884 886
f 880 886 887
f 880 887 885
f 882 888 889
f 883 890 884
f 884 890 891
f 884 891 892
f 884 892 893
f 884 893 886
f 885 887 894
f 886 895 896
f 886 896 897
f 886 897 887
f 886 893 898
f 886 898 899
f 886 899 900
f 886 900 895
f 887 897 901
f 887 901 902
f 887 902 894
f 888 903 919
f 888 919 938
f 888 938 962
f 888 962 986
f 888 986 1001
f 888 1001 1000
f 888 1000 999
f 888 999 1006
f 888 1006 1008
f 888 1008 1007
f 888 1007 1002
f 888 1002 991
f 888 991 968
f 888 968 943
f 888 943 921
f 888 921 904
f 888 904 889
f 891 905 892
f 892 899 898
f 892 898 893
f 892 905 906
f 892 906 907
f 892 907 899
f 895 900 908
f 895 908 896
f 896 908 909
f 896 909 910
f 896 910 897
f 897 910 911
f 897 911 912
f 897 912 913
f 897 913 914
f 897 914 901
f 899 907 915
f 899 915 900
f 900 915 916
f 900 916 917
f 900 917 918
f 900 918 908
f 903 920 919
f 904 921 922
f 906 923 907
f 907 924 925
f 907 925 926
f 907 926 927
f 907 927 928
f 907 928 916
f 907 916 915
f 907 923 924
f 908 918 929
f 908 929 909
f 909 912 911
f 909 911 910
f 909 929 918
f 909 918 930
f 909 930 931
f 909 931 932
f 909 932 933
f 909 933 912
f 912 933 934
f 912 934 913
f 913 934 935
f 916 928 927
f 916 927 936
f 916 936 937
f 916 937 917
f 917 937 918
f 918 937 930
f 919 920 939
f 919 939 938
f 920 940 941
f 920 941 939
f 921 942 922
f 921 943 944
f 921 944 942
f 925 945 946
f 925 946 926
f 926 946 945
f 926 945 947
f 926 947 927
f 927 948 949
f 927 949 950
f 927 950 936
f 927 947 951
f 927 951 952
f 927 952 953
f 927 953 954
f 927 954 955
f 927 955 948
f 930 937 956
f 930 956 931
f 931 956 957
f 931 957 933
f 931 933 932
f 933 958 935
f 933 935 934
f 933 957 959
f 933 959 958
f 936 950 960
f 936 960 961
f 936 961 937
f 937 961 956
f 938 939 963
f 938 963 964
f 938 964 962
f 939 941 965
f 939 965 963
f 940 966 941
f 941 966 965
f 942 944 967
f 942 967 954
f 942 954 952
f 943 968 969
f 943 969 967
f 943 967 944
f 945 970 947
f 947 971 972
f 947 972 951
f 947 970 971
f 948 973 974
f 948 974 975
f 948 975 949
f 948 955 973
f 949 975 950
f 950 975 960
f 951 972 952
f 952 954 953
f 954 967 976
f 954 976 955
f 955 976 973
f 956 961 977
f 956 977 978
f 956 978 979
f 956 979 957
f 957 979 959
f 958 959 980
f 959 979 981
f 959 981 982
f 959 982 980
f 960 975 983
f 960 983 984
f 960 984 961
f 961 984 978
f 961 978 977
f 962 985 986
f 962 964 985
f 963 965 964
f 964 965 985
f 965 966 987
f 965 987 981
f 965 981 988
f 965 988 989
f 965 989 985
f 966 982 987
f 967 969 976
f 968 990 969
f 968 991 992
f 968 992 993
f 968 993 990
f 969 990 976
f 973 976 974
f 974 976 994
f 974 994 995
f 974 995 993
f 974 993 975
f 975 993 983
f 976 990 994
f 978 984 979
f 979 984 988
f 979 988 981
f 981 987 982
f 983 993 996
f 983 996 984
f 984 996 997
f 984 997 998
f 984 998 985
f 984 985 989
f 984 989 988
f 985 999 1000
f 985 1000 1001
f 985 1001 986
f 985 998 999
f 990 993 995
f 990 995 994
f 991 1002 1003
f 991 1003 992
f 992 1004 998
f 992 998 997
f 992 997 993
f 992 1003 1004
f 993 997 996
f 998 1004 1003
f 998 1003 1005
f 998 1005 999
f 999 1005 1006
f 1002 1007 1003
f 1003 1007 1008
f 1003 1008 1005
f 1005 1008 1006
f 1009 1010 1013
f 1009 1013 1018
f 1009 1018 1024
f 1009 1024 1033
f 1009 1033 1048
f 1009 1048 1071
f 1009 1071 1097
f 1009 1097 1121
f 1009 1121 1088
f 1009 1088 1059
f 1009 1059 1055
f 1009 1055 1039
f 1009 1039 1028
f 1009 1028 1021
f 1009 1021 1016
f 1009 1016 1011
f 1009 1011 1017
f 1009 1017 1022
f 1009 1022 1032
f 1009 1032 1045
f 1009 1045 1070
f 1009 1070 1093
f 1009 1093 1092
f 1009 1092 1131
f 1009 1131 1108
f 1009 1108 1081
f 1009 1081 1053
f 1009 1053 1038
f 1009 1038 1027
f 1009 1027 1020
f 1009 1020 1014
f 1009 1014 1012
f 1009 1012 1010
f 1010 1012 1014
f 1010 1014 1015
f 1010 1015 1013
f 1011 1016 1017
f 1013 1015 1014
f 1013 1014 1019
f 1013 1019 1018
f 1014 1020 1019
f 1016 1021 1029
f 1016 1029 1041
f 1016 1041 1058
f 1016 1058 1087
f 1016 1087 1120
f 1016 1120 1144
f 1016 1144 1150
f 1016 1150 1152
f 1016 1152 1151
f 1016 1151 1148
f 1016 1148 1146
f 1016 1146 1132
f 1016 1132 1094
f 1016 1094 1066
f 1016 1066 1065
f 1016 1065 1064
f 1016 1064 1060
f 1016 1060 1043
f 1016 1043 1042
f 1016 1042 1030
f 1016 1030 1022
f 1016 1022 1017
f 1018 1023 1024
f 1018 1019 1023
f 1019 1020 1025
f 1019 1025 1026
f 1019 1026 1023
f 1020 1027 1025
f 1021 1028 1029
f 1022 1030 1031
f 1022 1031 1032
f 1023 1026 1024
f 1024 1026 1033
f 1025 1027 1034
f 1025 1034 1035
f 1025 1035 1036
f 1025 1036 1026
f 1026 1037 1033
f 1026 1036 1037
f 1027 1038 1034
f 1028 1039 1040
f 1028 1040 1029
f 1029 1040 1041
f 1030 1042 1031
f 1031 1042 1043
f 1031 1043 1044
f 1031 1044 1032
f 1032 1044 1045
f 1033 1037 1046
f 1033 1046 1047
f 1033 1047 1048
f 1034 1038 1049
f 1034 1049 1035
f 1035 1050 1051
f 1035 1051 1036
f 1035 1049 1050
f 1036 1051 1037
f 1037 1047 1046
f 1037 1051 1047
f 1038 1052 1049
f 1038 1053 1054
f 1038 1054 1052
f 1039 1055 1040
f 1040 1056 1057
f 1040 1057 1058
f 1040 1058 1041
f 1040 1055 1059
f 1040 1059 1056
f 1043 1060 1044
f 1044 1061 1062
f 1044 1062 1063
f 1044 1063 1045
f 1044 1060 1064
f 1044 1064 1065
f 1044 1065 1066
f 1044 1066 1067
f 1044 1067 1068
f 1044 1068 1069
f 1044 1069 1061
f 1045 1063 1070
f 1047 1071 1048
f 1047 1051 1072
f 1047 1072 1073
f 1047 1073 1074
f 1047 1074 1071
f 1049 1052 1054
f 1049 1054 1075
f 1049 1075 1076
f 1049 1076 1050
f 1050 1073 1072
f 1050 1072 1051
f 1050 1076 1077
f 1050 1077 1078
f 1050 1078 1079
f 1050 1079 1080
f 1050 1080 1073
f 1053 1081 1082
f 1053 1082 1083
f 1053 1083 1054
f 1054 1083 1075
f 1056 1058 1057
f 1056 1059 1084
f 1056 1084 1085
f 1056 1085 1058
f 1058 1085 1086
f 1058 1086 1087
f 1059 1088 1084
f 1061 1089 1062
f 1061 1069 1090
f 1061 1090 1091
f 1061 1091 1089
f 1062 1092 1093
f 1062 1093 1063
f 1062 1089 1092
f 1063 1093 1070
f 1066 1094 1067
f 1067 1094 1095
f 1067 1095 1096
f 1067 1096 1068
f 1068 1096 1090
f 1068 1090 1069
f 1071 1074 1098
f 1071 1098 1097
f 1073 1099 1100
f 1073 1100 1098
f 1073 1098 1074
f 1073 1080 1101
f 1073 1101 1099
f 1075 1083 1102
f 1075 1102 1076
f 1076 1102 1103
f 1076 1103 1077
f 1077 1103 1104
f 1077 1104 1079
f 1077 1079 1078
f 1079 1104 1105
f 1079 1105 1080
f 1080 1105 1106
f 1080 1106 1101
f 1081 1107 1082
f 1081 1108 1107
f 1082 1107 1109
f 1082 1109 1110
f 1082 1110 1083
f 1083 1111 1102
f 1083 1110 1111
f 1084 1088 1112
f 1084 1112 1085
f 1085 1113 1086
f 1085 1112 1114
f 1085 1114 1101
f 1085 1101 1106
f 1085 1106 1115
f 1085 1115 1116
f 1085 1116 1117
f 1085 1117 1118
f 1085 1118 1113
f 1086 1113 1118
f 1086 1118 1119
f 1086 1119 1087
f 1087 1119 1120
f 1088 1121 1122
f 1088 1122 1114
f 1088 1114 1112
f 1089 1123 1092
f 1089 1091 1124
f 1089 1124 1123
f 1090 1125 1126
f 1090 1126 1127
f 1090 1127 1091
f 1090 1096 1128
f 1090 1128 1129
f 1090 1129 1130
f 1090 1130 1125
f 1091 1127 1124
f 1092 1123 1131
f 1094 1132 1095
f 1095 1132 1133
f 1095 1133 1134
f 1095 1134 1096
f 1096 1134 1128
f 1097 1098 1100
f 1097 1100 1122
f 1097 1122 1121
f 1099 1114 1122
f 1099 1122 1100
f 1099 1101 1114
f 1102 1135 1103
f 1102 1111 1136
f 1102 1136 1137
f 1102 1137 1135
f 1103 1135 1138
f 1103 1138 1104
f 1104 1138 1105
f 1105 1139 1140
f 1105 1140 1106
f 1105 1138 1139
f 1106 1140 1116
f 1106 1116 1115
f 1107 1108 1109
f 1108 1131 1123
f 1108 1123 1109
f 1109 1124 1136
f 1109 1136 1110
f 1109 1123 1124
f 1110 1136 1111
f 1116 1140 1117
f 1117 1140 1130
f 1117 1130 1141
f 1117 1141 1142
f 1117 1142 1118
f 1118 1142 1143
f 1118 1143 1120
f 1118 1120 1119
f 1120 1143 1144
f 1124 1127 1126
f 1124 1126 1136
f 1125 1130 1145
f 1125 1145 1138
f 1125 1138 1126
f 1126 1138 1136
f 1128 1134 1129
f 1129 1134 1141
f 1129 1141 1130
f 1130 1140 1139
f 1130 1139 1145
f 1132 1146 1133
f 1133 1147 1134
f 1133 1146 1148
f 1133 1148 1151
f 1133 1151 1147
f 1134 1147 1149
f 1134 1149 1142
f 1134 1142 1141
f 1135 1137 1138
f 1136 1138 1137
f 1138 1145 1139
f 1142 1149 1143
f 1143 1149 1144
f 1144 1149 1150
f 1147 1151 1152
f 1147 1152 1149
f 1149 1152 1150
f 1153 1154 1160
f 1153 1160 1165
f 1153 1165 1176
f 1153 1176 1188
f 1153 1188 1184
f 1153 1184 1171
f 1153 1171 1170
f 1153 1170 1167
f 1153 1167 1161
f 1153 1161 1155
f 1153 1155 1162
f 1153 1162 1169
f 1153 1169 1182
f 1153 1182 1193
f 1153 1193 1190
f 1153 1190 1201
f 1153 1201 1197
f 1153 1197 1186
f 1153 1186 1185
f 1153 1185 1172
f 1153 1172 1163
f 1153 1163 1156
f 1153 1156 1157
f 1153 1157 1158
f 1153 1158 1159
f 1153 1159 1154
f 1154 1159 1158
f 1154 1158 1157
f 1154 1157 1164
f 1154 1164 1175
f 1154 1175 1187
f 1154 1187 1196
f 1154 1196 1195
f 1154 1195 1194
f 1154 1194 1199
f 1154 1199 1198
f 1154 1198 1203
f 1154 1203 1202
f 1154 1202 1200
f 1154 1200 1189
f 1154 1189 1177
f 1154 1177 1166
f 1154 1166 1160
f 1155 1161 1162
f 1156 1163 1157
f 1157 1163 1164
f 1160 1166 1165
f 1161 1167 1162
f 1162 1168 1169
f 1162 1167 1170
f 1162 1170 1171
f 1162 1171 1168
f 1163 1172 1173
f 1163 1173 1164
f 1164 1173 1174
f 1164 1174 1175
f 1165 1166 1176
f 1166 1177 1191
f 1166 1191 1193
f 1166 1193 1182
f 1166 1182 1168
f 1166 1168 1181
f 1166 1181 1178
f 1166 1178 1179
f 1166 1179 1180
f 1166 1180 1176
f 1168 1182 1169
f 1168 1171 1183
f 1168 1183 1181
f 1171 1184 1183
f 1172 1185 1174
f 1172 1174 1173
f 1174 1185 1186
f 1174 1186 1175
f 1175 1186 1187
f 1176 1180 1188
f 1177 1189 1190
f 1177 1190 1191
f 1178 1181 1179
f 1179 1181 1183
f 1179 1183 1192
f 1179 1192 1188
f 1179 1188 1180
f 1183 1184 1188
f 1183 1188 1192
f 1186 1194 1195
f 1186 1195 1196
f 1186 1196 1187
f 1186 1197 1198
f 1186 1198 1199
f 1186 1199 1194
f 1189 1200 1190
f 1190 1193 1191
f 1190 1200 1202
f 1190 1202 1203
f 1190 1203 1201
f 1197 1201 1203
f 1197 1203 1198
f 1204 1205 1209
f 1204 1209 1223
f 1204 1223 1222
f 1204 1222 1237
f 1204 1237 1249
f 1204 1249 1250
f 1204 1250 1238
f 1204 1238 1225
f 1204 1225 1211
f 1204 1211 1206
f 1204 1206 1210
f 1204 1210 1224
f 1204 1224 1234
f 1204 1234 1233
f 1204 1233 1219
f 1204 1219 1207
f 1204 1207 1208
f 1204 1208 1205
f 1205 1208 1209
f 1206 1211 1212
f 1206 1212 1213
f 1206 1213 1214
f 1206 1214 1215
f 1206 1215 1216
f 1206 1216 1217
f 1206 1217 1218
f 1206 1218 1210
f 1207 1219 1208
f 1208 1219 1220
f 1208 1220 1236
f 1208 1236 1248
f 1208 1248 1255
f 1208 1255 1254
f 1208 1254 1253
f 1208 1253 1242
f 1208 1242 1241
f 1208 1241 1240
f 1208 1240 1252
f 1208 1252 1249
f 1208 1249 1237
f 1208 1237 1221
f 1208 1221 1222
f 1208 1222 1223
f 1208 1223 1209
f 1210 1218 1224
f 1211 1225 1212
f 1212 1225 1213
f 1213 1226 1227
f 1213 1227 1228
f 1213 1228 1214
f 1213 1225 1226
f 1214 1228 1229
f 1214 1229 1215
f 1215 1229 1216
f 1216 1229 1230
f 1216 1230 1217
f 1217 1230 1218
f 1218 1231 1232
f 1218 1232 1233
f 1218 1233 1234
f 1218 1234 1224
f 1218 1230 1231
f 1219 1233 1232
f 1219 1232 1231
f 1219 1231 1247
f 1219 1247 1260
f 1219 1260 1259
f 1219 1259 1258
f 1219 1258 1257
f 1219 1257 1263
f 1219 1263 1262
f 1219 1262 1264
f 1219 1264 1261
f 1219 1261 1248
f 1219 1248 1236
f 1219 1236 1235
f 1219 1235 1220
f 1220 1235 1236
f 1221 1237 1222
f 1225 1238 1239
f 1225 1239 1226
f 1226 1240 1241
f 1226 1241 1242
f 1226 1242 1227
f 1226 1239 1240
f 1227 1242 1243
f 1227 1243 1228
f 1228 1243 1244
f 1228 1244 1245
f 1228 1245 1230
f 1228 1230 1229
f 1230 1245 1246
f 1230 1246 1247
f 1230 1247 1231
f 1238 1250 1239
f 1239 1250 1251
f 1239 1251 1240
f 1240 1251 1250
f 1240 1250 1252
f 1242 1253 1243
f 1243 1254 1244
f 1243 1253 1254
f 1244 1254 1255
f 1244 1255 1256
f 1244 1256 1246
f 1244 1246 1245
f 1246 1256 1257
f 1246 1257 1258
f 1246 1258 1259
f 1246 1259 1260
f 1246 1260 1247
f 1248 1261 1255
f 1249 1252 1250
f 1255 1262 1263
f 1255 1263 1257
f 1255 1257 1256
f 1255 1261 1264
f 1255 1264 1262
f 1265 1266 1269
f 1265 1269 1274
f 1265 1274 1285
f 1265 1285 1303
f 1265 1303 1328
f 1265 1328 1369
f 1265 1369 1326
f 1265 1326 1325
f 1265 1325 1367
f 1265 1367 1372
f 1265 1372 1340
f 1265 1340 1310
f 1265 1310 1291
f 1265 1291 1276
f 1265 1276 1271
f 1265 1271 1267
f 1265 1267 1268
f 1265 1268 1273
f 1265 1273 1279
f 1265 1279 1296
f 1265 1296 1317
f 1265 1317 1356
f 1265 1356 1355
f 1265 1355 1377
f 1265 1377 1376
f 1265 1376 1352
f 1265 1352 1351
f 1265 1351 1350
f 1265 1350 1371
f 1265 1371 1370
f 1265 1370 1335
f 1265 1335 1334
f 1265 1334 1332
f 1265 1332 1331
f 1265 1331 1330
f 1265 1330 1306
f 1265 1306 1305
f 1265 1305 1286
f 1265 1286 1275
f 1265 1275 1270
f 1265 1270 1266
f 1266 1270 1269
f 1267 1271 1272
f 1267 1272 1273
f 1267 1273 1268
f 1269 1270 1275
f 1269 1275 1288
f 1269 1288 1309
f 1269 1309 1339
f 1269 1339 1357
f 1269 1357 1318
f 1269 1318 1297
f 1269 1297 1280
f 1269 1280 1274
f 1271 1276 1277
f 1271 1277 1278
f 1271 1278 1272
f 1272 1278 1273
f 1273 1278 1279
f 1274 1280 1281
f 1274 1281 1282
f 1274 1282 1283
f 1274 1283 1284
f 1274 1284 1285
f 1275 1286 1287
f 1275 1287 1288
f 1276 1289 1290
f 1276 1290 1277
f 1276 1291 1289
f 1277 1290 1292
f 1277 1292 1293
f 1277 1293 1278
f 1278 1293 1294
f 1278 1294 1295
f 1278 1295 1279
f 1279 1295 1296
f 1280 1297 1298
f 1280 1298 1281
f 1281 1299 1300
f 1281 1300 1282
f 1281 1298 1301
f 1281 1301 1299
f 1282 1300 1284
f 1282 1284 1283
f 1284 1302 1303
f 1284 1303 1285
f 1284 1300 1304
f 1284 1304 1302
f 1286 1305 1287
f 1287 1305 1306
f 1287 1306 1307
f 1287 1307 1308
f 1287 1308 1288
f 1288 1308 1309
f 1289 1291 1290
f 1290 1291 1310
f 1290 1310 1311
f 1290 1311 1292
f 1292 1312 1313
f 1292 1313 1314
f 1292 1314 1315
f 1292 1315 1316
f 1292 1316 1294
f 1292 1294 1293
f 1292 1311 1312
f 1294 1316 1295
f 1295 1316 1296
f 1296 1316 1317
f 1297 1318 1319
f 1297 1319 1298
f 1298 1319 1320
f 1298 1320 1301
f 1299 1321 1300
f 1299 1301 1321
f 1300 1321 1304
f 1301 1320 1322
f 1301 1322 1321
f 1302 1304 1323
f 1302 1323 1324
f 1302 1324 1325
f 1302 1325 1326
f 1302 1326 1327
f 1302 1327 1303
f 1303 1327 1328
f 1304 1329 1323
f 1304 1321 1329
f 1306 1330 1307
f 1307 1331 1332
f 1307 1332 1333
f 1307 1333 1334
f 1307 1334 1335
f 1307 1335 1336
f 1307 1336 1337
f 1307 1337 1338
f 1307 1338 1308
f 1307 1330 1331
f 1308 1338 1309
f 1309 1338 1339
f 1310 1340 1341
f 1310 1341 1311
f 1311 1341 1342
f 1311 1342 1312
f 1312 1342 1343
f 1312 1343 1344
f 1312 1344 1345
f 1312 1345 1313
f 1313 1345 1346
f 1313 1346 1314
f 1314 1346 1315
f 1315 1347 1316
f 1315 1346 1348
f 1315 1348 1349
f 1315 1349 1350
f 1315 1350 1351
f 1315 1351 1352
f 1315 1352 1353
f 1315 1353 1347
f 1316 1347 1353
f 1316 1353 1354
f 1316 1354 1355
f 1316 1355 1356
f 1316 1356 1317
f 1318 1357 1338
f 1318 1338 1319
f 1319 1338 1320
f 1320 1338 1358
f 1320 1358 1336
f 1320 1336 1359
f 1320 1359 1322
f 1321 1360 1329
f 1321 1322 1360
f 1322 1359 1361
f 1322 1361 1362
f 1322 1362 1350
f 1322 1350 1348
f 1322 1348 1363
f 1322 1363 1364
f 1322 1364 1360
f 1323 1343 1365
f 1323 1365 1324
f 1323 1329 1366
f 1323 1366 1343
f 1324 1367 1325
f 1324 1365 1368
f 1324 1368 1367
f 1326 1369 1327
f 1327 1369 1328
f 1329 1360 1364
f 1329 1364 1366
f 1332 1334 1333
f 1335 1370 1336
f 1336 1358 1338
f 1336 1338 1337
f 1336 1370 1371
f 1336 1371 1362
f 1336 1362 1361
f 1336 1361 1359
f 1338 1357 1339
f 1340 1372 1373
f 1340 1373 1341
f 1341 1373 1342
f 1342 1374 1343
f 1342 1373 1374
f 1343 1374 1373
f 1343 1373 1368
f 1343 1368 1365
f 1343 1366 1375
f 1343 1375 1345
f 1343 1345 1344
f 1345 1363 1348
f 1345 1348 1346
f 1345 1375 1363
f 1348 1350 1349
f 1350 1362 1371
f 1352 1376 1353
f 1353 1376 1354
f 1354 1377 1355
f 1354 1376 1377
f 1363 1375 1364
f 1364 1375 1366
f 1367 1373 1372
f 1367 1368 1373
f 1378 1379 1382
f 1378 1382 1389
f 1378 1389 1394
f 1378 1394 1409
f 1378 1409 1426
f 1378 1426 1436
f 1378 1436 1441
f 1378 1441 1447
f 1378 1447 1444
f 1378 1444 1433
f 1378 1433 1423
f 1378 1423 1407
f 1378 1407 1393
f 1378 1393 1388
f 1378 1388 1386
f 1378 1386 1380
f 1378 1380 1381
f 1378 1381 1387
f 1378 1387 1392
f 1378 1392 1406
f 1378 1406 1408
f 1378 1408 1403
f 1378 1403 1402
f 1378 1402 1401
f 1378 1401 1400
f 1378 1400 1399
f 1378 1399 1398
f 1378 1398 1397
f 1378 1397 1396
f 1378 1396 1390
f 1378 1390 1383
f 1378 1383 1379
f 1379 1383 1384
f 1379 1384 1385
f 1379 1385 1382
f 1380 1386 1381
f 1381 1386 1388
f 1381 1388 1387
f 1382 1385 1384
f 1382 1384 1391
f 1382 1391 1404
f 1382 1404 1422
f 1382 1422 1421
f 1382 1421 1420
f 1382 1420 1419
f 1382 1419 1418
f 1382 1418 1417
f 1382 1417 1416
f 1382 1416 1415
f 1382 1415 1414
f 1382 1414 1413
f 1382 1413 1432
f 1382 1432 1443
f 1382 1443 1437
f 1382 1437 1427
f 1382 1427 1412
f 1382 1412 1395
f 1382 1395 1389
f 1383 1390 1391
f 1383 1391 1384
f 1387 1388 1393
f 1387 1393 1392
f 1389 1395 1394
f 1390 1396 1391
f 1391 1396 1397
f 1391 1397 1398
f 1391 1398 1399
f 1391 1399 1400
f 1391 1400 1401
f 1391 1401 1402
f 1391 1402 1403
f 1391 1403 1404
f 1392 1393 1405
f 1392 1405 1406
f 1393 1407 1408
f 1393 1408 1405
f 1394 1395 1410
f 1394 1410 1411
f 1394 1411 1409
f 1395 1412 1410
f 1403 1408 1424
f 1403 1424 1435
f 1403 1435 1434
f 1403 1434 1445
f 1403 1445 1446
f 1403 1446 1440
f 1403 1440 1432
f 1403 1432 1413
f 1403 1413 1414
f 1403 1414 1415
f 1403 1415 1416
f 1403 1416 1417
f 1403 1417 1418
f 1403 1418 1419
f 1403 1419 1420
f 1403 1420 1421
f 1403 1421 1422
f 1403 1422 1404
f 1405 1408 1406
f 1407 1423 1424
f 1407 1424 1408
f 1409 1425 1426
f 1409 1411 1425
f 1410 1412 1427
f 1410 1427 1428
f 1410 1428 1429
f 1410 1429 1411
f 1411 1429 1430
f 1411 1430 1431
f 1411 1431 1425
f 1423 1433 1434
f 1423 1434 1435
f 1423 1435 1424
f 1425 1436 1426
f 1425 1431 1436
f 1427 1437 1428
f 1428 1437 1443
f 1428 1443 1438
f 1428 1438 1429
f 1429 1438 1432
f 1429 1432 1430
f 1430 1439 1431
f 1430 1432 1439
f 1431 1439 1436
f 1432 1440 1441
f 1432 1441 1436
f 1432 1436 1442
f 1432 1442 1439
f 1432 1438 1443
f 1433 1444 1434
f 1434 1444 1445
f 1436 1439 1442
f 1440 1446 1441
f 1441 1446 1447
f 1444 1447 1445
f 1445 1447 1446
f 1448 1449 1454
f 1448 1454 1463
f 1448 1463 1474
f 1448 1474 1490
f 1448 1490 1508
f 1448 1508 1519
f 1448 1519 1518
f 1448 1518 1517
f 1448 1517 1533
f 1448 1533 1531
f 1448 1531 1542
f 1448 1542 1547
f 1448 1547 1546
f 1448 1546 1555
f 1448 1555 1554
f 1448 1554 1549
f 1448 1549 1541
f 1448 1541 1529
f 1448 1529 1527
f 1448 1527 1513
f 1448 1513 1503
f 1448 1503 1485
f 1448 1485 1483
f 1448 1483 1466
f 1448 1466 1455
f 1448 1455 1450
f 1448 1450 1451
f 1448 1451 1452
f 1448 1452 1453
f 1448 1453 1449
f 1449 1453 1454
f 1450 1455 1451
f 1451 1456 1453
f 1451 1453 1452
f 1451 1455 1457
f 1451 1457 1458
f 1451 1458 1456
f 1453 1456 1458
f 1453 1458 1459
f 1453 1459 1460
f 1453 1460 1461
f 1453 1461 1454
f 1454 1462 1463
f 1454 1461 1464
f 1454 1464 1465
f 1454 1465 1462
f 1455 1466 1457
f 1457 1466 1458
f 1458 1467 1484
f 1458 1484 1498
f 1458 1498 1502
f 1458 1502 1501
f 1458 1501 1500
f 1458 1500 1499
f 1458 1499 1504
f 1458 1504 1486
f 1458 1486 1470
f 1458 1470 1468
f 1458 1468 1460
f 1458 1460 1459
f 1458 1466 1467
f 1460 1468 1461
f 1461 1468 1469
f 1461 1469 1470
f 1461 1470 1471
f 1461 1471 1464
f 1462 1472 1473
f 1462 1473 1463
f 1462 1465 1472
f 1463 1473 1474
f 1464 1471 1475
f 1464 1475 1476
f 1464 1476 1477
f 1464 1477 1478
f 1464 1478 1479
f 1464 1479 1480
f 1464 1480 1465
f 1465 1480 1481
f 1465 1481 1482
f 1465 1482 1472
f 1466 1483 1467
f 1467 1483 1485
f 1467 1485 1484
f 1468 1470 1469
f 1470 1486 1471
f 1471 1486 1475
f 1472 1482 1487
f 1472 1487 1488
f 1472 1488 1489
f 1472 1489 1473
f 1473 1490 1474
f 1473 1489 1490
f 1475 1491 1492
f 1475 1492 1477
f 1475 1477 1476
f 1475 1486 1491
f 1477 1492 1493
f 1477 1493 1478
f 1478 1494 1479
f 1478 1493 1494
f 1479 1494 1495
f 1479 1495 1496
f 1479 1496 1480
f 1480 1496 1481
f 1481 1497 1488
f 1481 1488 1482
f 1481 1496 1497
f 1482 1488 1487
f 1484 1485 1498
f 1485 1499 1500
f 1485 1500 1501
f 1485 1501 1502
f 1485 1502 1498
f 1485 1503 1514
f 1485 1514 1528
f 1485 1528 1540
f 1485 1540 1548
f 1485 1548 1556
f 1485 1556 1551
f 1485 1551 1543
f 1485 1543 1537
f 1485 1537 1535
f 1485 1535 1536
f 1485 1536 1534
f 1485 1534 1522
f 1485 1522 1521
f 1485 1521 1520
f 1485 1520 1515
f 1485 1515 1505
f 1485 1505 1504
f 1485 1504 1499
f 1486 1504 1505
f 1486 1505 1491
f 1488 1497 1489
f 1489 1506 1507
f 1489 1507 1508
f 1489 1508 1490
f 1489 1497 1495
f 1489 1495 1509
f 1489 1509 1506
f 1491 1493 1492
f 1491 1505 1510
f 1491 1510 1493
f 1493 1510 1494
f 1494 1510 1511
f 1494 1511 1512
f 1494 1512 1495
f 1495 1497 1496
f 1495 1512 1509
f 1503 1513 1514
f 1505 1515 1510
f 1506 1516 1517
f 1506 1517 1518
f 1506 1518 1507
f 1506 1509 1516
f 1507 1518 1519
f 1507 1519 1508
f 1509 1512 1516
f 1510 1515 1520
f 1510 1520 1511
f 1511 1520 1521
f 1511 1521 1522
f 1511 1522 1523
f 1511 1523 1524
f 1511 1524 1525
f 1511 1525 1526
f 1511 1526 1516
f 1511 1516 1512
f 1513 1527 1514
f 1514 1527 1529
f 1514 1529 1528
f 1516 1530 1531
f 1516 1531 1532
f 1516 1532 1517
f 1516 1526 1525
f 1516 1525 1530
f 1517 1532 1533
f 1522 1534 1523
f 1523 1534 1524
f 1524 1535 1525
f 1524 1534 1536
f 1524 1536 1535
f 1525 1535 1537
f 1525 1537 1538
f 1525 1538 1539
f 1525 1539 1530
f 1528 1529 1540
f 1529 1541 1540
f 1530 1538 1542
f 1530 1542 1531
f 1530 1539 1538
f 1531 1533 1532
f 1537 1543 1544
f 1537 1544 1538
f 1538 1544 1545
f 1538 1545 1546
f 1538 1546 1547
f 1538 1547 1542
f 1540 1541 1548
f 1541 1549 1550
f 1541 1550 1548
f 1543 1551 1552
f 1543 1552 1553
f 1543 1553 1545
f 1543 1545 1544
f 1545 1553 1554
f 1545 1554 1555
f 1545 1555 1546
f 1548 1550 1556
f 1549 1554 1553
f 1549 1553 1550
f 1550 1553 1552
f 1550 1552 1556
f 1551 1556 1552
f 1557 1558 1559
f 1557 1559 1560
f 1557 1560 1561
f 1557 1561 1562
f 1557 1562 1571
f 1557 1571 1584
f 1557 1584 1602
f 1557 1602 1601
f 1557 1601 1623
f 1557 1623 1648
f 1557 1648 1671
f 1557 1671 1690
f 1557 1690 1694
f 1557 1694 1693
f 1557 1693 1683
f 1557 1683 1661
f 1557 1661 1635
f 1557 1635 1610
f 1557 1610 1588
f 1557 1588 1587
f 1557 1587 1574
f 1557 1574 1564
f 1557 1564 1558
f 1558 1563 1559
f 1558 1564 1565
f 1558 1565 1563
f 1559 1563 1566
f 1559 1566 1560
f 1560 1567 1561
f 1560 1566 1567
f 1561 1568 1569
f 1561 1569 1570
f 1561 1570 1571
f 1561 1571 1562
f 1561 1567 1568
f 1563 1572 1566
f 1563 1565 1573
f 1563 1573 1572
f 1564 1574 1565
f 1565 1574 1575
f 1565 1575 1576
f 1565 1576 1573
f 1566 1572 1577
f 1566 1577 1578
f 1566 1578 1579
f 1566 1579 1567
f 1567 1579 1580
f 1567 1580 1568
f 1568 1580 1581
f 1568 1581 1582
f 1568 1582 1569
f 1569 1582 1583
f 1569 1583 1570
f 1570 1583 1571
f 1571 1583 1584
f 1572 1573 1577
f 1573 1576 1585
f 1573 1585 1586
f 1573 1586 1577
f 1574 1587 1576
f 1574 1576 1575
f 1576 1587 1588
f 1576 1588 1589
f 1576 1589 1585
f 1577 1590 1578
f 1577 1586 1590
f 1578 1590 1591
f 1578 1591 1579
f 1579 1591 1592
f 1579 1592 1580
f 1580 1592 1581
f 1581 1592 1593
f 1581 1593 1594
f 1581 1594 1595
f 1581 1595 1596
f 1581 1596 1597
f 1581 1597 1582
f 1582 1597 1598
f 1582 1598 1599
f 1582 1599 1600
f 1582 1600 1583
f 1583 1600 1601
f 1583 1601 1602
f 1583 1602 1584
f 1585 1589 1611
f 1585 1611 1603
f 1585 1603 1604
f 1585 1604 1605
f 1585 1605 1606
f 1585 1606 1607
f 1585 1607 1608
f 1585 1608 1609
f 1585 1609 1586
f 1586 1609 1590
f 1588 1610 1611
f 1588 1611 1589
f 1590 1609 1612
f 1590 1612 1591
f 1591 1612 1592
f 1592 1612 1593
f 1593 1612 1613
f 1593 1613 1594
f 1594 1614 1615
f 1594 1615 1595
f 1594 1613 1614
f 1595 1616 1598
f 1595 1598 1596
f 1595 1615 1617
f 1595 1617 1618
f 1595 1618 1619
f 1595 1619 1616
f 1596 1598 1597
f 1598 1616 1619
f 1598 1619 1620
f 1598 1620 1599
f 1599 1601 1600
f 1599 1620 1621
f 1599 1621 1622
f 1599 1622 1601
f 1601 1622 1623
f 1603 1611 1624
f 1603 1624 1625
f 1603 1625 1626
f 1603 1626 1627
f 1603 1627 1628
f 1603 1628 1604
f 1604 1628 1629
f 1604 1629 1630
f 1604 1630 1631
f 1604 1631 1605
f 1605 1631 1606
f 1606 1631 1632
f 1606 1632 1607
f 1607 1632 1633
f 1607 1633 1608
f 1608 1633 1634
f 1608 1634 1609
f 1609 1634 1612
f 1610 1635 1636
f 1610 1636 1637
f 1610 1637 1611
f 1611 1637 1638
f 1611 1638 1639
f 1611 1639 1640
f 1611 1640 1624
f 1612 1634 1613
f 1613 1634 1641
f 1613 1641 1642
f 1613 1642 1614
f 1614 1642 1615
f 1615 1642 1643
f 1615 1643 1617
f 1617 1643 1644
f 1617 1644 1618
f 1618 1645 1669
f 1618 1669 1668
f 1618 1668 1667
f 1618 1667 1689
f 1618 1689 1697
f 1618 1697 1701
f 1618 1701 1700
f 1618 1700 1695
f 1618 1695 1684
f 1618 1684 1690
f 1618 1690 1671
f 1618 1671 1670
f 1618 1670 1647
f 1618 1647 1646
f 1618 1646 1619
f 1618 1644 1645
f 1619 1646 1647
f 1619 1647 1648
f 1619 1648 1620
f 1620 1648 1621
f 1621 1648 1622
f 1622 1648 1623
f 1624 1640 1625
f 1625 1640 1649
f 1625 1649 1650
f 1625 1650 1626
f 1626 1650 1651
f 1626 1651 1628
f 1626 1628 1627
f 1628 1652 1629
f 1628 1651 1652
f 1629 1652 1630
f 1630 1652 1653
f 1630 1653 1631
f 1631 1654 1655
f 1631 1655 1632
f 1631 1653 1652
f 1631 1652 1656
f 1631 1656 1657
f 1631 1657 1654
f 1632 1655 1654
f 1632 1654 1658
f 1632 1658 1659
f 1632 1659 1660
f 1632 1660 1641
f 1632 1641 1633
f 1633 1641 1634
f 1635 1661 1662
f 1635 1662 1636
f 1636 1662 1684
f 1636 1684 1695
f 1636 1695 1698
f 1636 1698 1692
f 1636 1692 1681
f 1636 1681 1680
f 1636 1680 1679
f 1636 1679 1678
f 1636 1678 1657
f 1636 1657 1656
f 1636 1656 1677
f 1636 1677 1676
f 1636 1676 1675
f 1636 1675 1674
f 1636 1674 1691
f 1636 1691 1686
f 1636 1686 1685
f 1636 1685 1663
f 1636 1663 1639
f 1636 1639 1638
f 1636 1638 1637
f 1639 1663 1640
f 1640 1663 1664
f 1640 1664 1649
f 1641 1660 1642
f 1642 1665 1643
f 1642 1660 1666
f 1642 1666 1667
f 1642 1667 1668
f 1642 1668 1669
f 1642 1669 1665
f 1643 1665 1669
f 1643 1669 1645
f 1643 1645 1644
f 1647 1670 1648
f 1648 1670 1671
f 1649 1664 1672
f 1649 1672 1650
f 1650 1672 1652
f 1650 1652 1651
f 1652 1672 1673
f 1652 1673 1674
f 1652 1674 1675
f 1652 1675 1676
f 1652 1676 1677
f 1652 1677 1656
f 1654 1657 1658
f 1657 1678 1658
f 1658 1678 1679
f 1658 1679 1680
f 1658 1680 1659
f 1659 1681 1682
f 1659 1682 1666
f 1659 1666 1660
f 1659 1680 1681
f 1661 1683 1684
f 1661 1684 1662
f 1663 1685 1664
f 1664 1685 1686
f 1664 1686 1672
f 1666 1687 1688
f 1666 1688 1667
f 1666 1682 1687
f 1667 1688 1689
f 1672 1686 1673
f 1673 1686 1691
f 1673 1691 1674
f 1681 1692 1687
f 1681 1687 1682
f 1683 1693 1684
f 1684 1693 1694
f 1684 1694 1690
f 1687 1692 1696
f 1687 1696 1697
f 1687 1697 1688
f 1688 1697 1689
f 1692 1698 1699
f 1692 1699 1696
f 1695 1700 1698
f 1696 1699 1701
f 1696 1701 1697
f 1698 1700 1699
f 1699 1700 1701
f 1702 1703 1704
f 1702 1704 1708
f 1702 1708 1714
f 1702 1714 1723
f 1702 1723 1737
f 1702 1737 1766
f 1702 1766 1800
f 1702 1800 1772
f 1702 1772 1739
f 1702 1739 1725
f 1702 1725 1715
f 1702 1715 1709
f 1702 1709 1705
f 1702 1705 1710
f 1702 1710 1717
f 1702 1717 1716
f 1702 1716 1724
f 1702 1724 1726
f 1702 1726 1743
f 1702 1743 1777
f 1702 1777 1791
f 1702 1791 1751
f 1702 1751 1728
f 1702 1728 1718
f 1702 1718 1711
f 1702 1711 1706
f 1702 1706 1707
f 1702 1707 1703
f 1703 1707 1712
f 1703 1712 1720
f 1703 1720 1731
f 1703 1731 1759
f 1703 1759 1763
f 1703 1763 1798
f 1703 1798 1769
f 1703 1769 1768
f 1703 1768 1765
f 1703 1765 1735
f 1703 1735 1722
f 1703 1722 1713
f 1703 1713 1708
f 1703 1708 1704
f 1705 1709 1710
f 1706 1711 1719
f 1706 1719 1730
f 1706 1730 1758
f 1706 1758 1788
f 1706 1788 1823
f 1706 1823 1822
f 1706 1822 1819
f 1706 1819 1843
f 1706 1843 1842
f 1706 1842 1848
f 1706 1848 1847
f 1706 1847 1846
f 1706 1846 1844
f 1706 1844 1829
f 1706 1829 1799
f 1706 1799 1764
f 1706 1764 1734
f 1706 1734 1721
f 1706 1721 1712
f 1706 1712 1707
f 1708 1713 1714
f 1709 1715 1716
f 1709 1716 1717
f 1709 1717 1710
f 1711 1718 1719
f 1712 1721 1720
f 1713 1722 1714
f 1714 1722 1723
f 1715 1724 1716
f 1715 1725 1726
f 1715 1726 1724
f 1718 1727 1719
f 1718 1728 1729
f 1718 1729 1727
f 1719 1727 1730
f 1720 1721 1732
f 1720 1732 1733
f 1720 1733 1731
f 1721 1734 1732
f 1722 1735 1736
f 1722 1736 1723
f 1723 1736 1738
f 1723 1738 1737
f 1725 1739 1726
f 1726 1739 1740
f 1726 1740 1741
f 1726 1741 1742
f 1726 1742 1743
f 1727 1744 1745
f 1727 1745 1746
f 1727 1746 1747
f 1727 1747 1748
f 1727 1748 1749
f 1727 1749 1730
f 1727 1729 1750
f 1727 1750 1744
f 1728 1751 1752
f 1728 1752 1729
f 1729 1752 1753
f 1729 1753 1754
f 1729 1754 1755
f 1729 1755 1756
f 1729 1756 1757
f 1729 1757 1750
f 1730 1749 1758
f 1731 1733 1759
f 1732 1760 1761
f 1732 1761 1762
f 1732 1762 1763
f 1732 1763 1733
f 1732 1734 1764
f 1732 1764 1760
f 1733 1763 1759
f 1735 1765 1736
f 1736 1765 1738
f 1737 1738 1767
f 1737 1767 1766
f 1738 1765 1768
f 1738 1768 1769
f 1738 1769 1770
f 1738 1770 1771
f 1738 1771 1767
f 1739 1772 1773
f 1739 1773 1740
f 1740 1773 1774
f 1740 1774 1741
f 1741 1774 1775
f 1741 1775 1742
f 1742 1775 1776
f 1742 1776 1743
f 1743 1776 1754
f 1743 1754 1753
f 1743 1753 1777
f 1744 1750 1745
f 1745 1778 1779
f 1745 1779 1746
f 1745 1750 1780
f 1745 1780 1781
f 1745 1781 1782
f 1745 1782 1783
f 1745 1783 1784
f 1745 1784 1778
f 1746 1779 1747
f 1747 1785 1786
f 1747 1786 1787
f 1747 1787 1788
f 1747 1788 1748
f 1747 1779 1778
f 1747 1778 1789
f 1747 1789 1785
f 1748 1788 1749
f 1749 1788 1758
f 1750 1757 1790
f 1750 1790 1780
f 1751 1791 1752
f 1752 1791 1777
f 1752 1777 1753
f 1754 1776 1775
f 1754 1775 1755
f 1755 1775 1792
f 1755 1792 1756
f 1756 1792 1780
f 1756 1780 1757
f 1757 1780 1790
f 1760 1793 1794
f 1760 1794 1795
f 1760 1795 1761
f 1760 1764 1796
f 1760 1796 1793
f 1761 1795 1797
f 1761 1797 1762
f 1762 1797 1798
f 1762 1798 1763
f 1764 1799 1796
f 1766 1767 1801
f 1766 1801 1800
f 1767 1771 1801
f 1769 1798 1770
f 1770 1798 1794
f 1770 1794 1771
f 1771 1794 1802
f 1771 1802 1803
f 1771 1803 1801
f 1772 1800 1804
f 1772 1804 1773
f 1773 1804 1805
f 1773 1805 1774
f 1774 1805 1806
f 1774 1806 1807
f 1774 1807 1792
f 1774 1792 1775
f 1778 1808 1789
f 1778 1784 1809
f 1778 1809 1810
f 1778 1810 1808
f 1780 1792 1811
f 1780 1811 1812
f 1780 1812 1781
f 1781 1812 1782
f 1782 1812 1813
f 1782 1813 1783
f 1783 1814 1809
f 1783 1809 1784
f 1783 1813 1815
f 1783 1815 1814
f 1785 1816 1817
f 1785 1817 1818
f 1785 1818 1819
f 1785 1819 1820
f 1785 1820 1786
f 1785 1789 1808
f 1785 1808 1810
f 1785 1810 1821
f 1785 1821 1816
f 1786 1820 1787
f 1787 1820 1822
f 1787 1822 1823
f 1787 1823 1788
f 1792 1807 1811
f 1793 1796 1794
f 1794 1797 1795
f 1794 1796 1824
f 1794 1824 1825
f 1794 1825 1826
f 1794 1826 1827
f 1794 1827 1821
f 1794 1821 1828
f 1794 1828 1810
f 1794 1810 1803
f 1794 1803 1802
f 1794 1798 1797
f 1796 1799 1829
f 1796 1829 1830
f 1796 1830 1824
f 1800 1801 1831
f 1800 1831 1832
f 1800 1832 1833
f 1800 1833 1834
f 1800 1834 1805
f 1800 1805 1804
f 1801 1803 1831
f 1803 1815 1831
f 1803 1810 1835
f 1803 1835 1815
f 1805 1834 1833
f 1805 1833 1836
f 1805 1836 1806
f 1806 1836 1807
f 1807 1836 1837
f 1807 1837 1811
f 1809 1814 1835
f 1809 1835 1810
f 1810 1828 1821
f 1811 1838 1812
f 1811 1837 1813
f 1811 1813 1838
f 1812 1838 1813
f 1813 1837 1839
f 1813 1839 1815
f 1814 1815 1835
f 1815 1839 1836
f 1815 1836 1833
f 1815 1833 1832
f 1815 1832 1831
f 1816 1826 1817
f 1816 1821 1827
f 1816 1827 1826
f 1817 1826 1840
f 1817 1840 1841
f 1817 1841 1818
f 1818 1841 1842
f 1818 1842 1843
f 1818 1843 1819
f 1819 1822 1820
f 1824 1830 1840
f 1824 1840 1826
f 1824 1826 1825
f 1829 1844 1830
f 1830 1845 1840
f 1830 1844 1845
f 1836 1839 1837
f 1840 1845 1841
f 1841 1845 1844
f 1841 1844 1846
f 1841 1846 1847
f 1841 1847 1848
f 1841 1848 1842
f 1849 1850 1851
f 1849 1851 1857
f 1849 1857 1868
f 1849 1868 1885
f 1849 1885 1903
f 1849 1903 1924
f 1849 1924 1942
f 1849 1942 1941
f 1849 1941 1927
f 1849 1927 1944
f 1849 1944 1930
f 1849 1930 1908
f 1849 1908 1891
f 1849 1891 1873
f 1849 1873 1859
f 1849 1859 1852
f 1849 1852 1862
f 1849 1862 1876
f 1849 1876 1894
f 1849 1894 1912
f 1849 1912 1933
f 1849 1933 1934
f 1849 1934 1935
f 1849 1935 1916
f 1849 1916 1914
f 1849 1914 1895
f 1849 1895 1877
f 1849 1877 1865
f 1849 1865 1863
f 1849 1863 1853
f 1849 1853 1854
f 1849 1854 1855
f 1849 1855 1856
f 1849 1856 1850
f 1850 1857 1851
f 1850 1856 1858
f 1850 1858 1857
f 1852 1859 1860
f 1852 1860 1861
f 1852 1861 1862
f 1853 1863 1854
f 1854 1863 1864
f 1854 1864 1855
f 1855 1864 1856
f 1856 1864 1865
f 1856 1865 1866
f 1856 1866 1867
f 1856 1867 1858
f 1857 1858 1868
f 1858 1867 1869
f 1858 1869 1870
f 1858 1870 1871
f 1858 1871 1872
f 1858 1872 1868
f 1859 1873 1892
f 1859 1892 1909
f 1859 1909 1932
f 1859 1932 1936
f 1859 1936 1920
f 1859 1920 1919
f 1859 1919 1918
f 1859 1918 1911
f 1859 1911 1893
f 1859 1893 1874
f 1859 1874 1875
f 1859 1875 1860
f 1860 1875 1874
f 1860 1874 1893
f 1860 1893 1910
f 1860 1910 1913
f 1860 1913 1894
f 1860 1894 1876
f 1860 1876 1861
f 1861 1876 1862
f 1863 1865 1864
f 1865 1877 1878
f 1865 1878 1879
f 1865 1879 1866
f 1866 1879 1880
f 1866 1880 1867
f 1867 1881 1869
f 1867 1880 1882
f 1867 1882 1883
f 1867 1883 1881
f 1868 1884 1885
f 1868 1872 1886
f 1868 1886 1884
f 1869 1881 1887
f 1869 1887 1888
f 1869 1888 1889
f 1869 1889 1890
f 1869 1890 1870
f 1870 1890 1871
f 1871 1890 1886
f 1871 1886 1872
f 1873 1891 1892
f 1877 1895 1896
f 1877 1896 1897
f 1877 1897 1898
f 1877 1898 1880
f 1877 1880 1878
f 1878 1880 1879
f 1880 1898 1899
f 1880 1899 1882
f 1881 1883 1900
f 1881 1900 1887
f 1882 1899 1901
f 1882 1901 1900
f 1882 1900 1883
f 1884 1902 1885
f 1884 1886 1902
f 1885 1902 1903
f 1886 1890 1904
f 1886 1904 1902
f 1887 1905 1888
f 1887 1900 1906
f 1887 1906 1905
f 1888 1905 1889
f 1889 1905 1890
f 1890 1905 1907
f 1890 1907 1904
f 1891 1908 1892
f 1892 1908 1909
f 1893 1911 1910
f 1894 1913 1912
f 1895 1914 1896
f 1896 1914 1915
f 1896 1915 1897
f 1897 1915 1901
f 1897 1901 1899
f 1897 1899 1898
f 1900 1901 1906
f 1901 1915 1916
f 1901 1916 1913
f 1901 1913 1910
f 1901 1910 1911
f 1901 1911 1917
f 1901 1917 1918
f 1901 1918 1919
f 1901 1919 1920
f 1901 1920 1921
f 1901 1921 1922
f 1901 1922 1906
f 1902 1923 1903
f 1902 1904 1923
f 1903 1923 1924
f 1904 1907 1925
f 1904 1925 1926
f 1904 1926 1927
f 1904 1927 1923
f 1905 1928 1907
f 1905 1906 1928
f 1906 1922 1928
f 1907 1929 1925
f 1907 1928 1929
f 1908 1930 1931
f 1908 1931 1932
f 1908 1932 1909
f 1911 1918 1917
f 1912 1913 1933
f 1913 1934 1933
f 1913 1916 1935
f 1913 1935 1934
f 1914 1916 1915
f 1920 1936 1937
f 1920 1937 1938
f 1920 1938 1939
f 1920 1939 1921
f 1921 1939 1922
f 1922 1939 1940
f 1922 1940 1928
f 1923 1927 1941
f 1923 1941 1942
f 1923 1942 1924
f 1925 1943 1926
f 1925 1929 1943
f 1926 1943 1927
f 1927 1943 1945
f 1927 1945 1944
f 1928 1940 1929
f 1929 1946 1947
f 1929 1947 1943
f 1929 1940 1946
f 1930 1944 1931
f 1931 1945 1947
f 1931 1947 1948
f 1931 1948 1932
f 1931 1944 1945
f 1932 1948 1936
f 1936 1948 1937
f 1937 1948 1938
f 1938 1940 1939
f 1938 1948 1946
f 1938 1946 1940
f 1943 1947 1945
f 1946 1948 1947
f 1949 1950 1951
f 1949 1951 1954
f 1949 1954 1961
f 1949 1961 1975
f 1949 1975 1991
f 1949 1991 2014
f 1949 2014 2036
f 1949 2036 2035
f 1949 2035 2071
f 1949 2071 2093
f 1949 2093 2099
f 1949 2099 2089
f 1949 2089 2098
f 1949 2098 2097
f 1949 2097 2102
f 1949 2102 2101
f 1949 2101 2100
f 1949 2100 2095
f 1949 2095 2072
f 1949 2072 2037
f 1949 2037 2016
f 1949 2016 1997
f 1949 1997 1979
f 1949 1979 1963
f 1949 1963 1956
f 1949 1956 1952
f 1949 1952 1957
f 1949 1957 1964
f 1949 1964 1981
f 1949 1981 2000
f 1949 2000 2024
f 1949 2024 2051
f 1949 2051 2057
f 1949 2057 2084
f 1949 2084 2086
f 1949 2086 2096
f 1949 2096 2087
f 1949 2087 2058
f 1949 2058 2025
f 1949 2025 2002
f 1949 2002 2001
f 1949 2001 1982
f 1949 1982 1967
f 1949 1967 1966
f 1949 1966 1965
f 1949 1965 1958
f 1949 1958 1953
f 1949 1953 1950
f 1950 1953 1951
f 1951 1953 1955
f 1951 1955 1954
f 1952 1956 1957
f 1953 1958 1959
f 1953 1959 1960
f 1953 1960 1955
f 1954 1955 1961
f 1955 1962 1961
f 1955 1960 1962
f 1956 1963 1978
f 1956 1978 1996
f 1956 1996 2020
f 1956 2020 2046
f 1956 2046 2081
f 1956 2081 2047
f 1956 2047 2021
f 1956 2021 1998
f 1956 1998 1980
f 1956 1980 1964
f 1956 1964 1957
f 1958 1965 1959
f 1959 1966 1967
f 1959 1967 1968
f 1959 1968 1969
f 1959 1969 1960
f 1959 1965 1966
f 1960 1969 1970
f 1960 1970 1971
f 1960 1971 1972
f 1960 1972 1973
f 1960 1973 1974
f 1960 1974 1962
f 1961 1962 1975
f 1962 1974 1976
f 1962 1976 1975
f 1963 1977 1978
f 1963 1979 1977
f 1964 1980 1981
f 1967 1982 1968
f 1968 1982 1983
f 1968 1983 1984
f 1968 1984 1969
f 1969 1984 1970
f 1970 1984 1985
f 1970 1985 1971
f 1971 1986 1972
f 1971 1985 1986
f 1972 1986 1987
f 1972 1987 1988
f 1972 1988 1973
f 1973 1988 1989
f 1973 1989 1974
f 1974 1989 1976
f 1975 1976 1990
f 1975 1990 1991
f 1976 1989 1990
f 1977 1992 1993
f 1977 1993 2017
f 1977 2017 1994
f 1977 1994 2019
f 1977 2019 1995
f 1977 1995 1978
f 1977 1979 1992
f 1978 1995 1996
f 1979 1997 1992
f 1980 1998 1999
f 1980 1999 1981
f 1981 1999 2000
f 1982 2001 1983
f 1983 2001 2002
f 1983 2002 2003
f 1983 2003 1984
f 1984 2003 2004
f 1984 2004 1985
f 1985 2005 2006
f 1985 2006 1986
f 1985 2004 2007
f 1985 2007 2008
f 1985 2008 2005
f 1986 2006 1987
f 1987 2006 2009
f 1987 2009 2010
f 1987 2010 1988
f 1988 2010 2011
f 1988 2011 1989
f 1989 2011 1990
f 1990 2011 2012
f 1990 2012 2013
f 1990 2013 1991
f 1991 2013 2014
f 1992 2015 2017
f 1992 2017 1993
f 1992 1997 2016
f 1992 2016 2015
f 1994 2017 2018
f 1994 2018 2019
f 1995 2019 2046
f 1995 2046 2020
f 1995 2020 1996
f 1998 2021 2022
f 1998 2022 1999
f 1999 2022 2023
f 1999 2023 2000
f 2000 2023 2024
f 2002 2025 2026
f 2002 2026 2003
f 2003 2026 2004
f 2004 2026 2027
f 2004 2027 2007
f 2005 2028 2006
f 2005 2008 2028
f 2006 2028 2029
f 2006 2029 2009
f 2007 2027 2030
f 2007 2030 2008
f 2008 2031 2032
f 2008 2032 2029
f 2008 2029 2028
f 2008 2030 2031
f 2009 2033 2010
f 2009 2029 2033
f 2010 2012 2011
f 2010 2033 2012
f 2012 2034 2035
f 2012 2035 2036
f 2012 2036 2013
f 2012 2033 2034
f 2013 2036 2014
f 2015 2016 2037
f 2015 2037 2038
f 2015 2038 2039
f 2015 2039 2030
f 2015 2030 2040
f 2015 2040 2041
f 2015 2041 2017
f 2017 2041 2042
f 2017 2042 2018
f 2018 2043 2019
f 2018 2042 2043
f 2019 2043 2044
f 2019 2044 2045
f 2019 2045 2046
f 2021 2047 2048
f 2021 2048 2049
f 2021 2049 2050
f 2021 2050 2022
f 2022 2050 2023
f 2023 2051 2024
f 2023 2050 2052
f 2023 2052 2053
f 2023 2053 2054
f 2023 2054 2055
f 2023 2055 2056
f 2023 2056 2057
f 2023 2057 2051
f 2025 2058 2059
f 2025 2059 2026
f 2026 2059 2060
f 2026 2060 2027
f 2027 2060 2061
f 2027 2061 2030
f 2029 2062 2063
f 2029 2063 2064
f 2029 2064 2033
f 2029 2032 2065
f 2029 2065 2062
f 2030 2061 2041
f 2030 2041 2040
f 2030 2039 2066
f 2030 2066 2067
f 2030 2067 2031
f 2031 2067 2066
f 2031 2066 2068
f 2031 2068 2069
f 2031 2069 2070
f 2031 2070 2032
f 2032 2070 2065
f 2033 2064 2034
f 2034 2071 2035
f 2034 2064 2071
f 2037 2072 2038
f 2038 2072 2073
f 2038 2073 2039
f 2039 2068 2066
f 2039 2073 2068
f 2041 2074 2075
f 2041 2075 2076
f 2041 2076 2042
f 2041 2061 2074
f 2042 2076 2043
f 2043 2077 2078
f 2043 2078 2079
f 2043 2079 2047
f 2043 2047 2080
f 2043 2080 2044
f 2043 2076 2077
f 2044 2080 2045
f 2045 2080 2081
f 2045 2081 2046
f 2047 2081 2080
f 2047 2079 2049
f 2047 2049 2048
f 2049 2079 2082
f 2049 2082 2050
f 2050 2082 2052
f 2052 2082 2078
f 2052 2078 2077
f 2052 2077 2083
f 2052 2083 2053
f 2053 2083 2054
f 2054 2084 2055
f 2054 2083 2075
f 2054 2075 2074
f 2054 2074 2085
f 2054 2085 2086
f 2054 2086 2084
f 2055 2084 2056
f 2056 2084 2057
f 2058 2087 2085
f 2058 2085 2059
f 2059 2085 2060
f 2060 2085 2074
f 2060 2074 2061
f 2062 2088 2089
f 2062 2089 2090
f 2062 2090 2091
f 2062 2091 2064
f 2062 2064 2063
f 2062 2065 2092
f 2062 2092 2088
f 2064 2091 2093
f 2064 2093 2094
f 2064 2094 2071
f 2065 2070 2092
f 2068 2073 2092
f 2068 2092 2069
f 2069 2092 2070
f 2071 2094 2093
f 2072 2095 2092
f 2072 2092 2073
f 2075 2083 2077
f 2075 2077 2076
f 2078 2082 2079
f 2085 2087 2096
f 2085 2096 2086
f 2088 2097 2098
f 2088 2098 2089
f 2088 2092 2097
f 2089 2099 2090
f 2090 2099 2091
f 2091 2099 2093
f 2092 2095 2100
f 2092 2100 2101
f 2092 2101 2102
f 2092 2102 2097
f 2103 2104 2108
f 2103 2108 2117
f 2103 2117 2130
f 2103 2130 2145
f 2103 2145 2142
f 2103 2142 2127
f 2103 2127 2118
f 2103 2118 2110
f 2103 2110 2105
f 2103 2105 2106
f 2103 2106 2113
f 2103 2113 2121
f 2103 2121 2120
f 2103 2120 2134
f 2103 2134 2128
f 2103 2128 2115
f 2103 2115 2107
f 2103 2107 2104
f 2104 2107 2108
f 2105 2109 2106
f 2105 2110 2109
f 2106 2111 2112
f 2106 2112 2113
f 2106 2109 2114
f 2106 2114 2111
f 2107 2115 2116
f 2107 2116 2108
f 2108 2116 2117
f 2109 2110 2114
f 2110 2118 2114
f 2111 2114 2112
f 2112 2119 2120
f 2112 2120 2121
f 2112 2121 2113
f 2112 2114 2122
f 2112 2122 2123
f 2112 2123 2124
f 2112 2124 2125
f 2112 2125 2126
f 2112 2126 2119
f 2114 2118 2127
f 2114 2127 2123
f 2114 2123 2122
f 2115 2128 2133
f 2115 2133 2132
f 2115 2132 2146
f 2115 2146 2161
f 2115 2161 2155
f 2115 2155 2144
f 2115 2144 2129
f 2115 2129 2116
f 2116 2129 2143
f 2116 2143 2158
f 2116 2158 2166
f 2116 2166 2165
f 2116 2165 2164
f 2116 2164 2163
f 2116 2163 2162
f 2116 2162 2147
f 2116 2147 2145
f 2116 2145 2130
f 2116 2130 2117
f 2119 2131 2132
f 2119 2132 2133
f 2119 2133 2134
f 2119 2134 2120
f 2119 2126 2131
f 2123 2127 2135
f 2123 2135 2124
f 2124 2135 2136
f 2124 2136 2125
f 2125 2136 2137
f 2125 2137 2126
f 2126 2137 2136
f 2126 2136 2138
f 2126 2138 2139
f 2126 2139 2140
f 2126 2140 2141
f 2126 2141 2131
f 2127 2142 2135
f 2128 2134 2133
f 2129 2144 2143
f 2131 2146 2132
f 2131 2141 2146
f 2135 2142 2147
f 2135 2147 2148
f 2135 2148 2136
f 2136 2148 2138
f 2138 2148 2149
f 2138 2149 2150
f 2138 2150 2151
f 2138 2151 2139
f 2139 2151 2152
f 2139 2152 2153
f 2139 2153 2154
f 2139 2154 2140
f 2140 2155 2156
f 2140 2156 2157
f 2140 2157 2141
f 2140 2154 2155
f 2141 2157 2146
f 2142 2145 2147
f 2143 2144 2159
f 2143 2159 2158
f 2144 2155 2160
f 2144 2160 2159
f 2146 2157 2156
f 2146 2156 2161
f 2147 2162 2148
f 2148 2162 2163
f 2148 2163 2150
f 2148 2150 2149
f 2150 2163 2164
f 2150 2164 2151
f 2151 2164 2165
f 2151 2165 2153
f 2151 2153 2152
f 2153 2165 2166
f 2153 2166 2154
f 2154 2166 2167
f 2154 2167 2155
f 2155 2161 2156
f 2155 2167 2160
f 2158 2159 2167
f 2158 2167 2166
f 2159 2160 2167
f 2168 2169 2170
f 2168 2170 2178
f 2168 2178 2192
f 2168 2192 2191
f 2168 2191 2190
f 2168 2190 2210
f 2168 2210 2209
f 2168 2209 2227
f 2168 2227 2215
f 2168 2215 2197
f 2168 2197 2182
f 2168 2182 2171
f 2168 2171 2184
f 2168 2184 2199
f 2168 2199 2218
f 2168 2218 2235
f 2168 2235 2259
f 2168 2259 2266
f 2168 2266 2248
f 2168 2248 2247
f 2168 2247 2228
f 2168 2228 2212
f 2168 2212 2196
f 2168 2196 2195
f 2168 2195 2193
f 2168 2193 2180
f 2168 2180 2179
f 2168 2179 2172
f 2168 2172 2169
f 2169 2173 2174
f 2169 2174 2175
f 2169 2175 2176
f 2169 2176 2177
f 2169 2177 2178
f 2169 2178 2170
f 2169 2172 2179
f 2169 2179 2180
f 2169 2180 2181
f 2169 2181 2173
f 2171 2182 2183
f 2171 2183 2184
f 2173 2181 2174
f 2174 2185 2186
f 2174 2186 2175
f 2174 2181 2187
f 2174 2187 2188
f 2174 2188 2185
f 2175 2186 2176
f 2176 2189 2190
f 2176 2190 2191
f 2176 2191 2177
f 2176 2186 2189
f 2177 2191 2192
f 2177 2192 2178
f 2180 2193 2181
f 2181 2194 2187
f 2181 2193 2195
f 2181 2195 2196
f 2181 2196 2194
f 2182 2197 2216
f 2182 2216 2223
f 2182 2223 2221
f 2182 2221 2240
f 2182 2240 2239
f 2182 2239 2238
f 2182 2238 2237
f 2182 2237 2261
f 2182 2261 2260
f 2182 2260 2246
f 2182 2246 2245
f 2182 2245 2244
f 2182 2244 2265
f 2182 2265 2273
f 2182 2273 2269
f 2182 2269 2250
f 2182 2250 2230
f 2182 2230 2217
f 2182 2217 2198
f 2182 2198 2183
f 2183 2199 2184
f 2183 2198 2217
f 2183 2217 2231
f 2183 2231 2253
f 2183 2253 2256
f 2183 2256 2255
f 2183 2255 2232
f 2183 2232 2218
f 2183 2218 2199
f 2185 2188 2200
f 2185 2200 2201
f 2185 2201 2202
f 2185 2202 2203
f 2185 2203 2186
f 2186 2203 2189
f 2187 2194 2204
f 2187 2204 2205
f 2187 2205 2188
f 2188 2205 2206
f 2188 2206 2200
f 2189 2207 2208
f 2189 2208 2209
f 2189 2209 2210
f 2189 2210 2190
f 2189 2203 2211
f 2189 2211 2207
f 2194 2196 2212
f 2194 2212 2213
f 2194 2213 2214
f 2194 2214 2204
f 2197 2215 2207
f 2197 2207 2216
f 2200 2206 2219
f 2200 2219 2201
f 2201 2219 2220
f 2201 2220 2202
f 2202 2221 2222
f 2202 2222 2223
f 2202 2223 2211
f 2202 2211 2203
f 2202 2220 2221
f 2204 2214 2205
f 2205 2224 2206
f 2205 2214 2224
f 2206 2224 2225
f 2206 2225 2226
f 2206 2226 2219
f 2207 2215 2208
f 2207 2211 2223
f 2207 2223 2216
f 2208 2215 2227
f 2208 2227 2209
f 2212 2228 2213
f 2213 2228 2214
f 2214 2228 2229
f 2214 2229 2224
f 2217 2230 2231
f 2218 2232 2233
f 2218 2233 2234
f 2218 2234 2235
f 2219 2226 2236
f 2219 2236 2237
f 2219 2237 2238
f 2219 2238 2220
f 2220 2239 2240
f 2220 2240 2221
f 2220 2238 2239
f 2221 2223 2222
f 2224 2229 2241
f 2224 2241 2225
f 2225 2241 2242
f 2225 2242 2226
f 2226 2242 2243
f 2226 2243 2244
f 2226 2244 2245
f 2226 2245 2246
f 2226 2246 2236
f 2228 2247 2229
f 2229 2247 2248
f 2229 2248 2249
f 2229 2249 2241
f 2230 2250 2251
f 2230 2251 2252
f 2230 2252 2253
f 2230 2253 2254
f 2230 2254 2231
f 2231 2254 2253
f 2232 2255 2233
f 2233 2255 2256
f 2233 2256 2257
f 2233 2257 2258
f 2233 2258 2259
f 2233 2259 2234
f 2234 2259 2235
f 2236 2246 2260
f 2236 2260 2261
f 2236 2261 2237
f 2241 2249 2262
f 2241 2262 2242
f 2242 2262 2243
f 2243 2263 2244
f 2243 2262 2264
f 2243 2264 2263
f 2244 2263 2265
f 2248 2266 2267
f 2248 2267 2268
f 2248 2268 2249
f 2249 2268 2262
f 2250 2269 2270
f 2250 2270 2251
f 2251 2270 2252
f 2252 2256 2253
f 2252 2270 2256
f 2256 2270 2257
f 2257 2270 2271
f 2257 2271 2258
f 2258 2271 2266
f 2258 2266 2259
f 2262 2268 2272
f 2262 2272 2264
f 2263 2273 2265
f 2263 2264 2272
f 2263 2272 2274
f 2263 2274 2269
f 2263 2269 2273
f 2266 2271 2267
f 2267 2271 2268
f 2268 2271 2274
f 2268 2274 2272
f 2269 2274 2270
f 2270 2274 2271
f 2275 2276 2280
f 2275 2280 2300
f 2275 2300 2310
f 2275 2310 2325
f 2275 2325 2327
f 2275 2327 2313
f 2275 2313 2316
f 2275 2316 2312
f 2275 2312 2303
f 2275 2303 2283
f 2275 2283 2281
f 2275 2281 2277
f 2275 2277 2278
f 2275 2278 2282
f 2275 2282 2301
f 2275 2301 2302
f 2275 2302 2311
f 2275 2311 2326
f 2275 2326 2343
f 2275 2343 2350
f 2275 2350 2349
f 2275 2349 2348
f 2275 2348 2347
f 2275 2347 2352
f 2275 2352 2351
f 2275 2351 2333
f 2275 2333 2317
f 2275 2317 2306
f 2275 2306 2289
f 2275 2289 2288
f 2275 2288 2287
f 2275 2287 2286
f 2275 2286 2285
f 2275 2285 2284
f 2275 2284 2279
f 2275 2279 2276
f 2276 2279 2280
f 2277 2281 2278
f 2278 2281 2283
f 2278 2283 2282
f 2279 2284 2280
f 2280 2284 2285
f 2280 2285 2286
f 2280 2286 2287
f 2280 2287 2288
f 2280 2288 2289
f 2280 2289 2290
f 2280 2290 2291
f 2280 2291 2292
f 2280 2292 2293
f 2280 2293 2294
f 2280 2294 2295
f 2280 2295 2296
f 2280 2296 2297
f 2280 2297 2298
f 2280 2298 2299
f 2280 2299 2300
f 2282 2283 2301
f 2283 2302 2301
f 2283 2303 2304
f 2283 2304 2305
f 2283 2305 2302
f 2289 2306 2307
f 2289 2307 2308
f 2289 2308 2309
f 2289 2309 2291
f 2289 2291 2290
f 2291 2309 2308
f 2291 2308 2307
f 2291 2307 2321
f 2291 2321 2320
f 2291 2320 2341
f 2291 2341 2340
f 2291 2340 2339
f 2291 2339 2338
f 2291 2338 2337
f 2291 2337 2336
f 2291 2336 2335
f 2291 2335 2334
f 2291 2334 2322
f 2291 2322 2310
f 2291 2310 2300
f 2291 2300 2299
f 2291 2299 2298
f 2291 2298 2297
f 2291 2297 2296
f 2291 2296 2295
f 2291 2295 2294
f 2291 2294 2293
f 2291 2293 2292
f 2302 2305 2311
f 2303 2312 2304
f 2304 2313 2314
f 2304 2314 2315
f 2304 2315 2305
f 2304 2312 2316
f 2304 2316 2313
f 2305 2315 2311
f 2306 2317 2318
f 2306 2318 2319
f 2306 2319 2320
f 2306 2320 2321
f 2306 2321 2307
f 2310 2322 2323
f 2310 2323 2324
f 2310 2324 2325
f 2311 2315 2326
f 2313 2327 2328
f 2313 2328 2329
f 2313 2329 2330
f 2313 2330 2314
f 2314 2330 2331
f 2314 2331 2315
f 2315 2331 2332
f 2315 2332 2326
f 2317 2333 2346
f 2317 2346 2344
f 2317 2344 2331
f 2317 2331 2330
f 2317 2330 2329
f 2317 2329 2328
f 2317 2328 2342
f 2317 2342 2322
f 2317 2322 2334
f 2317 2334 2319
f 2317 2319 2318
f 2319 2334 2335
f 2319 2335 2336
f 2319 2336 2337
f 2319 2337 2338
f 2319 2338 2339
f 2319 2339 2340
f 2319 2340 2341
f 2319 2341 2320
f 2322 2342 2324
f 2322 2324 2323
f 2324 2342 2328
f 2324 2328 2327
f 2324 2327 2325
f 2326 2332 2343
f 2331 2344 2332
f 2332 2344 2345
f 2332 2345 2346
f 2332 2346 2347
f 2332 2347 2348
f 2332 2348 2349
f 2332 2349 2350
f 2332 2350 2343
f 2333 2351 2346
f 2344 2346 2345
f 2346 2351 2352
f 2346 2352 2347
f 2353 2354 2362
f 2353 2362 2380
f 2353 2380 2379
f 2353 2379 2378
f 2353 2378 2377
f 2353 2377 2376
f 2353 2376 2375
f 2353 2375 2374
f 2353 2374 2373
f 2353 2373 2372
f 2353 2372 2371
f 2353 2371 2370
f 2353 2370 2369
f 2353 2369 2368
f 2353 2368 2367
f 2353 2367 2364
f 2353 2364 2355
f 2353 2355 2363
f 2353 2363 2381
f 2353 2381 2389
f 2353 2389 2388
f 2353 2388 2387
f 2353 2387 2386
f 2353 2386 2385
f 2353 2385 2384
f 2353 2384 2383
f 2353 2383 2365
f 2353 2365 2356
f 2353 2356 2357
f 2353 2357 2358
f 2353 2358 2359
f 2353 2359 2360
f 2353 2360 2361
f 2353 2361 2354
f 2354 2361 2362
f 2355 2364 2363
f 2356 2365 2396
f 2356 2396 2399
f 2356 2399 2397
f 2356 2397 2366
f 2356 2366 2361
f 2356 2361 2360
f 2356 2360 2359
f 2356 2359 2358
f 2356 2358 2357
f 2361 2366 2398
f 2361 2398 2395
f 2361 2395 2394
f 2361 2394 2393
f 2361 2393 2392
f 2361 2392 2391
f 2361 2391 2390
f 2361 2390 2382
f 2361 2382 2364
f 2361 2364 2367
f 2361 2367 2368
f 2361 2368 2369
f 2361 2369 2370
f 2361 2370 2371
f 2361 2371 2372
f 2361 2372 2373
f 2361 2373 2374
f 2361 2374 2375
f 2361 2375 2376
f 2361 2376 2377
f 2361 2377 2378
f 2361 2378 2379
f 2361 2379 2380
f 2361 2380 2362
f 2363 2364 2381
f 2364 2382 2365
f 2364 2365 2383
f 2364 2383 2384
f 2364 2384 2385
f 2364 2385 2386
f 2364 2386 2387
f 2364 2387 2388
f 2364 2388 2389
f 2364 2389 2381
f 2365 2390 2391
f 2365 2391 2392
f 2365 2392 2393
f 2365 2393 2394
f 2365 2394 2395
f 2365 2395 2396
f 2365 2382 2390
f 2366 2397 2398
f 2395 2398 2396
f 2396 2398 2399
f 2397 2399 2398
f 2400 2401 2402
f 2400 2402 2403
f 2400 2403 2404
f 2400 2404 2405
f 2400 2405 2401
f 2401 2406 2402
f 2401 2405 2407
f 2401 2407 2422
f 2401 2422 2421
f 2401 2421 2433
f 2401 2433 2432
f 2401 2432 2438
f 2401 2438 2443
f 2401 2443 2456
f 2401 2456 2482
f 2401 2482 2493
f 2401 2493 2486
f 2401 2486 2463
f 2401 2463 2462
f 2401 2462 2459
f 2401 2459 2446
f 2401 2446 2439
f 2401 2439 2434
f 2401 2434 2424
f 2401 2424 2410
f 2401 2410 2409
f 2401 2409 2406
f 2402 2408 2403
f 2402 2406 2409
f 2402 2409 2410
f 2402 2410 2411
f 2402 2411 2412
f 2402 2412 2413
f 2402 2413 2408
f 2403 2414 2415
f 2403 2415 2416
f 2403 2416 2404
f 2403 2408 2414
f 2404 2416 2417
f 2404 2417 2418
f 2404 2418 2419
f 2404 2419 2405
f 2405 2419 2420
f 2405 2420 2421
f 2405 2421 2422
f 2405 2422 2407
f 2408 2413 2414
f 2410 2423 2411
f 2410 2424 2423
f 2411 2423 2412
f 2412 2425 2426
f 2412 2426 2413
f 2412 2423 2424
f 2412 2424 2425
f 2413 2426 2427
f 2413 2427 2414
f 2414 2427 2426
f 2414 2426 2425
f 2414 2425 2436
f 2414 2436 2435
f 2414 2435 2441
f 2414 2441 2450
f 2414 2450 2471
f 2414 2471 2470
f 2414 2470 2489
f 2414 2489 2495
f 2414 2495 2490
f 2414 2490 2472
f 2414 2472 2451
f 2414 2451 2442
f 2414 2442 2437
f 2414 2437 2428
f 2414 2428 2418
f 2414 2418 2417
f 2414 2417 2416
f 2414 2416 2415
f 2418 2428 2419
f 2419 2428 2429
f 2419 2429 2430
f 2419 2430 2431
f 2419 2431 2420
f 2420 2431 2432
f 2420 2432 2433
f 2420 2433 2421
f 2424 2434 2440
f 2424 2440 2445
f 2424 2445 2458
f 2424 2458 2483
f 2424 2483 2494
f 2424 2494 2487
f 2424 2487 2467
f 2424 2467 2466
f 2424 2466 2448
f 2424 2448 2441
f 2424 2441 2435
f 2424 2435 2436
f 2424 2436 2425
f 2428 2437 2429
f 2429 2437 2442
f 2429 2442 2452
f 2429 2452 2453
f 2429 2453 2443
f 2429 2443 2438
f 2429 2438 2431
f 2429 2431 2430
f 2431 2438 2432
f 2434 2439 2440
f 2439 2444 2445
f 2439 2445 2440
f 2439 2446 2447
f 2439 2447 2444
f 2441 2448 2449
f 2441 2449 2450
f 2442 2451 2452
f 2443 2453 2454
f 2443 2454 2455
f 2443 2455 2456
f 2444 2447 2445
f 2445 2447 2457
f 2445 2457 2458
f 2446 2459 2447
f 2447 2460 2461
f 2447 2461 2457
f 2447 2459 2462
f 2447 2462 2463
f 2447 2463 2464
f 2447 2464 2465
f 2447 2465 2460
f 2448 2466 2449
f 2449 2466 2467
f 2449 2467 2468
f 2449 2468 2469
f 2449 2469 2470
f 2449 2470 2471
f 2449 2471 2450
f 2451 2472 2473
f 2451 2473 2452
f 2452 2473 2474
f 2452 2474 2453
f 2453 2474 2454
f 2454 2474 2455
f 2455 2474 2475
f 2455 2475 2476
f 2455 2476 2477
f 2455 2477 2478
f 2455 2478 2479
f 2455 2479 2460
f 2455 2460 2480
f 2455 2480 2481
f 2455 2481 2482
f 2455 2482 2456
f 2457 2461 2458
f 2458 2461 2483
f 2460 2479 2484
f 2460 2484 2485
f 2460 2485 2461
f 2460 2465 2480
f 2461 2485 2483
f 2463 2486 2464
f 2464 2486 2481
f 2464 2481 2465
f 2465 2481 2480
f 2467 2487 2468
f 2468 2487 2485
f 2468 2485 2484
f 2468 2484 2469
f 2469 2484 2488
f 2469 2488 2489
f 2469 2489 2470
f 2472 2490 2488
f 2472 2488 2491
f 2472 2491 2473
f 2473 2491 2474
f 2474 2491 2492
f 2474 2492 2475
f 2475 2492 2476
f 2476 2491 2488
f 2476 2488 2477
f 2476 2492 2491
f 2477 2488 2484
f 2477 2484 2479
f 2477 2479 2478
f 2481 2493 2482
f 2481 2486 2493
f 2483 2485 2494
f 2485 2487 2494
f 2488 2495 2489
f 2488 2490 2495
f 2496 2497 2501
f 2496 2501 2508
f 2496 2508 2507
f 2496 2507 2506
f 2496 2506 2505
f 2496 2505 2511
f 2496 2511 2502
f 2496 2502 2498
f 2496 2498 2503
f 2496 2503 2510
f 2496 2510 2518
f 2496 2518 2535
f 2496 2535 2564
f 2496 2564 2589
f 2496 2589 2594
f 2496 2594 2593
f 2496 2593 2577
f 2496 2577 2576
f 2496 2576 2554
f 2496 2554 2553
f 2496 2553 2527
f 2496 2527 2514
f 2496 2514 2504
f 2496 2504 2499
f 2496 2499 2500
f 2496 2500 2497
f 2497 2500 2501
f 2498 2502 2503
f 2499 2504 2513
f 2499 2513 2524
f 2499 2524 2547
f 2499 2547 2552
f 2499 2552 2575
f 2499 2575 2597
f 2499 2597 2596
f 2499 2596 2598
f 2499 2598 2578
f 2499 2578 2556
f 2499 2556 2529
f 2499 2529 2515
f 2499 2515 2509
f 2499 2509 2500
f 2500 2505 2506
f 2500 2506 2507
f 2500 2507 2508
f 2500 2508 2501
f 2500 2509 2517
f 2500 2517 2533
f 2500 2533 2563
f 2500 2563 2587
f 2500 2587 2565
f 2500 2565 2536
f 2500 2536 2519
f 2500 2519 2511
f 2500 2511 2505
f 2502 2510 2503
f 2502 2511 2512
f 2502 2512 2510
f 2504 2514 2513
f 2509 2515 2516
f 2509 2516 2517
f 2510 2512 2518
f 2511 2519 2520
f 2511 2520 2512
f 2512 2521 2522
f 2512 2522 2518
f 2512 2520 2523
f 2512 2523 2521
f 2513 2514 2525
f 2513 2525 2526
f 2513 2526 2524
f 2514 2527 2528
f 2514 2528 2525
f 2515 2529 2530
f 2515 2530 2516
f 2516 2530 2531
f 2516 2531 2532
f 2516 2532 2533
f 2516 2533 2517
f 2518 2522 2534
f 2518 2534 2535
f 2519 2536 2537
f 2519 2537 2538
f 2519 2538 2520
f 2520 2538 2523
f 2521 2534 2522
f 2521 2523 2534
f 2523 2539 2540
f 2523 2540 2541
f 2523 2541 2542
f 2523 2542 2543
f 2523 2543 2544
f 2523 2544 2545
f 2523 2545 2546
f 2523 2546 2534
f 2523 2538 2539
f 2524 2526 2547
f 2525 2528 2526
f 2526 2528 2548
f 2526 2548 2549
f 2526 2549 2550
f 2526 2550 2551
f 2526 2551 2552
f 2526 2552 2547
f 2527 2553 2528
f 2528 2553 2554
f 2528 2554 2555
f 2528 2555 2548
f 2529 2556 2557
f 2529 2557 2530
f 2530 2557 2531
f 2531 2558 2559
f 2531 2559 2532
f 2531 2557 2558
f 2532 2559 2560
f 2532 2560 2561
f 2532 2561 2562
f 2532 2562 2563
f 2532 2563 2533
f 2534 2546 2545
f 2534 2545 2535
f 2535 2545 2564
f 2536 2565 2566
f 2536 2566 2537
f 2537 2566 2567
f 2537 2567 2568
f 2537 2568 2538
f 2538 2568 2539
f 2539 2568 2569
f 2539 2569 2540
f 2540 2569 2541
f 2541 2569 2570
f 2541 2570 2571
f 2541 2571 2550
f 2541 2550 2542
f 2542 2550 2543
f 2543 2555 2572
f 2543 2572 2544
f 2543 2550 2549
f 2543 2549 2548
f 2543 2548 2555
f 2544 2573 2545
f 2544 2572 2573
f 2545 2573 2564
f 2550 2571 2574
f 2550 2574 2551
f 2551 2574 2552
f 2552 2574 2575
f 2554 2576 2555
f 2555 2576 2577
f 2555 2577 2572
f 2556 2578 2557
f 2557 2578 2579
f 2557 2579 2580
f 2557 2580 2558
f 2558 2580 2581
f 2558 2581 2582
f 2558 2582 2559
f 2559 2582 2583
f 2559 2583 2560
f 2560 2583 2561
f 2561 2569 2567
f 2561 2567 2584
f 2561 2584 2562
f 2561 2583 2585
f 2561 2585 2570
f 2561 2570 2569
f 2562 2584 2586
f 2562 2586 2563
f 2563 2586 2587
f 2564 2573 2588
f 2564 2588 2589
f 2565 2587 2566
f 2566 2587 2584
f 2566 2584 2567
f 2567 2569 2568
f 2570 2585 2590
f 2570 2590 2571
f 2571 2590 2591
f 2571 2591 2574
f 2572 2577 2573
f 2573 2592 2593
f 2573 2593 2594
f 2573 2594 2589
f 2573 2589 2588
f 2573 2577 2592
f 2574 2591 2595
f 2574 2595 2596
f 2574 2596 2597
f 2574 2597 2575
f 2577 2593 2592
f 2578 2598 2579
f 2579 2591 2580
f 2579 2598 2591
f 2580 2591 2590
f 2580 2590 2581
f 2581 2590 2585
f 2581 2585 2582
f 2582 2585 2583
f 2584 2587 2586
f 2591 2598 2595
f 2595 2598 2596
f 2599 2600 2601
f 2599 2601 2605
f 2599 2605 2624
f 2599 2624 2635
f 2599 2635 2648
f 2599 2648 2647
f 2599 2647 2646
f 2599 2646 2645
f 2599 2645 2644
f 2599 2644 2643
f 2599 2643 2642
f 2599 2642 2641
f 2599 2641 2640
f 2599 2640 2639
f 2599 2639 2638
f 2599 2638 2637
f 2599 2637 2633
f 2599 2633 2616
f 2599 2616 2602
f 2599 2602 2622
f 2599 2622 2634
f 2599 2634 2653
f 2599 2653 2654
f 2599 2654 2649
f 2599 2649 2627
f 2599 2627 2615
f 2599 2615 2614
f 2599 2614 2613
f 2599 2613 2612
f 2599 2612 2611
f 2599 2611 2610
f 2599 2610 2609
f 2599 2609 2608
f 2599 2608 2607
f 2599 2607 2606
f 2599 2606 2603
f 2599 2603 2600
f 2600 2603 2601
f 2601 2604 2623
f 2601 2623 2632
f 2601 2632 2631
f 2601 2631 2630
f 2601 2630 2629
f 2601 2629 2628
f 2601 2628 2651
f 2601 2651 2650
f 2601 2650 2655
f 2601 2655 2656
f 2601 2656 2652
f 2601 2652 2636
f 2601 2636 2625
f 2601 2625 2605
f 2601 2603 2606
f 2601 2606 2607
f 2601 2607 2608
f 2601 2608 2609
f 2601 2609 2610
f 2601 2610 2611
f 2601 2611 2612
f 2601 2612 2613
f 2601 2613 2614
f 2601 2614 2615
f 2601 2615 2604
f 2602 2616 2617
f 2602 2617 2618
f 2602 2618 2619
f 2602 2619 2620
f 2602 2620 2621
f 2602 2621 2622
f 2604 2615 2623
f 2605 2625 2626
f 2605 2626 2624
f 2615 2627 2628
f 2615 2628 2629
f 2615 2629 2630
f 2615 2630 2631
f 2615 2631 2632
f 2615 2632 2623
f 2616 2633 2626
f 2616 2626 2617
f 2617 2626 2636
f 2617 2636 2652
f 2617 2652 2634
f 2617 2634 2622
f 2617 2622 2621
f 2617 2621 2620
f 2617 2620 2619
f 2617 2619 2618
f 2624 2626 2635
f 2625 2636 2626
f 2626 2633 2637
f 2626 2637 2638
f 2626 2638 2639
f 2626 2639 2640
f 2626 2640 2641
f 2626 2641 2642
f 2626 2642 2643
f 2626 2643 2644
f 2626 2644 2645
f 2626 2645 2646
f 2626 2646 2647
f 2626 2647 2648
f 2626 2648 2635
f 2627 2649 2650
f 2627 2650 2651
f 2627 2651 2628
f 2634 2652 2653
f 2649 2654 2655
f 2649 2655 2650
f 2652 2656 2653
f 2653 2656 2654
f 2654 2656 2655
f 2657 2658 2659
f 2657 2659 2666
f 2657 2666 2676
f 2657 2676 2675
f 2657 2675 2686
f 2657 2686 2691
f 2657 2691 2707
f 2657 2707 2706
f 2657 2706 2705
f 2657 2705 2704
f 2657 2704 2703
f 2657 2703 2702
f 2657 2702 2693
f 2657 2693 2688
f 2657 2688 2677
f 2657 2677 2667
f 2657 2667 2660
f 2657 2660 2661
f 2657 2661 2658
f 2658 2662 2659
f 2658 2661 2663
f 2658 2663 2664
f 2658 2664 2665
f 2658 2665 2662
f 2659 2662 2666
f 2660 2667 2661
f 2661 2667 2668
f 2661 2668 2669
f 2661 2669 2670
f 2661 2670 2663
f 2662 2671 2666
f 2662 2665 2671
f 2663 2670 2672
f 2663 2672 2673
f 2663 2673 2664
f 2664 2673 2682
f 2664 2682 2681
f 2664 2681 2680
f 2664 2680 2684
f 2664 2684 2689
f 2664 2689 2700
f 2664 2700 2721
f 2664 2721 2727
f 2664 2727 2723
f 2664 2723 2701
f 2664 2701 2690
f 2664 2690 2685
f 2664 2685 2674
f 2664 2674 2665
f 2665 2674 2675
f 2665 2675 2676
f 2665 2676 2671
f 2666 2671 2676
f 2667 2677 2687
f 2667 2687 2692
f 2667 2692 2698
f 2667 2698 2716
f 2667 2716 2726
f 2667 2726 2725
f 2667 2725 2718
f 2667 2718 2717
f 2667 2717 2699
f 2667 2699 2689
f 2667 2689 2684
f 2667 2684 2683
f 2667 2683 2679
f 2667 2679 2678
f 2667 2678 2668
f 2668 2678 2669
f 2669 2678 2679
f 2669 2679 2670
f 2670 2680 2681
f 2670 2681 2682
f 2670 2682 2673
f 2670 2673 2672
f 2670 2679 2683
f 2670 2683 2684
f 2670 2684 2680
f 2674 2685 2686
f 2674 2686 2675
f 2677 2688 2687
f 2685 2690 2686
f 2686 2690 2691
f 2687 2688 2692
f 2688 2693 2690
f 2688 2690 2701
f 2688 2701 2722
f 2688 2722 2728
f 2688 2728 2724
f 2688 2724 2714
f 2688 2714 2713
f 2688 2713 2712
f 2688 2712 2711
f 2688 2711 2708
f 2688 2708 2694
f 2688 2694 2695
f 2688 2695 2696
f 2688 2696 2697
f 2688 2697 2698
f 2688 2698 2692
f 2689 2699 2700
f 2690 2693 2702
f 2690 2702 2703
f 2690 2703 2704
f 2690 2704 2705
f 2690 2705 2706
f 2690 2706 2707
f 2690 2707 2691
f 2694 2708 2695
f 2695 2709 2710
f 2695 2710 2696
f 2695 2708 2711
f 2695 2711 2712
f 2695 2712 2713
f 2695 2713 2714
f 2695 2714 2709
f 2696 2710 2715
f 2696 2715 2697
f 2697 2715 2716
f 2697 2716 2698
f 2699 2717 2700
f 2700 2718 2719
f 2700 2719 2720
f 2700 2720 2721
f 2700 2717 2718
f 2701 2723 2722
f 2709 2720 2710
f 2709 2714 2720
f 2710 2720 2719
f 2710 2719 2715
f 2714 2724 2720
f 2715 2719 2725
f 2715 2725 2726
f 2715 2726 2716
f 2718 2725 2719
f 2720 2727 2721
f 2720 2724 2727
f 2722 2723 2728
f 2723 2727 2728
f 2724 2728 2727
f 2729 2730 2731
f 2729 2731 2732
f 2729 2732 2737
f 2729 2737 2745
f 2729 2745 2754
f 2729 2754 2765
f 2729 2765 2773
f 2729 2773 2772
f 2729 2772 2771
f 2729 2771 2778
f 2729 2778 2777
f 2729 2777 2782
f 2729 2782 2781
f 2729 2781 2780
f 2729 2780 2775
f 2729 2775 2768
f 2729 2768 2760
f 2729 2760 2758
f 2729 2758 2749
f 2729 2749 2738
f 2729 2738 2733
f 2729 2733 2734
f 2729 2734 2735
f 2729 2735 2736
f 2729 2736 2730
f 2730 2736 2744
f 2730 2744 2753
f 2730 2753 2764
f 2730 2764 2763
f 2730 2763 2766
f 2730 2766 2755
f 2730 2755 2746
f 2730 2746 2737
f 2730 2737 2732
f 2730 2732 2731
f 2733 2738 2739
f 2733 2739 2734
f 2734 2739 2738
f 2734 2738 2749
f 2734 2749 2750
f 2734 2750 2743
f 2734 2743 2742
f 2734 2742 2741
f 2734 2741 2740
f 2734 2740 2735
f 2735 2740 2736
f 2736 2740 2741
f 2736 2741 2742
f 2736 2742 2743
f 2736 2743 2750
f 2736 2750 2759
f 2736 2759 2767
f 2736 2767 2774
f 2736 2774 2779
f 2736 2779 2776
f 2736 2776 2769
f 2736 2769 2761
f 2736 2761 2751
f 2736 2751 2744
f 2737 2746 2747
f 2737 2747 2748
f 2737 2748 2745
f 2744 2751 2752
f 2744 2752 2753
f 2745 2748 2754
f 2746 2755 2747
f 2747 2755 2756
f 2747 2756 2757
f 2747 2757 2748
f 2748 2757 2754
f 2749 2758 2750
f 2750 2758 2760
f 2750 2760 2759
f 2751 2761 2752
f 2752 2762 2757
f 2752 2757 2756
f 2752 2756 2763
f 2752 2763 2764
f 2752 2764 2753
f 2752 2761 2762
f 2754 2757 2762
f 2754 2762 2765
f 2755 2766 2756
f 2756 2766 2763
f 2759 2760 2767
f 2760 2768 2767
f 2761 2769 2770
f 2761 2770 2771
f 2761 2771 2772
f 2761 2772 2762
f 2762 2772 2773
f 2762 2773 2765
f 2767 2768 2774
f 2768 2775 2774
f 2769 2776 2777
f 2769 2777 2778
f 2769 2778 2770
f 2770 2778 2771
f 2774 2775 2780
f 2774 2780 2779
f 2776 2779 2781
f 2776 2781 2782
f 2776 2782 2777
f 2779 2780 2781
f 2783 2784 2785
f 2783 2785 2786
f 2783 2786 2791
f 2783 2791 2800
f 2783 2800 2818
f 2783 2818 2841
f 2783 2841 2869
f 2783 2869 2906
f 2783 2906 2909
f 2783 2909 2951
f 2783 2951 2950
f 2783 2950 2954
f 2783 2954 2914
f 2783 2914 2911
f 2783 2911 2876
f 2783 2876 2848
f 2783 2848 2824
f 2783 2824 2803
f 2783 2803 2793
f 2783 2793 2787
f 2783 2787 2794
f 2783 2794 2810
f 2783 2810 2828
f 2783 2828 2857
f 2783 2857 2890
f 2783 2890 2889
f 2783 2889 2895
f 2783 2895 2941
f 2783 2941 2943
f 2783 2943 2898
f 2783 2898 2861
f 2783 2861 2860
f 2783 2860 2833
f 2783 2833 2814
f 2783 2814 2798
f 2783 2798 2788
f 2783 2788 2784
f 2784 2788 2789
f 2784 2789 2785
f 2785 2790 2791
f 2785 2791 2786
f 2785 2789 2792
f 2785 2792 2790
f 2787 2793 2794
f 2788 2795 2796
f 2788 2796 2797
f 2788 2797 2789
f 2788 2798 2799
f 2788 2799 2795
f 2789 2797 2792
f 2790 2800 2791
f 2790 2792 2801
f 2790 2801 2800
f 2792 2797 2802
f 2792 2802 2801
f 2793 2803 2825
f 2793 2825 2850
f 2793 2850 2880
f 2793 2880 2915
f 2793 2915 2920
f 2793 2920 2919
f 2793 2919 2883
f 2793 2883 2852
f 2793 2852 2826
f 2793 2826 2809
f 2793 2809 2808
f 2793 2808 2807
f 2793 2807 2806
f 2793 2806 2805
f 2793 2805 2804
f 2793 2804 2794
f 2794 2804 2805
f 2794 2805 2806
f 2794 2806 2807
f 2794 2807 2808
f 2794 2808 2809
f 2794 2809 2826
f 2794 2826 2851
f 2794 2851 2881
f 2794 2881 2916
f 2794 2916 2918
f 2794 2918 2917
f 2794 2917 2927
f 2794 2927 2962
f 2794 2962 2961
f 2794 2961 2931
f 2794 2931 2891
f 2794 2891 2888
f 2794 2888 2854
f 2794 2854 2827
f 2794 2827 2810
f 2795 2811 2796
f 2795 2799 2812
f 2795 2812 2811
f 2796 2811 2797
f 2797 2811 2813
f 2797 2813 2802
f 2798 2814 2815
f 2798 2815 2799
f 2799 2815 2816
f 2799 2816 2817
f 2799 2817 2812
f 2800 2801 2819
f 2800 2819 2818
f 2801 2820 2819
f 2801 2802 2821
f 2801 2821 2820
f 2802 2813 2822
f 2802 2822 2823
f 2802 2823 2821
f 2803 2824 2825
f 2810 2827 2828
f 2811 2812 2829
f 2811 2829 2813
f 2812 2817 2830
f 2812 2830 2831
f 2812 2831 2829
f 2813 2829 2832
f 2813 2832 2822
f 2814 2833 2815
f 2815 2833 2834
f 2815 2834 2816
f 2816 2834 2835
f 2816 2835 2836
f 2816 2836 2837
f 2816 2837 2838
f 2816 2838 2839
f 2816 2839 2817
f 2817 2839 2830
f 2818 2819 2820
f 2818 2820 2840
f 2818 2840 2841
f 2820 2821 2842
f 2820 2842 2843
f 2820 2843 2844
f 2820 2844 2840
f 2821 2823 2845
f 2821 2845 2842
f 2822 2832 2846
f 2822 2846 2847
f 2822 2847 2845
f 2822 2845 2823
f 2824 2848 2849
f 2824 2849 2825
f 2825 2849 2850
f 2826 2852 2853
f 2826 2853 2851
f 2827 2854 2828
f 2828 2855 2856
f 2828 2856 2857
f 2828 2854 2855
f 2829 2831 2858
f 2829 2858 2832
f 2830 2858 2831
f 2830 2839 2858
f 2832 2858 2859
f 2832 2859 2846
f 2833 2860 2834
f 2834 2860 2835
f 2835 2860 2836
f 2836 2860 2861
f 2836 2861 2862
f 2836 2862 2837
f 2837 2862 2863
f 2837 2863 2838
f 2838 2863 2864
f 2838 2864 2865
f 2838 2865 2839
f 2839 2865 2866
f 2839 2866 2867
f 2839 2867 2859
f 2839 2859 2858
f 2840 2868 2841
f 2840 2844 2868
f 2841 2868 2869
f 2842 2845 2870
f 2842 2870 2843
f 2843 2870 2871
f 2843 2871 2844
f 2844 2872 2868
f 2844 2871 2873
f 2844 2873 2872
f 2845 2847 2874
f 2845 2874 2870
f 2846 2859 2875
f 2846 2875 2847
f 2847 2875 2874
f 2848 2876 2877
f 2848 2877 2849
f 2849 2878 2879
f 2849 2879 2880
f 2849 2880 2850
f 2849 2877 2878
f 2851 2853 2882
f 2851 2882 2881
f 2852 2883 2884
f 2852 2884 2885
f 2852 2885 2853
f 2853 2886 2882
f 2853 2885 2887
f 2853 2887 2875
f 2853 2875 2886
f 2854 2888 2855
f 2855 2888 2856
f 2856 2889 2890
f 2856 2890 2857
f 2856 2888 2891
f 2856 2891 2892
f 2856 2892 2893
f 2856 2893 2894
f 2856 2894 2895
f 2856 2895 2889
f 2859 2867 2896
f 2859 2896 2897
f 2859 2897 2875
f 2861 2898 2862
f 2862 2864 2863
f 2862 2898 2899
f 2862 2899 2864
f 2864 2899 2900
f 2864 2900 2901
f 2864 2901 2865
f 2865 2901 2902
f 2865 2902 2866
f 2866 2902 2903
f 2866 2903 2904
f 2866 2904 2867
f 2867 2904 2905
f 2867 2905 2896
f 2868 2906 2869
f 2868 2872 2906
f 2870 2907 2871
f 2870 2874 2907
f 2871 2907 2873
f 2872 2908 2909
f 2872 2909 2906
f 2872 2873 2907
f 2872 2907 2908
f 2874 2910 2907
f 2874 2875 2910
f 2875 2887 2910
f 2875 2897 2886
f 2876 2911 2877
f 2877 2912 2913
f 2877 2913 2878
f 2877 2911 2914
f 2877 2914 2912
f 2878 2913 2879
f 2879 2913 2915
f 2879 2915 2880
f 2881 2882 2916
f 2882 2886 2917
f 2882 2917 2918
f 2882 2918 2916
f 2883 2919 2884
f 2884 2919 2920
f 2884 2920 2913
f 2884 2913 2885
f 2885 2913 2921
f 2885 2921 2922
f 2885 2922 2887
f 2886 2923 2924
f 2886 2924 2925
f 2886 2925 2926
f 2886 2926 2927
f 2886 2927 2917
f 2886 2897 2928
f 2886 2928 2929
f 2886 2929 2923
f 2887 2922 2930
f 2887 2930 2910
f 2891 2931 2932
f 2891 2932 2933
f 2891 2933 2892
f 2892 2933 2893
f 2893 2933 2934
f 2893 2934 2894
f 2894 2934 2935
f 2894 2935 2936
f 2894 2936 2937
f 2894 2937 2938
f 2894 2938 2895
f 2895 2938 2939
f 2895 2939 2940
f 2895 2940 2941
f 2896 2905 2942
f 2896 2942 2929
f 2896 2929 2928
f 2896 2928 2897
f 2898 2943 2899
f 2899 2943 2939
f 2899 2939 2938
f 2899 2938 2903
f 2899 2903 2902
f 2899 2902 2900
f 2900 2902 2901
f 2903 2938 2937
f 2903 2937 2944
f 2903 2944 2904
f 2904 2945 2905
f 2904 2944 2946
f 2904 2946 2945
f 2905 2945 2942
f 2907 2910 2947
f 2907 2947 2948
f 2907 2948 2908
f 2908 2949 2950
f 2908 2950 2951
f 2908 2951 2909
f 2908 2948 2949
f 2910 2930 2921
f 2910 2921 2952
f 2910 2952 2948
f 2910 2948 2947
f 2912 2953 2913
f 2912 2914 2954
f 2912 2954 2953
f 2913 2953 2955
f 2913 2955 2921
f 2913 2920 2915
f 2921 2930 2922
f 2921 2955 2948
f 2921 2948 2952
f 2923 2929 2942
f 2923 2942 2924
f 2924 2942 2956
f 2924 2956 2957
f 2924 2957 2925
f 2925 2957 2945
f 2925 2945 2946
f 2925 2946 2958
f 2925 2958 2959
f 2925 2959 2926
f 2926 2960 2961
f 2926 2961 2962
f 2926 2962 2927
f 2926 2959 2963
f 2926 2963 2960
f 2931 2961 2964
f 2931 2964 2932
f 2932 2964 2965
f 2932 2965 2966
f 2932 2966 2935
f 2932 2935 2934
f 2932 2934 2933
f 2935 2966 2958
f 2935 2958 2944
f 2935 2944 2937
f 2935 2937 2936
f 2939 2943 2940
f 2940 2943 2941
f 2942 2945 2956
f 2944 2958 2946
f 2945 2957 2956
f 2948 2955 2949
f 2949 2955 2953
f 2949 2953 2950
f 2950 2953 2954
f 2958 2966 2959
f 2959 2966 2965
f 2959 2965 2964
f 2959 2964 2963
f 2960 2963 2967
f 2960 2967 2961
f 2961 2967 2964
f 2963 2964 2967
f 2968 2969 2970
f 2968 2970 2974
f 2968 2974 2979
f 2968 2979 2992
f 2968 2992 2996
f 2968 2996 2995
f 2968 2995 3020
f 2968 3020 3066
f 2968 3066 3110
f 2968 3110 3076
f 2968 3076 3026
f 2968 3026 3000
f 2968 3000 2984
f 2968 2984 2975
f 2968 2975 2971
f 2968 2971 2976
f 2968 2976 2986
f 2968 2986 3005
f 2968 3005 3004
f 2968 3004 3029
f 2968 3029 3079
f 2968 3079 3044
f 2968 3044 3043
f 2968 3043 3042
f 2968 3042 3012
f 2968 3012 3008
f 2968 3008 2988
f 2968 2988 2977
f 2968 2977 2972
f 2968 2972 2969
f 2969 2972 2973
f 2969 2973 2978
f 2969 2978 2991
f 2969 2991 3014
f 2969 3014 3048
f 2969 3048 3096
f 2969 3096 3105
f 2969 3105 3128
f 2969 3128 3132
f 2969 3132 3131
f 2969 3131 3137
f 2969 3137 3136
f 2969 3136 3140
f 2969 3140 3139
f 2969 3139 3138
f 2969 3138 3133
f 2969 3133 3108
f 2969 3108 3107
f 2969 3107 3106
f 2969 3106 3060
f 2969 3060 3059
f 2969 3059 3058
f 2969 3058 3056
f 2969 3056 3018
f 2969 3018 2993
f 2969 2993 2980
f 2969 2980 2974
f 2969 2974 2970
f 2971 2975 2976
f 2972 2977 2987
f 2972 2987 3007
f 2972 3007 3033
f 2972 3033 3041
f 2972 3041 3093
f 2972 3093 3092
f 2972 3092 3123
f 2972 3123 3135
f 2972 3135 3125
f 2972 3125 3098
f 2972 3098 3097
f 2972 3097 3049
f 2972 3049 3015
f 2972 3015 2990
f 2972 2990 2978
f 2972 2978 2973
f 2974 2980 2981
f 2974 2981 2982
f 2974 2982 2983
f 2974 2983 2979
f 2975 2984 2985
f 2975 2985 2986
f 2975 2986 2976
f 2977 2988 2989
f 2977 2989 2987
f 2978 2990 2991
f 2979 2983 2992
f 2980 2993 2994
f 2980 2994 2981
f 2981 2994 2982
f 2982 2995 2996
f 2982 2996 2983
f 2982 2994 2997
f 2982 2997 2998
f 2982 2998 2999
f 2982 2999 2995
f 2983 2996 2992
f 2984 3000 3001
f 2984 3001 3002
f 2984 3002 2985
f 2985 3002 3003
f 2985 3003 3004
f 2985 3004 3005
f 2985 3005 2986
f 2987 3006 3007
f 2987 2989 3006
f 2988 3008 2989
f 2989 3009 3010
f 2989 3010 3011
f 2989 3011 3006
f 2989 3008 3012
f 2989 3012 3013
f 2989 3013 3009
f 2990 3014 2991
f 2990 3015 3016
f 2990 3016 3017
f 2990 3017 3014
f 2993 3018 3019
f 2993 3019 2997
f 2993 2997 2994
f 2995 2999 3020
f 2997 3019 2998
f 2998 3021 3022
f 2998 3022 2999
f 2998 3019 3023
f 2998 3023 3021
f 2999 3022 3024
f 2999 3024 3025
f 2999 3025 3020
f 3000 3026 3001
f 3001 3026 3027
f 3001 3027 3002
f 3002 3027 3028
f 3002 3028 3003
f 3003 3029 3004
f 3003 3028 3030
f 3003 3030 3031
f 3003 3031 3032
f 3003 3032 3029
f 3006 3011 3007
f 3007 3011 3033
f 3009 3013 3034
f 3009 3034 3010
f 3010 3035 3011
f 3010 3034 3036
f 3010 3036 3037
f 3010 3037 3035
f 3011 3035 3038
f 3011 3038 3039
f 3011 3039 3040
f 3011 3040 3041
f 3011 3041 3033
f 3012 3042 3013
f 3013 3042 3043
f 3013 3043 3044
f 3013 3044 3045
f 3013 3045 3046
f 3013 3046 3047
f 3013 3047 3034
f 3014 3017 3048
f 3015 3049 3016
f 3016 3050 3051
f 3016 3051 3052
f 3016 3052 3053
f 3016 3053 3054
f 3016 3054 3017
f 3016 3049 3055
f 3016 3055 3050
f 3017 3054 3048
f 3018 3056 3019
f 3019 3057 3023
f 3019 3056 3058
f 3019 3058 3059
f 3019 3059 3060
f 3019 3060 3061
f 3019 3061 3062
f 3019 3062 3063
f 3019 3063 3057
f 3020 3064 3065
f 3020 3065 3066
f 3020 3025 3064
f 3021 3023 3067
f 3021 3067 3068
f 3021 3068 3022
f 3022 3069 3024
f 3022 3068 3069
f 3023 3057 3070
f 3023 3070 3071
f 3023 3071 3072
f 3023 3072 3068
f 3023 3068 3067
f 3024 3069 3025
f 3025 3073 3074
f 3025 3074 3075
f 3025 3075 3064
f 3025 3069 3073
f 3026 3076 3027
f 3027 3074 3077
f 3027 3077 3028
f 3027 3076 3074
f 3028 3078 3030
f 3028 3077 3074
f 3028 3074 3078
f 3029 3032 3079
f 3030 3080 3031
f 3030 3078 3080
f 3031 3080 3081
f 3031 3081 3082
f 3031 3082 3045
f 3031 3045 3083
f 3031 3083 3032
f 3032 3083 3079
f 3034 3047 3046
f 3034 3046 3084
f 3034 3084 3085
f 3034 3085 3086
f 3034 3086 3087
f 3034 3087 3037
f 3034 3037 3036
f 3035 3037 3088
f 3035 3088 3038
f 3037 3089 3090
f 3037 3090 3088
f 3037 3087 3086
f 3037 3086 3089
f 3038 3088 3039
f 3039 3088 3091
f 3039 3091 3040
f 3040 3091 3092
f 3040 3092 3093
f 3040 3093 3041
f 3044 3079 3045
f 3045 3079 3083
f 3045 3082 3046
f 3046 3082 3081
f 3046 3081 3094
f 3046 3094 3095
f 3046 3095 3084
f 3048 3054 3096
f 3049 3097 3055
f 3050 3055 3051
f 3051 3055 3097
f 3051 3097 3098
f 3051 3098 3099
f 3051 3099 3088
f 3051 3088 3100
f 3051 3100 3101
f 3051 3101 3052
f 3052 3101 3053
f 3053 3102 3103
f 3053 3103 3054
f 3053 3101 3104
f 3053 3104 3102
f 3054 3103 3105
f 3054 3105 3096
f 3057 3063 3070
f 3060 3106 3061
f 3061 3106 3062
f 3062 3106 3107
f 3062 3107 3063
f 3063 3107 3108
f 3063 3108 3109
f 3063 3109 3072
f 3063 3072 3070
f 3064 3075 3074
f 3064 3074 3065
f 3065 3076 3110
f 3065 3110 3066
f 3065 3074 3076
f 3068 3072 3111
f 3068 3111 3112
f 3068 3112 3069
f 3069 3113 3073
f 3069 3112 3113
f 3070 3072 3071
f 3072 3109 3114
f 3072 3114 3115
f 3072 3115 3116
f 3072 3116 3111
f 3073 3113 3074
f 3074 3113 3117
f 3074 3117 3078
f 3078 3117 3080
f 3080 3111 3116
f 3080 3116 3081
f 3080 3117 3111
f 3081 3116 3095
f 3081 3095 3094
f 3084 3095 3085
f 3085 3095 3086
f 3086 3095 3118
f 3086 3118 3119
f 3086 3119 3120
f 3086 3120 3121
f 3086 3121 3089
f 3088 3099 3122
f 3088 3122 3091
f 3088 3090 3100
f 3089 3121 3090
f 3090 3121 3101
f 3090 3101 3100
f 3091 3122 3123
f 3091 3123 3092
f 3095 3116 3124
f 3095 3124 3118
f 3098 3125 3122
f 3098 3122 3126
f 3098 3126 3099
f 3099 3126 3122
f 3101 3121 3127
f 3101 3127 3104
f 3102 3105 3103
f 3102 3104 3128
f 3102 3128 3105
f 3104 3127 3129
f 3104 3129 3114
f 3104 3114 3130
f 3104 3130 3131
f 3104 3131 3132
f 3104 3132 3128
f 3108 3133 3109
f 3109 3133 3134
f 3109 3134 3114
f 3111 3117 3113
f 3111 3113 3112
f 3114 3119 3115
f 3114 3134 3130
f 3114 3129 3119
f 3115 3119 3116
f 3116 3119 3124
f 3118 3124 3119
f 3119 3129 3120
f 3120 3129 3127
f 3120 3127 3121
f 3122 3125 3135
f 3122 3135 3123
f 3130 3136 3137
f 3130 3137 3131
f 3130 3134 3136
f 3133 3138 3134
f 3134 3138 3139
f 3134 3139 3140
f 3134 3140 3136
f 3141 3142 3143
f 3141 3143 3144
f 3141 3144 3156
f 3141 3156 3166
f 3141 3166 3178
f 3141 3178 3189
f 3141 3189 3184
f 3141 3184 3183
f 3141 3183 3182
f 3141 3182 3181
f 3141 3181 3180
f 3141 3180 3172
f 3141 3172 3171
f 3141 3171 3170
f 3141 3170 3167
f 3141 3167 3157
f 3141 3157 3145
f 3141 3145 3158
f 3141 3158 3169
f 3141 3169 3185
f 3141 3185 3187
f 3141 3187 3186
f 3141 3186 3175
f 3141 3175 3174
f 3141 3174 3161
f 3141 3161 3159
f 3141 3159 3146
f 3141 3146 3147
f 3141 3147 3148
f 3141 3148 3149
f 3141 3149 3150
f 3141 3150 3151
f 3141 3151 3152
f 3141 3152 3153
f 3141 3153 3154
f 3141 3154 3155
f 3141 3155 3142
f 3142 3155 3154
f 3142 3154 3153
f 3142 3153 3152
f 3142 3152 3151
f 3142 3151 3150
f 3142 3150 3149
f 3142 3149 3148
f 3142 3148 3147
f 3142 3147 3160
f 3142 3160 3173
f 3142 3173 3176
f 3142 3176 3162
f 3142 3162 3156
f 3142 3156 3144
f 3142 3144 3143
f 3145 3157 3158
f 3146 3159 3147
f 3147 3159 3161
f 3147 3161 3160
f 3156 3162 3163
f 3156 3163 3164
f 3156 3164 3165
f 3156 3165 3166
f 3157 3167 3158
f 3158 3168 3179
f 3158 3179 3188
f 3158 3188 3177
f 3158 3177 3165
f 3158 3165 3164
f 3158 3164 3163
f 3158 3163 3162
f 3158 3162 3176
f 3158 3176 3169
f 3158 3167 3170
f 3158 3170 3171
f 3158 3171 3172
f 3158 3172 3168
f 3160 3161 3174
f 3160 3174 3175
f 3160 3175 3173
f 3165 3177 3166
f 3166 3177 3178
f 3168 3172 3180
f 3168 3180 3181
f 3168 3181 3182
f 3168 3182 3183
f 3168 3183 3184
f 3168 3184 3179
f 3169 3176 3185
f 3173 3175 3176
f 3175 3186 3176
f 3176 3186 3187
f 3176 3187 3185
f 3177 3188 3178
f 3178 3188 3179
f 3178 3179 3189
f 3179 3184 3189
f 3190 3191 3195
f 3190 3195 3203
f 3190 3203 3216
f 3190 3216 3231
f 3190 3231 3257
f 3190 3257 3273
f 3190 3273 3272
f 3190 3272 3244
f 3190 3244 3243
f 3190 3243 3239
f 3190 3239 3219
f 3190 3219 3206
f 3190 3206 3196
f 3190 3196 3192
f 3190 3192 3193
f 3190 3193 3194
f 3190 3194 3191
f 3191 3194 3202
f 3191 3202 3201
f 3191 3201 3215
f 3191 3215 3230
f 3191 3230 3256
f 3191 3256 3287
f 3191 3287 3317
f 3191 3317 3352
f 3191 3352 3353
f 3191 3353 3400
f 3191 3400 3399
f 3191 3399 3430
f 3191 3430 3429
f 3191 3429 3431
f 3191 3431 3432
f 3191 3432 3401
f 3191 3401 3355
f 3191 3355 3319
f 3191 3319 3291
f 3191 3291 3262
f 3191 3262 3233
f 3191 3233 3217
f 3191 3217 3204
f 3191 3204 3195
f 3192 3196 3193
f 3193 3196 3197
f 3193 3197 3198
f 3193 3198 3199
f 3193 3199 3200
f 3193 3200 3201
f 3193 3201 3202
f 3193 3202 3194
f 3195 3204 3205
f 3195 3205 3203
f 3196 3206 3207
f 3196 3207 3197
f 3197 3207 3198
f 3198 3207 3208
f 3198 3208 3199
f 3199 3209 3210
f 3199 3210 3211
f 3199 3211 3212
f 3199 3212 3200
f 3199 3208 3209
f 3200 3212 3213
f 3200 3213 3201
f 3201 3213 3214
f 3201 3214 3215
f 3203 3205 3218
f 3203 3218 3238
f 3203 3238 3271
f 3203 3271 3304
f 3203 3304 3333
f 3203 3333 3371
f 3203 3371 3415
f 3203 3415 3438
f 3203 3438 3441
f 3203 3441 3439
f 3203 3439 3420
f 3203 3420 3419
f 3203 3419 3418
f 3203 3418 3416
f 3203 3416 3381
f 3203 3381 3380
f 3203 3380 3379
f 3203 3379 3378
f 3203 3378 3377
f 3203 3377 3375
f 3203 3375 3338
f 3203 3338 3374
f 3203 3374 3373
f 3203 3373 3335
f 3203 3335 3372
f 3203 3372 3354
f 3203 3354 3318
f 3203 3318 3290
f 3203 3290 3261
f 3203 3261 3232
f 3203 3232 3216
f 3204 3217 3236
f 3204 3236 3268
f 3204 3268 3296
f 3204 3296 3327
f 3204 3327 3367
f 3204 3367 3411
f 3204 3411 3368
f 3204 3368 3328
f 3204 3328 3299
f 3204 3299 3269
f 3204 3269 3237
f 3204 3237 3218
f 3204 3218 3205
f 3206 3219 3207
f 3207 3220 3208
f 3207 3219 3220
f 3208 3220 3221
f 3208 3221 3222
f 3208 3222 3209
f 3209 3222 3223
f 3209 3223 3224
f 3209 3224 3225
f 3209 3225 3226
f 3209 3226 3210
f 3210 3226 3227
f 3210 3227 3211
f 3211 3227 3228
f 3211 3228 3229
f 3211 3229 3214
f 3211 3214 3213
f 3211 3213 3212
f 3214 3229 3230
f 3214 3230 3215
f 3216 3232 3231
f 3217 3233 3234
f 3217 3234 3235
f 3217 3235 3236
f 3218 3237 3238
f 3219 3239 3220
f 3220 3240 3241
f 3220 3241 3242
f 3220 3242 3221
f 3220 3239 3243
f 3220 3243 3244
f 3220 3244 3240
f 3221 3242 3222
f 3222 3242 3223
f 3223 3242 3224
f 3224 3245 3246
f 3224 3246 3247
f 3224 3247 3248
f 3224 3248 3249
f 3224 3249 3225
f 3224 3242 3245
f 3225 3249 3226
f 3226 3249 3248
f 3226 3248 3250
f 3226 3250 3251
f 3226 3251 3252
f 3226 3252 3253
f 3226 3253 3227
f 3227 3253 3228
f 3228 3253 3252
f 3228 3252 3254
f 3228 3254 3255
f 3228 3255 3229
f 3229 3255 3256
f 3229 3256 3230
f 3231 3232 3258
f 3231 3258 3259
f 3231 3259 3260
f 3231 3260 3257
f 3232 3261 3258
f 3233 3262 3263
f 3233 3263 3234
f 3234 3263 3235
f 3235 3263 3264
f 3235 3264 3265
f 3235 3265 3266
f 3235 3266 3267
f 3235 3267 3236
f 3236 3267 3266
f 3236 3266 3268
f 3237 3269 3270
f 3237 3270 3238
f 3238 3270 3271
f 3240 3259 3241
f 3240 3244 3272
f 3240 3272 3273
f 3240 3273 3259
f 3241 3259 3274
f 3241 3274 3242
f 3242 3274 3275
f 3242 3275 3245
f 3245 3275 3276
f 3245 3276 3246
f 3246 3276 3277
f 3246 3277 3247
f 3247 3277 3278
f 3247 3278 3279
f 3247 3279 3280
f 3247 3280 3248
f 3248 3280 3250
f 3250 3280 3251
f 3251 3280 3281
f 3251 3281 3282
f 3251 3282 3283
f 3251 3283 3284
f 3251 3284 3252
f 3252 3284 3285
f 3252 3285 3254
f 3254 3285 3286
f 3254 3286 3255
f 3255 3286 3287
f 3255 3287 3256
f 3257 3260 3273
f 3258 3261 3288
f 3258 3288 3259
f 3259 3273 3260
f 3259 3288 3289
f 3259 3289 3276
f 3259 3276 3274
f 3261 3290 3276
f 3261 3276 3289
f 3261 3289 3288
f 3262 3291 3292
f 3262 3292 3263
f 3263 3292 3293
f 3263 3293 3264
f 3264 3293 3294
f 3264 3294 3295
f 3264 3295 3265
f 3265 3295 3266
f 3266 3296 3268
f 3266 3295 3297
f 3266 3297 3298
f 3266 3298 3296
f 3269 3299 3300
f 3269 3300 3301
f 3269 3301 3270
f 3270 3301 3300
f 3270 3300 3302
f 3270 3302 3271
f 3271 3302 3303
f 3271 3303 3304
f 3274 3276 3275
f 3276 3305 3306
f 3276 3306 3278
f 3276 3278 3277
f 3276 3290 3307
f 3276 3307 3305
f 3278 3306 3308
f 3278 3308 3309
f 3278 3309 3310
f 3278 3310 3280
f 3278 3280 3279
f 3280 3311 3282
f 3280 3282 3281
f 3280 3310 3311
f 3282 3312 3313
f 3282 3313 3283
f 3282 3311 3312
f 3283 3313 3285
f 3283 3285 3284
f 3285 3313 3314
f 3285 3314 3315
f 3285 3315 3316
f 3285 3316 3286
f 3286 3316 3315
f 3286 3315 3317
f 3286 3317 3287
f 3290 3318 3307
f 3291 3319 3292
f 3292 3319 3320
f 3292 3320 3293
f 3293 3321 3322
f 3293 3322 3294
f 3293 3320 3323
f 3293 3323 3321
f 3294 3324 3295
f 3294 3322 3325
f 3294 3325 3324
f 3295 3324 3326
f 3295 3326 3297
f 3296 3298 3326
f 3296 3326 3327
f 3297 3326 3298
f 3299 3328 3300
f 3300 3328 3329
f 3300 3329 3330
f 3300 3330 3326
f 3300 3326 3331
f 3300 3331 3303
f 3300 3303 3302
f 3303 3331 3332
f 3303 3332 3304
f 3304 3332 3333
f 3305 3307 3334
f 3305 3334 3306
f 3306 3334 3308
f 3307 3318 3334
f 3308 3334 3335
f 3308 3335 3336
f 3308 3336 3337
f 3308 3337 3309
f 3309 3337 3336
f 3309 3336 3338
f 3309 3338 3339
f 3309 3339 3340
f 3309 3340 3311
f 3309 3311 3310
f 3311 3340 3341
f 3311 3341 3342
f 3311 3342 3343
f 3311 3343 3312
f 3312 3343 3344
f 3312 3344 3345
f 3312 3345 3346
f 3312 3346 3313
f 3313 3346 3347
f 3313 3347 3314
f 3314 3347 3348
f 3314 3348 3349
f 3314 3349 3350
f 3314 3350 3351
f 3314 3351 3315
f 3315 3352 3317
f 3315 3351 3353
f 3315 3353 3352
f 3318 3354 3334
f 3319 3355 3356
f 3319 3356 3320
f 3320 3356 3357
f 3320 3357 3358
f 3320 3358 3359
f 3320 3359 3323
f 3321 3360 3322
f 3321 3323 3361
f 3321 3361 3360
f 3322 3360 3325
f 3323 3359 3361
f 3324 3325 3326
f 3325 3360 3362
f 3325 3362 3326
f 3326 3330 3363
f 3326 3363 3364
f 3326 3364 3327
f 3326 3362 3365
f 3326 3365 3366
f 3326 3366 3331
f 3327 3364 3367
f 3328 3368 3363
f 3328 3363 3329
f 3329 3363 3330
f 3331 3366 3369
f 3331 3369 3370
f 3331 3370 3332
f 3332 3370 3333
f 3333 3370 3369
f 3333 3369 3371
f 3334 3372 3335
f 3334 3354 3372
f 3335 3373 3336
f 3336 3374 3338
f 3336 3373 3374
f 3338 3375 3376
f 3338 3376 3339
f 3339 3376 3340
f 3340 3376 3377
f 3340 3377 3378
f 3340 3378 3379
f 3340 3379 3380
f 3340 3380 3381
f 3340 3381 3382
f 3340 3382 3341
f 3341 3382 3383
f 3341 3383 3342
f 3342 3383 3343
f 3343 3384 3344
f 3343 3383 3385
f 3343 3385 3386
f 3343 3386 3387
f 3343 3387 3388
f 3343 3388 3389
f 3343 3389 3390
f 3343 3390 3391
f 3343 3391 3392
f 3343 3392 3393
f 3343 3393 3384
f 3344 3384 3394
f 3344 3394 3395
f 3344 3395 3345
f 3345 3347 3346
f 3345 3395 3347
f 3347 3395 3349
f 3347 3349 3348
f 3349 3395 3396
f 3349 3396 3397
f 3349 3397 3398
f 3349 3398 3350
f 3350 3398 3399
f 3350 3399 3400
f 3350 3400 3353
f 3350 3353 3351
f 3355 3401 3402
f 3355 3402 3356
f 3356 3402 3357
f 3357 3403 3358
f 3357 3402 3404
f 3357 3404 3396
f 3357 3396 3405
f 3357 3405 3406
f 3357 3406 3403
f 3358 3403 3359
f 3359 3407 3361
f 3359 3403 3408
f 3359 3408 3407
f 3360 3361 3407
f 3360 3407 3409
f 3360 3409 3410
f 3360 3410 3362
f 3362 3410 3365
f 3363 3368 3411
f 3363 3411 3367
f 3363 3367 3364
f 3365 3410 3366
f 3366 3410 3412
f 3366 3412 3413
f 3366 3413 3369
f 3369 3413 3414
f 3369 3414 3371
f 3371 3414 3415
f 3375 3377 3376
f 3381 3416 3417
f 3381 3417 3382
f 3382 3417 3383
f 3383 3417 3385
f 3384 3393 3394
f 3385 3417 3416
f 3385 3416 3418
f 3385 3418 3419
f 3385 3419 3420
f 3385 3420 3386
f 3386 3420 3421
f 3386 3421 3387
f 3387 3421 3422
f 3387 3422 3388
f 3388 3422 3390
f 3388 3390 3389
f 3390 3422 3423
f 3390 3423 3424
f 3390 3424 3425
f 3390 3425 3426
f 3390 3426 3391
f 3391 3394 3392
f 3391 3426 3427
f 3391 3427 3394
f 3392 3394 3393
f 3394 3427 3428
f 3394 3428 3395
f 3395 3428 3406
f 3395 3406 3396
f 3396 3406 3405
f 3396 3404 3397
f 3397 3429 3430
f 3397 3430 3398
f 3397 3404 3431
f 3397 3431 3429
f 3398 3430 3399
f 3401 3432 3404
f 3401 3404 3402
f 3403 3406 3408
f 3404 3432 3431
f 3406 3428 3427
f 3406 3427 3408
f 3407 3408 3425
f 3407 3425 3424
f 3407 3424 3433
f 3407 3433 3409
f 3408 3427 3426
f 3408 3426 3425
f 3409 3433 3434
f 3409 3434 3410
f 3410 3434 3413
f 3410 3413 3412
f 3413 3434 3435
f 3413 3435 3436
f 3413 3436 3437
f 3413 3437 3414
f 3414 3437 3438
f 3414 3438 3415
f 3420 3439 3421
f 3421 3440 3422
f 3421 3439 3441
f 3421 3441 3437
f 3421 3437 3440
f 3422 3440 3436
f 3422 3436 3442
f 3422 3442 3423
f 3423 3442 3424
f 3424 3443 3435
f 3424 3435 3433
f 3424 3442 3443
f 3433 3435 3434
f 3435 3443 3436
f 3436 3443 3442
f 3436 3440 3437
f 3437 3441 3438
f 3445 3446 3444
f 3447 3446 3445
f 3447 3448 3446
f 3449 3448 3447
f 3449 3450 3448
f 3449 3447 3450
f 3451 3450 3447
f 3451 3452 3450
f 3451 3447 3452
f 3447 3445 3452
f 3445 3444 3452
f 3453 3452 3444
f 3454 3452 3453
f 3454 3455 3452
f 3456 3455 3454
f 3457 3455 3456
f 3457 3458 3455
f 3457 3459 3458
f 3457 3456 3459
f 3459 3456 3453
f 3460 3459 3453
f 3461 3459 3460
f 3461 3458 3459
f 3461 3460 3458
f 3460 3462 3458
f 3460 3463 3462
f 3460 3464 3463
f 3460 3453 3464
f 3465 3464 3453
f 3465 3466 3464
f 3465 3453 3466
f 3466 3453 3467
f 3468 3466 3467
f 3468 3464 3466
f 3468 3467 3464
f 3469 3464 3467
f 3469 3444 3464
f 3469 3467 3444
f 3467 3453 3444
f 3470 3464 3444
f 3471 3464 3470
f 3472 3464 3471
f 3472 3473 3464
f 3472 3470 3473
f 3472 3471 3470
f 3470 3444 3473
f 3473 3444 3474
f 3473 3474 3464
f 3475 3464 3474
f 3463 3464 3475
f 3476 3463 3475
f 3477 3463 3476
f 3478 3463 3477
f 3478 3462 3463
f 3478 3479 3462
f 3478 3477 3479
f 3477 3480 3479
f 3477 3475 3480
f 3477 3476 3475
f 3481 3480 3475
f 3481 3482 3480
f 3483 3482 3481
f 3483 3484 3482
f 3483 3474 3484
f 3483 3475 3474
f 3483 3481 3475
f 3485 3484 3474
f 3485 3486 3484
f 3485 3474 3486
f 3487 3486 3474
f 3487 3488 3486
f 3487 3448 3488
f 3487 3474 3448
f 3489 3448 3474
f 3489 3446 3448
f 3489 3474 3446
f 3446 3474 3444
f 3488 3448 3450
f 3490 3488 3450
f 3490 3491 3488
f 3490 3486 3491
f 3484 3486 3490
f 3484 3490 3482
f 3490 3450 3482
f 3482 3450 3455
f 3482 3455 3480
f 3479 3480 3455
f 3479 3455 3492
f 3479 3492 3462
f 3462 3492 3458
f 3493 3458 3492
f 3493 3455 3458
f 3493 3492 3455
f 3450 3452 3455
f 3486 3488 3491
f 3456 3454 3453
f 3494 3495 3500
f 3494 3500 3511
f 3494 3511 3530
f 3494 3530 3554
f 3494 3554 3534
f 3494 3534 3532
f 3494 3532 3531
f 3494 3531 3512
f 3494 3512 3501
f 3494 3501 3496
f 3494 3496 3497
f 3494 3497 3507
f 3494 3507 3506
f 3494 3506 3505
f 3494 3505 3519
f 3494 3519 3542
f 3494 3542 3546
f 3494 3546 3522
f 3494 3522 3509
f 3494 3509 3498
f 3494 3498 3495
f 3495 3498 3499
f 3495 3499 3500
f 3496 3501 3515
f 3496 3515 3540
f 3496 3540 3557
f 3496 3557 3556
f 3496 3556 3567
f 3496 3567 3568
f 3496 3568 3558
f 3496 3558 3541
f 3496 3541 3517
f 3496 3517 3516
f 3496 3516 3502
f 3496 3502 3503
f 3496 3503 3504
f 3496 3504 3505
f 3496 3505 3506
f 3496 3506 3507
f 3496 3507 3497
f 3498 3508 3499
f 3498 3509 3508
f 3499 3508 3510
f 3499 3510 3500
f 3500 3510 3511
f 3501 3512 3513
f 3501 3513 3514
f 3501 3514 3515
f 3502 3516 3503
f 3503 3517 3541
f 3503 3541 3559
f 3503 3559 3570
f 3503 3570 3573
f 3503 3573 3574
f 3503 3574 3571
f 3503 3571 3566
f 3503 3566 3565
f 3503 3565 3564
f 3503 3564 3562
f 3503 3562 3548
f 3503 3548 3547
f 3503 3547 3524
f 3503 3524 3523
f 3503 3523 3542
f 3503 3542 3519
f 3503 3519 3518
f 3503 3518 3504
f 3503 3516 3517
f 3504 3518 3505
f 3505 3518 3519
f 3508 3509 3520
f 3508 3520 3521
f 3508 3521 3510
f 3509 3522 3523
f 3509 3523 3524
f 3509 3524 3525
f 3509 3525 3526
f 3509 3526 3527
f 3509 3527 3520
f 3510 3528 3529
f 3510 3529 3511
f 3510 3521 3528
f 3511 3529 3530
f 3512 3531 3513
f 3513 3531 3532
f 3513 3532 3533
f 3513 3533 3534
f 3513 3534 3535
f 3513 3535 3536
f 3513 3536 3537
f 3513 3537 3514
f 3514 3537 3538
f 3514 3538 3539
f 3514 3539 3515
f 3515 3539 3540
f 3520 3527 3543
f 3520 3543 3521
f 3521 3543 3544
f 3521 3544 3545
f 3521 3545 3536
f 3521 3536 3528
f 3522 3546 3523
f 3523 3546 3542
f 3524 3547 3525
f 3525 3547 3548
f 3525 3548 3549
f 3525 3549 3550
f 3525 3550 3551
f 3525 3551 3527
f 3525 3527 3526
f 3527 3551 3552
f 3527 3552 3543
f 3528 3536 3553
f 3528 3553 3529
f 3529 3553 3554
f 3529 3554 3530
f 3532 3534 3533
f 3534 3554 3535
f 3535 3554 3553
f 3535 3553 3536
f 3536 3538 3537
f 3536 3545 3538
f 3538 3545 3544
f 3538 3544 3555
f 3538 3555 3556
f 3538 3556 3539
f 3539 3556 3557
f 3539 3557 3540
f 3541 3558 3569
f 3541 3569 3559
f 3543 3552 3560
f 3543 3560 3544
f 3544 3560 3561
f 3544 3561 3555
f 3548 3562 3549
f 3549 3562 3550
f 3550 3563 3552
f 3550 3552 3551
f 3550 3562 3564
f 3550 3564 3565
f 3550 3565 3566
f 3550 3566 3563
f 3552 3563 3560
f 3555 3561 3567
f 3555 3567 3556
f 3558 3568 3561
f 3558 3561 3569
f 3559 3569 3570
f 3560 3563 3571
f 3560 3571 3572
f 3560 3572 3569
f 3560 3569 3561
f 3561 3568 3567
f 3563 3566 3571
f 3569 3572 3573
f 3569 3573 3570
f 3571 3574 3572
f 3572 3574 3573
f 3575 3576 3577
f 3575 3577 3578
f 3575 3578 3579
f 3575 3579 3580
f 3575 3580 3586
f 3575 3586 3596
f 3575 3596 3611
f 3575 3611 3610
f 3575 3610 3627
f 3575 3627 3614
f 3575 3614 3599
f 3575 3599 3588
f 3575 3588 3581
f 3575 3581 3576
f 3576 3581 3582
f 3576 3582 3587
f 3576 3587 3598
f 3576 3598 3612
f 3576 3612 3601
f 3576 3601 3591
f 3576 3591 3583
f 3576 3583 3577
f 3577 3583 3584
f 3577 3584 3578
f 3578 3584 3585
f 3578 3585 3579
f 3579 3585 3586
f 3579 3586 3580
f 3581 3587 3582
f 3581 3588 3589
f 3581 3589 3590
f 3581 3590 3587
f 3583 3591 3592
f 3583 3592 3584
f 3584 3592 3585
f 3585 3592 3593
f 3585 3593 3594
f 3585 3594 3595
f 3585 3595 3596
f 3585 3596 3586
f 3587 3590 3597
f 3587 3597 3598
f 3588 3599 3613
f 3588 3613 3630
f 3588 3630 3641
f 3588 3641 3642
f 3588 3642 3631
f 3588 3631 3615
f 3588 3615 3600
f 3588 3600 3590
f 3588 3590 3589
f 3590 3600 3616
f 3590 3616 3632
f 3590 3632 3643
f 3590 3643 3644
f 3590 3644 3638
f 3590 3638 3637
f 3590 3637 3636
f 3590 3636 3635
f 3590 3635 3634
f 3590 3634 3633
f 3590 3633 3628
f 3590 3628 3612
f 3590 3612 3598
f 3590 3598 3597
f 3591 3601 3602
f 3591 3602 3592
f 3592 3603 3593
f 3592 3602 3603
f 3593 3604 3605
f 3593 3605 3606
f 3593 3606 3594
f 3593 3603 3604
f 3594 3606 3607
f 3594 3607 3608
f 3594 3608 3609
f 3594 3609 3595
f 3595 3609 3610
f 3595 3610 3611
f 3595 3611 3596
f 3599 3614 3613
f 3600 3615 3616
f 3601 3612 3617
f 3601 3617 3603
f 3601 3603 3602
f 3603 3617 3618
f 3603 3618 3604
f 3604 3618 3605
f 3605 3618 3619
f 3605 3619 3620
f 3605 3620 3606
f 3606 3620 3607
f 3607 3621 3622
f 3607 3622 3623
f 3607 3623 3624
f 3607 3624 3625
f 3607 3625 3608
f 3607 3620 3621
f 3608 3625 3626
f 3608 3626 3609
f 3609 3626 3610
f 3610 3626 3627
f 3612 3628 3617
f 3613 3614 3629
f 3613 3629 3630
f 3614 3627 3626
f 3614 3626 3629
f 3615 3631 3616
f 3616 3631 3632
f 3617 3628 3633
f 3617 3633 3618
f 3618 3633 3634
f 3618 3634 3619
f 3619 3634 3635
f 3619 3635 3621
f 3619 3621 3620
f 3621 3635 3636
f 3621 3636 3622
f 3622 3636 3637
f 3622 3637 3638
f 3622 3638 3623
f 3623 3639 3624
f 3623 3638 3640
f 3623 3640 3641
f 3623 3641 3639
f 3624 3639 3625
f 3625 3639 3626
f 3626 3639 3629
f 3629 3639 3630
f 3630 3639 3641
f 3631 3642 3632
f 3632 3642 3643
f 3638 3644 3641
f 3638 3641 3640
f 3641 3644 3643
f 3641 3643 3642
f 3645 3646 3650
f 3645 3650 3657
f 3645 3657 3680
f 3645 3680 3689
f 3645 3689 3690
f 3645 3690 3681
f 3645 3681 3659
f 3645 3659 3652
f 3645 3652 3647
f 3645 3647 3648
f 3645 3648 3654
f 3645 3654 3662
f 3645 3662 3669
f 3645 3669 3655
f 3645 3655 3649
f 3645 3649 3646
f 3646 3649 3650
f 3647 3651 3648
f 3647 3652 3653
f 3647 3653 3651
f 3648 3651 3654
f 3649 3655 3650
f 3650 3655 3656
f 3650 3656 3668
f 3650 3668 3667
f 3650 3667 3666
f 3650 3666 3665
f 3650 3665 3664
f 3650 3664 3678
f 3650 3678 3677
f 3650 3677 3676
f 3650 3676 3675
f 3650 3675 3674
f 3650 3674 3673
f 3650 3673 3672
f 3650 3672 3686
f 3650 3686 3697
f 3650 3697 3696
f 3650 3696 3687
f 3650 3687 3679
f 3650 3679 3657
f 3651 3653 3658
f 3651 3658 3654
f 3652 3659 3660
f 3652 3660 3653
f 3653 3660 3661
f 3653 3661 3658
f 3654 3658 3663
f 3654 3663 3662
f 3655 3664 3665
f 3655 3665 3666
f 3655 3666 3667
f 3655 3667 3668
f 3655 3668 3656
f 3655 3669 3683
f 3655 3683 3663
f 3655 3663 3658
f 3655 3658 3661
f 3655 3661 3682
f 3655 3682 3693
f 3655 3693 3695
f 3655 3695 3694
f 3655 3694 3684
f 3655 3684 3670
f 3655 3670 3671
f 3655 3671 3672
f 3655 3672 3673
f 3655 3673 3674
f 3655 3674 3675
f 3655 3675 3676
f 3655 3676 3677
f 3655 3677 3678
f 3655 3678 3664
f 3657 3679 3680
f 3659 3681 3660
f 3660 3681 3682
f 3660 3682 3661
f 3662 3683 3669
f 3662 3663 3683
f 3670 3684 3671
f 3671 3684 3685
f 3671 3685 3672
f 3672 3685 3686
f 3679 3687 3693
f 3679 3693 3682
f 3679 3682 3692
f 3679 3692 3691
f 3679 3691 3703
f 3679 3703 3702
f 3679 3702 3701
f 3679 3701 3700
f 3679 3700 3699
f 3679 3699 3698
f 3679 3698 3688
f 3679 3688 3689
f 3679 3689 3680
f 3681 3690 3691
f 3681 3691 3692
f 3681 3692 3682
f 3684 3694 3685
f 3685 3694 3695
f 3685 3695 3687
f 3685 3687 3696
f 3685 3696 3697
f 3685 3697 3686
f 3687 3695 3693
f 3688 3698 3689
f 3689 3698 3699
f 3689 3699 3690
f 3690 3699 3700
f 3690 3700 3701
f 3690 3701 3702
f 3690 3702 3703
f 3690 3703 3691
f 3704 3705 3706
f 3704 3706 3707
f 3704 3707 3712
f 3704 3712 3725
f 3704 3725 3737
f 3704 3737 3758
f 3704 3758 3759
f 3704 3759 3739
f 3704 3739 3738
f 3704 3738 3726
f 3704 3726 3713
f 3704 3713 3708
f 3704 3708 3709
f 3704 3709 3710
f 3704 3710 3711
f 3704 3711 3705
f 3705 3711 3722
f 3705 3722 3734
f 3705 3734 3753
f 3705 3753 3752
f 3705 3752 3751
f 3705 3751 3750
f 3705 3750 3735
f 3705 3735 3723
f 3705 3723 3712
f 3705 3712 3707
f 3705 3707 3706
f 3708 3713 3714
f 3708 3714 3709
f 3709 3714 3710
f 3710 3714 3715
f 3710 3715 3716
f 3710 3716 3717
f 3710 3717 3719
f 3710 3719 3718
f 3710 3718 3711
f 3711 3718 3719
f 3711 3719 3720
f 3711 3720 3721
f 3711 3721 3722
f 3712 3723 3724
f 3712 3724 3725
f 3713 3726 3727
f 3713 3727 3728
f 3713 3728 3714
f 3714 3728 3742
f 3714 3742 3729
f 3714 3729 3730
f 3714 3730 3715
f 3715 3730 3731
f 3715 3731 3716
f 3716 3731 3732
f 3716 3732 3733
f 3716 3733 3720
f 3716 3720 3719
f 3716 3719 3717
f 3720 3733 3734
f 3720 3734 3721
f 3721 3734 3722
f 3723 3735 3724
f 3724 3736 3725
f 3724 3735 3736
f 3725 3736 3737
f 3726 3738 3727
f 3727 3738 3739
f 3727 3739 3740
f 3727 3740 3741
f 3727 3741 3742
f 3727 3742 3728
f 3729 3743 3730
f 3729 3742 3744
f 3729 3744 3745
f 3729 3745 3743
f 3730 3743 3745
f 3730 3745 3731
f 3731 3745 3746
f 3731 3746 3747
f 3731 3747 3748
f 3731 3748 3749
f 3731 3749 3732
f 3732 3749 3747
f 3732 3747 3767
f 3732 3767 3776
f 3732 3776 3783
f 3732 3783 3781
f 3732 3781 3786
f 3732 3786 3789
f 3732 3789 3788
f 3732 3788 3787
f 3732 3787 3784
f 3732 3784 3777
f 3732 3777 3768
f 3732 3768 3754
f 3732 3754 3735
f 3732 3735 3750
f 3732 3750 3733
f 3733 3750 3751
f 3733 3751 3752
f 3733 3752 3753
f 3733 3753 3734
f 3735 3754 3755
f 3735 3755 3756
f 3735 3756 3736
f 3736 3756 3737
f 3737 3756 3757
f 3737 3757 3758
f 3739 3759 3760
f 3739 3760 3761
f 3739 3761 3762
f 3739 3762 3740
f 3740 3762 3741
f 3741 3762 3763
f 3741 3763 3744
f 3741 3744 3742
f 3744 3764 3765
f 3744 3765 3766
f 3744 3766 3745
f 3744 3763 3764
f 3745 3766 3746
f 3746 3766 3767
f 3746 3767 3747
f 3747 3749 3748
f 3754 3768 3769
f 3754 3769 3755
f 3755 3757 3756
f 3755 3769 3757
f 3757 3769 3770
f 3757 3770 3758
f 3758 3770 3759
f 3759 3770 3760
f 3760 3770 3771
f 3760 3771 3761
f 3761 3771 3772
f 3761 3772 3773
f 3761 3773 3762
f 3762 3773 3763
f 3763 3773 3764
f 3764 3773 3772
f 3764 3772 3774
f 3764 3774 3765
f 3765 3774 3775
f 3765 3775 3767
f 3765 3767 3766
f 3767 3775 3776
f 3768 3777 3778
f 3768 3778 3769
f 3769 3778 3770
f 3770 3778 3779
f 3770 3779 3771
f 3771 3779 3780
f 3771 3780 3772
f 3772 3780 3781
f 3772 3781 3782
f 3772 3782 3774
f 3774 3782 3783
f 3774 3783 3776
f 3774 3776 3775
f 3777 3784 3778
f 3778 3784 3779
f 3779 3784 3785
f 3779 3785 3780
f 3780 3785 3786
f 3780 3786 3781
f 3781 3783 3782
f 3784 3787 3785
f 3785 3787 3788
f 3785 3788 3789
f 3785 3789 3786
f 3790 3791 3794
f 3790 3794 3801
f 3790 3801 3817
f 3790 3817 3843
f 3790 3843 3842
f 3790 3842 3841
f 3790 3841 3867
f 3790 3867 3865
f 3790 3865 3874
f 3790 3874 3873
f 3790 3873 3849
f 3790 3849 3824
f 3790 3824 3823
f 3790 3823 3820
f 3790 3820 3805
f 3790 3805 3797
f 3790 3797 3792
f 3790 3792 3796
f 3790 3796 3804
f 3790 3804 3819
f 3790 3819 3846
f 3790 3846 3847
f 3790 3847 3857
f 3790 3857 3856
f 3790 3856 3829
f 3790 3829 3808
f 3790 3808 3798
f 3790 3798 3793
f 3790 3793 3791
f 3791 3793 3795
f 3791 3795 3800
f 3791 3800 3812
f 3791 3812 3838
f 3791 3838 3862
f 3791 3862 3896
f 3791 3896 3898
f 3791 3898 3871
f 3791 3871 3870
f 3791 3870 3863
f 3791 3863 3839
f 3791 3839 3815
f 3791 3815 3814
f 3791 3814 3813
f 3791 3813 3802
f 3791 3802 3794
f 3792 3797 3796
f 3793 3798 3807
f 3793 3807 3828
f 3793 3828 3835
f 3793 3835 3861
f 3793 3861 3889
f 3793 3889 3888
f 3793 3888 3862
f 3793 3862 3838
f 3793 3838 3837
f 3793 3837 3836
f 3793 3836 3810
f 3793 3810 3799
f 3793 3799 3800
f 3793 3800 3795
f 3794 3802 3801
f 3796 3797 3803
f 3796 3803 3804
f 3797 3805 3806
f 3797 3806 3803
f 3798 3808 3809
f 3798 3809 3807
f 3799 3810 3800
f 3800 3810 3811
f 3800 3811 3812
f 3801 3802 3813
f 3801 3813 3814
f 3801 3814 3815
f 3801 3815 3816
f 3801 3816 3817
f 3803 3806 3818
f 3803 3818 3804
f 3804 3818 3819
f 3805 3820 3821
f 3805 3821 3806
f 3806 3822 3818
f 3806 3821 3823
f 3806 3823 3824
f 3806 3824 3825
f 3806 3825 3826
f 3806 3826 3827
f 3806 3827 3822
f 3807 3809 3828
f 3808 3829 3809
f 3809 3829 3830
f 3809 3830 3831
f 3809 3831 3832
f 3809 3832 3833
f 3809 3833 3834
f 3809 3834 3835
f 3809 3835 3828
f 3810 3836 3811
f 3811 3836 3837
f 3811 3837 3838
f 3811 3838 3812
f 3815 3839 3816
f 3816 3840 3841
f 3816 3841 3842
f 3816 3842 3843
f 3816 3843 3817
f 3816 3839 3844
f 3816 3844 3845
f 3816 3845 3840
f 3818 3846 3819
f 3818 3822 3846
f 3820 3823 3821
f 3822 3847 3846
f 3822 3827 3848
f 3822 3848 3831
f 3822 3831 3847
f 3824 3849 3850
f 3824 3850 3851
f 3824 3851 3826
f 3824 3826 3825
f 3826 3851 3852
f 3826 3852 3853
f 3826 3853 3854
f 3826 3854 3855
f 3826 3855 3848
f 3826 3848 3827
f 3829 3856 3830
f 3830 3856 3857
f 3830 3857 3847
f 3830 3847 3831
f 3831 3848 3832
f 3832 3848 3855
f 3832 3855 3833
f 3833 3855 3854
f 3833 3854 3858
f 3833 3858 3859
f 3833 3859 3834
f 3834 3859 3860
f 3834 3860 3835
f 3835 3860 3861
f 3839 3863 3844
f 3840 3864 3865
f 3840 3865 3866
f 3840 3866 3867
f 3840 3867 3841
f 3840 3845 3868
f 3840 3868 3869
f 3840 3869 3864
f 3844 3863 3870
f 3844 3870 3871
f 3844 3871 3872
f 3844 3872 3868
f 3844 3868 3845
f 3849 3873 3850
f 3850 3873 3874
f 3850 3874 3865
f 3850 3865 3875
f 3850 3875 3876
f 3850 3876 3851
f 3851 3876 3875
f 3851 3875 3877
f 3851 3877 3878
f 3851 3878 3879
f 3851 3879 3880
f 3851 3880 3852
f 3852 3880 3881
f 3852 3881 3882
f 3852 3882 3853
f 3853 3882 3883
f 3853 3883 3858
f 3853 3858 3854
f 3858 3883 3884
f 3858 3884 3885
f 3858 3885 3886
f 3858 3886 3859
f 3859 3886 3887
f 3859 3887 3888
f 3859 3888 3889
f 3859 3889 3861
f 3859 3861 3860
f 3862 3888 3887
f 3862 3887 3886
f 3862 3886 3890
f 3862 3890 3884
f 3862 3884 3883
f 3862 3883 3891
f 3862 3891 3892
f 3862 3892 3893
f 3862 3893 3894
f 3862 3894 3869
f 3862 3869 3895
f 3862 3895 3896
f 3864 3869 3897
f 3864 3897 3875
f 3864 3875 3865
f 3865 3867 3866
f 3868 3872 3869
f 3869 3894 3877
f 3869 3877 3897
f 3869 3872 3895
f 3871 3898 3872
f 3872 3898 3895
f 3875 3897 3877
f 3877 3894 3878
f 3878 3899 3900
f 3878 3900 3879
f 3878 3894 3899
f 3879 3900 3880
f 3880 3900 3901
f 3880 3901 3902
f 3880 3902 3881
f 3881 3902 3882
f 3882 3902 3883
f 3883 3902 3891
f 3884 3890 3885
f 3885 3890 3886
f 3891 3902 3901
f 3891 3901 3892
f 3892 3901 3893
f 3893 3901 3899
f 3893 3899 3894
f 3895 3898 3896
f 3899 3901 3900
f 3903 3904 3907
f 3903 3907 3913
f 3903 3913 3923
f 3903 3923 3929
f 3903 3929 3928
f 3903 3928 3944
f 3903 3944 3943
f 3903 3943 3942
f 3903 3942 3968
f 3903 3968 3967
f 3903 3967 3995
f 3903 3995 3974
f 3903 3974 3948
f 3903 3948 3932
f 3903 3932 3918
f 3903 3918 3909
f 3903 3909 3905
f 3903 3905 3906
f 3903 3906 3912
f 3903 3912 3922
f 3903 3922 3938
f 3903 3938 3964
f 3903 3964 3963
f 3903 3963 3962
f 3903 3962 3994
f 3903 3994 4001
f 3903 4001 3997
f 3903 3997 3996
f 3903 3996 3972
f 3903 3972 3965
f 3903 3965 3939
f 3903 3939 3924
f 3903 3924 3915
f 3903 3915 3908
f 3903 3908 3904
f 3904 3908 3907
f 3905 3909 3919
f 3905 3919 3934
f 3905 3934 3952
f 3905 3952 3980
f 3905 3980 3986
f 3905 3986 3985
f 3905 3985 3955
f 3905 3955 3935
f 3905 3935 3920
f 3905 3920 3910
f 3905 3910 3911
f 3905 3911 3906
f 3906 3911 3910
f 3906 3910 3920
f 3906 3920 3936
f 3906 3936 3957
f 3906 3957 3987
f 3906 3987 3999
f 3906 3999 4002
f 3906 4002 4000
f 3906 4000 3988
f 3906 3988 3958
f 3906 3958 3937
f 3906 3937 3921
f 3906 3921 3912
f 3907 3908 3914
f 3907 3914 3913
f 3908 3915 3916
f 3908 3916 3917
f 3908 3917 3914
f 3909 3918 3919
f 3912 3921 3922
f 3913 3914 3923
f 3914 3917 3923
f 3915 3924 3916
f 3916 3924 3925
f 3916 3925 3917
f 3917 3926 3927
f 3917 3927 3928
f 3917 3928 3929
f 3917 3929 3923
f 3917 3925 3930
f 3917 3930 3931
f 3917 3931 3926
f 3918 3932 3919
f 3919 3932 3933
f 3919 3933 3934
f 3920 3935 3936
f 3921 3937 3922
f 3922 3937 3938
f 3924 3939 3925
f 3925 3939 3940
f 3925 3940 3930
f 3926 3941 3942
f 3926 3942 3943
f 3926 3943 3944
f 3926 3944 3928
f 3926 3928 3927
f 3926 3931 3940
f 3926 3940 3945
f 3926 3945 3946
f 3926 3946 3947
f 3926 3947 3941
f 3930 3940 3931
f 3932 3948 3933
f 3933 3948 3934
f 3934 3948 3949
f 3934 3949 3950
f 3934 3950 3951
f 3934 3951 3952
f 3935 3953 3954
f 3935 3954 3936
f 3935 3955 3956
f 3935 3956 3953
f 3936 3954 3957
f 3937 3958 3959
f 3937 3959 3960
f 3937 3960 3961
f 3937 3961 3962
f 3937 3962 3963
f 3937 3963 3964
f 3937 3964 3938
f 3939 3965 3946
f 3939 3946 3940
f 3940 3946 3945
f 3941 3947 3966
f 3941 3966 3967
f 3941 3967 3968
f 3941 3968 3942
f 3946 3969 3970
f 3946 3970 3971
f 3946 3971 3951
f 3946 3951 3947
f 3946 3965 3972
f 3946 3972 3969
f 3947 3973 3966
f 3947 3951 3973
f 3948 3974 3949
f 3949 3975 3950
f 3949 3974 3975
f 3950 3975 3973
f 3950 3973 3976
f 3950 3976 3977
f 3950 3977 3951
f 3951 3971 3978
f 3951 3978 3979
f 3951 3979 3952
f 3951 3977 3973
f 3952 3979 3980
f 3953 3981 3982
f 3953 3982 3983
f 3953 3983 3954
f 3953 3956 3984
f 3953 3984 3981
f 3954 3983 3957
f 3955 3985 3956
f 3956 3985 3986
f 3956 3986 3978
f 3956 3978 3984
f 3957 3983 3987
f 3958 3988 3989
f 3958 3989 3959
f 3959 3984 3990
f 3959 3990 3991
f 3959 3991 3960
f 3959 3989 3992
f 3959 3992 3981
f 3959 3981 3984
f 3960 3993 3961
f 3960 3991 3993
f 3961 3993 3994
f 3961 3994 3962
f 3966 3973 3967
f 3967 3973 3995
f 3969 3996 3997
f 3969 3997 3991
f 3969 3991 3990
f 3969 3990 3970
f 3969 3972 3996
f 3970 3990 3971
f 3971 3990 3984
f 3971 3984 3978
f 3973 3975 3995
f 3973 3977 3976
f 3974 3995 3975
f 3978 3986 3980
f 3978 3980 3979
f 3981 3992 3982
f 3982 3992 3998
f 3982 3998 3999
f 3982 3999 3987
f 3982 3987 3983
f 3988 4000 3992
f 3988 3992 3989
f 3991 3997 3993
f 3992 4000 3998
f 3993 3997 4001
f 3993 4001 3994
f 3998 4000 4002
f 3998 4002 3999
f 4003 4004 4005
f 4003 4005 4006
f 4003 4006 4007
f 4003 4007 4008
f 4003 4008 4013
f 4003 4013 4019
f 4003 4019 4024
f 4003 4024 4031
f 4003 4031 4037
f 4003 4037 4036
f 4003 4036 4035
f 4003 4035 4034
f 4003 4034 4033
f 4003 4033 4048
f 4003 4048 4054
f 4003 4054 4060
f 4003 4060 4058
f 4003 4058 4057
f 4003 4057 4050
f 4003 4050 4049
f 4003 4049 4044
f 4003 4044 4043
f 4003 4043 4029
f 4003 4029 4022
f 4003 4022 4021
f 4003 4021 4015
f 4003 4015 4009
f 4003 4009 4004
f 4004 4009 4010
f 4004 4010 4014
f 4004 4014 4020
f 4004 4020 4028
f 4004 4028 4042
f 4004 4042 4045
f 4004 4045 4032
f 4004 4032 4027
f 4004 4027 4026
f 4004 4026 4025
f 4004 4025 4023
f 4004 4023 4018
f 4004 4018 4017
f 4004 4017 4012
f 4004 4012 4011
f 4004 4011 4007
f 4004 4007 4006
f 4004 4006 4005
f 4007 4011 4008
f 4008 4011 4012
f 4008 4012 4013
f 4009 4014 4010
f 4009 4015 4016
f 4009 4016 4014
f 4012 4017 4013
f 4013 4017 4018
f 4013 4018 4019
f 4014 4016 4021
f 4014 4021 4022
f 4014 4022 4020
f 4015 4021 4016
f 4018 4023 4019
f 4019 4023 4025
f 4019 4025 4026
f 4019 4026 4027
f 4019 4027 4024
f 4020 4022 4028
f 4022 4029 4030
f 4022 4030 4028
f 4024 4027 4031
f 4027 4032 4047
f 4027 4047 4055
f 4027 4055 4068
f 4027 4068 4067
f 4027 4067 4066
f 4027 4066 4065
f 4027 4065 4064
f 4027 4064 4063
f 4027 4063 4062
f 4027 4062 4061
f 4027 4061 4056
f 4027 4056 4048
f 4027 4048 4033
f 4027 4033 4034
f 4027 4034 4035
f 4027 4035 4036
f 4027 4036 4037
f 4027 4037 4031
f 4028 4030 4038
f 4028 4038 4039
f 4028 4039 4040
f 4028 4040 4041
f 4028 4041 4052
f 4028 4052 4059
f 4028 4059 4060
f 4028 4060 4054
f 4028 4054 4053
f 4028 4053 4042
f 4029 4043 4030
f 4030 4043 4044
f 4030 4044 4039
f 4030 4039 4038
f 4032 4045 4046
f 4032 4046 4047
f 4039 4044 4049
f 4039 4049 4050
f 4039 4050 4040
f 4040 4051 4052
f 4040 4052 4041
f 4040 4050 4051
f 4042 4053 4046
f 4042 4046 4045
f 4046 4053 4054
f 4046 4054 4047
f 4047 4054 4055
f 4048 4056 4054
f 4050 4057 4051
f 4051 4058 4059
f 4051 4059 4052
f 4051 4057 4058
f 4054 4056 4061
f 4054 4061 4062
f 4054 4062 4063
f 4054 4063 4064
f 4054 4064 4065
f 4054 4065 4066
f 4054 4066 4067
f 4054 4067 4068
f 4054 4068 4055
f 4058 4060 4059
f 4069 4070 4076
f 4069 4076 4086
f 4069 4086 4102
f 4069 4102 4111
f 4069 4111 4110
f 4069 4110 4118
f 4069 4118 4123
f 4069 4123 4136
f 4069 4136 4135
f 4069 4135 4134
f 4069 4134 4132
f 4069 4132 4119
f 4069 4119 4112
f 4069 4112 4103
f 4069 4103 4087
f 4069 4087 4077
f 4069 4077 4071
f 4069 4071 4072
f 4069 4072 4080
f 4069 4080 4092
f 4069 4092 4093
f 4069 4093 4081
f 4069 4081 4073
f 4069 4073 4070
f 4070 4073 4074
f 4070 4074 4075
f 4070 4075 4076
f 4071 4077 4072
f 4072 4078 4079
f 4072 4079 4080
f 4072 4077 4078
f 4073 4081 4082
f 4073 4082 4083
f 4073 4083 4074
f 4074 4083 4082
f 4074 4082 4100
f 4074 4100 4099
f 4074 4099 4098
f 4074 4098 4097
f 4074 4097 4096
f 4074 4096 4095
f 4074 4095 4094
f 4074 4094 4109
f 4074 4109 4118
f 4074 4118 4110
f 4074 4110 4101
f 4074 4101 4085
f 4074 4085 4084
f 4074 4084 4075
f 4075 4084 4076
f 4076 4084 4085
f 4076 4085 4086
f 4077 4087 4088
f 4077 4088 4089
f 4077 4089 4078
f 4078 4089 4107
f 4078 4107 4116
f 4078 4116 4115
f 4078 4115 4114
f 4078 4114 4113
f 4078 4113 4121
f 4078 4121 4133
f 4078 4133 4131
f 4078 4131 4130
f 4078 4130 4129
f 4078 4129 4128
f 4078 4128 4127
f 4078 4127 4126
f 4078 4126 4125
f 4078 4125 4124
f 4078 4124 4122
f 4078 4122 4117
f 4078 4117 4109
f 4078 4109 4094
f 4078 4094 4081
f 4078 4081 4093
f 4078 4093 4108
f 4078 4108 4090
f 4078 4090 4079
f 4079 4090 4080
f 4080 4090 4091
f 4080 4091 4092
f 4081 4094 4095
f 4081 4095 4096
f 4081 4096 4097
f 4081 4097 4098
f 4081 4098 4099
f 4081 4099 4100
f 4081 4100 4082
f 4085 4101 4086
f 4086 4101 4102
f 4087 4103 4104
f 4087 4104 4105
f 4087 4105 4106
f 4087 4106 4088
f 4088 4106 4089
f 4089 4106 4107
f 4090 4108 4091
f 4091 4108 4092
f 4092 4108 4093
f 4101 4110 4111
f 4101 4111 4102
f 4103 4112 4105
f 4103 4105 4104
f 4105 4113 4114
f 4105 4114 4106
f 4105 4112 4113
f 4106 4114 4115
f 4106 4115 4116
f 4106 4116 4107
f 4109 4117 4118
f 4112 4119 4120
f 4112 4120 4113
f 4113 4120 4121
f 4117 4122 4118
f 4118 4122 4124
f 4118 4124 4125
f 4118 4125 4126
f 4118 4126 4127
f 4118 4127 4128
f 4118 4128 4129
f 4118 4129 4130
f 4118 4130 4131
f 4118 4131 4123
f 4119 4132 4120
f 4120 4131 4133
f 4120 4133 4121
f 4120 4132 4134
f 4120 4134 4135
f 4120 4135 4136
f 4120 4136 4123
f 4120 4123 4131
f 4137 4138 4143
f 4137 4143 4149
f 4137 4149 4161
f 4137 4161 4179
f 4137 4179 4185
f 4137 4185 4184
f 4137 4184 4183
f 4137 4183 4204
f 4137 4204 4203
f 4137 4203 4202
f 4137 4202 4201
f 4137 4201 4181
f 4137 4181 4164
f 4137 4164 4152
f 4137 4152 4145
f 4137 4145 4139
f 4137 4139 4140
f 4137 4140 4146
f 4137 4146 4150
f 4137 4150 4162
f 4137 4162 4180
f 4137 4180 4165
f 4137 4165 4153
f 4137 4153 4147
f 4137 4147 4141
f 4137 4141 4138
f 4138 4141 4142
f 4138 4142 4143
f 4139 4144 4140
f 4139 4145 4144
f 4140 4144 4146
f 4141 4147 4155
f 4141 4155 4169
f 4141 4169 4189
f 4141 4189 4188
f 4141 4188 4190
f 4141 4190 4200
f 4141 4200 4199
f 4141 4199 4206
f 4141 4206 4205
f 4141 4205 4194
f 4141 4194 4191
f 4141 4191 4170
f 4141 4170 4156
f 4141 4156 4148
f 4141 4148 4142
f 4142 4148 4157
f 4142 4157 4173
f 4142 4173 4193
f 4142 4193 4192
f 4142 4192 4197
f 4142 4197 4196
f 4142 4196 4174
f 4142 4174 4158
f 4142 4158 4149
f 4142 4149 4143
f 4144 4150 4151
f 4144 4151 4146
f 4144 4145 4152
f 4144 4152 4150
f 4146 4151 4150
f 4147 4153 4154
f 4147 4154 4155
f 4148 4156 4157
f 4149 4158 4159
f 4149 4159 4160
f 4149 4160 4161
f 4150 4152 4163
f 4150 4163 4164
f 4150 4164 4162
f 4152 4164 4163
f 4153 4165 4154
f 4154 4165 4166
f 4154 4166 4167
f 4154 4167 4155
f 4155 4167 4168
f 4155 4168 4169
f 4156 4170 4171
f 4156 4171 4172
f 4156 4172 4157
f 4157 4172 4173
f 4158 4174 4159
f 4159 4175 4160
f 4159 4174 4176
f 4159 4176 4177
f 4159 4177 4167
f 4159 4167 4175
f 4160 4175 4178
f 4160 4178 4161
f 4161 4178 4179
f 4162 4164 4181
f 4162 4181 4180
f 4165 4180 4166
f 4166 4180 4182
f 4166 4182 4167
f 4167 4182 4183
f 4167 4183 4184
f 4167 4184 4185
f 4167 4185 4186
f 4167 4186 4175
f 4167 4177 4187
f 4167 4187 4168
f 4168 4188 4189
f 4168 4189 4169
f 4168 4187 4190
f 4168 4190 4188
f 4170 4191 4171
f 4171 4192 4193
f 4171 4193 4172
f 4171 4191 4194
f 4171 4194 4195
f 4171 4195 4192
f 4172 4193 4173
f 4174 4196 4176
f 4175 4186 4178
f 4176 4196 4197
f 4176 4197 4198
f 4176 4198 4177
f 4177 4198 4199
f 4177 4199 4200
f 4177 4200 4187
f 4178 4186 4185
f 4178 4185 4179
f 4180 4181 4182
f 4181 4201 4182
f 4182 4202 4203
f 4182 4203 4204
f 4182 4204 4183
f 4182 4201 4202
f 4187 4200 4190
f 4192 4195 4197
f 4194 4205 4195
f 4195 4205 4206
f 4195 4206 4198
f 4195 4198 4197
f 4198 4206 4199
f 4207 4208 4209
f 4207 4209 4210
f 4207 4210 4211
f 4207 4211 4212
f 4207 4212 4213
f 4207 4213 4224
f 4207 4224 4239
f 4207 4239 4247
f 4207 4247 4241
f 4207 4241 4227
f 4207 4227 4225
f 4207 4225 4214
f 4207 4214 4208
f 4208 4214 4209
f 4209 4215 4216
f 4209 4216 4210
f 4209 4214 4217
f 4209 4217 4218
f 4209 4218 4219
f 4209 4219 4220
f 4209 4220 4221
f 4209 4221 4215
f 4210 4216 4211
f 4211 4222 4223
f 4211 4223 4212
f 4211 4216 4222
f 4212 4223 4236
f 4212 4236 4235
f 4212 4235 4234
f 4212 4234 4246
f 4212 4246 4238
f 4212 4238 4224
f 4212 4224 4213
f 4214 4225 4217
f 4215 4221 4216
f 4216 4226 4222
f 4216 4221 4226
f 4217 4225 4227
f 4217 4227 4218
f 4218 4227 4228
f 4218 4228 4229
f 4218 4229 4219
f 4219 4221 4220
f 4219 4229 4221
f 4221 4229 4230
f 4221 4230 4231
f 4221 4231 4232
f 4221 4232 4226
f 4222 4233 4234
f 4222 4234 4235
f 4222 4235 4236
f 4222 4236 4223
f 4222 4226 4237
f 4222 4237 4233
f 4224 4238 4239
f 4226 4232 4240
f 4226 4240 4237
f 4227 4241 4238
f 4227 4238 4246
f 4227 4246 4245
f 4227 4245 4248
f 4227 4248 4242
f 4227 4242 4231
f 4227 4231 4230
f 4227 4230 4229
f 4227 4229 4228
f 4231 4242 4243
f 4231 4243 4244
f 4231 4244 4240
f 4231 4240 4232
f 4233 4245 4246
f 4233 4246 4234
f 4233 4237 4245
f 4237 4240 4244
f 4237 4244 4245
f 4238 4247 4239
f 4238 4241 4247
f 4242 4248 4244
f 4242 4244 4243
f 4244 4248 4245
f 4249 4250 4253
f 4249 4253 4263
f 4249 4263 4274
f 4249 4274 4289
f 4249 4289 4312
f 4249 4312 4324
f 4249 4324 4307
f 4249 4307 4286
f 4249 4286 4285
f 4249 4285 4284
f 4249 4284 4283
f 4249 4283 4281
f 4249 4281 4271
f 4249 4271 4261
f 4249 4261 4251
f 4249 4251 4262
f 4249 4262 4273
f 4249 4273 4288
f 4249 4288 4311
f 4249 4311 4327
f 4249 4327 4319
f 4249 4319 4293
f 4249 4293 4291
f 4249 4291 4278
f 4249 4278 4277
f 4249 4277 4267
f 4249 4267 4257
f 4249 4257 4256
f 4249 4256 4255
f 4249 4255 4254
f 4249 4254 4252
f 4249 4252 4250
f 4250 4252 4254
f 4250 4254 4255
f 4250 4255 4256
f 4250 4256 4257
f 4250 4257 4258
f 4250 4258 4259
f 4250 4259 4260
f 4250 4260 4253
f 4251 4261 4262
f 4253 4260 4264
f 4253 4264 4263
f 4257 4265 4266
f 4257 4266 4258
f 4257 4267 4268
f 4257 4268 4265
f 4258 4266 4259
f 4259 4264 4260
f 4259 4266 4265
f 4259 4265 4269
f 4259 4269 4270
f 4259 4270 4264
f 4261 4271 4262
f 4262 4272 4282
f 4262 4282 4305
f 4262 4305 4325
f 4262 4325 4332
f 4262 4332 4331
f 4262 4331 4330
f 4262 4330 4329
f 4262 4329 4328
f 4262 4328 4322
f 4262 4322 4321
f 4262 4321 4320
f 4262 4320 4308
f 4262 4308 4287
f 4262 4287 4273
f 4262 4271 4272
f 4263 4264 4274
f 4264 4275 4274
f 4264 4270 4275
f 4265 4268 4276
f 4265 4276 4269
f 4267 4277 4268
f 4268 4277 4278
f 4268 4278 4276
f 4269 4276 4270
f 4270 4276 4279
f 4270 4279 4292
f 4270 4292 4280
f 4270 4280 4275
f 4271 4281 4272
f 4272 4281 4283
f 4272 4283 4284
f 4272 4284 4285
f 4272 4285 4286
f 4272 4286 4307
f 4272 4307 4323
f 4272 4323 4303
f 4272 4303 4302
f 4272 4302 4301
f 4272 4301 4300
f 4272 4300 4313
f 4272 4313 4318
f 4272 4318 4326
f 4272 4326 4306
f 4272 4306 4282
f 4273 4287 4288
f 4274 4275 4289
f 4275 4290 4289
f 4275 4280 4290
f 4276 4278 4291
f 4276 4291 4279
f 4279 4291 4293
f 4279 4293 4294
f 4279 4294 4295
f 4279 4295 4296
f 4279 4296 4297
f 4279 4297 4298
f 4279 4298 4299
f 4279 4299 4292
f 4280 4292 4300
f 4280 4300 4301
f 4280 4301 4302
f 4280 4302 4303
f 4280 4303 4304
f 4280 4304 4290
f 4282 4306 4305
f 4287 4308 4309
f 4287 4309 4288
f 4288 4309 4297
f 4288 4297 4310
f 4288 4310 4311
f 4289 4290 4312
f 4290 4304 4312
f 4292 4313 4300
f 4292 4299 4314
f 4292 4314 4315
f 4292 4315 4316
f 4292 4316 4317
f 4292 4317 4318
f 4292 4318 4313
f 4293 4319 4294
f 4294 4319 4310
f 4294 4310 4295
f 4295 4310 4297
f 4295 4297 4296
f 4297 4309 4320
f 4297 4320 4321
f 4297 4321 4298
f 4298 4321 4322
f 4298 4322 4299
f 4299 4322 4314
f 4303 4323 4304
f 4304 4323 4307
f 4304 4307 4324
f 4304 4324 4312
f 4305 4306 4317
f 4305 4317 4316
f 4305 4316 4325
f 4306 4326 4317
f 4308 4320 4309
f 4310 4327 4311
f 4310 4319 4327
f 4314 4322 4328
f 4314 4328 4329
f 4314 4329 4330
f 4314 4330 4315
f 4315 4330 4331
f 4315 4331 4332
f 4315 4332 4316
f 4316 4332 4325
f 4317 4326 4318
f 4333 4334 4337
f 4333 4337 4345
f 4333 4345 4354
f 4333 4354 4372
f 4333 4372 4388
f 4333 4388 4383
f 4333 4383 4367
f 4333 4367 4349
f 4333 4349 4339
f 4333 4339 4335
f 4333 4335 4338
f 4333 4338 4346
f 4333 4346 4362
f 4333 4362 4366
f 4333 4366 4382
f 4333 4382 4381
f 4333 4381 4380
f 4333 4380 4379
f 4333 4379 4378
f 4333 4378 4397
f 4333 4397 4396
f 4333 4396 4387
f 4333 4387 4371
f 4333 4371 4353
f 4333 4353 4352
f 4333 4352 4351
f 4333 4351 4341
f 4333 4341 4336
f 4333 4336 4334
f 4334 4336 4337
f 4335 4339 4340
f 4335 4340 4338
f 4336 4341 4342
f 4336 4342 4343
f 4336 4343 4344
f 4336 4344 4345
f 4336 4345 4337
f 4338 4340 4347
f 4338 4347 4348
f 4338 4348 4346
f 4339 4349 4350
f 4339 4350 4340
f 4340 4350 4347
f 4341 4351 4342
f 4342 4351 4343
f 4343 4351 4352
f 4343 4352 4353
f 4343 4353 4345
f 4343 4345 4344
f 4345 4353 4355
f 4345 4355 4356
f 4345 4356 4357
f 4345 4357 4358
f 4345 4358 4359
f 4345 4359 4360
f 4345 4360 4361
f 4345 4361 4374
f 4345 4374 4391
f 4345 4391 4402
f 4345 4402 4393
f 4345 4393 4392
f 4345 4392 4401
f 4345 4401 4400
f 4345 4400 4399
f 4345 4399 4389
f 4345 4389 4373
f 4345 4373 4354
f 4346 4348 4362
f 4347 4350 4363
f 4347 4363 4364
f 4347 4364 4348
f 4348 4364 4376
f 4348 4376 4395
f 4348 4395 4390
f 4348 4390 4374
f 4348 4374 4361
f 4348 4361 4360
f 4348 4360 4359
f 4348 4359 4358
f 4348 4358 4357
f 4348 4357 4356
f 4348 4356 4355
f 4348 4355 4353
f 4348 4353 4371
f 4348 4371 4386
f 4348 4386 4377
f 4348 4377 4365
f 4348 4365 4366
f 4348 4366 4362
f 4349 4367 4368
f 4349 4368 4350
f 4350 4368 4369
f 4350 4369 4370
f 4350 4370 4363
f 4354 4373 4372
f 4363 4370 4375
f 4363 4375 4364
f 4364 4375 4376
f 4365 4377 4378
f 4365 4378 4379
f 4365 4379 4380
f 4365 4380 4381
f 4365 4381 4382
f 4365 4382 4366
f 4367 4383 4368
f 4368 4383 4384
f 4368 4384 4369
f 4369 4385 4370
f 4369 4384 4385
f 4370 4385 4375
f 4371 4387 4386
f 4372 4384 4388
f 4372 4373 4384
f 4373 4389 4384
f 4374 4390 4391
f 4375 4385 4392
f 4375 4392 4393
f 4375 4393 4394
f 4375 4394 4376
f 4376 4394 4393
f 4376 4393 4395
f 4377 4386 4396
f 4377 4396 4397
f 4377 4397 4378
f 4383 4388 4384
f 4384 4389 4398
f 4384 4398 4385
f 4385 4398 4389
f 4385 4389 4399
f 4385 4399 4400
f 4385 4400 4401
f 4385 4401 4392
f 4386 4387 4396
f 4390 4395 4402
f 4390 4402 4391
f 4393 4402 4395
f 4403 4404 4411
f 4403 4411 4417
f 4403 4417 4419
f 4403 4419 4418
f 4403 4418 4420
f 4403 4420 4413
f 4403 4413 4405
f 4403 4405 4414
f 4403 4414 4424
f 4403 4424 4432
f 4403 4432 4439
f 4403 4439 4440
f 4403 4440 4435
f 4403 4435 4426
f 4403 4426 4415
f 4403 4415 4406
f 4403 4406 4407
f 4403 4407 4408
f 4403 4408 4409
f 4403 4409 4410
f 4403 4410 4404
f 4404 4410 4412
f 4404 4412 4411
f 4405 4413 4414
f 4406 4415 4425
f 4406 4425 4433
f 4406 4433 4429
f 4406 4429 4416
f 4406 4416 4410
f 4406 4410 4409
f 4406 4409 4408
f 4406 4408 4407
f 4410 4416 4412
f 4411 4412 4417
f 4412 4418 4419
f 4412 4419 4417
f 4412 4416 4429
f 4412 4429 4437
f 4412 4437 4434
f 4412 4434 4428
f 4412 4428 4427
f 4412 4427 4436
f 4412 4436 4441
f 4412 4441 4442
f 4412 4442 4438
f 4412 4438 4431
f 4412 4431 4430
f 4412 4430 4423
f 4412 4423 4422
f 4412 4422 4421
f 4412 4421 4420
f 4412 4420 4418
f 4413 4420 4421
f 4413 4421 4414
f 4414 4421 4422
f 4414 4422 4423
f 4414 4423 4424
f 4415 4426 4427
f 4415 4427 4428
f 4415 4428 4425
f 4423 4430 4424
f 4424 4430 4431
f 4424 4431 4432
f 4425 4428 4434
f 4425 4434 4433
f 4426 4435 4427
f 4427 4435 4436
f 4429 4433 4437
f 4431 4438 4439
f 4431 4439 4432
f 4433 4434 4437
f 4435 4440 4436
f 4436 4440 4441
f 4438 4442 4439
f 4439 4442 4440
f 4440 4442 4441
f 4443 4444 4447
f 4443 4447 4463
f 4443 4463 4472
f 4443 4472 4483
f 4443 4483 4473
f 4443 4473 4464
f 4443 4464 4449
f 4443 4449 4445
f 4443 4445 4459
f 4443 4459 4466
f 4443 4466 4478
f 4443 4478 4492
f 4443 4492 4507
f 4443 4507 4506
f 4443 4506 4508
f 4443 4508 4514
f 4443 4514 4509
f 4443 4509 4493
f 4443 4493 4480
f 4443 4480 4469
f 4443 4469 4467
f 4443 4467 4460
f 4443 4460 4446
f 4443 4446 4444
f 4444 4446 4448
f 4444 4448 4447
f 4445 4449 4450
f 4445 4450 4451
f 4445 4451 4452
f 4445 4452 4453
f 4445 4453 4454
f 4445 4454 4455
f 4445 4455 4456
f 4445 4456 4457
f 4445 4457 4458
f 4445 4458 4459
f 4446 4460 4461
f 4446 4461 4448
f 4447 4448 4462
f 4447 4462 4463
f 4448 4461 4462
f 4449 4464 4450
f 4450 4465 4475
f 4450 4475 4485
f 4450 4485 4499
f 4450 4499 4513
f 4450 4513 4512
f 4450 4512 4500
f 4450 4500 4486
f 4450 4486 4476
f 4450 4476 4466
f 4450 4466 4459
f 4450 4459 4458
f 4450 4458 4457
f 4450 4457 4456
f 4450 4456 4455
f 4450 4455 4454
f 4450 4454 4453
f 4450 4453 4452
f 4450 4452 4451
f 4450 4464 4473
f 4450 4473 4482
f 4450 4482 4496
f 4450 4496 4495
f 4450 4495 4510
f 4450 4510 4503
f 4450 4503 4502
f 4450 4502 4501
f 4450 4501 4511
f 4450 4511 4497
f 4450 4497 4484
f 4450 4484 4474
f 4450 4474 4465
f 4460 4467 4461
f 4461 4468 4462
f 4461 4467 4469
f 4461 4469 4468
f 4462 4470 4463
f 4462 4468 4470
f 4463 4470 4471
f 4463 4471 4472
f 4465 4474 4475
f 4466 4476 4477
f 4466 4477 4478
f 4468 4469 4479
f 4468 4479 4470
f 4469 4480 4481
f 4469 4481 4479
f 4470 4479 4471
f 4471 4482 4483
f 4471 4483 4472
f 4471 4479 4482
f 4473 4483 4482
f 4474 4484 4475
f 4475 4484 4485
f 4476 4486 4487
f 4476 4487 4488
f 4476 4488 4477
f 4477 4488 4489
f 4477 4489 4490
f 4477 4490 4491
f 4477 4491 4492
f 4477 4492 4478
f 4479 4481 4482
f 4480 4493 4494
f 4480 4494 4481
f 4481 4494 4495
f 4481 4495 4496
f 4481 4496 4482
f 4484 4497 4498
f 4484 4498 4485
f 4485 4498 4499
f 4486 4500 4498
f 4486 4498 4487
f 4487 4498 4488
f 4488 4498 4489
f 4489 4498 4501
f 4489 4501 4502
f 4489 4502 4490
f 4490 4502 4503
f 4490 4503 4504
f 4490 4504 4505
f 4490 4505 4491
f 4491 4506 4507
f 4491 4507 4492
f 4491 4505 4508
f 4491 4508 4506
f 4493 4509 4494
f 4494 4503 4510
f 4494 4510 4495
f 4494 4509 4505
f 4494 4505 4503
f 4497 4511 4498
f 4498 4500 4512
f 4498 4512 4513
f 4498 4513 4499
f 4498 4511 4501
f 4503 4505 4504
f 4505 4514 4508
f 4505 4509 4514
f 4515 4516 4525
f 4515 4525 4532
f 4515 4532 4534
f 4515 4534 4526
f 4515 4526 4517
f 4515 4517 4527
f 4515 4527 4535
f 4515 4535 4542
f 4515 4542 4550
f 4515 4550 4547
f 4515 4547 4546
f 4515 4546 4548
f 4515 4548 4543
f 4515 4543 4536
f 4515 4536 4528
f 4515 4528 4518
f 4515 4518 4519
f 4515 4519 4520
f 4515 4520 4521
f 4515 4521 4522
f 4515 4522 4523
f 4515 4523 4524
f 4515 4524 4516
f 4516 4524 4531
f 4516 4531 4537
f 4516 4537 4544
f 4516 4544 4549
f 4516 4549 4541
f 4516 4541 4540
f 4516 4540 4533
f 4516 4533 4525
f 4517 4526 4527
f 4518 4528 4529
f 4518 4529 4530
f 4518 4530 4519
f 4519 4530 4529
f 4519 4529 4528
f 4519 4528 4536
f 4519 4536 4531
f 4519 4531 4524
f 4519 4524 4523
f 4519 4523 4522
f 4519 4522 4521
f 4519 4521 4520
f 4525 4533 4532
f 4526 4534 4535
f 4526 4535 4527
f 4531 4536 4538
f 4531 4538 4537
f 4532 4533 4539
f 4532 4539 4534
f 4533 4540 4539
f 4534 4539 4541
f 4534 4541 4542
f 4534 4542 4535
f 4536 4543 4538
f 4537 4538 4545
f 4537 4545 4546
f 4537 4546 4547
f 4537 4547 4544
f 4538 4548 4545
f 4538 4543 4548
f 4539 4540 4541
f 4541 4549 4542
f 4542 4549 4550
f 4544 4547 4549
f 4545 4548 4546
f 4547 4550 4549
f 4551 4552 4553
f 4551 4553 4554
f 4551 4554 4558
f 4551 4558 4570
f 4551 4570 4594
f 4551 4594 4628
f 4551 4628 4627
f 4551 4627 4649
f 4551 4649 4630
f 4551 4630 4629
f 4551 4629 4596
f 4551 4596 4595
f 4551 4595 4573
f 4551 4573 4572
f 4551 4572 4562
f 4551 4562 4555
f 4551 4555 4561
f 4551 4561 4575
f 4551 4575 4574
f 4551 4574 4579
f 4551 4579 4604
f 4551 4604 4603
f 4551 4603 4602
f 4551 4602 4632
f 4551 4632 4631
f 4551 4631 4606
f 4551 4606 4605
f 4551 4605 4580
f 4551 4580 4563
f 4551 4563 4556
f 4551 4556 4552
f 4552 4557 4564
f 4552 4564 4584
f 4552 4584 4586
f 4552 4586 4615
f 4552 4615 4618
f 4552 4618 4587
f 4552 4587 4566
f 4552 4566 4558
f 4552 4558 4554
f 4552 4554 4553
f 4552 4556 4563
f 4552 4563 4583
f 4552 4583 4613
f 4552 4613 4640
f 4552 4640 4637
f 4552 4637 4636
f 4552 4636 4635
f 4552 4635 4634
f 4552 4634 4652
f 4552 4652 4651
f 4552 4651 4665
f 4552 4665 4667
f 4552 4667 4666
f 4552 4666 4663
f 4552 4663 4662
f 4552 4662 4661
f 4552 4661 4659
f 4552 4659 4658
f 4552 4658 4657
f 4552 4657 4656
f 4552 4656 4655
f 4552 4655 4641
f 4552 4641 4616
f 4552 4616 4614
f 4552 4614 4585
f 4552 4585 4565
f 4552 4565 4557
f 4555 4559 4560
f 4555 4560 4561
f 4555 4562 4559
f 4557 4565 4564
f 4558 4566 4567
f 4558 4567 4568
f 4558 4568 4569
f 4558 4569 4570
f 4559 4571 4560
f 4559 4562 4572
f 4559 4572 4573
f 4559 4573 4571
f 4560 4574 4575
f 4560 4575 4561
f 4560 4571 4576
f 4560 4576 4577
f 4560 4577 4578
f 4560 4578 4579
f 4560 4579 4574
f 4563 4580 4581
f 4563 4581 4582
f 4563 4582 4583
f 4564 4565 4584
f 4565 4585 4586
f 4565 4586 4584
f 4566 4587 4588
f 4566 4588 4567
f 4567 4588 4589
f 4567 4589 4568
f 4568 4589 4590
f 4568 4590 4591
f 4568 4591 4592
f 4568 4592 4570
f 4568 4570 4569
f 4570 4592 4593
f 4570 4593 4594
f 4571 4573 4595
f 4571 4595 4576
f 4576 4595 4596
f 4576 4596 4597
f 4576 4597 4598
f 4576 4598 4599
f 4576 4599 4600
f 4576 4600 4601
f 4576 4601 4577
f 4577 4601 4602
f 4577 4602 4603
f 4577 4603 4604
f 4577 4604 4578
f 4578 4604 4579
f 4580 4605 4581
f 4581 4605 4606
f 4581 4606 4607
f 4581 4607 4600
f 4581 4600 4582
f 4582 4608 4609
f 4582 4609 4610
f 4582 4610 4583
f 4582 4600 4611
f 4582 4611 4612
f 4582 4612 4608
f 4583 4610 4613
f 4585 4614 4586
f 4586 4614 4616
f 4586 4616 4617
f 4586 4617 4615
f 4587 4618 4588
f 4588 4618 4619
f 4588 4619 4589
f 4589 4619 4620
f 4589 4620 4621
f 4589 4621 4590
f 4590 4621 4622
f 4590 4622 4623
f 4590 4623 4591
f 4591 4624 4592
f 4591 4623 4625
f 4591 4625 4626
f 4591 4626 4624
f 4592 4624 4627
f 4592 4627 4628
f 4592 4628 4593
f 4593 4628 4594
f 4596 4629 4598
f 4596 4598 4597
f 4598 4626 4625
f 4598 4625 4611
f 4598 4611 4600
f 4598 4600 4599
f 4598 4629 4630
f 4598 4630 4624
f 4598 4624 4626
f 4600 4607 4601
f 4601 4607 4606
f 4601 4606 4631
f 4601 4631 4632
f 4601 4632 4602
f 4608 4612 4625
f 4608 4625 4609
f 4609 4633 4634
f 4609 4634 4635
f 4609 4635 4636
f 4609 4636 4637
f 4609 4637 4610
f 4609 4625 4638
f 4609 4638 4639
f 4609 4639 4633
f 4610 4637 4640
f 4610 4640 4613
f 4611 4625 4612
f 4615 4617 4618
f 4616 4641 4642
f 4616 4642 4617
f 4617 4619 4618
f 4617 4642 4619
f 4619 4642 4643
f 4619 4643 4644
f 4619 4644 4620
f 4620 4644 4645
f 4620 4645 4646
f 4620 4646 4647
f 4620 4647 4621
f 4621 4647 4648
f 4621 4648 4622
f 4622 4648 4638
f 4622 4638 4623
f 4623 4638 4625
f 4624 4630 4649
f 4624 4649 4627
f 4633 4639 4650
f 4633 4650 4651
f 4633 4651 4652
f 4633 4652 4634
f 4638 4648 4653
f 4638 4653 4654
f 4638 4654 4639
f 4639 4654 4650
f 4641 4655 4642
f 4642 4655 4643
f 4643 4655 4656
f 4643 4656 4644
f 4644 4656 4657
f 4644 4657 4658
f 4644 4658 4659
f 4644 4659 4645
f 4645 4659 4646
f 4646 4660 4647
f 4646 4659 4661
f 4646 4661 4662
f 4646 4662 4663
f 4646 4663 4660
f 4647 4660 4648
f 4648 4660 4663
f 4648 4663 4653
f 4650 4664 4665
f 4650 4665 4651
f 4650 4654 4653
f 4650 4653 4664
f 4653 4663 4666
f 4653 4666 4664
f 4664 4667 4665
f 4664 4666 4667
f 4668 4669 4672
f 4668 4672 4676
f 4668 4676 4681
f 4668 4681 4693
f 4668 4693 4703
f 4668 4703 4721
f 4668 4721 4724
f 4668 4724 4723
f 4668 4723 4722
f 4668 4722 4704
f 4668 4704 4694
f 4668 4694 4682
f 4668 4682 4677
f 4668 4677 4673
f 4668 4673 4670
f 4668 4670 4674
f 4668 4674 4678
f 4668 4678 4686
f 4668 4686 4700
f 4668 4700 4714
f 4668 4714 4737
f 4668 4737 4757
f 4668 4757 4784
f 4668 4784 4806
f 4668 4806 4808
f 4668 4808 4802
f 4668 4802 4801
f 4668 4801 4796
f 4668 4796 4795
f 4668 4795 4794
f 4668 4794 4793
f 4668 4793 4768
f 4668 4768 4767
f 4668 4767 4739
f 4668 4739 4716
f 4668 4716 4701
f 4668 4701 4688
f 4668 4688 4687
f 4668 4687 4679
f 4668 4679 4675
f 4668 4675 4671
f 4668 4671 4669
f 4669 4671 4672
f 4670 4673 4674
f 4671 4675 4676
f 4671 4676 4672
f 4673 4677 4684
f 4673 4684 4697
f 4673 4697 4710
f 4673 4710 4733
f 4673 4733 4754
f 4673 4754 4782
f 4673 4782 4781
f 4673 4781 4777
f 4673 4777 4789
f 4673 4789 4785
f 4673 4785 4762
f 4673 4762 4761
f 4673 4761 4760
f 4673 4760 4759
f 4673 4759 4758
f 4673 4758 4756
f 4673 4756 4755
f 4673 4755 4734
f 4673 4734 4711
f 4673 4711 4699
f 4673 4699 4685
f 4673 4685 4678
f 4673 4678 4674
f 4675 4679 4680
f 4675 4680 4676
f 4676 4680 4681
f 4677 4682 4683
f 4677 4683 4684
f 4678 4685 4686
f 4679 4687 4680
f 4680 4687 4688
f 4680 4688 4689
f 4680 4689 4690
f 4680 4690 4691
f 4680 4691 4692
f 4680 4692 4681
f 4681 4692 4693
f 4682 4694 4683
f 4683 4694 4695
f 4683 4695 4696
f 4683 4696 4684
f 4684 4696 4698
f 4684 4698 4697
f 4685 4699 4700
f 4685 4700 4686
f 4688 4701 4689
f 4689 4701 4702
f 4689 4702 4690
f 4690 4693 4691
f 4690 4702 4693
f 4691 4693 4692
f 4693 4702 4703
f 4694 4704 4705
f 4694 4705 4706
f 4694 4706 4695
f 4695 4706 4707
f 4695 4707 4696
f 4696 4707 4698
f 4697 4698 4708
f 4697 4708 4709
f 4697 4709 4710
f 4698 4707 4708
f 4699 4711 4712
f 4699 4712 4700
f 4700 4712 4713
f 4700 4713 4714
f 4701 4715 4702
f 4701 4716 4715
f 4702 4715 4717
f 4702 4717 4718
f 4702 4718 4719
f 4702 4719 4703
f 4703 4720 4721
f 4703 4719 4720
f 4704 4722 4705
f 4705 4722 4723
f 4705 4723 4724
f 4705 4724 4720
f 4705 4720 4725
f 4705 4725 4726
f 4705 4726 4727
f 4705 4727 4728
f 4705 4728 4707
f 4705 4707 4706
f 4707 4728 4729
f 4707 4729 4708
f 4708 4729 4730
f 4708 4730 4731
f 4708 4731 4732
f 4708 4732 4709
f 4709 4732 4710
f 4710 4732 4733
f 4711 4734 4712
f 4712 4734 4735
f 4712 4735 4736
f 4712 4736 4713
f 4713 4737 4738
f 4713 4738 4714
f 4713 4736 4737
f 4714 4738 4737
f 4715 4716 4717
f 4716 4739 4740
f 4716 4740 4717
f 4717 4740 4741
f 4717 4741 4718
f 4718 4742 4719
f 4718 4741 4743
f 4718 4743 4742
f 4719 4742 4720
f 4720 4724 4721
f 4720 4742 4725
f 4725 4742 4744
f 4725 4744 4727
f 4725 4727 4726
f 4727 4729 4728
f 4727 4744 4742
f 4727 4742 4745
f 4727 4745 4746
f 4727 4746 4729
f 4729 4746 4747
f 4729 4747 4748
f 4729 4748 4749
f 4729 4749 4731
f 4729 4731 4730
f 4731 4749 4750
f 4731 4750 4751
f 4731 4751 4752
f 4731 4752 4753
f 4731 4753 4732
f 4732 4753 4754
f 4732 4754 4733
f 4734 4755 4735
f 4735 4755 4756
f 4735 4756 4736
f 4736 4757 4737
f 4736 4756 4758
f 4736 4758 4759
f 4736 4759 4760
f 4736 4760 4761
f 4736 4761 4762
f 4736 4762 4763
f 4736 4763 4764
f 4736 4764 4765
f 4736 4765 4766
f 4736 4766 4757
f 4739 4767 4740
f 4740 4767 4768
f 4740 4768 4769
f 4740 4769 4770
f 4740 4770 4741
f 4741 4770 4771
f 4741 4771 4746
f 4741 4746 4743
f 4742 4743 4746
f 4742 4746 4745
f 4746 4771 4772
f 4746 4772 4773
f 4746 4773 4774
f 4746 4774 4748
f 4746 4748 4747
f 4748 4774 4775
f 4748 4775 4776
f 4748 4776 4749
f 4749 4776 4750
f 4750 4777 4751
f 4750 4776 4775
f 4750 4775 4778
f 4750 4778 4779
f 4750 4779 4780
f 4750 4780 4777
f 4751 4777 4752
f 4752 4781 4782
f 4752 4782 4753
f 4752 4777 4781
f 4753 4782 4754
f 4757 4766 4783
f 4757 4783 4784
f 4762 4785 4763
f 4763 4786 4787
f 4763 4787 4788
f 4763 4788 4764
f 4763 4785 4789
f 4763 4789 4786
f 4764 4788 4765
f 4765 4788 4787
f 4765 4787 4780
f 4765 4780 4790
f 4765 4790 4791
f 4765 4791 4792
f 4765 4792 4783
f 4765 4783 4766
f 4768 4793 4769
f 4769 4793 4794
f 4769 4794 4795
f 4769 4795 4796
f 4769 4796 4770
f 4770 4772 4771
f 4770 4796 4772
f 4772 4797 4773
f 4772 4796 4797
f 4773 4797 4798
f 4773 4798 4774
f 4774 4798 4775
f 4775 4799 4800
f 4775 4800 4778
f 4775 4798 4801
f 4775 4801 4802
f 4775 4802 4799
f 4777 4780 4789
f 4778 4800 4803
f 4778 4803 4791
f 4778 4791 4790
f 4778 4790 4780
f 4778 4780 4779
f 4780 4787 4786
f 4780 4786 4804
f 4780 4804 4789
f 4783 4792 4805
f 4783 4805 4784
f 4784 4805 4806
f 4786 4789 4804
f 4791 4803 4792
f 4792 4803 4807
f 4792 4807 4805
f 4796 4801 4797
f 4797 4801 4798
f 4799 4802 4803
f 4799 4803 4800
f 4802 4808 4809
f 4802 4809 4807
f 4802 4807 4803
f 4805 4807 4809
f 4805 4809 4808
f 4805 4808 4806
f 4810 4811 4814
f 4810 4814 4819
f 4810 4819 4829
f 4810 4829 4843
f 4810 4843 4851
f 4810 4851 4849
f 4810 4849 4848
f 4810 4848 4847
f 4810 4847 4846
f 4810 4846 4845
f 4810 4845 4844
f 4810 4844 4834
f 4810 4834 4823
f 4810 4823 4816
f 4810 4816 4812
f 4810 4812 4813
f 4810 4813 4818
f 4810 4818 4828
f 4810 4828 4830
f 4810 4830 4822
f 4810 4822 4821
f 4810 4821 4820
f 4810 4820 4815
f 4810 4815 4811
f 4811 4815 4814
f 4812 4816 4817
f 4812 4817 4813
f 4813 4817 4824
f 4813 4824 4841
f 4813 4841 4840
f 4813 4840 4839
f 4813 4839 4838
f 4813 4838 4837
f 4813 4837 4836
f 4813 4836 4835
f 4813 4835 4842
f 4813 4842 4825
f 4813 4825 4818
f 4814 4815 4820
f 4814 4820 4821
f 4814 4821 4822
f 4814 4822 4819
f 4816 4823 4817
f 4817 4823 4824
f 4818 4825 4826
f 4818 4826 4827
f 4818 4827 4828
f 4819 4822 4829
f 4822 4830 4831
f 4822 4831 4832
f 4822 4832 4833
f 4822 4833 4829
f 4823 4834 4835
f 4823 4835 4836
f 4823 4836 4837
f 4823 4837 4838
f 4823 4838 4839
f 4823 4839 4840
f 4823 4840 4841
f 4823 4841 4824
f 4825 4842 4850
f 4825 4850 4854
f 4825 4854 4853
f 4825 4853 4852
f 4825 4852 4843
f 4825 4843 4829
f 4825 4829 4832
f 4825 4832 4831
f 4825 4831 4827
f 4825 4827 4826
f 4827 4831 4828
f 4828 4831 4830
f 4829 4833 4832
f 4834 4844 4835
f 4835 4844 4842
f 4842 4844 4845
f 4842 4845 4846
f 4842 4846 4847
f 4842 4847 4848
f 4842 4848 4849
f 4842 4849 4850
f 4843 4852 4851
f 4849 4851 4853
f 4849 4853 4854
f 4849 4854 4850
f 4851 4852 4853
f 4855 4856 4857
f 4855 4857 4858
f 4855 4858 4859
f 4855 4859 4867
f 4855 4867 4866
f 4855 4866 4865
f 4855 4865 4864
f 4855 4864 4879
f 4855 4879 4878
f 4855 4878 4889
f 4855 4889 4888
f 4855 4888 4903
f 4855 4903 4919
f 4855 4919 4908
f 4855 4908 4907
f 4855 4907 4891
f 4855 4891 4880
f 4855 4880 4869
f 4855 4869 4860
f 4855 4860 4868
f 4855 4868 4873
f 4855 4873 4861
f 4855 4861 4856
f 4856 4861 4857
f 4857 4862 4858
f 4857 4861 4862
f 4858 4862 4863
f 4858 4863 4864
f 4858 4864 4865
f 4858 4865 4866
f 4858 4866 4867
f 4858 4867 4859
f 4860 4869 4870
f 4860 4870 4868
f 4861 4871 4872
f 4861 4872 4862
f 4861 4873 4871
f 4862 4872 4863
f 4863 4872 4871
f 4863 4871 4874
f 4863 4874 4875
f 4863 4875 4876
f 4863 4876 4877
f 4863 4877 4878
f 4863 4878 4879
f 4863 4879 4864
f 4868 4870 4881
f 4868 4881 4895
f 4868 4895 4914
f 4868 4914 4931
f 4868 4931 4939
f 4868 4939 4921
f 4868 4921 4923
f 4868 4923 4922
f 4868 4922 4929
f 4868 4929 4928
f 4868 4928 4943
f 4868 4943 4933
f 4868 4933 4915
f 4868 4915 4897
f 4868 4897 4896
f 4868 4896 4883
f 4868 4883 4874
f 4868 4874 4882
f 4868 4882 4873
f 4869 4880 4890
f 4869 4890 4904
f 4869 4904 4920
f 4869 4920 4932
f 4869 4932 4930
f 4869 4930 4912
f 4869 4912 4894
f 4869 4894 4881
f 4869 4881 4870
f 4871 4873 4882
f 4871 4882 4874
f 4874 4883 4875
f 4875 4884 4876
f 4875 4883 4884
f 4876 4884 4885
f 4876 4885 4886
f 4876 4886 4877
f 4877 4886 4887
f 4877 4887 4888
f 4877 4888 4889
f 4877 4889 4878
f 4880 4891 4892
f 4880 4892 4893
f 4880 4893 4890
f 4881 4894 4895
f 4883 4896 4884
f 4884 4896 4897
f 4884 4897 4898
f 4884 4898 4885
f 4885 4898 4899
f 4885 4899 4900
f 4885 4900 4886
f 4886 4900 4901
f 4886 4901 4902
f 4886 4902 4887
f 4887 4902 4888
f 4888 4902 4903
f 4890 4893 4905
f 4890 4905 4906
f 4890 4906 4904
f 4891 4907 4892
f 4892 4907 4908
f 4892 4908 4909
f 4892 4909 4910
f 4892 4910 4911
f 4892 4911 4893
f 4893 4911 4905
f 4894 4912 4913
f 4894 4913 4914
f 4894 4914 4895
f 4897 4915 4898
f 4898 4915 4916
f 4898 4916 4899
f 4899 4901 4900
f 4899 4916 4917
f 4899 4917 4918
f 4899 4918 4902
f 4899 4902 4901
f 4902 4918 4919
f 4902 4919 4903
f 4904 4906 4921
f 4904 4921 4920
f 4905 4911 4922
f 4905 4922 4923
f 4905 4923 4906
f 4906 4923 4921
f 4908 4919 4924
f 4908 4924 4909
f 4909 4924 4925
f 4909 4925 4910
f 4910 4925 4911
f 4911 4925 4926
f 4911 4926 4927
f 4911 4927 4928
f 4911 4928 4929
f 4911 4929 4922
f 4912 4930 4913
f 4913 4931 4914
f 4913 4930 4932
f 4913 4932 4931
f 4915 4933 4934
f 4915 4934 4935
f 4915 4935 4916
f 4916 4935 4933
f 4916 4933 4936
f 4916 4936 4917
f 4917 4936 4937
f 4917 4937 4938
f 4917 4938 4918
f 4918 4938 4919
f 4919 4938 4924
f 4920 4921 4932
f 4921 4939 4940
f 4921 4940 4932
f 4924 4938 4937
f 4924 4937 4925
f 4925 4927 4926
f 4925 4937 4941
f 4925 4941 4927
f 4927 4941 4942
f 4927 4942 4943
f 4927 4943 4928
f 4931 4932 4939
f 4932 4940 4939
f 4933 4935 4934
f 4933 4943 4942
f 4933 4942 4941
f 4933 4941 4936
f 4936 4941 4937
f 4944 4945 4951
f 4944 4951 4956
f 4944 4956 4968
f 4944 4968 4992
f 4944 4992 4991
f 4944 4991 5017
f 4944 5017 5043
f 4944 5043 5042
f 4944 5042 5047
f 4944 5047 5046
f 4944 5046 5022
f 4944 5022 4998
f 4944 4998 4971
f 4944 4971 4959
f 4944 4959 4952
f 4944 4952 4946
f 4944 4946 4947
f 4944 4947 4948
f 4944 4948 4949
f 4944 4949 4954
f 4944 4954 4966
f 4944 4966 4988
f 4944 4988 5014
f 4944 5014 5013
f 4944 5013 5040
f 4944 5040 5065
f 4944 5065 5089
f 4944 5089 5093
f 4944 5093 5092
f 4944 5092 5094
f 4944 5094 5090
f 4944 5090 5072
f 4944 5072 5071
f 4944 5071 5070
f 4944 5070 5068
f 4944 5068 5048
f 4944 5048 5021
f 4944 5021 4996
f 4944 4996 4995
f 4944 4995 4997
f 4944 4997 4970
f 4944 4970 4957
f 4944 4957 4955
f 4944 4955 4950
f 4944 4950 4945
f 4945 4950 4951
f 4946 4952 4947
f 4947 4952 4959
f 4947 4959 4972
f 4947 4972 5000
f 4947 5000 5026
f 4947 5026 5056
f 4947 5056 5079
f 4947 5079 5091
f 4947 5091 5080
f 4947 5080 5085
f 4947 5085 5084
f 4947 5084 5083
f 4947 5083 5082
f 4947 5082 5059
f 4947 5059 5031
f 4947 5031 5030
f 4947 5030 5004
f 4947 5004 4977
f 4947 4977 4976
f 4947 4976 4961
f 4947 4961 4953
f 4947 4953 4948
f 4948 4953 4960
f 4948 4960 4973
f 4948 4973 5001
f 4948 5001 5027
f 4948 5027 5006
f 4948 5006 4980
f 4948 4980 4963
f 4948 4963 4954
f 4948 4954 4949
f 4950 4955 4951
f 4951 4955 4957
f 4951 4957 4958
f 4951 4958 4956
f 4953 4961 4962
f 4953 4962 4960
f 4954 4963 4964
f 4954 4964 4965
f 4954 4965 4966
f 4956 4967 4968
f 4956 4958 4969
f 4956 4969 4967
f 4957 4970 4958
f 4958 4970 4969
f 4959 4971 4972
f 4960 4962 4974
f 4960 4974 4975
f 4960 4975 4973
f 4961 4976 4962
f 4962 4976 4977
f 4962 4977 4978
f 4962 4978 4974
f 4963 4979 4964
f 4963 4980 4981
f 4963 4981 4982
f 4963 4982 4983
f 4963 4983 4984
f 4963 4984 4979
f 4964 4985 4965
f 4964 4979 4985
f 4965 4985 4984
f 4965 4984 4986
f 4965 4986 4987
f 4965 4987 4988
f 4965 4988 4966
f 4967 4989 4990
f 4967 4990 4991
f 4967 4991 4992
f 4967 4992 4968
f 4967 4969 4993
f 4967 4993 4989
f 4969 4970 4994
f 4969 4994 4995
f 4969 4995 4996
f 4969 4996 4993
f 4970 4997 4994
f 4971 4998 4999
f 4971 4999 4972
f 4972 4999 5000
f 4973 4975 5001
f 4974 4978 5002
f 4974 5002 5003
f 4974 5003 4975
f 4975 5003 5001
f 4977 5004 5005
f 4977 5005 4978
f 4978 5005 5002
f 4979 4984 4985
f 4980 5006 5007
f 4980 5007 4981
f 4981 5007 4982
f 4982 5007 4983
f 4983 5008 5009
f 4983 5009 4986
f 4983 4986 4984
f 4983 5007 5008
f 4986 5010 4987
f 4986 5009 5011
f 4986 5011 5012
f 4986 5012 5010
f 4987 5013 5014
f 4987 5014 4988
f 4987 5010 5015
f 4987 5015 5013
f 4989 5016 4990
f 4989 4993 5016
f 4990 5017 4991
f 4990 5016 5017
f 4993 4996 5018
f 4993 5018 5019
f 4993 5019 5016
f 4994 4997 4995
f 4996 5020 5018
f 4996 5021 5020
f 4998 5022 5023
f 4998 5023 5024
f 4998 5024 5025
f 4998 5025 4999
f 4999 5025 5000
f 5000 5025 5026
f 5001 5003 5007
f 5001 5007 5027
f 5002 5005 5028
f 5002 5028 5029
f 5002 5029 5003
f 5003 5029 5008
f 5003 5008 5007
f 5004 5030 5005
f 5005 5030 5031
f 5005 5031 5032
f 5005 5032 5029
f 5005 5029 5028
f 5006 5027 5007
f 5008 5029 5033
f 5008 5033 5009
f 5009 5034 5011
f 5009 5033 5034
f 5010 5012 5035
f 5010 5035 5015
f 5011 5034 5036
f 5011 5036 5037
f 5011 5037 5038
f 5011 5038 5012
f 5012 5038 5035
f 5013 5015 5039
f 5013 5039 5040
f 5015 5035 5039
f 5016 5041 5042
f 5016 5042 5043
f 5016 5043 5017
f 5016 5019 5041
f 5018 5020 5019
f 5019 5020 5044
f 5019 5044 5045
f 5019 5045 5046
f 5019 5046 5047
f 5019 5047 5042
f 5019 5042 5041
f 5020 5021 5048
f 5020 5048 5049
f 5020 5049 5050
f 5020 5050 5051
f 5020 5051 5044
f 5022 5046 5045
f 5022 5045 5052
f 5022 5052 5053
f 5022 5053 5023
f 5023 5053 5024
f 5024 5054 5025
f 5024 5053 5054
f 5025 5054 5055
f 5025 5055 5026
f 5026 5055 5037
f 5026 5037 5036
f 5026 5036 5034
f 5026 5034 5057
f 5026 5057 5056
f 5029 5032 5058
f 5029 5058 5033
f 5031 5059 5032
f 5032 5059 5060
f 5032 5060 5058
f 5033 5058 5034
f 5034 5058 5057
f 5035 5038 5061
f 5035 5061 5039
f 5037 5062 5063
f 5037 5063 5038
f 5037 5055 5062
f 5038 5064 5061
f 5038 5063 5064
f 5039 5065 5040
f 5039 5061 5066
f 5039 5066 5065
f 5044 5051 5067
f 5044 5067 5045
f 5045 5067 5052
f 5048 5068 5049
f 5049 5068 5050
f 5050 5069 5051
f 5050 5068 5070
f 5050 5070 5071
f 5050 5071 5072
f 5050 5072 5073
f 5050 5073 5069
f 5051 5069 5067
f 5052 5067 5053
f 5053 5067 5074
f 5053 5074 5075
f 5053 5075 5076
f 5053 5076 5055
f 5053 5055 5054
f 5055 5076 5077
f 5055 5077 5078
f 5055 5078 5062
f 5056 5057 5079
f 5057 5058 5079
f 5058 5060 5080
f 5058 5080 5081
f 5058 5081 5079
f 5059 5082 5060
f 5060 5083 5084
f 5060 5084 5085
f 5060 5085 5080
f 5060 5082 5083
f 5061 5064 5086
f 5061 5086 5066
f 5062 5078 5063
f 5063 5078 5077
f 5063 5077 5064
f 5064 5077 5075
f 5064 5075 5087
f 5064 5087 5088
f 5064 5088 5086
f 5065 5066 5089
f 5066 5086 5089
f 5067 5069 5073
f 5067 5073 5074
f 5072 5090 5073
f 5073 5090 5087
f 5073 5087 5074
f 5074 5087 5075
f 5075 5077 5076
f 5079 5081 5091
f 5080 5091 5081
f 5086 5092 5093
f 5086 5093 5089
f 5086 5088 5092
f 5087 5090 5094
f 5087 5094 5092
f 5087 5092 5088
f 5095 5096 5097
f 5095 5097 5104
f 5095 5104 5123
f 5095 5123 5137
f 5095 5137 5144
f 5095 5144 5150
f 5095 5150 5149
f 5095 5149 5148
f 5095 5148 5142
f 5095 5142 5141
f 5095 5141 5147
f 5095 5147 5154
f 5095 5154 5152
f 5095 5152 5145
f 5095 5145 5138
f 5095 5138 5125
f 5095 5125 5124
f 5095 5124 5105
f 5095 5105 5098
f 5095 5098 5096
f 5096 5098 5099
f 5096 5099 5100
f 5096 5100 5101
f 5096 5101 5102
f 5096 5102 5103
f 5096 5103 5104
f 5096 5104 5097
f 5098 5105 5099
f 5099 5105 5106
f 5099 5106 5107
f 5099 5107 5108
f 5099 5108 5109
f 5099 5109 5100
f 5100 5110 5111
f 5100 5111 5101
f 5100 5109 5112
f 5100 5112 5110
f 5101 5111 5113
f 5101 5113 5114
f 5101 5114 5115
f 5101 5115 5116
f 5101 5116 5117
f 5101 5117 5118
f 5101 5118 5102
f 5102 5118 5119
f 5102 5119 5120
f 5102 5120 5103
f 5103 5121 5104
f 5103 5120 5122
f 5103 5122 5121
f 5104 5121 5123
f 5105 5124 5106
f 5106 5124 5125
f 5106 5125 5126
f 5106 5126 5107
f 5107 5126 5139
f 5107 5139 5138
f 5107 5138 5145
f 5107 5145 5151
f 5107 5151 5155
f 5107 5155 5153
f 5107 5153 5146
f 5107 5146 5140
f 5107 5140 5127
f 5107 5127 5112
f 5107 5112 5108
f 5108 5112 5109
f 5110 5112 5127
f 5110 5127 5143
f 5110 5143 5130
f 5110 5130 5129
f 5110 5129 5128
f 5110 5128 5122
f 5110 5122 5120
f 5110 5120 5119
f 5110 5119 5118
f 5110 5118 5117
f 5110 5117 5116
f 5110 5116 5115
f 5110 5115 5114
f 5110 5114 5113
f 5110 5113 5111
f 5121 5122 5128
f 5121 5128 5129
f 5121 5129 5130
f 5121 5130 5123
f 5123 5130 5131
f 5123 5131 5132
f 5123 5132 5133
f 5123 5133 5134
f 5123 5134 5135
f 5123 5135 5136
f 5123 5136 5137
f 5125 5138 5139
f 5125 5139 5126
f 5127 5140 5141
f 5127 5141 5142
f 5127 5142 5143
f 5130 5143 5144
f 5130 5144 5137
f 5130 5137 5136
f 5130 5136 5135
f 5130 5135 5134
f 5130 5134 5133
f 5130 5133 5132
f 5130 5132 5131
f 5140 5146 5147
f 5140 5147 5141
f 5142 5148 5143
f 5143 5148 5149
f 5143 5149 5150
f 5143 5150 5144
f 5145 5152 5151
f 5146 5153 5147
f 5147 5153 5154
f 5151 5152 5155
f 5152 5154 5155
f 5153 5155 5154
f 5156 5157 5163
f 5156 5163 5177
f 5156 5177 5186
f 5156 5186 5196
f 5156 5196 5199
f 5156 5199 5198
f 5156 5198 5192
f 5156 5192 5191
f 5156 5191 5190
f 5156 5190 5189
f 5156 5189 5187
f 5156 5187 5182
f 5156 5182 5170
f 5156 5170 5169
f 5156 5169 5168
f 5156 5168 5167
f 5156 5167 5165
f 5156 5165 5158
f 5156 5158 5159
f 5156 5159 5160
f 5156 5160 5161
f 5156 5161 5174
f 5156 5174 5180
f 5156 5180 5164
f 5156 5164 5157
f 5157 5162 5163
f 5157 5164 5162
f 5158 5165 5159
f 5159 5166 5181
f 5159 5181 5182
f 5159 5182 5187
f 5159 5187 5183
f 5159 5183 5173
f 5159 5173 5172
f 5159 5172 5171
f 5159 5171 5160
f 5159 5165 5167
f 5159 5167 5168
f 5159 5168 5169
f 5159 5169 5170
f 5159 5170 5166
f 5160 5171 5161
f 5161 5171 5172
f 5161 5172 5173
f 5161 5173 5183
f 5161 5183 5188
f 5161 5188 5197
f 5161 5197 5200
f 5161 5200 5201
f 5161 5201 5194
f 5161 5194 5184
f 5161 5184 5174
f 5162 5175 5176
f 5162 5176 5177
f 5162 5177 5163
f 5162 5164 5178
f 5162 5178 5175
f 5164 5179 5178
f 5164 5180 5179
f 5166 5170 5181
f 5170 5182 5181
f 5174 5184 5175
f 5174 5175 5180
f 5175 5185 5186
f 5175 5186 5177
f 5175 5177 5176
f 5175 5178 5180
f 5175 5184 5185
f 5178 5179 5180
f 5183 5187 5189
f 5183 5189 5190
f 5183 5190 5191
f 5183 5191 5192
f 5183 5192 5193
f 5183 5193 5188
f 5184 5194 5185
f 5185 5195 5186
f 5185 5194 5195
f 5186 5195 5196
f 5188 5193 5197
f 5192 5198 5193
f 5193 5198 5199
f 5193 5199 5195
f 5193 5195 5200
f 5193 5200 5197
f 5194 5201 5195
f 5195 5199 5196
f 5195 5201 5200
f 5202 5203 5204
f 5202 5204 5205
f 5202 5205 5206
f 5202 5206 5207
f 5202 5207 5208
f 5202 5208 5209
f 5202 5209 5210
f 5202 5210 5211
f 5202 5211 5212
f 5202 5212 5203
f 5203 5213 5204
f 5203 5212 5214
f 5203 5214 5213
f 5204 5213 5214
f 5204 5214 5215
f 5204 5215 5216
f 5204 5216 5217
f 5204 5217 5218
f 5204 5218 5219
f 5204 5219 5220
f 5204 5220 5205
f 5205 5220 5221
f 5205 5221 5206
f 5206 5222 5207
f 5206 5221 5223
f 5206 5223 5222
f 5207 5222 5232
f 5207 5232 5254
f 5207 5254 5258
f 5207 5258 5256
f 5207 5256 5275
f 5207 5275 5277
f 5207 5277 5280
f 5207 5280 5262
f 5207 5262 5261
f 5207 5261 5243
f 5207 5243 5224
f 5207 5224 5210
f 5207 5210 5209
f 5207 5209 5208
f 5210 5224 5242
f 5210 5242 5260
f 5210 5260 5263
f 5210 5263 5246
f 5210 5246 5225
f 5210 5225 5216
f 5210 5216 5215
f 5210 5215 5214
f 5210 5214 5212
f 5210 5212 5211
f 5216 5225 5218
f 5216 5218 5217
f 5218 5225 5226
f 5218 5226 5227
f 5218 5227 5228
f 5218 5228 5229
f 5218 5229 5230
f 5218 5230 5219
f 5219 5230 5223
f 5219 5223 5220
f 5220 5223 5221
f 5222 5223 5231
f 5222 5231 5232
f 5223 5230 5233
f 5223 5233 5234
f 5223 5234 5235
f 5223 5235 5236
f 5223 5236 5232
f 5223 5232 5231
f 5224 5237 5238
f 5224 5238 5239
f 5224 5239 5240
f 5224 5240 5241
f 5224 5241 5242
f 5224 5243 5244
f 5224 5244 5245
f 5224 5245 5237
f 5225 5246 5226
f 5226 5246 5227
f 5227 5246 5247
f 5227 5247 5264
f 5227 5264 5263
f 5227 5263 5260
f 5227 5260 5241
f 5227 5241 5259
f 5227 5259 5279
f 5227 5279 5281
f 5227 5281 5265
f 5227 5265 5248
f 5227 5248 5229
f 5227 5229 5228
f 5229 5248 5249
f 5229 5249 5250
f 5229 5250 5251
f 5229 5251 5230
f 5230 5251 5250
f 5230 5250 5252
f 5230 5252 5253
f 5230 5253 5233
f 5232 5236 5254
f 5233 5253 5234
f 5234 5253 5255
f 5234 5255 5235
f 5235 5256 5236
f 5235 5255 5257
f 5235 5257 5256
f 5236 5256 5258
f 5236 5258 5254
f 5237 5245 5244
f 5237 5244 5262
f 5237 5262 5280
f 5237 5280 5276
f 5237 5276 5278
f 5237 5278 5274
f 5237 5274 5273
f 5237 5273 5272
f 5237 5272 5271
f 5237 5271 5270
f 5237 5270 5269
f 5237 5269 5268
f 5237 5268 5267
f 5237 5267 5266
f 5237 5266 5259
f 5237 5259 5241
f 5237 5241 5240
f 5237 5240 5239
f 5237 5239 5238
f 5241 5260 5242
f 5243 5261 5244
f 5244 5261 5262
f 5246 5263 5264
f 5246 5264 5247
f 5248 5265 5266
f 5248 5266 5249
f 5249 5266 5250
f 5250 5266 5267
f 5250 5267 5268
f 5250 5268 5269
f 5250 5269 5253
f 5250 5253 5252
f 5253 5270 5271
f 5253 5271 5255
f 5253 5269 5270
f 5255 5271 5272
f 5255 5272 5273
f 5255 5273 5274
f 5255 5274 5257
f 5256 5257 5275
f 5257 5276 5277
f 5257 5277 5275
f 5257 5274 5278
f 5257 5278 5276
f 5259 5266 5279
f 5265 5281 5266
f 5266 5281 5279
f 5276 5280 5277
f 5282 5283 5287
f 5282 5287 5299
f 5282 5299 5306
f 5282 5306 5319
f 5282 5319 5308
f 5282 5308 5300
f 5282 5300 5288
f 5282 5288 5284
f 5282 5284 5296
f 5282 5296 5303
f 5282 5303 5311
f 5282 5311 5326
f 5282 5326 5327
f 5282 5327 5313
f 5282 5313 5304
f 5282 5304 5297
f 5282 5297 5285
f 5282 5285 5286
f 5282 5286 5283
f 5283 5286 5287
f 5284 5288 5289
f 5284 5289 5290
f 5284 5290 5291
f 5284 5291 5292
f 5284 5292 5293
f 5284 5293 5294
f 5284 5294 5295
f 5284 5295 5296
f 5285 5297 5286
f 5286 5297 5298
f 5286 5298 5287
f 5287 5298 5299
f 5288 5300 5289
f 5289 5300 5290
f 5290 5301 5302
f 5290 5302 5291
f 5290 5300 5301
f 5291 5302 5292
f 5292 5302 5293
f 5293 5302 5310
f 5293 5310 5323
f 5293 5323 5341
f 5293 5341 5336
f 5293 5336 5335
f 5293 5335 5334
f 5293 5334 5331
f 5293 5331 5344
f 5293 5344 5342
f 5293 5342 5324
f 5293 5324 5312
f 5293 5312 5303
f 5293 5303 5296
f 5293 5296 5295
f 5293 5295 5294
f 5297 5304 5298
f 5298 5304 5305
f 5298 5305 5299
f 5299 5305 5307
f 5299 5307 5306
f 5300 5308 5309
f 5300 5309 5301
f 5301 5310 5302
f 5301 5309 5308
f 5301 5308 5310
f 5303 5312 5311
f 5304 5313 5314
f 5304 5314 5307
f 5304 5307 5305
f 5306 5307 5315
f 5306 5315 5316
f 5306 5316 5317
f 5306 5317 5318
f 5306 5318 5319
f 5307 5314 5320
f 5307 5320 5321
f 5307 5321 5315
f 5308 5319 5339
f 5308 5339 5322
f 5308 5322 5310
f 5310 5322 5339
f 5310 5339 5323
f 5311 5312 5324
f 5311 5324 5325
f 5311 5325 5326
f 5313 5327 5314
f 5314 5327 5320
f 5315 5321 5328
f 5315 5328 5325
f 5315 5325 5324
f 5315 5324 5329
f 5315 5329 5330
f 5315 5330 5331
f 5315 5331 5332
f 5315 5332 5333
f 5315 5333 5316
f 5316 5333 5331
f 5316 5331 5334
f 5316 5334 5317
f 5317 5334 5335
f 5317 5335 5336
f 5317 5336 5337
f 5317 5337 5318
f 5318 5337 5319
f 5319 5337 5338
f 5319 5338 5339
f 5320 5327 5326
f 5320 5326 5340
f 5320 5340 5321
f 5321 5340 5328
f 5323 5339 5338
f 5323 5338 5337
f 5323 5337 5341
f 5324 5342 5343
f 5324 5343 5329
f 5325 5328 5340
f 5325 5340 5326
f 5329 5343 5330
f 5330 5343 5331
f 5331 5333 5332
f 5331 5343 5344
f 5336 5341 5337
f 5342 5344 5343
f 5345 5346 5354
f 5345 5354 5368
f 5345 5368 5388
f 5345 5388 5397
f 5345 5397 5376
f 5345 5376 5360
f 5345 5360 5347
f 5345 5347 5362
f 5345 5362 5382
f 5345 5382 5401
f 5345 5401 5417
f 5345 5417 5424
f 5345 5424 5404
f 5345 5404 5391
f 5345 5391 5390
f 5345 5390 5389
f 5345 5389 5371
f 5345 5371 5384
f 5345 5384 5383
f 5345 5383 5363
f 5345 5363 5348
f 5345 5348 5349
f 5345 5349 5350
f 5345 5350 5351
f 5345 5351 5346
f 5346 5352 5353
f 5346 5353 5366
f 5346 5366 5385
f 5346 5385 5402
f 5346 5402 5418
f 5346 5418 5434
f 5346 5434 5435
f 5346 5435 5419
f 5346 5419 5403
f 5346 5403 5386
f 5346 5386 5367
f 5346 5367 5354
f 5346 5351 5355
f 5346 5355 5356
f 5346 5356 5357
f 5346 5357 5358
f 5346 5358 5359
f 5346 5359 5352
f 5347 5360 5361
f 5347 5361 5362
f 5348 5363 5349
f 5349 5363 5364
f 5349 5364 5350
f 5350 5364 5351
f 5351 5364 5355
f 5352 5359 5365
f 5352 5365 5353
f 5353 5365 5366
f 5354 5367 5368
f 5355 5364 5369
f 5355 5369 5356
f 5356 5369 5370
f 5356 5370 5357
f 5357 5370 5358
f 5358 5370 5371
f 5358 5371 5359
f 5359 5371 5372
f 5359 5372 5373
f 5359 5373 5391
f 5359 5391 5404
f 5359 5404 5423
f 5359 5423 5437
f 5359 5437 5440
f 5359 5440 5439
f 5359 5439 5435
f 5359 5435 5434
f 5359 5434 5426
f 5359 5426 5407
f 5359 5407 5395
f 5359 5395 5405
f 5359 5405 5392
f 5359 5392 5374
f 5359 5374 5375
f 5359 5375 5365
f 5360 5376 5377
f 5360 5377 5378
f 5360 5378 5361
f 5361 5379 5380
f 5361 5380 5381
f 5361 5381 5362
f 5361 5378 5379
f 5362 5381 5382
f 5363 5383 5364
f 5364 5383 5384
f 5364 5384 5369
f 5365 5375 5366
f 5366 5375 5385
f 5367 5386 5387
f 5367 5387 5388
f 5367 5388 5368
f 5369 5384 5370
f 5370 5384 5371
f 5371 5389 5372
f 5372 5389 5373
f 5373 5389 5390
f 5373 5390 5391
f 5374 5392 5375
f 5375 5392 5393
f 5375 5393 5394
f 5375 5394 5395
f 5375 5395 5396
f 5375 5396 5385
f 5376 5397 5398
f 5376 5398 5377
f 5377 5398 5379
f 5377 5379 5378
f 5379 5398 5399
f 5379 5399 5400
f 5379 5400 5380
f 5380 5400 5381
f 5381 5400 5401
f 5381 5401 5382
f 5385 5396 5402
f 5386 5403 5387
f 5387 5398 5397
f 5387 5397 5388
f 5387 5403 5399
f 5387 5399 5398
f 5392 5405 5406
f 5392 5406 5393
f 5393 5406 5405
f 5393 5405 5394
f 5394 5405 5395
f 5395 5407 5402
f 5395 5402 5396
f 5399 5408 5409
f 5399 5409 5410
f 5399 5410 5400
f 5399 5403 5408
f 5400 5410 5411
f 5400 5411 5412
f 5400 5412 5413
f 5400 5413 5414
f 5400 5414 5415
f 5400 5415 5401
f 5401 5415 5416
f 5401 5416 5417
f 5402 5407 5418
f 5403 5419 5420
f 5403 5420 5409
f 5403 5409 5408
f 5404 5421 5422
f 5404 5422 5423
f 5404 5424 5425
f 5404 5425 5416
f 5404 5416 5421
f 5407 5426 5418
f 5409 5420 5427
f 5409 5427 5410
f 5410 5427 5428
f 5410 5428 5429
f 5410 5429 5430
f 5410 5430 5412
f 5410 5412 5411
f 5412 5430 5431
f 5412 5431 5432
f 5412 5432 5433
f 5412 5433 5416
f 5412 5416 5413
f 5413 5416 5414
f 5414 5416 5415
f 5416 5433 5422
f 5416 5422 5421
f 5416 5425 5417
f 5417 5425 5424
f 5418 5426 5434
f 5419 5435 5420
f 5420 5435 5427
f 5422 5436 5423
f 5422 5433 5432
f 5422 5432 5436
f 5423 5436 5437
f 5427 5435 5428
f 5428 5435 5429
f 5429 5435 5430
f 5430 5435 5431
f 5431 5435 5438
f 5431 5438 5436
f 5431 5436 5432
f 5435 5439 5436
f 5435 5436 5438
f 5436 5439 5440
f 5436 5440 5437
f 5441 5442 5443
f 5441 5443 5444
f 5441 5444 5451
f 5441 5451 5450
f 5441 5450 5459
f 5441 5459 5461
f 5441 5461 5473
f 5441 5473 5493
f 5441 5493 5492
f 5441 5492 5491
f 5441 5491 5490
f 5441 5490 5489
f 5441 5489 5517
f 5441 5517 5519
f 5441 5519 5549
f 5441 5549 5548
f 5441 5548 5547
f 5441 5547 5568
f 5441 5568 5569
f 5441 5569 5554
f 5441 5554 5553
f 5441 5553 5552
f 5441 5552 5531
f 5441 5531 5530
f 5441 5530 5504
f 5441 5504 5503
f 5441 5503 5502
f 5441 5502 5479
f 5441 5479 5467
f 5441 5467 5466
f 5441 5466 5465
f 5441 5465 5455
f 5441 5455 5452
f 5441 5452 5445
f 5441 5445 5442
f 5442 5446 5443
f 5442 5445 5447
f 5442 5447 5446
f 5443 5448 5449
f 5443 5449 5450
f 5443 5450 5451
f 5443 5451 5444
f 5443 5446 5448
f 5445 5452 5447
f 5446 5447 5453
f 5446 5453 5454
f 5446 5454 5448
f 5447 5452 5455
f 5447 5455 5456
f 5447 5456 5453
f 5448 5454 5457
f 5448 5457 5458
f 5448 5458 5449
f 5449 5459 5450
f 5449 5458 5460
f 5449 5460 5461
f 5449 5461 5459
f 5453 5456 5462
f 5453 5462 5463
f 5453 5463 5454
f 5454 5463 5464
f 5454 5464 5457
f 5455 5465 5456
f 5456 5465 5466
f 5456 5466 5467
f 5456 5467 5468
f 5456 5468 5462
f 5457 5464 5469
f 5457 5469 5470
f 5457 5470 5458
f 5458 5470 5471
f 5458 5471 5472
f 5458 5472 5460
f 5460 5472 5461
f 5461 5472 5473
f 5462 5474 5463
f 5462 5468 5475
f 5462 5475 5474
f 5463 5474 5476
f 5463 5476 5477
f 5463 5477 5464
f 5464 5478 5469
f 5464 5477 5478
f 5467 5479 5468
f 5468 5479 5480
f 5468 5480 5481
f 5468 5481 5475
f 5469 5478 5482
f 5469 5482 5483
f 5469 5483 5484
f 5469 5484 5485
f 5469 5485 5486
f 5469 5486 5470
f 5470 5486 5487
f 5470 5487 5471
f 5471 5487 5488
f 5471 5488 5489
f 5471 5489 5490
f 5471 5490 5491
f 5471 5491 5492
f 5471 5492 5493
f 5471 5493 5472
f 5472 5493 5473
f 5474 5477 5476
f 5474 5475 5481
f 5474 5481 5494
f 5474 5494 5495
f 5474 5495 5477
f 5477 5495 5496
f 5477 5496 5497
f 5477 5497 5498
f 5477 5498 5499
f 5477 5499 5500
f 5477 5500 5501
f 5477 5501 5482
f 5477 5482 5478
f 5479 5502 5480
f 5480 5502 5503
f 5480 5503 5504
f 5480 5504 5481
f 5481 5504 5505
f 5481 5505 5506
f 5481 5506 5494
f 5482 5501 5507
f 5482 5507 5508
f 5482 5508 5509
f 5482 5509 5510
f 5482 5510 5511
f 5482 5511 5483
f 5483 5511 5510
f 5483 5510 5484
f 5484 5512 5485
f 5484 5510 5512
f 5485 5512 5486
f 5486 5512 5513
f 5486 5513 5514
f 5486 5514 5487
f 5487 5514 5515
f 5487 5515 5516
f 5487 5516 5488
f 5488 5517 5489
f 5488 5516 5518
f 5488 5518 5519
f 5488 5519 5517
f 5494 5506 5520
f 5494 5520 5496
f 5494 5496 5495
f 5496 5520 5506
f 5496 5506 5521
f 5496 5521 5522
f 5496 5522 5523
f 5496 5523 5497
f 5497 5523 5524
f 5497 5524 5499
f 5497 5499 5498
f 5499 5524 5525
f 5499 5525 5500
f 5500 5525 5524
f 5500 5524 5522
f 5500 5522 5526
f 5500 5526 5527
f 5500 5527 5528
f 5500 5528 5529
f 5500 5529 5508
f 5500 5508 5501
f 5501 5508 5507
f 5504 5530 5506
f 5504 5506 5505
f 5506 5530 5531
f 5506 5531 5532
f 5506 5532 5533
f 5506 5533 5534
f 5506 5534 5522
f 5506 5522 5535
f 5506 5535 5521
f 5508 5529 5536
f 5508 5536 5537
f 5508 5537 5538
f 5508 5538 5509
f 5509 5538 5539
f 5509 5539 5540
f 5509 5540 5510
f 5510 5540 5541
f 5510 5541 5512
f 5512 5542 5543
f 5512 5543 5513
f 5512 5541 5542
f 5513 5543 5514
f 5514 5543 5542
f 5514 5542 5544
f 5514 5544 5545
f 5514 5545 5515
f 5515 5546 5565
f 5515 5565 5542
f 5515 5542 5564
f 5515 5564 5572
f 5515 5572 5581
f 5515 5581 5580
f 5515 5580 5573
f 5515 5573 5568
f 5515 5568 5547
f 5515 5547 5516
f 5515 5545 5546
f 5516 5547 5548
f 5516 5548 5518
f 5518 5548 5549
f 5518 5549 5519
f 5521 5535 5522
f 5522 5524 5523
f 5522 5534 5533
f 5522 5533 5550
f 5522 5550 5526
f 5526 5550 5556
f 5526 5556 5555
f 5526 5555 5554
f 5526 5554 5569
f 5526 5569 5570
f 5526 5570 5559
f 5526 5559 5558
f 5526 5558 5557
f 5526 5557 5537
f 5526 5537 5536
f 5526 5536 5551
f 5526 5551 5528
f 5526 5528 5527
f 5528 5551 5536
f 5528 5536 5529
f 5531 5552 5532
f 5532 5552 5553
f 5532 5553 5554
f 5532 5554 5533
f 5533 5554 5555
f 5533 5555 5556
f 5533 5556 5550
f 5537 5557 5538
f 5538 5557 5558
f 5538 5558 5559
f 5538 5559 5560
f 5538 5560 5561
f 5538 5561 5539
f 5539 5561 5562
f 5539 5562 5540
f 5540 5562 5563
f 5540 5563 5564
f 5540 5564 5541
f 5541 5564 5542
f 5542 5565 5566
f 5542 5566 5544
f 5544 5566 5565
f 5544 5565 5546
f 5544 5546 5567
f 5544 5567 5545
f 5545 5567 5546
f 5559 5570 5579
f 5559 5579 5578
f 5559 5578 5577
f 5559 5577 5576
f 5559 5576 5575
f 5559 5575 5574
f 5559 5574 5573
f 5559 5573 5580
f 5559 5580 5571
f 5559 5571 5563
f 5559 5563 5562
f 5559 5562 5561
f 5559 5561 5560
f 5563 5571 5572
f 5563 5572 5564
f 5568 5573 5574
f 5568 5574 5575
f 5568 5575 5569
f 5569 5576 5577
f 5569 5577 5578
f 5569 5578 5579
f 5569 5579 5570
f 5569 5575 5576
f 5571 5580 5581
f 5571 5581 5572
f 5582 5583 5588
f 5582 5588 5595
f 5582 5595 5609
f 5582 5609 5626
f 5582 5626 5614
f 5582 5614 5628
f 5582 5628 5610
f 5582 5610 5599
f 5582 5599 5596
f 5582 5596 5590
f 5582 5590 5584
f 5582 5584 5585
f 5582 5585 5592
f 5582 5592 5603
f 5582 5603 5616
f 5582 5616 5633
f 5582 5633 5618
f 5582 5618 5605
f 5582 5605 5593
f 5582 5593 5586
f 5582 5586 5583
f 5583 5586 5587
f 5583 5587 5588
f 5584 5589 5585
f 5584 5590 5589
f 5585 5591 5592
f 5585 5589 5590
f 5585 5590 5591
f 5586 5593 5604
f 5586 5604 5617
f 5586 5617 5634
f 5586 5634 5649
f 5586 5649 5669
f 5586 5669 5674
f 5586 5674 5676
f 5586 5676 5661
f 5586 5661 5642
f 5586 5642 5624
f 5586 5624 5608
f 5586 5608 5594
f 5586 5594 5587
f 5587 5594 5607
f 5587 5607 5623
f 5587 5623 5641
f 5587 5641 5658
f 5587 5658 5647
f 5587 5647 5627
f 5587 5627 5609
f 5587 5609 5595
f 5587 5595 5588
f 5590 5596 5591
f 5591 5597 5598
f 5591 5598 5592
f 5591 5596 5599
f 5591 5599 5600
f 5591 5600 5601
f 5591 5601 5602
f 5591 5602 5597
f 5592 5598 5603
f 5593 5605 5606
f 5593 5606 5604
f 5594 5608 5607
f 5597 5603 5598
f 5597 5602 5603
f 5599 5601 5600
f 5599 5610 5601
f 5601 5610 5611
f 5601 5611 5602
f 5602 5611 5612
f 5602 5612 5613
f 5602 5613 5614
f 5602 5614 5603
f 5603 5615 5616
f 5603 5614 5615
f 5604 5606 5617
f 5605 5618 5619
f 5605 5619 5606
f 5606 5620 5621
f 5606 5621 5622
f 5606 5622 5617
f 5606 5619 5620
f 5607 5608 5623
f 5608 5624 5623
f 5609 5625 5626
f 5609 5627 5625
f 5610 5628 5611
f 5611 5628 5612
f 5612 5628 5614
f 5612 5614 5613
f 5614 5626 5629
f 5614 5629 5630
f 5614 5630 5631
f 5614 5631 5615
f 5615 5631 5632
f 5615 5632 5616
f 5616 5632 5633
f 5617 5622 5634
f 5618 5633 5632
f 5618 5632 5631
f 5618 5631 5635
f 5618 5635 5619
f 5619 5635 5620
f 5620 5635 5636
f 5620 5636 5637
f 5620 5637 5621
f 5621 5637 5638
f 5621 5638 5639
f 5621 5639 5640
f 5621 5640 5622
f 5622 5640 5634
f 5623 5624 5642
f 5623 5642 5643
f 5623 5643 5641
f 5625 5627 5644
f 5625 5644 5645
f 5625 5645 5637
f 5625 5637 5646
f 5625 5646 5626
f 5626 5646 5630
f 5626 5630 5629
f 5627 5647 5644
f 5630 5636 5635
f 5630 5635 5631
f 5630 5646 5636
f 5634 5640 5648
f 5634 5648 5649
f 5636 5646 5650
f 5636 5650 5637
f 5637 5650 5646
f 5637 5645 5651
f 5637 5651 5652
f 5637 5652 5638
f 5638 5652 5653
f 5638 5653 5654
f 5638 5654 5655
f 5638 5655 5656
f 5638 5656 5639
f 5639 5656 5657
f 5639 5657 5648
f 5639 5648 5640
f 5641 5643 5659
f 5641 5659 5660
f 5641 5660 5658
f 5642 5661 5643
f 5643 5661 5662
f 5643 5662 5659
f 5644 5647 5663
f 5644 5663 5659
f 5644 5659 5664
f 5644 5664 5665
f 5644 5665 5666
f 5644 5666 5667
f 5644 5667 5668
f 5644 5668 5651
f 5644 5651 5645
f 5647 5658 5663
f 5648 5657 5649
f 5649 5657 5669
f 5651 5668 5652
f 5652 5668 5670
f 5652 5670 5671
f 5652 5671 5653
f 5653 5671 5672
f 5653 5672 5673
f 5653 5673 5654
f 5654 5673 5655
f 5655 5673 5674
f 5655 5674 5669
f 5655 5669 5656
f 5656 5669 5657
f 5658 5660 5663
f 5659 5663 5660
f 5659 5662 5675
f 5659 5675 5676
f 5659 5676 5664
f 5661 5676 5662
f 5662 5676 5675
f 5664 5676 5674
f 5664 5674 5673
f 5664 5673 5666
f 5664 5666 5665
f 5666 5673 5667
f 5667 5673 5672
f 5667 5672 5677
f 5667 5677 5668
f 5668 5677 5678
f 5668 5678 5670
f 5670 5678 5677
f 5670 5677 5671
f 5671 5677 5672
f 5679 5680 5691
f 5679 5691 5697
f 5679 5697 5710
f 5679 5710 5700
f 5679 5700 5694
f 5679 5694 5693
f 5679 5693 5681
f 5679 5681 5682
f 5679 5682 5683
f 5679 5683 5684
f 5679 5684 5685
f 5679 5685 5686
f 5679 5686 5687
f 5679 5687 5688
f 5679 5688 5689
f 5679 5689 5690
f 5679 5690 5696
f 5679 5696 5702
f 5679 5702 5721
f 5679 5721 5720
f 5679 5720 5719
f 5679 5719 5718
f 5679 5718 5717
f 5679 5717 5722
f 5679 5722 5716
f 5679 5716 5715
f 5679 5715 5714
f 5679 5714 5712
f 5679 5712 5711
f 5679 5711 5698
f 5679 5698 5692
f 5679 5692 5680
f 5680 5692 5691
f 5681 5693 5682
f 5682 5693 5694
f 5682 5694 5700
f 5682 5700 5709
f 5682 5709 5708
f 5682 5708 5707
f 5682 5707 5706
f 5682 5706 5705
f 5682 5705 5704
f 5682 5704 5703
f 5682 5703 5701
f 5682 5701 5695
f 5682 5695 5683
f 5683 5695 5696
f 5683 5696 5690
f 5683 5690 5689
f 5683 5689 5688
f 5683 5688 5687
f 5683 5687 5686
f 5683 5686 5685
f 5683 5685 5684
f 5691 5692 5697
f 5692 5698 5699
f 5692 5699 5697
f 5695 5701 5696
f 5696 5701 5703
f 5696 5703 5704
f 5696 5704 5705
f 5696 5705 5706
f 5696 5706 5707
f 5696 5707 5708
f 5696 5708 5709
f 5696 5709 5700
f 5696 5700 5702
f 5697 5699 5698
f 5697 5698 5711
f 5697 5711 5712
f 5697 5712 5713
f 5697 5713 5714
f 5697 5714 5715
f 5697 5715 5716
f 5697 5716 5710
f 5700 5710 5717
f 5700 5717 5718
f 5700 5718 5719
f 5700 5719 5720
f 5700 5720 5721
f 5700 5721 5702
f 5710 5716 5722
f 5710 5722 5717
f 5712 5714 5713
f 5723 5724 5725
f 5723 5725 5726
f 5723 5726 5727
f 5723 5727 5728
f 5723 5728 5729
f 5723 5729 5730
f 5723 5730 5724
f 5724 5731 5732
f 5724 5732 5725
f 5724 5730 5733
f 5724 5733 5731
f 5725 5732 5739
f 5725 5739 5750
f 5725 5750 5765
f 5725 5765 5766
f 5725 5766 5755
f 5725 5755 5742
f 5725 5742 5734
f 5725 5734 5726
f 5726 5734 5727
f 5727 5734 5743
f 5727 5743 5756
f 5727 5756 5768
f 5727 5768 5782
f 5727 5782 5783
f 5727 5783 5770
f 5727 5770 5769
f 5727 5769 5757
f 5727 5757 5744
f 5727 5744 5735
f 5727 5735 5728
f 5728 5735 5729
f 5729 5735 5736
f 5729 5736 5730
f 5730 5737 5733
f 5730 5736 5738
f 5730 5738 5737
f 5731 5739 5732
f 5731 5733 5740
f 5731 5740 5739
f 5733 5737 5741
f 5733 5741 5740
f 5734 5742 5743
f 5735 5744 5745
f 5735 5745 5736
f 5736 5745 5746
f 5736 5746 5738
f 5737 5738 5746
f 5737 5746 5747
f 5737 5747 5741
f 5739 5748 5749
f 5739 5749 5750
f 5739 5740 5748
f 5740 5741 5751
f 5740 5751 5752
f 5740 5752 5753
f 5740 5753 5748
f 5741 5747 5754
f 5741 5754 5751
f 5742 5755 5743
f 5743 5755 5756
f 5744 5757 5745
f 5745 5757 5758
f 5745 5758 5759
f 5745 5759 5746
f 5746 5760 5747
f 5746 5759 5760
f 5747 5761 5754
f 5747 5760 5762
f 5747 5762 5763
f 5747 5763 5764
f 5747 5764 5761
f 5748 5753 5752
f 5748 5752 5751
f 5748 5751 5754
f 5748 5754 5761
f 5748 5761 5764
f 5748 5764 5763
f 5748 5763 5778
f 5748 5778 5777
f 5748 5777 5795
f 5748 5795 5794
f 5748 5794 5809
f 5748 5809 5808
f 5748 5808 5807
f 5748 5807 5812
f 5748 5812 5811
f 5748 5811 5797
f 5748 5797 5779
f 5748 5779 5767
f 5748 5767 5766
f 5748 5766 5765
f 5748 5765 5749
f 5749 5765 5750
f 5755 5766 5756
f 5756 5767 5779
f 5756 5779 5796
f 5756 5796 5810
f 5756 5810 5802
f 5756 5802 5800
f 5756 5800 5785
f 5756 5785 5784
f 5756 5784 5799
f 5756 5799 5798
f 5756 5798 5780
f 5756 5780 5768
f 5756 5766 5767
f 5757 5769 5758
f 5758 5769 5770
f 5758 5770 5771
f 5758 5771 5772
f 5758 5772 5759
f 5759 5772 5773
f 5759 5773 5774
f 5759 5774 5760
f 5760 5775 5762
f 5760 5774 5776
f 5760 5776 5775
f 5762 5775 5777
f 5762 5777 5778
f 5762 5778 5763
f 5768 5780 5781
f 5768 5781 5782
f 5770 5783 5781
f 5770 5781 5771
f 5771 5781 5784
f 5771 5784 5772
f 5772 5784 5785
f 5772 5785 5786
f 5772 5786 5787
f 5772 5787 5788
f 5772 5788 5789
f 5772 5789 5773
f 5773 5789 5790
f 5773 5790 5791
f 5773 5791 5776
f 5773 5776 5774
f 5775 5776 5777
f 5776 5791 5792
f 5776 5792 5793
f 5776 5793 5794
f 5776 5794 5795
f 5776 5795 5777
f 5779 5797 5796
f 5780 5798 5781
f 5781 5783 5782
f 5781 5798 5799
f 5781 5799 5784
f 5785 5800 5786
f 5786 5800 5801
f 5786 5801 5787
f 5787 5801 5800
f 5787 5800 5802
f 5787 5802 5803
f 5787 5803 5789
f 5787 5789 5788
f 5789 5803 5790
f 5790 5803 5804
f 5790 5804 5805
f 5790 5805 5806
f 5790 5806 5792
f 5790 5792 5791
f 5792 5806 5807
f 5792 5807 5808
f 5792 5808 5793
f 5793 5808 5809
f 5793 5809 5794
f 5796 5797 5811
f 5796 5811 5805
f 5796 5805 5810
f 5802 5810 5804
f 5802 5804 5803
f 5804 5810 5805
f 5805 5811 5812
f 5805 5812 5806
f 5806 5812 5807
f 5813 5814 5818
f 5813 5818 5825
f 5813 5825 5838
f 5813 5838 5843
f 5813 5843 5830
f 5813 5830 5829
f 5813 5829 5826
f 5813 5826 5819
f 5813 5819 5815
f 5813 5815 5820
f 5813 5820 5828
f 5813 5828 5842
f 5813 5842 5859
f 5813 5859 5873
f 5813 5873 5870
f 5813 5870 5877
f 5813 5877 5874
f 5813 5874 5863
f 5813 5863 5862
f 5813 5862 5861
f 5813 5861 5860
f 5813 5860 5849
f 5813 5849 5834
f 5813 5834 5833
f 5813 5833 5831
f 5813 5831 5821
f 5813 5821 5816
f 5813 5816 5817
f 5813 5817 5814
f 5814 5817 5818
f 5815 5819 5820
f 5816 5821 5817
f 5817 5821 5822
f 5817 5822 5823
f 5817 5823 5824
f 5817 5824 5825
f 5817 5825 5818
f 5819 5826 5820
f 5820 5827 5839
f 5820 5839 5848
f 5820 5848 5847
f 5820 5847 5846
f 5820 5846 5845
f 5820 5845 5844
f 5820 5844 5853
f 5820 5853 5840
f 5820 5840 5828
f 5820 5826 5829
f 5820 5829 5830
f 5820 5830 5827
f 5821 5831 5822
f 5822 5832 5823
f 5822 5831 5833
f 5822 5833 5834
f 5822 5834 5835
f 5822 5835 5836
f 5822 5836 5837
f 5822 5837 5832
f 5823 5832 5837
f 5823 5837 5836
f 5823 5836 5852
f 5823 5852 5866
f 5823 5866 5872
f 5823 5872 5871
f 5823 5871 5867
f 5823 5867 5858
f 5823 5858 5857
f 5823 5857 5853
f 5823 5853 5844
f 5823 5844 5838
f 5823 5838 5825
f 5823 5825 5824
f 5827 5830 5839
f 5828 5840 5841
f 5828 5841 5842
f 5830 5843 5844
f 5830 5844 5845
f 5830 5845 5846
f 5830 5846 5847
f 5830 5847 5848
f 5830 5848 5839
f 5834 5849 5836
f 5834 5836 5835
f 5836 5849 5850
f 5836 5850 5851
f 5836 5851 5852
f 5838 5844 5843
f 5840 5853 5841
f 5841 5854 5855
f 5841 5855 5856
f 5841 5856 5842
f 5841 5853 5857
f 5841 5857 5858
f 5841 5858 5854
f 5842 5856 5859
f 5849 5860 5850
f 5850 5860 5851
f 5851 5860 5861
f 5851 5861 5862
f 5851 5862 5863
f 5851 5863 5864
f 5851 5864 5865
f 5851 5865 5866
f 5851 5866 5852
f 5854 5858 5867
f 5854 5867 5855
f 5855 5868 5869
f 5855 5869 5870
f 5855 5870 5856
f 5855 5867 5871
f 5855 5871 5872
f 5855 5872 5868
f 5856 5870 5873
f 5856 5873 5859
f 5863 5874 5875
f 5863 5875 5866
f 5863 5866 5865
f 5863 5865 5864
f 5866 5875 5869
f 5866 5869 5868
f 5866 5868 5872
f 5869 5875 5874
f 5869 5874 5876
f 5869 5876 5870
f 5870 5876 5877
f 5874 5877 5876
f 5878 5879 5880
f 5878 5880 5885
f 5878 5885 5890
f 5878 5890 5902
f 5878 5902 5901
f 5878 5901 5900
f 5878 5900 5899
f 5878 5899 5898
f 5878 5898 5897
f 5878 5897 5896
f 5878 5896 5914
f 5878 5914 5913
f 5878 5913 5912
f 5878 5912 5919
f 5878 5919 5918
f 5878 5918 5917
f 5878 5917 5916
f 5878 5916 5938
f 5878 5938 5936
f 5878 5936 5941
f 5878 5941 5921
f 5878 5921 5903
f 5878 5903 5887
f 5878 5887 5881
f 5878 5881 5888
f 5878 5888 5904
f 5878 5904 5922
f 5878 5922 5944
f 5878 5944 5925
f 5878 5925 5924
f 5878 5924 5907
f 5878 5907 5906
f 5878 5906 5905
f 5878 5905 5889
f 5878 5889 5884
f 5878 5884 5879
f 5879 5882 5883
f 5879 5883 5880
f 5879 5884 5882
f 5880 5883 5882
f 5880 5882 5886
f 5880 5886 5885
f 5881 5887 5888
f 5882 5884 5886
f 5884 5889 5886
f 5885 5886 5890
f 5886 5889 5891
f 5886 5891 5892
f 5886 5892 5893
f 5886 5893 5894
f 5886 5894 5895
f 5886 5895 5896
f 5886 5896 5897
f 5886 5897 5898
f 5886 5898 5899
f 5886 5899 5900
f 5886 5900 5901
f 5886 5901 5902
f 5886 5902 5890
f 5887 5903 5920
f 5887 5920 5939
f 5887 5939 5952
f 5887 5952 5951
f 5887 5951 5934
f 5887 5934 5932
f 5887 5932 5950
f 5887 5950 5948
f 5887 5948 5954
f 5887 5954 5953
f 5887 5953 5942
f 5887 5942 5923
f 5887 5923 5904
f 5887 5904 5888
f 5889 5905 5891
f 5891 5906 5892
f 5891 5905 5906
f 5892 5906 5907
f 5892 5907 5908
f 5892 5908 5909
f 5892 5909 5893
f 5893 5909 5910
f 5893 5910 5911
f 5893 5911 5894
f 5894 5912 5913
f 5894 5913 5914
f 5894 5914 5896
f 5894 5896 5895
f 5894 5911 5915
f 5894 5915 5916
f 5894 5916 5917
f 5894 5917 5918
f 5894 5918 5919
f 5894 5919 5912
f 5903 5921 5920
f 5904 5923 5922
f 5907 5924 5908
f 5908 5924 5925
f 5908 5925 5926
f 5908 5926 5927
f 5908 5927 5928
f 5908 5928 5909
f 5909 5928 5929
f 5909 5929 5930
f 5909 5930 5931
f 5909 5931 5910
f 5910 5931 5911
f 5911 5931 5932
f 5911 5932 5933
f 5911 5933 5915
f 5915 5933 5934
f 5915 5934 5935
f 5915 5935 5936
f 5915 5936 5937
f 5915 5937 5916
f 5916 5937 5938
f 5920 5921 5940
f 5920 5940 5939
f 5921 5941 5940
f 5922 5923 5942
f 5922 5942 5943
f 5922 5943 5944
f 5925 5944 5926
f 5926 5928 5927
f 5926 5944 5943
f 5926 5943 5945
f 5926 5945 5946
f 5926 5946 5928
f 5928 5946 5947
f 5928 5947 5929
f 5929 5947 5948
f 5929 5948 5930
f 5930 5949 5931
f 5930 5948 5949
f 5931 5949 5932
f 5932 5934 5933
f 5932 5949 5950
f 5934 5951 5936
f 5934 5936 5935
f 5936 5938 5937
f 5936 5951 5952
f 5936 5952 5940
f 5936 5940 5941
f 5939 5940 5952
f 5942 5953 5943
f 5943 5953 5945
f 5945 5953 5954
f 5945 5954 5947
f 5945 5947 5946
f 5947 5954 5948
f 5948 5950 5955
f 5948 5955 5949
f 5949 5955 5950
f 5956 5957 5961
f 5956 5961 5969
f 5956 5969 5979
f 5956 5979 5991
f 5956 5991 6008
f 5956 6008 6038
f 5956 6038 6070
f 5956 6070 6111
f 5956 6111 6116
f 5956 6116 6115
f 5956 6115 6168
f 5956 6168 6167
f 5956 6167 6182
f 5956 6182 6181
f 5956 6181 6142
f 5956 6142 6088
f 5956 6088 6058
f 5956 6058 6054
f 5956 6054 6053
f 5956 6053 6052
f 5956 6052 6021
f 5956 6021 6020
f 5956 6020 6019
f 5956 6019 5997
f 5956 5997 5983
f 5956 5983 5971
f 5956 5971 5963
f 5956 5963 5958
f 5956 5958 5959
f 5956 5959 5960
f 5956 5960 5968
f 5956 5968 5975
f 5956 5975 5978
f 5956 5978 5990
f 5956 5990 6007
f 5956 6007 6037
f 5956 6037 6069
f 5956 6069 6103
f 5956 6103 6102
f 5956 6102 6101
f 5956 6101 6104
f 5956 6104 6110
f 5956 6110 6162
f 5956 6162 6161
f 5956 6161 6194
f 5956 6194 6193
f 5956 6193 6196
f 5956 6196 6195
f 5956 6195 6198
f 5956 6198 6159
f 5956 6159 6197
f 5956 6197 6171
f 5956 6171 6122
f 5956 6122 6077
f 5956 6077 6046
f 5956 6046 6045
f 5956 6045 6014
f 5956 6014 6011
f 5956 6011 5993
f 5956 5993 5981
f 5956 5981 5970
f 5956 5970 5962
f 5956 5962 5957
f 5957 5962 5961
f 5958 5963 5964
f 5958 5964 5959
f 5959 5964 5965
f 5959 5965 5966
f 5959 5966 5967
f 5959 5967 5960
f 5960 5967 5968
f 5961 5962 5970
f 5961 5970 5982
f 5961 5982 5994
f 5961 5994 6012
f 5961 6012 6042
f 5961 6042 6044
f 5961 6044 6076
f 5961 6076 6121
f 5961 6121 6129
f 5961 6129 6128
f 5961 6128 6127
f 5961 6127 6177
f 5961 6177 6205
f 5961 6205 6210
f 5961 6210 6211
f 5961 6211 6212
f 5961 6212 6216
f 5961 6216 6215
f 5961 6215 6214
f 5961 6214 6213
f 5961 6213 6207
f 5961 6207 6202
f 5961 6202 6169
f 5961 6169 6119
f 5961 6119 6118
f 5961 6118 6117
f 5961 6117 6073
f 5961 6073 6041
f 5961 6041 6010
f 5961 6010 5992
f 5961 5992 5980
f 5961 5980 5969
f 5963 5971 5965
f 5963 5965 5964
f 5965 5972 5973
f 5965 5973 5974
f 5965 5974 5966
f 5965 5971 5972
f 5966 5974 5967
f 5967 5975 5968
f 5967 5974 5976
f 5967 5976 5977
f 5967 5977 5978
f 5967 5978 5975
f 5969 5980 5979
f 5970 5981 5982
f 5971 5983 5984
f 5971 5984 5985
f 5971 5985 5972
f 5972 5985 5986
f 5972 5986 5973
f 5973 5986 5974
f 5974 5986 5987
f 5974 5987 5988
f 5974 5988 5976
f 5976 5988 5977
f 5977 5988 5989
f 5977 5989 5990
f 5977 5990 5978
f 5979 5980 5992
f 5979 5992 5991
f 5981 5993 5982
f 5982 5993 5995
f 5982 5995 5996
f 5982 5996 5994
f 5983 5997 5998
f 5983 5998 5984
f 5984 5998 5985
f 5985 5998 5999
f 5985 5999 6000
f 5985 6000 5986
f 5986 6001 6002
f 5986 6002 6003
f 5986 6003 5987
f 5986 6000 6004
f 5986 6004 6001
f 5987 6003 5988
f 5988 6003 6005
f 5988 6005 6006
f 5988 6006 5989
f 5989 6006 5990
f 5990 6006 6007
f 5991 5992 6009
f 5991 6009 6008
f 5992 6010 6009
f 5993 6011 5995
f 5994 5996 6013
f 5994 6013 6012
f 5995 6011 6014
f 5995 6014 6015
f 5995 6015 6016
f 5995 6016 6017
f 5995 6017 6018
f 5995 6018 6013
f 5995 6013 5996
f 5997 6019 5998
f 5998 6019 5999
f 5999 6019 6020
f 5999 6020 6021
f 5999 6021 6022
f 5999 6022 6000
f 6000 6022 6023
f 6000 6023 6024
f 6000 6024 6025
f 6000 6025 6026
f 6000 6026 6004
f 6001 6004 6002
f 6002 6004 6027
f 6002 6027 6028
f 6002 6028 6029
f 6002 6029 6003
f 6003 6029 6005
f 6004 6026 6025
f 6004 6025 6030
f 6004 6030 6031
f 6004 6031 6032
f 6004 6032 6033
f 6004 6033 6028
f 6004 6028 6027
f 6005 6029 6034
f 6005 6034 6006
f 6006 6034 6035
f 6006 6035 6007
f 6007 6035 6036
f 6007 6036 6037
f 6008 6009 6039
f 6008 6039 6038
f 6009 6010 6040
f 6009 6040 6039
f 6010 6041 6040
f 6012 6013 6042
f 6013 6018 6017
f 6013 6017 6043
f 6013 6043 6044
f 6013 6044 6042
f 6014 6045 6015
f 6015 6017 6016
f 6015 6045 6046
f 6015 6046 6047
f 6015 6047 6017
f 6017 6048 6043
f 6017 6047 6049
f 6017 6049 6050
f 6017 6050 6051
f 6017 6051 6048
f 6021 6052 6022
f 6022 6052 6053
f 6022 6053 6023
f 6023 6053 6054
f 6023 6054 6024
f 6024 6055 6056
f 6024 6056 6057
f 6024 6057 6025
f 6024 6054 6058
f 6024 6058 6055
f 6025 6057 6030
f 6028 6059 6029
f 6028 6033 6059
f 6029 6059 6060
f 6029 6060 6034
f 6030 6057 6031
f 6031 6057 6061
f 6031 6061 6032
f 6032 6061 6062
f 6032 6062 6033
f 6033 6062 6063
f 6033 6063 6059
f 6034 6060 6035
f 6035 6064 6065
f 6035 6065 6066
f 6035 6066 6036
f 6035 6060 6059
f 6035 6059 6067
f 6035 6067 6068
f 6035 6068 6064
f 6036 6066 6037
f 6037 6066 6069
f 6038 6039 6070
f 6039 6040 6071
f 6039 6071 6072
f 6039 6072 6070
f 6040 6041 6073
f 6040 6073 6074
f 6040 6074 6071
f 6043 6048 6044
f 6044 6048 6075
f 6044 6075 6076
f 6046 6077 6078
f 6046 6078 6047
f 6047 6078 6049
f 6048 6051 6079
f 6048 6079 6080
f 6048 6080 6075
f 6049 6078 6081
f 6049 6081 6082
f 6049 6082 6083
f 6049 6083 6050
f 6050 6083 6051
f 6051 6084 6079
f 6051 6083 6085
f 6051 6085 6086
f 6051 6086 6084
f 6055 6087 6056
f 6055 6058 6088
f 6055 6088 6087
f 6056 6087 6089
f 6056 6089 6090
f 6056 6090 6057
f 6057 6090 6091
f 6057 6091 6061
f 6059 6063 6092
f 6059 6092 6093
f 6059 6093 6067
f 6061 6091 6090
f 6061 6090 6094
f 6061 6094 6095
f 6061 6095 6096
f 6061 6096 6097
f 6061 6097 6063
f 6061 6063 6062
f 6063 6097 6098
f 6063 6098 6099
f 6063 6099 6100
f 6063 6100 6092
f 6064 6101 6102
f 6064 6102 6103
f 6064 6103 6069
f 6064 6069 6065
f 6064 6068 6104
f 6064 6104 6101
f 6065 6069 6066
f 6067 6093 6105
f 6067 6105 6106
f 6067 6106 6107
f 6067 6107 6068
f 6068 6107 6108
f 6068 6108 6109
f 6068 6109 6110
f 6068 6110 6104
f 6070 6072 6111
f 6071 6112 6072
f 6071 6074 6113
f 6071 6113 6112
f 6072 6114 6115
f 6072 6115 6116
f 6072 6116 6111
f 6072 6112 6114
f 6073 6117 6074
f 6074 6117 6118
f 6074 6118 6119
f 6074 6119 6120
f 6074 6120 6113
f 6075 6080 6076
f 6076 6080 6121
f 6077 6122 6123
f 6077 6123 6078
f 6078 6123 6081
f 6079 6084 6124
f 6079 6124 6080
f 6080 6124 6084
f 6080 6084 6125
f 6080 6125 6126
f 6080 6126 6127
f 6080 6127 6128
f 6080 6128 6129
f 6080 6129 6121
f 6081 6123 6082
f 6082 6130 6131
f 6082 6131 6083
f 6082 6123 6130
f 6083 6131 6132
f 6083 6132 6085
f 6084 6086 6133
f 6084 6133 6134
f 6084 6134 6135
f 6084 6135 6125
f 6085 6132 6136
f 6085 6136 6098
f 6085 6098 6086
f 6086 6098 6133
f 6087 6137 6138
f 6087 6138 6139
f 6087 6139 6140
f 6087 6140 6141
f 6087 6141 6089
f 6087 6088 6137
f 6088 6142 6137
f 6089 6140 6143
f 6089 6143 6090
f 6089 6141 6140
f 6090 6143 6144
f 6090 6144 6145
f 6090 6145 6094
f 6092 6100 6146
f 6092 6146 6106
f 6092 6106 6093
f 6093 6106 6105
f 6094 6145 6147
f 6094 6147 6148
f 6094 6148 6096
f 6094 6096 6095
f 6096 6148 6149
f 6096 6149 6150
f 6096 6150 6098
f 6096 6098 6097
f 6098 6136 6151
f 6098 6151 6099
f 6098 6150 6135
f 6098 6135 6152
f 6098 6152 6133
f 6099 6151 6100
f 6100 6151 6106
f 6100 6106 6146
f 6106 6151 6153
f 6106 6153 6154
f 6106 6154 6107
f 6107 6155 6108
f 6107 6154 6156
f 6107 6156 6157
f 6107 6157 6158
f 6107 6158 6159
f 6107 6159 6160
f 6107 6160 6155
f 6108 6155 6161
f 6108 6161 6162
f 6108 6162 6109
f 6109 6162 6110
f 6112 6163 6164
f 6112 6164 6114
f 6112 6113 6165
f 6112 6165 6163
f 6113 6120 6166
f 6113 6166 6165
f 6114 6164 6167
f 6114 6167 6168
f 6114 6168 6115
f 6119 6169 6170
f 6119 6170 6166
f 6119 6166 6120
f 6122 6171 6172
f 6122 6172 6123
f 6123 6172 6130
f 6125 6135 6173
f 6125 6173 6174
f 6125 6174 6126
f 6126 6174 6175
f 6126 6175 6176
f 6126 6176 6127
f 6127 6176 6177
f 6130 6172 6131
f 6131 6172 6178
f 6131 6178 6179
f 6131 6179 6180
f 6131 6180 6151
f 6131 6151 6132
f 6132 6151 6136
f 6133 6152 6135
f 6133 6135 6134
f 6135 6175 6174
f 6135 6174 6173
f 6135 6150 6175
f 6137 6142 6181
f 6137 6181 6182
f 6137 6182 6138
f 6138 6183 6139
f 6138 6182 6183
f 6139 6183 6184
f 6139 6184 6185
f 6139 6185 6140
f 6140 6185 6143
f 6143 6185 6184
f 6143 6184 6186
f 6143 6186 6144
f 6144 6186 6145
f 6145 6186 6187
f 6145 6187 6188
f 6145 6188 6147
f 6147 6188 6189
f 6147 6189 6190
f 6147 6190 6148
f 6148 6190 6189
f 6148 6189 6191
f 6148 6191 6192
f 6148 6192 6150
f 6148 6150 6149
f 6150 6192 6175
f 6151 6180 6153
f 6153 6180 6154
f 6154 6180 6179
f 6154 6179 6156
f 6155 6193 6194
f 6155 6194 6161
f 6155 6160 6195
f 6155 6195 6196
f 6155 6196 6193
f 6156 6179 6157
f 6157 6179 6178
f 6157 6178 6158
f 6158 6178 6172
f 6158 6172 6197
f 6158 6197 6159
f 6159 6198 6160
f 6160 6198 6195
f 6163 6183 6164
f 6163 6165 6184
f 6163 6184 6183
f 6164 6183 6182
f 6164 6182 6167
f 6165 6166 6199
f 6165 6199 6186
f 6165 6186 6184
f 6166 6170 6169
f 6166 6169 6200
f 6166 6200 6201
f 6166 6201 6187
f 6166 6187 6199
f 6169 6202 6200
f 6171 6197 6172
f 6175 6192 6176
f 6176 6203 6177
f 6176 6192 6204
f 6176 6204 6203
f 6177 6203 6205
f 6186 6199 6187
f 6187 6201 6200
f 6187 6200 6188
f 6188 6200 6189
f 6189 6206 6207
f 6189 6207 6208
f 6189 6208 6191
f 6189 6200 6206
f 6191 6208 6209
f 6191 6209 6204
f 6191 6204 6192
f 6200 6202 6207
f 6200 6207 6206
f 6203 6210 6205
f 6203 6204 6211
f 6203 6211 6210
f 6204 6209 6212
f 6204 6212 6211
f 6207 6213 6208
f 6208 6213 6214
f 6208 6214 6209
f 6209 6214 6215
f 6209 6215 6216
f 6209 6216 6212
f 6217 6218 6222
f 6217 6222 6231
f 6217 6231 6246
f 6217 6246 6272
f 6217 6272 6308
f 6217 6308 6339
f 6217 6339 6340
f 6217 6340 6309
f 6217 6309 6273
f 6217 6273 6247
f 6217 6247 6232
f 6217 6232 6223
f 6217 6223 6219
f 6217 6219 6220
f 6217 6220 6228
f 6217 6228 6240
f 6217 6240 6264
f 6217 6264 6265
f 6217 6265 6241
f 6217 6241 6229
f 6217 6229 6221
f 6217 6221 6218
f 6218 6221 6222
f 6219 6223 6224
f 6219 6224 6225
f 6219 6225 6226
f 6219 6226 6227
f 6219 6227 6220
f 6220 6227 6228
f 6221 6229 6222
f 6222 6230 6242
f 6222 6242 6268
f 6222 6268 6302
f 6222 6302 6331
f 6222 6331 6356
f 6222 6356 6370
f 6222 6370 6369
f 6222 6369 6368
f 6222 6368 6381
f 6222 6381 6380
f 6222 6380 6379
f 6222 6379 6378
f 6222 6378 6377
f 6222 6377 6375
f 6222 6375 6374
f 6222 6374 6373
f 6222 6373 6372
f 6222 6372 6371
f 6222 6371 6357
f 6222 6357 6335
f 6222 6335 6334
f 6222 6334 6333
f 6222 6333 6332
f 6222 6332 6303
f 6222 6303 6269
f 6222 6269 6243
f 6222 6243 6231
f 6222 6229 6230
f 6223 6232 6233
f 6223 6233 6224
f 6224 6233 6225
f 6225 6234 6235
f 6225 6235 6226
f 6225 6233 6236
f 6225 6236 6237
f 6225 6237 6238
f 6225 6238 6234
f 6226 6235 6239
f 6226 6239 6227
f 6227 6239 6228
f 6228 6239 6234
f 6228 6234 6240
f 6229 6241 6230
f 6230 6241 6265
f 6230 6265 6275
f 6230 6275 6274
f 6230 6274 6279
f 6230 6279 6278
f 6230 6278 6277
f 6230 6277 6250
f 6230 6250 6255
f 6230 6255 6286
f 6230 6286 6316
f 6230 6316 6344
f 6230 6344 6352
f 6230 6352 6351
f 6230 6351 6326
f 6230 6326 6296
f 6230 6296 6266
f 6230 6266 6242
f 6231 6243 6244
f 6231 6244 6245
f 6231 6245 6246
f 6232 6247 6248
f 6232 6248 6233
f 6233 6248 6236
f 6234 6249 6240
f 6234 6239 6235
f 6234 6238 6250
f 6234 6250 6249
f 6236 6248 6251
f 6236 6251 6237
f 6237 6251 6252
f 6237 6252 6253
f 6237 6253 6238
f 6238 6254 6255
f 6238 6255 6250
f 6238 6253 6256
f 6238 6256 6257
f 6238 6257 6258
f 6238 6258 6259
f 6238 6259 6260
f 6238 6260 6261
f 6238 6261 6262
f 6238 6262 6263
f 6238 6263 6254
f 6240 6249 6264
f 6242 6266 6267
f 6242 6267 6268
f 6243 6269 6270
f 6243 6270 6244
f 6244 6270 6245
f 6245 6271 6272
f 6245 6272 6246
f 6245 6270 6271
f 6247 6273 6248
f 6248 6273 6251
f 6249 6274 6275
f 6249 6275 6265
f 6249 6265 6276
f 6249 6276 6264
f 6249 6250 6277
f 6249 6277 6278
f 6249 6278 6279
f 6249 6279 6274
f 6251 6273 6280
f 6251 6280 6252
f 6252 6281 6253
f 6252 6280 6282
f 6252 6282 6283
f 6252 6283 6281
f 6253 6281 6284
f 6253 6284 6285
f 6253 6285 6256
f 6254 6286 6255
f 6254 6263 6287
f 6254 6287 6286
f 6256 6285 6257
f 6257 6285 6288
f 6257 6288 6289
f 6257 6289 6290
f 6257 6290 6291
f 6257 6291 6258
f 6258 6291 6259
f 6259 6291 6292
f 6259 6292 6293
f 6259 6293 6260
f 6260 6293 6294
f 6260 6294 6261
f 6261 6294 6295
f 6261 6295 6262
f 6262 6295 6263
f 6263 6295 6287
f 6264 6276 6265
f 6266 6296 6297
f 6266 6297 6267
f 6267 6297 6298
f 6267 6298 6299
f 6267 6299 6300
f 6267 6300 6301
f 6267 6301 6302
f 6267 6302 6268
f 6269 6303 6304
f 6269 6304 6270
f 6270 6304 6305
f 6270 6305 6306
f 6270 6306 6271
f 6271 6307 6272
f 6271 6306 6307
f 6272 6307 6308
f 6273 6309 6280
f 6280 6309 6310
f 6280 6310 6282
f 6281 6285 6284
f 6281 6283 6285
f 6282 6310 6311
f 6282 6311 6312
f 6282 6312 6283
f 6283 6312 6313
f 6283 6313 6314
f 6283 6314 6285
f 6285 6314 6289
f 6285 6289 6288
f 6286 6287 6315
f 6286 6315 6316
f 6287 6295 6317
f 6287 6317 6298
f 6287 6298 6315
f 6289 6314 6318
f 6289 6318 6319
f 6289 6319 6290
f 6290 6292 6291
f 6290 6319 6320
f 6290 6320 6292
f 6292 6320 6321
f 6292 6321 6322
f 6292 6322 6293
f 6293 6322 6323
f 6293 6323 6294
f 6294 6323 6324
f 6294 6324 6295
f 6295 6324 6317
f 6296 6325 6298
f 6296 6298 6297
f 6296 6326 6327
f 6296 6327 6325
f 6298 6317 6299
f 6298 6325 6315
f 6299 6317 6300
f 6300 6328 6302
f 6300 6302 6301
f 6300 6317 6329
f 6300 6329 6328
f 6302 6328 6330
f 6302 6330 6331
f 6303 6332 6304
f 6304 6332 6333
f 6304 6333 6334
f 6304 6334 6335
f 6304 6335 6336
f 6304 6336 6337
f 6304 6337 6338
f 6304 6338 6312
f 6304 6312 6305
f 6305 6312 6306
f 6306 6312 6311
f 6306 6311 6307
f 6307 6311 6339
f 6307 6339 6308
f 6309 6340 6310
f 6310 6340 6311
f 6311 6340 6339
f 6312 6338 6341
f 6312 6341 6313
f 6313 6341 6342
f 6313 6342 6314
f 6314 6342 6343
f 6314 6343 6318
f 6315 6325 6327
f 6315 6327 6316
f 6316 6327 6344
f 6317 6324 6323
f 6317 6323 6345
f 6317 6345 6329
f 6318 6343 6319
f 6319 6343 6346
f 6319 6346 6347
f 6319 6347 6321
f 6319 6321 6320
f 6321 6347 6348
f 6321 6348 6349
f 6321 6349 6322
f 6322 6349 6350
f 6322 6350 6345
f 6322 6345 6323
f 6326 6351 6327
f 6327 6351 6352
f 6327 6352 6344
f 6328 6329 6353
f 6328 6353 6354
f 6328 6354 6355
f 6328 6355 6356
f 6328 6356 6330
f 6329 6345 6353
f 6330 6356 6331
f 6335 6357 6336
f 6336 6357 6358
f 6336 6358 6337
f 6337 6341 6338
f 6337 6358 6359
f 6337 6359 6360
f 6337 6360 6341
f 6341 6360 6342
f 6342 6360 6361
f 6342 6361 6362
f 6342 6362 6363
f 6342 6363 6343
f 6343 6363 6364
f 6343 6364 6346
f 6345 6350 6353
f 6346 6364 6347
f 6347 6364 6348
f 6348 6364 6365
f 6348 6365 6366
f 6348 6366 6367
f 6348 6367 6349
f 6349 6367 6354
f 6349 6354 6350
f 6350 6354 6353
f 6354 6367 6368
f 6354 6368 6369
f 6354 6369 6355
f 6355 6369 6370
f 6355 6370 6356
f 6357 6371 6358
f 6358 6371 6372
f 6358 6372 6373
f 6358 6373 6359
f 6359 6373 6374
f 6359 6374 6375
f 6359 6375 6361
f 6359 6361 6360
f 6361 6375 6376
f 6361 6376 6362
f 6362 6376 6377
f 6362 6377 6378
f 6362 6378 6365
f 6362 6365 6364
f 6362 6364 6363
f 6365 6378 6379
f 6365 6379 6380
f 6365 6380 6367
f 6365 6367 6366
f 6367 6380 6381
f 6367 6381 6368
f 6375 6377 6376
f 6382 6383 6386
f 6382 6386 6392
f 6382 6392 6402
f 6382 6402 6413
f 6382 6413 6417
f 6382 6417 6438
f 6382 6438 6437
f 6382 6437 6436
f 6382 6436 6430
f 6382 6430 6429
f 6382 6429 6428
f 6382 6428 6427
f 6382 6427 6424
f 6382 6424 6411
f 6382 6411 6400
f 6382 6400 6388
f 6382 6388 6384
f 6382 6384 6389
f 6382 6389 6399
f 6382 6399 6398
f 6382 6398 6397
f 6382 6397 6396
f 6382 6396 6410
f 6382 6410 6409
f 6382 6409 6408
f 6382 6408 6423
f 6382 6423 6422
f 6382 6422 6421
f 6382 6421 6420
f 6382 6420 6418
f 6382 6418 6405
f 6382 6405 6401
f 6382 6401 6390
f 6382 6390 6385
f 6382 6385 6383
f 6383 6385 6387
f 6383 6387 6386
f 6384 6388 6389
f 6385 6390 6391
f 6385 6391 6387
f 6386 6387 6393
f 6386 6393 6392
f 6387 6391 6394
f 6387 6394 6393
f 6388 6395 6396
f 6388 6396 6397
f 6388 6397 6398
f 6388 6398 6399
f 6388 6399 6389
f 6388 6400 6412
f 6388 6412 6426
f 6388 6426 6440
f 6388 6440 6443
f 6388 6443 6447
f 6388 6447 6445
f 6388 6445 6439
f 6388 6439 6419
f 6388 6419 6407
f 6388 6407 6395
f 6390 6401 6391
f 6391 6401 6394
f 6392 6393 6394
f 6392 6394 6403
f 6392 6403 6404
f 6392 6404 6402
f 6394 6401 6405
f 6394 6405 6406
f 6394 6406 6403
f 6395 6407 6408
f 6395 6408 6409
f 6395 6409 6410
f 6395 6410 6396
f 6400 6411 6412
f 6402 6404 6413
f 6403 6406 6405
f 6403 6405 6418
f 6403 6418 6419
f 6403 6419 6439
f 6403 6439 6444
f 6403 6444 6446
f 6403 6446 6441
f 6403 6441 6431
f 6403 6431 6414
f 6403 6414 6404
f 6404 6414 6415
f 6404 6415 6416
f 6404 6416 6417
f 6404 6417 6413
f 6407 6419 6418
f 6407 6418 6420
f 6407 6420 6421
f 6407 6421 6422
f 6407 6422 6423
f 6407 6423 6408
f 6411 6424 6412
f 6412 6425 6426
f 6412 6424 6427
f 6412 6427 6428
f 6412 6428 6429
f 6412 6429 6430
f 6412 6430 6425
f 6414 6431 6415
f 6415 6432 6433
f 6415 6433 6434
f 6415 6434 6435
f 6415 6435 6436
f 6415 6436 6437
f 6415 6437 6416
f 6415 6431 6432
f 6416 6437 6438
f 6416 6438 6417
f 6425 6434 6440
f 6425 6440 6426
f 6425 6430 6434
f 6430 6436 6435
f 6430 6435 6434
f 6431 6441 6432
f 6432 6441 6433
f 6433 6441 6442
f 6433 6442 6434
f 6434 6443 6440
f 6434 6442 6443
f 6439 6445 6442
f 6439 6442 6444
f 6441 6446 6442
f 6442 6446 6444
f 6442 6445 6447
f 6442 6447 6443
f 6448 6449 6450
f 6448 6450 6451
f 6448 6451 6456
f 6448 6456 6462
f 6448 6462 6467
f 6448 6467 6479
f 6448 6479 6493
f 6448 6493 6505
f 6448 6505 6520
f 6448 6520 6521
f 6448 6521 6507
f 6448 6507 6506
f 6448 6506 6494
f 6448 6494 6481
f 6448 6481 6469
f 6448 6469 6463
f 6448 6463 6458
f 6448 6458 6452
f 6448 6452 6453
f 6448 6453 6454
f 6448 6454 6449
f 6449 6454 6453
f 6449 6453 6460
f 6449 6460 6459
f 6449 6459 6464
f 6449 6464 6472
f 6449 6472 6491
f 6449 6491 6501
f 6449 6501 6512
f 6449 6512 6511
f 6449 6511 6527
f 6449 6527 6514
f 6449 6514 6502
f 6449 6502 6492
f 6449 6492 6476
f 6449 6476 6475
f 6449 6475 6473
f 6449 6473 6465
f 6449 6465 6461
f 6449 6461 6457
f 6449 6457 6455
f 6449 6455 6450
f 6450 6455 6451
f 6451 6455 6457
f 6451 6457 6456
f 6452 6458 6459
f 6452 6459 6460
f 6452 6460 6453
f 6456 6457 6461
f 6456 6461 6462
f 6458 6463 6468
f 6458 6468 6480
f 6458 6480 6486
f 6458 6486 6485
f 6458 6485 6484
f 6458 6484 6483
f 6458 6483 6482
f 6458 6482 6495
f 6458 6495 6496
f 6458 6496 6487
f 6458 6487 6470
f 6458 6470 6464
f 6458 6464 6459
f 6461 6465 6462
f 6462 6465 6466
f 6462 6466 6467
f 6463 6469 6468
f 6464 6470 6471
f 6464 6471 6472
f 6465 6473 6474
f 6465 6474 6466
f 6466 6474 6475
f 6466 6475 6476
f 6466 6476 6477
f 6466 6477 6467
f 6467 6477 6476
f 6467 6476 6478
f 6467 6478 6479
f 6468 6469 6480
f 6469 6481 6482
f 6469 6482 6483
f 6469 6483 6484
f 6469 6484 6485
f 6469 6485 6486
f 6469 6486 6480
f 6470 6487 6488
f 6470 6488 6471
f 6471 6488 6489
f 6471 6489 6490
f 6471 6490 6472
f 6472 6490 6491
f 6473 6475 6474
f 6476 6492 6503
f 6476 6503 6515
f 6476 6515 6528
f 6476 6528 6529
f 6476 6529 6525
f 6476 6525 6517
f 6476 6517 6504
f 6476 6504 6493
f 6476 6493 6479
f 6476 6479 6478
f 6481 6494 6495
f 6481 6495 6482
f 6487 6496 6488
f 6488 6497 6489
f 6488 6496 6497
f 6489 6497 6498
f 6489 6498 6490
f 6490 6499 6500
f 6490 6500 6501
f 6490 6501 6491
f 6490 6498 6499
f 6492 6502 6503
f 6493 6504 6505
f 6494 6506 6497
f 6494 6497 6496
f 6494 6496 6495
f 6497 6506 6499
f 6497 6499 6498
f 6499 6507 6508
f 6499 6508 6500
f 6499 6506 6507
f 6500 6508 6509
f 6500 6509 6510
f 6500 6510 6511
f 6500 6511 6512
f 6500 6512 6501
f 6502 6513 6503
f 6502 6514 6510
f 6502 6510 6513
f 6503 6513 6516
f 6503 6516 6515
f 6504 6517 6518
f 6504 6518 6505
f 6505 6518 6519
f 6505 6519 6520
f 6507 6521 6508
f 6508 6521 6522
f 6508 6522 6523
f 6508 6523 6524
f 6508 6524 6509
f 6509 6524 6518
f 6509 6518 6525
f 6509 6525 6526
f 6509 6526 6516
f 6509 6516 6510
f 6510 6516 6513
f 6510 6514 6527
f 6510 6527 6511
f 6515 6516 6528
f 6516 6526 6525
f 6516 6525 6529
f 6516 6529 6528
f 6517 6525 6518
f 6518 6524 6519
f 6519 6524 6523
f 6519 6523 6521
f 6519 6521 6520
f 6521 6523 6522
f 6530 6531 6534
f 6530 6534 6550
f 6530 6550 6549
f 6530 6549 6548
f 6530 6548 6572
f 6530 6572 6574
f 6530 6574 6552
f 6530 6552 6535
f 6530 6535 6532
f 6530 6532 6547
f 6530 6547 6571
f 6530 6571 6597
f 6530 6597 6599
f 6530 6599 6573
f 6530 6573 6551
f 6530 6551 6533
f 6530 6533 6531
f 6531 6533 6534
f 6532 6535 6536
f 6532 6536 6537
f 6532 6537 6538
f 6532 6538 6539
f 6532 6539 6540
f 6532 6540 6541
f 6532 6541 6542
f 6532 6542 6543
f 6532 6543 6544
f 6532 6544 6545
f 6532 6545 6546
f 6532 6546 6547
f 6533 6548 6549
f 6533 6549 6550
f 6533 6550 6534
f 6533 6551 6548
f 6535 6552 6536
f 6536 6552 6553
f 6536 6553 6537
f 6537 6554 6555
f 6537 6555 6538
f 6537 6553 6554
f 6538 6555 6556
f 6538 6556 6557
f 6538 6557 6539
f 6539 6557 6540
f 6540 6557 6541
f 6541 6558 6559
f 6541 6559 6542
f 6541 6557 6558
f 6542 6559 6543
f 6543 6560 6561
f 6543 6561 6562
f 6543 6562 6544
f 6543 6559 6560
f 6544 6562 6563
f 6544 6563 6546
f 6544 6546 6545
f 6546 6564 6565
f 6546 6565 6566
f 6546 6566 6547
f 6546 6563 6567
f 6546 6567 6568
f 6546 6568 6569
f 6546 6569 6564
f 6547 6566 6565
f 6547 6565 6570
f 6547 6570 6571
f 6548 6551 6572
f 6551 6573 6572
f 6552 6574 6553
f 6553 6574 6575
f 6553 6575 6554
f 6554 6576 6555
f 6554 6575 6576
f 6555 6577 6578
f 6555 6578 6556
f 6555 6576 6577
f 6556 6578 6579
f 6556 6579 6580
f 6556 6580 6557
f 6557 6580 6558
f 6558 6580 6581
f 6558 6581 6559
f 6559 6581 6560
f 6560 6582 6583
f 6560 6583 6561
f 6560 6581 6582
f 6561 6583 6584
f 6561 6584 6585
f 6561 6585 6586
f 6561 6586 6587
f 6561 6587 6562
f 6562 6587 6588
f 6562 6588 6589
f 6562 6589 6567
f 6562 6567 6563
f 6564 6590 6565
f 6564 6569 6590
f 6565 6590 6570
f 6567 6589 6588
f 6567 6588 6591
f 6567 6591 6568
f 6568 6591 6592
f 6568 6592 6593
f 6568 6593 6569
f 6569 6593 6594
f 6569 6594 6595
f 6569 6595 6596
f 6569 6596 6590
f 6570 6590 6597
f 6570 6597 6571
f 6572 6573 6598
f 6572 6598 6615
f 6572 6615 6630
f 6572 6630 6631
f 6572 6631 6620
f 6572 6620 6619
f 6572 6619 6618
f 6572 6618 6617
f 6572 6617 6616
f 6572 6616 6602
f 6572 6602 6601
f 6572 6601 6600
f 6572 6600 6579
f 6572 6579 6578
f 6572 6578 6577
f 6572 6577 6576
f 6572 6576 6575
f 6572 6575 6574
f 6573 6599 6614
f 6573 6614 6613
f 6573 6613 6595
f 6573 6595 6594
f 6573 6594 6593
f 6573 6593 6612
f 6573 6612 6629
f 6573 6629 6634
f 6573 6634 6627
f 6573 6627 6625
f 6573 6625 6633
f 6573 6633 6623
f 6573 6623 6622
f 6573 6622 6615
f 6573 6615 6598
f 6579 6600 6580
f 6580 6600 6601
f 6580 6601 6602
f 6580 6602 6603
f 6580 6603 6581
f 6581 6603 6604
f 6581 6604 6582
f 6582 6604 6605
f 6582 6605 6583
f 6583 6605 6584
f 6584 6606 6585
f 6584 6605 6606
f 6585 6606 6586
f 6586 6606 6607
f 6586 6607 6608
f 6586 6608 6587
f 6587 6608 6609
f 6587 6609 6610
f 6587 6610 6611
f 6587 6611 6588
f 6588 6611 6592
f 6588 6592 6591
f 6590 6596 6595
f 6590 6595 6597
f 6592 6611 6612
f 6592 6612 6593
f 6595 6613 6597
f 6597 6613 6614
f 6597 6614 6599
f 6602 6616 6604
f 6602 6604 6603
f 6604 6616 6617
f 6604 6617 6605
f 6605 6617 6606
f 6606 6618 6619
f 6606 6619 6607
f 6606 6617 6618
f 6607 6619 6620
f 6607 6620 6621
f 6607 6621 6609
f 6607 6609 6608
f 6609 6621 6622
f 6609 6622 6623
f 6609 6623 6624
f 6609 6624 6610
f 6610 6624 6625
f 6610 6625 6626
f 6610 6626 6611
f 6611 6626 6625
f 6611 6625 6627
f 6611 6627 6628
f 6611 6628 6629
f 6611 6629 6612
f 6615 6622 6630
f 6620 6631 6621
f 6621 6631 6630
f 6621 6630 6632
f 6621 6632 6622
f 6622 6632 6630
f 6623 6633 6624
f 6624 6633 6625
f 6627 6634 6628
f 6628 6634 6629
f 6636 6637 6635
f 6638 6637 6636
f 6639 6637 6638
f 6640 6637 6639
f 6641 6637 6640
f 6642 6637 6641
f 6642 6643 6637
f 6642 6641 6643
f 6643 6641 6644
f 6643 6644 6645
f 6643 6645 6646
f 6647 6643 6646
f 6647 6637 6643
f 6647 6646 6637
f 6646 6648 6637
f 6646 6645 6648
f 6649 6648 6645
f 6649 6650 6648
f 6649 6651 6650
f 6649 6652 6651
f 6649 6645 6652
f 6652 6645 6653
f 6652 6653 6654
f 6652 6654 6655
f 6652 6655 6651
f 6655 6656 6651
f 6655 6657 6656
f 6658 6657 6655
f 6658 6659 6657
f 6658 6660 6659
f 6658 6655 6660
f 6660 6655 6654
f 6660 6654 6661
f 6660 6661 6659
f 6662 6659 6661
f 6662 6663 6659
f 6662 6661 6663
f 6664 6663 6661
f 6664 6665 6663
f 6664 6666 6665
f 6664 6661 6666
f 6667 6666 6661
f 6667 6668 6666
f 6667 6669 6668
f 6667 6670 6669
f 6667 6661 6670
f 6654 6670 6661
f 6654 6653 6670
f 6671 6670 6653
f 6671 6669 6670
f 6672 6669 6671
f 6672 6673 6669
f 6672 6674 6673
f 6672 6675 6674
f 6672 6676 6675
f 6672 6671 6676
f 6671 6644 6676
f 6671 6653 6644
f 6645 6644 6653
f 6677 6676 6644
f 6677 6678 6676
f 6677 6640 6678
f 6679 6640 6677
f 6679 6641 6640
f 6679 6677 6641
f 6677 6644 6641
f 6680 6678 6640
f 6680 6681 6678
f 6680 6682 6681
f 6680 6639 6682
f 6680 6640 6639
f 6683 6682 6639
f 6683 6684 6682
f 6683 6685 6684
f 6683 6639 6685
f 6685 6639 6638
f 6686 6685 6638
f 6686 6687 6685
f 6686 6684 6687
f 6686 6638 6684
f 6688 6684 6638
f 6688 6689 6684
f 6688 6690 6689
f 6688 6638 6690
f 6691 6690 6638
f 6692 6690 6691
f 6692 6693 6690
f 6692 6694 6693
f 6692 6691 6694
f 6691 6638 6694
f 6694 6638 6636
f 6695 6694 6636
f 6696 6694 6695
f 6696 6693 6694
f 6697 6693 6696
f 6697 6698 6693
f 6699 6698 6697
f 6699 6700 6698
f 6699 6701 6700
f 6699 6702 6701
f 6699 6703 6702
f 6699 6704 6703
f 6699 6697 6704
f 6697 6695 6704
f 6697 6696 6695
f 6704 6695 6636
f 6703 6704 6636
f 6705 6703 6636
f 6705 6706 6703
f 6705 6707 6706
f 6705 6636 6707
f 6707 6636 6708
f 6709 6707 6708
f 6710 6707 6709
f 6710 6706 6707
f 6710 6711 6706
f 6710 6709 6711
f 6709 6712 6711
f 6709 6708 6712
f 6712 6708 6713
f 6712 6713 6714
f 6712 6714 6706
f 6711 6712 6706
f 6706 6714 6715
f 6703 6706 6715
f 6703 6715 6702
f 6701 6702 6715
f 6701 6715 6716
f 6701 6716 6717
f 6701 6717 6718
f 6701 6718 6700
f 6719 6700 6718
f 6698 6700 6719
f 6698 6719 6689
f 6698 6689 6693
f 6690 6693 6689
f 6719 6720 6689
f 6719 6718 6720
f 6718 6721 6720
f 6718 6717 6721
f 6722 6721 6717
f 6722 6723 6721
f 6722 6724 6723
f 6722 6717 6724
f 6724 6717 6716
f 6724 6716 6725
f 6726 6724 6725
f 6727 6724 6726
f 6727 6723 6724
f 6727 6728 6723
f 6727 6726 6728
f 6726 6729 6728
f 6726 6730 6729
f 6726 6731 6730
f 6726 6725 6731
f 6731 6725 6732
f 6733 6731 6732
f 6734 6731 6733
f 6734 6735 6731
f 6734 6736 6735
f 6737 6736 6734
f 6737 6738 6736
f 6739 6738 6737
f 6739 6740 6738
f 6739 6741 6740
f 6739 6742 6741
f 6739 6743 6742
f 6744 6743 6739
f 6744 6745 6743
f 6744 6737 6745
f 6744 6739 6737
f 6737 6734 6745
f 6734 6713 6745
f 6734 6733 6713
f 6733 6732 6713
f 6746 6713 6732
f 6746 6714 6713
f 6746 6715 6714
f 6746 6747 6715
f 6746 6732 6747
f 6747 6732 6725
f 6747 6725 6716
f 6715 6747 6716
f 6745 6713 6708
f 6743 6745 6708
f 6748 6743 6708
f 6748 6749 6743
f 6748 6708 6749
f 6749 6708 6742
f 6749 6742 6743
f 6708 6636 6742
f 6742 6636 6635
f 6750 6742 6635
f 6740 6742 6750
f 6741 6742 6740
f 6740 6750 6751
f 6740 6751 6736
f 6740 6736 6738
f 6752 6736 6751
f 6752 6753 6736
f 6754 6753 6752
f 6755 6753 6754
f 6755 6730 6753
f 6755 6756 6730
f 6755 6757 6756
f 6758 6757 6755
f 6758 6759 6757
f 6760 6759 6758
f 6760 6761 6759
f 6760 6762 6761
f 6760 6763 6762
f 6760 6764 6763
f 6760 6758 6764
f 6758 6765 6764
f 6758 6766 6765
f 6758 6754 6766
f 6758 6755 6754
f 6767 6766 6754
f 6767 6768 6766
f 6767 6769 6768
f 6767 6754 6769
f 6754 6752 6769
f 6752 6751 6769
f 6770 6769 6751
f 6768 6769 6770
f 6768 6770 6771
f 6768 6771 6772
f 6768 6772 6766
f 6766 6772 6765
f 6773 6765 6772
f 6773 6774 6765
f 6773 6775 6774
f 6773 6776 6775
f 6773 6772 6776
f 6777 6776 6772
f 6777 6635 6776
f 6777 6772 6635
f 6771 6635 6772
f 6771 6750 6635
f 6778 6750 6771
f 6778 6770 6750
f 6778 6771 6770
f 6770 6751 6750
f 6776 6635 6779
f 6780 6776 6779
f 6780 6775 6776
f 6781 6775 6780
f 6781 6779 6775
f 6781 6780 6779
f 6782 6775 6779
f 6783 6775 6782
f 6783 6784 6775
f 6785 6784 6783
f 6785 6786 6784
f 6785 6783 6786
f 6783 6782 6786
f 6782 6779 6786
f 6786 6779 6787
f 6786 6787 6774
f 6784 6786 6774
f 6784 6774 6775
f 6763 6774 6787
f 6763 6765 6774
f 6763 6764 6765
f 6763 6787 6762
f 6787 6779 6762
f 6762 6779 6788
f 6761 6762 6788
f 6789 6761 6788
f 6790 6761 6789
f 6791 6761 6790
f 6791 6759 6761
f 6791 6756 6759
f 6791 6792 6756
f 6791 6790 6792
f 6790 6789 6792
f 6792 6789 6793
f 6792 6793 6756
f 6794 6756 6793
f 6794 6729 6756
f 6794 6795 6729
f 6794 6793 6795
f 6795 6793 6665
f 6795 6665 6666
f 6723 6795 6666
f 6723 6728 6795
f 6729 6795 6728
f 6723 6666 6668
f 6723 6668 6721
f 6721 6668 6673
f 6721 6673 6674
f 6721 6674 6720
f 6796 6720 6674
f 6796 6689 6720
f 6796 6684 6689
f 6796 6674 6684
f 6797 6684 6674
f 6797 6678 6684
f 6797 6675 6678
f 6797 6674 6675
f 6678 6675 6676
f 6678 6798 6684
f 6678 6681 6798
f 6798 6681 6682
f 6798 6682 6684
f 6669 6673 6668
f 6793 6788 6665
f 6789 6788 6793
f 6799 6665 6788
f 6799 6663 6665
f 6799 6788 6663
f 6663 6788 6657
f 6659 6663 6657
f 6657 6788 6800
f 6801 6657 6800
f 6656 6657 6801
f 6656 6801 6651
f 6650 6651 6801
f 6802 6650 6801
f 6802 6803 6650
f 6802 6801 6803
f 6803 6801 6800
f 6804 6803 6800
f 6804 6648 6803
f 6804 6800 6648
f 6648 6800 6637
f 6800 6635 6637
f 6779 6635 6800
f 6788 6779 6800
f 6650 6803 6648
f 6729 6730 6756
f 6759 6756 6757
f 6730 6731 6753
f 6735 6753 6731
f 6735 6736 6753
f 6685 6687 6684
f 6805 6806 6809
f 6805 6809 6807
f 6805 6807 6811
f 6805 6811 6817
f 6805 6817 6828
f 6805 6828 6844
f 6805 6844 6843
f 6805 6843 6865
f 6805 6865 6891
f 6805 6891 6893
f 6805 6893 6923
f 6805 6923 6922
f 6805 6922 6921
f 6805 6921 6937
f 6805 6937 6936
f 6805 6936 6976
f 6805 6976 6974
f 6805 6974 7005
f 6805 7005 6981
f 6805 6981 6980
f 6805 6980 7008
f 6805 7008 7011
f 6805 7011 7006
f 6805 7006 6997
f 6805 6997 6962
f 6805 6962 6916
f 6805 6916 6884
f 6805 6884 6857
f 6805 6857 6834
f 6805 6834 6820
f 6805 6820 6813
f 6805 6813 6808
f 6805 6808 6812
f 6805 6812 6818
f 6805 6818 6831
f 6805 6831 6852
f 6805 6852 6851
f 6805 6851 6877
f 6805 6877 6859
f 6805 6859 6858
f 6805 6858 6835
f 6805 6835 6822
f 6805 6822 6821
f 6805 6821 6814
f 6805 6814 6810
f 6805 6810 6806
f 6806 6810 6809
f 6807 6809 6811
f 6808 6813 6812
f 6809 6810 6814
f 6809 6814 6815
f 6809 6815 6816
f 6809 6816 6811
f 6811 6816 6817
f 6812 6813 6819
f 6812 6819 6832
f 6812 6832 6854
f 6812 6854 6880
f 6812 6880 6910
f 6812 6910 6955
f 6812 6955 6994
f 6812 6994 7010
f 6812 7010 7003
f 6812 7003 7002
f 6812 7002 7001
f 6812 7001 7000
f 6812 7000 6999
f 6812 6999 6982
f 6812 6982 6940
f 6812 6940 6939
f 6812 6939 6938
f 6812 6938 6900
f 6812 6900 6873
f 6812 6873 6846
f 6812 6846 6845
f 6812 6845 6829
f 6812 6829 6818
f 6813 6820 6833
f 6813 6833 6855
f 6813 6855 6881
f 6813 6881 6911
f 6813 6911 6944
f 6813 6944 6903
f 6813 6903 6878
f 6813 6878 6853
f 6813 6853 6832
f 6813 6832 6819
f 6814 6821 6815
f 6815 6821 6822
f 6815 6822 6823
f 6815 6823 6824
f 6815 6824 6825
f 6815 6825 6816
f 6816 6825 6826
f 6816 6826 6827
f 6816 6827 6828
f 6816 6828 6817
f 6818 6829 6830
f 6818 6830 6831
f 6820 6834 6833
f 6822 6835 6823
f 6823 6835 6836
f 6823 6836 6837
f 6823 6837 6824
f 6824 6826 6825
f 6824 6837 6838
f 6824 6838 6839
f 6824 6839 6826
f 6826 6840 6827
f 6826 6839 6841
f 6826 6841 6842
f 6826 6842 6840
f 6827 6843 6844
f 6827 6844 6828
f 6827 6840 6843
f 6829 6845 6830
f 6830 6845 6846
f 6830 6846 6847
f 6830 6847 6848
f 6830 6848 6849
f 6830 6849 6850
f 6830 6850 6851
f 6830 6851 6852
f 6830 6852 6831
f 6832 6853 6854
f 6833 6834 6856
f 6833 6856 6855
f 6834 6857 6856
f 6835 6858 6836
f 6836 6858 6859
f 6836 6859 6860
f 6836 6860 6837
f 6837 6860 6838
f 6838 6860 6861
f 6838 6861 6862
f 6838 6862 6863
f 6838 6863 6864
f 6838 6864 6839
f 6839 6864 6841
f 6840 6865 6843
f 6840 6842 6866
f 6840 6866 6867
f 6840 6867 6865
f 6841 6868 6842
f 6841 6864 6869
f 6841 6869 6870
f 6841 6870 6871
f 6841 6871 6868
f 6842 6868 6872
f 6842 6872 6866
f 6846 6873 6847
f 6847 6873 6874
f 6847 6874 6862
f 6847 6862 6875
f 6847 6875 6848
f 6848 6875 6849
f 6849 6875 6861
f 6849 6861 6876
f 6849 6876 6850
f 6850 6876 6877
f 6850 6877 6851
f 6853 6878 6879
f 6853 6879 6880
f 6853 6880 6854
f 6855 6856 6882
f 6855 6882 6881
f 6856 6883 6882
f 6856 6857 6883
f 6857 6884 6883
f 6859 6885 6860
f 6859 6877 6885
f 6860 6885 6876
f 6860 6876 6861
f 6861 6875 6862
f 6862 6874 6886
f 6862 6886 6887
f 6862 6887 6888
f 6862 6888 6889
f 6862 6889 6863
f 6863 6889 6888
f 6863 6888 6864
f 6864 6888 6890
f 6864 6890 6869
f 6865 6867 6891
f 6866 6872 6867
f 6867 6872 6892
f 6867 6892 6893
f 6867 6893 6891
f 6868 6871 6894
f 6868 6894 6872
f 6869 6890 6895
f 6869 6895 6870
f 6870 6894 6871
f 6870 6895 6894
f 6872 6894 6896
f 6872 6896 6897
f 6872 6897 6898
f 6872 6898 6892
f 6873 6899 6874
f 6873 6900 6901
f 6873 6901 6899
f 6874 6899 6902
f 6874 6902 6886
f 6876 6885 6877
f 6878 6903 6904
f 6878 6904 6905
f 6878 6905 6906
f 6878 6906 6907
f 6878 6907 6879
f 6879 6907 6908
f 6879 6908 6909
f 6879 6909 6880
f 6880 6909 6910
f 6881 6882 6912
f 6881 6912 6911
f 6882 6883 6913
f 6882 6913 6912
f 6883 6884 6914
f 6883 6914 6915
f 6883 6915 6913
f 6884 6916 6914
f 6886 6902 6887
f 6887 6902 6888
f 6888 6902 6917
f 6888 6917 6918
f 6888 6918 6919
f 6888 6919 6890
f 6890 6919 6920
f 6890 6920 6895
f 6892 6898 6921
f 6892 6921 6922
f 6892 6922 6923
f 6892 6923 6893
f 6894 6895 6924
f 6894 6924 6925
f 6894 6925 6897
f 6894 6897 6896
f 6895 6920 6926
f 6895 6926 6927
f 6895 6927 6928
f 6895 6928 6929
f 6895 6929 6930
f 6895 6930 6931
f 6895 6931 6924
f 6897 6932 6933
f 6897 6933 6898
f 6897 6925 6934
f 6897 6934 6931
f 6897 6931 6935
f 6897 6935 6932
f 6898 6933 6936
f 6898 6936 6937
f 6898 6937 6921
f 6899 6901 6902
f 6900 6938 6901
f 6901 6938 6939
f 6901 6939 6940
f 6901 6940 6941
f 6901 6941 6942
f 6901 6942 6943
f 6901 6943 6902
f 6902 6943 6942
f 6902 6942 6917
f 6903 6944 6904
f 6904 6944 6945
f 6904 6945 6906
f 6904 6906 6905
f 6906 6945 6908
f 6906 6908 6907
f 6908 6945 6946
f 6908 6946 6947
f 6908 6947 6948
f 6908 6948 6949
f 6908 6949 6950
f 6908 6950 6909
f 6909 6950 6949
f 6909 6949 6951
f 6909 6951 6952
f 6909 6952 6953
f 6909 6953 6954
f 6909 6954 6955
f 6909 6955 6910
f 6911 6912 6956
f 6911 6956 6944
f 6912 6913 6957
f 6912 6957 6958
f 6912 6958 6956
f 6913 6959 6957
f 6913 6915 6959
f 6914 6916 6960
f 6914 6960 6915
f 6915 6960 6961
f 6915 6961 6959
f 6916 6962 6960
f 6917 6942 6918
f 6918 6942 6926
f 6918 6926 6919
f 6919 6926 6920
f 6924 6931 6934
f 6924 6934 6925
f 6926 6963 6964
f 6926 6964 6965
f 6926 6965 6927
f 6926 6942 6966
f 6926 6966 6967
f 6926 6967 6968
f 6926 6968 6963
f 6927 6965 6969
f 6927 6969 6929
f 6927 6929 6928
f 6929 6969 6930
f 6930 6969 6970
f 6930 6970 6931
f 6931 6970 6971
f 6931 6971 6972
f 6931 6972 6973
f 6931 6973 6935
f 6932 6974 6933
f 6932 6935 6975
f 6932 6975 6974
f 6933 6974 6976
f 6933 6976 6936
f 6935 6973 6977
f 6935 6977 6978
f 6935 6978 6979
f 6935 6979 6980
f 6935 6980 6981
f 6935 6981 6975
f 6940 6982 6966
f 6940 6966 6941
f 6941 6966 6942
f 6944 6956 6958
f 6944 6958 6945
f 6945 6958 6983
f 6945 6983 6946
f 6946 6984 6947
f 6946 6983 6959
f 6946 6959 6984
f 6947 6984 6985
f 6947 6985 6986
f 6947 6986 6987
f 6947 6987 6988
f 6947 6988 6948
f 6948 6951 6949
f 6948 6988 6951
f 6951 6988 6989
f 6951 6989 6990
f 6951 6990 6969
f 6951 6969 6991
f 6951 6991 6952
f 6952 6991 6964
f 6952 6964 6992
f 6952 6992 6953
f 6953 6992 6993
f 6953 6993 6954
f 6954 6993 6955
f 6955 6993 6994
f 6957 6959 6958
f 6958 6959 6983
f 6959 6961 6984
f 6960 6962 6995
f 6960 6995 6961
f 6961 6995 6996
f 6961 6996 6985
f 6961 6985 6984
f 6962 6997 6995
f 6963 6968 6964
f 6964 6968 6998
f 6964 6998 6992
f 6964 6991 6969
f 6964 6969 6965
f 6966 6982 6999
f 6966 6999 6967
f 6967 7000 6968
f 6967 6999 7000
f 6968 7000 7001
f 6968 7001 7002
f 6968 7002 7003
f 6968 7003 6993
f 6968 6993 7004
f 6968 7004 6992
f 6968 6992 6998
f 6969 6972 6971
f 6969 6971 6970
f 6969 6990 6989
f 6969 6989 6972
f 6972 6978 6977
f 6972 6977 6973
f 6972 6989 6988
f 6972 6988 6987
f 6972 6987 6996
f 6972 6996 6978
f 6974 6975 7005
f 6975 6981 7005
f 6978 6996 6995
f 6978 6995 7006
f 6978 7006 7007
f 6978 7007 7008
f 6978 7008 7009
f 6978 7009 6980
f 6978 6980 6979
f 6980 7009 7008
f 6985 6996 6986
f 6986 6996 6987
f 6992 7004 6993
f 6993 7010 6994
f 6993 7003 7010
f 6995 6997 7006
f 7006 7011 7007
f 7007 7011 7008
f 7012 7013 7016
f 7012 7016 7023
f 7012 7023 7032
f 7012 7032 7038
f 7012 7038 7042
f 7012 7042 7033
f 7012 7033 7024
f 7012 7024 7017
f 7012 7017 7014
f 7012 7014 7018
f 7012 7018 7026
f 7012 7026 7035
f 7012 7035 7048
f 7012 7048 7065
f 7012 7065 7067
f 7012 7067 7050
f 7012 7050 7039
f 7012 7039 7030
f 7012 7030 7027
f 7012 7027 7019
f 7012 7019 7015
f 7012 7015 7013
f 7013 7015 7016
f 7014 7017 7018
f 7015 7019 7020
f 7015 7020 7021
f 7015 7021 7022
f 7015 7022 7016
f 7016 7022 7023
f 7017 7024 7025
f 7017 7025 7018
f 7018 7025 7026
f 7019 7027 7020
f 7020 7028 7029
f 7020 7029 7021
f 7020 7027 7030
f 7020 7030 7031
f 7020 7031 7028
f 7021 7029 7023
f 7021 7023 7022
f 7023 7029 7032
f 7024 7033 7041
f 7024 7041 7053
f 7024 7053 7068
f 7024 7068 7084
f 7024 7084 7090
f 7024 7090 7091
f 7024 7091 7092
f 7024 7092 7088
f 7024 7088 7077
f 7024 7077 7060
f 7024 7060 7046
f 7024 7046 7034
f 7024 7034 7025
f 7025 7034 7045
f 7025 7045 7058
f 7025 7058 7074
f 7025 7074 7082
f 7025 7082 7066
f 7025 7066 7049
f 7025 7049 7035
f 7025 7035 7026
f 7028 7031 7036
f 7028 7036 7037
f 7028 7037 7038
f 7028 7038 7032
f 7028 7032 7029
f 7030 7039 7031
f 7031 7039 7040
f 7031 7040 7036
f 7033 7042 7043
f 7033 7043 7044
f 7033 7044 7041
f 7034 7046 7045
f 7035 7047 7048
f 7035 7049 7047
f 7036 7040 7050
f 7036 7050 7051
f 7036 7051 7052
f 7036 7052 7037
f 7037 7052 7043
f 7037 7043 7042
f 7037 7042 7038
f 7039 7050 7040
f 7041 7044 7054
f 7041 7054 7055
f 7041 7055 7053
f 7043 7052 7044
f 7044 7052 7056
f 7044 7056 7057
f 7044 7057 7054
f 7045 7046 7059
f 7045 7059 7058
f 7046 7060 7059
f 7047 7049 7061
f 7047 7061 7062
f 7047 7062 7063
f 7047 7063 7064
f 7047 7064 7048
f 7048 7064 7065
f 7049 7066 7061
f 7050 7067 7051
f 7051 7067 7056
f 7051 7056 7052
f 7053 7055 7068
f 7054 7057 7069
f 7054 7069 7070
f 7054 7070 7055
f 7055 7070 7071
f 7055 7071 7068
f 7056 7067 7072
f 7056 7072 7073
f 7056 7073 7057
f 7057 7073 7069
f 7058 7059 7075
f 7058 7075 7074
f 7059 7060 7076
f 7059 7076 7075
f 7060 7077 7076
f 7061 7066 7078
f 7061 7078 7062
f 7062 7079 7080
f 7062 7080 7081
f 7062 7081 7063
f 7062 7078 7079
f 7063 7081 7064
f 7064 7081 7073
f 7064 7073 7072
f 7064 7072 7065
f 7065 7072 7067
f 7066 7082 7083
f 7066 7083 7078
f 7068 7071 7084
f 7069 7085 7070
f 7069 7073 7081
f 7069 7081 7080
f 7069 7080 7085
f 7070 7085 7071
f 7071 7085 7086
f 7071 7086 7084
f 7074 7075 7083
f 7074 7083 7082
f 7075 7078 7083
f 7075 7076 7087
f 7075 7087 7079
f 7075 7079 7078
f 7076 7077 7088
f 7076 7088 7087
f 7079 7087 7080
f 7080 7087 7089
f 7080 7089 7085
f 7084 7086 7090
f 7085 7089 7086
f 7086 7089 7091
f 7086 7091 7090
f 7087 7092 7091
f 7087 7091 7089
f 7087 7088 7092
f 7093 7094 7098
f 7093 7098 7106
f 7093 7106 7114
f 7093 7114 7109
f 7093 7109 7103
f 7093 7103 7095
f 7093 7095 7096
f 7093 7096 7097
f 7093 7097 7105
f 7093 7105 7113
f 7093 7113 7126
f 7093 7126 7158
f 7093 7158 7157
f 7093 7157 7170
f 7093 7170 7160
f 7093 7160 7130
f 7093 7130 7116
f 7093 7116 7107
f 7093 7107 7099
f 7093 7099 7094
f 7094 7099 7100
f 7094 7100 7101
f 7094 7101 7102
f 7094 7102 7098
f 7095 7103 7096
f 7096 7103 7104
f 7096 7104 7105
f 7096 7105 7097
f 7098 7102 7108
f 7098 7108 7118
f 7098 7118 7145
f 7098 7145 7144
f 7098 7144 7143
f 7098 7143 7142
f 7098 7142 7141
f 7098 7141 7140
f 7098 7140 7139
f 7098 7139 7137
f 7098 7137 7136
f 7098 7136 7135
f 7098 7135 7134
f 7098 7134 7167
f 7098 7167 7166
f 7098 7166 7165
f 7098 7165 7171
f 7098 7171 7163
f 7098 7163 7149
f 7098 7149 7148
f 7098 7148 7147
f 7098 7147 7146
f 7098 7146 7128
f 7098 7128 7115
f 7098 7115 7106
f 7099 7107 7117
f 7099 7117 7108
f 7099 7108 7102
f 7099 7102 7101
f 7099 7101 7100
f 7103 7109 7104
f 7104 7109 7110
f 7104 7110 7111
f 7104 7111 7112
f 7104 7112 7105
f 7105 7112 7113
f 7106 7115 7114
f 7107 7116 7129
f 7107 7129 7159
f 7107 7159 7138
f 7107 7138 7117
f 7108 7117 7118
f 7109 7114 7119
f 7109 7119 7110
f 7110 7119 7120
f 7110 7120 7121
f 7110 7121 7111
f 7111 7121 7122
f 7111 7122 7123
f 7111 7123 7124
f 7111 7124 7125
f 7111 7125 7113
f 7111 7113 7112
f 7113 7125 7126
f 7114 7115 7127
f 7114 7127 7119
f 7115 7128 7127
f 7116 7130 7131
f 7116 7131 7132
f 7116 7132 7133
f 7116 7133 7134
f 7116 7134 7135
f 7116 7135 7136
f 7116 7136 7137
f 7116 7137 7129
f 7117 7138 7139
f 7117 7139 7140
f 7117 7140 7141
f 7117 7141 7142
f 7117 7142 7143
f 7117 7143 7144
f 7117 7144 7145
f 7117 7145 7118
f 7119 7127 7146
f 7119 7146 7120
f 7120 7146 7147
f 7120 7147 7148
f 7120 7148 7149
f 7120 7149 7150
f 7120 7150 7151
f 7120 7151 7131
f 7120 7131 7152
f 7120 7152 7121
f 7121 7152 7122
f 7122 7131 7153
f 7122 7153 7124
f 7122 7124 7123
f 7122 7152 7131
f 7124 7154 7125
f 7124 7153 7155
f 7124 7155 7156
f 7124 7156 7157
f 7124 7157 7154
f 7125 7154 7126
f 7126 7154 7158
f 7127 7128 7146
f 7129 7137 7159
f 7130 7160 7161
f 7130 7161 7162
f 7130 7162 7131
f 7131 7162 7153
f 7131 7151 7163
f 7131 7163 7164
f 7131 7164 7165
f 7131 7165 7166
f 7131 7166 7167
f 7131 7167 7132
f 7132 7167 7134
f 7132 7134 7133
f 7137 7139 7159
f 7138 7159 7139
f 7149 7163 7151
f 7149 7151 7150
f 7153 7162 7168
f 7153 7168 7169
f 7153 7169 7155
f 7154 7157 7158
f 7155 7169 7156
f 7156 7169 7168
f 7156 7168 7170
f 7156 7170 7157
f 7160 7170 7168
f 7160 7168 7162
f 7160 7162 7161
f 7163 7171 7164
f 7164 7171 7165
f 7172 7173 7177
f 7172 7177 7185
f 7172 7185 7192
f 7172 7192 7202
f 7172 7202 7203
f 7172 7203 7194
f 7172 7194 7187
f 7172 7187 7178
f 7172 7178 7174
f 7172 7174 7179
f 7172 7179 7186
f 7172 7186 7193
f 7172 7193 7199
f 7172 7199 7189
f 7172 7189 7180
f 7172 7180 7175
f 7172 7175 7176
f 7172 7176 7173
f 7173 7176 7177
f 7174 7178 7179
f 7175 7180 7181
f 7175 7181 7182
f 7175 7182 7183
f 7175 7183 7176
f 7176 7183 7182
f 7176 7182 7181
f 7176 7181 7190
f 7176 7190 7201
f 7176 7201 7204
f 7176 7204 7196
f 7176 7196 7195
f 7176 7195 7191
f 7176 7191 7184
f 7176 7184 7185
f 7176 7185 7177
f 7178 7186 7179
f 7178 7187 7197
f 7178 7197 7204
f 7178 7204 7201
f 7178 7201 7198
f 7178 7198 7188
f 7178 7188 7186
f 7180 7189 7190
f 7180 7190 7181
f 7184 7191 7192
f 7184 7192 7185
f 7186 7188 7193
f 7187 7194 7195
f 7187 7195 7196
f 7187 7196 7197
f 7188 7198 7193
f 7189 7199 7200
f 7189 7200 7201
f 7189 7201 7190
f 7191 7195 7202
f 7191 7202 7192
f 7193 7198 7201
f 7193 7201 7199
f 7194 7203 7195
f 7195 7203 7202
f 7196 7204 7197
f 7199 7201 7200
f 7205 7206 7211
f 7205 7211 7216
f 7205 7216 7222
f 7205 7222 7239
f 7205 7239 7234
f 7205 7234 7252
f 7205 7252 7232
f 7205 7232 7231
f 7205 7231 7224
f 7205 7224 7218
f 7205 7218 7212
f 7205 7212 7207
f 7205 7207 7213
f 7205 7213 7208
f 7205 7208 7209
f 7205 7209 7206
f 7206 7209 7210
f 7206 7210 7211
f 7207 7212 7217
f 7207 7217 7223
f 7207 7223 7241
f 7207 7241 7242
f 7207 7242 7251
f 7207 7251 7250
f 7207 7250 7230
f 7207 7230 7221
f 7207 7221 7215
f 7207 7215 7213
f 7208 7213 7209
f 7209 7214 7220
f 7209 7220 7228
f 7209 7228 7248
f 7209 7248 7256
f 7209 7256 7237
f 7209 7237 7222
f 7209 7222 7216
f 7209 7216 7210
f 7209 7213 7215
f 7209 7215 7221
f 7209 7221 7229
f 7209 7229 7249
f 7209 7249 7262
f 7209 7262 7268
f 7209 7268 7267
f 7209 7267 7260
f 7209 7260 7247
f 7209 7247 7246
f 7209 7246 7245
f 7209 7245 7226
f 7209 7226 7219
f 7209 7219 7214
f 7210 7216 7211
f 7212 7218 7217
f 7214 7219 7220
f 7217 7218 7224
f 7217 7224 7223
f 7219 7225 7220
f 7219 7226 7227
f 7219 7227 7225
f 7220 7225 7228
f 7221 7230 7231
f 7221 7231 7232
f 7221 7232 7233
f 7221 7233 7234
f 7221 7234 7235
f 7221 7235 7236
f 7221 7236 7229
f 7222 7237 7238
f 7222 7238 7239
f 7223 7240 7241
f 7223 7224 7240
f 7224 7231 7242
f 7224 7242 7241
f 7224 7241 7240
f 7225 7243 7228
f 7225 7227 7244
f 7225 7244 7243
f 7226 7245 7227
f 7227 7245 7246
f 7227 7246 7247
f 7227 7247 7244
f 7228 7243 7248
f 7229 7236 7249
f 7230 7250 7231
f 7231 7250 7251
f 7231 7251 7242
f 7232 7252 7233
f 7233 7252 7234
f 7234 7253 7254
f 7234 7254 7236
f 7234 7236 7235
f 7234 7239 7253
f 7236 7254 7255
f 7236 7255 7249
f 7237 7256 7257
f 7237 7257 7258
f 7237 7258 7238
f 7238 7258 7253
f 7238 7253 7239
f 7243 7244 7259
f 7243 7259 7257
f 7243 7257 7248
f 7244 7247 7259
f 7247 7260 7261
f 7247 7261 7259
f 7248 7257 7256
f 7249 7255 7262
f 7253 7258 7254
f 7254 7258 7255
f 7255 7258 7263
f 7255 7263 7262
f 7257 7259 7261
f 7257 7261 7264
f 7257 7264 7265
f 7257 7265 7258
f 7258 7265 7263
f 7260 7266 7261
f 7260 7267 7266
f 7261 7266 7264
f 7262 7263 7269
f 7262 7269 7268
f 7263 7264 7270
f 7263 7270 7269
f 7263 7265 7264
f 7264 7266 7269
f 7264 7269 7270
f 7266 7267 7268
f 7266 7268 7269
f 7271 7272 7276
f 7271 7276 7282
f 7271 7282 7291
f 7271 7291 7290
f 7271 7290 7302
f 7271 7302 7317
f 7271 7317 7316
f 7271 7316 7335
f 7271 7335 7334
f 7271 7334 7318
f 7271 7318 7303
f 7271 7303 7292
f 7271 7292 7283
f 7271 7283 7277
f 7271 7277 7273
f 7271 7273 7278
f 7271 7278 7284
f 7271 7284 7295
f 7271 7295 7309
f 7271 7309 7327
f 7271 7327 7346
f 7271 7346 7354
f 7271 7354 7355
f 7271 7355 7350
f 7271 7350 7330
f 7271 7330 7312
f 7271 7312 7298
f 7271 7298 7296
f 7271 7296 7285
f 7271 7285 7279
f 7271 7279 7274
f 7271 7274 7275
f 7271 7275 7272
f 7272 7275 7276
f 7273 7277 7278
f 7274 7279 7275
f 7275 7279 7280
f 7275 7280 7281
f 7275 7281 7282
f 7275 7282 7276
f 7277 7283 7293
f 7277 7293 7307
f 7277 7307 7306
f 7277 7306 7305
f 7277 7305 7322
f 7277 7322 7338
f 7277 7338 7339
f 7277 7339 7323
f 7277 7323 7308
f 7277 7308 7294
f 7277 7294 7284
f 7277 7284 7278
f 7279 7285 7280
f 7280 7285 7286
f 7280 7286 7281
f 7281 7286 7287
f 7281 7287 7288
f 7281 7288 7289
f 7281 7289 7290
f 7281 7290 7291
f 7281 7291 7282
f 7283 7292 7293
f 7284 7294 7295
f 7285 7296 7286
f 7286 7297 7288
f 7286 7288 7287
f 7286 7296 7298
f 7286 7298 7299
f 7286 7299 7297
f 7288 7297 7300
f 7288 7300 7289
f 7289 7300 7301
f 7289 7301 7290
f 7290 7301 7302
f 7292 7303 7304
f 7292 7304 7305
f 7292 7305 7306
f 7292 7306 7307
f 7292 7307 7293
f 7294 7308 7295
f 7295 7308 7309
f 7297 7299 7310
f 7297 7310 7311
f 7297 7311 7300
f 7298 7312 7313
f 7298 7313 7299
f 7299 7313 7310
f 7300 7311 7314
f 7300 7314 7315
f 7300 7315 7301
f 7301 7315 7316
f 7301 7316 7317
f 7301 7317 7302
f 7303 7318 7304
f 7304 7319 7320
f 7304 7320 7321
f 7304 7321 7322
f 7304 7322 7305
f 7304 7318 7319
f 7308 7323 7324
f 7308 7324 7325
f 7308 7325 7326
f 7308 7326 7309
f 7309 7326 7327
f 7310 7328 7311
f 7310 7313 7329
f 7310 7329 7328
f 7311 7328 7314
f 7312 7330 7331
f 7312 7331 7313
f 7313 7331 7329
f 7314 7332 7320
f 7314 7320 7319
f 7314 7319 7315
f 7314 7328 7333
f 7314 7333 7332
f 7315 7334 7335
f 7315 7335 7316
f 7315 7319 7334
f 7318 7334 7319
f 7320 7332 7321
f 7321 7332 7336
f 7321 7336 7337
f 7321 7337 7322
f 7322 7337 7338
f 7323 7339 7324
f 7324 7340 7341
f 7324 7341 7325
f 7324 7339 7342
f 7324 7342 7343
f 7324 7343 7340
f 7325 7341 7326
f 7326 7341 7344
f 7326 7344 7345
f 7326 7345 7327
f 7327 7345 7346
f 7328 7329 7347
f 7328 7347 7348
f 7328 7348 7333
f 7329 7331 7349
f 7329 7349 7347
f 7330 7350 7349
f 7330 7349 7331
f 7332 7333 7343
f 7332 7343 7351
f 7332 7351 7336
f 7333 7348 7343
f 7336 7351 7337
f 7337 7351 7338
f 7338 7351 7352
f 7338 7352 7339
f 7339 7352 7342
f 7340 7349 7353
f 7340 7353 7341
f 7340 7343 7349
f 7341 7353 7344
f 7342 7352 7343
f 7343 7352 7351
f 7343 7348 7347
f 7343 7347 7349
f 7344 7353 7345
f 7345 7353 7346
f 7346 7353 7354
f 7349 7350 7355
f 7349 7355 7353
f 7353 7355 7354
f 7356 7357 7358
f 7356 7358 7369
f 7356 7369 7377
f 7356 7377 7381
f 7356 7381 7382
f 7356 7382 7378
f 7356 7378 7370
f 7356 7370 7359
f 7356 7359 7371
f 7356 7371 7379
f 7356 7379 7375
f 7356 7375 7374
f 7356 7374 7373
f 7356 7373 7372
f 7356 7372 7360
f 7356 7360 7361
f 7356 7361 7362
f 7356 7362 7363
f 7356 7363 7364
f 7356 7364 7365
f 7356 7365 7366
f 7356 7366 7357
f 7357 7367 7368
f 7357 7368 7369
f 7357 7369 7358
f 7357 7366 7367
f 7359 7370 7371
f 7360 7372 7361
f 7361 7372 7373
f 7361 7373 7374
f 7361 7374 7375
f 7361 7375 7379
f 7361 7379 7389
f 7361 7389 7380
f 7361 7380 7376
f 7361 7376 7366
f 7361 7366 7365
f 7361 7365 7364
f 7361 7364 7363
f 7361 7363 7362
f 7366 7376 7380
f 7366 7380 7390
f 7366 7390 7388
f 7366 7388 7387
f 7366 7387 7386
f 7366 7386 7385
f 7366 7385 7384
f 7366 7384 7383
f 7366 7383 7381
f 7366 7381 7377
f 7366 7377 7368
f 7366 7368 7367
f 7368 7377 7369
f 7370 7378 7379
f 7370 7379 7371
f 7378 7382 7379
f 7379 7382 7381
f 7379 7381 7383
f 7379 7383 7384
f 7379 7384 7385
f 7379 7385 7386
f 7379 7386 7387
f 7379 7387 7388
f 7379 7388 7389
f 7380 7389 7390
f 7388 7390 7389
f 7391 7392 7395
f 7391 7395 7401
f 7391 7401 7415
f 7391 7415 7435
f 7391 7435 7468
f 7391 7468 7455
f 7391 7455 7426
f 7391 7426 7407
f 7391 7407 7420
f 7391 7420 7419
f 7391 7419 7403
f 7391 7403 7397
f 7391 7397 7393
f 7391 7393 7394
f 7391 7394 7400
f 7391 7400 7414
f 7391 7414 7434
f 7391 7434 7454
f 7391 7454 7450
f 7391 7450 7453
f 7391 7453 7452
f 7391 7452 7488
f 7391 7488 7487
f 7391 7487 7486
f 7391 7486 7485
f 7391 7485 7484
f 7391 7484 7483
f 7391 7483 7520
f 7391 7520 7536
f 7391 7536 7518
f 7391 7518 7531
f 7391 7531 7530
f 7391 7530 7507
f 7391 7507 7506
f 7391 7506 7472
f 7391 7472 7438
f 7391 7438 7417
f 7391 7417 7402
f 7391 7402 7396
f 7391 7396 7392
f 7392 7396 7395
f 7393 7397 7398
f 7393 7398 7394
f 7394 7398 7399
f 7394 7399 7400
f 7395 7396 7402
f 7395 7402 7418
f 7395 7418 7441
f 7395 7441 7477
f 7395 7477 7512
f 7395 7512 7533
f 7395 7533 7535
f 7395 7535 7534
f 7395 7534 7537
f 7395 7537 7523
f 7395 7523 7522
f 7395 7522 7526
f 7395 7526 7538
f 7395 7538 7529
f 7395 7529 7504
f 7395 7504 7470
f 7395 7470 7436
f 7395 7436 7416
f 7395 7416 7401
f 7397 7403 7404
f 7397 7404 7398
f 7398 7404 7399
f 7399 7405 7406
f 7399 7406 7400
f 7399 7404 7407
f 7399 7407 7408
f 7399 7408 7409
f 7399 7409 7410
f 7399 7410 7411
f 7399 7411 7412
f 7399 7412 7413
f 7399 7413 7405
f 7400 7406 7414
f 7401 7416 7415
f 7402 7417 7418
f 7403 7419 7404
f 7404 7419 7420
f 7404 7420 7407
f 7405 7413 7421
f 7405 7421 7422
f 7405 7422 7423
f 7405 7423 7424
f 7405 7424 7425
f 7405 7425 7406
f 7406 7425 7414
f 7407 7426 7427
f 7407 7427 7428
f 7407 7428 7429
f 7407 7429 7408
f 7408 7429 7430
f 7408 7430 7409
f 7409 7430 7410
f 7410 7431 7411
f 7410 7430 7431
f 7411 7431 7412
f 7412 7432 7433
f 7412 7433 7413
f 7412 7431 7432
f 7413 7433 7421
f 7414 7425 7434
f 7415 7416 7436
f 7415 7436 7437
f 7415 7437 7435
f 7417 7438 7439
f 7417 7439 7440
f 7417 7440 7418
f 7418 7440 7441
f 7421 7433 7442
f 7421 7442 7443
f 7421 7443 7422
f 7422 7444 7423
f 7422 7443 7445
f 7422 7445 7446
f 7422 7446 7447
f 7422 7447 7448
f 7422 7448 7449
f 7422 7449 7444
f 7423 7444 7424
f 7424 7450 7425
f 7424 7444 7451
f 7424 7451 7452
f 7424 7452 7453
f 7424 7453 7450
f 7425 7450 7454
f 7425 7454 7434
f 7426 7455 7456
f 7426 7456 7427
f 7427 7456 7457
f 7427 7457 7428
f 7428 7457 7458
f 7428 7458 7429
f 7429 7458 7430
f 7430 7458 7431
f 7431 7458 7432
f 7432 7459 7460
f 7432 7460 7461
f 7432 7461 7462
f 7432 7462 7463
f 7432 7463 7464
f 7432 7464 7442
f 7432 7442 7465
f 7432 7465 7433
f 7432 7458 7466
f 7432 7466 7467
f 7432 7467 7459
f 7433 7465 7442
f 7435 7437 7469
f 7435 7469 7468
f 7436 7470 7437
f 7437 7470 7471
f 7437 7471 7469
f 7438 7472 7439
f 7439 7472 7473
f 7439 7473 7474
f 7439 7474 7475
f 7439 7475 7440
f 7440 7476 7477
f 7440 7477 7441
f 7440 7475 7478
f 7440 7478 7479
f 7440 7479 7476
f 7442 7464 7463
f 7442 7463 7480
f 7442 7480 7445
f 7442 7445 7443
f 7444 7449 7451
f 7445 7480 7481
f 7445 7481 7446
f 7446 7481 7447
f 7447 7481 7482
f 7447 7482 7448
f 7448 7482 7449
f 7449 7482 7483
f 7449 7483 7484
f 7449 7484 7485
f 7449 7485 7486
f 7449 7486 7487
f 7449 7487 7488
f 7449 7488 7451
f 7451 7488 7452
f 7455 7468 7489
f 7455 7489 7456
f 7456 7489 7490
f 7456 7490 7457
f 7457 7490 7491
f 7457 7491 7492
f 7457 7492 7458
f 7458 7492 7466
f 7459 7467 7493
f 7459 7493 7460
f 7460 7494 7495
f 7460 7495 7461
f 7460 7493 7496
f 7460 7496 7494
f 7461 7495 7462
f 7462 7495 7497
f 7462 7497 7498
f 7462 7498 7463
f 7463 7498 7499
f 7463 7499 7500
f 7463 7500 7501
f 7463 7501 7480
f 7466 7492 7467
f 7467 7502 7493
f 7467 7492 7491
f 7467 7491 7502
f 7468 7469 7489
f 7469 7471 7503
f 7469 7503 7489
f 7470 7504 7471
f 7471 7504 7505
f 7471 7505 7503
f 7472 7506 7473
f 7473 7506 7507
f 7473 7507 7508
f 7473 7508 7474
f 7474 7508 7509
f 7474 7509 7475
f 7475 7510 7478
f 7475 7509 7511
f 7475 7511 7510
f 7476 7512 7477
f 7476 7479 7513
f 7476 7513 7512
f 7478 7510 7479
f 7479 7510 7514
f 7479 7514 7515
f 7479 7515 7513
f 7480 7501 7481
f 7481 7501 7500
f 7481 7500 7511
f 7481 7511 7509
f 7481 7509 7482
f 7482 7509 7516
f 7482 7516 7517
f 7482 7517 7518
f 7482 7518 7519
f 7482 7519 7520
f 7482 7520 7483
f 7489 7503 7490
f 7490 7503 7521
f 7490 7521 7502
f 7490 7502 7491
f 7493 7502 7496
f 7494 7522 7523
f 7494 7523 7524
f 7494 7524 7495
f 7494 7496 7522
f 7495 7524 7497
f 7496 7502 7525
f 7496 7525 7526
f 7496 7526 7522
f 7497 7515 7498
f 7497 7524 7527
f 7497 7527 7513
f 7497 7513 7515
f 7498 7515 7514
f 7498 7514 7511
f 7498 7511 7499
f 7499 7511 7500
f 7502 7528 7525
f 7502 7521 7528
f 7503 7505 7521
f 7504 7529 7505
f 7505 7529 7528
f 7505 7528 7521
f 7507 7530 7508
f 7508 7530 7531
f 7508 7531 7517
f 7508 7517 7516
f 7508 7516 7509
f 7510 7511 7532
f 7510 7532 7514
f 7511 7514 7532
f 7512 7513 7533
f 7513 7527 7524
f 7513 7524 7534
f 7513 7534 7535
f 7513 7535 7533
f 7517 7531 7518
f 7518 7536 7519
f 7519 7536 7520
f 7523 7537 7524
f 7524 7537 7534
f 7525 7538 7526
f 7525 7528 7538
f 7528 7529 7538
f 7539 7540 7548
f 7539 7548 7555
f 7539 7555 7567
f 7539 7567 7587
f 7539 7587 7614
f 7539 7614 7596
f 7539 7596 7594
f 7539 7594 7571
f 7539 7571 7557
f 7539 7557 7549
f 7539 7549 7541
f 7539 7541 7542
f 7539 7542 7543
f 7539 7543 7544
f 7539 7544 7545
f 7539 7545 7546
f 7539 7546 7552
f 7539 7552 7564
f 7539 7564 7584
f 7539 7584 7583
f 7539 7583 7611
f 7539 7611 7629
f 7539 7629 7615
f 7539 7615 7589
f 7539 7589 7588
f 7539 7588 7585
f 7539 7585 7565
f 7539 7565 7553
f 7539 7553 7547
f 7539 7547 7540
f 7540 7547 7548
f 7541 7549 7550
f 7541 7550 7542
f 7542 7550 7549
f 7542 7549 7557
f 7542 7557 7573
f 7542 7573 7595
f 7542 7595 7623
f 7542 7623 7628
f 7542 7628 7600
f 7542 7600 7599
f 7542 7599 7578
f 7542 7578 7577
f 7542 7577 7574
f 7542 7574 7558
f 7542 7558 7551
f 7542 7551 7545
f 7542 7545 7544
f 7542 7544 7543
f 7545 7551 7559
f 7545 7559 7576
f 7545 7576 7560
f 7545 7560 7552
f 7545 7552 7546
f 7547 7553 7548
f 7548 7554 7555
f 7548 7553 7556
f 7548 7556 7554
f 7551 7558 7559
f 7552 7560 7561
f 7552 7561 7562
f 7552 7562 7563
f 7552 7563 7564
f 7553 7565 7556
f 7554 7566 7555
f 7554 7556 7566
f 7555 7566 7567
f 7556 7565 7568
f 7556 7568 7569
f 7556 7569 7570
f 7556 7570 7566
f 7557 7571 7572
f 7557 7572 7573
f 7558 7574 7561
f 7558 7561 7575
f 7558 7575 7576
f 7558 7576 7559
f 7560 7576 7575
f 7560 7575 7561
f 7561 7574 7577
f 7561 7577 7578
f 7561 7578 7579
f 7561 7579 7580
f 7561 7580 7581
f 7561 7581 7562
f 7562 7581 7563
f 7563 7581 7582
f 7563 7582 7583
f 7563 7583 7584
f 7563 7584 7564
f 7565 7585 7568
f 7566 7586 7567
f 7566 7570 7586
f 7567 7586 7587
f 7568 7585 7588
f 7568 7588 7589
f 7568 7589 7590
f 7568 7590 7591
f 7568 7591 7569
f 7569 7591 7592
f 7569 7592 7570
f 7570 7592 7593
f 7570 7593 7586
f 7571 7594 7572
f 7572 7595 7573
f 7572 7594 7596
f 7572 7596 7597
f 7572 7597 7598
f 7572 7598 7595
f 7578 7599 7579
f 7579 7599 7600
f 7579 7600 7601
f 7579 7601 7602
f 7579 7602 7603
f 7579 7603 7604
f 7579 7604 7580
f 7580 7604 7605
f 7580 7605 7581
f 7581 7605 7606
f 7581 7606 7607
f 7581 7607 7582
f 7582 7607 7608
f 7582 7608 7609
f 7582 7609 7610
f 7582 7610 7583
f 7583 7610 7611
f 7586 7593 7612
f 7586 7612 7613
f 7586 7613 7596
f 7586 7596 7614
f 7586 7614 7587
f 7589 7615 7590
f 7590 7615 7616
f 7590 7616 7617
f 7590 7617 7618
f 7590 7618 7591
f 7591 7618 7592
f 7592 7619 7593
f 7592 7618 7620
f 7592 7620 7621
f 7592 7621 7619
f 7593 7619 7622
f 7593 7622 7597
f 7593 7597 7612
f 7595 7598 7623
f 7596 7613 7597
f 7597 7622 7624
f 7597 7624 7625
f 7597 7625 7598
f 7597 7613 7612
f 7598 7625 7626
f 7598 7626 7627
f 7598 7627 7623
f 7600 7628 7627
f 7600 7627 7601
f 7601 7624 7603
f 7601 7603 7602
f 7601 7627 7625
f 7601 7625 7624
f 7603 7605 7604
f 7603 7624 7605
f 7605 7624 7620
f 7605 7620 7607
f 7605 7607 7606
f 7607 7620 7608
f 7608 7620 7616
f 7608 7616 7610
f 7608 7610 7609
f 7610 7616 7611
f 7611 7616 7629
f 7615 7629 7616
f 7616 7620 7618
f 7616 7618 7617
f 7619 7621 7624
f 7619 7624 7622
f 7620 7624 7621
f 7623 7627 7628
f 7625 7627 7626
f 7630 7631 7635
f 7630 7635 7642
f 7630 7642 7653
f 7630 7653 7671
f 7630 7671 7672
f 7630 7672 7688
f 7630 7688 7703
f 7630 7703 7702
f 7630 7702 7704
f 7630 7704 7690
f 7630 7690 7689
f 7630 7689 7673
f 7630 7673 7654
f 7630 7654 7643
f 7630 7643 7637
f 7630 7637 7632
f 7630 7632 7633
f 7630 7633 7638
f 7630 7638 7644
f 7630 7644 7656
f 7630 7656 7676
f 7630 7676 7677
f 7630 7677 7662
f 7630 7662 7647
f 7630 7647 7639
f 7630 7639 7634
f 7630 7634 7631
f 7631 7634 7635
f 7632 7636 7633
f 7632 7637 7636
f 7633 7636 7637
f 7633 7637 7643
f 7633 7643 7655
f 7633 7655 7675
f 7633 7675 7693
f 7633 7693 7705
f 7633 7705 7710
f 7633 7710 7713
f 7633 7713 7712
f 7633 7712 7711
f 7633 7711 7707
f 7633 7707 7694
f 7633 7694 7680
f 7633 7680 7659
f 7633 7659 7657
f 7633 7657 7645
f 7633 7645 7638
f 7634 7639 7640
f 7634 7640 7641
f 7634 7641 7635
f 7635 7641 7642
f 7638 7645 7646
f 7638 7646 7644
f 7639 7647 7648
f 7639 7648 7640
f 7640 7648 7649
f 7640 7649 7641
f 7641 7649 7650
f 7641 7650 7651
f 7641 7651 7652
f 7641 7652 7642
f 7642 7652 7653
f 7643 7654 7655
f 7644 7646 7656
f 7645 7657 7646
f 7646 7658 7656
f 7646 7657 7659
f 7646 7659 7660
f 7646 7660 7661
f 7646 7661 7658
f 7647 7662 7648
f 7648 7662 7663
f 7648 7663 7664
f 7648 7664 7665
f 7648 7665 7649
f 7649 7665 7650
f 7650 7665 7664
f 7650 7664 7666
f 7650 7666 7667
f 7650 7667 7668
f 7650 7668 7669
f 7650 7669 7651
f 7651 7669 7670
f 7651 7670 7652
f 7652 7671 7653
f 7652 7670 7672
f 7652 7672 7671
f 7654 7673 7674
f 7654 7674 7655
f 7655 7674 7675
f 7656 7658 7676
f 7658 7677 7676
f 7658 7661 7678
f 7658 7678 7679
f 7658 7679 7663
f 7658 7663 7677
f 7659 7680 7681
f 7659 7681 7660
f 7660 7681 7661
f 7661 7681 7682
f 7661 7682 7678
f 7662 7677 7663
f 7663 7679 7666
f 7663 7666 7664
f 7666 7679 7667
f 7667 7682 7683
f 7667 7683 7684
f 7667 7684 7668
f 7667 7679 7682
f 7668 7684 7669
f 7669 7684 7685
f 7669 7685 7670
f 7670 7685 7686
f 7670 7686 7687
f 7670 7687 7672
f 7672 7687 7688
f 7673 7689 7674
f 7674 7689 7690
f 7674 7690 7691
f 7674 7691 7692
f 7674 7692 7675
f 7675 7692 7693
f 7678 7682 7679
f 7680 7694 7695
f 7680 7695 7681
f 7681 7695 7696
f 7681 7696 7682
f 7682 7696 7697
f 7682 7697 7683
f 7683 7697 7684
f 7684 7697 7698
f 7684 7698 7699
f 7684 7699 7685
f 7685 7699 7686
f 7686 7699 7700
f 7686 7700 7687
f 7687 7700 7701
f 7687 7701 7702
f 7687 7702 7703
f 7687 7703 7688
f 7690 7704 7701
f 7690 7701 7691
f 7691 7701 7692
f 7692 7705 7693
f 7692 7701 7700
f 7692 7700 7706
f 7692 7706 7705
f 7694 7707 7695
f 7695 7707 7708
f 7695 7708 7697
f 7695 7697 7696
f 7697 7708 7698
f 7698 7708 7709
f 7698 7709 7699
f 7699 7709 7706
f 7699 7706 7700
f 7701 7704 7702
f 7705 7706 7710
f 7706 7709 7710
f 7707 7711 7708
f 7708 7711 7712
f 7708 7712 7709
f 7709 7713 7710
f 7709 7712 7713
f 7714 7715 7716
f 7714 7716 7717
f 7714 7717 7720
f 7714 7720 7726
f 7714 7726 7728
f 7714 7728 7738
f 7714 7738 7737
f 7714 7737 7736
f 7714 7736 7751
f 7714 7751 7762
f 7714 7762 7772
f 7714 7772 7765
f 7714 7765 7756
f 7714 7756 7755
f 7714 7755 7743
f 7714 7743 7731
f 7714 7731 7723
f 7714 7723 7718
f 7714 7718 7722
f 7714 7722 7729
f 7714 7729 7739
f 7714 7739 7752
f 7714 7752 7746
f 7714 7746 7733
f 7714 7733 7724
f 7714 7724 7719
f 7714 7719 7715
f 7715 7719 7725
f 7715 7725 7734
f 7715 7734 7749
f 7715 7749 7758
f 7715 7758 7770
f 7715 7770 7769
f 7715 7769 7768
f 7715 7768 7767
f 7715 7767 7774
f 7715 7774 7771
f 7715 7771 7761
f 7715 7761 7760
f 7715 7760 7759
f 7715 7759 7750
f 7715 7750 7735
f 7715 7735 7727
f 7715 7727 7721
f 7715 7721 7716
f 7716 7720 7717
f 7716 7721 7720
f 7718 7723 7722
f 7719 7724 7725
f 7720 7721 7726
f 7721 7727 7728
f 7721 7728 7726
f 7722 7723 7730
f 7722 7730 7729
f 7723 7731 7732
f 7723 7732 7730
f 7724 7733 7734
f 7724 7734 7725
f 7727 7735 7736
f 7727 7736 7737
f 7727 7737 7738
f 7727 7738 7728
f 7729 7730 7739
f 7730 7732 7740
f 7730 7740 7741
f 7730 7741 7742
f 7730 7742 7739
f 7731 7743 7732
f 7732 7743 7744
f 7732 7744 7745
f 7732 7745 7740
f 7733 7746 7747
f 7733 7747 7734
f 7734 7747 7748
f 7734 7748 7749
f 7735 7750 7751
f 7735 7751 7736
f 7739 7742 7752
f 7740 7745 7741
f 7741 7753 7747
f 7741 7747 7742
f 7741 7745 7754
f 7741 7754 7753
f 7742 7747 7752
f 7743 7755 7744
f 7744 7755 7756
f 7744 7756 7745
f 7745 7756 7754
f 7746 7752 7747
f 7747 7753 7748
f 7748 7753 7757
f 7748 7757 7749
f 7749 7757 7758
f 7750 7759 7751
f 7751 7759 7760
f 7751 7760 7761
f 7751 7761 7762
f 7753 7754 7763
f 7753 7763 7764
f 7753 7764 7757
f 7754 7756 7763
f 7756 7765 7761
f 7756 7761 7771
f 7756 7771 7775
f 7756 7775 7780
f 7756 7780 7779
f 7756 7779 7778
f 7756 7778 7777
f 7756 7777 7776
f 7756 7776 7773
f 7756 7773 7766
f 7756 7766 7767
f 7756 7767 7768
f 7756 7768 7769
f 7756 7769 7764
f 7756 7764 7763
f 7757 7764 7769
f 7757 7769 7770
f 7757 7770 7758
f 7761 7765 7772
f 7761 7772 7762
f 7766 7773 7774
f 7766 7774 7767
f 7771 7774 7775
f 7773 7776 7774
f 7774 7776 7777
f 7774 7777 7778
f 7774 7778 7779
f 7774 7779 7780
f 7774 7780 7775
f 7781 7782 7788
f 7781 7788 7798
f 7781 7798 7812
f 7781 7812 7815
f 7781 7815 7800
f 7781 7800 7789
f 7781 7789 7783
f 7781 7783 7784
f 7781 7784 7785
f 7781 7785 7786
f 7781 7786 7782
f 7782 7786 7787
f 7782 7787 7794
f 7782 7794 7793
f 7782 7793 7795
f 7782 7795 7805
f 7782 7805 7808
f 7782 7808 7822
f 7782 7822 7826
f 7782 7826 7837
f 7782 7837 7845
f 7782 7845 7859
f 7782 7859 7862
f 7782 7862 7861
f 7782 7861 7860
f 7782 7860 7847
f 7782 7847 7833
f 7782 7833 7823
f 7782 7823 7809
f 7782 7809 7796
f 7782 7796 7788
f 7783 7789 7785
f 7783 7785 7784
f 7785 7789 7790
f 7785 7790 7791
f 7785 7791 7792
f 7785 7792 7786
f 7786 7793 7794
f 7786 7794 7787
f 7786 7792 7795
f 7786 7795 7793
f 7788 7796 7797
f 7788 7797 7798
f 7789 7799 7790
f 7789 7800 7801
f 7789 7801 7802
f 7789 7802 7803
f 7789 7803 7799
f 7790 7799 7804
f 7790 7804 7791
f 7791 7804 7792
f 7792 7805 7795
f 7792 7804 7806
f 7792 7806 7807
f 7792 7807 7808
f 7792 7808 7805
f 7796 7809 7810
f 7796 7810 7797
f 7797 7810 7809
f 7797 7809 7823
f 7797 7823 7832
f 7797 7832 7846
f 7797 7846 7851
f 7797 7851 7836
f 7797 7836 7834
f 7797 7834 7824
f 7797 7824 7811
f 7797 7811 7825
f 7797 7825 7835
f 7797 7835 7850
f 7797 7850 7855
f 7797 7855 7853
f 7797 7853 7840
f 7797 7840 7852
f 7797 7852 7838
f 7797 7838 7828
f 7797 7828 7820
f 7797 7820 7819
f 7797 7819 7818
f 7797 7818 7814
f 7797 7814 7813
f 7797 7813 7803
f 7797 7803 7802
f 7797 7802 7816
f 7797 7816 7815
f 7797 7815 7812
f 7797 7812 7798
f 7799 7803 7813
f 7799 7813 7814
f 7799 7814 7804
f 7800 7815 7816
f 7800 7816 7801
f 7801 7816 7802
f 7804 7814 7806
f 7806 7817 7807
f 7806 7814 7818
f 7806 7818 7819
f 7806 7819 7820
f 7806 7820 7821
f 7806 7821 7817
f 7807 7817 7822
f 7807 7822 7808
f 7811 7824 7825
f 7817 7826 7822
f 7817 7821 7827
f 7817 7827 7826
f 7820 7828 7821
f 7821 7829 7830
f 7821 7830 7831
f 7821 7831 7827
f 7821 7828 7829
f 7823 7833 7832
f 7824 7834 7825
f 7825 7834 7836
f 7825 7836 7835
f 7826 7827 7837
f 7827 7831 7837
f 7828 7838 7839
f 7828 7839 7830
f 7828 7830 7829
f 7830 7839 7840
f 7830 7840 7841
f 7830 7841 7842
f 7830 7842 7843
f 7830 7843 7844
f 7830 7844 7831
f 7831 7845 7837
f 7831 7844 7845
f 7832 7833 7847
f 7832 7847 7848
f 7832 7848 7849
f 7832 7849 7846
f 7835 7836 7850
f 7836 7851 7850
f 7838 7852 7839
f 7839 7852 7840
f 7840 7842 7841
f 7840 7853 7842
f 7842 7854 7843
f 7842 7853 7855
f 7842 7855 7856
f 7842 7856 7857
f 7842 7857 7854
f 7843 7854 7858
f 7843 7858 7844
f 7844 7858 7845
f 7845 7858 7859
f 7846 7849 7851
f 7847 7860 7848
f 7848 7857 7856
f 7848 7856 7849
f 7848 7860 7857
f 7849 7856 7855
f 7849 7855 7851
f 7850 7851 7855
f 7854 7857 7858
f 7857 7860 7858
f 7858 7860 7861
f 7858 7861 7862
f 7858 7862 7859
f 7863 7864 7865
f 7863 7865 7866
f 7863 7866 7867
f 7863 7867 7868
f 7863 7868 7872
f 7863 7872 7879
f 7863 7879 7893
f 7863 7893 7912
f 7863 7912 7915
f 7863 7915 7918
f 7863 7918 7898
f 7863 7898 7888
f 7863 7888 7887
f 7863 7887 7882
f 7863 7882 7873
f 7863 7873 7869
f 7863 7869 7875
f 7863 7875 7886
f 7863 7886 7885
f 7863 7885 7901
f 7863 7901 7921
f 7863 7921 7903
f 7863 7903 7889
f 7863 7889 7877
f 7863 7877 7876
f 7863 7876 7870
f 7863 7870 7871
f 7863 7871 7864
f 7864 7871 7878
f 7864 7878 7890
f 7864 7890 7904
f 7864 7904 7911
f 7864 7911 7910
f 7864 7910 7927
f 7864 7927 7916
f 7864 7916 7895
f 7864 7895 7880
f 7864 7880 7872
f 7864 7872 7868
f 7864 7868 7867
f 7864 7867 7866
f 7864 7866 7865
f 7869 7873 7874
f 7869 7874 7875
f 7870 7876 7871
f 7871 7877 7889
f 7871 7889 7902
f 7871 7902 7923
f 7871 7923 7926
f 7871 7926 7924
f 7871 7924 7905
f 7871 7905 7891
f 7871 7891 7878
f 7871 7876 7877
f 7872 7880 7881
f 7872 7881 7879
f 7873 7882 7874
f 7874 7883 7884
f 7874 7884 7885
f 7874 7885 7886
f 7874 7886 7875
f 7874 7882 7887
f 7874 7887 7888
f 7874 7888 7883
f 7878 7891 7892
f 7878 7892 7890
f 7879 7881 7894
f 7879 7894 7893
f 7880 7895 7881
f 7881 7895 7896
f 7881 7896 7894
f 7883 7897 7884
f 7883 7888 7898
f 7883 7898 7897
f 7884 7897 7899
f 7884 7899 7900
f 7884 7900 7901
f 7884 7901 7885
f 7889 7903 7902
f 7890 7892 7904
f 7891 7905 7906
f 7891 7906 7892
f 7892 7906 7907
f 7892 7907 7908
f 7892 7908 7909
f 7892 7909 7910
f 7892 7910 7911
f 7892 7911 7904
f 7893 7894 7912
f 7894 7896 7913
f 7894 7913 7914
f 7894 7914 7899
f 7894 7899 7897
f 7894 7897 7915
f 7894 7915 7912
f 7895 7916 7896
f 7896 7916 7909
f 7896 7909 7917
f 7896 7917 7913
f 7897 7898 7918
f 7897 7918 7915
f 7899 7914 7919
f 7899 7919 7900
f 7900 7919 7902
f 7900 7902 7920
f 7900 7920 7901
f 7901 7920 7921
f 7902 7903 7920
f 7902 7919 7922
f 7902 7922 7923
f 7903 7921 7920
f 7905 7924 7907
f 7905 7907 7906
f 7907 7924 7908
f 7908 7922 7925
f 7908 7925 7917
f 7908 7917 7909
f 7908 7924 7926
f 7908 7926 7923
f 7908 7923 7922
f 7909 7916 7927
f 7909 7927 7910
f 7913 7917 7914
f 7914 7917 7919
f 7917 7925 7919
f 7919 7925 7922
f 7928 7929 7937
f 7928 7937 7949
f 7928 7949 7948
f 7928 7948 7950
f 7928 7950 7938
f 7928 7938 7930
f 7928 7930 7939
f 7928 7939 7952
f 7928 7952 7965
f 7928 7965 7979
f 7928 7979 7988
f 7928 7988 7987
f 7928 7987 7986
f 7928 7986 7985
f 7928 7985 7984
f 7928 7984 7983
f 7928 7983 7982
f 7928 7982 7981
f 7928 7981 7967
f 7928 7967 7953
f 7928 7953 7941
f 7928 7941 7940
f 7928 7940 7931
f 7928 7931 7932
f 7928 7932 7933
f 7928 7933 7934
f 7928 7934 7935
f 7928 7935 7936
f 7928 7936 7929
f 7929 7936 7937
f 7930 7938 7939
f 7931 7940 7932
f 7932 7940 7941
f 7932 7941 7942
f 7932 7942 7943
f 7932 7943 7944
f 7932 7944 7934
f 7932 7934 7933
f 7934 7944 7935
f 7935 7944 7945
f 7935 7945 7936
f 7936 7945 7946
f 7936 7946 7947
f 7936 7947 7948
f 7936 7948 7949
f 7936 7949 7937
f 7938 7950 7951
f 7938 7951 7952
f 7938 7952 7939
f 7941 7953 7966
f 7941 7966 7980
f 7941 7980 7989
f 7941 7989 7973
f 7941 7973 7972
f 7941 7972 7971
f 7941 7971 7970
f 7941 7970 7969
f 7941 7969 7968
f 7941 7968 7954
f 7941 7954 7955
f 7941 7955 7956
f 7941 7956 7943
f 7941 7943 7942
f 7943 7956 7945
f 7943 7945 7944
f 7945 7947 7946
f 7945 7956 7947
f 7947 7956 7957
f 7947 7957 7958
f 7947 7958 7959
f 7947 7959 7960
f 7947 7960 7948
f 7948 7961 7977
f 7948 7977 7978
f 7948 7978 7996
f 7948 7996 7995
f 7948 7995 7994
f 7948 7994 7992
f 7948 7992 7991
f 7948 7991 7990
f 7948 7990 7997
f 7948 7997 7980
f 7948 7980 7966
f 7948 7966 7963
f 7948 7963 7951
f 7948 7951 7950
f 7948 7960 7962
f 7948 7962 7961
f 7951 7963 7964
f 7951 7964 7965
f 7951 7965 7952
f 7953 7967 7966
f 7954 7968 7956
f 7954 7956 7955
f 7956 7968 7969
f 7956 7969 7970
f 7956 7970 7957
f 7957 7970 7971
f 7957 7971 7958
f 7958 7971 7972
f 7958 7972 7973
f 7958 7973 7974
f 7958 7974 7975
f 7958 7975 7976
f 7958 7976 7959
f 7959 7976 7962
f 7959 7962 7960
f 7961 7962 7977
f 7962 7976 7978
f 7962 7978 7977
f 7963 7965 7964
f 7963 7966 7965
f 7965 7966 7979
f 7966 7967 7981
f 7966 7981 7982
f 7966 7982 7983
f 7966 7983 7984
f 7966 7984 7985
f 7966 7985 7986
f 7966 7986 7987
f 7966 7987 7988
f 7966 7988 7979
f 7973 7989 7974
f 7974 7989 7990
f 7974 7990 7991
f 7974 7991 7992
f 7974 7992 7993
f 7974 7993 7975
f 7975 7993 7976
f 7976 7993 7994
f 7976 7994 7995
f 7976 7995 7996
f 7976 7996 7978
f 7980 7997 7989
f 7989 7997 7990
f 7992 7994 7993
f 7998 7999 8005
f 7998 8005 8014
f 7998 8014 8024
f 7998 8024 8037
f 7998 8037 8058
f 7998 8058 8057
f 7998 8057 8081
f 7998 8081 8112
f 7998 8112 8132
f 7998 8132 8131
f 7998 8131 8117
f 7998 8117 8085
f 7998 8085 8061
f 7998 8061 8039
f 7998 8039 8025
f 7998 8025 8016
f 7998 8016 8007
f 7998 8007 8000
f 7998 8000 8001
f 7998 8001 8002
f 7998 8002 7999
f 7999 8003 8004
f 7999 8004 8005
f 7999 8002 8003
f 8000 8006 8001
f 8000 8007 8008
f 8000 8008 8009
f 8000 8009 8006
f 8001 8006 8009
f 8001 8009 8002
f 8002 8010 8003
f 8002 8009 8011
f 8002 8011 8010
f 8003 8005 8004
f 8003 8010 8012
f 8003 8012 8013
f 8003 8013 8014
f 8003 8014 8005
f 8007 8015 8008
f 8007 8016 8017
f 8007 8017 8015
f 8008 8015 8017
f 8008 8017 8026
f 8008 8026 8040
f 8008 8040 8065
f 8008 8065 8094
f 8008 8094 8093
f 8008 8093 8119
f 8008 8119 8126
f 8008 8126 8102
f 8008 8102 8071
f 8008 8071 8101
f 8008 8101 8100
f 8008 8100 8068
f 8008 8068 8042
f 8008 8042 8028
f 8008 8028 8027
f 8008 8027 8018
f 8008 8018 8009
f 8009 8018 8019
f 8009 8019 8011
f 8010 8011 8020
f 8010 8020 8021
f 8010 8021 8012
f 8011 8019 8022
f 8011 8022 8020
f 8012 8021 8023
f 8012 8023 8013
f 8013 8023 8014
f 8014 8023 8024
f 8016 8025 8038
f 8016 8038 8059
f 8016 8059 8082
f 8016 8082 8084
f 8016 8084 8116
f 8016 8116 8137
f 8016 8137 8145
f 8016 8145 8144
f 8016 8144 8143
f 8016 8143 8138
f 8016 8138 8120
f 8016 8120 8095
f 8016 8095 8066
f 8016 8066 8041
f 8016 8041 8026
f 8016 8026 8017
f 8018 8027 8019
f 8019 8027 8028
f 8019 8028 8029
f 8019 8029 8022
f 8020 8022 8021
f 8021 8022 8030
f 8021 8030 8031
f 8021 8031 8032
f 8021 8032 8033
f 8021 8033 8023
f 8022 8029 8034
f 8022 8034 8030
f 8023 8035 8024
f 8023 8033 8036
f 8023 8036 8035
f 8024 8035 8037
f 8025 8039 8038
f 8026 8041 8040
f 8028 8042 8043
f 8028 8043 8029
f 8029 8043 8034
f 8030 8034 8044
f 8030 8044 8045
f 8030 8045 8031
f 8031 8045 8046
f 8031 8046 8047
f 8031 8047 8048
f 8031 8048 8049
f 8031 8049 8032
f 8032 8049 8050
f 8032 8050 8051
f 8032 8051 8033
f 8033 8051 8052
f 8033 8052 8053
f 8033 8053 8054
f 8033 8054 8055
f 8033 8055 8036
f 8034 8043 8056
f 8034 8056 8044
f 8035 8036 8037
f 8036 8055 8057
f 8036 8057 8058
f 8036 8058 8037
f 8038 8039 8060
f 8038 8060 8059
f 8039 8061 8060
f 8040 8062 8063
f 8040 8063 8064
f 8040 8064 8065
f 8040 8041 8062
f 8041 8066 8067
f 8041 8067 8062
f 8042 8068 8069
f 8042 8069 8043
f 8043 8069 8056
f 8044 8056 8045
f 8045 8056 8046
f 8046 8056 8070
f 8046 8070 8071
f 8046 8071 8072
f 8046 8072 8073
f 8046 8073 8074
f 8046 8074 8047
f 8047 8075 8048
f 8047 8074 8076
f 8047 8076 8077
f 8047 8077 8075
f 8048 8075 8049
f 8049 8075 8050
f 8050 8075 8051
f 8051 8075 8078
f 8051 8078 8052
f 8052 8078 8079
f 8052 8079 8053
f 8053 8079 8080
f 8053 8080 8054
f 8054 8080 8055
f 8055 8080 8081
f 8055 8081 8057
f 8056 8069 8070
f 8059 8060 8082
f 8060 8083 8084
f 8060 8084 8082
f 8060 8061 8085
f 8060 8085 8086
f 8060 8086 8087
f 8060 8087 8083
f 8062 8067 8088
f 8062 8088 8063
f 8063 8088 8089
f 8063 8089 8090
f 8063 8090 8091
f 8063 8091 8092
f 8063 8092 8093
f 8063 8093 8094
f 8063 8094 8064
f 8064 8094 8065
f 8066 8095 8096
f 8066 8096 8067
f 8067 8096 8097
f 8067 8097 8098
f 8067 8098 8099
f 8067 8099 8088
f 8068 8100 8069
f 8069 8100 8101
f 8069 8101 8070
f 8070 8101 8071
f 8071 8102 8103
f 8071 8103 8072
f 8072 8103 8073
f 8073 8103 8074
f 8074 8103 8076
f 8075 8077 8104
f 8075 8104 8078
f 8076 8105 8106
f 8076 8106 8092
f 8076 8092 8091
f 8076 8091 8090
f 8076 8090 8077
f 8076 8103 8105
f 8077 8090 8107
f 8077 8107 8108
f 8077 8108 8104
f 8078 8104 8109
f 8078 8109 8110
f 8078 8110 8079
f 8079 8110 8080
f 8080 8110 8111
f 8080 8111 8081
f 8081 8111 8112
f 8083 8087 8113
f 8083 8113 8114
f 8083 8114 8115
f 8083 8115 8084
f 8084 8115 8116
f 8085 8117 8086
f 8086 8117 8118
f 8086 8118 8087
f 8087 8118 8113
f 8088 8099 8089
f 8089 8099 8107
f 8089 8107 8090
f 8092 8106 8093
f 8093 8106 8119
f 8095 8120 8096
f 8096 8120 8097
f 8097 8120 8121
f 8097 8121 8122
f 8097 8122 8123
f 8097 8123 8124
f 8097 8124 8098
f 8098 8124 8099
f 8099 8124 8125
f 8099 8125 8108
f 8099 8108 8107
f 8102 8126 8106
f 8102 8106 8103
f 8103 8106 8105
f 8104 8108 8109
f 8106 8126 8119
f 8108 8125 8127
f 8108 8127 8109
f 8109 8127 8128
f 8109 8128 8110
f 8110 8128 8111
f 8111 8128 8129
f 8111 8129 8130
f 8111 8130 8118
f 8111 8118 8131
f 8111 8131 8132
f 8111 8132 8112
f 8113 8133 8114
f 8113 8118 8130
f 8113 8130 8129
f 8113 8129 8128
f 8113 8128 8133
f 8114 8134 8115
f 8114 8133 8135
f 8114 8135 8134
f 8115 8134 8136
f 8115 8136 8137
f 8115 8137 8116
f 8117 8131 8118
f 8120 8138 8121
f 8121 8138 8139
f 8121 8139 8122
f 8122 8139 8140
f 8122 8140 8141
f 8122 8141 8123
f 8123 8141 8125
f 8123 8125 8124
f 8125 8141 8142
f 8125 8142 8127
f 8127 8142 8141
f 8127 8141 8135
f 8127 8135 8133
f 8127 8133 8128
f 8134 8140 8136
f 8134 8135 8140
f 8135 8141 8140
f 8136 8140 8139
f 8136 8139 8143
f 8136 8143 8144
f 8136 8144 8145
f 8136 8145 8137
f 8138 8143 8139
f 8146 8147 8153
f 8146 8153 8163
f 8146 8163 8174
f 8146 8174 8195
f 8146 8195 8219
f 8146 8219 8218
f 8146 8218 8217
f 8146 8217 8200
f 8146 8200 8177
f 8146 8177 8165
f 8146 8165 8155
f 8146 8155 8154
f 8146 8154 8148
f 8146 8148 8149
f 8146 8149 8150
f 8146 8150 8151
f 8146 8151 8147
f 8147 8152 8162
f 8147 8162 8161
f 8147 8161 8172
f 8147 8172 8193
f 8147 8193 8215
f 8147 8215 8220
f 8147 8220 8197
f 8147 8197 8196
f 8147 8196 8175
f 8147 8175 8164
f 8147 8164 8153
f 8147 8151 8152
f 8148 8154 8149
f 8149 8154 8155
f 8149 8155 8156
f 8149 8156 8157
f 8149 8157 8158
f 8149 8158 8159
f 8149 8159 8150
f 8150 8159 8151
f 8151 8159 8160
f 8151 8160 8161
f 8151 8161 8162
f 8151 8162 8152
f 8153 8164 8163
f 8155 8165 8166
f 8155 8166 8156
f 8156 8166 8157
f 8157 8167 8168
f 8157 8168 8158
f 8157 8166 8167
f 8158 8168 8169
f 8158 8169 8159
f 8159 8169 8170
f 8159 8170 8160
f 8160 8170 8171
f 8160 8171 8161
f 8161 8171 8172
f 8163 8173 8174
f 8163 8164 8173
f 8164 8175 8176
f 8164 8176 8173
f 8165 8177 8178
f 8165 8178 8166
f 8166 8179 8180
f 8166 8180 8167
f 8166 8178 8181
f 8166 8181 8182
f 8166 8182 8179
f 8167 8180 8183
f 8167 8183 8184
f 8167 8184 8168
f 8168 8184 8185
f 8168 8185 8186
f 8168 8186 8187
f 8168 8187 8169
f 8169 8187 8188
f 8169 8188 8189
f 8169 8189 8190
f 8169 8190 8170
f 8170 8191 8171
f 8170 8190 8192
f 8170 8192 8191
f 8171 8191 8172
f 8172 8191 8193
f 8173 8176 8194
f 8173 8194 8195
f 8173 8195 8174
f 8175 8196 8176
f 8176 8196 8197
f 8176 8197 8198
f 8176 8198 8199
f 8176 8199 8221
f 8176 8221 8235
f 8176 8235 8223
f 8176 8223 8208
f 8176 8208 8185
f 8176 8185 8207
f 8176 8207 8206
f 8176 8206 8205
f 8176 8205 8204
f 8176 8204 8203
f 8176 8203 8202
f 8176 8202 8182
f 8176 8182 8201
f 8176 8201 8216
f 8176 8216 8194
f 8177 8200 8201
f 8177 8201 8178
f 8178 8201 8181
f 8179 8183 8180
f 8179 8182 8202
f 8179 8202 8203
f 8179 8203 8204
f 8179 8204 8205
f 8179 8205 8206
f 8179 8206 8207
f 8179 8207 8185
f 8179 8185 8183
f 8181 8201 8182
f 8183 8185 8184
f 8185 8208 8224
f 8185 8224 8236
f 8185 8236 8233
f 8185 8233 8220
f 8185 8220 8215
f 8185 8215 8232
f 8185 8232 8231
f 8185 8231 8230
f 8185 8230 8229
f 8185 8229 8228
f 8185 8228 8227
f 8185 8227 8226
f 8185 8226 8225
f 8185 8225 8209
f 8185 8209 8210
f 8185 8210 8211
f 8185 8211 8186
f 8186 8211 8187
f 8187 8211 8188
f 8188 8211 8189
f 8189 8210 8212
f 8189 8212 8190
f 8189 8211 8210
f 8190 8212 8213
f 8190 8213 8214
f 8190 8214 8192
f 8191 8192 8193
f 8192 8214 8193
f 8193 8214 8213
f 8193 8213 8215
f 8194 8216 8200
f 8194 8200 8217
f 8194 8217 8218
f 8194 8218 8219
f 8194 8219 8195
f 8197 8220 8198
f 8198 8220 8221
f 8198 8221 8222
f 8198 8222 8199
f 8199 8222 8221
f 8200 8216 8201
f 8208 8223 8224
f 8209 8225 8210
f 8210 8225 8226
f 8210 8226 8227
f 8210 8227 8228
f 8210 8228 8229
f 8210 8229 8212
f 8212 8229 8230
f 8212 8230 8231
f 8212 8231 8232
f 8212 8232 8215
f 8212 8215 8213
f 8220 8233 8234
f 8220 8234 8221
f 8221 8234 8235
f 8223 8235 8234
f 8223 8234 8224
f 8224 8234 8236
f 8233 8236 8234
f 8237 8238 8241
f 8237 8241 8245
f 8237 8245 8250
f 8237 8250 8263
f 8237 8263 8255
f 8237 8255 8247
f 8237 8247 8243
f 8237 8243 8239
f 8237 8239 8244
f 8237 8244 8249
f 8237 8249 8260
f 8237 8260 8279
f 8237 8279 8278
f 8237 8278 8281
f 8237 8281 8267
f 8237 8267 8266
f 8237 8266 8265
f 8237 8265 8264
f 8237 8264 8251
f 8237 8251 8246
f 8237 8246 8242
f 8237 8242 8240
f 8237 8240 8238
f 8238 8240 8242
f 8238 8242 8241
f 8239 8243 8244
f 8241 8242 8245
f 8242 8246 8245
f 8243 8247 8244
f 8244 8248 8258
f 8244 8258 8274
f 8244 8274 8286
f 8244 8286 8287
f 8244 8287 8275
f 8244 8275 8261
f 8244 8261 8249
f 8244 8247 8248
f 8245 8246 8251
f 8245 8251 8252
f 8245 8252 8253
f 8245 8253 8254
f 8245 8254 8272
f 8245 8272 8271
f 8245 8271 8284
f 8245 8284 8285
f 8245 8285 8274
f 8245 8274 8258
f 8245 8258 8273
f 8245 8273 8280
f 8245 8280 8262
f 8245 8262 8250
f 8247 8255 8256
f 8247 8256 8257
f 8247 8257 8258
f 8247 8258 8248
f 8249 8259 8260
f 8249 8261 8259
f 8250 8262 8263
f 8251 8264 8252
f 8252 8264 8265
f 8252 8265 8266
f 8252 8266 8253
f 8253 8267 8268
f 8253 8268 8269
f 8253 8269 8270
f 8253 8270 8271
f 8253 8271 8272
f 8253 8272 8254
f 8253 8266 8267
f 8255 8263 8256
f 8256 8263 8273
f 8256 8273 8258
f 8256 8258 8257
f 8259 8261 8275
f 8259 8275 8276
f 8259 8276 8277
f 8259 8277 8278
f 8259 8278 8279
f 8259 8279 8260
f 8262 8280 8263
f 8263 8280 8273
f 8267 8281 8277
f 8267 8277 8268
f 8268 8277 8282
f 8268 8282 8269
f 8269 8282 8270
f 8270 8282 8271
f 8271 8282 8283
f 8271 8283 8284
f 8274 8285 8286
f 8275 8287 8288
f 8275 8288 8276
f 8276 8288 8283
f 8276 8283 8282
f 8276 8282 8277
f 8277 8281 8278
f 8283 8288 8284
f 8284 8288 8285
f 8285 8288 8286
f 8286 8288 8287
f 8289 8290 8291
f 8289 8291 8292
f 8289 8292 8297
f 8289 8297 8314
f 8289 8314 8321
f 8289 8321 8320
f 8289 8320 8337
f 8289 8337 8338
f 8289 8338 8339
f 8289 8339 8346
f 8289 8346 8364
f 8289 8364 8365
f 8289 8365 8348
f 8289 8348 8329
f 8289 8329 8315
f 8289 8315 8298
f 8289 8298 8293
f 8289 8293 8302
f 8289 8302 8317
f 8289 8317 8331
f 8289 8331 8350
f 8289 8350 8367
f 8289 8367 8372
f 8289 8372 8392
f 8289 8392 8391
f 8289 8391 8390
f 8289 8390 8410
f 8289 8410 8412
f 8289 8412 8411
f 8289 8411 8393
f 8289 8393 8373
f 8289 8373 8356
f 8289 8356 8355
f 8289 8355 8354
f 8289 8354 8334
f 8289 8334 8318
f 8289 8318 8305
f 8289 8305 8304
f 8289 8304 8303
f 8289 8303 8294
f 8289 8294 8290
f 8290 8294 8291
f 8291 8294 8295
f 8291 8295 8296
f 8291 8296 8297
f 8291 8297 8292
f 8293 8298 8299
f 8293 8299 8300
f 8293 8300 8301
f 8293 8301 8302
f 8294 8303 8295
f 8295 8303 8304
f 8295 8304 8305
f 8295 8305 8306
f 8295 8306 8296
f 8296 8307 8308
f 8296 8308 8297
f 8296 8306 8309
f 8296 8309 8310
f 8296 8310 8311
f 8296 8311 8312
f 8296 8312 8313
f 8296 8313 8307
f 8297 8308 8314
f 8298 8315 8316
f 8298 8316 8299
f 8299 8316 8330
f 8299 8330 8349
f 8299 8349 8366
f 8299 8366 8382
f 8299 8382 8404
f 8299 8404 8406
f 8299 8406 8405
f 8299 8405 8383
f 8299 8383 8368
f 8299 8368 8351
f 8299 8351 8332
f 8299 8332 8317
f 8299 8317 8302
f 8299 8302 8301
f 8299 8301 8300
f 8305 8318 8306
f 8306 8318 8319
f 8306 8319 8309
f 8307 8320 8321
f 8307 8321 8314
f 8307 8314 8308
f 8307 8313 8322
f 8307 8322 8320
f 8309 8319 8323
f 8309 8323 8324
f 8309 8324 8325
f 8309 8325 8311
f 8309 8311 8310
f 8311 8325 8312
f 8312 8325 8313
f 8313 8325 8326
f 8313 8326 8327
f 8313 8327 8328
f 8313 8328 8322
f 8315 8329 8330
f 8315 8330 8316
f 8317 8332 8333
f 8317 8333 8331
f 8318 8334 8319
f 8319 8334 8335
f 8319 8335 8336
f 8319 8336 8323
f 8320 8322 8337
f 8322 8338 8337
f 8322 8328 8339
f 8322 8339 8338
f 8323 8336 8340
f 8323 8340 8341
f 8323 8341 8342
f 8323 8342 8324
f 8324 8342 8325
f 8325 8342 8343
f 8325 8343 8344
f 8325 8344 8345
f 8325 8345 8326
f 8326 8346 8327
f 8326 8345 8347
f 8326 8347 8346
f 8327 8346 8328
f 8328 8346 8339
f 8329 8348 8330
f 8330 8348 8349
f 8331 8333 8350
f 8332 8351 8352
f 8332 8352 8333
f 8333 8352 8353
f 8333 8353 8367
f 8333 8367 8350
f 8334 8354 8335
f 8335 8354 8336
f 8336 8354 8355
f 8336 8355 8356
f 8336 8356 8357
f 8336 8357 8340
f 8340 8357 8358
f 8340 8358 8341
f 8341 8343 8342
f 8341 8358 8359
f 8341 8359 8360
f 8341 8360 8361
f 8341 8361 8362
f 8341 8362 8343
f 8343 8362 8345
f 8343 8345 8344
f 8345 8363 8381
f 8345 8381 8402
f 8345 8402 8407
f 8345 8407 8417
f 8345 8417 8416
f 8345 8416 8415
f 8345 8415 8403
f 8345 8403 8382
f 8345 8382 8366
f 8345 8366 8364
f 8345 8364 8346
f 8345 8346 8347
f 8345 8362 8363
f 8348 8365 8366
f 8348 8366 8349
f 8351 8368 8369
f 8351 8369 8352
f 8352 8369 8370
f 8352 8370 8353
f 8353 8370 8371
f 8353 8371 8372
f 8353 8372 8367
f 8356 8373 8357
f 8357 8373 8374
f 8357 8374 8375
f 8357 8375 8376
f 8357 8376 8358
f 8358 8376 8359
f 8359 8376 8377
f 8359 8377 8360
f 8360 8377 8378
f 8360 8378 8379
f 8360 8379 8380
f 8360 8380 8361
f 8361 8380 8362
f 8362 8380 8381
f 8362 8381 8363
f 8364 8366 8365
f 8368 8383 8369
f 8369 8384 8385
f 8369 8385 8386
f 8369 8386 8370
f 8369 8383 8384
f 8370 8386 8387
f 8370 8387 8371
f 8371 8387 8388
f 8371 8388 8389
f 8371 8389 8390
f 8371 8390 8391
f 8371 8391 8392
f 8371 8392 8372
f 8373 8393 8375
f 8373 8375 8374
f 8375 8393 8394
f 8375 8394 8376
f 8376 8395 8377
f 8376 8394 8396
f 8376 8396 8397
f 8376 8397 8395
f 8377 8395 8378
f 8378 8395 8397
f 8378 8397 8398
f 8378 8398 8399
f 8378 8399 8379
f 8379 8400 8380
f 8379 8399 8401
f 8379 8401 8381
f 8379 8381 8400
f 8380 8400 8381
f 8381 8401 8402
f 8382 8403 8404
f 8383 8405 8384
f 8384 8405 8406
f 8384 8406 8407
f 8384 8407 8385
f 8385 8407 8408
f 8385 8408 8386
f 8386 8408 8409
f 8386 8409 8387
f 8387 8409 8388
f 8388 8398 8397
f 8388 8397 8389
f 8388 8409 8398
f 8389 8397 8396
f 8389 8396 8390
f 8390 8396 8410
f 8393 8411 8394
f 8394 8411 8412
f 8394 8412 8410
f 8394 8410 8396
f 8398 8409 8399
f 8399 8409 8413
f 8399 8413 8401
f 8401 8413 8414
f 8401 8414 8402
f 8402 8414 8408
f 8402 8408 8407
f 8403 8415 8404
f 8404 8415 8416
f 8404 8416 8417
f 8404 8417 8406
f 8406 8417 8407
f 8408 8414 8413
f 8408 8413 8409
f 8418 8419 8425
f 8418 8425 8433
f 8418 8433 8448
f 8418 8448 8470
f 8418 8470 8491
f 8418 8491 8515
f 8418 8515 8513
f 8418 8513 8512
f 8418 8512 8518
f 8418 8518 8517
f 8418 8517 8516
f 8418 8516 8492
f 8418 8492 8474
f 8418 8474 8453
f 8418 8453 8452
f 8418 8452 8438
f 8418 8438 8429
f 8418 8429 8426
f 8418 8426 8420
f 8418 8420 8421
f 8418 8421 8422
f 8418 8422 8430
f 8418 8430 8437
f 8418 8437 8435
f 8418 8435 8450
f 8418 8450 8473
f 8418 8473 8481
f 8418 8481 8459
f 8418 8459 8442
f 8418 8442 8431
f 8418 8431 8423
f 8418 8423 8419
f 8419 8423 8424
f 8419 8424 8425
f 8420 8426 8421
f 8421 8427 8428
f 8421 8428 8422
f 8421 8426 8429
f 8421 8429 8427
f 8422 8428 8430
f 8423 8431 8443
f 8423 8443 8461
f 8423 8461 8480
f 8423 8480 8502
f 8423 8502 8501
f 8423 8501 8523
f 8423 8523 8522
f 8423 8522 8521
f 8423 8521 8524
f 8423 8524 8504
f 8423 8504 8484
f 8423 8484 8466
f 8423 8466 8465
f 8423 8465 8464
f 8423 8464 8462
f 8423 8462 8444
f 8423 8444 8432
f 8423 8432 8424
f 8424 8432 8433
f 8424 8433 8425
f 8427 8434 8435
f 8427 8435 8428
f 8427 8429 8436
f 8427 8436 8434
f 8428 8435 8437
f 8428 8437 8430
f 8429 8438 8439
f 8429 8439 8440
f 8429 8440 8441
f 8429 8441 8436
f 8431 8442 8443
f 8432 8444 8433
f 8433 8444 8445
f 8433 8445 8446
f 8433 8446 8447
f 8433 8447 8448
f 8434 8436 8449
f 8434 8449 8435
f 8435 8449 8450
f 8436 8441 8451
f 8436 8451 8449
f 8438 8452 8439
f 8439 8452 8453
f 8439 8453 8454
f 8439 8454 8455
f 8439 8455 8440
f 8440 8456 8457
f 8440 8457 8458
f 8440 8458 8451
f 8440 8451 8441
f 8440 8455 8456
f 8442 8459 8457
f 8442 8457 8460
f 8442 8460 8443
f 8443 8460 8461
f 8444 8462 8446
f 8444 8446 8445
f 8446 8463 8447
f 8446 8462 8464
f 8446 8464 8465
f 8446 8465 8466
f 8446 8466 8467
f 8446 8467 8463
f 8447 8463 8468
f 8447 8468 8448
f 8448 8468 8469
f 8448 8469 8470
f 8449 8471 8450
f 8449 8451 8471
f 8450 8471 8472
f 8450 8472 8473
f 8451 8458 8471
f 8453 8474 8454
f 8454 8474 8475
f 8454 8475 8476
f 8454 8476 8455
f 8455 8476 8477
f 8455 8477 8478
f 8455 8478 8456
f 8456 8478 8457
f 8457 8478 8479
f 8457 8479 8480
f 8457 8480 8461
f 8457 8461 8460
f 8457 8459 8472
f 8457 8472 8458
f 8458 8472 8471
f 8459 8481 8472
f 8463 8482 8468
f 8463 8467 8483
f 8463 8483 8482
f 8466 8484 8467
f 8467 8484 8485
f 8467 8485 8483
f 8468 8482 8486
f 8468 8486 8487
f 8468 8487 8469
f 8469 8487 8488
f 8469 8488 8489
f 8469 8489 8490
f 8469 8490 8491
f 8469 8491 8470
f 8472 8481 8473
f 8474 8492 8475
f 8475 8493 8477
f 8475 8477 8476
f 8475 8492 8494
f 8475 8494 8493
f 8477 8495 8496
f 8477 8496 8497
f 8477 8497 8478
f 8477 8493 8498
f 8477 8498 8499
f 8477 8499 8495
f 8478 8500 8479
f 8478 8497 8496
f 8478 8496 8500
f 8479 8500 8501
f 8479 8501 8502
f 8479 8502 8480
f 8482 8483 8503
f 8482 8503 8486
f 8483 8485 8503
f 8484 8504 8505
f 8484 8505 8485
f 8485 8506 8503
f 8485 8505 8507
f 8485 8507 8499
f 8485 8499 8506
f 8486 8503 8487
f 8487 8508 8489
f 8487 8489 8488
f 8487 8503 8509
f 8487 8509 8510
f 8487 8510 8508
f 8489 8511 8512
f 8489 8512 8513
f 8489 8513 8514
f 8489 8514 8490
f 8489 8508 8494
f 8489 8494 8511
f 8490 8514 8491
f 8491 8514 8515
f 8492 8516 8494
f 8493 8494 8510
f 8493 8510 8498
f 8494 8516 8517
f 8494 8517 8518
f 8494 8518 8512
f 8494 8512 8511
f 8494 8508 8510
f 8495 8499 8519
f 8495 8519 8520
f 8495 8520 8496
f 8496 8520 8521
f 8496 8521 8522
f 8496 8522 8500
f 8498 8510 8506
f 8498 8506 8499
f 8499 8507 8519
f 8500 8523 8501
f 8500 8522 8523
f 8503 8506 8510
f 8503 8510 8509
f 8504 8524 8507
f 8504 8507 8505
f 8507 8524 8520
f 8507 8520 8519
f 8513 8515 8514
f 8520 8524 8521
f 8525 8526 8532
f 8525 8532 8544
f 8525 8544 8561
f 8525 8561 8585
f 8525 8585 8584
f 8525 8584 8583
f 8525 8583 8582
f 8525 8582 8587
f 8525 8587 8563
f 8525 8563 8545
f 8525 8545 8533
f 8525 8533 8527
f 8525 8527 8528
f 8525 8528 8535
f 8525 8535 8548
f 8525 8548 8565
f 8525 8565 8577
f 8525 8577 8575
f 8525 8575 8555
f 8525 8555 8549
f 8525 8549 8536
f 8525 8536 8529
f 8525 8529 8526
f 8526 8529 8530
f 8526 8530 8531
f 8526 8531 8532
f 8527 8533 8534
f 8527 8534 8528
f 8528 8534 8546
f 8528 8546 8562
f 8528 8562 8586
f 8528 8586 8588
f 8528 8588 8608
f 8528 8608 8628
f 8528 8628 8641
f 8528 8641 8623
f 8528 8623 8622
f 8528 8622 8605
f 8528 8605 8604
f 8528 8604 8589
f 8528 8589 8564
f 8528 8564 8547
f 8528 8547 8535
f 8529 8536 8530
f 8530 8537 8538
f 8530 8538 8539
f 8530 8539 8540
f 8530 8540 8531
f 8530 8536 8541
f 8530 8541 8542
f 8530 8542 8537
f 8531 8540 8543
f 8531 8543 8544
f 8531 8544 8532
f 8533 8545 8546
f 8533 8546 8534
f 8535 8547 8548
f 8536 8542 8541
f 8536 8549 8542
f 8537 8542 8550
f 8537 8550 8551
f 8537 8551 8538
f 8538 8551 8552
f 8538 8552 8539
f 8539 8552 8553
f 8539 8553 8554
f 8539 8554 8543
f 8539 8543 8540
f 8542 8549 8555
f 8542 8555 8556
f 8542 8556 8557
f 8542 8557 8558
f 8542 8558 8550
f 8543 8554 8559
f 8543 8559 8560
f 8543 8560 8585
f 8543 8585 8561
f 8543 8561 8544
f 8545 8562 8546
f 8545 8563 8562
f 8547 8564 8548
f 8548 8564 8566
f 8548 8566 8556
f 8548 8556 8565
f 8550 8567 8568
f 8550 8568 8551
f 8550 8558 8569
f 8550 8569 8567
f 8551 8568 8570
f 8551 8570 8571
f 8551 8571 8572
f 8551 8572 8552
f 8552 8572 8573
f 8552 8573 8553
f 8553 8573 8574
f 8553 8574 8559
f 8553 8559 8554
f 8555 8575 8556
f 8556 8576 8558
f 8556 8558 8557
f 8556 8575 8577
f 8556 8577 8565
f 8556 8566 8578
f 8556 8578 8579
f 8556 8579 8576
f 8558 8576 8580
f 8558 8580 8569
f 8559 8574 8581
f 8559 8581 8582
f 8559 8582 8583
f 8559 8583 8584
f 8559 8584 8560
f 8560 8584 8585
f 8562 8563 8586
f 8563 8587 8607
f 8563 8607 8625
f 8563 8625 8642
f 8563 8642 8649
f 8563 8649 8648
f 8563 8648 8647
f 8563 8647 8654
f 8563 8654 8653
f 8563 8653 8652
f 8563 8652 8651
f 8563 8651 8643
f 8563 8643 8626
f 8563 8626 8608
f 8563 8608 8588
f 8563 8588 8586
f 8564 8589 8578
f 8564 8578 8566
f 8567 8590 8568
f 8567 8569 8591
f 8567 8591 8590
f 8568 8590 8570
f 8569 8580 8592
f 8569 8592 8593
f 8569 8593 8594
f 8569 8594 8591
f 8570 8590 8595
f 8570 8595 8571
f 8571 8595 8596
f 8571 8596 8597
f 8571 8597 8598
f 8571 8598 8599
f 8571 8599 8572
f 8572 8599 8573
f 8573 8599 8600
f 8573 8600 8601
f 8573 8601 8574
f 8574 8601 8602
f 8574 8602 8581
f 8576 8579 8580
f 8578 8603 8579
f 8578 8589 8604
f 8578 8604 8605
f 8578 8605 8603
f 8579 8603 8592
f 8579 8592 8580
f 8581 8606 8607
f 8581 8607 8587
f 8581 8587 8582
f 8581 8602 8606
f 8590 8591 8609
f 8590 8609 8595
f 8591 8594 8610
f 8591 8610 8611
f 8591 8611 8612
f 8591 8612 8613
f 8591 8613 8609
f 8592 8603 8614
f 8592 8614 8615
f 8592 8615 8593
f 8593 8615 8594
f 8594 8615 8610
f 8595 8609 8616
f 8595 8616 8617
f 8595 8617 8596
f 8596 8617 8597
f 8597 8617 8618
f 8597 8618 8619
f 8597 8619 8620
f 8597 8620 8607
f 8597 8607 8598
f 8598 8607 8621
f 8598 8621 8600
f 8598 8600 8599
f 8600 8621 8601
f 8601 8621 8602
f 8602 8621 8607
f 8602 8607 8606
f 8603 8605 8622
f 8603 8622 8623
f 8603 8623 8614
f 8607 8618 8624
f 8607 8624 8625
f 8607 8620 8619
f 8607 8619 8618
f 8608 8626 8627
f 8608 8627 8628
f 8609 8613 8616
f 8610 8629 8611
f 8610 8615 8629
f 8611 8629 8630
f 8611 8630 8631
f 8611 8631 8632
f 8611 8632 8633
f 8611 8633 8613
f 8611 8613 8612
f 8613 8633 8634
f 8613 8634 8635
f 8613 8635 8636
f 8613 8636 8637
f 8613 8637 8617
f 8613 8617 8616
f 8614 8638 8639
f 8614 8639 8615
f 8614 8623 8638
f 8615 8639 8629
f 8617 8637 8618
f 8618 8637 8640
f 8618 8640 8624
f 8623 8641 8638
f 8624 8640 8625
f 8625 8640 8642
f 8626 8643 8627
f 8627 8643 8630
f 8627 8630 8638
f 8627 8638 8641
f 8627 8641 8628
f 8629 8639 8630
f 8630 8639 8638
f 8630 8643 8644
f 8630 8644 8645
f 8630 8645 8631
f 8631 8645 8632
f 8632 8645 8646
f 8632 8646 8633
f 8633 8646 8634
f 8634 8646 8647
f 8634 8647 8635
f 8635 8647 8648
f 8635 8648 8649
f 8635 8649 8650
f 8635 8650 8636
f 8636 8650 8637
f 8637 8650 8640
f 8640 8650 8642
f 8642 8650 8649
f 8643 8651 8644
f 8644 8651 8652
f 8644 8652 8645
f 8645 8652 8653
f 8645 8653 8654
f 8645 8654 8646
f 8646 8654 8647
f 8655 8656 8659
f 8655 8659 8664
f 8655 8664 8677
f 8655 8677 8690
f 8655 8690 8676
f 8655 8676 8675
f 8655 8675 8673
f 8655 8673 8662
f 8655 8662 8657
f 8655 8657 8663
f 8655 8663 8674
f 8655 8674 8689
f 8655 8689 8692
f 8655 8692 8697
f 8655 8697 8693
f 8655 8693 8681
f 8655 8681 8665
f 8655 8665 8660
f 8655 8660 8658
f 8655 8658 8656
f 8656 8658 8660
f 8656 8660 8661
f 8656 8661 8659
f 8657 8662 8663
f 8659 8661 8664
f 8660 8665 8661
f 8661 8666 8667
f 8661 8667 8668
f 8661 8668 8669
f 8661 8669 8664
f 8661 8665 8670
f 8661 8670 8671
f 8661 8671 8672
f 8661 8672 8666
f 8662 8673 8663
f 8663 8673 8675
f 8663 8675 8676
f 8663 8676 8674
f 8664 8669 8668
f 8664 8668 8678
f 8664 8678 8679
f 8664 8679 8667
f 8664 8667 8680
f 8664 8680 8677
f 8665 8681 8670
f 8666 8672 8667
f 8667 8682 8677
f 8667 8677 8680
f 8667 8679 8668
f 8667 8672 8683
f 8667 8683 8684
f 8667 8684 8682
f 8668 8679 8678
f 8670 8681 8685
f 8670 8685 8671
f 8671 8685 8686
f 8671 8686 8687
f 8671 8687 8672
f 8672 8687 8688
f 8672 8688 8683
f 8674 8676 8689
f 8676 8690 8703
f 8676 8703 8699
f 8676 8699 8685
f 8676 8685 8698
f 8676 8698 8707
f 8676 8707 8708
f 8676 8708 8704
f 8676 8704 8691
f 8676 8691 8692
f 8676 8692 8689
f 8677 8682 8684
f 8677 8684 8690
f 8681 8693 8694
f 8681 8694 8685
f 8683 8688 8695
f 8683 8695 8684
f 8684 8695 8696
f 8684 8696 8690
f 8685 8697 8692
f 8685 8692 8705
f 8685 8705 8709
f 8685 8709 8713
f 8685 8713 8712
f 8685 8712 8711
f 8685 8711 8710
f 8685 8710 8706
f 8685 8706 8698
f 8685 8699 8700
f 8685 8700 8688
f 8685 8688 8687
f 8685 8687 8686
f 8685 8694 8693
f 8685 8693 8697
f 8688 8700 8695
f 8690 8696 8701
f 8690 8701 8702
f 8690 8702 8703
f 8691 8704 8692
f 8692 8704 8705
f 8695 8700 8701
f 8695 8701 8696
f 8698 8706 8707
f 8699 8703 8702
f 8699 8702 8700
f 8700 8702 8701
f 8704 8708 8709
f 8704 8709 8705
f 8706 8710 8707
f 8707 8710 8708
f 8708 8710 8711
f 8708 8711 8712
f 8708 8712 8713
f 8708 8713 8709
f 8714 8715 8719
f 8714 8719 8735
f 8714 8735 8748
f 8714 8748 8750
f 8714 8750 8749
f 8714 8749 8738
f 8714 8738 8721
f 8714 8721 8716
f 8714 8716 8733
f 8714 8733 8744
f 8714 8744 8755
f 8714 8755 8765
f 8714 8765 8764
f 8714 8764 8763
f 8714 8763 8760
f 8714 8760 8747
f 8714 8747 8746
f 8714 8746 8737
f 8714 8737 8720
f 8714 8720 8717
f 8714 8717 8715
f 8715 8718 8734
f 8715 8734 8745
f 8715 8745 8759
f 8715 8759 8768
f 8715 8768 8767
f 8715 8767 8769
f 8715 8769 8761
f 8715 8761 8751
f 8715 8751 8741
f 8715 8741 8723
f 8715 8723 8722
f 8715 8722 8740
f 8715 8740 8739
f 8715 8739 8736
f 8715 8736 8719
f 8715 8717 8720
f 8715 8720 8718
f 8716 8721 8722
f 8716 8722 8723
f 8716 8723 8724
f 8716 8724 8725
f 8716 8725 8726
f 8716 8726 8727
f 8716 8727 8728
f 8716 8728 8729
f 8716 8729 8730
f 8716 8730 8731
f 8716 8731 8732
f 8716 8732 8733
f 8718 8720 8734
f 8719 8736 8735
f 8720 8737 8734
f 8721 8738 8739
f 8721 8739 8740
f 8721 8740 8722
f 8723 8741 8752
f 8723 8752 8753
f 8723 8753 8742
f 8723 8742 8729
f 8723 8729 8728
f 8723 8728 8727
f 8723 8727 8726
f 8723 8726 8725
f 8723 8725 8724
f 8729 8742 8731
f 8729 8731 8730
f 8731 8742 8732
f 8732 8742 8743
f 8732 8743 8744
f 8732 8744 8733
f 8734 8737 8746
f 8734 8746 8747
f 8734 8747 8745
f 8735 8736 8748
f 8736 8739 8748
f 8738 8749 8739
f 8739 8749 8750
f 8739 8750 8748
f 8741 8751 8752
f 8742 8753 8743
f 8743 8753 8754
f 8743 8754 8755
f 8743 8755 8744
f 8745 8747 8756
f 8745 8756 8757
f 8745 8757 8758
f 8745 8758 8759
f 8747 8760 8753
f 8747 8753 8752
f 8747 8752 8762
f 8747 8762 8766
f 8747 8766 8758
f 8747 8758 8757
f 8747 8757 8756
f 8751 8761 8752
f 8752 8761 8762
f 8753 8760 8763
f 8753 8763 8764
f 8753 8764 8754
f 8754 8765 8755
f 8754 8764 8765
f 8758 8766 8767
f 8758 8767 8768
f 8758 8768 8759
f 8761 8769 8762
f 8762 8769 8767
f 8762 8767 8766
f 8770 8771 8775
f 8770 8775 8784
f 8770 8784 8788
f 8770 8788 8803
f 8770 8803 8827
f 8770 8827 8851
f 8770 8851 8830
f 8770 8830 8805
f 8770 8805 8790
f 8770 8790 8777
f 8770 8777 8772
f 8770 8772 8778
f 8770 8778 8791
f 8770 8791 8808
f 8770 8808 8835
f 8770 8835 8836
f 8770 8836 8809
f 8770 8809 8792
f 8770 8792 8779
f 8770 8779 8773
f 8770 8773 8774
f 8770 8774 8771
f 8771 8774 8776
f 8771 8776 8775
f 8772 8777 8778
f 8773 8779 8780
f 8773 8780 8774
f 8774 8780 8781
f 8774 8781 8782
f 8774 8782 8783
f 8774 8783 8776
f 8775 8776 8784
f 8776 8783 8785
f 8776 8785 8786
f 8776 8786 8787
f 8776 8787 8788
f 8776 8788 8784
f 8777 8789 8778
f 8777 8790 8806
f 8777 8806 8832
f 8777 8832 8853
f 8777 8853 8852
f 8777 8852 8854
f 8777 8854 8856
f 8777 8856 8850
f 8777 8850 8844
f 8777 8844 8843
f 8777 8843 8847
f 8777 8847 8846
f 8777 8846 8845
f 8777 8845 8841
f 8777 8841 8840
f 8777 8840 8829
f 8777 8829 8804
f 8777 8804 8789
f 8778 8789 8804
f 8778 8804 8828
f 8778 8828 8815
f 8778 8815 8839
f 8778 8839 8855
f 8778 8855 8833
f 8778 8833 8807
f 8778 8807 8791
f 8779 8792 8780
f 8780 8792 8793
f 8780 8793 8781
f 8781 8793 8794
f 8781 8794 8782
f 8782 8795 8783
f 8782 8794 8796
f 8782 8796 8797
f 8782 8797 8795
f 8783 8795 8785
f 8785 8795 8797
f 8785 8797 8796
f 8785 8796 8798
f 8785 8798 8799
f 8785 8799 8786
f 8786 8800 8801
f 8786 8801 8787
f 8786 8799 8800
f 8787 8801 8802
f 8787 8802 8788
f 8788 8802 8803
f 8790 8805 8806
f 8791 8807 8808
f 8792 8809 8810
f 8792 8810 8793
f 8793 8810 8794
f 8794 8810 8811
f 8794 8811 8812
f 8794 8812 8813
f 8794 8813 8796
f 8796 8813 8814
f 8796 8814 8815
f 8796 8815 8816
f 8796 8816 8817
f 8796 8817 8818
f 8796 8818 8798
f 8798 8818 8799
f 8799 8818 8819
f 8799 8819 8820
f 8799 8820 8800
f 8800 8821 8801
f 8800 8820 8822
f 8800 8822 8821
f 8801 8821 8823
f 8801 8823 8824
f 8801 8824 8825
f 8801 8825 8826
f 8801 8826 8803
f 8801 8803 8802
f 8803 8826 8827
f 8804 8829 8817
f 8804 8817 8828
f 8805 8830 8831
f 8805 8831 8832
f 8805 8832 8806
f 8807 8833 8834
f 8807 8834 8808
f 8808 8834 8835
f 8809 8836 8811
f 8809 8811 8810
f 8811 8835 8812
f 8811 8836 8835
f 8812 8835 8837
f 8812 8837 8838
f 8812 8838 8813
f 8813 8838 8839
f 8813 8839 8814
f 8814 8839 8815
f 8815 8828 8817
f 8815 8817 8816
f 8817 8840 8841
f 8817 8841 8819
f 8817 8819 8818
f 8817 8829 8840
f 8819 8842 8822
f 8819 8822 8820
f 8819 8841 8842
f 8821 8822 8843
f 8821 8843 8844
f 8821 8844 8823
f 8822 8842 8845
f 8822 8845 8846
f 8822 8846 8847
f 8822 8847 8843
f 8823 8848 8849
f 8823 8849 8824
f 8823 8844 8850
f 8823 8850 8848
f 8824 8849 8825
f 8825 8849 8826
f 8826 8849 8827
f 8827 8849 8851
f 8830 8851 8849
f 8830 8849 8831
f 8831 8852 8853
f 8831 8853 8832
f 8831 8849 8848
f 8831 8848 8854
f 8831 8854 8852
f 8833 8855 8837
f 8833 8837 8834
f 8834 8837 8835
f 8837 8855 8838
f 8838 8855 8839
f 8841 8845 8842
f 8848 8850 8856
f 8848 8856 8854
f 8857 8858 8859
f 8857 8859 8864
f 8857 8864 8872
f 8857 8872 8886
f 8857 8886 8879
f 8857 8879 8878
f 8857 8878 8877
f 8857 8877 8873
f 8857 8873 8865
f 8857 8865 8860
f 8857 8860 8866
f 8857 8866 8876
f 8857 8876 8892
f 8857 8892 8905
f 8857 8905 8904
f 8857 8904 8909
f 8857 8909 8897
f 8857 8897 8893
f 8857 8893 8882
f 8857 8882 8881
f 8857 8881 8885
f 8857 8885 8880
f 8857 8880 8868
f 8857 8868 8863
f 8857 8863 8858
f 8858 8861 8862
f 8858 8862 8859
f 8858 8863 8861
f 8859 8862 8861
f 8859 8861 8867
f 8859 8867 8870
f 8859 8870 8869
f 8859 8869 8884
f 8859 8884 8899
f 8859 8899 8910
f 8859 8910 8911
f 8859 8911 8901
f 8859 8901 8889
f 8859 8889 8887
f 8859 8887 8874
f 8859 8874 8871
f 8859 8871 8864
f 8860 8865 8866
f 8861 8863 8867
f 8863 8868 8869
f 8863 8869 8870
f 8863 8870 8867
f 8864 8871 8872
f 8865 8873 8866
f 8866 8874 8875
f 8866 8875 8888
f 8866 8888 8900
f 8866 8900 8910
f 8866 8910 8899
f 8866 8899 8898
f 8866 8898 8908
f 8866 8908 8907
f 8866 8907 8906
f 8866 8906 8902
f 8866 8902 8890
f 8866 8890 8876
f 8866 8873 8877
f 8866 8877 8878
f 8866 8878 8879
f 8866 8879 8874
f 8868 8880 8869
f 8869 8881 8882
f 8869 8882 8883
f 8869 8883 8884
f 8869 8880 8885
f 8869 8885 8881
f 8871 8879 8886
f 8871 8886 8872
f 8871 8874 8879
f 8874 8887 8875
f 8875 8887 8889
f 8875 8889 8888
f 8876 8890 8891
f 8876 8891 8892
f 8882 8893 8883
f 8883 8894 8895
f 8883 8895 8896
f 8883 8896 8884
f 8883 8893 8897
f 8883 8897 8894
f 8884 8896 8898
f 8884 8898 8899
f 8888 8889 8901
f 8888 8901 8900
f 8890 8902 8894
f 8890 8894 8891
f 8891 8894 8903
f 8891 8903 8904
f 8891 8904 8905
f 8891 8905 8892
f 8894 8902 8906
f 8894 8906 8907
f 8894 8907 8895
f 8894 8897 8903
f 8895 8907 8908
f 8895 8908 8898
f 8895 8898 8896
f 8897 8909 8903
f 8900 8901 8911
f 8900 8911 8910
f 8903 8909 8904
f 8912 8913 8917
f 8912 8917 8922
f 8912 8922 8930
f 8912 8930 8944
f 8912 8944 8960
f 8912 8960 8970
f 8912 8970 8951
f 8912 8951 8934
f 8912 8934 8924
f 8912 8924 8918
f 8912 8918 8914
f 8912 8914 8919
f 8912 8919 8926
f 8912 8926 8940
f 8912 8940 8956
f 8912 8956 8957
f 8912 8957 8942
f 8912 8942 8929
f 8912 8929 8921
f 8912 8921 8915
f 8912 8915 8913
f 8913 8915 8916
f 8913 8916 8920
f 8913 8920 8928
f 8913 8928 8943
f 8913 8943 8959
f 8913 8959 8977
f 8913 8977 8978
f 8913 8978 8961
f 8913 8961 8945
f 8913 8945 8931
f 8913 8931 8923
f 8913 8923 8917
f 8914 8918 8919
f 8915 8920 8916
f 8915 8921 8920
f 8917 8923 8922
f 8918 8924 8925
f 8918 8925 8919
f 8919 8925 8926
f 8920 8921 8927
f 8920 8927 8928
f 8921 8929 8927
f 8922 8923 8930
f 8923 8931 8932
f 8923 8932 8933
f 8923 8933 8930
f 8924 8934 8935
f 8924 8935 8925
f 8925 8935 8936
f 8925 8936 8937
f 8925 8937 8926
f 8926 8937 8938
f 8926 8938 8939
f 8926 8939 8940
f 8927 8929 8941
f 8927 8941 8942
f 8927 8942 8957
f 8927 8957 8975
f 8927 8975 8989
f 8927 8989 8996
f 8927 8996 8997
f 8927 8997 8995
f 8927 8995 8994
f 8927 8994 8993
f 8927 8993 8992
f 8927 8992 8985
f 8927 8985 8982
f 8927 8982 8981
f 8927 8981 8979
f 8927 8979 8976
f 8927 8976 8958
f 8927 8958 8943
f 8927 8943 8928
f 8929 8942 8941
f 8930 8933 8932
f 8930 8932 8944
f 8931 8945 8946
f 8931 8946 8932
f 8932 8946 8947
f 8932 8947 8948
f 8932 8948 8949
f 8932 8949 8950
f 8932 8950 8944
f 8934 8951 8952
f 8934 8952 8936
f 8934 8936 8935
f 8936 8952 8937
f 8937 8952 8953
f 8937 8953 8938
f 8938 8953 8954
f 8938 8954 8955
f 8938 8955 8956
f 8938 8956 8939
f 8939 8956 8940
f 8943 8958 8959
f 8944 8950 8960
f 8945 8961 8962
f 8945 8962 8946
f 8946 8962 8947
f 8947 8962 8963
f 8947 8963 8964
f 8947 8964 8948
f 8948 8965 8949
f 8948 8964 8966
f 8948 8966 8967
f 8948 8967 8965
f 8949 8952 8968
f 8949 8968 8950
f 8949 8965 8969
f 8949 8969 8952
f 8950 8968 8960
f 8951 8970 8971
f 8951 8971 8952
f 8952 8971 8968
f 8952 8969 8972
f 8952 8972 8973
f 8952 8973 8974
f 8952 8974 8953
f 8953 8974 8954
f 8954 8974 8957
f 8954 8957 8955
f 8955 8957 8956
f 8957 8974 8975
f 8958 8976 8962
f 8958 8962 8959
f 8959 8962 8977
f 8960 8968 8970
f 8961 8978 8962
f 8962 8978 8977
f 8962 8976 8979
f 8962 8979 8980
f 8962 8980 8963
f 8963 8980 8964
f 8964 8980 8981
f 8964 8981 8982
f 8964 8982 8966
f 8965 8967 8983
f 8965 8983 8984
f 8965 8984 8972
f 8965 8972 8969
f 8966 8982 8985
f 8966 8985 8967
f 8967 8985 8986
f 8967 8986 8983
f 8968 8971 8970
f 8972 8984 8973
f 8973 8984 8987
f 8973 8987 8974
f 8974 8987 8988
f 8974 8988 8975
f 8975 8988 8989
f 8979 8981 8980
f 8983 8986 8990
f 8983 8990 8984
f 8984 8988 8987
f 8984 8990 8991
f 8984 8991 8989
f 8984 8989 8988
f 8985 8992 8986
f 8986 8992 8993
f 8986 8993 8994
f 8986 8994 8995
f 8986 8995 8990
f 8989 8991 8996
f 8990 8995 8997
f 8990 8997 8996
f 8990 8996 8991
f 8998 8999 9003
f 8998 9003 9012
f 8998 9012 9024
f 8998 9024 9039
f 8998 9039 9043
f 8998 9043 9042
f 8998 9042 9041
f 8998 9041 9059
f 8998 9059 9076
f 8998 9076 9061
f 8998 9061 9045
f 8998 9045 9028
f 8998 9028 9015
f 8998 9015 9006
f 8998 9006 9000
f 8998 9000 9007
f 8998 9007 9020
f 8998 9020 9033
f 8998 9033 9052
f 8998 9052 9053
f 8998 9053 9035
f 8998 9035 9034
f 8998 9034 9021
f 8998 9021 9008
f 8998 9008 9001
f 8998 9001 9002
f 8998 9002 8999
f 8999 9002 9004
f 8999 9004 9005
f 8999 9005 9003
f 9000 9006 9007
f 9001 9008 9009
f 9001 9009 9002
f 9002 9009 9010
f 9002 9010 9005
f 9002 9005 9011
f 9002 9011 9004
f 9003 9005 9013
f 9003 9013 9012
f 9004 9011 9005
f 9005 9010 9014
f 9005 9014 9013
f 9006 9015 9017
f 9006 9017 9016
f 9006 9016 9007
f 9007 9017 9018
f 9007 9018 9019
f 9007 9019 9031
f 9007 9031 9030
f 9007 9030 9048
f 9007 9048 9066
f 9007 9066 9077
f 9007 9077 9084
f 9007 9084 9080
f 9007 9080 9078
f 9007 9078 9069
f 9007 9069 9068
f 9007 9068 9051
f 9007 9051 9032
f 9007 9032 9020
f 9007 9016 9017
f 9008 9021 9009
f 9009 9021 9022
f 9009 9022 9023
f 9009 9023 9014
f 9009 9014 9010
f 9012 9013 9025
f 9012 9025 9024
f 9013 9014 9026
f 9013 9026 9025
f 9014 9023 9027
f 9014 9027 9025
f 9014 9025 9026
f 9015 9028 9029
f 9015 9029 9030
f 9015 9030 9017
f 9017 9030 9031
f 9017 9031 9019
f 9017 9019 9018
f 9020 9032 9033
f 9021 9034 9022
f 9022 9034 9035
f 9022 9035 9036
f 9022 9036 9037
f 9022 9037 9023
f 9023 9037 9038
f 9023 9038 9027
f 9024 9025 9039
f 9025 9027 9040
f 9025 9040 9041
f 9025 9041 9042
f 9025 9042 9043
f 9025 9043 9039
f 9027 9038 9044
f 9027 9044 9040
f 9028 9045 9030
f 9028 9030 9029
f 9030 9046 9047
f 9030 9047 9048
f 9030 9045 9049
f 9030 9049 9050
f 9030 9050 9046
f 9032 9051 9052
f 9032 9052 9033
f 9035 9053 9036
f 9036 9053 9054
f 9036 9054 9055
f 9036 9055 9037
f 9037 9055 9056
f 9037 9056 9038
f 9038 9056 9057
f 9038 9057 9044
f 9040 9044 9058
f 9040 9058 9041
f 9041 9058 9060
f 9041 9060 9059
f 9044 9057 9058
f 9045 9061 9049
f 9046 9062 9047
f 9046 9050 9063
f 9046 9063 9064
f 9046 9064 9062
f 9047 9065 9048
f 9047 9062 9065
f 9048 9065 9066
f 9049 9061 9067
f 9049 9067 9050
f 9050 9067 9063
f 9051 9068 9052
f 9052 9068 9069
f 9052 9069 9070
f 9052 9070 9053
f 9053 9070 9054
f 9054 9070 9071
f 9054 9071 9055
f 9055 9071 9056
f 9056 9071 9072
f 9056 9072 9073
f 9056 9073 9074
f 9056 9074 9057
f 9057 9074 9058
f 9058 9074 9075
f 9058 9075 9065
f 9058 9065 9060
f 9059 9067 9076
f 9059 9060 9067
f 9060 9065 9062
f 9060 9062 9067
f 9061 9076 9067
f 9062 9064 9067
f 9063 9067 9064
f 9065 9075 9074
f 9065 9074 9066
f 9066 9074 9077
f 9069 9078 9070
f 9070 9079 9071
f 9070 9078 9080
f 9070 9080 9081
f 9070 9081 9082
f 9070 9082 9079
f 9071 9079 9073
f 9071 9073 9072
f 9073 9083 9082
f 9073 9082 9074
f 9073 9079 9083
f 9074 9082 9084
f 9074 9084 9085
f 9074 9085 9077
f 9077 9085 9084
f 9079 9082 9083
f 9080 9084 9082
f 9080 9082 9081
f 9086 9087 9095
f 9086 9095 9105
f 9086 9105 9118
f 9086 9118 9131
f 9086 9131 9150
f 9086 9150 9170
f 9086 9170 9182
f 9086 9182 9172
f 9086 9172 9171
f 9086 9171 9155
f 9086 9155 9137
f 9086 9137 9136
f 9086 9136 9121
f 9086 9121 9108
f 9086 9108 9107
f 9086 9107 9098
f 9086 9098 9096
f 9086 9096 9088
f 9086 9088 9089
f 9086 9089 9097
f 9086 9097 9106
f 9086 9106 9119
f 9086 9119 9132
f 9086 9132 9151
f 9086 9151 9138
f 9086 9138 9123
f 9086 9123 9111
f 9086 9111 9100
f 9086 9100 9090
f 9086 9090 9087
f 9087 9090 9091
f 9087 9091 9092
f 9087 9092 9093
f 9087 9093 9094
f 9087 9094 9095
f 9088 9096 9089
f 9089 9096 9098
f 9089 9098 9099
f 9089 9099 9097
f 9090 9100 9112
f 9090 9112 9126
f 9090 9126 9140
f 9090 9140 9158
f 9090 9158 9176
f 9090 9176 9184
f 9090 9184 9185
f 9090 9185 9179
f 9090 9179 9163
f 9090 9163 9147
f 9090 9147 9145
f 9090 9145 9144
f 9090 9144 9142
f 9090 9142 9127
f 9090 9127 9113
f 9090 9113 9101
f 9090 9101 9093
f 9090 9093 9092
f 9090 9092 9091
f 9093 9101 9102
f 9093 9102 9094
f 9094 9102 9104
f 9094 9104 9103
f 9094 9103 9095
f 9095 9103 9104
f 9095 9104 9105
f 9097 9099 9106
f 9098 9107 9099
f 9099 9107 9108
f 9099 9108 9109
f 9099 9109 9110
f 9099 9110 9106
f 9100 9111 9112
f 9101 9113 9114
f 9101 9114 9115
f 9101 9115 9116
f 9101 9116 9102
f 9102 9116 9117
f 9102 9117 9104
f 9104 9117 9118
f 9104 9118 9105
f 9106 9110 9120
f 9106 9120 9119
f 9108 9121 9109
f 9109 9120 9110
f 9109 9121 9122
f 9109 9122 9120
f 9111 9123 9124
f 9111 9124 9112
f 9112 9124 9125
f 9112 9125 9126
f 9113 9127 9114
f 9114 9128 9129
f 9114 9129 9115
f 9114 9127 9142
f 9114 9142 9128
f 9115 9129 9130
f 9115 9130 9116
f 9116 9130 9131
f 9116 9131 9118
f 9116 9118 9117
f 9119 9120 9132
f 9120 9133 9132
f 9120 9122 9134
f 9120 9134 9135
f 9120 9135 9133
f 9121 9136 9122
f 9122 9136 9137
f 9122 9137 9134
f 9123 9138 9124
f 9124 9133 9139
f 9124 9139 9125
f 9124 9138 9133
f 9125 9140 9126
f 9125 9139 9141
f 9125 9141 9140
f 9128 9143 9129
f 9128 9142 9144
f 9128 9144 9145
f 9128 9145 9146
f 9128 9146 9147
f 9128 9147 9148
f 9128 9148 9143
f 9129 9143 9149
f 9129 9149 9130
f 9130 9149 9150
f 9130 9150 9131
f 9132 9133 9151
f 9133 9138 9151
f 9133 9135 9152
f 9133 9152 9139
f 9134 9152 9135
f 9134 9137 9153
f 9134 9153 9154
f 9134 9154 9152
f 9137 9155 9153
f 9139 9152 9141
f 9140 9141 9156
f 9140 9156 9157
f 9140 9157 9158
f 9141 9152 9159
f 9141 9159 9160
f 9141 9160 9156
f 9143 9148 9161
f 9143 9161 9162
f 9143 9162 9149
f 9145 9147 9146
f 9147 9163 9148
f 9148 9163 9164
f 9148 9164 9161
f 9149 9162 9165
f 9149 9165 9166
f 9149 9166 9150
f 9150 9166 9167
f 9150 9167 9168
f 9150 9168 9169
f 9150 9169 9170
f 9152 9154 9159
f 9153 9155 9171
f 9153 9171 9154
f 9154 9171 9172
f 9154 9172 9169
f 9154 9169 9168
f 9154 9168 9159
f 9156 9173 9157
f 9156 9160 9173
f 9157 9173 9174
f 9157 9174 9175
f 9157 9175 9158
f 9158 9175 9176
f 9159 9168 9167
f 9159 9167 9166
f 9159 9166 9160
f 9160 9166 9173
f 9161 9164 9162
f 9162 9164 9177
f 9162 9177 9178
f 9162 9178 9165
f 9163 9179 9180
f 9163 9180 9164
f 9164 9180 9181
f 9164 9181 9177
f 9165 9178 9166
f 9166 9178 9173
f 9169 9172 9182
f 9169 9182 9170
f 9173 9178 9181
f 9173 9181 9180
f 9173 9180 9174
f 9174 9183 9175
f 9174 9180 9183
f 9175 9183 9176
f 9176 9183 9184
f 9177 9181 9178
f 9179 9185 9186
f 9179 9186 9180
f 9180 9186 9183
f 9183 9186 9185
f 9183 9185 9184
f 9187 9188 9193
f 9187 9193 9205
f 9187 9205 9212
f 9187 9212 9218
f 9187 9218 9229
f 9187 9229 9228
f 9187 9228 9227
f 9187 9227 9226
f 9187 9226 9233
f 9187 9233 9232
f 9187 9232 9231
f 9187 9231 9239
f 9187 9239 9240
f 9187 9240 9241
f 9187 9241 9236
f 9187 9236 9234
f 9187 9234 9224
f 9187 9224 9223
f 9187 9223 9222
f 9187 9222 9221
f 9187 9221 9220
f 9187 9220 9214
f 9187 9214 9207
f 9187 9207 9195
f 9187 9195 9189
f 9187 9189 9194
f 9187 9194 9206
f 9187 9206 9211
f 9187 9211 9203
f 9187 9203 9190
f 9187 9190 9191
f 9187 9191 9192
f 9187 9192 9188
f 9188 9192 9193
f 9189 9195 9196
f 9189 9196 9197
f 9189 9197 9198
f 9189 9198 9199
f 9189 9199 9200
f 9189 9200 9201
f 9189 9201 9202
f 9189 9202 9194
f 9190 9203 9210
f 9190 9210 9209
f 9190 9209 9208
f 9190 9208 9216
f 9190 9216 9215
f 9190 9215 9225
f 9190 9225 9235
f 9190 9235 9238
f 9190 9238 9237
f 9190 9237 9230
f 9190 9230 9219
f 9190 9219 9213
f 9190 9213 9204
f 9190 9204 9191
f 9191 9204 9192
f 9192 9204 9205
f 9192 9205 9193
f 9194 9202 9206
f 9195 9207 9216
f 9195 9216 9208
f 9195 9208 9199
f 9195 9199 9198
f 9195 9198 9197
f 9195 9197 9196
f 9199 9208 9200
f 9200 9208 9202
f 9200 9202 9201
f 9202 9208 9209
f 9202 9209 9210
f 9202 9210 9203
f 9202 9203 9211
f 9202 9211 9206
f 9204 9212 9205
f 9204 9213 9212
f 9207 9214 9215
f 9207 9215 9216
f 9212 9213 9217
f 9212 9217 9218
f 9213 9219 9217
f 9214 9220 9215
f 9215 9220 9221
f 9215 9221 9222
f 9215 9222 9223
f 9215 9223 9224
f 9215 9224 9225
f 9217 9219 9226
f 9217 9226 9227
f 9217 9227 9228
f 9217 9228 9229
f 9217 9229 9218
f 9219 9230 9231
f 9219 9231 9232
f 9219 9232 9233
f 9219 9233 9226
f 9224 9234 9225
f 9225 9234 9236
f 9225 9236 9235
f 9230 9237 9231
f 9231 9237 9238
f 9231 9238 9239
f 9235 9240 9239
f 9235 9239 9238
f 9235 9236 9241
f 9235 9241 9240
f 9242 9243 9244
f 9242 9244 9247
f 9242 9247 9253
f 9242 9253 9261
f 9242 9261 9272
f 9242 9272 9285
f 9242 9285 9291
f 9242 9291 9277
f 9242 9277 9267
f 9242 9267 9255
f 9242 9255 9249
f 9242 9249 9245
f 9242 9245 9251
f 9242 9251 9259
f 9242 9259 9270
f 9242 9270 9282
f 9242 9282 9299
f 9242 9299 9288
f 9242 9288 9276
f 9242 9276 9266
f 9242 9266 9265
f 9242 9265 9260
f 9242 9260 9252
f 9242 9252 9246
f 9242 9246 9243
f 9243 9246 9244
f 9244 9246 9248
f 9244 9248 9247
f 9245 9249 9250
f 9245 9250 9251
f 9246 9252 9248
f 9247 9248 9252
f 9247 9252 9254
f 9247 9254 9253
f 9249 9255 9268
f 9249 9268 9280
f 9249 9280 9293
f 9249 9293 9310
f 9249 9310 9316
f 9249 9316 9315
f 9249 9315 9312
f 9249 9312 9297
f 9249 9297 9281
f 9249 9281 9269
f 9249 9269 9258
f 9249 9258 9257
f 9249 9257 9256
f 9249 9256 9250
f 9250 9256 9251
f 9251 9256 9257
f 9251 9257 9258
f 9251 9258 9259
f 9252 9260 9254
f 9253 9254 9262
f 9253 9262 9263
f 9253 9263 9261
f 9254 9264 9262
f 9254 9260 9265
f 9254 9265 9266
f 9254 9266 9264
f 9255 9267 9268
f 9258 9269 9259
f 9259 9269 9270
f 9261 9263 9262
f 9261 9262 9264
f 9261 9264 9271
f 9261 9271 9272
f 9264 9273 9271
f 9264 9266 9274
f 9264 9274 9275
f 9264 9275 9273
f 9266 9276 9274
f 9267 9277 9278
f 9267 9278 9268
f 9268 9278 9279
f 9268 9279 9280
f 9269 9281 9296
f 9269 9296 9311
f 9269 9311 9305
f 9269 9305 9298
f 9269 9298 9282
f 9269 9282 9270
f 9271 9273 9283
f 9271 9283 9284
f 9271 9284 9272
f 9272 9284 9285
f 9273 9275 9283
f 9274 9286 9287
f 9274 9287 9275
f 9274 9276 9288
f 9274 9288 9289
f 9274 9289 9286
f 9275 9287 9290
f 9275 9290 9283
f 9277 9291 9278
f 9278 9291 9279
f 9279 9284 9292
f 9279 9292 9293
f 9279 9293 9280
f 9279 9291 9285
f 9279 9285 9284
f 9281 9294 9295
f 9281 9295 9296
f 9281 9297 9294
f 9282 9298 9299
f 9283 9290 9300
f 9283 9300 9301
f 9283 9301 9284
f 9284 9301 9292
f 9286 9302 9290
f 9286 9290 9287
f 9286 9289 9288
f 9286 9288 9303
f 9286 9303 9304
f 9286 9304 9302
f 9288 9299 9305
f 9288 9305 9303
f 9290 9306 9300
f 9290 9302 9304
f 9290 9304 9307
f 9290 9307 9295
f 9290 9295 9308
f 9290 9308 9306
f 9292 9301 9309
f 9292 9309 9310
f 9292 9310 9293
f 9294 9297 9295
f 9295 9304 9311
f 9295 9311 9296
f 9295 9297 9312
f 9295 9312 9313
f 9295 9313 9306
f 9295 9306 9308
f 9295 9307 9304
f 9298 9305 9299
f 9300 9306 9314
f 9300 9314 9301
f 9301 9314 9309
f 9303 9305 9311
f 9303 9311 9304
f 9306 9313 9312
f 9306 9312 9315
f 9306 9315 9314
f 9309 9316 9310
f 9309 9314 9316
f 9314 9315 9316
f 9317 9318 9323
f 9317 9323 9328
f 9317 9328 9341
f 9317 9341 9363
f 9317 9363 9344
f 9317 9344 9330
f 9317 9330 9324
f 9317 9324 9319
f 9317 9319 9320
f 9317 9320 9321
f 9317 9321 9326
f 9317 9326 9337
f 9317 9337 9358
f 9317 9358 9380
f 9317 9380 9359
f 9317 9359 9338
f 9317 9338 9327
f 9317 9327 9322
f 9317 9322 9318
f 9318 9322 9323
f 9319 9324 9329
f 9319 9329 9343
f 9319 9343 9364
f 9319 9364 9381
f 9319 9381 9385
f 9319 9385 9388
f 9319 9388 9373
f 9319 9373 9352
f 9319 9352 9334
f 9319 9334 9325
f 9319 9325 9320
f 9320 9325 9335
f 9320 9335 9354
f 9320 9354 9377
f 9320 9377 9391
f 9320 9391 9390
f 9320 9390 9389
f 9320 9389 9383
f 9320 9383 9392
f 9320 9392 9387
f 9320 9387 9378
f 9320 9378 9356
f 9320 9356 9355
f 9320 9355 9336
f 9320 9336 9326
f 9320 9326 9321
f 9322 9327 9323
f 9323 9327 9328
f 9324 9330 9331
f 9324 9331 9332
f 9324 9332 9333
f 9324 9333 9329
f 9325 9334 9335
f 9326 9336 9337
f 9327 9338 9339
f 9327 9339 9340
f 9327 9340 9328
f 9328 9340 9341
f 9329 9342 9343
f 9329 9333 9342
f 9330 9344 9331
f 9331 9344 9345
f 9331 9345 9346
f 9331 9346 9347
f 9331 9347 9348
f 9331 9348 9332
f 9332 9348 9349
f 9332 9349 9333
f 9333 9349 9350
f 9333 9350 9351
f 9333 9351 9342
f 9334 9352 9353
f 9334 9353 9354
f 9334 9354 9335
f 9336 9355 9337
f 9337 9355 9356
f 9337 9356 9357
f 9337 9357 9358
f 9338 9359 9339
f 9339 9359 9360
f 9339 9360 9361
f 9339 9361 9362
f 9339 9362 9363
f 9339 9363 9340
f 9340 9363 9341
f 9342 9351 9343
f 9343 9351 9365
f 9343 9365 9364
f 9344 9363 9362
f 9344 9362 9366
f 9344 9366 9367
f 9344 9367 9345
f 9345 9367 9346
f 9346 9366 9368
f 9346 9368 9369
f 9346 9369 9347
f 9346 9367 9366
f 9347 9369 9370
f 9347 9370 9349
f 9347 9349 9348
f 9349 9370 9371
f 9349 9371 9350
f 9350 9371 9372
f 9350 9372 9365
f 9350 9365 9351
f 9352 9373 9353
f 9353 9373 9374
f 9353 9374 9375
f 9353 9375 9376
f 9353 9376 9377
f 9353 9377 9354
f 9356 9378 9371
f 9356 9371 9379
f 9356 9379 9357
f 9357 9379 9358
f 9358 9379 9369
f 9358 9369 9368
f 9358 9368 9380
f 9359 9380 9360
f 9360 9380 9368
f 9360 9368 9361
f 9361 9366 9362
f 9361 9368 9366
f 9364 9365 9381
f 9365 9372 9382
f 9365 9382 9383
f 9365 9383 9375
f 9365 9375 9374
f 9365 9374 9384
f 9365 9384 9385
f 9365 9385 9381
f 9369 9379 9370
f 9370 9379 9371
f 9371 9378 9372
f 9372 9378 9386
f 9372 9386 9387
f 9372 9387 9382
f 9373 9388 9374
f 9374 9388 9384
f 9375 9383 9389
f 9375 9389 9390
f 9375 9390 9391
f 9375 9391 9376
f 9376 9391 9377
f 9378 9387 9386
f 9382 9387 9392
f 9382 9392 9383
f 9384 9388 9385
f 9393 9394 9401
f 9393 9401 9411
f 9393 9411 9428
f 9393 9428 9427
f 9393 9427 9412
f 9393 9412 9402
f 9393 9402 9395
f 9393 9395 9405
f 9393 9405 9415
f 9393 9415 9435
f 9393 9435 9439
f 9393 9439 9425
f 9393 9425 9422
f 9393 9422 9406
f 9393 9406 9396
f 9393 9396 9397
f 9393 9397 9398
f 9393 9398 9399
f 9393 9399 9400
f 9393 9400 9394
f 9394 9400 9401
f 9395 9402 9403
f 9395 9403 9404
f 9395 9404 9405
f 9396 9406 9397
f 9397 9407 9408
f 9397 9408 9424
f 9397 9424 9438
f 9397 9438 9436
f 9397 9436 9421
f 9397 9421 9432
f 9397 9432 9431
f 9397 9431 9430
f 9397 9430 9429
f 9397 9429 9444
f 9397 9444 9443
f 9397 9443 9442
f 9397 9442 9426
f 9397 9426 9410
f 9397 9410 9400
f 9397 9400 9399
f 9397 9399 9398
f 9397 9406 9409
f 9397 9409 9407
f 9400 9410 9411
f 9400 9411 9401
f 9402 9412 9432
f 9402 9432 9421
f 9402 9421 9420
f 9402 9420 9419
f 9402 9419 9418
f 9402 9418 9417
f 9402 9417 9416
f 9402 9416 9413
f 9402 9413 9404
f 9402 9404 9403
f 9404 9413 9405
f 9405 9414 9433
f 9405 9433 9437
f 9405 9437 9436
f 9405 9436 9438
f 9405 9438 9441
f 9405 9441 9440
f 9405 9440 9445
f 9405 9445 9434
f 9405 9434 9415
f 9405 9413 9416
f 9405 9416 9417
f 9405 9417 9418
f 9405 9418 9419
f 9405 9419 9420
f 9405 9420 9421
f 9405 9421 9414
f 9406 9422 9423
f 9406 9423 9409
f 9407 9423 9408
f 9407 9409 9423
f 9408 9423 9425
f 9408 9425 9424
f 9410 9426 9427
f 9410 9427 9428
f 9410 9428 9411
f 9412 9427 9429
f 9412 9429 9430
f 9412 9430 9431
f 9412 9431 9432
f 9414 9421 9433
f 9415 9434 9435
f 9421 9436 9437
f 9421 9437 9433
f 9422 9425 9423
f 9424 9425 9438
f 9425 9439 9440
f 9425 9440 9441
f 9425 9441 9438
f 9426 9442 9427
f 9427 9443 9444
f 9427 9444 9429
f 9427 9442 9443
f 9434 9445 9439
f 9434 9439 9435
f 9439 9445 9440
f 9446 9447 9450
f 9446 9450 9456
f 9446 9456 9468
f 9446 9468 9482
f 9446 9482 9495
f 9446 9495 9510
f 9446 9510 9516
f 9446 9516 9511
f 9446 9511 9497
f 9446 9497 9486
f 9446 9486 9471
f 9446 9471 9458
f 9446 9458 9452
f 9446 9452 9448
f 9446 9448 9453
f 9446 9453 9463
f 9446 9463 9476
f 9446 9476 9492
f 9446 9492 9479
f 9446 9479 9465
f 9446 9465 9454
f 9446 9454 9449
f 9446 9449 9447
f 9447 9449 9451
f 9447 9451 9457
f 9447 9457 9470
f 9447 9470 9480
f 9447 9480 9466
f 9447 9466 9455
f 9447 9455 9450
f 9448 9452 9453
f 9449 9454 9464
f 9449 9464 9478
f 9449 9478 9493
f 9449 9493 9504
f 9449 9504 9503
f 9449 9503 9512
f 9449 9512 9514
f 9449 9514 9513
f 9449 9513 9507
f 9449 9507 9506
f 9449 9506 9505
f 9449 9505 9496
f 9449 9496 9484
f 9449 9484 9469
f 9449 9469 9457
f 9449 9457 9451
f 9450 9455 9456
f 9452 9458 9459
f 9452 9459 9460
f 9452 9460 9461
f 9452 9461 9453
f 9453 9462 9463
f 9453 9461 9462
f 9454 9465 9464
f 9455 9466 9467
f 9455 9467 9456
f 9456 9467 9468
f 9457 9469 9470
f 9458 9471 9472
f 9458 9472 9459
f 9459 9472 9473
f 9459 9473 9460
f 9460 9473 9474
f 9460 9474 9462
f 9460 9462 9461
f 9462 9474 9475
f 9462 9475 9463
f 9463 9475 9476
f 9464 9465 9477
f 9464 9477 9478
f 9465 9479 9477
f 9466 9480 9481
f 9466 9481 9467
f 9467 9481 9468
f 9468 9481 9483
f 9468 9483 9482
f 9469 9484 9470
f 9470 9484 9485
f 9470 9485 9481
f 9470 9481 9480
f 9471 9486 9472
f 9472 9486 9473
f 9473 9487 9488
f 9473 9488 9489
f 9473 9489 9474
f 9473 9486 9487
f 9474 9489 9490
f 9474 9490 9475
f 9475 9490 9491
f 9475 9491 9477
f 9475 9477 9492
f 9475 9492 9476
f 9477 9491 9493
f 9477 9493 9478
f 9477 9479 9492
f 9481 9485 9494
f 9481 9494 9483
f 9482 9483 9495
f 9483 9494 9495
f 9484 9496 9494
f 9484 9494 9485
f 9486 9497 9498
f 9486 9498 9487
f 9487 9498 9488
f 9488 9498 9499
f 9488 9499 9500
f 9488 9500 9501
f 9488 9501 9502
f 9488 9502 9491
f 9488 9491 9489
f 9489 9491 9490
f 9491 9502 9503
f 9491 9503 9504
f 9491 9504 9493
f 9494 9496 9505
f 9494 9505 9506
f 9494 9506 9507
f 9494 9507 9508
f 9494 9508 9509
f 9494 9509 9510
f 9494 9510 9495
f 9497 9511 9498
f 9498 9511 9499
f 9499 9511 9508
f 9499 9508 9500
f 9500 9508 9512
f 9500 9512 9503
f 9500 9503 9501
f 9501 9503 9502
f 9507 9513 9508
f 9508 9513 9514
f 9508 9514 9512
f 9508 9511 9515
f 9508 9515 9516
f 9508 9516 9509
f 9509 9516 9510
f 9511 9516 9515
f 9518 9519 9517
f 9518 9520 9519
f 9518 9517 9520
f 9521 9520 9517
f 9521 9522 9520
f 9521 9523 9522
f 9521 9517 9523
f 9524 9523 9517
f 9524 9525 9523
f 9524 9519 9525
f 9524 9517 9519
f 9525 9519 9523
f 9523 9519 9526
f 9527 9523 9526
f 9527 9528 9523
f 9529 9528 9527
f 9529 9526 9528
f 9529 9527 9526
f 9530 9528 9526
f 9530 9531 9528
f 9530 9532 9531
f 9530 9533 9532
f 9530 9526 9533
f 9533 9526 9534
f 9535 9533 9534
f 9535 9536 9533
f 9535 9537 9536
f 9535 9538 9537
f 9539 9538 9535
f 9539 9534 9538
f 9539 9535 9534
f 9540 9538 9534
f 9540 9541 9538
f 9540 9542 9541
f 9540 9520 9542
f 9540 9534 9520
f 9526 9520 9534
f 9519 9520 9526
f 9542 9520 9543
f 9544 9542 9543
f 9544 9541 9542
f 9544 9545 9541
f 9544 9543 9545
f 9546 9545 9543
f 9547 9545 9546
f 9547 9548 9545
f 9547 9549 9548
f 9547 9550 9549
f 9547 9551 9550
f 9547 9546 9551
f 9551 9546 9522
f 9552 9551 9522
f 9552 9550 9551
f 9552 9523 9550
f 9552 9522 9523
f 9550 9523 9549
f 9523 9528 9549
f 9553 9549 9528
f 9554 9549 9553
f 9555 9549 9554
f 9556 9549 9555
f 9556 9557 9549
f 9556 9555 9557
f 9555 9554 9557
f 9558 9557 9554
f 9558 9533 9557
f 9558 9559 9533
f 9558 9553 9559
f 9560 9553 9558
f 9560 9554 9553
f 9560 9558 9554
f 9561 9559 9553
f 9561 9562 9559
f 9561 9553 9562
f 9562 9553 9528
f 9563 9562 9528
f 9564 9562 9563
f 9564 9565 9562
f 9564 9533 9565
f 9564 9532 9533
f 9564 9563 9532
f 9566 9532 9563
f 9566 9528 9532
f 9566 9563 9528
f 9531 9532 9528
f 9565 9533 9559
f 9565 9559 9562
f 9567 9557 9533
f 9567 9549 9557
f 9567 9536 9549
f 9567 9533 9536
f 9568 9549 9536
f 9548 9549 9568
f 9548 9568 9538
f 9548 9538 9545
f 9538 9541 9545
f 9569 9538 9568
f 9569 9537 9538
f 9569 9568 9537
f 9537 9568 9536
f 9546 9543 9522
f 9522 9543 9520
f 9570 9571 9575
f 9570 9575 9582
f 9570 9582 9592
f 9570 9592 9608
f 9570 9608 9596
f 9570 9596 9585
f 9570 9585 9577
f 9570 9577 9572
f 9570 9572 9573
f 9570 9573 9574
f 9570 9574 9576
f 9570 9576 9571
f 9571 9576 9584
f 9571 9584 9595
f 9571 9595 9611
f 9571 9611 9610
f 9571 9610 9632
f 9571 9632 9652
f 9571 9652 9640
f 9571 9640 9624
f 9571 9624 9606
f 9571 9606 9605
f 9571 9605 9593
f 9571 9593 9583
f 9571 9583 9575
f 9572 9577 9578
f 9572 9578 9573
f 9573 9578 9579
f 9573 9579 9580
f 9573 9580 9574
f 9574 9580 9581
f 9574 9581 9576
f 9575 9583 9582
f 9576 9581 9584
f 9577 9585 9586
f 9577 9586 9578
f 9578 9586 9587
f 9578 9587 9579
f 9579 9587 9588
f 9579 9588 9589
f 9579 9589 9580
f 9580 9589 9581
f 9581 9589 9590
f 9581 9590 9584
f 9582 9583 9591
f 9582 9591 9607
f 9582 9607 9631
f 9582 9631 9651
f 9582 9651 9650
f 9582 9650 9634
f 9582 9634 9619
f 9582 9619 9616
f 9582 9616 9615
f 9582 9615 9614
f 9582 9614 9613
f 9582 9613 9612
f 9582 9612 9609
f 9582 9609 9592
f 9583 9593 9591
f 9584 9590 9594
f 9584 9594 9595
f 9585 9596 9586
f 9586 9597 9598
f 9586 9598 9587
f 9586 9596 9597
f 9587 9598 9599
f 9587 9599 9600
f 9587 9600 9588
f 9588 9600 9601
f 9588 9601 9602
f 9588 9602 9603
f 9588 9603 9589
f 9589 9603 9604
f 9589 9604 9594
f 9589 9594 9590
f 9591 9593 9605
f 9591 9605 9606
f 9591 9606 9624
f 9591 9624 9639
f 9591 9639 9646
f 9591 9646 9645
f 9591 9645 9642
f 9591 9642 9625
f 9591 9625 9607
f 9592 9609 9597
f 9592 9597 9608
f 9594 9604 9610
f 9594 9610 9611
f 9594 9611 9595
f 9596 9608 9597
f 9597 9609 9612
f 9597 9612 9598
f 9598 9612 9613
f 9598 9613 9614
f 9598 9614 9615
f 9598 9615 9599
f 9599 9615 9616
f 9599 9616 9617
f 9599 9617 9600
f 9600 9617 9601
f 9601 9617 9616
f 9601 9616 9618
f 9601 9618 9619
f 9601 9619 9620
f 9601 9620 9621
f 9601 9621 9602
f 9602 9621 9603
f 9603 9621 9622
f 9603 9622 9623
f 9603 9623 9604
f 9604 9623 9610
f 9607 9625 9626
f 9607 9626 9627
f 9607 9627 9628
f 9607 9628 9629
f 9607 9629 9630
f 9607 9630 9631
f 9610 9623 9632
f 9616 9619 9618
f 9619 9633 9620
f 9619 9634 9633
f 9620 9633 9621
f 9621 9633 9635
f 9621 9635 9636
f 9621 9636 9622
f 9622 9637 9623
f 9622 9636 9637
f 9623 9637 9638
f 9623 9638 9632
f 9624 9640 9641
f 9624 9641 9639
f 9625 9642 9626
f 9626 9643 9644
f 9626 9644 9627
f 9626 9642 9645
f 9626 9645 9646
f 9626 9646 9643
f 9627 9644 9647
f 9627 9647 9648
f 9627 9648 9628
f 9628 9648 9629
f 9629 9649 9630
f 9629 9648 9635
f 9629 9635 9649
f 9630 9649 9650
f 9630 9650 9651
f 9630 9651 9631
f 9632 9638 9641
f 9632 9641 9652
f 9633 9634 9650
f 9633 9650 9649
f 9633 9649 9635
f 9635 9648 9636
f 9636 9648 9637
f 9637 9648 9653
f 9637 9653 9643
f 9637 9643 9638
f 9638 9643 9654
f 9638 9654 9641
f 9639 9641 9655
f 9639 9655 9643
f 9639 9643 9646
f 9640 9652 9641
f 9641 9654 9643
f 9641 9643 9655
f 9643 9653 9647
f 9643 9647 9644
f 9647 9653 9648
f 9656 9657 9661
f 9656 9661 9669
f 9656 9669 9681
f 9656 9681 9696
f 9656 9696 9708
f 9656 9708 9697
f 9656 9697 9683
f 9656 9683 9672
f 9656 9672 9663
f 9656 9663 9658
f 9656 9658 9666
f 9656 9666 9676
f 9656 9676 9680
f 9656 9680 9679
f 9656 9679 9678
f 9656 9678 9671
f 9656 9671 9662
f 9656 9662 9659
f 9656 9659 9657
f 9657 9660 9667
f 9657 9667 9677
f 9657 9677 9688
f 9657 9688 9705
f 9657 9705 9713
f 9657 9713 9715
f 9657 9715 9714
f 9657 9714 9712
f 9657 9712 9710
f 9657 9710 9700
f 9657 9700 9686
f 9657 9686 9682
f 9657 9682 9670
f 9657 9670 9661
f 9657 9659 9662
f 9657 9662 9660
f 9658 9663 9664
f 9658 9664 9665
f 9658 9665 9666
f 9660 9662 9668
f 9660 9668 9667
f 9661 9670 9669
f 9662 9671 9668
f 9663 9672 9664
f 9664 9672 9673
f 9664 9673 9674
f 9664 9674 9665
f 9665 9674 9673
f 9665 9673 9684
f 9665 9684 9698
f 9665 9698 9709
f 9665 9709 9707
f 9665 9707 9694
f 9665 9694 9693
f 9665 9693 9692
f 9665 9692 9691
f 9665 9691 9682
f 9665 9682 9686
f 9665 9686 9675
f 9665 9675 9685
f 9665 9685 9699
f 9665 9699 9704
f 9665 9704 9703
f 9665 9703 9702
f 9665 9702 9701
f 9665 9701 9711
f 9665 9711 9706
f 9665 9706 9690
f 9665 9690 9687
f 9665 9687 9676
f 9665 9676 9666
f 9667 9668 9678
f 9667 9678 9679
f 9667 9679 9680
f 9667 9680 9677
f 9668 9671 9678
f 9669 9670 9682
f 9669 9682 9681
f 9672 9683 9684
f 9672 9684 9673
f 9675 9686 9685
f 9676 9687 9680
f 9677 9680 9689
f 9677 9689 9688
f 9680 9687 9690
f 9680 9690 9689
f 9681 9682 9691
f 9681 9691 9692
f 9681 9692 9693
f 9681 9693 9694
f 9681 9694 9695
f 9681 9695 9696
f 9683 9697 9684
f 9684 9697 9698
f 9685 9686 9699
f 9686 9700 9701
f 9686 9701 9702
f 9686 9702 9703
f 9686 9703 9704
f 9686 9704 9699
f 9688 9689 9690
f 9688 9690 9705
f 9690 9706 9705
f 9694 9707 9695
f 9695 9707 9696
f 9696 9707 9709
f 9696 9709 9708
f 9697 9708 9698
f 9698 9708 9709
f 9700 9710 9701
f 9701 9710 9712
f 9701 9712 9711
f 9705 9706 9713
f 9706 9711 9713
f 9711 9712 9714
f 9711 9714 9715
f 9711 9715 9713
f 9716 9717 9722
f 9716 9722 9732
f 9716 9732 9745
f 9716 9745 9758
f 9716 9758 9776
f 9716 9776 9797
f 9716 9797 9798
f 9716 9798 9777
f 9716 9777 9762
f 9716 9762 9759
f 9716 9759 9746
f 9716 9746 9733
f 9716 9733 9724
f 9716 9724 9718
f 9716 9718 9719
f 9716 9719 9720
f 9716 9720 9717
f 9717 9721 9722
f 9717 9720 9723
f 9717 9723 9721
f 9718 9724 9725
f 9718 9725 9719
f 9719 9725 9726
f 9719 9726 9727
f 9719 9727 9720
f 9720 9727 9723
f 9721 9723 9728
f 9721 9728 9729
f 9721 9729 9730
f 9721 9730 9722
f 9722 9730 9731
f 9722 9731 9732
f 9723 9727 9728
f 9724 9733 9725
f 9725 9733 9734
f 9725 9734 9735
f 9725 9735 9736
f 9725 9736 9726
f 9726 9737 9727
f 9726 9736 9735
f 9726 9735 9738
f 9726 9738 9739
f 9726 9739 9737
f 9727 9737 9740
f 9727 9740 9741
f 9727 9741 9728
f 9728 9741 9742
f 9728 9742 9743
f 9728 9743 9744
f 9728 9744 9729
f 9729 9744 9730
f 9730 9744 9756
f 9730 9756 9755
f 9730 9755 9770
f 9730 9770 9787
f 9730 9787 9807
f 9730 9807 9824
f 9730 9824 9827
f 9730 9827 9810
f 9730 9810 9793
f 9730 9793 9775
f 9730 9775 9757
f 9730 9757 9745
f 9730 9745 9732
f 9730 9732 9731
f 9733 9746 9734
f 9734 9746 9747
f 9734 9747 9735
f 9735 9747 9748
f 9735 9748 9738
f 9737 9739 9749
f 9737 9749 9740
f 9738 9748 9750
f 9738 9750 9751
f 9738 9751 9739
f 9739 9751 9749
f 9740 9752 9742
f 9740 9742 9741
f 9740 9749 9752
f 9742 9753 9743
f 9742 9752 9754
f 9742 9754 9753
f 9743 9753 9755
f 9743 9755 9756
f 9743 9756 9744
f 9745 9757 9758
f 9746 9759 9747
f 9747 9760 9761
f 9747 9761 9748
f 9747 9759 9762
f 9747 9762 9760
f 9748 9761 9750
f 9749 9751 9763
f 9749 9763 9764
f 9749 9764 9765
f 9749 9765 9766
f 9749 9766 9752
f 9750 9767 9763
f 9750 9763 9751
f 9750 9761 9768
f 9750 9768 9769
f 9750 9769 9767
f 9752 9766 9754
f 9753 9770 9755
f 9753 9754 9771
f 9753 9771 9770
f 9754 9766 9772
f 9754 9772 9773
f 9754 9773 9774
f 9754 9774 9771
f 9757 9775 9794
f 9757 9794 9812
f 9757 9812 9828
f 9757 9828 9830
f 9757 9830 9820
f 9757 9820 9819
f 9757 9819 9818
f 9757 9818 9817
f 9757 9817 9816
f 9757 9816 9815
f 9757 9815 9829
f 9757 9829 9822
f 9757 9822 9806
f 9757 9806 9813
f 9757 9813 9795
f 9757 9795 9776
f 9757 9776 9758
f 9760 9762 9777
f 9760 9777 9778
f 9760 9778 9779
f 9760 9779 9761
f 9761 9779 9768
f 9763 9767 9780
f 9763 9780 9764
f 9764 9780 9781
f 9764 9781 9782
f 9764 9782 9766
f 9764 9766 9765
f 9766 9782 9783
f 9766 9783 9772
f 9767 9769 9780
f 9768 9779 9784
f 9768 9784 9769
f 9769 9785 9780
f 9769 9784 9786
f 9769 9786 9785
f 9770 9771 9788
f 9770 9788 9787
f 9771 9774 9789
f 9771 9789 9788
f 9772 9790 9773
f 9772 9783 9790
f 9773 9790 9791
f 9773 9791 9792
f 9773 9792 9789
f 9773 9789 9774
f 9775 9793 9794
f 9776 9795 9796
f 9776 9796 9797
f 9777 9798 9778
f 9778 9798 9779
f 9779 9798 9784
f 9780 9785 9799
f 9780 9799 9781
f 9781 9800 9782
f 9781 9799 9801
f 9781 9801 9800
f 9782 9802 9783
f 9782 9800 9802
f 9783 9802 9803
f 9783 9803 9804
f 9783 9804 9790
f 9784 9798 9805
f 9784 9805 9786
f 9785 9786 9799
f 9786 9805 9806
f 9786 9806 9799
f 9787 9788 9792
f 9787 9792 9807
f 9788 9789 9792
f 9790 9804 9791
f 9791 9804 9808
f 9791 9808 9792
f 9792 9809 9807
f 9792 9808 9809
f 9793 9810 9811
f 9793 9811 9794
f 9794 9811 9812
f 9795 9813 9796
f 9796 9798 9797
f 9796 9813 9805
f 9796 9805 9798
f 9799 9806 9801
f 9800 9801 9814
f 9800 9814 9815
f 9800 9815 9816
f 9800 9816 9802
f 9801 9806 9814
f 9802 9817 9803
f 9802 9816 9817
f 9803 9817 9818
f 9803 9818 9819
f 9803 9819 9804
f 9804 9819 9820
f 9804 9820 9821
f 9804 9821 9808
f 9805 9813 9806
f 9806 9822 9823
f 9806 9823 9814
f 9807 9809 9824
f 9808 9821 9825
f 9808 9825 9826
f 9808 9826 9809
f 9809 9826 9824
f 9810 9827 9826
f 9810 9826 9811
f 9811 9826 9825
f 9811 9825 9812
f 9812 9825 9828
f 9814 9823 9829
f 9814 9829 9815
f 9820 9830 9821
f 9821 9830 9828
f 9821 9828 9825
f 9822 9829 9823
f 9824 9826 9827
f 9831 9832 9833
f 9831 9833 9834
f 9831 9834 9842
f 9831 9842 9853
f 9831 9853 9852
f 9831 9852 9869
f 9831 9869 9859
f 9831 9859 9843
f 9831 9843 9835
f 9831 9835 9844
f 9831 9844 9858
f 9831 9858 9857
f 9831 9857 9873
f 9831 9873 9892
f 9831 9892 9891
f 9831 9891 9890
f 9831 9890 9889
f 9831 9889 9888
f 9831 9888 9887
f 9831 9887 9885
f 9831 9885 9904
f 9831 9904 9903
f 9831 9903 9902
f 9831 9902 9893
f 9831 9893 9876
f 9831 9876 9860
f 9831 9860 9845
f 9831 9845 9836
f 9831 9836 9832
f 9832 9836 9837
f 9832 9837 9838
f 9832 9838 9833
f 9833 9838 9839
f 9833 9839 9840
f 9833 9840 9841
f 9833 9841 9834
f 9834 9841 9842
f 9835 9843 9844
f 9836 9845 9837
f 9837 9845 9846
f 9837 9846 9838
f 9838 9846 9847
f 9838 9847 9839
f 9839 9847 9840
f 9840 9847 9848
f 9840 9848 9849
f 9840 9849 9850
f 9840 9850 9841
f 9841 9851 9852
f 9841 9852 9853
f 9841 9853 9842
f 9841 9850 9851
f 9843 9854 9855
f 9843 9855 9856
f 9843 9856 9857
f 9843 9857 9858
f 9843 9858 9844
f 9843 9859 9874
f 9843 9874 9880
f 9843 9880 9879
f 9843 9879 9878
f 9843 9878 9867
f 9843 9867 9850
f 9843 9850 9849
f 9843 9849 9848
f 9843 9848 9866
f 9843 9866 9877
f 9843 9877 9896
f 9843 9896 9897
f 9843 9897 9881
f 9843 9881 9870
f 9843 9870 9854
f 9845 9860 9846
f 9846 9860 9861
f 9846 9861 9847
f 9847 9861 9862
f 9847 9862 9863
f 9847 9863 9864
f 9847 9864 9848
f 9848 9864 9865
f 9848 9865 9866
f 9850 9867 9851
f 9851 9867 9868
f 9851 9868 9852
f 9852 9868 9869
f 9854 9870 9882
f 9854 9882 9899
f 9854 9899 9900
f 9854 9900 9883
f 9854 9883 9871
f 9854 9871 9856
f 9854 9856 9855
f 9856 9871 9886
f 9856 9886 9872
f 9856 9872 9873
f 9856 9873 9857
f 9859 9869 9874
f 9860 9875 9861
f 9860 9876 9875
f 9861 9875 9862
f 9862 9875 9876
f 9862 9876 9865
f 9862 9865 9863
f 9863 9865 9864
f 9865 9877 9866
f 9865 9876 9877
f 9867 9878 9868
f 9868 9878 9879
f 9868 9879 9880
f 9868 9880 9869
f 9869 9880 9874
f 9870 9881 9882
f 9871 9883 9884
f 9871 9884 9885
f 9871 9885 9886
f 9872 9886 9887
f 9872 9887 9888
f 9872 9888 9889
f 9872 9889 9890
f 9872 9890 9891
f 9872 9891 9892
f 9872 9892 9873
f 9876 9893 9894
f 9876 9894 9895
f 9876 9895 9896
f 9876 9896 9877
f 9881 9897 9898
f 9881 9898 9894
f 9881 9894 9882
f 9882 9894 9899
f 9883 9900 9884
f 9884 9901 9902
f 9884 9902 9903
f 9884 9903 9904
f 9884 9904 9885
f 9884 9900 9899
f 9884 9899 9905
f 9884 9905 9894
f 9884 9894 9901
f 9885 9887 9886
f 9893 9902 9894
f 9894 9902 9901
f 9894 9905 9899
f 9894 9898 9895
f 9895 9898 9897
f 9895 9897 9896
f 9906 9907 9908
f 9906 9908 9913
f 9906 9913 9919
f 9906 9919 9920
f 9906 9920 9927
f 9906 9927 9933
f 9906 9933 9941
f 9906 9941 9942
f 9906 9942 9943
f 9906 9943 9935
f 9906 9935 9931
f 9906 9931 9923
f 9906 9923 9915
f 9906 9915 9909
f 9906 9909 9914
f 9906 9914 9922
f 9906 9922 9929
f 9906 9929 9924
f 9906 9924 9916
f 9906 9916 9910
f 9906 9910 9907
f 9907 9910 9911
f 9907 9911 9912
f 9907 9912 9913
f 9907 9913 9908
f 9909 9915 9914
f 9910 9916 9911
f 9911 9917 9925
f 9911 9925 9930
f 9911 9930 9934
f 9911 9934 9941
f 9911 9941 9933
f 9911 9933 9926
f 9911 9926 9918
f 9911 9918 9912
f 9911 9916 9917
f 9912 9919 9913
f 9912 9918 9920
f 9912 9920 9919
f 9914 9921 9928
f 9914 9928 9932
f 9914 9932 9940
f 9914 9940 9939
f 9914 9939 9938
f 9914 9938 9937
f 9914 9937 9936
f 9914 9936 9934
f 9914 9934 9930
f 9914 9930 9922
f 9914 9915 9921
f 9915 9923 9921
f 9916 9924 9917
f 9917 9924 9925
f 9918 9926 9927
f 9918 9927 9920
f 9921 9923 9928
f 9922 9930 9929
f 9923 9931 9932
f 9923 9932 9928
f 9924 9929 9930
f 9924 9930 9925
f 9926 9933 9927
f 9931 9935 9936
f 9931 9936 9937
f 9931 9937 9938
f 9931 9938 9939
f 9931 9939 9940
f 9931 9940 9932
f 9934 9936 9942
f 9934 9942 9941
f 9935 9943 9936
f 9936 9943 9942
f 9944 9945 9946
f 9944 9946 9953
f 9944 9953 9954
f 9944 9954 9947
f 9944 9947 9956
f 9944 9956 9968
f 9944 9968 9981
f 9944 9981 9996
f 9944 9996 10009
f 9944 10009 10008
f 9944 10008 10014
f 9944 10014 10017
f 9944 10017 10016
f 9944 10016 10011
f 9944 10011 10002
f 9944 10002 9989
f 9944 9989 9988
f 9944 9988 9985
f 9944 9985 9984
f 9944 9984 9973
f 9944 9973 9963
f 9944 9963 9950
f 9944 9950 9945
f 9945 9948 9949
f 9945 9949 9946
f 9945 9950 9951
f 9945 9951 9952
f 9945 9952 9948
f 9946 9949 9953
f 9947 9954 9955
f 9947 9955 9956
f 9948 9952 9949
f 9949 9957 9958
f 9949 9958 9959
f 9949 9959 9953
f 9949 9952 9960
f 9949 9960 9961
f 9949 9961 9962
f 9949 9962 9957
f 9950 9963 9964
f 9950 9964 9951
f 9951 9964 9952
f 9952 9964 9965
f 9952 9965 9966
f 9952 9966 9960
f 9953 9959 9958
f 9953 9958 9957
f 9953 9957 9962
f 9953 9962 9972
f 9953 9972 9983
f 9953 9983 9999
f 9953 9999 10010
f 9953 10010 10015
f 9953 10015 10013
f 9953 10013 10005
f 9953 10005 9992
f 9953 9992 9978
f 9953 9978 9967
f 9953 9967 9955
f 9953 9955 9954
f 9955 9967 9977
f 9955 9977 9991
f 9955 9991 9980
f 9955 9980 9968
f 9955 9968 9956
f 9960 9966 9969
f 9960 9969 9970
f 9960 9970 9961
f 9961 9970 9971
f 9961 9971 9972
f 9961 9972 9962
f 9963 9973 9964
f 9964 9973 9974
f 9964 9974 9965
f 9965 9974 9975
f 9965 9975 9976
f 9965 9976 9969
f 9965 9969 9966
f 9967 9978 9979
f 9967 9979 9977
f 9968 9980 9981
f 9969 9976 9982
f 9969 9982 9971
f 9969 9971 9970
f 9971 9982 9972
f 9972 9982 9983
f 9973 9984 9974
f 9974 9984 9985
f 9974 9985 9975
f 9975 9986 9987
f 9975 9987 9976
f 9975 9985 9988
f 9975 9988 9989
f 9975 9989 9986
f 9976 9987 9990
f 9976 9990 9982
f 9977 9979 9991
f 9978 9992 9979
f 9979 9992 9993
f 9979 9993 9994
f 9979 9994 9995
f 9979 9995 9991
f 9980 9991 9995
f 9980 9995 9996
f 9980 9996 9981
f 9982 9990 9997
f 9982 9997 9998
f 9982 9998 9983
f 9983 9998 9999
f 9986 9989 10000
f 9986 10000 9987
f 9987 10000 10001
f 9987 10001 9990
f 9989 10002 10000
f 9990 10001 10003
f 9990 10003 10004
f 9990 10004 9998
f 9990 9998 9997
f 9992 10005 10006
f 9992 10006 9993
f 9993 10006 9994
f 9994 10006 10007
f 9994 10007 10008
f 9994 10008 9995
f 9995 10008 10009
f 9995 10009 9996
f 9998 10004 10010
f 9998 10010 9999
f 10000 10002 10001
f 10001 10002 10003
f 10002 10011 10003
f 10003 10011 10012
f 10003 10012 10004
f 10004 10012 10010
f 10005 10013 10006
f 10006 10014 10007
f 10006 10013 10015
f 10006 10015 10012
f 10006 10012 10014
f 10007 10014 10008
f 10010 10012 10015
f 10011 10016 10012
f 10012 10016 10017
f 10012 10017 10014
f 10018 10019 10020
f 10018 10020 10021
f 10018 10021 10022
f 10018 10022 10023
f 10018 10023 10030
f 10018 10030 10044
f 10018 10044 10062
f 10018 10062 10086
f 10018 10086 10087
f 10018 10087 10064
f 10018 10064 10046
f 10018 10046 10031
f 10018 10031 10024
f 10018 10024 10019
f 10019 10024 10020
f 10020 10024 10031
f 10020 10031 10045
f 10020 10045 10063
f 10020 10063 10066
f 10020 10066 10054
f 10020 10054 10036
f 10020 10036 10032
f 10020 10032 10025
f 10020 10025 10021
f 10021 10025 10022
f 10022 10026 10023
f 10022 10025 10027
f 10022 10027 10028
f 10022 10028 10029
f 10022 10029 10026
f 10023 10026 10030
f 10025 10032 10027
f 10026 10029 10033
f 10026 10033 10034
f 10026 10034 10035
f 10026 10035 10030
f 10027 10032 10028
f 10028 10032 10036
f 10028 10036 10037
f 10028 10037 10038
f 10028 10038 10039
f 10028 10039 10040
f 10028 10040 10041
f 10028 10041 10029
f 10029 10041 10033
f 10030 10035 10042
f 10030 10042 10043
f 10030 10043 10044
f 10031 10046 10045
f 10033 10041 10047
f 10033 10047 10048
f 10033 10048 10049
f 10033 10049 10034
f 10034 10050 10035
f 10034 10049 10050
f 10035 10050 10051
f 10035 10051 10052
f 10035 10052 10053
f 10035 10053 10043
f 10035 10043 10042
f 10036 10054 10037
f 10037 10054 10066
f 10037 10066 10065
f 10037 10065 10089
f 10037 10089 10098
f 10037 10098 10103
f 10037 10103 10102
f 10037 10102 10101
f 10037 10101 10100
f 10037 10100 10099
f 10037 10099 10092
f 10037 10092 10091
f 10037 10091 10097
f 10037 10097 10096
f 10037 10096 10082
f 10037 10082 10080
f 10037 10080 10079
f 10037 10079 10078
f 10037 10078 10077
f 10037 10077 10076
f 10037 10076 10058
f 10037 10058 10057
f 10037 10057 10056
f 10037 10056 10055
f 10037 10055 10038
f 10038 10055 10056
f 10038 10056 10039
f 10039 10056 10040
f 10040 10057 10058
f 10040 10058 10059
f 10040 10059 10041
f 10040 10056 10057
f 10041 10059 10060
f 10041 10060 10047
f 10043 10053 10061
f 10043 10061 10044
f 10044 10061 10062
f 10045 10046 10063
f 10046 10064 10088
f 10046 10088 10073
f 10046 10073 10095
f 10046 10095 10094
f 10046 10094 10089
f 10046 10089 10065
f 10046 10065 10066
f 10046 10066 10063
f 10047 10060 10048
f 10048 10067 10049
f 10048 10060 10067
f 10049 10067 10050
f 10050 10068 10069
f 10050 10069 10051
f 10050 10067 10068
f 10051 10069 10070
f 10051 10070 10071
f 10051 10071 10052
f 10052 10072 10073
f 10052 10073 10074
f 10052 10074 10075
f 10052 10075 10061
f 10052 10061 10053
f 10052 10071 10072
f 10058 10076 10059
f 10059 10076 10060
f 10060 10076 10077
f 10060 10077 10078
f 10060 10078 10079
f 10060 10079 10080
f 10060 10080 10081
f 10060 10081 10082
f 10060 10082 10083
f 10060 10083 10084
f 10060 10084 10085
f 10060 10085 10067
f 10061 10086 10062
f 10061 10075 10087
f 10061 10087 10086
f 10064 10087 10075
f 10064 10075 10088
f 10067 10085 10068
f 10068 10085 10069
f 10069 10085 10070
f 10070 10090 10072
f 10070 10072 10071
f 10070 10085 10091
f 10070 10091 10092
f 10070 10092 10093
f 10070 10093 10090
f 10072 10094 10095
f 10072 10095 10073
f 10072 10090 10094
f 10073 10088 10074
f 10074 10088 10075
f 10080 10082 10081
f 10082 10096 10083
f 10083 10096 10084
f 10084 10096 10097
f 10084 10097 10085
f 10085 10097 10091
f 10089 10094 10098
f 10090 10093 10099
f 10090 10099 10100
f 10090 10100 10101
f 10090 10101 10094
f 10092 10099 10093
f 10094 10101 10102
f 10094 10102 10103
f 10094 10103 10098
f 10104 10105 10109
f 10104 10109 10116
f 10104 10116 10136
f 10104 10136 10154
f 10104 10154 10155
f 10104 10155 10138
f 10104 10138 10118
f 10104 10118 10111
f 10104 10111 10106
f 10104 10106 10107
f 10104 10107 10108
f 10104 10108 10105
f 10105 10108 10109
f 10106 10110 10107
f 10106 10111 10129
f 10106 10129 10149
f 10106 10149 10164
f 10106 10164 10165
f 10106 10165 10150
f 10106 10150 10132
f 10106 10132 10112
f 10106 10112 10113
f 10106 10113 10114
f 10106 10114 10110
f 10107 10110 10108
f 10108 10115 10116
f 10108 10116 10109
f 10108 10110 10117
f 10108 10117 10115
f 10110 10114 10117
f 10111 10118 10119
f 10111 10119 10120
f 10111 10120 10121
f 10111 10121 10122
f 10111 10122 10123
f 10111 10123 10124
f 10111 10124 10125
f 10111 10125 10126
f 10111 10126 10127
f 10111 10127 10128
f 10111 10128 10129
f 10112 10130 10131
f 10112 10131 10113
f 10112 10132 10130
f 10113 10131 10114
f 10114 10131 10130
f 10114 10130 10133
f 10114 10133 10134
f 10114 10134 10135
f 10114 10135 10117
f 10115 10136 10116
f 10115 10117 10137
f 10115 10137 10136
f 10117 10135 10137
f 10118 10138 10151
f 10118 10151 10167
f 10118 10167 10183
f 10118 10183 10198
f 10118 10198 10202
f 10118 10202 10203
f 10118 10203 10200
f 10118 10200 10189
f 10118 10189 10188
f 10118 10188 10187
f 10118 10187 10186
f 10118 10186 10199
f 10118 10199 10185
f 10118 10185 10170
f 10118 10170 10158
f 10118 10158 10156
f 10118 10156 10139
f 10118 10139 10122
f 10118 10122 10121
f 10118 10121 10120
f 10118 10120 10119
f 10122 10139 10123
f 10123 10139 10140
f 10123 10140 10141
f 10123 10141 10124
f 10124 10141 10126
f 10124 10126 10125
f 10126 10141 10142
f 10126 10142 10143
f 10126 10143 10127
f 10127 10143 10144
f 10127 10144 10145
f 10127 10145 10146
f 10127 10146 10147
f 10127 10147 10128
f 10128 10147 10129
f 10129 10147 10148
f 10129 10148 10149
f 10130 10132 10133
f 10132 10150 10166
f 10132 10166 10181
f 10132 10181 10178
f 10132 10178 10177
f 10132 10177 10196
f 10132 10196 10195
f 10132 10195 10194
f 10132 10194 10193
f 10132 10193 10197
f 10132 10197 10182
f 10132 10182 10167
f 10132 10167 10151
f 10132 10151 10134
f 10132 10134 10133
f 10134 10152 10137
f 10134 10137 10135
f 10134 10151 10152
f 10136 10137 10153
f 10136 10153 10154
f 10137 10152 10153
f 10138 10155 10151
f 10139 10156 10140
f 10140 10156 10141
f 10141 10157 10142
f 10141 10156 10158
f 10141 10158 10157
f 10142 10157 10143
f 10143 10157 10159
f 10143 10159 10144
f 10144 10160 10161
f 10144 10161 10145
f 10144 10159 10160
f 10145 10147 10146
f 10145 10161 10162
f 10145 10162 10163
f 10145 10163 10148
f 10145 10148 10147
f 10148 10163 10164
f 10148 10164 10149
f 10150 10165 10166
f 10151 10155 10154
f 10151 10154 10152
f 10152 10154 10153
f 10157 10168 10169
f 10157 10169 10159
f 10157 10158 10168
f 10158 10170 10169
f 10158 10169 10168
f 10159 10169 10171
f 10159 10171 10160
f 10160 10172 10173
f 10160 10173 10174
f 10160 10174 10161
f 10160 10171 10172
f 10161 10174 10162
f 10162 10174 10175
f 10162 10175 10176
f 10162 10176 10177
f 10162 10177 10178
f 10162 10178 10179
f 10162 10179 10163
f 10163 10179 10180
f 10163 10180 10164
f 10164 10180 10165
f 10165 10180 10166
f 10166 10180 10181
f 10167 10182 10183
f 10169 10184 10171
f 10169 10170 10184
f 10170 10185 10184
f 10171 10184 10186
f 10171 10186 10187
f 10171 10187 10172
f 10172 10187 10188
f 10172 10188 10173
f 10173 10188 10189
f 10173 10189 10190
f 10173 10190 10191
f 10173 10191 10174
f 10174 10191 10192
f 10174 10192 10175
f 10175 10192 10193
f 10175 10193 10194
f 10175 10194 10195
f 10175 10195 10176
f 10176 10195 10196
f 10176 10196 10177
f 10178 10181 10179
f 10179 10181 10180
f 10182 10197 10198
f 10182 10198 10183
f 10184 10185 10199
f 10184 10199 10186
f 10189 10200 10190
f 10190 10200 10203
f 10190 10203 10201
f 10190 10201 10192
f 10190 10192 10191
f 10192 10201 10197
f 10192 10197 10193
f 10197 10201 10198
f 10198 10201 10202
f 10201 10203 10202
f 10204 10205 10206
f 10204 10206 10207
f 10204 10207 10208
f 10204 10208 10209
f 10204 10209 10210
f 10204 10210 10205
f 10205 10210 10217
f 10205 10217 10233
f 10205 10233 10252
f 10205 10252 10266
f 10205 10266 10267
f 10205 10267 10253
f 10205 10253 10234
f 10205 10234 10218
f 10205 10218 10211
f 10205 10211 10206
f 10206 10211 10207
f 10207 10211 10212
f 10207 10212 10213
f 10207 10213 10208
f 10208 10213 10214
f 10208 10214 10215
f 10208 10215 10216
f 10208 10216 10209
f 10209 10217 10210
f 10209 10216 10232
f 10209 10232 10231
f 10209 10231 10245
f 10209 10245 10262
f 10209 10262 10263
f 10209 10263 10246
f 10209 10246 10233
f 10209 10233 10217
f 10211 10218 10212
f 10212 10219 10213
f 10212 10218 10220
f 10212 10220 10221
f 10212 10221 10219
f 10213 10219 10222
f 10213 10222 10223
f 10213 10223 10214
f 10214 10224 10225
f 10214 10225 10215
f 10214 10223 10226
f 10214 10226 10224
f 10215 10225 10227
f 10215 10227 10228
f 10215 10228 10229
f 10215 10229 10230
f 10215 10230 10231
f 10215 10231 10232
f 10215 10232 10216
f 10218 10234 10220
f 10219 10221 10222
f 10220 10234 10235
f 10220 10235 10236
f 10220 10236 10221
f 10221 10236 10237
f 10221 10237 10222
f 10222 10237 10223
f 10223 10238 10226
f 10223 10237 10239
f 10223 10239 10240
f 10223 10240 10241
f 10223 10241 10238
f 10224 10226 10242
f 10224 10242 10243
f 10224 10243 10241
f 10224 10241 10261
f 10224 10261 10273
f 10224 10273 10274
f 10224 10274 10278
f 10224 10278 10268
f 10224 10268 10276
f 10224 10276 10265
f 10224 10265 10248
f 10224 10248 10247
f 10224 10247 10264
f 10224 10264 10263
f 10224 10263 10262
f 10224 10262 10244
f 10224 10244 10228
f 10224 10228 10227
f 10224 10227 10225
f 10226 10238 10241
f 10226 10241 10243
f 10226 10243 10242
f 10228 10244 10229
f 10229 10244 10245
f 10229 10245 10231
f 10229 10231 10230
f 10233 10246 10247
f 10233 10247 10248
f 10233 10248 10249
f 10233 10249 10250
f 10233 10250 10251
f 10233 10251 10252
f 10234 10253 10235
f 10235 10254 10255
f 10235 10255 10256
f 10235 10256 10236
f 10235 10253 10257
f 10235 10257 10254
f 10236 10256 10237
f 10237 10256 10239
f 10239 10256 10258
f 10239 10258 10259
f 10239 10259 10260
f 10239 10260 10240
f 10240 10260 10241
f 10241 10260 10259
f 10241 10259 10261
f 10244 10262 10245
f 10246 10263 10264
f 10246 10264 10247
f 10248 10265 10275
f 10248 10275 10272
f 10248 10272 10271
f 10248 10271 10270
f 10248 10270 10277
f 10248 10277 10266
f 10248 10266 10252
f 10248 10252 10251
f 10248 10251 10250
f 10248 10250 10249
f 10253 10267 10257
f 10254 10257 10268
f 10254 10268 10269
f 10254 10269 10255
f 10255 10269 10256
f 10256 10269 10258
f 10257 10267 10270
f 10257 10270 10271
f 10257 10271 10272
f 10257 10272 10268
f 10258 10273 10259
f 10258 10269 10274
f 10258 10274 10273
f 10259 10273 10261
f 10265 10276 10275
f 10266 10277 10267
f 10267 10277 10270
f 10268 10278 10269
f 10268 10272 10275
f 10268 10275 10276
f 10269 10278 10274
f 10279 10280 10283
f 10279 10283 10288
f 10279 10288 10284
f 10279 10284 10281
f 10279 10281 10282
f 10279 10282 10280
f 10280 10282 10286
f 10280 10286 10297
f 10280 10297 10307
f 10280 10307 10318
f 10280 10318 10317
f 10280 10317 10316
f 10280 10316 10330
f 10280 10330 10341
f 10280 10341 10340
f 10280 10340 10346
f 10280 10346 10345
f 10280 10345 10344
f 10280 10344 10347
f 10280 10347 10332
f 10280 10332 10320
f 10280 10320 10319
f 10280 10319 10310
f 10280 10310 10309
f 10280 10309 10308
f 10280 10308 10298
f 10280 10298 10287
f 10280 10287 10283
f 10281 10284 10294
f 10281 10294 10302
f 10281 10302 10312
f 10281 10312 10322
f 10281 10322 10336
f 10281 10336 10351
f 10281 10351 10350
f 10281 10350 10339
f 10281 10339 10326
f 10281 10326 10314
f 10281 10314 10303
f 10281 10303 10295
f 10281 10295 10285
f 10281 10285 10282
f 10282 10285 10295
f 10282 10295 10304
f 10282 10304 10305
f 10282 10305 10296
f 10282 10296 10286
f 10283 10287 10288
f 10284 10288 10289
f 10284 10289 10290
f 10284 10290 10291
f 10284 10291 10292
f 10284 10292 10293
f 10284 10293 10294
f 10286 10296 10297
f 10287 10298 10299
f 10287 10299 10290
f 10287 10290 10289
f 10287 10289 10288
f 10290 10299 10291
f 10291 10299 10292
f 10292 10299 10300
f 10292 10300 10294
f 10292 10294 10293
f 10294 10301 10302
f 10294 10300 10301
f 10295 10303 10304
f 10296 10305 10306
f 10296 10306 10297
f 10297 10306 10307
f 10298 10308 10299
f 10299 10308 10309
f 10299 10309 10310
f 10299 10310 10301
f 10299 10301 10300
f 10301 10310 10311
f 10301 10311 10302
f 10302 10311 10312
f 10303 10313 10304
f 10303 10314 10313
f 10304 10313 10306
f 10304 10306 10305
f 10306 10315 10316
f 10306 10316 10317
f 10306 10317 10318
f 10306 10318 10307
f 10306 10313 10315
f 10310 10319 10311
f 10311 10319 10320
f 10311 10320 10321
f 10311 10321 10322
f 10311 10322 10312
f 10313 10314 10323
f 10313 10323 10324
f 10313 10324 10325
f 10313 10325 10315
f 10314 10326 10323
f 10315 10325 10324
f 10315 10324 10327
f 10315 10327 10328
f 10315 10328 10329
f 10315 10329 10330
f 10315 10330 10316
f 10320 10331 10321
f 10320 10332 10333
f 10320 10333 10331
f 10321 10331 10334
f 10321 10334 10335
f 10321 10335 10322
f 10322 10335 10336
f 10323 10326 10324
f 10324 10326 10337
f 10324 10337 10338
f 10324 10338 10327
f 10326 10339 10337
f 10327 10338 10328
f 10328 10340 10341
f 10328 10341 10329
f 10328 10338 10342
f 10328 10342 10343
f 10328 10343 10333
f 10328 10333 10344
f 10328 10344 10345
f 10328 10345 10346
f 10328 10346 10340
f 10329 10341 10330
f 10331 10333 10334
f 10332 10347 10333
f 10333 10343 10334
f 10333 10347 10344
f 10334 10343 10342
f 10334 10342 10338
f 10334 10338 10337
f 10334 10337 10348
f 10334 10348 10349
f 10334 10349 10350
f 10334 10350 10335
f 10335 10350 10351
f 10335 10351 10336
f 10337 10339 10349
f 10337 10349 10348
f 10339 10350 10349
f 10352 10353 10360
f 10352 10360 10369
f 10352 10369 10380
f 10352 10380 10394
f 10352 10394 10381
f 10352 10381 10370
f 10352 10370 10361
f 10352 10361 10354
f 10352 10354 10363
f 10352 10363 10374
f 10352 10374 10383
f 10352 10383 10382
f 10352 10382 10385
f 10352 10385 10396
f 10352 10396 10390
f 10352 10390 10389
f 10352 10389 10388
f 10352 10388 10387
f 10352 10387 10392
f 10352 10392 10378
f 10352 10378 10367
f 10352 10367 10366
f 10352 10366 10364
f 10352 10364 10355
f 10352 10355 10356
f 10352 10356 10357
f 10352 10357 10358
f 10352 10358 10353
f 10353 10359 10360
f 10353 10358 10359
f 10354 10361 10362
f 10354 10362 10363
f 10355 10364 10356
f 10356 10365 10377
f 10356 10377 10391
f 10356 10391 10404
f 10356 10404 10409
f 10356 10409 10418
f 10356 10418 10413
f 10356 10413 10407
f 10356 10407 10412
f 10356 10412 10410
f 10356 10410 10405
f 10356 10405 10393
f 10356 10393 10379
f 10356 10379 10368
f 10356 10368 10359
f 10356 10359 10358
f 10356 10358 10357
f 10356 10364 10366
f 10356 10366 10367
f 10356 10367 10365
f 10359 10368 10360
f 10360 10368 10369
f 10361 10370 10371
f 10361 10371 10372
f 10361 10372 10362
f 10362 10373 10374
f 10362 10374 10363
f 10362 10372 10375
f 10362 10375 10376
f 10362 10376 10373
f 10365 10367 10378
f 10365 10378 10377
f 10368 10379 10380
f 10368 10380 10369
f 10370 10381 10393
f 10370 10393 10405
f 10370 10405 10408
f 10370 10408 10403
f 10370 10403 10402
f 10370 10402 10401
f 10370 10401 10400
f 10370 10400 10399
f 10370 10399 10398
f 10370 10398 10397
f 10370 10397 10386
f 10370 10386 10376
f 10370 10376 10375
f 10370 10375 10372
f 10370 10372 10371
f 10373 10382 10383
f 10373 10383 10384
f 10373 10384 10374
f 10373 10376 10385
f 10373 10385 10382
f 10374 10384 10383
f 10376 10386 10385
f 10377 10387 10388
f 10377 10388 10389
f 10377 10389 10390
f 10377 10390 10391
f 10377 10378 10392
f 10377 10392 10387
f 10379 10393 10380
f 10380 10393 10394
f 10381 10394 10393
f 10385 10395 10406
f 10385 10406 10411
f 10385 10411 10416
f 10385 10416 10415
f 10385 10415 10414
f 10385 10414 10419
f 10385 10419 10420
f 10385 10420 10417
f 10385 10417 10409
f 10385 10409 10404
f 10385 10404 10396
f 10385 10386 10397
f 10385 10397 10398
f 10385 10398 10399
f 10385 10399 10400
f 10385 10400 10401
f 10385 10401 10402
f 10385 10402 10403
f 10385 10403 10395
f 10390 10396 10391
f 10391 10396 10404
f 10395 10403 10407
f 10395 10407 10406
f 10403 10408 10407
f 10405 10410 10408
f 10406 10407 10411
f 10407 10408 10412
f 10407 10413 10414
f 10407 10414 10415
f 10407 10415 10416
f 10407 10416 10411
f 10408 10410 10412
f 10409 10417 10418
f 10413 10418 10419
f 10413 10419 10414
f 10417 10420 10418
f 10418 10420 10419
f 10421 10422 10426
f 10421 10426 10441
f 10421 10441 10454
f 10421 10454 10457
f 10421 10457 10443
f 10421 10443 10428
f 10421 10428 10423
f 10421 10423 10437
f 10421 10437 10450
f 10421 10450 10462
f 10421 10462 10453
f 10421 10453 10440
f 10421 10440 10439
f 10421 10439 10427
f 10421 10427 10424
f 10421 10424 10422
f 10422 10425 10438
f 10422 10438 10452
f 10422 10452 10466
f 10422 10466 10475
f 10422 10475 10474
f 10422 10474 10473
f 10422 10473 10476
f 10422 10476 10470
f 10422 10470 10458
f 10422 10458 10444
f 10422 10444 10459
f 10422 10459 10469
f 10422 10469 10468
f 10422 10468 10467
f 10422 10467 10456
f 10422 10456 10455
f 10422 10455 10442
f 10422 10442 10426
f 10422 10424 10427
f 10422 10427 10425
f 10423 10428 10429
f 10423 10429 10430
f 10423 10430 10431
f 10423 10431 10432
f 10423 10432 10433
f 10423 10433 10434
f 10423 10434 10435
f 10423 10435 10436
f 10423 10436 10437
f 10425 10427 10439
f 10425 10439 10440
f 10425 10440 10438
f 10426 10442 10441
f 10428 10443 10444
f 10428 10444 10445
f 10428 10445 10446
f 10428 10446 10447
f 10428 10447 10429
f 10429 10447 10446
f 10429 10446 10445
f 10429 10445 10444
f 10429 10444 10458
f 10429 10458 10460
f 10429 10460 10448
f 10429 10448 10434
f 10429 10434 10433
f 10429 10433 10432
f 10429 10432 10431
f 10429 10431 10430
f 10434 10448 10449
f 10434 10449 10436
f 10434 10436 10435
f 10436 10449 10450
f 10436 10450 10437
f 10438 10440 10451
f 10438 10451 10452
f 10440 10453 10461
f 10440 10461 10448
f 10440 10448 10460
f 10440 10460 10471
f 10440 10471 10472
f 10440 10472 10465
f 10440 10465 10464
f 10440 10464 10463
f 10440 10463 10451
f 10441 10442 10455
f 10441 10455 10456
f 10441 10456 10454
f 10443 10457 10444
f 10444 10457 10459
f 10448 10461 10449
f 10449 10462 10450
f 10449 10461 10462
f 10451 10463 10452
f 10452 10463 10464
f 10452 10464 10465
f 10452 10465 10466
f 10453 10462 10461
f 10454 10456 10467
f 10454 10467 10468
f 10454 10468 10469
f 10454 10469 10459
f 10454 10459 10457
f 10458 10470 10460
f 10460 10470 10471
f 10465 10472 10473
f 10465 10473 10474
f 10465 10474 10475
f 10465 10475 10466
f 10470 10476 10471
f 10471 10476 10473
f 10471 10473 10472
f 10477 10478 10485
f 10477 10485 10496
f 10477 10496 10514
f 10477 10514 10517
f 10477 10517 10515
f 10477 10515 10499
f 10477 10499 10497
f 10477 10497 10486
f 10477 10486 10479
f 10477 10479 10491
f 10477 10491 10506
f 10477 10506 10526
f 10477 10526 10544
f 10477 10544 10527
f 10477 10527 10507
f 10477 10507 10495
f 10477 10495 10492
f 10477 10492 10480
f 10477 10480 10481
f 10477 10481 10482
f 10477 10482 10483
f 10477 10483 10484
f 10477 10484 10478
f 10478 10484 10485
f 10479 10486 10487
f 10479 10487 10488
f 10479 10488 10489
f 10479 10489 10490
f 10479 10490 10491
f 10480 10492 10481
f 10481 10493 10507
f 10481 10507 10527
f 10481 10527 10533
f 10481 10533 10528
f 10481 10528 10508
f 10481 10508 10494
f 10481 10494 10512
f 10481 10512 10532
f 10481 10532 10531
f 10481 10531 10546
f 10481 10546 10539
f 10481 10539 10538
f 10481 10538 10537
f 10481 10537 10536
f 10481 10536 10535
f 10481 10535 10534
f 10481 10534 10513
f 10481 10513 10496
f 10481 10496 10485
f 10481 10485 10484
f 10481 10484 10483
f 10481 10483 10482
f 10481 10492 10495
f 10481 10495 10493
f 10486 10497 10487
f 10487 10498 10488
f 10487 10497 10499
f 10487 10499 10500
f 10487 10500 10501
f 10487 10501 10502
f 10487 10502 10503
f 10487 10503 10504
f 10487 10504 10505
f 10487 10505 10498
f 10488 10498 10489
f 10489 10498 10490
f 10490 10505 10506
f 10490 10506 10491
f 10490 10498 10505
f 10493 10495 10507
f 10494 10508 10509
f 10494 10509 10510
f 10494 10510 10511
f 10494 10511 10512
f 10496 10513 10514
f 10499 10515 10516
f 10499 10516 10500
f 10500 10516 10501
f 10501 10516 10515
f 10501 10515 10517
f 10501 10517 10518
f 10501 10518 10519
f 10501 10519 10520
f 10501 10520 10521
f 10501 10521 10522
f 10501 10522 10503
f 10501 10503 10502
f 10503 10523 10504
f 10503 10522 10524
f 10503 10524 10523
f 10504 10525 10505
f 10504 10523 10525
f 10505 10525 10506
f 10506 10525 10526
f 10508 10528 10509
f 10509 10529 10530
f 10509 10530 10531
f 10509 10531 10532
f 10509 10532 10511
f 10509 10511 10510
f 10509 10528 10533
f 10509 10533 10527
f 10509 10527 10529
f 10511 10532 10512
f 10513 10534 10518
f 10513 10518 10514
f 10514 10518 10517
f 10518 10534 10535
f 10518 10535 10519
f 10519 10535 10536
f 10519 10536 10537
f 10519 10537 10520
f 10520 10537 10521
f 10521 10537 10522
f 10522 10537 10538
f 10522 10538 10539
f 10522 10539 10540
f 10522 10540 10541
f 10522 10541 10542
f 10522 10542 10524
f 10523 10524 10543
f 10523 10543 10525
f 10524 10541 10529
f 10524 10529 10543
f 10524 10542 10541
f 10525 10543 10527
f 10525 10527 10544
f 10525 10544 10526
f 10527 10543 10529
f 10529 10541 10530
f 10530 10541 10539
f 10530 10539 10545
f 10530 10545 10531
f 10531 10545 10546
f 10539 10546 10545
f 10539 10541 10540
f 10548 10549 10547
f 10548 10550 10549
f 10548 10551 10550
f 10548 10552 10551
f 10548 10547 10552
f 10552 10547 10553
f 10552 10553 10551
f 10554 10551 10553
f 10554 10555 10551
f 10556 10555 10554
f 10557 10555 10556
f 10558 10555 10557
f 10558 10559 10555
f 10558 10557 10559
f 10557 10560 10559
f 10557 10556 10560
f 10561 10560 10556
f 10561 10562 10560
f 10561 10563 10562
f 10561 10564 10563
f 10561 10556 10564
f 10565 10564 10556
f 10565 10566 10564
f 10565 10554 10566
f 10565 10556 10554
f 10567 10566 10554
f 10567 10568 10566
f 10569 10568 10567
f 10569 10554 10568
f 10569 10567 10554
f 10570 10568 10554
f 10570 10553 10568
f 10570 10554 10553
f 10568 10553 10571
f 10568 10571 10566
f 10571 10572 10566
f 10547 10572 10571
f 10573 10572 10547
f 10574 10572 10573
f 10575 10572 10574
f 10575 10576 10572
f 10575 10577 10576
f 10575 10574 10577
f 10574 10578 10577
f 10574 10573 10578
f 10549 10578 10573
f 10579 10578 10549
f 10579 10580 10578
f 10579 10549 10580
f 10549 10550 10580
f 10580 10550 10581
f 10580 10581 10582
f 10580 10582 10583
f 10580 10583 10578
f 10584 10578 10583
f 10584 10585 10578
f 10586 10585 10584
f 10586 10587 10585
f 10586 10588 10587
f 10586 10589 10588
f 10586 10590 10589
f 10586 10584 10590
f 10590 10584 10583
f 10590 10583 10591
f 10589 10590 10591
f 10589 10591 10592
f 10589 10592 10593
f 10589 10593 10594
f 10589 10594 10595
f 10589 10595 10588
f 10595 10596 10588
f 10595 10597 10596
f 10595 10594 10597
f 10594 10598 10597
f 10594 10599 10598
f 10594 10600 10599
f 10601 10600 10594
f 10601 10602 10600
f 10601 10593 10602
f 10601 10594 10593
f 10592 10602 10593
f 10592 10603 10602
f 10592 10591 10603
f 10603 10591 10581
f 10604 10603 10581
f 10604 10602 10603
f 10604 10605 10602
f 10604 10581 10605
f 10606 10605 10581
f 10606 10607 10605
f 10606 10608 10607
f 10606 10609 10608
f 10606 10581 10609
f 10609 10581 10610
f 10609 10610 10611
f 10612 10609 10611
f 10612 10608 10609
f 10607 10608 10612
f 10613 10607 10612
f 10614 10607 10613
f 10614 10599 10607
f 10615 10599 10614
f 10615 10598 10599
f 10615 10616 10598
f 10615 10617 10616
f 10618 10617 10615
f 10618 10560 10617
f 10618 10613 10560
f 10618 10615 10613
f 10615 10614 10613
f 10613 10559 10560
f 10619 10559 10613
f 10619 10611 10559
f 10619 10620 10611
f 10619 10613 10620
f 10620 10613 10612
f 10620 10612 10611
f 10559 10611 10555
f 10610 10555 10611
f 10610 10581 10555
f 10555 10581 10551
f 10550 10551 10581
f 10617 10560 10562
f 10617 10562 10616
f 10562 10563 10616
f 10621 10616 10563
f 10622 10616 10621
f 10622 10598 10616
f 10622 10623 10598
f 10622 10624 10623
f 10622 10621 10624
f 10621 10625 10624
f 10621 10563 10625
f 10563 10626 10625
f 10563 10627 10626
f 10563 10564 10627
f 10628 10627 10564
f 10628 10629 10627
f 10628 10566 10629
f 10628 10564 10566
f 10629 10566 10630
f 10629 10630 10626
f 10629 10626 10627
f 10631 10626 10630
f 10632 10626 10631
f 10633 10626 10632
f 10633 10625 10626
f 10633 10624 10625
f 10633 10634 10624
f 10633 10635 10634
f 10633 10632 10635
f 10632 10636 10635
f 10637 10636 10632
f 10637 10638 10636
f 10637 10631 10638
f 10639 10631 10637
f 10639 10632 10631
f 10639 10637 10632
f 10638 10631 10572
f 10640 10638 10572
f 10641 10638 10640
f 10642 10638 10641
f 10642 10643 10638
f 10642 10641 10643
f 10644 10643 10641
f 10644 10645 10643
f 10644 10576 10645
f 10644 10641 10576
f 10641 10640 10576
f 10640 10572 10576
f 10646 10645 10576
f 10646 10647 10645
f 10646 10648 10647
f 10646 10577 10648
f 10646 10576 10577
f 10648 10577 10578
f 10648 10578 10649
f 10647 10648 10649
f 10647 10649 10650
f 10651 10647 10650
f 10651 10645 10647
f 10651 10652 10645
f 10651 10653 10652
f 10651 10654 10653
f 10651 10650 10654
f 10654 10650 10655
f 10654 10655 10656
f 10654 10656 10634
f 10654 10634 10653
f 10657 10653 10634
f 10657 10658 10653
f 10657 10635 10658
f 10657 10634 10635
f 10658 10635 10636
f 10659 10658 10636
f 10659 10652 10658
f 10643 10652 10659
f 10643 10645 10652
f 10643 10659 10638
f 10659 10636 10638
f 10658 10652 10653
f 10623 10634 10656
f 10623 10624 10634
f 10596 10623 10656
f 10596 10597 10623
f 10623 10597 10598
f 10596 10656 10588
f 10587 10588 10656
f 10587 10656 10660
f 10587 10660 10585
f 10660 10661 10585
f 10660 10649 10661
f 10660 10650 10649
f 10660 10656 10650
f 10650 10656 10655
f 10661 10649 10578
f 10661 10578 10585
f 10631 10630 10572
f 10630 10566 10572
f 10607 10599 10600
f 10607 10600 10602
f 10607 10602 10605
f 10582 10581 10591
f 10582 10591 10583
f 10549 10573 10547
f 10553 10547 10571
f 10662 10663 10664
f 10662 10664 10665
f 10662 10665 10674
f 10662 10674 10681
f 10662 10681 10695
f 10662 10695 10713
f 10662 10713 10720
f 10662 10720 10698
f 10662 10698 10697
f 10662 10697 10687
f 10662 10687 10686
f 10662 10686 10682
f 10662 10682 10675
f 10662 10675 10666
f 10662 10666 10676
f 10662 10676 10685
f 10662 10685 10702
f 10662 10702 10701
f 10662 10701 10703
f 10662 10703 10688
f 10662 10688 10677
f 10662 10677 10672
f 10662 10672 10671
f 10662 10671 10670
f 10662 10670 10669
f 10662 10669 10668
f 10662 10668 10667
f 10662 10667 10663
f 10663 10667 10664
f 10664 10667 10668
f 10664 10668 10669
f 10664 10669 10670
f 10664 10670 10671
f 10664 10671 10672
f 10664 10672 10677
f 10664 10677 10689
f 10664 10689 10705
f 10664 10705 10723
f 10664 10723 10738
f 10664 10738 10740
f 10664 10740 10726
f 10664 10726 10708
f 10664 10708 10690
f 10664 10690 10678
f 10664 10678 10673
f 10664 10673 10679
f 10664 10679 10692
f 10664 10692 10711
f 10664 10711 10710
f 10664 10710 10728
f 10664 10728 10745
f 10664 10745 10744
f 10664 10744 10743
f 10664 10743 10748
f 10664 10748 10730
f 10664 10730 10715
f 10664 10715 10714
f 10664 10714 10712
f 10664 10712 10694
f 10664 10694 10693
f 10664 10693 10680
f 10664 10680 10674
f 10664 10674 10665
f 10666 10675 10676
f 10673 10678 10679
f 10674 10680 10681
f 10675 10682 10676
f 10676 10683 10684
f 10676 10684 10685
f 10676 10682 10686
f 10676 10686 10687
f 10676 10687 10683
f 10677 10688 10689
f 10678 10690 10691
f 10678 10691 10679
f 10679 10691 10692
f 10680 10693 10681
f 10681 10694 10695
f 10681 10693 10694
f 10683 10696 10684
f 10683 10687 10697
f 10683 10697 10698
f 10683 10698 10696
f 10684 10696 10699
f 10684 10699 10700
f 10684 10700 10701
f 10684 10701 10702
f 10684 10702 10685
f 10688 10703 10704
f 10688 10704 10689
f 10689 10704 10706
f 10689 10706 10707
f 10689 10707 10705
f 10690 10708 10691
f 10691 10708 10709
f 10691 10709 10710
f 10691 10710 10711
f 10691 10711 10692
f 10694 10712 10695
f 10695 10712 10714
f 10695 10714 10715
f 10695 10715 10716
f 10695 10716 10717
f 10695 10717 10713
f 10696 10718 10719
f 10696 10719 10699
f 10696 10698 10720
f 10696 10720 10713
f 10696 10713 10718
f 10699 10721 10700
f 10699 10719 10721
f 10700 10721 10704
f 10700 10704 10701
f 10701 10704 10703
f 10704 10721 10706
f 10705 10707 10722
f 10705 10722 10723
f 10706 10721 10724
f 10706 10724 10725
f 10706 10725 10722
f 10706 10722 10707
f 10708 10726 10709
f 10709 10726 10727
f 10709 10727 10710
f 10710 10727 10728
f 10713 10717 10729
f 10713 10729 10718
f 10715 10730 10731
f 10715 10731 10716
f 10716 10731 10717
f 10717 10731 10732
f 10717 10732 10733
f 10717 10733 10734
f 10717 10734 10735
f 10717 10735 10719
f 10717 10719 10729
f 10718 10729 10719
f 10719 10735 10721
f 10721 10735 10724
f 10722 10725 10736
f 10722 10736 10737
f 10722 10737 10738
f 10722 10738 10723
f 10724 10736 10725
f 10724 10735 10739
f 10724 10739 10736
f 10726 10740 10727
f 10727 10741 10742
f 10727 10742 10743
f 10727 10743 10744
f 10727 10744 10745
f 10727 10745 10728
f 10727 10740 10746
f 10727 10746 10736
f 10727 10736 10747
f 10727 10747 10741
f 10730 10748 10731
f 10731 10748 10742
f 10731 10742 10732
f 10732 10749 10733
f 10732 10742 10749
f 10733 10749 10734
f 10734 10739 10735
f 10734 10749 10739
f 10736 10746 10737
f 10736 10739 10747
f 10737 10746 10740
f 10737 10740 10738
f 10739 10749 10741
f 10739 10741 10747
f 10741 10749 10742
f 10742 10748 10743
f 10750 10751 10752
f 10750 10752 10753
f 10750 10753 10758
f 10750 10758 10762
f 10750 10762 10768
f 10750 10768 10778
f 10750 10778 10770
f 10750 10770 10763
f 10750 10763 10759
f 10750 10759 10754
f 10750 10754 10755
f 10750 10755 10751
f 10751 10755 10760
f 10751 10760 10765
f 10751 10765 10773
f 10751 10773 10775
f 10751 10775 10766
f 10751 10766 10761
f 10751 10761 10757
f 10751 10757 10756
f 10751 10756 10752
f 10752 10756 10753
f 10753 10757 10758
f 10753 10756 10757
f 10754 10759 10755
f 10755 10759 10763
f 10755 10763 10769
f 10755 10769 10779
f 10755 10779 10788
f 10755 10788 10790
f 10755 10790 10785
f 10755 10785 10784
f 10755 10784 10772
f 10755 10772 10764
f 10755 10764 10760
f 10757 10761 10758
f 10758 10761 10766
f 10758 10766 10774
f 10758 10774 10782
f 10758 10782 10777
f 10758 10777 10767
f 10758 10767 10762
f 10760 10764 10765
f 10762 10767 10768
f 10763 10770 10771
f 10763 10771 10769
f 10764 10772 10765
f 10765 10772 10773
f 10766 10775 10776
f 10766 10776 10774
f 10767 10777 10768
f 10768 10777 10778
f 10769 10771 10779
f 10770 10778 10771
f 10771 10780 10781
f 10771 10781 10779
f 10771 10778 10782
f 10771 10782 10783
f 10771 10783 10780
f 10772 10784 10776
f 10772 10776 10773
f 10773 10776 10775
f 10774 10776 10783
f 10774 10783 10782
f 10776 10784 10785
f 10776 10785 10786
f 10776 10786 10787
f 10776 10787 10783
f 10777 10782 10778
f 10779 10781 10788
f 10780 10789 10781
f 10780 10783 10789
f 10781 10789 10787
f 10781 10787 10786
f 10781 10786 10790
f 10781 10790 10788
f 10783 10787 10789
f 10785 10790 10786
f 10791 10792 10796
f 10791 10796 10801
f 10791 10801 10808
f 10791 10808 10819
f 10791 10819 10812
f 10791 10812 10803
f 10791 10803 10797
f 10791 10797 10793
f 10791 10793 10798
f 10791 10798 10805
f 10791 10805 10813
f 10791 10813 10816
f 10791 10816 10806
f 10791 10806 10799
f 10791 10799 10794
f 10791 10794 10795
f 10791 10795 10792
f 10792 10795 10800
f 10792 10800 10807
f 10792 10807 10817
f 10792 10817 10810
f 10792 10810 10802
f 10792 10802 10796
f 10793 10797 10798
f 10794 10799 10800
f 10794 10800 10795
f 10796 10802 10801
f 10797 10803 10804
f 10797 10804 10798
f 10798 10804 10805
f 10799 10806 10807
f 10799 10807 10800
f 10801 10802 10809
f 10801 10809 10808
f 10802 10810 10811
f 10802 10811 10809
f 10803 10812 10804
f 10804 10813 10805
f 10804 10812 10814
f 10804 10814 10815
f 10804 10815 10813
f 10806 10816 10815
f 10806 10815 10825
f 10806 10825 10824
f 10806 10824 10823
f 10806 10823 10822
f 10806 10822 10821
f 10806 10821 10817
f 10806 10817 10807
f 10808 10809 10818
f 10808 10818 10814
f 10808 10814 10819
f 10809 10811 10820
f 10809 10820 10818
f 10810 10817 10821
f 10810 10821 10822
f 10810 10822 10823
f 10810 10823 10811
f 10811 10823 10824
f 10811 10824 10825
f 10811 10825 10820
f 10812 10819 10814
f 10813 10815 10816
f 10814 10818 10820
f 10814 10820 10826
f 10814 10826 10815
f 10815 10826 10825
f 10820 10825 10826
f 10827 10828 10834
f 10827 10834 10841
f 10827 10841 10849
f 10827 10849 10862
f 10827 10862 10864
f 10827 10864 10850
f 10827 10850 10842
f 10827 10842 10835
f 10827 10835 10829
f 10827 10829 10830
f 10827 10830 10831
f 10827 10831 10832
f 10827 10832 10833
f 10827 10833 10828
f 10828 10833 10834
f 10829 10835 10843
f 10829 10843 10852
f 10829 10852 10868
f 10829 10868 10882
f 10829 10882 10893
f 10829 10893 10894
f 10829 10894 10896
f 10829 10896 10895
f 10829 10895 10884
f 10829 10884 10883
f 10829 10883 10869
f 10829 10869 10853
f 10829 10853 10844
f 10829 10844 10836
f 10829 10836 10831
f 10829 10831 10830
f 10831 10836 10832
f 10832 10836 10837
f 10832 10837 10833
f 10833 10838 10834
f 10833 10837 10839
f 10833 10839 10838
f 10834 10838 10840
f 10834 10840 10841
f 10835 10842 10843
f 10836 10844 10837
f 10837 10844 10845
f 10837 10845 10846
f 10837 10846 10847
f 10837 10847 10839
f 10838 10839 10848
f 10838 10848 10859
f 10838 10859 10858
f 10838 10858 10857
f 10838 10857 10856
f 10838 10856 10861
f 10838 10861 10875
f 10838 10875 10890
f 10838 10890 10891
f 10838 10891 10876
f 10838 10876 10863
f 10838 10863 10849
f 10838 10849 10841
f 10838 10841 10840
f 10839 10847 10848
f 10842 10850 10851
f 10842 10851 10843
f 10843 10851 10865
f 10843 10865 10878
f 10843 10878 10877
f 10843 10877 10863
f 10843 10863 10876
f 10843 10876 10892
f 10843 10892 10879
f 10843 10879 10866
f 10843 10866 10852
f 10844 10853 10845
f 10845 10853 10854
f 10845 10854 10855
f 10845 10855 10846
f 10846 10856 10857
f 10846 10857 10858
f 10846 10858 10859
f 10846 10859 10848
f 10846 10848 10847
f 10846 10855 10860
f 10846 10860 10861
f 10846 10861 10856
f 10849 10863 10862
f 10850 10864 10851
f 10851 10864 10865
f 10852 10866 10867
f 10852 10867 10868
f 10853 10869 10854
f 10854 10869 10870
f 10854 10870 10871
f 10854 10871 10872
f 10854 10872 10855
f 10855 10872 10871
f 10855 10871 10860
f 10860 10871 10873
f 10860 10873 10874
f 10860 10874 10875
f 10860 10875 10861
f 10862 10863 10864
f 10863 10877 10864
f 10864 10877 10878
f 10864 10878 10865
f 10866 10879 10867
f 10867 10879 10880
f 10867 10880 10881
f 10867 10881 10868
f 10868 10881 10882
f 10869 10883 10870
f 10870 10883 10884
f 10870 10884 10885
f 10870 10885 10886
f 10870 10886 10871
f 10871 10886 10873
f 10873 10886 10885
f 10873 10885 10887
f 10873 10887 10881
f 10873 10881 10888
f 10873 10888 10874
f 10874 10888 10889
f 10874 10889 10890
f 10874 10890 10875
f 10876 10891 10892
f 10879 10892 10880
f 10880 10892 10891
f 10880 10891 10888
f 10880 10888 10881
f 10881 10893 10882
f 10881 10887 10885
f 10881 10885 10894
f 10881 10894 10893
f 10884 10895 10885
f 10885 10896 10894
f 10885 10895 10896
f 10888 10891 10890
f 10888 10890 10889
f 10897 10898 10901
f 10897 10901 10907
f 10897 10907 10916
f 10897 10916 10929
f 10897 10929 10948
f 10897 10948 10962
f 10897 10962 10961
f 10897 10961 10960
f 10897 10960 10936
f 10897 10936 10920
f 10897 10920 10919
f 10897 10919 10909
f 10897 10909 10903
f 10897 10903 10899
f 10897 10899 10904
f 10897 10904 10911
f 10897 10911 10924
f 10897 10924 10941
f 10897 10941 10967
f 10897 10967 10973
f 10897 10973 10972
f 10897 10972 10946
f 10897 10946 10927
f 10897 10927 10913
f 10897 10913 10905
f 10897 10905 10900
f 10897 10900 10898
f 10898 10900 10902
f 10898 10902 10908
f 10898 10908 10918
f 10898 10918 10935
f 10898 10935 10959
f 10898 10959 10980
f 10898 10980 10975
f 10898 10975 10950
f 10898 10950 10930
f 10898 10930 10915
f 10898 10915 10906
f 10898 10906 10901
f 10899 10903 10904
f 10900 10905 10912
f 10900 10912 10926
f 10900 10926 10945
f 10900 10945 10971
f 10900 10971 10982
f 10900 10982 10981
f 10900 10981 10977
f 10900 10977 10976
f 10900 10976 10951
f 10900 10951 10931
f 10900 10931 10917
f 10900 10917 10908
f 10900 10908 10902
f 10901 10906 10907
f 10903 10909 10910
f 10903 10910 10904
f 10904 10910 10911
f 10905 10913 10914
f 10905 10914 10912
f 10906 10915 10907
f 10907 10915 10916
f 10908 10917 10918
f 10909 10919 10910
f 10910 10919 10920
f 10910 10920 10921
f 10910 10921 10922
f 10910 10922 10923
f 10910 10923 10911
f 10911 10923 10924
f 10912 10914 10925
f 10912 10925 10926
f 10913 10927 10914
f 10914 10927 10928
f 10914 10928 10925
f 10915 10929 10916
f 10915 10930 10929
f 10917 10931 10932
f 10917 10932 10933
f 10917 10933 10918
f 10918 10933 10934
f 10918 10934 10935
f 10920 10936 10921
f 10921 10936 10937
f 10921 10937 10938
f 10921 10938 10939
f 10921 10939 10922
f 10922 10939 10940
f 10922 10940 10923
f 10923 10940 10924
f 10924 10940 10942
f 10924 10942 10941
f 10925 10928 10943
f 10925 10943 10944
f 10925 10944 10926
f 10926 10944 10945
f 10927 10946 10928
f 10928 10946 10947
f 10928 10947 10943
f 10929 10930 10949
f 10929 10949 10948
f 10930 10950 10949
f 10931 10951 10932
f 10932 10952 10953
f 10932 10953 10933
f 10932 10951 10952
f 10933 10953 10954
f 10933 10954 10934
f 10934 10955 10956
f 10934 10956 10957
f 10934 10957 10935
f 10934 10954 10955
f 10935 10957 10958
f 10935 10958 10959
f 10936 10960 10937
f 10937 10960 10961
f 10937 10961 10962
f 10937 10962 10963
f 10937 10963 10964
f 10937 10964 10938
f 10938 10964 10939
f 10939 10956 10965
f 10939 10965 10966
f 10939 10966 10940
f 10939 10964 10956
f 10940 10966 10947
f 10940 10947 10942
f 10941 10942 10947
f 10941 10947 10967
f 10943 10968 10969
f 10943 10969 10944
f 10943 10947 10970
f 10943 10970 10968
f 10944 10969 10971
f 10944 10971 10945
f 10946 10972 10947
f 10947 10966 10970
f 10947 10972 10973
f 10947 10973 10967
f 10948 10949 10963
f 10948 10963 10962
f 10949 10974 10963
f 10949 10950 10958
f 10949 10958 10957
f 10949 10957 10956
f 10949 10956 10974
f 10950 10975 10958
f 10951 10976 10952
f 10952 10976 10977
f 10952 10977 10978
f 10952 10978 10979
f 10952 10979 10953
f 10953 10979 10954
f 10954 10979 10965
f 10954 10965 10955
f 10955 10965 10956
f 10956 10964 10963
f 10956 10963 10974
f 10958 10980 10959
f 10958 10975 10980
f 10965 10979 10969
f 10965 10969 10966
f 10966 10969 10970
f 10968 10970 10969
f 10969 10978 10981
f 10969 10981 10982
f 10969 10982 10971
f 10969 10979 10978
f 10977 10981 10978
f 10984 10985 10983
f 10984 10986 10985
f 10987 10986 10984
f 10988 10986 10987
f 10988 10989 10986
f 10990 10989 10988
f 10990 10991 10989
f 10990 10992 10991
f 10990 10988 10992
f 10988 10993 10992
f 10988 10994 10993
f 10988 10987 10994
f 10987 10983 10994
f 10987 10984 10983
f 10995 10994 10983
f 10995 10996 10994
f 10995 10997 10996
f 10995 10983 10997
f 10997 10983 10998
f 10999 10997 10998
f 10999 11000 10997
f 10999 10998 11000
f 11000 10998 11001
f 11002 11000 11001
f 11002 11003 11000
f 11002 11004 11003
f 11002 11001 11004
f 11004 11001 11005
f 11004 11005 10998
f 11004 10998 11006
f 11003 11004 11006
f 11003 11006 11007
f 11003 11007 11008
f 11003 11008 11000
f 11000 11008 10997
f 11008 11009 10997
f 11008 11010 11009
f 11008 11011 11010
f 11008 11007 11011
f 11007 11012 11011
f 11007 11006 11012
f 11012 11006 10992
f 11013 11012 10992
f 11013 10993 11012
f 11013 10992 10993
f 10993 11014 11012
f 10993 11015 11014
f 10993 10994 11015
f 11015 10994 11010
f 11015 11010 11014
f 11010 11011 11014
f 11012 11014 11011
f 11010 10994 10996
f 11010 10996 11009
f 10997 11009 10996
f 10992 11006 11016
f 10991 10992 11016
f 11017 10991 11016
f 11017 10989 10991
f 11017 10986 10989
f 11017 11016 10986
f 11018 10986 11016
f 11018 11019 10986
f 11020 11019 11018
f 11020 11021 11019
f 11020 11018 11021
f 11022 11021 11018
f 11022 11023 11021
f 11022 11024 11023
f 11022 11025 11024
f 11022 11016 11025
f 11022 11018 11016
f 11025 11016 11026
f 11027 11025 11026
f 11027 11024 11025
f 11027 11021 11024
f 11027 11028 11021
f 11027 11029 11028
f 11030 11029 11027
f 11030 11028 11029
f 11030 11031 11028
f 11030 11032 11031
f 11030 11033 11032
f 11030 11034 11033
f 11030 11035 11034
f 11036 11035 11030
f 11036 11037 11035
f 11036 11030 11037
f 11030 11027 11037
f 11027 11038 11037
f 11027 11026 11038
f 11038 11026 11037
f 11026 11016 11037
f 11037 11016 11039
f 11035 11037 11039
f 11040 11035 11039
f 11040 11034 11035
f 11040 11041 11034
f 11040 11042 11041
f 11043 11042 11040
f 11043 11039 11042
f 11043 11040 11039
f 11042 11039 11044
f 11042 11044 11045
f 11042 11045 11046
f 11047 11042 11046
f 11047 11048 11042
f 11049 11048 11047
f 11049 11050 11048
f 11049 11051 11050
f 11049 11052 11051
f 11049 11047 11052
f 11052 11047 11053
f 11052 11053 11051
f 11053 11044 11051
f 11045 11044 11053
f 11054 11045 11053
f 11047 11045 11054
f 11047 11046 11045
f 11047 11054 11053
f 11044 11055 11051
f 11056 11055 11044
f 11056 11057 11055
f 11056 11044 11057
f 11044 11039 11057
f 11057 11039 11006
f 11058 11057 11006
f 11059 11057 11058
f 11059 11055 11057
f 11059 11060 11055
f 11059 11061 11060
f 11059 11058 11061
f 11062 11061 11058
f 11062 11063 11061
f 11064 11063 11062
f 11064 11065 11063
f 11064 11066 11065
f 11064 11067 11066
f 11064 11062 11067
f 11066 11067 11062
f 11066 11062 11058
f 11066 11058 11065
f 11068 11065 11058
f 11068 11069 11065
f 11068 11058 11069
f 10998 11069 11058
f 10998 10983 11069
f 10983 11019 11069
f 10985 11019 10983
f 10985 10986 11019
f 11070 11069 11019
f 11071 11069 11070
f 11071 11065 11069
f 11071 11070 11065
f 11072 11065 11070
f 11072 11073 11065
f 11072 11070 11073
f 11074 11073 11070
f 11074 11051 11073
f 11074 11070 11051
f 11075 11051 11070
f 11075 11050 11051
f 11075 11076 11050
f 11075 11070 11076
f 11076 11070 11019
f 11077 11076 11019
f 11078 11076 11077
f 11079 11076 11078
f 11079 11050 11076
f 11080 11050 11079
f 11080 11048 11050
f 11080 11042 11048
f 11080 11041 11042
f 11080 11033 11041
f 11080 11079 11033
f 11079 11077 11033
f 11079 11078 11077
f 11081 11033 11077
f 11082 11033 11081
f 11082 11031 11033
f 11082 11077 11031
f 11082 11081 11077
f 11083 11031 11077
f 11083 11021 11031
f 11083 11077 11021
f 11077 11019 11021
f 11028 11031 11021
f 11032 11033 11031
f 11034 11041 11033
f 11073 11051 11065
f 11051 11055 11065
f 11084 11065 11055
f 11063 11065 11084
f 11063 11084 11061
f 11060 11061 11084
f 11060 11084 11055
f 11085 10998 11058
f 11085 11006 10998
f 11085 11058 11006
f 11016 11006 11039
f 11023 11024 11021
f 11005 11001 10998
f 11086 11087 11091
f 11086 11091 11097
f 11086 11097 11111
f 11086 11111 11112
f 11086 11112 11099
f 11086 11099 11092
f 11086 11092 11088
f 11086 11088 11093
f 11086 11093 11101
f 11086 11101 11115
f 11086 11115 11132
f 11086 11132 11142
f 11086 11142 11136
f 11086 11136 11118
f 11086 11118 11103
f 11086 11103 11094
f 11086 11094 11089
f 11086 11089 11090
f 11086 11090 11087
f 11087 11090 11095
f 11087 11095 11106
f 11087 11106 11124
f 11087 11124 11141
f 11087 11141 11127
f 11087 11127 11126
f 11087 11126 11109
f 11087 11109 11108
f 11087 11108 11098
f 11087 11098 11091
f 11088 11092 11093
f 11089 11094 11102
f 11089 11102 11117
f 11089 11117 11135
f 11089 11135 11140
f 11089 11140 11137
f 11089 11137 11119
f 11089 11119 11104
f 11089 11104 11095
f 11089 11095 11090
f 11091 11096 11097
f 11091 11098 11096
f 11092 11099 11093
f 11093 11099 11100
f 11093 11100 11101
f 11094 11103 11102
f 11095 11104 11105
f 11095 11105 11106
f 11096 11107 11097
f 11096 11098 11108
f 11096 11108 11109
f 11096 11109 11110
f 11096 11110 11107
f 11097 11107 11111
f 11099 11112 11100
f 11100 11113 11114
f 11100 11114 11115
f 11100 11115 11101
f 11100 11112 11113
f 11102 11103 11116
f 11102 11116 11117
f 11103 11118 11116
f 11104 11119 11105
f 11105 11120 11121
f 11105 11121 11122
f 11105 11122 11106
f 11105 11119 11123
f 11105 11123 11120
f 11106 11122 11124
f 11107 11110 11125
f 11107 11125 11113
f 11107 11113 11111
f 11109 11126 11110
f 11110 11126 11127
f 11110 11127 11128
f 11110 11128 11129
f 11110 11129 11125
f 11111 11113 11112
f 11113 11125 11129
f 11113 11129 11130
f 11113 11130 11114
f 11114 11130 11131
f 11114 11131 11132
f 11114 11132 11115
f 11116 11118 11133
f 11116 11133 11134
f 11116 11134 11135
f 11116 11135 11117
f 11118 11136 11133
f 11119 11137 11123
f 11120 11138 11121
f 11120 11123 11138
f 11121 11138 11139
f 11121 11139 11129
f 11121 11129 11128
f 11121 11128 11122
f 11122 11128 11124
f 11123 11137 11140
f 11123 11140 11134
f 11123 11134 11138
f 11124 11128 11141
f 11127 11141 11128
f 11129 11139 11131
f 11129 11131 11130
f 11131 11142 11132
f 11131 11139 11133
f 11131 11133 11136
f 11131 11136 11142
f 11133 11139 11138
f 11133 11138 11134
f 11134 11140 11135
f 11143 11144 11145
f 11143 11145 11146
f 11143 11146 11147
f 11143 11147 11148
f 11143 11148 11149
f 11143 11149 11150
f 11143 11150 11151
f 11143 11151 11144
f 11144 11151 11162
f 11144 11162 11161
f 11144 11161 11160
f 11144 11160 11173
f 11144 11173 11172
f 11144 11172 11183
f 11144 11183 11192
f 11144 11192 11203
f 11144 11203 11205
f 11144 11205 11204
f 11144 11204 11194
f 11144 11194 11185
f 11144 11185 11176
f 11144 11176 11164
f 11144 11164 11152
f 11144 11152 11145
f 11145 11152 11163
f 11145 11163 11174
f 11145 11174 11177
f 11145 11177 11165
f 11145 11165 11153
f 11145 11153 11148
f 11145 11148 11147
f 11145 11147 11146
f 11148 11153 11149
f 11149 11153 11154
f 11149 11154 11155
f 11149 11155 11150
f 11150 11155 11156
f 11150 11156 11157
f 11150 11157 11158
f 11150 11158 11159
f 11150 11159 11160
f 11150 11160 11161
f 11150 11161 11162
f 11150 11162 11151
f 11152 11164 11163
f 11153 11165 11178
f 11153 11178 11187
f 11153 11187 11198
f 11153 11198 11191
f 11153 11191 11188
f 11153 11188 11180
f 11153 11180 11179
f 11153 11179 11168
f 11153 11168 11166
f 11153 11166 11154
f 11154 11166 11157
f 11154 11157 11156
f 11154 11156 11155
f 11157 11167 11158
f 11157 11166 11168
f 11157 11168 11169
f 11157 11169 11170
f 11157 11170 11171
f 11157 11171 11167
f 11158 11167 11159
f 11159 11167 11171
f 11159 11171 11172
f 11159 11172 11173
f 11159 11173 11160
f 11163 11164 11175
f 11163 11175 11174
f 11164 11176 11186
f 11164 11186 11195
f 11164 11195 11187
f 11164 11187 11178
f 11164 11178 11184
f 11164 11184 11175
f 11165 11177 11178
f 11168 11179 11169
f 11169 11179 11180
f 11169 11180 11181
f 11169 11181 11182
f 11169 11182 11170
f 11170 11183 11172
f 11170 11172 11171
f 11170 11182 11183
f 11174 11175 11184
f 11174 11184 11177
f 11176 11185 11186
f 11177 11184 11178
f 11180 11188 11181
f 11181 11189 11190
f 11181 11190 11182
f 11181 11188 11191
f 11181 11191 11189
f 11182 11190 11192
f 11182 11192 11183
f 11185 11193 11186
f 11185 11194 11193
f 11186 11193 11195
f 11187 11195 11196
f 11187 11196 11197
f 11187 11197 11189
f 11187 11189 11198
f 11189 11197 11193
f 11189 11193 11199
f 11189 11199 11200
f 11189 11200 11201
f 11189 11201 11190
f 11189 11191 11198
f 11190 11201 11202
f 11190 11202 11203
f 11190 11203 11192
f 11193 11194 11204
f 11193 11204 11202
f 11193 11202 11199
f 11193 11197 11196
f 11193 11196 11195
f 11199 11202 11200
f 11200 11202 11201
f 11202 11204 11205
f 11202 11205 11203
f 11206 11207 11208
f 11206 11208 11209
f 11206 11209 11210
f 11206 11210 11211
f 11206 11211 11218
f 11206 11218 11217
f 11206 11217 11231
f 11206 11231 11250
f 11206 11250 11268
f 11206 11268 11293
f 11206 11293 11314
f 11206 11314 11335
f 11206 11335 11334
f 11206 11334 11350
f 11206 11350 11349
f 11206 11349 11348
f 11206 11348 11347
f 11206 11347 11336
f 11206 11336 11317
f 11206 11317 11316
f 11206 11316 11296
f 11206 11296 11273
f 11206 11273 11254
f 11206 11254 11237
f 11206 11237 11224
f 11206 11224 11212
f 11206 11212 11207
f 11207 11212 11223
f 11207 11223 11236
f 11207 11236 11235
f 11207 11235 11253
f 11207 11253 11272
f 11207 11272 11277
f 11207 11277 11276
f 11207 11276 11256
f 11207 11256 11239
f 11207 11239 11238
f 11207 11238 11225
f 11207 11225 11213
f 11207 11213 11208
f 11208 11213 11209
f 11209 11214 11215
f 11209 11215 11210
f 11209 11213 11214
f 11210 11215 11216
f 11210 11216 11217
f 11210 11217 11218
f 11210 11218 11211
f 11212 11219 11220
f 11212 11220 11221
f 11212 11221 11222
f 11212 11222 11223
f 11212 11224 11219
f 11213 11225 11214
f 11214 11225 11226
f 11214 11226 11227
f 11214 11227 11215
f 11215 11227 11228
f 11215 11228 11216
f 11216 11228 11229
f 11216 11229 11230
f 11216 11230 11217
f 11217 11230 11231
f 11219 11224 11220
f 11220 11224 11232
f 11220 11232 11222
f 11220 11222 11221
f 11222 11232 11233
f 11222 11233 11234
f 11222 11234 11235
f 11222 11235 11236
f 11222 11236 11223
f 11224 11237 11255
f 11224 11255 11275
f 11224 11275 11300
f 11224 11300 11321
f 11224 11321 11343
f 11224 11343 11351
f 11224 11351 11344
f 11224 11344 11323
f 11224 11323 11315
f 11224 11315 11294
f 11224 11294 11270
f 11224 11270 11251
f 11224 11251 11234
f 11224 11234 11233
f 11224 11233 11232
f 11225 11238 11226
f 11226 11238 11239
f 11226 11239 11240
f 11226 11240 11241
f 11226 11241 11227
f 11227 11241 11242
f 11227 11242 11228
f 11228 11242 11243
f 11228 11243 11229
f 11229 11243 11230
f 11230 11244 11245
f 11230 11245 11246
f 11230 11246 11247
f 11230 11247 11248
f 11230 11248 11231
f 11230 11243 11244
f 11231 11248 11249
f 11231 11249 11250
f 11234 11251 11252
f 11234 11252 11235
f 11235 11252 11253
f 11237 11254 11255
f 11239 11256 11240
f 11240 11256 11257
f 11240 11257 11241
f 11241 11257 11258
f 11241 11258 11242
f 11242 11258 11259
f 11242 11259 11243
f 11243 11260 11261
f 11243 11261 11262
f 11243 11262 11263
f 11243 11263 11244
f 11243 11259 11260
f 11244 11263 11245
f 11245 11263 11246
f 11246 11249 11247
f 11246 11263 11264
f 11246 11264 11265
f 11246 11265 11266
f 11246 11266 11267
f 11246 11267 11268
f 11246 11268 11269
f 11246 11269 11249
f 11247 11249 11248
f 11249 11269 11268
f 11249 11268 11250
f 11251 11270 11271
f 11251 11271 11252
f 11252 11272 11253
f 11252 11271 11270
f 11252 11270 11272
f 11254 11273 11274
f 11254 11274 11255
f 11255 11274 11275
f 11256 11276 11257
f 11257 11276 11277
f 11257 11277 11258
f 11258 11277 11278
f 11258 11278 11279
f 11258 11279 11259
f 11259 11279 11280
f 11259 11280 11281
f 11259 11281 11260
f 11260 11281 11282
f 11260 11282 11261
f 11261 11282 11283
f 11261 11283 11262
f 11262 11283 11282
f 11262 11282 11263
f 11263 11282 11284
f 11263 11284 11285
f 11263 11285 11264
f 11264 11285 11286
f 11264 11286 11287
f 11264 11287 11265
f 11265 11287 11288
f 11265 11288 11266
f 11266 11288 11289
f 11266 11289 11290
f 11266 11290 11291
f 11266 11291 11292
f 11266 11292 11267
f 11267 11292 11293
f 11267 11293 11268
f 11270 11294 11295
f 11270 11295 11272
f 11272 11295 11294
f 11272 11294 11315
f 11272 11315 11326
f 11272 11326 11322
f 11272 11322 11301
f 11272 11301 11278
f 11272 11278 11277
f 11273 11296 11274
f 11274 11296 11297
f 11274 11297 11298
f 11274 11298 11299
f 11274 11299 11275
f 11275 11299 11300
f 11278 11301 11302
f 11278 11302 11279
f 11279 11302 11303
f 11279 11303 11280
f 11280 11303 11304
f 11280 11304 11282
f 11280 11282 11281
f 11282 11304 11284
f 11284 11304 11305
f 11284 11305 11306
f 11284 11306 11285
f 11285 11306 11307
f 11285 11307 11286
f 11286 11307 11308
f 11286 11308 11309
f 11286 11309 11287
f 11287 11309 11310
f 11287 11310 11288
f 11288 11310 11311
f 11288 11311 11289
f 11289 11311 11312
f 11289 11312 11313
f 11289 11313 11290
f 11290 11313 11291
f 11291 11313 11314
f 11291 11314 11293
f 11291 11293 11292
f 11296 11316 11297
f 11297 11316 11317
f 11297 11317 11318
f 11297 11318 11298
f 11298 11318 11319
f 11298 11319 11320
f 11298 11320 11299
f 11299 11320 11300
f 11300 11320 11321
f 11301 11322 11302
f 11302 11315 11323
f 11302 11323 11324
f 11302 11324 11325
f 11302 11325 11304
f 11302 11304 11303
f 11302 11322 11326
f 11302 11326 11315
f 11304 11325 11305
f 11305 11325 11308
f 11305 11308 11306
f 11306 11308 11307
f 11308 11327 11328
f 11308 11328 11309
f 11308 11325 11327
f 11309 11328 11329
f 11309 11329 11330
f 11309 11330 11311
f 11309 11311 11310
f 11311 11330 11331
f 11311 11331 11332
f 11311 11332 11312
f 11312 11332 11333
f 11312 11333 11334
f 11312 11334 11313
f 11313 11334 11335
f 11313 11335 11314
f 11317 11336 11318
f 11318 11336 11337
f 11318 11337 11338
f 11318 11338 11339
f 11318 11339 11319
f 11319 11339 11340
f 11319 11340 11341
f 11319 11341 11342
f 11319 11342 11320
f 11320 11342 11321
f 11321 11342 11343
f 11323 11344 11345
f 11323 11345 11324
f 11324 11345 11346
f 11324 11346 11327
f 11324 11327 11325
f 11327 11346 11328
f 11328 11346 11342
f 11328 11342 11341
f 11328 11341 11340
f 11328 11340 11329
f 11329 11340 11339
f 11329 11339 11338
f 11329 11338 11331
f 11329 11331 11330
f 11331 11338 11337
f 11331 11337 11347
f 11331 11347 11348
f 11331 11348 11333
f 11331 11333 11332
f 11333 11349 11350
f 11333 11350 11334
f 11333 11348 11349
f 11336 11347 11337
f 11342 11346 11345
f 11342 11345 11344
f 11342 11344 11351
f 11342 11351 11343
f 11353 11354 11352
f 11353 11355 11354
f 11353 11356 11355
f 11353 11357 11356
f 11358 11357 11353
f 11358 11359 11357
f 11358 11360 11359
f 11358 11353 11360
f 11360 11353 11352
f 11360 11352 11361
f 11362 11360 11361
f 11362 11363 11360
f 11362 11364 11363
f 11362 11365 11364
f 11362 11361 11365
f 11366 11365 11361
f 11366 11367 11365
f 11366 11368 11367
f 11366 11369 11368
f 11366 11361 11369
f 11369 11361 11352
f 11370 11369 11352
f 11370 11368 11369
f 11370 11371 11368
f 11370 11372 11371
f 11370 11352 11372
f 11352 11373 11372
f 11352 11354 11373
f 11373 11354 11374
f 11375 11373 11374
f 11376 11373 11375
f 11376 11371 11373
f 11377 11371 11376
f 11377 11368 11371
f 11378 11368 11377
f 11367 11368 11378
f 11367 11378 11379
f 11380 11367 11379
f 11380 11365 11367
f 11381 11365 11380
f 11381 11364 11365
f 11381 11382 11364
f 11381 11383 11382
f 11381 11384 11383
f 11381 11385 11384
f 11381 11380 11385
f 11380 11379 11385
f 11385 11379 11386
f 11385 11386 11384
f 11386 11387 11384
f 11386 11388 11387
f 11386 11389 11388
f 11386 11379 11389
f 11379 11390 11389
f 11379 11391 11390
f 11378 11391 11379
f 11378 11377 11391
f 11377 11392 11391
f 11377 11376 11392
f 11393 11392 11376
f 11394 11392 11393
f 11395 11392 11394
f 11395 11390 11392
f 11396 11390 11395
f 11396 11397 11390
f 11396 11394 11397
f 11396 11395 11394
f 11394 11398 11397
f 11394 11375 11398
f 11394 11393 11375
f 11393 11376 11375
f 11398 11375 11374
f 11399 11398 11374
f 11399 11400 11398
f 11399 11401 11400
f 11399 11402 11401
f 11399 11374 11402
f 11403 11402 11374
f 11404 11402 11403
f 11404 11405 11402
f 11406 11405 11404
f 11406 11407 11405
f 11406 11408 11407
f 11406 11404 11408
f 11404 11403 11408
f 11403 11374 11408
f 11409 11408 11374
f 11410 11408 11409
f 11410 11411 11408
f 11410 11409 11411
f 11409 11374 11411
f 11411 11374 11412
f 11413 11411 11412
f 11414 11411 11413
f 11414 11408 11411
f 11414 11415 11408
f 11414 11416 11415
f 11414 11413 11416
f 11417 11416 11413
f 11417 11418 11416
f 11417 11419 11418
f 11417 11413 11419
f 11419 11413 11412
f 11419 11412 11420
f 11418 11419 11420
f 11418 11420 11421
f 11418 11421 11416
f 11416 11421 11422
f 11415 11416 11422
f 11415 11422 11408
f 11422 11407 11408
f 11405 11407 11422
f 11423 11405 11422
f 11424 11405 11423
f 11424 11425 11405
f 11424 11426 11425
f 11424 11423 11426
f 11426 11423 11427
f 11426 11427 11428
f 11429 11426 11428
f 11425 11426 11429
f 11425 11429 11430
f 11425 11430 11431
f 11425 11431 11387
f 11425 11387 11432
f 11425 11432 11433
f 11425 11433 11405
f 11434 11405 11433
f 11434 11402 11405
f 11434 11401 11402
f 11435 11401 11434
f 11435 11397 11401
f 11435 11390 11397
f 11435 11388 11390
f 11436 11388 11435
f 11436 11432 11388
f 11436 11434 11432
f 11436 11435 11434
f 11434 11433 11432
f 11387 11388 11432
f 11390 11388 11389
f 11401 11397 11400
f 11398 11400 11397
f 11387 11431 11384
f 11383 11384 11431
f 11383 11431 11430
f 11383 11430 11437
f 11383 11437 11438
f 11439 11383 11438
f 11382 11383 11439
f 11382 11439 11440
f 11441 11382 11440
f 11441 11442 11382
f 11441 11360 11442
f 11441 11443 11360
f 11441 11440 11443
f 11440 11444 11443
f 11440 11445 11444
f 11440 11438 11445
f 11440 11439 11438
f 11445 11438 11446
f 11445 11446 11447
f 11445 11447 11359
f 11444 11445 11359
f 11444 11359 11360
f 11444 11360 11443
f 11447 11448 11359
f 11449 11448 11447
f 11449 11450 11448
f 11446 11450 11449
f 11446 11451 11450
f 11446 11438 11451
f 11437 11451 11438
f 11437 11452 11451
f 11437 11453 11452
f 11437 11430 11453
f 11429 11453 11430
f 11429 11428 11453
f 11452 11453 11428
f 11454 11452 11428
f 11454 11450 11452
f 11454 11448 11450
f 11455 11448 11454
f 11455 11456 11448
f 11455 11428 11456
f 11455 11454 11428
f 11457 11456 11428
f 11457 11448 11456
f 11457 11458 11448
f 11457 11459 11458
f 11457 11428 11459
f 11428 11427 11459
f 11421 11459 11427
f 11421 11458 11459
f 11460 11458 11421
f 11460 11412 11458
f 11460 11461 11412
f 11460 11421 11461
f 11420 11461 11421
f 11420 11412 11461
f 11458 11412 11448
f 11448 11412 11356
f 11462 11448 11356
f 11462 11359 11448
f 11462 11357 11359
f 11462 11356 11357
f 11355 11356 11412
f 11355 11412 11354
f 11374 11354 11412
f 11422 11421 11427
f 11423 11422 11427
f 11452 11450 11451
f 11446 11449 11447
f 11463 11442 11360
f 11463 11364 11442
f 11463 11363 11364
f 11463 11360 11363
f 11382 11442 11364
f 11390 11391 11392
f 11373 11371 11372
f 11464 11465 11468
f 11464 11468 11474
f 11464 11474 11482
f 11464 11482 11496
f 11464 11496 11523
f 11464 11523 11503
f 11464 11503 11487
f 11464 11487 11477
f 11464 11477 11470
f 11464 11470 11466
f 11464 11466 11471
f 11464 11471 11479
f 11464 11479 11492
f 11464 11492 11514
f 11464 11514 11540
f 11464 11540 11541
f 11464 11541 11537
f 11464 11537 11566
f 11464 11566 11572
f 11464 11572 11571
f 11464 11571 11588
f 11464 11588 11587
f 11464 11587 11575
f 11464 11575 11545
f 11464 11545 11520
f 11464 11520 11519
f 11464 11519 11518
f 11464 11518 11494
f 11464 11494 11493
f 11464 11493 11480
f 11464 11480 11472
f 11464 11472 11467
f 11464 11467 11465
f 11465 11467 11469
f 11465 11469 11468
f 11466 11470 11471
f 11467 11472 11473
f 11467 11473 11469
f 11468 11469 11475
f 11468 11475 11474
f 11469 11473 11476
f 11469 11476 11475
f 11470 11477 11488
f 11470 11488 11507
f 11470 11507 11527
f 11470 11527 11555
f 11470 11555 11582
f 11470 11582 11581
f 11470 11581 11583
f 11470 11583 11558
f 11470 11558 11557
f 11470 11557 11530
f 11470 11530 11508
f 11470 11508 11489
f 11470 11489 11478
f 11470 11478 11471
f 11471 11478 11489
f 11471 11489 11509
f 11471 11509 11533
f 11471 11533 11562
f 11471 11562 11585
f 11471 11585 11573
f 11471 11573 11543
f 11471 11543 11542
f 11471 11542 11515
f 11471 11515 11510
f 11471 11510 11490
f 11471 11490 11479
f 11472 11480 11473
f 11473 11480 11481
f 11473 11481 11476
f 11474 11475 11483
f 11474 11483 11482
f 11475 11476 11484
f 11475 11484 11483
f 11476 11481 11485
f 11476 11485 11486
f 11476 11486 11484
f 11477 11487 11488
f 11479 11490 11491
f 11479 11491 11492
f 11480 11493 11481
f 11481 11493 11494
f 11481 11494 11495
f 11481 11495 11485
f 11482 11483 11496
f 11483 11484 11497
f 11483 11497 11496
f 11484 11486 11498
f 11484 11498 11499
f 11484 11499 11497
f 11485 11495 11500
f 11485 11500 11486
f 11486 11500 11501
f 11486 11501 11502
f 11486 11502 11498
f 11487 11503 11504
f 11487 11504 11488
f 11488 11504 11505
f 11488 11505 11506
f 11488 11506 11507
f 11489 11508 11509
f 11490 11510 11491
f 11491 11511 11512
f 11491 11512 11513
f 11491 11513 11514
f 11491 11514 11492
f 11491 11510 11515
f 11491 11515 11516
f 11491 11516 11517
f 11491 11517 11511
f 11494 11518 11495
f 11495 11519 11520
f 11495 11520 11521
f 11495 11521 11522
f 11495 11522 11500
f 11495 11518 11519
f 11496 11497 11523
f 11497 11499 11505
f 11497 11505 11504
f 11497 11504 11503
f 11497 11503 11523
f 11498 11506 11499
f 11498 11502 11506
f 11499 11506 11505
f 11500 11524 11501
f 11500 11522 11524
f 11501 11524 11525
f 11501 11525 11502
f 11502 11525 11526
f 11502 11526 11506
f 11506 11527 11507
f 11506 11526 11528
f 11506 11528 11529
f 11506 11529 11527
f 11508 11530 11509
f 11509 11530 11531
f 11509 11531 11532
f 11509 11532 11533
f 11511 11517 11534
f 11511 11534 11535
f 11511 11535 11536
f 11511 11536 11512
f 11512 11537 11513
f 11512 11536 11538
f 11512 11538 11539
f 11512 11539 11537
f 11513 11540 11514
f 11513 11537 11541
f 11513 11541 11540
f 11515 11542 11516
f 11516 11542 11517
f 11517 11542 11543
f 11517 11543 11544
f 11517 11544 11534
f 11520 11545 11521
f 11521 11545 11546
f 11521 11546 11547
f 11521 11547 11522
f 11522 11547 11548
f 11522 11548 11549
f 11522 11549 11550
f 11522 11550 11525
f 11522 11525 11524
f 11525 11550 11526
f 11526 11550 11551
f 11526 11551 11552
f 11526 11552 11553
f 11526 11553 11528
f 11527 11529 11554
f 11527 11554 11555
f 11528 11553 11556
f 11528 11556 11554
f 11528 11554 11529
f 11530 11557 11531
f 11531 11557 11558
f 11531 11558 11559
f 11531 11559 11560
f 11531 11560 11561
f 11531 11561 11532
f 11532 11561 11533
f 11533 11561 11562
f 11534 11544 11563
f 11534 11563 11535
f 11535 11563 11564
f 11535 11564 11565
f 11535 11565 11536
f 11536 11565 11538
f 11537 11539 11566
f 11538 11565 11567
f 11538 11567 11568
f 11538 11568 11569
f 11538 11569 11570
f 11538 11570 11539
f 11539 11570 11571
f 11539 11571 11572
f 11539 11572 11566
f 11543 11573 11574
f 11543 11574 11563
f 11543 11563 11544
f 11545 11575 11576
f 11545 11576 11546
f 11546 11576 11548
f 11546 11548 11547
f 11548 11576 11569
f 11548 11569 11549
f 11549 11569 11568
f 11549 11568 11550
f 11550 11568 11577
f 11550 11577 11551
f 11551 11577 11578
f 11551 11578 11579
f 11551 11579 11580
f 11551 11580 11560
f 11551 11560 11559
f 11551 11559 11552
f 11552 11559 11553
f 11553 11559 11581
f 11553 11581 11582
f 11553 11582 11555
f 11553 11555 11554
f 11553 11554 11556
f 11558 11583 11559
f 11559 11583 11581
f 11560 11580 11561
f 11561 11580 11584
f 11561 11584 11562
f 11562 11584 11574
f 11562 11574 11585
f 11563 11584 11586
f 11563 11586 11564
f 11563 11574 11584
f 11564 11580 11579
f 11564 11579 11567
f 11564 11567 11565
f 11564 11586 11580
f 11567 11579 11578
f 11567 11578 11568
f 11568 11578 11577
f 11569 11576 11570
f 11570 11576 11587
f 11570 11587 11588
f 11570 11588 11571
f 11573 11585 11574
f 11575 11587 11576
f 11580 11586 11584
f 11589 11590 11591
f 11589 11591 11592
f 11589 11592 11593
f 11589 11593 11600
f 11589 11600 11610
f 11589 11610 11623
f 11589 11623 11622
f 11589 11622 11632
f 11589 11632 11639
f 11589 11639 11633
f 11589 11633 11624
f 11589 11624 11611
f 11589 11611 11601
f 11589 11601 11594
f 11589 11594 11590
f 11590 11594 11595
f 11590 11595 11596
f 11590 11596 11591
f 11591 11596 11597
f 11591 11597 11598
f 11591 11598 11592
f 11592 11598 11599
f 11592 11599 11600
f 11592 11600 11593
f 11594 11601 11595
f 11595 11601 11611
f 11595 11611 11602
f 11595 11602 11612
f 11595 11612 11625
f 11595 11625 11635
f 11595 11635 11626
f 11595 11626 11616
f 11595 11616 11615
f 11595 11615 11613
f 11595 11613 11605
f 11595 11605 11604
f 11595 11604 11603
f 11595 11603 11596
f 11596 11603 11604
f 11596 11604 11597
f 11597 11604 11605
f 11597 11605 11606
f 11597 11606 11607
f 11597 11607 11608
f 11597 11608 11609
f 11597 11609 11598
f 11598 11609 11599
f 11599 11609 11600
f 11600 11609 11610
f 11602 11611 11612
f 11605 11613 11614
f 11605 11614 11607
f 11605 11607 11606
f 11607 11615 11616
f 11607 11616 11617
f 11607 11617 11618
f 11607 11618 11608
f 11607 11614 11615
f 11608 11618 11609
f 11609 11619 11610
f 11609 11618 11620
f 11609 11620 11621
f 11609 11621 11622
f 11609 11622 11619
f 11610 11619 11623
f 11611 11624 11612
f 11612 11624 11633
f 11612 11633 11640
f 11612 11640 11642
f 11612 11642 11641
f 11612 11641 11634
f 11612 11634 11625
f 11613 11615 11614
f 11616 11626 11617
f 11617 11626 11618
f 11618 11626 11627
f 11618 11627 11628
f 11618 11628 11621
f 11618 11621 11620
f 11619 11622 11623
f 11621 11628 11629
f 11621 11629 11630
f 11621 11630 11631
f 11621 11631 11622
f 11622 11631 11630
f 11622 11630 11632
f 11625 11634 11635
f 11626 11635 11636
f 11626 11636 11637
f 11626 11637 11627
f 11627 11637 11628
f 11628 11637 11638
f 11628 11638 11629
f 11629 11638 11630
f 11630 11633 11639
f 11630 11639 11632
f 11630 11638 11640
f 11630 11640 11633
f 11634 11641 11636
f 11634 11636 11635
f 11636 11641 11637
f 11637 11641 11642
f 11637 11642 11638
f 11638 11642 11640
f 11643 11644 11650
f 11643 11650 11659
f 11643 11659 11672
f 11643 11672 11698
f 11643 11698 11701
f 11643 11701 11700
f 11643 11700 11676
f 11643 11676 11674
f 11643 11674 11660
f 11643 11660 11651
f 11643 11651 11645
f 11643 11645 11646
f 11643 11646 11647
f 11643 11647 11655
f 11643 11655 11654
f 11643 11654 11664
f 11643 11664 11665
f 11643 11665 11657
f 11643 11657 11648
f 11643 11648 11644
f 11644 11648 11649
f 11644 11649 11650
f 11645 11651 11652
f 11645 11652 11653
f 11645 11653 11646
f 11646 11654 11655
f 11646 11655 11647
f 11646 11653 11656
f 11646 11656 11654
f 11648 11657 11667
f 11648 11667 11685
f 11648 11685 11708
f 11648 11708 11709
f 11648 11709 11689
f 11648 11689 11687
f 11648 11687 11669
f 11648 11669 11658
f 11648 11658 11649
f 11649 11658 11668
f 11649 11668 11686
f 11649 11686 11694
f 11649 11694 11693
f 11649 11693 11713
f 11649 11713 11717
f 11649 11717 11718
f 11649 11718 11715
f 11649 11715 11714
f 11649 11714 11699
f 11649 11699 11673
f 11649 11673 11659
f 11649 11659 11650
f 11651 11660 11661
f 11651 11661 11652
f 11652 11661 11662
f 11652 11662 11656
f 11652 11656 11653
f 11654 11656 11663
f 11654 11663 11664
f 11656 11662 11663
f 11657 11665 11666
f 11657 11666 11667
f 11658 11669 11670
f 11658 11670 11668
f 11659 11671 11672
f 11659 11673 11671
f 11660 11674 11661
f 11661 11675 11662
f 11661 11674 11676
f 11661 11676 11677
f 11661 11677 11678
f 11661 11678 11675
f 11662 11675 11663
f 11663 11679 11664
f 11663 11675 11680
f 11663 11680 11681
f 11663 11681 11679
f 11664 11679 11665
f 11665 11679 11682
f 11665 11682 11666
f 11666 11682 11683
f 11666 11683 11684
f 11666 11684 11667
f 11667 11684 11685
f 11668 11670 11686
f 11669 11687 11688
f 11669 11688 11670
f 11670 11688 11689
f 11670 11689 11690
f 11670 11690 11691
f 11670 11691 11692
f 11670 11692 11693
f 11670 11693 11694
f 11670 11694 11686
f 11671 11695 11696
f 11671 11696 11697
f 11671 11697 11698
f 11671 11698 11672
f 11671 11673 11699
f 11671 11699 11695
f 11675 11678 11680
f 11676 11700 11677
f 11677 11700 11701
f 11677 11701 11697
f 11677 11697 11678
f 11678 11697 11696
f 11678 11696 11702
f 11678 11702 11703
f 11678 11703 11704
f 11678 11704 11680
f 11679 11681 11705
f 11679 11705 11682
f 11680 11705 11681
f 11680 11704 11705
f 11682 11705 11683
f 11683 11706 11684
f 11683 11705 11707
f 11683 11707 11706
f 11684 11706 11685
f 11685 11706 11708
f 11687 11689 11688
f 11689 11709 11690
f 11690 11709 11691
f 11691 11710 11711
f 11691 11711 11692
f 11691 11709 11708
f 11691 11708 11706
f 11691 11706 11710
f 11692 11711 11712
f 11692 11712 11713
f 11692 11713 11693
f 11695 11699 11714
f 11695 11714 11715
f 11695 11715 11716
f 11695 11716 11696
f 11696 11716 11702
f 11697 11701 11698
f 11702 11716 11703
f 11703 11716 11707
f 11703 11707 11704
f 11704 11707 11705
f 11706 11707 11710
f 11707 11716 11710
f 11710 11716 11711
f 11711 11716 11712
f 11712 11717 11713
f 11712 11716 11717
f 11715 11718 11716
f 11716 11718 11717
f 11720 11721 11719
f 11722 11721 11720
f 11722 11723 11721
f 11722 11724 11723
f 11722 11720 11724
f 11720 11725 11724
f 11726 11725 11720
f 11726 11727 11725
f 11726 11720 11727
f 11727 11720 11728
f 11729 11727 11728
f 11729 11730 11727
f 11731 11730 11729
f 11731 11732 11730
f 11731 11733 11732
f 11731 11728 11733
f 11731 11729 11728
f 11734 11733 11728
f 11734 11735 11733
f 11734 11728 11735
f 11735 11728 11719
f 11736 11735 11719
f 11733 11735 11736
f 11733 11736 11737
f 11738 11733 11737
f 11738 11739 11733
f 11738 11740 11739
f 11738 11737 11740
f 11741 11740 11737
f 11741 11739 11740
f 11742 11739 11741
f 11742 11743 11739
f 11742 11744 11743
f 11742 11745 11744
f 11742 11746 11745
f 11742 11741 11746
f 11747 11746 11741
f 11745 11746 11747
f 11748 11745 11747
f 11748 11749 11745
f 11748 11750 11749
f 11748 11751 11750
f 11748 11747 11751
f 11747 11752 11751
f 11747 11753 11752
f 11747 11754 11753
f 11747 11737 11754
f 11747 11741 11737
f 11754 11737 11755
f 11756 11754 11755
f 11756 11753 11754
f 11757 11753 11756
f 11757 11758 11753
f 11757 11759 11758
f 11757 11760 11759
f 11761 11760 11757
f 11761 11762 11760
f 11761 11763 11762
f 11761 11764 11763
f 11761 11765 11764
f 11761 11757 11765
f 11757 11756 11765
f 11765 11756 11755
f 11765 11755 11766
f 11765 11766 11764
f 11764 11766 11767
f 11763 11764 11767
f 11763 11767 11768
f 11769 11763 11768
f 11769 11762 11763
f 11769 11768 11762
f 11770 11762 11768
f 11770 11771 11762
f 11770 11768 11771
f 11771 11768 11721
f 11772 11771 11721
f 11772 11773 11771
f 11772 11774 11773
f 11775 11774 11772
f 11776 11774 11775
f 11776 11777 11774
f 11776 11778 11777
f 11776 11721 11778
f 11776 11775 11721
f 11775 11772 11721
f 11778 11721 11723
f 11778 11723 11779
f 11778 11779 11780
f 11781 11778 11780
f 11781 11782 11778
f 11781 11783 11782
f 11781 11780 11783
f 11784 11783 11780
f 11785 11783 11784
f 11785 11786 11783
f 11787 11786 11785
f 11787 11788 11786
f 11789 11788 11787
f 11789 11790 11788
f 11789 11791 11790
f 11789 11792 11791
f 11789 11793 11792
f 11789 11787 11793
f 11787 11794 11793
f 11787 11785 11794
f 11785 11795 11794
f 11785 11784 11795
f 11784 11796 11795
f 11784 11797 11796
f 11784 11798 11797
f 11784 11780 11798
f 11799 11798 11780
f 11799 11800 11798
f 11799 11779 11800
f 11799 11780 11779
f 11779 11724 11800
f 11779 11723 11724
f 11801 11800 11724
f 11801 11725 11800
f 11801 11724 11725
f 11800 11725 11802
f 11803 11800 11802
f 11804 11800 11803
f 11804 11796 11800
f 11804 11803 11796
f 11805 11796 11803
f 11806 11796 11805
f 11807 11796 11806
f 11807 11795 11796
f 11807 11794 11795
f 11807 11806 11794
f 11806 11808 11794
f 11806 11809 11808
f 11806 11805 11809
f 11750 11809 11805
f 11750 11808 11809
f 11750 11751 11808
f 11810 11808 11751
f 11792 11808 11810
f 11792 11793 11808
f 11793 11794 11808
f 11792 11810 11791
f 11791 11810 11759
f 11791 11759 11790
f 11759 11811 11790
f 11812 11811 11759
f 11812 11774 11811
f 11760 11774 11812
f 11813 11774 11760
f 11813 11762 11774
f 11813 11760 11762
f 11762 11814 11774
f 11773 11814 11762
f 11773 11774 11814
f 11773 11762 11771
f 11760 11812 11759
f 11815 11811 11774
f 11816 11811 11815
f 11816 11788 11811
f 11816 11786 11788
f 11816 11817 11786
f 11816 11818 11817
f 11816 11819 11818
f 11816 11815 11819
f 11820 11819 11815
f 11820 11778 11819
f 11820 11821 11778
f 11822 11821 11820
f 11822 11777 11821
f 11822 11774 11777
f 11822 11815 11774
f 11822 11820 11815
f 11777 11778 11821
f 11778 11818 11819
f 11778 11817 11818
f 11823 11817 11778
f 11823 11786 11817
f 11823 11783 11786
f 11823 11782 11783
f 11823 11778 11782
f 11788 11790 11811
f 11758 11759 11810
f 11758 11810 11753
f 11753 11810 11752
f 11810 11751 11752
f 11750 11805 11749
f 11744 11749 11805
f 11745 11749 11744
f 11744 11805 11802
f 11744 11802 11743
f 11743 11802 11730
f 11824 11743 11730
f 11825 11743 11824
f 11825 11739 11743
f 11825 11824 11739
f 11824 11730 11739
f 11826 11739 11730
f 11826 11733 11739
f 11732 11733 11826
f 11732 11826 11730
f 11730 11802 11725
f 11727 11730 11725
f 11805 11803 11802
f 11797 11800 11796
f 11797 11798 11800
f 11768 11719 11721
f 11767 11719 11768
f 11827 11719 11767
f 11827 11766 11719
f 11827 11767 11766
f 11736 11719 11766
f 11736 11766 11737
f 11766 11755 11737
f 11728 11720 11719
f 11828 11829 11830
f 11828 11830 11831
f 11828 11831 11835
f 11828 11835 11844
f 11828 11844 11843
f 11828 11843 11852
f 11828 11852 11867
f 11828 11867 11892
f 11828 11892 11891
f 11828 11891 11901
f 11828 11901 11900
f 11828 11900 11874
f 11828 11874 11873
f 11828 11873 11871
f 11828 11871 11855
f 11828 11855 11846
f 11828 11846 11837
f 11828 11837 11832
f 11828 11832 11836
f 11828 11836 11845
f 11828 11845 11853
f 11828 11853 11869
f 11828 11869 11896
f 11828 11896 11919
f 11828 11919 11906
f 11828 11906 11905
f 11828 11905 11904
f 11828 11904 11880
f 11828 11880 11879
f 11828 11879 11878
f 11828 11878 11877
f 11828 11877 11857
f 11828 11857 11847
f 11828 11847 11838
f 11828 11838 11833
f 11828 11833 11829
f 11829 11833 11834
f 11829 11834 11830
f 11830 11835 11831
f 11830 11834 11835
f 11832 11837 11836
f 11833 11838 11839
f 11833 11839 11834
f 11834 11839 11840
f 11834 11840 11841
f 11834 11841 11842
f 11834 11842 11843
f 11834 11843 11844
f 11834 11844 11835
f 11836 11837 11845
f 11837 11846 11854
f 11837 11854 11870
f 11837 11870 11897
f 11837 11897 11920
f 11837 11920 11922
f 11837 11922 11930
f 11837 11930 11929
f 11837 11929 11928
f 11837 11928 11931
f 11837 11931 11927
f 11837 11927 11915
f 11837 11915 11893
f 11837 11893 11868
f 11837 11868 11853
f 11837 11853 11845
f 11838 11847 11848
f 11838 11848 11839
f 11839 11848 11840
f 11840 11849 11850
f 11840 11850 11841
f 11840 11848 11849
f 11841 11850 11851
f 11841 11851 11842
f 11842 11852 11843
f 11842 11851 11852
f 11846 11855 11856
f 11846 11856 11854
f 11847 11857 11848
f 11848 11857 11858
f 11848 11858 11849
f 11849 11858 11859
f 11849 11859 11860
f 11849 11860 11861
f 11849 11861 11850
f 11850 11861 11862
f 11850 11862 11863
f 11850 11863 11851
f 11851 11863 11864
f 11851 11864 11865
f 11851 11865 11866
f 11851 11866 11852
f 11852 11866 11867
f 11853 11868 11895
f 11853 11895 11869
f 11854 11856 11870
f 11855 11871 11856
f 11856 11872 11870
f 11856 11871 11873
f 11856 11873 11874
f 11856 11874 11875
f 11856 11875 11876
f 11856 11876 11872
f 11857 11877 11858
f 11858 11877 11859
f 11859 11877 11878
f 11859 11878 11879
f 11859 11879 11880
f 11859 11880 11881
f 11859 11881 11860
f 11860 11881 11882
f 11860 11882 11883
f 11860 11883 11884
f 11860 11884 11885
f 11860 11885 11886
f 11860 11886 11861
f 11861 11886 11862
f 11862 11886 11887
f 11862 11887 11863
f 11863 11887 11888
f 11863 11888 11889
f 11863 11889 11864
f 11864 11889 11890
f 11864 11890 11865
f 11865 11890 11891
f 11865 11891 11892
f 11865 11892 11867
f 11865 11867 11866
f 11868 11893 11894
f 11868 11894 11895
f 11869 11895 11896
f 11870 11872 11897
f 11872 11876 11898
f 11872 11898 11899
f 11872 11899 11897
f 11874 11900 11875
f 11875 11900 11901
f 11875 11901 11902
f 11875 11902 11876
f 11876 11902 11903
f 11876 11903 11898
f 11880 11904 11881
f 11881 11904 11882
f 11882 11904 11905
f 11882 11905 11883
f 11883 11905 11906
f 11883 11906 11907
f 11883 11907 11884
f 11884 11907 11908
f 11884 11908 11885
f 11885 11908 11909
f 11885 11909 11910
f 11885 11910 11886
f 11886 11910 11911
f 11886 11911 11887
f 11887 11911 11912
f 11887 11912 11913
f 11887 11913 11914
f 11887 11914 11888
f 11888 11914 11889
f 11889 11914 11903
f 11889 11903 11902
f 11889 11902 11890
f 11890 11902 11891
f 11891 11902 11901
f 11893 11915 11916
f 11893 11916 11894
f 11894 11916 11917
f 11894 11917 11895
f 11895 11917 11918
f 11895 11918 11919
f 11895 11919 11896
f 11897 11899 11920
f 11898 11903 11914
f 11898 11914 11921
f 11898 11921 11899
f 11899 11921 11922
f 11899 11922 11920
f 11906 11919 11917
f 11906 11917 11907
f 11907 11917 11908
f 11908 11917 11909
f 11909 11917 11916
f 11909 11916 11923
f 11909 11923 11910
f 11910 11923 11911
f 11911 11923 11912
f 11912 11924 11913
f 11912 11923 11925
f 11912 11925 11926
f 11912 11926 11921
f 11912 11921 11924
f 11913 11924 11921
f 11913 11921 11914
f 11915 11927 11925
f 11915 11925 11916
f 11916 11925 11923
f 11917 11919 11918
f 11921 11926 11928
f 11921 11928 11929
f 11921 11929 11930
f 11921 11930 11922
f 11925 11927 11931
f 11925 11931 11928
f 11925 11928 11926
f 11932 11933 11934
f 11932 11934 11935
f 11932 11935 11936
f 11932 11936 11941
f 11932 11941 11948
f 11932 11948 11961
f 11932 11961 11960
f 11932 11960 11958
f 11932 11958 11942
f 11932 11942 11937
f 11932 11937 11943
f 11932 11943 11959
f 11932 11959 11967
f 11932 11967 11971
f 11932 11971 11974
f 11932 11974 11972
f 11932 11972 11968
f 11932 11968 11962
f 11932 11962 11944
f 11932 11944 11938
f 11932 11938 11933
f 11933 11938 11934
f 11934 11938 11939
f 11934 11939 11945
f 11934 11945 11963
f 11934 11963 11969
f 11934 11969 11973
f 11934 11973 11970
f 11934 11970 11966
f 11934 11966 11965
f 11934 11965 11964
f 11934 11964 11947
f 11934 11947 11940
f 11934 11940 11946
f 11934 11946 11941
f 11934 11941 11936
f 11934 11936 11935
f 11937 11942 11943
f 11938 11944 11939
f 11939 11944 11945
f 11940 11947 11946
f 11941 11946 11947
f 11941 11947 11949
f 11941 11949 11950
f 11941 11950 11951
f 11941 11951 11952
f 11941 11952 11953
f 11941 11953 11954
f 11941 11954 11955
f 11941 11955 11956
f 11941 11956 11957
f 11941 11957 11943
f 11941 11943 11948
f 11942 11958 11943
f 11943 11957 11956
f 11943 11956 11955
f 11943 11955 11954
f 11943 11954 11953
f 11943 11953 11952
f 11943 11952 11951
f 11943 11951 11950
f 11943 11950 11949
f 11943 11949 11947
f 11943 11947 11964
f 11943 11964 11959
f 11943 11958 11960
f 11943 11960 11961
f 11943 11961 11948
f 11944 11962 11945
f 11945 11962 11963
f 11959 11965 11966
f 11959 11966 11967
f 11959 11964 11965
f 11962 11968 11963
f 11963 11968 11969
f 11966 11970 11967
f 11967 11970 11971
f 11968 11972 11969
f 11969 11972 11973
f 11970 11973 11971
f 11971 11973 11974
f 11972 11974 11973
f 11975 11976 11980
f 11975 11980 11982
f 11975 11982 11977
f 11975 11977 11978
f 11975 11978 11985
f 11975 11985 11993
f 11975 11993 12004
f 11975 12004 12014
f 11975 12014 12007
f 11975 12007 11997
f 11975 11997 11988
f 11975 11988 11981
f 11975 11981 11976
f 11976 11979 11980
f 11976 11981 11979
f 11977 11982 11979
f 11977 11979 11987
f 11977 11987 11995
f 11977 11995 12005
f 11977 12005 12015
f 11977 12015 12017
f 11977 12017 12012
f 11977 12012 12010
f 11977 12010 12001
f 11977 12001 11990
f 11977 11990 11983
f 11977 11983 11984
f 11977 11984 11978
f 11978 11984 11991
f 11978 11991 12002
f 11978 12002 12011
f 11978 12011 12006
f 11978 12006 11996
f 11978 11996 12003
f 11978 12003 11992
f 11978 11992 11985
f 11979 11982 11980
f 11979 11981 11986
f 11979 11986 11994
f 11979 11994 11998
f 11979 11998 12000
f 11979 12000 11999
f 11979 11999 12009
f 11979 12009 12008
f 11979 12008 12013
f 11979 12013 12003
f 11979 12003 11996
f 11979 11996 11987
f 11981 11988 11989
f 11981 11989 11986
f 11983 11990 11991
f 11983 11991 11984
f 11985 11992 11993
f 11986 11989 11994
f 11987 11996 11995
f 11988 11997 11989
f 11989 11998 11994
f 11989 11997 11999
f 11989 11999 12000
f 11989 12000 11998
f 11990 12001 12002
f 11990 12002 11991
f 11992 12003 12004
f 11992 12004 11993
f 11995 11996 12005
f 11996 12006 12005
f 11997 12007 12008
f 11997 12008 12009
f 11997 12009 11999
f 12001 12010 12002
f 12002 12010 12012
f 12002 12012 12011
f 12003 12013 12014
f 12003 12014 12004
f 12005 12006 12015
f 12006 12011 12015
f 12007 12014 12016
f 12007 12016 12013
f 12007 12013 12008
f 12011 12012 12017
f 12011 12017 12015
f 12013 12016 12014

