# https://github.com/mikedh/trimesh
v -0.00398764 0.00199167 0.06358581
v 0.00207447 0.00207480 0.06762938
v -0.00196565 0.00199860 0.06561132
v -0.00398764 0.00201938 0.06561132
v -0.00600193 0.00201938 0.06358581
v -0.00600193 0.00201245 0.06156775
v -0.00398764 0.00207480 0.06156775
v 0.00611844 0.00237963 0.06561132
v 0.00409645 0.00217872 0.06762938
v 0.00409645 0.00235885 0.06964745
v 0.00207447 0.00226186 0.06964745
v 0.00005633 0.00204016 0.06762938
v -0.00196565 0.00209559 0.06762938
v -0.00802392 0.00213023 0.06561132
v -0.00802392 0.00208173 0.06358581
v -0.00802392 0.00210252 0.06156775
v -0.00398764 0.00425709 0.01938201
v 0.00814042 0.00257361 0.06762938
v 0.00611844 0.00228957 0.06762938
v 0.00611844 0.00251126 0.06964745
v 0.00409645 0.00276067 0.07167296
v 0.00409645 0.00348116 0.07523250
v 0.00207447 0.00269139 0.07167296
v 0.00005633 0.00230342 0.06964745
v -0.00600193 0.00226878 0.06762938
v -0.01004590 0.00219951 0.06561132
v -0.01004590 0.00219258 0.06358581
v -0.00575976 0.00445800 0.01938201
v -0.00378006 0.00429866 0.01938201
v -0.01610800 0.00272602 0.06561132
v 0.00972802 0.00319712 0.06762938
v 0.00983950 0.00319712 0.06964745
v 0.00814042 0.00268446 0.06964745
v -0.00222321 0.00489445 0.01938201
v 0.00814042 0.00306549 0.07167296
v 0.00566099 0.00355044 0.07494952
v 0.00409645 0.00369593 0.07624526
v 0.00207447 0.00312092 0.07369103
v -0.00196565 0.00242120 0.06964745
v -0.01004590 0.00246277 0.06762938
v -0.00802392 0.00235885 0.06762938
v 0.00207447 0.00346731 0.07526229
v 0.00005633 0.00276067 0.07167296
v -0.01206788 0.00391069 0.07369103
v -0.01206788 0.00258054 0.06762938
v -0.01206788 0.00235192 0.06561132
v -0.00800854 0.00481825 0.01938201
v -0.01812999 0.00297543 0.06561132
v -0.01812999 0.00312092 0.06358581
v -0.01812999 0.00309320 0.06762938
v 0.01073901 0.00418088 0.06762938
v 0.01085049 0.00386913 0.06964745
v 0.01057372 0.00395226 0.07167296
v 0.00956273 0.00337032 0.07167296
v 0.00928980 0.00352966 0.07290167
v -0.00121221 0.00591285 0.01938201
v 0.00814042 0.00345345 0.07331124
v 0.00701026 0.00360587 0.07465166
v 0.00409645 0.00416703 0.07773460
v 0.00207447 0.00370286 0.07627505
v 0.00624913 0.00379292 0.07566441
v -0.01206788 0.00364051 0.07247721
v -0.01206788 0.00341882 0.07146446
v 0.00005633 0.00375828 0.07602185
v -0.00279982 0.00360587 0.07465910
v -0.01206788 0.00446492 0.07571654
v -0.01408602 0.00404232 0.07369103
v -0.01408602 0.00273988 0.06762938
v -0.01610800 0.00290615 0.06762938
v -0.00955770 0.00530320 0.01938201
v -0.01949079 0.00341189 0.06358581
v -0.01984445 0.00335646 0.06561132
v -0.02118603 0.00358508 0.06870171
v -0.02118603 0.00358508 0.06831448
v -0.02015197 0.00351580 0.06896235
v 0.01140788 0.00519235 0.06762938
v 0.01167697 0.00488060 0.06964745
v 0.00059834 0.00789423 0.01938201
v 0.00082130 0.00815056 0.01938201
v 0.00150555 0.00903733 0.01938201
v 0.01178845 0.00496373 0.07167296
v 0.01165390 0.00521313 0.07369103
v 0.01004324 0.00417395 0.07362400
v 0.01020853 0.00509536 0.07571654
v 0.00956657 0.00540712 0.07719099
v 0.00814042 0.00424323 0.07571654
v 0.00814042 0.00372364 0.07432400
v 0.00611844 0.00452035 0.07773460
v 0.00611844 0.00528934 0.07914203
v 0.00409645 0.00507458 0.07938778
v 0.00207447 0.00507458 0.07947713
v 0.00207447 0.00416703 0.07773460
v -0.01408602 0.00461041 0.07571654
v -0.01610800 0.00425016 0.07369103
v -0.01812999 0.00341882 0.06929745
v -0.00965765 0.00537941 0.01938201
v -0.02110146 0.00362665 0.06696662
v -0.02015197 0.00378599 0.06997511
v -0.02015197 0.00425016 0.07167296
v -0.02015197 0.00486674 0.07369103
v -0.02121678 0.00557339 0.07477080
v -0.02157812 0.00534476 0.07369103
v -0.02227006 0.00503994 0.07168041
v -0.02331180 0.00548332 0.07101765
v -0.02331180 0.00548332 0.07027298
v 0.01218054 0.00662642 0.06964745
v 0.00211291 0.01067231 0.01938201
v 0.01142326 0.03877180 0.01938201
v 0.01202678 0.04073239 0.01938201
v 0.01209597 0.04098180 0.01938201
v 0.01248422 0.00662642 0.07167296
v 0.01254957 0.00662642 0.07369103
v 0.01280713 0.00818520 0.07773460
v 0.01138097 0.00547640 0.07504633
v 0.01091584 0.00576044 0.07639419
v 0.01020853 0.00606527 0.07780907
v 0.00885157 0.00572580 0.07853885
v 0.00815964 0.00515079 0.07780907
v 0.00750230 0.00549718 0.07890374
v 0.00611844 0.00620382 0.08014734
v 0.00409645 0.00597520 0.08040053
v 0.00207447 0.00585743 0.08048989
v -0.00088162 0.00763097 0.08279838
v -0.00103154 0.00763097 0.08279838
v -0.01004590 0.00799122 0.08222498
v -0.01206788 0.00743699 0.08108563
v -0.01206788 0.00661950 0.07975267
v -0.01408602 0.00528934 0.07725056
v -0.01610800 0.00489445 0.07571654
v -0.01812999 0.00452035 0.07369103
v -0.01054947 0.00614147 0.01938201
v -0.02141283 0.00522006 0.06358581
v -0.02015197 0.00541404 0.07504633
v -0.01932165 0.00756862 0.07885161
v -0.02067092 0.00784573 0.07844949
v -0.02156659 0.00738156 0.07710163
v -0.02323492 0.00960541 0.07881438
v -0.02300812 0.00577429 0.07236551
v -0.02347710 0.00927288 0.07773460
v -0.02350785 0.00720837 0.07369103
v -0.02426513 0.01067231 0.07773460
v -0.02368852 0.00652250 0.07168041
v -0.02437661 0.00864937 0.07167296
v -0.02350785 0.00664721 0.06962511
v -0.01283670 0.01082472 0.01938201
v -0.01212939 0.00888491 0.01938201
v -0.01202560 0.00864937 0.01938201
v -0.01137595 0.00731921 0.01938201
v -0.01128753 0.00715987 0.01938201
v -0.02125138 0.00547640 0.06227519
v 0.01229202 0.04275533 0.01938201
v 0.01332223 0.00917589 0.07643887
v 0.01334914 0.00919667 0.07773460
v 0.01326841 0.00952921 0.07894842
v 0.01290323 0.00996566 0.08029628
v 0.01140019 0.00745777 0.07898565
v 0.01179613 0.00710445 0.07773460
v 0.01015856 0.00707673 0.07941756
v 0.00908606 0.00765868 0.08074308
v 0.00774064 0.00745084 0.08096648
v 0.00611844 0.00721529 0.08119733
v 0.00611844 0.00820598 0.08221009
v 0.00611844 0.00921745 0.08323029
v 0.00409645 0.00698667 0.08140584
v 0.00207447 0.00785959 0.08257498
v 0.00409645 0.00903040 0.08338667
v 0.00207447 0.00887106 0.08352816
v -0.00010128 0.00850388 0.08349837
v -0.00265374 0.00961234 0.08484623
v -0.00398764 0.00959849 0.08486857
v -0.00544454 0.00961927 0.08485368
v -0.00802392 0.00893341 0.08371433
v -0.01004590 0.00900269 0.08358028
v -0.01206788 0.00810206 0.08209839
v -0.01354016 0.00753398 0.08092925
v -0.01610800 0.00547640 0.07693780
v -0.01408602 0.00593364 0.07826332
v -0.01794163 0.00526856 0.07574632
v -0.01714206 0.00561495 0.07673674
v -0.01848749 0.00580201 0.07643887
v -0.01812999 0.00740927 0.07908991
v -0.01812999 0.00808821 0.08010266
v -0.01812999 0.00909968 0.08155478
v -0.01974450 0.00936986 0.08116755
v -0.01794163 0.00634931 0.07754099
v -0.02109377 0.00969548 0.08072074
v -0.02217011 0.00926595 0.07926118
v -0.02134363 0.01154522 0.08293987
v -0.02327336 0.01157293 0.08090691
v -0.02355398 0.01081087 0.07959628
v -0.02436508 0.01269525 0.07975267
v -0.02491862 0.01269525 0.07773460
v -0.02468798 0.01067231 0.07571654
v -0.02425744 0.00864937 0.07369103
v -0.02477255 0.01067231 0.07369103
v -0.02249301 0.05108265 0.02924148
v -0.02223930 0.05108265 0.02721597
v -0.02066323 0.04299781 0.02115433
v -0.02047487 0.04098180 0.02115433
v -0.02013275 0.04098180 0.01938201
v -0.01288667 0.01099792 0.01938201
v 0.01231508 0.04299781 0.01938201
v 0.01384118 0.01269525 0.07975267
v 0.01350675 0.01065152 0.07967820
v 0.01339527 0.01130967 0.08111542
v 0.01219976 0.01070695 0.08175584
v 0.01155780 0.00935601 0.08104840
v 0.01015856 0.00792886 0.08042287
v 0.00768297 0.00943222 0.08302178
v 0.01015856 0.00894034 0.08144308
v 0.01015856 0.01302779 0.08545686
v 0.00902456 0.01173227 0.08475687
v 0.00767529 0.01145516 0.08501751
v 0.00409645 0.00801893 0.08241115
v 0.00611844 0.01027049 0.08424304
v 0.00409645 0.01013193 0.08439942
v 0.00207447 0.00997952 0.08454091
v 0.00005633 0.00982018 0.08467496
v -0.00130832 0.00971626 0.08476431
v 0.00729857 0.01564653 0.08891214
v 0.00611844 0.01557725 0.08897917
v -0.00649782 0.01162143 0.08687919
v -0.00728970 0.01162143 0.08687919
v -0.00679381 0.00968162 0.08478666
v -0.00802392 0.00973704 0.08471964
v -0.01004590 0.00987560 0.08459304
v -0.01206788 0.00911353 0.08341646
v -0.01408602 0.00930752 0.08320050
v -0.01416290 0.00819213 0.08167392
v -0.01488559 0.00769332 0.08069095
v -0.01610800 0.00715294 0.07946224
v -0.01610800 0.00614147 0.07795056
v -0.01610800 0.00783880 0.08047500
v -0.01626561 0.00891955 0.08196435
v -0.01704212 0.00968162 0.08276115
v -0.01812999 0.00983403 0.08256753
v -0.02015197 0.01123347 0.08328986
v -0.02031342 0.01013193 0.08181541
v -0.02015197 0.01225187 0.08429517
v -0.02122831 0.01362359 0.08487602
v -0.02171267 0.01284766 0.08368454
v -0.02280823 0.01269525 0.08238137
v -0.02317341 0.01372058 0.08277604
v -0.02354245 0.01269525 0.08136861
v -0.02480330 0.01471126 0.07975267
v -0.02337715 0.01735079 0.08519623
v -0.02502241 0.01471126 0.07773460
v -0.02494553 0.01269525 0.07571654
v -0.02251992 0.05310559 0.02924148
v -0.02238538 0.05310559 0.02721597
v -0.02038262 0.04299781 0.01938201
v 0.01262645 0.06542337 0.01938201
v 0.01319538 0.06615080 0.02013413
v 0.01336452 0.06537487 0.02103518
v 0.01366820 0.06522939 0.02317984
v 0.01319922 0.04995341 0.02414047
v 0.01416793 0.03694284 0.05752417
v 0.01424865 0.03895885 0.05752417
v 0.01381427 0.01471126 0.08177818
v 0.01354134 0.01275067 0.08178562
v 0.01283788 0.01211331 0.08246328
v 0.01321460 0.01568117 0.08484623
v 0.01144632 0.01342268 0.08507708
v 0.01015856 0.01420553 0.08646962
v 0.00892461 0.01378986 0.08675260
v 0.00757919 0.01354738 0.08697600
v 0.00804047 0.01671342 0.08931427
v 0.00611844 0.01804357 0.09070681
v 0.00470766 0.01780803 0.09084085
v 0.00864399 0.01602756 0.08864406
v 0.00335839 0.01771796 0.09089298
v 0.00207447 0.01765561 0.09093766
v -0.01004590 0.01944301 0.09311211
v -0.01206788 0.01939451 0.09318657
v -0.01610800 0.01345039 0.08705791
v -0.01610800 0.01243892 0.08609728
v -0.01408602 0.01121961 0.08525580
v -0.01206788 0.01004880 0.08442921
v -0.01408602 0.01954693 0.09308232
v -0.01408602 0.01020814 0.08421326
v -0.01569284 0.00950842 0.08297710
v -0.01610800 0.01142052 0.08508453
v -0.01626561 0.01027049 0.08370688
v -0.01738424 0.01158679 0.08491325
v -0.01808770 0.01095635 0.08390794
v -0.01872966 0.01184312 0.08465261
v -0.02015197 0.01325641 0.08519623
v -0.01926015 0.01967856 0.09098234
v -0.02138592 0.01946379 0.08909831
v -0.02294277 0.01836226 0.08654408
v -0.02474180 0.01673421 0.07975267
v -0.02343866 0.01892342 0.08585154
v -0.02396914 0.01875715 0.08379624
v -0.02319648 0.01970627 0.08685685
v -0.02248533 0.05714455 0.03327761
v -0.02240076 0.05714455 0.03125955
v -0.02196253 0.05310559 0.02519791
v -0.02067861 0.06725233 0.02317984
v -0.02025192 0.06725233 0.02115433
v -0.01951001 0.06725233 0.01962775
v -0.01930243 0.06725233 0.01938201
v 0.01232662 0.06698214 0.01938201
v 0.01319538 0.06625471 0.02013413
v 0.01330686 0.06660804 0.02115433
v 0.01344524 0.06702371 0.02317984
v 0.01374893 0.06522939 0.02519791
v 0.01402954 0.04098180 0.05954968
v 0.01414102 0.03895885 0.05954968
v 0.01376815 0.06522939 0.02721597
v 0.01370280 0.06522939 0.02924148
v 0.01359516 0.01673421 0.08379624
v 0.01341833 0.01488446 0.08369199
v 0.01279175 0.01433023 0.08429517
v 0.01329148 0.01673421 0.08501751
v 0.01176923 0.01885414 0.08795151
v 0.01093122 0.01825141 0.08869619
v 0.01155780 0.01673421 0.08726642
v 0.01125412 0.01563267 0.08688664
v 0.01202294 0.01498145 0.08563559
v 0.01015856 0.01521700 0.08722919
v 0.00958195 0.01737850 0.08906853
v 0.00817502 0.01875715 0.09041639
v 0.00752537 0.01943608 0.09104191
v 0.00534962 0.02168071 0.09295572
v 0.00409645 0.02152137 0.09305997
v 0.00207447 0.02134818 0.09314189
v 0.01022006 0.01671342 0.08826428
v 0.00207447 0.02279610 0.09390890
v -0.01206788 0.02077316 0.09397592
v -0.01408602 0.02077316 0.09385678
v -0.01730351 0.01360280 0.08691642
v -0.01522002 0.01972012 0.09293338
v -0.01865278 0.01399076 0.08660366
v -0.01812999 0.01933909 0.09131744
v -0.01656929 0.02001802 0.09270254
v -0.01821071 0.02072467 0.09235998
v -0.01961380 0.02077316 0.09135467
v -0.02062479 0.02077316 0.09039404
v -0.02156275 0.02077316 0.08938129
v -0.02424207 0.01875715 0.08177818
v -0.02242382 0.04299781 0.06156775
v -0.02220855 0.05916749 0.03327761
v -0.02319648 0.01985175 0.08685685
v -0.02334640 0.02062768 0.08574729
v -0.02368468 0.02077316 0.08379624
v -0.02093616 0.02279610 0.09052064
v -0.01976756 0.06945540 0.02336601
v -0.01972912 0.06903280 0.02115433
v -0.02061710 0.06725233 0.02519791
v -0.01941391 0.06865176 0.01976924
v -0.01916020 0.06817374 0.01938201
v 0.01194221 0.06763336 0.01938201
v 0.01155396 0.06856863 0.01966498
v 0.01290707 0.06761951 0.02115433
v 0.01309159 0.06803518 0.02317984
v 0.01348753 0.06712070 0.02519791
v 0.01370664 0.04299781 0.05954968
v 0.01342218 0.04306709 0.06164222
v 0.01374508 0.04098180 0.06156775
v 0.01330301 0.01825834 0.08504729
v 0.01347215 0.06706528 0.02721597
v 0.01339911 0.06678123 0.02924148
v 0.01344524 0.06525710 0.03126699
v 0.01188839 0.02077316 0.08783981
v 0.01126565 0.02077316 0.08897172
v 0.01121568 0.01959542 0.08890470
v 0.00924751 0.02152830 0.09096000
v 0.00725628 0.02349582 0.09300785
v 0.00887079 0.02018429 0.09075149
v 0.00669505 0.02214488 0.09275466
v 0.00606078 0.02280996 0.09324614
v 0.00409645 0.02279610 0.09374508
v 0.00207447 0.02443108 0.09466102
v 0.00207447 0.02544255 0.09508549
v -0.01206788 0.02279610 0.09467592
v -0.01408602 0.02279610 0.09465357
v -0.01610800 0.02279610 0.09422911
v -0.01598115 0.02072467 0.09334295
v -0.01758797 0.02136896 0.09314189
v -0.01894109 0.02279610 0.09274722
v -0.01992517 0.02279610 0.09173446
v -0.02322723 0.02190241 0.08502495
v -0.02208554 0.04299781 0.06358581
v -0.02006356 0.06725233 0.03125955
v -0.02031342 0.06725233 0.02924148
v -0.02223930 0.02279610 0.08783981
v -0.02308500 0.02119576 0.08637281
v -0.02153968 0.02279610 0.08950788
v -0.01977525 0.02481904 0.09163021
v -0.02082084 0.02492296 0.08991001
v -0.02135132 0.02432024 0.08926215
v -0.01972912 0.06910900 0.02721597
v -0.01970222 0.06941383 0.02500429
v -0.01914098 0.07027981 0.02420004
v -0.01914098 0.07027981 0.02416281
v -0.01906794 0.07025210 0.02281495
v -0.01876042 0.07004427 0.02115433
v -0.01965224 0.06901201 0.02924148
v -0.01735733 0.07037680 0.01992562
v -0.01816458 0.06938612 0.01938201
v -0.01854899 0.06908129 0.01938201
v 0.01093891 0.06874182 0.01938201
v 0.00999326 0.06987107 0.02131071
v 0.01189993 0.06885267 0.02115433
v 0.01208060 0.06902587 0.02317984
v 0.01313387 0.06813217 0.02519791
v 0.01328379 0.04440417 0.06101669
v 0.01314925 0.04378066 0.06236455
v 0.01258417 0.02077316 0.08582176
v 0.01311081 0.06807675 0.02721597
v 0.01293014 0.06778578 0.02924148
v 0.01329148 0.06646255 0.03059679
v 0.01125028 0.02197168 0.08895683
v 0.00929749 0.02279610 0.09101957
v 0.00725628 0.02426481 0.09300785
v 0.00627989 0.02488832 0.09351423
v 0.00329689 0.02565039 0.09497379
v 0.00401957 0.02490911 0.09455677
v 0.00005633 0.02684199 0.09545038
v -0.01206788 0.02387685 0.09489932
v -0.01206788 0.02488832 0.09510039
v -0.01359014 0.02520008 0.09503336
v -0.01419366 0.02463892 0.09486953
v -0.01610800 0.02481904 0.09440784
v -0.01793010 0.02279610 0.09339507
v -0.01788781 0.02481904 0.09344721
v -0.01889880 0.02481904 0.09264296
v -0.02129366 0.04432104 0.06490388
v -0.02143974 0.04500690 0.06345922
v -0.01948695 0.06874875 0.03125955
v -0.02119372 0.04609457 0.06269965
v -0.01945619 0.02630161 0.09127276
v -0.01979832 0.02692512 0.08990256
v -0.02109377 0.02566425 0.08846534
v -0.01895262 0.07012047 0.02721597
v -0.01881423 0.07002348 0.02924148
v -0.01780324 0.07070934 0.02924148
v -0.01794163 0.07079248 0.02721597
v -0.01513161 0.07232354 0.03031381
v -0.01513161 0.07232354 0.02962126
v -0.01509317 0.07230276 0.02827341
v -0.01774942 0.07051536 0.02115433
v -0.01597346 0.07052922 0.01938201
v -0.01630021 0.07045994 0.01938201
v -0.01702674 0.07021054 0.01938201
v -0.01789166 0.06960088 0.01938201
v -0.01610800 0.07092411 0.02115433
v 0.01019316 0.06907436 0.01938201
v 0.00920907 0.07030060 0.02208517
v 0.01044686 0.07003734 0.02317984
v 0.00797897 0.06992649 0.01938201
v 0.00624913 0.07044608 0.01938201
v 0.00850176 0.07015511 0.02073731
v 0.01076592 0.07010662 0.02519791
v 0.01091200 0.07014818 0.02721597
v 0.01212288 0.06909515 0.02519791
v 0.01209982 0.06913671 0.02721597
v 0.01301471 0.04505539 0.06164222
v 0.01258801 0.04502075 0.06358581
v 0.01196527 0.04502075 0.06561132
v 0.01191914 0.06901894 0.02924148
v 0.01148092 0.06858941 0.03125955
v 0.01255342 0.06718305 0.03126699
v 0.01318769 0.06420406 0.03427547
v 0.01136175 0.06444654 0.03869883
v 0.01072364 0.05106879 0.06167200
v 0.01111573 0.04996033 0.06240923
v 0.01167697 0.04919827 0.06167200
v 0.00896690 0.02540099 0.09049085
v 0.00924751 0.02405698 0.09098978
v 0.01121952 0.04614307 0.06674322
v 0.00706408 0.02560882 0.09282168
v 0.00401957 0.02696669 0.09450464
v 0.00329689 0.02637782 0.09497379
v 0.00225898 0.02696669 0.09521208
v 0.00170544 0.02820678 0.09518230
v 0.00005633 0.02839383 0.09525677
v -0.00802392 0.02858781 0.09513016
v -0.00802392 0.02684199 0.09529400
v -0.01004590 0.02684199 0.09524932
v -0.01206788 0.02684199 0.09519719
v -0.01357860 0.02684199 0.09503336
v -0.01458959 0.02684199 0.09476528
v -0.01610800 0.02684199 0.09400571
v -0.01744190 0.02684199 0.09314189
v -0.02099382 0.04567197 0.06404751
v -0.01928706 0.06846471 0.03255528
v -0.01815690 0.06984336 0.03140848
v -0.01900644 0.02765255 0.09059511
v -0.01713437 0.02787424 0.09291104
v -0.01933318 0.04636476 0.06701131
v -0.01961380 0.04704369 0.06553685
v -0.01750340 0.07051536 0.03084253
v -0.01408602 0.07245517 0.03059679
v -0.01428591 0.07254523 0.02906276
v -0.01405527 0.06676045 0.04526685
v -0.01271369 0.06815295 0.04391154
v -0.01136442 0.06834001 0.04463387
v -0.01364011 0.07245517 0.02721597
v -0.01465110 0.07224733 0.02721597
v -0.01610800 0.07126357 0.02317984
v -0.01433204 0.07078555 0.01938201
v -0.01231006 0.07104881 0.01938201
v -0.01206788 0.07269765 0.02721597
v -0.01206788 0.07240667 0.02579364
v 0.00943972 0.07037680 0.02317984
v 0.00616456 0.07046687 0.01938201
v 0.00611844 0.07188015 0.02721597
v 0.00814042 0.07137442 0.02721597
v 0.00975493 0.07052922 0.02519791
v 0.00990101 0.07064007 0.02721597
v 0.00979337 0.07063314 0.02924148
v 0.01080052 0.07003041 0.02924148
v 0.01250729 0.04704369 0.06156775
v 0.01198065 0.04704369 0.06358581
v 0.00948585 0.07048765 0.03061168
v 0.01118493 0.06827766 0.03228719
v 0.00912450 0.05408935 0.06051776
v 0.00964730 0.05274534 0.06156775
v 0.00982028 0.05113114 0.06357836
v 0.01086202 0.04952388 0.06358581
v 0.01119646 0.04811059 0.06466559
v 0.01138866 0.04851933 0.06358581
v 0.00717171 0.02790888 0.09093766
v 0.00752921 0.02684199 0.09136957
v 0.01048531 0.04690514 0.06750279
v 0.00946663 0.04688435 0.06948362
v 0.00919754 0.04610843 0.07071978
v 0.01139635 0.04690514 0.06544749
v 0.01089662 0.04748708 0.06601345
v 0.00670274 0.02684199 0.09238232
v 0.00528043 0.02804744 0.09305253
v 0.00569559 0.02684199 0.09340253
v 0.00305086 0.02772183 0.09489932
v 0.00225898 0.02887186 0.09439294
v 0.00207447 0.03020201 0.09326104
v 0.00005633 0.02940530 0.09455677
v -0.00600193 0.02964778 0.09483230
v -0.00600193 0.02863631 0.09514507
v -0.00196565 0.02951615 0.09472060
v -0.00398764 0.02962700 0.09481741
v -0.01004590 0.02838690 0.09507804
v -0.00802392 0.02959928 0.09481741
v -0.01206788 0.02812365 0.09501102
v -0.01323264 0.02795045 0.09495145
v -0.01397839 0.02871944 0.09427379
v -0.01595040 0.02867095 0.09324614
v -0.01922939 0.04817294 0.06480708
v -0.01515467 0.06631014 0.04449983
v -0.01814921 0.04907356 0.06563366
v -0.01753800 0.02835227 0.09188339
v -0.01709593 0.02984869 0.09083340
v -0.01720357 0.04815216 0.06876874
v -0.01857590 0.04704369 0.06765917
v -0.01892956 0.04771570 0.06615493
v -0.01517005 0.02992489 0.09294827
v -0.01665002 0.02936374 0.09188339
v -0.01206788 0.07246903 0.03061913
v -0.01206788 0.07276692 0.02924148
v -0.01004590 0.06813217 0.04605620
v -0.00858899 0.06824995 0.04637641
v -0.00723972 0.06827073 0.04643599
v -0.01335949 0.06646948 0.04683066
v -0.01204866 0.06783427 0.04534876
v -0.01004590 0.06756408 0.04742640
v -0.01028808 0.07124972 0.01938201
v -0.01004590 0.07273921 0.02721597
v -0.01004590 0.07249674 0.02544365
v -0.01004590 0.07127050 0.01938201
v 0.00609153 0.07048072 0.01938201
v 0.00409645 0.07182473 0.02519791
v 0.00130181 0.07233740 0.02603939
v 0.00611844 0.07198407 0.02924148
v 0.00409645 0.07082019 0.01938201
v 0.00814042 0.07142984 0.02924148
v 0.00811351 0.07080633 0.03127444
v 0.00677577 0.06608845 0.04206475
v 0.00746386 0.06640020 0.04071690
v 0.00881313 0.06602609 0.03991265
v 0.01013165 0.06523632 0.03930946
v 0.00734470 0.05429026 0.06284858
v 0.00878622 0.05375681 0.06156775
v 0.00932824 0.05230889 0.06290071
v 0.00953582 0.06458509 0.04136476
v 0.00947047 0.05049378 0.06516452
v 0.01018162 0.04904585 0.06558898
v 0.00947816 0.04853319 0.06762938
v 0.00867475 0.04745244 0.07004957
v 0.00918985 0.04810366 0.06870171
v 0.00457312 0.02939838 0.09236743
v 0.00322385 0.02996646 0.09299296
v 0.00397729 0.02877487 0.09344721
v 0.00732548 0.04822836 0.07084637
v 0.00005633 0.03048605 0.09355146
v 0.00348140 0.05226039 0.06882087
v 0.00207447 0.05246823 0.06905171
v -0.00196565 0.03065925 0.09370784
v -0.00802392 0.03088094 0.09396103
v -0.00412987 0.03102643 0.09363338
v -0.00600193 0.03197555 0.09297062
v -0.00600193 0.03088094 0.09390146
v -0.00802392 0.03205868 0.09304508
v -0.01004590 0.02939838 0.09473549
v -0.01004590 0.03088094 0.09381954
v -0.01206788 0.02913512 0.09457166
v -0.01188721 0.03095022 0.09343976
v -0.01408602 0.03025050 0.09322381
v -0.01702674 0.04997419 0.06645280
v -0.01505473 0.05608458 0.06047307
v -0.01473183 0.05573819 0.06156775
v -0.01307887 0.05815602 0.06056244
v -0.01753031 0.04856090 0.06762938
v -0.01536225 0.04831150 0.07095063
v -0.01596962 0.04890729 0.06946128
v -0.01523156 0.05020281 0.06880597
v -0.01664618 0.04957237 0.06762938
v -0.01244460 0.03167072 0.09265040
v -0.01361704 0.03226652 0.09130255
v -0.01320957 0.05016817 0.07077191
v -0.01455884 0.04966243 0.07015382
v -0.00196565 0.07238589 0.03045530
v -0.00697064 0.06827073 0.04643599
v -0.00196565 0.07247596 0.02924148
v -0.00923095 0.06629628 0.05056148
v -0.00802392 0.06696136 0.04945191
v -0.00795857 0.06793126 0.04723279
v -0.01281363 0.06608152 0.04817852
v -0.01211017 0.06680895 0.04747108
v -0.01146436 0.06644177 0.04884128
v -0.00996133 0.06662189 0.04948915
v 0.00142482 0.07234432 0.02721597
v -0.00802392 0.07248288 0.02548833
v -0.00826994 0.07123586 0.01938201
v 0.00385428 0.07083405 0.01938201
v -0.00802392 0.07122893 0.01938201
v 0.00130950 0.07232354 0.02834043
v -0.00081243 0.07233740 0.03032870
v 0.00611844 0.07145063 0.03125955
v 0.00317387 0.06829844 0.04044137
v 0.00394653 0.06762643 0.04121583
v 0.00814042 0.06563813 0.04137965
v 0.00542650 0.06637249 0.04255624
v -0.00412987 0.06554807 0.05130615
v 0.00407339 0.05562041 0.06352623
v 0.00538422 0.05428333 0.06485920
v 0.00608384 0.05464358 0.06354858
v 0.00672964 0.05384688 0.06419644
v 0.00702948 0.05201791 0.06651982
v 0.00757150 0.05249594 0.06517196
v 0.00813273 0.05307788 0.06354858
v 0.00892077 0.05183779 0.06424857
v 0.00907837 0.04998804 0.06651238
v 0.00864399 0.04954466 0.06762938
v 0.00793668 0.04883802 0.06938681
v 0.00492293 0.05000190 0.07058574
v 0.00719862 0.05013353 0.06871661
v 0.00611844 0.05052842 0.06914107
v 0.00483067 0.05196942 0.06849321
v 0.00611844 0.04964858 0.07015382
v -0.00679766 0.03597987 0.08889726
v -0.00489868 0.03190627 0.09291104
v 0.00005633 0.05270377 0.06931980
v -0.00264221 0.05016817 0.07277508
v -0.00398764 0.05029287 0.07290912
v 0.00315465 0.05414478 0.06666131
v 0.00207447 0.05347970 0.06787513
v 0.00005633 0.05458816 0.06717514
v 0.00005633 0.05371525 0.06818789
v -0.01004590 0.03199633 0.09298551
v -0.00662083 0.03399849 0.09096000
v -0.00802392 0.03406084 0.09102701
v -0.00802392 0.03307015 0.09203978
v -0.01109533 0.03190627 0.09290359
v -0.01525462 0.05431104 0.06284858
v -0.01359398 0.05707527 0.06136669
v -0.01330567 0.05635477 0.06285603
v -0.01247535 0.05769878 0.06191029
v -0.01190643 0.05850241 0.06136669
v -0.01141823 0.06046300 0.05898373
v -0.01563518 0.05061848 0.06762938
v -0.01262912 0.05582132 0.06420389
v -0.01107227 0.03392228 0.09087808
v -0.01242154 0.03361053 0.09049085
v -0.01206788 0.04962087 0.07216444
v -0.01112608 0.05820451 0.06264007
v -0.00600193 0.06691286 0.04945191
v -0.00617876 0.06784813 0.04723279
v -0.00562521 0.06816681 0.04607855
v -0.00802392 0.06635863 0.05068807
v -0.01057638 0.06608152 0.05018914
v -0.00870432 0.06214648 0.05844012
v -0.00735889 0.06225040 0.05862629
v -0.00600193 0.06634478 0.05065828
v -0.01106458 0.06220190 0.05653376
v -0.01004590 0.06186936 0.05796353
v -0.00489868 0.06627550 0.05052424
v -0.00384156 0.06087175 0.05969862
v 0.00248579 0.05592524 0.06415176
v 0.00393885 0.05451195 0.06556664
v 0.00450392 0.05383995 0.06620706
v 0.00568406 0.05248901 0.06714535
v 0.00620685 0.05316794 0.06568579
v 0.00832493 0.05125585 0.06584217
v 0.00626067 0.05160224 0.06774109
v 0.00763300 0.05056306 0.06762938
v -0.00802392 0.03598679 0.08891214
v -0.00802392 0.03506538 0.08992490
v -0.00600193 0.05036215 0.07298359
v -0.00600193 0.05805903 0.06448686
v -0.00398764 0.05796204 0.06434538
v 0.00114036 0.05616079 0.06463580
v -0.00238466 0.05842621 0.06299007
v -0.00398764 0.05871718 0.06333262
v 0.00207447 0.05431104 0.06686237
v -0.01004590 0.03300780 0.09197275
v -0.00916561 0.03596601 0.08888980
v -0.01004590 0.03399849 0.09096745
v -0.01078396 0.06002655 0.06033159
v -0.00802392 0.05795511 0.06439006
v -0.01068786 0.04996033 0.07255167
v -0.01004590 0.05761564 0.06398049
v -0.01004590 0.05848163 0.06296773
v -0.01008434 0.05954160 0.06153051
v -0.00668618 0.06225040 0.05862629
v -0.00943853 0.06037294 0.06083052
v -0.00802392 0.06056000 0.06109860
v -0.00802776 0.06166846 0.05940074
v -0.00600193 0.06059463 0.06117307
v -0.01008434 0.06083711 0.05960926
v -0.00534075 0.06213955 0.05842523
v -0.00441817 0.06041451 0.06093477
v -0.00600193 0.05889037 0.06348156
v -0.00802392 0.05882802 0.06337730
v -0.00600193 0.05990185 0.06218582
v -0.00802392 0.05983257 0.06211136
v -0.00600962 0.06168924 0.05940074
v -0.00398501 0.04785057 -0.06939131
v -0.00459935 0.04783238 -0.06939131
v -0.00231312 0.04759133 -0.06939131
v -0.00401744 0.03024911 -0.10629653
v -0.00471285 0.02989890 -0.10721850
v -0.00511821 0.02989890 -0.10721850
v -0.00569833 0.04769593 -0.06939131
v -0.00195281 0.04746398 -0.06939131
v -0.00336526 0.02974881 -0.10705981
v -0.00401744 0.02898927 -0.10755857
v -0.00555780 0.02885282 -0.10747545
v -0.00656850 0.02885282 -0.10694645
v -0.00726752 0.03012177 -0.10556349
v -0.00587488 0.03027185 -0.10620963
v -0.00593253 0.04764590 -0.06939131
v -0.00084662 0.04686362 -0.06939131
v -0.00268966 0.03008993 -0.10571086
v -0.00224827 0.02898927 -0.10629653
v -0.00267885 0.02840255 -0.10741499
v -0.00398501 0.02683343 -0.10799311
v -0.00585867 0.02683343 -0.10763793
v -0.00749632 0.02885282 -0.10593379
v -0.00686936 0.02683343 -0.10706358
v -0.00822957 0.02885282 -0.10414653
v -0.01125085 0.02820698 -0.09561831
v -0.01115717 0.03001261 -0.09327939
v -0.01130490 0.03824481 -0.07947629
v -0.01118059 0.04213351 -0.07308297
v -0.01109591 0.04408923 -0.06939131
v -0.01007080 0.04506254 -0.06939131
v -0.00992127 0.04518534 -0.06939131
v -0.00896102 0.04597217 -0.06939131
v -0.00823498 0.04650886 -0.06939131
v -0.00801698 0.04666804 -0.06939131
v -0.00732157 0.04622232 -0.07117101
v -0.00608026 0.04760497 -0.06939131
v -0.00043766 0.04655434 -0.06939131
v 0.00260884 0.04353890 -0.06939131
v 0.00316733 0.04210167 -0.07104632
v -0.00133125 0.02874821 -0.10415409
v 0.00158193 0.02284922 -0.10216279
v 0.00130088 0.02221703 -0.10343239
v -0.00153483 0.02683343 -0.10616806
v -0.00249869 0.02683343 -0.10753213
v -0.00249689 0.02481404 -0.10747545
v -0.00398501 0.00662587 -0.10609249
v -0.00607666 0.00456099 -0.10572975
v -0.00733778 0.00520228 -0.10541991
v -0.00762423 0.02683343 -0.10605471
v -0.01156253 0.01875586 -0.10171314
v -0.01138417 0.02077525 -0.10161867
v -0.01315154 0.01800996 -0.09925707
v -0.01120041 0.02209877 -0.10138062
v -0.01156793 0.01673192 -0.10162623
v -0.01101484 0.02767029 -0.09696349
v -0.01142741 0.02887101 -0.09398976
v -0.01295156 0.01935622 -0.09856937
v -0.01326684 0.01871038 -0.09796858
v -0.01133012 0.03038101 -0.09202112
v -0.01156973 0.03709867 -0.08005064
v -0.01142200 0.04100556 -0.07378578
v -0.01155532 0.03099956 -0.09009406
v -0.01203815 0.03087676 -0.08798184
v -0.01129769 0.04240185 -0.07181337
v -0.01125806 0.04368899 -0.06939131
v 0.00319076 0.04283393 -0.06939131
v 0.00334389 0.04254739 -0.06939131
v 0.00367539 0.04097827 -0.06979184
v 0.00332948 0.04097372 -0.07175669
v 0.00310248 0.02793864 -0.09120118
v 0.00264487 0.02870728 -0.09193422
v 0.00223591 0.02279465 -0.10010347
v 0.00209538 0.02077525 -0.10212500
v 0.00141258 0.02077525 -0.10356841
v -0.00055116 0.02279465 -0.10562773
v 0.00010462 0.01269314 -0.10432412
v -0.00095112 0.01166979 -0.10515919
v -0.00245905 0.00662587 -0.10558239
v -0.00267344 0.00518409 -0.10546903
v -0.00392015 0.00454734 -0.10575998
v -0.00545151 0.00327840 -0.10546903
v -0.00679910 0.00385602 -0.10479266
v -0.00912677 0.00544334 -0.10331147
v -0.01257863 0.01673192 -0.10025461
v -0.01314613 0.01673192 -0.09924573
v -0.01346141 0.01673192 -0.09808194
v -0.01387938 0.01673192 -0.09606041
v -0.01360554 0.01875586 -0.09606041
v -0.01185619 0.02885282 -0.09202112
v -0.01187240 0.03491555 -0.08191724
v -0.01191924 0.03693949 -0.07787796
v -0.01166161 0.04097827 -0.07181337
v -0.01135895 0.04334332 -0.06939131
v -0.01365418 0.02885282 -0.07787796
v -0.01387398 0.01875586 -0.09403887
v 0.00374024 0.04097827 -0.06939131
v 0.00305203 0.02683343 -0.09240653
v 0.00383933 0.03895888 -0.06939131
v 0.00325561 0.01269314 -0.09808194
v 0.00256560 0.02077525 -0.10010347
v 0.00313671 0.01269314 -0.09925329
v 0.00284485 0.01269314 -0.10026595
v 0.00198549 0.01269314 -0.10212500
v 0.00042350 0.02077525 -0.10458107
v 0.00121981 0.01269314 -0.10331525
v 0.00114414 0.01147423 -0.10322834
v 0.00134772 0.00922288 -0.10151287
v 0.00161075 0.00859068 -0.10000523
v 0.00089732 0.00787661 -0.10060980
v 0.00112072 0.00759008 -0.09926463
v -0.00248788 0.00497942 -0.10414653
v -0.00338868 0.00396973 -0.10414653
v -0.00455071 0.00327840 -0.10546903
v 0.00089372 0.01012796 -0.10286182
v 0.00158373 0.01074652 -0.10216279
v -0.00723509 0.00344214 -0.10344750
v -0.00600460 0.00291000 -0.10212500
v -0.00607666 0.00316470 -0.10413142
v -0.00796113 0.00464741 -0.10405207
v -0.00851422 0.00414710 -0.10212500
v -0.00933215 0.00516135 -0.10212500
v -0.01061489 0.00674412 -0.09998633
v -0.01110492 0.00749457 -0.09923440
v -0.01308848 0.01165161 -0.09710329
v -0.01286508 0.01269314 -0.09849380
v -0.01302722 0.01418494 -0.09893967
v -0.01309388 0.01553120 -0.09912860
v -0.01329927 0.01479895 -0.09819151
v -0.01377849 0.01471253 -0.09606041
v -0.01408656 0.01673192 -0.09403887
v -0.01318577 0.03423332 -0.07139395
v -0.01327224 0.03453805 -0.06979184
v -0.01356590 0.03330094 -0.06939131
v -0.01401270 0.02683343 -0.07787796
v -0.01384155 0.02885282 -0.07585643
v -0.01363256 0.03289616 -0.06979184
v -0.01404153 0.01875586 -0.09202112
v 0.00309167 0.01373922 -0.09911349
v 0.00304843 0.02202600 -0.06939131
v 0.00354027 0.02481404 -0.07585643
v 0.00361413 0.02481404 -0.07787796
v 0.00368259 0.02683343 -0.07787796
v 0.00328984 0.01269314 -0.09606041
v 0.00321057 0.01106944 -0.09808194
v 0.00314932 0.01140600 -0.09928730
v 0.00268811 0.01070558 -0.10001656
v 0.00298898 0.01005519 -0.09808194
v 0.00215484 0.00864981 -0.09808194
v 0.00124323 0.00749002 -0.09808194
v -0.00296891 0.00157284 -0.07890573
v -0.00439937 0.00316925 -0.10414653
v 0.00087931 0.00578445 -0.08798184
v -0.00750353 0.00325111 -0.10212500
v -0.00903849 0.00359678 -0.09909837
v -0.00308421 0.00157284 -0.07890573
v -0.00519028 0.00152736 -0.07731496
v -0.00548754 0.00145913 -0.07585643
v -0.00755037 0.00140000 -0.06939131
v -0.00802599 0.00306919 -0.09808194
v -0.01082928 0.00623927 -0.09808194
v -0.00952132 0.00454734 -0.09990699
v -0.01279302 0.01051001 -0.09606041
v -0.01312992 0.01151971 -0.09606041
v -0.01341637 0.01269314 -0.09606041
v -0.01318757 0.01269314 -0.09748493
v -0.01207598 0.00864981 -0.09606041
v -0.01393343 0.01471253 -0.09403887
v -0.01412260 0.01673192 -0.09202112
v -0.01456399 0.02481404 -0.06979184
v -0.01448472 0.02683343 -0.06979184
v -0.01413521 0.01875586 -0.08999960
v -0.01364698 0.03289616 -0.06939131
v -0.01417124 0.02683343 -0.07585643
v -0.01407575 0.02077525 -0.08798184
v -0.01396946 0.03087676 -0.06979184
v -0.01391721 0.03127700 -0.06939131
v 0.00296556 0.02077525 -0.06939131
v 0.00322319 0.01100122 -0.09606041
v 0.00301420 0.00999152 -0.09606041
v 0.00149545 0.00692604 -0.08999960
v 0.00225753 0.00864981 -0.09606041
v -0.00084302 0.00346488 -0.07787796
v -0.00195821 0.00245518 -0.07787796
v -0.00296891 0.00157284 -0.07787796
v -0.00390394 0.00148187 -0.07604914
v 0.00093876 0.00577535 -0.08596031
v -0.00808184 0.00321928 -0.09990699
v -0.00913037 0.00351036 -0.09808194
v -0.00991406 0.00460647 -0.09808194
v -0.00445342 0.00145004 -0.07383490
v -0.00723149 0.00139091 -0.06939131
v -0.00775755 0.00149097 -0.06939131
v -0.01116077 0.00546153 -0.08798184
v -0.01134994 0.00704430 -0.09606041
v -0.01218047 0.00864981 -0.09403887
v -0.01123283 0.00532508 -0.08596031
v -0.01132472 0.00509313 -0.07989949
v -0.01135895 0.00502945 -0.07787796
v -0.01314793 0.01146968 -0.09403887
v -0.01349384 0.01269314 -0.09403887
v -0.01188862 0.00662587 -0.07787796
v -0.01185078 0.00662587 -0.07585643
v -0.01434780 0.02279465 -0.06939131
v -0.01439464 0.02319489 -0.06939131
v -0.01456579 0.02481404 -0.06939131
v -0.01455678 0.02520973 -0.06939131
v -0.01449192 0.02683343 -0.06939131
v -0.01445049 0.02723367 -0.06939131
v -0.01427213 0.02885282 -0.06979184
v -0.01422349 0.02925306 -0.06939131
v -0.01398027 0.03087676 -0.06939131
v 0.00293133 0.02037501 -0.06939131
v 0.00279080 0.01875586 -0.06939131
v 0.00251696 0.01673192 -0.06939131
v 0.00242328 0.01269314 -0.07787796
v 0.00221069 0.01066920 -0.07989949
v 0.00188820 0.00864981 -0.08191724
v 0.00141258 0.00684418 -0.08393878
v 0.00144140 0.00678505 -0.08596031
v 0.00147744 0.00679415 -0.08798184
v -0.00085924 0.00348307 -0.07585643
v -0.00297251 0.00157284 -0.07685019
v 0.00091714 0.00583448 -0.08393878
v -0.01070677 0.00408343 -0.07989949
v -0.00851422 0.00182753 -0.06939131
v -0.00964923 0.00312377 -0.08191724
v -0.01041671 0.00316925 -0.06939131
v -0.00606045 0.00141365 -0.06939131
v -0.00317429 0.00163196 -0.07550124
v -0.00480293 0.00152736 -0.07181337
v -0.01073920 0.00401976 -0.07787796
v -0.01107609 0.00414256 -0.06939131
v -0.01135534 0.00500671 -0.07585643
v -0.01427933 0.02885282 -0.06939131
v 0.00214763 0.01471253 -0.06939131
v 0.00172786 0.01269314 -0.06939131
v 0.00106667 0.00988691 -0.06939131
v 0.00099641 0.00965495 -0.06939131
v 0.00135493 0.00698517 -0.08191724
v -0.00031515 0.00460647 -0.07585643
v -0.00069889 0.00512951 -0.06979184
v -0.00093490 0.00357404 -0.07471909
v -0.00230592 0.00296913 -0.06939131
v -0.00216539 0.00232783 -0.07604914
v 0.00085769 0.00597548 -0.08191724
v -0.01014287 0.00293274 -0.06939131
v -0.00498850 0.00157284 -0.07078938
v -0.00526955 0.00164106 -0.06939131
v -0.00344273 0.00170928 -0.07383490
v -0.00010797 0.00662587 -0.06939131
v -0.00006293 0.00662587 -0.06979184
v -0.00072412 0.00517500 -0.06939131
v -0.00129522 0.00416530 -0.06939131
v -0.00149520 0.00391060 -0.06939131
v -0.00413094 0.00198672 -0.06939131
v -0.00379224 0.00181389 -0.07181337
v -0.01110515 0.00435558 -0.06939131
v -0.01069927 0.00864280 -0.06939131
v -0.01107645 0.00414092 -0.06939131
v -0.01333678 0.00275063 -0.05738310
v -0.01308533 0.00360185 -0.05869959
v -0.01325479 0.00371982 -0.05766638
v -0.01330125 0.00373539 -0.05738310
v -0.01068424 0.00864280 -0.06933842
v 0.00062426 0.00864280 -0.06939131
v -0.01041639 0.00316600 -0.06939131
v -0.01106142 0.00358874 -0.06881182
v -0.01323839 0.00244668 -0.05738310
v -0.00742357 0.00864280 -0.05989030
v -0.00825308 0.00864280 -0.06170751
v -0.00885575 0.00864280 -0.06324733
v -0.00920149 0.00864280 -0.06425703
v -0.00965793 0.00864280 -0.06574865
v -0.00599548 0.00864280 -0.05738310
v -0.00688240 0.00864280 -0.05888060
v 0.00045344 0.00864280 -0.06776922
v -0.00010823 0.00662576 -0.06939131
v -0.01084823 0.00171016 -0.06372808
v -0.01014307 0.00293251 -0.06939131
v -0.01119398 0.00338638 -0.06776922
v -0.01236378 0.00135870 -0.05738310
v -0.00157868 0.00864280 -0.05738310
v 0.00012409 0.00864280 -0.06574865
v -0.00266101 0.00447683 -0.05738310
v -0.00062753 0.00652499 -0.06579567
v -0.00029272 0.00662576 -0.06776922
v -0.00021346 0.00637507 -0.06939131
v -0.00082432 0.00535836 -0.06776922
v -0.01101905 0.00160775 -0.06262200
v -0.01040546 0.00198544 -0.06574865
v -0.00851547 0.00182404 -0.06939131
v -0.00939555 0.00145947 -0.06574865
v -0.00983696 0.00131364 -0.06372808
v -0.01208636 0.00127104 -0.05738310
v -0.01004741 0.00089663 -0.05968694
v -0.00156774 0.00836425 -0.05738310
v -0.00147755 0.00864280 -0.05766638
v -0.00198182 0.00662576 -0.05738310
v -0.00205698 0.00635786 -0.05738310
v -0.00276624 0.00420073 -0.05738310
v -0.00091315 0.00553368 -0.06649975
v -0.00072319 0.00517238 -0.06939131
v -0.00293023 0.00348306 -0.05824587
v -0.00340580 0.00270393 -0.05738310
v -0.00775838 0.00148732 -0.06939131
v -0.00755066 0.00139884 -0.06939131
v -0.01004741 0.00066805 -0.05766638
v -0.01004741 0.00063856 -0.05738310
v -0.00326914 0.00302099 -0.05738310
v -0.00129579 0.00416305 -0.06939131
v -0.00351786 0.00253598 -0.05738310
v -0.00723088 0.00139147 -0.06939131
v -0.00802623 0.00048290 -0.05968694
v -0.00802623 0.00068280 -0.06170751
v -0.00802623 0.00089089 -0.06372808
v -0.00802623 0.00029775 -0.05766638
v -0.00802623 0.00027317 -0.05738310
v -0.00149532 0.00390825 -0.06939131
v -0.00448814 0.00119730 -0.05738310
v -0.00606245 0.00141031 -0.06939131
v -0.00600642 0.00050911 -0.05738310
v -0.00230570 0.00296855 -0.06939131
v -0.00449224 0.00120959 -0.05766638
v -0.00413009 0.00198462 -0.06939131
v -0.00526846 0.00163807 -0.06939131
v -0.01220246 0.00460650 -0.00189608
v -0.01171630 0.00460650 0.00498388
v -0.01193237 0.00662636 0.00971371
v -0.01196267 0.00662636 0.00902503
v -0.01194159 0.00731491 0.00971371
v -0.01168205 0.00874926 0.00971371
v -0.01150814 0.00950159 0.00971371
v -0.01192447 0.00571865 -0.00189608
v -0.01157401 0.00302496 -0.00189608
v -0.01111421 0.00350417 0.00700445
v -0.01106415 0.00358430 0.00806474
v -0.01155293 0.00460650 0.00700445
v -0.01155689 0.00534575 0.00971371
v -0.01061752 0.01106351 0.00971371
v -0.00719995 0.01721959 0.00254509
v -0.00720258 0.01721959 0.00141662
v -0.00720258 0.01721959 0.00127911
v -0.01168468 0.00649225 -0.00189608
v -0.01098641 0.00242309 -0.00189608
v -0.01041199 0.00226771 0.00296330
v -0.01031318 0.00236748 0.00498388
v -0.01094557 0.00378874 0.00941141
v -0.01134214 0.00472589 0.00971371
v -0.01135136 0.00451982 0.00885343
v -0.00917223 0.00149248 0.00643965
v -0.01018275 0.00294645 0.00885343
v -0.01023808 0.01152309 0.00971371
v -0.00695358 0.01721959 0.00276102
v -0.00957538 0.01216912 0.00971371
v -0.00666241 0.01721959 0.00040406
v -0.01086257 0.00750136 -0.00189608
v -0.00599972 0.01721959 -0.00054827
v -0.01055296 0.00201585 -0.00189608
v -0.01053715 0.00205019 -0.00107785
v -0.00940147 0.00130113 0.00296330
v -0.00930266 0.00139599 0.00498388
v -0.01091132 0.00383454 0.00971371
v -0.01001015 0.00299225 0.00971371
v -0.00802601 0.00094458 0.00296330
v -0.00802601 0.00112776 0.00498388
v -0.00807608 0.00139599 0.00707037
v -0.00878357 0.00162169 0.00778745
v -0.00603924 0.01721959 0.00327582
v -0.00802601 0.01290510 0.00971371
v -0.00398527 0.01721959 -0.00090511
v -0.00766502 0.00979435 -0.00189608
v -0.00954245 0.00118991 -0.00189608
v -0.00952664 0.00119645 -0.00107785
v -0.00945813 0.00123734 0.00094273
v -0.00802601 0.00060113 -0.00189608
v -0.00806027 0.00193734 0.00971371
v -0.00600499 0.00051281 -0.00189608
v -0.00552542 0.00151701 0.00971371
v -0.00743710 0.00150393 0.00840567
v -0.00660313 0.00162332 0.00971371
v -0.00807608 0.00177215 0.00905798
v -0.00559525 0.01721959 0.00342242
v -0.00699574 0.01299833 0.00971371
v -0.00307094 0.01721959 -0.00068578
v 0.00012661 0.00655276 -0.00189608
v -0.00085097 0.00776141 -0.00189608
v -0.00106045 0.00799692 -0.00189608
v -0.00280085 0.00993991 -0.00189608
v -0.00379556 0.01084762 -0.00189608
v -0.00398527 0.01097519 -0.00189608
v -0.00600499 0.01080674 -0.00189608
v -0.00666505 0.00163641 0.00971371
v -0.00480212 0.00072379 -0.00189608
v -0.00490620 0.00153010 0.00971371
v -0.00535942 0.00151701 0.00971371
v -0.00407091 0.01721959 0.00351561
v -0.00600499 0.01308010 0.00971371
v -0.00257293 0.01721959 -0.00053577
v 0.00101460 0.00460650 -0.00189608
v -0.00398527 0.00089552 -0.00189608
v -0.00318424 0.00112612 -0.00189608
v -0.00253735 0.00136818 -0.00189608
v -0.00212893 0.00156117 -0.00189608
v -0.00152684 0.00185066 -0.00189608
v 0.00018063 0.00318033 0.00078703
v 0.00107520 0.00358594 0.00000971
v -0.00450041 0.00178033 0.00971371
v -0.00361770 0.01721959 0.00332014
v -0.00487063 0.01285767 0.00971371
v -0.00398527 0.01267940 0.00971371
v -0.00230284 0.01721959 0.00045974
v 0.00117270 0.00580860 -0.00055736
v 0.00102514 0.00460650 -0.00185176
v 0.00107520 0.00358594 -0.00060964
v 0.00016086 0.00294972 -0.00189608
v -0.00033978 0.00258010 -0.00189608
v 0.00122408 0.00451982 0.00078703
v 0.00125570 0.00509388 0.00296330
v 0.00117138 0.00539809 0.00447248
v 0.00093686 0.00378874 0.00135752
v -0.00238980 0.00313781 0.00902503
v -0.00250442 0.00321958 0.00971371
v -0.00257424 0.01721959 0.00262010
v -0.00262431 0.01205954 0.00971371
v -0.00220271 0.01721959 0.00094273
v 0.00125702 0.00600160 0.00094273
v 0.00115293 0.00460650 -0.00084147
v 0.00125570 0.00608010 0.00296330
v 0.00115820 0.00809342 0.00971371
v 0.00115425 0.00743267 0.00971371
v 0.00083147 0.00676538 0.00971371
v -0.00111183 0.00441187 0.00971371
v -0.00137928 0.00396701 0.00902503
v -0.00183777 0.00376748 0.00971371
v 0.00058246 0.00642192 0.00971371
v -0.00042805 0.00507916 0.00971371
v -0.00241615 0.01721959 0.00220303
v -0.00253472 0.01201211 0.00971371
v -0.00151893 0.01130230 0.00971371
v -0.00090630 0.01085907 0.00971371
v -0.00031475 0.01026211 0.00971371
v 0.00064307 0.00902239 0.00971371
v 0.00101723 0.00846631 0.00971371
v -0.00149390 0.00406842 0.00971371
v -0.00083401 0.05986071 -0.04877654
v -0.00049328 0.05846759 -0.05113963
v -0.00131424 0.06005839 -0.04877654
v -0.00196618 0.05867468 -0.05147409
v -0.00186155 0.05977129 -0.04944882
v -0.00398638 0.06033607 -0.04877654
v -0.00398638 0.05975246 -0.04981782
v -0.00460881 0.05819462 -0.05267460
v -0.00196618 0.05807695 -0.05248420
v -0.00071328 0.05629319 -0.05487005
v 0.00536611 0.05633085 -0.04889617
v 0.00538758 0.05638732 -0.04877654
v 0.00691682 0.05433059 -0.04877654
v 0.00610391 0.05502244 -0.04942102
v 0.00549489 0.05455179 -0.05121967
v 0.00319157 0.04283340 -0.06939131
v 0.00504954 0.05407173 -0.05256676
v -0.00084618 0.04686253 -0.06939131
v -0.00069981 0.04827250 -0.06712978
v -0.00148274 0.04786183 -0.06847682
v -0.00195435 0.04746485 -0.06939131
v -0.00231445 0.04758805 -0.06939131
v -0.00398484 0.04785270 -0.06939131
v -0.00283020 0.04809910 -0.06885649
v -0.00398484 0.05508506 -0.05766638
v -0.00524465 0.05819462 -0.05267460
v -0.00600390 0.06027488 -0.04877654
v -0.00690267 0.06013369 -0.04877654
v -0.00659145 0.05808637 -0.05249600
v -0.01314839 0.05620377 -0.05069061
v -0.00693765 0.05409489 -0.05864434
v -0.00608038 0.04760630 -0.06939131
v -0.00655664 0.04793940 -0.06859084
v -0.00801795 0.04667088 -0.06939131
v -0.00459817 0.04783445 -0.06939131
v -0.00569705 0.04769756 -0.06939131
v -0.00520918 0.04810367 -0.06886825
v -0.01109388 0.04409279 -0.06939131
v -0.01007167 0.04506471 -0.06939131
v -0.00896117 0.04597274 -0.06939131
v -0.01325303 0.05434471 -0.05294503
v -0.01348375 0.05506009 -0.05145977
v -0.01339522 0.05653322 -0.04958193
v -0.01406594 0.05512599 -0.04958193
v -0.01390496 0.05597315 -0.04877654
v -0.01350253 0.05681091 -0.04877654
v -0.01816268 0.04511999 -0.04877654
v -0.01423496 0.05310690 -0.05160299
v -0.01355083 0.05313043 -0.05361984
v -0.01328790 0.05247153 -0.05511436
v -0.01304539 0.04795309 -0.06061319
v -0.01859999 0.04389160 -0.04877654
v -0.01888169 0.04300207 -0.04877654
v -0.01510608 0.04402890 -0.05869841
v -0.01125651 0.04368668 -0.06939131
v -0.01135873 0.04334445 -0.06939131
v -0.01364710 0.03289517 -0.06939131
v -0.01356579 0.03330128 -0.06939131
v -0.01525941 0.04300223 -0.05902635
v -0.01617708 0.04098082 -0.05766638
v -0.01391659 0.03127987 -0.06939131
v -0.01427901 0.02885691 -0.06939131
v -0.01456477 0.02481865 -0.06939131
v -0.01449275 0.02683550 -0.06939131
v -0.01891925 0.04237140 -0.04877654
v -0.01892730 0.04097828 -0.04877654
v -0.01886291 0.04034761 -0.04877654
v -0.01434871 0.02279724 -0.06939131
v -0.01867780 0.03895920 -0.04877654
v -0.01825659 0.03697777 -0.04877654
v -0.01069894 0.00864280 -0.06939131
v -0.01789440 0.03570231 -0.04877654
v -0.01765026 0.03490221 -0.04877654
v -0.01729075 0.03385266 -0.04877654
v -0.01206720 0.05765337 -0.04877654
v 0.00737827 0.02935326 -0.04877654
v -0.00520709 0.01761998 -0.04877654
v 0.00110303 0.01844362 -0.04877654
v 0.00332981 0.02134281 -0.04877654
v 0.00689535 0.02834607 -0.04877654
v 0.00709657 0.02874612 -0.04877654
v 0.00045483 0.00864736 -0.06776922
v 0.00012493 0.00864736 -0.06574865
v -0.00147809 0.00864280 -0.05766638
v 0.00062210 0.00864280 -0.06939131
v -0.00157799 0.00864280 -0.05738310
v 0.00273422 0.02033092 -0.04877654
v 0.00172277 0.01905076 -0.04877654
v 0.00066304 0.01804357 -0.04877654
v -0.00034572 0.01741760 -0.04877654
v -0.00196618 0.01720111 -0.04877654
v -0.00599442 0.00864280 -0.05738310
v -0.00389248 0.01742702 -0.04877654
v -0.00557733 0.01769999 -0.04877654
v -0.00640097 0.01791649 -0.04877654
v -0.00786850 0.01892368 -0.04877654
v -0.00712266 0.01834008 -0.04877654
v -0.00889067 0.01991204 -0.04877654
v -0.00987529 0.02093335 -0.04877654
v -0.01087332 0.02199702 -0.04877654
v -0.01161111 0.02294773 -0.04877654
v -0.00688189 0.00864280 -0.05888060
v -0.00742320 0.00864280 -0.05989030
v -0.01266011 0.02445851 -0.04877654
v -0.00825259 0.00864280 -0.06170751
v -0.01329595 0.02546570 -0.04877654
v -0.01404716 0.02683999 -0.04877654
v -0.00920046 0.00864280 -0.06425703
v -0.00885430 0.00864280 -0.06324733
v -0.00965814 0.00864280 -0.06574865
v -0.01483860 0.02836960 -0.04877654
v -0.01570786 0.03010159 -0.04877654
v -0.01608614 0.03094876 -0.04877654
v -0.01682393 0.03269016 -0.04877654
v 0.00334258 0.04254593 -0.06939131
v 0.00383743 0.03895941 -0.06939131
v 0.00251552 0.01673301 -0.06939131
v 0.00172795 0.01269018 -0.06939131
v 0.00106583 0.00988850 -0.06939131
v 0.00099613 0.00965122 -0.06939131
v 0.00796314 0.03087816 -0.04877654
v 0.00841923 0.03290195 -0.04877654
v 0.00214845 0.01471160 -0.06939131
v 0.00279198 0.01875442 -0.06939131
v 0.00734781 0.03706576 -0.05738310
v 0.00715498 0.03784603 -0.05872897
v 0.00296622 0.02077583 -0.06939131
v 0.00304753 0.02202609 -0.06939131
v 0.00715498 0.03818826 -0.05872897
v 0.00735478 0.03890009 -0.05777687
v 0.00708296 0.03953891 -0.05852445
v 0.00373985 0.04098082 -0.06939131
v 0.00708584 0.05381758 -0.04877654
v 0.00681487 0.04887106 -0.05342607
v 0.00705364 0.04941702 -0.05215817
v 0.00717974 0.04218785 -0.05684477
v 0.00728437 0.04097828 -0.05718849
v 0.00808118 0.04502116 -0.04877654
v 0.00260845 0.04353610 -0.06939131
v -0.00043961 0.04655225 -0.06939131
v 0.00815899 0.04421635 -0.04877654
v 0.00773777 0.03895920 -0.05564427
v 0.00699468 0.04098082 -0.05820002
v 0.00764656 0.03693541 -0.05564427
v 0.00848093 0.03492103 -0.04877654
v -0.00239275 0.06018546 -0.04877654
v -0.00071356 0.01225459 -0.05738310
v -0.00102076 0.01225459 -0.05670669
v -0.00212019 0.00657709 -0.04676937
v -0.00193940 0.00584561 -0.04676937
v -0.00172922 0.00467623 -0.04676937
v -0.00156753 0.00836378 -0.05738310
v -0.00602994 0.01225459 -0.05738310
v -0.00191588 0.01225459 -0.05603131
v -0.00402215 0.01225459 -0.05592326
v -0.00398541 0.00652816 -0.04676937
v -0.00205699 0.00635752 -0.05738310
v -0.00198056 0.00662477 -0.05738310
v -0.00256702 0.00299368 -0.04676937
v -0.00340629 0.00270385 -0.05738310
v -0.00326960 0.00302129 -0.05738310
v -0.00276692 0.00420070 -0.05738310
v -0.00266109 0.00447799 -0.05738310
v -0.00535088 0.01225459 -0.05665682
v -0.01330120 0.00373521 -0.05738310
v -0.01516495 0.00364236 -0.05286330
v -0.01515760 0.00363609 -0.05160295
v -0.01511057 0.00360221 -0.05051508
v -0.01572937 0.00241276 -0.04676937
v -0.01478573 0.00301376 -0.04676937
v -0.01409638 0.00342028 -0.04676937
v -0.00518626 0.01225459 -0.05649161
v -0.00298445 0.00238014 -0.04676937
v -0.00351800 0.00253572 -0.05738310
v -0.01333648 0.00275027 -0.05738310
v -0.01521052 0.00258465 -0.05302227
v -0.01533398 0.00258465 -0.05160295
v -0.01572937 0.00119320 -0.04676937
v -0.00329900 0.00198365 -0.04676937
v -0.00448809 0.00119822 -0.05738310
v -0.01323800 0.00244664 -0.05738310
v -0.01518112 0.00151942 -0.05290798
v -0.01503120 0.00088830 -0.04676937
v -0.00430877 0.00099621 -0.04676937
v -0.00446310 0.00112419 -0.05564375
v -0.00600643 0.00024590 -0.05362283
v -0.00600643 0.00036384 -0.05564375
v -0.00600643 0.00050939 -0.05738310
v -0.00585650 -0.00001131 -0.04756111
v -0.00686628 -0.00051319 -0.04756111
v -0.01236492 0.00135882 -0.05738310
v -0.01315569 0.00152569 -0.05683761
v -0.01408903 0.00104640 -0.05160295
v -0.01408903 0.00057589 -0.04756111
v -0.01408903 0.00048680 -0.04676937
v -0.01208565 0.00127099 -0.05738310
v -0.01004700 0.00063862 -0.05738310
v -0.00522595 0.00038266 -0.04676937
v -0.00695447 -0.00047178 -0.04888172
v -0.00802745 0.00027350 -0.05738310
v -0.00583299 -0.00001382 -0.04676937
v -0.00622984 -0.00022210 -0.04676937
v -0.00684423 -0.00052699 -0.04676937
v -0.00802892 -0.00056212 -0.04676937
v -0.01206801 0.00048555 -0.05160295
v -0.01206801 0.00024465 -0.04958203
v -0.01206801 -0.00003766 -0.04676937
v -0.01206801 0.00003511 -0.04756111
v -0.01004700 0.00045293 -0.05564375
v -0.00735867 -0.00047178 -0.04888172
v -0.00802745 0.00012545 -0.05564375
v -0.01004700 -0.00016313 -0.04958203
v -0.01004700 0.00002507 -0.05160295
v -0.00803039 -0.00051821 -0.04758189
v -0.00910924 -0.00049311 -0.04676937
v -0.00924447 -0.00047680 -0.04692314
v -0.01022338 -0.00034882 -0.04676937
v -0.00802745 -0.00020830 -0.05160295
v -0.00802745 -0.00004393 -0.05362283
v -0.00870357 -0.00042285 -0.04826973
v -0.00997056 -0.00032624 -0.04758189
v -0.00928415 -0.00048182 -0.04676937
v 0.00499592 0.01225331 -0.02937023
v 0.00469105 0.01066765 -0.02937023
v 0.00464968 0.01066765 -0.03139071
v 0.00490445 0.01225331 -0.03141706
v 0.00499156 0.01225331 -0.02734975
v 0.00407479 0.00864594 -0.03139071
v 0.00498285 0.01221495 -0.02734975
v 0.00498938 0.01225331 -0.02728386
v 0.00110017 0.00354498 -0.00591947
v 0.00113937 0.00349255 -0.00714494
v 0.00447982 0.01066765 -0.03341119
v 0.00481082 0.01225331 -0.03297635
v 0.00338884 0.00711910 -0.03139071
v 0.00332133 0.00721501 -0.03341119
v 0.00389840 0.00864594 -0.03341119
v 0.00495890 0.01225331 -0.02690173
v 0.00101307 0.00460507 -0.00190047
v 0.00016162 0.00294908 -0.00190047
v 0.00005710 0.00253732 -0.00714494
v 0.00116986 0.00345674 -0.00916542
v 0.00410527 0.01066765 -0.03543167
v 0.00445151 0.01225331 -0.03543167
v 0.00453208 0.01225331 -0.03499683
v 0.00477380 0.01225331 -0.03341119
v 0.00274427 0.00610889 -0.03139071
v 0.00271378 0.00620479 -0.03341119
v 0.00256788 0.00673164 -0.03540092
v 0.00317108 0.00747588 -0.03470694
v 0.00343675 0.00862036 -0.03540092
v 0.00482171 0.01225331 -0.02532927
v 0.00012678 0.00655006 -0.00190047
v 0.00437530 0.01225331 -0.02335271
v -0.00034140 0.00257952 -0.00190047
v -0.00115365 0.00167032 -0.00512446
v -0.00105130 0.00162940 -0.00714494
v 0.00005710 0.00250535 -0.00916542
v -0.00102082 0.00164730 -0.03139071
v 0.00085193 0.00384421 -0.03341119
v 0.00170337 0.00485443 -0.03341119
v 0.00323858 0.00927637 -0.03687676
v 0.00345199 0.01063057 -0.03750925
v 0.00399421 0.01225331 -0.03702170
v 0.00151392 0.00503601 -0.03543167
v 0.00126132 0.00535570 -0.03745215
v 0.00109146 0.00557437 -0.03854145
v -0.00256692 0.00299384 -0.04676833
v -0.00173072 0.00467668 -0.04676833
v 0.00297074 0.00792856 -0.03605099
v -0.00085096 0.00775976 -0.00190047
v 0.00358265 0.01225331 -0.02121363
v -0.00152820 0.00185063 -0.00190047
v -0.00137577 0.00177262 -0.00310398
v -0.00216406 0.00117928 -0.00512446
v -0.00398672 0.00011663 -0.00714494
v -0.00206171 0.00108721 -0.00714494
v -0.00203123 0.00085576 -0.03139071
v -0.00210962 0.00088645 -0.03341119
v -0.00109921 0.00171764 -0.03341119
v -0.00015848 0.00272786 -0.03341119
v 0.00069296 0.00402451 -0.03543167
v 0.00300123 0.00993237 -0.03822521
v 0.00321028 0.01127890 -0.03871276
v 0.00385485 0.01225331 -0.03746533
v -0.00329859 0.00198362 -0.04676833
v -0.00298502 0.00238003 -0.04676833
v -0.00193977 0.00584546 -0.04676833
v 0.00180136 0.01225331 -0.04128667
v 0.00282048 0.01225331 -0.03992505
v 0.00296638 0.01225331 -0.03964393
v 0.00331262 0.01225331 -0.03894555
v -0.00106001 0.00799633 -0.00190047
v 0.00170990 0.01225331 -0.01698820
v -0.00280210 0.00994004 -0.00190047
v -0.00212922 0.00156163 -0.00190047
v -0.00238618 0.00129565 -0.00310398
v -0.00253861 0.00136854 -0.00190047
v -0.00398672 0.00035576 -0.00512446
v -0.00600754 -0.00009308 -0.00512446
v -0.00600754 -0.00026827 -0.00714494
v -0.00656065 -0.00058412 -0.03745215
v -0.00398672 0.00002073 -0.03341119
v -0.00684156 -0.00052658 -0.04676833
v -0.00622748 -0.00022224 -0.04676833
v -0.00583333 -0.00001380 -0.04676833
v -0.00522578 0.00038262 -0.04676833
v -0.00430900 0.00099642 -0.04676833
v -0.00031745 0.00294269 -0.03543167
v -0.00212051 0.00657691 -0.04676833
v 0.00020518 0.01225331 -0.04229691
v 0.00123519 0.01225331 -0.01599552
v -0.00379509 0.01084796 -0.00190047
v -0.00318536 0.00112557 -0.00190047
v -0.00398672 0.00089412 -0.00190047
v -0.00480332 0.00072276 -0.00190047
v -0.00600754 0.00027264 -0.00310398
v -0.00802618 0.00060128 -0.00190047
v -0.00802618 0.00047724 -0.00310398
v -0.00802618 0.00033786 -0.00512446
v -0.01408864 0.00006037 -0.03947263
v -0.01240317 -0.00030919 -0.03947263
v -0.01127082 -0.00049205 -0.03819446
v -0.01004700 -0.00072607 -0.03947263
v -0.00802618 -0.00080918 -0.03947263
v -0.00670655 -0.00059691 -0.03947263
v -0.00680672 -0.00054832 -0.04553847
v -0.00802618 -0.00056239 -0.04676833
v -0.00802618 -0.00076315 -0.04149751
v -0.00802618 -0.00070433 -0.04351799
v -0.00802618 -0.00063144 -0.04553847
v -0.00398672 0.00652832 -0.04676833
v -0.00207696 0.01225331 -0.04228813
v -0.00169805 0.01225331 -0.04229252
v 0.00110017 0.01225331 -0.01578030
v -0.00398672 0.01097583 -0.00190047
v -0.00600754 0.00051177 -0.00190047
v -0.00954180 0.00118951 -0.00190047
v -0.01610946 0.00076624 -0.03947263
v -0.01408864 0.00017801 -0.03745215
v -0.01610946 0.00073044 -0.04149751
v -0.01408864 0.00003607 -0.04149751
v -0.01235527 -0.00031814 -0.04149751
v -0.01139276 -0.00051507 -0.03947263
v -0.01004700 -0.00072351 -0.04149751
v -0.00910845 -0.00049333 -0.04676833
v -0.01409735 0.00342094 -0.04676833
v -0.00353378 0.01225331 -0.04194553
v 0.00021607 0.01225331 -0.01471735
v -0.00600754 0.01080704 -0.00190047
v -0.00057658 0.01225331 -0.01389159
v -0.00089669 0.01225331 -0.01367636
v -0.00197243 0.01225331 -0.01299116
v -0.00383429 0.01225331 -0.01231473
v -0.00540870 0.01225331 -0.01213904
v -0.00600754 0.01225331 -0.01212147
v -0.00794343 0.01225331 -0.01249043
v -0.00835500 0.01225331 -0.01263538
v -0.00994683 0.01225331 -0.01348310
v -0.01055221 0.00201559 -0.00190047
v -0.01717867 0.00148235 -0.03823399
v -0.01722875 0.00140690 -0.03947263
v -0.01725053 0.00138644 -0.04149751
v -0.01720480 0.00145549 -0.04299969
v -0.01627496 0.00104373 -0.04361023
v -0.01408864 0.00048619 -0.04676833
v -0.01408864 0.00034809 -0.04553847
v -0.01408864 0.00014604 -0.04351799
v -0.01195676 -0.00030919 -0.04353556
v -0.01120984 -0.00047159 -0.04287670
v -0.01134486 -0.00049973 -0.04149751
v -0.01016677 -0.00058668 -0.04353556
v -0.00959624 -0.00052914 -0.04553847
v -0.00928484 -0.00048182 -0.04676833
v -0.01478548 0.00301302 -0.04676833
v -0.00681325 0.01225331 -0.04030279
v -0.00596616 0.01225331 -0.04096164
v -0.00398672 0.01225331 -0.04181815
v -0.00766470 0.00979426 -0.00190047
v -0.01092893 0.01225331 -0.01435718
v -0.01159310 0.01225331 -0.01534985
v -0.01098555 0.00242351 -0.00190047
v -0.01717867 0.00172403 -0.03823399
v -0.01157351 0.00302581 -0.00190047
v -0.01220066 0.00460507 -0.00190047
v -0.01722875 0.00210510 -0.03947263
v -0.01725053 0.00220868 -0.04149751
v -0.01720480 0.00186214 -0.04299969
v -0.01572838 0.00119335 -0.04676833
v -0.01503155 0.00088900 -0.04676833
v -0.01206782 -0.00003682 -0.04676833
v -0.01206782 -0.00014935 -0.04553847
v -0.01092240 -0.00042684 -0.04422516
v -0.01060665 -0.00038208 -0.04553847
v -0.01022339 -0.00034883 -0.04676833
v -0.01572838 0.00241328 -0.04676833
v -0.00756888 0.01225331 -0.03961319
v -0.01086143 0.00750017 -0.00190047
v -0.01247721 0.01225331 -0.01724734
v -0.01499453 0.01225331 -0.02616381
v -0.01512518 0.01225331 -0.02720919
v -0.01518833 0.01225331 -0.02783291
v -0.01192410 0.00571759 -0.00190047
v -0.01448279 0.01225331 -0.02331318
v -0.01484645 0.01225331 -0.02519310
v -0.01518833 0.01225331 -0.02787244
v -0.01516874 0.01225331 -0.02886072
v -0.01509252 0.01225331 -0.02957228
v -0.01505115 0.01225331 -0.02988853
v -0.00786286 0.01225331 -0.03931890
v -0.01455029 0.01225331 -0.03131165
v -0.01438697 0.01225331 -0.03159715
v -0.01355731 0.01225331 -0.03303784
v -0.01272982 0.01225331 -0.03404808
v -0.00953091 0.01225331 -0.03755757
v -0.01168456 0.00648996 -0.00190047
v -0.01337003 0.01225331 -0.01959286
v -0.01396016 0.01225331 -0.02128831
v 0.00082758 0.08665544 0.01801367
v 0.00011516 0.08738342 0.01857045
v -0.00052056 0.08621998 0.01827000
v -0.00196431 0.08746320 0.01899202
v -0.00196431 0.08613854 0.01832351
v -0.00334607 0.08626485 0.01824183
v -0.00400596 0.08738176 0.01861739
v -0.00398389 0.08948426 0.01910657
v -0.00196431 0.08948426 0.01930562
v 0.00005632 0.08948426 0.01889625
v 0.00134771 0.08800337 0.01829816
v 0.00164508 0.08581277 0.01666634
v -0.00047273 0.07390479 0.00852514
v -0.00200199 0.07390479 0.00931702
v -0.00394354 0.07390479 0.00939019
v -0.00537629 0.07390479 0.00889744
v -0.00588042 0.07390479 0.00861672
v -0.00469316 0.08665378 0.01800710
v -0.00530996 0.08800004 0.01835826
v -0.00612851 0.08731195 0.01718180
v -0.00715827 0.08797013 0.01635650
v -0.00546337 0.08948426 0.01848407
v -0.00530366 0.09074909 0.01836671
v -0.00398389 0.09107651 0.01857608
v -0.00399440 0.09213525 0.01707758
v -0.00569560 0.09114300 0.01710950
v -0.00617895 0.09114965 0.01514530
v -0.00332716 0.09258733 0.01638279
v -0.00196431 0.09230311 0.01763811
v -0.00196431 0.09129258 0.01863617
v 0.00005632 0.09103330 0.01844651
v 0.00119325 0.09066931 0.01822681
v 0.00021393 0.09212694 0.01715927
v -0.00035453 0.09262556 0.01651893
v -0.00196431 0.09265381 0.01662690
v -0.00035453 0.09262556 0.01591615
v 0.00173860 0.09120782 0.01508803
v 0.00157888 0.09111807 0.01710950
v 0.00229025 0.08948426 0.01710950
v 0.00281459 0.08936459 0.01525703
v 0.00314033 0.08861168 0.01378107
v 0.00297115 0.08815295 0.01243373
v 0.00315924 0.08680668 0.01177086
v 0.00322018 0.08747317 0.01309191
v 0.00314033 0.08861168 0.01469463
v 0.00301318 0.08746320 0.01585606
v 0.00137188 0.08948426 0.01833384
v 0.00198343 0.08738342 0.01724752
v 0.00229866 0.08528424 0.01527299
v 0.00318446 0.08610197 0.01448525
v 0.00319917 0.08746320 0.01484579
v 0.00321913 0.08543382 0.01301304
v 0.00314033 0.08427869 0.01230228
v 0.00295224 0.08475570 0.01364962
v -0.00001639 0.07390479 0.00700510
v 0.00314033 0.08427869 0.01174926
v 0.00318025 0.08544213 0.01161124
v 0.00292387 0.08544213 0.01060004
v 0.00235059 0.08342118 0.00902585
v 0.00085225 0.07950403 0.00462947
v -0.00006418 0.07390479 0.00462947
v -0.00669002 0.07390479 0.00463892
v -0.00658695 0.07390479 0.00462947
v -0.00665348 0.07392117 0.00462947
v -0.00596850 0.07938115 0.00462947
v -0.00550091 0.08142096 0.00462947
v -0.00557775 0.08113834 0.00462947
v -0.00710678 0.08665710 0.00987708
v -0.00725704 0.08738342 0.01106480
v -0.00718348 0.08884437 0.01175020
v -0.00751448 0.08746320 0.01306843
v -0.00653260 0.07390479 0.00700510
v -0.00722131 0.08597898 0.01461951
v -0.00731378 0.08736348 0.01521103
v -0.00694706 0.08662219 0.01596685
v -0.00646419 0.07390479 0.00720717
v -0.00715827 0.08899728 0.01635650
v -0.00723812 0.08959562 0.01514530
v -0.00725284 0.08950421 0.01312946
v -0.00709627 0.09059452 0.01450966
v -0.00696808 0.09034355 0.01585700
v -0.00655302 0.08959562 0.01706162
v -0.00709627 0.09059452 0.01384397
v -0.00332716 0.09258733 0.01597154
v -0.00196431 0.09265381 0.01586639
v -0.00196431 0.09199730 0.01485612
v -0.00398389 0.09103496 0.01336888
v 0.00005632 0.09095519 0.01353789
v 0.00021393 0.09206544 0.01518098
v 0.00140761 0.09078898 0.01375290
v 0.00162301 0.08886764 0.01158026
v 0.00005632 0.09010089 0.01252762
v -0.00398389 0.09025047 0.01235862
v -0.00398389 0.08923994 0.01118216
v -0.00600557 0.09016404 0.01251635
v -0.00600557 0.08915351 0.01134459
v -0.00398389 0.08834243 0.01017189
v 0.00005632 0.08909035 0.01135304
v 0.00005632 0.08817622 0.01034278
v -0.00196450 0.08261973 0.00462947
v -0.00287063 0.08262109 0.00462947
v -0.00398384 0.08257058 0.00462947
v -0.00436896 0.08240673 0.00462947
v -0.00600557 0.08810143 0.01033433
v -0.00600504 0.08708984 0.00948874
v -0.00600557 0.09085712 0.01352756
v -0.00399440 0.09210034 0.01521384
v 0.00025348 0.08154111 0.00462947
v 0.00106590 0.08237397 0.00599621
v 0.00193642 0.08545007 0.00897807
v 0.00138637 0.08478105 0.00774671
v 0.00158596 0.08693692 0.00961964
v 0.00005670 0.08716629 0.00939218
v 0.00227869 0.08754464 0.01100189
v -0.01301299 0.01268831 0.01937457
v -0.01288719 0.01099387 0.01937457
v -0.01300400 0.01309748 0.01937457
v -0.01194066 0.00731461 0.00971371
v -0.01193317 0.00662661 0.00971371
v -0.01283626 0.01082228 0.01937457
v -0.01155576 0.00534629 0.00971371
v -0.01281230 0.01469788 0.01937457
v -0.01168156 0.00874837 0.00971371
v -0.01230609 0.01837053 0.01937457
v -0.01134159 0.00472594 0.00971371
v -0.01212937 0.00888036 0.01937457
v -0.01150784 0.00950402 0.00971371
v 0.00214639 0.01837053 0.01937457
v -0.01202603 0.01837053 0.01876745
v -0.01091027 0.00383499 0.00971371
v -0.01104056 0.00564987 0.01597870
v -0.01202902 0.00864772 0.01937457
v -0.01127869 0.01216200 0.01162299
v -0.01087582 0.01132055 0.01027543
v -0.01061822 0.01106317 0.00971371
v 0.00206551 0.01837053 0.01913059
v 0.00225721 0.01468963 0.01937457
v 0.00115793 0.00809336 0.00971371
v -0.01136706 0.01837053 0.01764212
v -0.01001017 0.00299190 0.00971371
v -0.00974508 0.00306449 0.01104709
v -0.01075451 0.00403628 0.01104709
v -0.01092375 0.00582806 0.01710971
v -0.01129067 0.00715952 0.01937457
v -0.01137904 0.00731791 0.01937457
v -0.01089978 0.01350830 0.01225280
v -0.01023781 0.01152349 0.00971371
v 0.00137209 0.01837053 0.01758065
v 0.00228717 0.01268831 0.01937457
v 0.00115343 0.00743175 0.00971371
v 0.00101715 0.00846624 0.00971371
v -0.01037560 0.01837053 0.01645153
v -0.00806021 0.00193762 0.00971371
v -0.00940511 0.00335323 0.01306796
v -0.00961479 0.00526215 0.01913059
v -0.01062421 0.00612504 0.01913059
v -0.01055083 0.00613659 0.01937457
v -0.00954739 0.01837053 0.01560611
v -0.00957435 0.01217024 0.00971371
v 0.00070863 0.01837053 0.01657068
v 0.00211194 0.01066719 0.01937457
v 0.00115044 0.00746970 0.01104709
v 0.00083144 0.00676520 0.00971371
v 0.00064273 0.00902390 0.00971371
v -0.00666438 0.00163569 0.00971371
v -0.00657752 0.00162744 0.00975437
v -0.00802576 0.00227585 0.01104709
v -0.00914602 0.00353306 0.01428881
v -0.00955937 0.00530010 0.01937457
v -0.00965972 0.00537434 0.01937457
v -0.00789247 0.01837053 0.01443822
v -0.00802576 0.01290444 0.00971371
v -0.00032776 0.01837053 0.01548412
v 0.00150539 0.00903710 0.01937457
v 0.00107256 0.00763139 0.01410629
v 0.00058282 0.00642202 0.00971371
v -0.00031428 0.01026297 0.00971371
v -0.00660298 0.00162414 0.00971371
v -0.00594401 0.00181882 0.01092982
v -0.00523112 0.00154659 0.01017708
v -0.00600541 0.00241939 0.01306796
v -0.00802576 0.00285496 0.01306796
v -0.00843013 0.00373270 0.01563543
v -0.00802576 0.00473748 0.01913059
v -0.00800929 0.00481338 0.01937457
v -0.00601889 0.01837053 0.01373087
v -0.00699537 0.01299849 0.00971371
v -0.00398506 0.01837053 0.01350296
v -0.00137163 0.01837053 0.01465005
v 0.00082395 0.00814946 0.01937457
v -0.00042810 0.00507901 0.00971371
v -0.00090586 0.01086023 0.00971371
v -0.00251585 0.01837053 0.01379517
v -0.00552616 0.00151690 0.00971371
v -0.00494506 0.00154659 0.01017708
v -0.00398506 0.00417982 0.01913059
v -0.00600541 0.00306284 0.01508884
v -0.00708223 0.00358091 0.01614419
v -0.00398506 0.00425241 0.01937457
v -0.00786401 0.00340932 0.01501224
v -0.00786401 0.00400493 0.01693382
v -0.00600541 0.00449330 0.01937457
v -0.00600541 0.01308099 0.00971371
v -0.00398506 0.01268006 0.00971371
v -0.00487018 0.01285825 0.00971371
v 0.00072061 0.00802737 0.01937457
v -0.00222380 0.00489092 0.01937457
v -0.00111104 0.00441246 0.00971371
v 0.00059780 0.00789208 0.01937457
v -0.00109756 0.00603430 0.01937457
v -0.00121288 0.00591221 0.01937457
v -0.00151840 0.01130240 0.00971371
v -0.00253532 0.01201350 0.00971371
v -0.00262368 0.01205970 0.00971371
v -0.00535992 0.00151690 0.00971371
v -0.00490762 0.00153009 0.00971371
v -0.00450026 0.00178088 0.00971371
v -0.00377838 0.00429366 0.01937457
v -0.00600541 0.00349512 0.01639668
v -0.00576129 0.00445700 0.01937457
v -0.00305501 0.00363536 0.01508884
v -0.00221781 0.00485792 0.01913059
v -0.00149294 0.00406763 0.00971371
v -0.00250387 0.00321958 0.00971371
v -0.00183741 0.00376735 0.00971371
v -0.02258968 0.05310536 -0.01724552
v -0.02251243 0.05310536 -0.01522466
v -0.02249772 0.05512805 -0.01522466
v -0.02252347 0.05512805 -0.01724552
v -0.02245725 0.05310536 -0.01926637
v -0.02230643 0.05114791 -0.02122479
v -0.02241311 0.05108267 -0.01926637
v -0.02242415 0.05108267 -0.01724552
v -0.02217768 0.05310536 -0.01320380
v -0.02228068 0.05108267 -0.01522466
v -0.02201582 0.05108267 -0.01320380
v -0.02203053 0.05714530 -0.01522466
v -0.01811648 0.06438241 -0.00189797
v -0.02204525 0.05714530 -0.01724552
v -0.02224389 0.05512805 -0.01926637
v -0.02219239 0.05310536 -0.02122479
v -0.02222182 0.04912522 -0.02122479
v -0.02220343 0.04906541 -0.01926637
v -0.02211882 0.04906541 -0.01724552
v -0.02151185 0.05108267 -0.01126431
v -0.01820109 0.06247390 -0.00189797
v -0.01817902 0.06322425 -0.00189797
v -0.02191282 0.04906541 -0.01522466
v -0.02151553 0.04886967 -0.01301269
v -0.02134631 0.04941340 -0.01154435
v -0.01791784 0.06523063 -0.00189797
v -0.02140885 0.05868951 -0.01522466
v -0.02142356 0.05878738 -0.01724552
v -0.02134999 0.05650914 -0.02122479
v -0.02181350 0.05512805 -0.02122479
v -0.02157071 0.05717249 -0.01921907
v -0.02218504 0.05316517 -0.02122479
v -0.02221446 0.04906541 -0.02122479
v -0.02189075 0.04710253 -0.02122479
v -0.01499333 0.01613685 -0.02122479
v -0.02111088 0.05108267 -0.01025388
v -0.01554880 0.03410184 -0.00189797
v -0.01567020 0.03492288 -0.00189797
v -0.01511473 0.03183990 -0.00189797
v -0.01525451 0.03247063 -0.00189797
v -0.01534280 0.03290018 -0.00189797
v -0.01740283 0.06639423 -0.00189797
v -0.02099684 0.05979873 -0.01724552
v -0.01997051 0.06119069 -0.01926637
v -0.01917960 0.06227272 -0.02037331
v -0.01942239 0.06102757 -0.02122479
v -0.01393757 0.01225459 -0.02122479
v -0.01476526 0.03082856 -0.00189797
v -0.01770815 0.06479021 -0.01926637
v -0.01871977 0.06358856 -0.01926637
v -0.01934882 0.06257721 -0.01926637
v -0.02019858 0.06119069 -0.01724552
v -0.01578056 0.06759044 -0.00189797
v -0.01471376 0.06780250 -0.02122479
v -0.01741019 0.06457815 -0.02122479
v -0.01782955 0.06392023 -0.02122479
v -0.01840709 0.06305026 -0.02114343
v -0.01841445 0.06298501 -0.02122479
v -0.01899935 0.06191929 -0.02122479
v 0.00358738 0.01225459 -0.02122479
v -0.01336738 0.01225459 -0.01958994
v -0.01443050 0.03003470 -0.00189797
v -0.01661928 0.06555688 -0.02122479
v -0.01544212 0.06780250 -0.00189797
v 0.00779205 0.06780250 -0.02122479
v -0.01837031 0.06305570 -0.02122479
v 0.00358370 0.01225459 -0.02121155
v 0.00482340 0.01458721 -0.02122479
v -0.01247716 0.01225459 -0.01724552
v -0.01377939 0.02876237 -0.00189797
v 0.00913474 0.06780250 -0.00189797
v 0.00903542 0.06780250 -0.00685362
v 0.01125731 0.06232166 -0.02051333
v 0.01162149 0.06121788 -0.02122479
v 0.00170761 0.01225459 -0.01698440
v 0.00539359 0.02741390 -0.00189797
v 0.00511769 0.02700610 -0.00189797
v 0.00491169 0.01477752 -0.02122479
v 0.00608517 0.02886024 -0.00189797
v -0.01159061 0.01225459 -0.01534576
v -0.01348510 0.02821319 -0.00189797
v 0.01361530 0.04906541 -0.01145353
v 0.01429585 0.05108267 -0.01320380
v 0.01459382 0.05310536 -0.01522466
v 0.01436574 0.05512805 -0.01724552
v 0.01382499 0.05714530 -0.01724552
v 0.01334677 0.05852095 -0.01724552
v 0.00914210 0.06780250 -0.00218369
v 0.00669214 0.03290018 -0.00189797
v 0.00912739 0.06780250 -0.00512226
v 0.01205557 0.06119069 -0.01926637
v 0.01293108 0.05945617 -0.01926637
v 0.01163253 0.06119613 -0.02122479
v 0.00123307 0.01225459 -0.01599289
v 0.00464683 0.02640256 -0.00189797
v 0.00509930 0.01575080 -0.02030897
v 0.00546716 0.01626735 -0.02122479
v 0.00654499 0.03087749 -0.00189797
v 0.01411927 0.04704272 -0.01522466
v 0.01363738 0.04686872 -0.01304864
v 0.01426274 0.04906541 -0.01320380
v 0.01341666 0.04742877 -0.01167491
v -0.01092846 0.01225459 -0.01435615
v -0.01316874 0.02771296 -0.00189797
v 0.01477407 0.05108267 -0.01522466
v 0.01495432 0.05108267 -0.01724552
v 0.01474464 0.05310536 -0.01724552
v 0.01467475 0.05310536 -0.01926637
v 0.01455703 0.05310536 -0.02122479
v 0.01420020 0.05512805 -0.01926637
v 0.01367784 0.05714530 -0.01926637
v 0.01329894 0.05844483 -0.01926637
v 0.00916417 0.06780250 -0.00310141
v 0.01339091 0.05713443 -0.02122479
v 0.01330998 0.05734649 -0.02122479
v 0.01279865 0.05868407 -0.02122479
v 0.01266990 0.05897769 -0.02122479
v 0.00110064 0.01225459 -0.01577529
v 0.00359106 0.02512478 -0.00189797
v 0.01403099 0.04501459 -0.02122479
v 0.01455335 0.04704272 -0.01926637
v 0.01438782 0.04704272 -0.01724552
v 0.01463060 0.04906541 -0.01522466
v -0.00994626 0.01225459 -0.01348006
v -0.00642582 0.01925789 -0.00189797
v -0.00682679 0.01961131 -0.00189797
v -0.01202468 0.02623944 -0.00189797
v 0.01486972 0.04906541 -0.01724552
v 0.01497639 0.04906541 -0.01926637
v 0.01499111 0.05108267 -0.01926637
v 0.01489179 0.05108267 -0.02122479
v 0.01456807 0.05304555 -0.02122479
v 0.01400524 0.05512805 -0.02122479
v 0.01381395 0.05575334 -0.02122479
v -0.00020160 0.02095434 -0.00189797
v -0.00161419 0.01945363 -0.00189797
v -0.00207769 0.01898058 -0.00189797
v 0.00021409 0.01225459 -0.01471377
v 0.00316802 0.02465173 -0.00189797
v 0.01460485 0.04704272 -0.02122479
v -0.00835342 0.01225459 -0.01263236
v -0.00600646 0.01905670 -0.00189797
v 0.01491386 0.04906541 -0.02122479
v -0.00291274 0.01875222 -0.00189797
v -0.00197469 0.01225459 -0.01298809
v -0.00089686 0.01225459 -0.01367496
v -0.00057682 0.01225459 -0.01388877
v -0.00794142 0.01225459 -0.01248666
v -0.00451662 0.01860541 -0.00189797
v -0.00398322 0.01848578 -0.00189797
v -0.00383240 0.01225459 -0.01231258
v -0.00600278 0.01225459 -0.01211769
v -0.00540317 0.01225459 -0.01213661
v -0.00802527 0.09011167 -0.01118484
v -0.00802527 0.08919231 -0.01307324
v -0.01004544 0.09010512 -0.01118484
v -0.00802527 0.08947620 -0.00916398
v 0.00409822 0.08905037 -0.00948376
v 0.00207804 0.08963999 -0.01118484
v 0.00409822 0.08894992 -0.01306000
v 0.00207804 0.08901762 -0.01305243
v -0.00802527 0.08833847 -0.01408367
v -0.01004544 0.08917703 -0.01297674
v 0.00409822 0.08837123 -0.01407042
v -0.01206805 0.08882981 -0.01255478
v -0.01206805 0.08953735 -0.01118484
v -0.01206805 0.08918140 -0.00940807
v -0.01000893 0.08925565 -0.00900693
v -0.00930796 0.08853937 -0.00810435
v -0.00802527 0.08855903 -0.00808732
v -0.00326204 0.08846513 -0.00817247
v -0.00186982 0.08283979 -0.00189797
v -0.00055792 0.08259740 -0.00189797
v 0.00611839 0.08884073 -0.00971650
v 0.00409822 0.08952643 -0.01118484
v 0.00611839 0.08882326 -0.01282915
v -0.00398248 0.08428762 -0.01812349
v -0.01004544 0.08426796 -0.01812160
v -0.01004544 0.08523755 -0.01711117
v -0.01004544 0.08822273 -0.01398717
v -0.01206805 0.08490999 -0.01680275
v 0.00611839 0.08817687 -0.01383958
v 0.00611839 0.08716798 -0.01492002
v 0.00409822 0.08736015 -0.01503733
v -0.01310248 0.08851317 -0.01222176
v -0.01330693 0.08875557 -0.01118484
v -0.01335804 0.08881016 -0.00974867
v -0.01206805 0.08815067 -0.00839764
v -0.01065636 0.08837123 -0.00822924
v -0.00548179 0.08262360 -0.00189797
v -0.00398248 0.08293588 -0.00189797
v -0.00316711 0.08293588 -0.00189797
v 0.00611839 0.08776196 -0.00870607
v 0.00739378 0.07475337 -0.00189797
v 0.00714552 0.08648229 -0.00813652
v 0.00611839 0.08919013 -0.01118484
v 0.00722827 0.08857213 -0.01002114
v 0.00732563 0.08864419 -0.01248288
v -0.00398248 0.08029791 -0.02122479
v 0.00409822 0.08620932 -0.01604965
v -0.01004544 0.08325689 -0.01877251
v -0.01161047 0.08297082 -0.01854734
v -0.00488304 0.08029136 -0.02122479
v -0.00600509 0.08027170 -0.02122479
v -0.01219705 0.08355606 -0.01782074
v -0.01318523 0.08458024 -0.01640349
v 0.00741082 0.08681203 -0.01458699
v 0.00611839 0.08607829 -0.01593045
v -0.01379859 0.08746279 -0.01118484
v -0.01405902 0.08544282 -0.00916398
v -0.01358440 0.08746716 -0.00911100
v -0.01326799 0.08679674 -0.00790946
v -0.01206805 0.08713959 -0.00763887
v -0.01247696 0.07796130 -0.00189797
v -0.01223356 0.08545374 -0.00655087
v -0.01301729 0.08437715 -0.00616675
v 0.00776374 0.07412445 -0.00189797
v 0.00897828 0.07193415 -0.00189797
v 0.00743029 0.08727935 -0.00927373
v 0.00734997 0.08867477 -0.01118484
v 0.00799010 0.08746279 -0.01118484
v 0.00769559 0.08747589 -0.01317542
v -0.00272413 0.08017999 -0.02122479
v 0.00611839 0.08506722 -0.01671760
v 0.00409822 0.08288128 -0.01860979
v -0.00655516 0.08015815 -0.02122479
v -0.01267410 0.07410043 -0.02122479
v -0.01337752 0.07326405 -0.02122479
v -0.00809098 0.07940694 -0.02122290
v -0.00809342 0.07940039 -0.02122479
v -0.00899641 0.07843080 -0.02122479
v -0.01334101 0.08342067 -0.01676679
v -0.01376938 0.08342067 -0.01522466
v 0.00732563 0.08473747 -0.01648675
v 0.00770046 0.08542317 -0.01524547
v -0.01411987 0.08544282 -0.01118484
v -0.01468698 0.07937855 -0.00714312
v -0.01434136 0.07937855 -0.00512226
v -0.01418559 0.07537137 -0.00189797
v -0.01355033 0.07701137 -0.00189797
v -0.01273252 0.07825174 -0.00218937
v -0.01314142 0.07750926 -0.00189797
v 0.00928252 0.07094928 -0.00189797
v 0.00795359 0.08544282 -0.00916398
v 0.00851340 0.08544282 -0.01118484
v 0.00844768 0.08544282 -0.01320380
v 0.00005543 0.07989392 -0.02122479
v 0.00611839 0.08366962 -0.01772803
v 0.00714308 0.08243580 -0.01827108
v 0.00611839 0.08266072 -0.01843760
v -0.00807638 0.07940912 -0.02122479
v -0.01339455 0.07321820 -0.02122479
v -0.01381076 0.07201277 -0.02122479
v -0.01403468 0.07135982 -0.02122479
v -0.01404685 0.07129650 -0.02122479
v -0.01471375 0.06780250 -0.02122479
v 0.00745463 0.08323505 -0.01719443
v 0.00819455 0.08342067 -0.01522466
v -0.01544394 0.06780250 -0.00189797
v -0.01475269 0.07331865 -0.00189797
v 0.00934337 0.06927653 -0.00189797
v 0.00942126 0.06927653 -0.00310141
v 0.00933850 0.07138166 -0.00310519
v 0.00933850 0.07149740 -0.00531905
v 0.00928739 0.07095365 -0.00714312
v 0.00852070 0.08342067 -0.01320380
v 0.00779295 0.06780250 -0.02122479
v 0.00185899 0.07914489 -0.02122479
v 0.00759580 0.07129650 -0.02122479
v 0.00750087 0.07192323 -0.02122479
v 0.00729886 0.07317015 -0.02122479
v 0.00913649 0.06780250 -0.00189797
v 0.00928739 0.06857118 -0.00189797
v 0.00940665 0.06927653 -0.00512226
v 0.00920707 0.06805581 -0.00189797
v 0.00922167 0.06800559 -0.00310141
v 0.00921437 0.07050598 -0.00838250
v 0.00921437 0.06977661 -0.00838250
v 0.00928009 0.06917171 -0.00719610
v 0.00912918 0.06842923 -0.00790567
v 0.00918760 0.06815845 -0.00655843
v 0.00903669 0.06780250 -0.00685362
v 0.00914379 0.06780250 -0.00218369
v 0.00920951 0.06806455 -0.00512226
v 0.00916569 0.06780250 -0.00310141
v 0.00912918 0.06780250 -0.00512226
v -0.01969918 0.06522768 0.00462897
v -0.01953713 0.06522768 0.00296258
v -0.01952860 0.06320778 0.00296258
v -0.01969634 0.06487388 0.00462897
v -0.01936370 0.06711250 0.00462897
v -0.01915048 0.06626337 -0.00009301
v -0.01930400 0.06522768 0.00094234
v -0.01916754 0.06393469 -0.00013324
v -0.01927557 0.06323994 0.00085548
v -0.01923861 0.06176683 0.00147119
v -0.01929263 0.06112998 0.00302006
v -0.01958830 0.06283468 0.00462897
v -0.01963095 0.06320778 0.00462897
v -0.01892304 0.06797449 0.00462897
v -0.01354974 0.07700617 -0.00189608
v -0.01791661 0.06522768 -0.00189608
v -0.01811847 0.06438498 -0.00189608
v -0.01817817 0.06322708 -0.00189608
v -0.01917038 0.06522768 -0.00013580
v -0.01418658 0.07536580 -0.00189608
v -0.01909930 0.06259023 0.00012415
v -0.01820091 0.06247444 -0.00189608
v -0.01567347 0.03492270 -0.00189608
v -0.01582700 0.03492270 0.00296258
v -0.01586964 0.03492270 0.00462897
v -0.00550117 0.08141908 0.00462897
v -0.01314319 0.07750149 -0.00189608
v -0.01554838 0.03410573 -0.00189608
v -0.01554838 0.03290279 0.00296258
v -0.01581847 0.03456889 0.00462897
v -0.00437249 0.08240330 0.00462897
v -0.01247508 0.07795822 -0.00189608
v -0.01534368 0.03290279 -0.00189608
v -0.01528114 0.03202793 0.00462897
v -0.01545456 0.03279987 0.00462897
v -0.01525555 0.03247179 -0.00189608
v -0.01511340 0.03184138 -0.00189608
v -0.01524702 0.03158407 0.00296258
v -0.01521291 0.03169342 0.00443608
v -0.00398584 0.08257055 0.00462897
v -0.00513726 0.08254482 0.00041541
v -0.00548127 0.08262201 -0.00189608
v -0.01519016 0.03173845 0.00462897
v -0.01476655 0.03083143 -0.00189608
v -0.01442823 0.03003376 -0.00189608
v -0.01378003 0.02876006 -0.00189608
v -0.01348435 0.02821327 -0.00189608
v -0.00719845 0.01721959 0.00254422
v -0.00287138 0.08261558 0.00462897
v -0.00398584 0.08291792 -0.00107853
v -0.00398584 0.08293722 -0.00189608
v -0.01500537 0.03146828 0.00462897
v -0.01316878 0.02771151 -0.00189608
v -0.00720129 0.01721959 0.00127830
v -0.00720129 0.01721959 0.00141562
v -0.00695395 0.01721959 0.00276075
v -0.00196446 0.08261558 0.00462897
v -0.00316990 0.08293079 -0.00189608
v -0.01456754 0.03088289 0.00462897
v -0.01202304 0.02623840 -0.00189608
v -0.00599870 0.01721959 -0.00054904
v -0.00666112 0.01721959 0.00040327
v -0.00603850 0.01721959 0.00327555
v -0.01347582 0.02944837 0.00462897
v -0.01436000 0.03060628 0.00462897
v -0.00059413 0.08257698 -0.00145920
v -0.00055717 0.08259628 -0.00189608
v -0.00187064 0.08284073 -0.00189608
v 0.00025309 0.08154130 0.00462897
v -0.00682601 0.01961260 -0.00189608
v -0.00642799 0.01925879 -0.00189608
v -0.00600438 0.01905938 -0.00189608
v -0.00452033 0.01860264 -0.00189608
v -0.00398584 0.01721959 -0.00090608
v -0.00559499 0.01721959 0.00342117
v -0.01145444 0.02767935 0.00462897
v 0.00739190 0.07474825 -0.00189608
v 0.00759375 0.07082423 0.00462897
v -0.00398584 0.01848685 -0.00189608
v -0.00307039 0.01721959 -0.00068573
v -0.00291403 0.01875060 -0.00189608
v -0.00207818 0.01898218 -0.00189608
v -0.00407113 0.01721959 0.00351506
v -0.00406261 0.02234011 0.00462897
v -0.00587361 0.02324071 0.00462897
v -0.00686866 0.02383252 0.00462897
v -0.00769029 0.02452083 0.00462897
v 0.00776149 0.07411783 -0.00189608
v 0.00831588 0.06960200 0.00462897
v -0.00257287 0.01721959 -0.00053627
v -0.00161193 0.01945178 -0.00189608
v -0.00361910 0.01721959 0.00331898
v 0.00163764 0.02464306 0.00462897
v -0.00007101 0.02345299 0.00462897
v -0.00196446 0.02248807 0.00462897
v -0.00378968 0.02233368 0.00462897
v 0.00897830 0.07193067 -0.00189608
v 0.00848930 0.06927392 0.00462897
v -0.00230278 0.01721959 0.00045884
v -0.00020179 0.02095706 -0.00189608
v 0.00317002 0.02465593 -0.00189608
v 0.00359079 0.02512552 -0.00189608
v -0.00257571 0.01721959 0.00261959
v 0.00502935 0.02793666 0.00462897
v 0.00399165 0.02691384 0.00462897
v 0.00928250 0.07094646 -0.00189608
v 0.00915741 0.07029674 -0.00003169
v 0.00924554 0.07065055 -0.00107853
v 0.00874233 0.06760782 0.00462897
v -0.00220327 0.01721959 0.00094234
v 0.00464555 0.02640565 -0.00189608
v -0.00241650 0.01721959 0.00220188
v 0.00564629 0.02877293 0.00462897
v 0.00934505 0.06927392 -0.00189608
v 0.00929103 0.06927392 -0.00107853
v 0.00875654 0.06725402 0.00462897
v 0.00512033 0.02700390 -0.00189608
v 0.00577706 0.02895305 0.00462897
v 0.00661007 0.03088289 0.00296258
v 0.00654752 0.03088289 -0.00189608
v 0.00916025 0.06821251 0.00010563
v 0.00673800 0.03290279 0.00462897
v 0.00539326 0.02741560 -0.00189608
v 0.00608695 0.02885655 -0.00189608
v 0.00592206 0.02929398 0.00462897
v 0.00659585 0.03088289 0.00462897
v -0.02038570 0.04300566 0.01937457
v -0.02034692 0.04300566 0.01913059
v -0.02013364 0.04098221 0.01937457
v -0.01929989 0.06725021 0.01937457
v -0.01877637 0.06523202 0.00971371
v -0.01884101 0.06320858 0.00971371
v -0.01999145 0.04300566 0.01710971
v -0.02008839 0.04098221 0.01913059
v -0.01966183 0.03919002 0.01937457
v -0.01916093 0.06817522 0.01937457
v -0.01789092 0.06711356 0.00971371
v -0.01688914 0.03986800 0.00971371
v -0.01917063 0.04364160 0.01402402
v -0.01940653 0.04298464 0.01493469
v -0.01911569 0.04229614 0.01415831
v -0.01931928 0.04133960 0.01550493
v -0.01954226 0.04079301 0.01691869
v -0.01930959 0.03943704 0.01746622
v -0.01950348 0.03884314 0.01903129
v -0.01957457 0.03886416 0.01937457
v -0.01855017 0.06908445 0.01937457
v -0.01735448 0.06792294 0.00971371
v -0.01673725 0.03894300 0.00971371
v -0.01648196 0.03764484 0.00971371
v -0.01913508 0.03999414 0.01611866
v -0.01909630 0.03809158 0.01829178
v -0.01936775 0.03814939 0.01937457
v -0.01597137 0.06925789 0.00971371
v -0.01789416 0.06960477 0.01937457
v -0.01407767 0.07095023 0.00971371
v -0.01627191 0.03694058 0.00971371
v -0.01586150 0.03561088 0.00971371
v -0.01908984 0.03731899 0.01937457
v -0.01230354 0.01837218 0.01937457
v -0.01702486 0.07021443 0.01937457
v -0.01272041 0.07169128 0.00971371
v -0.01526689 0.03404469 0.00971371
v -0.01202562 0.01837218 0.01876745
v 0.00214483 0.01837218 0.01937457
v -0.01630099 0.07046145 0.01937457
v -0.01211287 0.07195932 0.00971371
v -0.01500190 0.03351386 0.00971371
v -0.01136638 0.01837218 0.01764212
v -0.01464643 0.03283588 0.00971371
v 0.00208019 0.01837218 0.01917598
v 0.00553798 0.02916739 0.00971371
v 0.00705682 0.02806370 0.01937457
v -0.01597137 0.07052977 0.01937457
v -0.01044861 0.07204867 0.00971371
v -0.01433296 0.07078730 0.01937457
v -0.01231000 0.07105009 0.01937457
v -0.01029027 0.07124980 0.01937457
v -0.01004467 0.07127082 0.01937457
v -0.01037429 0.01837218 0.01645153
v -0.01359616 0.03123289 0.00971371
v 0.00206404 0.01837218 0.01913059
v 0.00486258 0.02815830 0.00971371
v 0.00624892 0.03088075 0.00971371
v 0.01137420 0.03948434 0.01710971
v 0.01109305 0.03813888 0.01872868
v 0.01113506 0.03804428 0.01937457
v -0.01004467 0.07206444 0.00971371
v -0.00826730 0.07123404 0.01937457
v -0.00196573 0.07190151 0.00971371
v -0.00954700 0.01837218 0.01560611
v -0.01332794 0.03088601 0.00971371
v 0.00136925 0.01837218 0.01758065
v 0.00126261 0.02353854 0.00971371
v 0.00794873 0.03694058 0.00971371
v 0.01101549 0.04059855 0.01453184
v 0.01124494 0.03980494 0.01587846
v 0.01187509 0.04098221 0.01710971
v 0.01144853 0.03887468 0.01929324
v 0.01142267 0.03878007 0.01937457
v -0.00802493 0.07122878 0.01937457
v 0.00409670 0.07083986 0.00971371
v 0.00385433 0.07083460 0.01937457
v 0.00409670 0.07082409 0.01937457
v 0.00609058 0.07048247 0.01937457
v -0.00789244 0.01837218 0.01443822
v -0.01274303 0.03021853 0.00971371
v 0.00070678 0.01837218 0.01657068
v -0.00063433 0.02213526 0.00971371
v 0.00843347 0.03892198 0.00971371
v 0.01118354 0.04194401 0.01405712
v 0.01140005 0.04115565 0.01515787
v 0.01210777 0.04300566 0.01710971
v 0.01208837 0.04098221 0.01913059
v 0.01145499 0.03887993 0.01937457
v 0.00599040 0.07049824 0.00971371
v 0.00616490 0.07046670 0.01937457
v -0.00703284 0.02460544 0.00971371
v -0.00639299 0.02414820 0.00971371
v -0.00601813 0.01837218 0.01373087
v -0.00032733 0.01837218 0.01548412
v -0.00091547 0.02176736 0.00999646
v -0.00122570 0.02203541 0.00971371
v 0.00863059 0.04098221 0.00971371
v 0.00899253 0.04098221 0.01034257
v 0.01118354 0.04208591 0.01405712
v 0.01148730 0.04285850 0.01498954
v 0.01231135 0.04300566 0.01913059
v 0.01262805 0.06542648 0.01937457
v 0.01209484 0.04098221 0.01937457
v 0.01202697 0.04074045 0.01937457
v 0.01229196 0.04276390 0.01937457
v 0.00624892 0.07044568 0.01937457
v 0.00797782 0.06993062 0.01937457
v 0.00685969 0.07017238 0.00971371
v -0.00538797 0.02368044 0.00971371
v -0.00398224 0.01837218 0.01350296
v -0.00395638 0.02304450 0.00971371
v -0.00319696 0.02275018 0.00971371
v -0.00128387 0.02203541 0.00971371
v -0.00137113 0.01837218 0.01465005
v -0.00251833 0.01837218 0.01379517
v 0.00859828 0.06725021 0.00971371
v 0.01231782 0.04300566 0.01937457
v 0.01232751 0.06698217 0.01937457
v 0.01019467 0.06907920 0.01937457
v 0.01094117 0.06874283 0.01937457
v 0.00778392 0.06928943 0.00971371
v 0.01194295 0.06763388 0.01937457
v -0.00488306 0.08029301 -0.02122668
v -0.02218669 0.05316423 -0.02122668
v -0.01393750 0.01226125 -0.02122668
v -0.02189156 0.04710305 -0.02122668
v -0.01499415 0.01613774 -0.02122668
v -0.01395936 0.01226125 -0.02128875
v -0.01029397 0.01225459 -0.03669361
v -0.01448404 0.01226125 -0.02330978
v -0.01512168 0.01562487 -0.02219708
v -0.01508889 0.01375989 -0.02437554
v -0.01494679 0.01264756 -0.02516124
v -0.01484476 0.01226125 -0.02519455
v -0.01499415 0.01226125 -0.02616797
v -0.01520184 0.01329365 -0.02572289
v -0.02197172 0.04300676 -0.02735182
v -0.02122113 0.03572668 -0.03416123
v -0.01512532 0.01226125 -0.02721103
v -0.01518727 0.01226125 -0.02783626
v -0.02126485 0.03551354 -0.03543440
v -0.02158914 0.03694558 -0.03543440
v -0.02209560 0.04300676 -0.02937133
v -0.02221948 0.04502493 -0.02937133
v -0.02204459 0.04300676 -0.03139236
v -0.02120620 0.04163629 -0.04269190
v -0.02206645 0.04502493 -0.03139236
v -0.02214661 0.04704310 -0.02937133
v -0.02222677 0.04704310 -0.02735182
v -0.02230693 0.05114606 -0.02122668
v -0.02220855 0.04502493 -0.02735182
v -0.02222313 0.04912122 -0.02122668
v -0.02117568 0.04405723 -0.04256060
v -0.02120620 0.04300112 -0.04268480
v -0.02093831 0.04300112 -0.04369378
v -0.02033132 0.04300112 -0.04553905
v -0.02027028 0.04098096 -0.04553905
v -0.02092475 0.04097012 -0.04342646
v -0.02051782 0.03896621 -0.04351754
v -0.01988371 0.03896621 -0.04553905
v -0.01867651 0.03896621 -0.04877653
v -0.01952087 0.04098096 -0.04739850
v -0.01954461 0.04300112 -0.04740323
v -0.01892406 0.04098096 -0.04877653
v -0.01886302 0.04034729 -0.04877653
v -0.01825603 0.03698396 -0.04877653
v -0.01847305 0.03798050 -0.04877653
v -0.01939541 0.03705437 -0.04549646
v -0.02001257 0.03694063 -0.04351754
v -0.01923603 0.03566246 -0.04479384
v -0.01789659 0.03570579 -0.04877653
v -0.01764904 0.03489881 -0.04877653
v -0.01728960 0.03385352 -0.04877653
v -0.01899527 0.03431388 -0.04406402
v -0.01942253 0.03496380 -0.04344183
v -0.01997527 0.03492047 -0.04149839
v -0.01920551 0.03373437 -0.04271792
v -0.01505245 0.01226125 -0.02988908
v -0.01721499 0.03365313 -0.04877653
v -0.01682164 0.03268909 -0.04877653
v -0.01570600 0.03010025 -0.04877653
v -0.01608579 0.03095056 -0.04877653
v -0.01454963 0.01226125 -0.03131061
v -0.01483790 0.02836713 -0.04877653
v -0.01404780 0.02683983 -0.04877653
v -0.01329839 0.02546958 -0.04877653
v -0.01364766 0.02609784 -0.04877653
v -0.01265749 0.02445679 -0.04877653
v -0.01355492 0.01226125 -0.03303945
v -0.01205050 0.02357399 -0.04877653
v -0.01160968 0.02295115 -0.04877653
v -0.01120276 0.02241497 -0.04877653
v -0.01087383 0.02199794 -0.04877653
v -0.00987348 0.02093099 -0.04877653
v -0.00786941 0.01892708 -0.04877653
v -0.00889010 0.01991279 -0.04877653
v -0.00852726 0.01955533 -0.04877653
v -0.01272781 0.01226125 -0.03404921
v -0.00953099 0.01225459 -0.03756065
v -0.00712339 0.01834215 -0.04877653
v -0.00639771 0.01791970 -0.04877653
v -0.00681481 0.01225459 -0.04030725
v -0.00756761 0.01225459 -0.03961410
v -0.00786262 0.01225459 -0.03931956
v -0.00596366 0.01225459 -0.04096492
v -0.00398671 0.01225459 -0.04182013
v -0.00207758 0.01225459 -0.04229209
v -0.00353571 0.01225459 -0.04194788
v -0.00539398 0.01765432 -0.04877653
v -0.00520408 0.01762183 -0.04877653
v -0.00196568 0.01720479 -0.04877653
v -0.00389177 0.01742685 -0.04877653
v 0.00020456 0.01225459 -0.04229801
v -0.00034817 0.01741602 -0.04877653
v 0.00180172 0.01225459 -0.04128785
v 0.00066234 0.01804427 -0.04877653
v 0.00796316 0.03088015 -0.04877653
v 0.00333106 0.02134261 -0.04877653
v 0.00172373 0.01905165 -0.04877653
v 0.00110317 0.01844505 -0.04877653
v 0.00281902 0.01225459 -0.03992874
v 0.00331071 0.01225459 -0.03894933
v 0.00296822 0.01225459 -0.03964840
v 0.00273424 0.02032982 -0.04877653
v 0.00709507 0.02874625 -0.04877653
v 0.00737652 0.02935826 -0.04877653
v 0.00385327 0.01225459 -0.03746839
v 0.00408725 0.01225459 -0.03669361
v 0.00445194 0.01226125 -0.03543440
v 0.01197471 0.03290031 -0.03745656
v 0.01230364 0.03896621 -0.04149839
v 0.01293068 0.03501399 -0.03534660
v 0.01232219 0.03290257 -0.03543440
v 0.00453210 0.01226125 -0.03499992
v 0.00477258 0.01226125 -0.03341338
v 0.00480901 0.01226125 -0.03297890
v 0.00490375 0.01226125 -0.03141658
v 0.00499484 0.01226125 -0.02937133
v 0.00499119 0.01226125 -0.02735182
v 0.01293068 0.03470760 -0.03341338
v 0.01325496 0.03572002 -0.03341338
v 0.01323675 0.03575332 -0.03461388
v 0.01266648 0.04098096 -0.04149839
v 0.01383795 0.03896375 -0.03341338
v 0.01350637 0.03694558 -0.03341338
v 0.01388531 0.03896375 -0.03139236
v 0.01322946 0.03582659 -0.03214929
v 0.00495840 0.01226125 -0.02690523
v 0.00481994 0.01226125 -0.02533080
v 0.00487096 0.01239446 -0.02533080
v 0.00514058 0.01360004 -0.02412273
v 0.00537742 0.01463909 -0.02339304
v 0.00501306 0.01391975 -0.02277538
v 0.00437542 0.01226125 -0.02335065
v 0.00482359 0.01458581 -0.02122668
v 0.00527904 0.01526520 -0.02165814
v 0.01312744 0.03613298 -0.03080194
v 0.01341893 0.03685899 -0.03144231
v 0.01330962 0.03757168 -0.02937133
v 0.01460675 0.04704310 -0.02122668
v 0.01491646 0.04906128 -0.02122668
v 0.01489096 0.05108611 -0.02122668
v 0.01488731 0.05108611 -0.02128875
v 0.01455574 0.05310429 -0.02128875
v 0.01430797 0.05310429 -0.02330978
v 0.01461768 0.05108611 -0.02330978
v 0.01422417 0.04502493 -0.03139236
v 0.01432619 0.04300676 -0.03139236
v 0.01418409 0.04098858 -0.03139236
v 0.01405292 0.04098858 -0.03341338
v 0.01410029 0.04300676 -0.03341338
v 0.01384888 0.04502493 -0.03341338
v 0.01343715 0.05517574 -0.02537167
v 0.01326954 0.05633470 -0.02472525
v 0.01380515 0.05512246 -0.02330978
v 0.01400555 0.05512246 -0.02122668
v 0.01455938 0.05310429 -0.02122668
v 0.00729762 0.07316613 -0.02122668
v 0.01338978 0.05713397 -0.02122668
v 0.01335698 0.05656782 -0.02330978
v 0.01244972 0.05714729 -0.02735182
v 0.01313837 0.05588177 -0.02607260
v 0.01253762 0.04300112 -0.04149839
v 0.01176447 0.04300112 -0.04343119
v 0.01155762 0.04502128 -0.04321118
v 0.00713915 0.05414179 -0.04859792
v 0.00708489 0.05381683 -0.04877653
v 0.00807846 0.04502128 -0.04877653
v 0.00815984 0.04421430 -0.04877653
v 0.01109983 0.04300112 -0.04444253
v 0.00820731 0.04300112 -0.04877653
v 0.00847859 0.03492047 -0.04877653
v 0.00842095 0.03290031 -0.04877653
v 0.01173395 0.04098096 -0.04331290
v -0.01888336 0.04300112 -0.04877653
v -0.01891727 0.04237286 -0.04877653
v -0.01938184 0.04455009 -0.04703182
v -0.02065686 0.04484797 -0.04334721
v -0.01971755 0.04514585 -0.04564787
v -0.01390538 0.05597239 -0.04877653
v -0.01816108 0.04511876 -0.04877653
v -0.01350185 0.05681187 -0.04877653
v -0.01350863 0.05910825 -0.04538764
v -0.01406476 0.05916782 -0.04351754
v -0.01938109 0.05857267 -0.02695216
v -0.01340012 0.06059223 -0.04351754
v -0.01332552 0.05839334 -0.04692536
v -0.01315258 0.06024019 -0.04461168
v -0.01329839 0.06234700 -0.04083363
v -0.01366462 0.06128006 -0.04150431
v -0.01321970 0.06843042 -0.03063542
v -0.00809311 0.07940049 -0.02122668
v -0.00655549 0.08015314 -0.02122668
v -0.00705217 0.06020228 -0.04861330
v -0.01206746 0.05765676 -0.04877653
v -0.00690297 0.06013187 -0.04877653
v -0.00600530 0.08026637 -0.02122668
v -0.00398308 0.07664298 -0.02673567
v -0.01337638 0.07325938 -0.02122668
v -0.00899673 0.07842803 -0.02122668
v -0.01267316 0.07409862 -0.02122668
v -0.01329622 0.07261996 -0.02289497
v -0.01300108 0.07224030 -0.02424232
v -0.01954141 0.05921875 -0.02516579
v -0.01899851 0.06191631 -0.02122668
v -0.01942117 0.06102379 -0.02122668
v -0.02046325 0.05714729 -0.02533080
v -0.02111911 0.05594172 -0.02397891
v -0.02134866 0.05651453 -0.02122668
v -0.02181140 0.05512246 -0.02122668
v -0.00398308 0.08029301 -0.02122668
v -0.00196451 0.07662966 -0.02672811
v -0.00398671 0.06033226 -0.04877653
v -0.00239294 0.06018603 -0.04877653
v -0.00083309 0.05986107 -0.04877653
v -0.00131461 0.06005604 -0.04877653
v -0.00075118 0.07648313 -0.02651616
v 0.00005407 0.07989338 -0.02122668
v 0.00185767 0.07914072 -0.02122668
v -0.00272603 0.08017978 -0.02122668
v 0.00724661 0.07250007 -0.02258917
v 0.00554877 0.05856123 -0.04553905
v 0.00624053 0.05917324 -0.04352700
v 0.00701707 0.05782466 -0.04412789
v 0.01136756 0.05849940 -0.02937133
v 0.01191775 0.05714729 -0.02937133
v 0.01250437 0.05512246 -0.02937133
v 0.01195418 0.05512246 -0.03139236
v 0.01130668 0.04626154 -0.04281492
v 0.01203575 0.04502128 -0.04149839
v 0.00691534 0.05433135 -0.04877653
v 0.00538600 0.05638942 -0.04877653
v -0.00600436 0.06027268 -0.04877653
v -0.01859852 0.04389475 -0.04877653
v 0.00358839 0.01226125 -0.02122668
v 0.00546487 0.01626429 -0.02122668
v 0.01403106 0.04502493 -0.02122668
v 0.00491103 0.01477897 -0.02122668
v -0.01516905 0.01226125 -0.02886418
v -0.02122315 0.03566246 -0.03745656
v -0.02091796 0.03464967 -0.03745656
v -0.02116211 0.03592784 -0.03847264
v -0.02146391 0.03694063 -0.03745656
v -0.02136323 0.03614630 -0.03669243
v -0.02100251 0.03450112 -0.03543440
v -0.02154869 0.03770429 -0.03669361
v -0.02122654 0.03694063 -0.03891621
v -0.02101630 0.03694063 -0.03992637
v -0.02059243 0.03694063 -0.04149839
v -0.02168387 0.03896375 -0.03543440
v -0.01973319 0.06523155 0.00498434
v -0.01969694 0.06523155 0.00462947
v -0.01969694 0.06487615 0.00462947
v -0.01965231 0.06321082 0.00498434
v -0.01966347 0.06523155 0.00700510
v -0.01935389 0.06737413 0.00701854
v -0.01937620 0.06726243 0.00510579
v -0.01936505 0.06711519 0.00462947
v -0.01963000 0.06321082 0.00462947
v -0.01956864 0.06321082 0.00700510
v -0.01958817 0.06283511 0.00462947
v -0.01688845 0.03986581 0.00971371
v -0.01929811 0.06321082 0.00856546
v -0.01933716 0.06523155 0.00860677
v -0.01926186 0.06678010 0.00826683
v -0.01909452 0.06813064 0.00769992
v -0.01917540 0.06833880 0.00635308
v -0.01917540 0.06833880 0.00586083
v -0.01892160 0.06797324 0.00462947
v -0.01586769 0.03492061 0.00462947
v -0.01582027 0.03456520 0.00462947
v -0.01673784 0.03894176 0.00971371
v -0.01884072 0.06321082 0.00971371
v -0.01894113 0.06321082 0.00957584
v -0.01885746 0.06523155 0.00961715
v -0.01828014 0.06744014 0.00910250
v -0.01735420 0.06792247 0.00971371
v -0.01774466 0.06874498 0.00859084
v -0.01407717 0.07094849 0.00971371
v -0.01830245 0.06895822 0.00701854
v -0.01356679 0.07264428 0.00462947
v -0.01818811 0.06884652 0.00510579
v -0.01875984 0.06812048 0.00462947
v -0.01545213 0.03280341 0.00462947
v -0.01648405 0.03764707 0.00971371
v -0.01877658 0.06523155 0.00971371
v -0.01788969 0.06711012 0.00971371
v -0.01597088 0.06925778 0.00971371
v -0.01660118 0.07008536 0.00700510
v -0.01271894 0.07168976 0.00971371
v -0.01285560 0.07225333 0.00777209
v -0.01326000 0.07279659 0.00462947
v -0.01527921 0.03202660 0.00462947
v -0.01627209 0.03694134 0.00971371
v -0.01211374 0.07195885 0.00971371
v -0.00588040 0.07390343 0.00861672
v -0.01206354 0.07321292 0.00462947
v -0.01586211 0.03561111 0.00971371
v -0.01518997 0.03174227 0.00462947
v -0.01044873 0.07204516 0.00971371
v -0.00394486 0.07390343 0.00939019
v -0.00537839 0.07390343 0.00889744
v -0.00646329 0.07390343 0.00720717
v -0.00653023 0.07390343 0.00700510
v -0.00668920 0.07390343 0.00463892
v -0.00658601 0.07390343 0.00462947
v -0.01526806 0.03404225 0.00971371
v -0.01500590 0.03146810 0.00462947
v -0.01359747 0.03122948 0.00971371
v -0.01464612 0.03283387 0.00971371
v -0.01500311 0.03351422 0.00971371
v -0.01004711 0.07206040 0.00971371
v -0.00348189 0.07390343 0.00937525
v -0.00203442 0.07190301 0.00971371
v -0.00196469 0.07189793 0.00971371
v -0.00006541 0.07390343 0.00462947
v -0.01454293 0.03096546 0.00506000
v -0.01436164 0.03060498 0.00462947
v -0.01343571 0.02949307 0.00498434
v -0.01332973 0.03088930 0.00971371
v -0.00200374 0.07390343 0.00931702
v 0.00409852 0.07083679 0.00971371
v 0.00599223 0.07050169 0.00971371
v -0.00006262 0.07390343 0.00467824
v 0.00611773 0.07162884 0.00462947
v -0.01347475 0.02944230 0.00462947
v -0.01274404 0.03021911 0.00971371
v -0.00703224 0.02460879 0.00971371
v -0.00047538 0.07390343 0.00852514
v 0.00685960 0.07017675 0.00971371
v -0.00005425 0.07390343 0.00498434
v 0.00759588 0.07082664 0.00462947
v -0.00001799 0.07390343 0.00700510
v -0.01145554 0.02767543 0.00462947
v -0.00769044 0.02451740 0.00462947
v -0.00687048 0.02383198 0.00462947
v -0.00639357 0.02415184 0.00971371
v 0.00778274 0.06929332 0.00971371
v 0.00831544 0.06960303 0.00462947
v -0.00587203 0.02324302 0.00462947
v -0.00406199 0.02233928 0.00462947
v -0.00538954 0.02367967 0.00971371
v 0.00844094 0.06927301 0.00498434
v 0.00859991 0.06725228 0.00971371
v 0.00848835 0.06927301 0.00462947
v -0.00379146 0.02233420 0.00462947
v -0.00128418 0.02203465 0.00971371
v -0.00319741 0.02275053 0.00971371
v -0.00395880 0.02304501 0.00971371
v 0.00875888 0.06725228 0.00462947
v 0.00874215 0.06760768 0.00462947
v 0.00863059 0.04098280 0.00971371
v -0.00196469 0.02249160 0.00462947
v -0.00122562 0.02203465 0.00971371
v 0.00673967 0.03289988 0.00462947
v 0.00843536 0.03892145 0.00971371
v 0.00659743 0.03087915 0.00462947
v -0.00063435 0.02213619 0.00971371
v -0.00007098 0.02345119 0.00462947
v 0.00794729 0.03694134 0.00971371
v 0.00659464 0.03087915 0.00498434
v 0.00577748 0.02894981 0.00462947
v 0.00163865 0.02464433 0.00462947
v 0.00126214 0.02353750 0.00971371
v 0.00624881 0.03087915 0.00971371
v 0.00569102 0.02901074 0.00700510
v 0.00577469 0.02895489 0.00498434
v 0.00564640 0.02877211 0.00462947
v 0.00399254 0.02691385 0.00462947
v 0.00503004 0.02793944 0.00462947
v 0.00502446 0.02794452 0.00498434
v 0.00497426 0.02800037 0.00700510
v 0.00486270 0.02815776 0.00971371
v 0.00554042 0.02916813 0.00971371
f 1 2 3
f 1 3 4
f 1 4 5
f 1 5 6
f 1 6 7
f 1 7 2
f 2 8 9
f 2 9 10
f 2 10 11
f 2 11 12
f 2 12 3
f 2 7 8
f 3 12 4
f 4 12 13
f 4 13 14
f 4 14 5
f 5 14 15
f 5 15 6
f 6 15 16
f 6 16 17
f 6 17 7
f 7 17 8
f 8 18 19
f 8 19 9
f 8 17 18
f 9 19 10
f 10 20 35
f 10 35 21
f 10 21 11
f 10 19 20
f 11 21 22
f 11 22 37
f 11 37 23
f 11 23 24
f 11 24 12
f 12 24 13
f 13 24 25
f 13 25 26
f 13 26 14
f 14 26 15
f 15 26 27
f 15 27 16
f 16 27 17
f 17 28 47
f 17 47 70
f 17 70 96
f 17 96 131
f 17 131 149
f 17 149 148
f 17 148 147
f 17 147 146
f 17 146 145
f 17 145 201
f 17 201 200
f 17 200 251
f 17 251 301
f 17 301 351
f 17 351 401
f 17 401 400
f 17 400 446
f 17 446 445
f 17 445 444
f 17 444 443
f 17 443 502
f 17 502 503
f 17 503 566
f 17 566 569
f 17 569 633
f 17 633 635
f 17 635 634
f 17 634 574
f 17 574 570
f 17 570 507
f 17 507 452
f 17 452 451
f 17 451 448
f 17 448 402
f 17 402 352
f 17 352 302
f 17 302 252
f 17 252 202
f 17 202 151
f 17 151 110
f 17 110 109
f 17 109 108
f 17 108 107
f 17 107 80
f 17 80 79
f 17 79 78
f 17 78 56
f 17 56 34
f 17 34 29
f 17 29 18
f 17 27 30
f 17 30 28
f 18 31 32
f 18 32 33
f 18 33 19
f 18 29 34
f 18 34 31
f 19 33 20
f 20 33 35
f 21 35 22
f 22 36 37
f 22 35 36
f 23 37 38
f 23 38 24
f 24 39 45
f 24 45 40
f 24 40 41
f 24 41 25
f 24 38 42
f 24 42 43
f 24 43 44
f 24 44 39
f 25 41 26
f 26 41 40
f 26 40 45
f 26 45 46
f 26 46 27
f 27 46 30
f 28 30 48
f 28 48 49
f 28 49 47
f 30 46 50
f 30 50 48
f 31 51 52
f 31 52 32
f 31 34 51
f 32 52 53
f 32 53 54
f 32 54 33
f 33 54 55
f 33 55 35
f 34 56 51
f 35 55 57
f 35 57 58
f 35 58 36
f 36 58 37
f 37 59 60
f 37 60 42
f 37 42 38
f 37 58 61
f 37 61 59
f 39 44 62
f 39 62 63
f 39 63 45
f 42 60 64
f 42 64 44
f 42 44 65
f 42 65 43
f 43 65 44
f 44 64 66
f 44 66 67
f 44 67 62
f 45 68 46
f 45 63 67
f 45 67 68
f 46 68 69
f 46 69 50
f 47 49 71
f 47 71 70
f 48 72 71
f 48 71 49
f 48 50 73
f 48 73 74
f 48 74 72
f 50 69 75
f 50 75 73
f 51 76 77
f 51 77 52
f 51 56 78
f 51 78 79
f 51 79 80
f 51 80 76
f 52 77 81
f 52 81 53
f 53 81 82
f 53 82 83
f 53 83 55
f 53 55 54
f 55 83 84
f 55 84 85
f 55 85 86
f 55 86 87
f 55 87 58
f 55 58 57
f 58 87 61
f 59 88 89
f 59 89 90
f 59 90 91
f 59 91 92
f 59 92 60
f 59 61 88
f 60 66 64
f 60 92 66
f 61 87 88
f 62 67 63
f 66 92 93
f 66 93 67
f 67 93 94
f 67 94 75
f 67 75 95
f 67 95 68
f 68 95 69
f 69 95 75
f 70 71 97
f 70 97 96
f 71 72 97
f 72 74 97
f 73 75 98
f 73 98 99
f 73 99 100
f 73 100 101
f 73 101 102
f 73 102 103
f 73 103 104
f 73 104 105
f 73 105 74
f 74 105 97
f 75 94 98
f 76 106 77
f 76 80 107
f 76 107 108
f 76 108 109
f 76 109 110
f 76 110 106
f 77 106 111
f 77 111 81
f 81 111 112
f 81 112 82
f 82 112 113
f 82 113 114
f 82 114 83
f 83 114 84
f 84 115 85
f 84 114 115
f 85 115 116
f 85 116 117
f 85 117 118
f 85 118 86
f 86 118 88
f 86 88 87
f 88 118 119
f 88 119 89
f 89 119 120
f 89 120 121
f 89 121 90
f 90 121 122
f 90 122 91
f 91 122 123
f 91 123 124
f 91 124 125
f 91 125 126
f 91 126 127
f 91 127 128
f 91 128 92
f 92 128 93
f 93 128 129
f 93 129 130
f 93 130 94
f 94 130 98
f 96 97 131
f 97 105 132
f 97 132 131
f 98 130 99
f 99 130 100
f 100 130 129
f 100 129 133
f 100 133 101
f 101 133 134
f 101 134 135
f 101 135 136
f 101 136 137
f 101 137 138
f 101 138 102
f 102 138 103
f 103 138 104
f 104 138 139
f 104 139 140
f 104 140 141
f 104 141 142
f 104 142 105
f 105 142 143
f 105 143 144
f 105 144 145
f 105 145 146
f 105 146 147
f 105 147 148
f 105 148 149
f 105 149 150
f 105 150 132
f 106 110 111
f 110 151 152
f 110 152 111
f 111 152 112
f 112 152 153
f 112 153 113
f 113 153 154
f 113 154 155
f 113 155 156
f 113 156 157
f 113 157 114
f 114 157 115
f 115 157 156
f 115 156 116
f 116 156 117
f 117 119 118
f 117 156 158
f 117 158 159
f 117 159 119
f 119 159 120
f 120 159 160
f 120 160 161
f 120 161 121
f 121 161 162
f 121 162 163
f 121 163 164
f 121 164 123
f 121 123 122
f 123 164 165
f 123 165 166
f 123 166 167
f 123 167 168
f 123 168 169
f 123 169 170
f 123 170 124
f 124 170 171
f 124 171 172
f 124 172 173
f 124 173 125
f 125 174 126
f 125 173 174
f 126 174 175
f 126 175 128
f 126 128 127
f 128 176 129
f 128 175 177
f 128 177 176
f 129 176 178
f 129 178 133
f 131 132 149
f 132 150 149
f 133 178 176
f 133 176 179
f 133 179 180
f 133 180 134
f 134 181 182
f 134 182 183
f 134 183 184
f 134 184 135
f 134 180 185
f 134 185 181
f 135 184 186
f 135 186 136
f 136 186 187
f 136 187 137
f 137 187 188
f 137 188 189
f 137 189 190
f 137 190 141
f 137 141 139
f 137 139 138
f 139 141 140
f 141 190 191
f 141 191 192
f 141 192 193
f 141 193 194
f 141 194 142
f 142 194 143
f 143 194 193
f 143 193 195
f 143 195 196
f 143 196 197
f 143 197 198
f 143 198 199
f 143 199 200
f 143 200 144
f 144 200 201
f 144 201 145
f 151 202 152
f 152 203 153
f 152 202 203
f 153 203 204
f 153 204 154
f 154 204 205
f 154 205 155
f 155 205 206
f 155 206 207
f 155 207 156
f 156 207 208
f 156 208 158
f 158 208 159
f 159 209 160
f 159 208 210
f 159 210 211
f 159 211 212
f 159 212 213
f 159 213 209
f 160 209 161
f 161 209 162
f 162 209 163
f 163 214 164
f 163 209 213
f 163 213 215
f 163 215 166
f 163 166 214
f 164 214 165
f 165 214 166
f 166 215 167
f 167 215 168
f 168 215 216
f 168 216 217
f 168 217 218
f 168 218 219
f 168 219 169
f 169 219 220
f 169 220 221
f 169 221 222
f 169 222 170
f 170 222 223
f 170 223 171
f 171 223 224
f 171 224 172
f 172 224 173
f 173 224 225
f 173 225 226
f 173 226 227
f 173 227 174
f 174 227 228
f 174 228 229
f 174 229 175
f 175 229 230
f 175 230 231
f 175 231 232
f 175 232 176
f 175 176 177
f 176 232 181
f 176 181 179
f 179 181 185
f 179 185 180
f 181 232 231
f 181 231 182
f 182 231 233
f 182 233 183
f 183 233 234
f 183 234 235
f 183 235 236
f 183 236 184
f 184 236 237
f 184 237 238
f 184 238 186
f 186 238 188
f 186 188 187
f 188 238 237
f 188 237 239
f 188 239 240
f 188 240 241
f 188 241 189
f 189 241 242
f 189 242 243
f 189 243 244
f 189 244 191
f 189 191 190
f 191 245 192
f 191 244 246
f 191 246 245
f 192 245 247
f 192 247 248
f 192 248 195
f 192 195 193
f 195 248 196
f 196 249 250
f 196 250 197
f 196 248 249
f 197 250 251
f 197 251 198
f 198 251 199
f 199 251 200
f 202 252 253
f 202 253 254
f 202 254 255
f 202 255 256
f 202 256 203
f 203 257 258
f 203 258 259
f 203 259 260
f 203 260 204
f 203 256 257
f 204 260 205
f 205 261 206
f 205 260 262
f 205 262 261
f 206 261 263
f 206 263 207
f 207 210 208
f 207 263 211
f 207 211 210
f 211 263 264
f 211 264 265
f 211 265 212
f 212 265 213
f 213 265 266
f 213 266 215
f 215 266 220
f 215 220 216
f 216 220 217
f 217 220 218
f 218 220 219
f 220 267 268
f 220 268 269
f 220 269 221
f 220 266 265
f 220 265 270
f 220 270 267
f 221 269 271
f 221 271 222
f 222 271 272
f 222 272 273
f 222 273 274
f 222 274 223
f 223 275 276
f 223 276 277
f 223 277 278
f 223 278 226
f 223 226 225
f 223 225 224
f 223 274 279
f 223 279 275
f 226 278 227
f 227 278 280
f 227 280 228
f 228 281 229
f 228 280 282
f 228 282 283
f 228 283 281
f 229 233 230
f 229 281 235
f 229 235 234
f 229 234 233
f 230 233 231
f 235 281 283
f 235 283 284
f 235 284 236
f 236 284 285
f 236 285 237
f 237 285 286
f 237 286 239
f 239 286 287
f 239 287 240
f 240 287 288
f 240 288 289
f 240 289 290
f 240 290 243
f 240 243 242
f 240 242 241
f 243 290 246
f 243 246 244
f 245 291 247
f 245 246 292
f 245 292 293
f 245 293 291
f 246 290 294
f 246 294 292
f 247 291 295
f 247 295 249
f 247 249 248
f 249 295 296
f 249 296 250
f 250 297 251
f 250 296 298
f 250 298 297
f 251 299 300
f 251 300 301
f 251 297 299
f 252 302 303
f 252 303 253
f 253 303 254
f 254 303 255
f 255 303 304
f 255 304 305
f 255 305 306
f 255 306 258
f 255 258 256
f 256 258 257
f 258 307 308
f 258 308 259
f 258 306 309
f 258 309 310
f 258 310 307
f 259 311 312
f 259 312 260
f 259 308 311
f 260 312 262
f 261 262 313
f 261 313 263
f 262 314 315
f 262 315 316
f 262 316 317
f 262 317 318
f 262 318 319
f 262 319 313
f 262 312 314
f 263 313 319
f 263 319 318
f 263 318 264
f 264 318 320
f 264 320 270
f 264 270 265
f 267 270 321
f 267 321 322
f 267 322 323
f 267 323 268
f 268 323 324
f 268 324 269
f 269 324 325
f 269 325 326
f 269 326 273
f 269 273 271
f 270 320 327
f 270 327 321
f 271 273 272
f 273 326 328
f 273 328 329
f 273 329 274
f 274 329 330
f 274 330 279
f 275 331 276
f 275 279 331
f 276 331 284
f 276 284 282
f 276 282 277
f 277 282 278
f 278 282 280
f 279 330 332
f 279 332 331
f 282 284 283
f 284 286 285
f 284 331 286
f 286 331 333
f 286 333 287
f 287 333 334
f 287 334 288
f 288 334 335
f 288 335 336
f 288 336 337
f 288 337 289
f 289 337 338
f 289 338 339
f 289 339 294
f 289 294 290
f 291 293 340
f 291 340 341
f 291 341 342
f 291 342 295
f 292 294 293
f 293 294 343
f 293 343 344
f 293 344 345
f 293 345 340
f 294 339 346
f 294 346 343
f 295 342 296
f 296 342 298
f 297 298 299
f 298 347 348
f 298 348 299
f 298 342 349
f 298 349 347
f 299 348 350
f 299 350 300
f 300 350 301
f 301 350 351
f 302 352 303
f 303 352 353
f 303 353 354
f 303 354 304
f 304 354 355
f 304 355 305
f 305 355 406
f 305 406 356
f 305 356 306
f 306 356 309
f 307 357 358
f 307 358 359
f 307 359 360
f 307 360 311
f 307 311 308
f 307 310 357
f 309 356 361
f 309 361 310
f 310 361 362
f 310 362 363
f 310 363 357
f 311 360 314
f 311 314 312
f 314 360 364
f 314 364 315
f 315 364 365
f 315 365 366
f 315 366 316
f 316 327 318
f 316 318 317
f 316 366 367
f 316 367 368
f 316 368 369
f 316 369 321
f 316 321 327
f 318 327 320
f 321 369 370
f 321 370 322
f 322 370 323
f 323 370 324
f 324 370 371
f 324 371 372
f 324 372 325
f 325 372 326
f 326 372 328
f 328 373 329
f 328 372 373
f 329 373 374
f 329 374 375
f 329 375 376
f 329 376 330
f 330 376 377
f 330 377 378
f 330 378 332
f 331 332 335
f 331 335 333
f 332 378 335
f 333 335 334
f 335 378 379
f 335 379 336
f 336 379 337
f 337 379 380
f 337 380 338
f 338 380 381
f 338 381 339
f 339 381 346
f 340 345 341
f 341 345 382
f 341 382 383
f 341 383 342
f 342 384 385
f 342 385 349
f 342 383 384
f 343 386 387
f 343 387 344
f 343 346 388
f 343 388 386
f 344 382 345
f 344 387 382
f 346 381 389
f 346 389 390
f 346 390 391
f 346 391 388
f 347 349 392
f 347 392 393
f 347 393 394
f 347 394 395
f 347 395 396
f 347 396 348
f 348 396 397
f 348 397 350
f 349 385 398
f 349 398 392
f 350 399 400
f 350 400 401
f 350 401 351
f 350 397 399
f 352 402 353
f 353 402 403
f 353 403 404
f 353 404 354
f 354 404 355
f 355 404 405
f 355 405 406
f 356 406 361
f 357 407 358
f 357 363 407
f 358 407 408
f 358 408 360
f 358 360 359
f 360 409 364
f 360 408 409
f 361 406 410
f 361 410 362
f 362 410 411
f 362 411 412
f 362 412 363
f 363 412 407
f 364 409 413
f 364 413 365
f 365 413 414
f 365 414 367
f 365 367 366
f 367 414 368
f 368 415 416
f 368 416 417
f 368 417 418
f 368 418 371
f 368 371 370
f 368 370 369
f 368 414 415
f 371 418 372
f 372 418 417
f 372 417 374
f 372 374 373
f 374 417 419
f 374 419 375
f 375 419 420
f 375 420 376
f 376 420 421
f 376 421 422
f 376 422 423
f 376 423 377
f 377 423 424
f 377 424 425
f 377 425 379
f 377 379 378
f 379 425 380
f 380 425 426
f 380 426 427
f 380 427 381
f 381 427 389
f 382 387 386
f 382 386 383
f 383 386 428
f 383 428 429
f 383 429 384
f 384 430 398
f 384 398 385
f 384 429 431
f 384 431 430
f 386 388 391
f 386 391 428
f 389 432 390
f 389 427 432
f 390 433 434
f 390 434 391
f 390 432 433
f 391 434 428
f 392 398 393
f 393 398 394
f 394 398 435
f 394 435 436
f 394 436 437
f 394 437 438
f 394 438 439
f 394 439 440
f 394 440 395
f 395 440 441
f 395 441 396
f 396 442 397
f 396 441 442
f 397 442 399
f 398 430 436
f 398 436 435
f 399 443 444
f 399 444 445
f 399 445 446
f 399 446 400
f 399 442 447
f 399 447 443
f 402 448 403
f 403 449 450
f 403 450 404
f 403 448 451
f 403 451 452
f 403 452 453
f 403 453 449
f 404 450 405
f 405 450 454
f 405 454 455
f 405 455 456
f 405 456 406
f 406 456 457
f 406 457 410
f 407 458 408
f 407 412 458
f 408 458 459
f 408 459 409
f 409 459 460
f 409 460 413
f 410 457 461
f 410 461 411
f 411 461 462
f 411 462 463
f 411 463 412
f 412 464 458
f 412 463 465
f 412 465 466
f 412 466 467
f 412 467 468
f 412 468 464
f 413 469 470
f 413 470 414
f 413 460 471
f 413 471 469
f 414 470 415
f 415 472 416
f 415 470 472
f 416 472 473
f 416 473 474
f 416 474 417
f 417 474 475
f 417 475 419
f 419 475 476
f 419 476 477
f 419 477 478
f 419 478 479
f 419 479 421
f 419 421 420
f 421 479 480
f 421 480 481
f 421 481 422
f 422 481 482
f 422 482 424
f 422 424 423
f 424 483 484
f 424 484 426
f 424 426 425
f 424 482 483
f 426 485 427
f 426 484 485
f 427 485 432
f 428 486 429
f 428 434 486
f 429 486 431
f 430 431 487
f 430 487 488
f 430 488 436
f 431 486 487
f 432 489 433
f 432 485 490
f 432 490 489
f 433 489 491
f 433 491 492
f 433 492 486
f 433 486 434
f 436 488 493
f 436 493 439
f 436 439 437
f 437 439 438
f 439 494 495
f 439 495 440
f 439 493 488
f 439 488 496
f 439 496 497
f 439 497 498
f 439 498 494
f 440 495 441
f 441 495 499
f 441 499 500
f 441 500 501
f 441 501 442
f 442 501 447
f 443 447 502
f 447 503 502
f 447 501 500
f 447 500 499
f 447 499 504
f 447 504 505
f 447 505 503
f 449 506 450
f 449 453 452
f 449 452 507
f 449 507 508
f 449 508 509
f 449 509 506
f 450 506 509
f 450 509 510
f 450 510 454
f 454 510 511
f 454 511 455
f 455 457 456
f 455 511 512
f 455 512 513
f 455 513 457
f 457 513 461
f 458 514 459
f 458 464 514
f 459 514 515
f 459 515 460
f 460 515 471
f 461 513 462
f 462 516 517
f 462 517 518
f 462 518 465
f 462 465 463
f 462 513 516
f 464 468 514
f 465 518 519
f 465 519 466
f 466 519 520
f 466 520 467
f 467 520 521
f 467 521 522
f 467 522 523
f 467 523 468
f 468 523 515
f 468 515 514
f 469 524 525
f 469 525 472
f 469 472 470
f 469 471 526
f 469 526 527
f 469 527 528
f 469 528 524
f 471 515 529
f 471 529 522
f 471 522 530
f 471 530 526
f 472 531 532
f 472 532 533
f 472 533 473
f 472 525 531
f 473 534 474
f 473 533 534
f 474 534 475
f 475 534 476
f 476 534 535
f 476 535 536
f 476 536 537
f 476 537 477
f 477 538 539
f 477 539 478
f 477 537 540
f 477 540 541
f 477 541 538
f 478 542 481
f 478 481 480
f 478 480 479
f 478 539 538
f 478 538 543
f 478 543 542
f 481 542 544
f 481 544 545
f 481 545 482
f 482 545 483
f 483 546 484
f 483 545 546
f 484 546 547
f 484 547 490
f 484 490 485
f 486 492 548
f 486 548 487
f 487 549 488
f 487 548 550
f 487 550 549
f 488 549 496
f 489 490 551
f 489 551 552
f 489 552 553
f 489 553 554
f 489 554 555
f 489 555 491
f 490 547 556
f 490 556 557
f 490 557 552
f 490 552 551
f 491 555 492
f 492 555 548
f 494 558 559
f 494 559 495
f 494 498 560
f 494 560 561
f 494 561 562
f 494 562 558
f 495 504 499
f 495 559 504
f 496 549 563
f 496 563 497
f 497 563 564
f 497 564 498
f 498 564 565
f 498 565 560
f 503 505 566
f 504 559 567
f 504 567 568
f 504 568 569
f 504 569 566
f 504 566 505
f 507 570 508
f 508 571 572
f 508 572 573
f 508 573 509
f 508 570 574
f 508 574 571
f 509 573 575
f 509 575 511
f 509 511 510
f 511 575 512
f 512 575 516
f 512 516 513
f 515 523 522
f 515 522 529
f 516 575 576
f 516 576 577
f 516 577 578
f 516 578 579
f 516 579 517
f 517 579 580
f 517 580 518
f 518 581 582
f 518 582 583
f 518 583 519
f 518 580 584
f 518 584 579
f 518 579 581
f 519 583 520
f 520 585 521
f 520 583 585
f 521 585 586
f 521 586 522
f 522 586 587
f 522 587 530
f 524 532 531
f 524 531 525
f 524 528 588
f 524 588 532
f 526 530 589
f 526 589 527
f 527 589 528
f 528 589 588
f 530 587 589
f 532 590 591
f 532 591 592
f 532 592 534
f 532 534 533
f 532 588 593
f 532 593 590
f 534 592 591
f 534 591 535
f 535 591 536
f 536 594 537
f 536 591 595
f 536 595 596
f 536 596 594
f 537 594 597
f 537 597 540
f 538 598 543
f 538 541 598
f 540 597 599
f 540 599 541
f 541 599 600
f 541 600 601
f 541 601 602
f 541 602 598
f 542 543 603
f 542 603 544
f 543 598 604
f 543 604 603
f 544 603 545
f 545 603 605
f 545 605 546
f 546 605 606
f 546 606 607
f 546 607 556
f 546 556 547
f 548 555 550
f 549 550 608
f 549 608 609
f 549 609 610
f 549 610 611
f 549 611 563
f 550 555 612
f 550 612 608
f 552 557 556
f 552 556 613
f 552 613 614
f 552 614 553
f 553 614 615
f 553 615 616
f 553 616 608
f 553 608 612
f 553 612 555
f 553 555 554
f 556 607 617
f 556 617 618
f 556 618 619
f 556 619 620
f 556 620 613
f 558 621 559
f 558 562 622
f 558 622 621
f 559 621 623
f 559 623 567
f 560 565 561
f 561 565 624
f 561 624 625
f 561 625 626
f 561 626 562
f 562 626 622
f 563 627 628
f 563 628 564
f 563 611 627
f 564 628 629
f 564 629 565
f 565 629 630
f 565 630 624
f 567 631 572
f 567 572 632
f 567 632 568
f 567 623 631
f 568 632 569
f 569 632 633
f 571 574 572
f 572 631 573
f 572 574 634
f 572 634 635
f 572 635 633
f 572 633 632
f 573 631 636
f 573 636 623
f 573 623 637
f 573 637 638
f 573 638 575
f 575 638 576
f 576 638 639
f 576 639 640
f 576 640 577
f 577 641 579
f 577 579 578
f 577 640 642
f 577 642 643
f 577 643 644
f 577 644 645
f 577 645 646
f 577 646 581
f 577 581 641
f 579 584 580
f 579 641 581
f 581 646 645
f 581 645 647
f 581 647 648
f 581 648 649
f 581 649 650
f 581 650 582
f 582 650 651
f 582 651 583
f 583 651 585
f 585 651 652
f 585 652 589
f 585 589 587
f 585 587 586
f 588 589 593
f 589 652 653
f 589 653 654
f 589 654 593
f 590 593 591
f 591 593 655
f 591 655 595
f 593 654 656
f 593 656 657
f 593 657 658
f 593 658 659
f 593 659 655
f 594 660 661
f 594 661 597
f 594 596 662
f 594 662 663
f 594 663 664
f 594 664 660
f 595 655 658
f 595 658 665
f 595 665 666
f 595 666 596
f 596 666 667
f 596 667 668
f 596 668 662
f 597 661 599
f 598 602 669
f 598 669 604
f 599 661 600
f 600 661 670
f 600 670 671
f 600 671 672
f 600 672 602
f 600 602 601
f 602 672 669
f 603 604 605
f 604 669 673
f 604 673 606
f 604 606 605
f 606 673 617
f 606 617 607
f 608 616 674
f 608 674 610
f 608 610 609
f 610 674 675
f 610 675 611
f 611 675 676
f 611 676 677
f 611 677 678
f 611 678 679
f 611 679 627
f 613 620 615
f 613 615 614
f 615 680 616
f 615 620 681
f 615 681 676
f 615 676 680
f 616 680 676
f 616 676 675
f 616 675 674
f 617 673 682
f 617 682 683
f 617 683 618
f 618 683 684
f 618 684 619
f 619 684 685
f 619 685 620
f 620 685 681
f 621 637 623
f 621 622 637
f 622 626 625
f 622 625 686
f 622 686 687
f 622 687 688
f 622 688 638
f 622 638 637
f 623 636 631
f 624 689 625
f 624 630 690
f 624 690 691
f 624 691 692
f 624 692 689
f 625 689 693
f 625 693 686
f 627 629 628
f 627 679 694
f 627 694 629
f 629 690 630
f 629 694 695
f 629 695 690
f 638 688 687
f 638 687 696
f 638 696 639
f 639 696 640
f 640 696 642
f 642 696 643
f 643 696 697
f 643 697 698
f 643 698 644
f 644 698 699
f 644 699 645
f 645 699 700
f 645 700 701
f 645 701 702
f 645 702 647
f 647 702 648
f 648 703 649
f 648 702 701
f 648 701 704
f 648 704 656
f 648 656 705
f 648 705 703
f 649 703 651
f 649 651 650
f 651 703 652
f 652 703 705
f 652 705 653
f 653 705 656
f 653 656 654
f 655 659 658
f 656 658 657
f 656 704 658
f 658 704 701
f 658 701 700
f 658 700 665
f 660 706 707
f 660 707 671
f 660 671 670
f 660 670 661
f 660 664 708
f 660 708 709
f 660 709 706
f 662 668 663
f 663 668 710
f 663 710 664
f 664 710 709
f 664 709 708
f 665 700 699
f 665 699 711
f 665 711 712
f 665 712 713
f 665 713 714
f 665 714 666
f 666 714 667
f 667 714 710
f 667 710 668
f 669 672 715
f 669 715 673
f 671 707 716
f 671 716 717
f 671 717 672
f 672 717 715
f 673 715 682
f 676 685 677
f 676 681 685
f 677 685 678
f 678 718 679
f 678 685 718
f 679 718 694
f 682 715 717
f 682 717 719
f 682 719 720
f 682 720 683
f 683 720 684
f 684 720 721
f 684 721 722
f 684 722 685
f 685 722 723
f 685 723 718
f 686 693 696
f 686 696 687
f 689 692 724
f 689 724 693
f 690 695 691
f 691 695 725
f 691 725 726
f 691 726 727
f 691 727 692
f 692 727 726
f 692 726 728
f 692 728 724
f 693 724 696
f 694 718 695
f 695 718 729
f 695 729 725
f 696 724 730
f 696 730 697
f 697 730 731
f 697 731 698
f 698 711 699
f 698 731 711
f 706 709 716
f 706 716 707
f 709 710 732
f 709 732 733
f 709 733 719
f 709 719 716
f 710 714 713
f 710 713 734
f 710 734 732
f 711 731 712
f 712 731 713
f 713 731 728
f 713 728 734
f 716 719 717
f 718 723 725
f 718 725 729
f 719 733 721
f 719 721 720
f 721 733 722
f 722 735 725
f 722 725 723
f 722 733 735
f 724 728 736
f 724 736 730
f 725 735 726
f 726 735 734
f 726 734 728
f 728 731 736
f 730 736 731
f 732 734 735
f 732 735 733
f 737 738 743
f 737 743 751
f 737 751 772
f 737 772 770
f 737 770 769
f 737 769 768
f 737 768 767
f 737 767 766
f 737 766 765
f 737 765 801
f 737 801 829
f 737 829 869
f 737 869 908
f 737 908 912
f 737 912 947
f 737 947 946
f 737 946 970
f 737 970 944
f 737 944 943
f 737 943 942
f 737 942 941
f 737 941 940
f 737 940 939
f 737 939 968
f 737 968 963
f 737 963 982
f 737 982 961
f 737 961 928
f 737 928 894
f 737 894 927
f 737 927 964
f 737 964 984
f 737 984 991
f 737 991 979
f 737 979 990
f 737 990 989
f 737 989 988
f 737 988 986
f 737 986 974
f 737 974 973
f 737 973 972
f 737 972 971
f 737 971 950
f 737 950 949
f 737 949 948
f 737 948 913
f 737 913 875
f 737 875 834
f 737 834 832
f 737 832 803
f 737 803 802
f 737 802 774
f 737 774 773
f 737 773 752
f 737 752 744
f 737 744 739
f 737 739 740
f 737 740 741
f 737 741 742
f 737 742 738
f 738 742 743
f 739 744 745
f 739 745 740
f 740 745 741
f 741 745 746
f 741 746 742
f 742 746 747
f 742 747 748
f 742 748 749
f 742 749 750
f 742 750 743
f 743 750 751
f 744 752 753
f 744 753 745
f 745 754 755
f 745 755 746
f 745 753 754
f 746 755 756
f 746 756 747
f 747 756 757
f 747 757 748
f 748 758 749
f 748 757 759
f 748 759 758
f 749 758 760
f 749 760 761
f 749 761 762
f 749 762 763
f 749 763 764
f 749 764 765
f 749 765 766
f 749 766 767
f 749 767 768
f 749 768 769
f 749 769 770
f 749 770 771
f 749 771 772
f 749 772 750
f 750 772 751
f 752 773 753
f 753 773 774
f 753 774 775
f 753 775 754
f 754 775 776
f 754 776 777
f 754 777 778
f 754 778 779
f 754 779 755
f 755 779 778
f 755 778 780
f 755 780 756
f 756 780 781
f 756 781 782
f 756 782 783
f 756 783 757
f 757 783 784
f 757 784 759
f 758 759 785
f 758 785 786
f 758 786 787
f 758 787 788
f 758 788 789
f 758 789 760
f 759 784 790
f 759 790 786
f 759 786 785
f 760 791 761
f 760 789 788
f 760 788 791
f 761 792 762
f 761 791 788
f 761 788 793
f 761 793 794
f 761 794 792
f 762 792 795
f 762 795 763
f 763 796 797
f 763 797 764
f 763 795 798
f 763 798 799
f 763 799 796
f 764 797 800
f 764 800 801
f 764 801 765
f 770 772 771
f 774 802 775
f 775 802 803
f 775 803 804
f 775 804 805
f 775 805 806
f 775 806 807
f 775 807 776
f 776 807 777
f 777 808 809
f 777 809 778
f 777 807 808
f 778 809 810
f 778 810 780
f 780 810 811
f 780 811 781
f 781 811 812
f 781 812 813
f 781 813 814
f 781 814 782
f 782 814 815
f 782 815 816
f 782 816 783
f 783 816 817
f 783 817 784
f 784 817 818
f 784 818 819
f 784 819 790
f 786 790 820
f 786 820 788
f 786 788 787
f 788 820 821
f 788 821 822
f 788 822 823
f 788 823 824
f 788 824 794
f 788 794 793
f 790 819 820
f 792 798 795
f 792 794 825
f 792 825 798
f 794 824 825
f 796 826 827
f 796 827 797
f 796 799 826
f 797 828 829
f 797 829 800
f 797 827 828
f 798 825 799
f 799 830 827
f 799 827 826
f 799 825 824
f 799 824 831
f 799 831 830
f 800 829 801
f 803 832 804
f 804 832 806
f 804 806 805
f 806 833 808
f 806 808 807
f 806 832 834
f 806 834 835
f 806 835 833
f 808 833 836
f 808 836 809
f 809 836 837
f 809 837 838
f 809 838 839
f 809 839 810
f 810 840 811
f 810 839 841
f 810 841 840
f 811 840 841
f 811 841 812
f 812 841 813
f 813 841 842
f 813 842 814
f 814 842 815
f 815 843 844
f 815 844 845
f 815 845 846
f 815 846 847
f 815 847 848
f 815 848 849
f 815 849 816
f 815 842 850
f 815 850 851
f 815 851 843
f 816 849 817
f 817 852 818
f 817 849 853
f 817 853 854
f 817 854 852
f 818 852 855
f 818 855 819
f 819 855 852
f 819 852 856
f 819 856 857
f 819 857 858
f 819 858 859
f 819 859 860
f 819 860 861
f 819 861 862
f 819 862 820
f 820 862 863
f 820 863 821
f 821 863 864
f 821 864 822
f 822 864 865
f 822 865 823
f 823 866 831
f 823 831 824
f 823 865 866
f 827 867 828
f 827 830 867
f 828 867 868
f 828 868 829
f 829 868 869
f 830 870 871
f 830 871 872
f 830 872 867
f 830 831 870
f 831 866 873
f 831 873 870
f 833 835 837
f 833 837 874
f 833 874 836
f 834 875 876
f 834 876 877
f 834 877 878
f 834 878 835
f 835 879 880
f 835 880 881
f 835 881 837
f 835 878 879
f 836 874 837
f 837 881 838
f 838 881 839
f 839 881 882
f 839 882 851
f 839 851 842
f 839 842 841
f 842 851 850
f 843 851 882
f 843 882 844
f 844 846 845
f 844 882 883
f 844 883 884
f 844 884 846
f 846 884 885
f 846 885 848
f 846 848 847
f 848 886 887
f 848 887 849
f 848 885 888
f 848 888 886
f 849 887 853
f 852 854 889
f 852 889 890
f 852 890 856
f 853 887 886
f 853 886 891
f 853 891 892
f 853 892 893
f 853 893 894
f 853 894 895
f 853 895 889
f 853 889 854
f 856 890 857
f 857 896 858
f 857 890 897
f 857 897 896
f 858 896 859
f 859 896 860
f 860 898 899
f 860 899 900
f 860 900 865
f 860 865 901
f 860 901 861
f 860 896 902
f 860 902 898
f 861 901 862
f 862 901 864
f 862 864 863
f 864 901 865
f 865 903 866
f 865 900 903
f 866 904 905
f 866 905 906
f 866 906 907
f 866 907 873
f 866 903 904
f 867 872 868
f 868 872 869
f 869 872 908
f 870 909 871
f 870 873 910
f 870 910 909
f 871 909 911
f 871 911 872
f 872 911 912
f 872 912 908
f 873 907 906
f 873 906 910
f 875 913 876
f 876 913 914
f 876 914 877
f 877 914 879
f 877 879 878
f 879 914 880
f 880 914 915
f 880 915 883
f 880 883 881
f 881 883 882
f 883 915 916
f 883 916 917
f 883 917 884
f 884 917 916
f 884 916 888
f 884 888 885
f 886 888 918
f 886 918 919
f 886 919 920
f 886 920 921
f 886 921 893
f 886 893 891
f 888 916 922
f 888 922 918
f 889 895 923
f 889 923 890
f 890 923 924
f 890 924 925
f 890 925 897
f 891 893 892
f 893 921 926
f 893 926 927
f 893 927 894
f 894 928 924
f 894 924 895
f 895 924 923
f 896 897 925
f 896 925 929
f 896 929 930
f 896 930 902
f 898 902 931
f 898 931 932
f 898 932 933
f 898 933 934
f 898 934 899
f 899 935 936
f 899 936 900
f 899 934 937
f 899 937 935
f 900 936 903
f 902 930 932
f 902 932 931
f 903 936 937
f 903 937 938
f 903 938 939
f 903 939 940
f 903 940 904
f 904 940 941
f 904 941 905
f 905 941 942
f 905 942 906
f 906 942 943
f 906 943 944
f 906 944 945
f 906 945 909
f 906 909 910
f 909 945 911
f 911 945 946
f 911 946 947
f 911 947 912
f 913 948 914
f 914 948 949
f 914 949 950
f 914 950 951
f 914 951 952
f 914 952 915
f 915 952 953
f 915 953 954
f 915 954 955
f 915 955 956
f 915 956 916
f 916 956 922
f 918 957 919
f 918 922 957
f 919 958 920
f 919 957 958
f 920 958 921
f 921 958 926
f 922 956 955
f 922 955 959
f 922 959 957
f 924 960 932
f 924 932 925
f 924 928 961
f 924 961 962
f 924 962 963
f 924 963 960
f 925 932 929
f 926 964 927
f 926 958 965
f 926 965 966
f 926 966 964
f 929 932 930
f 932 960 933
f 933 960 934
f 934 960 967
f 934 967 968
f 934 968 969
f 934 969 937
f 935 937 936
f 937 969 968
f 937 968 938
f 938 968 939
f 944 970 945
f 945 970 946
f 950 971 952
f 950 952 951
f 952 971 972
f 952 972 973
f 952 973 953
f 953 973 974
f 953 974 975
f 953 975 954
f 954 975 959
f 954 959 955
f 957 976 977
f 957 977 978
f 957 978 979
f 957 979 980
f 957 980 958
f 957 959 981
f 957 981 975
f 957 975 976
f 958 980 979
f 958 979 965
f 959 975 981
f 960 963 967
f 961 982 962
f 962 982 963
f 963 968 967
f 964 966 983
f 964 983 984
f 965 985 966
f 965 979 985
f 966 985 983
f 974 986 987
f 974 987 975
f 975 987 977
f 975 977 976
f 977 987 988
f 977 988 978
f 978 989 990
f 978 990 979
f 978 988 989
f 979 991 992
f 979 992 985
f 983 985 992
f 983 992 984
f 984 992 991
f 986 988 987
f 993 994 1001
f 993 1001 1013
f 993 1013 1023
f 993 1023 1038
f 993 1038 1046
f 993 1046 1054
f 993 1054 1058
f 993 1058 1060
f 993 1060 1061
f 993 1061 1056
f 993 1056 1048
f 993 1048 1042
f 993 1042 1041
f 993 1041 1027
f 993 1027 1015
f 993 1015 1002
f 993 1002 995
f 993 995 996
f 993 996 997
f 993 997 994
f 994 997 998
f 994 998 999
f 994 999 1000
f 994 1000 1009
f 994 1009 1008
f 994 1008 1007
f 994 1007 1006
f 994 1006 1005
f 994 1005 1011
f 994 1011 1010
f 994 1010 1018
f 994 1018 1033
f 994 1033 1019
f 994 1019 1012
f 994 1012 1001
f 995 1002 1003
f 995 1003 996
f 996 1004 1017
f 996 1017 1030
f 996 1030 1044
f 996 1044 1053
f 996 1053 1057
f 996 1057 1055
f 996 1055 1047
f 996 1047 1040
f 996 1040 1045
f 996 1045 1036
f 996 1036 1020
f 996 1020 1035
f 996 1035 1034
f 996 1034 1032
f 996 1032 1018
f 996 1018 1010
f 996 1010 999
f 996 999 998
f 996 998 997
f 996 1003 1004
f 999 1005 1006
f 999 1006 1007
f 999 1007 1008
f 999 1008 1009
f 999 1009 1000
f 999 1010 1011
f 999 1011 1005
f 1001 1012 1013
f 1002 1014 1003
f 1002 1015 1014
f 1003 1014 1016
f 1003 1016 1004
f 1004 1016 1017
f 1012 1019 1020
f 1012 1020 1021
f 1012 1021 1022
f 1012 1022 1013
f 1013 1022 1024
f 1013 1024 1023
f 1014 1025 1017
f 1014 1017 1016
f 1014 1015 1026
f 1014 1026 1027
f 1014 1027 1028
f 1014 1028 1029
f 1014 1029 1025
f 1015 1027 1026
f 1017 1025 1029
f 1017 1029 1031
f 1017 1031 1030
f 1018 1032 1033
f 1019 1033 1032
f 1019 1032 1034
f 1019 1034 1035
f 1019 1035 1020
f 1020 1036 1022
f 1020 1022 1021
f 1022 1036 1037
f 1022 1037 1024
f 1023 1024 1038
f 1024 1037 1039
f 1024 1039 1040
f 1024 1040 1038
f 1027 1041 1028
f 1028 1041 1042
f 1028 1042 1029
f 1029 1042 1031
f 1030 1031 1043
f 1030 1043 1044
f 1031 1042 1043
f 1036 1045 1039
f 1036 1039 1037
f 1038 1040 1046
f 1039 1045 1040
f 1040 1047 1046
f 1042 1048 1049
f 1042 1049 1050
f 1042 1050 1051
f 1042 1051 1043
f 1043 1051 1044
f 1044 1051 1050
f 1044 1050 1049
f 1044 1049 1052
f 1044 1052 1053
f 1046 1047 1055
f 1046 1055 1054
f 1048 1056 1049
f 1049 1056 1052
f 1052 1056 1053
f 1053 1056 1057
f 1054 1055 1058
f 1055 1057 1059
f 1055 1059 1060
f 1055 1060 1058
f 1056 1061 1057
f 1057 1061 1060
f 1057 1060 1059
f 1062 1063 1064
f 1062 1064 1065
f 1062 1065 1066
f 1062 1066 1067
f 1062 1067 1068
f 1062 1068 1069
f 1062 1069 1079
f 1062 1079 1092
f 1062 1092 1107
f 1062 1107 1127
f 1062 1127 1126
f 1062 1126 1125
f 1062 1125 1124
f 1062 1124 1123
f 1062 1123 1122
f 1062 1122 1121
f 1062 1121 1135
f 1062 1135 1151
f 1062 1151 1152
f 1062 1152 1140
f 1062 1140 1139
f 1062 1139 1138
f 1062 1138 1137
f 1062 1137 1136
f 1062 1136 1129
f 1062 1129 1113
f 1062 1113 1111
f 1062 1111 1108
f 1062 1108 1094
f 1062 1094 1080
f 1062 1080 1070
f 1062 1070 1063
f 1063 1071 1072
f 1063 1072 1073
f 1063 1073 1074
f 1063 1074 1064
f 1063 1070 1071
f 1064 1066 1065
f 1064 1074 1084
f 1064 1084 1098
f 1064 1098 1099
f 1064 1099 1112
f 1064 1112 1128
f 1064 1128 1116
f 1064 1116 1114
f 1064 1114 1131
f 1064 1131 1130
f 1064 1130 1143
f 1064 1143 1158
f 1064 1158 1170
f 1064 1170 1180
f 1064 1180 1168
f 1064 1168 1172
f 1064 1172 1171
f 1064 1171 1167
f 1064 1167 1166
f 1064 1166 1165
f 1064 1165 1179
f 1064 1179 1178
f 1064 1178 1177
f 1064 1177 1176
f 1064 1176 1175
f 1064 1175 1174
f 1064 1174 1160
f 1064 1160 1146
f 1064 1146 1145
f 1064 1145 1133
f 1064 1133 1119
f 1064 1119 1105
f 1064 1105 1090
f 1064 1090 1088
f 1064 1088 1075
f 1064 1075 1068
f 1064 1068 1067
f 1064 1067 1066
f 1068 1075 1076
f 1068 1076 1077
f 1068 1077 1078
f 1068 1078 1079
f 1068 1079 1069
f 1070 1080 1081
f 1070 1081 1082
f 1070 1082 1071
f 1071 1082 1072
f 1072 1083 1084
f 1072 1084 1085
f 1072 1085 1073
f 1072 1082 1086
f 1072 1086 1087
f 1072 1087 1083
f 1073 1085 1074
f 1074 1085 1084
f 1075 1088 1076
f 1076 1089 1104
f 1076 1104 1118
f 1076 1118 1132
f 1076 1132 1144
f 1076 1144 1159
f 1076 1159 1173
f 1076 1173 1161
f 1076 1161 1147
f 1076 1147 1134
f 1076 1134 1120
f 1076 1120 1106
f 1076 1106 1093
f 1076 1093 1091
f 1076 1091 1078
f 1076 1078 1077
f 1076 1088 1090
f 1076 1090 1089
f 1078 1091 1079
f 1079 1091 1093
f 1079 1093 1092
f 1080 1094 1095
f 1080 1095 1081
f 1081 1095 1096
f 1081 1096 1097
f 1081 1097 1082
f 1082 1097 1086
f 1083 1098 1084
f 1083 1087 1099
f 1083 1099 1098
f 1086 1097 1100
f 1086 1100 1101
f 1086 1101 1102
f 1086 1102 1103
f 1086 1103 1099
f 1086 1099 1087
f 1089 1090 1105
f 1089 1105 1104
f 1092 1093 1106
f 1092 1106 1107
f 1094 1108 1109
f 1094 1109 1110
f 1094 1110 1096
f 1094 1096 1095
f 1096 1110 1111
f 1096 1111 1097
f 1097 1111 1100
f 1099 1103 1112
f 1100 1111 1113
f 1100 1113 1114
f 1100 1114 1101
f 1101 1114 1115
f 1101 1115 1102
f 1102 1115 1103
f 1103 1116 1117
f 1103 1117 1112
f 1103 1115 1116
f 1104 1105 1118
f 1105 1119 1118
f 1106 1120 1121
f 1106 1121 1122
f 1106 1122 1123
f 1106 1123 1124
f 1106 1124 1125
f 1106 1125 1126
f 1106 1126 1127
f 1106 1127 1107
f 1108 1111 1109
f 1109 1111 1110
f 1112 1117 1128
f 1113 1129 1130
f 1113 1130 1131
f 1113 1131 1114
f 1114 1116 1115
f 1116 1128 1117
f 1118 1119 1133
f 1118 1133 1132
f 1120 1134 1121
f 1121 1134 1135
f 1129 1136 1130
f 1130 1136 1137
f 1130 1137 1138
f 1130 1138 1139
f 1130 1139 1140
f 1130 1140 1141
f 1130 1141 1142
f 1130 1142 1143
f 1132 1133 1145
f 1132 1145 1146
f 1132 1146 1144
f 1134 1147 1148
f 1134 1148 1135
f 1135 1148 1149
f 1135 1149 1150
f 1135 1150 1151
f 1140 1152 1142
f 1140 1142 1141
f 1142 1150 1153
f 1142 1153 1154
f 1142 1154 1155
f 1142 1155 1156
f 1142 1156 1143
f 1142 1152 1150
f 1143 1157 1158
f 1143 1156 1157
f 1144 1146 1160
f 1144 1160 1159
f 1147 1161 1148
f 1148 1162 1163
f 1148 1163 1149
f 1148 1161 1162
f 1149 1163 1150
f 1150 1152 1151
f 1150 1163 1153
f 1153 1163 1162
f 1153 1162 1154
f 1154 1162 1164
f 1154 1164 1165
f 1154 1165 1166
f 1154 1166 1155
f 1155 1166 1167
f 1155 1167 1156
f 1156 1168 1169
f 1156 1169 1170
f 1156 1170 1158
f 1156 1158 1157
f 1156 1167 1171
f 1156 1171 1172
f 1156 1172 1168
f 1159 1160 1174
f 1159 1174 1175
f 1159 1175 1176
f 1159 1176 1177
f 1159 1177 1178
f 1159 1178 1173
f 1161 1173 1179
f 1161 1179 1165
f 1161 1165 1162
f 1162 1165 1164
f 1168 1180 1169
f 1169 1180 1170
f 1173 1178 1179
f 1182 1183 1181
f 1184 1183 1182
f 1184 1185 1183
f 1184 1186 1185
f 1184 1187 1186
f 1184 1188 1187
f 1184 1189 1188
f 1184 1182 1189
f 1182 1190 1189
f 1182 1191 1190
f 1182 1192 1191
f 1182 1181 1192
f 1192 1181 1193
f 1194 1192 1193
f 1194 1195 1192
f 1194 1193 1195
f 1195 1193 1196
f 1195 1196 1197
f 1191 1195 1197
f 1191 1192 1195
f 1191 1197 1198
f 1199 1191 1198
f 1199 1190 1191
f 1199 1200 1190
f 1199 1198 1200
f 1201 1200 1198
f 1201 1190 1200
f 1201 1202 1190
f 1201 1198 1202
f 1202 1198 1203
f 1204 1202 1203
f 1204 1190 1202
f 1204 1189 1190
f 1204 1205 1189
f 1204 1203 1205
f 1188 1205 1203
f 1188 1189 1205
f 1188 1203 1206
f 1188 1206 1186
f 1188 1186 1187
f 1207 1186 1206
f 1207 1208 1186
f 1209 1208 1207
f 1209 1210 1208
f 1209 1211 1210
f 1212 1211 1209
f 1212 1213 1211
f 1212 1214 1213
f 1212 1215 1214
f 1216 1215 1212
f 1216 1217 1215
f 1216 1209 1217
f 1216 1212 1209
f 1209 1206 1217
f 1209 1207 1206
f 1215 1217 1206
f 1215 1206 1203
f 1215 1203 1218
f 1214 1215 1218
f 1219 1214 1218
f 1220 1214 1219
f 1220 1210 1214
f 1220 1219 1210
f 1219 1218 1210
f 1221 1210 1218
f 1222 1210 1221
f 1222 1223 1210
f 1224 1223 1222
f 1225 1223 1224
f 1225 1226 1223
f 1225 1227 1226
f 1225 1224 1227
f 1224 1228 1227
f 1224 1222 1228
f 1222 1229 1228
f 1222 1221 1229
f 1229 1221 1230
f 1227 1229 1230
f 1227 1228 1229
f 1227 1230 1231
f 1232 1227 1231
f 1232 1233 1227
f 1232 1234 1233
f 1232 1231 1234
f 1235 1234 1231
f 1235 1236 1234
f 1235 1218 1236
f 1235 1231 1218
f 1231 1230 1218
f 1221 1218 1230
f 1236 1218 1237
f 1238 1236 1237
f 1238 1239 1236
f 1238 1240 1239
f 1238 1237 1240
f 1240 1237 1233
f 1240 1233 1239
f 1234 1239 1233
f 1234 1236 1239
f 1241 1233 1237
f 1241 1242 1233
f 1241 1237 1242
f 1242 1237 1243
f 1244 1242 1243
f 1244 1233 1242
f 1244 1245 1233
f 1244 1243 1245
f 1245 1243 1246
f 1245 1246 1233
f 1246 1247 1233
f 1246 1243 1247
f 1247 1243 1248
f 1249 1247 1248
f 1249 1250 1247
f 1249 1248 1250
f 1250 1248 1251
f 1252 1250 1251
f 1252 1253 1250
f 1252 1251 1253
f 1253 1251 1254
f 1253 1254 1250
f 1250 1254 1247
f 1247 1254 1233
f 1233 1254 1226
f 1227 1233 1226
f 1226 1254 1186
f 1208 1226 1186
f 1255 1226 1208
f 1223 1226 1255
f 1223 1255 1210
f 1255 1208 1210
f 1254 1256 1186
f 1257 1256 1254
f 1258 1256 1257
f 1259 1256 1258
f 1260 1256 1259
f 1261 1256 1260
f 1261 1262 1256
f 1261 1263 1262
f 1261 1260 1263
f 1260 1259 1263
f 1264 1263 1259
f 1264 1265 1263
f 1264 1266 1265
f 1264 1267 1266
f 1264 1259 1267
f 1267 1259 1258
f 1268 1267 1258
f 1268 1266 1267
f 1268 1258 1266
f 1269 1266 1258
f 1269 1270 1266
f 1269 1258 1270
f 1270 1258 1271
f 1270 1271 1266
f 1271 1272 1266
f 1273 1272 1271
f 1273 1257 1272
f 1273 1271 1257
f 1271 1258 1257
f 1274 1272 1257
f 1274 1275 1272
f 1274 1257 1275
f 1275 1257 1276
f 1277 1275 1276
f 1277 1272 1275
f 1277 1276 1272
f 1278 1272 1276
f 1279 1272 1278
f 1279 1280 1272
f 1279 1278 1280
f 1278 1276 1280
f 1280 1276 1281
f 1280 1281 1272
f 1282 1272 1281
f 1282 1283 1272
f 1282 1281 1283
f 1284 1283 1281
f 1284 1285 1283
f 1284 1286 1285
f 1284 1281 1286
f 1286 1281 1287
f 1288 1286 1287
f 1289 1286 1288
f 1289 1285 1286
f 1289 1288 1285
f 1288 1251 1285
f 1290 1251 1288
f 1290 1291 1251
f 1290 1287 1291
f 1290 1288 1287
f 1291 1287 1292
f 1291 1292 1251
f 1293 1251 1292
f 1293 1294 1251
f 1293 1292 1294
f 1294 1292 1254
f 1294 1254 1251
f 1292 1287 1254
f 1287 1281 1254
f 1281 1257 1254
f 1276 1257 1281
f 1285 1251 1272
f 1283 1285 1272
f 1272 1251 1266
f 1266 1251 1265
f 1265 1251 1295
f 1296 1265 1295
f 1297 1265 1296
f 1298 1265 1297
f 1299 1265 1298
f 1300 1265 1299
f 1300 1301 1265
f 1300 1299 1301
f 1299 1298 1301
f 1298 1302 1301
f 1303 1302 1298
f 1303 1297 1302
f 1303 1298 1297
f 1304 1302 1297
f 1304 1305 1302
f 1304 1306 1305
f 1307 1306 1304
f 1307 1308 1306
f 1307 1304 1308
f 1304 1297 1308
f 1308 1297 1296
f 1306 1308 1296
f 1309 1306 1296
f 1309 1310 1306
f 1309 1311 1310
f 1309 1312 1311
f 1309 1296 1312
f 1312 1296 1295
f 1313 1312 1295
f 1313 1314 1312
f 1313 1315 1314
f 1313 1316 1315
f 1313 1317 1316
f 1313 1318 1317
f 1313 1193 1318
f 1313 1295 1193
f 1196 1193 1295
f 1196 1295 1203
f 1198 1196 1203
f 1319 1196 1198
f 1319 1197 1196
f 1320 1197 1319
f 1320 1198 1197
f 1320 1319 1198
f 1203 1295 1218
f 1218 1295 1251
f 1243 1218 1251
f 1237 1218 1243
f 1248 1243 1251
f 1318 1193 1321
f 1318 1321 1322
f 1318 1322 1317
f 1317 1322 1310
f 1311 1317 1310
f 1311 1323 1317
f 1311 1312 1323
f 1312 1316 1323
f 1312 1314 1316
f 1315 1316 1314
f 1317 1323 1316
f 1306 1310 1322
f 1324 1306 1322
f 1324 1305 1306
f 1324 1302 1305
f 1324 1322 1302
f 1322 1325 1302
f 1322 1321 1325
f 1321 1193 1325
f 1325 1193 1256
f 1302 1325 1256
f 1301 1302 1256
f 1301 1256 1265
f 1262 1265 1256
f 1262 1263 1265
f 1193 1186 1256
f 1181 1186 1193
f 1183 1186 1181
f 1326 1186 1183
f 1326 1185 1186
f 1326 1183 1185
f 1213 1214 1210
f 1213 1210 1211
f 1327 1328 1329
f 1327 1329 1330
f 1327 1330 1331
f 1327 1331 1332
f 1327 1332 1338
f 1327 1338 1337
f 1327 1337 1343
f 1327 1343 1342
f 1327 1342 1341
f 1327 1341 1340
f 1327 1340 1354
f 1327 1354 1360
f 1327 1360 1368
f 1327 1368 1380
f 1327 1380 1377
f 1327 1377 1376
f 1327 1376 1371
f 1327 1371 1361
f 1327 1361 1355
f 1327 1355 1345
f 1327 1345 1333
f 1327 1333 1344
f 1327 1344 1352
f 1327 1352 1335
f 1327 1335 1334
f 1327 1334 1328
f 1328 1334 1329
f 1329 1334 1335
f 1329 1335 1336
f 1329 1336 1351
f 1329 1351 1350
f 1329 1350 1349
f 1329 1349 1358
f 1329 1358 1363
f 1329 1363 1375
f 1329 1375 1387
f 1329 1387 1397
f 1329 1397 1402
f 1329 1402 1395
f 1329 1395 1384
f 1329 1384 1383
f 1329 1383 1382
f 1329 1382 1381
f 1329 1381 1378
f 1329 1378 1364
f 1329 1364 1359
f 1329 1359 1353
f 1329 1353 1339
f 1329 1339 1331
f 1329 1331 1330
f 1331 1337 1338
f 1331 1338 1332
f 1331 1339 1340
f 1331 1340 1341
f 1331 1341 1342
f 1331 1342 1343
f 1331 1343 1337
f 1333 1345 1346
f 1333 1346 1347
f 1333 1347 1348
f 1333 1348 1349
f 1333 1349 1350
f 1333 1350 1351
f 1333 1351 1344
f 1335 1352 1336
f 1336 1352 1351
f 1339 1353 1354
f 1339 1354 1340
f 1344 1351 1352
f 1345 1355 1356
f 1345 1356 1346
f 1346 1356 1357
f 1346 1357 1349
f 1346 1349 1347
f 1347 1349 1348
f 1349 1357 1358
f 1353 1359 1360
f 1353 1360 1354
f 1355 1361 1362
f 1355 1362 1356
f 1356 1362 1358
f 1356 1358 1357
f 1358 1362 1363
f 1359 1364 1365
f 1359 1365 1360
f 1360 1366 1367
f 1360 1367 1368
f 1360 1365 1369
f 1360 1369 1370
f 1360 1370 1366
f 1361 1371 1372
f 1361 1372 1362
f 1362 1373 1374
f 1362 1374 1375
f 1362 1375 1363
f 1362 1372 1371
f 1362 1371 1376
f 1362 1376 1377
f 1362 1377 1373
f 1364 1378 1365
f 1365 1378 1369
f 1366 1370 1367
f 1367 1370 1379
f 1367 1379 1368
f 1368 1379 1380
f 1369 1378 1381
f 1369 1381 1382
f 1369 1382 1370
f 1370 1383 1384
f 1370 1384 1379
f 1370 1382 1383
f 1373 1385 1386
f 1373 1386 1374
f 1373 1377 1385
f 1374 1386 1375
f 1375 1386 1388
f 1375 1388 1387
f 1377 1380 1389
f 1377 1389 1386
f 1377 1386 1385
f 1379 1384 1390
f 1379 1390 1380
f 1380 1390 1391
f 1380 1391 1392
f 1380 1392 1393
f 1380 1393 1389
f 1384 1394 1390
f 1384 1395 1396
f 1384 1396 1394
f 1386 1389 1393
f 1386 1393 1388
f 1387 1388 1392
f 1387 1392 1397
f 1388 1393 1392
f 1390 1398 1399
f 1390 1399 1391
f 1390 1394 1400
f 1390 1400 1398
f 1391 1399 1400
f 1391 1400 1396
f 1391 1396 1392
f 1392 1396 1401
f 1392 1401 1397
f 1394 1396 1400
f 1395 1402 1396
f 1396 1402 1397
f 1396 1397 1401
f 1398 1400 1399
f 1403 1404 1405
f 1403 1405 1406
f 1403 1406 1414
f 1403 1414 1426
f 1403 1426 1425
f 1403 1425 1424
f 1403 1424 1444
f 1403 1444 1465
f 1403 1465 1472
f 1403 1472 1471
f 1403 1471 1470
f 1403 1470 1469
f 1403 1469 1491
f 1403 1491 1514
f 1403 1514 1513
f 1403 1513 1528
f 1403 1528 1558
f 1403 1558 1557
f 1403 1557 1556
f 1403 1556 1577
f 1403 1577 1590
f 1403 1590 1595
f 1403 1595 1594
f 1403 1594 1593
f 1403 1593 1592
f 1403 1592 1591
f 1403 1591 1589
f 1403 1589 1588
f 1403 1588 1587
f 1403 1587 1586
f 1403 1586 1582
f 1403 1582 1581
f 1403 1581 1580
f 1403 1580 1585
f 1403 1585 1584
f 1403 1584 1598
f 1403 1598 1597
f 1403 1597 1579
f 1403 1579 1561
f 1403 1561 1560
f 1403 1560 1539
f 1403 1539 1538
f 1403 1538 1537
f 1403 1537 1536
f 1403 1536 1535
f 1403 1535 1534
f 1403 1534 1533
f 1403 1533 1532
f 1403 1532 1531
f 1403 1531 1529
f 1403 1529 1515
f 1403 1515 1492
f 1403 1492 1474
f 1403 1474 1452
f 1403 1452 1434
f 1403 1434 1432
f 1403 1432 1418
f 1403 1418 1410
f 1403 1410 1407
f 1403 1407 1404
f 1404 1408 1405
f 1404 1407 1409
f 1404 1409 1410
f 1404 1410 1411
f 1404 1411 1412
f 1404 1412 1408
f 1405 1408 1413
f 1405 1413 1414
f 1405 1414 1406
f 1407 1410 1409
f 1408 1415 1416
f 1408 1416 1417
f 1408 1417 1413
f 1408 1412 1415
f 1410 1418 1411
f 1411 1418 1419
f 1411 1419 1420
f 1411 1420 1412
f 1412 1420 1421
f 1412 1421 1422
f 1412 1422 1415
f 1413 1417 1423
f 1413 1423 1424
f 1413 1424 1425
f 1413 1425 1426
f 1413 1426 1414
f 1415 1427 1428
f 1415 1428 1416
f 1415 1422 1427
f 1416 1428 1429
f 1416 1429 1430
f 1416 1430 1417
f 1417 1430 1431
f 1417 1431 1423
f 1418 1432 1419
f 1419 1433 1451
f 1419 1451 1473
f 1419 1473 1475
f 1419 1475 1493
f 1419 1493 1516
f 1419 1516 1530
f 1419 1530 1559
f 1419 1559 1578
f 1419 1578 1596
f 1419 1596 1583
f 1419 1583 1565
f 1419 1565 1564
f 1419 1564 1562
f 1419 1562 1540
f 1419 1540 1518
f 1419 1518 1498
f 1419 1498 1517
f 1419 1517 1496
f 1419 1496 1495
f 1419 1495 1494
f 1419 1494 1478
f 1419 1478 1476
f 1419 1476 1453
f 1419 1453 1435
f 1419 1435 1420
f 1419 1432 1434
f 1419 1434 1433
f 1420 1435 1436
f 1420 1436 1421
f 1421 1436 1437
f 1421 1437 1438
f 1421 1438 1422
f 1422 1438 1439
f 1422 1439 1440
f 1422 1440 1441
f 1422 1441 1427
f 1423 1431 1442
f 1423 1442 1443
f 1423 1443 1444
f 1423 1444 1424
f 1427 1441 1428
f 1428 1441 1445
f 1428 1445 1446
f 1428 1446 1429
f 1429 1446 1430
f 1430 1446 1447
f 1430 1447 1448
f 1430 1448 1449
f 1430 1449 1450
f 1430 1450 1431
f 1431 1450 1442
f 1433 1434 1452
f 1433 1452 1451
f 1435 1453 1454
f 1435 1454 1436
f 1436 1454 1455
f 1436 1455 1456
f 1436 1456 1457
f 1436 1457 1437
f 1437 1457 1458
f 1437 1458 1439
f 1437 1439 1438
f 1439 1458 1459
f 1439 1459 1460
f 1439 1460 1461
f 1439 1461 1440
f 1440 1461 1462
f 1440 1462 1441
f 1441 1462 1445
f 1442 1463 1443
f 1442 1450 1449
f 1442 1449 1463
f 1443 1463 1464
f 1443 1464 1465
f 1443 1465 1444
f 1445 1462 1466
f 1445 1466 1467
f 1445 1467 1446
f 1446 1467 1448
f 1446 1448 1447
f 1448 1467 1466
f 1448 1466 1488
f 1448 1488 1487
f 1448 1487 1486
f 1448 1486 1485
f 1448 1485 1484
f 1448 1484 1508
f 1448 1508 1526
f 1448 1526 1554
f 1448 1554 1575
f 1448 1575 1571
f 1448 1571 1546
f 1448 1546 1570
f 1448 1570 1569
f 1448 1569 1576
f 1448 1576 1555
f 1448 1555 1527
f 1448 1527 1512
f 1448 1512 1490
f 1448 1490 1468
f 1448 1468 1449
f 1449 1468 1469
f 1449 1469 1470
f 1449 1470 1471
f 1449 1471 1472
f 1449 1472 1464
f 1449 1464 1463
f 1451 1452 1473
f 1452 1474 1475
f 1452 1475 1473
f 1453 1476 1454
f 1454 1477 1455
f 1454 1476 1477
f 1455 1477 1456
f 1456 1477 1478
f 1456 1478 1479
f 1456 1479 1480
f 1456 1480 1481
f 1456 1481 1482
f 1456 1482 1483
f 1456 1483 1458
f 1456 1458 1457
f 1458 1483 1459
f 1459 1483 1484
f 1459 1484 1485
f 1459 1485 1486
f 1459 1486 1487
f 1459 1487 1488
f 1459 1488 1460
f 1460 1489 1462
f 1460 1462 1461
f 1460 1488 1466
f 1460 1466 1489
f 1462 1489 1466
f 1464 1472 1465
f 1468 1490 1469
f 1469 1490 1491
f 1474 1492 1493
f 1474 1493 1475
f 1476 1478 1477
f 1478 1494 1479
f 1479 1494 1495
f 1479 1495 1480
f 1480 1495 1496
f 1480 1496 1497
f 1480 1497 1498
f 1480 1498 1499
f 1480 1499 1481
f 1481 1499 1500
f 1481 1500 1501
f 1481 1501 1502
f 1481 1502 1503
f 1481 1503 1504
f 1481 1504 1505
f 1481 1505 1482
f 1482 1505 1506
f 1482 1506 1483
f 1483 1506 1507
f 1483 1507 1484
f 1484 1507 1505
f 1484 1505 1509
f 1484 1509 1510
f 1484 1510 1511
f 1484 1511 1508
f 1490 1512 1513
f 1490 1513 1514
f 1490 1514 1491
f 1492 1515 1516
f 1492 1516 1493
f 1496 1517 1497
f 1497 1517 1498
f 1498 1518 1499
f 1499 1518 1519
f 1499 1519 1520
f 1499 1520 1500
f 1500 1520 1501
f 1501 1520 1519
f 1501 1519 1521
f 1501 1521 1522
f 1501 1522 1502
f 1502 1522 1523
f 1502 1523 1524
f 1502 1524 1503
f 1503 1524 1504
f 1504 1524 1525
f 1504 1525 1505
f 1505 1525 1509
f 1505 1507 1506
f 1508 1511 1526
f 1509 1525 1510
f 1510 1525 1511
f 1511 1525 1526
f 1512 1527 1528
f 1512 1528 1513
f 1515 1529 1516
f 1516 1529 1531
f 1516 1531 1532
f 1516 1532 1533
f 1516 1533 1534
f 1516 1534 1535
f 1516 1535 1536
f 1516 1536 1537
f 1516 1537 1538
f 1516 1538 1539
f 1516 1539 1530
f 1518 1540 1541
f 1518 1541 1519
f 1519 1541 1542
f 1519 1542 1521
f 1521 1543 1544
f 1521 1544 1545
f 1521 1545 1546
f 1521 1546 1547
f 1521 1547 1548
f 1521 1548 1522
f 1521 1542 1543
f 1522 1548 1549
f 1522 1549 1523
f 1523 1549 1550
f 1523 1550 1551
f 1523 1551 1524
f 1524 1551 1525
f 1525 1551 1550
f 1525 1550 1552
f 1525 1552 1553
f 1525 1553 1554
f 1525 1554 1526
f 1527 1555 1556
f 1527 1556 1557
f 1527 1557 1558
f 1527 1558 1528
f 1530 1539 1560
f 1530 1560 1561
f 1530 1561 1559
f 1540 1562 1541
f 1541 1563 1566
f 1541 1566 1542
f 1541 1562 1564
f 1541 1564 1565
f 1541 1565 1563
f 1542 1566 1567
f 1542 1567 1543
f 1543 1567 1568
f 1543 1568 1544
f 1544 1568 1576
f 1544 1576 1569
f 1544 1569 1545
f 1545 1569 1570
f 1545 1570 1546
f 1546 1571 1547
f 1547 1571 1548
f 1548 1571 1572
f 1548 1572 1549
f 1549 1572 1573
f 1549 1573 1550
f 1550 1573 1552
f 1552 1573 1574
f 1552 1574 1553
f 1553 1574 1575
f 1553 1575 1554
f 1555 1576 1577
f 1555 1577 1556
f 1559 1561 1578
f 1561 1579 1578
f 1563 1565 1580
f 1563 1580 1581
f 1563 1581 1582
f 1563 1582 1566
f 1565 1583 1584
f 1565 1584 1585
f 1565 1585 1580
f 1566 1582 1567
f 1567 1582 1586
f 1567 1586 1587
f 1567 1587 1588
f 1567 1588 1568
f 1568 1588 1589
f 1568 1589 1576
f 1571 1575 1572
f 1572 1574 1573
f 1572 1575 1574
f 1576 1590 1577
f 1576 1589 1591
f 1576 1591 1592
f 1576 1592 1593
f 1576 1593 1594
f 1576 1594 1595
f 1576 1595 1590
f 1578 1579 1597
f 1578 1597 1596
f 1583 1596 1584
f 1584 1596 1598
f 1596 1597 1598
f 1600 1601 1599
f 1602 1601 1600
f 1602 1603 1601
f 1602 1604 1603
f 1602 1605 1604
f 1602 1606 1605
f 1602 1607 1606
f 1602 1600 1607
f 1600 1608 1607
f 1600 1609 1608
f 1600 1599 1609
f 1599 1610 1609
f 1599 1611 1610
f 1612 1611 1599
f 1612 1613 1611
f 1603 1613 1612
f 1603 1604 1613
f 1614 1613 1604
f 1614 1615 1613
f 1616 1615 1614
f 1617 1615 1616
f 1617 1618 1615
f 1617 1619 1618
f 1617 1620 1619
f 1617 1606 1620
f 1617 1605 1606
f 1617 1616 1605
f 1605 1616 1604
f 1616 1614 1604
f 1606 1621 1620
f 1622 1621 1606
f 1623 1621 1622
f 1623 1624 1621
f 1623 1625 1624
f 1623 1626 1625
f 1623 1627 1626
f 1623 1622 1627
f 1628 1627 1622
f 1628 1629 1627
f 1628 1607 1629
f 1628 1622 1607
f 1622 1606 1607
f 1629 1607 1608
f 1629 1608 1630
f 1629 1630 1631
f 1629 1631 1627
f 1632 1627 1631
f 1632 1633 1627
f 1632 1634 1633
f 1632 1635 1634
f 1632 1636 1635
f 1632 1631 1636
f 1636 1631 1630
f 1636 1630 1637
f 1636 1637 1638
f 1636 1638 1635
f 1639 1635 1638
f 1639 1640 1635
f 1639 1641 1640
f 1639 1642 1641
f 1639 1643 1642
f 1639 1638 1643
f 1638 1637 1643
f 1637 1644 1643
f 1637 1609 1644
f 1637 1645 1609
f 1630 1645 1637
f 1630 1608 1645
f 1608 1609 1645
f 1646 1644 1609
f 1646 1610 1644
f 1646 1609 1610
f 1647 1644 1610
f 1648 1644 1647
f 1649 1644 1648
f 1649 1643 1644
f 1649 1642 1643
f 1649 1650 1642
f 1649 1648 1650
f 1648 1651 1650
f 1648 1652 1651
f 1648 1647 1652
f 1647 1611 1652
f 1647 1610 1611
f 1652 1611 1651
f 1653 1651 1611
f 1654 1651 1653
f 1654 1650 1651
f 1654 1655 1650
f 1654 1656 1655
f 1657 1656 1654
f 1657 1658 1656
f 1657 1654 1658
f 1654 1659 1658
f 1654 1653 1659
f 1653 1611 1659
f 1659 1611 1660
f 1661 1659 1660
f 1661 1662 1659
f 1661 1660 1662
f 1663 1662 1660
f 1663 1664 1662
f 1665 1664 1663
f 1665 1666 1664
f 1665 1663 1666
f 1666 1663 1660
f 1667 1666 1660
f 1667 1668 1666
f 1667 1669 1668
f 1667 1660 1669
f 1669 1660 1670
f 1671 1669 1670
f 1671 1672 1669
f 1671 1619 1672
f 1671 1673 1619
f 1671 1670 1673
f 1674 1673 1670
f 1674 1615 1673
f 1674 1670 1615
f 1670 1660 1615
f 1615 1660 1611
f 1613 1615 1611
f 1618 1673 1615
f 1618 1619 1673
f 1672 1619 1675
f 1672 1675 1669
f 1676 1669 1675
f 1676 1677 1669
f 1676 1678 1677
f 1676 1679 1678
f 1676 1675 1679
f 1680 1679 1675
f 1680 1621 1679
f 1680 1620 1621
f 1680 1675 1620
f 1619 1620 1675
f 1624 1679 1621
f 1624 1678 1679
f 1625 1678 1624
f 1625 1681 1678
f 1625 1682 1681
f 1625 1626 1682
f 1626 1683 1682
f 1633 1683 1626
f 1633 1634 1683
f 1684 1683 1634
f 1684 1685 1683
f 1684 1686 1685
f 1684 1634 1686
f 1687 1686 1634
f 1687 1688 1686
f 1687 1635 1688
f 1687 1634 1635
f 1688 1635 1640
f 1688 1640 1689
f 1690 1688 1689
f 1690 1686 1688
f 1690 1691 1686
f 1692 1691 1690
f 1692 1693 1691
f 1692 1694 1693
f 1692 1695 1694
f 1692 1696 1695
f 1692 1690 1696
f 1690 1689 1696
f 1696 1689 1697
f 1695 1696 1697
f 1695 1697 1698
f 1699 1695 1698
f 1699 1700 1695
f 1699 1698 1700
f 1700 1698 1664
f 1701 1700 1664
f 1702 1700 1701
f 1702 1695 1700
f 1702 1694 1695
f 1702 1668 1694
f 1702 1703 1668
f 1702 1701 1703
f 1666 1703 1701
f 1666 1668 1703
f 1666 1701 1664
f 1668 1693 1694
f 1668 1681 1693
f 1668 1677 1681
f 1668 1669 1677
f 1677 1678 1681
f 1693 1681 1704
f 1693 1704 1685
f 1693 1685 1691
f 1691 1685 1686
f 1705 1685 1704
f 1705 1683 1685
f 1705 1682 1683
f 1705 1704 1682
f 1681 1682 1704
f 1664 1698 1662
f 1662 1698 1659
f 1658 1659 1698
f 1706 1658 1698
f 1707 1658 1706
f 1707 1656 1658
f 1707 1708 1656
f 1709 1708 1707
f 1709 1710 1708
f 1709 1698 1710
f 1709 1706 1698
f 1709 1707 1706
f 1710 1698 1711
f 1710 1711 1697
f 1710 1697 1689
f 1712 1710 1689
f 1712 1708 1710
f 1712 1640 1708
f 1712 1689 1640
f 1708 1640 1641
f 1708 1641 1656
f 1655 1656 1641
f 1655 1641 1642
f 1655 1642 1650
f 1711 1698 1697
f 1633 1626 1627
f 1603 1612 1601
f 1612 1599 1601
f 1713 1714 1718
f 1713 1718 1724
f 1713 1724 1730
f 1713 1730 1743
f 1713 1743 1742
f 1713 1742 1755
f 1713 1755 1768
f 1713 1768 1767
f 1713 1767 1783
f 1713 1783 1800
f 1713 1800 1818
f 1713 1818 1797
f 1713 1797 1816
f 1713 1816 1805
f 1713 1805 1809
f 1713 1809 1808
f 1713 1808 1807
f 1713 1807 1804
f 1713 1804 1788
f 1713 1788 1772
f 1713 1772 1759
f 1713 1759 1747
f 1713 1747 1735
f 1713 1735 1726
f 1713 1726 1722
f 1713 1722 1720
f 1713 1720 1715
f 1713 1715 1716
f 1713 1716 1717
f 1713 1717 1714
f 1714 1717 1719
f 1714 1719 1718
f 1715 1720 1716
f 1716 1721 1725
f 1716 1725 1733
f 1716 1733 1745
f 1716 1745 1757
f 1716 1757 1770
f 1716 1770 1785
f 1716 1785 1801
f 1716 1801 1803
f 1716 1803 1802
f 1716 1802 1812
f 1716 1812 1811
f 1716 1811 1810
f 1716 1810 1790
f 1716 1790 1775
f 1716 1775 1762
f 1716 1762 1749
f 1716 1749 1736
f 1716 1736 1748
f 1716 1748 1761
f 1716 1761 1774
f 1716 1774 1789
f 1716 1789 1806
f 1716 1806 1821
f 1716 1821 1823
f 1716 1823 1822
f 1716 1822 1815
f 1716 1815 1814
f 1716 1814 1813
f 1716 1813 1792
f 1716 1792 1776
f 1716 1776 1763
f 1716 1763 1751
f 1716 1751 1738
f 1716 1738 1728
f 1716 1728 1723
f 1716 1723 1719
f 1716 1719 1717
f 1716 1720 1722
f 1716 1722 1721
f 1718 1719 1723
f 1718 1723 1724
f 1721 1722 1725
f 1722 1726 1734
f 1722 1734 1746
f 1722 1746 1758
f 1722 1758 1771
f 1722 1771 1787
f 1722 1787 1791
f 1722 1791 1786
f 1722 1786 1784
f 1722 1784 1769
f 1722 1769 1756
f 1722 1756 1750
f 1722 1750 1737
f 1722 1737 1727
f 1722 1727 1725
f 1723 1728 1729
f 1723 1729 1730
f 1723 1730 1724
f 1725 1727 1731
f 1725 1731 1732
f 1725 1732 1733
f 1726 1735 1736
f 1726 1736 1734
f 1727 1737 1731
f 1728 1738 1739
f 1728 1739 1740
f 1728 1740 1741
f 1728 1741 1729
f 1729 1741 1742
f 1729 1742 1743
f 1729 1743 1730
f 1731 1737 1744
f 1731 1744 1732
f 1732 1744 1733
f 1733 1744 1745
f 1734 1736 1746
f 1735 1747 1736
f 1736 1749 1746
f 1736 1747 1748
f 1737 1750 1744
f 1738 1751 1739
f 1739 1751 1752
f 1739 1752 1753
f 1739 1753 1754
f 1739 1754 1741
f 1739 1741 1740
f 1741 1754 1742
f 1742 1754 1755
f 1744 1750 1756
f 1744 1756 1745
f 1745 1756 1757
f 1746 1749 1758
f 1747 1759 1748
f 1748 1760 1761
f 1748 1759 1760
f 1749 1762 1758
f 1751 1763 1764
f 1751 1764 1765
f 1751 1765 1766
f 1751 1766 1752
f 1752 1766 1753
f 1753 1767 1768
f 1753 1768 1754
f 1753 1766 1767
f 1754 1768 1755
f 1756 1769 1757
f 1757 1769 1770
f 1758 1762 1771
f 1759 1772 1760
f 1760 1772 1773
f 1760 1773 1761
f 1761 1773 1774
f 1762 1775 1771
f 1763 1776 1764
f 1764 1777 1765
f 1764 1776 1778
f 1764 1778 1777
f 1765 1777 1779
f 1765 1779 1780
f 1765 1780 1766
f 1766 1780 1781
f 1766 1781 1767
f 1767 1781 1782
f 1767 1782 1783
f 1769 1784 1770
f 1770 1784 1786
f 1770 1786 1785
f 1771 1775 1787
f 1772 1788 1773
f 1773 1788 1789
f 1773 1789 1774
f 1775 1790 1791
f 1775 1791 1787
f 1776 1792 1778
f 1777 1778 1779
f 1778 1792 1813
f 1778 1813 1793
f 1778 1793 1794
f 1778 1794 1779
f 1779 1795 1796
f 1779 1796 1780
f 1779 1794 1797
f 1779 1797 1795
f 1780 1796 1798
f 1780 1798 1781
f 1781 1799 1782
f 1781 1798 1799
f 1782 1799 1796
f 1782 1796 1783
f 1783 1796 1800
f 1785 1786 1801
f 1786 1791 1802
f 1786 1802 1803
f 1786 1803 1801
f 1788 1804 1789
f 1789 1805 1806
f 1789 1804 1807
f 1789 1807 1808
f 1789 1808 1809
f 1789 1809 1805
f 1790 1810 1791
f 1791 1810 1811
f 1791 1811 1812
f 1791 1812 1802
f 1793 1813 1814
f 1793 1814 1815
f 1793 1815 1805
f 1793 1805 1816
f 1793 1816 1794
f 1794 1816 1797
f 1795 1817 1796
f 1795 1797 1817
f 1796 1799 1798
f 1796 1817 1800
f 1797 1818 1817
f 1800 1817 1818
f 1805 1815 1819
f 1805 1819 1820
f 1805 1820 1806
f 1806 1820 1821
f 1815 1822 1819
f 1819 1822 1820
f 1820 1822 1823
f 1820 1823 1821
f 1824 1825 1826
f 1824 1826 1827
f 1824 1827 1828
f 1824 1828 1829
f 1824 1829 1830
f 1824 1830 1831
f 1824 1831 1825
f 1825 1832 1826
f 1825 1831 1833
f 1825 1833 1834
f 1825 1834 1832
f 1826 1835 1827
f 1826 1832 1836
f 1826 1836 1835
f 1827 1835 1837
f 1827 1837 1838
f 1827 1838 1839
f 1827 1839 1828
f 1828 1839 1829
f 1829 1839 1855
f 1829 1855 1853
f 1829 1853 1852
f 1829 1852 1869
f 1829 1869 1882
f 1829 1882 1881
f 1829 1881 1889
f 1829 1889 1879
f 1829 1879 1878
f 1829 1878 1886
f 1829 1886 1877
f 1829 1877 1888
f 1829 1888 1897
f 1829 1897 1916
f 1829 1916 1940
f 1829 1940 1939
f 1829 1939 1938
f 1829 1938 1937
f 1829 1937 1957
f 1829 1957 1956
f 1829 1956 1932
f 1829 1932 1955
f 1829 1955 1954
f 1829 1954 1966
f 1829 1966 1963
f 1829 1963 1943
f 1829 1943 1920
f 1829 1920 1901
f 1829 1901 1891
f 1829 1891 1883
f 1829 1883 1870
f 1829 1870 1858
f 1829 1858 1857
f 1829 1857 1856
f 1829 1856 1840
f 1829 1840 1830
f 1830 1840 1831
f 1831 1840 1841
f 1831 1841 1842
f 1831 1842 1833
f 1832 1834 1843
f 1832 1843 1844
f 1832 1844 1845
f 1832 1845 1836
f 1833 1842 1846
f 1833 1846 1834
f 1834 1846 1847
f 1834 1847 1848
f 1834 1848 1843
f 1835 1836 1849
f 1835 1849 1850
f 1835 1850 1851
f 1835 1851 1837
f 1836 1845 1844
f 1836 1844 1861
f 1836 1861 1860
f 1836 1860 1864
f 1836 1864 1863
f 1836 1863 1862
f 1836 1862 1871
f 1836 1871 1885
f 1836 1885 1893
f 1836 1893 1904
f 1836 1904 1927
f 1836 1927 1950
f 1836 1950 1949
f 1836 1949 1948
f 1836 1948 1965
f 1836 1965 1972
f 1836 1972 1973
f 1836 1973 1967
f 1836 1967 1960
f 1836 1960 1959
f 1836 1959 1958
f 1836 1958 1962
f 1836 1962 1942
f 1836 1942 1918
f 1836 1918 1900
f 1836 1900 1899
f 1836 1899 1902
f 1836 1902 1921
f 1836 1921 1912
f 1836 1912 1894
f 1836 1894 1887
f 1836 1887 1876
f 1836 1876 1865
f 1836 1865 1849
f 1837 1852 1853
f 1837 1853 1838
f 1837 1851 1854
f 1837 1854 1852
f 1838 1853 1855
f 1838 1855 1839
f 1840 1856 1841
f 1841 1856 1857
f 1841 1857 1842
f 1842 1857 1858
f 1842 1858 1846
f 1843 1859 1844
f 1843 1848 1860
f 1843 1860 1861
f 1843 1861 1859
f 1844 1859 1861
f 1846 1858 1847
f 1847 1858 1862
f 1847 1862 1848
f 1848 1862 1863
f 1848 1863 1864
f 1848 1864 1860
f 1849 1865 1850
f 1850 1865 1866
f 1850 1866 1851
f 1851 1866 1867
f 1851 1867 1852
f 1851 1852 1854
f 1852 1867 1868
f 1852 1868 1869
f 1858 1870 1862
f 1862 1870 1871
f 1865 1872 1873
f 1865 1873 1874
f 1865 1874 1875
f 1865 1875 1866
f 1865 1876 1877
f 1865 1877 1872
f 1866 1875 1874
f 1866 1874 1867
f 1867 1874 1868
f 1868 1874 1873
f 1868 1873 1878
f 1868 1878 1879
f 1868 1879 1880
f 1868 1880 1881
f 1868 1881 1882
f 1868 1882 1869
f 1870 1883 1890
f 1870 1890 1898
f 1870 1898 1917
f 1870 1917 1941
f 1870 1941 1961
f 1870 1961 1970
f 1870 1970 1969
f 1870 1969 1968
f 1870 1968 1974
f 1870 1974 1976
f 1870 1976 1975
f 1870 1975 1971
f 1870 1971 1964
f 1870 1964 1947
f 1870 1947 1926
f 1870 1926 1903
f 1870 1903 1892
f 1870 1892 1884
f 1870 1884 1871
f 1871 1884 1885
f 1872 1877 1886
f 1872 1886 1873
f 1873 1886 1878
f 1876 1887 1877
f 1877 1887 1894
f 1877 1894 1911
f 1877 1911 1936
f 1877 1936 1913
f 1877 1913 1895
f 1877 1895 1888
f 1879 1889 1880
f 1880 1889 1881
f 1883 1891 1890
f 1884 1892 1885
f 1885 1892 1893
f 1888 1895 1896
f 1888 1896 1897
f 1890 1891 1899
f 1890 1899 1900
f 1890 1900 1898
f 1891 1901 1902
f 1891 1902 1899
f 1892 1903 1893
f 1893 1903 1904
f 1894 1905 1906
f 1894 1906 1907
f 1894 1907 1908
f 1894 1908 1909
f 1894 1909 1910
f 1894 1910 1911
f 1894 1912 1905
f 1895 1913 1914
f 1895 1914 1896
f 1896 1914 1915
f 1896 1915 1916
f 1896 1916 1897
f 1898 1900 1917
f 1900 1918 1917
f 1901 1919 1902
f 1901 1920 1919
f 1902 1919 1920
f 1902 1920 1922
f 1902 1922 1923
f 1902 1923 1924
f 1902 1924 1925
f 1902 1925 1921
f 1903 1926 1927
f 1903 1927 1904
f 1905 1925 1924
f 1905 1924 1906
f 1905 1912 1921
f 1905 1921 1925
f 1906 1924 1928
f 1906 1928 1907
f 1907 1928 1929
f 1907 1929 1930
f 1907 1930 1908
f 1908 1930 1931
f 1908 1931 1932
f 1908 1932 1933
f 1908 1933 1934
f 1908 1934 1909
f 1909 1934 1935
f 1909 1935 1910
f 1910 1935 1915
f 1910 1915 1936
f 1910 1936 1911
f 1913 1936 1915
f 1913 1915 1914
f 1915 1935 1937
f 1915 1937 1938
f 1915 1938 1939
f 1915 1939 1940
f 1915 1940 1916
f 1917 1918 1942
f 1917 1942 1941
f 1920 1943 1944
f 1920 1944 1945
f 1920 1945 1922
f 1922 1945 1946
f 1922 1946 1924
f 1922 1924 1923
f 1924 1946 1928
f 1926 1947 1948
f 1926 1948 1949
f 1926 1949 1950
f 1926 1950 1927
f 1928 1946 1951
f 1928 1951 1929
f 1929 1951 1952
f 1929 1952 1953
f 1929 1953 1930
f 1930 1953 1931
f 1931 1953 1954
f 1931 1954 1955
f 1931 1955 1932
f 1932 1956 1934
f 1932 1934 1933
f 1934 1956 1935
f 1935 1956 1957
f 1935 1957 1937
f 1941 1958 1959
f 1941 1959 1960
f 1941 1960 1961
f 1941 1942 1962
f 1941 1962 1958
f 1943 1963 1944
f 1944 1963 1952
f 1944 1952 1951
f 1944 1951 1945
f 1945 1951 1946
f 1947 1964 1965
f 1947 1965 1948
f 1952 1963 1966
f 1952 1966 1953
f 1953 1966 1954
f 1960 1967 1968
f 1960 1968 1969
f 1960 1969 1970
f 1960 1970 1961
f 1964 1971 1972
f 1964 1972 1965
f 1967 1973 1968
f 1968 1973 1974
f 1971 1975 1973
f 1971 1973 1972
f 1973 1975 1976
f 1973 1976 1974
f 1977 1978 1979
f 1977 1979 1980
f 1977 1980 1981
f 1977 1981 1982
f 1977 1982 1983
f 1977 1983 1984
f 1977 1984 1978
f 1978 1985 1986
f 1978 1986 1979
f 1978 1984 1987
f 1978 1987 1985
f 1979 1986 1988
f 1979 1988 1989
f 1979 1989 1990
f 1979 1990 1991
f 1979 1991 1980
f 1980 1991 1992
f 1980 1992 1993
f 1980 1993 1994
f 1980 1994 1981
f 1981 1995 1996
f 1981 1996 1997
f 1981 1997 1998
f 1981 1998 1982
f 1981 1994 1995
f 1982 1998 1983
f 1983 1998 1999
f 1983 1999 1987
f 1983 1987 1984
f 1985 2000 2001
f 1985 2001 2002
f 1985 2002 2003
f 1985 2003 1986
f 1985 1987 2000
f 1986 2003 2004
f 1986 2004 1988
f 1987 1999 2005
f 1987 2005 2006
f 1987 2006 2007
f 1987 2007 2000
f 1988 2004 2008
f 1988 2008 1989
f 1989 2008 2009
f 1989 2009 2010
f 1989 2010 1990
f 1990 2011 2012
f 1990 2012 1991
f 1990 2010 2011
f 1991 2012 1992
f 1992 2012 2013
f 1992 2013 2014
f 1992 2014 1993
f 1993 2014 2015
f 1993 2015 1994
f 1994 2015 1995
f 1995 2015 2014
f 1995 2014 2013
f 1995 2013 2037
f 1995 2037 2065
f 1995 2065 2063
f 1995 2063 2062
f 1995 2062 2083
f 1995 2083 2082
f 1995 2082 2095
f 1995 2095 2098
f 1995 2098 2096
f 1995 2096 2084
f 1995 2084 2066
f 1995 2066 2041
f 1995 2041 2040
f 1995 2040 2017
f 1995 2017 1996
f 1996 2016 1997
f 1996 2017 2018
f 1996 2018 2016
f 1997 2019 1998
f 1997 2016 2020
f 1997 2020 2019
f 1998 2019 1999
f 1999 2019 2021
f 1999 2021 2005
f 2000 2022 2001
f 2000 2007 2023
f 2000 2023 2022
f 2001 2024 2025
f 2001 2025 2004
f 2001 2004 2002
f 2001 2022 2026
f 2001 2026 2027
f 2001 2027 2024
f 2002 2004 2003
f 2004 2025 2028
f 2004 2028 2029
f 2004 2029 2008
f 2005 2021 2030
f 2005 2030 2006
f 2006 2031 2007
f 2006 2030 2031
f 2007 2031 2023
f 2008 2029 2032
f 2008 2032 2009
f 2009 2032 2010
f 2010 2032 2033
f 2010 2033 2034
f 2010 2034 2035
f 2010 2035 2011
f 2011 2036 2013
f 2011 2013 2012
f 2011 2035 2036
f 2013 2036 2038
f 2013 2038 2039
f 2013 2039 2037
f 2016 2018 2020
f 2017 2040 2018
f 2018 2040 2041
f 2018 2041 2042
f 2018 2042 2020
f 2019 2020 2043
f 2019 2043 2021
f 2020 2042 2044
f 2020 2044 2043
f 2021 2043 2044
f 2021 2044 2045
f 2021 2045 2030
f 2022 2023 2046
f 2022 2046 2070
f 2022 2070 2091
f 2022 2091 2094
f 2022 2094 2093
f 2022 2093 2092
f 2022 2092 2090
f 2022 2090 2079
f 2022 2079 2078
f 2022 2078 2077
f 2022 2077 2076
f 2022 2076 2075
f 2022 2075 2051
f 2022 2051 2050
f 2022 2050 2054
f 2022 2054 2053
f 2022 2053 2074
f 2022 2074 2049
f 2022 2049 2027
f 2022 2027 2026
f 2023 2031 2047
f 2023 2047 2048
f 2023 2048 2046
f 2024 2027 2049
f 2024 2049 2025
f 2025 2050 2051
f 2025 2051 2028
f 2025 2049 2052
f 2025 2052 2053
f 2025 2053 2054
f 2025 2054 2050
f 2028 2051 2055
f 2028 2055 2029
f 2029 2055 2056
f 2029 2056 2032
f 2030 2057 2031
f 2030 2045 2058
f 2030 2058 2057
f 2031 2057 2047
f 2032 2056 2059
f 2032 2059 2033
f 2033 2059 2060
f 2033 2060 2061
f 2033 2061 2034
f 2034 2061 2062
f 2034 2062 2035
f 2035 2063 2039
f 2035 2039 2038
f 2035 2038 2036
f 2035 2062 2063
f 2037 2039 2064
f 2037 2064 2065
f 2039 2063 2065
f 2039 2065 2064
f 2041 2066 2067
f 2041 2067 2042
f 2042 2067 2044
f 2044 2067 2068
f 2044 2068 2069
f 2044 2069 2045
f 2045 2069 2058
f 2046 2048 2070
f 2047 2071 2048
f 2047 2057 2072
f 2047 2072 2071
f 2048 2071 2073
f 2048 2073 2070
f 2049 2074 2052
f 2051 2075 2055
f 2052 2074 2053
f 2055 2075 2076
f 2055 2076 2077
f 2055 2077 2078
f 2055 2078 2079
f 2055 2079 2056
f 2056 2079 2059
f 2057 2058 2080
f 2057 2080 2072
f 2058 2069 2081
f 2058 2081 2080
f 2059 2079 2060
f 2060 2079 2082
f 2060 2082 2083
f 2060 2083 2061
f 2061 2083 2062
f 2066 2084 2085
f 2066 2085 2086
f 2066 2086 2068
f 2066 2068 2067
f 2068 2086 2087
f 2068 2087 2069
f 2069 2087 2088
f 2069 2088 2089
f 2069 2089 2090
f 2069 2090 2081
f 2070 2073 2091
f 2071 2072 2073
f 2072 2080 2092
f 2072 2092 2093
f 2072 2093 2094
f 2072 2094 2091
f 2072 2091 2073
f 2079 2090 2105
f 2079 2105 2109
f 2079 2109 2108
f 2079 2108 2106
f 2079 2106 2095
f 2079 2095 2082
f 2080 2081 2092
f 2081 2090 2092
f 2084 2096 2085
f 2085 2097 2087
f 2085 2087 2086
f 2085 2096 2098
f 2085 2098 2099
f 2085 2099 2097
f 2087 2097 2088
f 2088 2097 2100
f 2088 2100 2089
f 2089 2100 2090
f 2090 2100 2101
f 2090 2101 2102
f 2090 2102 2103
f 2090 2103 2104
f 2090 2104 2105
f 2095 2106 2098
f 2097 2099 2107
f 2097 2107 2104
f 2097 2104 2102
f 2097 2102 2101
f 2097 2101 2100
f 2098 2106 2108
f 2098 2108 2099
f 2099 2108 2107
f 2102 2104 2103
f 2104 2107 2109
f 2104 2109 2105
f 2107 2108 2109
f 2110 2111 2112
f 2110 2112 2113
f 2110 2113 2122
f 2110 2122 2121
f 2110 2121 2134
f 2110 2134 2139
f 2110 2139 2144
f 2110 2144 2143
f 2110 2143 2152
f 2110 2152 2161
f 2110 2161 2168
f 2110 2168 2174
f 2110 2174 2173
f 2110 2173 2185
f 2110 2185 2196
f 2110 2196 2195
f 2110 2195 2194
f 2110 2194 2193
f 2110 2193 2205
f 2110 2205 2204
f 2110 2204 2203
f 2110 2203 2202
f 2110 2202 2214
f 2110 2214 2213
f 2110 2213 2222
f 2110 2222 2227
f 2110 2227 2234
f 2110 2234 2235
f 2110 2235 2231
f 2110 2231 2225
f 2110 2225 2218
f 2110 2218 2207
f 2110 2207 2198
f 2110 2198 2187
f 2110 2187 2178
f 2110 2178 2166
f 2110 2166 2158
f 2110 2158 2149
f 2110 2149 2140
f 2110 2140 2135
f 2110 2135 2123
f 2110 2123 2114
f 2110 2114 2115
f 2110 2115 2111
f 2111 2115 2116
f 2111 2116 2112
f 2112 2116 2117
f 2112 2117 2118
f 2112 2118 2119
f 2112 2119 2120
f 2112 2120 2121
f 2112 2121 2122
f 2112 2122 2113
f 2114 2123 2124
f 2114 2124 2115
f 2115 2125 2126
f 2115 2126 2127
f 2115 2127 2128
f 2115 2128 2116
f 2115 2124 2129
f 2115 2129 2125
f 2116 2128 2117
f 2117 2130 2118
f 2117 2128 2131
f 2117 2131 2132
f 2117 2132 2130
f 2118 2130 2119
f 2119 2130 2132
f 2119 2132 2120
f 2120 2132 2121
f 2121 2132 2133
f 2121 2133 2134
f 2123 2135 2136
f 2123 2136 2124
f 2124 2136 2141
f 2124 2141 2151
f 2124 2151 2160
f 2124 2160 2167
f 2124 2167 2177
f 2124 2177 2176
f 2124 2176 2186
f 2124 2186 2197
f 2124 2197 2206
f 2124 2206 2215
f 2124 2215 2223
f 2124 2223 2229
f 2124 2229 2233
f 2124 2233 2232
f 2124 2232 2226
f 2124 2226 2220
f 2124 2220 2211
f 2124 2211 2210
f 2124 2210 2209
f 2124 2209 2200
f 2124 2200 2191
f 2124 2191 2190
f 2124 2190 2188
f 2124 2188 2182
f 2124 2182 2181
f 2124 2181 2180
f 2124 2180 2179
f 2124 2179 2169
f 2124 2169 2162
f 2124 2162 2156
f 2124 2156 2155
f 2124 2155 2154
f 2124 2154 2153
f 2124 2153 2146
f 2124 2146 2145
f 2124 2145 2142
f 2124 2142 2137
f 2124 2137 2132
f 2124 2132 2131
f 2124 2131 2127
f 2124 2127 2126
f 2124 2126 2125
f 2124 2125 2129
f 2127 2131 2128
f 2132 2137 2138
f 2132 2138 2133
f 2133 2138 2134
f 2134 2138 2139
f 2135 2140 2136
f 2136 2140 2141
f 2137 2142 2138
f 2138 2143 2144
f 2138 2144 2139
f 2138 2142 2145
f 2138 2145 2146
f 2138 2146 2147
f 2138 2147 2148
f 2138 2148 2143
f 2140 2149 2150
f 2140 2150 2141
f 2141 2150 2151
f 2143 2148 2152
f 2146 2153 2147
f 2147 2153 2154
f 2147 2154 2155
f 2147 2155 2156
f 2147 2156 2157
f 2147 2157 2148
f 2148 2157 2152
f 2149 2158 2159
f 2149 2159 2151
f 2149 2151 2150
f 2151 2159 2160
f 2152 2157 2161
f 2156 2162 2163
f 2156 2163 2164
f 2156 2164 2157
f 2157 2164 2163
f 2157 2163 2171
f 2157 2171 2170
f 2157 2170 2183
f 2157 2183 2189
f 2157 2189 2199
f 2157 2199 2208
f 2157 2208 2219
f 2157 2219 2221
f 2157 2221 2212
f 2157 2212 2201
f 2157 2201 2192
f 2157 2192 2184
f 2157 2184 2172
f 2157 2172 2165
f 2157 2165 2161
f 2158 2166 2159
f 2159 2166 2167
f 2159 2167 2160
f 2161 2165 2168
f 2162 2169 2170
f 2162 2170 2171
f 2162 2171 2163
f 2165 2172 2173
f 2165 2173 2174
f 2165 2174 2168
f 2166 2175 2176
f 2166 2176 2177
f 2166 2177 2167
f 2166 2178 2175
f 2169 2179 2170
f 2170 2179 2180
f 2170 2180 2181
f 2170 2181 2182
f 2170 2182 2183
f 2172 2184 2173
f 2173 2184 2185
f 2175 2178 2176
f 2176 2178 2186
f 2178 2187 2186
f 2182 2188 2183
f 2183 2188 2190
f 2183 2190 2191
f 2183 2191 2189
f 2184 2192 2193
f 2184 2193 2194
f 2184 2194 2195
f 2184 2195 2196
f 2184 2196 2185
f 2186 2187 2198
f 2186 2198 2197
f 2189 2191 2199
f 2191 2200 2199
f 2192 2201 2202
f 2192 2202 2203
f 2192 2203 2204
f 2192 2204 2205
f 2192 2205 2193
f 2197 2198 2206
f 2198 2207 2206
f 2199 2200 2209
f 2199 2209 2210
f 2199 2210 2211
f 2199 2211 2208
f 2201 2212 2213
f 2201 2213 2214
f 2201 2214 2202
f 2206 2207 2216
f 2206 2216 2217
f 2206 2217 2215
f 2207 2218 2216
f 2208 2211 2220
f 2208 2220 2219
f 2212 2221 2213
f 2213 2221 2222
f 2215 2217 2223
f 2216 2224 2217
f 2216 2218 2225
f 2216 2225 2224
f 2217 2224 2223
f 2219 2220 2226
f 2219 2226 2227
f 2219 2227 2222
f 2219 2222 2221
f 2223 2228 2229
f 2223 2224 2230
f 2223 2230 2231
f 2223 2231 2228
f 2224 2225 2230
f 2225 2231 2230
f 2226 2232 2227
f 2227 2232 2233
f 2227 2233 2234
f 2228 2231 2235
f 2228 2235 2233
f 2228 2233 2229
f 2233 2235 2234
f 2236 2237 2238
f 2236 2238 2244
f 2236 2244 2255
f 2236 2255 2262
f 2236 2262 2268
f 2236 2268 2269
f 2236 2269 2274
f 2236 2274 2282
f 2236 2282 2296
f 2236 2296 2309
f 2236 2309 2324
f 2236 2324 2340
f 2236 2340 2339
f 2236 2339 2341
f 2236 2341 2353
f 2236 2353 2338
f 2236 2338 2354
f 2236 2354 2358
f 2236 2358 2356
f 2236 2356 2355
f 2236 2355 2343
f 2236 2343 2342
f 2236 2342 2326
f 2236 2326 2314
f 2236 2314 2313
f 2236 2313 2312
f 2236 2312 2310
f 2236 2310 2298
f 2236 2298 2288
f 2236 2288 2287
f 2236 2287 2286
f 2236 2286 2285
f 2236 2285 2283
f 2236 2283 2275
f 2236 2275 2270
f 2236 2270 2264
f 2236 2264 2256
f 2236 2256 2245
f 2236 2245 2239
f 2236 2239 2240
f 2236 2240 2241
f 2236 2241 2237
f 2237 2242 2238
f 2237 2241 2242
f 2238 2243 2244
f 2238 2242 2243
f 2239 2245 2240
f 2240 2245 2246
f 2240 2246 2257
f 2240 2257 2263
f 2240 2263 2265
f 2240 2265 2271
f 2240 2271 2276
f 2240 2276 2284
f 2240 2284 2297
f 2240 2297 2299
f 2240 2299 2311
f 2240 2311 2325
f 2240 2325 2344
f 2240 2344 2357
f 2240 2357 2352
f 2240 2352 2333
f 2240 2333 2319
f 2240 2319 2304
f 2240 2304 2293
f 2240 2293 2281
f 2240 2281 2292
f 2240 2292 2303
f 2240 2303 2318
f 2240 2318 2332
f 2240 2332 2349
f 2240 2349 2348
f 2240 2348 2347
f 2240 2347 2345
f 2240 2345 2328
f 2240 2328 2327
f 2240 2327 2316
f 2240 2316 2301
f 2240 2301 2290
f 2240 2290 2279
f 2240 2279 2277
f 2240 2277 2272
f 2240 2272 2267
f 2240 2267 2266
f 2240 2266 2259
f 2240 2259 2258
f 2240 2258 2247
f 2240 2247 2241
f 2241 2247 2248
f 2241 2248 2249
f 2241 2249 2242
f 2242 2249 2250
f 2242 2250 2251
f 2242 2251 2243
f 2243 2252 2253
f 2243 2253 2254
f 2243 2254 2244
f 2243 2251 2252
f 2244 2254 2255
f 2245 2256 2257
f 2245 2257 2246
f 2247 2258 2250
f 2247 2250 2248
f 2248 2250 2249
f 2250 2258 2259
f 2250 2259 2251
f 2251 2259 2260
f 2251 2260 2252
f 2252 2260 2253
f 2253 2260 2261
f 2253 2261 2254
f 2254 2261 2262
f 2254 2262 2255
f 2256 2263 2257
f 2256 2264 2265
f 2256 2265 2263
f 2259 2266 2260
f 2260 2266 2267
f 2260 2267 2261
f 2261 2268 2262
f 2261 2267 2269
f 2261 2269 2268
f 2264 2270 2265
f 2265 2270 2271
f 2267 2272 2269
f 2269 2273 2278
f 2269 2278 2289
f 2269 2289 2300
f 2269 2300 2315
f 2269 2315 2329
f 2269 2329 2346
f 2269 2346 2351
f 2269 2351 2350
f 2269 2350 2330
f 2269 2330 2317
f 2269 2317 2302
f 2269 2302 2291
f 2269 2291 2280
f 2269 2280 2274
f 2269 2272 2273
f 2270 2275 2276
f 2270 2276 2271
f 2272 2277 2273
f 2273 2277 2279
f 2273 2279 2278
f 2274 2280 2281
f 2274 2281 2282
f 2275 2283 2276
f 2276 2283 2285
f 2276 2285 2286
f 2276 2286 2287
f 2276 2287 2288
f 2276 2288 2284
f 2278 2279 2290
f 2278 2290 2289
f 2280 2291 2281
f 2281 2291 2292
f 2281 2293 2294
f 2281 2294 2282
f 2282 2294 2295
f 2282 2295 2296
f 2284 2288 2297
f 2288 2298 2299
f 2288 2299 2297
f 2289 2290 2300
f 2290 2301 2300
f 2291 2302 2292
f 2292 2302 2303
f 2293 2304 2305
f 2293 2305 2306
f 2293 2306 2294
f 2294 2306 2307
f 2294 2307 2308
f 2294 2308 2295
f 2295 2308 2309
f 2295 2309 2296
f 2298 2310 2299
f 2299 2310 2312
f 2299 2312 2313
f 2299 2313 2314
f 2299 2314 2311
f 2300 2301 2316
f 2300 2316 2315
f 2302 2317 2303
f 2303 2317 2318
f 2304 2319 2320
f 2304 2320 2305
f 2305 2320 2321
f 2305 2321 2306
f 2306 2321 2307
f 2307 2321 2322
f 2307 2322 2323
f 2307 2323 2308
f 2308 2324 2309
f 2308 2323 2324
f 2311 2314 2325
f 2314 2326 2325
f 2315 2327 2328
f 2315 2328 2329
f 2315 2316 2327
f 2317 2330 2318
f 2318 2330 2331
f 2318 2331 2332
f 2319 2333 2334
f 2319 2334 2320
f 2320 2335 2336
f 2320 2336 2322
f 2320 2322 2321
f 2320 2334 2333
f 2320 2333 2335
f 2322 2337 2323
f 2322 2336 2338
f 2322 2338 2337
f 2323 2339 2340
f 2323 2340 2324
f 2323 2337 2341
f 2323 2341 2339
f 2325 2326 2342
f 2325 2342 2343
f 2325 2343 2344
f 2328 2345 2329
f 2329 2345 2347
f 2329 2347 2348
f 2329 2348 2349
f 2329 2349 2346
f 2330 2350 2331
f 2331 2350 2351
f 2331 2351 2346
f 2331 2346 2332
f 2332 2346 2349
f 2333 2352 2335
f 2335 2352 2338
f 2335 2338 2336
f 2337 2353 2341
f 2337 2338 2353
f 2338 2352 2354
f 2343 2355 2344
f 2344 2355 2356
f 2344 2356 2357
f 2352 2357 2354
f 2354 2357 2358
f 2356 2358 2357
f 2360 2361 2359
f 2362 2361 2360
f 2363 2361 2362
f 2364 2361 2363
f 2364 2365 2361
f 2364 2366 2365
f 2364 2367 2366
f 2364 2363 2367
f 2363 2362 2367
f 2368 2367 2362
f 2368 2366 2367
f 2369 2366 2368
f 2369 2370 2366
f 2369 2371 2370
f 2369 2372 2371
f 2369 2368 2372
f 2368 2362 2372
f 2373 2372 2362
f 2374 2372 2373
f 2375 2372 2374
f 2375 2371 2372
f 2375 2365 2371
f 2375 2376 2365
f 2375 2374 2376
f 2374 2377 2376
f 2374 2378 2377
f 2374 2373 2378
f 2379 2378 2373
f 2380 2378 2379
f 2380 2381 2378
f 2380 2382 2381
f 2380 2383 2382
f 2380 2384 2383
f 2380 2385 2384
f 2380 2386 2385
f 2380 2387 2386
f 2380 2379 2387
f 2379 2373 2387
f 2388 2387 2373
f 2386 2387 2388
f 2386 2388 2360
f 2384 2386 2360
f 2385 2386 2384
f 2384 2360 2389
f 2383 2384 2389
f 2390 2383 2389
f 2390 2382 2383
f 2390 2391 2382
f 2390 2389 2391
f 2391 2389 2392
f 2393 2391 2392
f 2393 2382 2391
f 2393 2394 2382
f 2393 2395 2394
f 2393 2396 2395
f 2393 2397 2396
f 2393 2398 2397
f 2393 2392 2398
f 2398 2392 2399
f 2398 2399 2400
f 2398 2400 2401
f 2398 2401 2397
f 2397 2401 2402
f 2403 2397 2402
f 2403 2396 2397
f 2403 2402 2396
f 2404 2396 2402
f 2404 2405 2396
f 2404 2406 2405
f 2407 2406 2404
f 2407 2408 2406
f 2407 2402 2408
f 2407 2404 2402
f 2408 2402 2409
f 2408 2409 2406
f 2406 2409 2410
f 2411 2406 2410
f 2411 2405 2406
f 2411 2412 2405
f 2411 2413 2412
f 2411 2410 2413
f 2410 2414 2413
f 2415 2414 2410
f 2415 2416 2414
f 2415 2409 2416
f 2415 2410 2409
f 2416 2409 2417
f 2418 2416 2417
f 2418 2419 2416
f 2418 2417 2419
f 2420 2419 2417
f 2420 2421 2419
f 2420 2417 2421
f 2421 2417 2422
f 2423 2421 2422
f 2423 2419 2421
f 2423 2422 2419
f 2424 2419 2422
f 2424 2425 2419
f 2426 2425 2424
f 2426 2427 2425
f 2426 2424 2427
f 2427 2424 2428
f 2427 2428 2425
f 2429 2425 2428
f 2429 2430 2425
f 2429 2428 2430
f 2430 2428 2431
f 2432 2430 2431
f 2432 2425 2430
f 2433 2425 2432
f 2433 2431 2425
f 2433 2432 2431
f 2434 2425 2431
f 2434 2365 2425
f 2434 2435 2365
f 2434 2436 2435
f 2434 2431 2436
f 2436 2431 2437
f 2436 2437 2438
f 2436 2438 2439
f 2440 2436 2439
f 2440 2435 2436
f 2440 2439 2435
f 2435 2439 2365
f 2439 2441 2365
f 2438 2441 2439
f 2438 2437 2441
f 2442 2441 2437
f 2442 2443 2441
f 2444 2443 2442
f 2445 2443 2444
f 2445 2446 2443
f 2445 2437 2446
f 2445 2442 2437
f 2445 2444 2442
f 2446 2437 2447
f 2448 2446 2447
f 2448 2443 2446
f 2448 2447 2443
f 2447 2449 2443
f 2450 2449 2447
f 2450 2451 2449
f 2450 2452 2451
f 2450 2447 2452
f 2447 2437 2452
f 2452 2437 2453
f 2454 2452 2453
f 2455 2452 2454
f 2456 2452 2455
f 2456 2451 2452
f 2456 2455 2451
f 2457 2451 2455
f 2457 2458 2451
f 2459 2458 2457
f 2459 2454 2458
f 2459 2457 2454
f 2460 2454 2457
f 2460 2455 2454
f 2460 2457 2455
f 2461 2458 2454
f 2462 2458 2461
f 2462 2463 2458
f 2462 2464 2463
f 2462 2465 2464
f 2462 2466 2465
f 2462 2453 2466
f 2462 2461 2453
f 2461 2454 2453
f 2466 2453 2467
f 2468 2466 2467
f 2469 2466 2468
f 2469 2470 2466
f 2471 2470 2469
f 2471 2464 2470
f 2471 2472 2464
f 2471 2469 2472
f 2473 2472 2469
f 2473 2464 2472
f 2473 2474 2464
f 2473 2469 2474
f 2469 2475 2474
f 2469 2476 2475
f 2469 2477 2476
f 2469 2478 2477
f 2469 2468 2478
f 2468 2467 2478
f 2478 2467 2479
f 2480 2478 2479
f 2480 2481 2478
f 2482 2481 2480
f 2477 2481 2482
f 2477 2478 2481
f 2477 2482 2483
f 2477 2483 2476
f 2475 2476 2483
f 2484 2475 2483
f 2484 2464 2475
f 2484 2485 2464
f 2486 2485 2484
f 2486 2487 2485
f 2486 2483 2487
f 2486 2484 2483
f 2487 2483 2488
f 2489 2487 2488
f 2489 2485 2487
f 2489 2490 2485
f 2489 2491 2490
f 2489 2492 2491
f 2489 2488 2492
f 2488 2493 2492
f 2488 2483 2493
f 2494 2493 2483
f 2494 2495 2493
f 2494 2496 2495
f 2494 2482 2496
f 2494 2483 2482
f 2497 2496 2482
f 2497 2498 2496
f 2499 2498 2497
f 2499 2500 2498
f 2499 2501 2500
f 2499 2502 2501
f 2499 2503 2502
f 2499 2504 2503
f 2499 2497 2504
f 2497 2505 2504
f 2497 2482 2505
f 2482 2480 2505
f 2505 2480 2506
f 2504 2505 2506
f 2504 2506 2507
f 2503 2504 2507
f 2503 2507 2508
f 2503 2508 2501
f 2503 2501 2502
f 2501 2508 2509
f 2501 2509 2510
f 2511 2501 2510
f 2500 2501 2511
f 2500 2511 2512
f 2513 2500 2512
f 2513 2498 2500
f 2513 2512 2498
f 2498 2512 2496
f 2512 2514 2496
f 2515 2514 2512
f 2515 2516 2514
f 2511 2516 2515
f 2511 2510 2516
f 2510 2514 2516
f 2510 2517 2514
f 2510 2518 2517
f 2510 2509 2518
f 2508 2518 2509
f 2508 2519 2518
f 2508 2507 2519
f 2507 2479 2519
f 2507 2506 2479
f 2480 2479 2506
f 2520 2519 2479
f 2520 2521 2519
f 2520 2522 2521
f 2520 2523 2522
f 2524 2523 2520
f 2524 2525 2523
f 2524 2520 2525
f 2526 2525 2520
f 2527 2525 2526
f 2527 2528 2525
f 2527 2526 2528
f 2526 2520 2528
f 2529 2528 2520
f 2529 2453 2528
f 2529 2467 2453
f 2529 2479 2467
f 2530 2479 2529
f 2530 2520 2479
f 2530 2529 2520
f 2528 2453 2523
f 2525 2528 2523
f 2453 2437 2523
f 2437 2531 2523
f 2417 2531 2437
f 2402 2531 2417
f 2401 2531 2402
f 2400 2531 2401
f 2532 2531 2400
f 2532 2399 2531
f 2532 2400 2399
f 2399 2533 2531
f 2399 2392 2533
f 2392 2389 2533
f 2533 2389 2534
f 2533 2534 2535
f 2536 2533 2535
f 2536 2537 2533
f 2536 2538 2537
f 2536 2539 2538
f 2536 2540 2539
f 2536 2534 2540
f 2536 2535 2534
f 2540 2534 2541
f 2540 2541 2542
f 2540 2542 2539
f 2542 2538 2539
f 2542 2543 2538
f 2542 2544 2543
f 2542 2545 2544
f 2542 2546 2545
f 2542 2541 2546
f 2546 2541 2547
f 2545 2546 2547
f 2545 2547 2548
f 2545 2548 2544
f 2549 2544 2548
f 2550 2544 2549
f 2550 2551 2544
f 2550 2552 2551
f 2550 2549 2552
f 2553 2552 2549
f 2553 2554 2552
f 2553 2359 2554
f 2553 2549 2359
f 2549 2548 2359
f 2548 2555 2359
f 2556 2555 2548
f 2557 2555 2556
f 2557 2558 2555
f 2557 2556 2558
f 2556 2559 2558
f 2556 2547 2559
f 2556 2548 2547
f 2558 2559 2547
f 2558 2547 2541
f 2558 2541 2560
f 2558 2560 2555
f 2561 2555 2560
f 2561 2562 2555
f 2561 2560 2562
f 2560 2563 2562
f 2560 2541 2563
f 2534 2563 2541
f 2534 2389 2563
f 2564 2563 2389
f 2564 2565 2563
f 2564 2566 2565
f 2564 2389 2566
f 2566 2389 2360
f 2566 2360 2562
f 2565 2566 2562
f 2565 2562 2563
f 2562 2360 2555
f 2555 2360 2359
f 2567 2554 2359
f 2568 2554 2567
f 2568 2569 2554
f 2570 2569 2568
f 2570 2571 2569
f 2572 2571 2570
f 2572 2573 2571
f 2572 2568 2573
f 2572 2570 2568
f 2574 2573 2568
f 2574 2575 2573
f 2574 2576 2575
f 2574 2568 2576
f 2568 2567 2576
f 2567 2359 2576
f 2576 2359 2575
f 2575 2359 2514
f 2577 2575 2514
f 2577 2578 2575
f 2579 2578 2577
f 2579 2580 2578
f 2579 2577 2580
f 2581 2580 2577
f 2581 2522 2580
f 2581 2582 2522
f 2581 2517 2582
f 2581 2577 2517
f 2517 2577 2514
f 2583 2582 2517
f 2584 2582 2583
f 2584 2522 2582
f 2584 2585 2522
f 2584 2521 2585
f 2584 2586 2521
f 2584 2583 2586
f 2583 2518 2586
f 2583 2517 2518
f 2586 2518 2519
f 2586 2519 2521
f 2585 2521 2522
f 2522 2587 2580
f 2522 2523 2587
f 2587 2523 2571
f 2588 2587 2571
f 2588 2580 2587
f 2588 2578 2580
f 2588 2575 2578
f 2588 2571 2575
f 2573 2575 2571
f 2571 2523 2552
f 2569 2571 2552
f 2589 2569 2552
f 2589 2554 2569
f 2589 2552 2554
f 2552 2523 2531
f 2538 2552 2531
f 2551 2552 2538
f 2543 2551 2538
f 2543 2544 2551
f 2537 2538 2531
f 2590 2537 2531
f 2590 2533 2537
f 2590 2531 2533
f 2514 2359 2496
f 2361 2496 2359
f 2591 2496 2361
f 2592 2496 2591
f 2593 2496 2592
f 2495 2496 2593
f 2495 2593 2492
f 2495 2492 2493
f 2593 2592 2492
f 2594 2492 2592
f 2594 2491 2492
f 2594 2592 2491
f 2491 2592 2591
f 2490 2491 2591
f 2464 2490 2591
f 2464 2485 2490
f 2464 2591 2365
f 2464 2365 2458
f 2463 2464 2458
f 2443 2458 2365
f 2449 2458 2443
f 2451 2458 2449
f 2441 2443 2365
f 2591 2361 2365
f 2409 2402 2417
f 2428 2417 2437
f 2422 2417 2428
f 2424 2422 2428
f 2431 2428 2437
f 2511 2515 2512
f 2464 2474 2475
f 2465 2470 2464
f 2465 2466 2470
f 2419 2425 2365
f 2419 2365 2414
f 2416 2419 2414
f 2595 2414 2365
f 2596 2414 2595
f 2597 2414 2596
f 2597 2598 2414
f 2597 2596 2598
f 2596 2599 2598
f 2596 2600 2599
f 2596 2377 2600
f 2596 2601 2377
f 2596 2595 2601
f 2601 2595 2376
f 2601 2376 2377
f 2595 2365 2376
f 2600 2377 2378
f 2599 2600 2378
f 2599 2378 2602
f 2599 2602 2382
f 2603 2599 2382
f 2603 2598 2599
f 2603 2382 2598
f 2604 2598 2382
f 2605 2598 2604
f 2605 2405 2598
f 2605 2395 2405
f 2605 2604 2395
f 2604 2394 2395
f 2604 2382 2394
f 2405 2395 2396
f 2405 2412 2598
f 2412 2414 2598
f 2412 2413 2414
f 2382 2602 2606
f 2382 2606 2381
f 2381 2606 2378
f 2602 2378 2606
f 2388 2362 2360
f 2388 2373 2362
f 2371 2365 2370
f 2366 2370 2365
f 2607 2608 2609
f 2607 2609 2610
f 2607 2610 2611
f 2607 2611 2612
f 2607 2612 2613
f 2607 2613 2614
f 2607 2614 2608
f 2608 2614 2625
f 2608 2625 2639
f 2608 2639 2637
f 2608 2637 2648
f 2608 2648 2653
f 2608 2653 2662
f 2608 2662 2672
f 2608 2672 2681
f 2608 2681 2688
f 2608 2688 2695
f 2608 2695 2701
f 2608 2701 2707
f 2608 2707 2706
f 2608 2706 2711
f 2608 2711 2713
f 2608 2713 2718
f 2608 2718 2724
f 2608 2724 2726
f 2608 2726 2725
f 2608 2725 2719
f 2608 2719 2715
f 2608 2715 2709
f 2608 2709 2702
f 2608 2702 2697
f 2608 2697 2696
f 2608 2696 2692
f 2608 2692 2691
f 2608 2691 2690
f 2608 2690 2682
f 2608 2682 2674
f 2608 2674 2664
f 2608 2664 2655
f 2608 2655 2649
f 2608 2649 2640
f 2608 2640 2627
f 2608 2627 2626
f 2608 2626 2617
f 2608 2617 2615
f 2608 2615 2609
f 2609 2615 2610
f 2610 2616 2611
f 2610 2615 2617
f 2610 2617 2618
f 2610 2618 2616
f 2611 2619 2620
f 2611 2620 2621
f 2611 2621 2612
f 2611 2616 2619
f 2612 2621 2622
f 2612 2622 2623
f 2612 2623 2613
f 2613 2623 2624
f 2613 2624 2614
f 2614 2624 2625
f 2616 2618 2619
f 2617 2626 2618
f 2618 2626 2627
f 2618 2627 2628
f 2618 2628 2641
f 2618 2641 2650
f 2618 2650 2654
f 2618 2654 2663
f 2618 2663 2667
f 2618 2667 2666
f 2618 2666 2665
f 2618 2665 2676
f 2618 2676 2683
f 2618 2683 2684
f 2618 2684 2693
f 2618 2693 2698
f 2618 2698 2705
f 2618 2705 2704
f 2618 2704 2703
f 2618 2703 2710
f 2618 2710 2714
f 2618 2714 2720
f 2618 2720 2729
f 2618 2729 2730
f 2618 2730 2721
f 2618 2721 2716
f 2618 2716 2712
f 2618 2712 2708
f 2618 2708 2700
f 2618 2700 2694
f 2618 2694 2686
f 2618 2686 2679
f 2618 2679 2678
f 2618 2678 2671
f 2618 2671 2670
f 2618 2670 2668
f 2618 2668 2656
f 2618 2656 2651
f 2618 2651 2646
f 2618 2646 2635
f 2618 2635 2644
f 2618 2644 2633
f 2618 2633 2643
f 2618 2643 2642
f 2618 2642 2629
f 2618 2629 2630
f 2618 2630 2619
f 2619 2630 2620
f 2620 2631 2621
f 2620 2630 2631
f 2621 2631 2632
f 2621 2632 2622
f 2622 2632 2633
f 2622 2633 2634
f 2622 2634 2635
f 2622 2635 2636
f 2622 2636 2623
f 2623 2636 2637
f 2623 2637 2624
f 2624 2637 2638
f 2624 2638 2639
f 2624 2639 2625
f 2627 2640 2641
f 2627 2641 2628
f 2629 2642 2631
f 2629 2631 2630
f 2631 2642 2632
f 2632 2642 2643
f 2632 2643 2633
f 2633 2644 2634
f 2634 2644 2635
f 2635 2645 2636
f 2635 2646 2647
f 2635 2647 2645
f 2636 2645 2637
f 2637 2647 2648
f 2637 2639 2638
f 2637 2645 2647
f 2640 2649 2641
f 2641 2649 2650
f 2646 2651 2647
f 2647 2651 2652
f 2647 2652 2653
f 2647 2653 2648
f 2649 2654 2650
f 2649 2655 2654
f 2651 2656 2657
f 2651 2657 2658
f 2651 2658 2652
f 2652 2658 2657
f 2652 2657 2669
f 2652 2669 2677
f 2652 2677 2685
f 2652 2685 2689
f 2652 2689 2687
f 2652 2687 2680
f 2652 2680 2672
f 2652 2672 2662
f 2652 2662 2661
f 2652 2661 2660
f 2652 2660 2659
f 2652 2659 2653
f 2653 2659 2660
f 2653 2660 2661
f 2653 2661 2662
f 2654 2655 2663
f 2655 2664 2665
f 2655 2665 2666
f 2655 2666 2667
f 2655 2667 2663
f 2656 2668 2657
f 2657 2668 2670
f 2657 2670 2671
f 2657 2671 2669
f 2664 2673 2665
f 2664 2674 2673
f 2665 2673 2675
f 2665 2675 2676
f 2669 2671 2678
f 2669 2678 2679
f 2669 2679 2677
f 2672 2680 2681
f 2673 2674 2682
f 2673 2682 2675
f 2675 2683 2676
f 2675 2682 2684
f 2675 2684 2683
f 2677 2679 2686
f 2677 2686 2685
f 2680 2687 2681
f 2681 2686 2688
f 2681 2687 2689
f 2681 2689 2685
f 2681 2685 2686
f 2682 2690 2684
f 2684 2691 2692
f 2684 2692 2693
f 2684 2690 2691
f 2686 2694 2688
f 2688 2694 2695
f 2692 2696 2693
f 2693 2696 2697
f 2693 2697 2698
f 2694 2699 2695
f 2694 2700 2699
f 2695 2699 2701
f 2697 2702 2703
f 2697 2703 2704
f 2697 2704 2705
f 2697 2705 2698
f 2699 2700 2701
f 2700 2706 2707
f 2700 2707 2701
f 2700 2708 2706
f 2702 2709 2710
f 2702 2710 2703
f 2706 2708 2711
f 2708 2712 2713
f 2708 2713 2711
f 2709 2714 2710
f 2709 2715 2714
f 2712 2716 2717
f 2712 2717 2713
f 2713 2717 2718
f 2714 2715 2719
f 2714 2719 2720
f 2716 2721 2717
f 2717 2721 2722
f 2717 2722 2723
f 2717 2723 2718
f 2718 2723 2724
f 2719 2725 2720
f 2720 2725 2726
f 2720 2726 2727
f 2720 2727 2728
f 2720 2728 2729
f 2721 2730 2722
f 2722 2730 2729
f 2722 2729 2728
f 2722 2728 2723
f 2723 2728 2727
f 2723 2727 2726
f 2723 2726 2724

